v -0.03824461 -0.02185709 -0.03235454
v -0.03924097 -0.02127675 -0.03574338
v -0.03676796 -0.0225428 -0.03559244
v -0.03892631 -0.01938215 -0.04167401
v -0.03839619 -0.02089262 -0.04163842
v -0.04098786 -0.0196316 -0.04130039
v -0.004367385 -0.02316733 -0.02185361
v -0.004415367 -0.02317194 -0.02405549
v -0.001862802 -0.02306652 -0.02325738
v -0.02671909 -0.02372019 -0.03158936
v -0.02873683 -0.02375843 -0.03420148
v -0.02543993 -0.02364232 -0.03333376
v -0.02404423 -0.02359308 -0.03118052
v -0.03660104 -0.01993604 -0.04190231
v -0.03643194 -0.02141783 -0.04187866
v -0.03909919 -0.01835351 -0.04150142
v -0.03727635 -0.01816845 -0.04109783
v -0.04310166 -0.01744998 -0.04109856
v -0.04125483 -0.01825399 -0.04167181
v -0.03334191 -0.0235309 -0.03296855
v -0.03310294 -0.02367295 -0.03029888
v -0.03515671 -0.02311615 -0.03193136
v -0.0323194 -0.02104788 -0.04203372
v -0.03178448 -0.02285084 -0.04175313
v -0.03469496 -0.02181307 -0.04198618
v -0.03667951 -0.02256417 -0.03268603
v 0.0004069135 -0.02302673 -0.02195312
v -0.000325039 -0.02308859 -0.0234923
v 0.002624091 -0.02303363 -0.0234629
v -0.03453705 -0.02071653 -0.04201262
v -0.04052557 -0.01730686 -0.04161975
v -0.04247289 -0.0163331 -0.04186083
v -0.00193667 -0.02315602 -0.02064589
v -0.03109383 -0.02383562 -0.03324215
v -0.03521945 -0.01890335 -0.04092785
v -0.03582846 -0.02303619 -0.02872569
v -0.03405949 -0.02347575 -0.02876237
v -0.04199202 -0.01515774 -0.04164366
v -0.03944869 -0.01703905 -0.0411634
v -0.03382462 -0.01921101 -0.04086874
v -0.03094922 -0.0238874 -0.03125859
v -0.02893683 -0.02379658 -0.03077379
v -0.03240959 -0.01968494 -0.04118883
v -0.03914609 -0.01518795 -0.04016408
v -0.03099307 -0.02378308 -0.0298507
v -0.03339405 -0.01838759 -0.04008109
v -0.03166519 -0.01901756 -0.04023925
v 0.0007633641 -0.02309028 -0.02027742
v -0.03096183 -0.0237274 -0.03960616
v -0.02931032 -0.02375853 -0.03969506
v -0.02976454 -0.02375777 -0.03686795
v -0.03221143 -0.02368056 -0.03710742
v -0.03091814 -0.02201356 -0.04203154
v -0.02664217 -0.02364546 -0.03043608
v 0.002706222 -0.02308255 -0.02068803
v -0.02787861 -0.02379282 -0.02863618
v -0.03005016 -0.02105334 -0.04192493
v -0.03050666 -0.02276125 -0.04186884
v -0.02760223 -0.02213824 -0.04213887
v -0.02790343 -0.02288032 -0.04186815
v -0.03024925 -0.02391778 -0.02712087
v -0.03766741 -0.01587258 -0.03984589
v -0.02583538 -0.02162058 -0.04208137
v -0.02829763 -0.02096029 -0.04188471
v -0.02384697 -0.02366878 -0.03582535
v -0.02187509 -0.02287079 -0.03646296
v -0.02206732 -0.0235955 -0.0358476
v -0.03595943 -0.01739577 -0.04004562
v -0.02314104 -0.02366868 -0.03420168
v -0.0084893 -0.02333961 -0.02011945
v -0.005980536 -0.02329 -0.02102821
v -0.004994966 -0.0232057 -0.01988612
v -0.02838718 -0.02006549 -0.04118707
v -0.03573108 -0.01651841 -0.03984406
v -0.02649692 -0.02090405 -0.04182214
v -0.02097667 -0.0235661 -0.03413152
v -0.02076596 -0.0235785 -0.03602798
v -0.01874021 -0.02354982 -0.03606274
v -0.03041343 -0.02002241 -0.04118158
v -0.01906648 -0.02362346 -0.03368837
v -0.03372183 -0.01739385 -0.03985468
v -0.0300661 -0.01907395 -0.04017286
v -0.03141246 -0.0181511 -0.03996401
v -0.02150055 -0.02351626 -0.0329148
v -0.02801858 -0.01936515 -0.04035535
v -0.006407812 -0.023322 -0.01719156
v -0.003264137 -0.02325935 -0.01712065
v -0.02669908 -0.02339339 -0.04101613
v -0.02470001 -0.02331728 -0.04122102
v -0.02650753 -0.02359901 -0.0396434
v -0.02085463 -0.02350692 -0.03064577
v -0.02552817 -0.02256111 -0.04202145
v -0.01642271 -0.02346141 -0.03355294
v -0.02316716 -0.02184523 -0.04202419
v -0.02192266 -0.0228457 -0.04043762
v -0.02361642 -0.02277371 -0.04162412
v -0.02755333 -0.02350478 -0.03752827
v -0.04339175 -0.01782335 -0.03260152
v -0.04276645 -0.01858119 -0.03427214
v -0.04262455 -0.01882593 -0.03163806
v -0.0001676381 -0.02319591 -0.01695469
v -0.01880246 -0.02343878 -0.03174093
v -0.02109854 -0.02229717 -0.04181634
v -0.02135645 -0.02275965 -0.04118584
v -0.01992127 -0.02292398 -0.03652992
v -0.01947377 -0.02347682 -0.02870707
v -0.03997385 -0.02083622 -0.03183295
v -0.01587006 -0.02350831 -0.03590179
v 0.001635332 -0.02314628 -0.01795172
v -0.02106581 -0.02155584 -0.04206053
v -0.02230664 -0.02091825 -0.04194136
v -0.02868609 -0.01820812 -0.03999561
v -0.02579199 -0.02381866 -0.02761198
v -0.02388101 -0.02361525 -0.02950738
v -0.02671051 -0.0238299 -0.02610236
v -0.02487306 -0.02372557 -0.02491532
v -0.0236595 -0.02370476 -0.02698732
v -0.02653778 -0.01869223 -0.04002555
v -0.02566925 -0.01634527 -0.03982757
v -0.02786729 -0.01550152 -0.03975101
v -0.03749575 -0.02231709 -0.02889232
v -0.02414925 -0.02088456 -0.04182668
v -0.02498752 -0.02005155 -0.04127504
v -0.04318951 -0.01817076 -0.03553846
v -0.04378464 -0.01708929 -0.03659174
v -0.04266391 -0.01839416 -0.03683024
v -0.02123487 -0.02364187 -0.02853105
v -0.0009327121 -0.02329423 -0.0143436
v -0.02166586 -0.02016162 -0.04153495
v -0.04628647 -0.01292828 -0.03368913
v -0.04731045 -0.009145621 -0.0348512
v -0.04680132 -0.01124404 -0.03717956
v -0.02306399 -0.01917981 -0.04030434
v -0.02508838 -0.01938895 -0.04047383
v -0.01695997 -0.02335488 -0.03046641
v -0.01793394 -0.02355663 -0.02846536
v -0.02070187 -0.01936131 -0.04055986
v -0.01537428 -0.02337882 -0.02881172
v -0.01716088 -0.02359903 -0.02704668
v -0.01590528 -0.02349152 -0.0270268
v -0.02154684 -0.01866708 -0.04009145
v -0.02084884 -0.02357703 -0.02563497
v -0.02259583 -0.02366135 -0.0257561
v -0.0210337 -0.02367131 -0.02729609
v -0.01919805 -0.02356105 -0.02588882
v -0.02411358 -0.01874576 -0.04009966
v -0.002867661 -0.02335476 -0.01309007
v -0.004787423 -0.02337955 -0.01413423
v -0.01734558 -0.02347039 -0.02582554
v -0.04679697 -0.01157369 -0.03020738
v -0.04732592 -0.009407036 -0.02967303
v -0.04706687 -0.01055777 -0.03325528
v -0.01721815 -0.02351932 -0.02347181
v -0.0465064 -0.01247459 -0.02773086
v -0.04589179 -0.01395331 -0.02913879
v -0.02319761 -0.01678703 -0.03988994
v -0.03668915 -0.02286569 -0.02191615
v -0.03780985 -0.02228763 -0.02513108
v -0.03564818 -0.02317048 -0.02426741
v -0.03529382 -0.02334509 -0.021306
v -0.04704623 -0.01071075 -0.02625593
v -0.02365882 -0.01477889 -0.03968438
v -0.02077975 -0.01672352 -0.03990621
v -0.03672559 -0.02294146 -0.01874609
v -0.03455733 -0.02363158 -0.01857792
v -0.03524657 -0.02352189 -0.01544457
v -0.03260361 -0.02398195 -0.01732758
v -0.03354298 -0.02389146 -0.01982781
v -0.04289614 -0.01835909 -0.03027086
v -0.04265714 -0.01875681 -0.02829247
v -0.03682407 -0.02271512 -0.02726729
v -0.0211556 -0.01504269 -0.03971338
v -0.03555352 -0.02321946 -0.02603489
v -0.04324935 -0.01793708 -0.02846485
v -0.04152526 -0.01978729 -0.02851339
v -0.03354222 -0.02366636 -0.02475986
v -0.03243825 -0.02402178 -0.02264281
v -0.03143966 -0.0242031 -0.01599753
v -0.03073471 -0.024126 -0.01839716
v -0.02133693 -0.01289775 -0.03951415
v -0.03948203 -0.02134452 -0.0277291
v -0.02818081 -0.02384461 -0.02451571
v -0.03037185 -0.02399029 -0.02536535
v -0.02867007 -0.02387587 -0.02594076
v -0.0333761 -0.02374292 -0.02594174
v -0.03150201 -0.02391277 -0.02611956
v -0.03229623 -0.02378524 -0.02530356
v -0.03263992 -0.02406397 -0.01489784
v -0.01994921 -0.02098689 -0.04208697
v -0.0312088 -0.02404385 -0.02114976
v -0.02997325 -0.02400143 -0.02299921
v -0.02935333 -0.02396427 -0.02025739
v -0.04436743 -0.0164638 -0.02757605
v -0.0449009 -0.0158396 -0.0261106
v -0.04489201 -0.01574579 -0.03022248
v -0.03252429 -0.02414818 -0.01225898
v -0.0189571 -0.02192559 -0.04214079
v -0.01821533 -0.02120026 -0.04213514
v -0.01706016 -0.02074243 -0.04199212
v -0.01689114 -0.02195689 -0.04221508
v -0.01867708 -0.02011271 -0.04154362
v -0.04143772 -0.0199512 -0.02376677
v -0.04248276 -0.01916289 -0.02231422
v -0.04267091 -0.01904151 -0.02460227
v -0.01555666 -0.02001244 -0.04141784
v -0.04307303 -0.01828919 -0.02513907
v -0.01679247 -0.01932184 -0.04055506
v -0.04042076 -0.02102069 -0.01326262
v -0.0408114 -0.02082203 -0.01034276
v -0.04173784 -0.02006257 -0.01236768
v -0.03849088 -0.02223592 -0.01144108
v -0.01211962 -0.02228919 -0.04213785
v -0.01101862 -0.02285007 -0.04150518
v -0.01330166 -0.02291957 -0.0415098
v -0.04298642 -0.01836093 -0.02134546
v -0.04760276 -0.0004780758 -0.0399949
v -0.04684837 0.001088176 -0.04071103
v -0.04747538 -0.00137509 -0.04063541
v -0.01629626 -0.02312744 -0.04112579
v -0.01614909 -0.02265714 -0.04181758
v -0.01230062 -0.02313973 -0.04039503
v -0.04638863 0.003066942 -0.0411268
v -0.04593654 0.001180705 -0.04133443
v -0.01455409 -0.02298974 -0.03867884
v -0.01682502 -0.02324326 -0.04009225
v -0.04571771 0.00317008 -0.04142326
v -0.03634923 -0.02318403 -0.01447009
v -0.03543179 -0.02354361 -0.01206237
v -0.01507675 -0.02092803 -0.04210814
v -0.0150832 -0.02210554 -0.04214954
v -0.02817916 -0.02392915 -0.02230517
v -0.04676882 0.0048206 -0.0412023
v -0.02640393 -0.0238889 -0.02261127
v -0.04702748 0.003134705 -0.04041711
v -0.03434977 -0.0239252 -0.008735733
v -0.02608225 -0.02378578 -0.02163089
v -0.04765075 0.00522542 -0.04036988
v -0.01297096 -0.02003978 -0.04152996
v -0.0461816 0.005812954 -0.04112343
v -0.045003 0.004316295 -0.04116739
v -0.02367324 -0.0237882 -0.02230404
v -0.02945156 -0.02419301 -0.01477552
v -0.02786838 -0.02392704 -0.01757613
v -0.0126701 -0.02095146 -0.04211356
v -0.01107077 -0.02183988 -0.04222323
v -0.0473802 0.002887052 -0.03966148
v -0.02192339 -0.02370303 -0.0235064
v -0.01376853 -0.01914401 -0.04041657
v -0.04737651 0.006789362 -0.04036177
v -0.03129219 -0.0241571 -0.01425865
v -0.04592133 0.007988511 -0.04024639
v -0.02118373 -0.02366852 -0.02200969
v -0.02030874 -0.02358185 -0.02343956
v -0.04487561 0.00693542 -0.04035696
v -0.01010351 -0.02083337 -0.04207132
v -0.01073301 -0.01998998 -0.04153307
v -0.01132325 -0.01924048 -0.04049967
v -0.02332363 -0.02376311 -0.0204703
v -0.046958 0.007771358 -0.04013729
v -0.03004762 -0.02417994 -0.0129266
v -0.04772951 0.008500936 -0.03908183
v -0.02135696 -0.02361592 -0.02098347
v -0.01917705 -0.02361989 -0.02200112
v -0.04376711 0.008236511 -0.0398306
v -0.01915517 -0.01938394 -0.0405447
v -0.03056217 -0.02423534 -0.01068222
v -0.04782669 0.005843481 -0.03621113
v -0.0478231 0.004341245 -0.03588013
v -0.04794288 0.00523027 -0.03534283
v -0.02787878 -0.02416437 -0.01220438
v -0.04785056 0.005839039 -0.03348744
v -0.01961222 -0.01859653 -0.04010135
v -0.01980255 -0.0236446 -0.01923504
v -0.04785217 0.006954268 -0.03836507
v -0.04797179 0.007825363 -0.03621169
v -0.04804767 0.007463213 -0.03545633
v -0.01759591 -0.01845162 -0.0401194
v -0.02688359 -0.0238786 -0.0199221
v -0.01796829 -0.01655098 -0.03987021
v -0.01622048 -0.02286166 -0.03739531
v -0.04799158 0.009834968 -0.03578832
v -0.01859296 -0.02321019 -0.0391803
v -0.04807829 0.0113121 -0.03478154
v -0.01533652 -0.01866499 -0.0401327
v -0.0143883 -0.01716045 -0.03991678
v -0.03183998 -0.02424113 -0.008773018
v -0.01534214 -0.01554789 -0.03973163
v -0.02572456 -0.02387466 -0.01720917
v -0.02354229 -0.02376448 -0.01802993
v -0.04531762 -0.01227916 -0.04172214
v -0.04612255 -0.01067213 -0.04156191
v -0.04543572 -0.01069639 -0.0418393
v -0.018782 -0.01496089 -0.03969234
v -0.04594046 -0.008031581 -0.04183119
v -0.03008482 -0.02430977 -0.007846327
v -0.04672846 -0.008425251 -0.04141988
v -0.04492098 -0.009276684 -0.04177335
v -0.01818791 -0.01157296 -0.03934477
v -0.0158946 -0.01370953 -0.03953523
v -0.04469054 -0.006267399 -0.04143845
v -0.04386622 -0.008861423 -0.04116032
v -0.04401418 -0.01346896 -0.04182359
v -0.04487231 -0.01407208 -0.04156043
v -0.04436006 -0.01133116 -0.04174577
v -0.0428943 -0.0133713 -0.04162623
v -0.02193702 -0.02379066 -0.01573622
v -0.01990999 -0.02363009 -0.01738133
v -0.04338013 -0.01114199 -0.04132732
v -0.01296763 -0.01826527 -0.04004088
v -0.0238775 -0.02386952 -0.0148741
v -0.02520773 -0.02407374 -0.01164948
v -0.02484664 -0.02412589 -0.008382125
v -0.02722631 -0.02418122 -0.009526856
v -0.03988498 -0.01356091 -0.03992407
v -0.04074654 -0.01234488 -0.04000539
v -0.04160612 -0.01042004 -0.03999855
v -0.01095583 -0.01842178 -0.04008817
v -0.02551538 -0.02418949 -0.006741347
v -0.02806738 -0.02430448 -0.00751866
v -0.0295959 -0.02436153 -0.005679138
v -0.01217124 -0.01543815 -0.03967846
v -0.01510863 -0.02335757 -0.03100736
v -0.01320405 -0.02323477 -0.03030393
v -0.00956678 -0.01563674 -0.03966272
v -0.01072403 -0.02319135 -0.03027567
v -0.01161418 -0.02327818 -0.02859877
v -0.02343342 -0.02411907 -0.006956037
v -0.04248301 -0.008336123 -0.04011896
v -0.01345441 -0.02340001 -0.02818782
v -0.01554842 -0.02343271 -0.02457213
v -0.01370803 -0.02339291 -0.02532229
v -0.0144438 -0.01026325 -0.03915476
v -0.02608585 -0.02399178 -0.01495788
v -0.01467054 -0.02345591 -0.02282965
v -0.04719847 -0.009142239 -0.03969736
v -0.04714287 -0.008706037 -0.04065706
v -0.04628881 -0.01249396 -0.04039164
v -0.01217512 -0.02340631 -0.02308722
v -0.01160257 -0.0232731 -0.02584681
v -0.009999417 -0.02328451 -0.0256213
v -0.04697571 -0.006088603 -0.04122806
v -0.01045787 -0.01390665 -0.03948759
v -0.01220341 -0.01222862 -0.03931921
v -0.047494 -0.006951347 -0.038971
v -0.0474805 -0.005454261 -0.04007334
v -0.008394834 -0.02329641 -0.0242504
v -0.008789405 -0.02327761 -0.02238008
v -0.02338677 -0.02391141 -0.01345389
v -0.01065096 -0.01079481 -0.039161
v -0.008071296 -0.01167933 -0.03922488
v -0.0136689 -0.02345727 -0.02024111
v -0.01629279 -0.02353167 -0.02144084
v -0.01303925 -0.02335323 -0.02182904
v -0.01804247 -0.02352329 -0.02133356
v -0.02062715 -0.02374692 -0.01447549
v -0.01598947 -0.02353932 -0.01849168
v -0.0113173 -0.008242812 -0.03892969
v -0.01105278 -0.02335276 -0.02206272
v -0.02182202 -0.02388011 -0.01247112
v -0.0114458 -0.02340595 -0.02040418
v -0.008140691 -0.008681964 -0.03892179
v -0.04087116 -0.00762428 -0.03991603
v -0.03955024 -0.01042979 -0.03986923
v -0.04641405 -0.005407795 -0.04167283
v -0.02341479 -0.02400409 -0.0107194
v -0.01028138 -0.00587111 -0.03871887
v -0.04738991 -0.00330908 -0.04104576
v -0.02259612 -0.02401365 -0.009254759
v -0.01098805 -0.02339835 -0.01831261
v -0.0009591095 -0.02142042 -0.04213172
v 0.000550732 -0.02191857 -0.04209412
v -0.002303075 -0.02203386 -0.04213577
v 0.0007887818 -0.02287248 -0.04129933
v -0.04358588 -0.007103905 -0.04071847
v 0.001989279 -0.02127553 -0.04210017
v -3.247336e-05 -0.02061606 -0.04195868
v -0.0457667 -0.004477885 -0.04174235
v 0.002342179 -0.0222205 -0.04190309
v 0.001791913 -0.02071401 -0.04198499
v 0.004553119 -0.02069346 -0.04202567
v 0.0041878 -0.02181641 -0.04211631
v -0.04601767 -0.002450077 -0.04173407
v 0.002780043 -0.01979058 -0.04138178
v -0.01879111 -0.02368862 -0.01631444
v 0.004503196 -0.01981156 -0.04149743
v -0.04679443 -0.001526659 -0.04135406
v 0.006672153 -0.02174212 -0.04184224
v -0.04470534 -0.003678367 -0.04129815
v 0.006970646 -0.0204687 -0.04187611
v -0.03139405 -0.02442196 -0.005449701
v -0.03310456 -0.024148 -0.005843122
v 0.008121438 -0.02252336 -0.0403221
v 0.007768286 -0.02211918 -0.03831637
v 0.006556382 -0.02263962 -0.04081468
v 0.005292989 -0.02278795 -0.03941406
v -0.04296384 -0.005114872 -0.04034743
v -0.04281334 -0.003791997 -0.04006325
v 0.007783562 -0.01975555 -0.04142237
v -0.01828378 -0.02370813 -0.01414737
v -0.01650377 -0.02362915 -0.01606802
v -0.01533352 -0.02365091 -0.01429997
v -0.03136173 -0.0243537 -0.003693454
v 0.006527117 -0.0191608 -0.040578
v 0.009329628 -0.02044243 -0.04189445
v -0.04366645 -0.001884324 -0.040602
v -0.03008363 -0.0244515 -0.004216701
v 0.009257348 -0.02204935 -0.04176507
v 0.01062483 -0.02155376 -0.04199283
v 0.01059836 -0.01978629 -0.04148128
v 0.009236645 -0.0190467 -0.04049051
v -0.01417377 -0.02355853 -0.01591429
v -0.007030945 -0.02256737 -0.04053825
v -0.008749969 -0.02281652 -0.04048225
v -0.00835824 -0.02263165 -0.0412873
v -0.01096406 -0.02275378 -0.03776475
v -0.04769244 -0.003283119 -0.04027456
v -0.0332515 -0.02429412 -0.002896059
v -0.03187766 -0.02446364 -0.002008419
v -0.04777271 -0.0008140095 -0.03893289
v -0.01018706 -0.02297806 -0.03935025
v -0.0129413 -0.02351673 -0.01773873
v -0.006987665 -0.02218514 -0.03869748
v -0.007700097 -0.02229188 -0.03791802
v -0.01174974 -0.02345296 -0.01623658
v -0.00933611 -0.02157461 -0.04210086
v -0.04246157 -0.006804239 -0.04006311
v -0.00948219 -0.02348508 -0.01530929
v -0.01083115 -0.02352202 -0.01425016
v -0.00792519 -0.02077431 -0.04205114
v -0.007987682 -0.01998772 -0.04161419
v -0.006904799 -0.02166545 -0.04197279
v -0.008336227 -0.02232535 -0.04169904
v -0.006190263 -0.02247989 -0.04160002
v -0.02788875 -0.02438663 -0.004718471
v -0.02846391 -0.02450278 -0.003036816
v -0.02623977 -0.02436939 -0.003365878
v -0.005891409 -0.0207431 -0.04199887
v -0.005939107 -0.02002462 -0.04163262
v -0.02527465 -0.02432272 -0.004605521
v -0.00923631 -0.01912217 -0.04042818
v -0.008750599 -0.02336896 -0.01747078
v -0.04180974 -0.004948542 -0.03999233
v -0.008564778 -0.01810284 -0.03997441
v -0.006870914 -0.01910815 -0.04040379
v -0.02982418 -0.024349 -0.002922464
v -0.03031192 -0.02448057 -0.001481995
v -0.006576553 -0.01768646 -0.03989896
v -0.04112807 -0.002242645 -0.03989808
v -0.004718143 -0.01870385 -0.04011726
v -0.005106878 -0.02187718 -0.04201177
v -0.00403754 -0.02260025 -0.03807618
v -0.004842952 -0.02281841 -0.03979924
v -0.00144355 -0.02278128 -0.03931044
v -0.004172776 -0.02092151 -0.04217725
v -0.03996067 -0.004366146 -0.03987914
v -0.03879269 -0.007309124 -0.03980886
v -0.008728158 -0.02345635 -0.01331168
v -0.006425757 -0.02338773 -0.01385327
v -0.02620476 -0.02445237 -0.001531251
v -0.004040133 -0.01983979 -0.04148982
v -0.02774666 -0.02445249 -0.001322903
v -0.002928462 -0.01940835 -0.0408363
v -0.00213838 -0.0207312 -0.04203606
v -0.001405854 -0.01977134 -0.04131559
v -0.0366524 -0.02338593 -0.001891736
v -0.0365876 -0.02334087 -0.004676323
v -0.03440344 -0.02402864 -0.004007936
v -0.01079046 -0.02361855 -0.01111857
v -0.03514664 -0.02395656 0.0008310042
v -0.03886098 -0.01435706 -0.03985045
v -0.03696355 -0.02333252 0.0004576668
v -0.03301422 -0.02441604 0.0008065701
v -0.002521466 -0.01867843 -0.0401068
v -0.007237777 -0.02351479 -0.01236321
v -0.03125183 -0.02454387 0.0001502149
v -0.01420981 -0.02350101 -0.03577677
v -0.01201533 -0.02342046 -0.03584399
v -0.01197656 -0.02341343 -0.03488551
v -0.03713419 -0.01221384 -0.03976596
v -0.008592781 -0.02340578 -0.03588177
v -0.01025193 -0.02337261 -0.03424435
v -0.03479327 -0.01473036 -0.0397794
v -0.004860181 -0.02348565 -0.01133519
v -0.007243961 -0.02244714 -0.03625255
v -0.006414335 -0.02330576 -0.03594065
v -0.006393876 -0.02250925 -0.03636961
v -0.00191649 -0.02343626 -0.01122892
v -0.005247679 -0.02332591 -0.03468877
v -0.004250471 -0.02331766 -0.03597519
v -0.03098492 -0.01460553 -0.03971089
v -0.03246578 -0.01590004 -0.03980756
v -0.03103895 -0.02469492 0.003742069
v -0.008560605 -0.0231794 -0.03271437
v -0.006448589 -0.02334728 -0.03390312
v -0.006470282 -0.02307696 -0.03261222
v -0.004630275 -0.02307644 -0.03243402
v -0.003519684 -0.02322621 -0.03338098
v -0.02869567 -0.02461602 0.002452567
v -0.02920302 -0.01264786 -0.03955966
v -0.03590563 -0.00975135 -0.03967961
v -0.0329773 -0.01218824 -0.03963908
v -0.006141186 -0.02317106 -0.03148464
v -0.001050524 -0.02256516 -0.03787915
v 0.0007521808 -0.02255802 -0.038281
v 0.001835614 -0.02288596 -0.04000757
v 0.002616879 -0.02258347 -0.03795335
v -0.02627523 -0.01370279 -0.03960498
v -0.001248624 -0.02275521 -0.03658368
v 0.001176294 -0.02328779 -0.03594208
v -0.001932621 -0.02333438 -0.03599652
v -0.02619084 -0.01088094 -0.03938996
v -0.02358159 -0.01183558 -0.03942443
v 0.005047981 -0.02262089 -0.03809005
v 0.002599914 -0.02275104 -0.03645084
v 0.003708754 -0.02335885 -0.03592451
v -0.028271 -0.008041758 -0.03927618
v 0.00648365 -0.02255857 -0.03647157
v 0.005903967 -0.0232609 -0.03584531
v 0.007970249 -0.02313907 -0.03596188
v 0.006377429 -0.02307599 -0.03411652
v 0.007841511 -0.02320308 -0.03517033
v -0.02532992 -0.02447173 0.000685405
v -0.001985721 -0.02311617 -0.03157418
v -0.00122802 -0.02311533 -0.03291125
v -0.03145253 -0.009603027 -0.03945734
v -0.002762493 -0.02263428 -0.03663245
v -0.000355728 -0.02327732 -0.03469816
v 0.0003330447 -0.02293181 -0.0317938
v -0.0008032732 -0.02303886 -0.0302419
v 0.002229664 -0.02311599 -0.03403863
v 0.0007272698 -0.02318007 -0.0330395
v 0.005317414 -0.02312 -0.03292312
v 0.004555298 -0.02283679 -0.03148112
v 0.004497537 -0.0229625 -0.03034892
v 0.002767794 -0.02305707 -0.02996204
v -0.02393384 -0.008661892 -0.03918457
v -0.001039896 -0.01906214 -0.04039159
v -0.0242387 -0.005545855 -0.03901821
v -0.0189177 -0.02382884 -0.01145567
v 9.813532e-05 -0.01940618 -0.04081105
v -0.02748914 -0.004603326 -0.03911014
v -0.004029535 -0.0170792 -0.03979593
v -0.03474282 -0.006593511 -0.03955468
v -0.01646353 -0.02374147 -0.01178644
v -0.0006958954 -0.01672852 -0.03971765
v -0.002388228 -0.01515071 -0.03956462
v -0.02111535 -0.02390269 -0.01065997
v -0.02002656 -0.00874915 -0.03911492
v 0.0008168668 -0.01320297 -0.03930521
v -0.007305872 -0.01540053 -0.03963515
v -0.01861962 -0.02394144 -0.008253973
v -0.02686739 -0.001954645 -0.03901431
v -0.02985443 -0.003156027 -0.0391824
v -0.005884655 -0.01367862 -0.03941125
v -0.01326001 -0.02364262 -0.01188754
v -0.03136586 -0.005256549 -0.03930855
v -0.02295023 -0.002105905 -0.03884409
v -0.015898 -0.02380092 -0.009493193
v -0.005683705 -0.01128532 -0.0391423
v -0.002050858 -0.01125006 -0.03911912
v -0.01231935 -0.02366737 -0.009909945
v -0.01892615 -0.004847933 -0.03884317
v -0.01691177 -0.007598288 -0.0389789
v -0.01483556 -0.02381347 -0.00764614
v -0.004116818 -0.008594207 -0.0388687
v -0.01233846 -0.02376796 -0.00748867
v -0.03714388 -0.0033942 -0.0396588
v -0.01981711 -0.002096428 -0.03875247
v -0.04489416 -0.0006712861 -0.04140918
v -0.005680785 -0.006614946 -0.03871674
v -0.01644709 -0.001716426 -0.03863157
v -0.02629846 0.0003013648 -0.03893409
v -0.02099979 -0.02398891 -0.00806516
v -0.04280309 -0.00228706 -0.04007308
v -0.04278401 0.0004645325 -0.04001586
v -0.04430769 0.001016 -0.04099353
v -0.01874584 -0.02405192 -0.005211897
v 0.001935896 -0.01026695 -0.03899264
v -0.04449783 0.002871301 -0.04109828
v -0.01405239 -0.005907539 -0.03878924
v -0.02152669 -0.02411048 -0.005379185
v -0.04284208 0.002380345 -0.04002795
v 0.0004846342 -0.01980595 -0.04140412
v 0.002028365 -0.01900486 -0.04032688
v 0.0005712695 -0.01844593 -0.04000287
v 0.003007717 -0.01832854 -0.03996392
v 0.004107434 -0.01913846 -0.04050764
v -0.01157105 -0.00254054 -0.03854595
v -0.01611286 -0.02390217 -0.006616123
v 0.001815271 -0.01624183 -0.03965564
v -0.03990056 -0.000676753 -0.03983733
v -0.01300762 -0.02332182 -0.03260541
v -0.0364382 8.428283e-05 -0.03955195
v 0.004669506 -0.01709806 -0.03973631
v 0.008715419 -0.02233668 -0.03911616
v -0.01077217 -0.02328924 -0.03139345
v 0.005773362 -0.01856952 -0.04005194
v 0.007905874 -0.01858829 -0.04007569
v 0.007776946 -0.0174565 -0.03977967
v -0.008195765 -0.02311863 -0.0301065
v -0.00753884 -0.02311109 -0.0315196
v 0.004491627 -0.0144012 -0.0394227
v -0.01760488 -0.02408463 -0.003679324
v -0.01575284 -0.0241077 -0.002093166
v -0.01383124 -0.02394295 -0.004655685
v 0.006148005 -0.01587173 -0.03958824
v -0.00837731 -0.02323463 -0.0287942
v -0.04307085 0.004202282 -0.04004048
v 0.004944824 -0.01188252 -0.03916032
v -0.005617496 -0.02306322 -0.0293995
v -0.004569944 -0.02309882 -0.02781213
v -0.04380396 0.005654698 -0.0402119
v -0.009112202 -0.02323743 -0.02721608
v -0.008317135 -0.02356627 -0.01107095
v -0.007430546 -0.02319281 -0.02656396
v -0.04112204 0.004612615 -0.03976116
v -0.006868355 -0.02323382 -0.02378613
v -0.00934219 -0.02356918 -0.009946423
v -0.03959607 0.002618916 -0.03969449
v 0.008288333 -0.01495712 -0.03946456
v 0.009242091 -0.01809341 -0.03987746
v -0.004446417 -0.02314467 -0.03059984
v -0.003037062 -0.02300748 -0.02904868
v -0.002189916 -0.02312109 -0.03013418
v -0.006882224 -0.02348998 -0.01040445
v 0.01214149 -0.0157345 -0.03957166
v 0.0006027855 -0.0229082 -0.02883388
v 0.01079144 -0.0138269 -0.03936696
v -0.01096414 -0.02370441 -0.008833217
v -0.001554325 -0.02298936 -0.02760424
v -0.002725352 -0.02313099 -0.02608817
v -0.03519148 0.003426347 -0.03938039
v -0.00841089 -0.02367372 -0.008587964
v 0.008888595 -0.01104558 -0.03907538
v 0.001702104 -0.02294974 -0.02713948
v -0.03806064 0.005820621 -0.03951783
v -0.008467171 -0.02371666 -0.006368458
v 0.003604969 -0.02281882 -0.02788527
v 0.004534595 -0.02286471 -0.02737762
v -0.006082132 -0.02324332 -0.0250784
v -0.005904682 -0.02323436 -0.02663631
v -0.005485907 -0.02362623 -0.009116812
v -0.003109455 -0.02347516 -0.009945383
v -0.003792632 -0.02320245 -0.0249004
v -0.04596688 -0.0132999 -0.03743065
v -0.04485737 -0.01550559 -0.03928727
v -0.04536718 -0.014623 -0.03658113
v -0.03590136 -0.02254724 -0.04061957
v -0.03594168 -0.02271159 -0.03800679
v -0.03804138 -0.02178307 -0.03997577
v -0.03862248 -0.02155977 -0.03815176
v -0.004910991 -0.0236707 -0.006307133
v -0.033807 -0.02331077 -0.03975308
v -0.003716942 -0.02359015 -0.007620575
v -0.001053166 -0.02357831 -0.007816743
v -0.01145864 -0.02391642 -0.003877677
v -0.03464654 -0.003735123 -0.03946767
v -0.01349556 -0.02411643 -0.0004979558
v -0.008366894 -0.02384525 -0.003642544
v -0.01012969 -0.02396616 -0.001849886
v -0.03350918 0.0002660342 -0.03933947
v -0.0326951 -0.00281365 -0.03933514
v -0.006261624 -0.02380994 -0.003822163
v -0.003003616 -0.02368511 -0.004154637
v -0.006867334 -0.02394057 -0.0006894581
v -0.004949737 -0.02381819 -0.001610417
v -0.02230019 -0.02418238 -0.003394626
v -0.03116386 0.001844423 -0.03915936
v -0.02953309 9.059347e-05 -0.03911275
v -0.02237393 -0.02431039 -0.0008500479
v -0.0196537 -0.02422314 -0.002326798
v -0.02038461 -0.02419148 -0.001353964
v -0.02897626 0.003076524 -0.03900103
v -0.01935718 -0.02428441 -0.0007522441
v -0.01969035 -0.02436125 0.001100916
v -0.04758729 -0.004589323 -0.03624259
v -0.04770067 -0.001160964 -0.03644638
v -0.02199237 -0.02444047 0.002038237
v -0.04777378 -0.002335785 -0.03554955
v -0.04773944 -0.004224902 -0.03531073
v -0.04767848 -0.002851268 -0.03350817
v -0.04775252 -0.0003946312 -0.03539571
v -0.02541115 -0.02476394 0.006148733
v -0.02430039 -0.02461059 0.004179887
v -0.04758289 -0.005232017 -0.02953709
v -0.04762419 -0.004573349 -0.03147588
v -0.04757571 -0.006534241 -0.03082075
v -0.02124778 -0.02454402 0.004350737
v -0.04758803 -0.006339516 -0.02782932
v -0.02330551 -0.02469398 0.006238189
v -0.0472512 0.0006991662 -0.03586774
v -0.04782376 0.001856279 -0.03515874
v -0.04779672 0.001037767 -0.03395695
v -0.04727481 0.001895597 -0.03584696
v -0.04272701 0.006485121 -0.03987894
v -0.01870229 -0.02445231 0.004154384
v -0.04074867 0.007634435 -0.03964776
v -0.04773188 0.002211604 -0.03292627
v -0.0476242 -0.00067137 -0.03269434
v -0.01944186 -0.02454508 0.006360389
v -0.04782601 0.003112685 -0.03061615
v -0.04778751 0.004538743 -0.03231129
v -0.01641049 -0.02427457 0.001356628
v -0.01637604 -0.02439625 0.004377775
v -0.01762893 -0.02453865 0.007172924
v -0.01341854 -0.02445894 0.007648323
v -0.01396185 -0.02437717 0.005132578
v -0.04702066 -0.0111223 -0.01946084
v -0.04739985 -0.009460986 -0.02227331
v -0.04663283 -0.01230006 -0.02122901
v -0.04501171 -0.01614252 -0.008277822
v -0.04441823 -0.01723213 -0.004935022
v -0.04590948 -0.0145946 -0.006520666
v -0.04753925 -0.008486461 -0.01519401
v -0.04765873 -0.005906723 -0.01483818
v -0.04767612 -0.006564047 -0.01690361
v -0.04771297 -0.00507031 -0.01075396
v -0.04775514 -0.004730694 -0.01353569
v -0.04771281 -0.006571949 -0.01110614
v -0.01736822 -0.02418947 -0.001091573
v -0.04779959 -0.005972344 -0.006897669
v -0.04766475 -0.00703828 -0.008352391
v -0.04762081 -0.008684918 -0.006271381
v -0.04769412 -0.0069087 -0.005613592
v -0.01138835 -0.02414455 0.0009524301
v -0.04797933 0.01121758 -0.03205987
v -0.04799805 0.01139338 -0.03358015
v -0.04800251 0.009323386 -0.03340287
v -0.04755928 -0.007951215 -0.02625246
v -0.04756667 -0.007906843 -0.02359462
v -0.04759876 -0.006187905 -0.02446655
v -0.04757771 -0.005481184 -0.02627615
v -0.04760002 -0.004045298 -0.02788302
v -0.01361276 -0.02426418 0.002950251
v -0.009734672 -0.0241304 0.002595074
v -0.04762166 -0.0043095 -0.02257795
v -0.04760507 -0.006248984 -0.0220014
v -0.04760138 -0.007970389 -0.01890286
v -0.04762669 -0.005665895 -0.0208951
v -0.04763199 -0.003662176 -0.01834318
v -0.04770425 -0.003837047 -0.02041406
v -0.04766636 -0.005253226 -0.01828246
v -0.007307015 -0.02404309 0.001486961
v -0.004612036 -0.02400694 0.001306418
v -0.04767779 -0.002627244 -0.01935056
v -0.04773882 -0.004334358 -0.0157568
v -0.04761689 -0.003156569 -0.01625438
v -0.04780835 -0.0006294344 -0.01705324
v -0.007869568 -0.02419582 0.004285142
v -0.04776858 -0.002827127 -0.01383298
v -0.0479018 0.002672812 -0.01551735
v -0.04776651 -0.0001649447 -0.01970064
v -0.04785354 0.001299825 -0.02088087
v -0.04788952 0.0004374608 -0.01292439
v -0.04783184 -0.002838334 -0.0110046
v -0.01119862 -0.02435808 0.00663925
v -0.01074751 -0.02426932 0.004513502
v -0.04790243 0.002800934 -0.0122794
v -0.04809463 0.006910915 -0.01355826
v -0.04796767 0.005409615 -0.0134331
v -0.04799675 0.006480705 -0.01073965
v -0.04800318 0.008939397 -0.01189479
v -0.04789694 0.00979919 -0.01515498
v -0.03103637 -0.02387776 -0.03567678
v -0.0341341 -0.02335749 -0.03554656
v -0.008481253 -0.02429103 0.00675251
v -0.02708327 -0.0237633 -0.03571622
v -0.009810831 -0.02444795 0.009385291
v -0.007619955 -0.02439821 0.009311214
v -0.02466349 -0.02332217 -0.03711078
v -0.02535887 -0.02375623 -0.03599315
v -0.04767028 -0.003709158 -0.02524136
v -0.04770351 -0.002937919 -0.02331031
v -0.03584282 -0.02200864 -0.04164083
v -0.03771255 -0.02174309 -0.0409595
v -0.03951187 -0.0207704 -0.04116217
v -0.04775069 -0.0002459101 -0.0295305
v -0.04764953 -0.003457749 -0.02997366
v -0.04772429 -0.003195772 -0.02781786
v -0.03318977 -0.02296603 -0.04153028
v -0.04542095 -0.01471306 -0.03224612
v -0.04507766 -0.01535609 -0.03371543
v -0.04777896 -0.001157513 -0.0253153
v -0.0477749 0.0009346306 -0.02822878
v -0.04425626 -0.01659409 -0.0316912
v -0.04779983 0.00117138 -0.02591535
v -0.04770038 0.002058117 -0.02721323
v -0.04766604 0.001240445 -0.02481117
v -0.0307196 -0.02361603 -0.0407184
v -0.04782674 -0.001327446 -0.02083405
v -0.02908219 -0.02363015 -0.04106602
v -0.04776226 0.001686106 -0.02209083
v -0.04777341 0.002417335 -0.02344568
v -0.04789294 0.004535001 -0.0197489
v -0.04789925 0.002736825 -0.02161969
v -0.04776914 -0.0006708205 -0.02255667
v -0.04599119 -0.01382985 -0.02533984
v -0.02447338 -0.02347426 -0.03910881
v -0.04664975 -0.01223511 -0.02471151
v -0.04780764 0.003230413 -0.02661016
v -0.0477075 0.002026768 -0.0297588
v -0.04781884 0.001054276 -0.03052953
v -0.04730435 -0.00961354 -0.0251847
v -0.04787751 0.004775222 -0.03014714
v -0.04389346 -0.0172711 -0.02975927
v -0.02159487 -0.02260439 -0.0382656
v -0.04796921 0.004297441 -0.02556148
v -0.04792281 0.006066475 -0.02613202
v -0.04128615 -0.01985722 -0.03223173
v -0.04785232 0.006138243 -0.02965917
v -0.04801334 0.007529698 -0.02869164
v -0.04806189 0.007424021 -0.02604261
v -0.04797372 0.008618837 -0.02734505
v -0.04788633 0.007460088 -0.03249126
v -0.0480397 0.008555559 -0.03114378
v -0.04798397 0.00977437 -0.0295989
v -0.01854725 -0.02297002 -0.03769094
v -0.01775054 -0.02306589 -0.03663066
v -0.04806752 0.01026751 -0.02770666
v -0.04384366 -0.01739303 -0.02720744
v -0.04790047 0.004739823 -0.02282285
v -0.0478493 0.006054776 -0.02458762
v -0.04801866 0.007170917 -0.02319069
v -0.04794406 0.008405631 -0.02354806
v -0.04804827 0.006965835 -0.02007783
v -0.04159506 -0.01979872 -0.02636615
v -0.03961577 -0.02136384 -0.02483485
v -0.04807725 0.009986307 -0.02545879
v -0.04793689 0.01174602 -0.02511908
v -0.04795212 0.01209644 -0.02848765
v -0.04800054 0.00937742 -0.0235337
v -0.01857977 -0.02306184 -0.04120826
v -0.04804125 0.01035714 -0.02222281
v 0.0002494119 -0.02297883 -0.02611137
v -0.04790447 0.01169461 -0.02288761
v -0.01790632 -0.02272365 -0.0419132
v 0.002066169 -0.02299284 -0.02483634
v -0.04762483 0.01353411 -0.02480949
v -0.04749849 0.01345973 -0.02268139
v -0.04412609 -0.01714965 -0.02577961
v -0.04791925 0.005672717 -0.01638263
v 0.003720565 -0.02288885 -0.02575411
v -0.04429737 -0.01657541 -0.02466571
v -0.04520588 -0.01543268 -0.02236518
v -0.04379637 -0.01757914 -0.02390977
v -0.002123915 -0.02308524 -0.02506978
v -0.04783747 -0.001192911 -0.009918729
v -0.01278718 -0.02274962 -0.03733267
v -0.01472724 -0.0229024 -0.03660139
v -0.04788965 0.0004602764 -0.01076031
v -0.03823274 -0.02215504 -0.02189867
v -0.04792228 0.000201894 -0.008744946
v -0.04785948 -0.001147415 -0.007814016
v -0.04161058 -0.01994329 -0.02171533
v -0.04019874 -0.0209551 -0.02131607
v 0.0001828931 -0.02321615 -0.02427866
v -0.0417368 -0.01987301 -0.01919003
v -0.04796706 0.003530523 -0.009600125
v -0.04803412 0.002103865 -0.008571325
v -0.04717615 0.001466077 -0.03978232
v -0.04779352 -0.004060095 -0.007382756
v -0.04781534 -0.005472284 -0.008998342
v -0.04793365 -0.002485642 -0.00811138
v -0.04799849 0.00689769 -0.01830386
v -0.04806656 0.008705925 -0.02051812
v -0.04794888 0.008007837 -0.01879921
v -0.04736082 0.001790805 -0.03784814
v -0.04810771 0.006962728 -0.01613685
v -0.04789594 0.004330406 -0.03877236
v -0.04794899 0.01038915 -0.01808972
v -0.002259526 -0.02284949 -0.04145514
v -0.04795344 0.01109851 -0.02070749
v 0.003251065 -0.02267736 -0.04150348
v 0.003681578 -0.02287718 -0.04080737
v 0.006393189 -0.02237593 -0.04145379
v -0.04783149 0.0126702 -0.02138162
v -0.04747415 0.01333333 -0.01973856
v -0.04748264 0.01369296 -0.02026308
v 0.007902611 -0.02242082 -0.04131319
v -0.04765787 0.01225347 -0.01691205
v -0.04014693 -0.02106085 -0.01766147
v -0.03819503 -0.02226989 -0.01883651
v -0.04813422 0.008116223 -0.01474874
v -0.04797904 0.00865647 -0.03793522
v -0.04730644 0.01001069 -0.03924185
v -0.04643811 0.01009408 -0.03977949
v -0.03840364 -0.02221127 -0.01661588
v -0.03800847 -0.02243546 -0.01412871
v -0.04778682 0.01146854 -0.03782524
v -0.04780341 0.01157637 -0.01520509
v -0.04746375 0.0135798 -0.01714896
v -0.04770043 0.01298824 -0.01540498
v -0.04722434 0.01413304 -0.01643996
v -0.04761603 0.01218502 -0.01345158
v -0.04788173 0.01103162 -0.01164926
v -0.004989143 -0.02273037 -0.04112489
v -0.00412821 -0.02248751 -0.04165366
v -0.04767538 0.01305139 -0.01359094
v -0.04725412 0.01396222 -0.0137853
v -0.0008438006 -0.02292175 -0.04086424
v -0.003732003 -0.02274375 -0.03655767
v -0.00473699 -0.02257346 -0.03646727
v -0.04179791 -0.0199915 -0.01507082
v -0.01241543 -0.02277438 -0.03659233
v -0.01038095 -0.02291628 -0.03646223
v -0.008426726 -0.02264577 -0.03641742
v -0.03811891 -0.02257101 -0.008918783
v -0.03684529 -0.02306002 -0.01019776
v -0.03227647 -0.02377743 -0.02773521
v -0.03580267 -0.02355798 -0.007157966
v 0.0004654415 -0.02260718 -0.03658617
v 0.005167378 -0.02260039 -0.03689205
v 0.002800677 -0.02313759 -0.03299373
v 0.002387397 -0.02303036 -0.03146849
v -0.03280721 -0.02391249 -0.02137643
v -0.03183343 -0.02375302 -0.02672654
v -0.0323222 -0.0239115 -0.02371123
v -0.041007 -0.02080506 -0.006341483
v -0.04201436 -0.0199991 -0.01005391
v -0.04265345 -0.01910876 -0.01346862
v -0.04225858 -0.01968229 -0.008002134
v -0.04307694 -0.01862423 -0.00776704
v -0.04229174 -0.01973146 -0.004988465
v -0.03898998 -0.02207285 -0.005501237
v -0.03810485 -0.02270078 -0.00597604
v -0.04000318 -0.02150722 -0.003518876
v -0.0379339 -0.0227587 -0.003460366
v -0.04409038 -0.01608695 -0.04116954
v -0.04492016 -0.01495321 -0.04080454
v -0.04394602 -0.01681974 -0.03988647
v -0.04199345 -0.01913107 -0.04049585
v -0.04224658 -0.01893441 -0.03814186
v -0.04028862 -0.02142936 -0.000203494
v -0.03883323 -0.02234476 -0.001396298
v -0.03906395 -0.02221638 0.00141615
v -0.03709809 -0.02331761 0.002513368
v -0.04282365 -0.01906225 -0.00423013
v -0.04374952 -0.01819776 -0.003768787
v -0.04125077 -0.02055172 -0.003447942
v -0.04192679 -0.02016502 -0.001984451
v -0.04385546 -0.01785736 -0.00690965
v -0.0407391 -0.02023585 -0.0403712
v -0.04313681 -0.01888278 -0.001790602
v -0.04465403 -0.0169036 -0.002640832
v -0.04117455 -0.01991773 -0.03646423
v -0.04122823 -0.0206515 -0.0004804246
v -0.04752258 -0.006414164 -0.03673353
v -0.04758314 -0.007122017 -0.03396487
v -0.04746155 -0.008358557 -0.0318117
v -0.04755712 -0.005153529 -0.03304521
v -0.04762884 -0.007783547 -0.0289113
v -0.04767698 -0.001002451 -0.03131599
v -0.0477733 -0.0001188051 -0.03184812
v -0.04738021 0.0005726144 -0.03795862
v -0.0426404 -0.01910674 -0.01681752
v -0.04277685 -0.01880545 -0.01915515
v -0.04425896 -0.01718108 -0.013092
v -0.04393294 -0.01745936 -0.01665208
v -0.04295066 -0.01856817 -0.01557079
v -0.04324467 -0.01830377 -0.01137267
v -0.04641524 -0.01298042 -0.02297452
v -0.04739881 -0.008886464 -0.0211842
v -0.04733115 -0.009920623 -0.01813602
v -0.04750418 -0.009145819 -0.01640924
v -0.04395421 -0.01738445 -0.02042149
v -0.04485136 -0.01607579 -0.01870603
v -0.04639359 -0.0131253 -0.01867165
v -0.04574403 -0.0145419 -0.01653703
v -0.04499736 -0.01592638 -0.01522662
v -0.04701804 -0.01128442 -0.01673295
v -0.04656396 -0.01268203 -0.01441711
v -0.04461861 -0.0167221 -0.01089582
v -0.0444136 -0.01711794 -0.00880242
v -0.04603671 -0.01443249 -0.003152054
v -0.04611703 -0.01395989 -0.01219738
v -0.04737446 -0.009969186 -0.01305378
v -0.04688338 -0.01185941 -0.01160206
v -0.04633387 -0.01352692 -0.009870647
v -0.04553537 -0.01513318 -0.01092628
v -0.04746362 -0.009691041 -0.01041654
v -0.04732013 -0.0102994 -0.007903159
v -0.04756543 -0.008608904 -0.0129315
v -0.04767577 -0.007461403 -0.01408038
v -0.04749311 -0.008352522 -0.01096353
v -0.0468879 -0.01209537 -0.006009139
v -0.04736613 -0.01030576 -0.003274057
v -0.04767503 -0.008158378 -0.00926671
v -0.04808199 0.01125353 -0.02973756
v 0.01172879 -0.02058155 -0.04198158
v 0.0005417988 -0.02328381 -0.01327354
v -0.0009505078 -0.02386768 0.0001967624
v -0.001760878 -0.02373681 -0.002119068
v 0.0005261451 -0.02379125 -0.0003469996
v 0.0118246 -0.02224965 -0.04177047
v 0.01413539 -0.02288541 -0.04102661
v 0.01057997 -0.02249848 -0.04135054
v 0.01524575 -0.02220534 -0.04178756
v 0.002815101 -0.02317188 -0.01542452
v 0.002271727 -0.02371154 -0.001566414
v 0.0007163696 -0.0236326 -0.004518989
v 0.002811022 -0.0236391 -0.003608398
v 0.002388492 -0.02328547 -0.0126052
v 0.01356394 -0.02145587 -0.04206348
v 0.01432724 -0.02061222 -0.04194388
v 0.01032028 -0.02275589 -0.03929555
v -0.0001724213 -0.02341419 -0.01126228
v 0.01940246 -0.02378827 0.002285372
v 0.01695813 -0.02362921 -0.0008108616
v 0.02005003 -0.02361408 -4.096702e-05
v 0.01236587 -0.02283448 -0.0394099
v 0.0107683 -0.02262517 -0.03809436
v 0.004544931 -0.02368581 -0.002304047
v 0.01615803 -0.0212028 -0.04198692
v 0.01783855 -0.02278603 -0.04126884
v 0.01713046 -0.02299285 -0.04058387
v 0.02189163 -0.0236754 0.0009899922
v 0.004719954 -0.0237275 -0.0001371875
v 0.004578939 -0.02322476 -0.01267608
v 0.01581726 -0.01966123 -0.04128427
v 0.01311575 -0.01981878 -0.04145169
v 0.003615189 -0.02387269 0.002473231
v 0.01132115 -0.0188756 -0.0402788
v 0.01108032 -0.01821889 -0.03991428
v 0.0007031448 -0.02337262 -0.01041155
v 0.006522775 -0.023804 0.0009393543
v 0.01316392 -0.01860932 -0.04008719
v 0.02485337 -0.02383029 0.004711471
v 0.0244673 -0.02371374 0.001603745
v -0.005207531 -0.02404878 0.002727803
v 0.01457376 -0.01887918 -0.04029722
v 0.02111252 -0.02382838 0.004191909
v -0.004984379 -0.02413564 0.00438958
v 0.01433557 -0.01783096 -0.03985637
v 0.01628579 -0.01850086 -0.04004614
v -0.003108889 -0.0238287 -0.0003560893
v 0.003296105 -0.02336743 -0.009895906
v 0.017409 -0.02181655 -0.04191447
v 0.01825553 -0.02118181 -0.04196974
v 0.002193343 -0.02334994 -0.00942317
v 0.01709925 -0.02053165 -0.04183405
v 0.02316464 -0.02399766 0.008034471
v -0.001440059 -0.0239089 0.002007511
v -0.003071845 -0.02407634 0.003437005
v 0.01867024 -0.01966816 -0.04136144
v 0.01858628 -0.0223148 -0.04166138
v 0.006953865 -0.02323315 -0.01183087
v 0.005408971 -0.02314267 -0.01461712
v 0.02040508 -0.02063741 -0.04187698
v 0.02081284 -0.0215246 -0.04182262
v 0.008168481 -0.02315971 -0.01301335
v 0.01919116 -0.01866905 -0.04015027
v 0.02793305 -0.02356231 -0.0008243844
v 0.02606494 -0.02347731 -0.002659079
v 0.02915672 -0.02354019 -0.002806317
v 0.02056222 -0.01956523 -0.04130377
v -0.0021112 -0.02411124 0.004918285
v 0.0008524954 -0.02387258 0.001662191
v 0.02129519 -0.01899355 -0.04059851
v 0.03086585 -0.02365805 -0.0008256473
v 0.0007906966 -0.02401971 0.004607394
v 0.01739249 -0.01780212 -0.03987143
v 0.02421729 -0.02362349 1.907721e-05
v 0.02737676 -0.02374131 0.00276738
v 0.005893109 -0.02332276 -0.009697309
v 0.0199602 -0.01709801 -0.03980105
v 0.02304802 -0.02053185 -0.04172184
v 0.02334048 -0.02148662 -0.0417063
v 0.02540334 -0.02054201 -0.041795
v 0.03123881 -0.02373702 0.002033938
v 0.02362776 -0.01975675 -0.04150315
v 0.002545763 -0.02408063 0.006457523
v 0.02651103 -0.0215116 -0.0417534
v 0.02678749 -0.02098724 -0.04166229
v 0.007833868 -0.02328561 -0.009166818
v 0.02897762 -0.02221243 -0.04065474
v 0.02953726 -0.02165087 -0.04084328
v 0.02852818 -0.02069292 -0.04105709
v 0.02247706 -0.02253721 -0.03981645
v 0.02005806 -0.02249411 -0.04114399
v 0.02243704 -0.02201204 -0.04133239
v 0.0327516 -0.02359156 8.85129e-05
v 0.0230555 -0.02222176 -0.04084922
v -0.006463859 -0.02426766 0.0069516
v 0.02607147 -0.0226672 -0.04079878
v -0.004298687 -0.02419846 0.006211817
v 0.02253659 -0.02221406 -0.037976
v 0.02370648 -0.02267562 -0.03927054
v 0.01428881 -0.02307376 -0.01510834
v 0.01032773 -0.02303648 -0.01631857
v 0.0118791 -0.02297918 -0.01775597
v 0.01457908 -0.02302753 -0.01805953
v 0.02183532 -0.01810034 -0.03996789
v 0.02412298 -0.01883599 -0.04051481
v -0.004170295 -0.02431235 0.008471936
v 0.01664461 -0.02301276 -0.01713338
v 0.01091522 -0.02312717 -0.01302679
v 0.009295302 -0.02238524 -0.03667958
v -0.001590364 -0.02418319 0.007031109
v 0.02961893 -0.02383294 0.004624628
v -0.002232566 -0.02434664 0.01006084
v 0.009806922 -0.02308914 -0.03276549
v 0.01157859 -0.0230715 -0.03420245
v 0.0008542314 -0.02420953 0.008777149
v 0.00832003 -0.02305054 -0.03260916
v -9.785965e-05 -0.0243814 0.01194134
v 0.006517118 -0.0228861 -0.03151591
v 0.007732771 -0.02296285 -0.03133966
v 0.01339601 -0.02315965 -0.01213901
v 0.008517627 -0.02277543 -0.03116478
v 0.0003686063 -0.02415081 0.006975252
v 0.01523174 -0.02316203 -0.01174884
v 0.009971691 -0.02287622 -0.0315018
v 0.009926859 -0.02287287 -0.02997234
v 0.02783873 -0.02388661 0.005580544
v 0.02575329 -0.02393429 0.006854143
v 0.01153895 -0.02321259 -0.0360375
v 0.01770256 -0.02314663 -0.01390288
v 0.004038498 -0.02415606 0.008725923
v 0.01394065 -0.02272134 -0.03681273
v 0.01385831 -0.02317574 -0.03595249
v 0.0192733 -0.0230714 -0.01608304
v 0.01678529 -0.02314341 -0.03602778
v 0.0159757 -0.02298668 -0.03402085
v 0.002545409 -0.02428458 0.01096687
v 0.006079972 -0.02390841 0.003238726
v 0.03216131 -0.02380606 0.004217487
v 0.01436465 -0.02294863 -0.03243018
v 0.02068238 -0.0231422 -0.0142937
v 0.00679221 -0.02399987 0.005282421
v 0.009524295 -0.02388973 0.003991377
v 0.03329724 -0.02365254 0.002112549
v 0.0048622 -0.02401416 0.005399905
v 0.03357913 -0.02375973 0.006030541
v 0.01750733 -0.02314388 -0.01180446
v 0.01619755 -0.02321452 -0.010253
v 0.005850673 -0.02407208 0.007118575
v 0.008462273 -0.02402037 0.006664228
v 0.02888647 -0.02392476 0.008353181
v 0.01457521 -0.01475721 -0.03947596
v 0.01867093 -0.0233094 -0.01211554
v 0.009681839 -0.0232507 -0.01121735
v 0.03129992 -0.02389473 0.00628946
v 0.01581479 -0.02287284 -0.02833672
v 0.01421387 -0.02286262 -0.03096593
v 0.01592602 -0.02291571 -0.03051418
v 0.01362992 -0.02280466 -0.02726955
v 0.01236816 -0.02290333 -0.02809331
v 0.01408435 -0.02289136 -0.02914239
v 0.01690906 -0.0226805 -0.03694367
v 0.01889524 -0.02302786 -0.03617337
v 0.02039685 -0.02301032 -0.03611637
v 0.01865475 -0.02265231 -0.03744015
v 0.01137617 -0.02324376 -0.009567743
v 0.009813249 -0.02407644 0.008328792
v 0.01155169 -0.02401938 0.007070746
v 0.03169715 -0.02401795 0.008607876
v 0.01800808 -0.02294706 -0.0326109
v 0.009838542 -0.02332278 -0.009458389
v 0.0233365 -0.02285709 -0.03599663
v 0.02236212 -0.02297977 -0.03345051
v 0.009752568 -0.02330646 -0.008262707
v 0.02074654 -0.02292442 -0.03285974
v 0.03371229 -0.02384372 0.009495798
v 0.00612372 -0.02423939 0.01089015
v 0.02425868 -0.02288434 -0.03143032
v 0.02220492 -0.02280733 -0.03127991
v 0.02327237 -0.02276796 -0.03183731
v 0.03190732 -0.02354841 -0.00266977
v 0.02296748 -0.02287886 -0.02975096
v 0.02549651 -0.02289578 -0.02972793
v 0.01280512 -0.02328299 -0.008173846
v 0.01096714 -0.02344244 -0.007701756
v 0.03361049 -0.02345043 -0.00173923
v 0.01445166 -0.02339487 -0.006400257
v 0.01247455 -0.02343417 -0.00652153
v 0.004584868 -0.02430862 0.01213821
v 0.02477078 -0.02295498 -0.03308965
v 0.02731149 -0.02293821 -0.03481632
v 0.02598292 -0.02301861 -0.03610295
v 0.02669885 -0.02273602 -0.03177065
v 0.0270376 -0.02289627 -0.03020145
v 0.01737609 -0.02294032 -0.02976503
v 0.0160249 -0.02281005 -0.03168682
v 0.01263476 -0.02323604 -0.01077381
v 0.01381969 -0.02317974 -0.01065537
v 0.00818212 -0.02411938 0.00862591
v 0.01550522 -0.02287283 -0.0262266
v 0.01723093 -0.02284848 -0.0272664
v 0.01956196 -0.02284961 -0.02800056
v 0.007987514 -0.02411176 0.009942178
v 0.03475455 -0.02320102 -0.003230639
v 0.03637074 -0.02289766 -0.0009669624
v 0.02099341 -0.02295586 -0.02952011
v 0.011834 -0.02416491 0.01083776
v 0.0221545 -0.02285345 -0.02748313
v 0.02271903 -0.02292793 -0.02834409
v 0.008794744 -0.02422983 0.01173117
v 0.0262449 -0.02292676 -0.02790391
v 0.02509817 -0.0228643 -0.02708612
v 0.02033496 -0.02286991 -0.02629333
v 0.01517672 -0.02328466 -0.00801478
v 0.02386728 -0.02295845 -0.02542503
v 0.03599015 -0.02315649 0.003752571
v 0.02184983 -0.02293114 -0.02477964
v 0.01029245 -0.02431191 0.01385449
v 0.03198745 -0.0226436 -0.03894737
v 0.02935736 -0.02287165 -0.03886641
v 0.02873363 -0.02275958 -0.03990614
v 0.03125697 -0.02227259 -0.04008299
v 0.01873452 -0.02324332 -0.009377079
v 0.01704314 -0.0232897 -0.007160397
v 0.03180862 -0.02289114 -0.03422832
v 0.03091958 -0.02294404 -0.0368189
v 0.03332188 -0.02268445 -0.03534503
v 0.01366693 -0.02413098 0.01030559
v 0.01293738 -0.02427656 0.01335377
v 0.03428185 -0.02245447 -0.03674624
v 0.03620143 -0.02195602 -0.03565872
v 0.02817468 -0.02288651 -0.03253796
v 0.02907607 -0.02296112 -0.03066067
v 0.01518081 -0.02424273 0.01300132
v 0.01525264 -0.02387185 0.00433778
v 0.01665748 -0.02396074 0.00696684
v 0.01349906 -0.02391465 0.005118925
v 0.001298249 -0.02350394 -0.008064028
v 0.03272632 -0.02272872 -0.03215925
v 0.03461517 -0.02254442 -0.03359892
v 0.03408406 -0.02261853 -0.03191819
v 0.03695725 -0.02174991 -0.03238348
v 0.03564629 -0.02225942 -0.03048741
v 0.0006586015 -0.02360354 -0.006070916
v 0.003230596 -0.02348822 -0.007000946
v 0.01829109 -0.02388804 0.004731763
v 0.02880937 -0.02291542 -0.02770821
v 0.006572405 -0.02345796 -0.007895663
v 0.01750539 -0.02344354 -0.00560791
v 0.02766999 -0.02298966 -0.02530714
v 0.02641403 -0.02297 -0.02441262
v 0.005814178 -0.02345165 -0.006730612
v 0.003548399 -0.02354291 -0.005161196
v 0.02550481 -0.02291694 -0.02309851
v 0.01365627 -0.02399297 0.007429011
v 0.02294446 -0.02293891 -0.02244726
v 0.03085166 -0.02297138 -0.02713275
v 0.03108878 -0.02307237 -0.02839619
v 0.02944952 -0.02300645 -0.02400618
v 0.006160649 -0.02358384 -0.003977347
v 0.02763124 -0.02290054 -0.02340759
v 0.02680029 -0.02306551 -0.02155842
v 0.03448511 -0.02261347 -0.0254604
v 0.03366112 -0.02275776 -0.02713486
v 0.03553549 -0.02234134 -0.02745469
v 0.006830901 -0.02363596 -0.001948912
v 0.01590667 -0.02412712 0.01033556
v 0.02811433 -0.02304347 -0.02226587
v 0.008404069 -0.02343518 -0.006968651
v 0.03712997 -0.02187275 -0.02602024
v 0.00936375 -0.0234654 -0.005214371
v 0.03536595 -0.02248454 -0.02297012
v 0.03273855 -0.02296976 -0.0230263
v 0.03344347 -0.0229509 -0.02148021
v 0.0245618 -0.02300543 -0.02016944
v 0.02056534 -0.02395355 0.006899752
v 0.02591982 -0.02297948 -0.02050563
v 0.00748523 -0.02300979 -0.0296047
v 0.007035896 -0.02283077 -0.02716743
v 0.0273396 -0.02306657 -0.01930885
v 0.008480906 -0.02287794 -0.02808941
v 0.00888738 -0.02286686 -0.02549966
v 0.01039624 -0.02284095 -0.02704592
v 0.008226158 -0.02283799 -0.02401262
v 0.01240261 -0.02353654 -0.003130164
v 0.009840688 -0.02364169 -0.001396663
v 0.03218571 -0.0230423 -0.01987913
v 0.03229055 -0.02310639 -0.0177248
v 0.03001137 -0.02314367 -0.0181158
v 0.01104683 -0.02285787 -0.02809151
v 0.01819882 -0.02413096 0.01095258
v 0.02015603 -0.02409028 0.00922941
v 0.01278251 -0.02288986 -0.02483229
v 0.01575114 -0.02350452 -0.003323738
v 0.02137131 -0.02304727 -0.02046607
v 0.02340556 -0.02299356 -0.01923404
v 0.01021395 -0.02283173 -0.0242862
v 0.02327177 -0.02407241 0.01029352
v 0.01468374 -0.02363589 -0.001733307
v 0.02059124 -0.02305795 -0.01930429
v 0.003694769 -0.0229889 -0.02226364
v 0.02299659 -0.02313997 -0.01671235
v 0.005349981 -0.02295356 -0.02158861
v 0.02657161 -0.023109 -0.01743259
v 0.01820611 -0.02348153 -0.003356054
v 0.0241213 -0.02310087 -0.01575524
v 0.003532078 -0.02302963 -0.01946212
v 0.005360175 -0.02303063 -0.01966202
v 0.005529117 -0.02303605 -0.02313087
v 0.006973844 -0.02304983 -0.02261551
v 0.008034786 -0.02291914 -0.02163736
v 0.02069808 -0.02308494 -0.01752629
v 0.00739109 -0.02302198 -0.01991131
v 0.008291326 -0.02376858 0.001137417
v 0.01020318 -0.02377247 0.0014777
v 0.02207298 -0.02310271 -0.0144184
v 0.009873046 -0.02292992 -0.02103116
v 0.00905982 -0.02297448 -0.01897703
v 0.02656496 -0.02314045 -0.01553595
v 0.01144702 -0.02357073 -0.001556221
v 0.01155273 -0.02374455 0.0004112907
v 0.01121411 -0.02294511 -0.01975283
v 0.01175753 -0.02294617 -0.02128644
v 0.02032757 -0.02412415 0.01086944
v 0.02419477 -0.02312788 -0.01354109
v 0.01304623 -0.02367881 -0.0008438416
v 0.01247047 -0.0230019 -0.01923586
v 0.01569551 -0.02290249 -0.02371529
v 0.01476453 -0.02368084 0.0003423914
v 0.01306409 -0.0228682 -0.02359198
v 0.01922995 -0.02427406 0.01470504
v 0.01342108 -0.02302115 -0.02166043
v 0.01501762 -0.0229791 -0.02101757
v 0.01036069 -0.02296829 -0.02273575
v 0.02842143 -0.02315556 -0.01565812
v 0.01224358 -0.02378423 0.002175175
v 0.01402797 -0.02294961 -0.01939912
v 0.03109761 -0.02324504 -0.01620083
v 0.01710539 -0.02303105 -0.02086709
v 0.01788493 -0.02298186 -0.01947719
v 0.01647856 -0.02304814 -0.01849489
v 0.01601376 -0.02433745 0.01559921
v 0.02183304 -0.02422206 0.01371644
v 0.02961832 -0.02317684 -0.0129688
v 0.03176953 -0.02330573 -0.01460764
v 0.01868911 -0.02303912 -0.01787375
v 0.02569636 -0.0240304 0.009080354
v 0.03636738 -0.02230451 -0.01889486
v 0.02057645 -0.02344557 -0.004831396
v 0.03696562 -0.02203465 -0.02172415
v 0.03376027 -0.02295258 -0.01893098
v 0.0180672 -0.02289337 -0.02458621
v 0.02698054 -0.02402554 0.01005698
v 0.02109521 -0.02352989 -0.001792684
v 0.02201269 -0.02349264 -0.004582983
v 0.03444354 -0.02289355 -0.01663568
v 0.01805395 -0.02292221 -0.02294639
v 0.03674063 -0.0223164 -0.01611669
v 0.02005185 -0.02291984 -0.02386829
v 0.02380746 -0.02348586 -0.0035384
v 0.02376745 -0.02334351 -0.005575664
v 0.02376291 -0.02350149 -0.00217947
v 0.02499063 -0.02350182 -0.004569065
v 0.02009452 -0.02291113 -0.02244754
v 0.03142015 -0.02333785 -0.01187523
v 0.02777289 -0.02338439 -0.005261619
v 0.03564474 -0.0226865 -0.01287549
v 0.02309691 -0.02368188 -0.001181696
v 0.03856661 -0.02160336 -0.0155653
v 0.0373241 -0.02214422 -0.01354073
v 0.03958793 -0.02113394 -0.01306148
v 0.03916636 -0.02121133 -0.01586282
v 0.04004407 -0.02093089 -0.01441519
v 0.03979155 -0.0209609 -0.01660901
v 0.04133037 -0.02003181 -0.0156807
v 0.01693116 -0.02380027 0.002347812
v 0.004120691 -0.02310812 -0.01730239
v 0.01741945 -0.02367788 0.0007411726
v 0.0315907 -0.02410258 0.01083725
v 0.006742209 -0.0230887 -0.01660415
v 0.03721822 -0.02230982 -0.01045308
v 0.03869232 -0.02164425 -0.01283315
v 0.03050199 -0.02417309 0.01264627
v 0.02300385 -0.02326002 -0.009674102
v 0.02244492 -0.02317048 -0.01223273
v 0.02514733 -0.02323193 -0.01083115
v 0.03269915 -0.02410094 0.01237875
v 0.02563433 -0.02420218 0.01370746
v 0.02117431 -0.02333983 -0.008622942
v 0.01966697 -0.0232728 -0.01063862
v 0.02255172 -0.02336838 -0.007189827
v 0.02000436 -0.02333092 -0.006785287
v 0.02551324 -0.02431545 0.01644134
v 0.02105598 -0.02440594 0.0179029
v 0.0257889 -0.02331929 -0.007328091
v 0.0293951 -0.02422109 0.01501281
v 0.03149427 -0.02436941 0.01710345
v 0.02971726 -0.02442673 0.01911466
v 0.04306842 -0.01874584 -0.00914887
v 0.04109956 -0.02041865 -0.006913841
v 0.04075991 -0.02063325 -0.01049971
v 0.04288056 -0.019036 -0.006167356
v 0.03920475 -0.021873 -6.115809e-05
v 0.03684358 -0.02263775 -0.00429384
v 0.03863361 -0.02194399 -0.003656823
v 0.02705903 -0.02316014 -0.01259069
v 0.04026435 -0.02111033 -0.003314927
v 0.03997811 -0.02119642 -0.005483106
v 0.03567223 -0.02337564 0.007447898
v 0.02800087 -0.02328826 -0.0089931
v 0.03713508 -0.02271552 0.001331381
v 0.03057858 -0.02336394 -0.009620586
v 0.03749507 -0.02272224 0.004999965
v 0.03869078 -0.02214107 0.002525233
v 0.04116426 -0.02079399 0.002534959
v 0.03993303 -0.02162452 0.004207343
v 0.03943423 -0.02165074 0.002348304
v 0.04142027 -0.02043445 -0.001834232
v 0.03240694 -0.02327532 -0.009626331
v 0.03373735 -0.02307614 -0.01193991
v 0.03039193 -0.0233653 -0.007118281
v 0.03194779 -0.02343696 -0.008032549
v 0.03925792 -0.0218809 0.004309114
v 0.03900822 -0.02214083 0.005907755
v 0.03498952 -0.02301974 -0.008389432
v 0.03600641 -0.02271466 -0.01018986
v 0.03604411 -0.02282287 -0.006611362
v 0.03866288 -0.02236361 0.008026496
v 0.0370423 -0.02303102 0.009232987
v 0.038528 -0.02192219 -0.006341297
v 0.04008009 -0.02152428 0.005777471
v 0.04139654 -0.02071892 0.005307056
v 0.04126415 -0.02096203 0.008177649
v 0.0429895 -0.01956873 0.007176951
v 0.04321238 -0.01918954 0.004800715
v 0.04398096 -0.01805101 0.006427918
v 0.03852612 -0.02179399 -0.009784209
v 0.04386875 -0.01832545 0.008103602
v 0.04482351 -0.01706485 0.007624429
v 0.04479967 -0.01691073 0.004646216
v 0.04527192 -0.0165737 0.007168885
v 0.0443586 -0.01773673 0.009871114
v 0.04527972 -0.01648802 0.009454619
v 0.03536586 -0.02358737 0.01060516
v 0.03461934 -0.02384902 0.01264215
v 0.03108598 -0.02347903 -0.004908144
v 0.03265013 -0.02348121 -0.004068229
v 0.03381916 -0.02324435 -0.006252185
v 0.03710143 -0.02316833 0.01339705
v 0.03260849 -0.02421021 0.01455652
v 0.03509935 -0.02386536 0.01572349
v 0.03292082 -0.02425096 0.01657968
v 0.03724899 -0.0232998 0.01747032
v 0.03403912 -0.02417083 0.0181649
v -0.002627984 -0.023638 -0.005898289
v 0.03873658 -0.02259453 0.01570321
v -0.0008314513 -0.02363157 -0.004424669
v 0.03656561 -0.02366351 0.01937791
v 0.03879543 -0.02264864 0.01861287
v 0.03860005 -0.02251598 0.0107275
v -0.00355744 -0.02381875 -0.002781365
v 0.03881638 -0.02242323 0.01309277
v 0.04479109 -0.01709428 0.01110866
v 0.04405098 -0.01814857 0.0123224
v 0.044683 -0.01751249 0.01458245
v 0.04596333 -0.01523439 0.01888671
v 0.04560106 -0.0160744 0.01640615
v 0.04662912 -0.01355199 0.01847723
v 0.01072884 -0.02278974 -0.04053102
v 0.01507493 -0.02291937 -0.03941429
v 0.03922274 -0.02129329 -0.01100433
v 0.03985774 -0.02119121 -0.008070933
v 0.03989992 -0.02112023 -0.01118308
v 0.03926186 -0.02145424 -0.007195018
v 0.01400366 -0.02259084 -0.03786574
v 0.01946746 -0.02288086 -0.03871652
v 0.02479034 -0.02196294 -0.04153619
v 0.02688982 -0.02218806 -0.04136889
v 0.02602185 -0.02295728 -0.03963443
v 0.01988247 -0.02286283 -0.03995581
v 0.02018669 -0.02256744 -0.03761455
v 0.02234543 -0.02230238 -0.03675612
v 0.02506102 -0.02267595 -0.03750969
v 0.02733716 -0.02262418 -0.03746747
v 0.02835572 -0.02293977 -0.03658205
v 0.0116591 -0.02297142 -0.02983868
v 0.01188005 -0.02282778 -0.03129027
v 0.01028201 -0.02260509 -0.03679627
v 0.01185569 -0.02267153 -0.03676114
v 0.01245608 -0.02304365 -0.03262389
v 0.02082906 -0.02275493 -0.0317092
v 0.01854272 -0.02286709 -0.03130469
v 0.01973591 -0.02314779 -0.01230282
v 0.04275628 -0.01930214 -0.003816251
v 0.03029695 -0.02286717 -0.03752235
v 0.03251008 -0.02278591 -0.03707943
v 0.03494551 -0.0221648 -0.03849074
v 0.02898924 -0.02291121 -0.03392458
v 0.03049358 -0.02308023 -0.03327785
v 0.02965885 -0.02303525 -0.02119768
v 0.03208994 -0.02296318 -0.03321125
v 0.03141047 -0.02288115 -0.03227019
v 0.0428431 -0.01946641 0.002153713
v 0.04318782 -0.01891478 -0.001057461
v 0.03145803 -0.02289001 -0.03017476
v 0.03063216 -0.02314947 -0.02939618
v 0.04416607 -0.01765091 -6.305054e-05
v 0.03423405 -0.02264969 -0.02893675
v 0.04435049 -0.01741533 0.001844451
v 0.03765532 -0.0215598 -0.02907971
v 0.03224215 -0.02296653 -0.02478756
v 0.03870134 -0.02127893 -0.02250618
v 0.03875538 -0.0213748 -0.02005379
v 0.03972208 -0.02064302 -0.02254722
v 0.04038737 -0.02152606 0.009263966
v 0.03947647 -0.02197069 0.01016799
v 0.04304374 -0.019662 0.009690512
v 0.03776063 -0.0216695 -0.02453483
v 0.03883362 -0.02136889 -0.01800689
v 0.04002685 -0.02066528 -0.01999145
v 0.006691348 -0.02288311 -0.02418947
v 0.03412817 -0.02300496 -0.01367101
v 0.03935409 -0.02225684 0.01641567
v 0.04053585 -0.02156822 0.01213201
v 0.043155 -0.01960782 0.01212078
v 0.03999452 -0.02198455 0.01526907
v 0.04126697 -0.02114495 0.01578952
v 0.04306128 -0.01956011 0.01385718
v 0.04185581 -0.02077823 0.01465204
v 0.04325032 -0.01937176 0.01061604
v 0.0452605 -0.01663668 0.01133758
v 0.04081852 -0.02166423 0.01761683
v 0.04344582 -0.01931002 0.01550938
v 0.04119629 -0.02137583 0.01852677
v 0.0398649 -0.02225856 0.0193674
v 0.0448472 -0.01699981 0.01376278
v 0.04547565 -0.01627501 0.01405338
v 0.04596549 -0.01492948 0.01098479
v 0.04255396 -0.02022851 0.01861861
v 0.04350824 -0.01921732 0.01730817
v 0.04274004 -0.02022897 0.02054744
v 0.04371128 -0.01906449 0.01995189
v 0.04454567 -0.01794879 0.01840784
v 0.04517554 -0.01694129 0.01893934
v 0.005173767 0.004453005 -0.03825178
v 0.002237052 0.006425356 -0.03823241
v 0.007100677 0.00711363 -0.03825646
v -0.0226315 0.0242363 -0.04027358
v -0.02617184 0.02396649 -0.03981005
v -0.02487369 0.02484711 -0.0404568
v 0.009762703 0.02777362 -0.0334807
v 0.008491332 0.02772597 -0.03408017
v 0.008093545 0.02754961 -0.03257959
v -0.02704379 0.02579431 -0.04036074
v -0.02560236 0.0262882 -0.04045638
v -0.0236946 0.02579996 -0.04045581
v -0.0009443983 -0.005887676 -0.03861115
v 0.001757849 0.00887044 -0.03825546
v 0.004434023 0.01166213 -0.03833874
v 0.005009197 0.02755296 -0.03251089
v 0.006613111 0.027248 -0.0303319
v 0.006154975 0.02757181 -0.03357976
v -0.02908096 0.02487129 -0.03951608
v -0.02676162 0.02239111 -0.03904567
v -0.02933453 0.02247576 -0.03900607
v -0.003628526 -0.004199263 -0.03853507
v -0.007223506 -0.003465308 -0.03851259
v 0.009122455 0.02739224 -0.03121629
v -0.02698866 0.0211053 -0.03888191
v 0.01090543 0.02727452 -0.02881233
v 0.01087614 0.02753019 -0.03133902
v 0.009038558 0.003562583 -0.0383016
v -0.02289867 0.02237884 -0.03904626
v -0.02461185 0.01996147 -0.03883529
v -0.02541393 0.02303619 -0.03920187
v 0.003124874 -0.007333983 -0.0387339
v 0.001160599 0.02707756 -0.03029533
v 0.002027649 0.02727406 -0.03140945
v 0.0002164096 0.02730607 -0.03183091
v -0.001166571 0.0270229 -0.0304557
v -0.02654704 0.02669576 -0.04023505
v -0.02936875 0.02669862 -0.03913362
v -0.02060983 0.01828253 -0.03881178
v -0.01842054 0.01998337 -0.03891512
v -0.01913254 0.01641992 -0.03873111
v -0.01543518 0.01706785 -0.03874606
v -0.01535087 0.02063168 -0.03890222
v 0.003242282 0.02708282 -0.03022061
v -0.0003759824 0.02707027 -0.02947083
v -0.01307608 0.01915779 -0.03878972
v -0.01227627 0.01705391 -0.03868694
v 0.004397394 0.02720186 -0.03043775
v -0.0214132 0.02047965 -0.03891636
v -0.001293734 -0.001486355 -0.03836878
v -0.0236041 0.02325867 -0.03936746
v 0.002029121 0.02701834 -0.02903691
v -0.009393558 0.01864493 -0.03873172
v 0.004804563 0.02707527 -0.0282045
v -0.02007835 0.02248584 -0.03901192
v -0.01144658 0.02150431 -0.03888756
v 0.003159072 -0.003410483 -0.03846152
v -0.0006670021 0.02688464 -0.02812452
v 0.002203569 0.02698276 -0.02732698
v -0.01996512 0.02426497 -0.04025622
v -0.02193842 0.02521716 -0.04067688
v 0.0004192144 0.02692414 -0.02632609
v -0.02104082 0.02328743 -0.03935336
v -0.01289865 0.02439484 -0.04028296
v -0.01355941 0.02353123 -0.0393255
v -0.01542863 0.02443603 -0.0403163
v -0.0159839 0.02353773 -0.03937666
v -0.01425695 0.02622755 -0.04082132
v -0.01653249 0.02593746 -0.04082434
v -0.015346 0.0267146 -0.04057148
v -0.01283624 0.02521196 -0.0406123
v -0.0116391 0.02624511 -0.04082352
v 0.002867877 0.001156369 -0.03827104
v -0.01289511 0.02260999 -0.03899247
v -0.01834075 0.02334788 -0.0393513
v -0.01106007 0.02347915 -0.03928249
v 0.001980294 0.02688739 -0.02471583
v 0.004360735 0.02697341 -0.02584001
v -0.009243045 0.02260802 -0.0389192
v 0.006296126 -0.009302761 -0.03890884
v 0.005983157 0.02698374 -0.025889
v 0.007006314 0.0271573 -0.02876682
v -0.02368354 0.02634666 -0.04018463
v -0.01103136 0.02439658 -0.0402977
v -0.01953632 0.02541222 -0.04072116
v -0.0212061 0.02650097 -0.04034868
v -0.01950323 0.02624485 -0.04071899
v -0.01005769 0.02525918 -0.04067638
v -0.009350888 0.02424434 -0.04019954
v -0.00683048 0.02440058 -0.0402363
v -0.007426441 0.02493274 -0.04051967
v -0.008110616 0.02346027 -0.03926592
v 0.008809574 0.02703613 -0.02526364
v 0.007986747 0.02711841 -0.02719762
v 0.01255221 -0.01034837 -0.03903423
v -0.01785632 0.02437523 -0.04026496
v 0.0102427 -0.007091809 -0.03874475
v -0.01010998 0.01513483 -0.03854638
v -0.006340548 0.01646957 -0.03857372
v -0.007982787 0.01329747 -0.03843975
v -0.01736743 0.02669176 -0.04062656
v -0.0212988 0.02712618 -0.03756392
v -0.02314486 0.02697278 -0.03836299
v -0.02270291 0.02671354 -0.03630093
v 0.008951364 0.02719337 -0.02886369
v -0.02593323 0.02725365 -0.03909626
v -0.02832956 0.02699141 -0.03906281
v -0.02598534 0.02749482 -0.03799035
v -0.02996797 0.02724392 -0.03784017
v -0.02832886 0.02736304 -0.03699421
v 0.01448165 -0.007528923 -0.03882708
v 0.01264522 -0.003908264 -0.03858804
v -0.00609611 0.0204909 -0.03879068
v -0.002606563 0.01367371 -0.03841745
v -0.02851507 0.02726827 -0.03448011
v -0.02609213 0.02735907 -0.03414469
v -0.02737797 0.02719166 -0.03535318
v -0.02448719 0.02731184 -0.03455417
v -0.02368657 0.02669493 -0.03531578
v -0.02523325 0.0271923 -0.03558362
v -0.00279003 0.01718691 -0.03859937
v -0.02281166 0.02657162 -0.03489309
v -0.02229409 0.02730747 -0.03429338
v 0.012513 0.02789344 -0.03400217
v 0.01440399 0.02787032 -0.03390745
v 0.01457083 0.02729186 -0.03454735
v 0.01115878 0.02777679 -0.03398437
v 0.01237061 0.02765925 -0.03227862
v 0.005736412 -0.006216649 -0.03865351
v 0.01328064 0.02728946 -0.02834775
v 0.01495934 0.02763961 -0.03180043
v -0.04521038 0.0191624 -0.03455584
v -0.0452486 0.01914915 -0.03177437
v -0.0436912 0.02130101 -0.03415867
v 0.009670822 -0.003968896 -0.03853874
v -0.04607506 0.01770075 -0.03364509
v -0.04352605 0.0214879 -0.0323974
v 0.006907728 -0.0018193 -0.0384127
v -0.04180357 0.02324579 -0.03430669
v -0.04191007 0.02291293 -0.03714876
v -0.04308815 0.021853 -0.03549371
v -0.04023638 0.02439103 -0.03504468
v -0.006265283 0.02288535 -0.0389524
v -0.005468722 0.02368497 -0.03943693
v -0.0447743 0.01976055 -0.02718053
v -0.04580265 0.01813843 -0.02838165
v -0.04580572 0.01809938 -0.02642506
v 0.01596914 0.0273986 -0.02855754
v -0.04486938 0.01941603 -0.02483229
v -0.002688643 0.02175182 -0.03885948
v -0.004048001 0.02308603 -0.03902682
v 0.01834841 0.02760313 -0.02985795
v 0.005627442 0.001184538 -0.0382906
v -0.04171584 0.0231626 -0.0319468
v -0.04028021 0.02425411 -0.03289237
v 0.01071551 0.02712319 -0.02627255
v 0.01320561 0.02720644 -0.02667043
v 0.0003690235 0.021316 -0.0388368
v -3.329664e-05 0.01709427 -0.03858894
v -0.001524735 0.0231778 -0.03905223
v -0.04214106 0.02267544 -0.02768202
v -0.04249473 0.0223125 -0.02994401
v -0.04301276 0.02173804 -0.02648278
v -0.04345201 0.02139129 -0.02817331
v -0.04111534 0.02360427 -0.02936745
v 0.01506622 0.02731973 -0.02664547
v -0.009398457 0.02616492 -0.04063649
v -0.007058512 0.02587899 -0.0407064
v -0.04114835 0.02337902 -0.02739838
v -0.007352915 0.02652517 -0.04050522
v -0.005290519 0.02541951 -0.04074831
v -0.004001889 0.02455275 -0.04030281
v -0.03923825 0.02491328 -0.02945974
v -0.03817245 0.02558726 -0.03179142
v -0.03936232 0.02487782 -0.03094023
v -0.004404284 0.02613048 -0.04080668
v -0.00267148 0.02566828 -0.04079279
v -0.001275405 0.02451681 -0.04029997
v -0.002393875 0.02383524 -0.03954212
v -0.03872874 0.0250454 -0.02702601
v -0.03793097 0.02560112 -0.02931584
v 0.01018265 0.0006625894 -0.03834536
v -0.004448492 0.02671275 -0.04065676
v -0.002104435 0.02672118 -0.04069049
v 0.01261912 0.02720289 -0.02539811
v 0.0111954 0.0270808 -0.02335593
v -0.04462021 0.01961847 -0.01969549
v -0.04583009 0.01778365 -0.02072402
v 0.01278394 0.02706629 -0.02234828
v 0.01516068 0.02725029 -0.02428831
v 0.00218261 0.0228888 -0.03894176
v 0.0002471209 0.02362939 -0.03930047
v 0.003793975 0.02368616 -0.03937702
v -0.04551975 0.01818392 -0.01871224
v -0.04578943 0.0176662 -0.01423586
v -0.04422776 0.02008982 -0.01498309
v -0.0007561967 0.02558655 -0.04076055
v 0.0002740286 0.026608 -0.04078016
v 0.002294116 0.02574811 -0.04079136
v 0.01711716 0.02733703 -0.02451286
v 0.01861866 0.02741276 -0.02636707
v -0.0003342815 0.02720543 -0.04037669
v 0.012528 0.002112875 -0.03837645
v 0.01418543 0.0001230873 -0.0384414
v 0.001922924 0.02469599 -0.04039825
v 0.01513506 -0.002345216 -0.03855423
v 0.003583031 0.02655071 -0.04075981
v -0.01764905 0.0224747 -0.03903002
v 0.0114873 0.00506104 -0.03833329
v -0.03909198 0.02470103 -0.01950174
v -0.04056652 0.0237461 -0.01771066
v -0.03969754 0.02420829 -0.01742903
v -0.03911189 0.02464731 -0.01707535
v 0.01276978 0.007185897 -0.038345
v 0.01853649 0.02730452 -0.02304679
v 0.02049389 0.0274306 -0.0249479
v -0.037464 0.02538776 -0.01983146
v 0.01583548 0.003605891 -0.03844287
v 0.01656549 0.02717383 -0.02233911
v 0.01348407 0.004467921 -0.03839411
v -0.04222449 0.02242248 -0.0150436
v -0.03987055 0.02411437 -0.01501688
v -0.02539304 0.02676563 -0.0142279
v -0.02508672 0.0266941 -0.01498432
v -0.02608088 0.02671608 -0.01657398
v -0.02471058 0.02661134 -0.01263694
v -0.02359381 0.02669243 -0.01377842
v -0.01504679 0.02702455 -0.03534103
v -0.01351824 0.02746039 -0.03851577
v -0.01570195 0.02749468 -0.03882784
v -0.02364847 0.02663858 -0.01181423
v -0.03856554 0.02484467 -0.01401666
v -0.03689803 0.02558115 -0.01639786
v -0.01992671 0.02719242 -0.03291666
v -0.01781559 0.02716837 -0.03259449
v -0.01904074 0.02736128 -0.03433259
v -0.01298117 0.02729107 -0.03435579
v -0.009741958 0.02725995 -0.0342449
v -0.01237093 0.02697793 -0.03529248
v -0.01064713 0.02701793 -0.03511047
v -0.01966969 0.02680723 -0.02443894
v -0.01841976 0.02669923 -0.02564684
v -0.0205798 0.02678635 -0.02599258
v -0.02223092 0.02668789 -0.02178146
v -0.02417695 0.02678514 -0.02442728
v -0.02443799 0.02681369 -0.0224775
v -0.01270045 0.02701946 -0.03154497
v 0.017036 0.007525505 -0.03846054
v -0.03042509 0.02690246 -0.02340594
v -0.03197642 0.02678012 -0.02408883
v -0.03179518 0.02678626 -0.02179766
v 0.01892772 0.004639857 -0.03851367
v -0.02219384 0.02680807 -0.0240112
v -0.0237999 0.02690683 -0.02574009
v -0.01029934 0.02700583 -0.03152712
v -0.01465237 0.02715749 -0.03283942
v -0.02080379 0.02673876 -0.02187786
v -0.02988864 0.02684306 -0.02097682
v -0.02829884 0.02686041 -0.02307621
v -0.01195172 0.0268994 -0.03088341
v -0.01178665 0.02678954 -0.02948026
v -0.01352552 0.02685183 -0.02967579
v -0.01551791 0.02673478 -0.02521885
v -0.01682768 0.02663201 -0.02474247
v -0.01664715 0.02672094 -0.02306049
v -0.009162951 0.02683675 -0.03010192
v 0.01368313 0.0110247 -0.03843413
v -0.03195186 0.02671549 -0.01984104
v -0.03386151 0.02658387 -0.02311848
v -0.01444089 0.02666796 -0.02347103
v -0.0145452 0.02682458 -0.02581315
v -0.007495012 0.0269876 -0.03145872
v -0.008180421 0.02701069 -0.03013795
v 0.02104937 0.00908111 -0.03857921
v 0.01904107 0.01183022 -0.03857472
v -0.01455533 0.02665409 -0.02059684
v -0.0119043 0.02663326 -0.02227422
v -0.007333554 0.02721541 -0.03909924
v -0.009095542 0.02721484 -0.03918032
v -0.008671872 0.02666199 -0.03695123
v -0.01004054 0.02715892 -0.03709963
v -0.009025432 0.02678408 -0.02641381
v -0.009835448 0.02680174 -0.02835131
v -0.01153747 0.0268951 -0.02737865
v -0.008185185 0.02681939 -0.02759685
v -0.01092423 0.02744332 -0.03828264
v -0.03007955 0.02678154 -0.01812972
v -0.0295466 0.02672886 -0.01962253
v -0.009019434 0.02658158 -0.03466909
v -0.006038055 0.02678521 -0.02614156
v -0.00716554 0.02672775 -0.02707418
v -0.02799664 0.02678514 -0.02039474
v -0.0129348 0.02668691 -0.02431521
v -0.01064062 0.02666597 -0.02523211
v -0.0129225 0.02665191 -0.02599948
v -0.04541574 0.009598475 -0.0398727
v -0.00588467 0.02693203 -0.03546949
v -0.008043997 0.02646296 -0.03468426
v -0.04409766 0.01338064 -0.03974548
v -0.006172199 0.02736653 -0.03875449
v -0.04370373 0.01093235 -0.03975062
v -0.007875107 0.02676304 -0.02467681
v -0.0470978 0.01300303 -0.0387474
v -0.04573543 0.01555563 -0.03925886
v -0.04611421 0.01283708 -0.03951589
v -0.02845594 0.0267768 -0.01792796
v -0.01047853 0.02670611 -0.02344121
v -0.00415222 0.02735114 -0.03744797
v -0.02684821 0.02680379 -0.01892786
v -0.04498464 0.01402835 -0.03962736
v -0.006068427 0.02705183 -0.03475667
v -0.007827323 0.02711996 -0.03441094
v -0.007876959 0.02726533 -0.03344924
v -0.006015826 0.02740095 -0.03430596
v -0.003954455 0.02674875 -0.02420931
v -0.00305387 0.02684564 -0.02587085
v -0.03384775 0.02642059 -0.01895107
v -0.03588936 0.02608605 -0.0203621
v -0.03551482 0.02608768 -0.01860393
v -0.00622635 0.02669377 -0.02301417
v -0.04425664 0.01684462 -0.0395934
v -0.003013413 0.02693287 -0.03495828
v -0.003672842 0.02747014 -0.03424831
v -0.005079538 0.0271771 -0.03233327
v -0.0009051561 0.02709955 -0.03477366
v 0.001027524 0.02704764 -0.03476857
v 0.0002877302 0.02699935 -0.03536019
v -0.03459271 0.02615146 -0.01507075
v -0.001904815 0.02753418 -0.03414974
v -0.04211654 0.01646069 -0.03968401
v -0.04133473 0.01431628 -0.03961214
v -0.003137995 0.0273702 -0.03266138
v -0.04299647 0.01840086 -0.0396117
v -0.04029407 0.0185123 -0.03960639
v -0.002392206 0.02719356 -0.031519
v -0.03275074 0.02649499 -0.01566952
v -0.03187408 0.02662675 -0.0181015
v -0.004578192 0.02667163 -0.02201359
v 0.000176046 0.0275035 -0.03411786
v -0.002194569 0.02675289 -0.02369699
v -0.04634626 0.01539129 -0.03878271
v -0.04549573 0.01774203 -0.03841666
v 0.001920301 0.0276125 -0.03409924
v -0.04441625 0.0190744 -0.03884485
v -0.008145116 0.02663698 -0.02165345
v -0.03075515 0.0266766 -0.01679198
v -0.04099581 0.02047182 -0.03952651
v -0.04242172 0.02057575 -0.03912335
v -0.005504467 0.02702777 -0.03032091
v -0.04039562 0.02221732 -0.03918539
v -0.04133834 0.02256465 -0.03854546
v -0.005757924 0.02697608 -0.02900231
v -0.005523823 0.0265728 -0.01865462
v -0.0445575 0.01996329 -0.03572076
v -0.04350147 0.021428 -0.03664793
v -0.04513602 0.01909132 -0.03744519
v -0.0433544 0.02101192 -0.03824621
v -0.00399413 0.02665969 -0.02019238
v -0.002254747 0.02665531 -0.0211917
v -0.03991413 0.02418903 -0.03781482
v -0.03868259 0.02476977 -0.03822777
v -0.002027184 0.0269318 -0.02841173
v -0.03517152 0.007031105 -0.03928062
v -0.0003140792 0.01112826 -0.03830476
v 0.001771275 0.01421085 -0.03843607
v -0.0319441 0.005754383 -0.0391097
v -0.02882162 0.02665582 -0.0154268
v -0.02723291 0.02676233 -0.01681686
v -0.003841944 0.02682666 -0.02716509
v -0.03091898 0.02662062 -0.01497916
v -0.03334854 0.01034117 -0.03910184
v -0.0006853826 0.02681397 -0.02453912
v -0.03174068 0.02652377 -0.01306534
v -0.0296678 0.02665349 -0.01335475
v -0.03005719 0.008438021 -0.0389588
v -0.02780164 0.005729215 -0.03888909
v 0.008320983 0.01081754 -0.03834436
v -0.0237059 0.02675952 -0.02040396
v -0.0264822 0.002727564 -0.03888602
v -0.02755448 0.02670965 -0.01374678
v -0.02133966 0.02665433 -0.01971615
v -0.0245305 0.005883038 -0.03874875
v 0.004241969 0.01526822 -0.03849338
v 0.007152226 0.01391169 -0.03845501
v -0.03197166 0.02713064 -0.03090232
v -0.03313594 0.02709388 -0.03245671
v -0.03362916 0.02687326 -0.0306303
v -0.02283224 0.02671956 -0.01787162
v 0.002646159 0.01734989 -0.0386261
v 0.006349267 0.0169103 -0.03861133
v -0.02073106 0.02663624 -0.01760492
v -0.01959013 0.02669023 -0.0192922
v 0.003653457 0.01972706 -0.03875338
v -0.02950124 0.01169583 -0.03886655
v -0.02666382 0.01030366 -0.03877906
v -0.02970475 0.02699337 -0.03064165
v -0.02905954 0.02712014 -0.03306918
v -0.03052488 0.02718877 -0.03158256
v -0.0188127 0.02671663 -0.02156085
v -0.018138 0.02656098 -0.01869658
v -0.01964765 0.02664101 -0.01564844
v -0.0213384 0.02662896 -0.01514345
v -0.01839135 0.02660346 -0.01676049
v -0.02381162 0.02705528 -0.03137016
v -0.02498879 0.02708428 -0.03279991
v -0.02571514 0.02707819 -0.03068473
v -0.01784725 0.02649469 -0.01457353
v -0.023026 0.02664018 -0.01668649
v -0.02993005 0.02694996 -0.02548755
v 0.006554848 0.01995816 -0.03878777
v 0.009933515 0.01741316 -0.03865101
v 0.008634266 0.02076777 -0.03883966
v -0.02702313 0.01494994 -0.03875601
v -0.02542812 0.01328831 -0.03872521
v -0.02723794 0.02690701 -0.02562396
v -0.02151981 0.007473517 -0.03860423
v -0.0228307 0.01156857 -0.03865705
v -0.02114959 0.02656023 -0.01320922
v -0.02620596 0.02686006 -0.02407194
v -0.0220354 0.02650453 -0.01117248
v -0.02627478 0.02684729 -0.02195171
v -0.02352196 0.01491386 -0.03870678
v -0.01981375 0.0265768 -0.01232225
v -0.04123448 0.01040037 -0.03959514
v -0.02085573 0.02650588 -0.009969097
v 0.01040305 0.01387222 -0.0384803
v -0.03819348 0.009227909 -0.03943096
v -0.01253945 0.02644322 -0.01479569
v -0.01236399 0.02652301 -0.01724926
v -0.01487618 0.02640658 -0.0142724
v -0.04019065 0.01204012 -0.03952994
v -0.009927496 0.0264851 -0.01642064
v -0.02565335 0.02678373 -0.01985358
v 0.01275129 0.01594373 -0.03860947
v -0.01087778 0.02654278 -0.01812247
v -0.01219301 0.02659325 -0.01983495
v 0.0155827 0.01305324 -0.0385451
v -0.03671405 0.0113267 -0.03929998
v -0.0203624 0.0007447712 -0.03866612
v -0.007536378 0.02653307 -0.01640034
v -0.006226294 0.02644926 -0.01761448
v -0.008179769 0.02652081 -0.01810127
v -0.02348469 0.001917979 -0.03877928
v -0.03850482 0.01462179 -0.03939787
v 0.01556705 0.0170589 -0.03871777
v -0.005272023 0.02649312 -0.01593228
v -0.006877318 0.02645014 -0.01510882
v -0.008535892 0.02640391 -0.01275616
v -0.01037378 0.02647379 -0.01419408
v 0.01844663 0.01612439 -0.03871839
v -0.01637955 0.00237805 -0.03849789
v -0.006482124 0.02645006 -0.01302957
v 0.005443471 0.02274422 -0.0389446
v -0.03514566 0.01358883 -0.03917482
v 0.01324943 0.01989168 -0.03882182
v -0.01296583 0.02634579 -0.007254586
v -0.0124798 0.02640215 -0.01035026
v -0.01464733 0.02642545 -0.01019534
v -0.01123907 0.02632885 -0.008414268
v -0.01205016 0.02638221 -0.01241462
v -0.01032708 0.02641004 -0.01189285
v 0.009143511 0.02303106 -0.03902345
v 0.01202271 0.02279885 -0.03899096
v -0.03217468 0.01266447 -0.03899087
v -0.0101566 0.02641693 -0.01007088
v -0.03385425 0.01631775 -0.03909091
v 0.004539888 0.02469564 -0.04045276
v 0.005945263 0.02553894 -0.04076107
v 0.006698143 0.0246695 -0.0404266
v -0.009320848 0.02636693 -0.008540161
v 0.006093649 0.02650419 -0.04063259
v 0.007649932 0.02592878 -0.04080179
v 0.008072469 0.02680921 -0.04056983
v 0.009481531 0.02587436 -0.04090699
v 0.0117894 0.02473888 -0.04040513
v 0.009294476 0.02471706 -0.04042999
v 0.007337077 0.02349874 -0.03924632
v 0.01035473 0.02379353 -0.03941811
v -0.008135181 0.02632391 -0.01094284
v -0.005785886 0.02644494 -0.01067581
v -0.02106186 0.00423234 -0.03862041
v 0.01300744 0.02380617 -0.03937427
v -0.002913617 0.026582 -0.01837979
v -0.0003052615 0.02667427 -0.01997056
v 0.01263221 0.02552457 -0.04073398
v 0.01147436 0.02615952 -0.04083968
v 0.009824367 0.02692942 -0.04057796
v 0.012134 0.0268862 -0.04072606
v 0.01406908 0.024762 -0.04038268
v -0.0005813949 0.02661512 -0.01825387
v -0.03617801 0.01895794 -0.03929455
v -0.03849629 0.02098478 -0.03953188
v 0.002038676 0.02678923 -0.02308861
v -0.01711508 0.005905325 -0.03849535
v 0.00392833 0.02689167 -0.0240002
v 0.005650699 0.0271051 -0.0401268
v 0.00605021 0.02679228 -0.03679866
v 0.006833611 0.02720852 -0.03934102
v 0.00408805 0.02725839 -0.03627368
v -4.027411e-05 0.02676966 -0.02191633
v -0.03137054 0.01837896 -0.03890106
v -0.03318333 0.02123697 -0.0390605
v 0.003102219 0.02756854 -0.03878066
v 0.001311403 0.02724327 -0.0367169
v -0.03569804 0.02267623 -0.03937836
v 0.006778879 0.02667207 -0.036009
v 0.008947583 0.02751947 -0.03863268
v -0.03683358 0.0232528 -0.03942848
v 0.00947945 0.02726181 -0.03631628
v 0.003016019 0.02676017 -0.02050887
v 0.009406677 0.0270366 -0.03472731
v 0.01074961 0.02710205 -0.03509058
v -0.03101737 0.020977 -0.03891302
v 0.005564667 0.02690657 -0.02359983
v 0.01744055 0.01833415 -0.03881299
v -0.03240702 0.02376588 -0.03916738
v 0.01674145 0.02115926 -0.03891524
v -0.03413858 0.02471122 -0.03924571
v 0.00494726 0.02686692 -0.02214047
v 0.00728995 0.02698904 -0.02410508
v -0.03860733 0.02296895 -0.03940829
v 0.006902535 0.0268862 -0.02234872
v 0.009390056 0.02698046 -0.02241111
v 0.01460676 0.02286324 -0.03900407
v -0.01830408 0.0102867 -0.03853505
v -0.03844153 0.02411209 -0.03888642
v 0.005641717 0.02679158 -0.02073167
v -0.03608707 0.02502216 -0.03899739
v 0.02151194 0.0142244 -0.03870873
v -0.01323907 0.005145799 -0.03839485
v -0.01506816 0.007689269 -0.03843285
v -0.03963897 0.02469824 -0.03684275
v -0.03065115 0.01524566 -0.03889117
v -0.0125494 0.0001630634 -0.03845349
v 0.01950105 0.02062811 -0.03891523
v 0.005582459 0.02680752 -0.01903495
v 0.008211248 0.02686112 -0.0194792
v 0.02088488 0.01840481 -0.03884544
v 0.01676898 0.02477882 -0.04035453
v 0.01993781 0.02395924 -0.03946662
v 0.01631165 0.02389836 -0.03939632
v -0.02777687 0.01853884 -0.03877595
v 0.01743534 0.02301484 -0.03904853
v 0.002076 0.02668642 -0.01819757
v 0.0150326 0.02657773 -0.04085054
v 0.01566911 0.02540963 -0.04064943
v 0.02022766 0.02305858 -0.03903268
v -0.02528322 0.01772177 -0.03876637
v 0.02282046 0.02097198 -0.03894234
v -0.02906249 0.02019975 -0.03885431
v 0.002114885 0.02650897 -0.01706246
v 0.02251673 0.02321247 -0.03909702
v 0.008733615 0.02696479 -0.02099228
v 0.002721816 0.02694854 -0.03478502
v 0.005290745 0.02770882 -0.03392607
v 0.005385296 0.02694075 -0.03453256
v 0.004535111 0.02695483 -0.03467274
v 0.006329594 0.02713525 -0.03422312
v 0.001798961 0.02739148 -0.03299845
v 0.003338765 0.02757061 -0.03381879
v 0.003110873 0.02754561 -0.03299242
v 0.01090762 0.0269611 -0.02027245
v -0.008492015 -0.0008828193 -0.03842672
v 0.007206157 0.02758597 -0.03402076
v 0.008233162 0.02694946 -0.03467255
v 0.006837582 0.02647705 -0.0342321
v -0.00536833 -0.001379779 -0.03841031
v -0.03230343 0.02516988 -0.03928747
v -0.03048622 0.02510839 -0.03940379
v -0.01231511 0.002415491 -0.03839102
v -0.02954731 0.02595821 -0.03950884
v -0.03174448 0.02666222 -0.03879244
v -0.03378358 0.02644043 -0.03865526
v 0.01480643 0.02711763 -0.02177931
v -0.03304511 0.02715941 -0.03701128
v -0.0303716 0.02736305 -0.03637051
v -0.03081964 0.02735236 -0.0345391
v -0.01140014 0.004351068 -0.03837788
v 0.01651543 0.02709851 -0.01982626
v 0.01423922 0.0270112 -0.01918513
v -0.01022702 0.002949931 -0.03834552
v -0.007832296 0.004951544 -0.03828628
v 0.01783326 0.02712191 -0.02026452
v 0.01113497 0.02686962 -0.01772247
v 0.01637615 0.02694526 -0.01685129
v 0.0185251 0.02708871 -0.01777549
v -0.006310537 0.001743073 -0.03829175
v 0.007858934 0.02683749 -0.018086
v 0.006075585 0.02657835 -0.01662287
v 0.008511459 0.02672357 -0.01674118
v 0.01030999 0.02665089 -0.01676979
v 0.008334134 0.02671714 -0.01541338
v 0.01081318 0.02675903 -0.01565213
v 0.0106587 0.02673445 -0.01378838
v -0.01984105 0.01280233 -0.03862925
v 0.01276239 0.02666288 -0.01663035
v 0.01385301 0.02691229 -0.01742972
v 0.01453566 0.02681571 -0.01474608
v 0.01274131 0.02673949 -0.01366266
v 0.01375533 0.02675272 -0.01220214
v 0.01567897 0.02672732 -0.0115783
v 0.01499016 0.02675498 -0.01637215
v -0.01418982 0.01138223 -0.03846959
v -0.0003821589 0.02652557 -0.01531391
v -0.0009530745 0.02635355 -0.0170055
v -0.002036527 0.02647834 -0.01678427
v -0.001809102 0.02643535 -0.01358902
v -0.004107166 0.02649067 -0.01338159
v -0.00462712 0.02639816 -0.0117932
v -0.01250965 0.008348377 -0.03838964
v -0.002728343 0.02643116 -0.01183815
v 0.000361491 0.02642915 -0.01258922
v -0.0008441322 0.02640475 -0.01063027
v -0.01641089 0.01426473 -0.03862514
v 0.0009569265 0.02651967 -0.01146963
v 0.005114302 0.02655866 -0.01260786
v 0.002660621 0.02647382 -0.01304621
v 0.003090244 0.02652631 -0.01067755
v 0.0004890151 0.02636091 -0.01022481
v -0.006316498 0.02633275 -0.007752592
v -0.006973378 0.02635409 -0.009239594
v -0.004272457 0.02632501 -0.009673797
v -0.01395205 0.01482976 -0.03859129
v -0.001982868 0.02636596 -0.007841272
v 0.0005253814 0.0264435 -0.008947503
v 0.002377596 0.02644051 -0.007615963
v -0.003529642 0.02630193 -0.00613308
v -0.004387915 0.02635964 -0.007891614
v 0.0002872124 0.02634795 -0.006714405
v -0.01015472 0.007580616 -0.03832299
v 0.001833111 0.02627967 -0.003851719
v 0.004123149 0.02644797 -0.007829817
v 0.005114743 0.0265284 -0.01085303
v 0.006616753 0.02656631 -0.009687167
v 0.006819928 0.02646216 -0.007810833
v -0.006898388 0.008114342 -0.03828462
v -0.004052646 0.003645549 -0.03825411
v 0.004535293 0.02635188 -0.005000565
v -0.008101843 0.01009206 -0.03833412
v 0.006740849 0.02636909 -0.005376481
v -0.001626723 0.00585687 -0.03823076
v -0.003211509 0.008293869 -0.0382489
v -0.004403226 0.01062073 -0.03830595
v 0.002995048 0.02665456 -0.01543404
v 0.001621358 0.02652382 -0.0140001
v 0.007383715 0.0267304 -0.01374215
v 0.006051864 0.02666875 -0.01480225
v 0.009198919 0.02659181 -0.01148866
v 0.007140927 0.02664217 -0.01142498
v -0.0102195 0.01035696 -0.03837237
v 0.01088446 0.02665152 -0.01109419
v 0.01283258 0.0266321 -0.01063818
v 0.009291988 0.02646414 -0.008167576
v 0.01211916 0.02655653 -0.008949758
v 0.01566634 0.02661864 -0.00920715
v 0.008593494 0.02638008 -0.005163006
v 0.01078293 0.02646214 -0.007069737
v 0.01258442 0.02652938 -0.00725509
v 0.01098649 0.02640697 -0.005226236
v 0.01440485 0.02657159 -0.00785917
v 0.009056978 0.0263387 -0.003248621
v -0.00359669 0.0006115194 -0.0383013
v 0.01770307 0.02562989 -0.04075465
v 0.01686725 0.02654675 -0.04085707
v 0.0198509 0.02540711 -0.04065434
v 0.01993273 0.02478191 -0.04034607
v 0.01937572 0.02653801 -0.04084095
v 0.02111291 0.02662837 -0.04069879
v 0.02266188 0.02513289 -0.04057401
v -0.0008113123 0.001449272 -0.03826538
v 0.02481844 0.02490813 -0.0403226
v 0.02320443 0.02406064 -0.03946651
v 0.022821 0.02631597 -0.04078232
v 0.02511402 0.02592865 -0.04070972
v 0.02276718 0.02709674 -0.04049269
v 0.02438055 0.02706392 -0.04064265
v 0.02138701 0.02747242 -0.03941063
v 0.02337854 0.0278907 -0.03780164
v 0.02467769 0.02814347 -0.03870358
v 0.020939 0.02715782 -0.03685321
v 0.02215814 0.02730405 -0.03629443
v 0.01616499 0.02795171 -0.03397754
v 0.001189202 0.00347461 -0.03824221
v 0.02132009 0.02791095 -0.03408861
v 0.02283735 0.02762447 -0.03478014
v 0.02145788 0.02702441 -0.03451684
v 0.01898337 0.02797389 -0.03403815
v 0.02198001 0.02797008 -0.03291574
v 0.0148381 0.02770723 -0.03299042
v 0.01737605 0.02779712 -0.03222767
v 0.02040954 0.02774675 -0.0313233
v 0.02226088 0.02783122 -0.03166023
v 0.02017635 0.02755179 -0.02858867
v -0.04709911 0.01515136 -0.02742946
v -0.04732604 0.01451483 -0.02898459
v -0.04759651 0.01350775 -0.02758892
v -0.04715925 0.01448782 -0.02533697
v -0.04642979 0.0169267 -0.02982825
v -0.04635081 0.01680856 -0.02530565
v -0.04526031 0.01902701 -0.03038494
v -0.04417364 0.02058308 -0.02992549
v -0.02706835 0.026664 -0.01170251
v -0.01262801 0.02698397 -0.04042226
v -0.01904158 0.02689189 -0.02857209
v -0.02081164 0.02688854 -0.02885333
v -0.02071327 0.02678013 -0.02783749
v -0.02123789 0.02698248 -0.03011418
v -0.01991098 0.02689858 -0.03081207
v -0.04720272 0.01457821 -0.02393335
v -0.01874851 0.02710245 -0.03140536
v -0.0191444 0.02682418 -0.0295052
v -0.04677711 0.01563795 -0.02436929
v -0.01750526 0.02680078 -0.03014015
v -0.04655471 0.01652828 -0.02332221
v -0.01576385 0.02689981 -0.02949353
v -0.01633095 0.02708905 -0.03217772
v -0.04590274 0.01770867 -0.02435901
v -0.01732365 0.0268244 -0.02700127
v -0.009510674 0.02685647 -0.04026586
v -0.01157466 0.02734803 -0.03976452
v -0.01507161 0.02674734 -0.02741842
v -0.04340243 0.02143277 -0.02542642
v -0.04336363 0.02136657 -0.0237155
v -0.007765274 0.02705666 -0.03979798
v -0.01373066 0.02673974 -0.02703116
v -0.003281064 0.02732451 -0.04015384
v -0.005373918 0.02721393 -0.03987009
v -0.03799255 0.02563567 -0.03415262
v -0.00129433 0.02759813 -0.03897258
v -0.0231208 0.02685499 -0.02722262
v 0.002854295 0.02724617 -0.04032217
v 0.001383405 0.02743518 -0.03987405
v -0.03610656 0.02631135 -0.03129728
v -0.03546518 0.02663956 -0.03467827
v -0.01772744 0.02720666 -0.03999755
v -0.01446125 0.02734239 -0.03980167
v -0.03413408 0.02697355 -0.03386465
v -0.01911195 0.02742917 -0.03895132
v -0.0474773 0.01372673 -0.03748025
v -0.0186452 0.02731219 -0.03681564
v -0.04771605 0.01299854 -0.03301893
v -0.04744092 0.01432933 -0.03629436
v -0.04706591 0.01546836 -0.03257922
v -0.01581145 0.02655576 -0.02070535
v -0.01642152 0.0266261 -0.0194143
v -0.04637633 0.01697033 -0.03738845
v -0.04049026 0.02413227 -0.02771922
v -0.01924779 0.02706199 -0.03529134
v -0.01682635 0.02731731 -0.03438471
v -0.01482632 0.02737462 -0.03422688
v -0.0167913 0.02710414 -0.03296832
v -0.04125471 0.02340979 -0.02439684
v -0.04032214 0.0241441 -0.02659323
v -0.03984502 0.02437996 -0.0252014
v -0.03944115 0.02448315 -0.02596244
v -0.03704673 0.02586273 -0.02676936
v -0.03477144 0.02660963 -0.02822092
v -0.03187528 0.02704179 -0.0283655
v -0.03783523 0.02532111 -0.02566743
v -0.0384852 0.02514549 -0.02439636
v -0.03560872 0.02630186 -0.02550804
v -0.009834204 0.02661668 -0.0213537
v -0.03461856 0.0264845 -0.02595796
v -0.03334823 0.02681737 -0.02584669
v -0.03520088 0.02628888 -0.02378808
v -0.04683724 0.01548566 -0.02142729
v -0.04633796 0.016617 -0.0201308
v -0.04677117 0.01539304 -0.02029297
v -0.046786 0.01541739 -0.0184539
v -0.00349341 0.02690974 -0.02914301
v -0.04361934 0.02092482 -0.01979641
v -0.04197402 0.0227991 -0.02234818
v -0.03595112 0.02594212 -0.03838191
v -0.04646162 0.01641146 -0.0173021
v -0.03713741 0.02602621 -0.03664146
v -0.04606974 0.01701282 -0.01664669
v -0.04651015 0.0162019 -0.01308609
v -0.01497031 0.02650347 -0.01842648
v -0.04688545 0.01502737 -0.01221863
v -0.04612659 0.01677685 -0.01227519
v -0.01690252 0.0265289 -0.01617653
v -0.01563134 0.0263621 -0.01569419
v -0.01598953 0.0264738 -0.01376057
v -0.04281582 0.02167422 -0.01734131
v -0.04250629 0.02216853 -0.0197676
v -0.0419183 0.02269125 -0.0184886
v 0.009069521 0.02733502 -0.03986229
v 0.01167079 0.02761045 -0.03998221
v -0.03485721 0.0267178 -0.03722306
v -0.01618253 0.02643686 -0.0120933
v -0.04086417 0.02373856 -0.02310898
v -0.03910193 0.02471675 -0.02362054
v -0.01802281 0.02643376 -0.01195448
v -0.01898896 0.02641915 -0.009548845
v -0.04105005 0.02334577 -0.0216103
v 0.01326891 0.02775847 -0.03862955
v -0.03907304 0.024791 -0.02231533
v -0.03730915 0.02559691 -0.02257795
v -0.02335848 0.02667918 -0.03958888
v -0.003666438 0.02641279 -0.01696876
v 0.01435497 0.02725033 -0.03525582
v 0.01158478 0.02719682 -0.03449766
v -0.02721199 0.02715295 -0.03275112
v -0.02362413 0.02720902 -0.03296274
v 0.005973857 0.02672403 -0.03490097
v -0.01456243 0.02645957 -0.01231695
v -0.0219961 0.02711296 -0.03260006
v -0.01679333 0.02649596 -0.01025641
v -0.01606702 0.02639244 -0.009361424
v -0.04794827 0.01262872 -0.03088055
v -0.04774155 0.01321517 -0.03136122
v -0.04696473 0.01550652 -0.03124979
v 0.0006794371 0.02653896 -0.01649005
v 0.004777513 0.02658466 -0.01682806
v -0.02702415 0.02696509 -0.03056962
v -0.02950347 0.02703856 -0.02876363
v -0.02728527 0.02692533 -0.02890155
v -0.02431377 0.02690709 -0.02874887
v -0.0218261 0.02692027 -0.03088989
v -0.02299507 0.02702015 -0.0300433
v -0.02574414 0.02700914 -0.02768463
v -0.03074086 0.02709576 -0.02750904
v -0.02772484 0.02702159 -0.02770068
v -0.02705198 0.02706977 -0.02717723
v 0.01465525 0.02758771 -0.04012465
v 0.01848213 0.02721623 -0.04056916
v 0.01592819 0.0271128 -0.04065595
v 0.01708046 0.02787853 -0.03915818
v 0.01822175 0.02768056 -0.03995324
v 0.02100544 0.02720997 -0.04014283
v 0.02496498 0.02781551 -0.0400835
v 0.01945909 0.02769829 -0.03837514
v 0.01834155 0.0277067 -0.0372496
v 0.01694366 0.02733373 -0.03469521
v 0.01830513 0.02739157 -0.03490856
v 0.02005066 0.02726148 -0.03452557
v 0.0479432 0.001521513 -0.01678129
v 0.04786567 0.002013149 -0.01836511
v 0.04787774 0.003660731 -0.01669898
v 0.0479558 -0.003920466 -0.002361964
v 0.04795939 -0.004689798 0.000251282
v 0.04806592 -0.006456532 -0.001900584
v 0.04802643 -0.006355308 0.0003313795
v 0.04806829 -0.006974544 -0.0005257316
v 0.02962335 0.01447538 -0.03890378
v 0.02797122 0.009262729 -0.038805
v 0.02576518 0.01470935 -0.03880589
v 0.04795672 -7.841364e-05 -0.01566049
v 0.04792542 0.002362026 -0.0148495
v 0.04790377 -0.002753461 -0.0004874654
v 0.04801201 6.888062e-06 -0.01403479
v 0.01838019 -0.0147644 -0.03952853
v 0.02837359 0.01717483 -0.0389321
v 0.04784751 -0.00358206 -0.003429357
v 0.04803392 -0.005377222 -0.003903374
v 0.04801764 -0.004228806 -0.005107149
v 0.04799701 0.001169644 -0.01264146
v 0.04802706 -0.001664931 -0.0128467
v 0.04792545 -0.0018204 -0.003836963
v 0.04795228 -0.002000388 -0.006432984
v 0.02218273 -0.01526364 -0.03960905
v 0.02120809 -0.01252166 -0.03932859
v 0.02441117 0.01767918 -0.03886977
v 0.04792918 0.003653768 -0.01261291
v 0.04789226 0.004719878 -0.01442888
v 0.02633606 -0.01956297 -0.04119378
v 0.04782892 0.003958065 -0.0182974
v 0.04789802 0.0004960857 -0.004618559
v 0.04792041 0.0003929418 -0.006944649
v 0.02722936 -0.01896378 -0.04049157
v 0.04781952 0.005109441 -0.01723039
v 0.04775476 0.006565932 -0.01612117
v 0.02969178 -0.02032958 -0.04075325
v 0.02809593 -0.01813689 -0.0401722
v 0.04776785 0.006059092 -0.01883502
v 0.0310555 -0.01792946 -0.04038208
v 0.04772811 0.007240931 -0.01967806
v 0.04770459 0.008492498 -0.01862364
v 0.04780329 -0.0007382445 -0.002250746
v 0.02582697 -0.01845757 -0.04025167
v 0.0238397 -0.01797516 -0.03997743
v 0.04780138 0.007307075 -0.01438874
v 0.04785822 0.006386928 -0.01251924
v 0.02581786 -0.01670434 -0.03985056
v 0.04788251 0.001141185 -0.002019286
v 0.04771496 0.008508788 -0.01612652
v 0.04787957 0.0004154164 -0.0001171902
v 0.04789668 -0.008808937 0.003581036
v 0.0480011 -0.006125364 0.002809536
v 0.04799841 -0.00645294 0.004475206
v 0.04780129 -0.009630859 0.001643565
v 0.04803926 -0.007762302 0.001630906
v 0.04791994 0.002078639 -0.01156049
v 0.04787392 -0.004636791 0.001877874
v 0.0479422 0.001850683 -0.009960435
v 0.04790026 0.005036162 -0.010453
v 0.0478452 0.004877802 -0.0116243
v 0.0318136 0.01736191 -0.03905063
v 0.02751499 0.02130708 -0.03897822
v 0.04786904 0.0032936 -0.007733218
v 0.04792273 -0.003999181 0.00324868
v 0.02827706 -0.01584293 -0.03985443
v 0.02542203 -0.01264572 -0.03942041
v 0.04779411 0.007229853 -0.01163381
v 0.0480451 -0.008040648 0.004728206
v 0.0296303 0.01997236 -0.03900263
v 0.04782661 0.008314796 -0.01233793
v 0.04799534 -0.007095516 0.006666385
v 0.04790028 -0.004254388 0.005525198
v 0.03333417 0.02025407 -0.03908951
v 0.04782455 -0.001541052 0.001714163
v 0.04779549 0.008168852 -0.01041881
v 0.04776676 0.007521968 -0.009285178
v 0.04777557 0.007037099 -0.007637274
v 0.03392543 0.00634959 -0.03903989
v 0.0310313 0.01068902 -0.03893045
v 0.03415123 0.01100679 -0.03909654
v 0.04771971 0.01023857 -0.0120817
v 0.04783835 -0.002103912 0.0039743
v 0.04775642 0.009349823 -0.009230131
v 0.02367157 -0.009901941 -0.03916744
v 0.04429418 0.01982624 -0.01774672
v 0.04482778 0.01907288 -0.01614045
v 0.04487044 0.01911932 -0.01860796
v 0.03638129 0.008536287 -0.03918309
v 0.04755549 0.01080739 -0.01864327
v 0.04763006 0.01027281 -0.02058355
v 0.04744337 0.01194746 -0.02080154
v 0.02944607 -0.01272232 -0.03961539
v 0.03842597 0.01010431 -0.0393409
v 0.03855427 0.007627912 -0.03931523
v 0.02903804 -0.00968897 -0.03933802
v 0.04780661 0.0004181005 0.003440764
v 0.04773796 0.002014771 0.001984723
v 0.0476316 0.01098722 -0.01400642
v 0.0325299 -0.01624602 -0.04020895
v 0.04720228 0.01334896 -0.0189738
v 0.04659219 0.01544291 -0.02447714
v 0.04602908 0.01678075 -0.01974053
v 0.03259011 -0.01388459 -0.03991305
v 0.04795302 -0.001604829 0.002896227
v 0.04728954 0.01282911 -0.01204615
v 0.04686371 0.0143026 -0.01391002
v 0.04631181 0.01584601 -0.0113271
v 0.04761514 0.01084937 -0.01597541
v 0.0374289 0.01548213 -0.03926831
v 0.04065573 0.01437786 -0.0394003
v 0.04755016 0.01118805 -0.01046272
v 0.04629005 -0.01424938 0.008171842
v 0.04680455 -0.01285082 0.01032294
v 0.04730866 0.01278286 -0.01614645
v 0.04629669 0.01605256 -0.01649468
v 0.04165743 0.01261793 -0.03946488
v 0.04742396 -0.01111352 0.008185167
v 0.0450113 0.01869085 -0.01394968
v 0.04723692 -0.0116336 0.009649757
v 0.0472958 -0.01156456 0.006918654
v 0.04791358 -0.009026915 0.006645702
v 0.0329492 -0.01017836 -0.03950316
v 0.04559941 0.01750492 -0.01270682
v 0.04796655 -0.008525912 0.008521434
v 0.03979415 0.01703351 -0.03933895
v 0.0441101 0.02004653 -0.01530303
v 0.03100513 -0.007483918 -0.03922664
v 0.01999103 0.02727699 -0.02156555
v 0.03433115 -0.00616686 -0.03921218
v 0.04769277 -0.01019502 0.01096455
v 0.0204224 0.02718983 -0.01989541
v 0.04795424 -0.008339953 0.01067645
v 0.03300813 -0.003405623 -0.03903906
v 0.0223589 0.02734282 -0.02178492
v 0.02359689 0.02726105 -0.01891294
v 0.03596827 -0.004245251 -0.03914716
v 0.04789619 -0.004999034 0.0112409
v 0.02165233 0.0271466 -0.01747962
v 0.03328051 0.01424187 -0.03908312
v 0.01619016 -0.0131292 -0.03935191
v 0.04675173 -0.01291237 0.01347733
v 0.01911234 0.02692826 -0.01640592
v 0.04712117 -0.01221387 0.01101496
v 0.01804085 -0.01069769 -0.03913623
v 0.02470798 0.02712039 -0.01641971
v 0.0225317 0.0269421 -0.01598556
v 0.02704268 0.02720279 -0.01651266
v 0.02590353 0.02736669 -0.01891742
v 0.04761481 -0.0104266 0.01394874
v 0.01779752 0.02683111 -0.01544924
v 0.01946137 0.02689772 -0.01492157
v 0.01780793 0.02683721 -0.01385461
v 0.02100724 0.02696154 -0.01495738
v 0.04709129 -0.01228275 0.01550566
v 0.01642558 0.02686336 -0.01380537
v 0.03600212 0.0183332 -0.03920717
v 0.01792652 -0.006448846 -0.03881517
v 0.01986805 0.02687096 -0.01233775
v 0.02030847 -0.009072561 -0.03903721
v 0.02398207 0.02707336 -0.01501567
v 0.04731829 -0.01167081 0.01837154
v 0.02271182 0.02697237 -0.01153833
v 0.0265948 0.02717957 -0.01436742
v 0.04780288 -0.00950475 0.01828247
v 0.02554324 0.02709792 -0.01184042
v 0.04790722 -0.008979291 0.01293975
v 0.04786687 -0.009166222 0.01537479
v 0.02382899 0.02700824 -0.01002003
v 0.01984308 -0.005148038 -0.03880958
v 0.02357421 -0.007279541 -0.03900046
v 0.04111701 -0.00564944 -0.03947017
v 0.03888092 -0.005302969 -0.03929458
v 0.03851015 -0.002997875 -0.03925089
v 0.04794546 -0.006961625 0.01258416
v 0.02820847 0.02724138 -0.01234252
v 0.02688998 0.02710576 -0.009660307
v 0.02894337 0.02714426 -0.009986982
v 0.03970855 0.001106987 -0.03926905
v 0.03669303 6.449781e-05 -0.03911724
v 0.04239228 -0.002946446 -0.03956295
v 0.01869369 -0.002106939 -0.03862539
v 0.04794273 -0.007874496 0.01742265
v 0.04786668 -0.0052514 0.01715148
v 0.02058794 -0.003044618 -0.03869372
v 0.04783567 -0.002891373 0.01428137
v 0.04404297 -0.004451644 -0.03977935
v 0.04303672 -0.006828643 -0.03966226
v 0.04571659 -0.006254051 -0.04000784
v 0.01840806 0.02677923 -0.01073413
v 0.01912069 0.0267147 -0.008776885
v 0.01790982 0.02667385 -0.007828668
v 0.04546311 -0.003677579 -0.04024146
v 0.0228642 -0.003552955 -0.03880106
v 0.04642888 -0.003184803 -0.04041903
v 0.01612694 0.02662771 -0.006807461
v 0.04350937 -0.001955589 -0.03990029
v 0.04788992 -0.004680619 0.00876588
v 0.04790499 -0.00401156 0.007115532
v 0.04543062 -0.001548002 -0.04094555
v 0.02134906 0.02682822 -0.009409457
v 0.04781354 -0.0006919187 0.00667797
v 0.02363756 -0.000833258 -0.03871119
v 0.02158449 0.0268497 -0.00782305
v 0.02469046 0.02696076 -0.007902045
v 0.02064466 0.001553681 -0.03858694
v 0.04278146 0.001338666 -0.03975537
v 0.0417744 0.000592459 -0.03948991
v 0.047876 -0.003455861 0.01003768
v 0.01946418 0.02672359 -0.006344423
v 0.02655403 -0.00233339 -0.03883434
v 0.04780073 -0.001075469 0.009191565
v 0.02352371 0.002985705 -0.03866961
v 0.02209198 0.026812 -0.005651463
v 0.02689595 0.000908114 -0.03879772
v 0.04236686 0.003607716 -0.03962844
v 0.04296708 0.005302247 -0.03999475
v 0.04431224 0.004241847 -0.0408942
v 0.01495658 0.02653361 -0.00588648
v 0.02578703 0.003769698 -0.03872889
v 0.01334648 0.02645576 -0.004895885
v 0.04779815 0.001364343 0.005037975
v 0.04771164 0.003698787 0.003962643
v 0.04484499 3.372133e-05 -0.04112061
v 0.04656222 -0.0009806603 -0.0410159
v 0.04774204 0.003908679 0.005291086
v 0.04611644 -0.0001567025 -0.04128294
v 0.01758157 0.02660875 -0.004725844
v 0.01735918 0.001020603 -0.03850342
v 0.04450098 0.002500612 -0.04099077
v 0.04410569 0.001195909 -0.04074878
v 0.04552405 0.00214301 -0.04111563
v 0.04631898 0.001582004 -0.04098773
v 0.04675157 0.0007946081 -0.04088492
v 0.04694952 0.001627933 -0.04041132
v 0.01183649 0.02636602 -0.00339919
v 0.01426432 0.02640311 -0.002132785
v 0.01534241 0.02650141 -0.003996126
v 0.01736095 0.02651146 -0.001791716
v 0.04769944 0.002880074 0.009073533
v 0.02072552 0.02666167 -0.002638526
v 0.04769029 0.003431607 0.006691974
v 0.04644714 0.003896052 -0.0409418
v 0.04769095 0.0059506 0.007173698
v 0.04713 0.002615947 -0.03834772
v 0.04740313 0.001684047 -0.03940283
v 0.04712445 0.003107186 -0.03977033
v 0.02658508 -0.006210133 -0.03901561
v 0.04664361 -0.005691689 -0.04000577
v 0.0467826 -0.007630434 -0.03970612
v 0.04747336 -0.005294155 -0.03954273
v 0.04761828 -0.007045496 -0.03896733
v 0.04705667 -0.003577072 -0.04010524
v 0.04775261 -0.001219751 0.0108285
v 0.04785259 -0.002566192 0.01189654
v 0.04782807 -0.004051764 -0.03894501
v 0.02945581 -0.004596364 -0.03901771
v 0.04797103 -0.005737316 -0.03843414
v 0.02857191 0.02706954 -0.007560661
v 0.04789837 -0.008085374 -0.03506976
v 0.04791191 -0.007086728 -0.03614105
v 0.04800868 -0.006171431 -0.03392526
v 0.0478979 -0.003354361 -0.03586221
v 0.04800536 -0.003628459 -0.03849338
v 0.04800973 -0.004621536 -0.03495324
v 0.04776582 8.949451e-05 0.01203028
v 0.02636294 0.02697316 -0.006023381
v 0.03011455 -0.002408855 -0.03893194
v 0.0290213 0.02698929 -0.00526008
v 0.04801239 -0.001997307 -0.03792302
v 0.04773324 0.001310172 0.01425524
v 0.02774066 0.02693894 -0.004024193
v 0.0305062 0.02705811 -0.008573916
v 0.04771316 0.002036251 0.01048064
v 0.03159405 0.02704174 -0.007405112
v 0.03214141 0.02703953 -0.008902654
v 0.04799546 0.0002255924 -0.03870473
v 0.04782359 -0.0002759006 -0.03588234
v 0.0316523 0.02694022 -0.005807959
v 0.03308035 0.02667139 -0.006267074
v 0.04755902 0.001033949 -0.03572527
v 0.04409815 0.005725956 -0.04079788
v 0.04278637 0.006441468 -0.03974253
v 0.04419991 0.008301541 -0.04074773
v 0.045054 0.008278022 -0.04118398
v 0.04487266 0.005898539 -0.04119144
v 0.03132947 0.0002060384 -0.03895107
v 0.0456302 0.004517218 -0.04127542
v 0.03163436 0.0268834 -0.003624685
v 0.03387653 0.02660776 -0.005212966
v 0.04639214 0.00703802 -0.04134654
v 0.02066795 0.02646537 0.001086704
v 0.02327771 0.02670056 -0.001528881
v 0.02557337 0.02684923 -0.003088806
v 0.04718757 0.004418436 -0.04011576
v 0.04742708 0.004086234 -0.03865393
v 0.04775869 0.006066073 -0.03906484
v 0.03461974 -0.001178991 -0.03906669
v 0.04767533 0.004571859 0.0114287
v 0.02708495 0.02678515 -0.001119144
v 0.0316808 -0.02181213 -0.04046537
v 0.03151675 -0.02037473 -0.04077122
v 0.04622115 0.008419525 -0.04131754
v 0.03414917 -0.02200137 -0.03969347
v 0.03463209 -0.02139682 -0.04026931
v 0.03456883 -0.01948891 -0.04069057
v 0.04690215 0.008613966 -0.0409776
v 0.04764257 0.004980391 0.01373524
v 0.04752341 0.006801955 -0.04024789
v 0.04732261 0.009392302 -0.04037397
v 0.04759162 0.007962432 -0.03909145
v 0.04495015 0.01026323 -0.04119644
v 0.03260346 -0.01903072 -0.04065596
v 0.03467369 -0.01759484 -0.04057677
v 0.04606841 0.01107359 -0.04127199
v 0.02942425 0.02686863 -0.002220526
v 0.03716624 -0.02014281 -0.04034373
v 0.04786228 0.002898151 -0.004697874
v 0.03748769 -0.02069555 -0.03973936
v 0.03130978 0.02684436 -0.001483671
v 0.0390409 -0.01970829 -0.03979488
v 0.03890531 -0.02037109 -0.03865973
v 0.03292444 0.02663756 -0.002688076
v 0.03673543 -0.01744406 -0.04068073
v 0.03776939 -0.01832364 -0.04069506
v 0.03589303 -0.01467871 -0.04022254
v 0.02885708 0.02667047 0.001429874
v 0.04779875 0.005473586 -0.006178457
v 0.03769176 -0.01598032 -0.04057682
v 0.03130129 0.0267606 0.001213208
v 0.03965985 -0.01862507 -0.04022694
v 0.04780591 0.001905035 -0.00351952
v 0.04778914 0.00388729 -0.003707949
v 0.03943247 -0.01698761 -0.04068701
v 0.03691592 0.004745767 -0.03916731
v 0.04790833 0.003067914 -0.002653182
v 0.04003567 0.004038192 -0.03933907
v 0.04778762 0.008846724 -0.007992867
v 0.04778913 0.003224429 -0.001559228
v 0.04775271 0.009044118 -0.005686529
v 0.04777779 0.005388953 -0.004746053
v 0.04126915 -0.01657683 -0.04045303
v 0.04773565 0.007790884 -0.004180189
v 0.0429383 -0.01641897 -0.03969306
v 0.04779087 0.008751329 -0.004171032
v 0.04766658 0.01026615 -0.004402943
v 0.04786428 0.005215617 -0.002382427
v 0.04780455 0.006114736 -0.002878014
v 0.04349723 0.02075751 -0.01130383
v 0.04270644 0.02177563 -0.01336428
v 0.04466146 0.01910564 -0.01148363
v 0.03724208 -0.02155794 -0.03459694
v 0.03840467 -0.02085175 -0.03700069
v 0.04353308 0.02070562 -0.009926673
v 0.04241002 0.02220196 -0.01068781
v 0.03986865 -0.01998001 -0.03591094
v 0.04307631 0.02110572 -0.009003514
v 0.0419001 0.02258714 -0.00932299
v 0.04251677 0.02195602 -0.007892719
v 0.04163648 0.02284788 -0.007738767
v 0.03918638 -0.02057546 -0.03266339
v 0.0376202 -0.02153374 -0.03365651
v 0.04123458 0.02302936 -0.00561944
v 0.04235424 0.02202966 -0.006424785
v 0.04179818 0.005608719 -0.03953731
v 0.04654502 0.01515341 -0.008158429
v 0.04727145 0.01265651 -0.008884396
v 0.04780746 0.003769163 -5.871803e-05
v 0.04797355 -0.003976583 -0.03301524
v 0.04594254 0.01665656 -0.009986779
v 0.04767787 0.005994977 -0.001399703
v 0.04162006 -0.01836072 -0.03889678
v 0.04033229 -0.01916313 -0.03935241
v 0.04790558 -0.001483373 -0.03377463
v 0.04152094 -0.01904383 -0.03496131
v 0.04056387 -0.01955075 -0.03732081
v 0.0424536 -0.01788896 -0.03699252
v 0.04482578 0.01892062 -0.009870281
v 0.04390431 -0.01678108 -0.03503469
v 0.04772181 0.005456526 0.0009490624
v 0.04772285 0.00495101 0.002225291
v 0.0453061 0.01787185 -0.008243235
v 0.04787005 0.003667153 0.002677795
v 0.04442618 0.01923604 -0.009199275
v 0.04593651 0.0167194 -0.006397277
v 0.04772621 0.006949594 -0.0003873967
v 0.04769522 0.006972494 0.001465663
v 0.04723327 0.01272526 -0.002779018
v 0.0468889 0.01399753 -0.004600558
v 0.04642558 0.01533861 -0.00260549
v 0.04793686 -0.003441408 -0.03071471
v 0.04018936 -0.01408927 -0.04046004
v 0.04783913 -0.0002948307 -0.03127243
v 0.04224918 -0.01462233 -0.04052131
v 0.04802192 -0.005585384 -0.03047605
v 0.04345866 -0.0148645 -0.04011789
v 0.04579863 0.01684105 -0.003812868
v 0.04772519 0.008412389 -0.001780629
v 0.04225446 -0.01267692 -0.04039344
v 0.04543453 0.01762783 -0.001125768
v 0.04383244 -0.01285966 -0.0403611
v 0.04768981 0.001577955 -0.03475467
v 0.04482424 0.0186879 -0.005494613
v 0.04448053 0.01945265 -0.007284323
v 0.04071828 -0.008698102 -0.03966016
v 0.0440384 -0.01126222 -0.04027731
v 0.04766336 0.00830766 -0.0004308783
v 0.04785627 0.0009032115 -0.03409939
v 0.0435111 0.0206538 -0.007365169
v 0.04331191 0.0207682 -0.006647529
v 0.04716646 0.002688417 -0.03648434
v 0.0470971 0.002258783 -0.03522553
v 0.03586461 -0.01157447 -0.03978473
v 0.04766543 0.008288 0.001251221
v 0.04776899 0.008453205 0.0003410727
v 0.04764239 0.009917257 -0.0001891553
v 0.04401111 0.01985932 -0.003035128
v 0.04358673 0.02049311 -0.004302021
v 0.04492463 0.01853559 -0.003076434
v 0.03862671 -0.01015968 -0.039713
v 0.0477683 0.0023204 -0.03251898
v 0.04263856 0.0216333 -0.002809756
v 0.04765386 0.006582672 0.00429704
v 0.04712204 0.003507582 -0.03527543
v 0.04772995 0.003811244 -0.03458682
v 0.04777111 0.00646485 0.002847925
v 0.03446541 0.02643953 -0.003855553
v 0.03645363 -0.007772829 -0.03938422
v 0.04041867 0.02356096 -0.003117323
v 0.03897483 0.02458834 -0.005759872
v 0.04769308 0.005382061 -0.03233847
v 0.03888137 0.02457108 -0.003069662
v 0.04765126 0.007994467 0.003230598
v 0.04146992 0.02273453 -0.002668235
v 0.04788956 -0.001474414 -0.0295922
v 0.03994432 0.02376775 -7.832795e-05
v 0.0343807 0.02633733 -0.0008652732
v 0.03273951 0.02660313 -0.000851769
v 0.04784771 -0.0004884303 -0.02749895
v 0.04779425 0.001514742 -0.02852316
v 0.03603991 0.02586811 -0.002318222
v 0.03672503 0.02549462 -0.001030616
v 0.03648549 0.02553457 0.0009894967
v 0.04763671 0.008242164 0.005655393
v 0.03311191 0.02650492 0.001567226
v 0.04792994 -0.002462639 -0.02744023
v 0.04799344 -0.004666749 -0.0276952
v 0.03426334 0.02621181 0.00303261
v 0.04772009 0.00943855 0.002309192
v 0.03620488 0.02553174 0.003240749
v 0.04802942 -0.003782501 -0.02515117
v 0.04670569 0.01459919 0.0004610792
v 0.04792159 -0.001085378 -0.02482143
v 0.04756655 0.008331457 0.008027054
v 0.04756567 0.009495964 0.007620852
v 0.04390174 -0.008892931 -0.03995943
v 0.04587352 0.01657303 0.002200596
v 0.04626844 0.01560605 0.006004069
v 0.04692701 0.0137885 0.002283417
v 0.04489684 0.01842209 0.0009750687
v 0.04763548 0.006462988 0.008834418
v 0.04776435 0.002077226 -0.03023621
v 0.04762077 0.009267788 0.009538006
v 0.04760352 0.007568548 0.01076651
v 0.04443703 0.01920472 -0.0009945966
v 0.04341241 0.02054025 -0.00013889
v 0.04767301 0.00532349 -0.0302453
v 0.04472598 -0.01438139 -0.03933785
v 0.04359053 -0.01651701 -0.03838389
v 0.04533976 -0.0139524 -0.0384993
v 0.04535625 -0.01272833 -0.03974819
v 0.04365966 0.02009841 0.001449335
v 0.04253966 0.02162765 -0.0002223291
v 0.04783606 0.001014562 -0.02630651
v 0.04606518 -0.01232177 -0.03912508
v 0.04676994 -0.01162682 -0.03828686
v 0.04587797 -0.01068469 -0.03990314
v 0.04152273 0.02258145 0.0008301139
v 0.0455749 -0.008660119 -0.03994895
v 0.04771759 0.00380774 -0.02906325
v 0.04470146 0.01877355 0.002859693
v 0.04774465 0.003580654 -0.02709219
v 0.02537263 0.023061 -0.03904166
v 0.02606162 0.02395607 -0.03932616
v 0.04523661 0.01778318 0.006268788
v 0.04677714 -0.01180875 -0.0364887
v 0.046213 -0.01339568 -0.03413713
v 0.04595036 -0.0136084 -0.03583414
v 0.04703956 -0.009587195 -0.03901654
v 0.0475857 -0.008895736 -0.03796762
v 0.04143559 0.00754278 -0.03949034
v 0.04568269 0.01684633 0.008930735
v 0.02801245 0.02315818 -0.03898778
v 0.04409147 0.01958302 0.004888646
v 0.02800636 0.02390447 -0.03927492
v 0.04753721 -0.009529237 -0.03614235
v 0.04386543 0.01980312 0.007213216
v 0.02686749 0.02496416 -0.04029372
v 0.0477192 -0.008917321 -0.03326859
v 0.04720084 -0.01096479 -0.034168
v 0.04280374 0.008219337 -0.03974785
v 0.03809309 -0.02122686 -0.03129464
v 0.02665949 0.02652536 -0.04075075
v 0.04226459 0.01027261 -0.03955629
v 0.04106763 0.02288274 0.002528209
v 0.04250535 0.02165298 0.002490073
v 0.04342252 0.02039685 0.003457654
v 0.02841981 0.02489262 -0.04021071
v 0.04099033 -0.01980823 -0.02746139
v 0.04110667 -0.01958273 -0.02977345
v 0.04291809 -0.01799437 -0.02998113
v 0.0311071 0.02272356 -0.03896799
v 0.04113119 0.02278946 0.004358534
v 0.04129146 -0.01932501 -0.03189851
v 0.03080544 0.02361065 -0.03914513
v 0.03076572 0.02456695 -0.03981149
v 0.04258719 0.02144777 0.004853886
v 0.04288609 0.02104135 0.006494105
v 0.0270785 0.02712026 -0.04071163
v 0.04132419 0.02260241 0.006700978
v 0.02887173 0.02649873 -0.04077056
v 0.04396397 -0.01691103 -0.02939508
v 0.0445177 -0.0161413 -0.03139633
v 0.03301857 0.02800225 -0.03696511
v 0.03129512 0.02821315 -0.03957775
v 0.03067215 0.02833641 -0.03750934
v 0.04347842 -0.01755308 -0.02730782
v 0.02993499 0.02828827 -0.03927422
v 0.02751114 0.02825362 -0.03853399
v 0.04770288 0.006213536 -0.03755397
v 0.04756241 0.009143038 -0.03769984
v 0.04756571 0.008847348 -0.03487813
v 0.04511787 -0.01534494 -0.02828917
v 0.02813545 0.02811234 -0.03562353
v 0.03072523 0.02821746 -0.03526034
v 0.04719184 -0.01161809 -0.0136797
v 0.04622139 -0.01403012 -0.01276013
v 0.0461264 -0.0140099 -0.01648394
v 0.04353685 0.01100945 -0.04033957
v 0.04301434 -0.01812355 -0.02523569
v 0.04456853 0.01200881 -0.04106198
v 0.04777027 -0.009418599 -0.01571748
v 0.04720449 -0.01144705 -0.0161863
v 0.04774859 -0.009224422 -0.0175763
v 0.04800845 -0.007439662 -0.01743589
v 0.04109674 -0.01986585 -0.02395757
v 0.04774765 -0.009472728 -0.01226676
v 0.04395493 0.01338973 -0.0408328
v 0.0245585 0.02788437 -0.03590531
v 0.04789377 -0.00799701 -0.01250006
v 0.04790581 -0.007719595 -0.01555329
v 0.04268389 -0.01852357 -0.02198996
v 0.04396758 -0.01716939 -0.02417682
v 0.04418797 -0.01699994 -0.02226075
v 0.02542327 0.02789361 -0.03473015
v 0.04806324 -0.005902387 -0.01717678
v 0.02392262 0.02807099 -0.03390628
v 0.0257102 0.02810088 -0.03413857
v 0.04532608 0.01277167 -0.0412324
v 0.04809579 -0.006344821 -0.01343026
v 0.04479986 -0.01599362 -0.02554954
v 0.0480515 -0.004160715 -0.01495921
v 0.04805912 -0.003505707 -0.01688813
v 0.04798302 -0.002098937 -0.01602111
v 0.04611173 0.01368547 -0.0411131
v 0.0467164 0.01193745 -0.04084392
v 0.04313376 -0.01855876 -0.01155099
v 0.04598046 -0.01406978 -0.02549219
v 0.04466479 -0.01652616 -0.01084728
v 0.04499487 -0.01613258 -0.01221666
v 0.04545238 -0.01569008 -0.01017361
v 0.04599436 -0.0138295 -0.0295456
v 0.04470064 -0.01580426 -0.03414861
v 0.04421872 -0.01744452 -0.006640915
v 0.04439077 -0.01713731 -0.008718835
v 0.02408179 0.02788549 -0.0319329
v 0.04662962 -0.01252384 -0.03104553
v 0.04533736 -0.01578452 -0.007773453
v 0.0473838 -0.01050301 -0.02993137
v 0.04222449 0.01358193 -0.03967083
v 0.02782133 0.02818022 -0.03386892
v 0.04633685 -0.01381024 -0.01069408
v 0.04720731 -0.01156056 -0.01140663
v 0.04666377 -0.0125346 -0.02685246
v 0.04793838 -0.007078435 -0.03259569
v 0.04621612 -0.01411058 -0.008463841
v 0.02961379 0.02822734 -0.03403974
v 0.04328049 0.01471356 -0.04056396
v 0.04784668 -0.008367166 -0.03133949
v 0.04606329 -0.01447698 -0.006550372
v 0.04738103 -0.01107789 -0.008517932
v 0.04094886 0.01668357 -0.03954243
v 0.04676223 -0.01281467 -0.00719039
v 0.04753271 -0.01056903 -0.006790934
v 0.04765757 -0.009509023 -0.02941877
v 0.03267395 0.02799121 -0.0339151
v 0.03086374 0.02820856 -0.03305171
v 0.04789205 -0.007539894 -0.02894387
v 0.04434453 -0.01726462 -0.004844859
v 0.04510885 -0.01622964 -0.006260026
v 0.04682589 0.01322073 -0.04054185
v 0.0324019 0.02793765 -0.03210533
v 0.04708471 0.01373507 -0.03821737
v 0.04735357 0.01203706 -0.0384418
v 0.02664496 0.0279958 -0.03177081
v 0.02870423 0.02795341 -0.03174813
v 0.04515294 -0.01630454 -0.003910113
v 0.04581233 -0.01495084 -0.004879672
v 0.04454494 -0.01716175 -0.003533565
v 0.04405155 -0.01765151 -0.003000088
v 0.03094769 0.02809847 -0.03160282
v 0.04743896 0.0102765 -0.03981042
v 0.0447222 -0.01680367 -0.00166817
v 0.04527342 -0.01617521 -0.002248321
v 0.0473217 0.01208097 -0.03517486
v 0.0458857 -0.01473726 -0.003256921
v 0.04666249 -0.01335006 -0.002027929
v 0.04689919 -0.01203196 -0.02342005
v 0.04678997 -0.01302785 -0.003514256
v 0.04762231 -0.009749107 -0.02467419
v 0.04767464 -0.00936079 -0.02746662
v 0.04655656 -0.01346868 -0.0053689
v 0.02928565 0.02792764 -0.02980623
v 0.0478553 -0.007942427 -0.0264669
v 0.04722975 -0.01154371 -0.005260412
v 0.03630034 0.02694315 -0.0349713
v 0.03771376 0.026285 -0.03756448
v 0.03601909 0.02704565 -0.03869746
v 0.04799305 -0.006392989 -0.02670946
v 0.04791542 -0.00854658 -0.005332191
v 0.03409774 0.02767191 -0.03497158
v 0.03407735 0.02766677 -0.03293127
v 0.04795333 -0.007693086 -0.0228827
v 0.04797935 -0.006087832 -0.02455254
v 0.04263191 0.02255531 -0.03299035
v 0.0420807 0.02312 -0.03711291
v 0.04074771 0.02428245 -0.03478265
v 0.04761861 -0.01010447 -0.004260767
v 0.04724973 -0.0115217 -0.003434338
v 0.04750767 0.01147418 -0.03314345
v 0.03991796 0.02489543 -0.03280178
v 0.03855722 0.02576634 -0.03456164
v 0.03766923 0.02623908 -0.03159199
v 0.0478107 -0.009217851 -0.01008986
v 0.04135375 0.0236633 -0.03141248
v 0.04039051 0.02440449 -0.03195142
v 0.04707648 0.01364136 -0.03535886
v 0.04713614 0.0136504 -0.03211552
v 0.04693003 0.01454476 -0.03411799
v 0.04781974 -0.008957423 -0.007536864
v 0.02246764 0.006196355 -0.03860314
v 0.04802018 -0.006714243 -0.01009131
v 0.04806475 -0.00572494 -0.01200203
v 0.04810283 -0.005983036 -0.01088883
v 0.03413397 0.02750206 -0.03012122
v 0.03557703 0.02712261 -0.0312132
v 0.03241078 0.02780248 -0.02909762
v 0.04807961 -0.004033372 -0.01315766
v 0.03062172 0.02795239 -0.02876009
v 0.04766794 0.005303025 -0.03523824
v 0.04752297 0.004771845 -0.03663057
v 0.04800646 -0.00358001 -0.01171437
v 0.04773815 0.005608952 -0.0344005
v 0.04806282 -0.005043071 -0.009089759
v 0.0343964 0.02740872 -0.02777335
v 0.03658175 0.02664045 -0.02904441
v 0.0404301 0.02447147 -0.03078049
v 0.02533478 0.007173317 -0.03868771
v 0.03897014 0.02545423 -0.0300031
v 0.04080048 0.02398577 -0.02944417
v 0.04799999 -0.0006849188 -0.01078657
v 0.04804414 -0.002907781 -0.01043379
v 0.03987496 0.02473701 -0.02860241
v 0.04803573 -0.006985616 -0.007552141
v 0.04757194 0.008760635 -0.03204237
v 0.02343178 0.02772285 -0.02941917
v 0.0480584 -0.006301854 -0.005634997
v 0.04817191 -0.00690433 -0.004304968
v 0.04761617 0.007267654 -0.03014362
v 0.02534298 0.02774116 -0.03136802
v 0.04801273 -0.00402719 -0.007598026
v 0.02444741 0.0117893 -0.0387173
v 0.02695563 0.02780585 -0.02900299
v 0.04799391 -0.001030518 -0.008360112
v 0.04758541 0.009144451 -0.02863705
v 0.03021461 0.00675806 -0.03887141
v 0.02338866 0.02758623 -0.02678172
v 0.04746032 0.01188014 -0.02990884
v 0.02627778 0.02770729 -0.02668186
v 0.03168732 0.02117185 -0.03902424
v 0.02927364 0.003116086 -0.03883459
v 0.04519653 -0.01638044 -0.0005588457
v 0.03338029 0.002673103 -0.03898722
v 0.03405372 0.02183135 -0.03911034
v 0.03377794 0.0228812 -0.03928266
v 0.04518115 -0.0165265 0.001661282
v 0.04611779 -0.01450012 -0.000509996
v 0.03224038 0.02425399 -0.03986345
v 0.03455669 0.02386771 -0.04012782
v 0.02947317 0.02774362 -0.02666445
v 0.0458266 -0.01510486 0.000933338
v 0.0460532 -0.01477432 0.001850888
v 0.04572547 -0.01516912 0.002553098
v 0.0466364 -0.01365013 0.0009917617
v 0.0303322 0.02616194 -0.04051505
v 0.02969181 0.02721138 -0.04060503
v 0.03176837 0.02779076 -0.02720749
v 0.04670929 -0.01304235 -0.0003888868
v 0.04738921 -0.0112141 -0.0008139163
v 0.03224663 0.02556436 -0.04051412
v 0.02953051 0.02769316 -0.0243949
v 0.04757658 -0.01050097 -0.00247388
v 0.03135377 0.02775437 -0.02471142
v 0.0317118 0.02680735 -0.04074623
v 0.03104677 0.02744822 -0.04054292
v 0.04719345 -0.01201351 0.001204126
v 0.04794206 -0.008871898 -0.0004985183
v 0.04731479 -0.01117228 0.001582645
v 0.03501055 0.02482784 -0.04069014
v 0.04732294 -0.01155141 0.002586916
v 0.0459462 -0.014977 0.005687065
v 0.04537505 -0.01627436 0.004311409
v 0.03425752 0.02586441 -0.04081148
v 0.04676685 -0.01311971 0.003034275
v 0.04666645 -0.01346457 0.004119128
v 0.04684613 -0.01282596 0.006304465
v 0.04730898 -0.0115066 0.00457646
v 0.04643982 -0.01396057 0.006946594
v 0.03243539 0.02745101 -0.04047333
v 0.03487167 0.0265629 -0.04064254
v 0.02454983 0.02750879 -0.02426993
v 0.04144042 0.018777 -0.04053642
v 0.04334348 0.01697556 -0.04105369
v 0.04774863 -0.009775765 0.004516836
v 0.04250161 0.01895669 -0.04100847
v 0.04232766 0.0210664 -0.04106302
v 0.04420265 0.01799928 -0.04107454
v 0.04126468 0.02088524 -0.04102723
v 0.0479871 -0.007876884 -0.002601132
v 0.02796183 0.02756474 -0.02301029
v 0.03680548 0.02076038 -0.0392134
v 0.0255809 0.02746684 -0.02230053
v 0.03811001 0.019362 -0.03926878
v 0.03653953 0.02186701 -0.03955931
v 0.03855441 0.02170043 -0.0404051
v 0.03846695 0.01999656 -0.03946305
v 0.03712005 0.02293512 -0.04044896
v 0.02968945 0.02760921 -0.02218802
v 0.02435803 0.0273317 -0.02053437
v 0.02756799 0.0274838 -0.02036311
v 0.03977525 0.01830464 -0.03947636
v 0.04014714 0.02017697 -0.04045308
v 0.03336215 0.02740216 -0.02461331
v 0.03459199 0.02727208 -0.02582171
v 0.03715083 0.02446654 -0.04089106
v 0.03968068 0.02344518 -0.0409114
v 0.03936444 0.02232114 -0.04088799
v 0.03454538 0.02711319 -0.02242662
v 0.03746963 0.02619819 -0.02734303
v 0.03642684 0.02655567 -0.0243954
v 0.03856155 0.02558458 -0.02591748
v 0.03912065 0.02477375 -0.04053029
v 0.03713571 0.02553052 -0.04071466
v 0.03705308 0.02606561 -0.0403557
v 0.03779602 0.0258211 -0.02224707
v 0.03128603 0.02760444 -0.02217937
v 0.03294916 0.02743776 -0.02257063
v 0.04100622 0.02286218 -0.04080504
v 0.04256578 0.02211704 -0.04008609
v 0.02947963 0.02745689 -0.01998139
v 0.0426021 0.02246391 -0.03938852
v 0.04395457 0.0209343 -0.03824858
v 0.03121963 0.02755247 -0.02056328
v 0.04417086 0.01521357 -0.04106168
v 0.04509041 0.01559868 -0.04117392
v 0.03272825 0.02738269 -0.02071777
v 0.04560828 0.01595941 -0.0409292
v 0.04627008 0.01521757 -0.04038677
v 0.03118476 0.02747013 -0.01902886
v 0.03263513 0.02730006 -0.01897742
v 0.03696992 0.02621536 -0.02042253
v 0.04547153 0.01730785 -0.04055185
v 0.03471696 0.02687293 -0.01882712
v 0.04409967 0.01969519 -0.04059886
v 0.03668638 0.02612408 -0.01719417
v 0.04675617 0.01451066 -0.03940958
v 0.04444176 0.02025298 -0.03347681
v 0.04335672 0.02161896 -0.03115112
v 0.04470119 0.01970891 -0.03564699
v 0.04307994 0.02191489 -0.03526972
v 0.04634218 0.01645409 -0.03807219
v 0.04603384 0.01693531 -0.03611156
v 0.04503082 0.0190429 -0.02915953
v 0.04434183 0.02016753 -0.03056609
v 0.04363255 0.02111167 -0.02910413
v 0.04577069 0.01775798 -0.0338646
v 0.04626399 0.01647309 -0.0292434
v 0.04159197 -0.0196545 -0.01946927
v 0.04385198 -0.01743634 -0.01952509
v 0.04311787 -0.01831936 -0.01616954
v 0.04437023 -0.01683216 -0.01708493
v 0.04763274 -0.009763721 -0.02139159
v 0.04216886 0.02304836 -0.03091672
v 0.04798359 -0.006866988 -0.02024403
v 0.04802667 -0.005375225 -0.02292782
v 0.04236909 0.02267311 -0.02908792
v 0.04330714 0.02144797 -0.02700008
v 0.04426777 0.02010438 -0.02705972
v 0.04800707 -0.003523288 -0.0237296
v 0.04275659 0.02225978 -0.02721554
v 0.04784434 -0.008838411 -0.01948638
v 0.04148633 0.0234495 -0.0273853
v 0.04099422 0.02376005 -0.02483189
v 0.04032173 0.02443638 -0.02628812
v 0.04803142 -0.00523353 -0.02104992
v 0.04335099 0.02133518 -0.0255243
v 0.04251957 0.02241139 -0.02555185
v 0.04797649 -0.002499277 -0.02253068
v 0.04800616 -0.003623923 -0.02005693
v 0.04557133 0.01784293 -0.02454118
v 0.04807201 -0.004510261 -0.01898286
v 0.04461725 0.01966775 -0.02534816
v 0.04380488 0.02058014 -0.02489553
v 0.04797836 -0.00174633 -0.01858542
v 0.04447329 0.01967546 -0.02334573
v 0.03971665 0.02473234 -0.02357234
v 0.04362576 0.0209333 -0.02336293
v 0.04232491 0.02257451 -0.02321659
v 0.04137679 0.02351108 -0.02316269
v 0.04056744 0.02399194 -0.02230426
v 0.03980729 0.02468731 -0.02134553
v 0.04144126 0.02326283 -0.02034969
v 0.04458585 0.01955829 -0.02158173
v 0.04357695 0.02091993 -0.02142473
v 0.04414088 0.02000025 -0.02049963
v 0.04230263 0.02254906 -0.0214487
v 0.04318517 0.02145708 -0.01937593
v 0.03970599 0.02463607 -0.01997663
v 0.04113371 0.02345598 -0.01782287
v 0.03985352 0.02443023 -0.0166813
v 0.04234352 0.02244651 -0.01911148
v 0.04792746 0.0002102163 -0.02253857
v 0.0478576 0.001111899 -0.02407843
v 0.0479253 -0.0001918338 -0.02094283
v 0.04301363 0.02155347 -0.01780136
v 0.04776981 0.003445158 -0.02460264
v 0.04768489 0.006414346 -0.02770731
v 0.04245839 0.02225283 -0.01571196
v 0.04770936 0.005716877 -0.02574647
v 0.04109129 0.02341108 -0.01550635
v 0.04772735 0.006123453 -0.02295888
v 0.04785377 0.001933452 -0.02184513
v 0.02748437 0.02730578 -0.01875617
v 0.04778999 0.004079279 -0.02232667
v 0.0479624 -0.001475759 -0.02030541
v 0.04797634 -0.0001690425 -0.01899754
v 0.02927714 0.02729731 -0.01711678
v 0.04782378 0.001939964 -0.01972933
v 0.03092735 0.02736863 -0.01705021
v 0.04796777 -6.029569e-05 -0.01771655
v 0.03241477 0.02718957 -0.01562046
v 0.0289661 0.02724993 -0.01478467
v 0.03111592 0.02729995 -0.01454183
v 0.04777697 0.004807634 -0.02069378
v 0.04764325 0.00783994 -0.0222545
v 0.04786587 0.002993245 -0.02047013
v 0.03413936 0.02692796 -0.01593292
v 0.03342536 0.02687889 -0.01451292
v 0.034275 0.02670374 -0.01293019
v 0.03584702 0.02632716 -0.01344062
v 0.03007173 0.02725624 -0.01309822
v 0.04693791 0.01435685 -0.02867084
v 0.03158447 0.02717552 -0.01110194
v 0.04740415 0.01234422 -0.02753621
v 0.03492123 0.02649644 -0.01019325
v 0.03329908 0.02666019 -0.008101523
v 0.03513703 0.02636683 -0.007988241
v 0.04761171 0.008434374 -0.02578129
v 0.04767513 0.007349944 -0.02466995
v 0.04019464 0.02410022 -0.01422398
v 0.03804692 0.02546207 -0.01488311
v 0.03812392 0.02544289 -0.01639788
v 0.04750586 0.01132341 -0.02506878
v 0.03734629 0.02567526 -0.01331571
v 0.03730069 0.02570312 -0.01160062
v 0.03874221 0.02499728 -0.01294054
v 0.04153846 0.02306846 -0.0138593
v 0.04131841 0.02306442 -0.01283854
v 0.04111467 0.02331322 -0.01033525
v 0.03996725 0.02419416 -0.01139829
v 0.04762531 0.009465681 -0.02239948
v 0.03887565 0.02477018 -0.009690791
v 0.03747688 0.02553418 -0.009848954
v 0.04750938 0.01146779 -0.02255059
v 0.03583416 0.02612972 -0.005819172
v 0.04734248 0.01257694 -0.0244008
v 0.04533838 0.01820229 -0.02120994
v 0.04750369 0.01059106 -0.009117713
v 0.047739 -0.00014879 -0.0399846
v 0.04777226 -0.001261253 -0.0395572
v 0.03727405 -0.02131163 -0.03818804
v 0.04740265 0.01177753 -0.005962547
v 0.04763165 0.01002916 -0.00186092
v 0.04746231 0.01094166 -0.001781218
v 0.04734666 0.01210122 0.0001970083
v 0.03962049 -0.02009754 -0.03378151
v 0.04433633 -0.01575277 -0.03709595
v 0.04746285 0.01059183 0.002917659
v 0.04765648 0.009616485 0.006015409
v 0.04748589 0.01063275 0.004745245
v 0.04717211 0.0128598 0.005048413
v 0.04730474 0.0123292 0.007015359
v 0.03603466 0.02592406 -0.004252337
v 0.03794148 0.02491611 -0.00238286
v 0.03733235 0.02534039 -0.004600257
v 0.03891543 0.02434587 0.0007140301
v 0.04737443 0.01111652 0.009278085
v 0.03754326 0.02500136 0.002634138
v 0.04729161 0.01031348 0.01114005
v 0.04733159 0.01170735 0.01098764
v 0.03879942 0.02435422 0.004872311
v 0.04703604 0.01322613 0.01129968
v 0.04664692 0.01437058 0.008970931
v 0.03934479 -0.02075858 -0.02568051
v 0.02819664 0.02766373 -0.04039455
v 0.04549456 -0.01509005 -0.01976089
v 0.04651387 -0.01304286 -0.01931078
v 0.04432064 -0.01705978 -0.01411464
v 0.0452291 -0.01562615 -0.01536198
v 0.0453717 -0.01544931 -0.01339192
v 0.03429543 0.02758611 -0.03931955
v 0.04675522 -0.0125192 -0.02103623
v 0.0472922 -0.01094387 -0.01886786
v 0.04536295 -0.01506424 -0.02355558
v 0.04593739 -0.01419653 -0.02206428
v 0.03520405 0.02702751 -0.04009973
v 0.03503035 0.02744827 -0.03718708
v 0.04782506 -0.009007379 -0.003322873
v 0.03929683 0.02538371 -0.03835265
v 0.03789134 0.02612462 -0.03924352
v 0.04009246 0.02463209 -0.03966574
v 0.04092136 0.02416819 -0.03831806
v 0.04574394 0.01771367 -0.03981748
v 0.04434687 0.01999385 -0.03989507
v 0.04508875 0.01898909 -0.03849747
v 0.04724735 0.01304328 -0.021958
v 0.03706439 0.02565439 -0.006827854
v -0.0206224 -0.02466891 0.00848601
v -0.0247531 -0.02482878 0.009100243
v -0.03706767 -0.02388332 0.01904463
v -0.03654534 -0.02398814 0.01595912
v -0.03523053 -0.02448127 0.01788014
v -0.0495966 0.009732258 0.03858215
v -0.04937376 0.007104337 0.03731299
v -0.04962011 0.007179406 0.03859671
v -0.02140256 -0.02473859 0.01027152
v -0.05037551 0.007943548 0.03893682
v -0.01598067 -0.007434286 0.03659566
v -0.01763222 -0.006594777 0.03654999
v -0.01695232 -0.008506216 0.03659718
v -0.04877594 0.007855942 0.03905059
v -0.04879309 0.006371483 0.03880875
v -0.04792235 0.008025855 0.03815387
v -0.01597757 -0.01066089 0.03667308
v -0.01311175 -0.008692242 0.03653237
v -0.01273958 -0.006489806 0.03648793
v -0.03859495 -0.02342896 0.03030923
v -0.03693369 -0.02415122 0.02858724
v -0.03710181 -0.02419965 0.03138763
v -0.04824751 0.01001113 0.03841214
v -0.04886964 0.009799531 0.03878703
v -0.04752069 0.009779807 0.03824973
v -0.02335799 -0.01336469 0.03683645
v -0.02602446 -0.01095716 0.03687067
v -0.02629544 -0.01424004 0.03695933
v -0.04737843 -0.01757343 0.03638266
v -0.04679138 -0.01549628 0.03516122
v -0.04575866 -0.01717595 0.0349025
v -0.04830751 -0.01548832 0.03648026
v -0.04779319 0.006962951 0.03816053
v -0.04804537 -0.01716474 0.03774468
v -0.02353734 -0.0105564 0.03676757
v -0.04691555 0.008330716 0.03829198
v -0.04710922 0.005822795 0.03818832
v -0.04512027 0.005249701 0.03806088
v -0.0412457 -0.02449854 0.03621462
v -0.04191358 -0.02348508 0.03567573
v -0.03991113 -0.02405232 0.03518832
v -0.0431129 -0.02320734 0.03630257
v -0.02874399 -0.02495322 0.0130325
v -0.03126662 -0.02498305 0.01177907
v -0.02889035 -0.02494572 0.008736141
v -0.03949827 -0.02536611 0.03606667
v -0.02080856 -0.01025104 0.03673762
v -0.02388569 -0.007931162 0.03677917
v -0.0209033 -0.00664119 0.03668526
v -0.04049291 -0.02526038 0.03719486
v -0.04205393 -0.02166944 0.03466681
v -0.04037267 -0.02274925 0.0343986
v -0.04196667 -0.02107555 0.03341298
v -0.04245644 -0.02046527 0.03076303
v -0.04122514 -0.02168389 0.03183211
v -0.02270348 -0.005288988 0.03677572
v -0.04320129 -0.01988748 0.03216003
v -0.04383408 -0.02000269 0.03483587
v -0.04378944 -0.01923041 0.03382225
v -0.04930247 0.01025324 0.03728575
v -0.04568741 -0.01615331 0.03126919
v -0.04493824 -0.01752556 0.03082637
v -0.04499981 -0.01736478 0.03300376
v -0.04952765 0.01160301 0.03848524
v -0.01961385 -0.008185089 0.03647428
v -0.01983337 -0.006356578 0.03649797
v -0.04036892 -0.02232091 0.0305459
v -0.03927514 -0.02309272 0.03308395
v -0.04908708 0.0125049 0.03716826
v -0.04924039 0.01343394 0.03852377
v -0.04739906 0.01149899 0.03822631
v -0.04826917 0.01183655 0.03879209
v -0.03868192 -0.0237748 0.03419089
v -0.04401602 -0.02187942 0.03590181
v -0.04650016 0.01164403 0.03843334
v -0.01823162 -0.008858714 0.03648853
v -0.03113444 -0.02506885 0.01506922
v -0.01949601 -0.004607134 0.03645459
v -0.04461049 0.008921752 0.0382181
v -0.01722401 -0.004098328 0.03657668
v -0.04520038 -0.02097975 0.03616544
v -0.04427905 -0.02247995 0.03757432
v -0.04403389 0.007107638 0.03804443
v -0.04456613 -0.02332265 0.03800078
v -0.04578092 -0.02081442 0.03765479
v -0.04591992 -0.02182753 0.03799734
v -0.04702001 -0.02055205 0.03821117
v -0.04258341 0.005749378 0.03815331
v -0.04409719 0.004372364 0.03801552
v -0.02644278 -0.001162687 0.03673746
v -0.02727955 -0.000157658 0.03684424
v -0.02953938 -0.001663163 0.03687418
v -0.0425242 -0.02474943 0.0379069
v -0.04293938 -0.02362378 0.03736208
v -0.04031742 -0.02630391 0.03804737
v -0.02391346 -0.02483271 0.01281771
v -0.04298979 0.003749581 0.03804744
v -0.03997586 0.003673637 0.03776675
v -0.04054535 0.006783884 0.03803965
v -0.02465209 -0.002543554 0.03690048
v -0.02636861 -0.003761541 0.03696723
v -0.02493745 0.0004120097 0.036751
v -0.02302022 -0.001127083 0.03691128
v -0.02109167 -0.002851225 0.0367961
v -0.04196443 0.007878833 0.03802858
v -0.03898072 -0.02189188 0.03755368
v -0.04128826 -0.02218137 0.03758578
v -0.03954932 -0.02370188 0.03762516
v -0.04093992 -0.02389455 0.03900149
v -0.04066316 -0.02350364 0.0378531
v -0.04191464 -0.02281154 0.03822368
v -0.03932257 -0.02431428 0.0378999
v -0.04252672 -0.02180557 0.03767765
v -0.02547123 0.001305632 0.03684554
v -0.02305136 0.002284374 0.03674422
v -0.04432999 -0.02028583 0.03788212
v -0.04346728 -0.02178097 0.03877797
v -0.04329816 -0.02154086 0.03800081
v -0.02450905 0.003353335 0.03713954
v -0.02461238 -0.02495649 0.01664158
v -0.04287836 -0.02253236 0.03998525
v -0.02118486 -0.0006013624 0.03690617
v -0.0219183 0.0005316157 0.03686413
v -0.02236735 -0.02490911 0.01639349
v -0.04003683 0.008427531 0.03793012
v -0.04652803 -0.01924904 0.03655989
v -0.04646914 -0.01855166 0.03597563
v -0.04118671 0.01024915 0.0380609
v -0.02094365 0.003189202 0.03679968
v -0.04495048 -0.01838016 0.03484703
v -0.02034893 0.001108255 0.03694668
v -0.02175839 0.003901862 0.03686043
v -0.0447835 -0.01781264 0.03378062
v -0.04575496 -0.01612894 0.03404354
v -0.01995497 0.005366907 0.03692476
v -0.01918687 0.003850278 0.03686658
v -0.01574143 -0.0050602 0.03658922
v -0.04797924 0.01181125 0.0355301
v -0.04720794 0.0133721 0.03463463
v -0.04778101 0.01086266 0.03452229
v -0.02104125 -0.02478543 0.01335992
v -0.01193579 -0.003993446 0.0364754
v -0.04708308 -0.01889119 0.0376959
v -0.04791661 -0.01924874 0.03835703
v -0.04865224 -0.01749678 0.03826987
v -0.04742672 0.01422761 0.03576618
v -0.04653519 0.01524836 0.03497212
v -0.01935747 -0.001890475 0.03656414
v -0.0464583 0.01531056 0.03344523
v -0.04838444 0.01522889 0.03717795
v -0.04318382 -0.02064584 0.03765339
v -0.04410663 -0.01972202 0.03764698
v -0.01758003 -0.002403103 0.03654791
v -0.04509159 -0.01872201 0.03767332
v -0.0472739 0.01299922 0.03818659
v -0.0427 -0.0179319 0.03764547
v -0.04200325 -0.01964125 0.03766961
v -0.04656687 0.01325725 0.0384912
v -0.045742 -0.01904071 0.03823076
v -0.04446092 -0.02058626 0.03843488
v -0.0462908 -0.01768925 0.03810325
v -0.01747233 -0.02456602 0.009446263
v -0.04599877 -0.01709497 0.03779197
v -0.01563294 -0.02457555 0.009792291
v -0.01699644 -0.0006335862 0.03659147
v -0.04421087 -0.01720535 0.03768734
v -0.04572394 -0.01595966 0.03779872
v -0.04306575 -0.01546036 0.03758433
v -0.04475795 -0.01521556 0.03765718
v -0.04778324 0.01693006 0.03724199
v -0.01965303 0.0002750028 0.03684386
v -0.01302031 -0.02453517 0.01042592
v -0.0184932 0.0005512349 0.03661834
v -0.01894032 -0.02469224 0.0115402
v -0.03929622 0.01027602 0.03807878
v -0.03933848 -0.02004534 0.0375695
v -0.04313082 0.01254877 0.03835196
v -0.0158638 -0.002856215 0.036635
v -0.01641738 -0.02464754 0.01168076
v -0.0385761 -0.01786792 0.03745107
v -0.03668214 -0.01935408 0.03741565
v -0.01436307 -0.002149103 0.03655049
v -0.0450075 0.0146859 0.03859813
v -0.01234794 -0.0009864867 0.03652396
v -0.01569931 0.001088785 0.03670911
v -0.01701917 0.0008298159 0.03654158
v -0.04058959 -0.01622747 0.03751209
v -0.03963412 0.01170447 0.03811357
v -0.04024892 0.01339212 0.03829213
v -0.01862756 0.002447583 0.03694484
v -0.033662 -0.02500847 0.02494217
v -0.03309952 -0.02489415 0.02418575
v -0.03232763 -0.02509471 0.02507146
v -0.01671048 0.002878383 0.03664648
v -0.0423068 0.01584251 0.03853659
v -0.03327686 -0.02511606 0.02693386
v -0.03497531 -0.02476035 0.02781275
v -0.03552441 -0.02459152 0.02531713
v -0.01312132 -0.02460682 0.0131398
v -0.04034229 0.01505553 0.03839707
v -0.02945133 -0.02543375 0.0278351
v -0.03024672 -0.02535103 0.02528396
v -0.02851892 -0.02532817 0.0257096
v -0.02834325 -0.02535675 0.02791079
v -0.0107278 -0.0245746 0.01264156
v -0.02656483 -0.02529477 0.02524766
v -0.0173848 0.00522553 0.03687875
v -0.02657698 -0.02544685 0.02858593
v -0.01496522 0.003365021 0.03674323
v -0.02957799 -0.02552353 0.03018438
v -0.02755988 -0.02549396 0.03133185
v -0.01512192 -0.0001670122 0.03672297
v -0.03384792 -0.0251114 0.02982272
v -0.03164671 -0.02527803 0.02853022
v -0.01802166 -0.02475176 0.01424826
v -0.03259765 -0.02534816 0.03112764
v -0.03467265 -0.02504133 0.03167263
v -0.03307021 -0.02540415 0.03356127
v -0.03628701 0.005912909 0.03768499
v -0.03776838 0.004170161 0.0376555
v -0.03651468 0.002652815 0.03749117
v -0.02980673 -0.02553104 0.03219632
v -0.01404864 0.001749866 0.03673586
v -0.01187564 0.001591861 0.0365938
v -0.03057519 -0.02563143 0.03348704
v -0.01503921 -0.02471033 0.01435639
v -0.01323716 0.004096333 0.03686071
v -0.01981908 -0.02488039 0.01639465
v -0.03054706 0.001976931 0.03722404
v -0.0334296 0.001933329 0.03734414
v -0.03157493 -0.001099391 0.03719433
v -0.03169719 0.004650626 0.03740641
v -0.02537849 -0.02630679 0.03494006
v -0.02819645 -0.02685485 0.03583232
v -0.02808567 -0.02575848 0.0338364
v -0.01795887 0.006779309 0.03696417
v -0.02264091 -0.02680673 0.03593414
v -0.03498751 0.000535978 0.03734586
v -0.01635138 0.007897193 0.03698593
v -0.01522034 0.0052644 0.03672841
v -0.02640846 -0.02571049 0.03394541
v -0.02512603 -0.02564112 0.03270698
v -0.02414608 -0.02561149 0.03384872
v -0.01742138 -0.02487551 0.01689898
v -0.03429759 0.004914291 0.03754935
v -0.01400854 0.007024091 0.03683985
v -0.02222758 -0.02560633 0.03388311
v -0.01413593 0.009103339 0.03704465
v -0.01302871 0.008372813 0.03689105
v -0.03371926 0.007012228 0.0376489
v -0.01188977 0.005760808 0.03691509
v -0.01984319 -0.02604053 0.03467602
v -0.00926698 0.001981676 0.03657869
v -0.009971168 0.004036099 0.03671586
v -0.01833468 -0.02681998 0.03600222
v -0.009413615 0.006161844 0.03682002
v -0.02184979 -0.02732885 0.03732029
v -0.01918947 -0.02730149 0.03736258
v -0.03767747 -0.02511375 0.03505369
v -0.03714611 -0.02427982 0.03371727
v -0.009334743 -0.02462408 0.0146594
v -0.03528337 -0.02672003 0.03601345
v -0.03748919 -0.02620319 0.03604302
v -0.03541712 -0.02560175 0.03471979
v -0.03361262 -0.0262161 0.03496115
v -0.01061878 -0.02475172 0.01719277
v -0.03855174 -0.0261543 0.03725377
v -0.01591417 -0.02485356 0.01792643
v -0.03509916 -0.0271819 0.03744201
v -0.03620083 -0.02768653 0.0378042
v -0.03684235 -0.02668747 0.03726795
v -0.01091455 0.007368559 0.03703251
v -0.01354714 -0.0247728 0.01712823
v -0.0332031 0.008797782 0.03782371
v -0.03183546 0.007276397 0.03763944
v -0.009577177 0.008740103 0.03712675
v -0.0360007 -0.02578796 0.03819826
v -0.03502878 -0.02550859 0.03755341
v -0.03754511 -0.02499586 0.03770545
v -0.01167434 0.01026513 0.03703284
v -0.03762555 -0.02450383 0.0375211
v -0.03606634 -0.0246837 0.03747254
v -0.03509284 -0.02303066 0.03745588
v -0.02940513 0.007638576 0.03734118
v -0.02998489 0.006011851 0.03747012
v -0.03400843 -0.02618334 0.0381661
v -0.03263468 -0.02705979 0.03614794
v -0.03129386 0.008731958 0.03749727
v -0.007805128 0.00790612 0.03699674
v -0.007247336 0.009744857 0.03716403
v -0.03300965 0.01015558 0.03785965
v -0.03221849 0.01036893 0.03769523
v -0.01233691 -0.0247595 0.01848504
v -0.0324463 -0.02741554 0.03743897
v -0.02958848 -0.02732132 0.03743015
v -0.03044555 -0.02823817 0.03775075
v -0.008071795 0.01075647 0.03726193
v -0.01019127 0.01202565 0.03715376
v -0.03030172 0.009647921 0.03748701
v -0.008597307 0.01340362 0.03725968
v -0.03273927 -0.02601023 0.03759738
v -0.0329302 -0.02504964 0.03734706
v -0.03211363 -0.02651963 0.03870354
v -0.04859472 -0.01572168 0.03776047
v -0.03047838 -0.0255082 0.03723427
v -0.03047256 -0.02619373 0.03774289
v -0.04940616 -0.01541385 0.03828063
v -0.02924626 -0.02643881 0.03836133
v -0.04918459 -0.01409704 0.03792466
v -0.04871494 -0.01359359 0.03642107
v -0.0303788 -0.02659597 0.0395339
v -0.04833398 -0.01328979 0.03818154
v -0.04780207 -0.01497118 0.03819909
v -0.04783745 -0.01371139 0.03785726
v -0.03464577 -0.02522907 0.0337977
v -0.04631645 -0.02060375 0.04110898
v -0.04559704 -0.0214686 0.04103136
v -0.04514612 -0.02050922 0.04046613
v -0.04691628 -0.01942118 0.04106437
v -0.04394148 -0.02237578 0.0407574
v -0.03880554 0.006819481 0.03787351
v -0.04641204 -0.0188083 0.04059993
v -0.0331447 -0.02487368 0.01571358
v -0.03288638 -0.02484027 0.01310921
v -0.04683953 -0.01632074 0.03780109
v -0.04718152 -0.01634418 0.03854121
v -0.04725717 -0.01474074 0.03785743
v -0.04662523 -0.01411217 0.0378576
v -0.03803132 0.008348726 0.03798962
v -0.03131293 -0.02515804 0.01687728
v -0.04698674 0.01402599 0.03199901
v -0.02948215 -0.0251231 0.01676524
v -0.04643346 0.015279 0.03113484
v -0.03226154 -0.02336389 0.03728871
v -0.0295826 -0.02366045 0.03719017
v -0.02710871 -0.0250067 0.01667614
v -0.04449806 0.01877565 0.03062009
v -0.04515166 0.0179205 0.02843376
v -0.04579538 0.01682278 0.03075997
v -0.04391199 0.01978086 0.02685116
v -0.04547626 0.01754867 0.02569147
v -0.04393158 0.01955547 0.02809703
v -0.03274447 -0.0207064 0.0372708
v -0.03758054 0.01052294 0.03816869
v -0.04238503 0.02128081 0.02817629
v -0.03049752 -0.02220131 0.03718165
v -0.03307704 -0.02493357 0.01826907
v -0.0307995 -0.02019183 0.03713845
v -0.04999217 0.01452815 0.03916494
v -0.04856496 0.01601059 0.03859387
v -0.03549322 0.009642087 0.03794004
v -0.02826325 -0.02499722 0.0177537
v -0.0487677 0.0178631 0.03925525
v -0.04769605 0.01794699 0.03858294
v -0.02771245 -0.02309841 0.03710689
v -0.04686309 0.01861805 0.03725316
v -0.03792469 -0.02509465 0.03832364
v -0.04952417 -0.01245389 0.03802862
v -0.05010966 -0.01340427 0.0384908
v -0.05044705 -0.01167306 0.03855097
v -0.04938572 -0.009878345 0.03688845
v -0.04902337 -0.0120296 0.03658921
v -0.04748327 -0.01263262 0.03780678
v -0.03822275 -0.02532033 0.03988519
v -0.04852193 -0.01167923 0.03837702
v -0.04836997 -0.01379282 0.03950986
v -0.03529611 0.01208162 0.03821022
v -0.03745759 0.01289436 0.03813101
v -0.04771303 -0.01124834 0.0377526
v -0.04682522 -0.012503 0.03788797
v -0.04843275 -0.009458721 0.03553076
v -0.04747076 -0.01232586 0.03465627
v -0.0413194 -0.02398451 0.04028811
v -0.04006208 -0.0249197 0.04068084
v -0.03688469 -0.02160896 0.03751102
v -0.0276092 -0.02515465 0.02347366
v -0.04686755 -0.01080013 0.03782885
v -0.02189202 -0.02483623 0.01744847
v -0.04564493 -0.01135977 0.03762846
v -0.04776423 -0.01002116 0.03788002
v -0.04611558 -0.009091679 0.03766019
v -0.04700356 -0.008567516 0.03787836
v -0.01899946 -0.02482835 0.01783269
v -0.04973725 -0.009845123 0.03820597
v -0.03401243 -0.01975732 0.03731743
v -0.0495606 -0.007577274 0.03716742
v -0.04972114 -0.007655907 0.03821065
v -0.04866063 -0.009794015 0.03838716
v -0.04824748 -0.00909571 0.03804954
v -0.0488041 -0.008400097 0.0385915
v -0.05043497 -0.009193372 0.03848256
v -0.04887386 -0.009869643 0.03895207
v -0.0475426 -0.008137479 0.03785472
v -0.02414601 -0.02519543 0.02482608
v -0.02311306 -0.02508923 0.02367904
v -0.02158481 -0.0252585 0.02611236
v -0.02378115 -0.02531951 0.02596098
v -0.0332642 0.01196571 0.03805684
v -0.04954346 -0.001617836 0.03701378
v -0.04798666 -0.003147675 0.03456602
v -0.04956526 -0.0050717 0.03705283
v -0.0497631 -0.005382348 0.03824229
v -0.04976922 -0.003217941 0.03824233
v -0.03034083 -0.02825382 0.04051341
v -0.02794279 -0.02808224 0.04045866
v -0.02898598 -0.02762049 0.040704
v -0.01946121 -0.02525891 0.02746335
v -0.02037462 -0.02516037 0.02424423
v -0.01919039 -0.025151 0.02527684
v -0.0481615 -0.006760154 0.03488285
v -0.02717891 -0.02724452 0.03738014
v -0.04488595 0.01814735 0.0329029
v -0.042556 0.02093198 0.0299371
v -0.02777535 -0.02530435 0.03709874
v -0.02874884 -0.02599695 0.03748348
v -0.04452652 -0.007463191 0.03752104
v -0.04655129 -0.006759755 0.03780054
v -0.02684719 -0.02600693 0.03739159
v -0.02750039 -0.02628028 0.03798202
v -0.02450143 -0.02729771 0.03736555
v -0.04085572 0.02244699 0.02909522
v -0.04175918 0.02180781 0.02687658
v -0.03958022 0.0231376 0.02744252
v -0.02689765 -0.02834167 0.0380895
v -0.0246145 -0.02828927 0.03796966
v -0.04768702 -0.006135289 0.01568215
v -0.04770747 -0.007109895 0.01328597
v -0.04759337 -0.00796904 0.01629343
v -0.02621919 -0.02634854 0.03793156
v -0.02466567 -0.02635567 0.03782699
v -0.04822759 -0.007765196 0.03819159
v -0.02365612 -0.0267215 0.03985552
v -0.04790075 -0.005944189 0.0379419
v -0.04757642 -0.007800493 0.0202696
v -0.04768857 -0.006676011 0.01846391
v -0.02613339 -0.02374057 0.03704713
v -0.04765219 -0.00340439 0.02142758
v -0.04762986 -0.005068764 0.01934506
v -0.04750575 -0.005218569 0.02082512
v -0.0506226 -0.007576071 0.03869115
v -0.02465415 -0.02566759 0.03709629
v -0.04879628 -0.006471023 0.0384398
v -0.02387327 -0.02473166 0.03701333
v -0.04894985 -0.005591802 0.03932695
v -0.04740762 -0.01101908 0.02710961
v -0.04756358 -0.009686153 0.02841472
v -0.04755462 -0.008868042 0.02719604
v -0.04868076 -0.004899029 0.03851183
v -0.04823697 -0.004168324 0.03814106
v -0.02819174 -0.0267472 0.03991013
v -0.04878485 -0.003583968 0.0386713
v -0.04760387 -0.006316762 0.02842867
v -0.04767841 -0.007047772 0.0274566
v -0.04759862 -0.008211583 0.0297505
v -0.04773521 -0.003791735 0.03788588
v -0.04684921 -0.004042966 0.03794246
v -0.0455299 -0.004403364 0.03771893
v -0.04762261 -0.009916671 0.03007354
v -0.04419929 -0.00471535 0.03762067
v -0.02246539 -0.02813213 0.03796911
v -0.02259323 -0.02631374 0.03769267
v -0.04610244 0.01715922 0.03593399
v -0.02022835 -0.02818371 0.03801876
v -0.04546806 0.01718396 0.03493243
v -0.04447877 0.01957364 0.03598186
v -0.02189102 -0.02564622 0.03702068
v -0.0473225 -0.01139941 0.03364847
v -0.04741721 -0.01096131 0.03120317
v -0.04706509 -0.01266177 0.03071369
v -0.04646155 -0.01462606 0.03401244
v -0.04498377 -0.01326748 0.03760172
v -0.04766972 -0.01329366 0.03527573
v -0.04426783 0.01886827 0.034954
v -0.02020549 -0.02635863 0.03770459
v -0.01937977 -0.02607572 0.0372457
v -0.04270092 0.0204928 0.03473266
v -0.01968115 -0.02537089 0.03697908
v -0.0208165 -0.02654194 0.03830133
v -0.01908211 -0.02662707 0.03945659
v -0.04316876 -0.01162616 0.03751529
v -0.02253751 -0.02655519 0.0392474
v -0.02019729 -0.02678613 0.0397179
v -0.04470803 -0.009906199 0.03753003
v -0.04580075 -0.01498424 3.008917e-05
v -0.04288203 -0.01355311 0.0375715
v -0.04755309 -0.009300709 0.03387357
v -0.03958401 0.01700217 0.03851116
v -0.04084078 -0.01060039 0.03743397
v -0.04044091 -0.01232044 0.0374503
v -0.03706761 0.01492644 0.03826254
v -0.04322919 -0.009300224 0.03752913
v -0.04783245 -0.004828665 -0.003803376
v -0.04788558 -0.003142351 -0.005438361
v -0.04686678 -0.01245461 0.003935143
v -0.04695499 -0.01209808 -0.0007837601
v -0.04650588 -0.01345549 0.002906527
v -0.04739516 -0.01034595 0.002144467
v -0.04770549 -0.007388271 0.002120033
v -0.04778626 -0.006732289 0.004188269
v -0.04784908 -0.006693326 0.001786433
v -0.04789861 -0.002255144 0.002513293
v -0.04796095 -0.001586523 -0.0002104864
v -0.04779452 -0.004815038 0.00107244
v -0.04088254 -0.008616198 0.03737952
v -0.03745604 0.01805419 0.03848714
v -0.04723773 -0.01126863 0.008399434
v -0.04744847 -0.0103029 0.006271645
v -0.04683696 -0.01267828 0.006548628
v -0.04279613 -0.006247442 0.03752123
v -0.04770932 -0.007821862 0.007271219
v -0.04765505 -0.008948289 0.005247548
v -0.04760512 -0.009376768 0.007840049
v -0.04760154 -0.00937983 0.01019869
v -0.0477587 -0.006756775 0.009917483
v -0.04348396 0.01984952 0.03344354
v -0.0478517 -0.004130283 0.004638884
v -0.04313357 0.02152878 0.0363623
v -0.04229205 0.02140764 0.03564061
v -0.04785404 -0.001514861 0.004285675
v -0.04086761 0.02220324 0.03473493
v -0.03998059 -0.006740697 0.03741722
v -0.0476 -0.007910565 0.01197251
v -0.04772912 -0.005952198 0.01183237
v -0.04124419 0.02315921 0.03641576
v -0.03862669 0.02360743 0.03479163
v -0.04038235 0.02289625 0.03559273
v -0.0381806 -0.008766219 0.03721963
v -0.03767357 -0.01058753 0.03752776
v -0.04802999 0.005018754 -0.005413342
v -0.0478944 0.004029399 -0.00713937
v -0.04793201 0.003034696 -0.004023489
v -0.0482979 -0.0009736922 0.03506483
v -0.04793077 -0.0006556977 0.03422691
v -0.04798669 0.005946912 -0.00325029
v -0.04802363 0.004925145 -0.00166849
v -0.04790197 -0.002949499 -0.002649851
v -0.04787645 -0.001177846 -0.005235024
v -0.04789683 0.0009463541 -0.006323326
v -0.0307566 0.01147554 0.0376452
v -0.02735438 0.01114552 0.0374931
v -0.0480042 0.000368109 -0.003807679
v -0.04806805 0.000847768 0.03474098
v -0.04792782 0.001465034 -0.003102999
v -0.04795314 0.001903621 -0.006160278
v -0.037435 -0.01445998 0.03733388
v -0.04953938 0.0006968863 0.03698753
v -0.03372066 0.01378118 0.03805772
v -0.03971147 -0.01359889 0.03743485
v -0.04779444 -0.002129765 0.03793783
v -0.04790521 -0.0009477828 0.00151144
v -0.04705322 -0.0008898564 0.03803597
v -0.03181735 0.01315532 0.0378748
v -0.04793113 0.0004227422 0.0009642132
v -0.04469308 -0.002094137 0.03771495
v -0.04795417 0.002419891 0.0006230921
v -0.04798506 0.001154715 -0.0007528327
v -0.0479473 0.002058281 -0.001462229
v -0.04797731 0.003854465 -0.001051962
v -0.03629552 -0.01624452 0.03747403
v -0.04361455 1.55624e-05 0.03761649
v -0.04335385 -0.00316209 0.03780656
v -0.0427357 -0.001486566 0.0377749
v -0.03749168 -0.01267632 0.03752583
v -0.03420594 0.01545503 0.03817517
v -0.04787776 0.01183722 -0.008603044
v -0.04793489 0.01154495 -0.006757593
v -0.04749853 0.01310773 -0.008392692
v -0.04798912 0.01085906 -0.008267595
v -0.04819278 0.003088526 0.0349287
v -0.04797011 0.002609663 0.0342394
v -0.04787109 0.01160184 -0.005085658
v -0.0480364 0.0100769 -0.006886125
v -0.04761528 0.01283591 -0.005527616
v -0.04807696 0.01017131 -0.003457893
v -0.04795976 0.009340283 -0.004900157
v -0.04804543 0.008929465 -0.003516722
v -0.03908294 -0.01162297 0.0375474
v -0.04796442 0.005107097 0.03452759
v -0.04881985 0.004595403 0.03605825
v -0.03490087 0.01722258 0.03831144
v -0.04722323 0.01375236 -0.004903752
v -0.03583522 -0.01289694 0.03735331
v -0.04795778 -4.017726e-06 0.00284538
v -0.04892091 -0.002642078 0.03875376
v -0.04876974 -0.00154053 0.03857642
v -0.04886661 -0.0001368653 0.03890812
v -0.04853751 -0.0004395172 0.03838929
v -0.04976483 -0.0008137897 0.03833115
v -0.04796024 0.001713078 0.004568245
v -0.04789485 0.000124272 0.005204272
v -0.04801384 0.001745392 0.00275635
v -0.04791437 0.002954559 0.002289563
v -0.04974579 0.00125088 0.03850988
v -0.05049048 0.0003618803 0.03894632
v -0.04802131 0.003978984 0.002132837
v -0.0488039 0.002043994 0.03875472
v -0.0494699 0.003166098 0.03732409
v -0.03232322 0.01656948 0.03816722
v -0.04771558 0.0003234595 0.03787989
v -0.0476868 0.002445202 0.03795902
v -0.04970983 0.002956586 0.03843394
v -0.05053779 0.00344234 0.03899734
v -0.03660306 -0.007919434 0.03712657
v -0.04799449 0.004979381 0.0009606704
v -0.03555071 -0.009435933 0.03732599
v -0.04808793 0.008423528 0.0001850985
v -0.04801524 0.007404927 -0.0006586239
v -0.04701458 0.0006436631 0.03806885
v -0.04803269 0.004715241 0.003639076
v -0.04465989 0.002037382 0.03783535
v -0.04750492 -0.003639849 0.02959949
v -0.04769046 -0.003419092 0.02770902
v -0.04757486 -0.004598383 0.02767177
v -0.04771453 -0.002107488 0.0278525
v -0.04767343 -0.0008447301 0.02681861
v -0.04771895 -0.001926016 0.02440989
v -0.04603896 0.01665416 0.004707839
v -0.04464969 0.01905714 0.004031815
v -0.04553127 0.01770874 0.002032302
v -0.04778471 0.00424039 0.03795899
v -0.04685839 0.003267646 0.0381242
v -0.04868674 0.003498882 0.03869782
v -0.04844586 0.007496748 0.0355185
v -0.02825725 0.01413285 0.0377515
v -0.04778959 0.002989139 0.02703779
v -0.04786615 0.003190158 0.02367641
v -0.047755 0.0001342595 0.02417728
v -0.04779689 -0.001276409 0.01918484
v -0.04777515 -0.0001978315 0.01938791
v -0.0478572 -0.000840798 0.0176888
v -0.04783025 0.001768352 0.01824177
v -0.0478216 0.0008795392 0.01600474
v -0.04749472 -0.00547694 0.02901822
v -0.04963797 0.005224368 0.0385588
v -0.0478621 0.001525939 0.02025437
v -0.04761951 -0.002619436 0.03024809
v -0.0476636 -0.0006084163 0.02958116
v -0.04779836 0.0001498479 0.0279757
v -0.04890069 0.004823828 0.03903745
v -0.04893913 0.003337473 0.0409513
v -0.04774767 0.0001471825 0.02113781
v -0.04778288 0.0006820001 0.02257702
v -0.0353198 0.01953014 0.03851535
v -0.04790974 0.003666617 0.02609351
v -0.05049775 0.005756935 0.03907413
v -0.03492925 -0.007151958 0.03701692
v -0.04787043 0.005624276 0.03801414
v -0.04794168 0.003047327 0.01601063
v -0.0479187 0.005206194 0.0153504
v -0.04800337 0.004388308 0.0140563
v -0.0376295 0.02094839 0.03874452
v -0.04797577 0.00577133 0.01375145
v -0.04802676 0.005851822 0.0151637
v -0.03222229 0.01967215 0.03841603
v -0.04797574 0.007092796 0.01451544
v -0.0478873 0.003925197 0.01732625
v -0.03339776 -0.004825123 0.03693444
v -0.03482697 -0.005337317 0.03701768
v -0.04800761 0.005719956 0.01801741
v -0.04793186 0.00439688 0.0194091
v -0.02514511 -0.02531458 0.02701911
v -0.02364418 -0.02526491 0.02736796
v -0.04208981 0.001621846 0.03782087
v -0.04778501 0.003164934 0.02148726
v -0.04792743 0.004392672 0.0217718
v -0.02453185 -0.0253857 0.02882995
v -0.03432247 0.02307804 0.03877947
v -0.02169278 -0.02535301 0.02842048
v -0.04782766 0.01021696 0.01465289
v -0.04783753 0.01088169 0.01596928
v -0.04783713 0.01090338 0.013534
v -0.03217993 0.0230152 0.03869257
v -0.04701411 0.01433276 0.01627374
v -0.04650286 0.01531165 0.01705933
v -0.04576665 0.017089 0.01502587
v -0.02927741 0.01736671 0.03807962
v -0.04218046 -0.004724149 0.03774302
v -0.04802371 0.00487964 0.02444205
v -0.02286153 -0.02548725 0.03016878
v -0.0479485 0.009148967 0.02055369
v -0.0480646 0.008063322 0.02032936
v -0.04799988 0.007960377 0.02110415
v -0.0390325 -0.005199317 0.03755403
v -0.02104466 -0.02550793 0.03064565
v -0.02483447 -0.02549003 0.03113864
v -0.03935461 -0.002756489 0.03752316
v -0.04758838 0.01151848 0.0190029
v -0.04782901 0.01069903 0.01899681
v -0.04750456 0.01231655 0.01991949
v -0.03746345 -0.004590973 0.03744423
v -0.01967318 -0.02541651 0.02972692
v -0.04228172 0.02155784 0.01960459
v -0.04349531 0.02035529 0.01869432
v -0.04295586 0.02095656 0.02042324
v -0.02564781 0.01591285 0.03781187
v -0.04467745 0.0188451 0.02100064
v -0.04329989 0.02052784 0.02240185
v -0.04195236 0.02190306 0.02240631
v -0.04097492 0.0225143 0.02073518
v -0.04086804 0.0001054145 0.03768039
v -0.02598953 0.01943205 0.03815602
v -0.01815088 -0.02530079 0.02796174
v -0.01709945 -0.02519182 0.02620871
v -0.01582807 -0.02533249 0.02858918
v -0.02875298 0.02007293 0.03830464
v -0.043073 0.02084722 0.02526984
v -0.04233003 0.0214438 0.02434121
v -0.04373291 0.01992347 0.02494038
v -0.0419765 -0.02035623 0.0006025955
v -0.04122449 -0.0207039 0.00259719
v -0.01528482 -0.0251513 0.02684905
v -0.04020916 -0.0215673 0.003318306
v -0.04170319 -0.02048398 0.002196521
v -0.03733313 -0.00631965 0.03718992
v -0.04209861 -0.02027211 0.003999468
v -0.0410978 -0.02084881 0.005321674
v -0.01717171 -0.02547875 0.03048085
v -0.04471174 -0.01690501 6.48126e-05
v -0.04480188 -0.01684226 0.001953661
v -0.03558191 -0.004042128 0.03734775
v -0.04337758 -0.01884236 0.006187227
v -0.04327232 -0.01898804 0.004045326
v -0.04274815 -0.01944694 0.004793458
v -0.04039877 -0.02152913 0.007264078
v -0.04115553 -0.02092925 0.008476537
v -0.04176594 -0.02051504 0.006056815
v -0.04279058 -0.01950894 0.007321559
v -0.02302908 -0.0255985 0.03191435
v -0.04176212 -0.02057374 0.008356061
v -0.0369551 -0.001012838 0.03738915
v -0.01909255 -0.0256542 0.03248496
v -0.04454817 -0.01719287 0.005025551
v -0.04527538 -0.01629601 0.00578513
v -0.04555099 -0.01560649 0.002990413
v -0.04614861 -0.01449998 0.004765537
v -0.04436348 -0.01743342 0.006779626
v -0.03381131 -0.002948357 0.03725806
v -0.04878488 0.01061474 0.03957503
v -0.05027036 0.01185948 0.03888225
v -0.05060066 0.009675294 0.03904317
v -0.04546785 -0.01602559 0.008075904
v -0.04831805 0.01307611 0.03935695
v -0.03311945 -0.02453859 0.004683502
v -0.04782379 0.01418984 0.03886452
v -0.03512118 -0.02408858 0.004796948
v -0.02089204 -0.02574642 0.03246064
v -0.04695322 0.01444465 0.03840198
v -0.04800835 0.01492381 0.04002911
v -0.01989771 -0.02549934 0.03377163
v -0.01719296 -0.02552489 0.03396877
v -0.02899414 -0.02473297 0.005150009
v -0.03145127 -0.02478153 0.006744109
v -0.04698754 0.01629517 0.03872443
v -0.04579879 0.01674066 0.03864724
v -0.03180284 -0.019238 0.03720777
v -0.04717383 0.01670029 0.03940416
v -0.03335956 -0.02456603 0.007462271
v -0.02984314 -0.01802033 0.03721136
v -0.03467802 -0.02432044 0.0087483
v -0.04633361 0.01811774 0.03912656
v -0.02858163 -0.02083239 0.03710686
v -0.03214009 -0.003446784 0.03698984
v -0.03258684 -0.02479162 0.009877924
v -0.02912333 -0.01947859 0.03719348
v -0.03758795 -0.0233095 0.01074612
v -0.03717984 -0.02345125 0.008173667
v -0.03636146 -0.02386847 0.01088385
v -0.02670373 -0.02075665 0.0370739
v -0.02775799 -0.01885722 0.03723796
v -0.02803761 -0.01705373 0.03713468
v -0.04531928 0.01844957 0.03871215
v -0.026352 -0.01743586 0.03708147
v -0.03458016 -0.02448019 0.01326592
v -0.04623519 0.02045411 0.03880384
v -0.0360453 -0.01824628 0.03738132
v -0.02954281 -0.0006667804 0.03709023
v -0.04352763 0.01798171 0.03872102
v -0.04795928 0.009375557 0.03429714
v -0.04799423 0.007338084 0.03442808
v -0.03420252 -0.017669 0.03751541
v -0.0452986 -0.01647472 0.0122356
v -0.04555267 -0.01592503 0.01063092
v -0.04434206 -0.01769448 0.01037435
v -0.04799039 0.01038563 0.03507762
v -0.04389323 -0.01808108 0.008821514
v -0.04316676 -0.01930169 0.008489169
v -0.04303279 -0.01938003 0.009226829
v -0.04274014 -0.01956523 0.01071724
v -0.04221455 -0.02034266 0.01009735
v -0.04314639 -0.01939446 0.0141147
v -0.04341042 -0.01907757 0.01213523
v -0.04250131 -0.02012675 0.01333895
v -0.03277267 -0.0178517 0.03746452
v -0.04495075 0.02126922 0.03732931
v -0.04674636 -0.01317953 0.010869
v -0.04663531 -0.01336934 0.009013072
v -0.0460975 -0.01471903 0.01075109
v -0.03499779 -0.01536546 0.03742639
v -0.04320599 -0.01942476 0.0161105
v -0.04236268 -0.02050151 0.01597996
v -0.04457977 -0.01764471 0.01534066
v -0.04298288 0.01971464 0.03882172
v -0.04565048 -0.01596447 0.01395772
v -0.03162441 -0.01573278 0.03721728
v -0.04384945 0.02043035 0.03873437
v -0.04502328 0.02011323 0.03919177
v -0.04416249 -0.01837219 0.0176826
v -0.03346816 -0.01324525 0.03723794
v -0.04580104 -0.01550061 0.01499305
v -0.04552174 -0.01621969 0.01767496
v -0.03641954 -0.02395971 0.01382742
v -0.04578954 0.01966208 0.04036209
v -0.04628454 0.02165993 0.03923189
v -0.04430901 0.0224933 0.03881916
v -0.0308497 -0.01706866 0.03721154
v -0.0431749 0.02151364 0.0389387
v -0.04378553 0.02167016 0.03976558
v -0.0277965 -0.02487028 0.006964352
v -0.03971802 0.0189013 0.03863662
v -0.03065404 -0.01306278 0.03710815
v -0.03133266 -0.01055919 0.03708927
v -0.04000735 0.02057154 0.03880433
v -0.04299562 0.02335051 0.0374937
v -0.04178119 0.02172262 0.03883304
v -0.03277511 -0.007948514 0.03718556
v -0.03961925 0.02493867 0.03700256
v -0.03837673 0.02436586 0.03606363
v -0.04266932 0.02394956 0.03883
v -0.02880492 -0.01410589 0.03701928
v -0.04174937 0.02307575 0.0392568
v -0.04249855 0.02287194 0.04019276
v -0.04089944 0.02317701 0.0389315
v -0.04006179 0.02554364 0.03883187
v -0.02881664 -0.01064033 0.03697851
v -0.04102919 0.0240333 0.04030635
v -0.04167116 0.02372649 0.04118609
v -0.03941697 0.02237746 0.03886182
v -0.02437369 -0.02129011 0.03694812
v -0.02208599 -0.02281064 0.03693151
v -0.03906984 0.02408062 0.03888645
v -0.03668101 0.02391487 0.03888548
v -0.02488813 -0.01972481 0.03693689
v -0.02618897 -0.01916802 0.03719799
v -0.02484074 -0.01796583 0.0371123
v -0.03906809 0.02455747 0.03916698
v -0.02335612 -0.01974048 0.03685503
v -0.03978656 0.02485843 0.04103348
v -0.02327238 -0.01768705 0.03683658
v -0.02756793 0.001095263 0.03712094
v -0.01880933 -0.02400073 0.03693853
v -0.01972608 -0.021911 0.03686706
v -0.02141095 -0.0190359 0.03686029
v -0.02828567 0.004286457 0.03727949
v -0.01647937 -0.0222664 0.03682925
v -0.02376996 -0.01597756 0.03691395
v -0.02213378 -0.01688889 0.03697782
v -0.02643588 0.005654646 0.03732362
v -0.02610245 0.007508904 0.03725986
v -0.02433995 0.006415166 0.03728545
v -0.02364607 0.007770792 0.0371993
v -0.02108856 -0.0148685 0.03686913
v -0.01913122 -0.01890888 0.03681028
v -0.0195489 -0.01693188 0.03697722
v -0.01740552 -0.01916557 0.0367521
v -0.0180818 -0.0174884 0.03669532
v -0.01625211 -0.01741498 0.03664915
v -0.02213904 0.005213639 0.03720938
v -0.0174826 -0.01572798 0.03667165
v -0.02157001 0.006596481 0.03728666
v -0.01904121 -0.01441012 0.03686774
v -0.0245919 0.01061096 0.03738094
v -0.03312793 -0.006709948 0.03702366
v -0.03039459 -0.008434508 0.03702088
v -0.03102348 -0.004605893 0.03685986
v -0.03041636 -0.006407976 0.03708167
v -0.02541517 0.01371174 0.03764121
v -0.02111347 0.008970831 0.03720757
v -0.01957821 0.007377539 0.03731083
v -0.02655403 -0.008226659 0.03686454
v -0.018432 0.008438505 0.03732838
v -0.01882205 0.01036399 0.03724601
v -0.02114377 0.01106988 0.03735088
v -0.02840453 -0.005086523 0.03699581
v -0.02303908 0.01461521 0.0376281
v -0.02822934 -0.002588443 0.03679715
v -0.02429977 0.01757 0.03792103
v -0.02120586 0.01561649 0.03768232
v -0.01875922 0.01196309 0.03738259
v -0.02066439 0.01333935 0.03746539
v -0.02508435 -0.005205587 0.03681762
v -0.01761818 0.01476997 0.03752103
v -0.01640288 0.0128303 0.03738147
v -0.01956154 0.01748117 0.03776906
v -0.02133653 -0.0128415 0.03682148
v -0.01972141 -0.0130227 0.03679597
v -0.02212154 0.01773137 0.03789368
v -0.01705589 0.009241736 0.03741108
v -0.01530058 0.009685252 0.03727976
v -0.01639249 0.01079719 0.03736764
v -0.01499171 0.01194558 0.03733068
v -0.01783317 -0.01281768 0.036534
v -0.01580242 -0.0145376 0.03661915
v -0.01927062 -0.01066539 0.03652425
v -0.01384239 0.01102589 0.03717145
v -0.01829522 -0.01051673 0.03647253
v -0.01545018 -0.01274636 0.03671883
v -0.01466809 0.01559901 0.03751014
v -0.01198141 0.01306562 0.03725178
v -0.04643407 0.01592334 0.002241831
v -0.04610182 0.01657006 -0.001102958
v -0.04331495 -0.01958554 0.02157899
v -0.04374962 -0.01915827 0.02457235
v -0.04432113 -0.0183042 0.02239931
v -0.04414941 -0.01854751 0.0203572
v -0.04499987 -0.01725198 0.01986168
v -0.04505704 -0.01731132 0.02376233
v -0.04786885 0.01154836 0.002222132
v -0.04748523 0.012628 0.003532253
v -0.04729797 0.01338353 0.001980286
v -0.04712184 0.01410795 0.003605492
v -0.04574044 -0.01609283 0.02206693
v -0.0469143 0.01493193 0.002327207
v -0.04700784 0.01493843 0.003572553
v -0.04139493 -0.02127818 0.02158452
v -0.04122937 -0.02122242 0.01848733
v -0.04014619 -0.02216025 0.01851165
v -0.04578032 -0.01570948 0.02078473
v -0.04262917 -0.02046054 0.01974758
v -0.0461487 -0.01513574 0.02010867
v -0.04671937 -0.01369481 0.02195588
v -0.04647511 -0.01425895 0.01650417
v -0.0464243 -0.01418199 0.0182766
v -0.04692876 -0.01265236 0.01540763
v -0.03966074 -0.02258312 0.02178528
v -0.03887706 -0.02290169 0.01811391
v -0.04733049 -0.01109194 0.01914562
v -0.03773557 -0.02366386 0.02198659
v -0.03771361 -0.02338853 0.01547145
v -0.04707742 -0.01178727 0.01529724
v -0.04678976 -0.01316647 0.01974982
v -0.04818853 0.008620238 0.001864202
v -0.04799599 0.01050282 0.0002812929
v -0.04806419 0.009468187 0.002787016
v -0.04741812 -0.01083155 0.01558571
v -0.0473756 -0.01053625 0.01695626
v -0.04734742 -0.01056061 0.01459011
v -0.04759828 -0.009373721 0.01367187
v -0.03460742 -0.02457963 0.0194262
v -0.0477311 -0.004089329 0.03377754
v -0.04768009 -0.006858341 0.03380205
v -0.03304641 -0.02476312 0.01932053
v -0.03559495 -0.02430263 0.02066467
v -0.04757807 -0.009278063 0.0178824
v -0.04794389 0.01024991 0.005181737
v -0.04807135 0.008043848 0.004307166
v -0.03669576 -0.02386846 0.02129727
v -0.04788022 0.01137246 0.003933433
v -0.04724159 -0.01119898 0.02082966
v -0.03352248 -0.02500147 0.02126157
v -0.03499436 -0.02463214 0.0229133
v -0.047988 0.01152443 0.005734473
v -0.04729525 0.01315588 0.006135017
v -0.04758151 -0.009481508 0.0208434
v -0.03015509 -0.02541292 0.02082225
v -0.03098255 -0.02510614 0.01942089
v -0.04729571 -0.0114802 0.02204815
v -0.04709495 -0.01255372 0.02355711
v -0.0462286 -0.01491736 0.02408201
v -0.04590804 -0.01580537 0.0260087
v -0.04802132 0.009660158 0.007028908
v -0.04495002 -0.01756113 0.02581003
v -0.0502567 -0.01230693 0.0412418
v -0.05013634 -0.01092448 0.04148331
v -0.05059478 -0.01163869 0.0408661
v -0.05043777 -0.008969549 0.04129069
v -0.05078143 -0.00971359 0.04047704
v -0.04993973 -0.009372916 0.04157499
v -0.04965246 -0.01081301 0.04145982
v -0.03136133 -0.02519956 0.02272084
v -0.04786322 0.01100321 0.008036789
v -0.04891736 -0.01325006 0.04101337
v -0.04901203 -0.01093401 0.04059374
v -0.04966151 -0.01214775 0.04142973
v -0.0494988 -0.01390798 0.04142371
v -0.04762821 0.01237684 0.006588835
v -0.05077734 -0.00667268 0.04036519
v -0.05070329 -0.01012773 0.03881171
v -0.02872525 -0.0252674 0.02231771
v -0.04380044 -0.01898421 0.02650907
v -0.04479103 -0.01770608 0.0278075
v -0.04705437 0.0140978 0.007251345
v -0.04688629 0.01480852 0.006017316
v -0.04698895 -0.01280643 0.02543582
v -0.05052404 -0.005391721 0.04122552
v -0.04692132 -0.01328113 0.02658575
v -0.04007802 -0.02239759 0.02472285
v -0.04932459 -0.007554758 0.04132468
v -0.04915047 -0.009288233 0.04109715
v -0.04896343 -0.007546552 0.04067934
v -0.04618384 -0.01505109 0.02729468
v -0.0500439 -0.006934252 0.0416105
v -0.0425272 -0.02036279 0.02304512
v -0.04147767 -0.02113706 0.02399249
v -0.04247914 -0.02054447 0.02525131
v -0.05066895 -0.005600967 0.0388546
v -0.04739275 -0.01045489 0.02221073
v -0.03800528 -0.02356196 0.02435733
v -0.04567125 0.01743856 0.007115964
v -0.05054892 -0.00414506 0.03883481
v -0.04764809 -0.00971948 0.02282417
v -0.04753869 -0.008379862 0.02295358
v -0.04740391 -0.01096731 0.02491415
v -0.0354396 -0.02461397 0.02391726
v -0.04756854 -0.009937305 0.02480365
v -0.05052453 -0.001929665 0.03889919
v -0.05066442 -0.002523333 0.03925373
v -0.05070462 -0.003385965 0.04055336
v -0.04760435 -0.007708177 0.02595749
v -0.0501992 -0.003523741 0.04152121
v -0.05054531 -0.001832599 0.04118317
v -0.04767761 -0.005000681 0.01405202
v -0.04768437 -0.003858913 0.01488873
v -0.04783459 -0.005117659 0.01257256
v -0.04996588 -0.002207622 0.04174932
v -0.04354849 -0.01950885 0.01965484
v -0.04349285 -0.01950325 0.02794148
v -0.04052569 -0.02209256 0.02799336
v -0.04174174 -0.02108773 0.02761836
v -0.04923987 -0.005582687 0.04123224
v -0.04770058 -0.003226409 0.01779873
v -0.04456411 -0.0182824 0.02899132
v -0.04754292 -0.005335141 0.01830046
v -0.04892717 -0.003457446 0.04080477
v -0.04246693 -0.02063564 0.02962349
v -0.04768825 -0.006231509 0.02025421
v -0.04129805 -0.02147266 0.03015263
v -0.05018058 -0.005677514 0.04155642
v -0.04762387 -0.006066207 0.02315216
v -0.04774638 -0.001665097 0.01348995
v -0.04766308 -0.002924766 0.01244751
v -0.04776715 -0.00198585 0.01590785
v -0.04971701 -0.004174786 0.04164638
v -0.047929 0.001365338 0.01343754
v -0.04784072 0.0005632937 0.01217594
v -0.04790016 -0.000565676 0.01417829
v -0.04920102 -0.00202396 0.04137392
v -0.04895101 -0.001872489 0.0407408
v -0.04766083 -0.00340372 0.02452547
v -0.0477521 -0.001331192 0.02198839
v -0.04564038 -0.01642557 0.0294252
v -0.04685878 -0.01364272 0.02854184
v -0.04664485 -0.01428053 0.02989326
v -0.04399824 -0.01880197 0.03063726
v -0.0445301 -0.0181269 0.02990729
v -0.04720087 -0.01173379 0.0291723
v -0.04596829 -0.01596744 0.03022902
v -0.04659701 -0.01422264 0.0316302
v -0.04787806 -0.0005648248 0.0319776
v -0.04782229 -0.003521862 0.03252264
v -0.04763398 -0.006145928 0.02543979
v -0.04662007 -0.02141184 0.03876735
v -0.04790939 0.001553817 0.03193138
v -0.04464225 -0.02352668 0.03838778
v -0.04542238 -0.02278912 0.03958757
v -0.04199649 -0.02555149 0.03859374
v -0.0480429 0.004992809 0.009752464
v -0.04783408 0.003642933 0.01265424
v -0.04813487 0.005727299 0.01173849
v -0.04794001 0.002330355 0.01214636
v -0.04795258 0.001340598 0.01069002
v -0.04788015 0.003573895 0.01033374
v -0.04800616 0.002481714 0.00928596
v -0.04350273 -0.02443762 0.04033747
v -0.04554398 -0.02232762 0.04066572
v -0.04766787 -0.006047744 0.0299405
v -0.0403942 -0.02655123 0.03973174
v -0.04208905 -0.02524608 0.04060648
v -0.04762062 -0.007490553 0.0308751
v -0.04088064 -0.02580606 0.04078014
v -0.04752608 -0.006371729 0.03125837
v -0.04332709 -0.02406796 0.04089381
v -0.04180465 -0.02468028 0.04086868
v -0.04747316 -0.008919671 0.03099708
v -0.04355656 -0.02332251 0.04091936
v -0.04779888 0.004013948 0.03139959
v -0.04798447 0.005831655 0.0307278
v -0.04784018 0.004821327 0.02944038
v -0.04796913 0.0041188 0.0333654
v -0.04788096 0.005778052 0.03249326
v -0.04800017 0.00616649 0.009128526
v -0.04794256 0.007073082 0.01070296
v -0.04806479 0.008643324 0.01157183
v -0.04796791 0.008265026 0.01011943
v -0.04815831 0.008285753 0.006739564
v -0.04791299 0.01023803 0.00983981
v -0.04798476 0.008074205 0.01291651
v -0.04800079 0.009239621 0.01461708
v -0.04754603 -0.005219422 0.02475511
v -0.0478311 0.01023676 0.01176156
v -0.05068778 -0.001016529 0.04039323
v -0.04747568 -0.005212173 0.02664188
v -0.05067667 0.001142973 0.03965107
v -0.05014139 -0.0008397028 0.04160389
v -0.05062149 0.0003282316 0.04105993
v -0.04785038 0.01131204 0.01164838
v -0.04955359 -0.0001493655 0.04162546
v -0.05020239 0.0008269809 0.04167473
v -0.05067832 0.004459457 0.04099423
v -0.04893391 0.0008424744 0.04099519
v -0.04943301 0.002775567 0.04160199
v -0.03176936 -0.02545992 0.02992005
v -0.04785405 0.001403384 0.02747559
v -0.04793091 0.006845398 0.01866081
v -0.04760853 -0.004347172 0.03048164
v -0.04779816 0.009944726 0.01719908
v -0.04761979 -0.002342178 0.03141303
v -0.04754383 0.01232011 0.01719371
v -0.04776621 0.002655812 0.02988958
v -0.04803447 0.008424785 0.01745124
v -0.05076244 0.006478259 0.04091253
v -0.04886656 0.006160883 0.04108022
v -0.05062263 0.007910244 0.0392728
v -0.04887282 0.007521376 0.04020166
v -0.04748818 0.01241104 0.009662747
v -0.04702117 0.01436001 0.009806536
v -0.04653088 0.01539251 0.009619139
v -0.03943177 -0.02707307 0.0389397
v -0.03816503 -0.02724599 0.03794239
v -0.03622347 -0.02804468 0.03853874
v -0.04750898 0.01254473 0.01350212
v -0.04723138 0.0132928 0.01286642
v -0.03361127 -0.02844505 0.03793339
v -0.04695172 0.01459461 0.01326422
v -0.0349237 -0.02838084 0.03954913
v -0.04644872 0.01564188 0.01285822
v -0.03103863 -0.02862086 0.03943605
v -0.01567726 -0.02572823 0.03273909
v -0.0308717 -0.02845509 0.03808291
v -0.04622473 0.01615173 0.008921716
v -0.03305236 -0.02826606 0.04019331
v -0.0320982 -0.02823177 0.03774598
v -0.03290565 -0.02661263 0.03990226
v -0.04526648 0.01798647 0.01058099
v -0.04460654 0.01906841 0.008417476
v -0.04395372 0.01993305 0.005609579
v -0.04641023 0.01600001 0.01076122
v -0.04402288 0.0197409 0.01067942
v -0.03857806 -0.02702051 0.04049988
v -0.03710654 -0.02782821 0.03941664
v -0.03588592 -0.0278734 0.04052093
v -0.04726005 0.01300594 0.01626138
v -0.03827377 -0.02670298 0.04080717
v -0.03681595 -0.02676483 0.04075509
v -0.03647312 -0.02605503 0.04007761
v -0.03771576 -0.02590913 0.04045203
v -0.03539629 -0.02664308 0.04043438
v -0.03880724 -0.02590908 0.0408373
v -0.05049803 0.002839919 0.04130468
v -0.0500009 0.002790453 0.04162037
v -0.04728758 0.01293451 0.01981366
v -0.05035426 0.00497967 0.04165845
v -0.03393933 -0.02767475 0.04073918
v -0.03397919 -0.02665735 0.04015449
v -0.0499736 0.005737586 0.04190134
v -0.05018298 0.006962854 0.04183847
v -0.04963438 0.004502995 0.04171921
v -0.03256361 -0.02798679 0.04059601
v -0.0314613 -0.02752594 0.04067603
v -0.03003991 -0.02687017 0.04017807
v -0.05065192 0.009754084 0.04061045
v -0.050438 0.008945333 0.04161768
v -0.04990993 0.007564923 0.04191449
v -0.04435498 0.01938807 0.01388515
v -0.02883166 -0.02825273 0.03804534
v -0.04884531 0.007606208 0.04136313
v -0.02871722 -0.0285003 0.03957094
v -0.04472826 0.01872533 0.01569318
v -0.02527124 -0.02839194 0.03987665
v -0.04315518 0.02085759 0.01392566
v -0.04314014 0.02067949 0.01654612
v -0.02736773 -0.02761285 0.04056797
v -0.02587578 -0.02794316 0.04053854
v -0.02550299 -0.02747663 0.04054938
v -0.04781877 0.007351872 0.03143285
v -0.02565579 -0.02672721 0.03992794
v -0.04798251 0.008766279 0.03058336
v -0.04785374 0.006721247 0.02215398
v -0.04769664 0.01039437 0.03160229
v -0.04785983 0.006139157 0.02578908
v -0.02334892 -0.02837274 0.0395744
v -0.04785324 0.004830983 0.02699094
v -0.02049826 -0.02842696 0.03963088
v -0.02271524 -0.02826069 0.04022431
v -0.02124601 -0.02814464 0.04045868
v -0.04758858 0.01161209 0.03250702
v -0.04802896 0.008191369 0.0230863
v -0.02405256 -0.0278575 0.04062185
v -0.047997 0.008955602 0.02438609
v -0.04731519 0.01229051 0.03169654
v -0.02353399 -0.02746208 0.04055011
v -0.02249573 -0.02781446 0.04055146
v -0.02169203 -0.02746611 0.04049226
v -0.04784579 0.009478852 0.02290248
v -0.04771657 0.01124052 0.0218118
v -0.04775882 0.01148624 0.0237481
v -0.0473191 0.01288212 0.02333531
v -0.04796378 0.006075677 0.02725576
v -0.047091 -0.0115006 -0.00344339
v -0.04793734 0.006961022 0.02915061
v -0.04799351 0.007809497 0.02713632
v -0.0409717 0.02239693 0.02621196
v -0.0424765 0.02110953 0.02669757
v -0.04754474 -0.008954473 -0.002641715
v -0.0476977 -0.007967044 -0.004205722
v -0.04764261 -0.009060398 -0.00154506
v -0.04774497 -0.0069451 -0.001928478
v -0.04768608 -0.007067654 0.0002902709
v -0.047785 0.01065184 0.02555263
v -0.04785353 0.01049358 0.0288436
v -0.04783581 -0.006420497 -0.003861677
v -0.04754645 0.01216259 0.02608857
v -0.04759305 0.01215377 0.02799677
v -0.04697147 0.0144482 0.02488814
v -0.04714594 0.01363057 0.02857923
v -0.04768588 -0.008758139 0.001415979
v -0.04700334 0.01426833 0.01991627
v -0.04618232 0.01621313 0.01877905
v -0.04783076 -0.006081533 5.059689e-05
v -0.04790945 -0.00383928 -0.001282893
v -0.04702208 0.01449459 0.02298548
v -0.04653101 0.01521784 0.02150239
v -0.04603765 0.01650757 0.02172628
v -0.04563177 0.01741434 0.02003033
v -0.04903471 -0.01732357 0.03878656
v -0.05024404 -0.01415128 0.03904681
v -0.04498164 0.01848549 0.01850275
v -0.04781194 -0.01596575 0.04017367
v -0.04405574 0.01967357 0.01705943
v -0.04944342 -0.01645649 0.04026807
v -0.04911518 -0.01663868 0.04102246
v -0.05001535 -0.0144986 0.04078238
v -0.04848851 -0.01655251 0.04130871
v -0.04914743 -0.01526365 0.04133358
v -0.05056032 -0.01251985 0.03942062
v -0.04887184 -0.01461164 0.04127979
v -0.04841463 -0.0148318 0.04090314
v -0.04808474 -0.01926647 0.04021882
v -0.04781117 -0.006515026 0.00648012
v -0.0469882 -0.02084417 0.04025182
v -0.04671406 -0.02083956 0.04088255
v -0.0473649 -0.01971567 0.04100452
v -0.04821441 -0.01870812 0.04078714
v -0.04800692 -0.01803172 0.04122796
v -0.0447031 -0.02266051 0.04091737
v -0.04651989 0.01542015 0.02430113
v -0.04784142 -0.003099885 0.006696321
v -0.04755408 -0.01734012 0.04096132
v -0.04549826 0.01764288 0.02294886
v -0.0477825 -0.00444486 0.007659368
v -0.04763462 -0.005411919 0.009301793
v -0.04797091 -0.002619468 0.005721364
v -0.04794315 -0.001072194 0.006660901
v -0.04140341 0.02196972 0.03277981
v -0.0482837 -0.01585355 0.04123389
v -0.04739746 -0.01053717 0.01297101
v -0.04639337 0.01565729 0.02774797
v -0.04508342 0.01827632 0.02475835
v -0.04763272 0.01182249 0.03097354
v -0.0447835 0.01860596 0.02340742
v -0.04776041 -0.004275931 0.0113235
v -0.04678703 0.01451213 0.0300874
v -0.04720671 0.01364688 0.03121522
v -0.0478166 -0.00278555 0.01071913
v -0.0478204 -0.002217634 0.009144347
v -0.04787871 -0.0002857968 0.007270124
v -0.04791576 -0.0008182656 0.009862963
v -0.04069766 0.02265687 0.0239471
v -0.04250488 -0.01963095 0.001642432
v -0.0381017 0.02389912 0.03224184
v -0.03921586 0.02336009 0.0304464
v -0.0480339 0.005903317 -0.008360891
v -0.05057376 0.01165496 0.03928682
v -0.05056505 0.01241363 0.04061352
v -0.05043164 0.01161445 0.04126577
v -0.05009335 0.01359579 0.0416051
v -0.0387262 -0.02253835 0.005332135
v -0.04806652 0.007299459 -0.005688611
v -0.04957227 0.01601771 0.03947154
v -0.04992556 0.01520998 0.04119709
v -0.04945815 0.01554555 0.04187813
v -0.04863561 0.0179282 0.04152074
v -0.04886867 0.01784166 0.04075498
v -0.04810854 0.008198041 -0.001927
v -0.04800032 0.01918552 0.03919547
v -0.04334896 -0.01866271 0.0009251013
v -0.04775393 0.01989212 0.04075723
v -0.04721539 0.02062684 0.0395745
v -0.04781961 -0.001699144 -0.00308584
v -0.04792877 -0.0006616004 -0.001624674
v -0.0440182 -0.01786285 0.002392698
v -0.04781772 0.0003567822 -0.001634862
v -0.04798315 0.009258326 -0.009593466
v -0.04797519 0.008053623 -0.007453818
v -0.03887475 -0.02259972 0.009663645
v -0.04792317 0.009177491 -0.00744273
v -0.04038626 -0.02170175 0.01107208
v -0.04777458 0.01259796 -0.01140743
v -0.04733857 0.01362676 -0.01158289
v -0.04771743 0.01255091 -0.01011407
v -0.04886018 0.009334177 0.04108059
v -0.04908969 0.00975237 0.04155335
v -0.0471198 0.01458332 -0.009044817
v -0.04648663 0.01610072 -0.01014354
v -0.04866288 0.01181567 0.04106359
v -0.04975709 0.009555902 0.04180961
v -0.04645908 -0.01386556 0.007440995
v -0.05000886 0.01219188 0.04184949
v -0.04955688 0.01167948 0.04188898
v -0.04807543 0.009827195 -0.001648594
v -0.04797375 0.0114595 -0.003800809
v -0.04873928 0.01229474 0.04153515
v -0.04753506 0.01289778 -0.002321113
v -0.04784879 0.01154488 -0.001529939
v -0.04817575 0.01455744 0.04114035
v -0.04866181 0.01472049 0.04178262
v -0.04929764 0.01405566 0.04196461
v -0.04702227 0.01462338 -0.006495968
v -0.03662813 -0.02360339 0.005784258
v -0.0461717 0.01655913 -0.009388739
v -0.0460132 0.0169777 -0.006262451
v -0.04672935 0.01536403 -0.002996646
v -0.04614309 0.01647439 -0.005315557
v -0.04713173 0.01749625 0.04156896
v -0.04801661 0.002142232 0.006069895
v -0.04800728 0.0008283928 0.007003561
v -0.04771358 0.01770575 0.0420551
v -0.04761003 0.0191092 0.04191302
v -0.04803789 0.00699364 0.002735551
v -0.04805532 0.005692635 0.00447477
v -0.0478556 0.004250377 0.006614991
v -0.04792713 0.002669549 0.007652145
v -0.04614366 0.01939081 0.04156322
v -0.04788023 1.903623e-06 0.00953871
v -0.04797231 0.005327087 0.007173877
v -0.04626536 0.02195686 0.04116458
v -0.04429109 0.02408848 0.03995299
v -0.04401057 0.02181784 0.0412752
v -0.04798661 0.006737391 0.005409274
v -0.04130886 -0.02081412 0.01139894
v -0.04382025 0.02414955 0.03922195
v -0.04232616 -0.02035179 0.01198445
v -0.04794724 0.01169049 0.0007230788
v -0.04764339 0.01266527 0.001391243
v -0.04190899 0.02548427 0.03932734
v -0.04725196 0.01350716 -0.001492653
v -0.04166827 -0.02091403 0.01347358
v -0.04268838 0.02527049 0.03973704
v -0.0410113 -0.0212036 0.01333164
v -0.04704636 0.01440182 -0.0003775023
v -0.04133884 -0.02094823 0.01589396
v -0.04578176 0.01741118 -0.003396846
v -0.04692706 0.01955222 0.04207484
v -0.04612188 0.01999502 0.04196189
v -0.04655084 0.02106532 0.04174284
v -0.04509418 0.0209824 0.04182643
v -0.04546259 0.02194169 0.0421069
v -0.04451025 0.02272101 0.04202927
v -0.04346718 0.02283661 0.04167369
v -0.04503932 0.02287225 0.04166593
v -0.04397131 0.02393056 0.04170916
v -0.04346841 0.02385959 0.04207051
v -0.04169122 0.02601536 0.04095296
v -0.04227278 0.02519117 0.04165442
v -0.04230436 0.02462124 0.04196975
v -0.04078536 0.02495958 0.04181956
v -0.04122715 0.02566118 0.04200663
v -0.04006067 0.02604305 0.04207981
v -0.04310425 -0.01971846 0.01832925
v -0.04675549 -0.01315767 0.01292914
v -0.03921892 -0.02256814 0.01364497
v -0.04038312 -0.02184739 0.01630613
v -0.02944324 -0.02520102 0.01946022
v -0.02620041 -0.02483176 0.01865649
v -0.02732046 -0.02512451 0.01986684
v -0.0260759 -0.025208 0.0198089
v -0.02374479 -0.02492024 0.01872361
v -0.02500508 -0.02500973 0.01967056
v -0.02371367 -0.02518999 0.0203366
v -0.02888401 -0.02516822 0.02117743
v -0.02585461 -0.02514067 0.02176658
v -0.02373269 -0.02513297 0.02170236
v -0.02516 -0.02521013 0.02330354
v -0.02073826 -0.02485372 0.0188624
v -0.0227868 -0.02510609 0.0207844
v -0.02142382 -0.02516249 0.02040634
v -0.01880278 -0.02506656 0.01972294
v -0.01944706 -0.02512491 0.02097278
v -0.01799885 -0.02501313 0.02092585
v -0.01715871 -0.02500314 0.01970919
v -0.01555193 -0.02487154 0.02023231
v -0.01481816 -0.0248848 0.01923997
v -0.01197699 -0.02485302 0.02048093
v -0.01772957 -0.0249918 0.02282543
v -0.014361 -0.02498396 0.02214616
v -0.01618475 -0.02501792 0.02386075
v -0.02252232 -0.02495198 0.02279217
v -0.02094913 -0.02511564 0.0224148
v -0.01922404 -0.02496566 0.0227285
v -0.01799788 -0.02511634 0.02445449
v -0.01476231 -0.02503911 0.0242728
v -0.0135335 -0.02505943 0.0253657
v 0.02508322 -0.02624493 0.03744932
v 0.0257235 -0.02557107 0.03713157
v 0.02426386 -0.0257796 0.03714105
v 0.02741827 -0.02636283 0.03756254
v 0.007297374 -0.005366769 0.03840996
v 0.0070266 -0.007210042 0.03851724
v 0.007774048 -0.006504871 0.03885259
v -0.004890379 -0.02726628 0.03748109
v -0.006589308 -0.02821574 0.03808851
v -0.006923269 -0.02721657 0.03743881
v -0.004229695 -0.02817918 0.03801543
v 0.007944599 -0.004622199 0.03884221
v -0.01804573 -0.02803648 0.03786401
v -0.004694466 -0.02693258 0.03633716
v 0.02629797 -0.02666473 0.03843762
v 0.02799203 -0.02666229 0.03845161
v -0.006398223 0.001678007 0.03656223
v -0.004914816 -0.0002060551 0.03648751
v -0.005001724 0.002235681 0.03640214
v -0.007825162 -0.0263355 0.03758048
v -0.005258366 -0.02646174 0.03790689
v -0.007248927 -0.0259349 0.03709692
v -0.005188707 -0.02595844 0.03708391
v -0.01728603 -0.02729657 0.03726903
v 0.02377725 -0.02417438 0.03711982
v 0.02711685 -0.02432507 0.037214
v -0.01598066 -0.02833341 0.03800549
v -0.002545316 -0.0001912564 0.03634287
v -0.003696401 0.001064831 0.03633717
v -0.01522256 -0.02729379 0.03740859
v 0.02791084 -0.02584628 0.0372097
v -0.01433949 -0.02830721 0.03796894
v -0.01001975 -0.02584502 0.03698035
v -0.009399313 -0.02646502 0.03786065
v 0.02936395 -0.02450408 0.0372545
v 0.02966174 -0.0257011 0.03725421
v -0.007059723 -0.02659604 0.03921697
v -0.01283626 -0.02730305 0.03739655
v -0.001089886 -0.0007788278 0.03633827
v -0.002146002 -0.00212919 0.03646599
v -0.01530251 -0.02849961 0.03914299
v -0.01865364 -0.02837034 0.03838511
v -0.009195816 -0.02662828 0.0394936
v -0.01801831 -0.0265497 0.03794985
v -0.01625765 -0.02657207 0.03844145
v 0.02734258 -0.02636056 0.03516977
v 0.02916369 -0.02529648 0.033553
v 0.0313044 -0.02684751 0.03588209
v -0.003261395 0.003534105 0.0364833
v -0.009255745 -0.02691097 0.04004193
v -0.007797502 -0.02687899 0.0398761
v 0.03130651 -0.02553254 0.03400924
v -0.003764179 -0.02660085 0.0393285
v -0.003616955 -0.02636841 0.03778692
v -0.002546836 -0.02729133 0.03750559
v -0.0009855144 0.002353039 0.03644785
v -0.001936801 -0.02802911 0.03801997
v 0.02743122 -0.02690032 0.0361152
v -0.007302556 -0.02472155 0.01722024
v 0.00100857 0.001556123 0.03641011
v -0.009418748 -0.02487905 0.01933049
v -0.00406732 -0.02802004 0.04052229
v -0.005782887 -0.02816023 0.04032291
v -0.004099213 -0.02842329 0.03969828
v -0.005728643 -0.02763298 0.04048574
v -0.001293384 0.004863575 0.03656462
v -0.003701262 -0.02756904 0.04056378
v -0.005513381 -0.02684715 0.03994577
v 0.001334116 0.004331566 0.03653233
v 0.0332562 -0.026916 0.03612196
v 0.03339902 -0.02587828 0.0347947
v -0.007457267 -0.02473385 0.0188702
v -0.006047815 -0.02519237 0.03692883
v -0.008104697 -0.02528598 0.03693002
v -0.008511428 -0.0003803391 0.03647409
v -0.006817635 -0.02246305 0.03682604
v -0.003826249 -0.02304631 0.03686124
v -0.007820118 0.00346351 0.03665479
v -0.008613709 -0.0245277 0.01196509
v 0.0293301 -0.02734965 0.03746307
v 0.02727365 -0.02728976 0.03741693
v -0.00330738 -0.02572819 0.03699072
v -0.004920464 -0.02444779 0.01176035
v 0.02998396 -0.02630473 0.03759541
v -0.005733609 0.004111351 0.03648985
v -0.007563662 0.005783446 0.03682312
v 0.03113463 -0.02732006 0.03749892
v 0.03030354 -0.02831815 0.03781059
v -0.006119303 -0.02455005 0.01427855
v 0.03114026 -0.02656988 0.03810916
v -0.006434016 0.006474864 0.03667857
v 0.03294037 -0.02730656 0.03749432
v 0.03164126 -0.02586334 0.03725378
v -0.008902472 -0.0241366 0.03691135
v -0.003407378 0.00587553 0.03660344
v -0.003256548 -0.02447031 0.01336211
v -0.004873414 0.007326324 0.03671279
v 0.03278243 -0.0261326 0.03750926
v 0.03235158 -0.02658936 0.0383328
v -0.00609811 0.00857229 0.0368217
v -0.007235073 -0.01919327 0.03665607
v -0.003652137 -0.01907279 0.03664812
v -0.00548156 -0.02628328 0.03511108
v -0.0009920709 -0.02688887 0.03624256
v -0.005174346 0.009754144 0.03688571
v -0.001718335 0.008483017 0.03678211
v 0.03197159 -0.02697761 0.03998629
v 0.03037703 -0.02682992 0.03965402
v -0.0006764382 -0.02724482 0.03745991
v -0.002439369 -0.02457692 0.01615081
v -0.001851447 -0.02635933 0.03767114
v -0.0002794899 -0.02607078 0.03719366
v 0.03494645 -0.02710259 0.03741565
v 0.03551659 -0.02660891 0.03607521
v -0.0001726076 -0.02543286 0.03694213
v 0.001375992 -0.02443545 0.01419308
v 0.03745629 -0.02652088 0.03740697
v 0.0354185 -0.02779571 0.03785188
v 0.03429954 -0.02626194 0.03827199
v -0.005483232 0.01164129 0.03723266
v 0.03459708 -0.02572696 0.03742222
v -0.006647669 0.01235047 0.03738678
v 0.03424123 -0.02660542 0.0397151
v 0.0003640279 -0.02823083 0.03810821
v 0.0009804517 -0.02722378 0.03743625
v 0.03436708 -0.02762188 0.04054014
v 0.03398157 -0.0282716 0.04034577
v 0.03643239 -0.027544 0.04033953
v 0.001447678 -0.02643381 0.03780217
v 0.03438283 -0.02700662 0.04028989
v 0.0358801 -0.02695194 0.04043678
v 0.03684112 -0.02635062 0.04024784
v 0.03670616 -0.02598046 0.03957837
v 0.001179721 0.007058237 0.03668278
v 3.343821e-05 -0.02674073 0.03938883
v 0.03145048 -0.02451463 0.01997177
v -0.004895926 -0.02472855 0.01873771
v 0.0002327561 -0.02380976 0.03692798
v 0.02763873 -0.02446414 0.01982135
v 0.02997799 -0.02451429 0.0215607
v -0.001770191 -0.02186778 0.03680106
v 0.03439593 -0.0242504 0.01959119
v 0.02881216 -0.02465999 0.02240453
v 0.02818849 -0.02471989 0.02430346
v 0.02739329 -0.02456485 0.02211822
v 0.0003426857 -0.001488533 0.03633874
v 0.001578819 -0.004121378 0.03628352
v 0.0031632 -0.0008785408 0.03636127
v 0.002096917 -0.02572568 0.03700107
v 0.004396036 -0.004328392 0.0363074
v -0.002493616 -0.02470047 0.01851645
v 0.02843902 -0.02485052 0.02697761
v 0.02654641 -0.02475248 0.02551927
v 0.03068636 -0.02480469 0.02591527
v 0.003429666 -0.02341009 0.03687102
v -0.003676027 -0.02459447 0.02025647
v 0.02700034 -0.0249579 0.02848088
v -0.00961367 -0.01698261 0.03656001
v -0.009526905 -0.02040547 0.03671683
v -0.01172934 -0.01869565 0.03664518
v 0.001784734 -0.02452715 0.01647237
v 0.02977146 -0.02498006 0.02848925
v 0.0349326 -0.02434192 0.02571768
v 0.03246208 -0.02457888 0.02443738
v 0.03437297 -0.02430719 0.02331682
v 0.004267 -0.02441788 0.01455366
v 0.03611286 -0.02390003 0.02265146
v 0.004190307 -0.02455164 0.01826144
v 0.003708368 0.002528597 0.03647112
v 0.006050022 -0.002576981 0.03638241
v 0.03441885 -0.02452926 0.02765783
v 0.03208857 -0.02487792 0.02752934
v 0.03290723 -0.024585 0.02637543
v 0.006591287 -0.003771726 0.03626353
v -0.005186036 -0.01676408 0.03653377
v 0.03271595 -0.02481972 0.02951046
v 0.007559162 -0.002424693 0.03627861
v 0.008125413 -0.003660589 0.03631886
v -0.007280178 -0.01457239 0.03652897
v 0.007681994 -0.003830623 0.03756633
v 0.008456245 -0.00299526 0.0390042
v 0.0085008 -0.004524779 0.03909259
v 0.006917907 -0.0003688801 0.03644203
v -0.003333915 -0.0146617 0.03648062
v 0.007881384 -0.02437024 0.01447602
v -0.005591925 -0.01383456 0.0365407
v 0.005959069 0.001490045 0.03651402
v -0.00370213 -0.01276167 0.03637756
v 0.00257843 -0.02541197 0.03358346
v 0.002453674 -0.02536607 0.0316818
v 0.003973495 -0.0254607 0.0322853
v 0.0458324 -0.01580983 0.02091827
v 0.04661744 -0.01384395 0.01960247
v 0.00905994 -0.00225324 0.0364783
v 0.008617854 -0.0005169045 0.03636939
v 0.009586884 -0.001538131 0.03633643
v 0.010334 -0.0243767 0.01620967
v -0.001026668 -0.01885407 0.03663483
v 0.04703294 -0.01297196 0.02289306
v 0.04566977 -0.01633138 0.02351411
v 0.007026169 -0.02445835 0.01638102
v 0.04639089 -0.01479238 0.02461872
v 0.006117657 0.003853913 0.03659417
v 0.008978965 -0.02448801 0.01807915
v 0.04592073 -0.01617514 0.02674628
v 0.004182931 0.00580366 0.03663275
v -0.0005457513 -0.02467556 0.01933671
v 0.04737088 -0.01249707 0.0268153
v 0.0458094 -0.01635119 0.02799822
v 0.04683942 -0.01413094 0.02768829
v 0.04600431 -0.01589537 0.02997009
v 0.006710868 0.00640866 0.03669766
v 0.001339961 -0.02464486 0.01933161
v 0.008068925 0.002436085 0.03635044
v -0.002076272 -0.02479304 0.02152471
v 0.02833642 -0.02507067 0.03020317
v 0.02612631 -0.02504386 0.02996486
v -0.0006039217 -0.0247161 0.0213811
v 0.001266539 -0.02472606 0.02180322
v 0.009692855 1.827255e-05 0.03616402
v 0.01064839 -0.0001837052 0.03611378
v 0.009194938 0.001678256 0.03625804
v 0.0007987097 -0.02086835 0.03675158
v 0.003637549 -0.02468321 0.02144923
v 0.01030686 0.001274619 0.03624235
v 0.03165964 -0.02502516 0.02999978
v 0.01179096 0.001971746 0.03635864
v 0.01091268 0.002946049 0.03644866
v 0.005272865 -0.02460665 0.02008056
v 0.007288584 -0.02456784 0.0192757
v 0.00709508 -0.02450076 0.02012124
v 0.03339441 -0.02493076 0.03130743
v 0.03502271 -0.02462353 0.03193283
v 0.03409412 -0.02480498 0.03320935
v 0.03269774 -0.02500507 0.03345307
v 0.03092248 -0.02524447 0.03325523
v 0.03442903 -0.0249536 0.03388646
v 0.008929536 0.004343964 0.03637283
v 0.002637856 -0.02067967 0.03672631
v 0.00506847 -0.02465142 0.0218896
v 0.0258818 -0.02223558 0.03716408
v 0.008665597 0.00631148 0.03650061
v 0.006567786 -0.02471797 0.02224272
v 0.002405178 -0.01823161 0.0366258
v 0.01400488 -0.01562316 0.03649537
v 0.01388896 -0.01650849 0.03693504
v 0.015461 -0.01704746 0.03692574
v 0.01562289 -0.01595152 0.03662732
v 0.01546855 -0.01410379 0.03651641
v 0.008780569 -0.02462419 0.02100744
v 0.0320027 -0.02415312 0.03733453
v 0.03100563 -0.02250534 0.03731146
v 0.0284181 -0.022122 0.0373252
v 0.02960495 -0.02190045 0.03752451
v -0.01063332 -0.02479927 0.01952128
v 0.007915067 -0.01476492 0.03662353
v 0.006719183 -0.01494094 0.0364642
v 0.008591954 -0.01594882 0.0365312
v 0.007435016 -0.01396187 0.03658896
v 0.008426279 -0.01557813 0.03710198
v 0.03082288 -0.02176117 0.03796222
v 0.006443756 -0.01279781 0.03638925
v -0.0003850572 -0.01604775 0.03650845
v 0.007092472 -0.01291806 0.03704968
v 0.03394363 -0.02476341 0.03734718
v -0.007587694 -0.02487643 0.02163232
v -0.009615716 -0.02493421 0.02146838
v 0.008586681 -0.01514518 0.03805699
v 0.009103471 -0.01668029 0.03668857
v 0.01008932 -0.01683358 0.03809204
v 0.01116443 -0.01354327 0.03647048
v 0.01043331 -0.01400954 0.03637498
v 0.01082431 -0.01421969 0.03695582
v -0.01189525 -0.02490905 0.02159916
v 0.03383555 -0.02290812 0.03733061
v 0.01040422 -0.01410979 0.03672463
v 0.01021068 -0.01313852 0.03666271
v 0.01021346 -0.01324327 0.03688815
v -0.01138233 -0.02496479 0.02338519
v 0.01049493 -0.01441401 0.03806993
v 0.009542193 -0.01136669 0.03628089
v 0.009424932 -0.01210918 0.03694414
v -0.008283041 -0.02489407 0.02283901
v 0.00888578 -0.01066815 0.03656674
v 0.01136254 -0.0116508 0.03633523
v 0.007299131 -0.01289653 0.03811381
v 0.03436718 -0.02229691 0.03787541
v 0.009549785 -0.0153693 0.03853641
v 0.008413624 -0.01390778 0.03849855
v -0.01186119 -0.02535235 0.02986081
v -0.01331593 -0.02521031 0.0278652
v -0.01103133 -0.0251394 0.02676957
v 0.009173419 -0.0133666 0.03862597
v -0.009721097 -0.02522616 0.02895839
v -0.01021696 -0.0249819 0.02538639
v -0.009328984 -0.02517026 0.02710886
v 0.0102102 -0.01514562 0.038537
v -0.008195572 -0.02502697 0.02671418
v 0.03267381 -0.01800318 0.03715355
v 0.03467327 -0.01881228 0.03707349
v 0.03348126 -0.01764062 0.03687751
v 0.03431764 -0.01765306 0.03693078
v 0.006775374 -0.0121275 0.03658801
v 0.006100513 -0.0111688 0.03646594
v -0.005475536 -0.02517968 0.02808557
v -0.001159687 -0.01304263 0.03640131
v 0.0352403 -0.01767676 0.03736082
v 0.0356072 -0.01849467 0.03782094
v -0.007231243 -0.02537973 0.03003325
v 0.006741155 -0.01065532 0.03798072
v 0.006416436 -0.01065279 0.03698397
v 0.007774267 -0.01181558 0.03855783
v -0.005774379 -0.02500059 0.02644888
v 0.007082637 -0.009771723 0.03853279
v 0.008654959 -0.01196847 0.03862064
v 0.008242548 -0.01048661 0.03866365
v 0.001702644 -0.01529175 0.03646717
v 0.001111295 -0.01343175 0.03642382
v 0.03584531 -0.02526345 0.03473469
v 0.03597398 -0.02428786 0.03347697
v 0.008930007 -0.009957671 0.03832443
v 0.009318998 -0.01152965 0.03820425
v 0.009571897 -0.01243709 0.03803675
v 0.03779978 -0.02358359 0.03365215
v -0.005534828 -0.02547524 0.03161141
v -0.003046237 -0.0253673 0.0306089
v -0.002647307 -0.02517543 0.02850462
v 0.03884886 -0.02494113 0.03536078
v 0.03893347 -0.02393787 0.03474593
v -0.0004765242 -0.02521672 0.02983275
v -0.0003382899 -0.02497277 0.02737813
v 0.01228767 -0.01639904 0.03816124
v 0.01246925 -0.01586836 0.03659793
v 0.01132896 -0.01483988 0.03733382
v 0.01197469 -0.01461875 0.03655507
v 0.0117465 -0.0166991 0.03855816
v 0.011768 -0.01750176 0.03849289
v -0.0005819164 -0.02554234 0.03274357
v 0.001496762 -0.02523643 0.02999979
v 0.04203824 -0.02394189 0.03599044
v 0.04024437 -0.02501685 0.03613462
v 0.04041207 -0.02242006 0.03123792
v 0.04117059 -0.02185934 0.02823783
v 0.04149811 -0.02174423 0.03061281
v 0.01372863 -0.01702034 0.03808771
v 0.005333519 -0.01885773 0.03665669
v 0.0153777 -0.01778583 0.03830921
v 0.004183503 -0.01624895 0.03653949
v 0.04182047 -0.02198498 0.03314345
v 0.01340257 -0.01765265 0.03854511
v 0.0006875694 -0.02500751 0.02507152
v -0.001310799 -0.02489725 0.02386034
v -0.0002543889 -0.02475626 0.02313628
v -0.001017414 -0.02481222 0.02564038
v 0.03945947 -0.02265543 0.03329621
v 0.04118838 -0.02214542 0.03432672
v 0.01315399 -0.01462305 0.03633488
v 0.01334259 -0.0133426 0.03647304
v 0.0144721 -0.01365291 0.03629355
v 0.004248405 -0.02481296 0.02428304
v 0.003463939 -0.0246998 0.02439242
v 0.04184209 -0.02111601 0.02983429
v 0.04241429 -0.02062235 0.03185479
v 0.01289308 -0.01107132 0.03650004
v 0.004147295 -0.01389874 0.03645184
v 0.00272052 -0.02485906 0.0259958
v 0.003712112 -0.02500033 0.02734646
v 0.009530375 -0.009088565 0.03643178
v 0.01024208 -0.009716697 0.03639286
v 0.003958477 -0.02510044 0.02929702
v 0.01107588 -0.01051614 0.03607399
v 0.005671682 -0.02490057 0.02628195
v 0.006658526 -0.0248093 0.02754726
v 0.03788975 -0.02597731 0.03601241
v 0.01068494 -0.008105833 0.03644542
v 0.01284287 -0.008724328 0.03620122
v 0.01247076 -0.007194553 0.03637842
v 0.009288946 -0.009257317 0.03656138
v 0.009229593 -0.0102785 0.03703783
v 0.009210808 -0.008425958 0.03650116
v 0.01312058 -0.02435429 0.01558485
v 0.008935081 -0.008166026 0.03814647
v -0.01572409 -0.02684865 0.03975509
v -0.01364545 -0.0264677 0.03788042
v 0.009508708 -0.007603321 0.03630241
v 0.009119997 -0.007232014 0.03651075
v 0.01171235 -0.02447836 0.01858928
v 0.009707127 -0.006662354 0.03634144
v -0.01596719 -0.02410826 0.03689876
v 0.00940424 -0.006730128 0.03680445
v 0.009360343 -0.005855154 0.03657535
v 0.01440446 -0.02449749 0.0187545
v -0.0131498 -0.02663585 0.03962663
v 0.03670244 -0.02539421 0.03753577
v 0.03812492 -0.02446171 0.03739065
v 0.03666619 -0.0245886 0.03734008
v -0.01259954 -0.02823745 0.04045428
v -0.01061198 -0.02842723 0.03983802
v -0.01038134 -0.02793152 0.04045754
v 0.03867453 -0.02489354 0.03796837
v 0.01512552 -0.01192946 0.03640401
v -0.01447699 -0.01932796 0.0366963
v 0.01648309 -0.0118891 0.03634644
v 0.01776022 -0.01343512 0.03661845
v -0.0129464 -0.02172836 0.03680123
v 0.01573186 -0.009581957 0.03651958
v 0.03625362 -0.02589251 0.03819926
v 0.03590862 -0.0236842 0.03751762
v 0.01744757 -0.02442983 0.01806716
v 0.01425237 -0.008036107 0.03641331
v 0.01613892 -0.02454789 0.02074981
v 0.01767485 -0.01679422 0.03650552
v 0.01709882 -0.01752775 0.03680097
v 0.01928123 -0.0245104 0.02082423
v 0.01778416 -0.01799771 0.03839634
v 0.0101671 -0.02456724 0.02069902
v 0.03508127 -0.02279814 0.03743138
v 0.01809684 -0.0190296 0.03866113
v 0.01721569 -0.01984974 0.03821483
v 0.0202179 -0.01957923 0.03866556
v -0.01268674 -0.01538861 0.03659108
v 0.01952804 -0.01716706 0.03673186
v 0.03591524 -0.02258395 0.03789115
v 0.01901334 -0.01760958 0.03824876
v 0.02035161 -0.01810874 0.03875521
v 0.03742998 -0.02237618 0.03784475
v 0.01756915 -0.01530525 0.03664617
v 0.01137943 -0.0245554 0.02173876
v 0.03476641 -0.02187571 0.03871739
v 0.01863866 -0.01586481 0.03645457
v 0.01362154 -0.02457225 0.02125102
v 0.03667434 -0.02187884 0.03894569
v 0.01889306 -0.0137993 0.03658971
v 0.009459361 -0.02452815 0.02194019
v 0.03774472 -0.02299895 0.03738215
v 0.008763302 -0.02471173 0.02288185
v 0.01064089 -0.02467942 0.02303487
v 0.01987103 -0.0154063 0.0364967
v 0.02094022 -0.01661101 0.03685664
v 0.01390975 -0.02470007 0.02286303
v 0.03948265 -0.02312572 0.03726206
v 0.02080485 -0.01708195 0.03809246
v 0.01210632 -0.02468556 0.02468777
v -0.01337106 -0.01344118 0.0367628
v 0.02070262 -0.02069432 0.0375132
v 0.02100995 -0.02136582 0.03704657
v 0.02332994 -0.02114757 0.03737288
v 0.03954231 -0.02567478 0.03740793
v 0.02243602 -0.02040533 0.03831043
v 0.02016306 -0.02022622 0.03819484
v 0.01851929 -0.02054791 0.03724089
v -0.0116351 -0.01294175 0.03672574
v 0.04109069 -0.02486985 0.03748994
v -0.01044839 -0.01435424 0.03645678
v 0.02193265 -0.01954048 0.03878959
v 0.02244902 -0.01725543 0.03876937
v 0.04024084 -0.02648471 0.03808177
v 0.02499741 -0.02079283 0.03831356
v 0.02405946 -0.01995072 0.0388153
v 0.04050232 -0.02332155 0.03745622
v 0.01955782 -0.02483441 0.02461302
v 0.01990705 -0.02474427 0.02549304
v 0.01766848 -0.02468649 0.02518937
v 0.02186384 -0.02479447 0.0256292
v 0.02105014 -0.02462014 0.02413255
v 0.02371765 -0.02469115 0.02446452
v 0.04017211 -0.02445296 0.03839179
v 0.04134466 -0.02340956 0.03825973
v 0.02117684 -0.02484787 0.02675814
v 0.02238486 -0.01642789 0.03838198
v 0.02240945 -0.01572294 0.03701165
v 0.03959453 -0.02493867 0.03941941
v 0.03771055 -0.02677764 0.04048519
v 0.03931541 -0.02623529 0.04045901
v 0.02424407 -0.02480469 0.02570806
v 0.03787539 -0.02576914 0.03998955
v 0.007665571 -0.02474278 0.02465275
v 0.02418227 -0.01722731 0.03888206
v 0.009859251 -0.02493983 0.02708351
v 0.008581281 -0.02483551 0.02609549
v 0.01054174 -0.02475947 0.02688389
v 0.01007523 -0.02493259 0.02818035
v 0.02394067 -0.01571437 0.03874993
v 0.01160038 -0.02488064 0.02830018
v 0.0424694 -0.02300707 0.0397208
v 0.04261268 -0.02274818 0.03866491
v 0.03951629 -0.02196376 0.03763916
v 0.01292062 -0.02481958 0.02695861
v 0.01465363 -0.02467402 0.02503149
v 0.01455738 -0.02483181 0.02786042
v 0.01859606 -0.01035254 0.0365651
v 0.0383527 -0.02168112 0.03898834
v 0.03797172 -0.02114794 0.03923362
v 0.03944222 -0.02130004 0.03908054
v 0.02059051 -0.01337045 0.03664602
v 0.01275918 -0.02501809 0.02986343
v -0.009819191 -0.01146844 0.03650321
v 0.0383133 -0.0176203 0.03778561
v 0.03783466 -0.01677204 0.03749111
v 0.0370129 -0.01707931 0.03758532
v 0.01753666 -0.02496959 0.02875841
v 0.01485873 -0.02509255 0.03043038
v -0.01247552 -0.01051451 0.03658062
v 0.006135471 -0.02524162 0.03048281
v 0.02230401 -0.010464 0.03666479
v 0.007742014 -0.02494768 0.02772084
v 0.008717969 -0.02503186 0.02963804
v 0.04133855 -0.0222972 0.03728923
v 0.02226518 -0.01493689 0.0367602
v 0.02346451 -0.01536076 0.03808044
v 0.04034908 -0.02186428 0.03746294
v 0.02382155 -0.01457031 0.03689771
v 0.04264116 -0.02058773 0.03726662
v 0.02398382 -0.0145205 0.03741532
v -0.008303937 -0.01108299 0.03656115
v -0.0102119 -0.0088089 0.03646555
v 0.02376883 -0.01308513 0.03675336
v 0.04331075 -0.02329639 0.03754165
v 0.04404412 -0.02232383 0.03603284
v 0.0449697 -0.02173114 0.03760127
v 0.04275804 -0.02227231 0.03807844
v 0.005409474 -0.02546521 0.03302189
v 0.02553019 -0.01578256 0.03891318
v 0.02468068 -0.01436268 0.03832968
v 0.02559166 -0.01429386 0.03889208
v 0.007615482 -0.02533898 0.03231854
v 0.00925009 -0.02538974 0.03207706
v 0.04543639 -0.01993985 0.03564651
v 0.04289058 -0.02092643 0.03479115
v 0.04584637 -0.02035929 0.03631826
v 0.01075967 -0.02519758 0.03107493
v 0.02511682 -0.01165896 0.03676295
v 0.0249684 -0.01351677 0.03681204
v 0.01323931 -0.02515687 0.03125229
v 0.02557785 -0.01264782 0.036901
v 0.04153632 -0.02061477 0.03784715
v 0.02587329 -0.01306381 0.03848202
v 0.02694952 -0.01200093 0.03848544
v 0.04116487 -0.02032875 0.03906075
v 0.04032604 -0.01984365 0.03938517
v 0.01156087 -0.0253087 0.03333537
v 0.01542145 -0.0187663 0.03859393
v -0.008050244 -0.01332378 0.03657568
v 0.01683813 -0.01824579 0.03856474
v 0.01467625 -0.02532677 0.03236204
v 0.01307115 -0.02531568 0.03372589
v 0.04287896 -0.01942227 0.03784217
v 0.04249787 -0.01906981 0.03905728
v 0.01241767 -0.02612887 0.03494851
v 0.01016869 -0.02535768 0.03386384
v 0.0155002 -0.02528812 0.03372771
v 0.04215037 -0.01804541 0.03942049
v 0.01915472 -0.02478077 0.02680118
v -0.0062363 -0.01247085 0.03667437
v 0.0201098 -0.009083115 0.03659929
v 0.04345624 -0.0194763 0.03748078
v 0.009939266 -0.005434945 0.03643236
v 0.01077786 -0.005570412 0.03627045
v 0.009728974 -0.005514696 0.03675221
v -0.005335603 -0.009835724 0.03648318
v 0.02039223 -0.0249324 0.02800305
v 0.01070342 -0.003677107 0.03659894
v 0.0114754 -0.003532333 0.0363708
v 0.04590761 -0.01693793 0.0346433
v 0.04522928 -0.01741544 0.0338303
v 0.04611456 -0.01611804 0.03407799
v 0.01260375 -0.00409333 0.03641225
v 0.01656904 -0.02515722 0.03140507
v 0.04704933 -0.01403758 0.03431579
v 0.04619132 -0.01587662 0.0319334
v 0.04722074 -0.01319372 0.03307404
v 0.01154571 -0.002772018 0.0367562
v 0.01980009 -0.02510248 0.03025861
v 0.01971515 -0.02506967 0.02919096
v 0.02198843 -0.02500961 0.02956343
v -0.003991324 -0.01100788 0.03656629
v 0.0191402 -0.02529876 0.03140202
v 0.03931495 -0.01598821 0.03750348
v 0.03971058 -0.01756238 0.03812348
v 0.01273848 -0.002310274 0.03637639
v 0.02335505 -0.02487013 0.02732743
v 0.02198509 -0.0249888 0.02837652
v 0.01600192 -0.007190607 0.0364856
v 0.04557689 -0.01800143 0.03497119
v 0.01497807 -0.005247485 0.0365236
v 0.01808921 -0.007567924 0.03659505
v 0.04683578 -0.01869082 0.03608806
v 0.02501655 -0.02493782 0.02757175
v 0.001241326 -0.02552327 0.03405257
v 0.00431354 -0.02536692 0.03382652
v 0.0007672347 -0.02616991 0.03498447
v 0.02406725 -0.02504289 0.02942216
v 0.003767438 -0.02678772 0.03597812
v 0.02270705 -0.02526553 0.03118201
v 0.01716102 -0.005508848 0.03657209
v 0.04716454 -0.01471502 0.03497691
v 0.008031283 -0.02535789 0.03372815
v 0.007081946 -0.02685281 0.03618643
v 0.04347788 -0.01713217 0.03922873
v 0.04421135 -0.01753612 0.0375338
v 0.01749815 -0.02529017 0.03240675
v 0.04429368 -0.01832106 0.03744794
v 0.04422056 -0.0193425 0.03763337
v 0.003677059 -0.02717183 0.03742816
v 0.002973011 -0.02820845 0.03821225
v 0.04447331 -0.02094969 0.03832933
v 0.04537123 -0.01972259 0.03831141
v 0.01648537 -0.02623 0.03506423
v 0.01482088 -0.002683762 0.0365
v 0.04483465 -0.01748291 0.03732706
v 0.01844081 -0.02524552 0.03361671
v 0.01685173 -0.001568677 0.03658634
v 0.04600552 -0.01846282 0.03817166
v 0.04588307 -0.01662191 0.03765666
v 0.04379334 -0.01734439 0.03876494
v 0.01250189 -0.001668466 0.03668348
v 0.01248483 -0.001851298 0.03707111
v 0.02069628 -0.02532914 0.0337117
v 0.01302345 -0.001064941 0.03665585
v 0.01365702 -0.0004452188 0.03647875
v 0.01264479 -0.001319882 0.03668508
v 0.01496523 -0.0008705836 0.03631482
v 0.01739958 -0.02686098 0.03623489
v 0.02026656 -0.02676597 0.03597003
v 0.003628673 -0.02632326 0.03771555
v 0.04450535 -0.01662666 0.03748211
v 0.0049899 -0.02593961 0.03716198
v 0.04530008 -0.01565035 0.03739891
v 0.0217397 -0.02723968 0.03731362
v 0.01979117 -0.02722594 0.03734251
v 0.01571427 0.001196913 0.03637981
v 0.005580446 -0.02465244 0.03692389
v 0.04690827 -0.01657237 0.03821182
v 0.02429712 -0.0269094 0.03621563
v 0.01475764 0.0009601228 0.0366826
v 0.04628399 -0.01511161 0.03763761
v 0.00796788 -0.02713373 0.03739046
v 0.006035075 -0.02714449 0.03749385
v 0.04446271 -0.01604971 0.03802202
v 0.04507356 -0.0139432 0.03790777
v 0.006334238 -0.02807999 0.03810502
v 0.02039255 -0.004073931 0.03666213
v 0.02023195 -0.001353201 0.0366543
v 0.01885473 -0.000344744 0.0366983
v 0.02189629 -0.0252899 0.03243633
v 0.007264968 -0.02588945 0.03711001
v 0.006272927 -0.02633984 0.03766363
v 0.02231115 -0.02518542 0.03338186
v 0.01711188 0.0005712043 0.03645312
v 0.04813845 -0.01371181 0.03561994
v 0.02348807 -0.02621876 0.03497349
v 0.008219821 -0.0280281 0.03809654
v 0.01008674 -0.02811567 0.03813467
v 0.04820919 -0.01153736 0.03517422
v 0.024795 -0.0253667 0.0322154
v 0.02464409 -0.02522202 0.0335351
v 0.04904701 -0.0118804 0.03635175
v 0.01068154 -0.02710257 0.03737983
v 0.04598336 -0.01430593 0.03755545
v 0.04490399 -0.01315631 0.03804531
v 0.04777208 -0.01428582 0.03818119
v 0.04784698 -0.01327176 0.03792667
v 0.04650268 -0.01318633 0.03759725
v 0.04479769 -0.01199705 0.03777704
v 0.02568853 -0.008886844 0.03678161
v 0.001846179 -0.02811221 0.04028524
v 0.002254549 -0.02837209 0.03961744
v 0.00390983 -0.02802226 0.04046101
v 0.002315998 -0.02756219 0.04058638
v 0.02661775 -0.01067452 0.03680521
v 0.02651838 -0.01159447 0.03694501
v 0.04647647 -0.01116869 0.03766181
v 0.04550665 -0.01176817 0.03758775
v 0.02766083 -0.01051005 0.03687491
v 0.003980951 -0.02656123 0.03886975
v 0.04789796 -0.01160854 0.03778677
v 0.02797481 -0.01095556 0.03856733
v 0.04827134 -0.0105659 0.03795548
v 0.02671946 -0.006744538 0.03695992
v 0.02498622 -0.006397832 0.03670932
v 0.02379858 -0.02449457 0.0202182
v 0.02858069 -0.009370539 0.03679294
v 0.02885926 -0.008363377 0.03683072
v 0.006369567 -0.02539226 0.03389351
v 0.04623218 -0.02023286 0.03757438
v 0.04740632 -0.01838397 0.03750885
v 0.02922807 -0.006270353 0.03704774
v 0.04787511 -0.01682913 0.03638473
v 0.02164695 -0.02458703 0.02148866
v 0.04833964 -0.01644083 0.03750614
v 0.02019675 -0.006480817 0.03665394
v 0.04667333 -0.01766329 0.0386932
v 0.02265842 -0.007400785 0.03667501
v 0.04644216 -0.01847995 0.04008554
v 0.008158082 -0.02507797 0.03693806
v 0.005966259 -0.02198154 0.03682073
v 0.008473638 -0.02328118 0.03687984
v 0.04939334 -0.01531916 0.03818521
v 0.04895993 -0.01723196 0.0383014
v 0.02599832 -0.02445604 0.02121913
v 0.02601093 -0.02479117 0.02366677
v 0.02438874 -0.02449938 0.02239966
v 0.008382674 -0.020157 0.03670374
v 0.04878467 -0.01429415 0.03655024
v 0.02339911 -0.00446688 0.03666893
v 0.02478731 -0.004307879 0.03685915
v 0.02283189 -0.002625572 0.03669119
v 0.04917427 -0.01346695 0.03768616
v 0.02526225 -0.002945462 0.03676677
v 0.01264538 -0.02683341 0.03621943
v 0.02581568 -0.00117759 0.03681225
v 0.04831839 -0.01268351 0.03854874
v -0.01404848 -0.02541054 0.02982073
v -0.0154308 -0.02537955 0.03021122
v 0.02367599 0.0002954043 0.03676293
v 0.01235487 -0.02711587 0.03741952
v 0.04946512 -0.01128683 0.03781318
v 0.02648364 -0.005506217 0.03690736
v 0.02684282 -0.00338551 0.03699793
v -0.01275793 -0.02555392 0.03161307
v 0.009799791 -0.02613843 0.03740349
v 0.0101781 -0.02549983 0.03699043
v -0.009202875 -0.0254967 0.03133638
v 0.02412771 -0.02820808 0.03786659
v 0.02207965 -0.02818042 0.03785278
v 0.008628998 -0.02641047 0.0379741
v 0.02288374 -0.02624377 0.0375055
v 0.02429648 -0.02662639 0.03838608
v -0.01188254 -0.02565608 0.03281844
v 0.0225119 -0.02665786 0.03842831
v 0.01201979 -0.02635369 0.03779031
v 0.02402974 -0.02684867 0.03970569
v 0.02840937 -0.003806634 0.03697252
v 0.01198307 -0.02807421 0.03803487
v -0.00966756 -0.02556376 0.03284251
v 0.02172267 -0.02561846 0.03710554
v 0.0297305 -0.004501589 0.03703621
v -0.009653758 -0.02543382 0.03385991
v 0.02790542 -0.002337702 0.03682191
v -0.01215792 -0.02543736 0.03393053
v 0.01206439 -0.02570425 0.03706173
v 0.0296804 -0.002400976 0.03694653
v -0.007322107 -0.02545297 0.03391342
v -0.008481413 -0.02676296 0.03589261
v 0.02666466 -0.02690987 0.04002475
v 0.00677575 -0.008472838 0.03818735
v 0.01097483 -0.02669839 0.03975678
v 0.008218739 -0.008354627 0.03880091
v 0.01069698 -0.02274635 0.03685244
v 0.009364143 -0.006357387 0.03845684
v 0.008915696 -0.005539477 0.0389438
v -0.008075811 -0.02565202 0.03274804
v -0.006865554 -0.02552885 0.03286813
v 0.02809725 -0.02695475 0.03994727
v 0.01009845 -0.004729349 0.03783702
v 0.01011447 -0.004492171 0.03868303
v 0.01145632 -0.002757866 0.038508
v 0.01099757 -0.003443845 0.03742832
v 0.01261006 -0.02439432 0.03692712
v 0.01386928 -0.0252091 0.03697681
v 0.009784453 -0.003853953 0.03903681
v 0.03083811 -0.02846228 0.03994055
v 0.02905023 -0.02805835 0.04029042
v 0.0289059 -0.02844362 0.0396527
v 0.03136345 -0.02806604 0.04040422
v -0.01413183 -0.02545208 0.03386582
v 0.02879976 -0.02766511 0.04038831
v -0.01641702 -0.02607787 0.03471505
v 0.01355997 -0.02302306 0.03684874
v 0.02321836 -0.02201478 0.03705072
v 0.01000315 -0.001872962 0.03685429
v 0.01064236 -0.001030628 0.0367377
v 0.01009288 -0.001778178 0.03669065
v 0.01200924 -0.02158594 0.0368227
v 0.009848299 -0.001445739 0.0388768
v 0.008954396 -0.002002742 0.03730643
v 0.009850934 -0.002052983 0.03921937
v 0.01146337 -0.002040919 0.03911946
v -0.01298077 -0.02617373 0.03491577
v 0.02596867 -0.02144633 0.03748228
v 0.01294286 -0.001069233 0.03886119
v -0.01481044 -0.02693923 0.03629048
v 0.0127475 -0.0005692095 0.03919706
v 0.02658044 -0.02090913 0.03848951
v 0.01139547 -4.105456e-05 0.03892129
v 0.01167304 -0.000280343 0.03932412
v 0.01235292 -0.0200795 0.03671046
v -0.01700666 -0.02569458 0.03697491
v -0.01638281 -0.02623038 0.03731315
v 0.009902481 -0.0185954 0.03652985
v 0.01184781 7.645041e-05 0.03668429
v 0.01218203 0.001067268 0.03637359
v 0.0118205 -0.001138296 0.03677608
v 0.01177631 -0.001391752 0.03657884
v 0.01230032 -0.0001972616 0.03662443
v 0.01220509 -0.001241909 0.03652706
v 0.01283654 -0.000373831 0.03644007
v 0.01244443 -0.0001742244 0.03683734
v 0.01225759 0.0001040772 0.03675569
v 0.01237032 0.000530554 0.03662215
v 0.01365988 0.0008430108 0.0365418
v 0.01380099 -0.02111461 0.03658998
v 0.01285005 -0.0009020641 0.03676558
v 0.01314269 -0.0008111335 0.03677214
v 0.01303173 -0.0004311055 0.03701621
v 0.02829533 -0.02110092 0.03849782
v 0.01394883 -0.0001340117 0.03732199
v 0.01496589 0.0007938426 0.03851034
v -0.01221939 -0.02565917 0.03693593
v -0.01494244 -0.02586508 0.03698837
v -0.01333049 -0.02613172 0.03723075
v 0.01471964 0.001052693 0.03918837
v 0.02776681 -0.02030243 0.03891528
v 0.01313172 0.00368542 0.03650124
v 0.01396924 0.002345007 0.03659749
v 0.02797741 -0.01885556 0.0389194
v 0.03025678 -0.02069448 0.03899522
v 0.01034084 -0.0179082 0.03664214
v 0.01098244 -0.01865919 0.03672918
v 0.02548074 -0.02003978 0.03888762
v 0.0126126 -0.01959125 0.03687267
v 0.0113125 -0.01824424 0.03725997
v 0.01272238 -0.0191523 0.0374736
v 0.01522623 0.002085429 0.03663334
v 0.01423013 -0.02003727 0.03670068
v 0.01526794 0.001849407 0.03674581
v -0.01251142 -0.02363336 0.03685918
v 0.01527844 0.001944374 0.03685613
v 0.01565113 0.002097087 0.03675742
v 0.01530311 0.001769911 0.03685593
v 0.01572143 0.002101453 0.03689173
v 0.0150935 0.001307124 0.03690857
v 0.01643566 0.002138797 0.03749507
v 0.01106481 -0.000189336 0.03738768
v 0.01326719 0.001413194 0.03938261
v 0.01270105 0.001420937 0.03898679
v -0.01069953 -0.02689636 0.03620561
v 0.01509635 -0.01988372 0.03699697
v 0.02718674 -0.01668633 0.03891122
v 0.01437322 0.003049791 0.03895681
v 0.0146809 0.00258274 0.03944117
v 0.01377247 0.002467202 0.03740424
v 0.0158444 0.001766952 0.03889342
v 0.01714078 0.003157584 0.03877405
v -0.00976805 -0.02726885 0.03742258
v 0.03058548 -0.02144431 0.03849959
v 0.02450466 -0.02724582 0.03733221
v -0.01275527 -0.02811293 0.03775932
v -0.01120904 -0.02639638 0.03766921
v 0.02654861 -0.02521786 0.03318133
v 0.02706597 -0.02540429 0.03381491
v 0.0318942 -0.02147921 0.03870904
v 0.03293786 -0.02096517 0.03906824
v 0.03036427 -0.01947777 0.0389926
v -0.01097739 -0.02834355 0.03800986
v 0.008469069 -0.01773529 0.03660107
v 0.0319769 -0.01929631 0.03897177
v 0.02845951 -0.02529722 0.03249756
v -0.01119425 -0.02675456 0.03957412
v -0.008928437 -0.02818564 0.03801317
v 0.03498684 -0.02103497 0.03920614
v 0.03399509 -0.02006736 0.03902265
v 0.006528763 -0.01661128 0.03655174
v 0.029402 -0.01706535 0.03891892
v 0.03047404 -0.01560304 0.03793859
v 0.03172934 -0.01756753 0.03758445
v 0.03052 -0.01519551 0.03718834
v 0.0312753 -0.01600494 0.03681607
v 0.03091694 -0.01402524 0.03678402
v 0.03191613 -0.01389817 0.0367928
v 0.02680022 -0.02832251 0.03799541
v -0.01009755 -0.02248549 0.03681587
v 0.02696023 -0.01523206 0.03889692
v 0.009796219 -0.01726291 0.03667674
v 0.01008769 -0.01738194 0.03695846
v 0.02916597 -0.01526954 0.03888267
v 0.01019683 -0.01753148 0.03650699
v 0.01031653 -0.01758319 0.03654392
v 0.01029239 -0.01752016 0.03667644
v 0.01042074 -0.01760099 0.03657465
v 0.0303699 -0.0160752 0.03849728
v 0.01196688 -0.01851612 0.03788473
v 0.02653069 -0.01329235 0.03892976
v 0.02830287 -0.014127 0.03886065
v 0.0140805 -0.01936394 0.03810301
v 0.027577 -0.0122112 0.0388575
v 0.02912256 -0.01213187 0.03880101
v 0.01332806 -0.0185156 0.03851319
v 0.02918936 -0.01378632 0.03866535
v 0.03000658 -0.01411938 0.0381436
v -0.003964778 -0.02558129 0.03283792
v -0.002512489 -0.02550703 0.03276117
v -0.00549648 -0.02540364 0.03379679
v -0.003364604 -0.0254543 0.03392932
v 0.0313629 -0.01759706 0.03858251
v 0.03277991 -0.0186323 0.03844997
v 0.03295699 -0.01852177 0.03762363
v 0.01457879 -0.02716973 0.03742294
v 0.01330612 -0.02810529 0.03797241
v 0.01395605 -0.02613001 0.03736787
v 0.03067102 -0.0181395 0.03891134
v 0.01744246 -0.02720276 0.03740513
v 0.01544573 -0.02810133 0.03807527
v -0.0009753816 -0.02542336 0.03391108
v 0.03579971 -0.01974773 0.03890343
v 0.03417291 -0.01947761 0.0386661
v 0.01819521 -0.02813567 0.03800719
v 0.03515507 -0.0193131 0.03840265
v 0.01519718 -0.02578531 0.03708924
v 0.01548314 -0.0243344 0.03698462
v 0.03235598 -0.01657914 0.03683908
v 0.0333556 -0.01675493 0.0369426
v 0.01607149 -0.02629156 0.03765175
v 0.01712384 -0.02583689 0.03713632
v 0.03234138 -0.01508926 0.03683493
v 0.01791879 -0.02628876 0.03759293
v 0.03384241 -0.01616253 0.03727586
v 0.01788672 -0.0248792 0.03701063
v 0.03589167 -0.01703588 0.03752141
v 0.03517598 -0.0153428 0.03783406
v 0.01589785 -0.02654029 0.03859372
v 0.03601235 -0.02061068 0.03913211
v 0.01930229 -0.02600355 0.0372951
v 0.0194065 -0.02539868 0.03704678
v 0.0371717 -0.01942617 0.03898755
v 0.0207863 -0.02624546 0.03743896
v 0.03854621 -0.02011018 0.03928562
v 0.03817537 -0.01879161 0.03874749
v 0.02050455 -0.02822623 0.03794995
v 0.03658305 -0.01810231 0.03800312
v 0.02027471 -0.02674778 0.03901834
v 0.03992791 -0.01917131 0.03920654
v 0.04026014 -0.01786602 0.03886142
v 0.01660454 -0.02772579 0.04066309
v 0.01746701 -0.02817815 0.04030255
v 0.01898608 -0.02806584 0.04050992
v 0.01814346 -0.02312148 0.03699029
v 0.04172722 -0.0173745 0.03930986
v 0.01585513 -0.02119951 0.03680751
v 0.01903371 -0.02163704 0.03694855
v 0.03052047 -0.01250374 0.0368159
v 0.03140255 -0.01190079 0.03663386
v 0.0310747 -0.01084403 0.03686088
v 0.03249 -0.01206239 0.03668589
v 0.03241048 -0.01023747 0.03666463
v 0.01588367 -0.02058329 0.03690237
v 0.01737105 -0.02071599 0.0369518
v 0.0167183 -0.02012578 0.03752914
v 0.03007873 -0.01261882 0.03802374
v 0.01527522 -0.01969112 0.03799316
v 0.0302865 -0.01160417 0.03826963
v 0.02974912 -0.0089752 0.03837193
v 0.02950788 -0.008572146 0.03709282
v 0.03090583 -0.01040957 0.03782626
v 0.02080664 -0.02368082 0.03706449
v 0.03180192 -0.009627856 0.0369333
v 0.03246251 -0.008984126 0.03687088
v 0.03030961 -0.01043329 0.03858595
v 0.0318788 -0.009116948 0.03830911
v 0.02997034 -0.009800352 0.03897065
v 0.03306757 -0.01339203 0.03714107
v 0.03369251 -0.01407098 0.0375119
v 0.03458507 -0.0127012 0.0376965
v 0.03367507 -0.01187572 0.03717158
v 0.03666831 -0.01612229 0.03783183
v 0.03501048 -0.01407794 0.0378341
v 0.03767011 -0.01512869 0.0379445
v 0.0353763 -0.01207147 0.0377861
v 0.03375556 -0.01024839 0.03672374
v 0.03489522 -0.01052703 0.0370781
v 0.03784709 -0.01381949 0.03795423
v 0.03757032 -0.01249702 0.03785754
v 0.03647897 -0.01098315 0.03747305
v -0.002319671 -0.01082825 0.03633551
v 0.03050669 -0.007560201 0.03683078
v 0.03079698 -0.007617343 0.03753809
v 0.0001729093 -0.01093705 0.03633714
v 0.03064619 -0.00545004 0.03683577
v 0.03128105 -0.006695826 0.03702299
v 0.0004018955 -0.007902946 0.03626853
v 0.002501339 -0.01036053 0.03636307
v 0.03393768 -0.008749101 0.03676813
v 0.03311606 -0.008457769 0.03799095
v 0.003914446 -0.008330334 0.03632034
v 0.03084041 -0.009009145 0.03889814
v 0.032028 -0.008046009 0.0389073
v 0.03376921 -0.007880528 0.0384592
v 0.0324165 -0.00535747 0.0371532
v 0.003332198 -0.01159074 0.0363459
v 0.03224428 -0.004193051 0.03700984
v 0.03084832 -0.003138203 0.03694978
v 0.03285266 -0.005523901 0.03770009
v 0.005052056 -0.01186474 0.03639032
v 0.03342675 -0.004544195 0.03712849
v 0.03623657 -0.009242535 0.03683028
v 0.03571445 -0.007897798 0.03688166
v 0.03811712 -0.009524137 0.03695173
v 0.03889883 -0.01117066 0.03739458
v 0.005398886 -0.01041779 0.03632971
v 0.03803694 -0.008252073 0.03739227
v 0.03877628 -0.009097457 0.03717121
v 0.006563693 -0.009886581 0.03639948
v 0.03443154 -0.008029833 0.03710436
v 0.03531303 -0.007463645 0.03832283
v 0.03572762 -0.00753805 0.03730351
v 0.03572435 -0.00667027 0.03886185
v 0.03354383 -0.006790895 0.03903217
v 0.03685925 -0.007663853 0.03831068
v 0.005929502 -0.007021569 0.0363383
v 0.006136501 -0.008361638 0.03630543
v 0.037379 -0.006987881 0.03898094
v 0.006606719 -0.008301999 0.03650676
v 0.03602299 -0.005973838 0.0390382
v 0.03923896 -0.008031812 0.03902815
v 0.03859492 -0.006430794 0.0392456
v 0.006507697 -0.007713214 0.03691276
v 0.00225446 -0.00612241 0.03627749
v 0.02884351 -0.01102018 0.03897738
v 0.006123083 -0.00568115 0.03639086
v 0.006765613 -0.005977955 0.03620375
v 0.007079905 -0.005977519 0.03655643
v 0.007216778 -0.004737284 0.03618337
v 0.03178994 -0.006921377 0.0385539
v 0.03129115 -0.008127738 0.03898815
v 0.007679094 -0.004317917 0.0366414
v 0.03228301 -0.006926652 0.03890871
v -0.007703606 -0.008278735 0.03643661
v -0.009278692 -0.006325301 0.03643592
v 0.03405718 -0.004823454 0.03864817
v 0.03411341 -0.005731873 0.03912061
v -0.01001475 -0.004664958 0.03640654
v 0.0356576 -0.004346117 0.03925172
v -0.006462131 -0.005820602 0.03638982
v 0.03950258 -0.01443643 0.03764819
v 0.04057437 -0.01610651 0.03819507
v -0.004290525 -0.007692955 0.03640654
v 0.03918125 -0.01310285 0.0376387
v -0.003051646 -0.009018414 0.03628867
v 0.04140677 -0.01527731 0.03878257
v 0.04061515 -0.01348455 0.03831618
v 0.04002219 -0.01299811 0.03768164
v 0.04170377 -0.01305381 0.03888167
v -0.002099156 -0.007675853 0.03644273
v -0.002655864 -0.005656697 0.03638033
v 0.04316286 -0.01585073 0.03954306
v -0.009364657 -0.002365658 0.03644387
v 0.04268888 -0.0131345 0.03926946
v 0.04361288 -0.01388262 0.03950609
v 0.04412591 -0.01502222 0.03922748
v -0.006973568 -0.002859062 0.03640316
v 0.04042182 -0.01210535 0.0371547
v 0.03977776 -0.0108627 0.03707641
v 0.04091015 -0.01087745 0.03730309
v 0.03994284 -0.01000926 0.03723427
v 0.04122289 -0.01232892 0.03739676
v 0.04173634 -0.01215507 0.03830206
v 0.04237027 -0.01189138 0.03914074
v 0.04100809 -0.01009506 0.03871354
v -0.001230698 -0.003978852 0.0364271
v -0.004493821 -0.003444698 0.03639536
v 0.0396873 -0.009134203 0.03770998
v 0.0418158 -0.009571824 0.03932557
v 0.03963882 -0.008778051 0.03856774
v 0.04042482 -0.009063698 0.03896435
v 0.04021841 -0.007771567 0.03924523
v 0.04309098 -0.007866096 0.0394729
v 0.04315918 -0.00917853 0.03944041
v 0.04427688 -0.01300769 0.03923221
v 0.04347883 -0.01150499 0.03951808
v 0.04410772 -0.009782072 0.03870141
v 0.04469174 -0.009785816 0.03765197
v 0.04591711 -0.009329617 0.03768308
v -0.001027558 -0.008794062 0.0362856
v 0.04430889 -0.008459307 0.03797629
v 0.04373868 -0.007937308 0.03905923
v 0.0001270995 -0.005869735 0.03643102
v 0.04756983 -0.01611378 0.04025752
v 0.04808262 -0.01444165 0.04045175
v 0.04851238 -0.01276813 0.04058675
v 0.04904703 -0.01424133 0.04106434
v 0.0495257 -0.01284076 0.04120789
v 0.04861812 -0.01050131 0.03906893
v 0.04882587 -0.01130389 0.04082952
v 0.04982623 -0.01169244 0.04116294
v 0.04870587 -0.01055847 0.0404331
v 0.04996061 -0.01277278 0.04101421
v 8.433312e-05 -0.003134692 0.03646871
v 0.03948833 -0.02267869 0.02993278
v 0.03865444 -0.02300257 0.02708965
v 0.03986695 -0.02226415 0.02594315
v -0.01284055 -0.02853174 0.03968464
v 0.03674553 -0.02395289 0.02897809
v -0.01734992 -0.02857777 0.03969877
v -0.01934965 -0.02830901 0.04021692
v -0.01673274 -0.02830915 0.04028645
v -0.01844395 -0.02797933 0.04052153
v 0.04171019 -0.0211561 0.02768947
v 0.04114856 -0.02180212 0.0259916
v -0.01922758 -0.02704066 0.04015964
v -0.01832756 -0.02753793 0.04050631
v -0.01725579 -0.02682548 0.03989016
v -0.01423071 -0.02822169 0.04043684
v 0.006875565 -0.006055377 0.03707936
v -0.01655812 -0.02777838 0.04047761
v -0.01492758 -0.02778362 0.04059831
v 0.04124704 -0.02158246 0.02084845
v -0.01988222 -0.02780502 0.04055928
v 0.0399862 -0.02210271 0.02159308
v 0.04121082 -0.02164946 0.02269728
v -0.01274156 -0.02690331 0.04014614
v -0.01245037 -0.02779786 0.04065721
v 0.04256882 -0.02037352 0.02231325
v 0.0432822 -0.01945713 0.02134727
v 0.0443547 -0.01834687 0.02142784
v 0.04119718 -0.02164219 0.02437697
v 0.04368452 -0.01924047 0.02401687
v 0.04481124 -0.01767102 0.02396658
v 0.04527125 -0.01701192 0.02234272
v 0.008545827 -0.00357301 0.03674885
v 0.009091858 -0.00252202 0.03688805
v 0.04377856 -0.01932527 0.02572555
v 0.04352503 -0.01947957 0.02735388
v 0.04445308 -0.01832344 0.02660796
v 0.04530102 -0.01711309 0.02829607
v 0.04275663 -0.02017882 0.0306737
v 0.04342765 -0.01968711 0.0296324
v -0.006114535 -0.02481275 0.02075316
v -0.008009106 -0.02839019 0.03963629
v -0.008722194 -0.02819953 0.04033595
v -0.01285984 -0.02481132 0.02361744
v -0.007095054 -0.02804722 0.04049543
v -0.008609574 -0.02779084 0.04060408
v -0.007557794 -0.02761454 0.04045798
v -0.005920254 -0.02495452 0.02449616
v -0.005865995 -0.02650346 0.03947841
v -0.00432216 -0.02482445 0.0228115
v -0.00775535 -0.0250708 0.02537343
v -0.00465076 -0.02490396 0.02522478
v 0.0473417 -0.01223943 0.02769363
v 0.04734401 -0.01255859 0.02842224
v -0.001405578 -0.02843513 0.03951356
v -0.01211822 -0.02521344 0.02527747
v 0.03104274 -0.0251139 0.03162614
v 3.920868e-05 -0.02804538 0.04048978
v -0.001571212 -0.02809849 0.04041767
v -0.002082672 -0.02767765 0.04059892
v -0.003017109 -0.02725218 0.0403485
v -0.001503434 -0.02698519 0.04008846
v 0.03199862 -0.02496713 0.03206345
v -0.0004428774 -0.02770011 0.04054829
v -0.00278239 -0.02499663 0.02597199
v 0.000560984 -0.02719277 0.04018004
v 0.03457311 -0.0246462 0.02995096
v -0.004111759 -0.02493807 0.02705938
v -0.00239275 -0.02499765 0.02718599
v -0.004045032 -0.02478597 0.02116245
v -0.003347415 -0.02494248 0.0224003
v 0.001192804 -0.02776761 0.04058737
v 0.001987021 -0.02479161 0.02403958
v 0.03729796 -0.02378268 0.03140382
v 0.009688428 -0.001433354 0.0374405
v 0.01182973 -0.001591353 0.03690015
v 0.0120729 -0.001508623 0.03693063
v 0.01220478 -0.001409749 0.03692918
v 0.01220224 0.0005582497 0.03696657
v 0.01253846 -0.001360863 0.03693899
v 0.01305338 -0.001085805 0.03696243
v 0.01260845 -0.001072299 0.03691502
v 0.01269045 -0.0009504724 0.03689415
v 0.01396836 0.0001643579 0.03703322
v 0.01453812 0.001769554 0.0370257
v 0.0414939 -0.02246805 0.03488967
v 0.009183371 -0.02466371 0.02399804
v 0.01680298 -0.02467998 0.02295049
v 0.01832722 -0.02468944 0.02329294
v -0.01066123 -0.02757028 0.04040474
v 0.01952166 -0.02460192 0.02343512
v 0.0243167 -0.02840071 0.0394578
v 0.02738199 -0.02811525 0.03775331
v 0.0375056 -0.02734061 0.03803455
v 0.03880041 -0.02716283 0.03854518
v 0.02904574 -0.02834227 0.03803789
v 0.04079196 -0.02645816 0.03953391
v 0.04273104 -0.02502053 0.03805632
v 0.03058746 -0.02860323 0.03901953
v 0.03287652 -0.02842189 0.03790057
v 0.03287607 -0.02865675 0.03987444
v 0.03803064 -0.02743455 0.04001075
v 0.03954794 -0.0267529 0.04023972
v 0.03462819 -0.0282345 0.0382712
v 0.03461152 -0.02831607 0.03977454
v 0.03973043 -0.02530995 0.04017384
v 0.04080843 -0.02514596 0.04044566
v 0.04229583 -0.02538472 0.04024144
v 0.04090966 -0.02579049 0.04039139
v 0.03660621 -0.02785954 0.03891972
v 0.04328454 -0.02482078 0.03934251
v 0.04249447 -0.02474682 0.04055126
v 0.04354641 -0.02425394 0.04035884
v 0.04269035 -0.02317353 0.04028433
v 0.0306188 -0.02452896 0.02367014
v 0.0317628 -0.0245087 0.02254824
v 0.03283954 -0.02447143 0.0211846
v 0.03292238 -0.02429166 0.02282554
v 0.034649 -0.02410236 0.0217878
v 0.03506167 -0.02415184 0.020739
v 0.03630834 -0.02381821 0.0204491
v 0.03693381 -0.02345672 0.02144713
v 0.004412781 -0.02812521 0.03811766
v 0.04466194 -0.02338229 0.03799806
v 0.03809233 -0.02319695 0.02032706
v 0.03866949 -0.02289393 0.02201692
v 0.006895375 -0.02825855 0.03965515
v 0.03710835 -0.0236797 0.02502704
v 0.03898438 -0.0228231 0.02534205
v 0.04467412 -0.02100027 0.04006199
v 0.03959575 -0.02234925 0.02370496
v 0.01249663 -0.02828456 0.03954518
v 0.01027424 -0.02825566 0.03994724
v 0.04372014 -0.01908904 0.03231707
v 0.04466878 -0.01828448 0.0306225
v 0.00224074 -0.02680005 0.04006936
v 0.04530142 -0.01733866 0.03141964
v 0.005903898 -0.02811203 0.04029123
v 0.00393826 -0.02753445 0.04056082
v 0.04396707 -0.01921893 0.03430588
v 0.004399395 -0.0269442 0.04000259
v 0.004959663 -0.02769477 0.04069373
v 0.006446937 -0.02764256 0.04054445
v 0.007607928 -0.02670088 0.03971481
v 0.02292306 -0.02456591 0.02209748
v 0.008015402 -0.02800627 0.0403343
v 0.007450843 -0.0270055 0.04020148
v 0.04728903 -0.0130646 0.03128072
v 0.009007903 -0.02772614 0.04053082
v 0.00994025 -0.02807669 0.04041906
v 0.01085397 -0.02762182 0.0406236
v 0.009870062 -0.02701673 0.04025233
v 0.04767317 -0.01064679 0.03178961
v 0.01206689 -0.02807104 0.04043081
v 0.01444843 -0.02841293 0.03998158
v 0.01331572 -0.02772722 0.04071239
v 0.01493166 -0.02791335 0.04064462
v 0.01198225 -0.02728996 0.04047845
v 0.04765645 -0.01122072 0.03394348
v 0.04792295 -0.009899918 0.03433078
v 0.04475237 -0.02373993 0.03889789
v 0.04380238 -0.02327867 0.04076878
v 0.04643971 -0.02175912 0.03836425
v 0.04632905 -0.02148375 0.03792349
v 0.0454929 -0.02247953 0.04035084
v 0.04685724 -0.02130204 0.03975934
v 0.0453395 -0.02197888 0.04070169
v 0.04514271 -0.02126313 0.04056063
v 0.04848624 -0.01864211 0.03912488
v 0.04583431 -0.0198312 0.04056121
v 0.04770668 -0.01959914 0.04045203
v 0.04648874 -0.01975227 0.04079832
v 0.04717922 -0.01977882 0.0406948
v 0.04752446 -0.01970869 0.03817438
v 0.04727063 -0.01775539 0.04061259
v 0.04899146 -0.01738583 0.04016931
v 0.01392603 -0.02678294 0.04007997
v 0.01662824 -0.02829079 0.03937804
v 0.04854267 -0.01723904 0.04079525
v 0.01569205 -0.02819802 0.04030499
v 0.04941236 -0.01635333 0.03879645
v 0.01742358 -0.02673491 0.03984199
v 0.01519825 -0.02697313 0.04036763
v 0.01673751 -0.02702531 0.04033603
v 0.05001608 -0.01460036 0.03902888
v 0.05022899 -0.01223872 0.03834882
v 0.05004004 -0.01400409 0.04021049
v 0.05045326 -0.01201325 0.03984696
v 0.01896384 -0.02837141 0.03968932
v 0.02123545 -0.02834991 0.03979673
v 0.05048783 -0.01153525 0.03885226
v 0.02234465 -0.02686971 0.04007434
v 0.02425879 -0.02813944 0.0402422
v 0.02373539 -0.02761167 0.04045094
v 0.0189893 -0.02710584 0.04026995
v 0.02133577 -0.02783531 0.0405525
v 0.02605778 -0.02770029 0.0405399
v 0.02496878 -0.02715654 0.04025797
v 0.02656925 -0.02818488 0.04030497
v 0.02025631 -0.02690983 0.04000066
v 0.02762667 -0.02794959 0.0404406
v 0.03065995 -0.02737296 0.04022469
v 0.03257043 -0.02782325 0.04042908
v 0.0476787 -0.01821757 0.04081927
v 0.04842667 -0.01607074 0.04087514
v 0.04910539 -0.01596661 0.04080982
v 0.04907586 -0.009454858 0.04102248
v 0.0505776 -0.00906704 0.04026227
v 0.04979126 -0.009919915 0.04110955
v -0.04514882 0.01865003 -0.0117124
v -0.03717431 0.0251515 0.03891844
v -0.037496 0.02555021 0.03975874
v 0.004121102 0.0261037 0.003572244
v 0.002302311 0.02608411 0.004972965
v 0.00402398 0.02606928 0.0059839
v -0.03614652 0.02590276 0.03968949
v 0.001605909 0.02603026 0.006645001
v -0.03762214 0.02581928 0.04143247
v -0.02829672 0.02596796 0.006925039
v -0.0268354 0.02604882 0.005600195
v -0.0291086 0.02606994 0.005018476
v 0.00335094 0.02606173 0.007551033
v 0.004483102 0.02600619 0.008342877
v -0.04429262 0.01979906 -0.008330317
v -0.04560975 0.0178687 -0.01012253
v -0.0437732 0.02051713 -0.01069485
v 0.007111713 0.02606989 0.00566021
v -0.02565643 0.02599776 0.007238388
v -0.02693047 0.0260732 0.00768514
v -0.0238712 0.02602326 0.005656689
v -0.02581105 0.02595987 0.004841577
v -0.03413903 0.02618923 0.03917268
v -0.03488828 0.02553464 0.03890654
v 0.006850148 0.0260051 0.009526275
v -0.04127033 0.02309888 -0.01260097
v -0.0236329 0.02602312 0.007385515
v -0.0349406 0.02670354 0.0414933
v -0.03433014 0.02807208 0.03946574
v -0.03703101 0.02671469 0.03871921
v -0.03651994 0.02764957 0.03938087
v -0.03415859 0.02723671 0.03879873
v -0.02531035 0.02600191 0.002890825
v -0.02265105 0.02609802 0.003612917
v -0.03455775 0.02794772 0.0419151
v -0.03694827 0.02734973 0.04203565
v -0.03519768 0.02738304 0.04206637
v -0.03654309 0.02783632 0.0413988
v 0.003982889 0.02595819 0.01074857
v -0.04511937 0.01855969 -0.00599483
v 0.005885692 0.02601318 0.01073916
v -0.003304318 0.02595688 0.008545343
v -0.003615376 0.02598072 0.009917844
v -0.00163668 0.02596822 0.009940892
v -0.04373768 0.02043834 -0.005919214
v -0.005631618 0.0260077 0.01028305
v -0.00193648 0.02589509 0.01162005
v -0.02183361 0.02624932 -0.002245653
v -0.02057163 0.02611923 0.001628533
v -0.02007437 0.02622231 -0.001391068
v 8.828938e-05 0.02597603 0.008839794
v -0.0444344 0.01954675 -0.003983434
v -0.03171312 0.02483622 0.03878927
v 0.0001525059 0.02604397 0.01087408
v -0.01868753 0.02618194 0.0003018677
v 0.002318136 0.02599819 0.0102916
v -0.04263067 0.02175209 -0.008862518
v -0.04257429 0.02175169 -0.005933784
v -0.04263457 0.02158968 -0.003372923
v -0.003729265 0.0258503 0.01260226
v -0.0009761415 0.02587056 0.01429186
v -0.003182661 0.02591893 0.01501652
v -0.01679995 0.02614555 0.001493551
v -0.0162871 0.02621306 -0.0001654327
v -0.0401928 0.0236254 -0.003903918
v -0.04056097 0.02336004 -0.005587388
v -0.04121369 0.02304526 -0.005848169
v -0.03986627 0.02398551 -0.005375195
v 0.001242463 0.02584538 0.01228654
v -0.03307081 0.0265616 0.03709283
v -0.03488562 0.0267845 0.03765531
v 0.003154384 0.025867 0.01467909
v 0.004055195 0.02592028 0.01590925
v 0.005550934 0.02591708 0.0139352
v -0.0397572 0.02414441 -0.01304436
v -0.01777919 0.02607855 0.00327684
v -0.03296195 0.0257435 0.03882494
v -0.03071351 0.02601545 0.007442296
v -0.03238171 0.02598433 0.006993443
v -0.03221516 0.02592699 0.008620836
v -0.02003016 0.02603645 0.003811102
v -0.03919391 0.02448974 -0.01129359
v -0.0288799 0.02596091 0.009039562
v -0.040305 0.02362783 -0.01055099
v -0.02743854 0.0259977 0.009171911
v -0.03244659 0.02645326 0.03938901
v -0.02990724 0.02591258 0.01578452
v -0.02759986 0.02584944 0.01442956
v -0.03012184 0.02605953 0.01285985
v -0.03702592 0.02542456 -0.01239565
v -0.02957729 0.0247378 0.03874052
v -0.03511736 0.02595302 -0.01244367
v -0.03144474 0.02606708 0.03886937
v -0.03012145 0.02579001 0.03875488
v -0.01796054 0.02604138 0.005672257
v -0.02812548 0.02578311 0.01768601
v -0.02671733 0.02596886 0.01664663
v -0.02964915 0.02587395 0.01811773
v -0.02930792 0.02630458 0.03909279
v -0.01625371 0.02613004 0.004489999
v -0.03097913 0.02655618 0.03954401
v -0.0215039 0.02585606 0.01148242
v -0.02045523 0.02594614 0.009686887
v -0.02216937 0.02591598 0.00911906
v -0.03859086 0.02473291 -0.009045038
v -0.02262316 0.02595419 0.01097174
v -0.03614895 0.02564025 -0.009965278
v -0.01465257 0.02617147 0.0005015992
v -0.01965315 0.02585027 0.01177149
v -0.03293804 0.02752942 0.04204183
v -0.03215411 0.02685141 0.04106657
v -0.02447059 0.02573989 0.01464546
v -0.02262511 0.02589718 0.01300595
v -0.02523671 0.02584439 0.01321216
v -0.01993741 0.02588306 0.01276305
v -0.02064666 0.02578541 0.01390488
v -0.01526962 0.02617177 0.002961308
v -0.03435401 0.02604752 -0.01053755
v -0.03376269 0.0262733 -0.01189749
v -0.02840666 0.02584725 0.03873726
v -0.02803919 0.02393126 0.03863677
v -0.0129106 0.02613334 0.002635319
v -0.02154843 0.0258029 0.01497507
v -0.03483967 0.02594225 -0.008610386
v -0.03251517 0.02632379 -0.009504486
v -0.03073826 0.02704508 0.03773179
v -0.03199121 0.02727876 0.03892257
v -0.01817007 0.02598013 0.009744611
v -0.03297637 0.02809463 0.03936058
v -0.03246312 0.02640572 -0.01146488
v -0.01762971 0.02584086 0.01253206
v -0.02951252 0.02733938 0.03903126
v -0.03080618 0.02646 -0.01037545
v -0.01534223 0.02583221 0.01215462
v -0.01639629 0.02595174 0.01153846
v -0.01437089 0.0260784 0.00437893
v -0.02920418 0.02657156 -0.01171344
v -0.02252867 0.02573318 0.01625013
v -0.02296956 0.02582328 0.0157194
v -0.01877183 0.02586126 0.01566141
v -0.02984975 0.02684786 0.04127255
v -0.02799121 0.0267169 0.04005127
v -0.02189397 0.02580019 0.01859552
v -0.02032274 0.02570218 0.02002724
v -0.01921275 0.02580923 0.01728394
v -0.01324787 0.02610074 0.004994687
v -0.03098013 0.0264544 -0.007762056
v -0.01546312 0.02601621 0.006099105
v -0.02849581 0.02648986 -0.00733285
v -0.03125647 0.02773072 0.04209659
v -0.03064225 0.02824076 0.04194184
v -0.03241973 0.0282087 0.04190798
v -0.03884396 0.02387089 0.0218218
v -0.03975569 0.0232987 0.02041005
v -0.04039799 0.02284932 0.0220556
v -0.03809326 0.02420749 0.02057084
v -0.03854751 0.02411341 0.01914938
v -0.02672309 0.02630303 0.03911523
v -0.02634635 0.02582495 0.03862918
v -0.02181511 0.02598202 0.007919792
v -0.03863796 0.02461354 -0.006782265
v -0.03974406 0.0239213 -0.007231012
v -0.02466292 0.02600285 0.008864701
v -0.03708448 0.0252766 -0.006395549
v -0.0269131 0.02734691 0.03902201
v -0.03009037 0.02578555 0.0207886
v -0.02837909 0.02573702 0.01951904
v -0.02157683 0.02600086 0.005960144
v -0.02700992 0.02700409 0.03769314
v -0.02825769 0.02570909 0.02213232
v -0.02739584 0.02686611 0.04110614
v -0.03373244 0.02614706 -0.007102108
v -0.0392038 0.0235098 0.02372306
v -0.02739586 0.02824556 0.03959284
v -0.02562853 0.02660824 0.0397256
v -0.03658077 0.02480895 0.02255649
v -0.03682666 0.02480656 0.01990526
v -0.02395116 0.02633839 0.03902385
v -0.03478812 0.02587813 -0.004440553
v -0.03645016 0.02541741 -0.004284579
v -0.04024716 0.02279421 0.02515642
v -0.02460838 0.02699959 0.03766219
v -0.01911227 0.02599814 0.007930897
v -0.03942253 0.02339736 0.02566151
v -0.0238045 0.02669266 0.04002383
v -0.02947229 0.02762682 0.04201911
v -0.0270927 0.02726784 0.0417425
v -0.02757313 0.0278149 0.04206493
v -0.02850955 0.02816075 0.04196366
v -0.02730094 0.02582214 0.01986208
v -0.03301315 0.02615232 -0.003730722
v -0.026937 0.02575175 0.02362809
v -0.03161842 0.02623519 -0.004175477
v -0.03548338 0.0268503 0.04176102
v -0.03399539 0.02832936 0.04124798
v -0.02453451 0.02564217 0.02359756
v -0.02556283 0.02563102 0.02116779
v -0.02974128 0.02571426 0.02412548
v -0.02947083 0.02635439 -0.0048391
v -0.02833029 0.02563321 0.02550333
v -0.01651179 0.02597015 0.0082708
v -0.0262541 0.02563476 0.02583209
v -0.01637501 0.01662099 0.03764788
v -0.01372225 0.02602602 0.007121615
v -0.02414791 0.02572632 0.02693221
v -0.03023849 0.02569296 0.02687386
v -0.01615546 0.01894158 0.03782298
v -0.04493119 0.01875376 -0.00188072
v -0.04362256 0.02043149 -0.00117784
v -0.02513791 0.02563725 0.02806873
v -0.02754812 0.02561623 0.02879921
v -0.01484443 0.02591625 0.009924855
v -0.01285184 0.02596178 0.009796426
v -0.04153393 0.02268689 -0.004554033
v -0.04178263 0.02242723 -0.00114261
v -0.02686122 0.02599096 0.01788335
v -0.02087343 0.02597098 0.03417579
v -0.02085259 0.02567397 0.03220622
v -0.02216394 0.02581186 0.03296648
v -0.04244995 0.02168693 0.0006919317
v -0.01905321 0.02576272 0.03212943
v -0.01058556 0.02614338 0.004565157
v -0.02333078 0.02579363 0.03413634
v -0.04098503 0.02311824 -0.002110049
v -0.0110705 0.02606585 0.005795762
v -0.02222011 0.02579573 0.03536264
v -0.02259898 0.02571167 0.02192408
v -0.0239559 0.02576667 0.02023166
v -0.01967349 0.02566156 0.02274214
v -0.01977211 0.02579867 0.03538592
v -0.01870272 0.02587296 0.03424626
v -0.02308539 0.01976016 0.03807282
v -0.01090905 0.02597763 0.008341771
v -0.009622376 0.02601294 0.007552512
v -0.04032938 0.02353177 -0.0003812723
v -0.04090768 0.0231193 0.0010962
v -0.0228756 0.02568754 0.02409865
v -0.02481858 0.02163267 0.03829587
v -0.03868109 0.0244402 -0.001799114
v -0.03926669 0.02402684 0.001761038
v -0.02117876 0.02551304 0.02708127
v -0.01992303 0.02566263 0.02680393
v -0.02104637 0.02563728 0.02490285
v -0.009132702 0.02596243 0.01012684
v -0.02027988 0.01953533 0.03799018
v -0.007613521 0.02595711 0.009024002
v -0.04413507 0.01976642 0.002293285
v -0.01405209 0.02581741 0.01497236
v -0.01204665 0.02583215 0.01244137
v -0.01344659 0.0259025 0.01190154
v -0.04242287 0.02160767 0.002509519
v -0.01092 0.02584395 0.01124326
v -0.009911131 0.02593882 0.01265465
v -0.01591725 0.02580614 0.01574801
v -0.01505366 0.02572584 0.01677691
v -0.02164085 0.02215326 0.03824391
v -0.04254716 0.02148399 0.004854105
v -0.01962814 0.02322503 0.03829123
v -0.007696148 0.02595353 0.01298899
v -0.005682178 0.02580895 0.01214373
v -0.007978003 0.02588429 0.01160254
v -0.04135595 0.02265697 0.003963076
v -0.01023526 0.02577821 0.01795781
v -0.009755518 0.02582789 0.01474202
v -0.01180968 0.02579718 0.01537086
v -0.04177277 0.02222127 0.006374564
v -0.02056427 0.02640649 -0.008049384
v -0.007647466 0.02582062 0.01478539
v -0.007389188 0.02575238 0.01792815
v -0.04093567 0.02307629 0.002646517
v -0.01762396 0.02644545 -0.008169435
v -0.01515746 0.02639275 -0.008406492
v -0.01401003 0.0257878 0.01777348
v -0.02287237 0.02465434 0.03847404
v -0.02539508 0.02390991 0.03848974
v -0.01488057 0.02567091 0.01945366
v -0.01718653 0.02630708 -0.007166686
v -0.01407639 0.02577766 0.02090001
v -0.00925548 0.02572032 0.02069096
v -0.0385913 0.02433994 0.004414402
v -0.04048052 0.02331027 0.005443778
v -0.006211333 0.02570772 0.02025678
v -0.01539361 0.02633751 -0.006311662
v -0.01828185 0.02138497 0.03807717
v -0.003468018 0.02584265 0.01729693
v -0.005325343 0.02576075 0.01604534
v -0.005001541 0.02575071 0.0179352
v -0.003967017 0.02584994 0.01869149
v -0.00236826 0.02584953 0.01880934
v -0.03760128 0.0248029 0.001435403
v -0.03650447 0.02519221 0.003578287
v -0.003151961 0.02574902 0.02062714
v -0.005015422 0.02568138 0.02240883
v -0.007749345 0.02571044 0.02270591
v -0.01915633 0.02629625 -0.005534951
v -0.02029781 0.02640505 -0.006568516
v -0.01772137 0.02633416 -0.004736312
v -0.03772302 0.0246446 0.00682798
v -0.03685243 0.02509869 0.005447954
v -0.006817833 0.02565788 0.02464779
v -0.03415091 0.02590404 -0.00292043
v -0.03373758 0.02602282 -0.001446422
v -0.0358149 0.02558022 -0.002130847
v -0.004969575 0.02562692 0.02519831
v -0.03165415 0.0262035 -0.002249748
v -0.01547445 0.02628128 -0.004444622
v -0.02131807 0.02696914 0.03768416
v -0.01637219 0.02561769 0.02354804
v -0.01507525 0.02563001 0.0221142
v -0.01753986 0.02566038 0.02074521
v -0.01496812 0.02555869 0.02481737
v -0.01422037 0.02571256 0.02392208
v -0.03581893 0.02550082 -3.217533e-05
v -0.03347589 0.02599485 0.0007250309
v -0.01834539 0.02562283 0.0256033
v -0.03520746 0.02567999 0.001492638
v -0.03143963 0.02615138 2.204999e-05
v -0.01103322 0.02631088 -0.005590562
v -0.0313374 0.0261156 0.002129983
v -0.01519145 0.02558085 0.02683316
v -0.009423137 0.02629402 -0.005689222
v -0.01379972 0.02550841 0.02577546
v -0.03315496 0.02597446 0.003379785
v -0.02442827 0.02577921 0.03857239
v -0.04300362 0.02091856 0.008028638
v -0.02227311 0.02568894 0.03851991
v -0.01847207 0.02562874 0.02880421
v -0.01989695 0.02572285 0.02836189
v -0.01705433 0.02564077 0.02955212
v -0.04185809 0.02210327 0.00898638
v -0.007101439 0.02634536 -0.006710319
v -0.02001479 0.02543049 0.03842858
v -0.04115234 0.02278193 0.008298621
v -0.04333942 0.02063468 0.009379614
v -0.0430112 0.02083619 0.01079543
v -0.01207544 0.02624803 -0.003772363
v -0.04095789 0.02288887 0.01008009
v -0.01892963 0.02577409 0.03054335
v -0.04154799 0.02234799 0.01092433
v -0.02124052 0.02624337 0.03884616
v -0.009762548 0.02624726 -0.002541069
v -0.01408696 0.02564571 0.0300365
v -0.02116406 0.02659258 0.0396219
v -0.02356013 0.02735148 0.03904583
v -0.03955925 0.0237426 0.008144561
v -0.02015483 0.02729503 0.03900633
v -0.02054656 0.02806624 0.03952832
v -0.02329128 0.02817966 0.03954838
v -0.005293626 0.02564971 0.02672177
v -0.01908125 0.02621484 0.03871915
v -0.003816091 0.02565634 0.02744775
v -0.002964206 0.0255914 0.02566712
v 0.0001703836 0.025665 0.02484098
v 0.001132667 0.02579366 0.02655631
v 0.001592346 0.02574344 0.02390616
v -0.0381617 0.02435438 0.01076135
v -0.005063746 0.02564774 0.0289608
v -0.0036848 0.02571283 0.03036319
v -0.001824312 0.02574126 0.03017599
v -0.01877635 0.02657433 0.03981466
v -0.01330214 0.0262409 -0.002284229
v -0.001737453 0.02565965 0.02736636
v -0.01567652 0.0262272 -0.002176613
v -0.03632474 0.02514601 0.009244215
v 0.0002023317 0.025762 0.02806041
v -0.04267407 0.0212851 0.01226826
v -0.04176636 0.02218158 0.01286156
v -0.0003354624 0.02575893 0.02971389
v -0.04049677 0.02300838 0.01205036
v -0.01740713 0.02375581 0.03827082
v -0.003947813 0.02588957 0.03244358
v -0.002196826 0.0258874 0.03212247
v -0.004916869 0.02592716 0.03182466
v -0.04069196 0.02279624 0.01525484
v -0.005667083 0.02582593 0.03265403
v -0.03931911 0.02372184 0.01375606
v -0.002774056 0.02593585 0.03375201
v -0.01122592 0.02622845 -0.00112953
v -0.0154037 0.02202593 0.03807346
v -0.03769756 0.02449266 0.01253205
v -0.002032813 0.02588203 0.01625002
v -0.03607156 0.02523111 0.01147829
v -0.01250035 0.02619024 0.0008338615
v -0.01728847 0.02537029 0.03831676
v -0.03750697 0.02445488 0.01392385
v -0.01444314 0.02464322 0.03825723
v -0.03646823 0.02510461 0.01344408
v 0.002026007 0.02573779 0.01605848
v -0.0105522 0.02616789 0.000953678
v 0.003085697 0.02582727 0.01758687
v -0.03965421 0.02338247 0.01632603
v -0.03783976 0.02439334 0.0164705
v 0.004156804 0.02590191 0.01887388
v 0.001785111 0.02587506 0.01814995
v 0.001681797 0.02575938 0.02099183
v -0.04020861 0.02307832 0.01841236
v 0.001123816 0.02583601 0.01942729
v 0.003577853 0.02588283 0.0211891
v -0.001096528 0.02572967 0.02244175
v -0.0003776103 0.02574716 0.02020374
v 0.0009602346 0.02571977 0.02265912
v 1.853704e-05 0.02583898 0.02324748
v -0.01453422 0.02568645 0.03836616
v -0.01741069 0.026485 0.03917868
v -0.01659401 0.02601366 0.0385766
v -0.005322065 0.0263203 -0.005772579
v -0.03835181 0.0237711 0.02634264
v -0.0385518 0.023817 0.02815884
v -0.006863266 0.02628506 -0.004564654
v -0.02598728 0.02675448 -0.01075819
v -0.03774455 0.02406706 0.0294276
v -0.02471386 0.02657633 -0.009852979
v -0.02331145 0.0265699 -0.01001484
v -0.02592055 0.02655821 -0.009191334
v -0.004064552 0.02622243 -0.003805134
v -0.03665006 0.02457851 0.03169949
v -0.03266197 0.02559737 0.02889198
v -0.03148615 0.02555051 0.02753853
v -0.03247648 0.0255816 0.02693445
v -0.02337619 0.0264697 -0.008469889
v -0.01269869 0.01626677 0.03753857
v -0.03342591 0.02542976 0.03254171
v -0.0340395 0.02531819 0.03506375
v -0.03256112 0.02558359 0.03519573
v -0.03644727 0.02469448 0.03512058
v -0.007384595 0.02625593 -0.002195597
v -0.02488693 0.02640605 -0.006813537
v -0.03619705 0.02528779 0.03614163
v -0.03439816 0.0256794 0.03604513
v -0.02715306 0.02648783 -0.007843779
v -0.03453176 0.02513093 0.03285173
v -0.005425639 0.02624473 -0.002556641
v -0.03644138 0.0260261 0.0369892
v -0.03102359 0.02564576 0.03030542
v -0.02916478 0.02563979 0.03054257
v -0.02216312 0.02641098 -0.007581918
v -0.02672647 0.02563055 0.03055345
v -0.003516227 0.02617823 -0.001533624
v -0.002391178 0.02627116 -0.003849093
v -0.02509681 0.02556115 0.03027151
v -0.0213832 0.02635765 -0.005016103
v -0.02873084 0.02615832 -0.002338827
v -0.03157353 0.0255186 0.03239499
v -0.03005441 0.02565917 0.0330882
v -0.02789484 0.02565237 0.03243255
v -0.01195161 0.0189631 0.03773371
v -0.01355724 0.02023803 0.03789566
v -0.02818778 0.0256875 0.03475358
v -0.02643268 0.02562001 0.03239832
v -0.02462092 0.02568148 0.03279899
v -0.02393595 0.02569413 0.03004378
v -0.02534623 0.02629821 -0.00404302
v -0.0106315 0.01678343 0.0375336
v -0.001318946 0.02631859 -0.005203467
v -0.02523963 0.02579932 0.03413015
v -0.02322805 0.02628688 -0.004548784
v -0.02653196 0.02622131 -0.002935611
v -0.009642605 0.01502796 0.03742999
v -0.02984457 0.02259001 0.03854936
v -0.0002767555 0.02622634 -0.002380136
v -0.006931644 0.01494114 0.03737567
v -0.007602073 0.01736564 0.03754572
v -0.01954647 0.0262712 -0.00288941
v -0.02401929 0.02621098 -0.001621146
v -0.001557957 0.02619792 -2.135336e-05
v -0.008430909 0.0261523 -0.0002983026
v -0.009929035 0.01905113 0.03773336
v -0.0306654 0.02563297 0.03485213
v -0.01799361 0.02620585 -0.001698904
v -0.02939789 0.02608272 0.03589331
v -0.02652363 0.02578176 0.03529882
v -0.005626701 0.02618966 0.001201771
v -0.01115203 0.02133275 0.03791618
v -0.01271828 0.0231383 0.03809097
v -0.0299144 0.026153 -0.0007184856
v -0.02452921 0.02576631 0.03532497
v -0.009954087 0.02614373 0.00321088
v -0.02815997 0.02608917 0.0002183542
v -0.01032083 0.02290157 0.03806328
v -0.02965891 0.02612553 0.001862038
v -0.007915907 0.01975486 0.03776475
v -0.02677137 0.0260413 0.001509875
v -0.02673439 0.0261037 -0.0001090057
v -0.02865995 0.02604863 0.002771188
v -0.003431544 0.02618945 0.0001182407
v -0.02721613 0.02602248 0.003883325
v -0.00556922 0.01858775 0.03767774
v -0.004864261 0.01677618 0.03751422
v -0.03981088 0.02535389 0.03776941
v -0.02527793 0.02615997 -0.0003202185
v -0.006396014 0.0215103 0.03789767
v -0.003695644 0.0203265 0.0377958
v -0.00311641 0.02610244 0.003634751
v -0.004138105 0.02241222 0.03798615
v -0.02267936 0.02614317 0.0007652119
v -0.03774688 0.02611749 0.03766835
v -0.0008517951 0.0261148 0.003016777
v -0.008293301 0.02351004 0.03807153
v 4.438311e-05 0.02613768 0.001152333
v -0.0304983 0.02605618 0.003958505
v -0.03926338 0.02666265 0.03930326
v -0.03047317 0.02614781 0.006086405
v -0.03299359 0.02588063 0.005699564
v -0.01733624 0.0257042 0.03242099
v -0.01641404 0.02573784 0.03159713
v -0.01733593 0.02586593 0.0333132
v 0.004322095 0.02622589 -0.001681048
v -0.01737513 0.02581985 0.03500847
v 0.006716182 0.02629786 -0.003036503
v -0.01675757 0.02601503 0.03590152
v -0.01560535 0.02570152 0.03253192
v -0.01449708 0.02580109 0.03221513
v -0.01625483 0.02595695 0.03419252
v 0.001950573 0.026222 -0.0004918575
v -0.01467519 0.02587135 0.03442923
v -0.01321652 0.02585402 0.0328668
v -0.01138339 0.02584217 0.03360895
v -0.01361118 0.02585951 0.03554311
v 0.003276631 0.02618043 0.0003316626
v -0.01271727 0.0257439 0.03120762
v -0.01216992 0.02566789 0.03235699
v 0.005557325 0.02619953 0.0001039803
v -0.01586397 0.02581269 0.03536898
v 0.008074675 0.02625187 -0.001719911
v 0.009943865 0.02629353 -0.001564726
v 0.007656651 0.0262039 0.0004738085
v -0.01808197 0.02693385 0.03760383
v 0.009536495 0.02623824 0.0005819015
v -0.01783232 0.02823734 0.03982023
v -0.0140618 0.0269026 0.03762098
v -0.01598333 0.02724526 0.03894534
v 0.0003066622 0.02606304 0.005463239
v 0.001263075 0.02610962 0.003541391
v -0.01560016 0.02630245 0.03886728
v -0.0138028 0.02632848 0.03881493
v 0.002143584 0.02614588 0.002151381
v -0.01275203 0.0272384 0.03898276
v -0.01509402 0.0265319 0.03972194
v -0.01311034 0.02658257 0.03964557
v -0.009893633 0.0258562 0.0348342
v -0.009293273 0.02576942 0.03333475
v 0.007700557 0.02612433 0.002771683
v -0.01178123 0.02585672 0.03549712
v -0.007400896 0.02590452 0.03558988
v -0.007182904 0.02594437 0.03416783
v 0.009767819 0.02618994 0.003447033
v -0.01001382 0.02605656 0.03589914
v -0.01011392 0.0269304 0.03756741
v -0.005339902 0.02696233 0.03757748
v -0.007925179 0.02620148 0.002005327
v -0.005327988 0.02448741 0.03810011
v -0.008680798 0.02611553 0.004829798
v -0.00658413 0.02607799 0.003001932
v -0.006859992 0.02606243 0.006023068
v -0.008328978 0.02530977 0.03817768
v -0.006818574 0.02578379 0.03826776
v -0.001816887 0.0236742 0.03808562
v -0.00297622 0.02532264 0.03815328
v -0.004744232 0.02557375 0.03819437
v -0.00793118 0.02603865 0.007439017
v -0.005435415 0.02634139 0.03871871
v -0.004047297 0.02631219 0.03870241
v -0.004679363 0.02608026 0.005671058
v -0.005350016 0.0259151 0.03546656
v -0.001517378 0.02589629 0.03517071
v -0.004076406 0.02609179 0.03602522
v -0.001686282 0.02616163 0.03609003
v -0.001567595 0.02691934 0.03748593
v -0.003021304 0.02602576 0.006080739
v -0.001205616 0.02606016 0.006187771
v -0.00513823 0.02730052 0.03896834
v -0.002884112 0.02733319 0.03897704
v -0.005383376 0.02606832 0.006780852
v -0.002496816 0.02623943 0.03854923
v -0.01261431 0.02580368 0.03840031
v -0.0118264 0.02478217 0.03820197
v -0.005720794 0.02596598 0.008666385
v -0.01180679 0.02621553 0.03869068
v -0.01032227 0.02547657 0.03822331
v -0.009933505 0.02726298 0.03898925
v -0.009137001 0.02627233 0.03861661
v -0.007230159 0.02724632 0.0389864
v -0.01029568 0.0266306 0.03960454
v -0.01133987 0.02657269 0.03985337
v -0.008915108 0.02658885 0.03966695
v -0.01255425 0.0282584 0.03980783
v -0.007020414 0.02640332 0.03880949
v -0.005650949 0.02659725 0.03970678
v -0.00555151 0.02662235 0.04112998
v -0.004864525 0.02825672 0.03988209
v -0.007691335 0.02811831 0.03970783
v -0.003064308 0.02650403 0.03950087
v 0.002238978 0.02599727 0.008534785
v -0.02323361 0.02683593 0.04108659
v -0.02060439 0.02671538 0.04109626
v -0.03634137 0.02475121 0.03338667
v -0.03501433 0.02511215 0.03126906
v -0.01811765 0.02577144 0.01446911
v -0.0373255 0.02415245 0.0338927
v -0.01724921 0.02569591 0.01611829
v -0.02569861 0.02599137 0.01576165
v -0.02483197 0.02582658 0.01646546
v -0.04271974 0.02160383 -0.01088598
v -0.04213638 0.02251466 -0.01256452
v -0.02584893 0.02576943 0.01840884
v -0.0335908 0.02541238 0.03039738
v -0.02367212 0.02573296 0.01836564
v -0.04188988 0.02256292 -0.01065834
v -0.04131805 0.02304871 -0.008563057
v -0.01722694 0.0257668 0.01807262
v -0.0184192 0.02586449 0.01901006
v -0.01645301 0.02588203 0.01723841
v -0.03750678 0.0244026 0.01812477
v -0.03618547 0.02511549 0.01869445
v -0.03639406 0.02507576 0.01615129
v -0.02274658 0.02566687 0.03129344
v -0.02095597 0.02556941 0.02911264
v -0.03481102 0.02537349 0.01775869
v -0.02115617 0.02569245 0.03059568
v -0.03472187 0.02546623 0.01871838
v -0.03302179 0.02568326 0.01750217
v -0.03489076 0.02543156 0.01522216
v -0.01946113 0.025879 0.0092448
v -0.03611444 0.02492024 0.0199602
v -0.03498048 0.02530106 0.02093063
v -0.03293202 0.02565053 0.02042541
v -0.03425069 0.02526501 0.02167417
v -0.03493371 0.02532132 0.02331584
v -0.03214186 0.02561046 0.01851714
v -0.03206763 0.02576947 0.01588545
v -0.03326318 0.0255448 0.02189268
v -0.03215233 0.0255141 0.0217858
v -0.03762574 0.02436421 0.02505364
v -0.03608073 0.02483947 0.02610309
v -0.03477819 0.02520957 0.02560314
v -0.03691027 0.0246175 0.02765686
v -0.02841993 0.02658119 -0.009734189
v -0.03415404 0.02526165 0.02406892
v -0.03253529 0.02551115 0.02399778
v -0.03285536 0.02561346 0.02524702
v -0.03879022 0.0245118 -0.004384313
v -0.03441738 0.02537133 0.02627382
v -0.04092964 0.02620215 0.03978746
v -0.02339093 0.02562976 0.02735133
v -0.03837977 0.02739567 0.04036377
v -0.03589645 0.02805259 0.04060984
v -0.03777507 0.02503024 -0.002783645
v -0.0402799 0.02665699 0.04126908
v -0.03872944 0.02603402 0.042004
v -0.03730692 0.02513846 -0.0001094751
v -0.03801306 0.02671369 0.04212355
v -0.03849106 0.0271179 0.04176629
v -0.03542859 0.02554934 0.006016474
v -0.005908549 0.02591424 0.01416745
v -0.03008721 0.02836674 0.03964019
v -0.03211932 0.02858426 0.04002704
v -0.03170776 0.02865676 0.0408077
v -0.01641778 0.02568875 0.01994561
v -0.0303918 0.02851746 0.04055654
v -0.02789603 0.02846569 0.04001641
v -0.0338684 0.02582192 0.007343102
v -0.02941735 0.028392 0.04153354
v -0.01304569 0.02576951 0.01930723
v -0.02563605 0.02680141 0.04115473
v -0.01237542 0.02573843 0.0210021
v -0.01092954 0.02563909 0.01933774
v -0.01085607 0.02567877 0.02198258
v -0.02482117 0.02845229 0.03996842
v -0.009995516 0.02581422 0.02200527
v -0.02427181 0.02842529 0.04161217
v -0.009828787 0.02567618 0.02349273
v -0.03483514 0.02556031 0.009278666
v -0.02707491 0.02828346 0.04173992
v -0.02588298 0.02773537 0.04199582
v -0.02401815 0.02745845 0.04195547
v -0.02500278 0.02803035 0.04200355
v -0.04212957 0.02167419 0.0154775
v -0.003288772 0.02575763 0.02244959
v -0.04214434 0.02181453 0.01629201
v -0.002123579 0.02558808 0.02421309
v -0.0009895824 0.02575181 0.02455
v -0.04201123 0.02184783 0.01730337
v -0.04087444 0.02276356 0.01647307
v -0.04103683 0.02247594 0.01713712
v -0.01252749 0.02558752 0.02216456
v -0.01286374 0.02562372 0.02507063
v -0.01251777 0.02556328 0.02427056
v -0.01328699 0.02543271 0.02789011
v -0.01163549 0.02558752 0.02590611
v -0.01167962 0.02569885 0.02308292
v -0.009005327 0.02560604 0.02542201
v -0.01202046 0.02549934 0.02804407
v -0.009055022 0.02567105 0.0267709
v -0.008781496 0.02572587 0.02403679
v -0.01127233 0.02549095 0.03034773
v -0.01048146 0.02563633 0.02876817
v -0.00770577 0.0256422 0.02831095
v -0.006625675 0.02551619 0.02855783
v -0.01014487 0.02562468 0.03086101
v -0.008522525 0.02574488 0.03148793
v -0.005815264 0.02560886 0.03028802
v -0.006853245 0.02567507 0.03022674
v -0.0003533401 0.02563595 0.03139836
v -0.01994467 0.02588266 0.03067434
v 0.0009030774 0.02596105 0.01489255
v -0.0007775798 0.02580881 0.01748866
v 0.002985859 0.02592445 0.0129237
v 0.006340001 0.02592711 0.01269843
v 0.00448765 0.0258593 0.01255362
v 0.0005965196 0.02572295 0.01802025
v 0.003368471 0.02604107 0.01380742
v -0.0008080229 0.0259193 0.01869767
v 0.001592718 0.0258838 0.01389761
v -0.01924681 0.02836834 0.04002605
v -0.03250372 0.02590897 0.01267813
v -0.03312506 0.02593643 0.01091016
v -0.01668039 0.02676847 0.0412073
v -0.015206 0.02822427 0.03977843
v -0.01612449 0.02840882 0.04038946
v -0.03406858 0.02567582 0.01433122
v -0.01471695 0.02669018 0.0412919
v -0.0348198 0.02515304 0.02881666
v -0.03648243 0.0247928 0.02966327
v -0.01354044 0.02833056 0.04081512
v -0.0310664 0.02604186 0.01045318
v -0.02997104 0.02595062 0.01143109
v -0.009654846 0.02836539 0.03993639
v -0.02584778 0.02589436 0.009372219
v -0.0119969 0.02670833 0.04143107
v -0.01091463 0.02732142 0.04209182
v -0.01396731 0.0273383 0.04203297
v -0.02539436 0.02599567 0.010994
v -0.02729505 0.02594389 0.01115539
v -0.02886534 0.02598588 0.01183498
v -0.01101254 0.02829432 0.04118375
v -0.0100604 0.02656561 0.04112381
v -0.02655954 0.02584662 0.01214562
v -0.02751523 0.02566732 0.01205665
v -0.02753671 0.02604561 0.01318911
v -0.008690618 0.02815936 0.04174072
v -0.007631011 0.02829588 0.04015934
v -0.007199489 0.02706873 0.04192906
v -0.009591311 0.02773396 0.04211299
v -0.01112569 0.02805206 0.04202497
v -0.008342929 0.02663843 0.04107761
v -0.008082699 0.02746058 0.04209901
v -0.006613795 0.02818951 0.04170799
v -0.006322533 0.02769313 0.04210966
v -0.004950024 0.02695921 0.04186434
v -0.0239159 0.02581186 0.01168226
v -0.002911743 0.0282841 0.04133148
v -0.003722347 0.02803028 0.04205127
v -0.004147224 0.02777372 0.04220237
v -0.002638899 0.02745186 0.04212017
v -0.02156833 0.02837311 0.04009312
v -0.02181775 0.02766399 0.04200624
v -0.02202739 0.0281528 0.04179651
v -0.02057365 0.02784476 0.04199971
v -0.01832833 0.02695744 0.04155713
v -0.01918358 0.02756188 0.04199033
v -0.02348016 0.02802978 0.04211023
v -0.0184296 0.02834567 0.04120824
v -0.02014257 0.02820533 0.04167904
v -0.01847921 0.0280114 0.04196125
v -0.01615066 0.02767661 0.04214934
v -0.01737844 0.02820655 0.04176887
v -0.01552426 0.02706253 0.04186656
v -0.01532676 0.0281541 0.04197519
v -0.01362646 0.02784981 0.04214888
v -0.01325279 0.02808147 0.04193204
v -0.01199953 0.02778991 0.04222323
v 0.02670148 0.001608863 0.03685682
v 0.01123812 0.02622213 0.00159777
v 0.02263374 0.00185737 0.03677465
v 0.02223508 0.003477581 0.03682393
v 0.02059215 0.001623036 0.03677451
v 0.04195933 -6.37304e-05 0.03948059
v 0.04121814 -0.001319598 0.03946618
v 0.04238328 -0.001803793 0.03948946
v 0.02420313 0.0265477 0.03963407
v 0.02180445 0.02653089 0.0397585
v 0.02308555 0.02628242 0.03870242
v 0.0249779 0.02666756 0.04125863
v 0.04295328 -0.001445889 0.03904502
v 0.04068981 0.0006878078 0.03949745
v 0.04257597 -0.004042512 0.03949992
v 0.0255631 0.02635955 0.03887368
v 0.02738711 0.02631641 0.03889769
v 0.0272906 0.02665018 0.04132126
v 0.02942077 0.0265696 0.04037369
v 0.02894643 0.02624533 0.03894771
v 0.02393948 0.005071454 0.03693529
v 0.02410687 0.02730766 0.03883886
v 0.02796356 0.02726953 0.03884061
v 0.02635692 0.02696814 0.03755519
v 0.0430018 -0.0001307633 0.0385235
v 0.04263847 0.001752783 0.03900535
v 0.01025011 0.02612143 0.005117618
v 0.01351334 0.0261861 0.004488666
v 0.02429001 0.02821072 0.03956612
v 0.01445689 0.02628815 0.001792949
v 0.04194364 0.001736416 0.0394899
v 0.04297166 0.002690783 0.03781708
v 0.04330328 0.001111474 0.03769662
v 0.02976056 0.0193838 0.03805882
v 0.02668948 0.0185999 0.03789558
v 0.02933025 0.01671734 0.03781789
v 0.02545564 0.004182648 0.03688548
v 0.02725873 0.02078129 0.03808115
v 0.02767566 0.004049143 0.03696407
v 0.03285671 0.01801993 0.03803147
v 0.0319978 0.01987891 0.03819662
v 0.009963019 0.02605698 0.008111514
v 0.01172324 0.02607552 0.007451762
v 0.04937696 -0.002746817 0.04136146
v 0.04924781 -0.0006226171 0.04136327
v 0.04880418 -0.002403904 0.04065844
v 0.04887345 0.0003749933 0.04097949
v 0.0486699 -0.001922745 0.03932738
v 0.03012447 0.02208465 0.03829449
v 0.01513717 0.02615192 0.006990377
v 0.03191647 0.02298012 0.03840916
v 0.03219579 0.0163505 0.03794004
v 0.03342931 0.01639372 0.03796118
v 0.03873913 0.005465697 0.03749046
v 0.03649693 0.005681384 0.03745772
v 0.03601141 0.003346357 0.03728466
v 0.01277037 0.02632915 -0.0007046983
v 0.03823983 0.00747079 0.03760185
v 0.03491415 0.01583529 0.03806338
v 0.03371239 0.01568755 0.03852788
v 0.03568327 0.01513686 0.03846098
v 0.0360548 0.01588337 0.03795048
v 0.03563791 0.01877138 0.03820827
v 0.03388163 0.004777269 0.03717739
v 0.03473205 0.006658334 0.03712914
v 0.03212 0.006452104 0.03722261
v 0.0313029 -0.000468567 0.03701074
v 0.03422184 0.007565763 0.03727008
v 0.03070948 0.01619012 0.03787464
v 0.02930043 0.0008387025 0.03695877
v 0.03041113 0.003346836 0.03704701
v 0.01602625 0.02636907 0.0005001836
v 0.03412894 0.02068749 0.03833285
v 0.03276302 0.001955763 0.03709961
v 0.0370863 0.009382211 0.03734069
v 0.03624567 0.01035106 0.0375866
v 0.03265676 0.008122858 0.03734086
v 0.03351004 0.0096524 0.03745913
v 0.03755136 0.0204469 0.03842094
v 0.03030011 0.02598735 0.03461753
v 0.03134206 0.02587476 0.03252202
v 0.03009609 0.02598416 0.0322524
v 0.02171012 0.00524037 0.03670149
v 0.02312245 0.005943997 0.03680883
v 0.03406148 0.02547116 0.03312322
v 0.03263127 0.02566495 0.03478888
v 0.03453508 0.02539035 0.03511465
v 0.03208708 0.02616751 0.03596139
v 0.03018251 0.02628469 0.03589194
v 0.02809596 0.0260683 0.035527
v 0.03066201 0.0269256 0.03734654
v 0.01768985 0.02634409 0.002534121
v 0.03826423 0.009232732 0.03770824
v 0.03890898 0.008045038 0.03774782
v 0.0158965 0.02625126 0.004018169
v 0.03465294 0.02286221 0.03851101
v 0.02549763 0.007246526 0.03707337
v 0.038515 0.004130956 0.03718087
v 0.02746365 0.006011531 0.03698699
v 0.03692452 0.02321711 0.03862247
v 0.03980104 0.004979365 0.0373936
v 0.03958651 0.003539026 0.03766365
v 0.03956696 0.003243439 0.03820956
v 0.03981407 0.005812943 0.03739262
v 0.04006733 0.005452678 0.03882981
v 0.02873136 0.007685922 0.0371195
v 0.03384491 0.02540704 0.03870092
v 0.035817 0.02487879 0.03865767
v 0.04012655 0.004606999 0.03914265
v 0.03996987 0.003033549 0.03909355
v 0.01928129 0.0262655 0.005322743
v 0.03929523 0.006688619 0.03778793
v 0.03825846 0.02412361 0.03873568
v 0.03801271 0.02476178 0.03896466
v 0.04208017 0.006051596 0.03909378
v 0.0427234 0.0044627 0.03779823
v 0.04245037 0.006199505 0.03791456
v 0.02738739 0.02331538 0.03826334
v 0.01854838 0.02620292 0.007175557
v 0.0430625 0.006246725 0.03780877
v 0.04228081 0.008209415 0.03766954
v 0.02961559 0.02435085 0.03843115
v 0.02790798 0.02542027 0.03839389
v 0.02997627 0.005424116 0.03711227
v 0.04176613 0.007641902 0.03917745
v 0.0417957 0.008558571 0.03835836
v 0.04040462 0.002584448 0.0394507
v 0.04057817 0.00438324 0.03942622
v 0.03017541 0.02546036 0.03848877
v 0.04174954 0.003426125 0.03953315
v 0.04065626 0.006029313 0.0394879
v 0.0219401 0.02636197 0.003501114
v 0.04158046 0.005594376 0.039487
v 0.03263821 0.02535535 0.03855558
v 0.04227391 0.004270982 0.03912523
v 0.02604043 0.0265257 0.002167705
v 0.0396792 0.007171642 0.03904253
v 0.03051084 0.02621754 0.03897578
v 0.03198624 0.02616635 0.03890699
v 0.03208107 0.02738739 0.03870551
v 0.03859828 0.009655489 0.03885736
v 0.02323872 0.02638344 0.005090311
v 0.04037535 0.007995656 0.03952967
v 0.03931784 0.009677922 0.03952636
v 0.03247118 0.00421717 0.03713554
v 0.02606529 0.02652002 0.005506668
v 0.03156994 0.02659133 0.04096518
v 0.034428 0.02589807 0.03914475
v 0.02941006 0.02844089 0.0395835
v 0.03054004 0.008802753 0.03716145
v 0.03261406 0.02739399 0.04202053
v 0.02991233 0.0275916 0.04211565
v 0.02985816 0.02687477 0.04175621
v 0.03312691 0.02659814 0.04127505
v 0.04109422 0.007476915 0.03959246
v 0.02930752 0.009906419 0.03728694
v 0.04109887 0.008781018 0.03940984
v 0.0357391 0.02542747 0.03889678
v 0.0353839 0.01100228 0.03763293
v 0.03401264 0.01186103 0.03747213
v 0.02900302 0.02664126 0.004675336
v 0.03564202 0.01183481 0.03793434
v 0.03646623 0.02561001 0.03972054
v 0.03884503 0.02475793 0.03975116
v 0.03755863 0.02556874 0.04128896
v 0.03581965 0.02602411 0.04086183
v 0.03713972 0.01098322 0.0380795
v 0.03505725 0.02658422 0.0415781
v 0.03795749 0.01053465 0.03752497
v 0.03253629 0.02572718 0.03103007
v 0.03032792 0.02671746 0.003402166
v 0.03436802 0.02597106 0.03628467
v 0.03352342 0.02701769 0.03766879
v 0.03179449 0.01044921 0.03715323
v 0.030921 0.01131576 0.03738365
v 0.03867302 0.02423997 0.03616142
v 0.03936544 0.0231993 0.03499931
v 0.03761903 0.02410461 0.03486197
v 0.03651687 0.02477565 0.0351443
v 0.03631559 0.02528798 0.03610351
v 0.03755479 0.01096085 0.03875987
v 0.03945898 0.02532094 0.03752726
v 0.02126104 0.02623328 0.008856431
v 0.036674 0.02643035 0.037561
v 0.03873239 0.01343776 0.03818237
v 0.03990466 0.01245121 0.03764145
v 0.03952445 0.01331198 0.03775252
v 0.04299314 0.008656541 0.03760155
v 0.04411038 0.007284882 0.03789262
v 0.04225412 0.01032215 0.03790043
v 0.0390297 0.02598354 0.03868466
v 0.01444757 0.003526853 0.03650973
v 0.03712872 0.02665536 0.03865852
v 0.0193449 0.02614184 0.009943236
v 0.03432442 0.02723861 0.03874882
v 0.04376861 0.01069555 0.03800508
v 0.01227363 0.006185444 0.03661686
v 0.01440729 0.005667923 0.03663214
v 0.03530923 0.02790463 0.03939773
v 0.03754705 0.02724233 0.03923059
v 0.02435886 0.02635712 0.008386545
v 0.0369397 0.02652965 0.0419172
v 0.03809747 0.0264375 0.04206303
v 0.03971664 0.01068553 0.03951419
v 0.0413302 0.009276168 0.03901295
v 0.04057251 0.01059544 0.03913943
v 0.01497171 0.003020423 0.03678153
v 0.04745717 -0.01149959 0.01938017
v 0.01593398 0.003020739 0.03668302
v 0.04145783 0.009778209 0.03816503
v 0.04085781 0.01058177 0.03813629
v 0.0160934 0.002381388 0.03675404
v 0.01590907 0.002194379 0.03694529
v 0.01628144 0.002754344 0.03677635
v 0.01555745 0.002628867 0.03702813
v 0.01527793 0.003017353 0.03684193
v 0.01581545 0.00310112 0.03694589
v 0.01634687 0.00401349 0.03704678
v 0.0154742 0.004826669 0.0365847
v 0.02730875 0.02648361 0.007732458
v 0.01552539 0.00412786 0.03697413
v 0.01620981 0.003764715 0.03688244
v 0.01765675 0.004434157 0.03675807
v 0.01635248 0.004129099 0.03689263
v 0.01663312 0.004530856 0.03690869
v 0.01633424 0.004333144 0.03698247
v 0.02432782 0.02623366 0.01016511
v 0.04758148 -0.01111843 0.02292964
v 0.0405561 0.01142669 0.03796301
v 0.04078532 0.0108818 0.03776033
v 0.04125647 0.01121053 0.03793199
v 0.04097003 0.01228794 0.03780541
v 0.0266821 0.02629077 0.008880239
v 0.04321926 0.01243252 0.03808583
v 0.04781564 -0.009612124 0.02187594
v 0.03968567 0.01170222 0.03911052
v 0.02699835 0.02621 0.01097132
v 0.0260594 0.02636795 0.009908225
v 0.02553993 0.02628175 0.01127865
v 0.02806999 0.02635969 0.01064673
v 0.01542765 0.007132741 0.03673009
v 0.02967423 0.02659401 0.00687106
v 0.03862301 0.01267393 0.03917902
v 0.01680274 0.005666636 0.03701932
v 0.01678284 0.006145451 0.03672477
v 0.04134343 0.01414415 0.0380768
v 0.01605271 0.004791966 0.0390286
v 0.01550173 0.004621143 0.03765812
v 0.04790404 -0.007999681 0.02036639
v 0.04787527 -0.006348297 0.0185966
v 0.01593754 0.004024463 0.03944101
v 0.01115279 0.02601253 0.01078025
v 0.01335193 0.008209096 0.03676347
v 0.04518011 0.01169576 0.03819054
v 0.01735268 0.002728645 0.03641246
v 0.04789376 -0.006622899 0.02105975
v 0.008715188 0.02601882 0.01089021
v 0.04803092 0.005145513 0.03487405
v 0.0480902 0.002897706 0.03465597
v 0.04757974 0.005226268 0.03222239
v 0.01731507 0.005016845 0.03715563
v 0.0172129 0.003285965 0.03717085
v 0.04840343 0.001588268 0.03521722
v 0.01707423 0.00355196 0.03932956
v 0.0103619 0.02589801 0.01157935
v 0.01767955 0.003439769 0.03766855
v 0.01794859 0.003907377 0.03883854
v 0.0188013 0.004675496 0.03742616
v 0.04385506 0.002802929 0.03775825
v 0.04526383 0.00114033 0.03786378
v 0.04781049 -0.003375661 0.02115867
v 0.01358213 0.02606051 0.0103065
v 0.01675897 0.004712937 0.0369563
v 0.01700138 0.004901694 0.03695323
v 0.01724694 0.005179074 0.03691941
v 0.01744487 0.005340014 0.03695158
v 0.01848071 0.005706778 0.03683013
v 0.01855179 0.00493565 0.03681269
v 0.01966828 0.004977377 0.03651553
v 0.01854136 0.0029248 0.0365412
v 0.04513912 -0.000704905 0.0378072
v 0.04683892 0.0007954221 0.03798625
v 0.01669624 0.02610754 0.009793736
v 0.0468375 0.003078371 0.0381292
v 0.01773316 0.005652575 0.03695559
v 0.01783252 0.00551169 0.03695134
v 0.01796538 0.005485425 0.0369849
v 0.04780644 -0.009992499 0.02532983
v 0.04787467 -0.007895444 0.02448814
v 0.01983809 0.006080249 0.03687146
v 0.0478788 -0.008393027 0.02633966
v 0.01791998 0.005521283 0.03712777
v 0.01787557 0.005470399 0.03704056
v 0.01788122 0.005631607 0.03715237
v 0.01791371 0.00566034 0.03702011
v 0.01763346 0.005579494 0.03715364
v 0.01800519 0.00564778 0.03711102
v 0.01829203 0.005679121 0.03710622
v 0.01805492 0.007346658 0.03678382
v 0.01838492 0.005883683 0.03711925
v 0.01886735 0.006463414 0.03703503
v 0.01933117 0.006720938 0.03718306
v 0.01949596 0.005671019 0.03732815
v 0.01852127 0.005846994 0.03716473
v 0.04809918 0.0004559234 0.0344421
v 0.04845244 -0.001225555 0.03523467
v 0.02031218 0.003629986 0.03666427
v 0.04772995 -0.01034992 0.02763569
v 0.02006226 0.006100651 0.03906302
v 0.02021664 0.00619076 0.03738797
v 0.04939238 0.0001421217 0.03665356
v 0.006196847 0.02584555 0.01619526
v 0.007712243 0.02588683 0.01532559
v 0.007285444 0.02603676 0.01440119
v 0.007889789 0.0258965 0.01718759
v 0.008113576 0.02599221 0.01360436
v 0.01001719 0.02589198 0.0150487
v 0.01716753 0.005183294 0.03951906
v 0.01378347 0.02597258 0.01313155
v 0.01276638 0.02589745 0.01196164
v 0.01175699 0.02596717 0.01290978
v 0.01206125 0.02589296 0.01388597
v 0.01008554 0.02595556 0.01290168
v 0.01380194 0.02580343 0.01226123
v 0.01518371 0.02593386 0.01584884
v 0.01584309 0.02602955 0.0141417
v 0.01370594 0.02594313 0.01492424
v 0.01378989 0.02602909 0.01721009
v 0.01726076 0.006075716 0.03907555
v 0.04959172 -0.002368931 0.03731069
v 0.04963733 0.00245616 0.0372538
v 0.01475109 0.02591708 0.01831732
v 0.01870062 0.005396297 0.03942281
v 0.04778554 -0.004236553 0.02389279
v 0.01739407 0.02600755 0.01175721
v 0.01773767 0.02585473 0.0108908
v 0.01627441 0.02595169 0.01127978
v 0.01944258 0.02591427 0.01083824
v 0.01924527 0.02603289 0.01216905
v 0.01853294 0.006576091 0.03958689
v 0.04917849 0.004230298 0.03640337
v 0.01694383 0.02590511 0.0132484
v 0.01854422 0.007222556 0.03912738
v 0.01940898 0.02598503 0.01411372
v 0.0168427 0.0258854 0.01517629
v 0.01801041 0.02601737 0.01518442
v 0.04782544 -0.004854601 0.02651671
v 0.04752662 0.001958944 0.03799236
v 0.04764054 -0.0001719072 0.03788125
v 0.04846273 0.002631905 0.03845229
v 0.04876747 0.0006315112 0.03957205
v 0.04849678 0.0005699899 0.03858788
v 0.0484563 -0.001856077 0.03848536
v 0.01687512 0.02590202 0.01774542
v 0.0478357 -0.003388498 0.01803355
v 0.04776786 -0.001048306 0.01630716
v 0.01731663 0.008337427 0.03678843
v 0.02170443 0.02598611 0.01829293
v 0.02261844 0.02602755 0.01666606
v 0.02169089 0.02597024 0.01595388
v 0.04968974 -0.001485152 0.03821742
v 0.04976065 0.001887074 0.03822356
v 0.01720743 0.01117127 0.0370144
v 0.01961969 0.01097146 0.03696867
v 0.02117325 0.02597307 0.01993723
v 0.01929532 0.02591769 0.0184183
v 0.04767525 0.0008757208 0.0195942
v 0.04776664 -0.001257317 0.01841279
v 0.04770107 0.002231263 0.01839557
v 0.01567425 0.009785697 0.03689841
v 0.02316217 0.02593596 0.02087801
v 0.02334033 0.02602178 0.01941496
v 0.01379115 0.01093299 0.03684168
v 0.01234678 0.009563072 0.03672729
v 0.04763068 0.004313361 0.03807431
v 0.02141659 0.02604926 0.01027865
v 0.02064938 0.02611668 0.01121328
v 0.04977501 0.005001709 0.03843958
v 0.0476436 0.004940188 0.01734729
v 0.02170095 0.02611578 0.01239238
v 0.02185722 0.02612 0.01431132
v 0.01491464 0.01229326 0.03696049
v 0.02372011 0.02625246 0.01191901
v 0.04774658 0.007763023 0.03432921
v 0.04806893 0.00781405 0.03514332
v 0.02651967 0.02629708 0.01329425
v 0.02313071 0.02610413 0.01301774
v 0.04763161 0.003731931 0.0207133
v 0.02394364 0.02621534 0.01367693
v 0.04757982 0.005757717 0.01899742
v 0.02295208 0.02595089 0.01494526
v 0.02430948 0.02611505 0.01494853
v 0.04734894 0.01119422 0.03415906
v 0.01979709 0.006850138 0.03687897
v 0.03171872 0.02664263 0.003649808
v 0.01937411 0.006883128 0.03701697
v 0.01966249 0.007534824 0.03736927
v 0.01941688 0.006942417 0.03713258
v 0.01987584 0.007949121 0.03704054
v 0.04762855 0.006267013 0.02037004
v 0.01853559 0.007457186 0.03714341
v 0.01983617 0.008953722 0.03690158
v 0.03287899 0.02639238 0.005569279
v 0.03464127 0.02610316 0.005372457
v 0.02008461 0.008233543 0.03728779
v 0.02086638 0.007248856 0.03694239
v 0.04757227 0.006112121 0.0236212
v 0.04763375 0.002973452 0.02346581
v 0.02101086 0.006587179 0.03672666
v 0.02002501 0.006182153 0.03725439
v 0.0199303 0.006209891 0.03720993
v 0.01996935 0.006355861 0.03717946
v 0.02017171 0.006421326 0.03718034
v 0.02007212 0.006470306 0.0371694
v 0.0201771 0.006696662 0.03696384
v 0.02030851 0.006661342 0.03700323
v 0.02022261 0.006583562 0.03715827
v 0.04944621 0.008456232 0.03712272
v 0.04795778 0.01081765 0.03556245
v 0.03063902 0.0266356 0.005594298
v 0.02214826 0.00744053 0.03665707
v 0.049579 0.006386163 0.03719213
v 0.02081955 0.006819503 0.03731609
v 0.0203235 0.006934315 0.03723898
v 0.02165529 0.007549953 0.03779119
v 0.03377921 0.02611687 0.006605517
v 0.03224408 0.02652942 0.00692093
v 0.03531111 0.02578047 0.006208964
v 0.03669642 0.02542833 0.004926521
v 0.03513905 0.02580962 0.008245945
v 0.03717814 0.02514384 0.007085126
v 0.02887634 0.02646814 0.00840503
v 0.01996669 0.00863393 0.03724024
v 0.02111252 0.009831689 0.03723697
v 0.04774015 -2.484769e-05 0.02113624
v 0.04770792 -0.0003563054 0.02347885
v 0.03053076 0.02665868 0.007838387
v 0.04342247 0.004446035 0.03776003
v 0.02259778 0.009384515 0.03708882
v 0.02360963 0.009374941 0.03691825
v 0.03043541 0.02648848 0.009810634
v 0.0212621 0.008421814 0.03701629
v 0.03248175 0.02637109 0.008653972
v 0.02122318 0.008365007 0.03733289
v 0.02131859 0.008641643 0.0372147
v 0.02244807 0.009583876 0.0373364
v 0.0216467 0.01094445 0.03691159
v 0.02160851 0.01011125 0.03727856
v 0.02232806 0.009624913 0.03720313
v 0.0308914 0.0265147 0.01126046
v 0.03300974 0.02618196 0.01132817
v 0.01824841 0.00723635 0.03769574
v 0.01997895 0.008561213 0.03939509
v 0.0316316 0.02639338 0.01257414
v 0.04462303 0.00580777 0.03795289
v 0.03385688 0.02612916 0.01016898
v 0.02056582 0.007085234 0.03946365
v 0.0349287 0.02578371 0.01151988
v 0.02167349 0.007714707 0.0391876
v 0.02251188 0.009042487 0.03955711
v 0.02036009 0.008412281 0.03966531
v 0.03627022 0.02554933 0.009431969
v 0.04662444 0.005143816 0.03815546
v 0.0358928 0.02548011 0.01222255
v 0.04775872 -0.003614653 0.03016752
v 0.04775222 -0.005830359 0.02879482
v 0.04760914 -0.003477819 0.02840807
v 0.0445865 0.01869656 0.008433215
v 0.04744647 0.00581401 0.03813102
v 0.02315857 0.008973951 0.03911747
v 0.02311138 0.008936346 0.03795011
v 0.0424961 0.02144811 0.008463815
v 0.04365004 0.01997282 0.00949556
v 0.04880226 0.002979679 0.03946852
v 0.04888131 0.003038904 0.04104659
v 0.04762468 -0.00186084 0.02859904
v 0.02123869 0.009919124 0.03929485
v 0.04785993 -0.008880276 0.02889068
v 0.04774118 -0.00563759 0.03103408
v 0.02154882 0.009669743 0.03971958
v 0.04456364 0.01877187 0.01079671
v 0.04863323 0.004848555 0.03880005
v 0.02248212 0.01079985 0.03983239
v 0.04846731 -0.007791419 0.03509375
v 0.04882746 0.005194366 0.03976896
v 0.04266071 0.02121047 0.01051298
v 0.04892335 0.00553745 0.04096374
v 0.04369679 0.01979808 0.01108005
v 0.0427027 0.02108647 0.01245662
v 0.04670246 0.007477861 0.03822573
v 0.02423137 0.007936655 0.03693474
v 0.04822965 -0.005888786 0.03461893
v 0.0478216 -0.006840777 0.03275972
v 0.04561885 0.01692519 0.01147728
v 0.04446391 0.01868536 0.01354327
v 0.04934878 -0.009844568 0.03687434
v 0.04542752 0.008737594 0.03811281
v 0.03922181 0.02404353 0.006864104
v 0.02455061 0.0102518 0.03726096
v 0.04946146 -0.005978283 0.03695562
v 0.02576581 0.009517197 0.03718746
v 0.04768081 -0.0008656122 0.03152383
v 0.047746 -0.002883563 0.03168651
v 0.04748987 0.008237429 0.03821132
v 0.04819848 0.006444046 0.03841353
v 0.04809413 0.008545499 0.03848097
v 0.04790119 -0.004346021 0.03305206
v 0.0398799 0.02349458 0.00908472
v 0.02428638 0.01084414 0.03967353
v 0.03775353 0.02482644 0.008964069
v 0.04868091 0.007384321 0.03886909
v 0.01340278 0.01433512 0.03731797
v 0.01671659 0.01393692 0.03709514
v 0.04128784 0.02254429 0.009349391
v 0.04726122 0.009481039 0.03834691
v 0.01783499 0.01281368 0.03709401
v 0.04668142 0.0110813 0.03834043
v 0.04121323 0.02253875 0.01159676
v 0.0389213 0.02404717 0.01440491
v 0.04120658 0.02248036 0.01481424
v 0.04924676 -0.003328476 0.03642768
v 0.04835799 -0.003840301 0.03492043
v 0.04816338 -0.001812244 0.03435176
v 0.04805399 0.01054277 0.03854185
v 0.04804208 -0.0006813221 0.03350046
v 0.04850379 0.009991556 0.03894949
v 0.01966941 0.01390395 0.03714737
v 0.0432088 0.02054875 0.01360089
v 0.04493036 0.01806791 0.01616102
v 0.04341521 0.02022067 0.01558306
v 0.01852877 0.01619296 0.03747959
v 0.04883584 0.008494429 0.03974123
v 0.04872403 0.01100134 0.03990842
v 0.04397054 0.01929627 0.01730322
v 0.02062233 0.01507031 0.03738122
v 0.0425964 0.02108681 0.0163066
v 0.0477154 -0.001016749 0.0268059
v 0.04980982 0.007391952 0.03854519
v 0.02113147 0.0123686 0.03702497
v 0.04268558 0.02087534 0.01770999
v 0.02202296 0.00998698 0.03728928
v 0.02219238 0.01021942 0.03724014
v 0.02210013 0.01015487 0.03739844
v 0.02249724 0.01079297 0.03726448
v 0.02197057 0.01020937 0.03734853
v 0.0220671 0.01005277 0.037421
v 0.02223428 0.01021901 0.03746036
v 0.02311676 0.010412 0.03713042
v 0.02404204 0.01037812 0.03739326
v 0.02320758 0.01005739 0.0374921
v 0.02304106 0.01059025 0.03736456
v 0.04765644 0.002194723 0.02684707
v 0.03913406 0.02397742 0.01135171
v 0.02354812 0.01226787 0.03738376
v 0.0230198 0.01299905 0.03722335
v 0.04975171 0.009161253 0.03846155
v 0.0476221 -0.0001399107 0.0290845
v 0.04752088 -0.0003389064 0.02835938
v 0.04759102 0.001407901 0.02791732
v 0.04765652 0.001721932 0.02904826
v 0.02878832 0.02629133 0.01275386
v 0.04970073 0.006911162 0.04170927
v 0.04989915 0.005081264 0.04157859
v 0.05041275 0.006240623 0.04102429
v 0.05018479 0.008234069 0.04170497
v 0.0285885 0.02630275 0.01475437
v 0.04761641 0.00500606 0.02687261
v 0.04893777 0.009004025 0.04091509
v 0.02281576 0.01165084 0.03901117
v 0.02174319 0.01061398 0.03821916
v 0.03165688 0.02641488 0.01412319
v 0.03317453 0.02601373 0.01365707
v 0.0498118 0.01014008 0.04181215
v 0.04912026 0.007848524 0.04137072
v 0.02331457 0.01158103 0.0398756
v 0.03244425 0.02621238 0.01538509
v 0.03099469 0.02638189 0.01544067
v 0.05062881 0.008426765 0.04121625
v 0.03394599 0.02585507 0.01520799
v 0.04749365 0.003764711 0.02851007
v 0.0239698 0.01283709 0.03942983
v 0.02275434 0.01154947 0.03806441
v 0.03431828 0.01264227 0.03781455
v 0.03489314 0.01276413 0.0390937
v 0.03621802 0.01204321 0.03902374
v 0.03277678 0.02608894 0.01701814
v 0.04753032 0.008170543 0.02468192
v 0.04761519 0.007777598 0.02718633
v 0.0349536 0.02578634 0.01381079
v 0.02276351 0.01483495 0.03747423
v 0.04768122 0.001307003 0.03150114
v 0.03578803 0.01303834 0.03955708
v 0.0360125 0.02539498 0.01480643
v 0.03776668 0.01160889 0.03949405
v 0.03108774 0.02640181 0.01728988
v 0.03274047 0.02585886 0.02093973
v 0.03415104 0.02568591 0.02047987
v 0.03279334 0.02595965 0.01922674
v 0.03365032 0.02587389 0.01908208
v 0.03100593 0.02626345 0.02094547
v 0.03146322 0.02626898 0.02179962
v 0.04755551 0.00259909 0.03074769
v 0.03844336 0.01231303 0.03946913
v 0.0336949 0.02564261 0.02310269
v 0.02349969 0.01203056 0.03743702
v 0.02365966 0.01198562 0.03760926
v 0.02429363 0.01282573 0.0377216
v 0.02459357 0.01346244 0.03758729
v 0.04093285 0.02260556 0.01727058
v 0.03871142 0.02400757 0.01754051
v 0.03401394 0.01368132 0.03948046
v 0.03548098 0.01391933 0.03960367
v 0.0435205 0.02000801 0.01845689
v 0.02452048 0.01473057 0.0375547
v 0.04204099 0.02180427 0.01838747
v 0.0477144 0.003237773 0.03243481
v 0.02509151 0.01411786 0.03790507
v 0.03690867 0.01396019 0.03938213
v 0.0361613 0.01453145 0.03927255
v 0.03694508 0.01319917 0.03963795
v 0.02423779 0.01335621 0.03813549
v 0.03505803 0.01490594 0.03927165
v 0.03721605 0.01436541 0.03841108
v 0.02116254 0.01719182 0.03765819
v 0.04241515 0.0211389 0.01919337
v 0.04343082 0.01996925 0.01962001
v 0.0425101 0.02113509 0.02073986
v 0.04146409 0.02197814 0.01946801
v 0.0438853 0.01944394 0.02102067
v 0.04240191 0.02104683 0.02220804
v 0.02369221 0.0174359 0.0376925
v 0.04754019 0.005316537 0.03038393
v 0.04748889 0.006728282 0.02854732
v 0.04051096 0.02278813 0.01938378
v 0.04133353 0.02219308 0.02077927
v 0.02102632 0.01900106 0.0377745
v 0.0360763 0.02522619 0.01864155
v 0.03550129 0.02534192 0.02200336
v 0.03619315 0.02511804 0.02060972
v 0.04751793 0.008936185 0.03028598
v 0.03731124 0.02472241 0.02087425
v 0.04761191 0.009097319 0.02831842
v 0.02539899 0.01697337 0.03773332
v 0.02593623 0.01565212 0.0376334
v 0.04954734 -0.009430107 0.0378159
v 0.04030294 0.02288839 0.0220737
v 0.033627 0.01479713 0.03957766
v 0.05049641 -0.009901706 0.03857948
v 0.04959541 -0.006969567 0.03796522
v 0.04077192 0.02262001 0.02337741
v 0.04257065 0.02098729 0.0233422
v 0.04758004 0.007716319 0.01344778
v 0.04168883 0.02165268 0.02458105
v 0.0431382 0.02022991 0.02466932
v 0.04083338 0.02246307 0.02511515
v 0.03960354 0.02332566 0.02493581
v 0.04853471 -0.007974535 0.03852138
v -0.003733974 0.01141452 0.0370092
v 0.02416684 0.02037795 0.03795908
v 0.04875586 -0.008494053 0.04052192
v 0.04757318 0.007637769 0.01526045
v 0.01539648 0.01578372 0.03743532
v -0.004898775 0.01345378 0.03748434
v 0.0488161 -0.005238961 0.04071826
v 0.04752677 0.009112701 0.01378236
v 0.0489926 -0.006583508 0.04093137
v 0.04990086 -0.006783266 0.04125521
v 0.04751448 0.008932816 0.01657685
v 0.04761261 0.00765742 0.01798077
v -0.003442053 0.01317943 0.03719816
v 0.01713635 0.01815816 0.03766551
v 0.04759204 0.008932382 0.01772635
v 0.04752582 0.008160448 0.01946716
v 0.04985446 -0.005579006 0.04149614
v -0.002083179 0.01272787 0.03714462
v 0.04973214 -0.003728529 0.04145742
v 0.05014297 -0.004371274 0.04120962
v 0.04757119 0.009338563 0.01977764
v 0.0503407 -0.002821231 0.04103016
v 0.04981787 -0.001530528 0.04145341
v -0.00227702 0.01446622 0.03728913
v -0.003681567 0.01524227 0.03763951
v 0.04755105 0.008007774 0.02196223
v -0.0008306168 0.01496204 0.03730857
v 0.04599376 0.01566846 0.03491261
v 0.04684319 0.01323113 0.03391815
v 0.04628982 0.01493939 0.03349615
v 0.04334005 0.0199545 0.0284602
v 0.04243918 0.02087834 0.02695635
v 0.04238559 0.02103025 0.02836136
v 0.04632608 0.0153977 0.01199101
v 0.04409048 0.01880934 0.02910907
v 0.04509645 0.01741105 0.02947731
v 0.04469953 0.01819595 0.02791207
v -0.0006247498 0.0111573 0.03699233
v 0.04534089 0.01746058 0.01399444
v 0.001124356 0.01001322 0.03688984
v 0.04423184 0.01872927 0.03081192
v 0.003452536 0.009460539 0.03685552
v 0.04319884 0.0200949 0.02993774
v 0.0007459186 0.01255704 0.03709736
v 0.04604221 0.01587922 0.01670943
v 0.04512792 0.01759557 0.01957297
v 0.04209145 0.02131241 0.03082133
v 0.0432483 0.01983454 0.0318271
v 0.002818096 0.01238511 0.03706784
v 0.01878101 0.02123896 0.03794251
v 0.01555796 0.01966844 0.03777108
v 0.04462381 0.01849341 0.0187264
v 0.04556496 0.01649287 0.03276906
v 0.03824676 0.0146435 0.03798748
v 0.03974475 0.01567055 0.03809778
v 0.04744324 0.008542854 0.02627522
v 0.04681216 0.01399446 0.03509271
v 0.04427008 0.0189172 0.0236584
v 0.04544565 0.01685666 0.02162836
v 0.04456674 0.0183804 0.0216995
v 0.04398755 0.01906138 0.02206093
v 0.04469809 0.01785865 0.02645758
v 0.04530752 0.01707163 0.0256945
v 0.04414561 0.01881201 0.02593837
v -0.00110985 0.01663415 0.03758739
v 0.04642863 0.01631452 0.03599212
v 0.04758105 0.009513875 0.02970778
v 0.02187173 0.02189068 0.03802465
v 0.001823816 0.01480222 0.03731933
v 0.01562228 0.02225884 0.03799155
v 0.0186574 0.02412777 0.03816183
v 0.0004822277 0.01690757 0.03748866
v 0.04625739 0.01284297 0.03834905
v 0.003714394 0.01487357 0.03728125
v 0.04371952 0.01936948 0.02459962
v 0.04462498 0.01549726 0.0383801
v 0.04230604 0.02119967 0.02589652
v 0.001772568 0.01815597 0.03758985
v 0.04185918 0.01613139 0.03823557
v 0.0340368 -0.002703011 0.03713488
v 0.00467754 0.01825077 0.0375892
v 0.006162249 0.01629082 0.03741863
v 0.02631167 0.01127263 0.03730962
v 0.03484237 -0.0031677 0.03735908
v 0.0351591 -0.001826677 0.03722389
v 0.04564006 0.01730961 0.0384855
v 0.04665773 0.01509165 0.03840789
v 0.005603509 0.008888314 0.03682645
v 0.02473363 0.01083492 0.03759047
v 0.04214512 0.0209083 0.03430779
v 0.04316701 0.0199925 0.03308211
v 0.04140099 0.0216667 0.03191898
v 0.008015646 0.00881169 0.03689876
v 0.040796 0.02215333 0.03478354
v 0.03896807 0.02354503 0.03241714
v 0.02784804 0.01078577 0.03728664
v 0.01036206 0.005759489 0.03653029
v 0.04136113 0.02196411 0.03564814
v 0.04319183 0.01967201 0.03465199
v 0.04264195 0.02110008 0.03595278
v 0.03407935 7.943809e-05 0.03716182
v 0.02690173 0.01205483 0.03766656
v 0.02587045 0.01151995 0.03831305
v 0.02726731 0.01212753 0.03815708
v 0.04559682 0.01685367 0.03547549
v 0.04471962 0.01777332 0.03442983
v 0.04477633 0.01840842 0.03576261
v 0.02976454 0.01198163 0.03744664
v 0.03649476 -9.352155e-05 0.03727681
v 0.03688885 -0.001038525 0.0374709
v 0.02857 0.01275004 0.03752913
v 0.0103614 0.007997425 0.03663021
v 0.03605339 -0.002886062 0.03875742
v 0.02847461 0.01277054 0.03815558
v 0.03747255 -0.002452061 0.03935944
v 0.03764255 -0.004812054 0.03921393
v 0.009475136 0.01039243 0.03700434
v 0.02441983 0.01024847 0.03815494
v 0.02464773 0.0105643 0.0390142
v 0.04710028 0.01799351 0.037166
v 0.03890342 -0.003633622 0.03932746
v 0.04004882 -0.004966147 0.03931729
v 0.02601694 0.01185143 0.03918056
v 0.03704888 -0.001754016 0.03879227
v 0.04384959 0.01981137 0.03586476
v 0.02553506 0.0121604 0.03966425
v 0.03949094 -0.001949348 0.03940894
v 0.04470963 0.02143357 0.03722969
v 0.04637378 0.01937688 0.03739001
v 0.02537047 0.01416293 0.03880391
v 0.01234728 0.01241133 0.03713693
v 0.01049122 0.01207956 0.03715181
v 0.0384455 -0.0003145952 0.03902549
v 0.0390333 -0.0004937164 0.03938825
v 0.02507521 0.01305446 0.03992613
v 0.02752375 0.01327203 0.03964643
v 0.02569873 0.01400114 0.03945979
v 0.04727564 0.01188675 0.03490579
v 0.02635618 0.01362606 0.03987402
v 0.02801198 0.01280359 0.03924392
v 0.006033659 0.01225773 0.03706629
v 0.04691193 0.01333937 0.03162311
v 0.04735064 0.01389733 0.03588456
v 0.03777877 0.002914742 0.03721034
v 0.04932301 0.01083211 0.0373897
v 0.00554909 0.01429979 0.0372366
v 0.03811735 0.000382565 0.03751716
v 0.04885817 0.01336464 0.0371998
v 0.03797525 0.001860322 0.03739838
v 0.009420063 0.01351966 0.03720648
v 0.0473615 0.01173398 0.03828324
v 0.03892969 0.001271497 0.03807203
v 0.03936007 0.001446351 0.03897524
v 0.03983929 0.0009037685 0.03942218
v 0.0496023 0.01122027 0.03850877
v 0.04939575 0.01313074 0.03855938
v 0.009115003 0.01571571 0.03736385
v 0.02634933 0.01479222 0.03787547
v 0.03921905 0.001970375 0.03741617
v 0.03894914 0.001170138 0.03758454
v 0.04811745 0.01480062 0.03681087
v 0.0274189 0.01636268 0.03777108
v 0.02743519 0.01537044 0.03819134
v 0.02687875 0.01476796 0.03961237
v 0.02964958 0.01329609 0.03918856
v 0.01138683 0.01442774 0.03732779
v 0.02935261 0.01549211 0.03924793
v 0.02849725 0.01565604 0.03789098
v 0.04408299 -0.003726693 0.0376467
v 0.04430783 -0.006316509 0.03769677
v 0.04481215 -0.006196171 0.03764748
v 0.0281677 0.01461305 0.03973182
v 0.02936596 0.01377472 0.03958966
v 0.003195327 0.02009852 0.03775615
v 0.04380597 -0.005814444 0.03826914
v 0.04358273 -0.006119207 0.03901672
v 0.0428396 -0.005954411 0.03943647
v 0.02984045 0.01479674 0.03970019
v 0.04717698 0.0138103 0.03830286
v 0.03132444 0.0152992 0.03949972
v 0.04833679 0.01190865 0.03868929
v 0.005982418 0.02042763 0.03778385
v 0.004333144 0.02578574 0.03167712
v 0.0005932301 0.02572488 0.03101702
v 0.001829196 0.02600314 0.03437286
v 0.003821919 0.0259336 0.03299717
v 0.04122365 -0.003246745 0.0394268
v -0.0003438406 0.02598815 0.03388749
v 0.0433717 -0.004614014 0.03902245
v 0.000863567 0.02596725 0.03570967
v 0.04357314 -0.003411762 0.03801854
v 0.04803571 0.01349944 0.03885604
v 0.04853193 0.01265209 0.03994578
v 0.04891576 0.01081938 0.04121686
v 0.04486738 -0.008403648 0.03762753
v 0.02956967 0.0160549 0.03786037
v 0.04691166 -0.007443987 0.0377782
v 0.007985784 0.01928275 0.03766475
v 0.009852579 0.01762775 0.03754412
v 0.04794076 -0.0089463 0.03785384
v 0.04739827 0.01523233 0.03881867
v 0.04652007 0.01687587 0.03869247
v 0.0480277 -0.00767703 0.03782751
v 0.0304293 0.01279548 0.03759146
v 0.04772406 -0.005477171 0.03782289
v 0.03244543 0.01191344 0.03734562
v 0.03200772 0.01286996 0.03771096
v 0.04608272 -0.003298096 0.03785751
v 0.03169493 0.01327885 0.0377422
v 0.03204618 0.01317684 0.03803445
v 0.04870326 0.0154072 0.038559
v 0.0302937 0.0131008 0.03782661
v 0.04797762 0.01639882 0.0374263
v 0.04843459 -0.006076995 0.03856593
v 0.05012317 0.01310715 0.0390843
v 0.03115538 0.01369364 0.03930574
v 0.01087261 0.02117009 0.03786727
v 0.0479317 0.01470107 0.03981105
v 0.0330932 0.01314773 0.03773654
v 0.05072716 0.008844828 0.03917383
v 0.04868969 -0.004925109 0.03958132
v 0.01316293 0.01772323 0.03758122
v 0.04323443 -0.0003401134 0.03789666
v 0.04762428 0.01797459 0.03856485
v 0.04389425 -0.001695042 0.03770021
v 0.0330947 0.01348539 0.03913502
v 0.04855342 0.01758823 0.03907036
v 0.03175389 0.0158303 0.03871297
v 0.04096861 0.02225497 0.02703305
v 0.04117976 0.02230543 0.02606133
v 0.01340781 0.02050959 0.03782371
v 0.008123176 0.02193692 0.03791596
v 0.04761642 -0.002946954 0.03776444
v 0.03150927 0.01437641 0.03956086
v 0.04171959 0.02145374 0.0293997
v 0.04069383 0.02249641 0.02852978
v 0.009131141 0.02391301 0.03805616
v 0.03308271 0.01430699 0.03972302
v 0.04846379 -0.004263457 0.03846648
v 0.04027572 0.02272993 0.03018515
v 0.01084815 0.02420606 0.03810222
v 0.04965738 -0.004326379 0.03807691
v 0.01312474 0.02347501 0.03804759
v 0.03313722 0.0154135 0.03920452
v 0.03798174 0.01752497 0.03821231
v 0.04663142 -0.001298025 0.03791844
v 0.005111706 0.02577267 0.01871842
v 0.006221654 0.02591339 0.01897874
v 0.0160066 0.0241323 0.03810435
v 0.009014264 0.02592537 0.01918792
v 0.009631259 0.02582666 0.01760412
v 0.01915465 0.001977138 0.03657857
v 0.0403945 0.01781736 0.03831046
v 0.008311303 0.02577249 0.02244093
v 0.006851606 0.02578107 0.02146439
v 0.006605342 0.02573049 0.0241736
v 0.004213436 0.02581548 0.02458362
v 0.00517055 0.02572085 0.02527222
v 0.04074831 0.01978639 0.03846753
v 0.00578355 0.02576806 0.02707182
v 0.009981072 0.02582928 0.02398071
v 0.01013255 0.02578796 0.02174126
v 0.04242687 0.01836131 0.03844513
v 0.044135 0.01792801 0.03847769
v 0.03887621 0.0219562 0.03855651
v 0.01385052 0.02581897 0.01956974
v 0.04094264 0.02172946 0.03865262
v 0.04270981 0.02102247 0.03861774
v 0.04040004 0.02328599 0.0362765
v 0.01663698 0.02583842 0.02077041
v 0.04150641 0.02402743 0.03729457
v 0.01413301 0.02581245 0.02230694
v 0.01234531 0.02588621 0.02090515
v 0.01692032 0.02577244 0.02397724
v 0.0181717 0.02583987 0.02109922
v 0.04012501 0.02333957 0.03875105
v 0.01789958 0.02571948 0.02285233
v 0.04008708 0.02395317 0.03925285
v 0.02183584 0.02591146 0.02204152
v 0.02003761 0.02582811 0.02060992
v 0.04156051 0.02275557 0.03888551
v 0.04339694 0.02143187 0.0391279
v 0.04231475 0.02260968 0.03994664
v 0.04111357 0.02396106 0.04115732
v 0.04283786 0.02225245 0.0406381
v 0.01522627 0.02581336 0.02950895
v 0.01478008 0.02579026 0.02521143
v 0.0137711 0.02573448 0.02716878
v 0.01676111 0.02574466 0.02702016
v 0.04376078 0.01978842 0.03856984
v 0.04597423 0.01805972 0.03890118
v 0.04684576 0.01695095 0.03933313
v 0.04498421 0.01927015 0.03885257
v 0.04395182 0.02055807 0.03883281
v 0.04538881 0.01932133 0.0393706
v 0.04670607 0.01758124 0.04059245
v 0.004008049 0.02569926 0.02744219
v 0.004038002 0.02575804 0.02893217
v 0.007515591 0.02571611 0.0260673
v 0.006696822 0.02573949 0.0296315
v 0.007783215 0.0257055 0.02825809
v 0.0460591 0.02038529 0.03859915
v 0.04756785 0.01979149 0.03932867
v 0.04460596 0.02204163 0.03855047
v 0.01328613 0.02580729 0.02877126
v 0.04498793 0.0204347 0.04105315
v 0.01707983 0.02577024 0.03034633
v 0.01665383 0.02586202 0.03195437
v 0.03913863 0.02488332 0.04098511
v 0.01444178 0.02602453 0.03423006
v 0.01519124 0.02590188 0.03163862
v 0.01389422 0.02583918 0.03271022
v 0.0166217 0.0259596 0.03341093
v 0.04095187 0.02454039 0.04170519
v 0.01850412 0.02591466 0.03260686
v 0.01864609 0.02595687 0.03127785
v 0.04764407 0.01621356 0.04141037
v 0.04844744 0.01378198 0.04114123
v 0.01909079 0.0259972 0.03436737
v 0.02059466 0.02589588 0.03258206
v 0.01107976 0.02583162 0.03235897
v 0.009613724 0.02593797 0.0330743
v 0.01198296 0.02597926 0.03398655
v 0.04296172 0.02316923 0.03759144
v 0.009906577 0.02702315 0.03768814
v 0.01169791 0.02598665 0.03586481
v 0.008422811 0.02597626 0.03568085
v 0.01360725 0.025948 0.03578518
v 0.04066153 0.02517198 0.03872709
v 0.01200637 0.02545294 0.0381152
v 0.04132025 0.02555078 0.03923234
v 0.01245754 0.02696092 0.03751206
v 0.04251015 0.02388921 0.03861939
v 0.01776327 0.02597196 0.03568993
v 0.03884812 0.02555356 0.04163383
v 0.01474396 0.02563076 0.03824526
v -0.002578367 0.01836669 0.03768553
v 0.01675935 0.02550865 0.03821477
v -0.002009291 0.01710418 0.03774312
v 0.01552155 0.02599298 0.03587855
v 0.01507149 0.02700146 0.03760255
v 0.01870136 0.02695301 0.03757162
v 0.01490002 0.0263417 0.03868172
v 0.01744089 0.02638094 0.03867802
v -0.0006517544 0.01820824 0.03763697
v -0.0007578246 0.02031455 0.03783954
v 0.01602366 0.02726827 0.03884197
v 0.01820101 0.02734839 0.0390317
v 0.02361773 0.02590339 0.02339276
v 0.02624387 0.0260064 0.02314961
v -0.0008139536 0.02185761 0.03791671
v 0.001601674 0.02156273 0.0378967
v 0.02216085 0.02585618 0.03028109
v 0.02329621 0.0258661 0.03113552
v 0.02209804 0.02581498 0.0281304
v 0.03126142 0.02607382 0.03111229
v 0.03771042 0.02388979 0.03374963
v 0.02544524 0.02602543 0.02071605
v 0.0005196445 0.02417186 0.03808361
v 0.02809152 0.02603181 0.02078579
v 0.02945073 0.02610444 0.02225028
v 0.02796166 0.0259838 0.0249017
v 0.02591426 0.02599959 0.02454636
v 0.02670308 0.02595033 0.02600998
v 0.03126849 0.02614676 0.02293676
v -0.001325607 0.02556566 0.03815992
v 0.02983429 0.02605311 0.02481543
v 0.03165739 0.02601451 0.02519076
v 0.03276616 0.02575319 0.02497341
v 0.02931653 0.02602542 0.0262462
v 0.003599083 0.02285633 0.03799728
v 0.03259185 0.02578095 0.02748746
v 0.006140266 0.02309003 0.03798626
v 0.03075669 0.02607973 0.02805781
v 0.0289303 0.02603056 0.02809031
v 0.0005750693 0.02700809 0.03759377
v 0.03058601 0.02602725 0.02978655
v 0.003405297 0.02704766 0.03766856
v 0.003864404 0.02597532 0.03574809
v 0.03921551 0.02346527 0.02718209
v -0.0007329583 0.026406 0.03875635
v 0.001055058 0.02562693 0.03817951
v 0.0396681 0.02305551 0.03114121
v 0.03982071 0.02297833 0.02918307
v 0.03333865 0.02565327 0.02909213
v 0.03504724 0.02522188 0.03028514
v -0.0007364601 0.02733625 0.0389748
v 0.001352008 0.02639611 0.03866868
v 0.002664164 0.02632529 0.03861532
v 0.03746451 0.0242161 0.03245965
v 0.001526047 0.02667528 0.03982501
v 0.001235299 0.02723998 0.03887188
v 0.00351705 0.02546311 0.03816074
v 0.02474132 0.02596984 0.03371325
v 0.02272405 0.02601199 0.03531936
v 0.02548919 0.02594002 0.0349092
v 0.004920904 0.02440651 0.03810587
v 0.02673418 0.02597655 0.0333268
v 0.02892958 0.02581873 0.0325055
v 0.02676437 0.02584212 0.03219832
v 0.00639683 0.02545306 0.03815556
v 0.02441331 0.02614771 0.03587364
v 0.02516788 0.02578992 0.03243338
v 0.004167669 0.02631992 0.03858171
v 0.005442459 0.02639011 0.03865564
v 0.008073218 0.0260051 0.03837676
v 0.008250395 0.02531482 0.03816343
v 0.007521216 0.02646317 0.03887706
v 0.02208949 0.02413102 0.03821082
v 0.02047524 0.02420521 0.03818186
v 0.004788471 0.02730355 0.03895749
v 0.005309889 0.02667254 0.04036763
v 0.019904 0.02548582 0.03825161
v 0.01962646 0.0263621 0.03867938
v 0.01883605 0.02657182 0.03969523
v 0.01024365 0.0255224 0.03816485
v 0.02141687 0.0263058 0.03864904
v 0.02275115 0.02531672 0.03826245
v 0.005955921 0.02601959 0.03572676
v 0.006606309 0.02707697 0.03779484
v 0.007278815 0.02727519 0.03899509
v 0.009719769 0.02633353 0.03866763
v 0.02468132 0.02258426 0.0381311
v 0.008848662 0.02729538 0.03893134
v 0.008742303 0.02665709 0.0399861
v 0.01182912 0.02668167 0.03987893
v 0.01210149 0.02727559 0.0389215
v 0.01201534 0.02624937 0.03850151
v 0.0240294 0.0246245 0.03821402
v 0.01146389 0.02657204 0.03909148
v 0.02477867 0.02553152 0.03835514
v 0.01019974 0.02833665 0.03977893
v 0.02590414 0.02476206 0.03828461
v 0.01351694 0.02656911 0.03939503
v 0.02060429 0.02602889 0.03568315
v 0.0166647 0.02657819 0.03985082
v 0.02226951 0.02697603 0.03764839
v 0.01692669 0.02823425 0.03967808
v 0.02073044 0.02733713 0.03894582
v 0.02043945 0.02698073 0.04163151
v 0.01730859 0.02722893 0.04194023
v 0.01763519 0.02672708 0.04133853
v 0.01818002 0.02757348 0.042067
v 0.02099721 0.02666545 0.04109971
v 0.02315016 0.02695406 0.04178758
v 0.02183671 0.02739355 0.04195786
v 0.02026461 0.02757605 0.04200459
v 0.0215733 0.02793462 0.04197251
v 0.0232609 0.02776242 0.04221734
v 0.02138089 0.0282772 0.0413952
v 0.02386914 0.02824781 0.04164297
v 0.02578797 0.02726271 0.04191857
v 0.02510152 0.02777209 0.04209771
v 0.02237464 0.0282266 0.0395662
v 0.02676022 0.02785064 0.04209644
v 0.02744086 0.02751587 0.04212254
v 0.03089935 0.02800492 0.04211225
v 0.03270044 0.02794265 0.04210398
v 0.03142345 0.02852451 0.04124053
v 0.05045472 -0.003786677 0.03885856
v 0.05043514 -0.001484213 0.03905898
v 0.02758365 0.02828987 0.03959966
v 0.02603649 0.02837747 0.04062647
v 0.02871168 0.02848749 0.04099292
v 0.04996287 0.0001751073 0.0415777
v 0.05029845 -0.0008442681 0.04115362
v 0.01441341 0.02576717 0.01130108
v 0.03643338 0.02469142 0.03382076
v 0.0149205 0.002937237 0.0370925
v 0.01586159 0.002394421 0.03692399
v 0.01612229 0.002485981 0.0369717
v 0.01525388 0.003706668 0.03699958
v 0.01507628 0.003031118 0.03691895
v 0.03227594 0.02843088 0.03935713
v 0.03356975 0.02841881 0.03960313
v 0.03404032 0.02792634 0.04193174
v 0.03465517 0.02820716 0.04077934
v 0.05069187 0.0007332116 0.03911671
v 0.03873931 0.02708067 0.03986397
v 0.03657917 0.02764504 0.04123115
v 0.05061327 -0.0006999411 0.0403145
v 0.05051215 0.003076881 0.03896362
v 0.01244795 0.02609681 0.01483467
v 0.03552007 0.02711467 0.0419178
v 0.03702818 0.02708172 0.04189847
v 0.03850511 0.02681301 0.04183277
v 0.04047922 0.02635963 0.04088091
v 0.01215393 0.02584929 0.01621568
v 0.01860805 0.00471523 0.0372046
v 0.01309132 0.02590205 0.01842909
v 0.04745979 0.008241743 0.03149839
v 0.0199369 0.02601538 0.01628911
v 0.02017619 0.009061307 0.037704
v 0.02032151 0.006536763 0.03703436
v 0.05050501 0.001699293 0.04083207
v 0.04957209 0.0009613466 0.04156194
v 0.04932513 0.00223957 0.04149932
v 0.04980436 0.001731908 0.0415379
v 0.05019942 0.002849163 0.0415124
v 0.02239523 0.008466108 0.03757246
v 0.02182911 0.01053953 0.03760134
v 0.05068208 0.004292551 0.0401656
v 0.05046644 0.006168386 0.03914105
v 0.02536857 0.02610939 0.01647673
v 0.02420795 0.02581314 0.01823907
v 0.04942089 0.004833814 0.04145483
v 0.0249266 0.02590211 0.01913574
v 0.04777675 -0.00725038 0.02762132
v 0.0477502 -0.008747332 0.03235671
v 0.05060085 0.006377518 0.04045469
v 0.02170127 0.0101049 0.03731858
v 0.02269977 0.01080161 0.03762503
v 0.02294665 0.01096042 0.03748336
v 0.02270646 0.01089745 0.03741842
v 0.02339477 0.01176276 0.03749639
v 0.05078143 0.01027157 0.03970332
v 0.02343972 0.01188644 0.03746852
v 0.05045428 0.009674042 0.04154599
v 0.03779623 0.02461304 0.01099852
v 0.03704846 0.02503083 0.01252476
v 0.03730357 0.02479263 0.01379279
v 0.05040849 -0.008183621 0.04088226
v 0.0504373 -0.007400818 0.03868254
v 0.05057169 -0.006171156 0.04011875
v 0.05066172 -0.005353622 0.03888819
v 0.03022723 0.02649661 0.0138326
v 0.05027916 -0.006289955 0.04101562
v 0.02851273 0.02624266 0.01614825
v 0.05056357 -0.003649915 0.04044548
v 0.03416375 0.02582602 0.01693518
v 0.03639141 0.02522235 0.01693455
v 0.04742089 0.009877095 0.01278026
v 0.02653024 0.02604703 0.01778662
v 0.04736539 0.009795183 0.01541396
v 0.03092339 0.02626777 0.01864872
v 0.02938532 0.02619156 0.01968155
v 0.0467927 0.01379578 0.02958941
v 0.04729776 0.01170513 0.01405037
v 0.02968339 0.02628064 0.02070951
v 0.04735894 0.01166473 0.01580603
v 0.04677189 0.01388081 0.0135757
v 0.04481454 0.01772357 0.03215215
v 0.04742422 0.01047243 0.01852422
v 0.04651407 0.01456513 0.02830704
v 0.04578211 0.01632048 0.02728364
v 0.03761377 0.02453286 0.01688706
v 0.03792407 0.02446878 0.01497747
v 0.04590984 0.01596083 0.03105935
v 0.04682451 0.01362308 0.01722166
v 0.03803457 0.02422913 0.01875701
v 0.03893244 0.02379291 0.01931424
v 0.007348023 0.02588408 0.01985735
v 0.04636557 0.01505419 0.01921483
v 0.004220506 0.02574618 0.02204716
v 0.005467189 0.02578991 0.02186029
v 0.04712992 0.01273649 0.01795411
v 0.008209346 0.02596157 0.02053279
v 0.04724029 0.0120943 0.01961427
v 0.01079486 0.0257958 0.01960095
v 0.03907035 0.02370847 0.021293
v 0.03759268 0.02457604 0.02247959
v 0.03876384 0.02399431 0.0228818
v 0.03532993 0.0252194 0.02410667
v 0.03640099 0.02496552 0.02415049
v 0.04732125 0.009610763 0.02463815
v 0.03742836 0.02443751 0.02502175
v 0.04741942 0.01033575 0.02245015
v 0.04721098 0.01217971 0.022026
v 0.04742981 0.01017417 0.0256802
v 0.04718844 0.01224776 0.02501843
v 0.04667002 0.0142238 0.0209829
v 0.0462347 0.01539773 0.02308001
v 0.04562555 0.0167042 0.02335538
v 0.003463678 0.02577832 0.0229269
v 0.04662967 0.01435645 0.02560537
v 0.04763434 0.009640759 0.02782942
v 0.04732916 0.01131796 0.02828531
v 0.04700314 0.01329323 0.02729792
v 0.002674863 0.02565865 0.02671579
v 0.04718449 0.01169574 0.03113198
v 0.01200489 0.02584976 0.02300638
v 0.01091135 0.02573601 0.02449711
v 0.008464357 0.02542721 0.02693723
v 0.009066645 0.02563754 0.02594606
v 0.008784227 0.0258325 0.02515008
v 0.01024839 0.02571841 0.02705034
v 0.01276039 0.025697 0.02492559
v 0.04950782 0.01545186 0.03921763
v 0.05051088 0.01259829 0.03960591
v 0.04997849 0.01458281 0.03964361
v 0.001844201 0.02562644 0.02879118
v 0.05060035 0.01068459 0.03913291
v 0.004522901 0.02571414 0.02990722
v 0.05047715 0.01178971 0.04118082
v 0.0500746 0.01104324 0.04174738
v 0.05028205 0.01320941 0.04116764
v 0.01988649 0.02587837 0.02301766
v 0.04931315 0.01650796 0.03966481
v 0.01889864 0.02575878 0.02458437
v 0.02206213 0.02595459 0.02379039
v 0.007356325 0.02587292 0.03250363
v 0.007300116 0.02602019 0.0346847
v 0.01965249 0.02575521 0.02614117
v 0.02314281 0.02586946 0.02470649
v 0.01291203 0.02554189 0.02685966
v 0.01191166 0.02568902 0.02752663
v 0.01844117 0.02590643 0.02643679
v 0.01900453 0.02573448 0.02832917
v 0.02225811 0.02580573 0.02582985
v 0.04640672 0.02137607 0.03913867
v 0.04498966 0.02295126 0.03918519
v 0.0473754 0.02018093 0.04091924
v 0.04583154 0.02222475 0.03968235
v 0.02053697 0.02579829 0.03072608
v 0.04631875 0.01859391 0.04135131
v 0.04533892 0.0226729 0.04064348
v 0.04652434 0.02085404 0.04165213
v 0.04362028 0.02191366 0.04120844
v 0.04591952 0.02028963 0.04176154
v 0.04454289 0.022102 0.04189987
v 0.04451709 0.02254294 0.04185333
v 0.009432504 0.02563178 0.02848429
v 0.0076106 0.02585208 0.03078208
v 0.04224106 0.02349204 0.04162715
v 0.01007878 0.02576959 0.03024418
v 0.04304175 0.02367707 0.04194807
v 0.01176806 0.02564322 0.02954293
v 0.006197106 0.02591331 0.03043704
v 0.04891255 0.01259258 0.04165361
v 0.04846127 0.01467885 0.04162494
v 0.04906593 0.01416039 0.0419046
v 0.04949231 0.01600235 0.04096241
v 0.04954315 0.01446376 0.04174767
v 0.00964717 0.0259265 0.03144752
v 0.04818357 0.01673656 0.04186304
v 0.04888198 0.01612299 0.04186642
v 0.04957366 0.01226779 0.04188503
v 0.050098 0.01240603 0.04167119
v 0.04850488 0.01835743 0.03974694
v 0.04813967 0.01857057 0.04155888
v 0.04855992 0.01735794 0.04171457
v 0.01330899 0.02577437 0.0298398
v 0.01369134 0.02582873 0.03105911
v 0.04726446 0.01815173 0.04186147
v 0.01214559 0.02595919 0.03146872
v 0.04778533 0.0183671 0.04193854
v 0.04731164 0.0195903 0.04174417
v 0.04376274 0.02402166 0.03918388
v 0.04201169 0.02549164 0.04006247
v 0.04384333 0.02419333 0.04037139
v 0.04350713 0.02396179 0.04163271
v 0.04025904 0.02554234 0.04198711
v 0.04236487 0.02504443 0.04128768
v 0.04094317 0.02557052 0.04190504
v 0.04199209 0.02462618 0.04193413
v 0.02475538 0.02587942 0.02776342
v 0.02730089 0.02591879 0.02836995
v 0.02335953 0.02573627 0.02846875
v 0.02559994 0.02576835 0.02964679
v 0.001338445 0.0282928 0.03981765
v 0.02637515 0.02587175 0.03083188
v 0.02853414 0.02598938 0.03095456
v 0.003492668 0.02672264 0.04133391
v 0.002911014 0.02816197 0.03974013
v 0.006431088 0.02814216 0.03965276
v 0.005173685 0.02841935 0.04013442
v 0.006691668 0.02672967 0.04135469
v -0.002792757 0.02665317 0.0410784
v -0.001944765 0.02818214 0.03985734
v 0.0005026646 0.02677269 0.041188
v -0.00157591 0.02719558 0.04195285
v 0.0002415255 0.02705286 0.04179651
v 0.03352142 0.02569702 0.0248844
v -0.0006746836 0.02778332 0.04206955
v 0.002643354 0.02745342 0.0420853
v -0.0004626736 0.02835649 0.03989106
v 9.173527e-05 0.02822849 0.04180945
v -0.002045371 0.0281125 0.04190906
v 0.001540117 0.02827962 0.04137209
v 0.003569769 0.02836104 0.04072236
v 0.001601052 0.02801306 0.04200298
v 0.03409347 0.02565732 0.02601369
v 0.03574851 0.02503084 0.02580938
v 0.003513452 0.02806047 0.04199933
v 0.004883725 0.02753364 0.04213808
v 0.005135244 0.02803606 0.04198363
v 0.006548071 0.02726854 0.04196762
v 0.03560585 0.02514469 0.02731532
v 0.006276095 0.027904 0.04215448
v 0.03697733 0.02465663 0.02845825
v 0.008199949 0.02716518 0.04196798
v 0.007765526 0.02762825 0.04215045
v 0.03852756 0.02384454 0.02955677
v 0.007393776 0.02834791 0.04029252
v 0.006135277 0.02841976 0.04106334
v 0.008208698 0.02815817 0.04192579
v 0.0364498 0.02478505 0.03061998
v 0.03593452 0.02483013 0.03193167
v 0.03814245 0.02388861 0.03102858
v 0.008610656 0.02842089 0.04019733
v 0.01061586 0.02668067 0.04125823
v 0.01086409 0.02706133 0.04183701
v 0.0110244 0.02832463 0.04096138
v 0.01067878 0.02803781 0.04183121
v 0.01185413 0.02820015 0.03969549
v 0.01346759 0.02827398 0.04143254
v 0.01288745 0.02797974 0.04207763
v 0.01125683 0.02754766 0.0420244
v 0.0136684 0.02672049 0.04108143
v 0.01347355 0.02833638 0.03978657
v 0.01569103 0.02840727 0.04061031
v 0.0141893 0.02717144 0.04181831
v 0.01390371 0.02762847 0.0420799
v 0.01537529 0.02793675 0.04189683
v 0.01607895 0.02762285 0.04208964
v 0.01734234 0.02801233 0.04185997
v 0.01880769 0.02829214 0.0412501
v 0.009405391 0.02768879 0.04206359
v 0.01948285 0.02803632 0.04187424
v 0.01985691 0.02829579 0.03975859
v 0.02561786 0.02819744 0.04149563
v 0.02863697 0.0280294 0.04211306
f 1 2 3
f 4 5 6
f 7 8 9
f 10 11 12
f 13 10 12
f 5 14 15
f 4 14 5
f 16 14 4
f 14 16 17
f 6 18 19
f 20 21 22
f 23 24 25
f 3 22 26
f 19 4 6
f 27 28 29
f 25 15 30
f 31 19 32
f 15 14 30
f 33 7 9
f 21 20 34
f 16 4 19
f 31 16 19
f 35 30 14
f 36 26 22
f 27 9 28
f 36 22 37
f 23 25 30
f 38 31 32
f 37 22 21
f 33 9 27
f 31 39 16
f 17 35 14
f 35 40 30
f 38 39 31
f 40 23 30
f 41 34 42
f 43 23 40
f 21 34 41
f 39 38 44
f 45 41 42
f 46 40 35
f 43 40 47
f 40 46 47
f 17 16 39
f 33 27 48
f 49 50 51
f 52 49 51
f 23 53 24
f 54 42 10
f 27 55 48
f 42 54 56
f 57 58 53
f 58 59 60
f 57 53 23
f 45 42 61
f 61 42 56
f 39 44 62
f 63 59 64
f 58 57 59
f 65 66 67
f 62 17 39
f 68 17 62
f 69 65 67
f 57 64 59
f 70 71 72
f 12 65 69
f 73 64 57
f 74 68 62
f 75 63 64
f 64 73 75
f 67 76 69
f 17 68 35
f 76 67 77
f 76 77 78
f 33 71 7
f 71 33 72
f 79 23 43
f 79 57 23
f 76 78 80
f 47 79 43
f 73 57 79
f 12 69 13
f 68 74 81
f 82 79 47
f 47 83 82
f 13 69 84
f 79 85 73
f 82 85 79
f 35 68 46
f 46 68 81
f 86 72 87
f 88 89 90
f 13 84 91
f 88 60 89
f 92 59 63
f 92 89 60
f 93 80 78
f 92 63 94
f 95 89 96
f 97 50 90
f 50 97 51
f 87 72 33
f 98 99 100
f 33 101 87
f 33 48 101
f 91 84 102
f 102 84 80
f 96 103 104
f 95 96 104
f 78 77 105
f 91 102 106
f 1 107 2
f 93 78 108
f 101 48 109
f 94 110 103
f 111 110 94
f 1 3 26
f 112 82 83
f 54 10 13
f 56 54 113
f 114 113 54
f 112 85 82
f 115 113 116
f 116 113 117
f 112 118 85
f 119 118 112
f 114 54 13
f 114 13 91
f 119 112 120
f 1 26 121
f 122 63 75
f 123 122 75
f 124 125 126
f 73 123 75
f 117 114 127
f 87 101 128
f 122 94 63
f 111 94 122
f 91 127 114
f 127 91 106
f 129 111 122
f 130 131 132
f 122 123 129
f 133 123 134
f 106 102 135
f 136 106 135
f 123 133 129
f 129 133 137
f 138 136 135
f 139 136 140
f 133 141 137
f 85 123 73
f 134 123 85
f 142 143 144
f 85 118 134
f 142 144 145
f 119 146 118
f 146 134 118
f 147 148 87
f 149 145 139
f 147 87 128
f 150 151 152
f 134 146 133
f 145 149 153
f 154 150 155
f 146 119 156
f 157 158 159
f 160 157 159
f 154 161 150
f 156 119 162
f 141 133 146
f 146 156 141
f 141 156 163
f 160 164 157
f 165 166 164
f 165 164 160
f 167 165 168
f 169 98 100
f 169 100 170
f 36 171 121
f 156 172 163
f 158 171 173
f 174 169 170
f 170 100 175
f 156 162 172
f 158 173 159
f 159 176 177
f 178 167 179
f 172 162 180
f 181 107 1
f 182 183 184
f 181 1 121
f 185 186 187
f 185 187 176
f 188 167 178
f 189 110 111
f 190 191 192
f 193 194 195
f 190 192 179
f 188 196 166
f 197 189 198
f 199 200 198
f 184 56 115
f 184 115 182
f 201 198 189
f 201 199 198
f 202 203 204
f 182 115 116
f 199 201 205
f 203 206 204
f 207 205 201
f 208 209 210
f 208 211 209
f 212 213 214
f 203 215 206
f 116 117 143
f 216 217 218
f 219 220 214
f 221 219 214
f 222 223 217
f 221 224 225
f 222 226 223
f 227 166 228
f 200 199 229
f 200 229 230
f 191 182 231
f 226 222 232
f 231 182 233
f 234 232 222
f 235 228 196
f 236 231 233
f 237 232 234
f 205 238 229
f 205 229 199
f 239 226 232
f 226 239 240
f 233 116 241
f 212 214 230
f 242 179 243
f 242 178 179
f 236 233 241
f 229 212 230
f 229 244 212
f 229 238 244
f 212 244 245
f 246 237 234
f 143 142 247
f 116 143 247
f 248 238 205
f 249 239 232
f 250 178 242
f 241 116 247
f 251 239 249
f 252 247 253
f 239 254 240
f 244 255 245
f 244 256 255
f 244 238 256
f 251 254 239
f 188 178 250
f 257 256 238
f 241 247 252
f 248 257 238
f 241 258 236
f 249 259 251
f 260 250 242
f 259 249 261
f 262 241 252
f 258 241 262
f 111 129 189
f 196 188 250
f 262 252 263
f 264 254 251
f 189 129 201
f 201 129 137
f 196 250 260
f 265 201 137
f 196 260 266
f 247 142 253
f 267 268 269
f 253 142 145
f 260 242 270
f 269 268 271
f 272 265 137
f 272 137 141
f 252 253 263
f 273 262 263
f 265 207 201
f 274 267 275
f 267 276 275
f 192 191 231
f 276 267 269
f 277 265 272
f 276 269 271
f 265 277 207
f 231 236 278
f 277 272 279
f 260 270 266
f 141 163 272
f 278 192 231
f 280 225 224
f 275 276 281
f 282 225 280
f 281 276 283
f 278 236 258
f 207 277 284
f 285 284 277
f 243 192 278
f 243 179 192
f 196 266 286
f 279 285 277
f 285 279 287
f 163 279 272
f 243 278 288
f 288 278 289
f 290 291 292
f 163 172 293
f 292 291 294
f 286 266 295
f 296 294 291
f 279 163 293
f 294 297 292
f 293 298 299
f 258 289 278
f 172 180 293
f 297 300 301
f 298 293 180
f 290 302 303
f 291 290 303
f 279 293 299
f 299 287 279
f 302 290 292
f 302 304 305
f 289 273 306
f 289 258 262
f 289 262 273
f 292 304 302
f 306 273 307
f 207 248 205
f 284 248 207
f 308 305 304
f 285 309 284
f 310 288 289
f 310 289 306
f 311 312 313
f 314 38 305
f 284 309 248
f 315 314 305
f 305 308 316
f 309 317 248
f 248 317 257
f 318 319 313
f 305 316 315
f 320 295 319
f 321 285 287
f 297 304 292
f 304 297 308
f 301 308 297
f 313 312 318
f 138 135 322
f 309 321 317
f 321 309 285
f 138 322 323
f 317 321 324
f 308 301 316
f 323 325 326
f 318 312 327
f 136 138 140
f 287 299 321
f 301 328 316
f 140 138 329
f 153 149 330
f 149 139 140
f 330 140 331
f 149 140 330
f 298 332 299
f 242 243 333
f 330 331 334
f 335 336 337
f 132 335 337
f 333 243 288
f 333 288 310
f 338 331 339
f 338 339 340
f 336 341 296
f 321 342 324
f 343 342 321
f 344 345 336
f 338 340 346
f 336 296 291
f 346 347 338
f 310 348 333
f 349 342 343
f 349 350 342
f 344 336 335
f 299 332 343
f 334 351 352
f 310 306 348
f 321 299 343
f 334 331 338
f 351 334 353
f 332 349 343
f 352 354 153
f 344 335 131
f 335 132 131
f 273 263 354
f 355 348 306
f 333 270 242
f 270 333 311
f 311 333 348
f 354 352 356
f 356 352 351
f 332 357 349
f 353 338 358
f 353 334 338
f 311 348 359
f 360 353 358
f 361 350 349
f 358 338 347
f 349 357 361
f 316 362 363
f 294 296 341
f 294 341 364
f 70 358 347
f 365 311 359
f 70 360 358
f 361 357 366
f 345 367 341
f 311 365 312
f 360 351 353
f 312 365 368
f 300 297 294
f 369 351 360
f 370 371 372
f 373 372 371
f 374 301 300
f 369 360 70
f 370 375 371
f 370 376 375
f 294 377 300
f 373 371 378
f 377 294 364
f 378 371 375
f 379 375 376
f 380 375 379
f 375 380 381
f 377 364 382
f 383 380 379
f 307 273 384
f 306 307 384
f 382 364 367
f 385 380 383
f 386 382 367
f 380 387 381
f 377 382 388
f 355 306 384
f 387 380 389
f 286 390 391
f 388 300 377
f 390 286 295
f 392 393 394
f 393 395 394
f 300 388 396
f 397 396 388
f 390 295 320
f 398 389 385
f 385 389 380
f 399 384 400
f 399 400 401
f 402 391 390
f 403 398 385
f 387 389 404
f 388 405 397
f 354 356 273
f 384 273 356
f 406 390 320
f 389 398 404
f 407 387 404
f 402 390 406
f 404 408 407
f 409 404 398
f 410 409 398
f 384 356 400
f 400 356 411
f 403 410 398
f 218 386 367
f 412 413 414
f 415 224 221
f 218 367 416
f 221 214 213
f 417 402 418
f 419 218 416
f 420 415 221
f 374 328 301
f 411 356 421
f 422 413 412
f 423 420 413
f 423 413 422
f 421 369 424
f 425 245 255
f 424 411 421
f 374 426 328
f 328 426 362
f 424 369 427
f 428 424 427
f 429 425 255
f 426 374 300
f 255 430 429
f 431 432 425
f 433 414 432
f 433 412 414
f 406 434 435
f 425 429 431
f 435 434 436
f 401 400 411
f 431 429 437
f 434 320 319
f 362 316 328
f 438 437 429
f 429 430 438
f 319 318 434
f 434 318 439
f 430 255 256
f 440 430 256
f 257 440 256
f 347 71 70
f 436 434 439
f 441 369 70
f 257 317 440
f 396 426 300
f 442 426 396
f 317 443 440
f 86 70 72
f 397 442 396
f 430 440 444
f 441 70 86
f 444 438 430
f 426 442 362
f 445 402 406
f 435 445 406
f 443 444 440
f 402 445 446
f 446 418 402
f 444 443 447
f 427 369 441
f 448 442 397
f 444 447 449
f 431 437 450
f 451 452 453
f 450 437 454
f 455 456 362
f 457 427 458
f 435 436 459
f 427 441 86
f 437 438 454
f 362 442 455
f 438 460 454
f 445 435 461
f 444 460 438
f 446 445 461
f 444 462 460
f 458 86 148
f 460 463 454
f 435 459 461
f 427 86 458
f 372 454 463
f 370 372 463
f 464 463 460
f 314 44 38
f 463 376 370
f 465 466 467
f 462 464 460
f 468 428 457
f 417 469 467
f 470 44 314
f 469 465 467
f 428 427 457
f 471 465 469
f 469 417 472
f 444 449 462
f 472 417 418
f 449 473 462
f 458 474 457
f 44 470 62
f 86 87 148
f 472 418 475
f 476 477 478
f 62 470 479
f 477 480 481
f 478 477 481
f 482 62 479
f 483 458 148
f 474 458 483
f 314 315 363
f 483 148 147
f 315 316 363
f 314 363 479
f 484 485 480
f 486 485 484
f 483 147 487
f 488 485 489
f 83 490 112
f 470 314 479
f 83 491 490
f 492 472 475
f 493 481 480
f 480 485 494
f 493 480 494
f 490 120 112
f 495 493 494
f 494 485 488
f 496 488 497
f 492 475 498
f 499 120 490
f 500 501 479
f 495 494 496
f 502 495 496
f 324 443 317
f 482 74 62
f 81 74 482
f 503 453 504
f 505 504 453
f 418 446 475
f 504 505 506
f 451 453 503
f 507 120 499
f 46 81 83
f 507 119 120
f 508 509 510
f 506 505 395
f 81 491 83
f 511 512 507
f 513 506 395
f 514 515 509
f 507 499 511
f 461 498 446
f 482 491 81
f 511 499 516
f 515 517 518
f 517 519 518
f 475 446 498
f 515 518 520
f 520 518 521
f 501 491 482
f 522 498 461
f 523 496 524
f 516 499 525
f 491 501 490
f 507 162 119
f 508 510 526
f 512 162 507
f 510 509 527
f 501 482 479
f 523 524 528
f 162 512 180
f 529 523 528
f 530 527 509
f 509 515 530
f 93 108 476
f 531 527 530
f 359 348 355
f 515 520 532
f 500 479 363
f 533 534 535
f 363 456 500
f 355 384 399
f 464 376 463
f 511 516 536
f 462 537 464
f 516 538 536
f 359 355 539
f 540 464 537
f 541 538 516
f 447 542 449
f 355 399 539
f 456 543 500
f 399 544 539
f 473 449 542
f 473 537 462
f 545 473 542
f 536 180 512
f 512 511 536
f 490 501 499
f 545 542 546
f 547 359 539
f 525 499 501
f 365 359 547
f 536 548 180
f 548 298 180
f 545 546 549
f 501 500 525
f 548 536 538
f 443 324 550
f 324 342 550
f 547 539 551
f 550 447 443
f 544 399 401
f 447 550 542
f 552 541 553
f 552 538 541
f 550 342 554
f 543 525 500
f 554 342 350
f 555 544 401
f 525 543 556
f 538 552 557
f 558 544 555
f 559 554 350
f 551 539 544
f 550 554 542
f 554 546 542
f 551 544 558
f 363 362 456
f 560 546 554
f 558 555 561
f 548 562 563
f 560 554 559
f 562 548 538
f 564 558 561
f 538 557 562
f 559 565 560
f 566 564 561
f 456 567 543
f 361 559 350
f 557 568 562
f 559 361 565
f 569 388 382
f 570 565 361
f 570 361 366
f 569 405 388
f 562 568 571
f 365 547 368
f 218 217 386
f 386 223 382
f 557 552 572
f 569 382 223
f 573 368 547
f 217 223 386
f 546 560 549
f 312 368 327
f 573 327 368
f 574 397 405
f 573 547 551
f 575 574 405
f 548 563 298
f 332 298 563
f 574 575 448
f 226 569 223
f 569 576 405
f 551 577 573
f 578 549 560
f 569 226 576
f 226 579 576
f 563 580 332
f 581 327 573
f 579 582 576
f 464 583 376
f 583 464 540
f 580 357 332
f 583 379 376
f 575 405 576
f 583 383 379
f 576 582 575
f 584 383 583
f 540 584 583
f 585 540 537
f 580 563 562
f 571 580 562
f 581 573 577
f 585 584 540
f 585 586 584
f 584 587 383
f 587 385 383
f 455 442 448
f 588 580 571
f 586 587 584
f 357 580 366
f 456 455 567
f 558 589 551
f 455 448 567
f 585 537 473
f 545 585 473
f 589 558 564
f 545 590 585
f 590 586 585
f 448 591 567
f 476 592 93
f 476 478 592
f 567 591 593
f 586 590 594
f 592 478 481
f 393 513 395
f 448 397 574
f 393 392 595
f 596 592 481
f 596 481 493
f 323 592 596
f 385 587 403
f 597 403 587
f 597 598 403
f 596 325 323
f 586 597 587
f 586 594 597
f 591 448 575
f 577 551 589
f 599 597 594
f 410 403 598
f 597 599 598
f 596 493 600
f 600 493 601
f 549 590 545
f 549 602 590
f 577 589 603
f 601 493 495
f 594 590 602
f 601 495 502
f 601 502 600
f 604 603 605
f 325 596 600
f 606 594 602
f 240 579 226
f 607 325 600
f 589 564 605
f 607 326 325
f 579 608 582
f 578 609 549
f 607 600 610
f 555 428 468
f 608 579 240
f 611 607 610
f 612 608 240
f 609 602 549
f 340 339 613
f 468 457 614
f 340 613 615
f 561 555 468
f 616 575 582
f 615 346 340
f 594 606 599
f 346 615 617
f 608 616 582
f 561 468 618
f 619 575 616
f 599 606 620
f 621 598 599
f 598 621 410
f 622 496 523
f 523 623 622
f 623 523 624
f 618 468 614
f 623 610 622
f 618 614 625
f 624 523 529
f 591 575 619
f 614 457 474
f 625 614 474
f 599 620 621
f 621 620 626
f 627 624 529
f 623 624 627
f 628 626 620
f 611 610 623
f 618 629 561
f 602 620 606
f 593 591 619
f 566 561 629
f 611 623 630
f 630 623 627
f 631 611 630
f 593 619 632
f 629 618 633
f 602 609 620
f 634 620 609
f 630 627 635
f 628 620 634
f 627 528 535
f 636 619 616
f 32 303 302
f 629 633 637
f 635 627 638
f 625 474 483
f 38 32 302
f 38 302 305
f 635 638 639
f 640 615 641
f 642 483 643
f 8 640 644
f 642 618 625
f 619 636 632
f 645 337 646
f 483 487 643
f 645 646 647
f 617 640 8
f 633 618 642
f 347 346 617
f 645 132 337
f 617 71 347
f 648 649 650
f 651 650 649
f 71 617 7
f 637 633 642
f 7 617 8
f 637 642 652
f 649 648 653
f 525 556 516
f 654 643 655
f 654 652 642
f 541 516 556
f 541 556 553
f 605 564 566
f 605 566 656
f 637 656 566
f 657 543 567
f 658 605 656
f 656 637 659
f 656 659 660
f 657 567 593
f 657 593 661
f 566 629 637
f 657 556 543
f 556 657 662
f 652 663 637
f 659 637 663
f 556 662 553
f 663 652 664
f 657 661 662
f 659 665 660
f 665 659 663
f 666 665 663
f 632 661 593
f 439 318 327
f 667 327 581
f 436 439 667
f 632 668 661
f 439 327 667
f 669 662 661
f 662 669 553
f 661 668 669
f 459 436 667
f 459 667 670
f 552 553 669
f 667 671 670
f 672 670 671
f 668 673 669
f 572 552 669
f 670 672 674
f 675 670 674
f 673 572 669
f 461 459 522
f 152 131 130
f 522 459 670
f 344 676 345
f 677 419 416
f 522 670 678
f 679 676 680
f 679 677 676
f 679 680 681
f 682 679 681
f 683 498 684
f 685 686 687
f 498 522 684
f 684 522 678
f 684 678 688
f 685 687 689
f 688 690 684
f 678 670 675
f 682 691 677
f 692 691 682
f 692 682 693
f 692 694 691
f 612 240 254
f 678 675 688
f 695 608 612
f 264 695 254
f 695 612 254
f 688 675 696
f 608 695 616
f 697 616 695
f 692 693 698
f 698 693 699
f 692 268 694
f 698 268 692
f 271 268 698
f 700 688 696
f 701 702 698
f 698 702 271
f 696 703 704
f 705 696 704
f 706 704 707
f 705 704 706
f 581 577 667
f 708 709 710
f 671 667 577
f 671 577 603
f 711 712 713
f 714 715 716
f 675 674 703
f 717 718 719
f 720 703 674
f 703 696 675
f 658 604 605
f 658 656 660
f 721 722 723
f 721 723 724
f 660 725 658
f 726 727 728
f 658 703 604
f 703 720 604
f 729 730 731
f 732 733 689
f 703 658 734
f 734 658 725
f 734 725 735
f 736 731 737
f 737 738 739
f 739 740 741
f 741 736 739
f 738 742 739
f 743 665 744
f 745 741 740
f 665 725 660
f 735 725 743
f 715 746 716
f 746 740 742
f 725 665 743
f 747 740 746
f 747 745 740
f 748 745 747
f 735 743 749
f 747 746 750
f 750 746 718
f 734 704 703
f 750 748 747
f 751 752 748
f 751 753 752
f 734 707 704
f 748 754 751
f 718 755 750
f 756 707 734
f 706 707 756
f 734 735 757
f 754 758 751
f 759 760 761
f 735 749 757
f 762 759 761
f 762 763 759
f 51 764 52
f 756 734 757
f 765 22 3
f 22 765 20
f 764 34 765
f 764 11 34
f 20 765 34
f 766 757 749
f 766 756 757
f 764 51 11
f 11 51 767
f 768 756 766
f 766 769 768
f 34 11 42
f 42 11 10
f 83 47 46
f 51 97 767
f 767 770 771
f 771 770 65
f 767 12 11
f 736 772 731
f 736 773 772
f 774 775 5
f 5 775 776
f 775 774 648
f 775 648 650
f 777 778 779
f 648 774 780
f 781 130 782
f 779 772 777
f 653 648 780
f 777 772 783
f 783 784 777
f 781 782 785
f 785 195 781
f 6 5 776
f 25 24 780
f 774 15 25
f 783 786 784
f 774 5 15
f 787 784 786
f 774 25 780
f 788 786 783
f 787 786 788
f 783 772 773
f 781 195 155
f 155 130 781
f 155 150 130
f 96 94 103
f 653 780 789
f 739 736 737
f 789 49 653
f 150 152 130
f 773 736 741
f 653 49 52
f 49 789 50
f 745 773 741
f 790 773 745
f 739 742 740
f 24 789 780
f 716 742 738
f 24 791 789
f 53 58 24
f 58 791 24
f 791 58 60
f 788 792 793
f 791 50 789
f 794 795 753
f 592 323 322
f 796 783 773
f 790 796 773
f 796 788 783
f 792 788 796
f 791 60 88
f 90 791 88
f 50 791 90
f 797 154 155
f 90 89 798
f 796 790 752
f 753 796 752
f 753 792 796
f 92 60 59
f 752 790 745
f 799 154 797
f 92 96 89
f 799 161 154
f 96 92 94
f 161 151 150
f 753 795 792
f 95 798 89
f 800 701 801
f 784 802 777
f 784 801 802
f 803 151 161
f 787 801 784
f 798 770 90
f 800 801 787
f 502 610 600
f 90 770 97
f 800 804 701
f 785 782 98
f 98 805 785
f 169 805 98
f 95 806 798
f 800 787 788
f 641 607 611
f 615 607 641
f 807 804 800
f 808 804 807
f 100 809 175
f 806 95 282
f 808 810 804
f 811 810 808
f 770 798 806
f 812 813 808
f 814 271 810
f 814 810 811
f 613 339 326
f 811 815 814
f 607 613 326
f 816 815 811
f 66 770 806
f 817 806 282
f 817 105 806
f 615 613 607
f 785 193 195
f 105 817 818
f 813 811 808
f 66 77 67
f 193 785 805
f 813 816 811
f 813 819 816
f 66 105 77
f 806 105 66
f 174 805 169
f 793 800 788
f 174 820 805
f 821 800 793
f 821 807 800
f 206 174 170
f 818 78 105
f 78 818 108
f 812 808 822
f 823 812 822
f 824 812 823
f 822 808 807
f 496 622 502
f 181 175 107
f 807 821 822
f 502 622 610
f 821 793 792
f 795 821 792
f 821 795 794
f 821 794 825
f 107 175 809
f 821 823 822
f 823 821 825
f 825 824 823
f 826 175 181
f 813 812 824
f 181 827 826
f 828 813 824
f 813 828 819
f 829 830 819
f 829 819 828
f 181 171 158
f 831 828 824
f 827 181 158
f 831 829 828
f 104 103 832
f 824 833 831
f 630 635 834
f 831 835 829
f 103 110 189
f 197 103 189
f 631 630 834
f 200 836 197
f 198 200 197
f 195 194 155
f 103 836 832
f 832 836 219
f 175 826 170
f 826 204 170
f 197 836 103
f 834 635 837
f 170 204 206
f 838 829 835
f 839 838 835
f 746 742 716
f 715 718 746
f 805 820 193
f 627 529 528
f 840 194 193
f 836 200 220
f 836 220 219
f 200 230 220
f 832 219 225
f 174 206 820
f 221 225 219
f 748 750 754
f 840 193 820
f 840 820 206
f 638 534 639
f 638 627 535
f 748 752 745
f 230 214 220
f 638 535 534
f 751 794 753
f 794 751 841
f 635 639 842
f 843 844 194
f 842 837 635
f 95 104 832
f 843 840 845
f 95 832 282
f 845 840 206
f 282 832 225
f 843 194 840
f 644 641 611
f 641 644 640
f 640 617 615
f 202 826 827
f 826 202 204
f 755 754 750
f 8 644 9
f 817 282 280
f 644 611 631
f 846 644 631
f 847 754 755
f 848 280 224
f 280 848 849
f 9 644 846
f 847 850 754
f 818 817 280
f 202 827 851
f 849 818 280
f 849 108 818
f 850 847 852
f 108 849 476
f 852 847 853
f 854 203 202
f 202 851 855
f 846 631 834
f 758 760 751
f 846 834 856
f 202 855 854
f 758 754 850
f 9 846 28
f 855 857 854
f 28 846 856
f 850 858 758
f 850 859 858
f 761 760 758
f 155 194 797
f 837 856 834
f 761 758 858
f 29 856 837
f 28 856 29
f 717 755 718
f 419 216 218
f 216 860 217
f 861 755 717
f 862 861 717
f 217 860 234
f 217 234 222
f 863 755 861
f 853 755 863
f 853 847 755
f 860 216 419
f 864 825 794
f 865 824 825
f 246 234 860
f 866 865 825
f 867 246 860
f 864 794 841
f 868 864 841
f 869 246 867
f 866 825 864
f 868 866 864
f 868 870 866
f 268 869 867
f 867 694 268
f 372 373 871
f 865 833 824
f 872 833 865
f 833 835 831
f 373 873 874
f 373 378 873
f 232 237 249
f 381 873 378
f 869 237 246
f 872 865 870
f 865 866 870
f 274 237 869
f 874 873 875
f 274 261 237
f 394 395 874
f 833 872 835
f 261 249 237
f 876 839 835
f 876 835 872
f 378 375 381
f 873 381 875
f 387 875 381
f 877 876 872
f 876 877 878
f 874 875 394
f 267 274 869
f 268 267 869
f 872 870 877
f 394 875 879
f 879 392 394
f 880 877 870
f 875 387 879
f 407 879 387
f 881 851 882
f 763 870 868
f 868 883 763
f 261 274 884
f 885 259 261
f 885 886 259
f 751 760 841
f 432 212 245
f 882 887 881
f 884 274 275
f 432 213 212
f 414 213 432
f 759 841 760
f 759 868 841
f 868 759 883
f 420 221 413
f 221 213 413
f 414 413 213
f 887 882 164
f 164 227 887
f 763 883 759
f 415 420 423
f 888 881 887
f 432 245 425
f 208 881 888
f 884 281 889
f 888 887 227
f 281 884 275
f 763 890 870
f 431 433 432
f 870 890 880
f 891 877 880
f 891 880 892
f 271 814 276
f 893 891 892
f 763 894 890
f 894 880 890
f 880 894 892
f 227 164 166
f 895 894 763
f 276 728 283
f 450 433 431
f 450 896 433
f 728 276 814
f 166 165 167
f 897 896 450
f 898 892 894
f 412 433 896
f 892 898 893
f 452 412 896
f 814 815 728
f 283 728 727
f 899 893 898
f 372 897 450
f 372 871 897
f 167 188 166
f 896 897 871
f 871 452 896
f 452 871 900
f 452 900 453
f 454 372 450
f 291 337 336
f 412 452 422
f 422 452 451
f 901 902 451
f 526 901 451
f 765 52 764
f 415 848 224
f 208 903 881
f 849 848 904
f 905 477 904
f 905 480 477
f 210 903 208
f 848 415 904
f 906 415 423
f 415 906 905
f 770 767 97
f 415 905 904
f 12 767 771
f 906 480 905
f 476 849 477
f 904 477 849
f 211 208 888
f 907 209 211
f 906 423 484
f 341 336 345
f 486 423 422
f 484 423 486
f 41 45 21
f 21 45 37
f 906 484 480
f 485 486 489
f 902 489 486
f 901 489 902
f 489 510 488
f 211 888 227
f 227 908 211
f 488 496 494
f 908 227 228
f 909 37 45
f 61 909 45
f 902 486 422
f 902 422 451
f 228 166 196
f 65 770 66
f 211 908 907
f 12 771 65
f 228 235 908
f 900 871 373
f 84 69 76
f 453 900 505
f 505 900 373
f 505 373 874
f 80 84 76
f 395 505 874
f 910 908 235
f 508 526 503
f 503 526 451
f 367 364 341
f 508 503 911
f 911 503 504
f 508 911 509
f 514 509 911
f 80 93 102
f 911 504 506
f 592 322 93
f 911 506 514
f 345 416 367
f 93 135 102
f 135 93 322
f 676 416 345
f 114 117 113
f 115 56 113
f 514 506 912
f 515 514 912
f 912 506 513
f 912 517 515
f 510 497 488
f 266 313 295
f 144 117 127
f 497 524 496
f 235 196 286
f 489 901 526
f 489 526 510
f 144 127 106
f 106 136 139
f 286 391 235
f 524 510 527
f 524 527 531
f 497 510 524
f 145 144 106
f 143 117 144
f 145 106 139
f 313 266 270
f 530 515 532
f 313 270 311
f 913 530 532
f 531 528 524
f 528 531 914
f 160 159 177
f 531 530 913
f 914 531 913
f 295 313 319
f 855 851 881
f 528 914 535
f 913 533 914
f 533 913 532
f 882 851 157
f 164 882 157
f 535 914 533
f 177 915 160
f 168 160 915
f 165 160 168
f 168 190 167
f 168 915 190
f 167 190 179
f 171 36 37
f 171 181 121
f 173 171 37
f 173 37 185
f 159 173 176
f 185 176 173
f 185 37 909
f 909 916 185
f 916 909 61
f 61 186 916
f 186 185 916
f 183 187 186
f 61 184 183
f 186 61 183
f 184 61 56
f 187 917 176
f 917 187 183
f 177 176 917
f 191 917 183
f 918 209 907
f 191 183 182
f 919 920 210
f 919 210 209
f 191 177 917
f 851 827 158
f 851 158 157
f 921 919 209
f 922 921 923
f 923 921 918
f 915 177 190
f 924 918 907
f 177 191 190
f 921 209 918
f 912 513 393
f 517 912 393
f 922 919 921
f 907 908 910
f 182 116 233
f 924 907 925
f 907 910 925
f 910 466 925
f 926 918 924
f 145 263 253
f 925 927 924
f 18 928 32
f 927 925 466
f 19 18 32
f 303 32 928
f 929 928 930
f 646 929 930
f 930 18 931
f 930 928 18
f 466 465 927
f 930 931 932
f 929 303 928
f 933 926 934
f 337 929 646
f 935 933 934
f 337 303 929
f 337 291 303
f 927 471 934
f 471 927 465
f 935 934 471
f 125 930 126
f 935 471 936
f 125 646 930
f 647 646 125
f 124 647 125
f 937 922 923
f 329 138 323
f 938 712 937
f 918 939 923
f 323 326 329
f 939 918 926
f 647 782 130
f 329 326 339
f 329 331 140
f 124 782 647
f 939 940 923
f 329 339 331
f 937 941 922
f 712 941 937
f 130 645 647
f 645 130 132
f 942 6 776
f 931 6 942
f 943 938 937
f 944 938 943
f 650 776 775
f 942 776 650
f 940 937 923
f 650 651 942
f 932 931 942
f 153 263 145
f 945 932 942
f 943 937 940
f 126 932 945
f 354 263 153
f 939 946 940
f 334 153 330
f 945 942 651
f 651 2 945
f 153 334 352
f 649 653 52
f 52 765 649
f 926 924 927
f 927 934 926
f 651 3 2
f 649 3 651
f 939 926 933
f 946 939 933
f 649 765 3
f 356 351 421
f 351 369 421
f 931 18 6
f 391 910 235
f 467 910 391
f 126 930 932
f 467 466 910
f 947 344 131
f 124 126 945
f 417 467 391
f 948 947 131
f 107 945 2
f 391 402 417
f 948 680 947
f 809 945 107
f 99 124 945
f 428 411 424
f 98 124 99
f 555 411 428
f 401 411 555
f 434 406 320
f 949 948 131
f 99 945 809
f 100 99 809
f 687 950 948
f 680 948 950
f 152 949 131
f 36 121 26
f 949 152 151
f 947 676 344
f 124 98 782
f 680 676 947
f 677 416 676
f 681 680 950
f 677 679 682
f 949 687 948
f 686 950 687
f 778 686 685
f 733 778 685
f 951 949 151
f 951 687 949
f 729 951 151
f 951 689 687
f 729 151 803
f 689 951 729
f 733 685 689
f 681 950 686
f 778 681 686
f 681 699 682
f 699 693 682
f 699 952 953
f 952 699 681
f 778 952 681
f 779 778 733
f 777 952 778
f 802 953 952
f 777 802 952
f 954 860 419
f 419 677 954
f 860 954 867
f 954 677 691
f 694 954 691
f 589 605 603
f 694 867 954
f 953 698 699
f 642 625 483
f 698 953 802
f 801 698 802
f 701 698 801
f 642 643 654
f 702 701 804
f 271 702 804
f 810 271 804
f 857 855 881
f 857 955 956
f 955 857 903
f 903 857 881
f 957 958 959
f 959 955 903
f 920 959 903
f 210 920 903
f 960 957 959
f 920 960 959
f 710 799 961
f 709 803 799
f 664 666 663
f 729 803 730
f 803 161 799
f 709 799 710
f 730 803 709
f 962 730 709
f 709 708 963
f 962 709 963
f 738 730 962
f 738 737 730
f 963 738 962
f 714 738 964
f 965 845 215
f 215 845 206
f 844 845 965
f 965 966 844
f 961 797 844
f 844 797 194
f 710 961 844
f 844 843 845
f 844 967 710
f 968 844 966
f 857 203 854
f 956 215 203
f 720 603 604
f 203 857 956
f 720 671 603
f 720 674 671
f 674 672 671
f 965 215 956
f 958 965 956
f 958 956 959
f 959 956 955
f 966 965 958
f 797 961 799
f 969 968 966
f 970 708 967
f 968 967 844
f 970 967 971
f 971 967 968
f 969 966 958
f 957 969 958
f 708 710 967
f 970 963 708
f 964 963 970
f 738 963 964
f 960 920 919
f 972 957 960
f 922 960 919
f 972 973 711
f 973 972 960
f 973 960 922
f 941 973 922
f 941 711 973
f 712 711 941
f 712 938 944
f 712 974 713
f 974 712 944
f 716 738 714
f 975 968 969
f 976 970 971
f 971 968 975
f 976 971 977
f 978 975 979
f 977 971 975
f 978 977 975
f 980 977 981
f 969 957 979
f 979 975 969
f 979 957 972
f 972 711 979
f 978 979 711
f 976 964 970
f 714 964 976
f 982 714 976
f 983 714 982
f 714 983 715
f 980 976 977
f 984 982 980
f 980 982 976
f 982 984 719
f 719 983 982
f 983 718 715
f 983 719 718
f 985 977 978
f 985 981 977
f 986 981 985
f 713 978 711
f 713 985 978
f 985 713 974
f 987 984 980
f 987 719 984
f 987 980 981
f 722 719 987
f 723 987 981
f 723 722 987
f 862 719 722
f 719 862 717
f 721 862 722
f 721 861 862
f 726 728 815
f 816 726 815
f 816 988 726
f 988 816 830
f 816 819 830
f 772 779 733
f 689 729 732
f 732 729 731
f 772 733 732
f 731 772 732
f 731 730 737
f 404 989 408
f 990 128 101
f 991 992 993
f 994 995 996
f 995 994 997
f 990 101 998
f 999 1000 1001
f 1002 990 998
f 1003 994 408
f 1004 1003 989
f 1003 408 989
f 1003 997 994
f 595 392 1005
f 1006 128 990
f 1007 1008 1009
f 1005 1010 1011
f 1012 999 1001
f 409 989 404
f 992 1000 999
f 992 999 993
f 1013 997 1003
f 997 1014 995
f 1015 995 1014
f 1007 1009 1016
f 1017 999 1012
f 1018 1002 998
f 1019 1004 1020
f 1006 147 128
f 1020 1004 989
f 1021 999 1017
f 409 1020 989
f 1022 1020 409
f 410 1022 409
f 487 147 1006
f 410 1023 1022
f 1024 990 1002
f 1024 1006 990
f 1021 1017 1025
f 1026 1022 1023
f 1027 1016 1028
f 487 1006 1024
f 1029 743 744
f 1030 1019 1020
f 749 743 1029
f 1007 1016 1031
f 749 1029 1032
f 1026 1030 1020
f 1026 1020 1022
f 1016 1027 1031
f 1026 1033 1030
f 1033 1026 1023
f 1030 1033 1034
f 1035 744 666
f 1036 1002 1018
f 665 666 744
f 997 1013 1037
f 1013 1038 1037
f 1024 1036 1039
f 1024 1002 1036
f 1004 1013 1003
f 1013 1004 1040
f 1027 1041 1031
f 1019 1040 1004
f 991 1042 1035
f 744 1042 1043
f 1044 1040 1019
f 744 1035 1042
f 997 1037 1014
f 1038 1045 1037
f 1046 1018 1047
f 1013 1040 1038
f 1048 1038 1040
f 1038 1049 1045
f 1048 1049 1038
f 1050 1046 1047
f 1043 1029 744
f 1032 1029 1043
f 1051 1044 1019
f 1052 1053 1054
f 1044 1048 1040
f 1055 1048 1044
f 1043 1042 1056
f 1057 991 993
f 1051 1055 1044
f 1051 1058 1055
f 1042 991 1057
f 1030 1034 1019
f 1052 1054 1059
f 1042 1057 1060
f 1034 1051 1019
f 1034 1061 1051
f 1028 1062 1063
f 1034 1033 1061
f 1057 993 999
f 1062 1053 1052
f 1057 999 1021
f 1060 1057 1021
f 1064 1036 1018
f 1052 1063 1062
f 1061 1065 1051
f 1056 1042 1060
f 1066 1067 1049
f 1064 1018 1046
f 1066 1068 1067
f 1052 1059 1069
f 1070 1068 1066
f 1060 1021 1071
f 1063 1052 1069
f 1072 1068 1073
f 1064 1046 1074
f 1075 1072 1076
f 1072 1077 1076
f 1078 1079 1080
f 1081 1069 1059
f 1078 1080 1082
f 749 1032 1083
f 1083 766 749
f 1084 1078 1082
f 1083 1032 1085
f 1086 1078 1087
f 1049 1048 1066
f 1032 1056 1085
f 1088 1089 1090
f 1070 1066 1048
f 1070 1048 1055
f 1058 1070 1055
f 1088 1090 1091
f 1092 1058 1051
f 769 766 1083
f 1070 1058 1093
f 1027 1028 1063
f 1094 769 1083
f 1091 1095 1088
f 1083 1085 1094
f 1096 1089 1088
f 1097 519 517
f 1085 1056 1098
f 1098 1094 1085
f 1063 1069 1099
f 519 521 518
f 1100 1094 1098
f 1101 521 1102
f 1100 1098 1103
f 1104 520 521
f 1104 521 1101
f 1100 1103 1105
f 1056 1032 1043
f 1106 1104 1107
f 1108 1096 1088
f 1109 1107 1104
f 534 533 1106
f 1110 1056 1060
f 1108 1088 1111
f 1098 1056 1110
f 1109 1112 1113
f 1114 1027 1063
f 1114 1115 1027
f 521 519 1116
f 521 1116 1102
f 1071 1110 1060
f 1088 1095 1117
f 1103 1110 1071
f 1103 1071 1118
f 1119 1120 1116
f 1098 1110 1103
f 1117 1095 1121
f 1120 1119 1122
f 1122 1123 1120
f 1105 1103 1124
f 1099 1114 1063
f 1021 1025 1125
f 1116 1120 1102
f 1126 1099 1069
f 1127 1102 1120
f 1127 1120 1123
f 410 621 1023
f 1117 1121 1128
f 1129 1125 1130
f 1111 1088 1117
f 1023 621 626
f 1126 1069 1131
f 1071 1021 1132
f 1132 1021 1125
f 1125 1129 1132
f 1133 1126 1131
f 1111 1117 1134
f 1135 1111 1134
f 1136 1071 1132
f 1137 1129 1130
f 1033 1023 626
f 1136 1132 1129
f 1138 1114 1099
f 1033 626 1139
f 1134 1117 1140
f 1136 1129 1137
f 1033 1139 1061
f 1141 1050 1096
f 1142 1099 1126
f 1143 1144 1145
f 1146 1147 1148
f 1122 1149 1150
f 1138 1099 1142
f 1151 1150 1152
f 1141 1096 1153
f 1154 1137 1155
f 1156 1138 1142
f 1122 1150 1157
f 1046 1050 1074
f 1074 1050 1141
f 1074 1141 1158
f 1142 1126 1133
f 1118 1071 1136
f 1158 1141 1153
f 1159 1160 1151
f 1074 1158 1161
f 1151 1160 1162
f 1150 1151 1162
f 1123 1122 1157
f 1133 1156 1142
f 1133 1163 1156
f 1164 1118 1136
f 1118 1124 1103
f 1165 1166 1167
f 1161 1158 1153
f 1168 1059 1054
f 1169 1166 1165
f 1169 1165 1170
f 1171 1161 1153
f 1171 1172 1161
f 1081 1168 1173
f 1174 1175 1171
f 1124 1118 1176
f 1160 1159 1177
f 1178 1177 1179
f 1059 1168 1081
f 1170 1165 1180
f 1170 1180 1181
f 1118 1164 1176
f 1182 1145 1183
f 1108 1184 1096
f 1108 1185 1184
f 1186 1136 1137
f 1146 1148 1143
f 1185 1108 1111
f 1154 1186 1137
f 1153 1096 1184
f 1187 1143 1188
f 1164 1136 1186
f 1189 1188 1182
f 1164 1186 1190
f 1184 1185 1171
f 1191 1192 1173
f 1190 1186 1154
f 1153 1184 1171
f 1131 1173 1192
f 1169 1193 1166
f 1154 1155 1194
f 1195 1193 1196
f 1197 1190 1154
f 1196 1198 1199
f 1197 1154 1194
f 1164 1190 1197
f 1189 1193 1195
f 1200 1189 1195
f 1069 1081 1131
f 1173 1131 1081
f 1185 1135 1201
f 1195 1196 1199
f 1185 1111 1135
f 1202 1195 1199
f 1131 1192 1203
f 1204 1200 1195
f 1205 1197 1194
f 1206 1207 1208
f 1209 1206 1208
f 1210 1135 1134
f 1211 1135 1210
f 1133 1131 1203
f 1212 1213 1214
f 1194 1215 1216
f 1214 1217 1218
f 1171 1185 1201
f 1194 1216 1205
f 1135 1211 1201
f 1180 1219 1181
f 1181 1219 1220
f 1216 1215 1221
f 1201 1174 1171
f 1222 1223 1224
f 1024 1039 1225
f 1226 1227 1228
f 1228 1229 1230
f 1225 1039 1036
f 1231 1225 1232
f 1222 1233 1223
f 1199 1198 1234
f 1036 1235 1232
f 1211 1174 1201
f 1225 1036 1232
f 1174 1211 1236
f 1237 1199 1234
f 1238 1199 1237
f 1202 1199 1238
f 1232 1235 1239
f 1240 1232 1239
f 1241 1202 1238
f 1223 1242 1224
f 1243 1202 1241
f 1231 1232 1240
f 1242 1215 1155
f 1244 1234 1245
f 1234 1244 1246
f 1237 1234 1246
f 1012 1240 1247
f 1240 1239 1247
f 1248 1249 1238
f 1248 1238 1237
f 1241 1238 1249
f 1012 1001 1240
f 1250 1251 1252
f 1012 1247 1253
f 1254 1242 1223
f 1249 1248 1255
f 1239 1235 1256
f 1247 1239 1256
f 1235 1074 1161
f 1256 1235 1161
f 1250 1252 1257
f 1256 1161 1172
f 1256 1172 1258
f 1259 1260 1250
f 1261 1260 1259
f 1262 1243 1241
f 1263 1233 1031
f 1258 1172 1175
f 1175 1172 1171
f 1264 1262 1241
f 639 1265 1266
f 1223 1233 1263
f 1264 1241 1249
f 1258 1247 1256
f 1249 1255 1267
f 1263 1031 1041
f 1266 1268 1269
f 1269 1268 1270
f 1264 1249 1267
f 1266 1269 1271
f 1272 1258 1175
f 1273 1258 1272
f 1274 1275 1276
f 1270 1277 1147
f 1254 1223 1278
f 1278 1223 1279
f 1279 1223 1263
f 1272 1175 1174
f 1261 1274 1260
f 1270 1147 1146
f 1280 1270 1146
f 1187 1280 1146
f 1174 1281 1272
f 1282 1262 1283
f 1279 1263 1041
f 1284 1269 1270
f 1284 1270 1280
f 1271 1269 1284
f 1279 1041 1285
f 1286 1272 1281
f 1287 1282 1283
f 1288 27 29
f 1288 55 27
f 1286 1281 1008
f 1289 1287 1283
f 55 1288 1290
f 1283 1262 1291
f 1194 1155 1215
f 1281 1174 1236
f 1281 1236 1292
f 1293 1289 1291
f 1294 1290 1295
f 1294 55 1290
f 1291 1289 1283
f 1215 1242 1254
f 29 842 1296
f 1253 1247 1258
f 29 1296 1288
f 1017 1012 1253
f 1288 1296 1290
f 1262 1264 1267
f 1267 1291 1262
f 1296 1297 1290
f 1298 1290 1297
f 1299 1287 1289
f 1253 1258 1273
f 1300 1290 1298
f 1295 1290 1300
f 1301 1253 1273
f 1273 1302 1301
f 1017 1253 1025
f 1025 1253 1301
f 1303 1289 1293
f 1215 1254 1221
f 1298 1304 1305
f 1300 1298 1305
f 1306 1293 1291
f 1305 1295 1300
f 1273 1307 1308
f 1302 1273 1308
f 1305 1304 1309
f 1309 1304 1310
f 1278 1279 1311
f 1312 1293 1306
f 1307 1273 1272
f 1307 1272 1313
f 1272 1286 1313
f 1090 1309 1314
f 1305 1309 1090
f 1221 1254 1278
f 1313 1308 1307
f 1315 1280 1187
f 1316 1313 1286
f 1291 1267 1276
f 1317 1280 1315
f 1308 1313 1316
f 1278 1311 1318
f 1319 1315 1320
f 1319 1310 1321
f 1322 1291 1276
f 1306 1291 1322
f 1302 1308 1323
f 1285 1311 1279
f 1324 1319 1320
f 1322 1276 1325
f 1320 1326 1327
f 1320 1327 1328
f 1278 1318 1221
f 1323 1308 1316
f 1323 1316 1222
f 1224 1323 1222
f 1309 1310 1314
f 1310 1319 1314
f 1125 1025 1301
f 1314 1319 1324
f 1125 1301 1130
f 1329 1221 1318
f 1130 1301 1302
f 1314 1324 1091
f 1090 1314 1091
f 1324 1320 1328
f 1130 1302 1323
f 1091 1324 1328
f 1318 1311 1330
f 1331 1322 1325
f 1224 1130 1323
f 1331 1325 1332
f 1328 1327 1333
f 1287 1333 1327
f 1155 1137 1130
f 1224 1155 1130
f 1091 1328 1095
f 1328 1333 1095
f 1155 1224 1242
f 1121 1333 1299
f 1121 1095 1333
f 1285 1041 1334
f 1121 1299 1303
f 1121 1303 1128
f 1143 1187 1146
f 1335 1261 1259
f 1292 1236 1336
f 1335 1259 1337
f 1338 1274 1261
f 1339 1187 1188
f 1188 1189 1200
f 1339 1188 1200
f 1340 1285 1334
f 1275 1274 1338
f 1339 1315 1187
f 1292 1336 1341
f 1341 1336 1342
f 1027 1115 1041
f 1343 1275 1338
f 1344 1315 1339
f 1335 1345 1343
f 1008 1281 1292
f 1041 1115 1334
f 1346 1200 1204
f 1339 1200 1346
f 1292 1341 1009
f 1292 1009 1008
f 1138 1334 1115
f 1138 1115 1114
f 1341 1342 1347
f 1202 1204 1195
f 1332 1325 1275
f 1347 1342 1348
f 1243 1204 1202
f 1349 1347 1350
f 1344 1339 1346
f 1138 1340 1334
f 1351 1344 1346
f 1352 1331 1332
f 1346 1243 1351
f 1243 1346 1204
f 1053 1350 1353
f 1349 1350 1053
f 1262 1282 1243
f 1327 1326 1282
f 1354 1343 1345
f 1327 1282 1287
f 1355 1341 1347
f 1355 1347 1349
f 1009 1341 1016
f 1016 1341 1355
f 1333 1287 1299
f 1355 1349 1062
f 1345 1356 1357
f 1354 1345 1357
f 1358 1359 1360
f 1360 1361 1362
f 55 1294 48
f 109 48 1294
f 1316 1286 1008
f 1363 1316 1008
f 1364 109 1294
f 1008 1365 1363
f 1138 1156 1366
f 1364 1294 1295
f 1365 1008 1007
f 1363 1365 1007
f 1364 1295 1367
f 1222 1316 1363
f 1354 1357 1368
f 1368 1357 1369
f 1156 1163 1366
f 1358 1360 1362
f 1222 1363 1233
f 1138 1370 1340
f 109 1364 998
f 998 101 109
f 1370 1138 1366
f 1047 1364 1367
f 1363 1007 1233
f 1047 998 1364
f 998 1047 1018
f 1233 1007 1031
f 1371 1372 1373
f 1047 1367 1050
f 1366 1374 1370
f 1050 1367 1089
f 1330 1311 1285
f 1305 1367 1295
f 1285 1375 1330
f 1376 1377 1371
f 1089 1305 1090
f 1210 1377 1376
f 1367 1305 1089
f 1375 1285 1340
f 1089 1096 1050
f 1378 1376 1371
f 1211 1210 1379
f 1236 1211 1379
f 1330 1380 1381
f 1336 1236 1379
f 1342 1336 1379
f 1380 1330 1375
f 1378 1379 1376
f 1342 1379 1378
f 1382 1371 1373
f 1378 1371 1382
f 1375 1370 1383
f 1380 1375 1383
f 1348 1378 1382
f 1342 1378 1348
f 1348 1382 1350
f 1382 1353 1350
f 1383 1384 1385
f 1370 1375 1340
f 1054 1053 1353
f 1370 1384 1383
f 1303 1293 1312
f 1386 1387 1388
f 1389 1387 1386
f 1303 1312 1372
f 1373 1372 1312
f 1390 1391 1392
f 1391 1390 1192
f 1393 1312 1306
f 1393 1306 1322
f 1394 1395 1387
f 1373 1312 1393
f 1393 1322 1331
f 1163 1133 1396
f 1393 1397 1373
f 1382 1373 1397
f 1192 1390 1398
f 1397 1393 1331
f 1397 1331 1399
f 1398 1203 1192
f 1400 1203 1398
f 1401 1398 1390
f 1400 1398 1401
f 1397 1353 1382
f 1402 1403 1404
f 1390 1394 1405
f 1390 1405 1402
f 1399 1331 1352
f 1399 1352 1406
f 1406 1352 1407
f 1133 1203 1396
f 1396 1203 1400
f 1397 1399 1408
f 1409 1408 1399
f 1399 1406 1409
f 1410 1400 1401
f 1411 1400 1410
f 1412 1413 1414
f 1415 1400 1411
f 1400 1416 1396
f 1416 1400 1415
f 1414 1417 1391
f 1413 1354 1368
f 1418 1419 1420
f 1421 1422 1423
f 1414 1413 1368
f 1414 1368 1424
f 1417 1414 1424
f 1425 1421 1423
f 1423 1426 1425
f 1423 1427 1426
f 1428 1426 1427
f 1425 1426 1429
f 1408 1353 1397
f 1430 1426 1428
f 1431 1163 1396
f 1431 1396 1416
f 1163 1431 1432
f 1408 1409 1433
f 1433 1409 1434
f 1435 1434 1409
f 1353 1408 1433
f 1054 1353 1433
f 1168 1433 1434
f 1374 1366 1163
f 1432 1374 1163
f 1054 1433 1168
f 1431 1416 1436
f 1432 1431 1436
f 1191 1435 1414
f 1391 1191 1414
f 1437 1370 1374
f 1391 1417 1392
f 1432 1437 1374
f 1191 1434 1435
f 1384 1370 1437
f 1173 1168 1434
f 1434 1191 1173
f 1432 1438 1437
f 1439 1437 1438
f 1436 1438 1432
f 1440 1438 1436
f 1191 1391 1192
f 1437 1439 1384
f 643 487 1024
f 1384 1439 1441
f 654 655 1442
f 1441 1439 1438
f 1442 652 654
f 655 1231 1442
f 1231 655 1225
f 1440 1436 1443
f 1444 1231 1000
f 1438 1445 1441
f 1000 1231 1240
f 1001 1000 1240
f 1440 1445 1438
f 1442 664 652
f 1446 1445 1440
f 1443 1446 1440
f 992 664 1444
f 1415 1447 1416
f 992 1444 1000
f 1448 664 992
f 1447 1436 1416
f 1436 1447 1449
f 992 666 1448
f 992 1035 666
f 1449 1443 1436
f 1450 1426 1430
f 1035 992 991
f 1451 1429 1450
f 1452 1451 1450
f 1453 1454 1455
f 1412 1406 1407
f 1413 1412 1407
f 994 996 407
f 407 408 994
f 1409 1406 1435
f 1304 1321 1310
f 1406 1412 1435
f 879 407 996
f 1413 1407 1354
f 392 879 1456
f 996 1456 879
f 392 1456 1005
f 1456 996 995
f 1456 995 1010
f 1005 1456 1010
f 1010 995 1457
f 1368 1369 1424
f 1424 1369 1458
f 995 1015 1457
f 1317 1315 1319
f 1459 1458 1460
f 1388 1459 1460
f 1461 1424 1458
f 1461 1458 1459
f 1317 1319 1321
f 1010 1457 1462
f 1417 1424 1461
f 1457 1015 1463
f 1152 1457 1463
f 1320 1315 1326
f 1462 1152 1149
f 1462 1457 1152
f 1414 1435 1412
f 1045 1014 1037
f 1024 655 643
f 1080 1049 1067
f 1067 1082 1080
f 1082 1067 1464
f 1464 1084 1082
f 1068 1072 1067
f 1072 1464 1067
f 1442 1231 1444
f 1465 1084 1464
f 1465 1464 1072
f 1326 1315 1344
f 1208 1466 1084
f 1084 1465 1075
f 1072 1075 1465
f 666 664 1448
f 1075 1208 1084
f 1015 1014 1467
f 1463 1015 1467
f 1444 664 1442
f 1152 1463 1468
f 1152 1468 1151
f 1079 1014 1045
f 1049 1079 1045
f 1079 1467 1014
f 1078 1467 1079
f 1049 1080 1079
f 1463 1467 1078
f 1344 1351 1282
f 1086 1468 1463
f 1078 1086 1463
f 1468 1086 1469
f 1351 1243 1282
f 1469 1151 1468
f 1151 1469 1159
f 1078 1084 1466
f 1087 1078 1466
f 1326 1344 1282
f 1470 1087 1466
f 1466 1208 1207
f 1466 1471 1470
f 1471 1466 1207
f 1087 1470 1086
f 1469 1086 1470
f 1470 1159 1469
f 1159 1470 1179
f 1179 1470 1471
f 1179 1471 1472
f 1472 1178 1179
f 532 520 1104
f 1106 532 1104
f 1109 1104 1112
f 1112 1104 1101
f 533 532 1106
f 1107 1265 1106
f 1265 1107 1109
f 1265 534 1106
f 1265 1109 1113
f 1268 1265 1113
f 1113 1112 1473
f 1474 1473 1112
f 1147 1473 1148
f 1113 1473 1277
f 1268 1113 1277
f 1277 1473 1147
f 1011 393 595
f 1097 393 1011
f 595 1005 1011
f 1011 1475 1097
f 1011 1010 1462
f 1476 1011 1462
f 1116 1097 1475
f 1476 1116 1475
f 1476 1475 1011
f 517 393 1097
f 1116 519 1097
f 1119 1476 1462
f 1116 1476 1119
f 1119 1462 1149
f 1119 1149 1122
f 655 1024 1225
f 1127 1123 1157
f 1235 1064 1074
f 1235 1036 1064
f 1101 1102 1477
f 1477 1102 1127
f 1474 1477 1127
f 1101 1474 1112
f 1474 1101 1477
f 1127 1144 1474
f 1473 1474 1144
f 1127 1183 1144
f 1144 1183 1145
f 1148 1473 1144
f 1148 1144 1143
f 1149 1152 1150
f 1127 1157 1183
f 1162 1157 1150
f 1478 1157 1162
f 1478 1479 1157
f 1459 1388 1387
f 1167 1160 1177
f 1140 1117 1480
f 1478 1162 1160
f 1377 1140 1480
f 1480 1117 1128
f 1166 1478 1160
f 1166 1160 1167
f 1193 1478 1166
f 1140 1377 1134
f 1219 1177 1178
f 1177 1159 1179
f 1394 1390 1392
f 1180 1177 1219
f 1461 1459 1395
f 1167 1177 1165
f 1387 1395 1459
f 1180 1165 1177
f 1392 1417 1461
f 1395 1392 1461
f 1183 1157 1479
f 1479 1182 1183
f 1392 1395 1394
f 1145 1182 1143
f 1189 1182 1479
f 1479 1478 1193
f 1394 1387 1481
f 1481 1387 1389
f 1193 1189 1479
f 1143 1182 1188
f 1134 1377 1210
f 1196 1193 1169
f 1196 1169 1170
f 1170 1198 1196
f 1405 1394 1481
f 1016 1355 1062
f 1053 1062 1349
f 1208 1075 1209
f 1471 1207 1482
f 1246 1248 1237
f 1472 1471 1482
f 1472 1482 1213
f 1255 1248 1246
f 1482 1207 1206
f 1482 1206 1483
f 1483 1484 1217
f 1213 1482 1483
f 1213 1483 1214
f 1483 1217 1214
f 1485 1178 1472
f 1062 1028 1016
f 1401 1390 1404
f 1485 1472 1213
f 1485 1213 1212
f 1486 1485 1212
f 1255 1246 1487
f 1487 1246 1260
f 1212 1214 1227
f 1488 1212 1227
f 1487 1267 1255
f 1404 1410 1401
f 1219 1178 1485
f 1410 1404 1403
f 1276 1267 1487
f 1485 1486 1219
f 1276 1487 1274
f 1220 1219 1486
f 1220 1486 1489
f 1488 1486 1212
f 1489 1486 1488
f 1404 1390 1402
f 1490 1402 1405
f 1198 1181 1220
f 1405 1481 1491
f 1260 1274 1487
f 1490 1405 1491
f 1492 1493 1220
f 1220 1489 1492
f 1234 1220 1245
f 1220 1493 1245
f 1226 1489 1488
f 1226 1488 1227
f 1228 1227 1229
f 1494 1490 1491
f 1245 1493 1492
f 1492 1489 1226
f 1492 1226 1495
f 1228 1495 1226
f 1299 1289 1303
f 1495 1245 1492
f 1419 1402 1490
f 1419 1490 1422
f 1495 1228 1230
f 1490 1494 1496
f 1497 1252 1230
f 1495 1230 1252
f 1422 1490 1496
f 1422 1496 1427
f 1198 1170 1181
f 1325 1276 1275
f 1198 1220 1234
f 1251 1245 1495
f 1244 1245 1251
f 1403 1418 1410
f 1402 1418 1403
f 1411 1410 1418
f 1244 1251 1498
f 1498 1251 1250
f 1251 1495 1252
f 1246 1244 1498
f 1418 1415 1411
f 1246 1498 1260
f 1250 1260 1498
f 1499 1500 1337
f 1419 1418 1402
f 1500 1499 1501
f 1415 1418 1502
f 1420 1502 1418
f 1335 1337 1500
f 1503 1415 1502
f 1338 1261 1335
f 1250 1257 1259
f 1504 1502 1420
f 1337 1259 1257
f 1421 1504 1420
f 1257 1505 1337
f 1343 1338 1335
f 1337 1505 1499
f 1421 1419 1422
f 639 534 1265
f 1265 1268 1266
f 1506 1500 1507
f 1506 1335 1500
f 1427 1423 1422
f 1361 1506 1507
f 1345 1335 1506
f 1356 1345 1506
f 1508 1296 842
f 1508 842 639
f 1420 1419 1421
f 1361 1359 1506
f 639 1266 1508
f 1266 1271 1508
f 1270 1268 1277
f 1509 1275 1343
f 1504 1421 1425
f 1332 1275 1509
f 1321 1271 1284
f 1509 1407 1332
f 1317 1284 1280
f 1321 1284 1317
f 1343 1354 1509
f 842 29 837
f 1297 1296 1508
f 1297 1508 1271
f 1297 1271 1298
f 1298 1271 1321
f 1298 1321 1304
f 1356 1506 1359
f 1361 1360 1359
f 1356 1369 1357
f 1356 1359 1358
f 1358 1369 1356
f 1388 1358 1362
f 1458 1369 1358
f 1460 1458 1358
f 1443 1510 1446
f 1460 1358 1388
f 1128 1303 1372
f 1447 1415 1503
f 1372 1480 1128
f 1377 1480 1372
f 1377 1372 1371
f 1447 1503 1449
f 1511 1502 1504
f 1511 1503 1502
f 1511 1504 1512
f 1379 1210 1376
f 1511 1449 1503
f 1511 1513 1449
f 1514 1513 1511
f 1515 1511 1512
f 1516 1514 1511
f 1516 1511 1515
f 1348 1350 1347
f 1451 1504 1425
f 1517 1512 1504
f 1517 1504 1451
f 1425 1429 1451
f 1450 1429 1426
f 1518 1450 1430
f 1451 1515 1512
f 1517 1451 1512
f 1513 1443 1449
f 1510 1443 1513
f 1519 1513 1514
f 1514 1516 1520
f 1520 1516 1515
f 1510 1513 1519
f 1519 1446 1510
f 1352 1332 1407
f 1519 1514 1521
f 1522 1446 1519
f 1522 1519 1521
f 1509 1354 1407
f 1450 1523 1452
f 1523 1450 1524
f 1524 1450 1518
f 1524 1518 1525
f 1520 1526 1514
f 1521 1514 1526
f 1526 1520 1527
f 1528 1521 1526
f 1529 1526 1527
f 1529 1527 1530
f 1452 1515 1451
f 1520 1515 1452
f 1527 1520 1530
f 1530 1520 1452
f 1452 1523 1524
f 1452 1524 1454
f 1531 1530 1452
f 1531 1452 1454
f 1531 1454 1453
f 1532 1533 1534
f 1535 1536 1537
f 1538 1539 1540
f 1537 1541 1542
f 1542 1543 1537
f 1544 565 570
f 1545 1546 1534
f 1547 1548 1549
f 1550 1551 1552
f 1553 1544 570
f 1533 1545 1534
f 1548 1540 1549
f 1553 570 1554
f 1555 1540 1548
f 1551 1550 1536
f 1551 1556 1552
f 1557 1558 1555
f 560 565 1544
f 578 560 1544
f 1559 1532 1534
f 1560 1561 1551
f 1562 1560 1551
f 1538 1540 1555
f 1562 1551 1536
f 1555 1558 1538
f 1563 578 1544
f 1564 1565 1566
f 1564 1566 1567
f 1568 1541 1569
f 1570 1571 1572
f 1541 1536 1550
f 1571 1573 1572
f 1574 1573 1571
f 1575 1565 1564
f 1576 1564 1567
f 1568 1542 1541
f 1573 1577 1578
f 1537 1536 1541
f 1574 1577 1573
f 1575 1579 1565
f 1561 1560 1580
f 1553 1581 1544
f 1582 1560 1562
f 1564 1583 1575
f 1578 1577 1584
f 1575 1583 1585
f 1585 1579 1575
f 1586 1571 1580
f 1587 1577 1574
f 1544 1581 1588
f 1583 1564 1576
f 1589 1583 1576
f 1580 1560 1586
f 1589 1590 1583
f 1577 1587 1584
f 1588 1563 1544
f 1591 1535 1592
f 1593 1590 1589
f 1535 1594 1582
f 1535 1582 1536
f 1595 1596 1597
f 1597 1596 1598
f 1594 1560 1582
f 1599 1600 1601
f 1590 1585 1583
f 1597 1600 1602
f 1599 1602 1600
f 1592 1535 1537
f 1602 1595 1597
f 1602 1599 1603
f 1604 1588 1581
f 1574 1605 1587
f 1591 1594 1535
f 1591 1606 1594
f 1595 1607 1596
f 1608 1609 1590
f 1594 1586 1560
f 1607 1605 1596
f 1587 1610 1584
f 1611 634 609
f 1607 1610 1605
f 1587 1605 1610
f 1594 1606 1586
f 1612 1613 1585
f 1543 1542 1614
f 1602 1615 1595
f 1607 1595 1615
f 1585 1609 1612
f 1592 1616 1591
f 1590 1609 1585
f 1617 1618 1592
f 1603 1619 1602
f 1619 1615 1602
f 1537 1543 1592
f 1543 1617 1592
f 1615 1619 1620
f 1621 1620 1622
f 1621 1623 1620
f 1619 1622 1620
f 1607 1615 1620
f 1620 1623 1607
f 1612 1624 1625
f 1607 1623 1610
f 628 634 1626
f 1627 1591 1616
f 1627 1606 1591
f 1616 1592 1618
f 1611 1628 634
f 1585 1548 1579
f 1629 1630 1631
f 1616 1600 1627
f 1600 1616 1618
f 1585 1613 1548
f 1632 1600 1618
f 1629 1584 1630
f 1626 634 1628
f 1633 1634 1635
f 1548 1613 1636
f 1637 1638 1639
f 1638 1640 1639
f 1636 1555 1548
f 1641 1639 1640
f 1626 1628 1642
f 1629 1578 1584
f 1636 1557 1555
f 1643 1642 1628
f 1625 1636 1613
f 1584 1644 1630
f 1625 1557 1636
f 1611 578 1563
f 1630 1645 1631
f 1646 1647 1648
f 1612 1625 1613
f 578 1611 609
f 1649 1650 1651
f 1651 1647 1649
f 1645 1630 1652
f 1649 1653 1650
f 1654 1653 1649
f 1655 1656 1657
f 1655 1658 1659
f 1563 1660 1611
f 1656 1655 1659
f 1628 1611 1660
f 1588 1660 1563
f 1558 1661 1662
f 1584 1610 1644
f 1663 1664 1665
f 1662 1659 1558
f 1628 1660 1666
f 1664 1663 1667
f 1661 1558 1557
f 1665 1664 1668
f 1660 1669 1666
f 1670 1671 1672
f 1670 1673 1671
f 1623 1674 1610
f 1644 1610 1674
f 1675 1674 1623
f 1675 1623 1621
f 1676 1677 1678
f 1669 1660 1588
f 1661 1679 1662
f 1678 1680 1676
f 1674 1681 1644
f 1674 1682 1681
f 1679 1683 1662
f 1669 1588 1684
f 1675 1682 1674
f 1670 1685 1686
f 1630 1644 1652
f 1670 1686 1673
f 1681 1652 1644
f 1625 1687 1557
f 1687 1661 1557
f 1628 1666 1643
f 1687 1688 1661
f 1652 1681 1689
f 1690 1652 1689
f 1604 1684 1588
f 1691 1689 1681
f 1692 1693 1694
f 1694 1693 1695
f 1693 1696 1685
f 1661 1697 1679
f 1619 1603 1698
f 1696 1693 1692
f 1699 1619 1698
f 1699 1622 1619
f 1700 1696 1692
f 1697 1661 1688
f 1698 1701 1699
f 1622 1702 1621
f 1702 1703 1621
f 1624 1687 1625
f 1704 1705 1706
f 1707 1708 1702
f 1702 1708 1703
f 1709 1703 1708
f 1710 1703 1709
f 1704 1711 1712
f 1684 1713 1669
f 1707 1714 1715
f 1707 1715 1708
f 1675 1621 1703
f 1622 1699 1702
f 1701 1707 1699
f 1716 1688 1687
f 1707 1702 1699
f 1710 1675 1703
f 1710 1682 1675
f 1714 1707 1701
f 1717 1716 1687
f 1681 1682 1691
f 1713 1684 1559
f 1669 1713 1666
f 1718 1680 1719
f 1716 1717 1720
f 1720 1721 1716
f 1716 1697 1688
f 1691 1722 1689
f 1709 1723 1710
f 1710 1723 1691
f 1723 1722 1691
f 1724 1722 1723
f 1725 1726 1727
f 1728 1729 1730
f 1708 1728 1709
f 1713 1643 1666
f 1731 1732 1679
f 1708 1715 1728
f 1728 1715 1729
f 1715 1733 1729
f 1734 1735 1713
f 1679 1697 1731
f 1709 1736 1723
f 1728 1736 1709
f 1713 1735 1643
f 1643 1735 1737
f 1736 1724 1723
f 1730 1736 1728
f 1732 1683 1679
f 1710 1691 1682
f 1738 1730 1729
f 1684 1532 1559
f 1734 1713 1559
f 1697 1716 1721
f 1739 1571 1586
f 1697 1721 1731
f 1571 1739 1574
f 1740 1734 1559
f 1741 1742 1743
f 1740 1559 1534
f 1744 1741 1743
f 1534 1745 1740
f 1606 1598 1739
f 1606 1739 1586
f 1732 1731 1746
f 1746 1747 1732
f 1744 1748 1741
f 1734 1749 1735
f 1739 1605 1574
f 1750 1731 1721
f 1746 1731 1750
f 1606 1627 1598
f 1598 1627 1597
f 1734 1740 1751
f 1597 1627 1600
f 1752 1753 1742
f 1605 1739 1598
f 1743 1742 1753
f 1754 1755 1756
f 1598 1596 1605
f 1753 1744 1743
f 1757 1758 1755
f 1755 1754 1757
f 1759 1760 1761
f 1751 1740 1745
f 1762 1758 1757
f 1734 1751 1749
f 1763 1764 1744
f 1744 1764 1748
f 1765 1766 1767
f 1763 1744 1753
f 1768 1769 1770
f 1771 1770 1769
f 1772 1773 1774
f 1775 1776 1777
f 1778 1769 1768
f 1751 1745 1749
f 1745 1779 1749
f 1780 1781 1782
f 1779 1783 1749
f 1776 1784 1785
f 1778 1786 1769
f 1778 1768 1787
f 1775 1788 1784
f 1780 1789 1790
f 1775 1784 1776
f 1786 1778 1791
f 1792 1791 1793
f 1778 1793 1791
f 1782 1789 1780
f 1794 1795 1796
f 1786 1791 1792
f 1797 1786 1792
f 1798 1779 1745
f 1799 1782 1800
f 1801 1802 1794
f 1797 1803 1786
f 1803 1797 1804
f 1796 1801 1794
f 1805 1779 1806
f 1779 1798 1806
f 1807 1808 1801
f 1809 1810 1811
f 1789 1782 1799
f 1811 1810 1812
f 1813 1814 1815
f 1813 1816 1814
f 1812 1817 1771
f 1812 1771 1811
f 1818 1819 1799
f 1769 1820 1771
f 1813 1821 1822
f 1789 1799 1819
f 251 259 886
f 1789 1823 1790
f 1824 1825 1826
f 251 1827 264
f 251 886 1827
f 1823 1789 1819
f 1828 1811 1829
f 1827 886 1830
f 1811 1828 1809
f 1831 1809 1828
f 1827 1830 1832
f 1833 1821 1813
f 1834 1835 1836
f 1837 1819 1818
f 1838 1833 1825
f 1837 1823 1819
f 1828 1839 1831
f 1836 1830 886
f 1823 1837 1840
f 1830 1836 1841
f 1842 1828 1829
f 1769 1829 1820
f 1829 1769 1843
f 1844 1843 1769
f 1845 1842 1829
f 1843 1845 1829
f 1845 1843 1844
f 1846 1847 1821
f 1841 1836 1835
f 1848 1849 1850
f 1851 1846 1821
f 1852 1830 1841
f 1845 1853 1842
f 1845 1854 1853
f 1841 1835 1852
f 1854 1845 1855
f 1851 1821 1833
f 1856 1857 1858
f 1859 1850 1764
f 1860 1853 1854
f 1860 1856 1853
f 1859 1848 1850
f 1830 1852 1861
f 1861 1862 1830
f 1860 1854 1863
f 1863 1854 1855
f 1864 1861 1852
f 1861 1864 1865
f 1860 1863 1866
f 1867 1868 1848
f 1851 1869 1846
f 1856 1860 1870
f 1856 1870 1857
f 1868 1799 1848
f 1869 1871 1846
f 1835 1872 1873
f 1870 1874 1857
f 1808 1824 1801
f 1852 1835 1875
f 1873 1875 1835
f 1868 1818 1799
f 1870 1860 1866
f 1866 1566 1870
f 1864 1852 1875
f 1851 1833 1876
f 1867 1877 1868
f 1769 1786 1844
f 1786 1803 1844
f 1864 1878 1865
f 1879 1864 1875
f 1876 1869 1851
f 1878 1864 1879
f 1844 1803 1855
f 1859 1867 1848
f 1803 1880 1855
f 1881 1878 1879
f 1879 1882 1881
f 1883 1880 1803
f 1866 1863 1855
f 1884 1869 1876
f 1880 1866 1855
f 1885 1886 1887
f 1886 1671 1888
f 1869 1889 1890
f 1891 1892 1882
f 1877 1818 1868
f 1576 1567 1893
f 632 636 1894
f 1589 1576 1893
f 1877 1837 1818
f 1895 1645 1896
f 1897 632 1894
f 1898 1837 1877
f 1899 1837 1898
f 1545 1895 1546
f 1883 1821 1900
f 1899 1840 1837
f 1897 668 632
f 1897 673 668
f 1899 1756 1840
f 1895 1896 1546
f 1847 1589 1893
f 1690 1896 1645
f 1900 1847 1893
f 1898 1756 1899
f 1877 1867 1901
f 1897 1894 1902
f 1871 1903 1847
f 1867 1904 1901
f 1904 1905 1901
f 1901 1898 1877
f 1871 1847 1846
f 1906 1897 1902
f 1907 1897 1906
f 1534 1546 1908
f 1905 1898 1901
f 1909 1775 1777
f 1910 572 673
f 1910 673 1907
f 1911 1756 1898
f 1905 1911 1898
f 1909 1912 1775
f 1913 1910 1907
f 1914 1546 1896
f 1546 1914 1915
f 1916 1917 1918
f 673 1897 1907
f 1775 1912 1788
f 1546 1915 1908
f 1919 1912 1909
f 1896 1690 1920
f 1921 1914 1920
f 1914 1896 1920
f 1922 1923 1912
f 1919 1922 1912
f 1921 1920 1924
f 1902 1925 1906
f 1926 1906 1925
f 1927 1928 1929
f 1915 1914 1921
f 1930 1923 1931
f 1932 1922 1933
f 1934 1931 1923
f 1935 1936 1937
f 1938 1931 1934
f 1926 1913 1907
f 1906 1926 1907
f 1919 1939 1933
f 1940 1781 1780
f 1924 1941 1921
f 1922 1919 1933
f 1941 1942 1921
f 1943 1942 1941
f 1940 1780 1790
f 1926 1944 1945
f 1915 1921 1942
f 1790 1946 1940
f 1947 1913 1926
f 1948 1947 1926
f 1652 1690 1645
f 1949 1933 1758
f 1950 1776 1946
f 1790 1950 1946
f 1762 1951 1758
f 1924 1920 1690
f 1926 1945 1948
f 1790 1952 1950
f 1689 1924 1690
f 1948 1945 1953
f 1949 1932 1933
f 1924 1689 1722
f 1954 1932 1949
f 1950 1952 1777
f 1777 1776 1950
f 1832 264 1827
f 1955 264 1832
f 695 264 697
f 1534 1908 1745
f 1949 1758 1951
f 1949 1951 1954
f 1954 1951 1956
f 264 1955 697
f 1957 1798 1908
f 1823 1952 1790
f 1957 1908 1915
f 1958 697 1955
f 1745 1908 1798
f 1959 1960 1961
f 1962 1958 1955
f 1952 1909 1777
f 1963 1960 1959
f 1955 1832 1962
f 636 616 697
f 1964 1952 1823
f 1958 636 697
f 1909 1952 1964
f 1965 1798 1957
f 1960 1966 1967
f 636 1958 1894
f 1823 1840 1964
f 1968 1798 1965
f 1966 1960 1963
f 1969 1958 1962
f 1970 568 557
f 1894 1958 1969
f 1902 1894 1969
f 1971 1972 1973
f 557 1974 1970
f 1971 1973 1963
f 1969 1962 1975
f 1976 1968 1965
f 571 568 1970
f 1972 1884 1973
f 1942 1957 1915
f 1962 1832 1862
f 1942 1965 1957
f 1862 1832 1830
f 1971 1977 1972
f 1978 1977 1971
f 1968 1806 1798
f 1962 1862 1975
f 1862 1861 1975
f 1978 1963 1979
f 1978 1971 1963
f 1980 1963 1959
f 1981 1968 1976
f 1982 571 1970
f 1979 1963 1980
f 1806 1968 1981
f 1983 1978 1979
f 1984 1943 1941
f 1969 1975 1985
f 1986 1942 1943
f 1969 1985 1902
f 1987 1988 1989
f 1987 1990 1988
f 1980 1991 1992
f 1993 1943 1984
f 1992 1979 1980
f 572 1974 557
f 1943 1994 1986
f 1910 1974 572
f 1993 1994 1943
f 1902 1985 1995
f 1990 1996 1988
f 1985 1997 1995
f 1998 1999 2000
f 1990 2001 1996
f 1997 1985 1975
f 1999 2002 2003
f 2002 2004 2003
f 2003 2000 1999
f 2004 2005 2003
f 2006 2007 2005
f 2008 2007 2009
f 2007 2008 2000
f 1910 1913 1974
f 2009 1993 2008
f 2010 1979 1992
f 1995 1925 1902
f 2007 2000 2005
f 2003 2005 2000
f 2010 2011 1979
f 2011 1983 1979
f 2009 2007 2006
f 1890 1871 1869
f 1974 1913 2012
f 2009 1994 1993
f 2013 1994 2009
f 2014 1890 1889
f 2006 2013 2009
f 2014 2015 1890
f 2005 2016 2006
f 2016 2005 2017
f 2014 1889 1884
f 1970 1974 2012
f 2018 2005 2004
f 1861 1865 1975
f 2018 2017 2005
f 2018 2019 2017
f 2016 2020 2006
f 2014 2021 2015
f 1975 1865 2022
f 1924 1722 1984
f 1982 1970 2012
f 1878 2023 1865
f 1593 1589 1847
f 1847 1903 1593
f 1865 2023 2022
f 2012 1913 1947
f 1984 1941 1924
f 1593 1903 1608
f 1984 1722 1724
f 1724 1736 1998
f 1608 1903 2024
f 2022 1997 1975
f 1593 1608 1590
f 2008 1984 1724
f 1998 2000 2008
f 1724 1998 2008
f 2012 1947 2025
f 1609 1608 2026
f 2008 1993 1984
f 2024 2026 1608
f 1730 1998 1736
f 1730 1999 1998
f 1730 1738 1999
f 2002 1999 1738
f 1738 2027 2002
f 2028 2029 2030
f 1903 2031 2024
f 2022 2032 1997
f 2022 2033 2032
f 2030 2034 2035
f 1871 2031 1903
f 2036 2022 2023
f 2037 2038 2029
f 2036 2023 2039
f 2037 2029 2028
f 2040 2038 2037
f 2022 2036 2033
f 2024 2031 2041
f 2042 2043 2040
f 2044 2032 2033
f 1965 1986 1976
f 2025 1982 2012
f 2026 1612 1609
f 2045 1612 2026
f 2046 1976 1986
f 2033 2036 2047
f 1986 2048 2046
f 2049 2047 2036
f 2050 2045 2026
f 2047 2044 2033
f 1986 1965 1942
f 2051 1624 1612
f 1552 2044 2047
f 2051 1612 2045
f 1878 2052 2023
f 1881 2052 1878
f 2051 2045 2053
f 2053 2054 2051
f 2055 2048 1986
f 2039 2023 2052
f 2025 1947 2056
f 1976 2046 1981
f 2057 2052 1881
f 2041 2050 2024
f 2058 2050 2041
f 2059 2039 2052
f 2057 2059 2052
f 2049 2036 2039
f 1806 1981 2060
f 2024 2050 2026
f 2039 2059 2049
f 2053 2045 2050
f 2061 2025 2062
f 2063 1891 1671
f 1997 2064 1995
f 2065 588 571
f 2046 2048 2066
f 2058 2053 2050
f 366 580 588
f 2067 2068 2058
f 2069 1981 2046
f 2064 1925 1995
f 1871 1890 2031
f 2064 1944 1925
f 2070 2071 2072
f 2032 2064 1997
f 1890 2015 2031
f 2055 1986 1994
f 2064 2032 2073
f 2015 2041 2031
f 2013 2055 1994
f 2073 1944 2064
f 2074 2048 2055
f 2074 2055 2072
f 2021 2075 2015
f 1925 1944 1926
f 2013 2006 2020
f 571 1982 2065
f 2070 2072 2020
f 2013 2072 2055
f 2020 2072 2013
f 2076 2016 2017
f 2076 2077 2016
f 2070 2020 2077
f 2077 2020 2016
f 1944 1953 1945
f 2075 2041 2015
f 2075 2067 2041
f 2058 2041 2067
f 2078 2066 2048
f 2079 1944 2073
f 2080 2069 2066
f 2066 2069 2046
f 1556 1561 2073
f 2078 2074 2071
f 2081 2073 2032
f 2081 2032 2044
f 2082 2067 2075
f 2078 2080 2066
f 2080 2078 2083
f 2073 2081 1556
f 1552 2081 2044
f 2083 2078 2071
f 2054 1624 2051
f 1552 1556 2081
f 2048 2074 2078
f 2071 2074 2072
f 2084 2054 2053
f 2085 2030 2035
f 2086 2087 2088
f 1556 1551 1561
f 2058 2084 2053
f 2084 2058 2068
f 2086 2089 2087
f 1944 2079 1953
f 366 1554 570
f 2090 2091 1874
f 2092 2091 2090
f 1570 1953 2079
f 1547 2086 2092
f 1549 2086 1547
f 2084 2068 2093
f 2054 2084 2093
f 588 2094 1554
f 1548 1547 1579
f 2095 2096 2097
f 2065 2094 588
f 1540 2095 1549
f 1540 1539 2095
f 1570 1572 1953
f 1539 2096 2095
f 1561 2079 2073
f 1554 366 588
f 2079 1561 1570
f 1624 1717 1687
f 1624 2054 1717
f 1554 2094 2098
f 1580 1570 1561
f 2099 2047 2049
f 1552 2047 2100
f 2047 2099 2100
f 2100 1550 1552
f 1720 1717 2054
f 2093 1720 2054
f 2101 2065 1982
f 2099 2102 2100
f 2102 2099 2103
f 2100 2102 1550
f 1541 1550 2102
f 2061 2101 1982
f 1569 1541 2102
f 2049 2059 2104
f 2104 2099 2049
f 2103 2099 2104
f 1720 2105 1721
f 2104 2106 2103
f 2103 1569 2102
f 2106 1640 2103
f 2107 1641 1640
f 2108 1928 2107
f 1928 1646 2107
f 1582 1562 1536
f 2061 2109 2101
f 2110 2105 2111
f 2110 1750 2105
f 2109 2112 2101
f 1750 1721 2105
f 2113 2112 2109
f 2110 2114 1750
f 2093 2111 1720
f 2105 1720 2111
f 2115 2111 2093
f 2065 2101 2112
f 2112 2094 2065
f 2116 2110 2111
f 2116 2117 2110
f 2094 2112 2118
f 2067 2119 2068
f 2119 2067 2120
f 2118 2112 2113
f 2115 2093 2068
f 2121 2122 2115
f 2068 2119 2115
f 2061 1982 2025
f 2123 2124 2121
f 2124 2122 2121
f 2125 2124 2123
f 1948 2126 1947
f 2126 2056 1947
f 2127 2115 2122
f 2122 2124 2127
f 2127 2128 2115
f 2124 2129 2127
f 2130 2129 2124
f 2126 1948 1953
f 2125 2130 2124
f 2131 2129 2130
f 2131 2132 2129
f 2115 2128 2111
f 2116 2111 2128
f 2116 2128 2133
f 2025 2056 2062
f 2127 2133 2128
f 2134 2062 2056
f 2129 2133 2127
f 2135 2136 2137
f 2138 2135 2137
f 1983 2139 1977
f 2140 2139 1983
f 2141 2062 2134
f 2142 2138 2139
f 2138 2142 2143
f 2134 2056 2126
f 2142 2144 2143
f 2126 2145 2134
f 2144 2146 2143
f 2126 1953 1572
f 2147 2148 2149
f 2146 2148 2143
f 2150 2149 2146
f 2149 2148 2146
f 2001 2151 2152
f 1983 2011 2140
f 1572 2145 2126
f 1572 1573 2145
f 2142 2139 2140
f 2142 2153 2144
f 2011 2142 2140
f 2153 2142 2011
f 2145 1573 2154
f 1629 2134 2154
f 2155 2144 2153
f 2155 2156 2144
f 2156 2150 2144
f 2156 2149 2150
f 2134 2145 2154
f 2156 2157 2149
f 2158 2155 2159
f 2160 2156 2155
f 1578 2154 1573
f 2154 1578 1629
f 2161 2109 2061
f 2113 2109 2161
f 2160 2157 2156
f 2157 2160 2162
f 2157 2163 2149
f 2163 2164 2149
f 2163 2165 2164
f 2165 2163 2166
f 2113 2161 2167
f 2168 2118 2113
f 2169 2157 2162
f 2163 2157 2169
f 2167 2161 2170
f 2171 2163 2169
f 2166 2163 2171
f 2167 2168 2113
f 2167 2172 2168
f 2167 2173 2172
f 2173 2167 2174
f 2175 2082 2176
f 2167 2170 2174
f 2147 2177 2178
f 2179 2177 2147
f 2180 2179 2147
f 2125 2123 2177
f 2164 2147 2149
f 1645 1895 2174
f 2141 2061 2062
f 2180 2147 2164
f 2141 2161 2061
f 2165 2180 2164
f 2165 2179 2180
f 2181 2161 2141
f 2141 2134 2181
f 2182 2130 2125
f 2179 2125 2177
f 2179 2182 2125
f 2181 2170 2161
f 2183 2130 2182
f 2183 2131 2130
f 2181 2134 1629
f 1629 1631 2181
f 1631 2170 2181
f 2184 2179 2165
f 2184 2182 2179
f 2182 2184 2185
f 2182 2185 2183
f 2186 2183 2185
f 2170 1631 2174
f 1631 1645 2174
f 2187 2188 2184
f 2184 2188 2185
f 2188 2189 2185
f 2188 2190 2189
f 2185 2189 2191
f 1570 1580 1571
f 2187 2184 2166
f 2166 2171 2187
f 2188 2187 2190
f 2098 1553 1554
f 1553 2098 1581
f 2187 2192 2190
f 2193 2098 2118
f 2194 2070 2077
f 2077 2195 2194
f 2098 2193 1581
f 2077 2076 2195
f 2098 2094 2118
f 2196 2070 2194
f 2196 2197 2070
f 2194 2195 2198
f 2194 2198 2196
f 2197 2071 2070
f 2168 2193 2118
f 2199 2196 2198
f 2199 2200 2196
f 2193 2201 1581
f 2202 2203 2200
f 2203 2071 2197
f 2071 2203 2083
f 2196 2200 2197
f 2168 2201 2193
f 2203 2197 2200
f 2200 2199 2204
f 1581 2201 1604
f 2200 2204 2205
f 2206 2207 2204
f 2204 2207 2205
f 2199 2206 2204
f 2208 2209 2210
f 2211 2212 2208
f 2208 2212 2209
f 2168 2172 2201
f 1657 1656 2213
f 2214 2201 2172
f 2215 2216 2217
f 1533 2214 2172
f 2218 2219 2215
f 2220 2213 1656
f 2221 2213 2220
f 2221 2220 1662
f 1604 2201 2214
f 2221 1662 1683
f 2222 2219 2218
f 2221 2222 2218
f 2223 2219 2222
f 1683 2224 2222
f 2221 1683 2222
f 1532 1604 2214
f 1532 1684 1604
f 1732 2224 1683
f 1732 1747 2224
f 2173 1545 2172
f 1533 2172 1545
f 2173 1895 1545
f 2174 1895 2173
f 1532 2214 1533
f 2225 2226 2227
f 2228 2225 2227
f 2225 2229 2226
f 2230 2229 2225
f 1677 2231 2229
f 1676 2231 1677
f 2230 1677 2229
f 1676 2232 2231
f 1665 1885 1663
f 1672 1885 1665
f 2233 1757 1911
f 1670 1672 1665
f 1757 1754 1911
f 1668 1670 1665
f 1668 1685 1670
f 1599 2234 1603
f 2232 1668 1664
f 2235 2236 2237
f 838 2227 829
f 1774 2235 2237
f 1773 2235 1774
f 838 2228 2227
f 1765 2238 2239
f 2240 2228 838
f 2241 1766 2239
f 2242 2241 2239
f 2240 2243 2228
f 2243 2225 2228
f 2242 2239 2238
f 2242 2238 2236
f 2225 2243 2230
f 2235 2242 2236
f 2242 2244 2241
f 1766 2241 2244
f 2245 2230 2243
f 2246 2247 2244
f 2235 2244 2242
f 2235 2246 2244
f 1695 2232 1676
f 1677 2230 1678
f 1678 2230 2248
f 1678 2248 1680
f 2246 2235 2249
f 2249 2235 1773
f 1795 2249 1773
f 1793 2247 2246
f 1694 1695 1676
f 2250 1603 2234
f 1603 2250 1698
f 2234 2251 2250
f 1810 2250 2251
f 2246 2249 2252
f 1698 2250 1701
f 2253 1694 1676
f 2252 1793 2246
f 2254 1676 1680
f 2253 1676 2254
f 2255 2250 1810
f 2255 1701 2250
f 1809 2255 1810
f 2256 1793 2252
f 2256 1792 1793
f 1693 1668 2232
f 1693 1685 1668
f 1715 1714 2257
f 1815 1814 1792
f 2256 1815 1792
f 2258 1714 1701
f 1714 2258 2257
f 2258 1701 2255
f 2249 1794 2252
f 2255 1809 2258
f 1809 1831 2258
f 1794 1802 2252
f 2249 1795 1794
f 2257 1733 1715
f 1673 2259 2063
f 2260 2257 1831
f 1831 2257 2258
f 1802 2256 2252
f 1686 2259 1673
f 2256 1826 1815
f 1802 1826 2256
f 1824 1826 1802
f 2237 2261 1774
f 1738 1729 2262
f 2262 1729 1733
f 1733 2263 2262
f 1784 1774 1785
f 1706 1686 1685
f 2260 1733 2257
f 2260 2263 1733
f 2260 2034 2263
f 885 1836 886
f 1686 1705 2259
f 889 261 884
f 889 885 261
f 1705 1686 1706
f 2034 2260 2035
f 889 1834 885
f 1834 1836 885
f 2264 2259 1705
f 1788 1774 1784
f 2264 2265 2259
f 1712 2264 1705
f 1774 1788 1772
f 1788 1930 1772
f 1601 1600 1632
f 1632 2266 1601
f 1772 1930 1773
f 2267 1601 2266
f 2264 2268 2265
f 283 889 281
f 2266 2269 1761
f 1761 2267 2266
f 889 283 2270
f 1599 1601 2234
f 2270 1834 889
f 2271 1761 2269
f 1773 1796 1795
f 283 2272 2273
f 1930 1796 1773
f 2272 283 727
f 2271 1759 1761
f 1695 1693 2232
f 2270 283 2273
f 2274 2273 2272
f 2275 1796 1930
f 2276 2275 1930
f 1835 1834 1872
f 1834 2270 1872
f 1685 1696 1706
f 1760 1759 1770
f 2277 1872 2270
f 1872 2277 1873
f 2270 2273 2277
f 2275 1807 1796
f 1696 1704 1706
f 1700 2278 1696
f 1704 1696 2278
f 1875 1873 1887
f 1873 2277 1887
f 1711 1704 2278
f 2271 2279 1759
f 2280 2279 1767
f 2277 2273 2274
f 1667 2277 2274
f 2279 2280 1759
f 1768 1770 1759
f 1768 1759 2281
f 2280 2281 1759
f 1802 1801 1824
f 1787 2280 2282
f 1667 1887 2277
f 2281 2280 1787
f 1885 1887 1663
f 2283 1692 1694
f 1766 2280 1767
f 2239 1766 1765
f 1887 1888 1875
f 1801 1796 1807
f 2283 1700 1692
f 2278 1700 2284
f 2247 2282 1766
f 1888 1879 1875
f 2244 2247 1766
f 2284 1711 2278
f 1882 1879 1888
f 1766 2282 2280
f 2283 2284 1700
f 2247 1787 2282
f 2285 2286 2284
f 2286 1711 2284
f 1787 1768 2281
f 1888 1887 1886
f 2285 1711 2286
f 1672 1886 1885
f 1816 1804 1797
f 1704 1712 1705
f 1816 1797 1814
f 1672 1671 1886
f 1822 1883 1816
f 2247 1778 1787
f 1822 1821 1883
f 1793 1778 2247
f 1671 1882 1888
f 1671 1891 1882
f 1813 1822 1816
f 1814 1797 1792
f 1883 1804 1816
f 1712 2287 2288
f 2267 2234 1601
f 1825 1813 1815
f 1826 1825 1815
f 2234 2267 2251
f 1760 2251 2267
f 1833 1813 1825
f 1760 2267 1761
f 1712 2288 2264
f 2251 1817 1810
f 2288 1918 2264
f 1817 2251 1760
f 1810 1817 1812
f 2289 1918 2288
f 1770 1817 1760
f 1817 1770 1771
f 1811 1771 1820
f 1829 1811 1820
f 1711 2287 1712
f 2290 2287 1711
f 2291 1711 2285
f 2291 2290 1711
f 1824 1838 1825
f 1808 1838 1824
f 1839 2260 1831
f 2290 2292 2287
f 1838 1808 2293
f 2292 2288 2287
f 2292 2294 2288
f 2294 2295 2288
f 1876 1833 1838
f 1853 1828 1842
f 2295 2289 2288
f 1838 2293 1876
f 2292 2296 2294
f 1800 2294 2296
f 1853 1839 1828
f 1853 2260 1839
f 2289 2295 1781
f 1967 1808 1807
f 1853 1856 1858
f 1853 1858 2260
f 2035 2260 1858
f 1800 2295 2294
f 1967 2293 1808
f 838 839 2240
f 2090 1874 1870
f 1966 2293 1967
f 1566 2090 1870
f 2293 1966 1973
f 876 878 839
f 839 878 2297
f 2297 2240 839
f 2240 2297 2243
f 1855 1845 1844
f 2248 2230 2245
f 2243 2297 2245
f 1803 1804 1883
f 2298 2248 2245
f 1719 2248 2298
f 1876 2293 1973
f 878 877 2299
f 2299 2297 878
f 1893 1567 1866
f 2300 2298 2299
f 877 891 2300
f 1567 1566 1866
f 877 2300 2299
f 1973 1884 1876
f 2298 2245 2297
f 2301 1880 1883
f 2298 2297 2299
f 1884 1889 1869
f 1880 2301 1866
f 1900 2301 1883
f 1893 2301 1900
f 2301 1893 1866
f 1900 1821 1847
f 2248 1719 1680
f 1923 1788 1912
f 1680 1718 2254
f 1923 1930 1788
f 2302 2303 2254
f 2254 1718 2302
f 1892 2057 1881
f 1892 1881 1882
f 1909 1964 1919
f 1756 1964 1840
f 1892 2059 2057
f 2304 2059 1892
f 893 2300 891
f 1756 1919 1964
f 1939 1919 1756
f 1673 2063 1671
f 2300 893 2305
f 2300 2305 2298
f 1891 2063 1892
f 2298 1725 1719
f 2305 1725 2298
f 2306 1892 2063
f 2063 2259 2306
f 2307 1725 2305
f 2306 2304 1892
f 1726 1725 2307
f 2306 2259 2265
f 1930 1931 2276
f 2305 893 2308
f 2309 1807 2275
f 899 2308 893
f 2308 899 2310
f 2276 2309 2275
f 2307 2305 2308
f 2311 2307 2308
f 1726 2307 2311
f 1932 1923 1922
f 1718 1719 1725
f 1932 1934 1923
f 1725 1727 1718
f 2312 2276 1931
f 1718 1727 2302
f 2276 2312 2309
f 2313 2309 2312
f 1938 2312 1931
f 2314 2313 2312
f 2302 2315 2316
f 2317 2316 2315
f 1755 1939 1756
f 1758 1939 1755
f 1727 2315 2302
f 2318 2018 2004
f 2319 2018 2318
f 1939 1758 1933
f 2319 2019 2018
f 2104 2059 2304
f 2320 2104 2304
f 2320 2304 2306
f 1752 2317 2315
f 2265 2320 2306
f 1727 1752 2315
f 1932 1938 1934
f 2106 2104 2320
f 2027 1738 2262
f 1954 1938 1932
f 2034 2262 2263
f 2034 2029 2262
f 2262 2029 2027
f 1640 1569 2103
f 1638 1569 1640
f 2253 2283 1694
f 2004 2002 2027
f 2029 2004 2027
f 2283 2253 2254
f 1938 2314 2312
f 2318 2004 2029
f 2321 2314 1938
f 2283 2254 2303
f 2265 2106 2320
f 2268 2106 2265
f 2303 2322 2283
f 2029 2034 2030
f 2108 2106 2268
f 2107 2106 2108
f 2283 2285 2284
f 2283 2323 2285
f 2106 2107 1640
f 2324 1938 1954
f 2324 2321 1938
f 2324 1954 1956
f 2322 2323 2283
f 2325 2324 1956
f 2029 2038 2318
f 1807 2309 1967
f 2038 2319 2318
f 2326 2322 2303
f 2316 2303 2302
f 2316 2326 2303
f 2317 2326 2316
f 1967 2309 1960
f 2040 2327 2038
f 1638 1568 1569
f 1568 1638 1637
f 2043 2327 2040
f 2096 2040 2037
f 2313 1961 2309
f 2042 2040 2096
f 2285 2323 2291
f 2309 1961 1960
f 2323 2322 2328
f 2326 2328 2322
f 1741 2328 2326
f 1614 1542 1568
f 1637 1614 1568
f 2329 2323 2328
f 1748 2328 1741
f 1748 2329 2328
f 1637 2330 1614
f 1634 1637 1639
f 1634 2330 1637
f 1617 1543 1614
f 2330 1617 1614
f 1966 1963 1973
f 1618 2266 1632
f 2291 2329 2292
f 2266 1618 1617
f 1617 2269 2266
f 2291 2292 2290
f 2323 2329 2291
f 1617 2330 1634
f 1617 1634 2269
f 1634 1633 2269
f 2296 2292 2329
f 2271 2269 1633
f 1849 2296 2329
f 1972 2331 1884
f 1977 2331 1972
f 1648 1639 1641
f 1646 1641 2107
f 1646 1648 1641
f 2332 2327 2043
f 2333 2332 2043
f 1648 1651 1639
f 1647 1651 1648
f 1657 2333 1655
f 2332 2333 1657
f 1646 2334 1647
f 1936 1647 2334
f 1978 1983 1977
f 1748 1849 2329
f 1857 2085 1858
f 1649 1647 2335
f 1936 2335 1647
f 1565 2092 2090
f 1961 2313 2314
f 2085 2035 1858
f 2085 2088 2030
f 1651 1634 1639
f 1874 2085 1857
f 2091 2085 1874
f 2091 2088 2085
f 2086 2088 2091
f 2336 2028 2088
f 1650 1635 1634
f 2321 1961 2314
f 2087 2336 2088
f 2087 2097 2336
f 2028 2030 2088
f 2321 2337 1961
f 2037 2028 2336
f 1634 1651 1650
f 1653 1635 1650
f 2089 2097 2087
f 2086 2095 2089
f 2095 2086 1549
f 1961 2337 1959
f 1633 2279 2271
f 1742 2326 2317
f 2337 1991 1959
f 2326 1742 1741
f 1653 2279 1635
f 1635 2279 1633
f 2086 2091 2092
f 1579 1547 2092
f 1988 1991 2337
f 2092 1565 1579
f 2279 1653 1654
f 1767 2279 1654
f 2335 1654 1649
f 2037 2336 2097
f 2096 2037 2097
f 1654 2335 2338
f 2089 2095 2097
f 1654 1765 1767
f 1764 1850 1748
f 2339 2321 2324
f 1989 2337 2321
f 2340 2321 2339
f 1752 1742 2317
f 1989 2321 2340
f 2338 1765 1654
f 2042 2333 2043
f 2238 1765 2338
f 1658 2333 2042
f 2042 2096 1539
f 1658 2042 1539
f 1658 1539 1538
f 726 2272 727
f 1658 1655 2333
f 1538 1558 1658
f 2341 2342 726
f 726 2342 2272
f 2274 2272 2342
f 1988 2337 1989
f 2274 2342 2343
f 726 988 2341
f 1850 1849 1748
f 1991 1980 1959
f 1565 2090 1566
f 988 830 2341
f 2226 2342 2341
f 2227 2226 2341
f 1992 1996 2010
f 2343 2342 2226
f 1800 1781 2295
f 1988 1992 1991
f 2343 2226 2229
f 1992 1988 1996
f 1800 1782 1781
f 1667 1663 1887
f 2001 2010 1996
f 1849 1800 2296
f 2152 2011 2010
f 2274 2343 2229
f 2001 2152 2010
f 2229 1667 2274
f 2229 1664 1667
f 1848 1800 1849
f 1659 1658 1558
f 1800 1848 1799
f 2231 1664 2229
f 1656 1659 2220
f 2220 1659 1662
f 2232 1664 2231
f 2227 2341 830
f 830 829 2227
f 1884 2331 2014
f 2137 2014 2331
f 2137 2021 2014
f 2137 2136 2021
f 2344 2021 2136
f 2344 2082 2021
f 1754 1756 1911
f 1918 1917 2268
f 1917 2108 2268
f 1929 2108 1917
f 1928 2108 1929
f 1929 1917 1916
f 2264 1918 2268
f 2289 1916 1918
f 2075 2021 2082
f 1927 2334 1928
f 2082 2345 2067
f 2345 2120 2067
f 2175 2345 2082
f 1928 2334 1646
f 2178 2120 2345
f 1937 1936 2334
f 2346 1937 2334
f 1927 1929 1916
f 2347 1927 1916
f 1927 2346 2334
f 2347 2346 1927
f 2348 2346 2347
f 2346 2348 1937
f 1935 2335 1936
f 2349 1935 1937
f 2338 1935 2350
f 1935 2351 2350
f 2238 2350 2351
f 2351 1935 2349
f 2349 1937 2348
f 2348 2352 2349
f 2121 2119 2120
f 2119 2121 2115
f 2349 2238 2351
f 2236 2238 2349
f 2123 2121 2120
f 2261 2236 2349
f 2237 2236 2261
f 2338 2335 1935
f 2123 2120 2178
f 2177 2123 2178
f 2238 2338 2350
f 2289 2347 1916
f 2289 2353 2347
f 1940 2347 2353
f 2353 2289 1781
f 2348 2347 2354
f 2347 1940 2354
f 1940 2353 1781
f 1946 2354 1940
f 2355 2348 2354
f 1946 2352 2355
f 1946 2355 2354
f 1946 1785 2352
f 1785 1946 1776
f 2355 2352 2348
f 1785 2349 2352
f 1785 2261 2349
f 2138 2137 2331
f 1774 2261 1785
f 2344 2136 2135
f 2331 1977 2139
f 2139 2138 2331
f 2135 2176 2344
f 2138 2176 2135
f 2143 2176 2138
f 2148 2176 2143
f 2159 2153 2011
f 2152 2159 2011
f 2151 2159 2152
f 2159 2155 2153
f 2144 2150 2146
f 2344 2176 2082
f 2175 2178 2345
f 2148 2178 2175
f 2175 2176 2148
f 2178 2148 2147
f 2165 2166 2184
f 2356 2019 2319
f 2327 2319 2038
f 2195 2357 2198
f 2019 2076 2017
f 2019 2358 2076
f 2019 2356 2358
f 2076 2358 2195
f 2327 2356 2319
f 2359 2356 2327
f 2195 2358 2357
f 2360 2357 2358
f 2360 2358 2356
f 2359 2360 2356
f 2361 2357 2360
f 2357 2199 2198
f 2361 2199 2357
f 2361 2206 2199
f 2208 2206 2361
f 2206 2362 2207
f 2208 2362 2206
f 2208 2361 2360
f 2363 2208 2360
f 2359 2363 2360
f 2363 2211 2208
f 2208 2210 2362
f 2364 2359 2327
f 2327 2332 2364
f 2363 2359 2364
f 1657 2365 2332
f 2365 2364 2332
f 2366 2364 2365
f 1657 2213 2365
f 2366 2363 2364
f 2367 2211 2363
f 2363 2366 2367
f 2217 2211 2367
f 2217 2212 2211
f 2216 2212 2217
f 2218 2366 2365
f 2218 2367 2366
f 2218 2365 2213
f 2221 2218 2213
f 2367 2215 2217
f 2218 2215 2367
f 2368 2369 2370
f 2371 2372 2373
f 2374 2375 2372
f 2376 2377 2378
f 2379 2368 2380
f 2371 2381 2372
f 2382 2379 2380
f 2380 2368 2370
f 1065 1061 2383
f 2384 2376 2378
f 2385 2386 2387
f 2388 2389 2382
f 2390 2387 2391
f 1065 2383 2392
f 2392 2383 2393
f 2385 2387 2390
f 2384 2378 2394
f 2395 2380 2396
f 2397 1073 1068
f 2388 2382 2380
f 2395 2388 2380
f 1070 2397 1068
f 2370 2369 2398
f 2399 2391 2400
f 1073 2397 2401
f 1077 1072 1073
f 1073 2401 1077
f 2370 2398 2402
f 2403 2370 2402
f 2404 1076 1077
f 2401 2404 1077
f 2380 2370 2396
f 2405 2404 2401
f 2390 2391 2399
f 2402 2398 2406
f 2407 2404 2405
f 2408 2409 2406
f 1093 1058 1092
f 2403 2402 2406
f 2409 2403 2406
f 2371 2385 2410
f 2396 2370 2403
f 1070 1093 2411
f 1092 2412 1093
f 2411 1093 2412
f 2381 2371 2410
f 2396 2413 2414
f 2415 2411 2412
f 2396 2403 2413
f 2410 2390 2399
f 1092 1051 1065
f 2416 2410 2399
f 2413 2403 2417
f 1065 2392 1092
f 2418 2410 2416
f 2392 2412 1092
f 2419 2420 2421
f 2419 2422 2423
f 2395 2424 2388
f 2374 2372 2425
f 2426 2424 2427
f 2424 2428 2427
f 2429 2376 2384
f 2430 2384 2394
f 2431 2426 2427
f 2432 2420 2425
f 2412 2392 2415
f 2395 2396 2414
f 2424 2395 2428
f 2428 2395 2414
f 2432 2421 2420
f 2433 2415 2434
f 1070 2411 2397
f 2428 2414 2435
f 2436 2419 2421
f 2437 2384 2430
f 2401 2397 2411
f 2427 2428 2435
f 2414 2413 2438
f 2429 2384 2437
f 2401 2411 2405
f 2439 2436 2421
f 2439 2421 2440
f 2438 2435 2414
f 2411 2415 2405
f 2405 2415 2433
f 2429 2437 2441
f 2432 2425 2442
f 2427 2435 2443
f 2444 2427 2443
f 2445 2427 2444
f 2440 2421 2432
f 2446 2447 2448
f 2443 2435 2438
f 2449 2443 2438
f 2450 2440 2432
f 2405 2433 2407
f 2418 2381 2410
f 2442 2372 2381
f 2444 2443 2451
f 2392 2393 2434
f 2442 2381 2418
f 2393 2452 2434
f 2453 2454 2455
f 2446 2448 2456
f 2415 2392 2434
f 2457 2409 2458
f 2457 2458 2459
f 2434 2460 2433
f 2456 2461 2462
f 2463 2434 2452
f 2403 2409 2417
f 2464 2442 2418
f 2417 2409 2457
f 2461 2456 2448
f 2418 2465 2464
f 2466 2413 2417
f 2467 2407 2433
f 2467 2433 2460
f 2468 2469 2470
f 2372 2442 2425
f 2471 2467 2460
f 2432 2442 2472
f 2473 2474 2475
f 2450 2432 2472
f 2449 2413 2466
f 2476 2466 2417
f 2449 2438 2413
f 2450 2472 2464
f 2464 2472 2442
f 2461 2448 2477
f 2478 2461 2477
f 2460 2434 2463
f 2479 2443 2449
f 1525 1430 2480
f 2480 2481 1525
f 2474 2482 2483
f 2484 2461 2478
f 2470 2455 2454
f 2481 2480 2485
f 2470 2454 2483
f 2486 2483 2454
f 2487 2481 2485
f 2485 2488 2489
f 2471 2460 2490
f 2475 2474 2483
f 2475 2483 2491
f 2463 2490 2460
f 2485 2489 2492
f 2478 2477 2493
f 2486 2491 2483
f 2492 2489 2439
f 2454 2494 2486
f 2463 2495 2490
f 2114 1746 1750
f 1746 2114 2496
f 2497 2490 2495
f 2485 2498 2487
f 2498 2485 2492
f 2114 2499 2496
f 2498 2492 2500
f 2501 2497 2495
f 2496 2499 2502
f 2502 2499 2503
f 2497 2501 2504
f 2492 2505 2500
f 628 1139 626
f 2503 2499 2506
f 2117 2114 2110
f 1525 1518 1430
f 1626 1139 628
f 2117 2499 2114
f 2447 2376 2507
f 2506 2499 2117
f 2447 2507 2448
f 1626 2508 1139
f 1524 1525 2509
f 2510 2506 2117
f 2509 1525 2511
f 2511 1525 2481
f 2512 2508 1626
f 2511 2481 2487
f 2513 2503 2506
f 2513 2506 2514
f 1139 2508 2383
f 2383 1061 1139
f 2511 2487 2498
f 2515 2516 2513
f 2507 2376 2429
f 2510 2117 2116
f 2517 2511 2498
f 2512 2383 2508
f 2116 2133 2518
f 2518 2510 2116
f 2519 2510 2518
f 2393 2383 2512
f 2520 2519 2518
f 2521 2510 2519
f 2522 1524 2509
f 2510 2514 2506
f 2514 2510 2521
f 1454 1524 2522
f 1454 2522 1455
f 2523 2133 2129
f 2133 2523 2518
f 2524 2507 2429
f 2507 2524 2477
f 2520 2518 2523
f 2512 1626 1642
f 2132 2523 2129
f 2509 2511 2517
f 2512 1642 2525
f 2132 2520 2523
f 2526 2519 2520
f 2526 2521 2519
f 2522 2509 2517
f 1643 1737 1642
f 2524 2429 2441
f 2512 2525 2527
f 2521 2528 2514
f 2529 1455 2522
f 2507 2477 2448
f 2528 2521 2530
f 2528 2513 2514
f 2515 2513 2531
f 2531 2513 2528
f 2529 2522 2517
f 2529 2517 2532
f 2533 2531 2528
f 2521 2526 2530
f 2512 2527 2393
f 2393 2527 2452
f 2534 2517 2498
f 2534 2498 2500
f 2530 2533 2528
f 2517 2534 2535
f 2530 2536 2533
f 2537 2538 2527
f 2539 2540 2541
f 2534 2500 2542
f 2525 2537 2527
f 2534 2542 2535
f 2533 2543 2531
f 2544 2533 2536
f 2543 2533 2544
f 2543 2544 2545
f 2546 2541 2547
f 2535 2532 2517
f 1642 1737 2525
f 2546 2548 2541
f 2183 2132 2131
f 1737 2549 2525
f 2550 2535 2542
f 2549 2537 2525
f 2186 2132 2183
f 2551 2550 2542
f 2549 2552 2537
f 2551 2542 2553
f 2554 2555 2539
f 2556 2555 2554
f 2191 2186 2185
f 2538 2452 2527
f 2186 2557 2132
f 2186 2558 2557
f 2186 2559 2558
f 2556 2554 2560
f 2561 2538 2537
f 2562 2556 2560
f 2191 2563 2186
f 2564 2560 2554
f 2492 2439 2565
f 2566 2439 2440
f 2557 2520 2132
f 2520 2557 2526
f 2567 2560 2564
f 2565 2439 2566
f 2561 2537 2552
f 2562 2560 2567
f 2568 2526 2557
f 2554 2539 2548
f 2530 2526 2568
f 2539 2541 2548
f 2569 2566 2440
f 2505 2492 2565
f 2536 2530 2568
f 2570 2561 2552
f 2548 2564 2554
f 2571 2536 2568
f 2536 2571 2572
f 2552 2549 2573
f 2573 2570 2552
f 2574 2564 2575
f 2542 2500 2505
f 2558 2568 2557
f 2548 2575 2564
f 2571 2568 2558
f 2571 2558 2559
f 2576 2505 2565
f 2571 2559 2577
f 2561 2570 2578
f 2546 2575 2548
f 2566 2569 2565
f 2579 2565 2569
f 2570 2573 2580
f 2577 2581 2571
f 2581 2572 2571
f 2578 2570 2582
f 2580 2582 2570
f 2583 2584 2585
f 2189 2586 2191
f 2580 2587 2582
f 2586 2189 2588
f 2579 2576 2565
f 2589 2464 2590
f 2591 2567 2564
f 2563 2191 2586
f 2567 2592 2562
f 2590 2593 2589
f 2592 2567 2594
f 2591 2594 2567
f 2595 2559 2563
f 1735 2596 1737
f 2440 2450 2569
f 2597 2591 2598
f 2597 2599 2591
f 2549 1737 2596
f 2586 2595 2563
f 2569 2450 2464
f 2599 2594 2591
f 2594 2599 2600
f 2189 2190 2588
f 2600 2601 2594
f 2601 2600 2602
f 2603 2588 2190
f 2574 2591 2564
f 1749 2596 1735
f 2603 2604 2588
f 2591 2574 2598
f 2589 2569 2464
f 2604 2605 2588
f 2549 2596 2573
f 2604 2606 2605
f 2605 2586 2588
f 2595 2586 2605
f 2605 2606 2595
f 1749 1783 2596
f 2595 2577 2559
f 2574 2575 2583
f 2574 2597 2598
f 2596 1783 2573
f 2579 2569 2607
f 2608 2581 2577
f 2608 2577 2595
f 2569 2589 2609
f 2606 2608 2595
f 2574 2585 2597
f 2574 2583 2585
f 2607 2569 2609
f 2610 2600 2599
f 2600 2610 2602
f 2609 2611 2607
f 2612 2613 2614
f 2615 2452 2538
f 2616 2617 2556
f 2463 2452 2615
f 2562 2616 2556
f 2618 2619 2617
f 2618 2616 2620
f 2616 2618 2617
f 2561 2615 2538
f 2621 2505 2576
f 2620 2616 2562
f 2621 2576 2579
f 2572 2544 2536
f 2622 2505 2621
f 2615 2495 2463
f 2623 2618 2620
f 2495 2615 2624
f 2623 2625 2618
f 2620 2562 2592
f 2626 2545 2544
f 2544 2572 2626
f 2627 2628 2629
f 2505 2622 2553
f 2615 2578 2624
f 2630 2625 2631
f 2632 2628 2625
f 2622 2633 2553
f 2572 2634 2626
f 2578 2635 2624
f 2634 2636 2626
f 2630 2631 2637
f 2553 2633 2638
f 2639 2636 2634
f 2578 2615 2561
f 2626 2640 2545
f 2641 2579 2607
f 2621 2579 2641
f 2642 2643 2640
f 2644 2645 2637
f 2642 2640 2626
f 2646 2647 2642
f 2644 2612 2648
f 2612 2644 2613
f 2642 2626 2646
f 2626 2636 2646
f 2622 2621 2633
f 2584 2649 2585
f 2649 2584 2650
f 2650 2651 2649
f 2635 2578 2582
f 2652 2653 2651
f 2582 2654 2635
f 2597 2655 2599
f 2599 2655 2610
f 2624 2501 2495
f 2597 2585 2655
f 2646 2636 2656
f 2655 2585 2653
f 2624 2635 2501
f 2656 2657 2646
f 2655 2653 2658
f 2659 2660 2608
f 2621 2641 2633
f 2581 2634 2572
f 2649 2653 2585
f 2581 2661 2634
f 2581 2608 2660
f 2662 2602 2610
f 2660 2661 2581
f 2663 2662 2664
f 2661 2639 2634
f 2665 2504 2501
f 2666 2633 2641
f 2653 2652 2658
f 2661 2667 2639
f 2651 2653 2649
f 1075 1076 2668
f 1209 1075 2668
f 2669 2668 1076
f 2658 2652 2670
f 1206 1209 2671
f 1076 2404 2669
f 2669 2404 2407
f 2669 2672 2668
f 2672 2671 2668
f 2666 2638 2633
f 2669 2673 2672
f 2670 2674 2658
f 2666 2675 2638
f 2676 2658 2674
f 2676 2677 2678
f 2679 2652 2651
f 1484 1206 2671
f 2669 2407 2680
f 2679 2670 2652
f 2505 2553 2542
f 2669 2680 2673
f 2661 2660 2667
f 2680 2467 2681
f 2670 2679 2682
f 2670 2682 2674
f 2636 2639 2683
f 2683 2656 2636
f 2684 2672 2673
f 2685 2399 2400
f 2676 2674 2677
f 2400 2431 2685
f 2667 2683 2639
f 2541 2665 2547
f 2673 2680 2681
f 2686 2672 2684
f 2687 2656 2683
f 2684 2688 2686
f 2688 2689 2686
f 2687 2690 2656
f 2467 2680 2407
f 2691 2692 2673
f 2673 2681 2691
f 2693 2681 2467
f 2667 2694 2683
f 2693 2691 2681
f 2695 2685 2431
f 2694 2687 2683
f 2691 2693 2696
f 2692 2684 2673
f 2694 2697 2687
f 2698 2684 2692
f 2699 2399 2685
f 2695 2431 2445
f 2445 2431 2427
f 2699 2685 2700
f 2691 2701 2692
f 2546 2547 2702
f 2698 2688 2684
f 2701 2698 2692
f 2699 2700 2703
f 2702 2704 2546
f 2696 2701 2691
f 2416 2399 2699
f 2705 2445 2444
f 2705 2444 2451
f 2703 2416 2699
f 2704 2575 2546
f 2416 2703 2706
f 2707 2445 2705
f 2685 2695 2708
f 2709 2698 2701
f 2710 2695 2707
f 2704 2583 2575
f 2700 2685 2708
f 2445 2707 2695
f 2709 2711 2698
f 2712 2710 2707
f 2712 2707 2713
f 2714 2703 2700
f 2708 2715 2700
f 2716 2494 2717
f 2716 2486 2494
f 2486 2716 2718
f 2700 2715 2714
f 2462 2704 2702
f 2719 1218 2720
f 2721 2716 2722
f 2719 2720 2723
f 2708 2695 2710
f 2721 2722 2724
f 2710 2715 2708
f 1227 1214 1218
f 2725 2724 2722
f 2726 2724 2725
f 2719 1227 1218
f 2726 2725 2727
f 2728 2729 2723
f 2727 2730 2731
f 2731 2726 2727
f 2583 2704 2732
f 2418 2416 2706
f 2632 2629 2628
f 2693 2467 2471
f 2632 2625 2630
f 2733 2734 2475
f 2735 2418 2706
f 2714 2706 2703
f 2736 2629 2632
f 2475 2491 2737
f 2735 2706 2738
f 2738 2706 2714
f 2739 2740 2711
f 2738 2714 2715
f 2632 2630 2741
f 2718 2491 2486
f 2465 2418 2735
f 2742 2743 2744
f 2745 2491 2718
f 2736 2632 2741
f 2742 2744 2746
f 2747 2748 2735
f 2737 2749 2733
f 2750 2465 2735
f 2749 2745 2751
f 2749 2752 2733
f 2750 2735 2748
f 2745 2718 2721
f 2721 2718 2716
f 2751 2745 2721
f 2747 2735 2738
f 2747 2738 2753
f 2754 2747 2753
f 2751 2721 2724
f 2755 2756 2757
f 2758 2736 2741
f 2752 2756 2733
f 2693 2759 2696
f 2759 2701 2696
f 2758 2741 2760
f 2757 2756 2752
f 2759 2761 2701
f 2701 2761 2709
f 2762 2629 2736
f 2709 2763 2711
f 2761 2763 2709
f 2757 2752 2764
f 2765 2715 2710
f 2738 2715 2765
f 2762 2736 2758
f 2761 2759 2766
f 2637 2645 2630
f 2767 2757 2764
f 2766 2768 2761
f 2765 2710 2712
f 2769 2645 2648
f 2770 2764 2752
f 2753 2738 2765
f 2741 2630 2645
f 2771 2770 2749
f 2766 2772 2773
f 2753 2765 2774
f 2775 2645 2769
f 2776 2771 2751
f 2777 2771 2776
f 2776 2724 2726
f 2648 2612 2778
f 2776 2726 2731
f 2778 2779 2648
f 2780 2693 2471
f 2769 2648 2779
f 2780 2471 2490
f 2781 2754 2753
f 2782 2774 2783
f 2741 2645 2775
f 2782 2753 2774
f 2781 2753 2782
f 2464 2465 2750
f 2784 2770 2785
f 2590 2464 2750
f 2770 2784 2786
f 2777 2776 2731
f 2693 2780 2787
f 2590 2750 2748
f 2777 2770 2771
f 2775 2788 2741
f 2731 2785 2777
f 2785 2731 2789
f 2790 2593 2590
f 2786 2764 2770
f 2779 2791 2792
f 2646 2657 2647
f 2793 2747 2754
f 2769 2779 2792
f 2656 2794 2657
f 2795 2780 2490
f 2775 2769 2792
f 2788 2775 2792
f 2790 2748 2793
f 2748 2790 2590
f 2796 2730 2797
f 2798 2788 2792
f 2795 2490 2497
f 2797 2799 2796
f 2800 2793 2754
f 2793 2800 2790
f 2730 2796 2801
f 2589 2593 2609
f 2693 2787 2759
f 2802 2758 2760
f 2790 2611 2593
f 2801 2796 2803
f 2766 2759 2787
f 2803 2796 2799
f 2690 2794 2656
f 2772 2766 2787
f 2609 2593 2611
f 2690 2804 2794
f 2687 2805 2690
f 2806 2802 2807
f 2805 2804 2690
f 2808 2794 2804
f 2809 2808 2804
f 2810 2809 2804
f 2811 2611 2790
f 2780 2795 2787
f 2805 2812 2804
f 2813 2814 2762
f 2758 2813 2762
f 2687 2697 2805
f 2805 2697 2812
f 2795 2772 2787
f 2772 2795 2540
f 2813 2758 2802
f 2781 2800 2754
f 2810 2804 2815
f 2795 2497 2504
f 2504 2540 2795
f 2816 2800 2781
f 2815 2804 2812
f 2504 2541 2540
f 2790 2800 2811
f 2817 2810 2815
f 2818 2814 2813
f 2819 2757 2767
f 2806 2813 2802
f 2764 2786 2767
f 2820 2813 2806
f 2821 2811 2822
f 2821 2611 2811
f 2773 2772 2823
f 2824 2825 2826
f 2767 2827 2824
f 2760 2741 2788
f 2824 2819 2767
f 2821 2828 2611
f 2823 2772 2555
f 2807 2760 2829
f 2830 2828 2821
f 2555 2772 2539
f 2831 2828 2830
f 2829 2760 2788
f 2832 2786 2784
f 2555 2556 2823
f 2786 2832 2767
f 2772 2540 2539
f 2829 2788 2798
f 2784 2789 2833
f 2829 2798 2834
f 2731 2730 2789
f 2784 2785 2789
f 2801 2789 2730
f 2607 2611 2828
f 2711 2835 2836
f 2835 2837 2836
f 2641 2607 2666
f 2807 2802 2760
f 2768 2763 2761
f 2838 2835 2763
f 2607 2828 2666
f 2839 2832 2833
f 2666 2828 2831
f 2766 2773 2768
f 2784 2833 2832
f 2840 2833 2789
f 2838 2763 2768
f 2807 2841 2806
f 2837 2835 2838
f 2837 2838 2842
f 2842 2843 2837
f 2844 2768 2773
f 2840 2789 2801
f 2844 2838 2768
f 2845 2840 2801
f 2846 2773 2823
f 2844 2773 2846
f 2803 2845 2801
f 2842 2838 2844
f 2847 2829 2834
f 2767 2832 2827
f 2807 2829 2847
f 2617 2844 2846
f 2832 2839 2827
f 2848 2827 2839
f 2849 2807 2847
f 2850 2203 2851
f 2852 2824 2848
f 2203 2202 2851
f 2853 2854 2855
f 2848 2824 2827
f 2850 2080 2083
f 2850 2083 2203
f 2732 2704 2462
f 2843 2842 2856
f 2856 2842 2844
f 2857 2843 2856
f 2858 2462 2461
f 2825 2824 2852
f 2462 2858 2732
f 2846 2823 2556
f 2846 2556 2617
f 2859 2825 2852
f 2850 2851 2860
f 2584 2583 2732
f 2650 2584 2732
f 2852 2848 2861
f 2844 2617 2856
f 2619 2856 2617
f 2430 2850 2860
f 2732 2858 2650
f 2862 2860 2851
f 2863 2857 2628
f 2627 2863 2628
f 2864 2852 2861
f 2205 2202 2200
f 2202 2865 2851
f 2866 2867 2863
f 2650 2858 2868
f 2869 1229 2729
f 2869 2729 2728
f 1230 1229 1497
f 2207 2870 2205
f 2461 2871 2858
f 2872 2873 2845
f 2205 2865 2202
f 2848 2839 2874
f 2833 2873 2839
f 2873 2833 2840
f 2845 2873 2840
f 2851 2865 2875
f 2650 2868 2651
f 2875 2862 2851
f 2874 2839 2873
f 2870 2865 2205
f 2868 2858 2871
f 2876 2877 2878
f 2872 2845 2803
f 2860 2879 2430
f 2880 2873 2872
f 2878 2877 2881
f 2878 2881 2742
f 2878 2742 2746
f 2882 2860 2862
f 2883 2862 2875
f 2883 2882 2862
f 2874 2884 2885
f 2860 2882 2879
f 2873 2880 2884
f 2874 2873 2884
f 2207 2886 2870
f 2461 2484 2871
f 2207 2362 2886
f 2887 2884 2880
f 2870 2886 2888
f 2612 2614 2663
f 2889 2878 2890
f 2861 2848 2874
f 2885 2861 2874
f 2864 2861 2885
f 2891 2892 2893
f 2878 2889 2894
f 2895 2896 2893
f 2897 2898 2899
f 2889 2900 2894
f 2889 2890 2900
f 2901 2893 2896
f 2902 2893 2901
f 2903 2904 2905
f 2868 2906 2651
f 2906 2679 2651
f 2891 2893 2902
f 2907 2876 2894
f 2908 2679 2906
f 2909 2910 2911
f 2868 2871 2906
f 2909 2911 2912
f 2913 2876 2907
f 2914 2903 2909
f 2906 2915 2908
f 2212 2916 2209
f 2917 2909 2918
f 2919 2913 2920
f 2907 2920 2913
f 2921 2919 2920
f 2918 2909 2912
f 2216 2922 2916
f 2876 2878 2894
f 2918 2912 2923
f 2924 2922 2216
f 2925 2922 2924
f 2926 2682 2679
f 2917 2918 2927
f 2894 2900 2928
f 2918 2923 2929
f 2908 2926 2679
f 2920 2894 2928
f 2930 2929 2923
f 2920 2907 2894
f 2924 2216 2215
f 2929 2930 2931
f 2926 2932 2682
f 2933 2682 2932
f 2219 2924 2215
f 1388 2934 1386
f 2928 2900 2935
f 2936 2934 2937
f 2936 2937 2938
f 2908 2915 2926
f 2665 2541 2504
f 2939 2890 2940
f 2941 1386 2942
f 2219 2943 2924
f 2944 2939 2854
f 2945 2942 2936
f 2945 2936 2938
f 2854 2867 2944
f 2941 2942 2945
f 2944 2867 2946
f 2906 2871 2947
f 2900 2890 2939
f 2906 2947 2915
f 2948 2901 2922
f 2484 2947 2871
f 2948 2922 2925
f 2949 2904 2950
f 2950 2904 2903
f 2951 2939 2944
f 2629 2952 2627
f 2953 2938 2949
f 2954 2902 2901
f 2947 2955 2915
f 2946 2866 2956
f 2953 2957 2945
f 2948 2954 2901
f 2866 2863 2627
f 2866 2627 2952
f 2947 2484 2478
f 2953 2949 2958
f 2478 2959 2947
f 2958 2949 2950
f 2956 2866 2952
f 2960 2953 2958
f 2961 2960 2958
f 2962 2946 2956
f 2963 2902 2964
f 2674 2933 2677
f 2902 2954 2964
f 2965 2962 2956
f 2966 2941 2967
f 2897 2678 2898
f 2762 2952 2629
f 2956 2952 2762
f 2968 2933 2932
f 2941 2945 2967
f 2963 2964 2969
f 2970 2971 2968
f 2956 2762 2965
f 2972 2973 2948
f 2966 2967 2974
f 2974 2967 2975
f 2948 2964 2954
f 2935 2900 2939
f 2976 2977 2966
f 2978 2964 2973
f 2976 2966 2974
f 2898 2979 2971
f 2951 2935 2939
f 1491 1481 2977
f 1494 1491 2977
f 2976 2980 2977
f 2980 2976 2974
f 2980 2974 2981
f 2898 2971 2982
f 2964 2978 2969
f 2899 2898 2982
f 2983 2984 2981
f 2985 2935 2951
f 2983 2986 2984
f 2957 2953 2960
f 2985 2951 2987
f 2962 2988 2946
f 2989 2957 2960
f 2957 2989 2975
f 2988 2962 2965
f 2978 2973 2990
f 2991 2988 2965
f 2992 2960 2961
f 2989 2960 2992
f 2971 2970 2982
f 2993 2994 2995
f 2991 2965 2996
f 2992 2961 2997
f 2814 2965 2762
f 2996 2965 2814
f 2998 2999 2993
f 2983 2975 2989
f 2983 2989 2986
f 3000 2987 2991
f 2996 3001 2991
f 3001 3000 2991
f 3002 3003 3004
f 3005 2992 2997
f 3006 2992 3005
f 2899 2982 3007
f 2984 2986 3006
f 2818 2996 2814
f 2818 3001 2996
f 3008 3009 3010
f 2950 2903 2914
f 3011 2950 2914
f 3008 3004 3009
f 2914 2909 2917
f 3012 3004 3008
f 3008 3013 3012
f 3014 2982 2970
f 3011 2914 2917
f 2958 2950 3011
f 3015 2982 3016
f 2969 2999 2963
f 3016 2982 3014
f 2958 3011 3017
f 2573 1783 3018
f 3019 3011 2917
f 2917 3020 3021
f 2917 3021 3019
f 3022 3023 2999
f 2999 2998 2963
f 3024 3022 2969
f 2927 2918 2929
f 3015 3007 2982
f 3022 2999 2969
f 1779 1805 1783
f 2917 2927 3020
f 2929 3025 2927
f 3024 2978 3026
f 3025 3020 2927
f 2978 3024 2969
f 3018 1783 1805
f 2389 3025 2929
f 2389 2929 2931
f 2580 2573 3018
f 2792 2791 3027
f 2791 3028 3027
f 3021 3020 3029
f 3030 2792 3027
f 3031 3021 3029
f 3032 3033 3023
f 2798 2792 3030
f 3019 3021 3031
f 3034 3012 3013
f 3029 3025 2389
f 3035 2580 3018
f 3020 3025 3029
f 3013 3008 3036
f 3036 3008 3010
f 3034 3013 3036
f 3037 3012 3034
f 3029 3038 3039
f 3037 3034 3040
f 3038 3029 2389
f 2580 3035 2587
f 2961 2958 3017
f 2997 2961 3017
f 3041 3017 3011
f 3041 3011 3019
f 3041 3019 3031
f 3030 2899 3042
f 2798 3030 3042
f 3043 2223 2222
f 3042 2899 3007
f 3041 2997 3017
f 3041 3044 2997
f 3043 2943 2223
f 2219 2223 2943
f 3044 3045 2997
f 3046 2834 2798
f 3045 3044 2386
f 2386 3044 2387
f 3047 2943 3043
f 3031 3029 3039
f 3048 3031 3039
f 1806 3049 1805
f 2972 3047 3050
f 1806 2060 3049
f 3041 3031 3048
f 3046 2798 3042
f 3047 3043 3050
f 1805 3035 3018
f 2224 3043 2222
f 3039 3051 3048
f 3038 3051 3039
f 3044 3041 3048
f 3046 3042 3052
f 2587 3035 3053
f 2387 3044 3048
f 2391 2387 3048
f 2224 3054 3043
f 2377 3053 3035
f 3055 3042 3007
f 1805 3049 3035
f 3035 3049 2377
f 2391 3048 3051
f 2875 2865 2888
f 2870 2888 2865
f 2879 2437 2430
f 3054 3056 3043
f 2437 2879 3057
f 3038 2389 2388
f 2441 2437 3057
f 2424 3038 2388
f 3056 3050 3043
f 3038 2424 2426
f 3051 3038 2426
f 2587 3058 2582
f 2654 2582 3058
f 2431 3051 2426
f 3051 2400 2391
f 2400 3051 2431
f 3050 3026 2990
f 3053 3058 2587
f 2977 2980 1494
f 3059 2980 2981
f 3060 2654 3058
f 3057 2879 3061
f 2882 3062 2879
f 3061 2879 3062
f 3059 1494 2980
f 1494 3059 3063
f 1496 1494 3063
f 3064 2981 2984
f 3065 2882 2883
f 2654 2501 2635
f 3062 2882 3065
f 3066 3062 3065
f 3056 3067 3050
f 3068 3069 3070
f 2501 2654 2665
f 3068 3071 3069
f 2888 2883 2875
f 3067 3026 3050
f 3072 2888 3073
f 3067 3074 3026
f 3064 2984 3075
f 3072 2883 2888
f 2984 3076 3075
f 3072 3077 2883
f 3067 3056 3078
f 3076 3006 3079
f 3078 3080 3067
f 2654 3060 2665
f 3081 3072 3073
f 3082 3081 3073
f 3071 3064 3075
f 3083 3071 3075
f 3081 3077 3072
f 3071 3083 3069
f 2978 2990 3026
f 3060 2547 2665
f 3065 3077 3066
f 2422 3076 3084
f 3083 3076 2422
f 2702 2547 3060
f 3083 2422 3085
f 3077 3086 3066
f 3087 3085 2422
f 3088 3089 3070
f 3077 3081 3090
f 3090 3086 3077
f 3091 3092 3070
f 3088 3070 3092
f 3077 3065 2883
f 3093 3088 3092
f 3093 3092 3094
f 1747 3054 2224
f 1428 3088 3095
f 3060 3058 2446
f 2480 1428 3095
f 3096 3081 3082
f 3081 3097 3090
f 2446 3058 3053
f 3081 3096 3097
f 3095 3088 3093
f 2480 3095 3093
f 2493 2959 2478
f 2480 3093 2485
f 3098 3056 3054
f 3094 3091 3087
f 3099 3100 2959
f 3054 1747 3098
f 2446 3053 2447
f 3101 3094 3087
f 3101 3087 2419
f 3102 3103 3104
f 3100 3099 3102
f 2488 3093 3094
f 2485 3093 2488
f 2502 3098 1747
f 3094 2489 2488
f 3105 3102 3099
f 2489 3094 3101
f 3105 3103 3102
f 3101 2419 2436
f 2489 3101 2436
f 2446 2702 3060
f 2489 2436 2439
f 2386 2371 2373
f 3106 2375 3084
f 2375 3106 2373
f 2375 2373 2372
f 3056 3098 3107
f 2441 3108 2524
f 2456 2702 2446
f 3107 3098 3109
f 2702 2456 2462
f 3108 3110 2524
f 3111 3112 3108
f 3112 3113 3108
f 3056 3107 3078
f 3112 3111 3114
f 3053 2377 2447
f 3115 3078 3107
f 3049 2060 2378
f 3057 3061 2441
f 3108 2441 3061
f 3116 3098 2502
f 2378 2060 2394
f 3116 3109 3098
f 3062 3066 3111
f 3109 3117 3107
f 2376 2447 2377
f 3062 3108 3061
f 3108 3062 3111
f 2493 2477 2524
f 3080 3074 3067
f 2493 2524 3110
f 2378 2377 3049
f 3110 3118 2493
f 3113 3119 3118
f 3110 3113 3118
f 3074 3080 3120
f 2493 3118 2959
f 3119 3099 3118
f 3099 2959 3118
f 3074 3024 3026
f 3074 3032 3024
f 3099 3119 3105
f 3113 3112 3119
f 3032 3023 3022
f 3108 3113 3110
f 3074 3121 3032
f 3120 3121 3074
f 3086 3122 3114
f 3122 3123 3124
f 3125 3121 3120
f 3126 3033 3032
f 3121 3126 3032
f 3112 3114 3124
f 3127 3126 3121
f 3128 3126 3127
f 3114 3122 3124
f 3129 3122 3130
f 3129 3123 3122
f 3125 3127 3121
f 3130 3131 3129
f 3132 3128 3127
f 3114 3111 3066
f 3114 3066 3086
f 3090 3122 3086
f 3133 3080 3078
f 3097 3130 3090
f 3122 3090 3130
f 3131 3130 3097
f 3133 3078 3115
f 3112 3124 3119
f 3120 3080 3134
f 3124 3105 3119
f 3134 3125 3120
f 3080 3133 3134
f 3105 3124 3123
f 3105 3123 3135
f 3135 3103 3105
f 3136 3103 3135
f 3137 3115 3117
f 3138 3003 3139
f 3129 3135 3123
f 3140 3133 3115
f 3107 3117 3115
f 2915 2955 3141
f 3137 3140 3115
f 3141 3100 3142
f 3141 2926 2915
f 3141 3142 2926
f 3140 3143 3133
f 3143 3134 3133
f 2926 3142 2932
f 3134 3143 3125
f 2932 3142 3144
f 3145 2968 2932
f 3146 3147 3140
f 3147 3143 3140
f 2932 3144 3145
f 3104 3144 3142
f 2955 3100 3141
f 3148 3127 3125
f 2947 3100 2955
f 3100 2947 2959
f 3148 3132 3127
f 3145 3144 3149
f 3125 3143 3150
f 3102 3104 3100
f 3147 3150 3143
f 3104 3142 3100
f 3104 3103 3151
f 3149 3104 3151
f 3152 3148 3150
f 3149 3144 3104
f 3153 2968 3145
f 3154 3002 3155
f 3156 3139 3157
f 3154 3156 3157
f 3014 2970 3158
f 3158 3159 3014
f 3160 3154 3161
f 3154 3155 3161
f 3160 3161 3162
f 3016 3163 3164
f 3162 3161 3155
f 3159 3163 3016
f 3003 3157 3139
f 3164 3163 3160
f 3165 2919 3166
f 3160 3163 3154
f 3166 2919 2921
f 3167 3165 3166
f 3167 3166 3168
f 2985 2987 3169
f 3000 3169 2987
f 3002 3170 3155
f 3170 3002 3012
f 3169 3000 3171
f 3000 3001 3172
f 3162 3155 3173
f 3170 3173 3155
f 3174 3175 3162
f 3176 3001 2818
f 3172 3001 3176
f 3177 3162 3173
f 3174 3162 3177
f 3178 3169 3171
f 3179 3177 3173
f 3180 3179 3181
f 3171 3000 3182
f 3182 3000 3172
f 3183 3175 3174
f 3184 3174 3177
f 3184 3183 3174
f 3185 3182 3172
f 3179 3184 3177
f 3182 3185 3186
f 3160 3187 3164
f 2923 3171 3188
f 3182 3188 3171
f 3189 3160 3175
f 3160 3189 3187
f 3188 3182 3186
f 3175 3160 3162
f 2923 3188 2930
f 3190 3189 3175
f 3191 2930 3188
f 3187 3189 3192
f 3190 3192 3189
f 2060 1981 2394
f 2394 1981 2069
f 3183 3190 3175
f 3037 3170 3012
f 2394 2069 2080
f 3040 3181 3179
f 3128 3193 3181
f 3183 3184 3190
f 3194 3190 3184
f 2394 2080 2850
f 3184 3195 3194
f 3196 3195 3184
f 3180 3196 3184
f 2850 2430 2394
f 3180 3181 3193
f 3197 3180 3193
f 3198 3197 3193
f 3199 3195 3196
f 3197 3196 3180
f 3197 3199 3196
f 3194 3192 3190
f 1746 2496 1747
f 2496 2502 1747
f 3200 3201 3202
f 2813 2820 2818
f 3203 3204 3201
f 3176 2818 2820
f 3201 3204 3202
f 3185 3176 2820
f 3202 2455 3200
f 3201 3194 3195
f 3195 3203 3201
f 2841 2820 2806
f 3205 3199 3197
f 3206 3199 3205
f 3207 3206 3205
f 3208 3199 3206
f 3185 3172 3176
f 3185 2820 3209
f 3209 2820 3210
f 3208 3204 3203
f 3211 3185 3209
f 3212 2453 3204
f 3212 3204 3208
f 2849 2841 2807
f 3202 2453 2455
f 2453 3202 3204
f 3213 2841 2849
f 2454 2453 2494
f 3208 3203 3199
f 2849 2847 3214
f 3215 3212 3208
f 3206 3215 3208
f 2849 3214 3216
f 3216 3213 2849
f 3217 3215 3206
f 3215 2494 3212
f 2494 2453 3212
f 2717 2494 3215
f 3116 2502 2503
f 3117 3109 3116
f 3218 3213 3216
f 2516 3117 3116
f 2503 2516 3116
f 2820 2841 3210
f 3213 3210 2841
f 3210 3219 3209
f 3220 3117 2516
f 3210 3213 3219
f 3213 3221 3219
f 3186 3185 3222
f 3186 3222 3191
f 3211 3222 3185
f 2513 2516 2503
f 2515 3220 2516
f 3186 3191 3188
f 3222 3223 3191
f 3220 3137 3117
f 3211 3209 3219
f 3223 3222 3211
f 3224 3137 3220
f 2515 3224 3220
f 3223 3211 3225
f 3211 3219 3225
f 3226 3146 3137
f 3224 3226 3137
f 3191 2931 2930
f 3137 3146 3140
f 3227 3191 3223
f 3147 3146 3226
f 3227 2379 2931
f 3228 3147 3226
f 2931 3191 3227
f 3223 3225 2369
f 3227 3223 2369
f 2368 2379 3227
f 3229 3224 2515
f 2369 2368 3227
f 3221 3213 3218
f 3230 3226 3224
f 3226 3230 3228
f 3231 3221 3218
f 3231 3218 2408
f 3218 3232 2408
f 3229 3230 3224
f 3233 3219 3221
f 3233 3225 3219
f 3234 3147 3228
f 3147 3234 3150
f 3231 3233 3221
f 2369 3225 3233
f 2398 2369 3233
f 3235 3234 3228
f 2398 3233 3231
f 3230 3235 3228
f 3235 3236 3237
f 2406 3231 2408
f 2406 2398 3231
f 2531 3229 2515
f 2543 3229 2531
f 3007 3015 3055
f 3229 3238 3230
f 3055 3015 3239
f 3016 3164 3015
f 2543 3238 3229
f 3239 3015 3164
f 3240 3238 2543
f 2545 3240 2543
f 3241 3055 3239
f 3235 3230 3236
f 3240 3236 3230
f 3240 3230 3238
f 3187 2469 3164
f 3242 3237 3236
f 3242 3236 3240
f 3214 2834 3046
f 3214 3046 3052
f 3214 2847 2834
f 2640 3240 2545
f 2643 3240 2640
f 2643 3242 3240
f 3243 3242 2643
f 3243 3244 3242
f 3245 3214 3052
f 2642 3243 2643
f 3243 2647 3244
f 3246 3216 3245
f 3245 3216 3214
f 2642 2647 3243
f 3206 3207 3217
f 3218 3216 3246
f 3247 3217 3207
f 3247 3207 3248
f 3249 3248 3207
f 3052 3250 3245
f 3248 3237 3251
f 3250 3052 3241
f 3252 3253 3251
f 3215 3254 2717
f 3052 3042 3055
f 3052 3055 3241
f 3254 3215 3217
f 3255 2717 3254
f 3247 3254 3217
f 3247 3255 3254
f 2717 2722 2716
f 3232 3218 3246
f 3256 3255 3257
f 3255 2722 2717
f 3255 3256 2722
f 3232 3246 3258
f 3252 3237 3242
f 3252 3251 3237
f 3252 3259 3253
f 3260 3259 3252
f 3246 3245 3250
f 3258 3246 3250
f 3261 3258 3250
f 3256 2725 2722
f 2727 2725 3256
f 2408 3232 2409
f 2409 3232 2458
f 3244 2657 3262
f 2458 3232 3258
f 3244 2647 2657
f 2458 3261 2459
f 2458 3258 3261
f 3241 3263 3250
f 3241 2469 3263
f 3261 3250 3263
f 3241 3239 2469
f 2382 2931 2379
f 2382 2389 2931
f 2385 2390 2410
f 3264 2470 3187
f 3264 2455 2470
f 2420 2423 2374
f 2423 2420 2419
f 2459 2468 2457
f 2457 2468 2482
f 2420 2374 2425
f 2476 2417 2457
f 2476 2457 2482
f 2468 2483 2482
f 2483 2468 2470
f 2466 2476 2482
f 2482 2474 2466
f 2473 2466 2474
f 2473 2449 2466
f 2479 2449 2473
f 2479 3265 2451
f 2443 2479 2451
f 2592 3266 2620
f 2601 2592 2594
f 2592 2601 3266
f 2613 2602 2614
f 2563 2559 2186
f 2625 2628 2857
f 2618 2625 2619
f 2631 2623 3267
f 2625 2623 2631
f 2623 2620 3267
f 3267 2620 3266
f 3267 2637 2631
f 2644 3267 3266
f 1209 2668 2671
f 2644 2637 3267
f 1483 1206 1484
f 2602 3266 2601
f 3266 2613 2644
f 2613 3266 2602
f 1484 2671 2686
f 2686 2671 2672
f 2686 3268 1484
f 2689 2688 2740
f 2689 3268 2686
f 2655 2658 2610
f 2662 2614 2602
f 2662 2663 2614
f 2698 2740 2688
f 2689 2740 2743
f 2610 2676 2662
f 2610 2658 2676
f 2664 2662 2676
f 2698 2711 2740
f 3265 2705 2451
f 2707 2705 3265
f 3269 2707 3265
f 1484 1218 1217
f 2713 2707 3269
f 1218 1484 3268
f 2720 1218 3268
f 3270 2712 2713
f 2713 3269 3271
f 3270 2713 3271
f 2689 2720 3268
f 2720 2689 2743
f 2723 2729 2719
f 1229 1227 2719
f 1229 2719 2729
f 3265 2479 2734
f 2765 2712 3270
f 2734 2479 2473
f 2740 2739 2743
f 2734 2473 2475
f 2836 2739 2711
f 2765 2783 2774
f 2783 2765 3270
f 3269 3265 2734
f 2783 3270 3271
f 2720 2743 2723
f 2816 2782 2783
f 3271 3272 2783
f 3273 2728 2723
f 2881 3273 2742
f 2742 3273 2723
f 3273 2881 2728
f 2747 2793 2748
f 2491 2745 2737
f 2723 2743 2742
f 2744 2743 2739
f 2475 2737 2733
f 2749 2737 2745
f 2644 2648 2645
f 2744 2739 2836
f 3274 2744 2836
f 2746 2744 3274
f 2778 2612 3028
f 2816 2781 2782
f 2755 3269 2756
f 2755 3271 3269
f 2734 2733 2756
f 2756 3269 2734
f 3272 2816 2783
f 3272 3271 2755
f 3275 2816 3272
f 2779 2778 2791
f 2791 2778 3028
f 2800 3276 2811
f 3276 2800 2816
f 3276 2816 3277
f 2771 2749 2751
f 2749 2770 2752
f 2776 2751 2724
f 3277 2816 3275
f 3275 3272 3278
f 2826 3278 3272
f 3278 3277 3275
f 3279 3277 3278
f 2777 2785 2770
f 2794 3280 2657
f 2808 3280 2794
f 3281 3280 2808
f 2799 2797 3282
f 3281 2799 3282
f 3280 3281 3282
f 2809 3281 2808
f 3283 2799 3281
f 2763 2835 2711
f 2822 2811 3276
f 3276 3279 2822
f 3279 3276 3277
f 2836 2837 3274
f 3283 3281 2809
f 2803 2799 3283
f 3274 2940 2746
f 2810 3283 2809
f 2940 3274 2855
f 3283 2872 2803
f 2837 2843 2853
f 2830 2821 2822
f 2855 3274 2837
f 2837 2853 2855
f 3279 3284 2822
f 2830 2822 3284
f 3285 2810 2817
f 2897 2663 2664
f 3285 3283 2810
f 2854 2940 2855
f 3284 3286 2830
f 3286 3284 3287
f 3285 3288 3283
f 3288 2872 3283
f 3289 3284 3279
f 3028 2663 2897
f 2664 2676 2678
f 2755 2819 3272
f 3279 3290 3289
f 2755 2757 2819
f 2664 2678 2897
f 2819 2826 3272
f 2843 2863 2853
f 2843 2857 2863
f 3284 3289 3287
f 2619 2857 2856
f 2899 3030 3027
f 2857 2619 2625
f 2824 2826 2819
f 2867 2853 2863
f 3279 3278 2825
f 2853 2867 2854
f 3290 3279 2825
f 2859 3290 2825
f 1497 1229 2869
f 2826 2825 3278
f 2869 2877 1497
f 2877 2869 2881
f 2728 2881 2869
f 2678 2979 2898
f 2979 2678 2677
f 2933 2674 2682
f 1257 1252 1497
f 2979 2677 2933
f 2979 2933 2968
f 3291 1497 2877
f 2971 2979 2968
f 2896 2362 2210
f 2895 2362 2896
f 3292 3073 2888
f 2886 3292 2888
f 2362 3292 2886
f 2878 2746 2890
f 2890 2746 2940
f 2362 2895 3292
f 2895 2892 3292
f 3168 3166 3293
f 2905 3168 3293
f 3293 3294 2905
f 3167 3168 3295
f 3295 3168 3296
f 2934 3167 3295
f 1257 1497 3291
f 2916 2210 2209
f 2901 2896 2210
f 2916 2901 2210
f 2876 3291 2877
f 3291 1505 1257
f 2934 3295 2937
f 3297 2937 3295
f 3291 2876 2913
f 3291 1501 1505
f 1499 1505 1501
f 3168 2905 3296
f 3292 3082 3073
f 1501 3291 2913
f 2905 2904 3296
f 2892 3082 3292
f 2892 3096 3082
f 3297 3295 3296
f 3297 3296 2904
f 2895 2893 2892
f 2937 3297 2904
f 3028 2612 2663
f 2910 2903 2905
f 3298 2892 2891
f 3027 3028 2897
f 3299 3300 3294
f 3299 3169 3300
f 3178 3300 3169
f 2897 2899 3027
f 2891 2963 2998
f 3294 3300 2910
f 2910 2905 3294
f 2921 2920 3301
f 2911 3300 3178
f 3301 2920 2928
f 3301 2928 2935
f 2910 3300 2911
f 2911 3178 2912
f 3302 3301 2935
f 2216 2916 2212
f 2909 2903 2910
f 2939 2940 2854
f 2912 3178 3171
f 2912 3171 2923
f 2948 2925 2972
f 2943 2972 2924
f 2972 2925 2924
f 3047 2972 2943
f 2951 2944 2946
f 2934 2942 1386
f 3050 2973 2972
f 2866 2946 2867
f 2942 2934 2936
f 2901 2916 2922
f 2941 1389 1386
f 2945 2957 2967
f 2946 2987 2951
f 2987 2946 2988
f 2904 2949 2937
f 2891 2902 2963
f 2938 2937 2949
f 3302 2935 2985
f 3298 3096 2892
f 3303 3097 3096
f 3298 3303 3096
f 2995 3303 3298
f 2945 2938 2953
f 2973 2964 2948
f 1389 2941 2966
f 1481 1389 2966
f 2991 2987 2988
f 2967 2957 2975
f 2966 2977 1481
f 3304 2995 3298
f 2891 3304 3298
f 3136 3151 3103
f 3304 2993 2995
f 2974 2983 2981
f 2975 2983 2974
f 2998 3304 2891
f 2993 3304 2998
f 2989 2992 2986
f 2994 2993 3009
f 3006 2986 2992
f 3005 3305 3006
f 3009 3306 2994
f 3009 3004 3306
f 2993 3010 3009
f 3004 3012 3002
f 3097 3303 3131
f 3303 3307 3131
f 3305 3005 2997
f 2995 3307 3303
f 3045 3305 2997
f 3307 3308 3131
f 3308 3129 3131
f 3023 3010 2993
f 2994 3307 2995
f 2994 3306 3307
f 3033 3010 3023
f 3023 2993 2999
f 3308 3136 3135
f 3135 3129 3308
f 3138 3136 3308
f 3063 3059 3068
f 2981 3064 3059
f 3003 3138 3309
f 3064 3068 3059
f 3071 3068 3064
f 3036 3040 3034
f 3307 3306 3308
f 3309 3138 3308
f 3308 3306 3309
f 3070 3063 3068
f 1427 1496 3063
f 3309 3306 3004
f 3089 1427 3063
f 3089 3063 3070
f 3010 3033 3036
f 3003 3309 3004
f 3033 3126 3036
f 3091 3070 3069
f 3076 2984 3006
f 3126 3040 3036
f 3040 3128 3181
f 3128 3040 3126
f 3305 3079 3006
f 3084 3079 3305
f 3079 3084 3076
f 3075 3076 3083
f 3091 3069 3083
f 3083 3087 3091
f 3087 3083 3085
f 3145 3310 3153
f 2423 2422 3084
f 3149 3151 3310
f 3311 3310 3151
f 3149 3310 3145
f 1427 3089 1428
f 3094 3092 3091
f 3159 3310 3312
f 3312 3310 3311
f 3050 2990 2973
f 1428 3089 3088
f 1430 1428 2480
f 2968 3153 2970
f 3158 3153 3310
f 3158 2970 3153
f 3087 2422 2419
f 3311 3151 3136
f 3312 3311 3139
f 2371 2386 2385
f 3158 3310 3159
f 3106 3305 3045
f 3084 3305 3106
f 2386 3106 3045
f 2373 3106 2386
f 3156 3312 3139
f 2423 3084 2375
f 3156 3159 3312
f 3159 3156 3163
f 2423 2375 2374
f 3154 3163 3156
f 3016 3014 3159
f 3311 3136 3138
f 3139 3311 3138
f 3032 3022 3024
f 1507 1501 3165
f 1501 2913 3165
f 1507 1500 1501
f 3165 2913 2919
f 1362 1507 3165
f 1361 1507 1362
f 1362 3165 3167
f 3293 3166 2921
f 3150 3148 3125
f 3293 2921 3301
f 3301 3302 3293
f 3294 3293 3302
f 3294 3302 3299
f 2934 1362 3167
f 1388 1362 2934
f 3299 3302 2985
f 3157 3002 3154
f 3157 3003 3002
f 3169 3299 2985
f 3180 3184 3179
f 3037 3179 3173
f 3037 3173 3170
f 3037 3040 3179
f 3132 3193 3128
f 3198 3193 3132
f 3199 3203 3195
f 3192 3200 3187
f 3194 3200 3192
f 3201 3200 3194
f 3264 3187 3200
f 2455 3264 3200
f 3198 3205 3197
f 3205 3198 3132
f 3148 3205 3132
f 3249 3205 3148
f 3148 3152 3249
f 3207 3205 3249
f 2469 3239 3164
f 3234 3152 3150
f 3187 2470 2469
f 3237 3152 3234
f 3237 3234 3235
f 3253 3247 3248
f 3313 3261 3263
f 3313 3263 2469
f 2459 3313 2468
f 3313 2469 2468
f 2459 3261 3313
f 3253 3248 3251
f 3255 3247 3253
f 3257 3255 3253
f 3152 3248 3249
f 3237 3248 3152
f 3252 3242 3260
f 3253 3259 3257
f 3244 3260 3242
f 3260 3244 3314
f 3314 3259 3260
f 3256 3257 3259
f 3256 3259 2727
f 2797 2727 3259
f 2727 2797 2730
f 3244 3262 3314
f 2797 3259 3314
f 3282 3314 3262
f 2797 3314 3282
f 3262 2657 3280
f 3280 3282 3262
f 3315 3316 690
f 3317 3318 3319
f 3320 3321 3322
f 3315 3323 3316
f 3324 3320 3322
f 3325 3326 3327
f 3328 3329 3330
f 3325 3331 3332
f 3325 3327 3331
f 3332 3333 3325
f 3334 3335 3336
f 3330 3337 3338
f 3339 3337 3330
f 3328 3330 3338
f 3340 3341 3342
f 3343 3344 3345
f 3343 3346 3344
f 3330 3329 3347
f 3348 3346 3343
f 3349 3341 3340
f 3347 3350 3330
f 3350 3347 3351
f 3350 3351 3352
f 3353 3354 3355
f 3356 3354 3353
f 3350 3339 3330
f 3357 3358 3359
f 3353 3355 3360
f 3349 3361 3362
f 3361 3363 3362
f 3364 3353 3360
f 3365 3366 3355
f 3354 3365 3355
f 3367 3368 3369
f 3363 3370 3362
f 3367 3371 3368
f 3372 3373 3365
f 3320 3374 3321
f 3375 3376 3377
f 3374 3320 3378
f 3379 3363 3361
f 3380 3363 3379
f 3381 3382 3369
f 3383 3374 3378
f 3382 3334 3336
f 3378 3384 3383
f 3385 3386 3337
f 3381 3334 3382
f 3357 3359 3316
f 3385 3337 3339
f 3387 3366 3382
f 3366 3367 3382
f 3365 3367 3366
f 3372 3365 3388
f 3388 3365 3354
f 3380 3379 3326
f 3389 3339 3350
f 3390 3326 3379
f 3365 3373 3367
f 3339 3389 3385
f 3391 3358 3357
f 3392 3380 3326
f 3393 3389 3350
f 3394 3392 3326
f 3355 3366 3387
f 3395 3356 3396
f 3356 3395 3388
f 3393 3352 3397
f 3398 3399 3396
f 3395 3396 3399
f 3399 3400 3401
f 3402 3352 3403
f 3352 3402 3397
f 3404 3405 3406
f 3407 3408 3364
f 3364 3409 3407
f 3357 3316 3410
f 3411 3412 3402
f 3388 3354 3356
f 3402 3412 3413
f 3414 3404 3415
f 3396 3356 3408
f 3408 3398 3396
f 3416 3405 3404
f 3416 3404 3414
f 3407 3398 3408
f 3416 3414 3417
f 3418 3414 3370
f 3364 3408 3353
f 3353 3408 3356
f 3419 3397 3402
f 3414 3418 3417
f 3420 3421 3422
f 3423 3424 3425
f 3423 3426 3424
f 3397 3419 3393
f 3427 3424 3421
f 3428 3405 3416
f 3425 3424 3427
f 3421 3424 3422
f 3429 3416 3417
f 3413 3419 3402
f 3430 3431 3432
f 3427 3432 3425
f 3428 3429 3433
f 3428 3416 3429
f 3434 3357 3410
f 3431 3435 3425
f 3432 3431 3425
f 3417 3436 3437
f 3434 3410 3438
f 3435 3423 3425
f 3419 3413 3439
f 3440 3441 3395
f 3442 3419 3439
f 3437 3429 3417
f 3393 3350 3352
f 3388 3395 3372
f 3429 3437 3443
f 3372 3395 3444
f 3445 3443 3437
f 3323 3410 3316
f 3446 3429 3443
f 3441 3444 3395
f 3444 3345 3447
f 3448 3377 3447
f 3446 3443 3449
f 3449 3443 3450
f 3345 3444 3441
f 3419 3442 3393
f 3333 3451 3325
f 3345 3344 3448
f 3447 3345 3448
f 3444 3373 3372
f 3452 3453 3454
f 3455 3410 3323
f 3444 3447 3373
f 3333 3456 3451
f 3457 3440 3399
f 3440 3343 3441
f 3458 3459 3457
f 3410 3455 3438
f 3418 3363 3392
f 3453 3460 3461
f 3380 3392 3363
f 3399 3401 3457
f 3462 3418 3392
f 3370 3363 3418
f 3453 3461 3463
f 3457 3343 3440
f 3457 3348 3343
f 3457 3459 3348
f 700 696 705
f 3399 3440 3395
f 3460 3453 3452
f 3383 3460 3452
f 3460 3383 3464
f 3430 3465 3466
f 3467 3392 3394
f 3468 3430 3466
f 3386 3385 3469
f 3470 3468 3466
f 3466 3471 3470
f 3469 3385 3472
f 3473 3430 3468
f 3474 3430 3473
f 3462 3392 3467
f 3472 3385 3389
f 3468 3475 3473
f 3315 705 3476
f 3477 3475 3468
f 3478 3476 705
f 3343 3345 3441
f 3479 3462 3467
f 3480 3477 3468
f 3478 705 706
f 3481 3477 3480
f 3470 3480 3468
f 3436 3417 3418
f 3482 3483 3480
f 3480 3483 3481
f 3460 3464 3484
f 3462 3436 3418
f 3436 3462 3485
f 3478 706 3486
f 3480 3470 3482
f 3437 3436 3445
f 3485 3445 3436
f 3427 3421 3465
f 3462 3487 3485
f 3488 3315 3476
f 3421 3471 3465
f 3488 3323 3315
f 3451 3394 3326
f 3442 3439 3489
f 3451 3326 3325
f 3420 3490 3421
f 3471 3421 3490
f 3389 3393 3491
f 3442 3491 3393
f 3451 3492 3394
f 3488 3476 3493
f 3467 3394 3492
f 3494 3490 3495
f 3492 3451 3496
f 3430 3432 3465
f 3432 3427 3465
f 3467 3492 3479
f 3478 3486 3493
f 3431 3430 3474
f 3471 3466 3465
f 3491 3497 3389
f 3478 3493 3476
f 3456 3496 3451
f 3456 3498 3496
f 3487 3462 3479
f 3479 3499 3500
f 3470 3471 3501
f 3442 3489 3502
f 3471 3490 3494
f 3442 3503 3491
f 3494 3501 3471
f 3504 3445 3485
f 3487 3504 3485
f 3505 3506 3507
f 3504 3487 3508
f 3504 3443 3445
f 3491 3509 3497
f 3510 3511 3512
f 3479 3500 3487
f 3500 3508 3487
f 3491 3503 3509
f 3486 3513 3493
f 3514 3509 3503
f 3503 3442 3502
f 3504 3450 3443
f 3515 3516 3517
f 3518 3515 3517
f 3513 3486 3519
f 3517 3520 3518
f 3521 3449 3450
f 3508 3521 3504
f 3521 3450 3504
f 3522 3518 3520
f 3500 3499 3508
f 3523 3508 3499
f 3323 3488 3455
f 3515 3518 3524
f 3525 3524 3518
f 3525 3518 3522
f 3492 3526 3479
f 3527 3510 3528
f 3499 3479 3526
f 3496 3526 3492
f 3455 3488 3529
f 3498 3526 3496
f 3530 3531 3527
f 3532 3531 3530
f 3488 3493 3529
f 3533 3534 3535
f 3536 3524 3525
f 3499 3526 3537
f 3537 3498 3538
f 3498 3537 3526
f 3532 3530 3539
f 3529 3493 3540
f 3537 3538 3541
f 3438 3455 3542
f 3543 3544 3545
f 3542 3455 3529
f 3523 3499 3537
f 3544 3543 3546
f 3541 3523 3537
f 3547 3548 3549
f 3550 3449 3521
f 3548 3547 3551
f 3544 3535 3552
f 3550 3521 3553
f 3554 3508 3523
f 3547 3549 3555
f 3555 3556 3557
f 3541 3554 3523
f 3547 3555 3557
f 3521 3508 3554
f 3542 3529 3558
f 3535 3544 3559
f 3521 3554 3560
f 3521 3560 3553
f 3547 3557 3561
f 3540 3493 3513
f 3562 3560 3563
f 3562 3553 3560
f 3551 3547 3561
f 3559 3546 3564
f 3541 3538 3565
f 3559 3533 3535
f 3566 3551 3561
f 3538 3567 3568
f 3568 3565 3538
f 3566 3569 3551
f 3565 3568 3570
f 3569 3571 3551
f 3572 3571 3569
f 3544 3546 3559
f 3560 3541 3565
f 3541 3560 3554
f 3573 3387 3574
f 3513 3519 3575
f 3576 3577 3578
f 3573 3574 3578
f 3578 3577 3573
f 3576 3578 3579
f 3575 3580 3513
f 3364 3581 3409
f 3582 3529 3540
f 3558 3529 3582
f 3564 3533 3559
f 3583 3584 3585
f 3563 3560 3565
f 3586 3563 3565
f 3360 3573 3577
f 3355 3573 3360
f 3573 3355 3387
f 3587 3582 3540
f 3570 3586 3565
f 3588 3564 3589
f 3570 3590 3586
f 3581 3360 3577
f 3581 3364 3360
f 3576 3585 3577
f 3577 3585 3581
f 3576 3583 3585
f 3540 3513 3587
f 3587 3513 3580
f 3563 3586 3590
f 3591 3592 3593
f 3594 3562 3563
f 3595 3593 3596
f 3597 3595 3596
f 3598 3589 3599
f 3590 3594 3563
f 3589 3564 3546
f 3596 3593 3592
f 3599 3589 3546
f 3592 3591 3600
f 3532 3601 3579
f 3588 3589 3602
f 3570 3603 3590
f 3579 3601 3576
f 3604 3590 3603
f 3605 3588 3606
f 3602 3606 3588
f 3587 3580 3607
f 3608 3601 3609
f 3609 3601 3548
f 3609 3610 3608
f 3583 3576 3601
f 768 706 756
f 3583 3601 3608
f 3590 3611 3612
f 3590 3604 3611
f 3598 3602 3589
f 3598 3613 3602
f 3486 706 768
f 3612 3594 3590
f 3612 3611 3614
f 3600 3615 3592
f 3606 3602 3613
f 3615 3616 3592
f 3617 3615 3600
f 3346 3348 3618
f 3619 3615 3620
f 3617 3620 3615
f 3621 3618 3459
f 3348 3459 3618
f 3620 3617 3622
f 3618 3623 3346
f 3623 3624 3346
f 3617 3625 3622
f 3623 3618 3621
f 3382 3574 3387
f 3626 3627 3628
f 3629 3579 3578
f 3630 3631 3632
f 3596 3592 3616
f 3632 3633 3630
f 3596 3616 3597
f 3519 3486 768
f 3634 3632 3631
f 3413 3412 3635
f 3635 3412 3534
f 3532 3579 3629
f 3636 3473 3475
f 3636 3633 3632
f 3539 3601 3532
f 3637 3638 3391
f 3475 3477 3639
f 3640 3475 3639
f 3548 3539 3549
f 3539 3548 3601
f 3641 3639 3481
f 3642 3641 3481
f 3641 3627 3639
f 3627 3640 3639
f 3477 3481 3639
f 3481 3483 3642
f 3635 3439 3413
f 3635 3643 3439
f 3644 3637 3391
f 3645 3453 3463
f 3533 3635 3534
f 3644 3391 3646
f 3647 3645 3463
f 3648 3597 3616
f 3643 3635 3533
f 3615 3619 3616
f 3391 3357 3646
f 3643 3489 3439
f 3616 3619 3648
f 3648 3619 3649
f 3646 3357 3650
f 3651 3652 3653
f 3654 3655 3656
f 3651 3656 3652
f 3657 3597 3648
f 3643 3658 3489
f 3659 3654 3656
f 3660 3657 3648
f 3661 3637 3644
f 3384 3464 3383
f 3657 3660 3662
f 3663 3664 3384
f 3665 3643 3533
f 3464 3384 3664
f 3660 3648 3649
f 3664 3484 3464
f 3666 3644 3646
f 3664 3667 3668
f 3660 3649 3669
f 3564 3665 3533
f 3670 3484 3664
f 3668 3670 3664
f 3643 3665 3658
f 3666 3646 3650
f 3665 3564 3588
f 3671 3593 3426
f 3672 3673 3674
f 3672 3675 3676
f 3426 3595 3422
f 3650 3357 3434
f 3422 3424 3426
f 3595 3426 3593
f 3502 3489 3658
f 3672 3624 3623
f 3676 3624 3672
f 3641 3628 3627
f 3677 3628 3642
f 3678 3671 3423
f 3426 3423 3671
f 3623 3673 3672
f 3626 3679 3680
f 3681 3682 3658
f 3591 3593 3671
f 3679 3626 3683
f 3628 3677 3626
f 3684 3677 3642
f 3626 3677 3683
f 3605 3681 3665
f 3676 3685 3686
f 3678 3423 3687
f 3678 3687 3688
f 3675 3685 3676
f 3681 3658 3665
f 3422 3595 3420
f 3420 3595 3689
f 3517 3690 3520
f 3683 3677 3684
f 3684 3691 3683
f 3438 3542 3692
f 3693 3691 3684
f 3694 3683 3691
f 3595 3597 3689
f 3682 3502 3658
f 3695 3691 3693
f 3691 3696 3694
f 3691 3695 3696
f 3503 3502 3682
f 3697 3542 3558
f 3672 3674 3698
f 3692 3542 3697
f 3698 3675 3672
f 3495 3689 3699
f 3490 3420 3689
f 3495 3490 3689
f 3698 3700 3675
f 3700 3698 3701
f 3702 3703 3704
f 3698 3705 3701
f 3706 3702 3704
f 3679 3683 3702
f 3694 3702 3683
f 3689 3597 3699
f 3706 3679 3702
f 3665 3588 3605
f 3703 3694 3707
f 3703 3702 3694
f 3699 3597 3657
f 3708 3709 3710
f 3711 3708 3710
f 3712 3681 3605
f 3713 3714 3715
f 3715 3716 3717
f 3718 3719 3720
f 3721 3722 3723
f 3710 3722 3721
f 3724 3685 3675
f 3725 3609 3548
f 3700 3724 3675
f 3726 3651 3653
f 3727 3659 3656
f 3728 3619 3729
f 3730 3731 3695
f 3729 3732 3728
f 3733 3732 3729
f 3734 3725 3548
f 3548 3551 3734
f 3735 3736 3659
f 3724 3715 3714
f 3735 3737 3736
f 3738 3609 3725
f 3734 3739 3725
f 3727 3656 3651
f 3740 3741 3742
f 3732 3733 3743
f 3732 3743 3744
f 3745 3704 3703
f 3746 3744 3743
f 3707 3747 3745
f 3742 3748 3749
f 3750 3669 3728
f 3751 3752 3753
f 3716 3700 3701
f 3715 3700 3716
f 3701 3754 3716
f 3728 3732 3755
f 3750 3728 3755
f 3756 3704 3745
f 3747 3756 3745
f 3750 3755 3757
f 3704 3756 3758
f 3755 3732 3744
f 3745 3703 3707
f 3707 3694 3696
f 3696 3747 3707
f 3731 3747 3696
f 3735 3659 3727
f 3731 3696 3695
f 3619 3620 3729
f 3759 3760 3761
f 3729 3620 3622
f 3715 3724 3700
f 3729 3622 3733
f 3762 3756 3747
f 3762 3747 3763
f 3733 3622 3764
f 3622 3625 3764
f 3762 3763 3765
f 3766 3767 3768
f 3649 3619 3728
f 3769 3747 3770
f 3649 3728 3669
f 3769 3763 3747
f 3747 3731 3770
f 3770 3731 3771
f 3726 3653 3463
f 3761 3760 3768
f 3772 3768 3760
f 3771 3731 3730
f 3771 3730 3773
f 3571 3774 3734
f 3746 3775 3744
f 3776 3461 3460
f 3777 3774 3571
f 3572 3777 3571
f 3461 3776 3778
f 3756 3762 3758
f 3734 3551 3571
f 3778 3776 3779
f 3775 3780 3755
f 3781 3782 3783
f 3762 3765 3758
f 3776 3460 3484
f 3780 3757 3755
f 3642 3628 3641
f 3755 3744 3775
f 3344 3686 3784
f 3483 3785 3642
f 3786 3344 3346
f 3684 3642 3785
f 3779 3787 3778
f 3788 3789 3780
f 3779 3790 3787
f 3344 3786 3686
f 3789 3791 3780
f 3788 3780 3775
f 3792 3788 3775
f 3684 3785 3693
f 3670 3779 3776
f 3346 3624 3786
f 3793 3788 3792
f 3794 3693 3785
f 3795 3792 3775
f 3792 3795 3796
f 3794 3797 3693
f 3676 3786 3624
f 3676 3686 3786
f 3798 974 944
f 3785 3799 3794
f 3685 3800 3686
f 3509 3514 3801
f 723 981 986
f 3802 3794 3803
f 3514 3503 3804
f 3805 3797 3794
f 3802 3805 3794
f 3695 3693 3797
f 861 3806 3807
f 3797 3730 3695
f 3808 3809 3810
f 3730 3797 3805
f 3808 3811 3809
f 3724 3800 3685
f 3812 3813 3814
f 3804 3801 3514
f 3815 3816 3817
f 3802 3818 3805
f 3344 3784 3448
f 3804 3819 3801
f 3820 3821 3822
f 3730 3805 3823
f 3824 3825 3826
f 3826 3827 3828
f 3651 3829 3727
f 3483 3482 3785
f 3828 3824 3826
f 3785 3482 3799
f 3830 3815 3817
f 3831 3832 3779
f 3815 3830 3833
f 3832 3834 3790
f 3818 3823 3805
f 3790 3779 3832
f 3823 3818 3835
f 3803 3794 3799
f 3823 3773 3730
f 3836 3837 3828
f 3838 3832 3831
f 3839 3834 3840
f 3841 3802 3842
f 3818 3802 3841
f 3834 3832 3840
f 3832 3838 3840
f 3835 3818 3841
f 3843 3844 3845
f 3846 3847 3714
f 3501 3482 3470
f 3482 3501 3799
f 3848 3843 3849
f 3850 3851 3807
f 3852 853 3851
f 3713 3846 3714
f 3853 3613 3854
f 3855 3852 3851
f 3856 3847 3846
f 3857 3852 3855
f 3857 3858 3852
f 3494 3859 3501
f 3860 3856 3846
f 3860 3846 3713
f 3861 3682 3681
f 3862 3501 3859
f 3769 3863 3763
f 3862 3799 3501
f 3863 3769 3770
f 3815 3864 3816
f 3803 3799 3862
f 3770 3865 3863
f 3861 3712 3866
f 3861 3681 3712
f 3867 3816 3864
f 3868 3865 3770
f 3869 3870 3867
f 3773 3868 3771
f 3869 3871 3870
f 3857 3845 3858
f 3770 3771 3868
f 3682 3804 3503
f 3871 3872 3857
f 3869 3872 3871
f 3859 3494 3873
f 3874 3865 3868
f 3682 3861 3804
f 3868 3875 3876
f 3862 3859 3877
f 3804 3861 3878
f 3874 3868 3876
f 3879 3880 3881
f 3880 3879 3882
f 3883 3884 3856
f 3883 3856 3860
f 3885 3880 3886
f 3885 3887 3880
f 3888 3889 3890
f 3802 3803 3891
f 3892 3883 3893
f 3891 3803 3862
f 3804 3878 3894
f 3895 3881 3887
f 3819 3804 3894
f 3833 3864 3815
f 3842 3802 3891
f 3877 3859 3896
f 3897 3867 3864
f 3898 3899 3900
f 3901 3900 3899
f 3897 3864 3833
f 3713 3902 3860
f 3891 3862 3877
f 3903 3897 3904
f 3903 3905 3897
f 3869 3867 3905
f 3906 3869 3905
f 3907 3902 3908
f 3860 3902 3907
f 3896 3842 3877
f 3891 3877 3842
f 3909 3869 3906
f 3901 3910 3900
f 3907 3911 3860
f 3905 3867 3897
f 3912 3894 3878
f 3913 3910 3901
f 3914 3910 3913
f 3712 3605 3606
f 3915 3907 3916
f 3866 3712 3606
f 3898 3765 3763
f 3853 3606 3613
f 3898 3763 3863
f 3842 3917 3841
f 3918 3872 3869
f 3909 3918 3869
f 3899 3898 3863
f 3899 3863 3901
f 3918 3849 3872
f 3853 3866 3606
f 3898 3758 3765
f 3896 3919 3842
f 3901 3863 3913
f 3863 3865 3913
f 3919 3917 3842
f 3918 3920 3921
f 3865 3922 3913
f 3923 3909 3906
f 3922 3865 3924
f 3923 3918 3909
f 3874 3924 3865
f 3854 3866 3853
f 3925 3926 3927
f 3911 3883 3860
f 3893 3883 3911
f 3928 3929 3930
f 3911 3907 3915
f 3912 3878 3861
f 3861 3866 3912
f 3931 3932 3933
f 3934 3914 3935
f 3936 3914 3934
f 3937 3892 3893
f 3321 3937 3893
f 3938 3912 3866
f 3911 3321 3893
f 3939 3940 3941
f 3942 3943 3944
f 3944 3945 3946
f 3927 3947 3925
f 3945 3944 3943
f 3351 3934 3935
f 3866 3854 3938
f 3911 3915 3948
f 3915 3916 3948
f 3949 3945 3943
f 3950 3926 3925
f 3950 3928 3926
f 3910 3914 3936
f 3950 3951 3928
f 3951 3952 3929
f 3910 3936 3953
f 3954 3910 3953
f 3954 3953 3329
f 3949 3955 3956
f 3957 3819 3894
f 3940 3939 3958
f 3948 3322 3321
f 3959 3948 3916
f 3936 3934 3953
f 3917 3919 3960
f 3934 3961 3953
f 3962 3963 3964
f 3965 3819 3957
f 3963 3966 3964
f 3966 3963 3967
f 3329 3953 3961
f 3351 3961 3934
f 3894 3968 3957
f 3961 3351 3347
f 3967 3969 3966
f 3961 3347 3329
f 3945 3970 3962
f 3894 3912 3968
f 3914 3913 3922
f 3935 3922 3924
f 3946 3945 3962
f 3971 3972 3960
f 3973 3963 3970
f 3935 3914 3922
f 3973 3967 3963
f 3973 3970 3974
f 3975 3711 3976
f 3949 3974 3945
f 3974 3970 3945
f 3977 3924 3874
f 3949 3978 3974
f 3974 3978 3979
f 3976 3980 3975
f 3352 3924 3403
f 3981 3957 3968
f 3352 3351 3935
f 3982 3976 3711
f 3352 3935 3924
f 3982 3711 3710
f 3983 3984 3985
f 3924 3977 3411
f 3411 3403 3924
f 3981 3968 3986
f 3987 3988 3989
f 3402 3403 3411
f 3990 3912 3938
f 3982 3980 3976
f 3835 3991 3823
f 3992 3940 3958
f 3980 3982 3993
f 3994 3995 3996
f 3997 3991 3835
f 3993 3982 3998
f 3999 3980 3993
f 3991 3997 4000
f 4001 4002 4003
f 4004 4000 3997
f 3773 3823 3991
f 3982 3710 3721
f 3773 3991 3875
f 4005 3982 3721
f 4006 4007 4008
f 4009 3990 3938
f 3875 3868 3773
f 4008 4007 4010
f 3876 3875 3991
f 4008 4010 4011
f 3876 3991 4000
f 4011 4012 4008
f 4008 4012 4013
f 4014 3876 4000
f 4009 4015 3990
f 4016 4017 4018
f 3990 4015 4019
f 4020 4021 4022
f 4023 946 4024
f 4018 4017 4025
f 4026 4024 933
f 4024 946 933
f 4027 4023 4024
f 4005 3721 4016
f 3841 4028 3835
f 3968 3912 3990
f 4029 4027 4024
f 4028 3841 3917
f 3835 4028 3997
f 4024 4026 4030
f 4029 4024 4030
f 3997 4028 4004
f 4031 4016 4018
f 4032 4033 3798
f 4019 3968 3990
f 3982 4005 3998
f 4028 3917 3960
f 3972 4028 3960
f 4004 4028 4034
f 4035 4036 4037
f 4030 4026 4038
f 4039 4040 4030
f 4035 4037 4041
f 4042 3993 3998
f 4039 4030 4038
f 4043 4040 4039
f 4034 4044 4004
f 4034 4028 3972
f 3998 4005 4045
f 4046 4047 4048
f 4049 4048 4047
f 4050 4046 4035
f 4034 3972 4051
f 3328 3338 4052
f 4051 3972 3971
f 4053 3320 4054
f 4005 4031 4045
f 4055 4047 4050
f 3320 4053 3378
f 3337 3386 3338
f 4047 4046 4050
f 4052 3338 3386
f 3874 3876 4014
f 4014 3977 3874
f 4005 4016 4031
f 4052 3386 4056
f 469 472 4057
f 4042 3999 3993
f 3469 4058 3386
f 936 469 4059
f 4059 469 4057
f 3998 4060 4042
f 3561 4042 4060
f 4061 4058 3469
f 4014 4000 4044
f 4060 3998 4045
f 3472 4061 3469
f 3977 4014 3412
f 4056 3386 4058
f 472 492 4057
f 4062 4056 4058
f 4063 4064 3566
f 3497 3472 3389
f 3535 4014 4044
f 3561 4063 3566
f 492 498 4065
f 3535 3412 4014
f 3534 3412 3535
f 4066 492 4065
f 4067 4061 4068
f 4044 4000 4004
f 4044 4034 4051
f 4069 3657 3662
f 4062 4058 4070
f 4070 4058 4067
f 4057 4071 4059
f 4058 4061 4067
f 4057 492 4066
f 4072 4069 3662
f 4059 4071 4073
f 4074 4070 4067
f 4066 4071 4057
f 4075 3660 3669
f 4076 4051 3971
f 4077 4071 4066
f 3497 4061 3472
f 3662 3660 4075
f 4076 3545 4051
f 4066 4065 3359
f 3497 4068 4061
f 4078 3662 4075
f 3552 4044 4051
f 4078 4072 3662
f 4079 4080 4081
f 4082 4078 4075
f 4051 3545 3552
f 4073 4071 4077
f 3552 3545 3544
f 3776 3484 3670
f 4078 4082 4083
f 4072 4078 4083
f 3552 3535 4044
f 4084 4072 4083
f 4077 4066 3359
f 3977 3412 3411
f 4077 3359 3358
f 4085 4067 4068
f 4083 4086 4084
f 4087 4081 4073
f 4067 4085 4074
f 4073 4077 4087
f 3670 3668 4088
f 3494 3495 4089
f 4076 3406 3545
f 4087 4077 3638
f 3545 3406 4090
f 4068 3497 4091
f 3638 4077 3358
f 4089 3873 3494
f 3509 4091 3497
f 3937 4092 4093
f 4089 4094 3873
f 3699 4089 3495
f 4095 4096 4097
f 3374 3937 3321
f 3699 4094 4089
f 4098 4092 3937
f 4099 4100 4101
f 4085 4068 4091
f 4102 4101 4103
f 4104 4105 4106
f 3374 4098 3937
f 4102 4105 4101
f 3452 3454 4098
f 4105 4102 4106
f 3383 4098 3374
f 3383 3452 4098
f 4094 3699 4107
f 4069 4107 3699
f 4097 4104 4095
f 4108 3779 3670
f 4097 4055 4050
f 4109 4110 4111
f 4088 4108 3670
f 3873 4094 4112
f 4113 4104 4114
f 4115 4095 4104
f 4085 4091 4116
f 4095 4115 4117
f 4118 4112 4094
f 4119 4085 4116
f 4119 4120 4085
f 4094 4107 4118
f 4115 4113 4121
f 4122 4112 4118
f 4115 4123 4117
f 4124 4123 4115
f 4124 4115 4121
f 4087 4125 4081
f 3896 3859 3873
f 4112 3896 3873
f 4085 4120 4074
f 4087 3318 4125
f 4069 3699 3657
f 3637 4087 3638
f 4126 4074 4120
f 3638 3358 3391
f 4127 4128 4088
f 4129 4107 4069
f 4069 4072 4129
f 4120 4119 4130
f 4120 4130 4131
f 3318 4087 3319
f 3319 4087 3637
f 4126 4120 4131
f 4129 4118 4107
f 3319 3637 3661
f 4065 4132 3359
f 4129 4072 4084
f 4133 3509 3801
f 4133 4091 3509
f 4091 4133 4116
f 3359 4132 3316
f 4122 4118 4134
f 498 683 4065
f 4134 4135 4122
f 4133 4136 4116
f 4132 4065 683
f 4133 3801 3819
f 683 684 690
f 4108 3831 3779
f 4122 3896 4112
f 3316 4132 683
f 4108 4088 4137
f 4088 4128 4137
f 4108 4137 3831
f 3316 683 690
f 4122 3919 3896
f 690 688 3315
f 4138 4130 4119
f 700 3315 688
f 4138 4119 4116
f 4122 4135 3919
f 3919 4135 4139
f 3315 700 705
f 4137 4140 3838
f 4140 4141 3838
f 4137 4128 4142
f 4143 4118 4129
f 4134 4118 4143
f 4084 4143 4129
f 4131 4130 4144
f 4131 4144 4145
f 3342 4143 4084
f 4130 4138 4146
f 4144 4130 4146
f 4137 4142 4147
f 4148 4134 4143
f 4148 4135 4134
f 4145 4144 4149
f 4143 3341 4148
f 4150 4145 4149
f 4136 4138 4116
f 3342 3341 4143
f 4151 4138 4136
f 4152 3750 3757
f 3757 4153 4152
f 3819 3965 4133
f 4136 4133 3965
f 3965 4151 4136
f 4146 4138 4151
f 3669 3750 4082
f 4154 4146 4151
f 4082 4075 3669
f 3750 4152 4082
f 3981 4155 3965
f 4155 4151 3965
f 4155 4154 4151
f 4082 4156 4157
f 4156 4158 4157
f 4082 4157 4083
f 4144 4146 4159
f 4149 4144 4159
f 4157 4086 4083
f 4146 4154 4159
f 4158 4086 4157
f 4156 4082 4152
f 4160 4156 4152
f 4161 4149 4159
f 4150 4149 4161
f 4162 4158 4156
f 4162 4156 4160
f 3757 3780 4153
f 3957 3981 3965
f 4090 3543 3545
f 4163 3543 4090
f 3791 4153 3780
f 4153 3791 4164
f 4153 4164 4165
f 3405 4090 3406
f 4152 4153 4160
f 4090 3405 4163
f 4153 4166 4160
f 4153 4165 4166
f 3546 3543 4167
f 3546 4167 3599
f 4164 4168 4165
f 4163 4167 3543
f 3433 4167 4163
f 4084 4086 3342
f 4169 4086 4158
f 3342 4086 4169
f 3405 3428 4163
f 3433 4163 3428
f 4158 4162 4169
f 4162 4160 4166
f 4162 4166 4170
f 4171 4167 3433
f 4172 3598 4171
f 4169 3340 3342
f 4172 4171 4173
f 4170 4169 4162
f 4174 4172 4173
f 4175 4169 4170
f 4171 3599 4167
f 4166 4165 4176
f 3598 3599 4171
f 4177 4166 4176
f 3854 3613 3598
f 4168 4178 4165
f 4172 3854 3598
f 4165 4178 4176
f 4179 4176 4178
f 4177 4176 4179
f 4179 4178 4180
f 3433 3429 3446
f 4181 3433 3446
f 4182 4177 4179
f 4179 4180 4182
f 4173 4171 3433
f 4177 4170 4166
f 4173 3433 4181
f 4174 4173 4183
f 4173 4181 4183
f 4181 3446 3449
f 4177 4175 4170
f 4184 4175 4177
f 4181 3449 4183
f 4185 3854 4172
f 3919 4139 3960
f 4139 4186 3960
f 4174 4185 4172
f 4148 4187 4135
f 4135 4187 4139
f 3971 4186 4188
f 3971 3960 4186
f 4186 4139 4189
f 4188 4186 4189
f 4190 3938 3854
f 4139 4187 4189
f 4190 3854 4185
f 4174 4183 4191
f 4183 3449 4192
f 4193 4148 3341
f 4192 4191 4183
f 3362 4193 3341
f 4194 4191 4192
f 4195 4191 4194
f 3349 3362 3341
f 4196 4191 4195
f 4148 4193 4187
f 4187 4193 4189
f 4191 4185 4174
f 4197 4189 4193
f 4191 4196 4185
f 4188 4076 3971
f 4196 4198 4185
f 3406 4076 4188
f 4190 4185 4198
f 4009 4190 4198
f 4197 4188 4189
f 4199 4188 4197
f 4200 4198 4201
f 4196 4195 4202
f 3406 4188 4199
f 4199 4197 3415
f 4196 4203 4198
f 4199 3404 3406
f 4198 4203 4201
f 4204 4193 3362
f 4203 4196 4202
f 3370 4204 3362
f 4203 4202 4205
f 4205 4201 4203
f 3415 4197 4204
f 4193 4204 4197
f 4206 4205 4202
f 4201 4205 4207
f 4204 3414 3415
f 3404 4199 3415
f 3414 4204 3370
f 4009 3938 4190
f 3349 3340 4208
f 3340 4169 4175
f 4175 4208 3340
f 4015 4009 4200
f 4208 4175 4209
f 4200 4009 4198
f 4208 3361 3349
f 3361 4208 4209
f 4210 4200 4201
f 3550 4192 3449
f 4194 4192 3550
f 3553 4211 3550
f 3550 4211 4194
f 4184 4209 4175
f 4211 4195 4194
f 4212 4211 3553
f 4212 3553 3562
f 4212 4213 4211
f 4213 4212 4214
f 4195 4211 4213
f 4182 4184 4177
f 4202 4195 4213
f 4215 4182 4216
f 4215 4184 4182
f 4206 4202 4213
f 4209 4184 4215
f 4214 4206 4213
f 4217 3361 4209
f 4217 4209 4215
f 4218 4212 3562
f 4218 4214 4212
f 4219 4217 4215
f 4218 3562 3594
f 4215 4216 4220
f 4220 3331 4215
f 4205 4206 4221
f 4221 4206 4214
f 4217 3379 3361
f 3390 3379 4217
f 4219 4215 3331
f 4222 4214 4218
f 3390 4217 4219
f 4222 4221 4214
f 4219 3331 3327
f 3390 3327 3326
f 4218 3594 4222
f 3327 3390 4219
f 4222 3594 3612
f 4223 3933 4224
f 4225 4226 4227
f 4228 4227 4229
f 4229 4227 4230
f 4231 4232 4233
f 4233 4232 4234
f 4230 4235 4229
f 4233 4234 4236
f 4237 4223 4236
f 4238 4239 4240
f 4235 4241 4229
f 4242 4239 4238
f 4243 4241 4244
f 4245 4246 4247
f 4248 4240 4249
f 4250 4247 4246
f 4240 4248 4238
f 4248 4249 4251
f 3318 3317 4252
f 4250 4253 4247
f 4246 4254 4250
f 3920 4255 4256
f 4255 4257 4256
f 4257 4231 4256
f 4258 4253 4259
f 4260 4258 4261
f 4262 3319 3661
f 4259 4261 4258
f 4263 4264 3724
f 4265 4262 3661
f 4262 3317 3319
f 4266 3317 4262
f 4259 4253 4250
f 4259 4267 4261
f 4268 4257 4269
f 4251 4249 3317
f 4251 3317 4270
f 4271 4231 4257
f 4272 4250 4254
f 4270 3317 4266
f 4266 4262 4273
f 4268 4271 4257
f 4274 4266 4273
f 4274 4270 4266
f 4275 4271 4268
f 4231 4271 4232
f 4259 4250 4267
f 4271 4275 4232
f 4232 4275 4276
f 4277 4267 4250
f 4267 4277 3748
f 4265 4273 4262
f 4278 4265 4279
f 4265 4278 4273
f 4272 4277 4250
f 4232 4276 4234
f 4280 4254 4244
f 4281 4280 4244
f 4282 4235 4230
f 4230 4283 4282
f 4275 4268 4284
f 4226 4230 4227
f 4230 4226 4285
f 4286 4287 4288
f 4289 4290 4288
f 4289 4288 4287
f 4287 4291 4289
f 4291 4287 4292
f 4273 4278 4293
f 4283 4230 4285
f 4294 4275 4284
f 4295 4296 4297
f 4282 4241 4235
f 4297 4292 4287
f 4297 4287 4286
f 4295 4297 4298
f 4275 4294 4299
f 4244 4241 4282
f 4296 4292 4297
f 4299 4276 4275
f 4281 4244 4282
f 4300 4301 4290
f 4293 4302 3690
f 4293 3690 3516
f 4300 3754 4301
f 4226 4303 4285
f 4304 4285 4303
f 4305 4276 4299
f 4276 4305 4306
f 4304 4283 4285
f 4225 4242 4238
f 4237 4236 4234
f 4289 4300 4290
f 4307 4281 4282
f 4308 4300 4289
f 4309 4307 4282
f 4248 4310 4238
f 4311 4312 4313
f 4291 4312 4311
f 4309 4282 4283
f 4314 4309 4283
f 4315 4289 4291
f 3931 4223 4237
f 4316 4225 4238
f 4311 4315 4291
f 3931 3933 4223
f 4317 4316 4238
f 4296 4312 4292
f 4312 4296 4313
f 4272 4254 4280
f 4318 4316 4317
f 4306 4237 4234
f 4291 4292 4312
f 4234 4276 4306
f 3931 4237 4306
f 4310 4317 4238
f 3754 4300 4319
f 4272 4280 4320
f 4317 4310 4318
f 4319 3716 3754
f 4251 4321 4248
f 4322 3931 4306
f 4320 4277 4272
f 4323 3716 4319
f 4324 4277 4320
f 4310 4248 4321
f 4325 3748 4277
f 4325 4277 4324
f 4281 4326 4280
f 4251 4270 4274
f 4323 3717 3716
f 4274 4327 4251
f 4321 4251 4327
f 4324 4320 4328
f 4329 3717 4323
f 4328 4320 4280
f 4329 3902 3717
f 4326 4328 4280
f 4323 4319 4330
f 3931 4322 3932
f 4331 4330 4319
f 4331 4319 4300
f 4327 3512 4321
f 4330 4329 4323
f 3742 3741 4261
f 3335 4321 3512
f 4331 4300 4308
f 4328 4325 4324
f 4332 4325 4328
f 4333 4331 4308
f 4333 4334 4331
f 4335 4336 4337
f 4326 4281 4307
f 4333 4338 4334
f 4225 4339 4242
f 4313 3706 3704
f 4226 4316 4318
f 4226 4225 4316
f 4313 3704 3758
f 4303 4226 4318
f 4303 4318 4340
f 4308 4289 4315
f 4318 4310 4341
f 4318 4341 4342
f 4313 4343 4311
f 4267 3742 4261
f 4335 3740 4336
f 4315 4311 4343
f 4344 4336 3740
f 3749 3740 3742
f 4304 4303 4340
f 4267 3748 3742
f 4345 4304 4340
f 4346 3740 3749
f 4340 4318 4342
f 4346 4344 3740
f 4313 3758 4347
f 4343 4313 4347
f 3898 4347 3758
f 4340 4342 4348
f 4349 3749 3748
f 3752 3749 4349
f 4350 4348 4342
f 4308 4315 4351
f 4352 4349 3748
f 4353 4354 4336
f 4336 4355 4353
f 4343 4351 4315
f 4351 4343 4356
f 3752 4346 3749
f 4333 4308 4351
f 4351 4356 4333
f 3752 4344 4346
f 4310 4321 3334
f 3334 4321 3335
f 3753 3752 4349
f 4356 4343 4347
f 4357 4358 4359
f 3751 4344 3752
f 4347 4360 4356
f 4352 3748 4325
f 4360 4347 4361
f 4349 4352 3753
f 4341 4310 3334
f 4356 4338 4333
f 4338 4356 4360
f 3381 4341 3334
f 4341 3381 4350
f 4332 4352 4325
f 3753 4352 3751
f 4344 4355 4336
f 4359 4353 4355
f 4362 3751 4352
f 4350 4342 4341
f 4363 3751 3930
f 3942 3944 4355
f 4359 3946 4357
f 4314 4283 4304
f 4364 4314 4304
f 3946 4359 3944
f 3944 4359 4355
f 4365 4314 4364
f 4364 4366 4365
f 3368 4350 3369
f 4340 4367 4368
f 4309 4314 4365
f 4368 4345 4340
f 3759 4307 4309
f 4364 4304 4345
f 4368 4364 4345
f 4309 4369 3759
f 4369 4309 4365
f 3942 4355 4344
f 4367 3376 4368
f 4367 3373 3376
f 4348 3368 4340
f 4367 4340 3368
f 4370 4364 3375
f 3368 4348 4350
f 4370 4366 4364
f 3371 4367 3368
f 3375 4366 4370
f 3751 3942 4344
f 3373 4367 3371
f 4366 3375 4371
f 3373 3371 3367
f 4369 4365 4366
f 3373 3377 3376
f 3782 4369 3783
f 3447 3377 3373
f 3783 4369 4366
f 4371 3783 4366
f 4328 4326 3759
f 3751 4363 3942
f 3761 4328 3759
f 3955 3942 4363
f 4372 4373 4263
f 3955 3943 3942
f 3369 4350 3381
f 3714 3847 4263
f 3761 4332 4328
f 3369 3382 3367
f 3847 4372 4263
f 3943 3955 3949
f 3382 3336 3574
f 4332 3761 3767
f 3767 4374 4332
f 3761 3768 3767
f 4307 3759 4326
f 3715 3717 3713
f 3940 3956 3941
f 3949 3956 3940
f 3759 4369 3760
f 3458 3401 4375
f 3772 3760 4369
f 3782 3772 4369
f 4376 3847 3856
f 3400 3399 3398
f 4377 3400 3398
f 4263 3724 3714
f 4375 3400 4377
f 3400 4375 3401
f 3448 4371 3375
f 3784 4371 3448
f 4375 4377 4378
f 3784 3783 4371
f 3632 3474 3473
f 3686 3781 3784
f 3407 4377 3398
f 3407 4379 4377
f 4380 4381 4382
f 3407 3409 4379
f 3781 3783 3784
f 3966 4382 4381
f 4358 4383 4384
f 4384 4383 4385
f 4385 4386 4384
f 4358 4357 4383
f 4387 4377 4379
f 4378 4377 4387
f 3800 3781 3686
f 4388 4378 4387
f 3847 4376 4372
f 4357 4381 4383
f 4389 3766 3768
f 4387 4379 4390
f 4389 3947 3766
f 4391 4387 4390
f 3768 4392 4389
f 4391 4390 4393
f 4394 4389 4392
f 4381 4385 4383
f 4381 4380 4385
f 4395 4387 4391
f 4391 4396 4395
f 4376 3856 3884
f 4397 3772 3782
f 4398 4395 4396
f 4398 4396 3687
f 4396 4391 4393
f 3884 4399 4376
f 4397 3768 3772
f 3688 3687 4396
f 4392 3768 4397
f 3800 3782 3781
f 3634 4398 3435
f 3634 3435 3632
f 3800 4397 3782
f 4381 3962 3964
f 4400 4401 4399
f 3632 3431 3474
f 4357 3946 3962
f 3962 4381 4357
f 3431 3632 3435
f 4394 4392 4397
f 3435 3687 3423
f 4394 4397 3800
f 4402 4403 4399
f 3435 4398 3687
f 4402 4399 3884
f 4381 3964 3966
f 3724 4264 3800
f 4264 4394 3800
f 4264 4263 4394
f 3884 3892 4402
f 3376 4364 4368
f 3401 3458 3457
f 3375 4364 3376
f 4382 4404 4380
f 3375 3377 3448
f 4405 4404 4382
f 3883 3892 3884
f 4406 4407 4405
f 4284 4408 4407
f 4407 4408 4404
f 4409 4294 4284
f 4409 4284 4407
f 4406 4409 4407
f 3713 3717 3902
f 4274 4273 3506
f 3506 4273 4293
f 3505 4274 3506
f 4382 3966 4405
f 3512 4327 4274
f 3512 4274 3505
f 3966 4410 4405
f 4329 3908 3902
f 3510 3512 3505
f 4410 4406 4405
f 3506 4293 3507
f 3507 4293 3516
f 3507 3510 3505
f 4410 3969 4411
f 4362 4352 4412
f 4374 4352 4332
f 4352 4374 4412
f 4410 4413 4406
f 4414 4330 4331
f 4414 4329 4330
f 3512 3511 3335
f 4413 4409 4406
f 4414 4331 4334
f 4415 4412 4374
f 4416 3908 4414
f 4414 3908 4329
f 4411 4413 4410
f 4415 4362 4412
f 3510 3507 3516
f 3528 3510 3516
f 3930 3751 4362
f 3985 4413 3983
f 4417 4334 4338
f 4334 4418 4414
f 3985 4419 4413
f 4417 4418 4334
f 3983 4413 4411
f 4420 4417 4338
f 3690 3517 3516
f 4410 3966 3969
f 4415 4374 3767
f 4421 4417 4420
f 4421 4418 4417
f 3766 4415 3767
f 3766 3927 4415
f 3970 3963 3962
f 3528 3516 3515
f 3947 3927 3766
f 4416 3916 3908
f 3926 4415 3927
f 4422 3916 4416
f 3528 3515 3524
f 3930 4362 3928
f 4362 3926 3928
f 4415 3926 4362
f 3908 3916 3907
f 4423 3900 3910
f 4363 3956 3955
f 4418 4416 4414
f 3973 3969 3967
f 3511 3527 3335
f 3956 4363 3941
f 4422 4416 4418
f 3941 4363 3930
f 3336 3335 3531
f 3335 3527 3531
f 4420 4423 4424
f 3527 3511 3510
f 4425 3527 3528
f 3929 3941 3930
f 4424 4423 3954
f 4425 3530 3527
f 3910 3954 4423
f 4361 4347 3898
f 4426 3941 3929
f 4426 3929 3952
f 3574 3336 3531
f 3941 4426 3939
f 3973 3974 4427
f 3531 3629 3574
f 4428 3925 3947
f 3947 4389 4428
f 4428 4389 4394
f 4361 3898 3900
f 3950 3925 4428
f 3900 4423 4361
f 3530 3524 3536
f 3951 3929 3928
f 4338 4360 4420
f 4423 4360 4361
f 3524 4425 3528
f 4420 4360 4423
f 3530 4425 3524
f 4373 4428 4394
f 4373 3950 4428
f 4411 4429 3983
f 4373 4430 3950
f 3892 3937 4093
f 3948 3321 3911
f 3984 3983 4429
f 3539 3530 3536
f 4372 3950 4430
f 4372 3951 3950
f 4430 4373 4372
f 3984 4002 4431
f 4263 4373 4394
f 3536 3549 3539
f 3536 3525 3549
f 3973 4411 3969
f 3525 3522 3980
f 4432 4426 3952
f 4411 4433 4429
f 3525 3980 3999
f 3916 4422 4434
f 4433 4411 3973
f 4434 3959 3916
f 4427 4433 3973
f 4432 3939 4426
f 3556 3525 3999
f 3995 4433 4427
f 4432 3952 3951
f 3994 4433 3995
f 4435 3954 3329
f 3555 3525 3556
f 3556 3999 4042
f 4429 4433 4002
f 3951 4372 4432
f 3959 4436 3324
f 3948 3959 3322
f 3557 3556 4042
f 4376 4432 4372
f 4002 3984 4429
f 3324 3322 3959
f 3549 3525 3555
f 4401 3939 4432
f 4399 4432 4376
f 4437 3329 3328
f 4401 4432 4399
f 4294 4409 4438
f 3557 4042 3561
f 4438 4299 4294
f 3520 3708 3975
f 4438 4305 4299
f 4438 4439 4305
f 3711 3975 3708
f 4439 4440 4305
f 3522 3520 3975
f 4441 4442 4443
f 4409 4413 4419
f 4419 4438 4409
f 3584 4442 3585
f 3581 3585 4442
f 3584 4443 4442
f 3980 3522 3975
f 4419 3985 4444
f 4419 4444 4445
f 4438 4419 4439
f 3583 4446 3584
f 4445 4439 4419
f 4447 4439 4445
f 4443 3584 4446
f 4443 4446 4448
f 4449 4440 4439
f 4439 4447 4449
f 4448 4446 4450
f 4045 4031 4451
f 4450 4446 4452
f 4305 4453 4306
f 4448 4450 4454
f 4306 4453 4322
f 4455 4446 3608
f 3583 3608 4446
f 4440 4453 4305
f 4446 4455 4452
f 4452 4455 3610
f 3610 4455 3608
f 3561 4060 4063
f 3625 3617 4456
f 4063 4045 4064
f 4063 4060 4045
f 4457 4458 4322
f 3629 3531 3532
f 4458 4459 4322
f 3629 3578 3574
f 4440 4460 4453
f 4457 4322 4453
f 4440 4449 4460
f 4457 4453 4460
f 4457 4461 4458
f 3409 4442 4441
f 3409 3581 4442
f 3409 4441 4379
f 4379 4441 4390
f 3984 4444 3985
f 4441 4462 4390
f 4443 4463 4441
f 4462 4441 4463
f 4462 4463 4464
f 4465 4445 4444
f 4462 4464 4466
f 3987 4445 4465
f 4464 4467 4466
f 4468 4469 4467
f 4468 4467 4470
f 4468 3591 3671
f 3671 3678 4468
f 4469 4468 3678
f 3987 4447 4445
f 4390 4462 4393
f 4466 4393 4462
f 3984 4431 4444
f 4393 4466 4471
f 4471 4396 4393
f 4396 4471 3688
f 4465 4444 4431
f 4472 4418 4421
f 4424 4421 4420
f 4472 4422 4418
f 4421 4473 4472
f 4421 4424 4473
f 4471 4466 4467
f 4471 4467 4469
f 4469 3688 4471
f 3678 3688 4469
f 4465 4474 3987
f 4463 4443 4448
f 4464 4463 4448
f 3987 4449 4447
f 4475 4422 4472
f 4454 4464 4448
f 4454 4476 4464
f 3987 3989 4449
f 4476 4467 4464
f 4476 4470 4467
f 4475 4434 4422
f 4476 4477 4470
f 4475 4478 4479
f 4472 4473 4475
f 4424 4480 4473
f 4481 4476 4454
f 4473 4480 4475
f 4482 4476 4481
f 4424 3954 4435
f 4477 3600 3591
f 4477 3591 4468
f 3600 4456 3617
f 4477 4456 3600
f 4480 4424 4435
f 4460 4449 3989
f 4470 4477 4468
f 3989 4457 4460
f 4478 4475 4480
f 4477 4476 4482
f 4456 4477 4482
f 4481 3718 4482
f 4436 3959 4434
f 4456 4483 3625
f 4434 4484 4436
f 4479 4434 4475
f 4434 4479 4485
f 4486 4479 4478
f 4484 4434 4485
f 3989 4487 4457
f 4435 3329 4437
f 4487 4461 4457
f 3610 4488 4452
f 3609 4488 3610
f 4478 4480 4489
f 3738 4488 3609
f 4480 4435 4489
f 4489 4486 4478
f 4488 3738 4490
f 4435 4437 4489
f 4454 4450 3718
f 4479 4486 4485
f 3989 4491 4487
f 4450 4452 4490
f 4488 4490 4452
f 3718 4450 4490
f 3718 4490 3719
f 4483 3764 3625
f 3720 3764 4483
f 4490 3738 4492
f 4487 4491 4493
f 4494 4493 4491
f 4495 3720 3719
f 4495 3764 3720
f 3719 4490 4492
f 3719 4492 4496
f 4496 4495 3719
f 4495 4497 3764
f 4497 4495 4496
f 4492 3738 3739
f 3940 3978 3949
f 3979 3978 3940
f 3992 3979 3940
f 3739 3738 3725
f 3979 3996 3974
f 4400 4399 4403
f 3974 3996 4427
f 3996 3995 4427
f 4403 4498 4400
f 4499 3743 3733
f 4500 4400 4498
f 3743 4499 3746
f 4499 3733 3764
f 4501 3996 3979
f 4498 4502 4500
f 4499 3764 4497
f 3739 3734 3774
f 3979 3992 4503
f 3892 4093 4402
f 4492 3739 4504
f 4093 4403 4402
f 4504 3739 3774
f 4093 4092 4498
f 3775 3746 3795
f 4093 4498 4403
f 4505 3992 3958
f 3774 3777 4506
f 4092 4502 4498
f 4507 4504 4506
f 4506 4504 3774
f 4507 4506 4508
f 4501 3979 4503
f 4509 4502 4092
f 4510 3996 4501
f 4509 4092 3454
f 4492 4504 4507
f 4492 4511 4496
f 4511 4492 4507
f 4510 4501 4512
f 4509 4513 4502
f 3746 4499 4514
f 4496 4511 4497
f 4514 4497 4511
f 4499 4497 4514
f 4509 3454 3453
f 3645 4509 3453
f 4511 4507 4515
f 4002 4433 3994
f 4515 4507 4508
f 3746 4514 4516
f 4516 4514 4515
f 4516 3796 3746
f 4508 4516 4515
f 4515 4514 4511
f 3746 3796 3795
f 4481 4454 3718
f 4431 4002 4001
f 4001 4003 4431
f 4482 4483 4456
f 4482 3720 4483
f 4092 4098 3454
f 3720 4482 3718
f 3996 4510 3994
f 4517 3994 4510
f 4517 4518 3994
f 3798 944 4032
f 4519 4517 4512
f 4519 4518 4517
f 4512 4517 4510
f 974 3798 3809
f 4002 4518 4003
f 4518 4002 3994
f 4003 4520 4474
f 3798 4033 4048
f 4519 4003 4518
f 3809 3798 3810
f 3798 4048 3810
f 4520 4003 4519
f 4048 4049 3810
f 3939 4505 3958
f 3810 4049 3808
f 3992 4505 4503
f 4401 4505 3939
f 3822 3808 4049
f 4401 4521 4505
f 4400 4521 4401
f 4521 4503 4505
f 4522 986 985
f 4521 4400 4523
f 4512 4501 4503
f 4512 4503 4524
f 3736 4525 4526
f 4527 4528 986
f 4529 4530 4527
f 4531 4530 4529
f 4521 4524 4503
f 974 4522 985
f 4532 4512 4524
f 4522 974 3809
f 4523 4524 4521
f 986 4522 3809
f 4533 4532 4524
f 4524 4523 4533
f 4529 4527 986
f 4529 986 3809
f 4532 4519 4512
f 4528 723 986
f 723 4528 724
f 724 4528 4534
f 4534 721 724
f 721 4534 3806
f 3806 861 721
f 4530 4528 4527
f 4520 4519 4535
f 4534 4528 4530
f 4535 4519 4532
f 3806 4534 4530
f 4536 4535 4532
f 4536 4532 4533
f 4537 4520 4535
f 3811 4529 3809
f 4537 4535 4538
f 4536 4538 4535
f 4539 4531 4529
f 4539 4529 3811
f 3987 4474 4540
f 3812 4531 4539
f 4540 3988 3987
f 4474 4431 4003
f 4474 4465 4431
f 3808 3821 3811
f 3825 4539 3811
f 3825 3811 3821
f 3825 3812 4539
f 4541 3988 4540
f 3813 3812 3825
f 3989 3988 4541
f 4542 4530 4531
f 4531 3814 4542
f 4542 4543 4530
f 4542 3817 4543
f 4474 4520 4540
f 4543 3806 4530
f 4543 3850 3806
f 4544 4540 4520
f 3816 3850 4543
f 4545 4540 4544
f 3817 4542 3814
f 4545 4541 4540
f 4546 4541 4545
f 4546 4547 4541
f 3816 4543 3817
f 3621 3459 4548
f 4531 3812 3814
f 4549 3621 4548
f 3814 3813 3817
f 4550 4491 3989
f 4549 3673 3621
f 3623 3621 3673
f 4551 3627 3680
f 4550 4552 4491
f 3680 3627 3626
f 4541 4550 3989
f 4547 4550 4541
f 4553 4554 4555
f 4554 4556 4557
f 4549 4555 4558
f 4555 4288 4558
f 4553 4549 4548
f 4555 4549 4553
f 4494 4491 4552
f 3808 3822 3821
f 4007 4494 4552
f 4554 4298 4555
f 4298 4554 4557
f 3826 3825 3821
f 4550 4007 4552
f 4557 4559 4298
f 4560 3680 4295
f 4298 4559 4295
f 4559 4560 4295
f 4286 4288 4555
f 4286 4555 4298
f 4298 4297 4286
f 3824 3813 3825
f 4561 3458 4375
f 4562 3813 3824
f 4010 4550 4547
f 4007 4550 4010
f 4375 4563 4561
f 4563 4564 4561
f 4565 4561 4564
f 4566 4561 4565
f 3826 3821 3820
f 4563 4375 4378
f 3827 3826 3820
f 4388 4563 4378
f 4564 4563 4388
f 3631 4564 4388
f 3631 3630 4564
f 3828 4562 3824
f 4564 3630 4565
f 4565 3630 3633
f 4565 4567 4566
f 4565 3633 4567
f 4568 4388 4387
f 4395 4568 4387
f 4395 4398 4568
f 3631 4388 4568
f 3631 4568 3634
f 3634 4568 4398
f 4544 4520 4537
f 3459 3458 4548
f 4548 3458 4561
f 4569 4545 4544
f 3636 3475 3640
f 3817 3813 3830
f 4553 4548 4561
f 4561 4566 4553
f 3813 4562 3830
f 3636 3640 4551
f 4569 4544 4537
f 3659 3736 4526
f 3636 3632 3473
f 4570 3830 4562
f 4545 4569 4546
f 3636 4571 3633
f 4569 4572 4546
f 4572 4547 4546
f 4573 4562 3828
f 4573 3828 4574
f 4573 4570 4562
f 4551 3640 3627
f 3655 4572 4569
f 3830 4570 4575
f 4575 3833 3830
f 4554 4553 4566
f 4554 4566 4567
f 4570 4576 4575
f 4575 4576 3833
f 4577 3735 3727
f 4556 4554 4567
f 4567 4571 4556
f 4571 4578 4556
f 3827 3820 4579
f 4571 3636 4551
f 4557 4556 4578
f 4571 4567 3633
f 4571 4551 4578
f 3827 4579 4261
f 4569 4537 4580
f 4560 4578 4551
f 3828 3827 3836
f 4560 4551 3680
f 4560 4559 4578
f 4578 4559 4557
f 4580 3655 4569
f 3653 3647 3463
f 4500 4523 4400
f 3463 3461 3778
f 4500 4533 4523
f 3778 3726 3463
f 3828 3837 4574
f 4581 4572 3655
f 3787 3726 3778
f 3836 3827 4261
f 3829 3651 3726
f 4582 4533 4500
f 4582 4500 4502
f 3741 3836 4261
f 3837 3836 3741
f 4582 4536 4533
f 4010 4547 4572
f 4583 4010 4572
f 4584 3837 4337
f 4538 4580 4537
f 4337 3837 3741
f 4538 4536 4582
f 3741 3740 4337
f 3726 3787 3829
f 4335 4337 3740
f 3790 3829 3787
f 4585 4580 4538
f 4585 4538 4582
f 4513 4582 4502
f 4581 4583 4572
f 4509 3645 4513
f 4022 4011 4583
f 4586 4585 4582
f 4513 4586 4582
f 4574 4584 4587
f 4588 4573 4587
f 4587 4573 4574
f 3645 4585 4586
f 4513 3645 4586
f 3647 4585 3645
f 4010 4583 4011
f 4588 4576 4570
f 4588 4570 4573
f 4022 4012 4011
f 4588 4589 4576
f 4590 4589 4588
f 4021 4012 4022
f 4584 4574 3837
f 4581 3654 4583
f 4336 4584 4337
f 4584 4336 4354
f 4583 3654 4022
f 4580 4585 3647
f 4354 4587 4584
f 4587 4590 4588
f 3652 3655 4580
f 3654 4581 3655
f 4353 4590 4587
f 4353 4587 4354
f 4359 4358 4353
f 3653 3652 4580
f 3829 4577 3727
f 4358 4384 4590
f 3654 4526 4022
f 4590 4353 4358
f 3653 4580 3647
f 4525 4591 4021
f 4526 4021 4020
f 859 850 852
f 852 3852 859
f 4022 4526 4020
f 3652 3656 3655
f 4525 4021 4526
f 3858 859 3852
f 4577 3829 3790
f 4526 3654 3659
f 858 859 3858
f 4029 4592 4027
f 4593 4594 4577
f 4592 4037 4036
f 4037 4592 4029
f 4595 858 3844
f 4595 761 858
f 4054 4596 4053
f 858 3858 3844
f 4026 933 935
f 4054 4484 4596
f 4597 4596 4484
f 3845 3844 3858
f 3839 4593 4577
f 3663 4053 4596
f 3839 4577 3834
f 4598 4597 4484
f 4596 4597 3663
f 4597 4598 4599
f 3844 3843 4595
f 3378 4053 3384
f 936 4600 935
f 3384 4053 3663
f 4601 4595 3843
f 3790 3834 4577
f 4602 3667 3663
f 3667 3664 3663
f 4592 4023 4027
f 3849 3843 3845
f 3663 4597 4603
f 3663 4603 4602
f 4603 4597 4599
f 4603 4599 4604
f 3848 4601 3843
f 4603 4604 4605
f 4606 3667 4602
f 4602 4603 4606
f 3921 3848 3849
f 4605 4606 4603
f 4607 3848 3921
f 935 4600 4026
f 3667 4608 3668
f 3807 863 861
f 4608 4088 3668
f 4609 944 943
f 3851 853 863
f 4610 3667 4606
f 4610 4606 4605
f 3851 863 3807
f 4610 4608 3667
f 4611 4608 4610
f 4611 4127 4608
f 4609 4032 944
f 3852 852 853
f 940 4023 943
f 3850 3807 3806
f 946 4023 940
f 4612 3851 3850
f 4609 943 4592
f 4592 943 4023
f 3674 3673 4549
f 4558 3674 4549
f 4612 3855 3851
f 4301 3674 4558
f 4290 4301 4558
f 4288 4290 4558
f 4613 4612 3850
f 4612 4613 3855
f 4033 4032 4609
f 4609 4614 4033
f 4615 4613 3816
f 4296 4295 3680
f 4613 3850 3816
f 4296 3680 3679
f 4296 3679 3706
f 3674 4301 3705
f 3705 3698 3674
f 3857 3855 4613
f 4613 4615 3857
f 3754 3705 4301
f 3754 3701 3705
f 3871 3857 4615
f 4313 4296 3706
f 4036 4609 4592
f 4609 4036 4614
f 3867 4615 3816
f 4615 3870 3871
f 3870 4615 3867
f 4046 4036 4035
f 3872 3845 3857
f 3845 3872 3849
f 4035 4099 4050
f 4099 4035 4100
f 4030 4040 4029
f 4616 762 761
f 4616 761 4595
f 4041 4037 4040
f 4040 4037 4029
f 895 763 762
f 4026 4600 4038
f 4616 895 762
f 4617 4616 4595
f 4038 4600 4618
f 4601 4617 4595
f 4617 4619 4616
f 3882 4616 4619
f 4620 4039 4038
f 4620 4038 4618
f 4616 3882 3879
f 3886 3882 4619
f 4040 4043 4041
f 4041 4100 4035
f 4621 898 894
f 4622 899 898
f 4622 898 4621
f 4101 4041 4043
f 899 4622 2310
f 4041 4101 4100
f 4103 4101 4043
f 3324 4436 4054
f 4436 4484 4054
f 4621 894 895
f 3320 3324 4054
f 4623 4621 895
f 4052 4437 3328
f 4622 4621 4623
f 4052 4624 4437
f 4623 895 4616
f 4616 3879 4623
f 4489 4437 4624
f 3881 4623 3879
f 4625 4489 4624
f 4048 4033 4614
f 4614 4046 4048
f 4622 4623 4626
f 4626 4623 3881
f 4622 4626 2310
f 4614 4036 4046
f 4627 2310 4626
f 4628 4624 4052
f 3889 4617 4601
f 3889 4619 4617
f 3890 3889 4601
f 3890 4601 3848
f 4628 4052 4056
f 3880 3882 3886
f 3888 3885 3886
f 3886 4619 3889
f 4629 4485 4486
f 4489 4625 4486
f 3888 3886 3889
f 4625 4629 4486
f 4630 4049 4047
f 4484 4485 4598
f 4607 3890 3848
f 4631 4598 4485
f 4485 4632 4631
f 4625 4624 4628
f 4633 3890 4607
f 4485 4629 4632
f 4629 4625 4632
f 4633 3888 3890
f 3888 4634 3885
f 3822 4049 4630
f 4632 4625 4635
f 4636 3885 4634
f 3888 4633 4637
f 4635 4628 4638
f 3888 4637 4634
f 4637 4636 4634
f 4635 4625 4628
f 936 471 469
f 3887 3881 3880
f 4599 4598 4631
f 4632 4635 4639
f 4631 4640 4599
f 4640 4631 4632
f 4639 4640 4632
f 4641 4626 3881
f 3895 4641 3881
f 936 4059 4642
f 4643 4627 4626
f 4641 4643 4626
f 4644 4643 4641
f 4628 4056 4638
f 3885 4636 3887
f 3887 4636 3895
f 4645 4641 3895
f 4600 936 4642
f 4646 4644 4641
f 4056 4062 4638
f 4645 4646 4641
f 4646 4645 4224
f 4604 4599 4640
f 4639 4635 4638
f 4059 4073 4642
f 4604 4640 4639
f 4638 4062 4070
f 3833 3904 3897
f 3904 3833 4576
f 4639 4638 4647
f 3904 4648 3903
f 3904 4649 4648
f 4647 4638 4070
f 3905 3903 3906
f 3923 3906 3903
f 4604 4639 4650
f 4604 4651 4605
f 4650 4639 4647
f 4651 4604 4650
f 3918 3921 3849
f 4080 4600 4642
f 4652 3918 3923
f 3923 4653 4652
f 4642 4073 4080
f 3923 3903 4654
f 4653 3923 4654
f 4652 3920 3918
f 3920 4652 4255
f 4080 4073 4081
f 4074 4126 4070
f 4608 4127 4088
f 4257 4255 4652
f 4080 4618 4600
f 4269 4257 4652
f 4589 3904 4576
f 4649 3904 4589
f 4126 4647 4070
f 4655 4648 4649
f 4386 4655 4649
f 4647 4126 4656
f 4648 4654 3903
f 4648 4655 4654
f 4649 4657 4386
f 4384 4386 4657
f 4618 4080 4079
f 4658 4655 4385
f 4655 4658 4654
f 4659 4611 4610
f 4385 4380 4658
f 4611 4659 4127
f 4385 4655 4386
f 4660 4127 4659
f 4657 4649 4589
f 4590 4657 4589
f 4656 4126 4661
f 4661 4126 4131
f 4590 4384 4657
f 4662 4658 4408
f 4658 4653 4654
f 4658 4662 4653
f 4269 4652 4653
f 4653 4662 4269
f 4662 4408 4269
f 4268 4269 4408
f 4099 4097 4050
f 4408 4658 4404
f 4404 4658 4380
f 3838 3831 4137
f 4407 4404 4405
f 4284 4268 4408
f 4039 4620 4663
f 4128 4127 4664
f 4664 4142 4128
f 4663 4665 4103
f 3920 4607 3921
f 4607 3920 4633
f 4660 4664 4127
f 4256 4633 3920
f 4256 4637 4633
f 4099 4101 4097
f 4661 4131 4150
f 4101 4105 4097
f 4666 4637 4256
f 4150 4131 4145
f 4667 4636 4637
f 4043 4039 4103
f 4256 4231 4666
f 4039 4663 4103
f 4103 4665 4102
f 4667 4637 4666
f 4668 4142 4664
f 4667 4669 4636
f 4233 4669 4667
f 4666 4231 4667
f 4102 4665 4106
f 4233 4667 4231
f 4665 4663 4670
f 4664 4660 4671
f 4663 4672 4670
f 4669 3895 4636
f 4671 4668 4664
f 4669 4673 3895
f 4673 4645 3895
f 4106 4665 4670
f 4114 4106 4670
f 4672 4674 4670
f 4114 4670 4674
f 4645 4673 4224
f 4104 4097 4105
f 4669 4233 4673
f 4236 4673 4233
f 4673 4236 4223
f 4630 4047 4055
f 3933 4675 4224
f 4223 4224 4673
f 4055 4111 4110
f 4110 4630 4055
f 4055 4097 4096
f 4650 4676 4651
f 4096 4111 4055
f 4650 4647 4677
f 4610 4605 4678
f 4605 4651 4678
f 4656 4677 4647
f 4677 4676 4650
f 3820 3822 4630
f 4110 3820 4630
f 4659 4610 4678
f 4677 4656 4679
f 4678 4651 4676
f 4677 4680 4678
f 4677 4678 4676
f 4679 4680 4677
f 4680 4659 4678
f 4680 4679 4681
f 4096 4095 4111
f 4656 4661 4679
f 4682 4681 4679
f 4109 3820 4110
f 4683 4659 4680
f 4683 4660 4659
f 4684 4683 4681
f 4684 4660 4683
f 4683 4680 4681
f 4682 4679 4661
f 4682 4661 4150
f 4681 4682 4685
f 4684 4681 4685
f 4660 4684 4686
f 4687 4684 4685
f 4104 4106 4114
f 4685 4682 4688
f 4682 4150 4689
f 4688 4682 4689
f 4660 4686 4671
f 4687 4686 4684
f 4113 4115 4104
f 4690 4686 4687
f 4687 4685 4688
f 4687 4688 4690
f 4690 4688 4689
f 4689 4150 4161
f 4691 4690 4689
f 4229 4124 4121
f 4114 4242 4692
f 4692 4113 4114
f 4121 4113 4692
f 4229 4121 4692
f 4095 4117 4111
f 4693 4109 4111
f 4117 4693 4111
f 4693 4117 4245
f 4579 3820 4109
f 4579 4109 4693
f 4117 4123 4245
f 4247 4693 4245
f 4123 4124 4245
f 4253 4579 4693
f 4247 4253 4693
f 4258 4260 4253
f 4260 4579 4253
f 4260 4261 4579
f 4694 4620 4618
f 4694 4618 4079
f 4672 4663 4620
f 4079 4081 4125
f 4252 4079 4125
f 4694 4079 4252
f 4695 4620 4694
f 4620 4695 4672
f 4674 4672 4695
f 4125 3318 4252
f 4249 4694 4252
f 4239 4674 4695
f 4114 4674 4239
f 4695 4694 4249
f 4249 4252 3317
f 4695 4249 4240
f 4242 4114 4239
f 4239 4695 4240
f 4279 3644 3666
f 4279 3661 3644
f 4279 3666 4696
f 3434 4697 3650
f 3692 3434 3438
f 4696 3666 4698
f 4698 3666 4697
f 4698 4697 4699
f 3650 4697 3666
f 4700 4697 3434
f 3692 4700 3434
f 4699 4697 4701
f 4701 4697 4700
f 4702 4701 4700
f 4265 3661 4279
f 4278 4279 4696
f 4703 4278 4696
f 4278 4703 4302
f 4293 4278 4302
f 4703 4696 4698
f 4704 4698 4699
f 4703 4698 4704
f 4302 4703 4704
f 4704 4699 4701
f 4701 4702 4705
f 4704 4701 4705
f 4704 4705 4706
f 3690 4302 4704
f 3690 4704 4706
f 3690 4706 3520
f 4706 4705 3709
f 3708 3520 4706
f 4700 3692 4707
f 4708 4702 4700
f 4708 4700 4707
f 4708 4707 4709
f 4709 4707 4710
f 4711 4709 4710
f 4711 4710 4712
f 3582 3697 3558
f 4707 3692 3697
f 4710 3697 4713
f 4712 4710 4713
f 4707 3697 4710
f 4713 3697 3582
f 4713 3582 4714
f 4714 3582 4715
f 4715 3582 3587
f 3607 4715 3587
f 4716 4715 3607
f 4714 4715 4716
f 4712 4713 4714
f 4717 4712 4714
f 4718 4714 4716
f 4714 4718 4719
f 4702 4708 4705
f 4705 4708 4720
f 4721 4708 4709
f 4721 4720 4708
f 3709 4705 4720
f 4721 4709 4722
f 4711 4722 4709
f 3709 4720 4721
f 3709 4721 3722
f 3722 4721 4722
f 4706 3709 3708
f 3722 3710 3709
f 4717 4711 4712
f 4722 4711 4717
f 4717 4723 4722
f 4723 4717 4719
f 4723 3722 4722
f 3722 4723 3723
f 3723 4723 4017
f 4017 4723 4719
f 4016 3723 4017
f 3721 3723 4016
f 4724 4017 4719
f 4017 4724 4025
f 4719 4717 4714
f 4719 4718 4724
f 4025 4724 4725
f 4245 4124 4246
f 4243 4254 4246
f 4243 4244 4254
f 4692 4242 4339
f 4339 4229 4692
f 4228 4229 4339
f 4227 4339 4225
f 4227 4228 4339
f 4243 4124 4229
f 4243 4229 4241
f 4246 4124 4243
f 4726 4727 4728
f 4727 4726 4729
f 4730 4731 4732
f 4733 4734 4735
f 4734 4733 4736
f 4737 4730 4732
f 3572 4738 3777
f 4735 4739 4733
f 4740 4741 4729
f 4742 4743 4744
f 4745 4746 4747
f 4746 4748 4747
f 3569 4749 3572
f 4750 4727 4751
f 3572 4749 4738
f 4738 4749 4752
f 4753 4754 4743
f 4755 4752 4749
f 4751 4727 4756
f 4729 4756 4727
f 4743 4754 4744
f 4752 4755 4757
f 4758 4759 4745
f 4760 4756 4761
f 4762 4745 4759
f 4763 4757 4755
f 4764 4753 4765
f 4757 4766 4752
f 4767 3777 4738
f 4762 4759 4768
f 4769 3789 3788
f 4760 4751 4756
f 3793 4769 3788
f 4762 4746 4745
f 4769 3793 4770
f 4771 4772 4773
f 4754 4774 4744
f 4775 4776 4768
f 4777 4773 4772
f 4778 4779 4746
f 4733 4780 4736
f 4781 4753 4764
f 4780 4782 4736
f 4754 4753 4781
f 4783 4771 4773
f 4774 4754 4781
f 4784 3580 3575
f 4785 4781 4764
f 3607 3580 4786
f 4787 4788 4789
f 4790 4788 4787
f 4781 4791 4774
f 4790 4792 4793
f 4794 4781 4785
f 4795 4773 4796
f 4781 4794 4791
f 4797 3580 4784
f 4797 4786 3580
f 4798 4799 4747
f 4748 4798 4747
f 4742 3567 4800
f 4801 4798 4802
f 3568 3567 4803
f 768 769 4804
f 4783 4805 4806
f 4748 4807 4798
f 769 1094 4808
f 4808 4804 769
f 4779 4748 4746
f 4779 4807 4748
f 3567 4742 4803
f 4741 4809 4729
f 4798 4807 4802
f 4803 4810 4811
f 3568 4803 3570
f 4812 4813 4805
f 4804 3519 768
f 4773 4805 4783
f 4805 4773 4812
f 4803 4811 3570
f 4809 4756 4729
f 3575 3519 4804
f 4803 4742 4810
f 4809 4761 4756
f 4814 3575 4804
f 4742 4744 4810
f 4744 4774 4810
f 4814 4804 4808
f 4809 4741 4815
f 4810 4816 4811
f 4812 4773 4795
f 4812 4795 4817
f 4808 1094 1100
f 4815 4818 4809
f 4799 4798 4819
f 4816 3603 4811
f 4801 4819 4798
f 4761 4809 4818
f 4820 4810 4774
f 4821 4808 1100
f 4821 1100 1105
f 4818 4760 4761
f 4816 4810 4822
f 4823 4818 4815
f 4823 4815 4824
f 4825 4816 4822
f 4822 4810 4820
f 4826 4801 4827
f 4802 4827 4801
f 4739 4828 4829
f 4822 4830 4825
f 4829 4780 4739
f 4822 4820 4831
f 4830 4822 4831
f 4832 4815 4833
f 4814 4808 4821
f 4832 4824 4815
f 4780 4829 4834
f 4814 4821 4835
f 3570 4811 3603
f 4836 4837 4807
f 4816 4825 3603
f 4838 4795 4839
f 4835 4821 1105
f 4837 4840 4807
f 4825 3604 3603
f 4795 4838 4817
f 4841 4835 1105
f 4779 4836 4807
f 4842 4843 4838
f 4830 3604 4825
f 4778 4836 4779
f 4844 4823 4824
f 4845 3604 4830
f 4846 4823 4844
f 3604 4847 3611
f 4848 4844 4824
f 4834 4782 4780
f 4834 4849 4782
f 4784 3575 4814
f 4849 4834 4850
f 4791 4820 4774
f 4851 4852 4853
f 4837 4836 4854
f 4855 4856 4857
f 4857 4848 4855
f 4857 4858 4848
f 4791 4794 4859
f 4860 4854 4836
f 4831 4820 4791
f 1385 1384 4861
f 4862 4784 4814
f 4840 4863 4807
f 4835 4862 4814
f 4864 1385 4865
f 4807 4863 4866
f 1441 4861 1384
f 4861 1441 4867
f 4831 4791 4859
f 4802 4807 4866
f 4868 4869 4870
f 4871 4872 4873
f 4874 4840 4837
f 4854 4874 4837
f 4862 4797 4784
f 4840 4874 4863
f 4873 4872 4875
f 4862 4835 4876
f 4869 4877 4878
f 4877 4869 4879
f 4880 4863 4874
f 4881 4862 4876
f 4882 4878 4877
f 4883 4884 4826
f 4883 4885 4884
f 4764 4765 4871
f 4764 4871 4785
f 4871 4873 4785
f 4841 4886 4835
f 4877 4879 4887
f 4888 4889 4890
f 4886 4841 4891
f 4888 4890 4892
f 4893 4886 4891
f 4785 4873 4894
f 4875 4895 4873
f 4896 4897 4898
f 1105 1124 4841
f 4899 4895 4875
f 4896 4898 4888
f 4900 4883 4826
f 4901 4897 4896
f 4841 1124 1176
f 4902 4899 4903
f 4841 1176 4891
f 4902 4895 4899
f 4904 4883 4900
f 4905 4730 4906
f 4737 4906 4730
f 4737 4907 4906
f 4908 4895 4902
f 4895 4908 4873
f 4909 4904 4900
f 1176 1164 4910
f 4910 1164 1197
f 4911 4904 4909
f 4912 4873 4908
f 4891 1176 4910
f 4911 4909 4913
f 4914 4915 4916
f 4917 1453 4918
f 4802 4866 4827
f 4919 4902 4903
f 4908 4902 4920
f 4920 4902 4919
f 4920 4919 4921
f 4910 1205 4922
f 4827 4866 4923
f 4917 4918 4924
f 4917 4924 4925
f 1205 4910 1197
f 4785 4894 4794
f 4891 4926 4893
f 4926 4891 4910
f 4927 4925 4924
f 4894 4873 4912
f 4912 4928 4894
f 4929 4926 4922
f 4922 4926 4910
f 4930 4925 4927
f 4794 4931 4859
f 4894 4931 4794
f 4900 4826 4827
f 4876 4835 4932
f 4933 4927 4924
f 4928 4931 4894
f 4886 4932 4835
f 4934 4935 4936
f 4931 4928 4937
f 4932 4886 4938
f 4877 4887 4882
f 4886 4893 4938
f 4939 4908 4920
f 4928 4912 4939
f 4939 4912 4908
f 4940 4876 4932
f 4941 4942 4882
f 4943 4932 4944
f 4945 4920 4921
f 4946 4945 4921
f 4947 4920 4945
f 4866 4863 4948
f 4893 4949 4938
f 4941 4882 4887
f 4950 4947 4945
f 4932 4938 4944
f 4923 4866 4948
f 4941 4887 4951
f 4939 4920 4947
f 4948 4863 4880
f 4950 4952 4953
f 4954 4955 4956
f 4957 4958 4959
f 4777 4960 4796
f 4960 4777 4961
f 4796 4960 4962
f 4953 4947 4950
f 4949 4893 4954
f 4960 4959 4962
f 4939 4947 4963
f 4963 4947 4953
f 4964 4948 4880
f 4949 4954 4965
f 4751 4760 4966
f 4772 4961 4777
f 4937 4928 4967
f 4963 4967 4928
f 4968 4965 4954
f 4796 4773 4777
f 4954 4956 4968
f 4963 4928 4939
f 4893 4926 4954
f 4969 4923 4948
f 4955 4926 4929
f 4970 4971 4972
f 4972 4973 4970
f 4955 4954 4926
f 4974 4970 4973
f 4956 4955 4975
f 4976 4977 4760
f 4968 4956 4975
f 4760 4977 4978
f 4969 4948 4964
f 4979 4978 4977
f 4716 3607 4980
f 4981 4982 4983
f 4980 3607 4786
f 4982 4981 4984
f 4984 4981 4985
f 4979 4977 4986
f 4987 4982 4984
f 4969 4988 4923
f 4987 4984 4989
f 4900 4827 4909
f 4976 4760 4818
f 4846 4818 4823
f 4818 4846 4990
f 4980 4786 4991
f 4981 4983 4985
f 4991 4992 4980
f 4990 4976 4818
f 4984 4985 4993
f 4985 4983 4994
f 4985 4994 4995
f 4993 4985 4995
f 4996 4997 4998
f 4999 4716 4992
f 5000 4976 4990
f 5001 4997 5002
f 5001 5003 4998
f 5001 4998 4997
f 4999 4992 5004
f 5003 5001 5002
f 4996 5002 4997
f 5005 4998 5003
f 4977 4976 5000
f 4996 5006 5002
f 5007 5002 5006
f 4992 4991 5008
f 4909 4827 4988
f 5006 5009 5007
f 5006 4996 5010
f 5007 5003 5002
f 4827 4923 4988
f 5011 4989 4984
f 5012 4977 5000
f 4986 4977 5012
f 4993 5013 5014
f 4993 4995 5013
f 5015 5016 5017
f 5011 4984 4993
f 5011 4993 5014
f 5018 5014 5013
f 5015 5017 5019
f 5019 5020 5021
f 5018 5013 5022
f 5019 5021 5023
f 5018 5022 5005
f 5024 5025 5026
f 5027 5026 5025
f 5028 5029 4987
f 5028 4987 4989
f 5019 5023 5030
f 4909 5031 4913
f 5011 5028 4989
f 5032 5025 5033
f 5025 5032 5027
f 5019 5030 5034
f 5035 5036 5028
f 5035 5028 5011
f 5011 5037 5035
f 5030 5023 5038
f 5035 5037 5039
f 5040 5041 5037
f 5042 5043 4988
f 5044 4962 5045
f 5046 5041 5047
f 5048 5005 5003
f 5049 5044 5045
f 5048 5018 5005
f 4988 5031 4909
f 5037 5011 5014
f 5043 5031 4988
f 5037 5014 5018
f 5040 5037 5018
f 5050 5034 5030
f 5050 5030 5051
f 5051 5030 5052
f 5053 5044 5054
f 5048 5047 5018
f 5040 5018 5047
f 5049 5054 5044
f 5047 5041 5040
f 5055 5052 5056
f 5057 5058 5059
f 5059 5058 5060
f 5061 5013 5062
f 5052 5055 5051
f 5061 5057 5022
f 5005 5022 5057
f 5022 5013 5061
f 5063 5051 5055
f 5059 4998 5005
f 5055 5056 5064
f 5053 5054 5065
f 5053 5065 5066
f 5057 5059 5005
f 5067 5068 5069
f 5057 5070 5058
f 4964 5071 4969
f 5063 5055 5064
f 5070 5072 4971
f 4971 4970 5058
f 4969 5073 5042
f 5067 5069 5074
f 4971 5058 5070
f 4971 5072 4972
f 5061 5062 5075
f 5075 5057 5061
f 5071 5073 4969
f 5057 5075 5070
f 5076 5077 5078
f 5059 5060 4996
f 5079 5077 5076
f 5049 5080 5081
f 5060 5058 5082
f 5082 5058 4970
f 5060 5082 5083
f 5084 5082 4970
f 5085 5086 4949
f 5083 4996 5060
f 5087 5088 5069
f 5082 5084 5083
f 5069 5088 5074
f 5089 4996 5083
f 4949 4965 5085
f 4996 4998 5059
f 5090 5073 4982
f 4974 5084 4970
f 5056 5076 5091
f 5056 5091 5092
f 5056 5092 5064
f 5093 5006 5094
f 5042 4988 4969
f 5064 5092 5095
f 4916 5064 5095
f 5096 5094 5006
f 5096 5006 5010
f 5095 5092 5097
f 4796 4839 4795
f 5097 5098 5095
f 5096 5010 5089
f 4839 4796 5044
f 5044 5099 4839
f 5094 5096 5100
f 5096 5101 5102
f 5044 4796 4962
f 4915 5064 4916
f 5093 5009 5006
f 5090 5043 5042
f 5103 5009 5093
f 5104 5009 5103
f 5103 5105 5104
f 5073 5090 5042
f 5105 5046 5104
f 5105 5103 5093
f 1205 1216 5106
f 5107 5046 5105
f 4922 1205 5106
f 5046 5047 5104
f 5108 5109 4770
f 5099 5044 5053
f 5105 5093 5110
f 5111 5105 5110
f 5112 4922 5106
f 5093 5100 5110
f 5110 5113 5111
f 5106 1216 1221
f 5114 4168 4164
f 5113 5110 5100
f 5115 5105 5111
f 5105 5115 5107
f 5115 5111 5113
f 4842 4839 5099
f 5115 5113 5116
f 4838 4839 4842
f 5100 5093 5094
f 5102 5100 5096
f 1329 5106 1221
f 5106 1329 5117
f 5108 5118 5109
f 5119 5120 5121
f 5122 5123 5124
f 4929 4922 5112
f 5125 5120 5119
f 5126 5089 5083
f 5010 4996 5089
f 5112 5106 5117
f 4178 4168 5127
f 5128 5126 5084
f 5084 5126 5083
f 5084 4974 5128
f 5129 5128 4974
f 5130 5127 4168
f 5131 5126 5128
f 4844 5132 4846
f 4180 4178 5127
f 5101 5096 5089
f 5133 4990 5121
f 5101 5089 5131
f 5134 1329 1318
f 5000 4990 5133
f 5135 5102 5101
f 5121 4990 4846
f 4846 5119 5121
f 5135 5101 5131
f 5131 5089 5126
f 5117 1329 5134
f 5132 5119 4846
f 4848 5132 4844
f 5136 5117 5134
f 5119 5132 5125
f 5132 4858 5125
f 5137 4972 5138
f 5137 4973 4972
f 5136 5134 5139
f 5072 5138 4972
f 4858 5132 4848
f 4929 4975 4955
f 5138 5072 5140
f 4929 5112 5141
f 5142 5000 5133
f 4216 4182 4180
f 5143 5144 5145
f 4975 4929 5141
f 5146 4216 4180
f 5127 5146 4180
f 5138 5140 5147
f 5148 5142 5133
f 5147 5140 5149
f 5140 5143 5150
f 5148 5133 5151
f 5149 5140 5150
f 5012 5000 5142
f 4973 5137 5152
f 5142 5148 5012
f 5141 5112 5153
f 5012 5148 5154
f 5152 5137 5155
f 5153 5112 5156
f 5151 5157 5148
f 5129 4973 5152
f 5154 5148 5157
f 4885 5146 5127
f 5158 5129 5152
f 5155 5158 5152
f 5138 5147 5137
f 4975 5141 5159
f 5160 5133 5121
f 5159 5141 5153
f 4883 5146 4885
f 5155 5137 5147
f 5161 4975 5159
f 5159 5162 5161
f 5160 5121 5120
f 5133 5160 5151
f 5163 5155 5147
f 5163 5147 5164
f 5153 5165 5162
f 5162 5159 5153
f 5160 5120 5166
f 5149 5167 5147
f 5168 5162 5165
f 4220 4216 5169
f 4216 5146 5169
f 5170 5171 5172
f 4842 5099 5173
f 5156 5112 5117
f 5170 5172 5174
f 5156 5117 5136
f 5099 5053 5066
f 5175 5176 5170
f 5156 5136 5165
f 5175 5170 5174
f 5173 5099 5066
f 5145 5175 5174
f 5177 4220 5169
f 5178 5173 5066
f 5146 5179 5177
f 5156 5165 5153
f 5179 5146 4883
f 5145 5150 5143
f 5150 5145 5180
f 5149 5150 5167
f 5178 5066 5065
f 5180 5181 5150
f 5180 5145 5174
f 5178 5182 5173
f 5183 5174 5172
f 5184 5174 5183
f 5169 5146 5177
f 5185 5120 5125
f 5180 5174 5184
f 5166 5120 5185
f 5186 5187 5188
f 5189 5190 5191
f 5186 5190 5187
f 5185 5192 5193
f 5167 5164 5147
f 5187 5190 5189
f 5194 5187 5189
f 5195 5196 5164
f 5197 5125 4858
f 5198 5199 4857
f 5200 5189 5191
f 5201 4857 5199
f 4858 5201 5197
f 5167 5150 5181
f 5167 5181 5195
f 5195 5164 5167
f 4965 4968 5202
f 5097 4965 5202
f 5181 5180 5203
f 5197 5192 5125
f 5185 5125 5192
f 5184 5203 5180
f 5204 5205 5206
f 5204 5206 5207
f 5181 5208 5195
f 5203 5208 5181
f 5207 5206 5209
f 5210 5211 5193
f 4904 5179 4883
f 5129 4974 4973
f 5160 5166 5212
f 5212 5151 5160
f 5206 5168 5213
f 5168 5214 5213
f 5213 5214 5215
f 5158 5216 5129
f 5151 5217 5157
f 5217 5218 5157
f 5219 5151 5212
f 5217 5151 5219
f 5163 5158 5155
f 5218 5217 5219
f 5158 5163 5220
f 5221 5213 5215
f 5177 5179 5222
f 5223 5224 5225
f 5226 5227 5215
f 5220 5216 5158
f 5222 5228 5177
f 5229 5095 5098
f 5216 5220 5230
f 5231 5229 5098
f 5232 5229 5231
f 5166 5185 5233
f 5232 5231 5207
f 5163 5164 5234
f 5234 5164 5196
f 5193 5233 5185
f 5235 5196 5195
f 5236 5166 5233
f 5235 5237 5196
f 5220 5163 5234
f 5236 5233 5238
f 5239 5237 5235
f 5222 5240 5241
f 5237 5234 5196
f 5229 4916 5095
f 5242 5220 5234
f 5235 5195 5208
f 5228 4220 5177
f 5243 5244 5245
f 5246 5233 5193
f 4916 5229 5247
f 5208 5203 5248
f 3331 4220 5228
f 3331 5228 3332
f 5249 5239 5235
f 5235 5208 5249
f 5249 5208 5250
f 5208 5248 5250
f 5251 5229 5232
f 5251 5232 5252
f 5251 5247 5229
f 5242 5234 5237
f 5253 5244 5254
f 5242 5230 5220
f 5255 5244 5253
f 5209 5213 5221
f 5233 5246 5238
f 5256 5232 5221
f 5232 5256 5252
f 5242 5257 5230
f 5237 5239 5258
f 5212 5166 5236
f 5242 5237 5258
f 5256 5221 5259
f 5260 5242 5258
f 3332 5228 5241
f 5242 5260 5257
f 5239 5260 5258
f 5249 5260 5239
f 5261 5212 5236
f 5262 5260 5249
f 5262 5249 5250
f 5241 5228 5222
f 5227 5259 5221
f 5260 5262 5263
f 5264 5265 5219
f 5252 5256 5266
f 5072 5075 5267
f 5070 5075 5072
f 5268 5222 5179
f 5072 5267 5269
f 5268 5179 4904
f 5193 5211 5246
f 5140 5072 5269
f 5269 5267 5143
f 5238 5261 5236
f 5266 5270 5271
f 5143 5140 5269
f 5266 5256 5259
f 5266 5259 5270
f 5240 5222 5268
f 5272 5261 5238
f 5273 5264 5272
f 5266 5274 5275
f 5274 5266 5271
f 5131 5128 5216
f 5216 5128 5129
f 5271 5270 5276
f 5221 5215 5227
f 5273 5277 5264
f 5188 5187 5278
f 5268 4904 4911
f 5279 5268 4911
f 5216 5230 5280
f 5278 5187 5194
f 5281 5272 5238
f 5282 5113 5283
f 5283 5113 5100
f 5240 5268 5279
f 5116 5113 5282
f 5116 5284 5115
f 5284 5116 5282
f 5226 5188 5278
f 5240 5279 5285
f 5226 5278 5286
f 5282 5283 5287
f 5284 5282 5287
f 5286 5278 5194
f 5287 5283 5288
f 5289 5290 5291
f 5283 5100 5102
f 5102 5292 5283
f 5227 5226 5293
f 5294 5295 5296
f 5288 5283 5292
f 5287 5288 5297
f 5298 5226 5299
f 5298 5299 5300
f 5301 5279 4911
f 4911 4913 5301
f 5302 5226 5298
f 5303 5224 5223
f 5303 5223 5304
f 5299 5226 5286
f 5305 5288 5292
f 5297 5288 5305
f 5285 5279 5301
f 5194 5189 5306
f 5189 5200 5306
f 5286 5194 5307
f 5135 5131 5308
f 5309 5253 5254
f 5310 5135 5308
f 5307 5194 5306
f 5131 5216 5311
f 5312 5255 5253
f 5306 5200 5313
f 5308 5131 5311
f 5314 4914 5315
f 5312 5253 5309
f 5316 5314 5315
f 5317 5306 5313
f 4942 5317 5313
f 4942 5313 4882
f 5318 5316 5315
f 5302 5298 5319
f 5307 5300 5286
f 5300 5299 5286
f 5320 5308 5311
f 5317 5300 5307
f 5289 5321 5309
f 5312 5309 5321
f 5259 5227 5270
f 5318 5322 5323
f 5102 5135 5310
f 5292 5102 5310
f 5324 5277 5273
f 5325 5272 5281
f 5270 5326 5276
f 5325 5281 5327
f 5327 5281 5328
f 4850 5318 5329
f 5274 5271 5276
f 5329 5330 4850
f 5331 5332 5328
f 5276 5333 5274
f 5310 5308 5320
f 5327 5328 5332
f 5334 5292 5310
f 5325 5327 5335
f 5276 5336 5333
f 5310 5320 5334
f 5334 5320 5337
f 5335 5327 5338
f 5339 5335 5338
f 5273 5272 5340
f 5340 5324 5273
f 5297 5305 5341
f 5342 5297 5341
f 5336 5343 5333
f 5344 5305 5345
f 5346 5341 5344
f 5344 5341 5305
f 5347 5345 5305
f 5305 5292 5334
f 5348 5333 5349
f 5343 5349 5333
f 5347 5305 5334
f 4874 4854 5350
f 5335 5351 5325
f 5352 4874 5350
f 5335 5339 5353
f 5349 5354 5355
f 5356 5345 5347
f 5357 4874 5352
f 5358 5339 5338
f 5353 5351 5335
f 4880 4874 5357
f 5354 5349 5359
f 5356 5360 5345
f 5329 5318 5323
f 5270 5227 5293
f 5339 5358 5353
f 5361 5353 5358
f 5293 5326 5270
f 5323 5362 5363
f 5364 5351 5353
f 5364 5353 5365
f 5347 5334 5337
f 5326 5293 5302
f 5329 5323 5363
f 5302 5293 5226
f 5363 5366 5329
f 5291 5321 5289
f 5337 5320 5367
f 5336 5276 5326
f 5321 5291 5294
f 5368 5369 5337
f 5337 5367 5368
f 5343 5336 5370
f 5371 5352 5372
f 5370 5373 5343
f 5374 5347 5337
f 5356 5347 5374
f 5375 5321 5294
f 5369 5374 5337
f 5373 5376 5343
f 5362 5377 5363
f 5362 5378 5377
f 5379 5375 5294
f 5373 5380 5381
f 5381 5376 5373
f 5375 5379 5382
f 5362 5323 5383
f 5376 5349 5343
f 5365 5353 5384
f 5361 5384 5353
f 5365 5384 5385
f 5361 5386 5384
f 5387 5384 5386
f 5385 5384 5388
f 5388 5389 5385
f 4850 5330 4849
f 5384 5387 5388
f 5390 5230 5257
f 5391 5392 5393
f 5394 5391 5393
f 5257 5260 5395
f 5395 5260 5396
f 5397 5398 5388
f 5388 5398 5389
f 5395 5396 5399
f 1381 5134 1318
f 5260 5263 5396
f 5350 4854 5400
f 5388 5387 5397
f 1381 1318 1330
f 5397 5387 5401
f 5257 5395 5390
f 5350 5372 5352
f 5402 5396 5263
f 5402 5399 5396
f 5400 5372 5350
f 5403 5397 5401
f 5404 5405 5390
f 4914 4916 5247
f 5315 4914 5247
f 1381 1380 5406
f 5390 5395 5407
f 5407 5395 5399
f 5408 5404 5390
f 5318 5315 5409
f 5407 5408 5390
f 5410 5255 5312
f 5315 5247 5409
f 5312 5411 5410
f 5134 1381 5139
f 5404 5408 5412
f 5321 5413 5312
f 5247 5322 5409
f 5411 5312 5413
f 5280 5311 5216
f 5414 5139 1381
f 5415 5411 5413
f 5318 5409 5322
f 5280 5416 5311
f 5414 1381 5406
f 5332 5417 5338
f 5327 5332 5338
f 5418 5280 5230
f 5416 5280 5418
f 5419 5417 5332
f 5406 1380 4864
f 5320 5311 5416
f 5357 5352 5371
f 5357 5371 5420
f 5416 5367 5320
f 1380 1385 4864
f 5358 5338 5417
f 1380 1383 1385
f 5421 4880 5357
f 5358 5386 5361
f 5422 5421 5357
f 5423 5424 5415
f 5390 5418 5230
f 5405 5418 5390
f 4864 5425 5406
f 5417 5386 5358
f 5321 5375 5413
f 5426 5427 5425
f 5428 5421 5422
f 5191 5427 5426
f 5418 5367 5416
f 5415 5413 5429
f 5426 5425 4870
f 5429 5413 5375
f 5430 5418 5405
f 5430 5405 5431
f 4870 4869 5426
f 5367 5418 5430
f 4878 5426 4869
f 5429 5375 5382
f 5322 5275 5274
f 5432 5367 5430
f 5433 5423 5415
f 5191 5426 4878
f 5415 5429 5433
f 5200 5191 4878
f 5434 5432 5430
f 5323 5322 5274
f 5274 5435 5323
f 5431 5434 5430
f 5313 5200 4878
f 5313 4878 4882
f 5434 5436 5432
f 5368 5367 5432
f 5387 5386 5437
f 4018 4025 5016
f 5435 5383 5323
f 4018 5016 5438
f 5433 5429 5382
f 4031 4018 5439
f 5440 5368 5432
f 5383 5435 5441
f 5439 4018 5438
f 5433 5382 5442
f 5438 5016 5015
f 5401 5387 5437
f 5431 5405 5443
f 5431 5443 5444
f 5445 5438 5015
f 5437 5403 5401
f 5446 5447 5371
f 5445 5015 5448
f 5405 5404 5443
f 5449 5450 5354
f 5371 5447 5420
f 5438 4451 5439
f 4031 5439 4451
f 5422 5420 5447
f 5451 5371 5372
f 5451 5446 5371
f 4451 5438 5445
f 5434 5431 5444
f 5422 5357 5420
f 4726 5452 5453
f 5454 5445 5448
f 5455 5453 5452
f 5446 5451 5456
f 5457 5453 5455
f 5458 5443 5404
f 5458 5404 5412
f 5444 5443 5458
f 5378 5383 5459
f 5454 5448 5460
f 4750 5461 4728
f 5412 5462 5458
f 5463 5454 5460
f 5458 5464 5444
f 5463 5465 5454
f 4726 5453 4740
f 5446 5466 5447
f 5458 5462 5467
f 5446 5456 5466
f 5468 5469 5463
f 4740 5453 5457
f 5457 5470 4740
f 5039 5471 5035
f 5472 5456 5451
f 5041 5039 5037
f 5473 5039 5041
f 5041 5046 5473
f 5471 5039 4731
f 4731 5039 5473
f 5448 5019 5034
f 5474 5422 5447
f 5448 5015 5019
f 5473 5046 5107
f 4750 4728 4727
f 4732 4731 5473
f 5473 5107 5475
f 5428 5422 5474
f 4732 5473 5476
f 5448 5034 5477
f 5477 5034 5478
f 4737 4732 4907
f 4907 4732 5476
f 4966 4750 4751
f 5475 5476 5473
f 5478 5034 5050
f 5479 4741 4740
f 5475 5480 5481
f 4833 4741 5479
f 5480 5482 5481
f 5470 5479 4740
f 5460 5448 5477
f 5482 5480 5483
f 5466 5484 5447
f 4815 4741 4833
f 5485 5484 5466
f 5477 5478 5468
f 5476 5486 4907
f 5476 5475 5481
f 5468 5463 5477
f 5487 5488 5489
f 5476 5481 5486
f 5474 5447 5484
f 5490 5488 5487
f 4451 5491 4064
f 5490 5492 5488
f 4064 5493 3566
f 5494 5474 5484
f 5172 5495 4966
f 5495 4750 4966
f 5496 5497 5498
f 5498 5497 4921
f 5494 5499 5474
f 5500 5501 4906
f 5493 4064 5491
f 5502 5486 5503
f 5504 5493 5491
f 5482 5486 5481
f 5482 5503 5486
f 4966 5505 5172
f 5503 5482 5506
f 5507 5493 5504
f 5503 5506 5508
f 5502 4907 5486
f 4906 4907 5502
f 5465 5491 5454
f 5172 5505 5183
f 4906 5502 5500
f 5428 5474 5499
f 5505 5509 5183
f 5493 3569 3566
f 5500 5502 5510
f 5502 5511 5510
f 5503 5511 5502
f 5493 5507 3569
f 4749 3569 5507
f 4946 4921 5497
f 5428 5499 5512
f 3789 5513 3791
f 4164 3791 5513
f 4760 4978 4966
f 5513 3789 5514
f 5515 5428 5512
f 3789 4769 5514
f 5497 5516 4946
f 4164 5513 5114
f 5505 4966 4978
f 5517 4952 4946
f 4946 4950 4945
f 4952 4950 4946
f 5505 4978 4979
f 5518 5519 5520
f 5519 5521 5522
f 5509 5505 4979
f 5522 5520 5519
f 5523 5518 5520
f 5520 5524 5523
f 5517 4946 5525
f 5516 5525 4946
f 5524 5520 5522
f 5524 5522 5525
f 5524 5525 5516
f 5525 5522 5526
f 5527 5499 5494
f 5528 5345 5521
f 5521 5345 5522
f 5528 5529 5345
f 5530 5529 5528
f 5526 5522 5345
f 4755 4749 5507
f 5512 5499 5527
f 5531 5509 4979
f 5506 5532 5533
f 5534 5535 5536
f 5537 5506 5533
f 5538 5509 5531
f 5513 5514 5535
f 4770 5514 4769
f 4770 5109 5514
f 5109 5535 5514
f 5114 5513 5535
f 5539 4952 5517
f 5525 5540 5517
f 5539 5517 5540
f 5541 5538 5542
f 5543 5515 5544
f 5536 5535 5109
f 4952 5539 4953
f 5544 5515 5512
f 5183 5545 5184
f 5526 5345 5360
f 5544 5512 5546
f 5525 5526 5540
f 5547 5544 5546
f 5547 5546 5548
f 5183 5509 5545
f 5526 5549 5540
f 5550 5546 5512
f 5512 5527 5550
f 5538 5545 5509
f 5549 5526 5360
f 5551 5549 5360
f 5552 5114 5535
f 5549 5551 5553
f 5551 5360 5554
f 5554 5360 5356
f 5555 5553 5551
f 5555 5551 5554
f 5556 5557 5555
f 5534 5552 5535
f 5554 5556 5555
f 5532 5558 5533
f 4168 5114 5552
f 5130 4168 5552
f 5510 5559 5500
f 5545 5538 5541
f 5548 5546 5550
f 5510 5560 5561
f 5511 5503 5508
f 5562 4763 5507
f 5203 5184 5545
f 5507 5504 5562
f 5548 5550 5563
f 5545 5564 5203
f 5560 5510 5511
f 5511 5508 5560
f 5564 5545 5541
f 5508 5506 5537
f 5560 5508 5537
f 5504 5491 5465
f 5469 5504 5463
f 5561 5560 5565
f 5469 5562 5504
f 5566 5560 5537
f 5463 5504 5465
f 5565 5567 5561
f 5421 4964 4880
f 5560 5566 5565
f 5533 5568 5537
f 5533 5558 5568
f 5568 5558 5569
f 4964 5421 5071
f 5469 5570 5562
f 5571 4979 4986
f 5531 4979 5571
f 4755 5507 4763
f 5354 5359 5572
f 4763 5573 4757
f 5572 5449 5354
f 5428 5071 5421
f 5571 5542 5531
f 5381 4771 5376
f 5574 5534 5536
f 5538 5531 5542
f 5109 5574 5536
f 5381 5380 5575
f 5381 5575 5576
f 5577 5542 5571
f 5542 5577 5578
f 5579 5541 5542
f 4763 5570 5580
f 4757 5573 5580
f 5581 5071 5428
f 5576 4771 5381
f 4763 5580 5573
f 5570 4763 5562
f 5582 5542 5578
f 5575 5380 5583
f 5584 4759 5574
f 5585 5580 5570
f 5579 5542 5582
f 4772 5575 5583
f 5584 5574 5109
f 5576 5575 4772
f 4772 4771 5576
f 5012 5577 4986
f 5571 4986 5577
f 5012 5154 5577
f 5578 5577 5154
f 5552 5534 4819
f 4771 5359 5376
f 5586 5587 5578
f 5428 5515 5581
f 5359 4771 4783
f 5588 5071 5581
f 4758 5534 5574
f 5349 5376 5359
f 4759 4758 5574
f 5589 5541 5579
f 5071 5588 5073
f 4819 5534 4758
f 4758 4799 4819
f 4726 4728 5452
f 5590 5591 5592
f 5592 5591 5593
f 5572 5359 4783
f 4768 4759 5584
f 4982 5073 5588
f 5592 5593 5594
f 5595 5594 5593
f 4806 5596 5572
f 4982 5588 4983
f 4806 5572 4783
f 5572 5596 5449
f 5203 5564 5248
f 4740 4729 4726
f 5130 4885 5127
f 5588 5581 4983
f 5597 5130 5552
f 4983 5581 4994
f 5598 5250 5248
f 5598 5248 5564
f 4994 5581 5599
f 5581 5515 5599
f 5552 4819 5597
f 5600 4994 5599
f 5541 5589 5564
f 4994 5600 4995
f 5597 4819 4801
f 5599 5515 5543
f 5564 5589 5601
f 5602 5599 5543
f 5602 5543 5603
f 5604 5605 5603
f 5604 5603 5543
f 5604 5543 5600
f 5547 5543 5544
f 5547 5600 5543
f 5599 5602 5604
f 5604 5602 5603
f 4884 5130 5597
f 5600 5599 5604
f 5600 5547 4995
f 5606 5601 5589
f 5601 5598 5564
f 5607 4995 5547
f 4884 4885 5130
f 4801 4884 5597
f 5608 5250 5598
f 4801 4826 4884
f 5607 5062 4995
f 5609 5608 5598
f 5013 4995 5062
f 5548 5610 5607
f 5469 5468 4828
f 5607 5547 5548
f 5608 5609 5611
f 5612 5611 5609
f 5062 5607 5613
f 5612 5609 5614
f 5613 5607 5610
f 5606 5615 5601
f 5478 5050 5616
f 5601 5615 5614
f 5075 5062 5613
f 5615 5606 5590
f 5598 5601 5609
f 5051 5063 5617
f 5616 5051 5617
f 5601 5614 5609
f 5468 5478 5618
f 5618 5478 5616
f 5618 5616 5619
f 5620 5621 5622
f 5024 5591 5622
f 5441 5623 5624
f 5620 5622 5591
f 5618 4828 5468
f 5435 5623 5441
f 5625 5485 5466
f 5579 5582 5626
f 5582 5620 5626
f 5582 5621 5620
f 5617 5619 5616
f 5348 5623 5435
f 5348 5627 5623
f 5591 5606 5620
f 5623 5628 5624
f 5619 4828 5618
f 5619 5617 5629
f 5630 5587 5586
f 5631 5587 5630
f 5623 5627 5628
f 5632 5628 5627
f 5024 5622 5025
f 5621 5631 5622
f 5629 5617 5063
f 5025 5622 5631
f 5633 5025 5631
f 5435 5274 5333
f 4915 5063 5064
f 4914 5063 4915
f 5485 5625 5634
f 5631 5582 5587
f 5621 5582 5631
f 5582 5578 5587
f 5629 5063 4914
f 5629 4914 5314
f 5485 5634 5635
f 5316 5619 5629
f 5333 5348 5435
f 5593 5591 5024
f 5593 5024 5636
f 4829 5619 5316
f 5026 5636 5024
f 5619 4829 4828
f 5026 5637 5636
f 5638 5639 5634
f 5593 5636 5640
f 5634 5625 5638
f 5595 5593 5640
f 5640 5636 5637
f 4829 4850 4834
f 4829 5318 4850
f 5316 5318 4829
f 5641 5639 5638
f 5642 5640 5637
f 5606 5591 5590
f 5635 5634 5639
f 5635 5639 5643
f 5314 5316 5629
f 5027 5637 5026
f 5441 5459 5383
f 5027 5642 5637
f 5642 5027 5032
f 4735 5585 5570
f 5466 5456 5625
f 5644 5642 5032
f 5644 5032 5033
f 4828 4739 5469
f 5645 5642 5644
f 5626 5589 5579
f 5646 5625 5456
f 5570 5469 4735
f 5469 4739 4735
f 5589 5626 5606
f 5606 5626 5620
f 5646 5638 5625
f 4745 4747 4758
f 4799 4758 4747
f 5250 5608 5262
f 5262 5608 5611
f 5494 5484 5485
f 5154 5586 5578
f 4733 4739 4780
f 5646 5641 5638
f 5586 5154 5157
f 5630 5586 5647
f 5627 5348 5349
f 5627 5349 5355
f 5633 5033 5025
f 5627 5355 5632
f 5033 5633 5630
f 5633 5631 5630
f 5648 5649 5639
f 5647 5650 5630
f 5648 5641 5651
f 5157 5218 5586
f 5218 5647 5586
f 5652 5647 5218
f 5647 5652 5650
f 5639 5641 5648
f 5652 5653 5650
f 5639 5649 5643
f 5219 5265 5218
f 5218 5265 5652
f 5355 5354 5654
f 5355 5654 5632
f 5655 5033 5630
f 5450 5654 5354
f 5655 5630 5650
f 5655 5650 5653
f 5223 5655 5653
f 5644 5033 5655
f 5225 5644 5655
f 5225 5655 5223
f 5452 5651 5455
f 5651 5641 5656
f 5657 5653 5652
f 5657 5652 5265
f 5656 5455 5651
f 5658 5653 5657
f 5659 5660 5661
f 5223 5653 5304
f 5494 5485 5635
f 5304 5653 5658
f 5662 5635 5643
f 5657 5265 5277
f 5657 5663 5658
f 5264 5277 5265
f 5664 5635 5662
f 5665 5664 5662
f 5594 5666 5592
f 5590 5592 5615
f 5615 5592 5666
f 5666 5667 5668
f 5669 5594 5595
f 5667 5666 5594
f 5669 5667 5594
f 5527 5494 5664
f 5635 5664 5494
f 5668 5667 5670
f 5670 5667 5669
f 5550 5527 5664
f 5664 5671 5550
f 5671 5563 5550
f 5672 5671 5664
f 5671 5673 5563
f 5610 5548 5563
f 5615 5666 5674
f 5563 5675 5610
f 5563 5673 5675
f 5673 5144 5675
f 5612 5614 5615
f 5674 5612 5615
f 5672 5664 5665
f 5612 5674 5676
f 5673 5671 5672
f 5176 5673 5672
f 5665 5176 5672
f 5176 5144 5673
f 5402 5677 5399
f 5678 5399 5677
f 5408 5407 5678
f 5407 5399 5678
f 5145 5144 5175
f 5666 5668 5679
f 5649 5461 5680
f 5679 5668 5681
f 5668 5670 5681
f 5649 5680 5643
f 5682 5679 5681
f 5683 5676 5679
f 5683 5679 5684
f 5612 5676 5685
f 5680 5662 5643
f 5683 5685 5676
f 5685 5683 5684
f 5684 5679 5682
f 5649 5648 5651
f 5651 5461 5649
f 5452 5461 5651
f 5452 4728 5461
f 5640 5686 5595
f 5686 5640 5687
f 5687 5640 5642
f 5680 5461 4750
f 5595 5686 5669
f 5687 5688 5686
f 5689 5686 5688
f 5645 5644 5690
f 5665 5662 5680
f 5665 5680 5171
f 5642 5645 5687
f 5665 5171 5176
f 5691 5645 5692
f 5687 5645 5691
f 5176 5171 5170
f 5688 5687 5691
f 5669 5686 5689
f 5680 4750 5495
f 5689 5688 5693
f 5670 5669 5694
f 5694 5669 5689
f 5171 5680 5495
f 5693 5695 5689
f 5695 5694 5689
f 5172 5171 5495
f 5688 5691 5693
f 5144 5176 5175
f 5696 5693 5691
f 5697 5693 5696
f 5610 5675 5267
f 5610 5267 5613
f 5693 5698 5695
f 5267 5075 5613
f 5675 5144 5267
f 5698 5693 5697
f 5144 5143 5267
f 4913 5031 5699
f 5408 5700 5412
f 5700 5408 5678
f 5701 5700 5678
f 5031 5702 5699
f 5702 5031 5043
f 5700 5703 5412
f 5704 5700 5701
f 5670 5682 5681
f 5705 5702 5706
f 5670 5707 5682
f 5684 5682 5708
f 5709 5705 5706
f 5710 5684 5711
f 4987 5090 4982
f 5711 5684 5708
f 5712 5711 5708
f 5462 5412 5703
f 5704 5703 5700
f 5703 5704 5713
f 5090 5714 5043
f 5706 5043 5714
f 5703 5713 5715
f 5716 5703 5715
f 5702 5043 5706
f 5717 5704 5701
f 5713 5704 5717
f 5714 5090 5718
f 5717 5719 5713
f 5670 5694 5707
f 5718 5090 4987
f 5718 4987 5029
f 5720 5695 5698
f 5695 5720 5694
f 5721 5707 5694
f 5721 5694 5720
f 5706 5714 5709
f 5698 5722 5720
f 5721 5720 5722
f 5722 5698 5723
f 5724 5714 5718
f 5724 5718 5029
f 5028 5036 5029
f 5709 5714 5724
f 5722 5725 5721
f 5725 5722 5726
f 5724 5029 5727
f 5036 5727 5029
f 5707 5728 5682
f 5708 5682 5728
f 5712 5708 5729
f 5728 5707 5721
f 5730 5728 5721
f 5731 5732 5712
f 5729 5731 5712
f 5729 5733 5731
f 5734 5709 5735
f 5735 5724 5727
f 5731 5733 5736
f 5737 5735 5727
f 5731 5736 5738
f 5709 5724 5735
f 5736 5733 5739
f 5739 5740 5736
f 5727 5036 5741
f 5741 5036 5035
f 5741 5737 5727
f 5471 5741 5035
f 5263 5262 5611
f 5611 5402 5263
f 5742 5709 5734
f 5611 5612 5743
f 5402 5611 5743
f 5685 5743 5612
f 4875 5734 5744
f 5677 5402 5685
f 5402 5743 5685
f 5745 5734 5735
f 5744 5734 5745
f 5745 5735 5737
f 5746 5745 5737
f 5737 5741 5746
f 5744 5745 5747
f 5677 5685 5710
f 5746 5747 5745
f 5685 5684 5710
f 5677 5701 5678
f 5748 5701 5677
f 5744 5747 4899
f 5749 5677 5710
f 5711 5749 5710
f 4903 5747 5750
f 5747 4903 4899
f 5749 5748 5677
f 5749 5751 5748
f 5752 5241 5240
f 5751 5749 5711
f 3333 3332 5241
f 5711 5712 5732
f 3333 5241 5753
f 5732 5751 5711
f 5462 5716 5467
f 5703 5716 5462
f 5701 5748 5717
f 5717 5748 5754
f 5748 5751 5754
f 5755 5751 5732
f 5752 5753 5241
f 5751 5755 5754
f 5755 5732 5731
f 3333 5756 3456
f 5756 3333 5753
f 5731 5738 5755
f 5755 5738 5757
f 5690 5644 5225
f 5690 5225 5224
f 5692 5645 5690
f 5692 5690 5224
f 5752 5758 5753
f 5756 5753 5758
f 5303 5692 5224
f 5692 5303 5759
f 5696 5691 5692
f 5752 5240 5285
f 5760 5304 5658
f 5304 5760 5303
f 5752 5285 5761
f 5692 5759 5696
f 5759 5762 5696
f 5697 5696 5762
f 5761 5285 5301
f 5763 5761 5301
f 5303 5760 5759
f 5759 5760 5764
f 5759 5765 5766
f 5765 5759 5764
f 5761 5758 5752
f 5762 5759 5766
f 5767 5765 5764
f 5761 5763 5768
f 5277 5663 5657
f 5760 5658 5663
f 5764 5760 5663
f 5761 5768 5769
f 5663 5770 5764
f 5277 5324 5770
f 5277 5770 5663
f 3498 3456 5771
f 5772 5764 5770
f 5771 3456 5756
f 5772 5770 5773
f 5772 5767 5764
f 5324 5340 5774
f 5774 5770 5324
f 5771 5756 5758
f 5771 5758 5775
f 5364 5365 5774
f 5774 5773 5770
f 5723 5762 5776
f 5776 5762 5766
f 5723 5776 5777
f 5771 5775 4800
f 5778 5779 5777
f 4800 5775 4743
f 5762 5723 5697
f 5698 5697 5723
f 5723 5777 5722
f 5722 5777 5779
f 5766 5780 5776
f 4743 4742 4800
f 5780 5766 5765
f 5761 5769 5758
f 5765 5767 5780
f 5780 5767 5781
f 5777 5776 5778
f 5776 5780 5778
f 5781 5778 5780
f 5767 5782 5781
f 5778 5781 5783
f 5784 4765 5769
f 5785 5775 5758
f 5783 5781 5782
f 5779 5786 5726
f 5779 5726 5722
f 5726 5786 5725
f 5786 5779 5778
f 5786 5778 5783
f 5782 5787 5783
f 5785 5758 5769
f 5739 5733 5788
f 5788 5786 5783
f 4765 5785 5769
f 5788 5783 5789
f 5739 5788 5789
f 5789 5790 5739
f 5785 4765 4743
f 4743 5775 5785
f 5740 5739 5790
f 5783 5787 5789
f 5789 5787 5790
f 5791 5790 5787
f 4765 4753 4743
f 5792 5791 5787
f 5793 5385 5389
f 5782 5767 5772
f 3498 4800 3538
f 4800 3498 5771
f 5794 5772 5773
f 5773 5793 5794
f 5772 5794 5782
f 4800 3567 3538
f 5787 5782 5794
f 5793 5365 5385
f 5365 5793 5774
f 5773 5774 5793
f 5699 5301 4913
f 5795 5793 5389
f 5763 5301 5699
f 5398 5796 5389
f 5397 5796 5398
f 5796 5397 5797
f 5699 5702 5798
f 5798 5763 5699
f 5792 5794 5795
f 5768 5763 5798
f 5794 5793 5795
f 5798 5702 5705
f 5795 5389 5796
f 5795 5796 5799
f 5795 5800 5792
f 5795 5799 5800
f 5768 5798 5801
f 5787 5794 5792
f 5791 5792 5800
f 5798 5705 5801
f 5417 5802 5386
f 5803 5386 5802
f 5437 5386 5803
f 5437 5803 5804
f 5769 5768 5801
f 5805 5804 5803
f 5805 5806 5804
f 5784 5769 5801
f 5437 5804 5807
f 5403 5437 5807
f 5709 5742 5705
f 5801 5705 4872
f 4872 5705 5742
f 5806 5808 5804
f 5806 5809 5808
f 5807 5804 5808
f 5810 5807 5808
f 5809 5806 5811
f 5812 5784 5801
f 4872 5812 5801
f 4765 5812 4871
f 4871 5812 4872
f 4872 5742 4875
f 5812 4765 5784
f 5471 4731 5741
f 5734 4875 5742
f 4899 4875 5744
f 5463 5460 5477
f 4767 4738 4752
f 5813 5814 5815
f 4064 4045 4451
f 4766 4757 5816
f 5814 5813 5817
f 5580 5816 4757
f 5816 5580 5123
f 4506 3777 4767
f 4506 4767 5818
f 4508 4506 5819
f 5819 4506 5818
f 5819 5818 5820
f 5821 5819 5820
f 5813 5815 5068
f 3792 3796 3793
f 5822 5068 5823
f 5824 3793 3796
f 5825 5826 5824
f 5822 5087 5068
f 4770 3793 5826
f 5824 5826 3793
f 5813 5068 5067
f 5818 4767 4752
f 4766 5818 4752
f 5818 4766 5827
f 4731 5828 5741
f 5828 4731 4730
f 5068 5087 5069
f 5828 4730 4905
f 5829 5826 5825
f 5825 5821 5829
f 5820 5818 5827
f 5830 5829 5820
f 5829 5821 5820
f 5826 5108 4770
f 5829 5830 5826
f 5830 5108 5826
f 5831 1522 1521
f 4516 4508 5832
f 5832 4508 5819
f 5833 1522 5831
f 5824 4516 5832
f 5832 5819 5821
f 3796 4516 5824
f 5831 1521 1528
f 5832 5825 5824
f 5825 5832 5821
f 5827 4766 5816
f 5816 5122 5827
f 5834 5833 5831
f 5820 5827 5830
f 5834 5831 1528
f 5835 5108 5830
f 5827 5836 5830
f 5837 5834 1528
f 5122 5816 5123
f 5827 5122 5836
f 1529 1528 1526
f 5838 1528 1529
f 5123 5580 5585
f 5837 1528 5838
f 5839 1529 1530
f 5584 5109 5118
f 5838 1529 5839
f 5840 5834 5837
f 5840 5837 5841
f 5837 5838 5839
f 5837 5839 5841
f 5842 5841 5839
f 5839 1530 1531
f 5839 1531 5843
f 5828 5750 5746
f 4905 5750 5828
f 5844 4903 5750
f 5844 4905 5845
f 4905 5844 5750
f 1453 4917 1531
f 5843 1531 4917
f 5050 5051 5616
f 4881 4876 4940
f 5844 4919 4903
f 5845 4919 5844
f 5501 5845 4905
f 4906 5501 4905
f 4925 5843 4917
f 5843 5842 5839
f 5846 5840 5841
f 5840 5822 5823
f 5840 5846 5847
f 5846 5841 5842
f 5848 5846 5842
f 4943 4940 4932
f 5846 5848 5847
f 5849 5848 5842
f 5847 5822 5840
f 4944 4938 4949
f 5850 5087 5822
f 5850 5822 5851
f 5822 5847 5851
f 4734 5585 4735
f 5003 5007 5048
f 5047 5048 5007
f 4736 4789 4734
f 5848 5851 5847
f 5852 4786 4797
f 5585 4734 5853
f 5849 5851 5848
f 4716 4980 4992
f 5123 5585 5853
f 5123 5853 5854
f 4718 4716 4999
f 5843 4925 5842
f 5855 4718 4999
f 5004 5855 4999
f 4789 5853 4734
f 4788 5853 4789
f 5008 5004 4992
f 5856 5853 4788
f 5104 5007 5009
f 5854 5853 5856
f 5007 5104 5047
f 5856 5857 5854
f 5857 5856 5858
f 4930 5842 4925
f 5858 4790 4793
f 5858 5856 4790
f 5849 5842 4930
f 4790 5856 4788
f 5852 4797 4862
f 5115 5475 5107
f 4991 4786 5852
f 4762 4768 4776
f 4991 5859 5008
f 5860 4746 4762
f 4991 5852 5861
f 4930 4934 5849
f 4934 4930 4935
f 4793 4778 5860
f 5859 5862 5008
f 5860 4778 4746
f 4776 4793 4762
f 4793 5860 4762
f 5858 4793 4776
f 5861 5859 4991
f 4927 4935 4930
f 5861 5863 5859
f 4935 4927 4933
f 4935 4933 5864
f 5864 5865 4935
f 4789 4736 5866
f 4724 4718 5855
f 4736 4782 5866
f 5855 4725 4724
f 4725 5855 5867
f 4782 4849 5866
f 5004 5867 5855
f 5867 5004 5020
f 5020 5004 5008
f 4941 4951 5868
f 5392 5869 5866
f 5020 5017 5867
f 5016 4725 5017
f 4787 4789 5870
f 4725 5016 4025
f 5871 4787 5870
f 5017 4725 5867
f 5583 4941 5868
f 4778 4793 5872
f 5019 5017 5020
f 4772 5583 5868
f 4778 5872 5873
f 4787 4792 4790
f 5020 5008 5862
f 4951 4887 4897
f 4901 4951 4897
f 4792 4787 5871
f 5021 5020 5862
f 5021 5862 5023
f 4792 5872 4793
f 5872 4792 5871
f 4789 5866 5870
f 5873 5872 5871
f 4901 5874 4951
f 5871 5875 5873
f 5870 5866 5869
f 5038 5862 5863
f 5038 5863 5876
f 5870 5869 5875
f 5875 5871 5870
f 5874 4901 4957
f 5863 5862 5859
f 5873 5875 5877
f 5038 5023 5862
f 4901 5878 4957
f 5817 5878 4896
f 5878 4958 4957
f 5817 4958 5878
f 5480 5115 5284
f 5876 5863 5861
f 5480 5284 5287
f 5874 5868 4951
f 5879 5030 5038
f 5038 5876 5879
f 5879 5876 5880
f 4772 5868 4961
f 5880 5052 5879
f 4961 5868 5874
f 5874 4960 4961
f 5056 5052 5880
f 4960 5874 4957
f 4960 4957 4959
f 5879 5052 5030
f 5521 5342 5341
f 5341 5346 5521
f 5881 4862 4881
f 5852 4862 5881
f 4778 4860 4836
f 5873 4860 4778
f 5852 5881 5861
f 5861 5881 5882
f 4860 5873 5877
f 5875 5883 5877
f 5881 4881 4940
f 5078 4940 4943
f 4940 5882 5881
f 5882 4940 5077
f 5078 5077 4940
f 4944 5078 4943
f 5884 5076 4944
f 5861 5882 5077
f 5876 5861 5077
f 4944 5076 5078
f 5876 5077 5079
f 5079 5076 5056
f 5086 4944 4949
f 5884 4944 5086
f 5885 4958 5817
f 5085 4965 5097
f 5076 5884 5091
f 5086 5091 5884
f 5045 4959 4958
f 5091 5086 5092
f 5885 5045 4958
f 5049 5045 5885
f 5092 5086 5085
f 4962 4959 5045
f 5097 5092 5085
f 5079 5880 5876
f 5880 5079 5056
f 5885 5817 5813
f 5115 5480 5475
f 5483 5480 5287
f 5483 5287 5297
f 5496 5498 4919
f 5845 5496 4919
f 4919 5498 4921
f 5501 5496 5845
f 5497 5496 5501
f 5497 5501 5886
f 5885 5813 5080
f 5500 5886 5501
f 5813 5067 5080
f 5559 5886 5500
f 5342 5483 5297
f 5483 5342 5482
f 5482 5342 5506
f 5088 5087 5850
f 5497 5886 5559
f 5518 5887 5519
f 5887 5521 5519
f 5888 5521 5887
f 5888 5889 5521
f 5887 5518 5888
f 5888 5518 5889
f 5889 5518 5523
f 5497 5890 5516
f 5080 5049 5885
f 5559 5890 5497
f 5523 5524 5890
f 5524 5516 5890
f 5891 5342 5889
f 5889 5342 5521
f 5891 5892 5342
f 5889 5523 5891
f 5893 5521 5346
f 5893 5346 5891
f 5074 5080 5067
f 5891 5346 5892
f 5346 5344 5892
f 5893 5894 5521
f 5521 5894 5528
f 5894 5530 5528
f 5523 5893 5891
f 5893 5523 5894
f 5894 5523 5530
f 5342 5892 5532
f 5081 5080 5074
f 5506 5342 5532
f 5892 5344 5529
f 5344 5345 5529
f 5530 5892 5529
f 5054 5049 5081
f 5895 5892 5530
f 5532 5892 5895
f 5530 5523 5895
f 5523 5890 5895
f 5202 4968 4975
f 5567 5890 5559
f 5510 5561 5559
f 5895 5890 5896
f 5895 5557 5532
f 5532 5557 5558
f 5895 5896 5557
f 5054 5081 5897
f 5897 5065 5054
f 5557 5896 5555
f 5896 5553 5555
f 5561 5567 5559
f 4975 5161 5202
f 5890 5567 5896
f 5161 5162 5898
f 5065 5897 5244
f 5254 5081 5074
f 5254 5897 5081
f 5136 5139 5899
f 5899 5139 5900
f 5254 5244 5897
f 5835 5118 5108
f 5835 5830 5836
f 5165 5136 5899
f 5165 5899 5214
f 5583 5380 4942
f 5583 4942 4941
f 5188 5214 5899
f 5835 5836 5901
f 5122 5124 5836
f 5901 5836 5124
f 5584 5835 5901
f 5835 5584 5118
f 5584 4775 4768
f 4775 5584 5901
f 5902 5139 5414
f 5903 5449 5596
f 5902 5900 5139
f 5190 5902 5414
f 5900 5902 5186
f 4857 5201 4858
f 5186 5902 5190
f 5899 5900 5188
f 5186 5188 5900
f 5904 5596 4806
f 5905 4842 5182
f 5905 5182 5906
f 5124 5123 5854
f 5857 5124 5854
f 5857 5901 5124
f 5182 4842 5173
f 5901 5857 4775
f 5857 4776 4775
f 4776 5857 5858
f 5161 5205 5202
f 5898 5205 5161
f 4813 5907 5904
f 5908 5182 5909
f 4813 5904 4805
f 5904 4806 4805
f 5205 5898 5206
f 5903 5596 5489
f 5182 5178 5909
f 5596 5907 5489
f 5596 5904 5907
f 5231 5097 5202
f 4813 5910 5907
f 5231 5202 5205
f 5910 4813 5911
f 5907 5910 5489
f 5098 5097 5231
f 5487 5489 5910
f 5487 5910 5912
f 5243 5909 5178
f 5910 5911 5912
f 5911 4813 4812
f 4817 5911 4812
f 5231 5205 5207
f 5204 5207 5205
f 5913 5906 5908
f 4838 5911 4817
f 5908 5914 5913
f 4843 5911 4838
f 5908 5906 5182
f 5915 4843 5905
f 5913 5914 5198
f 4843 4842 5905
f 5198 5914 5199
f 5898 5162 5168
f 5911 5915 5912
f 5912 5915 5916
f 5197 5201 5917
f 5206 5898 5168
f 5199 5917 5201
f 5199 5918 5917
f 5912 5916 4852
f 5165 5214 5168
f 4843 5915 5911
f 5908 5919 5914
f 4848 4824 4832
f 5920 5199 5914
f 5199 5920 5918
f 5920 5914 5919
f 5916 5915 5921
f 5915 5905 5921
f 5921 5905 5906
f 5192 5197 5193
f 5921 5913 5916
f 5215 5214 5188
f 4852 5916 4853
f 4855 4851 4856
f 4853 5916 5913
f 5209 5206 5213
f 4851 4853 4856
f 5922 5908 5909
f 4853 5198 4856
f 4857 4856 5198
f 5913 5921 5906
f 5919 5908 5922
f 4853 5913 5198
f 1385 4861 4865
f 5920 5919 5923
f 5923 5918 5920
f 5924 5923 5919
f 5925 5193 5197
f 5197 5917 5925
f 5925 5917 5918
f 5925 5210 5193
f 4865 4868 4864
f 5923 5925 5918
f 4868 4865 5926
f 5927 4861 5928
f 5927 4865 4861
f 4865 5927 5926
f 5209 5232 5207
f 5927 5928 5929
f 5232 5209 5221
f 4890 5929 5930
f 4889 5929 4890
f 5251 5252 5322
f 5322 5252 5275
f 5931 4861 4867
f 5928 4861 5931
f 5252 5266 5275
f 5929 5928 5930
f 4867 1441 1445
f 4867 1445 5932
f 5243 5178 5065
f 5931 4867 5932
f 5930 5928 5931
f 5244 5243 5065
f 5930 5931 5932
f 5930 5932 5933
f 5226 5215 5188
f 5330 5329 5934
f 5935 5909 5243
f 1446 5936 1445
f 5936 5932 1445
f 5366 5934 5329
f 5936 1446 1522
f 5833 5936 1522
f 5933 5932 5936
f 5937 5933 5936
f 5936 5833 5937
f 5244 5255 5245
f 5246 5331 5238
f 4890 5930 4892
f 4892 5930 5933
f 4892 5933 5937
f 5219 5212 5261
f 5264 5219 5261
f 5306 5317 5307
f 5366 5938 5934
f 5937 5939 4892
f 5298 5300 5319
f 5937 5940 5939
f 5941 5331 5211
f 5941 5211 5210
f 5319 5300 5317
f 5940 5937 5942
f 5377 5366 5363
f 5938 5366 5377
f 5210 5925 5941
f 5319 5317 4942
f 5319 4942 5380
f 4869 4868 5926
f 5261 5272 5264
f 4869 5926 4879
f 5378 5362 5383
f 4889 5926 5927
f 4889 4879 5926
f 4889 5927 5929
f 5378 5459 5943
f 5938 5377 5378
f 5944 5938 5378
f 4898 4879 4889
f 5246 5211 5331
f 5281 5238 5328
f 5943 5944 5378
f 5328 5238 5331
f 4887 4879 4897
f 5866 4849 5392
f 5869 5392 5391
f 5869 5391 5883
f 5869 5883 5875
f 5302 5336 5326
f 4888 4898 4889
f 5330 5392 4849
f 5945 5850 5851
f 5945 5088 5850
f 5319 5370 5302
f 4897 4879 4898
f 5945 5851 5946
f 5302 5370 5336
f 5947 4854 4860
f 5817 4896 4888
f 5947 5400 4854
f 5370 5319 5380
f 4896 5878 4901
f 5946 5851 5849
f 5373 5370 5380
f 5946 5849 5948
f 5330 5934 5392
f 5392 5934 5938
f 5948 5849 4936
f 5945 5946 5948
f 4888 4892 5939
f 5392 5938 5949
f 5074 5088 5945
f 5950 5394 5393
f 4888 5939 5817
f 5951 5074 5945
f 5393 5392 5949
f 5817 5939 5814
f 5254 5074 5951
f 5947 5952 5400
f 5950 5952 5947
f 5393 5949 5953
f 5290 5951 5945
f 5953 5950 5393
f 5952 5950 5953
f 5954 5952 5953
f 5942 5937 5833
f 5833 5834 5942
f 5840 5942 5834
f 5952 5955 5400
f 5309 5254 5951
f 5372 5400 5955
f 5289 5309 5290
f 5309 5951 5290
f 5290 5945 5948
f 5939 5940 5814
f 5815 5940 5942
f 5883 5394 5877
f 4860 5877 5947
f 5815 5942 5840
f 5947 5877 5394
f 5290 5948 5295
f 5883 5391 5394
f 5815 5840 5823
f 5815 5814 5940
f 5823 5068 5815
f 5947 5394 5950
f 5291 5290 5295
f 4936 5849 4934
f 5956 5406 5425
f 5427 5956 5425
f 5938 5957 5949
f 5954 5953 5949
f 5295 5948 4936
f 5949 5957 5954
f 4870 5425 4864
f 4870 4864 4868
f 5295 4936 4935
f 5372 5955 5451
f 5451 5955 5472
f 5952 5958 5955
f 5954 5958 5952
f 5959 4935 5865
f 5956 5414 5406
f 5190 5414 5956
f 5957 5960 5954
f 5295 4935 5959
f 5958 5954 5960
f 5957 5938 5944
f 5957 5944 5961
f 5960 5957 5961
f 5191 5190 5956
f 5191 5956 5427
f 5962 5960 5961
f 5955 5958 5963
f 5963 5958 5960
f 5963 5472 5955
f 5963 5960 5962
f 5294 5291 5295
f 5295 5959 5296
f 5459 5624 5943
f 5296 5959 5964
f 5965 5943 5966
f 5944 5943 5965
f 5966 5967 5965
f 5968 5967 5966
f 5961 5944 5965
f 5962 5961 5965
f 4451 5445 5491
f 5472 5963 5969
f 5962 5969 5963
f 5445 5454 5491
f 5965 5967 5962
f 5969 5962 5967
f 5247 5251 5322
f 5340 5272 5325
f 5325 5351 5340
f 5364 5340 5351
f 5774 5340 5364
f 5296 5970 5294
f 5294 5970 5379
f 5970 5971 5379
f 5919 5922 5924
f 5924 5922 5972
f 5923 5924 5973
f 5909 5935 5972
f 5922 5909 5972
f 5972 5935 5974
f 5935 5243 5245
f 5975 5935 5245
f 5974 5935 5975
f 5245 5410 5975
f 5410 5245 5255
f 5924 5972 5976
f 5977 5972 5974
f 5977 5976 5972
f 5976 5973 5924
f 5973 5976 5978
f 5973 5925 5923
f 5973 5979 5925
f 5979 5973 5978
f 5941 5925 5979
f 5974 5980 5977
f 5941 5332 5331
f 5941 5419 5332
f 5979 5981 5941
f 5941 5981 5419
f 5976 5977 5982
f 5983 5979 5978
f 5976 5984 5978
f 5984 5976 5982
f 5983 5978 5984
f 5985 5974 5975
f 5985 5975 5410
f 5410 5411 5985
f 5415 5985 5411
f 5985 5980 5974
f 5985 5424 5980
f 5986 5419 5981
f 5982 5977 5980
f 5987 5982 5980
f 5624 5459 5441
f 5985 5415 5424
f 5456 5472 5988
f 5802 5417 5419
f 5988 5646 5456
f 5628 5966 5624
f 5943 5624 5966
f 5987 5980 5424
f 5966 5628 5989
f 5982 5987 5990
f 5966 5989 5991
f 5987 5424 5992
f 5993 5646 5988
f 5968 5966 5991
f 5991 5659 5968
f 5967 5994 5988
f 5994 5967 5968
f 5968 5659 5994
f 5993 5988 5994
f 5995 5994 5659
f 5992 5424 5423
f 5987 5992 5996
f 5423 5996 5992
f 5628 5632 5989
f 5996 5423 5997
f 5998 5996 5999
f 6000 5632 5654
f 5997 5423 5433
f 5997 5433 5442
f 6000 5654 6001
f 5997 5999 5996
f 5646 5656 5641
f 5999 5997 6002
f 5903 5450 5449
f 6003 5455 5656
f 6001 5654 5450
f 6001 5450 5903
f 5989 5660 5991
f 5989 5632 6000
f 6001 5903 6004
f 6000 5660 5989
f 5660 5659 5991
f 6003 5457 5455
f 6005 5457 6003
f 5994 5995 5993
f 5659 6006 5995
f 5993 5995 6006
f 6006 5659 5661
f 5661 6000 6001
f 5661 5660 6000
f 6006 5661 6007
f 6007 5661 6001
f 6004 6008 6005
f 6005 6009 5457
f 6009 6005 6008
f 6004 5903 6010
f 6008 6004 6010
f 5993 5656 5646
f 6007 6001 6004
f 6007 6004 6005
f 6003 6007 6005
f 5993 6011 5656
f 6011 5993 6006
f 6007 6011 6006
f 6007 6003 6011
f 6011 6003 5656
f 6010 5903 5489
f 6012 6010 5489
f 6008 6010 6012
f 6009 5470 5457
f 6008 5470 6009
f 6012 5489 5488
f 6012 5492 6008
f 5492 5479 5470
f 5492 5470 6008
f 5492 6012 5488
f 5479 5492 6013
f 5492 5490 6013
f 4833 5479 6013
f 5490 6014 6013
f 4832 6013 6014
f 4833 6013 4832
f 5472 5969 5988
f 5988 5969 5967
f 5490 5487 5912
f 6014 5490 5912
f 6014 5912 4852
f 6014 4852 4851
f 4851 4832 6014
f 4848 4832 4855
f 4855 4832 4851
f 5741 5828 5746
f 5746 5750 5747
f 5676 5674 5666
f 5666 5679 5676
f 5708 5728 5729
f 5730 5729 5728
f 5730 5721 5725
f 5733 5730 5725
f 5729 5730 5733
f 5788 5733 5725
f 5725 5786 5788
f 5983 5981 5979
f 5986 5981 5983
f 6015 5983 5984
f 5419 5986 5802
f 5986 5983 6015
f 6015 5982 5990
f 5982 6015 5984
f 5986 5803 5802
f 5803 5986 6016
f 6015 6016 5986
f 6016 6015 5990
f 5990 5987 6017
f 6017 6016 5990
f 6017 5987 5998
f 5998 5987 5996
f 5805 6016 6017
f 5805 6017 5811
f 5811 6017 5998
f 6016 5805 5803
f 5811 5806 5805
f 5808 6018 5810
f 5811 5998 5999
f 6019 5811 5999
f 5809 5811 6019
f 6018 5808 5809
f 6018 5809 6020
f 6021 1727 1726
f 4159 6022 6023
f 6024 6025 6026
f 6027 6023 6022
f 6025 6028 6026
f 6023 6027 6029
f 6030 6031 6032
f 6033 6026 6028
f 6023 6029 4161
f 6026 6033 6034
f 6035 6021 6036
f 6035 6037 6021
f 6034 6038 6026
f 6039 6031 6030
f 6040 6039 6030
f 6031 6041 6042
f 6037 1727 6021
f 6043 6027 6044
f 6045 6038 6034
f 1753 1752 6046
f 6039 6047 6041
f 6043 6048 6027
f 6049 6050 6051
f 6049 6052 6050
f 6041 6053 6042
f 6041 6054 6053
f 6055 6056 6057
f 6058 6056 6055
f 6059 6045 6034
f 6035 6036 6060
f 6061 6045 6059
f 6062 6063 6064
f 6065 6035 6060
f 6063 6066 6067
f 6067 6064 6063
f 6068 6069 6070
f 6071 6062 6064
f 6072 6065 6060
f 6073 3981 3986
f 6071 6064 6074
f 3981 6044 4155
f 6069 6075 6070
f 6076 6071 6074
f 6067 6074 6064
f 6065 6077 6035
f 6065 6078 6077
f 6079 6078 6065
f 6067 6080 6081
f 6081 6080 6082
f 6075 6083 6084
f 6085 6086 6087
f 6073 6044 3981
f 6085 6088 6086
f 6076 6074 6089
f 6052 6090 6091
f 6092 6093 6094
f 1763 1753 6095
f 6046 6095 1753
f 6096 6083 6075
f 6073 6097 6044
f 6043 6044 6097
f 6098 6099 6100
f 6054 6101 6069
f 6095 6102 1763
f 6030 6098 6103
f 6104 6095 6046
f 6030 6103 6105
f 6043 6097 6106
f 6030 6105 6040
f 6095 6104 6102
f 6107 6108 6109
f 6110 1764 1763
f 6073 3986 6111
f 6112 1764 6110
f 1764 6112 1859
f 6097 6073 6113
f 6114 6073 6111
f 6115 6096 6101
f 6107 6116 6108
f 6101 6075 6069
f 6096 6075 6101
f 6108 6116 6117
f 6114 6113 6073
f 6118 6116 6107
f 6119 6113 6114
f 6106 6097 6113
f 6096 6120 6083
f 6106 6113 6121
f 6122 6123 6124
f 6110 6102 6125
f 6124 6126 6122
f 6127 6110 6125
f 1763 6102 6110
f 6128 6084 6083
f 6122 6129 6123
f 6130 6048 6131
f 6132 6133 6134
f 6110 6127 6112
f 6133 6122 6126
f 6106 6121 6131
f 6135 6122 6133
f 6135 6133 6136
f 6137 6128 6083
f 6112 6138 6139
f 6138 6112 6127
f 6140 6111 6141
f 6128 6137 6142
f 6133 6143 6136
f 6135 6129 6122
f 6144 6145 6138
f 6052 6146 6090
f 6139 1904 1859
f 6147 6146 6052
f 1904 1867 1859
f 6123 6129 6148
f 6149 6147 6052
f 6145 6150 6138
f 6120 6137 6083
f 6129 6151 6148
f 6152 6146 6147
f 6153 1904 6150
f 6151 6154 6155
f 6120 6156 6137
f 6120 6096 6115
f 6129 6135 6151
f 1904 6157 1905
f 1904 6153 6157
f 6132 6143 6133
f 1911 1905 6157
f 2233 1911 6157
f 6158 6143 6159
f 6121 6113 6119
f 6159 6143 6132
f 6156 6142 6137
f 6145 6153 6150
f 6143 6160 6136
f 6161 6121 6162
f 6163 6164 6165
f 6156 6166 6142
f 6167 6153 6145
f 6049 6149 6052
f 6156 6120 6168
f 6156 6168 6166
f 6169 6153 6167
f 6170 6171 6172
f 6170 6130 6161
f 6114 6111 6140
f 6173 6174 6175
f 6176 6177 6174
f 6140 6119 6114
f 6173 6176 6174
f 6178 6140 6179
f 6047 6180 6041
f 6140 6178 6119
f 6181 6125 6182
f 6183 6124 6047
f 6180 6047 6124
f 6184 6127 6125
f 6185 6146 6152
f 6118 6186 6187
f 6054 6188 6101
f 6146 6185 6189
f 6041 6188 6054
f 6162 6121 6119
f 6186 6190 6187
f 6144 6127 6184
f 6162 6191 6161
f 6162 6119 6178
f 6192 6144 6184
f 6173 6175 6193
f 6152 6194 6185
f 6193 6175 4591
f 6088 6181 6182
f 6184 6125 6181
f 6162 6178 6195
f 6196 6176 6173
f 6196 6197 6176
f 6195 6178 6198
f 6199 6192 6184
f 6191 6162 6195
f 6199 6184 6200
f 6201 6193 4591
f 6185 6202 6189
f 6144 6192 6145
f 6115 6101 6188
f 6201 4591 4525
f 6115 6188 6203
f 6204 6193 6201
f 6205 6195 6198
f 6206 6207 6208
f 6208 6209 6206
f 6180 6188 6041
f 6187 6190 6210
f 6199 6211 6192
f 6210 6190 6212
f 6213 6192 6211
f 6048 6130 6214
f 6130 6057 6214
f 6057 6130 6055
f 6180 6203 6188
f 6123 6203 6180
f 6055 6172 6215
f 6130 6172 6055
f 6212 6216 6217
f 6172 6130 6170
f 6192 6213 6167
f 6218 6190 6186
f 6219 6167 6213
f 6190 6218 6220
f 6115 6203 6221
f 6192 6167 6145
f 6220 6212 6190
f 6222 6216 6212
f 4207 4205 6223
f 6115 6168 6120
f 6221 6168 6115
f 6220 6222 6212
f 6224 6166 6168
f 6216 6222 6225
f 6168 6221 6224
f 6226 6220 6218
f 6079 6065 6072
f 6223 6227 4207
f 6228 6229 6072
f 6230 6222 6231
f 6232 6224 6221
f 6229 6079 6072
f 6232 6233 6224
f 6222 6230 6225
f 6220 6231 6222
f 6079 6234 6078
f 6148 6221 6203
f 6235 6079 6229
f 6116 6118 6187
f 6187 6236 6116
f 6237 6238 6239
f 6229 6240 6235
f 6237 6241 6238
f 6242 6142 6166
f 6237 6239 6243
f 6244 6234 6079
f 6245 6242 6166
f 6237 6243 6246
f 6247 6163 6248
f 6244 6079 6235
f 6164 6163 6247
f 6164 6247 6249
f 6244 6085 6234
f 6250 6251 6237
f 6224 6245 6166
f 6252 4015 4200
f 6253 6254 6245
f 6253 6245 6224
f 6255 6244 6235
f 6240 6256 6235
f 6256 6255 6235
f 6247 6257 6249
f 6257 6247 6216
f 6224 6233 6253
f 6258 4015 6252
f 6244 6255 6259
f 6260 6259 6255
f 6261 6262 6263
f 4210 6252 4200
f 6264 6254 6253
f 4210 4207 6265
f 6254 6264 6266
f 6267 6240 6229
f 6252 4210 6265
f 6268 6269 6270
f 6271 6256 6240
f 6272 6269 6273
f 6271 6240 6267
f 6274 6275 6268
f 6269 6272 6270
f 6276 6252 6265
f 6277 6267 4459
f 6276 6265 6278
f 6277 6271 6267
f 6276 6258 6252
f 6279 6280 6281
f 6277 6282 6271
f 6283 6284 6285
f 6286 6282 6277
f 2325 1956 6287
f 6283 6288 6284
f 6289 6288 6283
f 6290 6256 6271
f 6290 6260 6256
f 2339 6291 2340
f 6292 1989 2340
f 6293 6268 6275
f 6294 6295 6258
f 6256 6260 6255
f 6294 6258 6276
f 6275 6296 6293
f 6293 6283 6285
f 4207 4210 4201
f 6297 2340 6291
f 6298 6293 6296
f 6297 6292 2340
f 6282 6290 6271
f 6299 6289 6283
f 1989 6292 1987
f 6300 6260 6290
f 6282 6301 6290
f 6301 6300 6290
f 6302 6289 6299
f 6265 4207 6227
f 6286 6301 6282
f 6303 6292 6297
f 6304 6265 6227
f 6305 6306 6307
f 6308 6305 6307
f 6303 1987 6292
f 6308 6309 6305
f 6260 6300 6310
f 6300 6311 6310
f 6304 6278 6265
f 6302 6312 6308
f 6302 6313 6312
f 6299 6314 6302
f 6297 6291 6315
f 6316 6315 6291
f 6317 6297 6315
f 6318 6319 6300
f 6297 6317 6303
f 6320 6313 6314
f 6321 6199 6200
f 6314 6313 6302
f 6322 6321 6323
f 6324 6313 6320
f 6321 6211 6199
f 6246 6250 6237
f 6325 6211 6321
f 6325 6213 6211
f 6326 6303 6317
f 3614 3611 4847
f 6322 6325 6321
f 6202 6327 6246
f 6328 6329 6330
f 6328 6331 6329
f 6329 6331 6332
f 6322 6323 6333
f 6327 6250 6246
f 6334 6322 6333
f 6335 6249 6263
f 6336 6334 6333
f 6335 6328 6249
f 6322 6337 6325
f 1990 1987 6338
f 6337 6322 6334
f 6339 6337 6334
f 6340 6328 6335
f 6331 6328 6340
f 6341 2001 1990
f 6342 6332 6331
f 6343 6339 6334
f 6340 6342 6331
f 6263 6262 6335
f 6344 6295 6294
f 4459 6345 6277
f 6345 6286 6277
f 6338 6341 1990
f 6294 6346 6344
f 6347 6335 6262
f 6262 6348 6347
f 6349 6335 6347
f 6349 6340 6335
f 6278 6294 6276
f 6286 6345 6350
f 6341 6351 2001
f 6346 6294 6352
f 6353 6286 6350
f 6352 6294 6278
f 6345 4458 6354
f 6355 6345 6354
f 6355 6354 4461
f 1987 6356 6338
f 1987 6303 6356
f 6356 6303 6326
f 6350 6345 6355
f 6344 6346 6198
f 6357 6353 6350
f 6358 6349 6347
f 6359 6357 6350
f 6198 6346 6360
f 6356 6361 6338
f 6349 6362 6340
f 6360 6363 6198
f 6202 6364 6327
f 6301 6286 6353
f 6365 6301 6353
f 6364 6366 6327
f 6301 6318 6300
f 6365 6318 6301
f 6367 6366 6368
f 6341 6338 6361
f 6346 6352 6360
f 6369 6324 6320
f 6370 6360 6352
f 6324 6369 6371
f 6357 6365 6353
f 6324 6371 6372
f 6373 6374 6375
f 6318 6365 6376
f 6376 6365 6357
f 6377 6371 6369
f 6363 6360 6370
f 6378 6379 6371
f 6363 6370 6380
f 6381 6356 6326
f 6379 6382 6371
f 6372 6371 6382
f 6381 6326 6383
f 6384 6318 6376
f 6379 6385 6382
f 6386 6387 6359
f 6385 6379 6388
f 6387 6389 6359
f 6389 6357 6359
f 6371 6377 6378
f 6304 6390 6278
f 6391 6392 6393
f 6394 6389 6387
f 6391 6393 6395
f 6396 6389 6394
f 6391 6395 6397
f 6397 6392 6391
f 6381 6398 6356
f 6227 6399 6304
f 6398 6361 6356
f 6376 6357 6389
f 6399 6390 6304
f 6080 6306 6082
f 6396 6376 6389
f 6128 6381 6383
f 6396 6400 6376
f 6401 6081 6082
f 6400 6402 6376
f 6403 6381 6128
f 6278 6404 6352
f 6142 6403 6128
f 6306 6401 6082
f 6305 6401 6306
f 6403 6398 6381
f 6404 6278 6390
f 6305 6309 6401
f 6405 6400 6396
f 6404 6390 6406
f 6407 6400 6405
f 6093 6092 6408
f 6409 6398 6403
f 6093 6408 6410
f 6411 6412 6396
f 6412 6405 6396
f 6413 6093 6410
f 6399 6406 6390
f 6414 6415 6410
f 6416 6177 6411
f 6414 6417 6415
f 6415 6413 6410
f 6418 6413 6415
f 4006 4013 6416
f 4013 4006 4008
f 6419 6415 6420
f 6409 6403 6142
f 6421 6415 6419
f 6422 6421 6419
f 6406 6423 6404
f 4013 6174 6416
f 6375 6415 6421
f 6174 6177 6416
f 6421 6373 6375
f 6351 2151 2001
f 4525 3737 6204
f 3737 4525 3736
f 6370 6352 6404
f 6424 6370 6425
f 4012 6175 4013
f 6351 6426 2151
f 6175 6174 4013
f 6425 6370 6404
f 6427 6204 3737
f 6380 6370 6424
f 6428 6427 3737
f 6429 6351 6341
f 4591 6175 4012
f 1757 6430 1762
f 4594 6428 3735
f 6429 6426 6351
f 4594 6431 6428
f 6430 6432 1762
f 6433 1951 1762
f 6434 6432 6430
f 6435 2158 6426
f 4593 6431 4594
f 6436 6431 4593
f 6437 6438 6439
f 6433 1762 6432
f 6440 6433 6432
f 6441 4221 4222
f 6442 6443 6444
f 4141 6445 3839
f 4141 3839 3840
f 4141 3840 3838
f 6446 6429 6341
f 6361 6446 6341
f 6447 6432 6434
f 4141 6448 6445
f 6445 6448 6449
f 6447 6434 6450
f 6449 6443 6445
f 6443 6451 6445
f 6447 6440 6432
f 4205 4221 6223
f 6452 6426 6429
f 6453 6449 6448
f 6452 6435 6426
f 6433 1956 1951
f 6449 6091 6090
f 6454 6226 6438
f 6440 1956 6433
f 6455 6231 6226
f 6226 6454 6455
f 6456 1956 6440
f 6287 1956 6456
f 4221 6227 6223
f 6457 6231 6455
f 6447 6456 6440
f 6231 6220 6226
f 6435 6452 6458
f 6441 6227 4221
f 6458 6459 6435
f 6316 2325 6287
f 6457 6460 6231
f 6461 6316 6456
f 6426 2159 2151
f 6462 6219 6213
f 6462 6213 6325
f 2159 6426 2158
f 6454 6463 6464
f 6465 6455 6454
f 6464 6465 6454
f 6466 6467 6227
f 6219 6169 6167
f 6464 6468 6465
f 6469 6460 6457
f 6169 6219 6450
f 6470 6471 6460
f 6466 6227 6441
f 6472 6447 6450
f 6466 6441 6473
f 2158 6459 6474
f 6465 6475 6469
f 6474 2155 2158
f 6470 6460 6469
f 6447 6472 6476
f 2155 6474 2160
f 6475 6470 6469
f 3612 3614 4222
f 6435 6459 2158
f 6470 6475 6243
f 6450 6219 6477
f 6444 6463 6442
f 6478 4222 3614
f 6462 6477 6219
f 2162 2160 6474
f 3986 3968 6479
f 6450 6477 6472
f 6473 6441 4222
f 6478 6473 4222
f 3986 6479 6111
f 6449 6444 6443
f 6449 6090 6444
f 6480 2162 6474
f 6481 3614 4847
f 6476 6461 6447
f 6447 6461 6456
f 3968 4019 6479
f 6481 6482 6478
f 6479 4019 6141
f 6480 6474 6459
f 6315 6461 6483
f 6482 6473 6478
f 6472 6484 6476
f 4015 6258 4019
f 6484 6472 6477
f 3614 6481 6478
f 6484 6068 6476
f 6111 6479 6141
f 6459 6485 6480
f 6485 6459 6458
f 6483 6461 6068
f 6141 4019 6258
f 6258 6295 6141
f 6068 6070 6483
f 6486 6361 6398
f 6473 6487 6466
f 6141 6295 6179
f 6483 6317 6315
f 6464 6463 6488
f 6488 6463 6444
f 6383 6326 6317
f 6317 6489 6383
f 6361 6486 6446
f 6399 6227 6467
f 6488 6468 6464
f 6070 6489 6483
f 6446 6452 6429
f 6483 6489 6317
f 6490 6468 6488
f 6075 6489 6070
f 6490 6491 6468
f 6490 6488 6444
f 6146 6490 6444
f 6444 6090 6146
f 6446 6492 6452
f 6084 6383 6489
f 6486 6492 6446
f 6489 6075 6084
f 6409 6486 6398
f 6493 6466 6487
f 6493 6467 6466
f 6128 6383 6084
f 6465 6468 6475
f 6399 6467 6494
f 6493 6494 6467
f 6468 6491 6475
f 6495 6462 6325
f 6337 6495 6325
f 6491 6189 6202
f 6475 6496 6243
f 6496 6475 6491
f 6497 6486 6409
f 6462 6495 6498
f 6496 6246 6243
f 6491 6202 6496
f 6499 6494 6493
f 6202 6246 6496
f 6189 6491 6490
f 6490 6146 6189
f 6140 6141 6179
f 6337 6339 6500
f 6473 6482 6487
f 6337 6500 6495
f 6495 6500 6498
f 6501 6487 6482
f 6502 6503 6498
f 6504 6498 6500
f 6179 6295 6344
f 6504 6502 6498
f 6178 6179 6344
f 6505 6458 6492
f 6178 6344 6198
f 6458 6452 6492
f 6506 6053 6502
f 6458 6505 6485
f 6507 6501 6482
f 6477 6462 6503
f 6498 6503 6462
f 6508 6507 6482
f 6202 6185 6364
f 6509 4140 4137
f 6484 6477 6510
f 6503 6510 6477
f 4147 6509 4137
f 6511 6501 6507
f 4668 4147 4142
f 6453 6448 4141
f 6507 6512 6511
f 4140 6453 4141
f 6513 6505 6492
f 6514 6511 6512
f 6515 6068 6484
f 6516 4140 6509
f 6516 6453 4140
f 6509 4147 6516
f 6069 6068 6515
f 4147 6050 6516
f 6510 6515 6484
f 6022 4154 4155
f 6502 6510 6503
f 6499 6487 6501
f 6505 6513 6485
f 6487 6499 6493
f 6513 6517 6485
f 6053 6515 6510
f 6501 6518 6499
f 6022 4155 6044
f 6053 6510 6502
f 6027 6022 6044
f 6517 6519 6485
f 6053 6054 6515
f 6516 6091 6453
f 6054 6069 6515
f 6091 6449 6453
f 6511 6518 6501
f 6050 6091 6516
f 6052 6091 6050
f 4159 4154 6022
f 6520 6500 6339
f 6520 6339 6343
f 6494 6406 6399
f 6521 6050 4147
f 6500 6520 6504
f 4159 6023 4161
f 6032 6506 6504
f 6504 6520 6032
f 6099 6522 6523
f 6358 6524 6349
f 6098 6030 6522
f 6525 6349 6524
f 6504 6506 6502
f 6241 6526 6524
f 6042 6053 6506
f 6251 6241 6237
f 6506 6032 6031
f 6251 6526 6241
f 6506 6031 6042
f 2169 2162 6527
f 6251 6528 6526
f 6529 2169 6527
f 6528 6251 6250
f 6530 6528 6250
f 6531 6532 6525
f 6526 6525 6524
f 6526 6531 6525
f 6531 6526 6533
f 6533 6532 6531
f 6534 2162 6480
f 6533 6535 6532
f 6527 2162 6534
f 6535 6536 6532
f 6535 6537 6536
f 6538 6537 6535
f 6534 6539 6527
f 6540 6532 6536
f 6540 6536 6541
f 6539 6542 6527
f 6528 6533 6526
f 6529 2171 2169
f 6529 2187 2171
f 2192 2187 6529
f 6543 6533 6528
f 6528 6530 6543
f 6544 2192 6529
f 6543 6535 6533
f 6538 6535 6543
f 6545 2192 6544
f 6530 6538 6543
f 6527 6542 6529
f 6542 6546 6529
f 6546 6544 6529
f 6530 6250 6547
f 6327 6547 6250
f 6366 6547 6327
f 6548 6545 6544
f 6549 6366 6367
f 6546 6548 6544
f 6547 6550 6530
f 6550 6547 6551
f 6550 6538 6530
f 6552 6553 6517
f 6425 6404 6423
f 6519 6480 6485
f 6425 6423 6554
f 6519 6534 6480
f 6554 6423 6555
f 6556 6534 6519
f 6539 6534 6556
f 6551 6557 6550
f 6551 6547 6366
f 6424 6425 6554
f 6024 6542 6539
f 6549 6551 6366
f 6024 6539 6556
f 6517 6553 6519
f 6553 6556 6519
f 6555 6558 6554
f 6558 6555 6559
f 6424 6554 6558
f 6025 6024 6553
f 6024 6556 6553
f 6560 6561 6537
f 6537 6541 6536
f 6024 6562 6542
f 6563 6560 6537
f 6562 6546 6542
f 6564 6561 6560
f 6564 6565 6561
f 6562 6548 6546
f 6566 6548 6562
f 6538 6563 6537
f 6567 6560 6563
f 6038 6562 6024
f 6568 6567 6563
f 6024 6026 6038
f 6567 6564 6560
f 6568 6564 6567
f 6568 6569 6564
f 6038 6566 6562
f 2190 2192 2603
f 6545 2603 2192
f 6497 6409 6142
f 6570 6486 6497
f 6242 6497 6142
f 6571 6518 6511
f 6571 6511 6514
f 6570 6497 6572
f 6572 6573 6570
f 6574 6573 6572
f 6571 6575 6518
f 6576 6575 6571
f 6571 6514 6577
f 6571 6578 6579
f 6572 6242 6245
f 6245 6254 6572
f 6576 6571 6579
f 6580 6574 6572
f 6580 6572 6254
f 6576 6579 6581
f 6579 6582 6581
f 6395 6565 6397
f 6574 6583 6573
f 6583 6513 6573
f 6584 6585 6397
f 6513 6492 6573
f 6586 6585 6584
f 6586 6587 6585
f 6587 6586 6588
f 6564 6569 6584
f 6569 6586 6584
f 6583 6589 6513
f 6513 6589 6590
f 6569 6588 6586
f 6591 6592 6569
f 6583 6574 6593
f 6579 6578 6594
f 6582 6579 6594
f 6423 6406 6595
f 6595 6406 6596
f 6596 6494 6499
f 6406 6494 6596
f 6597 6593 6574
f 6598 6595 6599
f 6596 6599 6595
f 6583 6062 6589
f 6423 6595 6555
f 6598 6555 6595
f 6062 6583 6593
f 6598 6559 6555
f 6499 6599 6596
f 6518 6599 6499
f 6266 6580 6254
f 6518 6575 6599
f 6550 6563 6538
f 6580 6266 6574
f 6574 6266 6597
f 6550 6568 6563
f 6568 6550 6557
f 6557 6600 6568
f 6599 6601 6598
f 6062 6593 6597
f 6601 6599 6575
f 6063 6062 6597
f 6266 6066 6597
f 6597 6066 6063
f 6281 6266 6264
f 6590 6517 6513
f 6600 6602 6568
f 6601 6603 6598
f 6603 6604 6598
f 6590 6552 6517
f 6605 6603 6601
f 6559 6598 6604
f 6552 6025 6553
f 6552 6028 6025
f 6606 6600 6557
f 6575 6576 6601
f 6028 6552 6590
f 6601 6576 6607
f 6602 6569 6568
f 6607 6576 6581
f 6607 6581 6608
f 6062 6590 6589
f 6601 6607 6605
f 6608 6609 6607
f 6062 6071 6590
f 6591 6569 6602
f 6610 6591 6602
f 6611 6610 6602
f 6071 6028 6590
f 6608 6581 6612
f 6612 6581 6582
f 6028 6613 6033
f 6613 6028 6071
f 6205 6198 6363
f 6071 6076 6613
f 6614 6205 6363
f 6615 6363 6380
f 6613 6034 6033
f 6076 6034 6613
f 6059 6034 6076
f 6522 6030 6032
f 6616 6445 6451
f 6451 6617 6436
f 6021 1726 2311
f 6155 6232 6148
f 6148 6151 6155
f 4627 2308 2310
f 4627 2311 2308
f 6041 6031 6039
f 6135 6618 6151
f 6036 6021 2311
f 6040 6183 6039
f 6618 6154 6151
f 6443 6442 6451
f 4643 2311 4627
f 6183 6047 6039
f 6036 2311 4643
f 6445 6619 3839
f 6618 6274 6154
f 6620 6274 6618
f 6621 6134 6108
f 6621 6132 6134
f 6621 6622 6132
f 6622 6159 6132
f 6037 6623 1727
f 1727 6624 1752
f 6621 6117 6622
f 6625 6622 6117
f 6046 1752 6624
f 6624 1727 6623
f 6236 6117 6116
f 6236 6625 6117
f 6454 6438 6626
f 6622 6625 6627
f 6627 6159 6622
f 6627 6158 6159
f 6248 6627 6625
f 6163 6158 6627
f 6628 6624 6623
f 6165 6160 6143
f 6624 6628 6046
f 6163 6143 6158
f 6163 6165 6143
f 6623 6077 6628
f 6629 6628 6077
f 6104 6046 6628
f 6618 6160 6620
f 6104 6628 6629
f 6165 6620 6160
f 6626 6463 6454
f 4644 6036 4643
f 6630 6620 6165
f 6060 6036 4644
f 6457 6455 6465
f 6165 6631 6630
f 6164 6631 6165
f 4675 4644 4646
f 4646 4224 4675
f 6060 4644 4675
f 6072 6060 4675
f 6632 6274 6620
f 6035 6077 6037
f 6176 6633 6177
f 6077 6623 6037
f 6411 6633 6412
f 6634 6635 6412
f 6633 6634 6412
f 6078 6629 6077
f 6636 6637 6471
f 6638 6635 6634
f 6471 6470 6636
f 6197 6634 6633
f 6125 6104 6629
f 6636 6239 6639
f 6640 6638 6634
f 6641 6642 6638
f 6124 6123 6180
f 6643 6203 6123
f 6457 6465 6469
f 6078 6087 6629
f 6234 6087 6078
f 6643 6123 6148
f 6641 6638 6640
f 6176 6197 6633
f 6644 6640 6634
f 6644 6634 6197
f 6629 6182 6125
f 6239 6636 6470
f 6645 6640 6644
f 6239 6470 6243
f 6646 6640 6645
f 6088 6182 6087
f 6087 6182 6629
f 6087 6086 6088
f 6197 6196 6644
f 6196 6645 6644
f 6647 6646 6645
f 6196 6648 6645
f 6646 6641 6640
f 6649 6107 6650
f 6643 6148 6203
f 6118 6107 6649
f 6186 6118 6649
f 6125 6102 6104
f 6651 6646 6647
f 6232 6221 6148
f 6646 6649 6641
f 6649 6646 6186
f 6652 6186 6646
f 6155 6154 6232
f 6232 6154 6270
f 6646 6651 6652
f 6144 6138 6127
f 6196 6173 6193
f 6193 6653 6196
f 6150 1904 6139
f 6112 6139 1859
f 6150 6139 6138
f 6204 6653 6193
f 6653 6654 6196
f 6654 6655 6196
f 6270 6233 6232
f 6427 6653 6204
f 6272 6233 6270
f 6656 6653 6427
f 6656 6654 6653
f 6233 6264 6253
f 6648 6647 6645
f 6657 6157 6153
f 6657 2233 6157
f 6233 6272 6264
f 6169 6657 6153
f 6657 6169 6450
f 6655 6648 6196
f 6658 6647 6648
f 6651 6647 6658
f 6651 6659 6652
f 6658 6659 6651
f 6272 6281 6264
f 6660 6218 6659
f 6659 6186 6652
f 6218 6186 6659
f 6661 6181 6088
f 6273 6281 6272
f 6281 6273 6279
f 6184 6181 6661
f 6655 6658 6648
f 6184 6661 6200
f 6660 6658 6655
f 6660 6655 6662
f 6660 6659 6658
f 6654 6662 6655
f 6438 6660 6439
f 6660 6226 6218
f 6226 6660 6438
f 4668 6521 4147
f 6439 6660 6662
f 2325 2339 2324
f 6663 6521 4668
f 6663 4668 4671
f 6316 6291 2325
f 6228 6072 4675
f 2339 2325 6291
f 6228 4675 3933
f 6267 6228 3933
f 6228 6267 6229
f 6230 6664 6225
f 6521 6051 6050
f 6665 6521 6663
f 6230 6231 6460
f 6460 6664 6230
f 6051 6521 6665
f 6460 6471 6664
f 6637 6664 6471
f 6087 6234 6085
f 6210 6625 6236
f 6214 6029 6048
f 6048 6029 6027
f 6085 6661 6088
f 6187 6210 6236
f 6666 6051 6665
f 6210 6217 6625
f 6666 6049 6051
f 6259 6085 6244
f 6661 6085 6259
f 6666 6215 6049
f 6259 6667 6661
f 6248 6163 6627
f 6217 6248 6625
f 4671 4686 6663
f 4686 6668 6663
f 4690 6668 4686
f 6212 6217 6210
f 6663 6668 6665
f 6669 4691 4689
f 6260 6310 6259
f 6247 6248 6217
f 6247 6217 6216
f 4691 6668 4690
f 6670 6259 6310
f 4689 4161 6669
f 6669 4161 6029
f 6671 4691 6669
f 3932 6267 3933
f 4691 6672 6668
f 6672 6665 6668
f 6672 4691 6671
f 6631 6164 6249
f 3932 4459 6267
f 4459 3932 4322
f 6029 6214 6671
f 6257 6263 6249
f 6672 6671 6056
f 6669 6029 6671
f 6058 6665 6672
f 6665 6058 6666
f 6056 6058 6672
f 6664 6257 6216
f 6263 6257 6664
f 6671 6214 6057
f 6056 6671 6057
f 6225 6664 6216
f 6058 6215 6666
f 6055 6215 6058
f 6664 6261 6263
f 6637 6261 6664
f 6670 6310 6311
f 6300 6319 6311
f 6154 6268 6270
f 6285 6269 6268
f 6319 6673 6311
f 6661 6667 6200
f 6285 6273 6269
f 6284 6273 6285
f 6048 6043 6106
f 6048 6106 6131
f 6323 6200 6667
f 6274 6268 6154
f 6667 6259 6670
f 6323 6667 6670
f 6130 6131 6161
f 6200 6323 6321
f 6284 6279 6273
f 6670 6333 6323
f 6279 6284 6288
f 6674 6280 6279
f 6149 6675 6147
f 6147 6675 6152
f 6288 6674 6279
f 6306 6674 6288
f 6676 6149 6049
f 6676 6675 6149
f 6311 6333 6670
f 6311 6336 6333
f 6215 6676 6049
f 6306 6288 6289
f 6677 6676 6215
f 6172 6677 6215
f 6630 6632 6620
f 6336 6343 6334
f 6673 6336 6311
f 6678 6632 6630
f 6678 6275 6632
f 6343 6336 6673
f 6330 6678 6630
f 6161 6131 6121
f 6275 6678 6296
f 6631 6330 6630
f 6676 6677 6679
f 6675 6676 6679
f 6679 6680 6675
f 6678 6329 6296
f 6172 6171 6677
f 6523 6343 6673
f 6274 6632 6275
f 6206 6170 6161
f 6170 6206 6171
f 6681 6523 6673
f 6171 6679 6677
f 6171 6682 6679
f 6268 6293 6285
f 6345 4459 4458
f 6194 6152 6675
f 6683 6283 6293
f 6298 6683 6293
f 6684 6191 6195
f 6205 6684 6195
f 6298 6685 6683
f 6492 6486 6570
f 6573 6492 6570
f 6354 4458 4461
f 6680 6194 6675
f 6686 6283 6683
f 6355 6386 6350
f 6386 6359 6350
f 6368 6185 6194
f 6185 6368 6364
f 6685 6686 6683
f 6687 6686 6685
f 6688 6368 6194
f 6299 6283 6686
f 6299 6686 6689
f 6680 6688 6194
f 6687 6689 6686
f 6680 6690 6688
f 6673 6319 6318
f 6384 6673 6318
f 6206 6161 6207
f 6689 6314 6299
f 6689 6691 6314
f 6682 6680 6679
f 6384 6692 6673
f 6692 6681 6673
f 6207 6161 6191
f 6171 6209 6682
f 6209 6171 6206
f 6208 6693 6209
f 6302 6307 6289
f 6289 6307 6306
f 6376 6402 6384
f 6208 6207 6694
f 6207 6191 6684
f 6207 6684 6695
f 6694 6207 6695
f 6208 6694 6693
f 4487 6355 4461
f 4487 6386 6355
f 6693 6690 6680
f 6680 6682 6693
f 6308 6307 6302
f 6693 6682 6209
f 4493 6386 4487
f 6312 6309 6308
f 6694 6696 6693
f 6694 6695 6696
f 6693 6696 6690
f 6697 6387 6386
f 6697 6386 4493
f 6313 6698 6312
f 6697 4493 4494
f 6699 6697 4494
f 6697 6699 6394
f 6698 6313 6324
f 6394 6387 6697
f 6420 6309 6312
f 6419 6420 6312
f 6394 6411 6396
f 6698 6419 6312
f 6700 6419 6698
f 6701 6422 6419
f 6700 6701 6419
f 6407 6402 6400
f 6373 6422 6701
f 6407 6405 6412
f 4494 4007 6699
f 4007 6702 6699
f 6239 6238 6639
f 6703 6394 6699
f 6702 6704 6699
f 6704 6703 6699
f 4007 4006 6702
f 6678 6330 6329
f 6631 6249 6330
f 6328 6330 6249
f 6416 6702 4006
f 6416 6704 6702
f 6298 6296 6329
f 6332 6298 6329
f 6703 6411 6394
f 6704 6411 6703
f 6416 6411 6704
f 6177 6633 6411
f 6298 6332 6705
f 6706 6705 6332
f 6705 6706 6707
f 6342 6706 6332
f 4021 4591 4012
f 6708 6706 6342
f 6706 6709 6707
f 6707 6691 6710
f 6709 6691 6707
f 6709 6711 6691
f 1757 2233 6430
f 6712 6713 6709
f 2233 6657 6434
f 6705 6685 6298
f 6705 6687 6685
f 6434 6430 2233
f 6710 6687 6705
f 6691 6687 6710
f 6707 6710 6705
f 6691 6689 6687
f 6691 6714 6314
f 6450 6434 6657
f 6711 6714 6691
f 6711 6709 6713
f 6497 6242 6572
f 6348 6262 6261
f 6456 6316 6287
f 6637 6348 6261
f 6639 6637 6636
f 6358 6348 6637
f 6348 6358 6347
f 6342 6340 6708
f 6712 6709 6706
f 6712 6706 6708
f 6362 6708 6340
f 6315 6316 6461
f 6362 6712 6708
f 6068 6461 6476
f 6715 6716 6712
f 6525 6362 6349
f 6525 6532 6362
f 6540 6712 6362
f 6540 6715 6712
f 6532 6540 6362
f 6541 6715 6540
f 6320 6314 6714
f 6714 6711 6320
f 6066 6266 6281
f 6280 6066 6281
f 6280 6080 6066
f 6717 6320 6711
f 6717 6711 6713
f 6717 6369 6320
f 6718 6369 6717
f 6718 6377 6369
f 6372 6700 6698
f 6698 6324 6372
f 6382 6701 6372
f 6700 6372 6701
f 6382 6373 6701
f 6373 6382 6374
f 6385 6374 6382
f 6713 6712 6716
f 6523 6520 6343
f 6522 6520 6523
f 6719 6717 6716
f 6715 6719 6716
f 6720 6717 6719
f 6561 6720 6719
f 6719 6715 6541
f 6537 6719 6541
f 6032 6520 6522
f 6719 6537 6561
f 6395 6720 6561
f 6716 6717 6713
f 6718 6721 6377
f 6717 6721 6718
f 6722 6721 6717
f 6393 6721 6722
f 6717 6720 6722
f 6089 6074 6067
f 6395 6722 6720
f 6395 6393 6722
f 6377 6721 6378
f 6378 6721 6393
f 6379 6378 6392
f 6393 6392 6378
f 6066 6080 6067
f 6379 6723 6388
f 6392 6723 6379
f 6724 6637 6639
f 6241 6724 6639
f 6724 6358 6637
f 6358 6724 6241
f 6067 6081 6089
f 6238 6241 6639
f 6723 6392 6397
f 6725 6089 6081
f 6674 6080 6280
f 6524 6358 6241
f 6306 6080 6674
f 6726 6081 6401
f 6089 6727 6076
f 6727 6059 6076
f 6401 6309 6726
f 6728 6061 6059
f 6726 6725 6081
f 6729 6059 6727
f 6408 6725 6730
f 6726 6730 6725
f 6729 6728 6059
f 6094 6728 6729
f 6410 6408 6730
f 6092 6725 6408
f 6731 6727 6089
f 6732 6730 6726
f 6733 6731 6089
f 6732 6726 6309
f 6733 6089 6725
f 6092 6731 6733
f 6732 6417 6730
f 6733 6725 6092
f 6420 6417 6732
f 6414 6730 6417
f 6414 6410 6730
f 6092 6094 6731
f 6417 6420 6415
f 6731 6729 6727
f 6731 6094 6729
f 6309 6420 6732
f 6734 6549 6367
f 6422 6373 6421
f 6692 6384 6402
f 6204 6201 4525
f 6428 3737 3735
f 6735 6736 6692
f 6424 6737 6380
f 6428 6656 6427
f 6549 6738 6551
f 6739 6738 6549
f 6431 6656 6428
f 6407 6740 6402
f 6735 6692 6402
f 6402 6740 6735
f 6737 6424 6558
f 4594 3735 4577
f 6740 6407 6642
f 6741 6737 6558
f 6741 6558 6559
f 6656 6742 6654
f 6738 6557 6551
f 6743 6742 6656
f 6557 6738 6606
f 6739 6744 6738
f 6431 6743 6656
f 6738 6744 6606
f 6436 6743 6431
f 6743 6436 6742
f 6617 6742 6436
f 6635 6407 6412
f 6451 6742 6617
f 6626 6742 6451
f 6395 6561 6565
f 6451 6442 6626
f 6654 6742 6662
f 6564 6584 6565
f 6439 6662 6742
f 6635 6642 6407
f 6742 6437 6439
f 6635 6638 6642
f 6626 6437 6742
f 6626 6438 6437
f 6650 6735 6740
f 6442 6463 6626
f 6641 6740 6642
f 6641 6650 6740
f 6649 6650 6641
f 6107 6735 6650
f 4593 6616 6436
f 6619 4593 3839
f 4593 6619 6616
f 6445 6616 6619
f 6451 6436 6616
f 6099 6523 6681
f 6681 6100 6099
f 6522 6099 6098
f 6397 6565 6584
f 6100 6745 6098
f 6736 6100 6681
f 6736 6745 6100
f 6692 6736 6681
f 6735 6745 6736
f 6103 6098 6745
f 6746 6103 6745
f 6747 6602 6600
f 6748 6183 6040
f 6604 6749 6559
f 6748 6040 6105
f 6741 6559 6749
f 6750 6751 6749
f 6752 6183 6748
f 6752 6748 6105
f 6105 6753 6752
f 6754 6103 6746
f 6754 6105 6103
f 6754 6753 6105
f 6109 6746 6745
f 6744 6755 6606
f 6109 6754 6746
f 6604 6603 6756
f 6757 6753 6758
f 6749 6604 6756
f 6756 6603 6605
f 6758 6753 6754
f 6759 6758 6754
f 6747 6600 6606
f 6134 6757 6758
f 6759 6134 6758
f 6747 6760 6761
f 6757 6752 6753
f 6756 6750 6749
f 6750 6756 6762
f 6757 6134 6752
f 6606 6755 6747
f 6755 6760 6747
f 6109 6745 6735
f 6763 6760 6764
f 6764 6760 6755
f 6109 6108 6759
f 6109 6759 6754
f 6607 6765 6605
f 6765 6607 6609
f 6107 6109 6735
f 6609 6608 6612
f 6756 6605 6765
f 6108 6134 6759
f 6762 6756 6765
f 6762 6765 6609
f 6750 6762 6766
f 6766 6763 6750
f 6760 6767 6761
f 6621 6108 6117
f 6760 6763 6766
f 6766 6762 6768
f 6766 6768 6760
f 6762 6609 6769
f 6768 6762 6769
f 6770 6183 6752
f 6611 6602 6747
f 6124 6183 6126
f 6770 6126 6183
f 6761 6611 6747
f 6761 6610 6611
f 6767 6610 6761
f 6770 6752 6134
f 6133 6126 6770
f 6770 6134 6133
f 6610 6592 6591
f 6767 6760 6768
f 6618 6135 6136
f 6771 6767 6772
f 6767 6773 6772
f 6160 6618 6136
f 6773 6768 6769
f 6769 6774 6773
f 6771 6610 6767
f 6768 6773 6767
f 6695 6684 6614
f 6368 6688 6775
f 6366 6364 6368
f 6614 6684 6205
f 6695 6614 6615
f 6690 6775 6688
f 6615 6614 6363
f 6695 6615 6776
f 6777 6776 6778
f 6615 6779 6776
f 6780 6776 6779
f 6778 6776 6780
f 6696 6695 6781
f 6690 6696 6781
f 6781 6695 6776
f 6777 6775 6690
f 6777 6690 6781
f 6777 6781 6776
f 6737 6615 6380
f 6779 6615 6737
f 6368 6775 6367
f 6775 6734 6367
f 6782 6734 6775
f 6777 6782 6775
f 6777 6783 6782
f 6778 6783 6777
f 6782 6783 6784
f 6783 6778 6780
f 6734 6782 6549
f 6782 6739 6549
f 6784 6783 6780
f 6779 6785 6780
f 6782 6784 6786
f 6780 6785 6784
f 6786 6784 6785
f 6779 6737 6787
f 6785 6779 6787
f 6787 6737 6741
f 6739 6782 6786
f 6739 6786 6788
f 6751 6785 6787
f 6788 6785 6789
f 6785 6788 6786
f 6788 6744 6739
f 6744 6788 6790
f 6790 6788 6789
f 6787 6741 6751
f 6751 6741 6749
f 6751 6789 6785
f 6751 6750 6791
f 6751 6791 6789
f 6790 6764 6744
f 6791 6764 6790
f 6744 6764 6755
f 6790 6789 6791
f 6750 6763 6791
f 6764 6791 6763
f 5436 6792 5440
f 6793 6545 6548
f 6794 6795 6796
f 6797 6798 6799
f 6800 6801 6802
f 6803 6801 6800
f 6804 6797 6799
f 6805 6798 6797
f 6799 6806 6804
f 6566 6793 6548
f 6807 6808 6809
f 6810 6808 6811
f 6809 6800 6807
f 6812 6795 6794
f 6813 6814 6815
f 6816 6817 6804
f 6818 6819 6566
f 6817 6797 6804
f 6566 6819 6793
f 6813 6820 6814
f 6821 6793 6819
f 6822 6797 6817
f 6792 6794 5440
f 6823 6816 6824
f 6817 6816 6823
f 6825 6826 6827
f 6794 6792 6828
f 6822 6805 6797
f 6566 6038 6818
f 6826 6825 6829
f 6830 6828 6792
f 6812 6794 6828
f 6831 6825 6827
f 6832 6825 6831
f 6833 6834 6818
f 5436 5434 5444
f 5464 5436 5444
f 6835 6836 6837
f 6834 6819 6818
f 6838 6839 6837
f 6838 6837 6836
f 6829 6825 6840
f 6834 6841 6819
f 6840 6825 6832
f 5436 5464 6792
f 6842 6840 6832
f 5467 5464 5458
f 6831 6843 6844
f 6845 6846 6847
f 6545 6848 2603
f 6845 6849 6846
f 6850 6851 6852
f 6853 6844 6850
f 2604 2603 6848
f 6854 6831 6844
f 6854 6844 6853
f 6855 6856 6857
f 6858 5464 5467
f 6856 6859 6857
f 6827 6860 6831
f 6860 6843 6831
f 6792 5464 6861
f 6792 6861 6862
f 5464 6858 6861
f 2606 2604 6863
f 6863 2604 6848
f 6846 6856 6855
f 6864 6832 6831
f 6793 6848 6545
f 6842 6832 6864
f 6821 6848 6793
f 6821 6863 6848
f 6864 6831 6854
f 6861 6858 6865
f 6859 6856 6866
f 6866 6867 6859
f 6868 6859 6869
f 6870 6864 6854
f 6871 6872 6873
f 6812 6874 6795
f 6875 6874 6812
f 6876 6872 6877
f 6878 6876 6877
f 6869 6859 6867
f 6877 6879 6878
f 6846 6849 6856
f 6866 6856 6849
f 6880 6871 6881
f 6879 6877 6871
f 6871 6880 6879
f 2659 2608 2606
f 6882 6880 6881
f 6882 6879 6880
f 2606 6863 6883
f 6884 6849 6885
f 6886 6883 6821
f 6863 6821 6883
f 6842 6864 6887
f 6828 6888 6812
f 6847 6889 6845
f 6830 6890 6828
f 2606 6883 2659
f 6890 6888 6828
f 6870 6891 6864
f 6892 6889 6893
f 6892 6845 6889
f 6894 6892 6893
f 6864 6891 6887
f 6895 6845 6892
f 6886 6821 6819
f 6896 6895 6892
f 6888 6890 6897
f 6898 6887 6899
f 6900 6894 6901
f 6899 6887 6891
f 6900 6892 6894
f 6896 6892 6900
f 6902 6883 6886
f 6861 6865 6862
f 6849 6845 6903
f 6899 6891 6904
f 6905 6899 6904
f 6845 6895 6903
f 6841 6902 6886
f 6886 6819 6841
f 6906 6907 6908
f 6830 6792 6862
f 6909 6829 6840
f 6910 6902 6841
f 6911 6908 6907
f 6908 6911 6912
f 6913 6914 6909
f 6840 6913 6909
f 6915 6830 6862
f 6916 6908 6917
f 6901 6918 6919
f 6901 6919 6900
f 6920 6914 6913
f 6811 6808 6914
f 6918 6921 6919
f 6922 6896 6900
f 6830 6915 6890
f 2660 2659 6923
f 6913 6840 6842
f 6919 6922 6900
f 6913 6842 6920
f 6921 6924 6919
f 6925 6920 6842
f 6924 6921 6926
f 6927 2660 6923
f 6924 6922 6919
f 6923 2659 6883
f 6928 6903 6895
f 6928 6895 6896
f 6811 6914 6920
f 6811 6920 6929
f 6929 6920 6930
f 6890 6915 6897
f 6903 6885 6849
f 6903 6928 6885
f 6931 6882 6814
f 6885 6932 6884
f 6932 6885 6928
f 6933 6927 6923
f 6925 6930 6920
f 6922 6934 6928
f 6925 6842 6898
f 6932 6928 6935
f 6915 6862 6857
f 6925 6898 6930
f 6928 6934 6935
f 6857 6862 6936
f 6937 6927 6933
f 6938 6929 6930
f 6896 6922 6928
f 6939 6930 6898
f 6924 6926 6906
f 6810 6811 6929
f 6814 6940 6931
f 6929 6938 6810
f 6941 6897 6915
f 6927 2667 2660
f 2667 6927 2694
f 6908 6916 6906
f 6942 6943 6944
f 6944 6945 6942
f 6906 6916 6924
f 6946 6922 6924
f 6887 6898 6842
f 6947 6897 6941
f 6946 6934 6922
f 6916 6946 6924
f 6948 6934 6946
f 6946 6916 6948
f 6949 6939 6898
f 6950 6951 6869
f 6899 6949 6898
f 6867 6950 6869
f 6952 2694 6927
f 6905 6949 6899
f 6868 6857 6859
f 6953 6950 6867
f 6941 6915 6857
f 6954 6939 6949
f 6905 6954 6949
f 6868 6941 6857
f 6954 6905 6955
f 6954 6955 6956
f 6957 6939 6954
f 6867 6958 6953
f 6957 6954 6956
f 6937 6952 6927
f 6945 6959 6942
f 6884 6960 6866
f 6876 6961 6872
f 6866 6849 6884
f 6962 2694 6952
f 6963 6878 6879
f 6960 6884 6932
f 6963 6879 6964
f 6879 6882 6964
f 6867 6866 6960
f 6965 6947 6941
f 6947 6965 6966
f 6902 6923 6883
f 6868 6869 6941
f 6923 6902 6933
f 6967 6968 6969
f 6970 6971 6969
f 6965 6941 6869
f 6971 6967 6969
f 6958 6867 6960
f 6958 6960 6972
f 6971 6973 6967
f 6960 6932 6972
f 6971 6878 6963
f 6974 6933 6902
f 6971 6963 6975
f 6951 6965 6869
f 6976 6977 6978
f 6975 6963 6964
f 6975 6973 6971
f 6979 6912 6911
f 6979 6911 6980
f 6917 6908 6912
f 6912 6979 6981
f 6974 6902 6910
f 6982 6973 6975
f 6983 5539 5540
f 6984 6982 6975
f 6931 6964 6882
f 6985 6974 6910
f 6986 6964 6931
f 6987 6981 6979
f 5539 6988 4953
f 6975 6986 6984
f 6986 6975 6964
f 6989 6988 5539
f 6986 6990 6984
f 6991 6984 6990
f 6991 6982 6984
f 6933 6974 6992
f 6948 6935 6934
f 6993 6956 6994
f 6995 6935 6948
f 1455 4918 1453
f 6933 6992 6937
f 6996 6997 6948
f 6983 5540 6998
f 4918 1455 6999
f 5540 5549 7000
f 7001 6997 6996
f 6999 1455 2529
f 6997 7001 7002
f 6995 6948 6997
f 7003 5554 5356
f 7004 5556 5554
f 7004 5554 7003
f 7004 7003 7005
f 5549 7005 7000
f 7006 5553 5896
f 7007 6998 5540
f 7007 5540 7000
f 7007 7000 7008
f 7006 7008 7009
f 6983 7010 5539
f 4924 4918 6999
f 6937 6992 7011
f 7010 6983 7012
f 6948 6916 6996
f 6996 6916 6917
f 7008 7000 7013
f 7001 6917 6912
f 7014 7013 7000
f 7014 7015 7013
f 7015 7014 7016
f 7001 6912 6981
f 7015 7009 7013
f 7009 7015 7017
f 7017 7015 7016
f 6989 5539 7010
f 7001 6996 6917
f 6999 2529 2532
f 6974 7018 6992
f 7019 4924 6999
f 7020 7002 7021
f 7021 7002 7001
f 7001 7022 7021
f 7022 7001 6981
f 7021 7022 7020
f 7020 7022 7023
f 7024 7011 6992
f 7025 7022 6981
f 7019 6999 7026
f 6997 7020 7027
f 7026 6999 2532
f 7028 7029 7030
f 7028 7024 7029
f 7031 7024 7028
f 6989 7010 7032
f 7011 6952 6937
f 7011 7033 6952
f 7027 7020 6977
f 7034 7027 6977
f 7035 7010 7012
f 6997 7002 7020
f 7036 7010 7035
f 2532 2535 2550
f 7020 7023 6977
f 7036 7032 7010
f 6038 6045 6833
f 7023 7025 7037
f 7025 7023 7022
f 7038 7039 5565
f 7040 2532 2550
f 7040 2550 7041
f 6818 6038 6833
f 5565 5566 7042
f 7038 5565 7042
f 6987 7025 6981
f 2551 7041 2550
f 6833 7043 6834
f 7044 6988 6989
f 7026 2532 7040
f 7032 7044 6989
f 7025 6987 7045
f 7003 5356 7046
f 7047 7040 7041
f 7046 7005 7003
f 7048 6833 6045
f 7048 7043 6833
f 7049 7050 7051
f 6045 6061 7048
f 7047 7026 7040
f 7000 7005 7014
f 7046 7014 7005
f 7009 7052 7053
f 7054 7050 7049
f 5568 5569 7055
f 7043 7048 7056
f 5569 7057 7058
f 7059 7058 7057
f 7060 6824 7061
f 7047 7041 7062
f 6834 7063 6841
f 6823 6824 7060
f 7064 7016 7014
f 7064 7014 7065
f 7065 7014 7066
f 7066 7014 7067
f 7068 7014 7069
f 7070 7014 7046
f 7070 7046 7071
f 7063 6834 7043
f 7061 7072 7073
f 7014 7070 7069
f 7063 7074 6841
f 7073 7075 7061
f 7067 7014 7076
f 7014 7077 7076
f 7077 7014 7078
f 7068 7078 7014
f 7075 7060 7061
f 7026 7079 7019
f 7079 7026 7080
f 7068 7069 7081
f 7082 7079 7080
f 7069 7070 7081
f 7083 7077 7084
f 7077 7078 7084
f 7078 7052 7084
f 7052 7085 7084
f 7085 7083 7084
f 7086 7076 7077
f 7083 7086 7077
f 7085 7052 7087
f 7076 7085 7087
f 7083 7085 7088
f 7052 7078 7089
f 7089 7078 7068
f 7086 7083 7088
f 7035 7090 7036
f 7091 7068 7092
f 7093 7091 7092
f 7094 7052 7089
f 7095 7094 7089
f 7068 7091 7089
f 7091 7095 7089
f 7091 7093 7095
f 7093 7094 7095
f 4933 4924 7019
f 4933 7019 7079
f 7096 7054 7097
f 7098 6874 7070
f 7079 7099 4933
f 7100 7059 7101
f 7102 7097 7054
f 7103 7104 7105
f 7104 7103 7106
f 5537 5568 7055
f 7042 5566 7055
f 5537 7055 5566
f 7054 7096 7050
f 7104 7107 7105
f 7104 7106 7108
f 7042 7055 7109
f 7110 7111 7112
f 7112 7113 7110
f 7080 7026 7047
f 7058 7055 5569
f 7108 7113 7114
f 7110 7115 7111
f 7116 7117 7118
f 7116 7118 7119
f 7042 7109 7038
f 7120 7038 7109
f 7121 7102 7122
f 7119 7123 7116
f 7055 7058 7124
f 7125 7047 7062
f 7126 7127 7128
f 7100 7124 7058
f 7126 7129 7127
f 7124 7109 7055
f 7080 7047 7125
f 7130 7129 7126
f 7124 7131 7109
f 7054 7132 7102
f 7126 7133 7130
f 7131 7134 7120
f 7135 7130 7133
f 7136 7137 7117
f 7132 7054 7049
f 7120 7109 7131
f 7082 7080 7138
f 7138 7080 7125
f 7116 7136 7117
f 7139 7073 7140
f 7140 7141 7139
f 7142 7143 7144
f 7141 7140 7143
f 7145 7136 7116
f 7145 7137 7136
f 7073 7139 7075
f 7123 7145 7116
f 7146 2553 7147
f 7090 7148 7036
f 7148 7032 7036
f 7147 2553 2638
f 7149 7150 7151
f 7141 7143 7142
f 7152 7122 7153
f 7152 7121 7122
f 7154 7148 7155
f 7156 7149 7157
f 7158 7159 7160
f 7161 7044 7032
f 7162 7163 7149
f 6910 6841 7074
f 7074 6985 6910
f 7122 7102 7132
f 7044 7164 7165
f 7161 7164 7044
f 7166 7075 7139
f 7141 7166 7139
f 7129 7167 6985
f 7168 7129 7130
f 7168 7167 7129
f 7161 7032 7148
f 7153 7122 7169
f 7170 2638 2675
f 7168 7171 7167
f 7160 7147 2638
f 7160 7159 7147
f 7160 2638 7170
f 7171 7168 7130
f 7171 7130 7135
f 7171 7135 7172
f 7154 7164 7161
f 7167 7018 6974
f 7173 7164 7154
f 7174 7030 7018
f 7174 7167 7171
f 7030 7029 7018
f 7175 7049 7051
f 7049 7175 7176
f 7161 7148 7154
f 7177 7028 7030
f 7171 7178 7174
f 7160 7179 7158
f 7180 7174 7178
f 7170 7181 7160
f 7132 7049 7176
f 7178 7171 7172
f 7180 7178 7172
f 7174 7180 7030
f 7150 7182 7151
f 7179 7160 7181
f 7183 7182 7150
f 7184 7176 7175
f 7068 7081 7185
f 6962 7186 2697
f 2697 2694 6962
f 7185 7092 7068
f 7092 7185 7187
f 7093 7092 7187
f 7188 7189 7190
f 7187 7185 7190
f 7093 7187 7189
f 7187 7190 7189
f 7181 7191 7179
f 7192 7193 7090
f 7194 2815 7186
f 2815 7194 7195
f 7148 7090 7193
f 7196 7188 7190
f 7197 7190 7185
f 7198 7199 7179
f 7186 2812 2697
f 7198 7179 7191
f 7070 6874 7200
f 7200 7081 7070
f 7201 7202 7203
f 7201 7203 7204
f 7205 7204 7203
f 7206 7185 7081
f 7081 7207 7206
f 7204 7205 7208
f 2553 7146 2551
f 7208 7197 7207
f 7197 7206 7207
f 7209 7176 7210
f 2815 2812 7186
f 7185 7206 7197
f 7211 6962 6952
f 7146 7147 7159
f 7212 7197 7200
f 7033 7211 6952
f 7212 7200 6874
f 7041 2551 7146
f 7062 7041 7146
f 7132 7213 7122
f 7211 7186 6962
f 7194 7186 7211
f 7062 7146 7159
f 7169 7122 7213
f 7188 7214 7215
f 7100 7214 7216
f 7194 7217 7195
f 7218 7217 7194
f 7155 7148 7193
f 7213 7132 7176
f 7209 7213 7176
f 7195 7217 7219
f 7219 7220 7195
f 7221 7219 7217
f 7221 7222 7219
f 7024 7031 7223
f 7193 7224 7225
f 7062 7226 7227
f 7226 7159 7158
f 7033 7228 7211
f 6907 6823 7060
f 7062 7159 7226
f 7060 7229 6907
f 6907 6926 6823
f 7230 7197 7212
f 7231 7230 7212
f 7223 7228 7033
f 7232 7228 7223
f 7233 7190 7197
f 7234 7217 7218
f 7196 7214 7188
f 7214 7196 7235
f 7233 7236 7190
f 7217 7234 7221
f 7236 7196 7190
f 7236 7235 7196
f 6823 6926 6817
f 7218 7228 7234
f 7233 7197 7230
f 6822 6817 6921
f 6921 6817 6926
f 7235 7236 7237
f 7236 7233 7230
f 7125 7062 7227
f 7238 7193 7225
f 7238 7225 7239
f 6906 6926 6907
f 7230 7240 7236
f 7237 7236 7240
f 7234 7232 7241
f 7242 7234 7241
f 7120 7134 7243
f 7244 7243 7134
f 7245 7242 7241
f 6907 7229 6911
f 6911 7229 7246
f 7244 7134 7131
f 7227 7226 7199
f 7247 7221 7234
f 7100 7248 7124
f 7242 7247 7234
f 7226 7158 7179
f 7199 7226 7179
f 7221 7247 7249
f 7100 7216 7250
f 6980 6911 7246
f 7248 7100 7250
f 7075 7229 7060
f 7242 7249 7247
f 7248 7251 7252
f 7251 7248 7250
f 7249 7253 7221
f 7246 7229 7254
f 7229 7075 7254
f 7248 7131 7124
f 7255 7253 7249
f 7131 7248 7252
f 7131 7252 7244
f 7166 7254 7075
f 7256 7257 7258
f 7259 2852 2864
f 7260 7254 7166
f 7261 7250 7216
f 7261 7216 7262
f 7263 2864 2885
f 7259 2864 7264
f 7250 7261 7251
f 2864 7263 7264
f 7265 7141 7142
f 7265 7142 7266
f 7267 7256 7258
f 6838 7266 7142
f 2852 7259 2859
f 7244 7252 7268
f 7269 7257 7270
f 7252 7271 7268
f 7272 2859 7259
f 7270 7257 7256
f 7265 7273 7141
f 7271 7252 7251
f 7273 7166 7141
f 5971 5382 5379
f 7271 7251 7274
f 5382 5971 7275
f 7276 7273 7265
f 7271 7274 7268
f 7277 7264 7263
f 7276 7266 7278
f 7266 7276 7265
f 6875 7212 6874
f 7279 7264 7277
f 7280 7279 7277
f 6980 7246 7281
f 7282 7212 6875
f 7283 5971 7284
f 7272 7259 7264
f 7275 5971 7283
f 7272 7264 7279
f 7285 2859 7272
f 7286 7272 7279
f 7275 7287 5382
f 7286 7285 7272
f 7282 6875 6812
f 7282 6812 6888
f 3288 2880 2872
f 6979 6980 7288
f 7289 2880 3288
f 7281 7288 6980
f 7212 7282 7231
f 2880 7289 2887
f 7282 7290 7231
f 7254 7281 7246
f 7281 7254 7260
f 7287 7275 7291
f 7282 6888 7292
f 2887 2885 2884
f 7263 2885 2887
f 6897 7292 6888
f 7293 7256 7267
f 7294 7256 7293
f 7260 7295 7281
f 7295 7260 7296
f 7297 7295 7296
f 7298 7284 7270
f 7289 7299 2887
f 7300 7251 7261
f 7299 7289 7301
f 7283 7284 7298
f 7302 7297 7296
f 6987 6979 7288
f 7270 7256 7294
f 7303 7173 7304
f 7045 6987 7288
f 2887 7305 7263
f 7281 7306 7288
f 7305 2887 7299
f 7173 7307 7304
f 7306 7308 7288
f 7305 7277 7263
f 7309 7277 7305
f 7310 7311 7309
f 7291 7275 7283
f 7295 7306 7281
f 7291 7283 7312
f 7307 7154 7155
f 7312 7283 7313
f 7280 7277 7309
f 7307 7173 7154
f 7313 7283 7298
f 7313 7298 7314
f 7295 7297 7306
f 7315 7306 7297
f 7314 7298 7294
f 7316 7294 7293
f 7316 7314 7294
f 7297 7302 7317
f 7315 7297 7317
f 7314 7097 7313
f 7304 7307 7318
f 7097 7312 7313
f 7319 7279 7280
f 7319 7286 7279
f 7045 7288 7308
f 7320 7286 7321
f 7318 7322 7304
f 7323 7324 7317
f 7321 7325 7320
f 7166 7296 7260
f 7296 7166 7273
f 7309 7311 7280
f 7302 7296 7273
f 7311 7319 7280
f 7318 7326 7322
f 7321 7319 7327
f 7328 7125 7227
f 7213 7329 7169
f 7328 7138 7125
f 7319 7311 7327
f 7238 7155 7193
f 7302 7273 7276
f 7330 7155 7238
f 7319 7321 7286
f 7321 7327 7331
f 7332 7230 7333
f 7334 7333 7335
f 7335 7336 7334
f 7333 7337 7332
f 7338 7337 7334
f 7337 7333 7334
f 7333 7230 7335
f 7302 7276 7278
f 7339 7230 7340
f 7329 7213 7209
f 7237 7337 7338
f 7335 7230 7339
f 7341 7237 7342
f 7343 7328 7227
f 7342 7335 7339
f 7299 7309 7305
f 7199 7343 7227
f 7342 7339 7340
f 7344 7309 7299
f 7238 7345 7346
f 7329 7209 7347
f 7293 7267 7348
f 7267 7349 7348
f 7310 7309 7344
f 7348 7350 7351
f 7323 7302 7278
f 7352 7031 7028
f 7330 7307 7155
f 7241 7031 7352
f 7318 7307 7330
f 7177 7352 7028
f 7353 7354 7355
f 7353 7355 7356
f 7357 7352 7177
f 7343 7199 7358
f 7352 7245 7241
f 7278 7359 7323
f 7268 7360 7361
f 7245 7362 7363
f 7238 7346 7330
f 7323 7317 7302
f 7359 7324 7323
f 7268 7274 7360
f 7353 7364 7365
f 7353 7356 7364
f 7199 7198 7358
f 7274 7366 7360
f 7363 7362 7367
f 7367 7362 7368
f 7355 7369 7356
f 7363 7367 7370
f 7371 7343 7358
f 7372 7373 7360
f 6951 6953 7374
f 6951 6950 6953
f 7360 7366 7372
f 7374 6953 7375
f 7375 6953 7376
f 7367 7368 7377
f 7326 7318 7330
f 6953 6958 7376
f 7378 7358 7198
f 7379 7358 7378
f 7363 7249 7242
f 7363 7255 7249
f 7255 7363 7380
f 7326 7330 7381
f 7382 7293 7348
f 7383 7375 7376
f 7255 7380 7384
f 7376 7385 7383
f 7380 7363 7370
f 6972 6932 6935
f 7386 7377 7368
f 7376 6958 6972
f 7350 7371 7351
f 7385 7376 6972
f 7387 7388 7389
f 7390 7389 7388
f 7382 7348 7351
f 7385 6972 6935
f 7391 7392 7387
f 7393 7382 7351
f 7346 7381 7330
f 7394 7385 6995
f 7388 7387 7395
f 7345 7396 7397
f 7316 7293 7382
f 7398 7399 7345
f 7400 7311 7310
f 7400 7310 7401
f 7383 7402 7375
f 7383 7403 7402
f 7096 7316 7382
f 7321 7331 7404
f 7404 7325 7321
f 7346 7405 7381
f 7406 7404 7331
f 7407 7382 7393
f 7346 7345 7399
f 7405 7346 7399
f 7405 7399 7408
f 7400 7327 7311
f 7409 7403 7383
f 7403 7409 7410
f 7411 7409 7383
f 7331 7327 7400
f 7373 7372 7412
f 7050 7382 7407
f 7096 7382 7050
f 7410 7413 7403
f 6852 7413 7410
f 7410 7414 6852
f 7407 7051 7050
f 7326 7415 7322
f 7414 7410 7409
f 7326 7381 7415
f 7097 7314 7096
f 7316 7096 7314
f 7404 7406 7416
f 7417 7404 7416
f 6976 7034 6977
f 7393 7351 7371
f 7394 7027 7034
f 7418 7416 7419
f 7418 7417 7416
f 7418 7420 7417
f 7421 7420 7418
f 7422 7415 7381
f 7423 7371 7424
f 7425 7426 7419
f 7422 7427 7415
f 7419 7416 7406
f 7034 7414 7409
f 7414 7034 6976
f 7422 7381 7405
f 7388 7428 7390
f 7429 7430 7388
f 7385 7411 7383
f 7411 7385 7394
f 7423 7424 7431
f 7429 7432 7430
f 7388 7395 7429
f 7431 7424 7433
f 7434 7422 7405
f 7409 7411 7394
f 7405 7435 7434
f 7426 7418 7419
f 5442 5382 7287
f 7421 7418 7426
f 7394 7034 7409
f 5442 7287 7436
f 7437 7421 7426
f 7413 7438 7403
f 7436 7439 5442
f 7436 7287 7440
f 7441 7421 7437
f 7442 7421 7441
f 7440 7287 7291
f 2675 2666 2831
f 6995 7385 6935
f 2831 7443 2675
f 7444 7442 7441
f 7027 6995 6997
f 7444 7445 7442
f 7394 6995 7027
f 7446 7441 7447
f 7441 7446 7444
f 5807 7448 5403
f 7449 4830 4831
f 6826 7422 7434
f 4845 4830 7449
f 4847 3604 4845
f 7422 6826 7450
f 7451 7448 5807
f 7452 2675 7443
f 2675 7452 7170
f 7303 7304 7453
f 6481 4847 7454
f 4845 7454 4847
f 7455 7448 7451
f 7451 5810 6018
f 7452 7443 7456
f 7451 6018 7457
f 7458 6018 6020
f 7452 7456 7459
f 7304 7322 7453
f 7457 6018 7458
f 7452 7459 7460
f 7170 7452 7460
f 4845 7449 7461
f 7461 7454 4845
f 7462 7453 7322
f 7463 7464 7460
f 7460 7181 7170
f 7457 7465 7455
f 7465 7457 7458
f 7461 7449 7466
f 7465 7467 7455
f 7467 7465 7468
f 7460 7459 7463
f 7464 7463 7469
f 6835 7455 7467
f 7470 7471 6835
f 7464 7181 7460
f 7191 7181 7464
f 7472 7473 7461
f 7473 7454 7461
f 7472 7461 7466
f 7198 7191 7474
f 7475 7472 7466
f 7474 7191 7464
f 7476 7477 7478
f 7479 7480 7481
f 7482 3290 2859
f 7483 7484 7485
f 7449 4831 7486
f 7445 7480 7479
f 7285 7487 7482
f 7486 4831 7488
f 7479 7483 7485
f 7488 4831 4859
f 7487 7285 7286
f 7483 7489 7484
f 7490 7488 4859
f 7491 7483 7479
f 7489 7483 7491
f 7491 7479 7481
f 7462 7322 7427
f 7486 7488 7492
f 7320 7493 7487
f 7320 7487 7286
f 7427 7322 7415
f 7494 7493 7320
f 7495 7496 7491
f 7488 7497 7492
f 7498 7499 7462
f 7490 7497 7488
f 7320 7325 7500
f 7449 7486 7466
f 7476 7478 7501
f 7474 7378 7198
f 7492 7466 7486
f 6976 6978 7502
f 7492 7475 7466
f 7503 6978 7037
f 7504 7379 7378
f 7462 7427 7498
f 7505 7477 7476
f 7506 7507 7508
f 7509 7506 7508
f 7510 7511 7512
f 7485 7511 7510
f 7473 7472 7513
f 7479 7512 7445
f 7514 7505 7476
f 7513 7472 7475
f 7431 7433 7515
f 7037 6977 7023
f 7037 6978 6977
f 7417 7494 7500
f 7404 7417 7500
f 7420 7494 7417
f 7508 7494 7420
f 7516 7498 7427
f 7492 7517 7475
f 7518 7498 7519
f 7509 7508 7420
f 7520 7475 7517
f 7421 7509 7420
f 7497 7517 7492
f 7025 7045 7521
f 7522 7517 7497
f 7445 7506 7442
f 7506 7445 7523
f 7524 7037 7025
f 7513 7475 7520
f 7516 7427 7450
f 7525 7445 7444
f 7025 7521 7524
f 7526 7520 7517
f 7445 7512 7523
f 7427 7422 7450
f 7480 7445 7525
f 7527 7037 7524
f 7517 7522 7526
f 7282 7292 7290
f 5719 5715 5713
f 7528 5715 5719
f 7529 7522 7530
f 7290 7292 7531
f 7528 5719 7532
f 7231 7340 7230
f 7533 7528 7532
f 7231 7290 7340
f 7534 7524 7535
f 7490 4931 7536
f 7537 7340 7290
f 7536 4931 4937
f 7531 7537 7290
f 7538 7539 7540
f 7536 4937 7541
f 7542 7540 7543
f 6968 7542 7543
f 7292 6897 7544
f 5717 5754 5719
f 7532 5719 5754
f 7545 4963 4953
f 7546 7542 6968
f 5467 5716 6858
f 7547 7538 7548
f 7545 4953 6988
f 5715 7528 5716
f 6858 5716 7528
f 6858 7528 7549
f 7537 7531 7550
f 7551 7550 7552
f 7531 7292 7544
f 7553 7554 7555
f 7476 7501 7554
f 7549 7528 7533
f 7541 4937 4967
f 7544 6947 7556
f 4963 7545 4967
f 7557 7533 7558
f 7476 7554 7553
f 7557 7549 7533
f 7559 7544 7556
f 5754 5755 5757
f 7514 7476 7553
f 7559 7531 7544
f 7559 7550 7531
f 7541 4967 7560
f 7561 5754 5757
f 7561 7532 5754
f 7552 7550 7562
f 7562 7550 7559
f 5757 7563 7561
f 7563 5757 7564
f 7541 7560 7565
f 5740 5738 5736
f 7564 5738 5740
f 7514 7553 7555
f 5738 7564 5757
f 4967 7545 7560
f 7261 7566 7567
f 7514 7555 7568
f 7300 7261 7567
f 7563 7564 7569
f 7560 7545 6988
f 7570 7564 5740
f 7569 7564 7570
f 7571 7567 7551
f 7300 7567 7571
f 7561 7558 7532
f 6988 7165 7560
f 7165 6988 7044
f 7561 7572 7558
f 7300 7274 7251
f 7300 7366 7274
f 7532 7558 7533
f 7547 7548 7573
f 7561 7563 7572
f 7574 7366 7300
f 7565 7560 7165
f 7575 7563 7569
f 7412 7408 7399
f 7555 7576 7568
f 7577 7568 7576
f 7578 7408 7412
f 7565 7165 7579
f 7579 7580 7565
f 7578 7412 7372
f 7572 7563 7581
f 7582 7563 7575
f 7372 7366 7583
f 7583 7366 7574
f 7579 7165 7164
f 7574 7300 7571
f 7549 6865 6858
f 7583 7574 7584
f 7579 7164 7173
f 7173 7303 7579
f 6862 6865 6936
f 7490 4859 4931
f 7585 7578 7372
f 7585 7372 7583
f 7586 7210 7184
f 7585 7583 7587
f 7584 7587 7583
f 7549 7557 6847
f 7552 7571 7551
f 7571 7552 7588
f 6865 7549 6847
f 7588 7552 7562
f 7490 7536 7589
f 7584 7571 7588
f 6936 6865 6855
f 7497 7490 7589
f 7590 7477 7184
f 7571 7584 7574
f 6855 6865 6847
f 7586 7184 7477
f 7505 7586 7477
f 7591 7586 7505
f 7589 7536 7541
f 7544 6897 6947
f 6847 6846 6855
f 6889 6847 7592
f 7522 7497 7589
f 6857 6936 6855
f 7210 7593 7209
f 7594 7522 7589
f 6966 7556 6947
f 7581 7558 7572
f 7558 7581 7595
f 7595 7557 7558
f 7565 7589 7541
f 7593 7210 7596
f 7597 7557 7595
f 7589 7565 7598
f 7306 7599 7308
f 7599 7306 7315
f 7595 7581 7600
f 7563 7582 7581
f 6805 7582 7575
f 6798 6805 7575
f 7601 7600 7581
f 7602 7581 7582
f 7602 7601 7581
f 7603 7593 7604
f 7604 7593 7596
f 7594 7589 7598
f 7602 7582 6805
f 7594 7598 7530
f 6847 7557 7597
f 7592 6847 7597
f 7530 7598 7605
f 7435 7405 7408
f 7435 7408 7606
f 7607 7597 7595
f 7591 7210 7586
f 7608 7607 7595
f 7408 7578 7606
f 7600 7608 7595
f 7522 7594 7530
f 7609 7210 7591
f 7592 7597 7607
f 6889 7592 7607
f 7514 7591 7505
f 7607 6893 6889
f 7596 7210 7609
f 7600 7607 7608
f 6894 7607 7600
f 7610 7435 7606
f 7607 6894 6893
f 7610 7606 7611
f 6894 7600 7601
f 6901 6894 7601
f 7609 7591 7514
f 7601 6918 6901
f 7565 7580 7598
f 7578 7611 7606
f 7602 6918 7601
f 7612 7611 7578
f 7602 6805 6918
f 7578 7585 7612
f 7587 7612 7585
f 6822 6918 6805
f 6822 6921 6918
f 7588 7562 7613
f 7613 7584 7588
f 7614 7598 7580
f 7611 7615 7616
f 7617 7618 7619
f 7612 7587 7620
f 7580 7579 7614
f 7584 7620 7587
f 7614 7579 7303
f 5740 5790 7570
f 7584 7613 7621
f 7620 7584 7621
f 7521 7045 7308
f 7526 7522 7529
f 7526 7529 7622
f 7612 7615 7611
f 7620 7615 7612
f 7623 7624 5800
f 7625 5791 7624
f 5800 7624 5791
f 7620 7621 7626
f 7535 7521 7627
f 7599 7521 7308
f 7620 7626 7615
f 5790 5791 7625
f 7626 7628 7615
f 7599 7627 7521
f 7627 7599 7629
f 7610 7434 7435
f 7622 7529 7630
f 7570 5790 7625
f 6806 7570 7625
f 7631 7632 7633
f 7599 7315 7629
f 7633 7634 7631
f 7629 7315 7317
f 7610 7611 7616
f 7635 7570 6806
f 7636 6723 6397
f 7324 7629 7317
f 7637 7624 7623
f 7636 6397 6585
f 7633 7632 7636
f 6826 7610 6827
f 7618 7617 7623
f 7633 7636 7638
f 7623 7617 7639
f 7637 7623 7639
f 6806 7625 7637
f 7637 7625 7624
f 7640 7629 7641
f 7610 6826 7434
f 7641 7629 7324
f 6804 6806 7637
f 7642 7641 7324
f 5799 5796 7643
f 7616 6827 7610
f 6827 7616 7644
f 5797 7643 5796
f 7645 7643 5797
f 7629 7640 7627
f 7615 7644 7616
f 7643 7618 5799
f 7619 7618 7643
f 7530 7646 7529
f 5799 7618 7623
f 5800 5799 7623
f 7647 7646 7530
f 7643 7645 7619
f 5797 5397 7648
f 7524 7521 7535
f 7630 7529 7646
f 5403 7648 5397
f 7535 7627 7649
f 6860 6827 7644
f 7640 7649 7627
f 7605 7647 7530
f 7648 5403 7448
f 6860 7644 7615
f 7645 5797 7648
f 7650 7534 7535
f 7649 7650 7535
f 7448 7651 7648
f 7652 7556 6966
f 7645 7653 7619
f 6966 7654 7652
f 7654 7655 7652
f 7656 7617 7619
f 7656 7619 7653
f 7652 7655 7657
f 7658 7657 7655
f 7659 7604 7596
f 7556 7652 7559
f 7652 7660 7559
f 7562 7559 7660
f 7659 7596 7661
f 7645 7648 7651
f 7660 7652 7657
f 7645 7651 7653
f 7562 7660 7613
f 7448 7662 7651
f 7604 7659 7663
f 7660 7664 7613
f 7646 7647 7665
f 7666 7640 7641
f 7640 7666 7649
f 7660 7657 7658
f 7662 7653 7651
f 7664 7658 7667
f 7660 7658 7664
f 6966 6965 7654
f 7209 7593 7347
f 7347 7593 7603
f 7614 7605 7598
f 6951 7654 6965
f 7347 7603 7668
f 7669 7662 7448
f 7605 7614 7647
f 7568 7609 7514
f 6951 7667 7654
f 7654 7667 7655
f 7614 7303 7670
f 7455 7669 7448
f 7647 7614 7670
f 7658 7655 7667
f 7661 7609 7568
f 7661 7596 7609
f 7671 6816 6804
f 7667 6951 7374
f 7672 7659 7661
f 7673 7639 7617
f 7673 7617 7656
f 7674 7664 7667
f 7072 7673 7656
f 7667 7375 7674
f 7667 7374 7375
f 7637 7639 6804
f 7375 7402 7674
f 7671 7639 7673
f 6804 7639 7671
f 7675 7659 7672
f 7672 7661 7568
f 7670 7303 7453
f 6844 6843 7676
f 6816 7671 6824
f 7676 6851 6844
f 6850 6844 6851
f 7413 6852 6851
f 7672 7568 7577
f 7453 7462 7670
f 7673 6824 7671
f 7673 7072 6824
f 7061 6824 7072
f 7677 7525 7678
f 7525 7677 7480
f 7670 7679 7665
f 7670 7665 7647
f 7664 7621 7613
f 7680 7630 7646
f 7681 7656 7653
f 7682 7626 7664
f 7646 7665 7680
f 7621 7664 7626
f 7683 7481 7684
f 7680 7665 7685
f 7683 7491 7481
f 7291 7312 7121
f 7682 7664 7686
f 7686 7664 7674
f 7662 7687 7653
f 7495 7683 7688
f 7686 7674 7402
f 7495 7491 7683
f 7653 7687 7681
f 7615 7676 6860
f 7689 7685 7665
f 6852 7414 6853
f 7628 7676 7615
f 7690 7291 7121
f 7691 7689 7665
f 7312 7097 7102
f 7502 6853 7414
f 7692 7676 7628
f 7499 7679 7670
f 6843 6860 7676
f 7499 7670 7462
f 6853 7502 7693
f 6852 6853 6850
f 7121 7152 7690
f 7121 7312 7102
f 7628 7626 7682
f 7682 7686 7628
f 7628 7686 7438
f 7679 7691 7665
f 7692 7628 7438
f 6976 7502 7414
f 7687 7662 7669
f 7402 7403 7686
f 7438 7686 7403
f 7144 7681 7687
f 6839 7144 7687
f 7503 7502 6978
f 7669 6839 7687
f 7691 7679 7518
f 7676 7692 6851
f 7692 7413 6851
f 7413 7692 7438
f 7455 6837 7669
f 6837 6839 7669
f 7693 7502 7503
f 6835 6837 7455
f 7694 7656 7681
f 7694 7681 7140
f 7072 7656 7694
f 7695 7696 7103
f 6854 6853 7693
f 7073 7072 7694
f 7140 7073 7694
f 7679 7499 7518
f 7140 7681 7144
f 7518 7499 7498
f 7140 7144 7143
f 6854 7693 6870
f 7697 7691 7518
f 5374 7046 5356
f 7698 7699 7106
f 6839 7142 7144
f 7046 5374 7700
f 7071 7046 7700
f 6839 6838 7142
f 5374 5369 7700
f 7693 7503 7527
f 7635 7575 7569
f 7570 7635 7569
f 7701 7693 7527
f 6796 7700 5369
f 6796 5369 5368
f 7702 7703 7704
f 6798 7575 7635
f 7700 7098 7071
f 7635 6806 6799
f 7704 7705 7706
f 7707 7693 7701
f 6798 7635 6799
f 7098 7700 6796
f 7708 7704 7706
f 7071 7098 7070
f 7098 6796 6795
f 6874 7098 6795
f 7037 7527 7503
f 7709 7710 7702
f 5368 5440 6794
f 7711 7701 7527
f 7702 7704 7709
f 7712 7711 7527
f 7712 7527 7524
f 6794 6796 5368
f 5440 5432 5436
f 7712 7524 7534
f 7707 6870 7693
f 6870 7707 7713
f 7714 7123 7119
f 7707 7701 7711
f 7713 7707 7715
f 7707 7711 7716
f 7715 7707 7716
f 7717 6968 6967
f 7145 7718 7157
f 6968 7717 7546
f 7123 7718 7145
f 7548 7546 7717
f 7719 7548 7717
f 7720 7714 7721
f 7720 7123 7714
f 7720 7718 7123
f 7713 6891 6870
f 7718 7722 7723
f 7722 7718 7720
f 7724 7713 7715
f 7722 7725 7723
f 6904 6891 7713
f 6904 7713 7724
f 7724 6905 6904
f 6955 6905 7726
f 7727 7156 7728
f 7726 6905 7724
f 7162 7149 7156
f 7727 7162 7156
f 7729 7715 7716
f 7729 7724 7715
f 7726 7724 7729
f 7729 7716 7730
f 7731 7726 7729
f 7732 6955 7726
f 7732 7726 7731
f 7731 7733 7732
f 7734 7735 7736
f 7734 7737 7735
f 7712 7738 7711
f 7716 7711 7738
f 7735 7722 7720
f 7739 7534 7650
f 7739 7650 7740
f 7738 7712 7534
f 7741 7738 7534
f 7741 7534 7739
f 7742 7738 7741
f 7739 7743 7741
f 7737 7722 7735
f 7739 7740 7744
f 7739 7744 7743
f 7706 7745 7708
f 7716 7738 7742
f 7730 7716 7742
f 7746 7708 7745
f 7747 7704 7708
f 7730 7742 7743
f 7748 7749 7708
f 7750 7672 7577
f 7747 7708 7749
f 7751 7672 7750
f 7577 7576 7750
f 7752 7750 7576
f 7743 7742 7741
f 7734 7736 7753
f 7731 7730 7733
f 7733 7730 7754
f 7731 7729 7730
f 7737 7734 7755
f 7756 7755 7734
f 6955 7757 6956
f 7732 7757 6955
f 7758 7759 7760
f 7756 7759 7761
f 7761 7759 7758
f 7762 7757 7732
f 7756 7763 7764
f 7761 7763 7756
f 7649 7666 7740
f 7765 7666 7766
f 7765 7740 7666
f 7766 7666 7641
f 7761 7767 7763
f 7740 7650 7649
f 7767 7768 7763
f 7769 7770 7771
f 7717 6967 7719
f 6973 7719 6967
f 7576 7719 7772
f 7771 7760 7769
f 7773 7774 7775
f 7774 7776 7771
f 6973 6982 7777
f 7778 7689 7691
f 7779 7777 6982
f 7780 7774 7773
f 7772 7719 7781
f 7780 7776 7774
f 6973 7777 7719
f 7777 7781 7719
f 7752 7576 7772
f 7772 7781 7752
f 7767 7761 7782
f 7783 6956 7757
f 6994 6956 7783
f 7784 7778 7691
f 7784 7691 7697
f 6481 7454 7473
f 6508 6481 7473
f 6482 6481 6508
f 6508 7785 6507
f 7785 6508 7473
f 7784 7697 7786
f 7513 7787 7473
f 7785 7473 7787
f 7780 7788 7776
f 7789 7782 7788
f 7788 7780 7789
f 6512 6507 7785
f 7790 7782 7789
f 7784 7786 7791
f 7791 7786 7792
f 7793 7787 7513
f 7793 7785 7787
f 7793 7513 7520
f 6512 7785 7794
f 7795 7790 7789
f 7794 7785 7793
f 7796 7790 7795
f 7526 7793 7520
f 7727 7797 7162
f 7798 7162 7797
f 7799 6512 7794
f 7794 7800 7799
f 7801 7802 7803
f 7804 6873 6872
f 6969 6968 7805
f 7162 7806 7163
f 7798 7806 7162
f 6577 7799 7807
f 7808 7806 7798
f 7807 7799 7800
f 7798 7809 7808
f 7799 6514 6512
f 6577 6514 7799
f 7810 7798 7811
f 7811 7812 7810
f 6578 6571 6577
f 7809 7392 7391
f 7813 7392 7809
f 7814 6578 6577
f 7810 7809 7798
f 7815 7809 7810
f 7807 7814 6577
f 7526 7794 7793
f 7815 7813 7809
f 7816 7813 7815
f 7526 7800 7794
f 7800 7526 7622
f 7817 7395 7813
f 7816 7817 7813
f 7812 7818 7810
f 7810 7818 7815
f 7800 7819 7807
f 7816 7820 7817
f 7819 7622 7821
f 7818 7816 7815
f 7622 7819 7800
f 7822 7816 7818
f 7822 7820 7816
f 7821 7622 7630
f 7638 7636 6585
f 7823 7822 7818
f 6585 6587 7638
f 7638 6587 6588
f 7638 6588 7824
f 7825 7822 7823
f 7825 7820 7822
f 7826 7827 7638
f 7828 7446 7447
f 7826 7638 7824
f 7678 7525 7444
f 7828 7678 7446
f 7677 7678 7828
f 7829 7814 7830
f 7831 7688 7832
f 7814 6594 6578
f 6582 6594 6612
f 6612 6594 7829
f 7833 6961 7834
f 7829 6594 7814
f 7804 7833 7825
f 6588 6592 7835
f 6961 7833 7804
f 7807 7830 7814
f 6872 6961 7804
f 7829 7830 7836
f 7830 7837 7836
f 6969 7805 7838
f 7829 7836 7839
f 7450 6826 6829
f 7835 7840 7824
f 7801 7768 7802
f 7841 7807 7819
f 7842 7843 7844
f 7841 7830 7807
f 7845 7841 7819
f 7819 7821 7845
f 7846 7847 7848
f 6881 7847 7846
f 6873 7847 6871
f 6871 7847 6881
f 7849 7845 7821
f 7843 7850 7844
f 7846 7851 7842
f 7844 7846 7842
f 7837 7841 7852
f 7844 7850 6881
f 7844 6881 7846
f 7849 7841 7845
f 7852 7841 7849
f 7852 7849 7853
f 7854 7849 7855
f 7853 7849 7854
f 7853 7854 7856
f 7516 7519 7498
f 7837 7830 7841
f 7839 7837 7852
f 7516 7857 7858
f 7859 7826 7840
f 7839 7836 7837
f 7839 7852 7860
f 7697 7518 7519
f 7860 7852 7853
f 7786 7697 7519
f 7856 7860 7853
f 7821 7630 7680
f 7858 7519 7516
f 7680 7685 7821
f 7519 7858 7861
f 7685 7849 7821
f 7685 7855 7849
f 7519 7861 7786
f 7792 7786 7861
f 7792 7861 7862
f 7863 7792 7862
f 7855 7864 7854
f 7855 7685 7864
f 7858 7857 7861
f 7689 7864 7685
f 7689 7778 7864
f 7865 7862 7861
f 7866 7865 7861
f 7775 7867 7868
f 7857 7866 7861
f 7868 7773 7775
f 7869 7868 7859
f 6801 7863 7865
f 7865 7863 7862
f 7864 7870 7854
f 7871 7516 7450
f 7856 7854 7870
f 7869 7773 7868
f 7872 7773 7869
f 7873 7856 7870
f 7873 7870 7874
f 7872 7875 7773
f 7778 7876 7864
f 7870 7864 7876
f 7450 6829 7871
f 7773 7875 7780
f 7516 7871 7857
f 7857 7871 7877
f 7878 7870 7876
f 7870 7878 7874
f 7857 7877 7866
f 7879 7866 7877
f 7880 7875 7872
f 7877 7871 7881
f 7874 7878 7876
f 6829 6909 7871
f 7876 7778 7784
f 7876 7784 7791
f 7791 7882 7876
f 7881 7871 6909
f 7874 7876 7882
f 7782 7790 7883
f 7789 7875 7795
f 7850 7843 7883
f 7791 7792 7884
f 7885 7850 7883
f 7884 7792 7863
f 7886 7796 7795
f 7885 7883 7790
f 7887 7885 7790
f 7796 7887 7790
f 7888 7889 7890
f 7889 7888 7891
f 6813 7885 7887
f 7888 7892 7893
f 7888 7894 7895
f 7895 7894 7896
f 6802 7865 7866
f 7894 7888 7893
f 7896 7897 7898
f 7893 7892 6803
f 7894 7893 7897
f 7894 7897 7896
f 7865 6802 6801
f 7897 7899 7898
f 7900 7897 7893
f 7900 7901 7897
f 7899 7897 7901
f 7887 7902 6813
f 7900 7893 6803
f 7903 7900 7904
f 7903 7901 7900
f 7881 7879 7877
f 6942 7905 6943
f 7905 7906 7907
f 7885 6815 7850
f 7885 6813 6815
f 6914 7881 6909
f 7879 7881 6914
f 7879 6808 6807
f 6914 6808 7879
f 6881 7850 6815
f 6882 6881 6815
f 6882 6815 6814
f 6802 7866 7879
f 6802 7879 6807
f 6800 6802 6807
f 7690 7152 7908
f 7909 7908 7152
f 7883 7843 7768
f 6813 7902 6820
f 6809 6808 6810
f 6803 6800 6809
f 6820 7910 6814
f 6940 6814 7910
f 7911 7910 6820
f 7910 7911 7912
f 7471 6836 6835
f 7471 7913 6836
f 7913 7471 7914
f 6877 6872 6871
f 7018 7024 6992
f 7018 7029 7024
f 7011 7024 7223
f 6809 6810 6938
f 6809 6938 6944
f 7912 6940 7910
f 7907 6940 7912
f 6945 6938 6930
f 6938 6945 6944
f 6930 6939 6945
f 6945 6939 6957
f 7063 7128 7074
f 6945 6957 6959
f 7043 7056 7111
f 7112 7111 7056
f 6959 6957 6956
f 7063 7043 7111
f 7115 7915 7111
f 7915 7063 7111
f 7915 7128 7063
f 6878 7916 6876
f 7838 7916 6969
f 7916 6970 6969
f 7915 7115 7128
f 7128 7115 7110
f 6878 6970 7916
f 6878 6971 6970
f 6983 6998 7012
f 5896 7917 7006
f 7004 5558 5556
f 5558 5557 5556
f 7005 5549 7918
f 5549 5553 7918
f 5553 7006 7918
f 7006 7919 7918
f 7919 5558 7918
f 5558 7004 7918
f 7004 7005 7918
f 7920 6998 7921
f 6998 7007 7921
f 7007 7917 7921
f 7917 7920 7921
f 7008 7006 7007
f 7007 7006 7917
f 7920 7012 6998
f 7009 7919 7006
f 7008 7013 7009
f 5896 5567 7917
f 6094 7105 6728
f 5565 7039 5567
f 7103 7105 6094
f 5567 7920 7917
f 7105 7107 6728
f 7039 7920 5567
f 7039 7012 7920
f 6093 7103 6094
f 7922 6986 6931
f 7922 6931 6940
f 6728 7048 6061
f 6940 7907 7922
f 7017 7016 7009
f 7016 7064 7009
f 7012 7039 7035
f 7923 7922 7907
f 7035 7039 7243
f 7107 7048 6728
f 7048 7107 7114
f 7924 7925 7907
f 7907 7925 7923
f 7056 7048 7114
f 7906 7924 7907
f 7112 7056 7114
f 7113 7112 7114
f 7923 6986 7922
f 7923 6990 6986
f 7108 7107 7104
f 7108 7114 7107
f 7153 7926 7152
f 7152 7926 7909
f 6991 6990 7927
f 7928 7927 6990
f 7120 7243 7039
f 7120 7039 7038
f 7929 7909 7926
f 7925 6990 7923
f 7113 7118 7110
f 7153 7930 7926
f 7925 7928 6990
f 7919 7053 5558
f 7113 7931 7118
f 7053 7919 7009
f 6959 7932 6942
f 5558 7053 7057
f 7924 7928 7925
f 7906 6942 7932
f 7924 7906 7932
f 6959 6956 6993
f 7117 7128 7110
f 6959 6993 7932
f 7117 7133 7128
f 7933 7928 7924
f 7933 7932 6993
f 5558 7057 5569
f 7117 7110 7118
f 6994 7934 7933
f 6994 7933 6993
f 7934 7935 7928
f 7934 7928 7933
f 7932 7933 7924
f 7108 7931 7113
f 7936 7931 7108
f 7169 7930 7153
f 7108 7699 7936
f 7052 7937 7053
f 7937 7057 7053
f 7059 7057 7937
f 7937 7094 7059
f 7936 7118 7931
f 7009 7064 7052
f 7064 7065 7052
f 7119 7118 7936
f 7065 7066 7052
f 7066 7067 7052
f 7059 7100 7058
f 7938 7119 7936
f 7076 7087 7067
f 7087 7052 7067
f 7085 7076 7086
f 7088 7085 7086
f 7094 7937 7052
f 7051 7939 7175
f 7074 7128 7127
f 7129 7074 7127
f 7101 7059 7094
f 7128 7133 7126
f 7137 7133 7117
f 7137 7135 7133
f 7151 7172 7135
f 7940 7135 7137
f 7137 7157 7940
f 7940 7151 7135
f 5864 4933 7099
f 7145 7157 7137
f 7079 7082 7099
f 7940 7157 7149
f 7151 7940 7149
f 7163 7150 7149
f 7035 7192 7090
f 7243 7192 7035
f 7189 7188 7093
f 7093 7188 7215
f 7193 7192 7224
f 7243 7224 7192
f 7941 7224 7243
f 7129 6985 7074
f 7101 7201 7204
f 7101 7204 7942
f 7204 7208 7942
f 7208 7207 7942
f 7207 7081 7942
f 7081 7200 7942
f 7200 7197 7942
f 7197 7208 7942
f 7208 7101 7942
f 7167 6974 6985
f 7201 7094 7203
f 7094 7093 7203
f 7093 7205 7203
f 7201 7101 7094
f 7208 7205 7215
f 7205 7093 7215
f 7914 7929 7943
f 7208 7215 7101
f 7101 7214 7100
f 7913 7914 7943
f 7214 7101 7215
f 7943 7929 7926
f 6838 6836 7944
f 6838 7944 7945
f 7944 7946 7945
f 7174 7018 7167
f 7913 7944 6836
f 7266 6838 7945
f 7177 7030 7180
f 7216 7214 7235
f 7945 7946 7947
f 7944 7913 7946
f 7946 7913 7943
f 7948 7216 7235
f 7237 7948 7235
f 7946 7943 7947
f 7262 7216 7948
f 7941 7225 7224
f 7941 7361 7225
f 7225 7361 7239
f 7361 7949 7239
f 7337 7237 7332
f 7237 7240 7332
f 7240 7230 7332
f 7182 7180 7172
f 7237 7262 7948
f 7341 7262 7237
f 7183 7177 7180
f 7943 7926 7930
f 7182 7183 7180
f 7943 7930 7950
f 7243 7244 7941
f 7950 7930 7951
f 7947 7943 7950
f 7172 7151 7182
f 7183 7150 7952
f 7355 7947 7950
f 7268 7941 7244
f 7953 7952 7150
f 7941 7268 7361
f 7947 7354 7945
f 7954 7266 7945
f 7954 7945 7354
f 7163 7953 7150
f 7954 7278 7266
f 7354 7947 7355
f 7955 7953 7163
f 7955 7163 7806
f 7099 5865 5864
f 5964 5959 5865
f 5964 5865 7099
f 5964 7099 7269
f 7082 7956 7099
f 7099 7956 7269
f 7257 7269 7956
f 7222 3288 7220
f 7261 7262 7566
f 7220 3285 2817
f 7957 5964 7269
f 2815 7195 7220
f 7951 7169 7329
f 7220 2817 2815
f 3288 3285 7220
f 7930 7169 7951
f 7219 7222 7220
f 7950 7951 7958
f 7957 7269 7270
f 7355 7950 7958
f 7289 3288 7222
f 7301 7222 7253
f 7289 7222 7301
f 7011 7223 7033
f 7329 7668 7951
f 7258 7956 7138
f 7258 7257 7956
f 7223 7031 7232
f 7329 7347 7668
f 7241 7232 7031
f 7258 7138 7267
f 7958 7951 7668
f 7336 7335 7238
f 7239 7959 7238
f 7959 7336 7238
f 7949 7338 7336
f 7949 7336 7959
f 7949 7959 7239
f 7334 7336 7338
f 7949 7960 7338
f 7138 7956 7082
f 7960 7237 7338
f 7960 7342 7237
f 7960 7961 7962
f 7961 7238 7962
f 7238 7335 7962
f 7335 7342 7962
f 7342 7960 7962
f 7342 7566 7341
f 7566 7342 7340
f 7353 7278 7954
f 7365 7278 7353
f 7961 7345 7238
f 7961 7963 7345
f 7396 7345 7963
f 7194 7211 7218
f 7211 7228 7218
f 5296 5964 5970
f 7354 7353 7954
f 7234 7228 7232
f 5970 5964 7957
f 5971 5970 7957
f 7958 7369 7355
f 7949 7373 7960
f 7361 7373 7949
f 7278 7365 7359
f 7222 7221 7253
f 7373 7961 7960
f 7369 7668 7964
f 7397 7963 7961
f 7397 7961 7373
f 7963 7396 7965
f 5971 7957 7284
f 7396 7963 7397
f 7369 7964 7966
f 7373 7361 7360
f 7284 7957 7270
f 7324 7359 7642
f 7365 7642 7359
f 7255 7967 7253
f 7253 7967 7301
f 7397 7398 7345
f 7398 7397 7373
f 7966 7356 7369
f 7398 7373 7412
f 7364 7356 7966
f 7968 7967 7255
f 7668 7369 7958
f 7255 7969 7968
f 7294 7298 7270
f 7267 7138 7328
f 7267 7328 7349
f 7365 7364 7642
f 7349 7350 7348
f 7350 7328 7343
f 7350 7349 7328
f 5807 5810 7451
f 5999 6002 6019
f 7344 7299 7301
f 6019 6002 7439
f 7344 7301 7967
f 7343 7371 7350
f 6019 7970 5809
f 7440 7439 7436
f 7971 7439 7440
f 6019 7439 7971
f 7969 7967 7968
f 7969 7344 7967
f 7969 7310 7344
f 7440 7690 7971
f 7423 7407 7393
f 6019 7971 7972
f 7972 7971 7973
f 7566 7262 7341
f 7340 7537 7566
f 7551 7566 7537
f 6020 7970 7458
f 7974 7245 7352
f 7974 7352 7357
f 7371 7358 7424
f 7974 7362 7245
f 6020 5809 7970
f 7371 7423 7393
f 7537 7550 7551
f 7183 7357 7177
f 7451 7457 7455
f 7424 7358 7379
f 7972 7970 6019
f 7458 7970 7975
f 7972 7975 7970
f 7424 7379 7433
f 7551 7567 7566
f 7407 7423 7051
f 7368 7974 7357
f 7368 7362 7974
f 7975 7465 7458
f 7976 7368 7357
f 7412 7399 7398
f 7386 7368 7976
f 7973 7971 7690
f 7973 7690 7908
f 7423 7939 7051
f 7431 7939 7423
f 7370 7384 7380
f 7972 7973 7977
f 7972 7977 7975
f 7908 7977 7973
f 7370 7367 7978
f 7979 7384 7370
f 7978 7979 7370
f 7367 7377 7978
f 6002 5997 7439
f 7439 5997 5442
f 7977 7468 7975
f 7468 7465 7975
f 7428 7979 7978
f 7467 7468 7470
f 7977 7470 7468
f 7242 7245 7363
f 7908 7909 7977
f 2831 7456 7443
f 7980 2831 2830
f 7977 7909 7929
f 2831 7980 7456
f 7969 7255 7384
f 7470 7977 7929
f 7952 7357 7183
f 7952 7976 7357
f 7467 7470 6835
f 7955 7952 7953
f 7981 7976 7952
f 7952 7955 7981
f 7929 7914 7470
f 7471 7470 7914
f 7982 7456 7980
f 7459 7456 7982
f 7983 7386 7976
f 2830 3286 7980
f 7984 7976 7981
f 7984 7983 7976
f 7980 3286 3287
f 7955 7808 7981
f 7985 7478 7590
f 7806 7808 7955
f 3290 7482 3289
f 7981 7808 7984
f 7477 7590 7478
f 7982 7980 7986
f 7808 7987 7984
f 3287 7986 7980
f 7986 3287 3289
f 7986 7988 7982
f 7377 7389 7390
f 7386 7983 7377
f 7983 7389 7377
f 7989 7986 3289
f 7390 7978 7377
f 7390 7428 7978
f 7482 7989 3289
f 7808 7809 7987
f 7391 7987 7809
f 7496 7990 7489
f 7463 7982 7988
f 7983 7984 7391
f 7463 7459 7982
f 7391 7389 7983
f 7540 7496 7495
f 7984 7987 7391
f 7491 7496 7489
f 7463 7991 7469
f 7992 7484 7985
f 7391 7387 7389
f 7988 7991 7463
f 7484 7992 7993
f 7474 7464 7469
f 7103 7696 7106
f 6093 6413 7103
f 6413 7695 7103
f 7994 7310 7995
f 7994 7995 7979
f 7996 7985 7484
f 7985 7996 7478
f 7988 7986 7989
f 7428 7994 7979
f 7997 7988 7989
f 7401 7310 7994
f 7998 7999 7401
f 7106 7696 8000
f 7999 7400 7401
f 7106 8000 7698
f 7994 7998 7401
f 7990 7996 7484
f 7997 7989 7493
f 7996 7990 7501
f 7989 7482 7493
f 8001 7997 7493
f 6418 8002 6413
f 7990 7554 7501
f 6413 8002 7695
f 8003 7695 8002
f 7997 8001 8004
f 7501 7478 7996
f 7406 7331 7400
f 8003 7696 7695
f 7990 7484 7489
f 7425 7400 7999
f 7406 7400 7425
f 7406 7425 7419
f 7990 7496 7539
f 8004 7988 7997
f 8004 7991 7988
f 8005 7698 8000
f 7703 8000 7696
f 8006 7991 8004
f 8003 7703 7696
f 7995 7969 7384
f 7310 7969 7995
f 8005 8000 7703
f 7979 7995 7384
f 8004 8001 8006
f 7699 7108 7106
f 7285 7482 2859
f 8007 7699 7698
f 7388 7430 7428
f 7432 7999 7998
f 8007 7698 8005
f 8008 7999 7432
f 7998 7994 7432
f 7432 7428 7430
f 7994 7428 7432
f 7482 7487 7493
f 7702 7710 8005
f 7429 8009 7432
f 8007 8005 7721
f 8009 8008 7432
f 8010 8008 8009
f 7429 8011 8012
f 8009 7429 8012
f 7710 7721 8005
f 8013 7378 7474
f 8014 8010 8009
f 8015 7469 8006
f 8006 7469 7991
f 8006 8016 8015
f 8008 7425 7999
f 7496 7540 7539
f 7426 7425 7437
f 7425 8008 7437
f 8015 7474 7469
f 8013 7474 8015
f 8007 7938 7699
f 8010 7437 8008
f 7938 7936 7699
f 7539 7538 7547
f 7447 7441 7437
f 7504 7378 8017
f 8017 7378 8013
f 7678 7444 7446
f 7714 7119 7938
f 8017 8013 8015
f 7721 7938 8007
f 8018 8015 8016
f 7437 8010 7447
f 7546 7548 7538
f 7714 7938 7721
f 7542 7538 7540
f 7538 7542 7546
f 8001 7493 7494
f 8001 7507 8019
f 7507 8001 7494
f 8020 8019 7507
f 7554 7547 7555
f 8021 8020 7507
f 8022 6418 6415
f 7508 7507 7494
f 7507 7506 8021
f 7547 7990 7539
f 8019 8016 8006
f 6418 8022 8002
f 7554 7990 7547
f 8019 8006 8001
f 8002 7704 8003
f 8020 8016 8019
f 8016 8023 8018
f 7573 7555 7547
f 8005 7703 7702
f 8023 8016 8020
f 7703 8003 7704
f 6415 6375 8022
f 7576 7555 7573
f 7576 7573 7548
f 8017 8024 7504
f 7433 7504 8024
f 8024 8017 8025
f 7705 8002 8022
f 7433 8024 8025
f 8018 8017 8015
f 8017 8018 8025
f 8026 8018 8023
f 6375 8027 8022
f 8027 7705 8022
f 7184 7939 7431
f 8018 8026 8025
f 7184 7431 8028
f 8025 7515 7433
f 7705 7704 8002
f 7939 7184 7175
f 7985 8025 8026
f 7992 7985 8026
f 8028 7515 8025
f 8025 7590 8028
f 7590 8025 7985
f 7184 8028 7590
f 7709 8029 7710
f 7184 7210 7176
f 8021 7506 7511
f 7523 7511 7506
f 7512 7511 7523
f 7720 7721 8029
f 8029 7721 7710
f 7512 7485 7510
f 7512 7479 7485
f 8030 8029 7709
f 8020 7511 8023
f 8031 8032 7747
f 7747 8032 8033
f 7511 8020 8021
f 8023 7511 7993
f 7704 8033 7709
f 8033 7704 7747
f 7993 7992 8023
f 7709 8033 8032
f 7992 8026 8023
f 8032 8030 7709
f 8034 8030 8032
f 7485 7993 7511
f 7993 7485 7484
f 8034 8035 8030
f 7642 7766 7641
f 8034 8032 8031
f 7433 7379 7504
f 7663 7603 7604
f 6374 8027 6375
f 7663 7659 8036
f 7515 8028 7431
f 8037 7663 8038
f 7494 7320 7500
f 8038 7663 8036
f 8039 6374 6385
f 6374 8039 8027
f 6385 7632 8039
f 7404 7500 7325
f 7157 7718 7723
f 7632 6385 6388
f 8040 7668 7603
f 7964 7668 8040
f 8039 7745 8027
f 8039 7746 7745
f 7663 8040 7603
f 7421 7506 7509
f 7506 7421 7442
f 7631 7746 8039
f 7964 8040 8037
f 7631 8041 7746
f 7663 8037 8040
f 8042 7964 8037
f 7966 7964 8042
f 7364 7966 8043
f 8043 7966 8042
f 6388 6723 7632
f 8037 8044 8042
f 7728 7156 7157
f 8044 8037 8038
f 7632 7631 8039
f 7728 7157 7723
f 8045 7728 7723
f 8045 7727 7728
f 7675 8036 7659
f 6723 7636 7632
f 8036 8046 8038
f 7675 8046 8036
f 7827 7634 7633
f 7827 7633 7638
f 7725 8045 7723
f 8045 7725 8047
f 8048 8045 8047
f 7631 7634 8049
f 7481 7480 7677
f 8050 7634 7827
f 7634 8050 8049
f 8050 7827 7867
f 8045 8048 7727
f 7688 7683 7832
f 8048 7797 7727
f 7540 7495 7688
f 7688 7831 7540
f 7543 7540 7831
f 8048 8051 8052
f 8029 8035 7720
f 8035 8029 8030
f 7735 7720 8035
f 8053 7735 8035
f 8054 8053 8035
f 7736 7735 8053
f 8035 8034 8054
f 7753 8053 8054
f 7753 7736 8053
f 8047 7725 7722
f 7291 7690 7440
f 7737 8047 7722
f 8055 8047 7737
f 7548 7719 7576
f 8051 8047 8055
f 8056 8051 8055
f 8051 8048 8047
f 8057 8052 8051
f 7737 8056 8055
f 7737 7755 8056
f 8058 7751 7750
f 8056 7803 8051
f 7752 8059 8058
f 8058 7750 7752
f 8060 7751 8058
f 8058 8061 8060
f 8062 7803 8056
f 8063 7743 7744
f 7745 7705 8027
f 7705 7745 7706
f 7743 7754 7730
f 7743 8063 7754
f 8061 8064 8060
f 8060 8064 8065
f 7754 8066 7733
f 8066 7754 8067
f 8068 8066 8067
f 8063 8067 7754
f 8068 8067 8065
f 8069 8065 8064
f 7749 8031 7747
f 8065 8069 8068
f 8031 7749 8070
f 8070 8034 8031
f 8071 8070 7749
f 7732 7733 8072
f 8072 7733 8066
f 8073 8070 8071
f 8068 8074 8072
f 8070 8073 8075
f 8066 8068 8072
f 8068 8069 8074
f 7748 7708 7746
f 8076 7748 7746
f 8041 8076 7746
f 7642 8077 7766
f 8076 8071 7748
f 7748 8071 7749
f 7631 8076 8041
f 7631 8071 8076
f 8078 7766 8077
f 8078 8077 8079
f 8080 8044 8038
f 8081 8044 8080
f 8049 8082 8071
f 8082 8073 8071
f 7766 8078 7765
f 7765 8078 8083
f 8081 8084 8079
f 8084 8081 8080
f 8083 8078 8079
f 8084 8083 8079
f 8071 7631 8049
f 7642 7364 8077
f 8077 7364 8085
f 8043 8085 7364
f 8086 8085 8043
f 8086 8042 8044
f 8079 8077 8085
f 8043 8042 8086
f 8082 8049 7770
f 8079 8085 8086
f 8079 8086 8081
f 8081 8086 8044
f 7740 7765 7744
f 8046 7675 8087
f 7775 8050 7867
f 8063 7744 7765
f 8088 8087 8060
f 8046 8087 8080
f 8038 8046 8080
f 8075 7753 8054
f 8084 8080 8089
f 8075 8034 8070
f 8034 8075 8054
f 7753 8075 8090
f 8080 8087 8088
f 8089 8080 8088
f 7672 7751 7675
f 8090 7734 7753
f 8087 7675 7751
f 8091 7734 8090
f 8060 8087 7751
f 7765 8083 8092
f 8092 8063 7765
f 8082 8093 8073
f 8082 7770 7769
f 8093 8082 7769
f 8092 8067 8063
f 8092 8083 8094
f 8094 8083 8089
f 8094 8089 8088
f 8094 8088 8095
f 8094 8095 8092
f 8075 8093 8090
f 8093 8075 8073
f 8089 8083 8084
f 8090 8093 8091
f 8067 8092 8095
f 8065 8095 8060
f 7759 8091 8093
f 8088 8060 8095
f 8065 8067 8095
f 7760 7759 8093
f 7760 8093 7769
f 7759 7756 7734
f 8091 7759 7734
f 8096 7781 7779
f 7777 7779 7781
f 8097 8096 7779
f 8098 8096 8097
f 8059 7752 8096
f 8061 8058 8059
f 7752 7781 8096
f 7756 7764 7755
f 8098 8059 8096
f 7764 8056 7755
f 7764 8062 8056
f 8059 8098 8064
f 8064 8098 8099
f 7763 8062 7764
f 8064 8061 8059
f 7768 8062 7763
f 6982 6991 7779
f 7927 7779 6991
f 7779 7927 8097
f 7935 8097 7927
f 8050 7770 8049
f 7757 7762 7783
f 7783 7762 8100
f 7927 7928 7935
f 7770 7774 7771
f 7776 7758 7771
f 8097 7935 8101
f 8101 8098 8097
f 7760 7771 7758
f 8102 7934 8100
f 7762 7732 8072
f 7762 8072 8103
f 8103 8101 8102
f 7774 7770 7775
f 7770 8050 7775
f 8103 8099 8101
f 8103 8100 7762
f 8100 8103 8102
f 8102 8101 7935
f 8102 7935 7934
f 6994 7783 8100
f 7934 6994 8100
f 8099 8098 8101
f 8064 8099 8069
f 8099 8074 8069
f 8074 8103 8072
f 8103 8074 8099
f 7788 7782 7761
f 7788 7761 7758
f 7776 7788 7758
f 7883 7767 7782
f 7797 8048 8052
f 7811 7798 7797
f 8052 7811 7797
f 7812 7811 8052
f 7803 8057 8051
f 8057 8104 8052
f 7803 8104 8057
f 8104 7812 8052
f 8104 8105 7812
f 6588 6569 6592
f 7803 8062 7801
f 7802 8106 7803
f 8106 8104 7803
f 6588 7835 7824
f 8104 8106 7802
f 7826 7824 7840
f 8107 8105 8104
f 7840 7835 8108
f 7802 8107 8104
f 8107 7802 8109
f 7818 7812 8105
f 8105 7823 7818
f 7868 7867 7827
f 7868 7827 7826
f 8109 8105 8107
f 8110 8105 8109
f 8110 7823 8105
f 7859 7868 7826
f 8110 7825 7823
f 6873 7825 8110
f 8111 7839 7860
f 8108 8112 7840
f 6873 7804 7825
f 8112 7859 7840
f 8112 8113 7859
f 8114 8113 8112
f 7873 7860 7856
f 8115 7860 7873
f 8111 7860 8115
f 6609 6612 8116
f 8117 6592 6610
f 8117 7835 6592
f 6612 7829 8116
f 8116 7829 8118
f 6769 6609 8116
f 8119 8116 8120
f 6771 8117 6610
f 8118 7829 7839
f 7395 7392 7813
f 8118 7839 8111
f 8121 7395 7817
f 8120 8116 8118
f 8119 8120 8122
f 7395 7387 7392
f 8120 8123 8122
f 8124 7835 8117
f 6771 8124 8117
f 8125 8124 6771
f 8125 6771 8126
f 8124 8108 7835
f 8108 8124 8127
f 8127 8128 8108
f 8127 8124 8125
f 8129 8122 8123
f 8125 8129 8127
f 8116 6774 6769
f 6773 6774 6772
f 6774 8116 8119
f 6772 8126 6771
f 8126 6772 6774
f 8126 6774 8122
f 8119 8122 6774
f 8121 8011 7395
f 8130 8011 8121
f 8122 8125 8126
f 8129 8125 8122
f 8120 8118 8111
f 8131 8014 8012
f 7395 8011 7429
f 8112 8108 8128
f 8128 8114 8112
f 8012 8014 8009
f 8132 8128 8127
f 8120 8111 8123
f 8012 8011 8131
f 8132 8129 8123
f 7817 8130 8121
f 7820 8130 7817
f 8132 8127 8129
f 8131 8011 8130
f 7833 8130 7820
f 8133 8111 8115
f 8134 8128 8132
f 8133 8115 8135
f 8136 8014 8131
f 8133 8135 8137
f 8138 8014 8136
f 8133 8123 8111
f 8123 8133 8132
f 8130 8136 8131
f 8134 8132 8133
f 7833 8136 8130
f 8134 8133 8137
f 7834 8138 8136
f 7447 8010 8014
f 7447 8014 7828
f 8138 7828 8014
f 8135 8115 8139
f 8140 8135 8139
f 8135 8140 8137
f 8138 8141 7828
f 7832 7684 7828
f 7684 7481 7677
f 7684 7677 7828
f 7831 7832 8141
f 7832 7683 7684
f 8141 7832 7828
f 8113 7869 7859
f 8142 8113 8114
f 8143 8142 8114
f 7833 7820 7825
f 8114 8128 8143
f 7833 7834 8136
f 8143 8128 8134
f 8137 8143 8134
f 8137 8144 8143
f 8145 8138 7834
f 6961 6876 7834
f 8145 7834 8146
f 8146 7834 6876
f 8113 7872 7869
f 8141 8138 8145
f 7872 8113 7880
f 8145 8147 8141
f 8148 7880 8113
f 7838 8147 8145
f 8115 7873 8149
f 8139 8115 8149
f 8139 8149 8150
f 8142 8148 8113
f 8147 7831 8141
f 8148 8142 8144
f 8142 8143 8144
f 8151 7880 8148
f 8144 8151 8148
f 8152 8151 8144
f 7543 8147 7838
f 8149 7873 7874
f 7543 7831 8147
f 7880 8153 7875
f 7838 8145 8146
f 7916 7838 8146
f 8146 6876 7916
f 7805 7543 7838
f 8152 8154 8151
f 8152 8155 8154
f 8152 8156 8155
f 7805 6968 7543
f 8151 8153 7880
f 8157 7874 7882
f 7801 8062 7768
f 7875 7789 7780
f 7875 8153 8158
f 7795 7875 8158
f 7886 7795 8158
f 8159 7886 8158
f 7842 7851 7802
f 7802 7768 7842
f 7882 7791 7884
f 8157 7882 7884
f 8157 7884 7890
f 7851 8109 7802
f 8149 7874 8157
f 8150 8149 8157
f 8160 8150 8157
f 7883 7768 7767
f 8161 8150 8160
f 8150 8161 8156
f 8156 8161 8155
f 7842 7768 7843
f 8151 8158 8153
f 8154 8158 8151
f 8162 8159 8154
f 8154 8159 8158
f 8109 7851 7848
f 8155 8162 8154
f 7848 8110 8109
f 8162 8155 8161
f 7846 7848 7851
f 8160 8157 7890
f 8160 7890 7889
f 8163 8160 7889
f 8162 8164 8159
f 7847 8110 7848
f 7847 6873 8110
f 8165 8159 8164
f 8163 8164 8162
f 8164 8163 7891
f 8160 8163 8161
f 8162 8161 8163
f 8140 8144 8137
f 8139 8150 8166
f 8144 8140 8166
f 8166 8140 8139
f 8152 8144 8166
f 8150 8156 8166
f 8152 8166 8156
f 7890 7884 7863
f 7890 7863 7892
f 7892 7863 6801
f 7890 7892 7888
f 7889 7891 8163
f 7891 8167 8164
f 7891 7895 8167
f 7891 7888 7895
f 7886 8168 7796
f 7796 8168 7887
f 8168 7902 7887
f 8168 7886 8159
f 8159 8165 8168
f 8165 7898 8168
f 7892 6801 6803
f 7898 7902 8168
f 7896 7898 8167
f 8165 8164 8167
f 7898 8165 8167
f 7895 7896 8167
f 7899 7902 7898
f 7899 6820 7902
f 7901 8169 7899
f 7900 6803 6809
f 7904 7900 6809
f 7899 7911 6820
f 8169 7911 7899
f 8170 7912 8169
f 8170 8169 7903
f 8169 7912 7911
f 7903 8169 7901
f 7904 6809 6944
f 6944 6943 7904
f 8170 7903 7904
f 7904 6943 8170
f 6943 7905 8170
f 7907 7912 7905
f 7912 8170 7905
f 7906 7905 6942
