v -0.02505183 0.0866527 -0.2583647
v -0.02505219 0.08665156 -0.2478858
v 0.02718928 0.0866518 -0.2478839
v 0.02718964 0.08665255 -0.2583629
v 0.08814368 -0.07396799 -0.2583783
v 0.08814314 -0.07396889 -0.2478994
v 0.08814332 -0.08342928 -0.2479004
v 0.08814368 -0.08342817 -0.2583794
v 0.02718967 -0.07396816 -0.2583805
v 0.0271897 -0.08342827 -0.2583816
v -0.0250518 -0.08342821 -0.2583836
v -0.02505189 -0.07396804 -0.2583824
v -0.08600593 -0.07396916 -0.2479056
v -0.0860056 -0.07396816 -0.2583847
v -0.08600566 -0.08342797 -0.2583858
v -0.08600608 -0.08342959 -0.2479067
v -0.08600608 -0.1851173 -0.2479179
v -0.08600569 -0.1851163 -0.2583969
v -0.07613143 -0.1851161 -0.2583966
v -0.07613167 -0.1851175 -0.2479176
v 0.08814365 -0.1851162 -0.2583905
v 0.08814311 -0.1851171 -0.2479115
v 0.07826886 -0.1851173 -0.2479119
v 0.07826939 -0.1851163 -0.2583909
v -0.08600569 0.08665279 -0.2583669
v -0.08600608 0.08665171 -0.2478881
v -0.07613167 0.08665153 -0.2478877
v -0.07613131 0.08665293 -0.2583666
v 0.08814326 0.08665183 -0.2478818
v 0.08814353 0.08665293 -0.2583607
v 0.07826945 0.08665258 -0.258361
v 0.07826903 0.08665168 -0.247882
v -0.0860056 -0.07396816 -0.2583847
v -0.07613134 -0.07396799 -0.2583843
v -0.07613137 -0.08342813 -0.2583854
v -0.08600566 -0.08342797 -0.2583858
v 0.08814368 -0.07396799 -0.2583783
v 0.07826933 -0.07396798 -0.2583787
v 0.07763451 -0.01503527 -0.2583722
v 0.08814359 -0.01503491 -0.2583719
v -0.08600593 -0.07396916 -0.2479056
v -0.07613179 -0.07396913 -0.2479054
v -0.07613176 -0.01503615 -0.2478989
v -0.08600599 -0.01503627 -0.2478992
v 0.08814353 0.08665293 -0.2583607
v 0.08814326 0.08665183 -0.2478818
v 0.08814335 0.0533569 -0.2478854
v 0.08814359 0.05335808 -0.2583643
v 0.08814323 0.003354117 -0.2478908
v 0.08814356 0.003344715 -0.2583697
v 0.08814338 -0.01503631 -0.2478929
v 0.08814359 -0.01503491 -0.2583719
v 0.08814359 -0.01503491 -0.2583719
v 0.08814338 -0.01503631 -0.2478929
v 0.08814311 -0.1851171 -0.2479115
v 0.08814365 -0.1851162 -0.2583905
v 0.08814371 -0.1518209 -0.2583869
v 0.0881432 -0.1518219 -0.2479079
v 0.08814356 -0.1442679 -0.2583861
v 0.0881432 -0.1442689 -0.2479072
v 0.02718964 0.08665255 -0.2583629
v 0.02718958 0.07749721 -0.258364
v -0.02505189 0.07749704 -0.2583659
v -0.02505183 0.0866527 -0.2583647
v 0.02718976 -0.008392602 -0.2583734
v 0.02655491 -0.01503535 -0.2583742
v -0.02568632 -0.01503554 -0.258376
v -0.02505183 -0.008392587 -0.2583753
v -0.02505189 -0.1518213 -0.2583911
v -0.02505189 -0.1442681 -0.2583902
v 0.02718964 -0.1442681 -0.2583883
v 0.0271897 -0.151821 -0.2583891
v -0.08600608 0.08665171 -0.2478881
v -0.08600569 0.08665279 -0.2583669
v -0.08600569 0.05335781 -0.2583707
v -0.08600593 0.05335654 -0.2478918
v -0.08600569 0.003263026 -0.2583762
v -0.08600616 0.05033822 -0.247892
v -0.08600557 -0.01503536 -0.2583781
v -0.08600599 -0.01503627 -0.2478992
v -0.08600599 -0.01503627 -0.2478992
v -0.08600557 -0.01503536 -0.2583781
v -0.08600569 -0.1851163 -0.2583969
v -0.08600608 -0.1851173 -0.2479179
v -0.08600599 -0.1518225 -0.2479142
v -0.08600563 -0.151821 -0.2583933
v -0.08600593 -0.1442692 -0.2479134
v -0.0860056 -0.1442683 -0.2583924
v -0.02505219 0.08665156 -0.2478858
v -0.02505219 0.07749569 -0.2478869
v 0.02718934 0.07749605 -0.2478849
v 0.02718928 0.0866518 -0.2478839
v -0.08600569 0.08665279 -0.2583669
v -0.07613131 0.08665293 -0.2583666
v -0.07613134 0.05335784 -0.2583703
v -0.08600569 0.05335781 -0.2583707
v -0.08600569 0.05335781 -0.2583707
v -0.07613134 0.05335784 -0.2583703
v -0.07613128 0.003001824 -0.2583758
v -0.08600569 0.003263026 -0.2583762
v -0.0761314 -0.0150353 -0.2583779
v -0.08600557 -0.01503536 -0.2583781
v -0.07613134 -0.07396799 -0.2583843
v -0.0860056 -0.07396816 -0.2583847
v -0.07613143 -0.1851161 -0.2583966
v -0.08600569 -0.1851163 -0.2583969
v -0.08600563 -0.151821 -0.2583933
v -0.07613134 -0.1518212 -0.258393
v -0.0860056 -0.1442683 -0.2583924
v -0.07613134 -0.144268 -0.258392
v 0.08814365 -0.1851162 -0.2583905
v 0.07826939 -0.1851163 -0.2583909
v 0.07826933 -0.1518213 -0.2583873
v 0.08814371 -0.1518209 -0.2583869
v 0.08814371 -0.1518209 -0.2583869
v 0.07826933 -0.1518213 -0.2583873
v 0.0782693 -0.1442683 -0.2583864
v 0.08814356 -0.1442679 -0.2583861
v 0.08814356 -0.1442679 -0.2583861
v 0.0782693 -0.1442683 -0.2583864
v 0.07826936 -0.08342817 -0.2583797
v 0.08814368 -0.08342817 -0.2583794
v 0.08814368 -0.08342817 -0.2583794
v 0.07826936 -0.08342817 -0.2583797
v 0.07826933 -0.07396798 -0.2583787
v 0.08814368 -0.07396799 -0.2583783
v 0.07826945 0.08665258 -0.258361
v 0.08814353 0.08665293 -0.2583607
v 0.08814359 0.05335808 -0.2583643
v 0.07826933 0.05335788 -0.2583647
v 0.07826933 0.05335788 -0.2583647
v 0.08814359 0.05335808 -0.2583643
v 0.08814356 0.003344715 -0.2583697
v 0.07826936 0.003001839 -0.2583702
v 0.07826936 0.003001839 -0.2583702
v 0.08814356 0.003344715 -0.2583697
v 0.08814359 -0.01503491 -0.2583719
v 0.07763451 -0.01503527 -0.2583722
v 0.08814326 0.08665183 -0.2478818
v 0.07826903 0.08665168 -0.247882
v 0.078269 0.05335662 -0.2478857
v 0.08814335 0.0533569 -0.2478854
v 0.07826909 0.003000602 -0.2478912
v 0.08814323 0.003354117 -0.2478908
v 0.08814338 -0.01503631 -0.2478929
v 0.07763433 -0.01503649 -0.2478932
v 0.07826898 -0.0739693 -0.2478997
v 0.08814314 -0.07396889 -0.2478994
v 0.07826886 -0.1851173 -0.2479119
v 0.08814311 -0.1851171 -0.2479115
v 0.0881432 -0.1518219 -0.2479079
v 0.07826895 -0.1518221 -0.2479083
v 0.0881432 -0.1442689 -0.2479072
v 0.07826889 -0.1442695 -0.2479074
v 0.08814332 -0.08342928 -0.2479004
v 0.07826906 -0.08342955 -0.2479008
v -0.08600608 -0.1851173 -0.2479179
v -0.07613167 -0.1851175 -0.2479176
v -0.07613173 -0.1518223 -0.2479139
v -0.08600599 -0.1518225 -0.2479142
v -0.08600593 -0.1442692 -0.2479134
v -0.0761317 -0.1442691 -0.2479131
v -0.07613167 -0.08342957 -0.2479064
v -0.08600608 -0.08342959 -0.2479067
v -0.07613167 0.08665153 -0.2478877
v -0.08600608 0.08665171 -0.2478881
v -0.08600593 0.05335654 -0.2478918
v -0.07613167 0.05335689 -0.2478914
v -0.08600616 0.05033822 -0.247892
v -0.07613164 0.003000915 -0.2478969
v 0.02718964 0.08665255 -0.2583629
v 0.02718928 0.0866518 -0.2478839
v -0.07613137 -0.08342813 -0.2583854
v -0.07613134 -0.07396799 -0.2583843
v -0.02505183 0.0866527 -0.2583647
v -0.02505189 0.07749704 -0.2583659
v 0.07826936 0.003001839 -0.2583702
v 0.07763451 -0.01503527 -0.2583722
v -0.0761314 -0.0150353 -0.2583779
v -0.07613128 0.003001824 -0.2583758
v -0.07613134 -0.1518212 -0.258393
v -0.07613134 -0.144268 -0.258392
v -0.07613167 -0.08342957 -0.2479064
v -0.07613137 -0.08342813 -0.2583854
v -0.0250518 -0.08342821 -0.2583836
v -0.02505225 -0.08342937 -0.2479046
v 0.0271897 -0.08342827 -0.2583816
v 0.02718931 -0.0834295 -0.2479026
v 0.07826936 -0.08342817 -0.2583797
v 0.07826906 -0.08342955 -0.2479008
v 0.07826906 -0.08342955 -0.2479008
v 0.07826936 -0.08342817 -0.2583797
v 0.0782693 -0.1442683 -0.2583864
v 0.07826889 -0.1442695 -0.2479074
v 0.07826889 -0.1442695 -0.2479074
v 0.0782693 -0.1442683 -0.2583864
v 0.02718964 -0.1442681 -0.2583883
v 0.02718934 -0.144269 -0.2479093
v -0.02505189 -0.1442681 -0.2583902
v -0.02505222 -0.1442693 -0.2479113
v -0.07613134 -0.144268 -0.258392
v -0.0761317 -0.1442691 -0.2479131
v -0.0761317 -0.1442691 -0.2479131
v -0.07613134 -0.144268 -0.258392
v -0.07613137 -0.08342813 -0.2583854
v -0.07613167 -0.08342957 -0.2479064
v -0.07613167 -0.1851175 -0.2479176
v -0.07613143 -0.1851161 -0.2583966
v -0.07613134 -0.1518212 -0.258393
v -0.07613173 -0.1518223 -0.2479139
v 0.07826939 -0.1851163 -0.2583909
v 0.07826886 -0.1851173 -0.2479119
v 0.07826895 -0.1518221 -0.2479083
v 0.07826933 -0.1518213 -0.2583873
v 0.07763433 -0.01503649 -0.2478932
v 0.07763451 -0.01503527 -0.2583722
v 0.07826933 -0.07396798 -0.2583787
v 0.07826898 -0.0739693 -0.2478997
v 0.078269 0.05335662 -0.2478857
v 0.07826933 0.05335788 -0.2583647
v 0.07826936 0.003001839 -0.2583702
v 0.07826909 0.003000602 -0.2478912
v -0.02505219 -0.008393615 -0.2478962
v -0.02505183 -0.008392587 -0.2583753
v -0.07613128 0.003001824 -0.2583758
v -0.07613164 0.003000915 -0.2478969
v 0.02718931 -0.008393794 -0.2478944
v 0.02718976 -0.008392602 -0.2583734
v 0.07826909 0.003000602 -0.2478912
v 0.07826936 0.003001839 -0.2583702
v 0.02718967 -0.07396816 -0.2583805
v 0.02718922 -0.07396948 -0.2479016
v 0.07826898 -0.0739693 -0.2478997
v 0.07826933 -0.07396798 -0.2583787
v -0.02505189 -0.07396804 -0.2583824
v -0.02505216 -0.07396919 -0.2479035
v -0.07613134 -0.07396799 -0.2583843
v -0.07613179 -0.07396913 -0.2479054
v -0.07613179 -0.07396913 -0.2479054
v -0.07613134 -0.07396799 -0.2583843
v -0.0761314 -0.0150353 -0.2583779
v -0.07613176 -0.01503615 -0.2478989
v -0.07613164 0.003000915 -0.2478969
v -0.07613128 0.003001824 -0.2583758
v -0.07613134 0.05335784 -0.2583703
v -0.07613167 0.05335689 -0.2478914
v -0.07613167 0.05335689 -0.2478914
v -0.07613134 0.05335784 -0.2583703
v -0.02505189 0.07749704 -0.2583659
v -0.02505219 0.07749569 -0.2478869
v 0.02718958 0.07749721 -0.258364
v 0.02718934 0.07749605 -0.2478849
v 0.07826933 0.05335788 -0.2583647
v 0.078269 0.05335662 -0.2478857
v -0.07613176 -0.01503615 -0.2478989
v -0.0761314 -0.0150353 -0.2583779
v -0.02568632 -0.01503554 -0.258376
v -0.0256868 -0.01503634 -0.2478971
v 0.02655491 -0.01503535 -0.2583742
v 0.02655461 -0.01503631 -0.2478952
v 0.07763451 -0.01503527 -0.2583722
v 0.07763433 -0.01503649 -0.2478932
v -0.07613173 -0.1518223 -0.2479139
v -0.07613134 -0.1518212 -0.258393
v -0.02505189 -0.1518213 -0.2583911
v -0.02505222 -0.1518223 -0.2479121
v 0.0271897 -0.151821 -0.2583891
v 0.0271894 -0.1518226 -0.2479102
v 0.07826933 -0.1518213 -0.2583873
v 0.07826895 -0.1518221 -0.2479083
v 0.08813828 -0.07398432 -0.110874
v 0.08813834 -0.08344459 -0.1108751
v 0.08814314 -0.07396889 -0.2478994
v 0.07826388 -0.07398433 -0.1108744
v 0.08813828 -0.07398432 -0.110874
v 0.0271841 -0.07398413 -0.1108763
v -0.02505729 -0.07398433 -0.1108782
v -0.07613689 -0.07398428 -0.1108801
v -0.08600593 -0.07396916 -0.2479056
v -0.08601123 -0.07398418 -0.1108804
v -0.08601105 -0.08344436 -0.1108814
v -0.08601123 -0.07398418 -0.1108804
v -0.08600608 -0.08342959 -0.2479067
v -0.07613677 -0.08344433 -0.1108811
v -0.08601105 -0.08344436 -0.1108814
v -0.0250572 -0.08344456 -0.1108793
v 0.02718422 -0.08344427 -0.1108773
v 0.07826397 -0.08344463 -0.1108754
v 0.08814332 -0.08342928 -0.2479004
v 0.08813834 -0.08344459 -0.1108751
v 0.0881381 0.003338829 -0.1108656
v 0.0881381 -0.01505145 -0.1108676
v 0.08814323 0.003354117 -0.2478908
v 0.07826391 0.002985865 -0.110866
v 0.0881381 0.003338829 -0.1108656
v 0.02718419 -0.008408606 -0.1108691
v -0.02505729 -0.008408368 -0.110871
v -0.07613677 0.00298582 -0.1108716
v -0.07613164 0.003000915 -0.2478969
v -0.08600616 0.05033822 -0.247892
v -0.08601102 0.0503231 -0.1108667
v -0.07613677 0.00298582 -0.1108716
v -0.08601114 -0.01505126 -0.110874
v -0.08601102 0.0503231 -0.1108667
v -0.08600599 -0.01503627 -0.2478992
v -0.0761368 -0.01505136 -0.1108736
v -0.08601114 -0.01505126 -0.110874
v -0.02569175 -0.01505141 -0.1108716
v 0.02654943 -0.01505136 -0.1108698
v 0.07762921 -0.01505148 -0.1108679
v 0.08814338 -0.01503631 -0.2478929
v 0.0881381 -0.01505145 -0.1108676
v -0.08601102 -0.1518377 -0.110889
v -0.08601117 -0.1442842 -0.1108882
v -0.08600599 -0.1518225 -0.2479142
v -0.07613686 -0.1518375 -0.1108886
v -0.08601102 -0.1518377 -0.110889
v -0.02505732 -0.1518376 -0.1108868
v 0.02718416 -0.1518376 -0.1108849
v 0.07826397 -0.1518377 -0.110883
v 0.07826895 -0.1518221 -0.2479083
v 0.07826889 -0.1442695 -0.2479074
v 0.078264 -0.1442846 -0.1108821
v 0.07826397 -0.1518377 -0.110883
v 0.02718431 -0.1442845 -0.1108841
v 0.078264 -0.1442846 -0.1108821
v -0.02505738 -0.1442845 -0.1108859
v -0.07613686 -0.1442845 -0.1108878
v -0.08600593 -0.1442692 -0.2479134
v -0.08601117 -0.1442842 -0.1108882
v -0.02506334 0.08661836 0.05530718
v 0.02717823 0.08661851 0.05530918
v 0.02717921 0.08662149 0.02616692
v -0.02506232 0.08662155 0.02616499
v 0.08813289 -0.07400036 0.03663024
v 0.08813298 -0.08346066 0.03662918
v 0.08813328 -0.08345933 0.02615049
v 0.08813316 -0.07399917 0.02615152
v 0.02717075 -0.07402488 0.2568638
v -0.02507079 -0.07402437 0.2568617
v -0.02507067 -0.08348481 0.2568608
v 0.02717084 -0.0834847 0.2568626
v -0.08601609 -0.07399926 0.02614511
v -0.086016 -0.08345936 0.02614405
v -0.0860163 -0.08346063 0.03662282
v -0.08601639 -0.07400065 0.03662381
v -0.08601597 -0.1851475 0.02613294
v -0.07614163 -0.1851475 0.02613323
v -0.07614204 -0.1851488 0.0366121
v -0.08601642 -0.1851487 0.03661162
v 0.08813277 -0.1851486 0.03661801
v 0.07825866 -0.185149 0.0366177
v 0.07825902 -0.1851478 0.02613886
v 0.08813313 -0.1851472 0.02613917
v -0.0860171 0.08661857 0.05530503
v -0.07614279 0.08661836 0.05530535
v -0.0761418 0.0866214 0.02616312
v -0.08601582 0.08662155 0.02616286
v 0.08813331 0.08662155 0.02616914
v 0.0782589 0.08662146 0.02616875
v 0.07825798 0.08661824 0.05531102
v 0.08813229 0.08661827 0.05531132
v -0.08601639 -0.07400065 0.03662381
v -0.0860163 -0.08346063 0.03662282
v -0.07614207 -0.08346073 0.03662322
v -0.07614204 -0.07400041 0.03662423
v 0.08813289 -0.07400036 0.03663024
v 0.08813274 -0.01506738 0.03663676
v 0.07762387 -0.01506753 0.03663646
v 0.0782586 -0.0740006 0.03662992
v -0.08601609 -0.07399926 0.02614511
v -0.08601615 -0.01506634 0.02615153
v -0.07614177 -0.01506634 0.02615204
v -0.07614177 -0.07399908 0.02614556
v 0.08813229 0.08661827 0.05531132
v 0.08813223 0.0533233 0.0553077
v 0.08813322 0.0533269 0.02616549
v 0.08813331 0.08662155 0.02616914
v 0.08813271 0.00333555 0.03663877
v 0.08813316 0.003323928 0.02616
v 0.08813322 0.05291924 0.02616548
v 0.08813292 0.05304669 0.03664433
v 0.08813274 -0.01506738 0.03663676
v 0.08813325 -0.01506628 0.02615797
v 0.08813274 -0.01506738 0.03663676
v 0.08813325 -0.01506628 0.02615797
v 0.08813313 -0.1851472 0.02613917
v 0.08813319 -0.1518522 0.02614288
v 0.08813286 -0.1518534 0.03662162
v 0.08813277 -0.1851486 0.03661801
v 0.08813319 -0.1442991 0.02614373
v 0.08813292 -0.1443006 0.03662254
v 0.02716991 0.08659431 0.2755449
v -0.02507135 0.08659387 0.275543
v -0.02507144 0.07743841 0.2755419
v 0.0271703 0.07743829 0.2755439
v 0.02717844 -0.00842604 0.04679181
v -0.02506307 -0.008425966 0.0467899
v -0.02569771 -0.01506847 0.04678901
v 0.02654362 -0.0150688 0.04679108
v -0.02507082 -0.1518778 0.2568532
v 0.02717081 -0.1518778 0.2568551
v 0.02717081 -0.1443246 0.2568561
v -0.02507076 -0.1443248 0.2568539
v -0.08601582 0.08662155 0.02616286
v -0.08601588 0.0533265 0.02615916
v -0.08601713 0.05332349 0.05530142
v -0.0860171 0.08661857 0.05530503
v -0.08601642 0.002957806 0.03663232
v -0.08601639 0.05323003 0.03663789
v -0.08601606 0.05323125 0.0261591
v -0.08601606 0.05030814 0.02615885
v -0.08601615 -0.01506634 0.02615153
v -0.08601645 -0.01506765 0.03663041
v -0.08601615 -0.01506634 0.02615153
v -0.08601645 -0.01506765 0.03663041
v -0.08601642 -0.1851487 0.03661162
v -0.08601642 -0.1518537 0.03661537
v -0.08601597 -0.1518525 0.02613666
v -0.08601597 -0.1851475 0.02613294
v -0.08601642 -0.1443006 0.03661623
v -0.08601597 -0.1442994 0.02613752
v -0.02506232 0.08662155 0.02616499
v 0.02717921 0.08662149 0.02616692
v 0.02717921 0.07746592 0.02616587
v -0.02506223 0.07746559 0.02616405
v -0.0860253 0.08659413 0.2755408
v -0.08602524 0.05329904 0.2755371
v -0.07615095 0.05329926 0.2755374
v -0.07615092 0.08659402 0.2755411
v -0.08601642 0.002957806 0.03663232
v -0.07614207 0.002969444 0.03663275
v -0.07614213 0.05323029 0.03663836
v -0.08601639 0.05323003 0.03663789
v -0.08601663 0.003008202 0.03793562
v -0.08601657 -0.01506779 0.03793366
v -0.07614258 -0.01506871 0.04678732
v -0.07614252 0.002968416 0.04678919
v -0.08601645 -0.01506765 0.03663041
v -0.07614219 -0.01506773 0.03663078
v -0.07614204 -0.1851488 0.0366121
v -0.07614213 -0.1518535 0.03661569
v -0.08601642 -0.1518537 0.03661537
v -0.08601642 -0.1851487 0.03661162
v -0.07614213 -0.1518535 0.03661569
v -0.07614213 -0.1443004 0.03661665
v -0.08601642 -0.1443006 0.03661623
v -0.08601642 -0.1518537 0.03661537
v 0.08813277 -0.1851486 0.03661801
v 0.08813286 -0.1518534 0.03662162
v 0.0782586 -0.1518537 0.03662133
v 0.07825866 -0.185149 0.0366177
v 0.08813292 -0.1443006 0.03662254
v 0.0782586 -0.144301 0.03662219
v 0.08813298 -0.08346066 0.03662918
v 0.07825869 -0.08346104 0.03662885
v 0.08813298 -0.08346066 0.03662918
v 0.07825869 -0.08346104 0.03662885
v 0.07824975 0.08659393 0.2755466
v 0.07824996 0.05329883 0.275543
v 0.08812407 0.0532991 0.2755435
v 0.08812395 0.08659422 0.2755471
v 0.08813271 0.00333555 0.03663877
v 0.08813292 0.05304669 0.03664433
v 0.07825872 0.0529149 0.0366438
v 0.07825851 0.002969548 0.03663836
v 0.08813331 0.08662155 0.02616914
v 0.08813322 0.0533269 0.02616549
v 0.07825896 0.05332662 0.02616514
v 0.0782589 0.08662146 0.02616875
v 0.08813316 0.003323928 0.02616
v 0.07825905 0.002970532 0.02615966
v 0.07825887 0.05291608 0.02616502
v 0.08813322 0.05291924 0.02616548
v 0.08813325 -0.01506628 0.02615797
v 0.08813316 -0.07399917 0.02615152
v 0.07825893 -0.07399962 0.02615108
v 0.07762423 -0.01506643 0.02615761
v 0.07825902 -0.1851478 0.02613886
v 0.0782589 -0.1518528 0.02614251
v 0.08813319 -0.1518522 0.02614288
v 0.08813313 -0.1851472 0.02613917
v 0.07825905 -0.1442995 0.02614347
v 0.08813319 -0.1442991 0.02614373
v 0.07825908 -0.08345967 0.02615006
v 0.08813328 -0.08345933 0.02615049
v -0.08601597 -0.1851475 0.02613294
v -0.08601597 -0.1518525 0.02613666
v -0.07614163 -0.1518525 0.02613694
v -0.07614163 -0.1851475 0.02613323
v -0.08601597 -0.1442994 0.02613752
v -0.086016 -0.08345936 0.02614405
v -0.07614169 -0.08345974 0.02614444
v -0.0761418 -0.1442993 0.02613772
v -0.0761418 0.0866214 0.02616312
v -0.0761418 0.05332673 0.02615952
v -0.08601588 0.0533265 0.02615916
v -0.08601582 0.08662155 0.02616286
v -0.08601606 0.05030814 0.02615885
v -0.08601606 0.05323125 0.0261591
v -0.07614172 0.05323139 0.0261595
v -0.07614172 0.00297077 0.02615403
v 0.07825044 -0.07402464 0.2568654
v 0.07825041 -0.08348493 0.2568645
v -0.07615027 -0.08348463 0.2568588
v -0.07615039 -0.07402457 0.2568598
v 0.07825813 0.002968147 0.04679484
v 0.07762346 -0.01506872 0.04679287
v -0.07615027 -0.1518777 0.2568514
v -0.07615024 -0.1443247 0.2568521
v 0.07825044 -0.144325 0.2568577
v 0.02717081 -0.1443246 0.2568561
v 0.02717081 -0.1518778 0.2568551
v 0.07825044 -0.1518781 0.256857
v -0.07614169 -0.08345974 0.02614444
v -0.0250622 -0.08345946 0.02614635
v -0.02506259 -0.08346076 0.03662498
v -0.07614207 -0.08346073 0.03662322
v 0.0271793 -0.0834597 0.0261482
v 0.02717888 -0.08346056 0.03662704
v 0.07825908 -0.08345967 0.02615006
v 0.07825869 -0.08346104 0.03662885
v 0.07825908 -0.08345967 0.02615006
v 0.07825905 -0.1442995 0.02614347
v 0.0782586 -0.144301 0.03662219
v 0.07825869 -0.08346104 0.03662885
v 0.07825905 -0.1442995 0.02614347
v 0.02717927 -0.1442995 0.02614152
v 0.02717891 -0.1443004 0.03662028
v 0.0782586 -0.144301 0.03662219
v -0.02506226 -0.1442996 0.0261396
v -0.02506256 -0.1443006 0.03661841
v -0.0761418 -0.1442993 0.02613772
v -0.07614213 -0.1443004 0.03661665
v -0.0761418 -0.1442993 0.02613772
v -0.07614169 -0.08345974 0.02614444
v -0.07614207 -0.08346073 0.03662322
v -0.07614213 -0.1443004 0.03661665
v -0.07614163 -0.1851475 0.02613323
v -0.07614163 -0.1518525 0.02613694
v -0.07614213 -0.1518535 0.03661569
v -0.07614204 -0.1851488 0.0366121
v 0.07825866 -0.185149 0.0366177
v 0.0782586 -0.1518537 0.03662133
v 0.0782589 -0.1518528 0.02614251
v 0.07825902 -0.1851478 0.02613886
v 0.07762423 -0.01506643 0.02615761
v 0.07825893 -0.07399962 0.02615108
v 0.0782586 -0.0740006 0.03662992
v 0.07762387 -0.01506753 0.03663646
v 0.07825851 0.002969548 0.03663836
v 0.07825872 0.0529149 0.0366438
v 0.07825887 0.05291608 0.02616502
v 0.07825905 0.002970532 0.02615966
v -0.02506217 -0.008423582 0.02615466
v -0.07614172 0.00297077 0.02615403
v -0.07614207 0.002969444 0.03663275
v -0.02506253 -0.008424982 0.0366334
v 0.02717927 -0.008423701 0.02615649
v 0.02717879 -0.008424938 0.03663531
v 0.07825851 0.002969548 0.03663836
v 0.07825905 0.002970532 0.02615966
v 0.02717894 -0.07400044 0.03662804
v 0.0782586 -0.0740006 0.03662992
v 0.07825893 -0.07399962 0.02615108
v 0.02717924 -0.07399943 0.02614927
v -0.02506223 -0.07399949 0.02614737
v -0.02506259 -0.07400069 0.03662615
v -0.07614177 -0.07399908 0.02614556
v -0.07614204 -0.07400041 0.03662423
v -0.07614177 -0.07399908 0.02614556
v -0.07614177 -0.01506634 0.02615204
v -0.07614219 -0.01506773 0.03663078
v -0.07614204 -0.07400041 0.03662423
v -0.07614273 0.05332354 0.05530176
v -0.07614213 0.05323029 0.03663836
v -0.07614172 0.05323139 0.0261595
v -0.0761418 0.05332673 0.02615952
v -0.0761418 0.05332673 0.02615952
v -0.02506223 0.07746559 0.02616405
v -0.02506331 0.07746235 0.05530612
v -0.07614273 0.05332354 0.05530176
v 0.02717921 0.07746592 0.02616587
v 0.02717811 0.07746267 0.05530819
v 0.07825896 0.05332662 0.02616514
v 0.07825801 0.05332302 0.05530742
v -0.07614177 -0.01506634 0.02615204
v -0.0256969 -0.01506622 0.02615389
v -0.02569711 -0.01506785 0.0366326
v -0.07614219 -0.01506773 0.03663078
v 0.02654457 -0.0150665 0.02615584
v 0.02654397 -0.0150677 0.03663448
v 0.07762423 -0.01506643 0.02615761
v 0.07762387 -0.01506753 0.03663646
v -0.07614163 -0.1518525 0.02613694
v -0.02506226 -0.1518525 0.02613872
v -0.02506268 -0.1518538 0.03661751
v -0.07614213 -0.1518535 0.03661569
v 0.02717927 -0.1518524 0.02614072
v 0.02717894 -0.1518536 0.03661943
v 0.0782589 -0.1518528 0.02614251
v 0.0782586 -0.1518537 0.03662133
v 0.08813834 -0.08344459 -0.1108751
v 0.08813828 -0.07398432 -0.110874
v 0.08813316 -0.07399917 0.02615152
v 0.08813828 -0.07398432 -0.110874
v 0.07826388 -0.07398433 -0.1108744
v 0.07825893 -0.07399962 0.02615108
v 0.0271841 -0.07398413 -0.1108763
v 0.02717924 -0.07399943 0.02614927
v -0.02505729 -0.07398433 -0.1108782
v -0.02506223 -0.07399949 0.02614737
v -0.07613689 -0.07398428 -0.1108801
v -0.07614177 -0.07399908 0.02614556
v -0.08601123 -0.07398418 -0.1108804
v -0.08601609 -0.07399926 0.02614511
v -0.08601123 -0.07398418 -0.1108804
v -0.08601105 -0.08344436 -0.1108814
v -0.086016 -0.08345936 0.02614405
v -0.08601105 -0.08344436 -0.1108814
v -0.07613677 -0.08344433 -0.1108811
v -0.0250572 -0.08344456 -0.1108793
v 0.02718422 -0.08344427 -0.1108773
v 0.07826397 -0.08344463 -0.1108754
v 0.08813834 -0.08344459 -0.1108751
v 0.08813328 -0.08345933 0.02615049
v 0.0881381 -0.01505145 -0.1108676
v 0.0881381 0.003338829 -0.1108656
v 0.08813316 0.003323928 0.02616
v 0.0881381 0.003338829 -0.1108656
v 0.07826391 0.002985865 -0.110866
v 0.02718419 -0.008408606 -0.1108691
v -0.02505729 -0.008408368 -0.110871
v -0.07613677 0.00298582 -0.1108716
v -0.07614172 0.00297077 0.02615403
v -0.07613677 0.00298582 -0.1108716
v -0.08601102 0.0503231 -0.1108667
v -0.08601606 0.05030814 0.02615885
v -0.08601102 0.0503231 -0.1108667
v -0.08601114 -0.01505126 -0.110874
v -0.08601615 -0.01506634 0.02615153
v -0.08601114 -0.01505126 -0.110874
v -0.0761368 -0.01505136 -0.1108736
v -0.07614177 -0.01506634 0.02615204
v -0.02569175 -0.01505141 -0.1108716
v -0.0256969 -0.01506622 0.02615389
v 0.02654943 -0.01505136 -0.1108698
v 0.02654457 -0.0150665 0.02615584
v 0.07762921 -0.01505148 -0.1108679
v 0.07762423 -0.01506643 0.02615761
v 0.0881381 -0.01505145 -0.1108676
v 0.08813325 -0.01506628 0.02615797
v -0.08601117 -0.1442842 -0.1108882
v -0.08601102 -0.1518377 -0.110889
v -0.08601597 -0.1518525 0.02613666
v -0.08601102 -0.1518377 -0.110889
v -0.07613686 -0.1518375 -0.1108886
v -0.02505732 -0.1518376 -0.1108868
v 0.02718416 -0.1518376 -0.1108849
v 0.07826397 -0.1518377 -0.110883
v 0.0782589 -0.1518528 0.02614251
v 0.07826397 -0.1518377 -0.110883
v 0.078264 -0.1442846 -0.1108821
v 0.07825905 -0.1442995 0.02614347
v 0.07825905 -0.1442995 0.02614347
v 0.078264 -0.1442846 -0.1108821
v 0.02718431 -0.1442845 -0.1108841
v 0.02717927 -0.1442995 0.02614152
v -0.02505738 -0.1442845 -0.1108859
v -0.02506226 -0.1442996 0.0261396
v -0.07613686 -0.1442845 -0.1108878
v -0.0761418 -0.1442993 0.02613772
v -0.08601117 -0.1442842 -0.1108882
v -0.08601597 -0.1442994 0.02613752
v -0.02507079 -0.07402437 0.2568617
v 0.02717075 -0.07402488 0.2568638
v -0.07615039 -0.07402457 0.2568598
v -0.07614204 -0.07400041 0.03662423
v -0.07614207 -0.08346073 0.03662322
v -0.07615027 -0.08348463 0.2568588
v -0.07615039 -0.07402457 0.2568598
v -0.07614207 -0.08346073 0.03662322
v -0.02506259 -0.08346076 0.03662498
v -0.02507067 -0.08348481 0.2568608
v -0.07615027 -0.08348463 0.2568588
v 0.02717888 -0.08346056 0.03662704
v 0.02717084 -0.0834847 0.2568626
v 0.07825869 -0.08346104 0.03662885
v 0.07825041 -0.08348493 0.2568645
v 0.07825869 -0.08346104 0.03662885
v 0.0782586 -0.0740006 0.03662992
v 0.07825044 -0.07402464 0.2568654
v 0.07825041 -0.08348493 0.2568645
v 0.07825044 -0.07402464 0.2568654
v 0.02717882 0.07379481 0.03664428
v -0.02506265 0.07379499 0.03664243
v -0.02506319 0.07379392 0.04679887
v 0.02717853 0.07379392 0.04680079
v -0.07614201 0.05020037 0.03663795
v -0.07614261 0.05019945 0.04679453
v -0.07614207 0.002969444 0.03663275
v -0.08601642 0.002957806 0.03663232
v -0.08601663 0.003008202 0.03793562
v -0.07614252 0.002968416 0.04678919
v -0.08601657 -0.01506779 0.03793366
v -0.08601663 0.003008202 0.03793562
v -0.08601645 -0.01506765 0.03663041
v -0.07614258 -0.01506871 0.04678732
v -0.08601657 -0.01506779 0.03793366
v -0.02569771 -0.01506847 0.04678901
v 0.02654362 -0.0150688 0.04679108
v 0.07762346 -0.01506872 0.04679287
v 0.07762387 -0.01506753 0.03663646
v 0.07825851 0.002969548 0.03663836
v 0.07825813 0.002968147 0.04679484
v 0.07762346 -0.01506872 0.04679287
v 0.07825854 0.05020036 0.03664356
v 0.02717882 0.07379481 0.03664428
v 0.02717853 0.07379392 0.04680079
v 0.07825816 0.05019923 0.04680014
v -0.02506268 -0.1518538 0.03661751
v 0.02717894 -0.1518536 0.03661943
v 0.02717081 -0.1518778 0.2568551
v -0.02507082 -0.1518778 0.2568532
v 0.0782586 -0.1518537 0.03662133
v 0.07825044 -0.1518781 0.256857
v 0.0782586 -0.1518537 0.03662133
v 0.0782586 -0.144301 0.03662219
v 0.07825044 -0.144325 0.2568577
v 0.07825044 -0.1518781 0.256857
v 0.02717081 -0.1443246 0.2568561
v 0.07825044 -0.144325 0.2568577
v -0.02507076 -0.1443248 0.2568539
v -0.07615024 -0.1443247 0.2568521
v -0.07614213 -0.1443004 0.03661665
v -0.07614213 -0.1518535 0.03661569
v -0.07615027 -0.1518777 0.2568514
v -0.07615024 -0.1443247 0.2568521
v -0.07614213 -0.1518535 0.03661569
v -0.07615027 -0.1518777 0.2568514
v 0.02716991 0.08659431 0.2755449
v 0.02717045 0.08659497 0.2666457
v -0.02507108 0.08659485 0.2666436
v -0.02507135 0.08659387 0.275543
v -0.07615054 0.08659512 0.2666418
v -0.07615092 0.08659402 0.2755411
v -0.07615083 0.1851487 0.275552
v -0.07615054 0.1851497 0.2666527
v -0.08602488 0.1851497 0.2666524
v -0.0860253 0.1851487 0.2755518
v -0.0860253 0.08659413 0.2755408
v -0.08602488 0.08659509 0.2666415
v -0.08602482 0.0533001 0.2666378
v -0.08602524 0.05329904 0.2755371
v -0.08602524 0.05329904 0.2755371
v -0.08602482 0.0533001 0.2666378
v -0.07615054 0.05330022 0.2666382
v -0.07615095 0.05329926 0.2755374
v -0.02507114 0.07743919 0.2666427
v -0.02507144 0.07743841 0.2755419
v 0.02717048 0.0774394 0.2666444
v 0.0271703 0.07743829 0.2755439
v 0.07825026 0.05329983 0.2666438
v 0.07824996 0.05329883 0.275543
v 0.08812457 0.05330005 0.266644
v 0.08812407 0.0532991 0.2755435
v 0.08812407 0.0532991 0.2755435
v 0.08812457 0.05330005 0.266644
v 0.08812439 0.0865953 0.2666478
v 0.08812395 0.08659422 0.2755471
v 0.07824975 0.08659393 0.2755466
v 0.0782502 0.08659485 0.2666473
v -0.0860171 0.08661857 0.05530503
v -0.08601701 0.1742954 0.05531467
v -0.07614282 0.1742953 0.05531491
v -0.07614279 0.08661836 0.05530535
v -0.0860171 0.08661857 0.05530503
v -0.08601758 0.08661711 0.06756501
v -0.08601746 0.174294 0.06757466
v -0.08601701 0.1742954 0.05531467
v -0.07615089 0.1742713 0.2755507
v -0.08602536 0.1742713 0.2755505
v -0.07615092 0.08659402 0.2755411
v -0.07615054 0.08659512 0.2666418
v -0.07615054 0.1742724 0.2666515
v -0.07615089 0.1742713 0.2755507
v 0.07825798 0.08661824 0.05531102
v 0.07825753 0.08661664 0.06757102
v 0.08813179 0.08661693 0.06757134
v 0.08813229 0.08661827 0.05531132
v 0.02717879 -0.008424938 0.03663531
v -0.02506253 -0.008424982 0.0366334
v -0.02506265 0.07379499 0.03664243
v 0.02717882 0.07379481 0.03664428
v -0.07614207 0.002969444 0.03663275
v -0.07614201 0.05020037 0.03663795
v -0.07614207 0.002969444 0.03663275
v -0.07614252 0.002968416 0.04678919
v -0.07614261 0.05019945 0.04679453
v -0.07614201 0.05020037 0.03663795
v -0.02506319 0.07379392 0.04679887
v -0.07614261 0.05019945 0.04679453
v 0.02717853 0.07379392 0.04680079
v 0.07825816 0.05019923 0.04680014
v 0.07825854 0.05020036 0.03664356
v 0.07825816 0.05019923 0.04680014
v 0.07825851 0.002969548 0.03663836
v 0.07825854 0.05020036 0.03664356
v -0.0860171 0.1851728 0.05531585
v -0.07614279 0.1851728 0.05531625
v -0.08601755 0.1851715 0.06757578
v -0.0860171 0.1851728 0.05531585
v -0.07615083 0.1851487 0.275552
v -0.0860253 0.1851487 0.2755518
v -0.08602536 0.1742713 0.2755505
v -0.07615089 0.1742713 0.2755507
v 0.07919407 0.1742719 0.2666571
v 0.07919407 0.1851496 0.2666582
v 0.07919371 0.1851487 0.2755577
v 0.0791938 0.1742711 0.2755565
v 0.07919407 0.1851496 0.2666582
v 0.07001695 0.1851498 0.2666581
v 0.07001659 0.1851487 0.2755574
v 0.07919371 0.1851487 0.2755577
v 0.07919371 0.1851487 0.2755577
v 0.07001659 0.1851487 0.2755574
v 0.07001665 0.1742711 0.2755562
v 0.0791938 0.1742711 0.2755565
v 0.07920137 0.1742938 0.06758066
v 0.07002419 0.1742938 0.06758034
v 0.07002467 0.1742953 0.05532032
v 0.07920185 0.1742952 0.05532072
v 0.07920185 0.1742952 0.05532072
v 0.07002467 0.1742953 0.05532032
v 0.07002473 0.1851731 0.05532156
v 0.07920185 0.1851727 0.05532189
v -0.08601606 0.05323125 0.0261591
v -0.08601639 0.05323003 0.03663789
v -0.08601713 0.05332349 0.05530142
v -0.08601639 0.05323003 0.03663789
v -0.07614213 0.05323029 0.03663836
v -0.07614207 0.002969444 0.03663275
v -0.07614172 0.00297077 0.02615403
v -0.07614172 0.05323139 0.0261595
v -0.07614213 0.05323029 0.03663836
v 0.08813223 0.0533233 0.0553077
v 0.07825872 0.0529149 0.0366438
v 0.08813292 0.05304669 0.03664433
v 0.07825801 0.05332302 0.05530742
v 0.07825896 0.05332662 0.02616514
v -0.07604957 -0.1851717 0.2464555
v -0.06617519 -0.1851718 0.2464558
v -0.06617567 -0.1851728 0.2569345
v -0.07604992 -0.1851728 0.2569342
v 0.07807788 -0.185173 0.256672
v 0.06820375 -0.1851728 0.2566718
v 0.06820405 -0.1851715 0.2461928
v 0.0780783 -0.1851716 0.2461931
v 0.0780783 -0.1851716 0.2461931
v 0.07807833 -0.1518766 0.2461966
v 0.07807788 -0.1518779 0.2566757
v 0.07807788 -0.185173 0.256672
v -0.07604992 -0.1851728 0.2569342
v -0.07604998 -0.1518776 0.2569379
v -0.07604963 -0.1518769 0.2464591
v -0.07604957 -0.1851717 0.2464555
v -0.06617567 -0.1851728 0.2569345
v -0.06617573 -0.151878 0.2569382
v -0.07604998 -0.1518776 0.2569379
v -0.07604992 -0.1851728 0.2569342
v 0.07807788 -0.185173 0.256672
v 0.07807788 -0.1518779 0.2566757
v 0.06820357 -0.1518778 0.2566754
v 0.06820375 -0.1851728 0.2566718
v 0.06820405 -0.1851715 0.2461928
v 0.06820393 -0.1518764 0.2461965
v 0.07807833 -0.1518766 0.2461966
v 0.0780783 -0.1851716 0.2461931
v -0.07604957 -0.1851717 0.2464555
v -0.07604963 -0.1518769 0.2464591
v -0.06617522 -0.1518767 0.2464594
v -0.06617519 -0.1851718 0.2464558
v -0.06617519 -0.1851718 0.2464558
v -0.06617522 -0.1518767 0.2464594
v -0.06617573 -0.151878 0.2569382
v -0.06617567 -0.1851728 0.2569345
v 0.06820375 -0.1851728 0.2566718
v 0.06820357 -0.1518778 0.2566754
v 0.06820393 -0.1518764 0.2461965
v 0.06820405 -0.1851715 0.2461928
v 0.02717778 0.08661705 0.06756915
v -0.02506378 0.0866169 0.06756715
v -0.07614323 0.08661687 0.06756539
v -0.07614318 0.1851717 0.0675762
v -0.08601755 0.1851715 0.06757578
v -0.08601752 0.05332185 0.06756134
v -0.08601752 0.05332185 0.06756134
v -0.07614315 0.05332217 0.06756187
v -0.02506369 0.07746109 0.06756634
v 0.02717781 0.0774613 0.0675682
v 0.0782575 0.05332185 0.06756745
v 0.0881319 0.05332196 0.06756778
v 0.0881319 0.05332196 0.06756778
v 0.08813179 0.08661693 0.06757134
v -0.08602536 0.1742713 0.2755505
v -0.08602491 0.1742723 0.2666512
v -0.07614323 0.08661687 0.06756539
v -0.07614323 0.174294 0.06757499
v 0.08812395 0.08659422 0.2755471
v 0.08812439 0.0865953 0.2666478
v -0.0860253 0.1851487 0.2755518
v -0.08602488 0.1851497 0.2666524
v 0.07920137 0.1742938 0.06758066
v 0.07920134 0.1851713 0.06758183
v 0.07920134 0.1851713 0.06758183
v 0.0700241 0.1851714 0.06758147
v 0.0791938 0.1742711 0.2755565
v 0.07001665 0.1742711 0.2755562
v 0.07001692 0.1742719 0.2666568
v 0.07919407 0.1742719 0.2666571
v 0.02717823 0.08661851 0.05530918
v -0.02506334 0.08661836 0.05530718
v -0.07614279 0.08661836 0.05530535
v -0.07614279 0.1851728 0.05531625
v -0.0860171 0.1851728 0.05531585
v -0.08601713 0.05332349 0.05530142
v -0.08601713 0.05332349 0.05530142
v -0.07614273 0.05332354 0.05530176
v -0.02506331 0.07746235 0.05530612
v 0.02717811 0.07746267 0.05530819
v 0.07825801 0.05332302 0.05530742
v 0.08813223 0.0533233 0.0553077
v 0.08813223 0.0533233 0.0553077
v 0.08813229 0.08661827 0.05531132
v -0.07614279 0.08661836 0.05530535
v -0.07614282 0.1742953 0.05531491
v 0.07920185 0.1742952 0.05532072
v 0.07920185 0.1851727 0.05532189
v 0.07920185 0.1851727 0.05532189
v 0.07002473 0.1851731 0.05532156
v -0.07615083 0.1851487 0.275552
v -0.07614323 0.174294 0.06757499
v -0.07614282 0.1742953 0.05531491
v -0.07615089 0.1742713 0.2755507
v -0.07615054 0.1742724 0.2666515
v -0.07615054 0.1742724 0.2666515
v -0.07615054 0.1851497 0.2666527
v 0.07001695 0.1851498 0.2666581
v 0.07001692 0.1742719 0.2666568
v -0.07614323 0.174294 0.06757499
v -0.07614318 0.1851717 0.0675762
v 0.07002419 0.1742938 0.06758034
v 0.0700241 0.1851714 0.06758147
v -0.01969469 0.1635679 -0.1151166
v -0.02028316 0.1638117 -0.1151166
v -0.02040547 0.1642227 -0.2535218
v -0.01981696 0.1639883 -0.2535856
v -0.02052695 0.1644003 -0.1151165
v -0.02064931 0.1647888 -0.2533669
v -0.02028316 0.1649889 -0.1151163
v -0.02040547 0.1653549 -0.2532121
v -0.01969469 0.1652326 -0.1151164
v -0.01981696 0.1655894 -0.2531483
v -0.01969469 0.1652326 -0.1151164
v -0.01910582 0.164989 -0.1151163
v -0.01922828 0.1653547 -0.2532123
v -0.01981696 0.1655894 -0.2531483
v -0.01886219 0.1644003 -0.1151163
v -0.0189845 0.1647885 -0.2533669
v -0.01910582 0.1638119 -0.1151164
v -0.01922828 0.1642227 -0.2535217
v -0.01968983 0.1643351 -0.2538012
v -0.02027842 0.1645784 -0.2537806
v -0.02027822 0.1645763 -0.2553587
v -0.01968983 0.1643323 -0.2553586
v -0.0205223 0.1651648 -0.2537314
v -0.020522 0.165165 -0.2553586
v -0.02027842 0.1657509 -0.253682
v -0.02027813 0.1657533 -0.2553586
v -0.01968974 0.1659938 -0.2536617
v -0.01968968 0.1659972 -0.2553585
v -0.01968974 0.1659938 -0.2536617
v -0.01910117 0.1657509 -0.253682
v -0.01910108 0.1657534 -0.2553585
v -0.01968968 0.1659972 -0.2553585
v -0.01885745 0.1651647 -0.2537314
v -0.01885733 0.1651649 -0.2553586
v -0.01910114 0.1645782 -0.2537807
v -0.01910108 0.1645761 -0.2553586
v -0.0196698 0.164229 -0.2537544
v -0.0202634 0.1644592 -0.2537359
v -0.02052084 0.1650317 -0.2536336
v -0.02029189 0.1656115 -0.2535075
v -0.01970991 0.1658586 -0.2534313
v -0.01970991 0.1658586 -0.2534313
v -0.01911634 0.1656285 -0.2534498
v -0.01885858 0.1650554 -0.253552
v -0.01908794 0.1644756 -0.2536782
v -0.01982659 0.1639584 0.02335283
v -0.02041501 0.1641927 0.02328871
v -0.02065903 0.1647588 0.02313428
v -0.02041492 0.165325 0.02297962
v -0.0198265 0.1655596 0.02291556
v -0.0198265 0.1655596 0.02291556
v -0.01923782 0.1653247 0.02297972
v -0.01899424 0.1647586 0.0231342
v -0.01923782 0.1641928 0.02328864
v -0.01969931 0.1643051 0.02356826
v -0.01969957 0.164302 0.02512598
v -0.02028796 0.1645459 0.02512597
v -0.02028784 0.1645483 0.02354799
v -0.02053183 0.1651343 0.02512605
v -0.02053168 0.1651343 0.02349876
v -0.02028796 0.165723 0.0251261
v -0.02028796 0.1657209 0.02344948
v -0.01969936 0.1659667 0.02512608
v -0.01969942 0.1659634 0.0234293
v -0.01969942 0.1659634 0.0234293
v -0.01969936 0.1659667 0.02512608
v -0.01911086 0.1657232 0.02512614
v -0.01911053 0.1657211 0.02344967
v -0.01886708 0.1651348 0.02512608
v -0.01886708 0.1651348 0.02349882
v -0.01911071 0.1645459 0.02512604
v -0.01911086 0.1645485 0.02354799
v -0.01967943 0.1641987 0.0235215
v -0.02027315 0.164429 0.02350287
v -0.02053055 0.1650017 0.02340099
v -0.0203014 0.1655815 0.02327485
v -0.01971972 0.1658287 0.02319881
v -0.01971972 0.1658287 0.02319881
v -0.01912588 0.1655983 0.02321719
v -0.01886818 0.1650255 0.0233193
v -0.0190976 0.1644458 0.02344537
v 0.07735124 0.1300136 -0.2714289
v 0.07632545 0.1300136 -0.2714289
v 0.07632551 0.1309549 -0.2714322
v 0.07735127 0.1309549 -0.2714323
v 0.07632551 0.1300155 -0.2696854
v 0.07735121 0.1300152 -0.2696854
v 0.077351 0.1300187 -0.2634909
v 0.07632515 0.1300191 -0.263491
v 0.07735124 0.1309567 -0.2696885
v 0.07632536 0.1309567 -0.2696887
v 0.07632524 0.1309604 -0.2634941
v 0.07735109 0.1309599 -0.263494
v 0.07632551 0.1300149 -0.2710419
v 0.07735127 0.1300148 -0.2710417
v 0.07632551 0.1300155 -0.2696854
v 0.07735118 0.1309566 -0.2710451
v 0.07632545 0.1309563 -0.2710452
v 0.07632536 0.1309567 -0.2696887
v 0.07632545 0.1300136 -0.2714289
v 0.07735124 0.1300136 -0.2714289
v 0.07632551 0.1300149 -0.2710419
v 0.07632545 0.1309563 -0.2710452
v 0.07735127 0.1309549 -0.2714323
v 0.07632551 0.1309549 -0.2714322
v -0.08786753 0.1298208 -0.2560084
v -0.08786762 0.1311814 -0.2560127
v -0.08934975 0.1311814 -0.2560128
v -0.08934975 0.1298211 -0.2560086
v -0.0880954 0.1300135 -0.2714347
v -0.08912086 0.1300135 -0.2714347
v -0.08912089 0.1309548 -0.2714381
v -0.0880954 0.1309548 -0.271438
v -0.08934957 0.1298108 -0.2624473
v -0.08786717 0.1298108 -0.2624471
v -0.08786753 0.1298208 -0.2560084
v -0.08934936 0.1311711 -0.2624515
v -0.08786762 0.1311814 -0.2560127
v -0.08786732 0.1311712 -0.2624515
v -0.08934948 0.129811 -0.2624788
v -0.08786726 0.1298111 -0.2624786
v -0.08934945 0.1311714 -0.2624831
v -0.08934948 0.129811 -0.2624788
v -0.0878672 0.131171 -0.262483
v -0.08912104 0.1300187 -0.2634966
v -0.08809549 0.1300188 -0.2634968
v -0.08912113 0.1309601 -0.2634997
v -0.08912104 0.1300187 -0.2634966
v -0.08809549 0.1309602 -0.2634997
v -0.08912113 0.1309601 -0.2634997
v -0.08912098 0.1309563 -0.2696941
v -0.08912104 0.1300153 -0.2696912
v -0.08912078 0.1300146 -0.2710475
v -0.08809531 0.1300148 -0.2710475
v -0.08809534 0.1300154 -0.2696912
v -0.08912104 0.1300153 -0.2696912
v -0.08912086 0.1309563 -0.2710508
v -0.08912078 0.1300146 -0.2710475
v -0.08809525 0.1309564 -0.2710506
v -0.08912086 0.1309563 -0.2710508
v -0.08912098 0.1309563 -0.2696941
v -0.08809537 0.1309566 -0.2696942
v -0.08912086 0.1300135 -0.2714347
v -0.0880954 0.1300135 -0.2714347
v -0.0880954 0.1309548 -0.271438
v -0.08912089 0.1309548 -0.2714381
v 0.07632551 0.1300155 -0.2696854
v 0.07632536 0.1309567 -0.2696887
v 0.07757857 0.1298211 -0.2560025
v 0.07757872 0.1311814 -0.2560068
v 0.07609671 0.1311814 -0.256007
v 0.07609671 0.1298213 -0.2560025
v 0.07609704 0.1298112 -0.2624414
v 0.07757896 0.1298111 -0.2624413
v 0.07757857 0.1298211 -0.2560025
v 0.07609704 0.1311712 -0.2624457
v 0.07757872 0.1311814 -0.2560068
v 0.07757887 0.1311714 -0.2624456
v 0.07757896 0.1298111 -0.2624413
v 0.07757887 0.1311714 -0.2624456
v 0.07609692 0.1298113 -0.2624729
v 0.07757896 0.1298111 -0.2624728
v 0.07609704 0.1311713 -0.2624772
v 0.07757887 0.1311714 -0.2624773
v 0.07757896 0.1298111 -0.2624728
v 0.07757887 0.1311714 -0.2624773
v 0.076325 0.1300193 -0.263491
v 0.07735088 0.130019 -0.2634909
v 0.07632512 0.1309607 -0.263494
v 0.076325 0.1300193 -0.263491
v 0.07735094 0.1309601 -0.263494
v 0.07632512 0.1309607 -0.263494
v 0.07735088 0.130019 -0.2634909
v 0.07735094 0.1309601 -0.263494
v 0.07632521 0.1309569 -0.2696885
v 0.07632536 0.1300157 -0.2696853
v -0.08786765 0.129821 -0.2560083
v -0.08786732 0.129811 -0.2624469
v -0.08786741 0.1311714 -0.2624515
v -0.0878678 0.1311816 -0.2560126
v -0.08786735 0.1298113 -0.2624785
v -0.08786732 0.1311713 -0.2624829
v -0.08809564 0.130019 -0.2634967
v -0.08809569 0.1309604 -0.2634996
v -0.08912113 0.1300156 -0.2696912
v -0.08809549 0.1300156 -0.2696911
v -0.08912119 0.1300189 -0.2634966
v -0.08809549 0.1309568 -0.2696941
v -0.08912113 0.1309565 -0.2696941
v -0.08912128 0.1309603 -0.2634997
v 0.08233374 0.1300937 -0.2612819
v 0.07770824 0.1300937 -0.2612824
v 0.07770815 0.1270278 -0.2612723
v 0.0823338 0.1270278 -0.2612721
v 0.07770845 0.1270137 -0.2655725
v 0.07770833 0.1300801 -0.2655824
v 0.08233395 0.1300802 -0.2655823
v 0.08233398 0.127014 -0.2655724
v -0.09329826 0.1300938 -0.2612882
v -0.09329808 0.1300797 -0.2655886
v -0.09329808 0.1270137 -0.2655786
v -0.09329826 0.1270276 -0.2612784
v -0.08939359 0.1338085 -0.2613004
v -0.0893935 0.1337942 -0.2656006
v -0.09329814 0.1337946 -0.2656008
v -0.09329826 0.1338086 -0.2613004
v 0.08233374 0.1315776 -0.2612869
v 0.08233404 0.1315636 -0.2655871
v 0.08233401 0.1337943 -0.2655943
v 0.08233365 0.1338086 -0.2612944
v -0.08780411 0.1338085 -0.2613001
v -0.08780408 0.1315772 -0.2612929
v -0.03642553 0.1315774 -0.261291
v -0.03642553 0.1338084 -0.2612984
v -0.08780402 0.1270137 -0.2655784
v -0.08780402 0.13008 -0.2655885
v -0.03642553 0.1300801 -0.2655864
v -0.03642532 0.1270136 -0.2655767
v -0.08780426 0.127028 -0.2612782
v -0.03642559 0.1270278 -0.2612762
v -0.02573356 0.1338083 -0.2612979
v -0.02573344 0.1337945 -0.2655985
v -0.03642532 0.1337944 -0.2655988
v -0.03642592 0.1338308 -0.2544531
v -0.03642613 0.1315998 -0.2544458
v -0.02573383 0.1315995 -0.2544456
v -0.02573386 0.1338308 -0.2544526
v -0.0257335 0.1300799 -0.265586
v -0.0257335 0.1270135 -0.2655761
v -0.02573371 0.1270276 -0.2612758
v 0.03568622 0.1338085 -0.2612959
v 0.03568628 0.1337947 -0.265596
v -0.02573362 0.1315774 -0.2612907
v 0.03568622 0.1315773 -0.2612885
v 0.03568608 0.1300801 -0.2655839
v 0.03568622 0.1270136 -0.2655739
v 0.03568614 0.1270277 -0.2612736
v 0.04631859 0.1338086 -0.2612954
v 0.04631901 0.1337944 -0.2655957
v 0.03568575 0.1338307 -0.2544507
v 0.03568578 0.1315999 -0.2544434
v 0.04631829 0.1315996 -0.254443
v 0.04631847 0.1338307 -0.2544503
v 0.0463188 0.1300803 -0.2655836
v 0.0463188 0.1270137 -0.2655736
v 0.04631865 0.1270281 -0.2612733
v 0.07602778 0.1338086 -0.2612944
v 0.07602811 0.1337945 -0.2655945
v -0.02573395 0.1270501 -0.2544307
v -0.03642598 0.12705 -0.2544312
v -0.02573362 0.1300938 -0.2612859
v -0.02573383 0.1301158 -0.2544407
v 0.0463185 0.1270503 -0.2544281
v 0.03568578 0.1270501 -0.2544286
v 0.04631859 0.130094 -0.2612835
v 0.04631841 0.1301158 -0.2544382
v -0.08780402 0.1337945 -0.2656005
v -0.08939359 0.1338085 -0.2613004
v -0.08939371 0.1315772 -0.261293
v -0.08939341 0.1270134 -0.2655784
v -0.08939347 0.1300798 -0.2655885
v -0.08939353 0.1270276 -0.2612782
v -0.0893935 0.1337942 -0.2656006
v -0.09329826 0.1315773 -0.261293
v -0.08939371 0.1315772 -0.261293
v 0.07770824 0.1338084 -0.2612944
v 0.07770824 0.1315772 -0.2612872
v 0.07602799 0.1315636 -0.2655873
v 0.04631886 0.1315638 -0.2655885
v -0.09329805 0.1315634 -0.2655935
v -0.08780426 0.130094 -0.261288
v -0.03642559 0.1300935 -0.2612863
v -0.03642547 0.1315637 -0.2655913
v -0.08780411 0.1315634 -0.2655932
v -0.03642592 0.1301158 -0.2544411
v -0.0257335 0.1315635 -0.265591
v 0.03568593 0.1300941 -0.2612838
v 0.03568614 0.1315637 -0.2655889
v 0.03568584 0.130116 -0.2544386
v 0.04631865 0.1315774 -0.2612882
v -0.08939341 0.1315633 -0.2655933
v -0.08939362 0.1300937 -0.261288
v -0.08939341 0.1315633 -0.2655933
v 0.07602778 0.1300804 -0.2655824
v 0.0463188 0.1300803 -0.2655836
v -0.03642553 0.1300801 -0.2655864
v -0.08780402 0.13008 -0.2655885
v -0.0257335 0.1300799 -0.265586
v 0.03568608 0.1300801 -0.2655839
v -0.08780411 0.1315634 -0.2655932
v -0.08939341 0.1315633 -0.2655933
v -0.08939341 0.1315633 -0.2655933
v -0.08939347 0.1300798 -0.2655885
v -0.08780402 0.13008 -0.2655885
v 0.07602772 0.1300936 -0.2612825
v 0.07602784 0.1270278 -0.2612723
v 0.07602796 0.1270139 -0.2655725
v 0.07602778 0.1300804 -0.2655824
v 0.07770839 0.1337946 -0.2655944
v 0.07602778 0.1338086 -0.2612944
v 0.07602772 0.1315773 -0.2612871
v 0.07770833 0.1315636 -0.2655873
v 0.07602811 0.1337945 -0.2655945
v 0.07602799 0.1315636 -0.2655873
v 0.07602772 0.1315773 -0.2612871
v 0.07734039 0.1299795 0.0412003
v 0.07734033 0.1309209 0.04120363
v 0.0763146 0.1309209 0.04120366
v 0.07631454 0.1299797 0.04120024
v 0.0763146 0.1299819 0.03945675
v 0.07631481 0.1299869 0.03326236
v 0.07734054 0.1299868 0.03326239
v 0.07734033 0.129982 0.03945677
v 0.07734028 0.1309229 0.03946005
v 0.07734057 0.1309279 0.03326558
v 0.07631475 0.130928 0.03326552
v 0.07631469 0.130923 0.03945993
v 0.0763146 0.1299809 0.04081304
v 0.0763146 0.1299819 0.03945675
v 0.07734048 0.1299808 0.04081322
v 0.07734048 0.1309223 0.04081656
v 0.07631469 0.130923 0.03945993
v 0.07631454 0.1309226 0.04081662
v 0.07631454 0.1299797 0.04120024
v 0.07734039 0.1299795 0.0412003
v 0.07631454 0.1309226 0.04081662
v 0.0763146 0.1299809 0.04081304
v 0.07734033 0.1309209 0.04120363
v 0.0763146 0.1309209 0.04120366
v -0.08787736 0.1297903 0.02576827
v -0.08935949 0.1297904 0.02576822
v -0.08935961 0.1311507 0.02577284
v -0.08787736 0.1311508 0.02577294
v -0.08810613 0.1299798 0.04119462
v -0.08810613 0.1309211 0.04119787
v -0.08913177 0.130921 0.04119778
v -0.08913177 0.1299796 0.04119454
v -0.08787736 0.1297903 0.02576827
v -0.08787766 0.1297789 0.03220695
v -0.08935973 0.129779 0.03220694
v -0.08935982 0.131139 0.03221166
v -0.08787736 0.1311508 0.02577294
v -0.08787766 0.1311391 0.03221172
v -0.08935973 0.1297789 0.03223863
v -0.08787763 0.1297788 0.03223851
v -0.08935982 0.1311391 0.03224319
v -0.08935973 0.1297789 0.03223863
v -0.08787763 0.1311391 0.03224316
v -0.08913147 0.1299866 0.03325666
v -0.08810586 0.1299865 0.03325665
v -0.08913147 0.1309278 0.03325991
v -0.08913147 0.1299866 0.03325666
v -0.08810598 0.1309281 0.03325981
v -0.08913147 0.1309278 0.03325991
v -0.08913171 0.1309226 0.03945419
v -0.08913177 0.1299816 0.03945121
v -0.08913177 0.1299807 0.04080744
v -0.08913177 0.1299816 0.03945121
v -0.08810624 0.1299817 0.03945118
v -0.08810613 0.129981 0.04080734
v -0.08913171 0.1309221 0.04081072
v -0.08913177 0.1299807 0.04080744
v -0.08810613 0.1309223 0.04081078
v -0.08810613 0.1309229 0.03945452
v -0.08913171 0.1309226 0.03945419
v -0.08913171 0.1309221 0.04081072
v -0.08913177 0.1299796 0.04119454
v -0.08810613 0.1299798 0.04119462
v -0.08810613 0.1309211 0.04119787
v -0.08913177 0.130921 0.04119778
v 0.0763146 0.1299819 0.03945675
v 0.07631469 0.130923 0.03945993
v 0.07756877 0.1297905 0.02577378
v 0.07608688 0.1297903 0.02577379
v 0.07608676 0.1311508 0.02577843
v 0.07756877 0.1311511 0.02577862
v 0.07756877 0.1297905 0.02577378
v 0.07756844 0.129779 0.03221262
v 0.07608643 0.1297787 0.03221254
v 0.07608652 0.1311392 0.03221717
v 0.07756877 0.1311511 0.02577862
v 0.07756859 0.1311394 0.03221726
v 0.07756859 0.1311394 0.03221726
v 0.07756844 0.129779 0.03221262
v 0.07608658 0.1297789 0.0322441
v 0.07756847 0.129779 0.03224419
v 0.07608658 0.1311392 0.03224869
v 0.07756862 0.131139 0.03224874
v 0.07756847 0.129779 0.03224419
v 0.07756862 0.131139 0.03224874
v 0.07631466 0.1299868 0.03326218
v 0.07734033 0.1299868 0.03326224
v 0.07631466 0.130928 0.03326558
v 0.07631466 0.1299868 0.03326218
v 0.07734039 0.1309279 0.03326543
v 0.07631466 0.130928 0.03326558
v 0.07734033 0.1299868 0.03326224
v 0.07734039 0.1309279 0.03326543
v 0.07631454 0.130923 0.03945981
v 0.07631439 0.1299819 0.03945665
v -0.08787757 0.1297903 0.02576824
v -0.08787757 0.1311508 0.02577281
v -0.08787796 0.1311391 0.03221151
v -0.08787796 0.1297789 0.03220683
v -0.08787778 0.1297787 0.03223838
v -0.08787778 0.1311391 0.03224303
v -0.0881061 0.1299865 0.0332565
v -0.08810619 0.130928 0.03325969
v -0.08913195 0.1299816 0.03945102
v -0.08913165 0.1299866 0.03325653
v -0.08810645 0.1299817 0.039451
v -0.08810636 0.1309228 0.03945425
v -0.08913165 0.1309278 0.03325973
v -0.08913192 0.1309226 0.03945416
v 0.08232409 0.1300623 0.03105326
v 0.08232409 0.126996 0.03104278
v 0.07769853 0.1269962 0.03104264
v 0.07769853 0.1300622 0.03105336
v 0.07769853 0.1269811 0.03534275
v 0.082324 0.1269809 0.03534304
v 0.08232394 0.1300474 0.03535363
v 0.07769841 0.1300473 0.0353536
v -0.09330818 0.130062 0.0310474
v -0.09330794 0.1269962 0.03103696
v -0.09330809 0.1269809 0.03533714
v -0.09330818 0.1300476 0.03534783
v -0.08940348 0.1337767 0.03106041
v -0.09330812 0.1337766 0.0310604
v -0.09330809 0.1337618 0.03536062
v -0.08940351 0.1337619 0.03536065
v 0.08232412 0.1315453 0.03105865
v 0.08232415 0.1337765 0.0310663
v 0.08232394 0.1337618 0.03536654
v 0.082324 0.1315305 0.03535888
v -0.08781412 0.1337767 0.03106055
v -0.03643534 0.1337767 0.03106205
v -0.03643528 0.1315456 0.0310545
v -0.08781406 0.1315456 0.03105268
v -0.08781412 0.1269809 0.0353373
v -0.03643554 0.1269811 0.03533906
v -0.03643548 0.1300473 0.03534961
v -0.08781412 0.1300474 0.03534792
v -0.08781397 0.126996 0.03103709
v -0.03643528 0.126996 0.03103861
v -0.02574331 0.1337765 0.03106257
v -0.03643537 0.133762 0.03536262
v -0.02574345 0.133762 0.03536293
v -0.03643522 0.1338004 0.02421702
v -0.0257431 0.1338004 0.02421737
v -0.02574322 0.131569 0.02420968
v -0.03643522 0.1315695 0.02420911
v -0.02574357 0.1269811 0.03533944
v -0.02574348 0.1300473 0.03534991
v -0.02574337 0.1269961 0.031039
v 0.03567639 0.1337766 0.0310647
v 0.03567618 0.1337617 0.03536494
v 0.03567624 0.1315457 0.03105704
v -0.02574328 0.1315455 0.03105491
v 0.03567624 0.126981 0.03534135
v 0.03567603 0.1300476 0.03535211
v 0.03567624 0.1269963 0.0310412
v 0.04630905 0.1337768 0.03106491
v 0.04630882 0.133762 0.03536536
v 0.0356766 0.1338004 0.0242196
v 0.0463092 0.1338005 0.02422
v 0.04630914 0.1315692 0.02421217
v 0.0356766 0.1315691 0.02421172
v 0.04630876 0.126981 0.03534186
v 0.04630876 0.1300474 0.03535254
v 0.04630885 0.1269961 0.03104155
v 0.07601818 0.1337764 0.03106612
v 0.07601798 0.1337619 0.03536634
v -0.03643522 0.1270198 0.02419342
v -0.0257431 0.1270197 0.02419388
v -0.02574331 0.1300619 0.03104976
v -0.02574322 0.130086 0.02420452
v 0.03567663 0.1270198 0.02419603
v 0.04630911 0.1270199 0.02419643
v 0.04630885 0.1300621 0.03105231
v 0.04630926 0.130086 0.02420716
v -0.087814 0.1337618 0.03536081
v -0.08940348 0.1337767 0.03106041
v -0.08940357 0.1315452 0.03105262
v -0.0894036 0.1269812 0.03533711
v -0.08940348 0.1300473 0.03534794
v -0.08940348 0.1269959 0.03103705
v -0.08940351 0.1337619 0.03536065
v -0.08940357 0.1315452 0.03105262
v -0.09330803 0.1315455 0.0310525
v 0.07769835 0.1315457 0.03105846
v 0.07769853 0.1337769 0.03106603
v 0.04630876 0.1315306 0.03535759
v 0.07601789 0.1315306 0.03535862
v -0.09330809 0.1315309 0.03535298
v -0.08781406 0.1300619 0.03104755
v -0.03643528 0.130062 0.03104937
v -0.08781412 0.1315307 0.03535327
v -0.03643554 0.1315307 0.03535466
v -0.03643528 0.1300859 0.02420413
v -0.02574357 0.1315303 0.03535505
v 0.03567627 0.1300622 0.03105195
v 0.03567627 0.1315306 0.0353573
v 0.03567639 0.130086 0.02420661
v 0.04630885 0.1315456 0.03105745
v -0.08940345 0.1315309 0.03535314
v -0.08940354 0.1300618 0.03104749
v -0.08940345 0.1315309 0.03535314
v 0.04630876 0.1300474 0.03535254
v 0.07601789 0.1300473 0.0353535
v -0.08781412 0.1300474 0.03534792
v -0.03643548 0.1300473 0.03534961
v -0.02574348 0.1300473 0.03534991
v 0.03567603 0.1300476 0.03535211
v -0.08781412 0.1315307 0.03535327
v -0.08940345 0.1315309 0.03535314
v -0.08940345 0.1315309 0.03535314
v -0.08940348 0.1300473 0.03534794
v -0.08781412 0.1300474 0.03534792
v 0.07601792 0.130062 0.03105325
v 0.07601804 0.1269957 0.03104265
v 0.07601789 0.1269809 0.03534275
v 0.07601789 0.1300473 0.0353535
v 0.07769841 0.1337615 0.03536636
v 0.07601818 0.1337764 0.03106612
v 0.07601804 0.1315454 0.03105846
v 0.07769835 0.1315307 0.0353587
v 0.07601798 0.1337619 0.03536634
v 0.07601789 0.1315306 0.03535862
v 0.07601804 0.1315454 0.03105846
v -0.02758238 0.09308878 -0.2755412
v -0.02758813 0.09813175 -0.2755576
v 0.0263136 0.09813213 -0.2755557
v 0.02630797 0.09308875 -0.2755392
v -0.0936836 0.09813106 0.02805389
v -0.09367344 0.09813097 -0.2629195
v -0.09365386 0.09308827 -0.2629031
v -0.09366378 0.09308803 0.02807029
v 0.02630326 0.09813133 0.02805807
v 0.0263133 0.09813145 -0.2629154
v -0.02758858 0.09813094 -0.2629173
v -0.02759886 0.09813091 0.02805609
v 0.09236789 0.09308803 0.02807681
v 0.09237823 0.0930883 -0.2628965
v 0.0923982 0.09813118 -0.2629129
v 0.092388 0.09813118 0.02806027
v -0.02759308 0.09308824 0.02807267
v -0.02758285 0.09308821 -0.2629007
v 0.02630755 0.09308842 -0.2628988
v 0.02629727 0.09308812 0.02807452
v -0.02759308 0.09308824 0.02807267
v 0.02629727 0.09308812 0.02807452
v -0.09367347 0.09813106 -0.264044
v -0.09365359 0.09308791 -0.2640275
v -0.09365386 0.09308827 -0.2629031
v -0.09367344 0.09813097 -0.2629195
v -0.02758846 0.09813181 -0.2699479
v 0.02631348 0.09813187 -0.2699462
v 0.09237838 0.09308788 -0.2640211
v 0.09239808 0.09813103 -0.2640376
v 0.02630776 0.09308854 -0.2691481
v -0.02758282 0.09308869 -0.26915
v -0.09367329 0.09813145 -0.2685684
v -0.09365359 0.09308815 -0.2685522
v -0.02758807 0.1076851 -0.2744724
v -0.0275884 0.1076854 -0.2699479
v 0.0263136 0.1076852 -0.2699461
v 0.02631366 0.1076851 -0.2744703
v 0.09237844 0.09308803 -0.2685457
v 0.09239843 0.09813118 -0.2685621
v 0.02630776 0.09308869 -0.2736724
v -0.02758244 0.09308851 -0.2736744
v -0.09367329 0.09813127 -0.2704353
v -0.09365359 0.09308845 -0.270419
v -0.02758813 0.0981321 -0.2744724
v 0.0263136 0.09813204 -0.2744705
v 0.09237847 0.09308827 -0.2704126
v 0.09239829 0.09813124 -0.2704289
v 0.092388 0.09813118 0.02806027
v 0.0923982 0.09813118 -0.2629129
v -0.09366378 0.09308803 0.02807029
v 0.09236789 0.09308803 0.02807681
v -0.09367347 0.09813106 -0.264044
v 0.09239808 0.09813103 -0.2640376
v -0.02758846 0.09813181 -0.2699479
v 0.02631348 0.09813187 -0.2699462
v -0.08785525 0.1273609 -0.2596433
v -0.08785513 0.1303563 -0.259643
v -0.08953694 0.1302916 -0.259643
v -0.08953699 0.127361 -0.2596434
v -0.08953729 0.1470617 -0.259641
v -0.0895372 0.1429346 -0.2596415
v -0.08785561 0.1429962 -0.2596414
v -0.08785555 0.1470619 -0.2596409
v 0.07772157 0.1306385 -0.2596369
v 0.07604018 0.1306874 -0.2596371
v 0.07604027 0.1273607 -0.2596374
v 0.07772151 0.1273607 -0.2596374
v -0.02690861 0.1635681 -0.1151169
v -0.0274972 0.163812 -0.115117
v -0.0276196 0.1642229 -0.2535222
v -0.0270308 0.1639885 -0.2535861
v -0.02774093 0.1644004 -0.1151168
v -0.02786309 0.1647891 -0.2533674
v -0.02749726 0.1649893 -0.1151167
v -0.0276196 0.165355 -0.2532127
v -0.02690852 0.165233 -0.1151168
v -0.0270308 0.1655897 -0.2531487
v -0.02690852 0.165233 -0.1151168
v -0.02632016 0.1649891 -0.1151167
v -0.0264422 0.165355 -0.2532126
v -0.0270308 0.1655897 -0.2531487
v -0.0260762 0.1644004 -0.1151169
v -0.02619848 0.164789 -0.2533673
v -0.02631995 0.1638121 -0.1151169
v -0.02644232 0.1642229 -0.253522
v -0.02690372 0.1643357 -0.2538016
v -0.0274924 0.1645784 -0.2537811
v -0.02749237 0.1645766 -0.255359
v -0.02690354 0.1643324 -0.2553591
v -0.0277361 0.1651652 -0.253732
v -0.02773583 0.1651651 -0.2553591
v -0.02749243 0.165751 -0.2536826
v -0.02749234 0.1657536 -0.255359
v -0.02690372 0.165994 -0.2536622
v -0.02690351 0.1659977 -0.255359
v -0.02690372 0.165994 -0.2536622
v -0.02631515 0.1657512 -0.2536825
v -0.02631509 0.1657536 -0.255359
v -0.02690351 0.1659977 -0.255359
v -0.02607122 0.1651647 -0.2537318
v -0.02607122 0.1651649 -0.2553591
v -0.02631515 0.1645784 -0.2537811
v -0.02631506 0.1645764 -0.2553591
v -0.02688351 0.1642288 -0.2537549
v -0.02747717 0.1644593 -0.2537364
v -0.02773499 0.1650318 -0.253634
v -0.02750564 0.1656117 -0.253508
v -0.02692381 0.1658586 -0.2534319
v -0.02692381 0.1658586 -0.2534319
v -0.02633038 0.1656284 -0.2534503
v -0.02607256 0.1650555 -0.2535525
v -0.02630189 0.164476 -0.2536786
v -0.02704048 0.1639585 0.0233523
v -0.02762914 0.1641934 0.02328826
v -0.02787277 0.1647593 0.02313383
v -0.0276292 0.1653253 0.02297917
v -0.0270403 0.1655596 0.02291512
v -0.0270403 0.1655596 0.02291512
v -0.026452 0.1653252 0.02297914
v -0.02620795 0.1647591 0.02313387
v -0.026452 0.1641931 0.02328818
v -0.02691329 0.1643056 0.0235678
v -0.02691334 0.1643023 0.02512547
v -0.02750209 0.164546 0.0251255
v -0.02750209 0.1645485 0.02354763
v -0.02774572 0.1651348 0.02512553
v -0.0277456 0.1651347 0.0234984
v -0.02750209 0.1657232 0.02512562
v -0.02750188 0.1657209 0.02344905
v -0.0269134 0.1659673 0.02512565
v -0.02691329 0.1659639 0.0234289
v -0.02691329 0.1659639 0.0234289
v -0.0269134 0.1659673 0.02512565
v -0.02632484 0.1657235 0.02512562
v -0.02632496 0.1657213 0.02344912
v -0.02608091 0.1651346 0.02512552
v -0.02608097 0.1651348 0.02349825
v -0.02632475 0.1645462 0.02512555
v -0.02632475 0.1645485 0.02354763
v -0.02689314 0.164199 0.0235209
v -0.02748686 0.1644293 0.02350257
v -0.02774459 0.165002 0.0234005
v -0.02751532 0.1655819 0.02327451
v -0.02693343 0.1658289 0.02319849
v -0.02693343 0.1658289 0.02319849
v -0.02633995 0.1655984 0.02321678
v -0.02608231 0.1650255 0.02331889
v -0.02631122 0.164446 0.02344495
v 0.0760403 0.1430176 -0.2596357
v 0.07772145 0.1429883 -0.2596356
v 0.07772148 0.1470618 -0.2596352
v 0.07604009 0.1470617 -0.2596353
v -0.09223494 0.09844932 -0.2596464
v 0.09094608 0.09844944 -0.2596401
v 0.09094617 0.1273611 -0.2596371
v -0.09223488 0.1273608 -0.2596433
v 0.09094602 0.09348416 -0.2596407
v -0.092235 0.09348384 -0.259647
v -0.09223497 0.0879595 -0.2596475
v 0.09094602 0.08795938 -0.2596414
v 0.09586707 0.0931192 -0.254696
v 0.09584099 0.08676168 -0.2546763
v 0.09584102 0.08676225 -0.2584195
v 0.09586722 0.09311935 -0.2584396
v 0.09585717 0.09308851 0.02820395
v 0.09583107 0.08673114 0.02818245
v 0.09583125 0.08673176 0.02378201
v 0.09585741 0.09308878 0.02380301
v -0.09984463 0.1645328 0.006945774
v -0.1008016 0.1645445 0.006945699
v -0.1008004 0.1645477 -0.02317491
v -0.09984335 0.1645359 -0.02317476
v -0.1016239 0.1650322 0.006945699
v -0.1016228 0.1650353 -0.02317482
v -0.1020911 0.1658649 0.006945834
v -0.1020901 0.1658679 -0.02317472
v -0.1020783 0.1668194 0.006945908
v -0.102077 0.1668226 -0.02317466
v -0.1015885 0.1676407 0.006946087
v -0.1015873 0.1676436 -0.02317454
v -0.100753 0.1681078 0.006946117
v -0.1007519 0.1681109 -0.02317448
v -0.09979579 0.1680959 0.006946132
v -0.09979481 0.1680993 -0.02317446
v -0.09897372 0.1676083 0.006946102
v -0.09897256 0.1676116 -0.02317442
v -0.0985063 0.1667755 0.006946102
v -0.09850505 0.1667787 -0.02317451
v -0.0985063 0.1667755 0.006946102
v -0.0985193 0.1658212 0.006945968
v -0.09851828 0.1658242 -0.02317464
v -0.09850505 0.1667787 -0.02317451
v -0.09900904 0.165 0.006945819
v -0.09900784 0.1650035 -0.0231747
v -0.1000717 0.1654265 0.006945759
v -0.1005503 0.1654325 0.006945804
v -0.1009614 0.1656762 0.006945848
v -0.1011951 0.1660926 0.006945819
v -0.1011883 0.1665699 0.006945819
v -0.1009435 0.1669805 0.006945983
v -0.100526 0.1672141 0.006946027
v -0.1000472 0.1672082 0.006945938
v -0.09963614 0.1669646 0.006946027
v -0.09940237 0.166548 0.006945863
v -0.09940237 0.166548 0.006945863
v -0.09940916 0.1660707 0.006945863
v -0.09965402 0.1656598 0.006945834
v -0.1002988 0.1663201 0.009685755
v -0.1017448 0.1649146 0.00970915
v -0.1008475 0.1643823 0.00970915
v -0.09980324 0.1643696 0.009709254
v -0.1002988 0.1663201 0.009685755
v -0.1022406 0.166865 0.009709328
v -0.1022545 0.165823 0.009709269
v -0.1017448 0.1649146 0.00970915
v -0.1007943 0.1682702 0.009709626
v -0.101706 0.1677606 0.009709492
v -0.09885281 0.1677256 0.009709567
v -0.09975004 0.1682574 0.009709626
v -0.09835723 0.1657751 0.009709418
v -0.09834298 0.1668169 0.009709552
v -0.09889159 0.1648793 0.009709299
v -0.09835723 0.1657751 0.009709418
v -0.1005491 0.1654358 -0.02317478
v -0.1000706 0.1654296 -0.02317469
v -0.1009603 0.1656792 -0.02317479
v -0.1011937 0.1660958 -0.02317463
v -0.1011873 0.166573 -0.02317461
v -0.1009424 0.1669834 -0.02317455
v -0.1005248 0.1672174 -0.02317467
v -0.1000462 0.1672114 -0.02317469
v -0.09963503 0.1669678 -0.02317458
v -0.09940135 0.1665513 -0.02317461
v -0.09940797 0.1660739 -0.02317467
v -0.09940135 0.1665513 -0.02317461
v -0.09965286 0.1656631 -0.02317464
v -0.1008463 0.1643862 -0.02593747
v -0.1017437 0.1649183 -0.02593756
v -0.1002975 0.1663238 -0.02591433
v -0.09980193 0.1643735 -0.02593748
v -0.1022533 0.1658268 -0.02593739
v -0.1022393 0.1668688 -0.02593726
v -0.1017047 0.1677645 -0.02593713
v -0.1007931 0.1682741 -0.02593711
v -0.1002975 0.1663238 -0.02591433
v -0.1022393 0.1668688 -0.02593726
v -0.09974882 0.1682614 -0.02593699
v -0.09885156 0.1677295 -0.02593713
v -0.09834188 0.1668207 -0.02593714
v -0.09835619 0.1657788 -0.0259372
v -0.09889048 0.1648831 -0.02593738
v -0.09835619 0.1657788 -0.0259372
v -0.1000716 0.1654266 0.007694587
v -0.1005502 0.1654323 0.007694572
v -0.09965414 0.16566 0.007694706
v -0.0994091 0.1660707 0.007694632
v -0.09940237 0.1665481 0.007694751
v -0.09963629 0.1669645 0.007694706
v -0.09940237 0.1665481 0.007694751
v -0.1000473 0.1672081 0.007694796
v -0.100526 0.1672142 0.007694766
v -0.1009435 0.1669802 0.007694721
v -0.1011885 0.1665697 0.007694557
v -0.1011949 0.1660924 0.007694677
v -0.1009615 0.165676 0.007694542
v -0.1005491 0.1654358 -0.02398537
v -0.1000706 0.1654298 -0.02398534
v -0.1009603 0.1656795 -0.02398527
v -0.1011937 0.1660959 -0.02398525
v -0.1011873 0.1665731 -0.02398536
v -0.1009424 0.1669835 -0.02398525
v -0.1005248 0.1672175 -0.02398513
v -0.1000463 0.1672116 -0.02398507
v -0.09963512 0.166968 -0.02398512
v -0.09940135 0.1665514 -0.02398507
v -0.09940806 0.166074 -0.02398527
v -0.09940135 0.1665514 -0.02398507
v -0.09965271 0.1656632 -0.02398527
v -0.0998019 0.1643733 -0.02403307
v -0.1008462 0.1643859 -0.02403313
v -0.1017437 0.1649182 -0.02403308
v -0.1022534 0.1658266 -0.02403301
v -0.1022393 0.1668686 -0.02403298
v -0.1017048 0.1677644 -0.02403285
v -0.1007932 0.168274 -0.02403273
v -0.09974903 0.1682611 -0.0240327
v -0.09885156 0.1677292 -0.02403273
v -0.09834179 0.1668206 -0.02403283
v -0.09834188 0.1668207 -0.02593714
v -0.09834179 0.1668206 -0.02403283
v -0.09835586 0.1657788 -0.02403286
v -0.09889024 0.1648826 -0.02403297
v -0.1008475 0.1643824 0.007744253
v -0.099803 0.1643698 0.007744223
v -0.0988915 0.1648794 0.007744357
v -0.09835711 0.1657751 0.007744446
v -0.09834298 0.1668169 0.009709552
v -0.09834293 0.1668171 0.007744581
v -0.09834293 0.1668171 0.007744581
v -0.09885272 0.1677259 0.007744655
v -0.09974998 0.1682575 0.007744715
v -0.1007943 0.1682704 0.00774464
v -0.1017058 0.1677606 0.007744431
v -0.1022404 0.166865 0.007744372
v -0.1022546 0.1658232 0.007744312
v -0.1017448 0.1649149 0.007744119
v -0.09983709 0.1645557 -0.2068635
v -0.100794 0.1645676 -0.2068635
v -0.1007929 0.1645706 -0.236984
v -0.09983596 0.1645589 -0.236984
v -0.1016164 0.165055 -0.2068634
v -0.1016154 0.1650581 -0.236984
v -0.1020837 0.1658879 -0.2068633
v -0.1020825 0.1658909 -0.2369839
v -0.1020708 0.1668427 -0.2068634
v -0.1020698 0.1668459 -0.2369838
v -0.1015809 0.1676637 -0.2068632
v -0.1015798 0.1676669 -0.2369838
v -0.1007456 0.1681309 -0.2068632
v -0.1007445 0.168134 -0.2369835
v -0.09978846 0.1681192 -0.2068631
v -0.09978732 0.1681222 -0.2369836
v -0.09896624 0.1676314 -0.2068631
v -0.09896508 0.1676346 -0.2369836
v -0.09849882 0.1667988 -0.2068632
v -0.0984979 0.1668018 -0.2369837
v -0.09849882 0.1667988 -0.2068632
v -0.09851182 0.1658442 -0.2068633
v -0.09851095 0.1658473 -0.2369838
v -0.0984979 0.1668018 -0.2369837
v -0.09900171 0.1650234 -0.2068634
v -0.0990006 0.1650264 -0.2369839
v -0.1000642 0.1654493 -0.2068633
v -0.1005428 0.1654554 -0.2068633
v -0.1009539 0.1656991 -0.2068634
v -0.1011874 0.1661156 -0.2068634
v -0.1011809 0.1665926 -0.2068634
v -0.1009361 0.1670033 -0.2068633
v -0.1005186 0.1672373 -0.2068633
v -0.10004 0.1672313 -0.2068631
v -0.09962869 0.1669876 -0.2068631
v -0.09939501 0.1665711 -0.2068633
v -0.09939501 0.1665711 -0.2068633
v -0.09940165 0.1660938 -0.2068634
v -0.09964654 0.1656832 -0.2068635
v -0.1002913 0.1663429 -0.2041237
v -0.1017374 0.1649374 -0.2041001
v -0.10084 0.1644054 -0.2041001
v -0.09979576 0.1643926 -0.2041
v -0.1002913 0.1663429 -0.2041237
v -0.1022331 0.1668878 -0.2040997
v -0.1022472 0.1658455 -0.2040999
v -0.1017374 0.1649374 -0.2041001
v -0.100787 0.1682931 -0.2040995
v -0.1016986 0.1677837 -0.2040996
v -0.09884533 0.1677485 -0.2040996
v -0.09974277 0.1682807 -0.2040995
v -0.09834987 0.165798 -0.2040997
v -0.09833553 0.16684 -0.2040997
v -0.09888408 0.1649024 -0.2040999
v -0.09834987 0.165798 -0.2040997
v -0.1005417 0.1654589 -0.2369839
v -0.1000631 0.1654528 -0.2369839
v -0.1009528 0.1657021 -0.2369839
v -0.1011863 0.1661187 -0.2369839
v -0.1011798 0.1665959 -0.2369839
v -0.1009349 0.1670063 -0.2369838
v -0.1005176 0.1672405 -0.2369838
v -0.1000389 0.1672345 -0.2369837
v -0.09962767 0.1669907 -0.2369837
v -0.09939381 0.1665744 -0.2369837
v -0.0994007 0.166097 -0.2369838
v -0.09939381 0.1665744 -0.2369837
v -0.09964526 0.1656861 -0.2369839
v -0.1008388 0.1644091 -0.2397467
v -0.1017362 0.1649415 -0.2397467
v -0.1002902 0.1663467 -0.2397238
v -0.0997946 0.1643966 -0.2397466
v -0.1022458 0.1658496 -0.2397466
v -0.1022318 0.1668918 -0.2397464
v -0.1016972 0.1677876 -0.2397463
v -0.1007856 0.1682971 -0.2397463
v -0.1002902 0.1663467 -0.2397238
v -0.1022318 0.1668918 -0.2397464
v -0.09974134 0.1682845 -0.2397462
v -0.09884408 0.1677524 -0.2397462
v -0.0983341 0.1668439 -0.2397463
v -0.09834859 0.1658022 -0.2397463
v -0.09888294 0.164906 -0.2397466
v -0.09834859 0.1658022 -0.2397463
v -0.1000642 0.1654494 -0.2061145
v -0.1005427 0.1654553 -0.2061147
v -0.09964657 0.1656831 -0.2061146
v -0.09940171 0.1660937 -0.2061145
v -0.09939501 0.1665711 -0.2061145
v -0.09962866 0.1669875 -0.2061144
v -0.09939501 0.1665711 -0.2061145
v -0.10004 0.1672312 -0.2061144
v -0.1005184 0.1672372 -0.2061144
v -0.1009361 0.1670033 -0.2061146
v -0.101181 0.1665927 -0.2061144
v -0.1011875 0.1661157 -0.2061146
v -0.100954 0.1656989 -0.2061146
v -0.1005416 0.1654589 -0.2377945
v -0.1000633 0.1654529 -0.2377946
v -0.1009529 0.1657024 -0.2377944
v -0.1011863 0.166119 -0.2377944
v -0.1011798 0.166596 -0.2377944
v -0.1009351 0.1670066 -0.2377943
v -0.1005175 0.1672406 -0.2377942
v -0.1000387 0.1672345 -0.2377943
v -0.09962779 0.1669911 -0.2377942
v -0.09939393 0.1665742 -0.2377943
v -0.09940058 0.166097 -0.2377943
v -0.09939393 0.1665742 -0.2377943
v -0.09964538 0.1656863 -0.2377944
v -0.09979448 0.1643963 -0.2378422
v -0.1008387 0.1644089 -0.2378423
v -0.1017362 0.1649413 -0.2378423
v -0.1022459 0.1658493 -0.2378421
v -0.1022318 0.1668914 -0.2378422
v -0.1016974 0.1677873 -0.237842
v -0.1007856 0.168297 -0.2378419
v -0.09974155 0.1682842 -0.2378419
v -0.0988442 0.167752 -0.2378418
v -0.09833425 0.1668434 -0.2378419
v -0.0983341 0.1668439 -0.2397463
v -0.09833425 0.1668434 -0.2378419
v -0.09834859 0.1658016 -0.237842
v -0.09888294 0.1649059 -0.2378422
v -0.1008399 0.1644055 -0.206065
v -0.0997957 0.164393 -0.2060649
v -0.0988842 0.1649025 -0.2060649
v -0.09834978 0.1657982 -0.2060646
v -0.09833553 0.16684 -0.2040997
v -0.09833559 0.1668401 -0.2060646
v -0.09833559 0.1668401 -0.2060646
v -0.09884536 0.1677488 -0.2060645
v -0.09974253 0.1682808 -0.2060644
v -0.1007868 0.1682933 -0.2060645
v -0.1016984 0.167784 -0.2060646
v -0.1022331 0.1668881 -0.2060648
v -0.1022471 0.1658463 -0.2060649
v -0.1017375 0.1649375 -0.2060648
v -0.0965175 0.1273299 0.02433798
v -0.09651756 0.1302608 0.0243382
v -0.09651756 0.1302603 0.02700301
v -0.09651759 0.1273295 0.02700269
v 0.09438169 0.12736 -0.2535253
v 0.0943816 0.130638 -0.253525
v 0.09438154 0.1306385 -0.2572373
v 0.09438163 0.1273606 -0.2572377
v 0.02279839 0.1273609 -0.2596394
v 0.03472885 0.1273609 -0.2596389
v 0.03472883 0.1470619 -0.2596367
v 0.0227983 0.1470615 -0.2596371
v -0.09814084 0.1267313 0.02562289
v -0.0980272 0.0990099 0.02553007
v -0.09802729 0.09900972 0.02821749
v -0.09814087 0.1267308 0.0283123
v 0.09600511 0.1267617 -0.2548009
v 0.09589136 0.09904036 -0.2547143
v 0.09589168 0.09904033 -0.2584586
v 0.09600517 0.1267624 -0.2585474
v 0.0231939 0.1267306 0.03073767
v 0.03532723 0.1267309 0.03073801
v 0.03535816 0.146731 0.03080736
v 0.0232144 0.1467308 0.03080711
v -0.02529889 0.08673087 0.02817819
v -0.03741199 0.08673066 0.0281778
v -0.03740174 0.0867618 -0.258424
v -0.02528918 0.08676207 -0.2584236
v 0.03471857 0.166731 0.02941063
v 0.0227882 0.1667312 0.0294103
v 0.02323502 0.1667307 0.03087655
v 0.03538898 0.1667309 0.03087707
v -0.03685465 0.1667621 -0.2596371
v -0.02492407 0.1667622 -0.2596366
v -0.0253709 0.1667627 -0.2611028
v -0.03752476 0.1667622 -0.2611032
v 0.09437162 0.1429571 0.02941023
v 0.09093592 0.142957 0.02940997
v 0.0909358 0.1470302 0.02941059
v 0.09437177 0.1470306 0.02941063
v -0.09224501 0.1273294 0.02940196
v -0.09224507 0.0984183 0.02939884
v -0.09651771 0.09841794 0.02939866
v -0.0965178 0.1273295 0.02940173
v -0.09650761 0.1429342 -0.2596417
v -0.09223491 0.1429339 -0.2596415
v -0.09223497 0.1470615 -0.2596411
v -0.09650776 0.1470615 -0.2596412
v -0.02492395 0.1273609 -0.2596409
v -0.01299354 0.1273608 -0.2596406
v -0.01299354 0.1470617 -0.2596384
v -0.02492389 0.1470616 -0.2596388
v 0.09094599 0.127361 -0.2596371
v 0.09094605 0.09844944 -0.2596402
v 0.09438187 0.0984492 -0.25964
v 0.09438181 0.1273611 -0.2596368
v -0.09650794 0.08795896 -0.2551048
v -0.09223521 0.08795908 -0.2551047
v -0.092235 0.08795914 -0.2572484
v -0.09650776 0.0879589 -0.2572486
v 0.09437177 0.08792913 0.02264094
v 0.09093615 0.08792907 0.02264088
v 0.09093601 0.08792841 0.02700502
v 0.09437186 0.08792865 0.02700509
v -0.09820575 0.1424879 0.030788
v -0.09385753 0.1424879 0.03078818
v -0.09387419 0.146731 0.03080299
v -0.09822327 0.1467308 0.03080274
v -0.0253402 0.1267304 0.03073597
v -0.01320645 0.1267309 0.03073633
v -0.01321691 0.146731 0.03080581
v -0.02536052 0.146731 0.03080529
v 0.09250081 0.126731 0.03073999
v 0.09239107 0.09900948 0.03064381
v 0.09588149 0.09900922 0.03064384
v 0.09599486 0.1267312 0.03074016
v 0.09606966 0.1424841 -0.2610196
v 0.09257317 0.1424843 -0.2610198
v 0.09259021 0.1467621 -0.2610337
v 0.09608719 0.1467624 -0.2610335
v -0.09378564 0.1267624 -0.2609751
v -0.09367701 0.09904093 -0.2608847
v -0.09801731 0.09904093 -0.2608849
v -0.09813085 0.1267622 -0.2609752
v 0.09584108 0.08676156 -0.2546762
v 0.09235254 0.0867618 -0.2546763
v 0.09235284 0.08676192 -0.2584195
v 0.09584114 0.08676213 -0.2584193
v 0.0231531 0.08673102 0.02817988
v 0.01104006 0.08673146 0.0281795
v 0.01105008 0.08676186 -0.2584223
v 0.02316311 0.08676174 -0.2584218
v -0.09797689 0.08673134 0.02548887
v -0.09363872 0.08673114 0.02548905
v -0.09363872 0.08673078 0.02817577
v -0.09797689 0.08673105 0.02817573
v -0.09224525 0.1667309 0.0294062
v -0.09395239 0.1667308 0.03087248
v -0.04968908 0.1667309 0.03087404
v -0.04879546 0.1667308 0.02940771
v -0.02493429 0.1667309 0.02940875
v -0.02538118 0.1667309 0.03087498
v -0.01322722 0.1667309 0.03087527
v -0.0130035 0.166731 0.02940899
v 0.04754311 0.1667311 0.03087735
v 0.09265879 0.1667309 0.03087898
v 0.09093577 0.166731 0.02941264
v 0.0466494 0.1667309 0.02941111
v 0.07604015 0.1667623 -0.2596331
v 0.07604033 0.1667623 -0.2610993
v 0.0475533 0.1667623 -0.2611005
v 0.0466595 0.1667624 -0.2596341
v 0.02279827 0.1667624 -0.259635
v 0.02324522 0.1667627 -0.2611012
v 0.01109132 0.1667623 -0.2611016
v 0.01086766 0.1667625 -0.2596354
v -0.04967868 0.1667626 -0.2611038
v -0.08785534 0.1667623 -0.2611051
v -0.0878554 0.1667624 -0.2596388
v -0.04878539 0.1667621 -0.2596375
v -0.0010629 0.1273606 -0.25964
v 0.01086769 0.1273609 -0.2596397
v 0.01086763 0.1470618 -0.2596376
v -0.00106293 0.1470616 -0.259638
v 0.01085776 0.08792812 0.02700213
v 0.02278826 0.08792847 0.02700256
v 0.0227983 0.08795917 -0.2572445
v 0.01086757 0.08795908 -0.2572449
v 0.04664978 0.08792868 0.02263936
v 0.03471893 0.08792883 0.02263884
v 0.03471893 0.0879285 0.02700298
v 0.04664943 0.08792815 0.02700342
v -0.001072824 0.1267305 0.03073674
v 0.01106039 0.1267307 0.03073721
v 0.01107058 0.1467308 0.03080644
v -0.001072973 0.1467307 0.03080612
v 0.03528488 0.09900936 0.03064181
v 0.04740414 0.09900948 0.03064218
v 0.04746085 0.1267311 0.03073844
v 0.0108574 0.1667312 0.02940986
v -0.001072913 0.1667309 0.02940941
v -0.001072973 0.1667307 0.03087582
v 0.01108104 0.1667308 0.03087604
v 0.03471857 0.1273297 0.0294065
v 0.02278814 0.1273295 0.02940598
v 0.02278826 0.1470304 0.02940814
v 0.03471875 0.1470304 0.02940857
v 0.01085731 0.1273297 0.02940561
v 0.01085776 0.09841806 0.02940239
v -0.001072943 0.09841821 0.02940211
v -0.001073033 0.1273295 0.02940522
v 0.0353376 0.1267627 -0.2609705
v 0.02320412 0.1267624 -0.2609711
v 0.02322462 0.1467623 -0.2610361
v 0.03536823 0.1467628 -0.2610356
v 0.01107064 0.1267623 -0.2609714
v 0.01105633 0.0990409 -0.2608812
v -0.0010629 0.09904101 -0.2608815
v -0.001062632 0.1267623 -0.260972
v 0.04738888 0.08676165 -0.2546779
v 0.03527606 0.08676156 -0.2546784
v 0.03527617 0.08676198 -0.2584215
v 0.04738921 0.08676186 -0.2584211
v 0.03539929 0.1667623 -0.2611008
v 0.03472868 0.1667624 -0.2596346
v -0.001062721 0.1667626 -0.2611021
v -0.0010629 0.1667623 -0.2596359
v -0.01300371 0.1273295 0.02940485
v -0.02493393 0.1273294 0.02940433
v -0.02493426 0.1470303 0.02940647
v -0.01300356 0.1470304 0.02940689
v -0.03686479 0.1273295 0.02940391
v -0.03686479 0.0984183 0.02940084
v -0.04879543 0.0984183 0.02940047
v -0.04879537 0.1273293 0.02940345
v -0.01319626 0.1267625 -0.2609723
v -0.02532989 0.1267622 -0.2609727
v -0.02535024 0.1467622 -0.2610377
v -0.01320678 0.1467624 -0.2610373
v -0.03746337 0.1267624 -0.2609731
v -0.03742075 0.09904072 -0.2608828
v -0.04954019 0.0990409 -0.2608833
v -0.04959697 0.1267625 -0.2609735
v -0.001072824 0.08673078 0.02817906
v -0.01318601 0.08673126 0.02817866
v -0.0131759 0.08676186 -0.2584231
v -0.00106287 0.0867618 -0.2584227
v -0.01299348 0.1667624 -0.2596364
v -0.01321682 0.1667626 -0.2611026
v -0.0487853 0.1429957 -0.2596401
v -0.03685459 0.1429959 -0.2596397
v -0.03685459 0.1470616 -0.2596391
v -0.0487853 0.1470615 -0.2596396
v -0.03686461 0.08792835 0.02700044
v -0.02493393 0.08792827 0.02700087
v -0.02492404 0.08795908 -0.257246
v -0.03685468 0.08795908 -0.2572464
v -0.001062781 0.08795911 -0.2572452
v -0.01299357 0.08795944 -0.2572457
v -0.01300341 0.08792827 0.02700125
v -0.001072675 0.08792835 0.02700174
v -0.04963943 0.1424877 0.03078966
v -0.0374977 0.1424883 0.03079009
v -0.03750443 0.1467308 0.03080478
v -0.04964802 0.1467306 0.03080454
v -0.01319247 0.0990091 0.03064004
v -0.001072884 0.09900922 0.03064039
v -0.03753501 0.166731 0.03087451
v -0.03686488 0.166731 0.02940825
v -0.09830487 0.1667315 0.02575703
v -0.09822297 0.1467313 0.02569008
v -0.09822315 0.1467309 0.02838057
v -0.09830508 0.1667312 0.02844889
v -0.09820542 0.1424884 0.02567574
v -0.09820557 0.1424882 0.02836603
v 0.09616905 0.1667619 -0.2549254
v 0.09608695 0.1467618 -0.2548631
v 0.0960871 0.146762 -0.2586113
v 0.09616923 0.1667622 -0.2586754
v 0.09606948 0.1424836 -0.2548497
v 0.0960696 0.1424839 -0.2585976
v 0.02316561 0.09900957 0.03064126
v -0.02530131 0.09904078 -0.2608823
v -0.03749412 0.1467624 -0.2610382
v -0.09802735 0.09900931 0.03063713
v -0.09368709 0.09900916 0.03063735
v -0.09379584 0.1267309 0.03073363
v -0.09814113 0.1267306 0.03073344
v -0.02531168 0.09900919 0.03063963
v 0.09615901 0.1667308 0.03087915
v 0.09257975 0.1467314 0.03080948
v 0.09607691 0.1467308 0.03080955
v 0.09600896 0.1301132 0.03075194
v 0.09251413 0.1301132 0.03075173
v 0.09589168 0.09904116 -0.260878
v 0.09240115 0.09904131 -0.2608783
v 0.09251103 0.1267624 -0.2609686
v 0.09600526 0.1267624 -0.2609685
v 0.07604015 0.1467625 -0.2610342
v 0.04751208 0.1467624 -0.2610353
v 0.0231756 0.0990411 -0.2608808
v 0.01108083 0.1467621 -0.2610365
v -0.09829491 0.1667628 -0.2611055
v -0.09394208 0.1667626 -0.2611053
v -0.09386396 0.1467624 -0.2610402
v -0.09821296 0.1467623 -0.2610402
v -0.09814379 0.1298778 -0.2609851
v -0.09379786 0.1298776 -0.2609851
v 0.01104611 0.09900936 0.03064078
v 0.04750201 0.1467309 0.03080784
v 0.04741427 0.09904099 -0.2608798
v 0.03529516 0.09904096 -0.2608804
v 0.04747108 0.1267623 -0.2609701
v -0.001062781 0.1467625 -0.2610369
v -0.01318207 0.09904081 -0.260882
v -0.04963797 0.1467623 -0.2610386
v -0.04960343 0.1298779 -0.2609835
v -0.03746828 0.1298776 -0.260983
v -0.04955027 0.09900942 0.03063886
v -0.03743097 0.09900922 0.03063923
v -0.03747371 0.1267305 0.03073537
v -0.04960695 0.1267308 0.03073512
v -0.09651774 0.08792847 0.02433358
v -0.09651753 0.09345308 0.02433431
v -0.09651768 0.09345278 0.02699894
v -0.09651774 0.08792824 0.0269984
v 0.0943816 0.08795878 -0.2535295
v 0.09438157 0.09348348 -0.253529
v 0.09438172 0.09348375 -0.2572415
v 0.09438166 0.0879589 -0.257242
v -0.02493417 0.09841827 0.02940124
v -0.03686467 0.1644874 0.02940799
v -0.02493408 0.1644872 0.02940843
v -0.03686473 0.1470302 0.02940601
v 0.03472871 0.1645184 -0.2596349
v 0.02279836 0.1645186 -0.2596352
v 0.09437168 0.09841812 0.02940534
v 0.09093592 0.09841824 0.02940525
v 0.0909358 0.1273297 0.02940838
v 0.09437174 0.1273298 0.02940845
v 0.04664931 0.1644872 0.02941079
v 0.09093598 0.1644874 0.02941248
v 0.04664943 0.1470302 0.02940896
v 0.02278835 0.09841818 0.02940291
v 0.01085755 0.1644872 0.0294096
v 0.02278823 0.1644871 0.02941
v 0.01085758 0.1470304 0.02940774
v -0.09651771 0.1644873 0.02940585
v -0.09224513 0.1644873 0.02940597
v -0.09224522 0.1470304 0.02940416
v -0.09651774 0.1470301 0.0294041
v -0.09651765 0.1302598 0.02940221
v -0.0922451 0.13026 0.02940238
v -0.0965077 0.09844923 -0.2596465
v -0.09223506 0.09844929 -0.2596464
v -0.09223488 0.1273607 -0.2596433
v -0.09650773 0.1273609 -0.2596433
v -0.04878533 0.1645184 -0.2596377
v -0.08785528 0.1645186 -0.2596391
v -0.08785537 0.1470616 -0.259641
v -0.01299337 0.1645186 -0.2596366
v -0.02492395 0.1645186 -0.2596369
v 0.09438178 0.1645187 -0.2596327
v 0.09094611 0.1645187 -0.2596329
v 0.09094599 0.1470618 -0.2596349
v 0.0943819 0.1470616 -0.2596346
v 0.09438163 0.1306389 -0.2596365
v 0.09094587 0.1306387 -0.2596366
v 0.01086754 0.1645188 -0.2596356
v -0.001062691 0.1645189 -0.2596361
v 0.0466595 0.1645186 -0.2596344
v 0.04665941 0.1470617 -0.2596363
v 0.04664943 0.09841833 0.02940367
v 0.03471872 0.09841815 0.02940327
v 0.04664931 0.1273294 0.02940686
v 0.03471869 0.1644876 0.02941047
v -0.001072794 0.1644871 0.02940919
v -0.001072913 0.14703 0.02940729
v -0.01300368 0.09841821 0.0294017
v -0.0130035 0.1644871 0.02940877
v -0.04879537 0.1644873 0.02940761
v -0.0487954 0.1470302 0.02940564
v -0.04879546 0.1302601 0.02940382
v -0.03686473 0.1302603 0.02940427
v -0.03685465 0.1645187 -0.2596374
v -0.09796691 0.08676165 -0.2562645
v -0.09799305 0.09311852 -0.2562846
v -0.09799302 0.09311873 -0.2584463
v -0.09796691 0.08676189 -0.2584261
v 0.04737914 0.08673051 0.03059962
v 0.09234267 0.08673057 0.0306011
v 0.09236798 0.09308776 0.03062315
v 0.04739213 0.09308776 0.03062174
v -0.04951462 0.08676216 -0.2608432
v -0.09362873 0.08676207 -0.2608447
v -0.09365398 0.09311914 -0.2608654
v -0.04952776 0.09311923 -0.2608639
v 0.03526595 0.08673048 0.0305991
v 0.03527588 0.09308773 0.03062111
v 0.01105008 0.08676252 -0.2608411
v -0.001062721 0.08676228 -0.2608417
v -0.001062781 0.09311941 -0.2608622
v 0.01105326 0.09311977 -0.2608618
v -0.03740185 0.08676234 -0.2608429
v -0.03741157 0.09311962 -0.2608634
v -0.01318622 0.08673039 0.03059746
v -0.001072973 0.08673045 0.03059782
v -0.001072913 0.09308738 0.03061992
v -0.01318917 0.09308767 0.0306195
v 0.02315286 0.08673042 0.03059873
v 0.02315947 0.09308767 0.03062078
v -0.02528879 0.08676219 -0.2608423
v -0.02529538 0.09311953 -0.2608631
v -0.09797695 0.08673039 0.03059462
v -0.09363902 0.08673042 0.03059463
v -0.09366408 0.09308758 0.03061676
v -0.098003 0.09308764 0.03061658
v -0.02529916 0.08673063 0.03059705
v -0.02530542 0.09308758 0.03061904
v 0.09584129 0.08676228 -0.2608383
v 0.0923529 0.08676237 -0.2608383
v 0.09237817 0.09311959 -0.260859
v 0.09586743 0.09311935 -0.2608588
v 0.02316317 0.08676198 -0.2608408
v 0.02316973 0.09311944 -0.2608615
v 0.01103988 0.08673081 0.03059834
v 0.01104334 0.09308758 0.03062028
v 0.04738915 0.08676258 -0.2608399
v 0.03527629 0.08676213 -0.2608403
v 0.03528583 0.0931195 -0.260861
v 0.04740226 0.09311941 -0.2608606
v -0.01317585 0.08676222 -0.260842
v -0.01317906 0.09311956 -0.2608627
v -0.04952508 0.0867303 0.03059615
v -0.03741205 0.08673048 0.03059663
v -0.03742161 0.09308773 0.03061864
v -0.04953781 0.09308758 0.03061825
v -0.09650761 0.1302917 -0.2596431
v -0.09650776 0.1302916 -0.2572441
v -0.09650776 0.1273606 -0.2572443
v -0.09651774 0.1429029 0.02940354
v -0.09651759 0.1429031 0.02700451
v -0.09651762 0.1470304 0.02700482
v 0.0943715 0.1306075 0.02940887
v 0.0943718 0.1306078 0.02700962
v 0.09437186 0.1273299 0.02700941
v 0.09438187 0.1429884 -0.2596351
v 0.09438166 0.1429881 -0.257236
v 0.09438166 0.1470615 -0.2572355
v 0.02278832 0.08792812 0.02940172
v 0.0347189 0.08792794 0.02940209
v 0.03472877 0.08795956 -0.2596431
v 0.02279824 0.08795932 -0.2596438
v 0.03472862 0.08795938 -0.2572442
v -0.09801731 0.09904048 -0.2584652
v -0.09813085 0.1267624 -0.2585542
v -0.09802392 0.09813079 0.03063418
v -0.09802383 0.09813094 0.02821437
v -0.09800294 0.09308776 0.02819733
v 0.09588155 0.09900969 0.02822413
v 0.09599513 0.126731 0.02831896
v 0.09588787 0.09816274 -0.2608754
v 0.09588781 0.09816208 -0.2584558
v 0.09586725 0.09311914 -0.2584397
v -0.09650788 0.1667623 -0.2596391
v -0.09829503 0.1667624 -0.258682
v -0.09650758 0.1667619 -0.2572401
v -0.09830493 0.166731 0.03087234
v -0.09651771 0.1667309 0.02940616
v -0.09651765 0.1667312 0.02700698
v 0.09437174 0.1667311 0.0294127
v 0.09615922 0.1667309 0.0284556
v 0.09437194 0.1667312 0.02701361
v 0.09616926 0.1667623 -0.2610986
v 0.09438184 0.1667624 -0.2596324
v 0.09438169 0.1667619 -0.2572334
v -0.0965178 0.087928 0.02939759
v -0.09224516 0.08792818 0.02939783
v -0.09224495 0.08792818 0.02699861
v -0.04878542 0.08795926 -0.2596461
v -0.092235 0.08795953 -0.2596475
v -0.04878542 0.08795926 -0.2572469
v -0.02493408 0.08792779 0.02940007
v -0.01300353 0.08792803 0.02940047
v -0.01299363 0.0879595 -0.2596449
v -0.02492401 0.08795944 -0.2596451
v 0.09438184 0.08795935 -0.2596412
v 0.09094587 0.08795926 -0.2596412
v 0.09094602 0.0879592 -0.257242
v 0.04664949 0.08792803 0.02940258
v 0.09093592 0.08792824 0.02940412
v 0.0958308 0.08673072 0.03060123
v 0.0923427 0.08673099 0.02818225
v 0.09583122 0.08673081 0.02818239
v -0.09796685 0.08676231 -0.2608449
v -0.09362888 0.08676168 -0.258426
v -0.04952481 0.08673087 0.0281774
v -0.001072854 0.08792788 0.02940086
v 0.01085752 0.08792815 0.02940135
v 0.01086771 0.08795947 -0.259644
v -0.001062781 0.08795926 -0.2596445
v 0.04665956 0.08795944 -0.2596428
v 0.04665959 0.08795911 -0.2572438
v 0.03526625 0.08673081 0.02818033
v 0.04737926 0.08673081 0.02818073
v -0.04951468 0.08676192 -0.2584244
v -0.04879534 0.08792812 0.02939925
v -0.0368647 0.08792824 0.02939969
v -0.04879534 0.08792827 0.02700008
v -0.03685462 0.08795908 -0.2596456
v -0.09821296 0.1467619 -0.2586182
v -0.09819555 0.1425195 -0.2610264
v -0.09819552 0.1425192 -0.2586045
v -0.09815389 0.1298461 0.03074405
v -0.09815362 0.1298463 0.02832285
v 0.09607711 0.1467311 0.02838728
v 0.09605959 0.1424524 0.03079467
v 0.0960598 0.1424529 0.02837254
v 0.09601924 0.1301444 -0.2609795
v 0.09601909 0.1301447 -0.2585582
v -0.09650773 0.08795926 -0.2596477
v -0.09650755 0.09348363 -0.2596471
v -0.0965077 0.09348354 -0.257248
v -0.09651759 0.0984183 0.02699947
v -0.09651759 0.1644875 0.02700679
v -0.09650764 0.1645187 -0.2596395
v -0.09650788 0.1645183 -0.2572402
v -0.09650761 0.1470612 -0.2572423
v 0.09437162 0.0879283 0.02940419
v 0.09437183 0.09345245 0.02940483
v 0.09437191 0.09345257 0.02700564
v 0.09438166 0.09844917 -0.2572406
v 0.09438169 0.1645185 -0.2572335
v 0.09437165 0.1644872 0.02941248
v 0.09437191 0.1644876 0.02701338
v 0.09437183 0.1470306 0.02701148
v -0.09799302 0.0931192 -0.2608656
v 0.09585723 0.09308764 0.03062323
v 0.09585738 0.09308824 0.02820389
v 0.04664937 0.1306073 0.02940723
v 0.09093603 0.1306075 0.02940869
v 0.04665938 0.08795875 -0.2535312
v 0.09094599 0.0879586 -0.2535296
v 0.07772142 0.1267625 -0.2609691
v 0.07772142 0.1301448 -0.2609802
v 0.09252426 0.1301447 -0.2609797
v 0.04737929 0.08673149 0.0237803
v 0.09234291 0.08673126 0.02378184
v 0.09266904 0.1667626 -0.2610989
v 0.09094587 0.1667623 -0.2596326
v 0.0474934 0.1424525 0.03079303
v 0.09256274 0.1424525 0.03079464
v 0.0466494 0.09345242 0.02940309
v 0.09093592 0.09345287 0.02940466
v 0.07772142 0.1667626 -0.2596331
v 0.0777213 0.1645188 -0.2596334
v 0.07772145 0.1470618 -0.2596352
v 0.07772133 0.1429884 -0.2596357
v 0.09094593 0.1429886 -0.2596352
v -0.08953699 0.1273608 -0.2596432
v -0.08953702 0.1302913 -0.2596429
v -0.09223497 0.1302917 -0.259643
v -0.04879516 0.08792827 0.02433528
v -0.09224489 0.08792868 0.02433382
v -0.04961354 0.1298461 0.03074579
v -0.09380814 0.1298459 0.03074424
v -0.08953694 0.1267622 -0.2609749
v -0.08953696 0.09904084 -0.2608846
v -0.04951498 0.08676174 -0.2562629
v -0.09362894 0.08676165 -0.2562644
v -0.09223503 0.1667624 -0.259639
v -0.04954857 0.09813091 0.03063582
v -0.0936839 0.0981307 0.03063433
v -0.08953694 0.1667625 -0.2611052
v -0.08953708 0.1467623 -0.26104
v -0.08953711 0.1425196 -0.2610261
v -0.09384754 0.1425197 -0.2610263
v -0.04879543 0.1429027 0.02940528
v -0.09224522 0.1429027 0.02940375
v -0.09223503 0.1645187 -0.2596393
v -0.09801388 0.09816188 -0.2563006
v -0.09801385 0.09816229 -0.2584624
v 0.09585753 0.09308857 0.02380303
v 0.09587792 0.09813172 0.02381963
v 0.09587789 0.0981313 0.02822115
v 0.09587756 0.09813106 0.03064087
v 0.09238783 0.09813061 0.03064071
v -0.09801379 0.09816203 -0.260882
v -0.09367368 0.09816238 -0.260882
v 0.04740214 0.09813103 0.03063913
v 0.03528348 0.09813115 0.03063872
v -0.001072943 0.09813103 0.03063747
v -0.01319197 0.098131 0.03063706
v 0.02316472 0.098131 0.03063841
v -0.0253107 0.09813085 0.03063668
v 0.09239802 0.09816214 -0.2608754
v 0.01104575 0.09813088 0.03063788
v -0.03742966 0.09813049 0.03063618
v 0.07604009 0.09904096 -0.2608789
v 0.07604009 0.0981625 -0.260876
v 0.04741269 0.0981622 -0.260877
v -0.09801745 0.09904039 -0.2563033
v 0.09588167 0.09901005 0.02382271
v 0.01105574 0.09816244 -0.2608782
v -0.00106281 0.0981622 -0.2608787
v -0.03741935 0.09816203 -0.26088
v -0.04953837 0.09816235 -0.2608806
v -0.02530053 0.09816214 -0.2608795
v 0.02317497 0.09816235 -0.2608778
v 0.03529373 0.0981625 -0.2608775
v -0.01318172 0.09816217 -0.2608792
v -0.08785531 0.09816208 -0.2608817
v -0.08785531 0.09904075 -0.2608846
v 0.07604018 0.1267623 -0.2609692
v -0.08953711 0.1667624 -0.259639
v -0.08953694 0.1645187 -0.2596391
v -0.0878554 0.1267622 -0.2609749
v -0.08785537 0.1467623 -0.2610398
v -0.08785528 0.1425197 -0.261026
v -0.08953708 0.09816206 -0.2608817
v -0.04878527 0.1273608 -0.2596418
v -0.04878542 0.1303561 -0.2596415
v -0.08785525 0.1303562 -0.2596429
v -0.08785528 0.1273607 -0.2596432
v -0.04962915 0.1425194 -0.2610248
v 0.07772157 0.1667626 -0.2610993
v 0.07772163 0.1467625 -0.2610341
v 0.07604018 0.1301445 -0.2609801
v 0.07604012 0.1645187 -0.2596334
v 0.07772145 0.09816253 -0.2608759
v 0.07772133 0.09904122 -0.2608788
v 0.0474782 0.1301446 -0.260981
v 0.04665926 0.1430179 -0.2596369
v 0.07604018 0.1430178 -0.2596357
v 0.07604003 0.1470618 -0.2596353
v -0.03747842 0.129846 0.03074613
v -0.09813091 0.1267618 -0.2563906
v -0.09814382 0.129877 -0.2564004
v -0.09814379 0.1298773 -0.258564
v -0.09814969 0.1313602 -0.26099
v -0.09380364 0.1313603 -0.2609899
v -0.04960629 0.1313604 -0.2609883
v -0.03747055 0.1313604 -0.260988
v -0.09816 0.1313287 0.03074935
v -0.09815958 0.1313289 0.02832799
v -0.04961649 0.1313287 0.03075092
v -0.09381387 0.1313285 0.03074941
v -0.08953705 0.1298773 -0.260985
v -0.08785528 0.1298775 -0.2609849
v -0.03748062 0.1313284 0.03075129
v -0.09814996 0.1313597 -0.2564051
v -0.0981499 0.1313601 -0.2585686
v -0.08953702 0.1313601 -0.2609897
v -0.08785528 0.1313605 -0.2609897
v -0.09816602 0.1353508 -0.2610031
v -0.09381917 0.1353504 -0.261003
v -0.04961452 0.1353506 -0.2610015
v -0.03747645 0.1353507 -0.2610009
v -0.09817627 0.1353189 0.03076321
v -0.09817621 0.1353193 0.02834167
v -0.0496248 0.1353192 0.03076489
v -0.09382936 0.1353187 0.03076333
v -0.0374867 0.1353187 0.0307653
v -0.09816623 0.1353505 -0.2564175
v -0.09816623 0.1353506 -0.2585816
v -0.08953691 0.1353506 -0.2610028
v -0.08785537 0.1353504 -0.2610028
v -0.09817159 0.1366847 -0.2610074
v -0.09382442 0.1366849 -0.2610074
v -0.04961714 0.1366847 -0.2610059
v -0.03747863 0.1366846 -0.2610055
v -0.09818166 0.1366531 0.03076787
v -0.09818158 0.1366533 0.02834612
v -0.04962742 0.1366531 0.03076957
v -0.09383452 0.1366531 0.03076807
v -0.03748891 0.1366533 0.03077005
v -0.09817159 0.136684 -0.2564216
v -0.09817156 0.1366842 -0.2585857
v -0.08953699 0.1366847 -0.2610072
v -0.08785537 0.1366846 -0.2610072
v -0.09818974 0.1411136 -0.2610221
v -0.09384167 0.1411135 -0.2610219
v -0.04962629 0.1411136 -0.2610202
v -0.03748554 0.1411135 -0.2610198
v -0.0981999 0.1410821 0.03078334
v -0.09819987 0.141082 0.02836138
v -0.04963657 0.141082 0.03078504
v -0.09385213 0.1410819 0.03078352
v -0.03749567 0.1410821 0.03078541
v -0.0981898 0.141113 -0.2564358
v -0.0981898 0.1411133 -0.2585998
v -0.08953699 0.1411136 -0.2610216
v -0.08785537 0.1411134 -0.2610216
v -0.03748757 0.1425196 -0.2610242
v -0.09819567 0.1425189 -0.2564402
v 0.09252995 0.1315648 -0.2609842
v 0.09602493 0.1315649 -0.2609841
v 0.09600925 0.1301132 0.02833059
v 0.09600946 0.1301137 0.0239259
v 0.09601504 0.1315341 0.02393045
v 0.09601483 0.1315337 0.02833524
v 0.09602988 0.1352527 0.03076978
v 0.09253442 0.1352525 0.03076962
v 0.0925197 0.1315333 0.03075677
v 0.09601468 0.1315335 0.03075685
v 0.09604013 0.1352842 -0.2609963
v 0.09604013 0.1352838 -0.2585745
v 0.09602481 0.1315649 -0.2585625
v 0.07772169 0.1352842 -0.2609968
v 0.09254467 0.1352842 -0.2609963
v 0.07772142 0.1315648 -0.2609848
v 0.04746801 0.1301132 0.03075029
v 0.04747063 0.1315335 0.03075522
v 0.07604024 0.135284 -0.2609968
v 0.07604018 0.1315649 -0.2609848
v 0.04748854 0.1352843 -0.260998
v 0.04748085 0.1315647 -0.2609858
v 0.09599537 0.1267318 0.02391469
v 0.09603021 0.1352535 0.02394277
v 0.09603006 0.135253 0.02834816
v 0.04747838 0.1352526 0.03076795
v 0.09603578 0.1366583 0.03077456
v 0.09253997 0.1366588 0.0307745
v 0.09604591 0.1366903 -0.2610009
v 0.09604582 0.1366901 -0.2585791
v 0.07772139 0.1366903 -0.2610014
v 0.09255025 0.1366903 -0.2610009
v 0.04749131 0.1366904 -0.2610024
v 0.07604024 0.1366906 -0.2610016
v 0.09603608 0.136659 0.02394751
v 0.09603584 0.1366588 0.0283528
v 0.04748127 0.1366585 0.03077289
v 0.09605354 0.140987 0.03078969
v 0.0925571 0.140987 0.03078955
v 0.09606373 0.1410184 -0.261015
v 0.09606352 0.1410185 -0.2585928
v 0.07772139 0.1410187 -0.2610154
v 0.09256744 0.1410186 -0.2610149
v 0.07604024 0.141019 -0.2610155
v 0.0475004 0.1410185 -0.2610165
v 0.09605393 0.1409879 0.0239618
v 0.09605372 0.1409873 0.02836753
v 0.04749024 0.1409867 0.03078786
v 0.07772154 0.142484 -0.2610201
v 0.04750347 0.1424843 -0.2610215
v 0.07604024 0.1424841 -0.2610204
v 0.09605983 0.1424532 0.0239667
v -0.09224495 0.09345239 0.02939825
v -0.09651762 0.09345251 0.02939819
v 0.09094608 0.09348413 -0.2596406
v 0.09438181 0.09348392 -0.2596403
v 0.0108577 0.09345242 0.02940188
v -0.001072884 0.09345251 0.02940153
v -0.03686476 0.09345257 0.02940026
v -0.04879549 0.09345254 0.02939987
v -0.09650776 0.1273606 -0.2551005
v -0.09650773 0.09844866 -0.2551037
v -0.09650773 0.09844932 -0.2572474
v 0.09437206 0.1273301 0.02264526
v 0.09437189 0.09841889 0.02264211
v 0.09437174 0.09841847 0.02700622
v -0.02493402 0.09345251 0.02940063
v 0.02278832 0.09345239 0.02940238
v -0.092235 0.09348381 -0.2596469
v 0.03471875 0.09345263 0.02940273
v -0.01300344 0.09345242 0.02940108
v -0.09650794 0.09348321 -0.2551041
v 0.09437212 0.09345311 0.02264145
v 0.09437197 0.1470311 0.0226474
v 0.09437186 0.1429579 0.02264687
v 0.09437174 0.1429576 0.02701111
v 0.09437162 0.1415489 0.02941009
v 0.09093592 0.1415485 0.02940992
v 0.09438175 0.14158 -0.2596352
v 0.09438172 0.1415796 -0.2572361
v 0.04664943 0.1429568 0.02940845
v 0.07772145 0.14158 -0.2596358
v 0.09094605 0.1415798 -0.2596353
v 0.09437206 0.1415493 0.02264687
v 0.09437174 0.141549 0.02701087
v 0.04664928 0.1415486 0.02940843
v 0.09437183 0.1373968 0.02940962
v 0.09093603 0.1373971 0.02940941
v 0.09438181 0.1374283 -0.2596359
v 0.09438172 0.137428 -0.2572364
v 0.07772124 0.1374284 -0.2596363
v 0.09094605 0.1374283 -0.2596357
v 0.09437206 0.1373975 0.02264629
v 0.09437183 0.1373969 0.0270105
v 0.04664934 0.1373967 0.02940787
v 0.09437183 0.1358066 0.02940942
v 0.09093586 0.1358066 0.02940929
v 0.09438181 0.1358376 -0.2596359
v 0.09438172 0.1358375 -0.2572367
v 0.07772145 0.135838 -0.2596365
v 0.09094605 0.1358378 -0.2596358
v 0.09437186 0.1358073 0.0226461
v 0.09437197 0.1358067 0.02701029
v 0.04664934 0.1358063 0.02940787
v 0.09437171 0.1320145 0.02940898
v 0.09093589 0.1320145 0.02940884
v 0.09438184 0.1320457 -0.2596362
v 0.09438184 0.1320454 -0.2572371
v 0.07772133 0.1320457 -0.2596369
v 0.09094605 0.1320457 -0.2596363
v 0.094372 0.132015 0.02264576
v 0.09437186 0.1320146 0.02700981
v 0.04664937 0.1320141 0.0294074
v 0.07772151 0.1306387 -0.2596369
v 0.09437191 0.130608 0.02264555
v 0.07772142 0.1273608 -0.2596373
v 0.04665956 0.1306874 -0.2596381
v 0.07604012 0.1306875 -0.2596371
v 0.07603991 0.1320766 -0.2596369
v 0.0466595 0.1320767 -0.259638
v 0.04665941 0.1273609 -0.2596384
v 0.07604018 0.1273608 -0.2596375
v 0.07604009 0.1358108 -0.2596365
v 0.0466595 0.1358108 -0.2596375
v 0.07604009 0.1371975 -0.2596364
v 0.04665932 0.1371977 -0.2596375
v 0.07604009 0.1415581 -0.2596357
v 0.04665947 0.1415578 -0.259637
v 0.07772124 0.1374284 -0.2596363
v 0.07772145 0.14158 -0.2596358
v 0.07772133 0.1320457 -0.2596369
v 0.07772145 0.135838 -0.2596365
v -0.096508 0.147061 -0.2550984
v -0.09650779 0.1429338 -0.2550989
v -0.09650761 0.1429338 -0.2572426
v -0.09650776 0.1415383 -0.2596419
v -0.09223497 0.1415381 -0.2596416
v -0.03686497 0.1429028 0.02940561
v -0.09651795 0.1415072 0.02940342
v -0.09651738 0.1415071 0.02700433
v -0.08953705 0.1470615 -0.2596411
v -0.08953705 0.1429343 -0.2596415
v -0.04879543 0.141507 0.02940515
v -0.0922451 0.1415069 0.0294036
v -0.09650776 0.1415378 -0.2550989
v -0.0965077 0.1415381 -0.2572427
v -0.03686485 0.141507 0.0294055
v -0.08953711 0.1415382 -0.2596416
v -0.0965077 0.1371126 -0.2596424
v -0.09223497 0.1371126 -0.2596421
v -0.09651783 0.1370813 0.02940294
v -0.09651759 0.1370815 0.02700391
v -0.04879531 0.1370812 0.02940455
v -0.0922451 0.1370813 0.02940303
v -0.09650779 0.1371125 -0.2550995
v -0.09650761 0.1371126 -0.2572432
v -0.03686485 0.1370813 0.02940506
v -0.08953705 0.1371128 -0.2596421
v -0.09650761 0.1357555 -0.2596424
v -0.09223497 0.1357557 -0.2596424
v -0.09651774 0.1357241 0.02940273
v -0.09651759 0.1357243 0.02700363
v -0.04879543 0.135724 0.02940439
v -0.0922451 0.135724 0.02940291
v -0.09650779 0.1357552 -0.2550997
v -0.0965077 0.1357553 -0.2572433
v -0.03686485 0.1357239 0.02940494
v -0.08953711 0.1357554 -0.2596422
v -0.09650776 0.1317881 -0.2596429
v -0.09223491 0.131788 -0.2596428
v -0.09651774 0.1317566 0.02940235
v -0.09651759 0.1317567 0.02700324
v -0.04879537 0.1317566 0.029404
v -0.09224525 0.1317568 0.02940251
v -0.09650785 0.1317874 -0.2551
v -0.09650773 0.1317875 -0.2572437
v -0.03686473 0.1317566 0.02940439
v -0.08953702 0.131788 -0.2596426
v -0.09650782 0.1302912 -0.2551003
v -0.04878542 0.1358506 -0.2596408
v -0.03685468 0.1358508 -0.2596405
v -0.03685492 0.1371138 -0.2596402
v -0.04878542 0.1371136 -0.2596408
v -0.04878536 0.1415973 -0.2596402
v -0.0878554 0.1415974 -0.2596416
v -0.08785546 0.1371139 -0.259642
v -0.08785537 0.1358507 -0.2596422
v -0.04878533 0.1317669 -0.2596413
v -0.03685465 0.1317669 -0.2596409
v -0.03685468 0.1415975 -0.2596397
v -0.08785546 0.142996 -0.2596414
v -0.08785549 0.1317671 -0.2596426
v -0.03685465 0.1303562 -0.2596411
v -0.03685459 0.1273606 -0.2596413
v -0.08953711 0.1415382 -0.2596416
v -0.08953705 0.1371128 -0.2596421
v -0.08953711 0.1357554 -0.2596422
v -0.08953702 0.131788 -0.2596426
v -0.09650767 0.1667616 -0.2550963
v -0.09829491 0.1667619 -0.2565165
v -0.09651753 0.1667315 0.02434221
v -0.09821326 0.1467621 -0.2564535
v -0.09800285 0.09308842 0.02551015
v -0.04878545 0.0879589 -0.2551033
v -0.04952481 0.08673102 0.02549057
v -0.09802359 0.09813103 0.02552709
v -0.09815377 0.1298466 0.02563334
v -0.0981597 0.1313293 0.02563848
v -0.09817609 0.1353196 0.0256518
v -0.09818155 0.1366535 0.02565631
v -0.0981997 0.1410822 0.02567096
v -0.09651759 0.09841865 0.0243348
v -0.0965175 0.1429034 0.02433963
v -0.09651762 0.1470308 0.02434008
v -0.09651762 0.1415077 0.02433939
v -0.0965175 0.137082 0.02433886
v -0.0965175 0.1357245 0.0243389
v -0.0965175 0.1317572 0.02433833
v 0.09583133 0.08673149 0.02378201
v 0.03472847 0.08795896 -0.2535315
v 0.03526619 0.08673143 0.02377982
v 0.09607717 0.1467314 0.02398096
v 0.0961594 0.1667315 0.02404721
v 0.09438154 0.1667618 -0.253521
v 0.09438163 0.1645181 -0.2535213
v 0.09437194 0.164488 0.02264933
v 0.09437194 0.1667319 0.02264948
v 0.09586713 0.093119 -0.254696
v 0.09588751 0.098162 -0.2547119
v 0.09601885 0.1301441 -0.2548113
v 0.09602466 0.1315641 -0.2548158
v 0.09603992 0.1352838 -0.2548273
v 0.09604552 0.1366897 -0.2548316
v 0.09606346 0.1410182 -0.2548452
v 0.09438163 0.09844896 -0.2535285
v 0.09438142 0.147061 -0.2535232
v 0.09438172 0.1429879 -0.2535237
v 0.09438166 0.1415792 -0.2535237
v 0.09438166 0.1374276 -0.2535242
v 0.09438166 0.1358369 -0.2535242
v 0.09438145 0.1320449 -0.2535247
v -0.0965175 0.1644879 0.02434194
v -0.09650782 0.164518 -0.2550965
v 0.03472885 0.1273609 -0.259639
v 0.0353376 0.1267627 -0.2609706
v 0.03536823 0.1467628 -0.2610357
v 0.03472877 0.1470619 -0.2596367
v -0.03412241 0.1635682 -0.1151171
v -0.03471094 0.1638119 -0.1151171
v -0.03483337 0.1642229 -0.2535225
v -0.03424484 0.1639885 -0.2535862
v -0.03495476 0.1644006 -0.115117
v -0.03507715 0.1647891 -0.2533677
v -0.03471088 0.1649892 -0.115117
v -0.03483334 0.1653548 -0.2532128
v -0.03412244 0.1652331 -0.1151169
v -0.03424489 0.1655898 -0.2531489
v -0.03412244 0.1652331 -0.1151169
v -0.03353384 0.1649893 -0.1151169
v -0.03365609 0.1653551 -0.2532128
v -0.03424489 0.1655898 -0.2531489
v -0.03329012 0.1644006 -0.115117
v -0.03341222 0.1647889 -0.2533675
v -0.03353384 0.163812 -0.115117
v -0.03365618 0.1642229 -0.2535223
v -0.03411779 0.1643357 -0.2538017
v -0.03470618 0.1645783 -0.2537813
v -0.03470612 0.1645764 -0.2553593
v -0.03411764 0.1643326 -0.2553593
v -0.03494993 0.1651649 -0.2537322
v -0.03494987 0.1651649 -0.2553593
v -0.03470609 0.1657512 -0.2536829
v -0.03470597 0.1657534 -0.2553591
v -0.0341177 0.165994 -0.2536623
v -0.03411749 0.1659973 -0.2553591
v -0.0341177 0.165994 -0.2536623
v -0.03352883 0.1657512 -0.2536827
v -0.03352877 0.1657537 -0.2553592
v -0.03411749 0.1659973 -0.2553591
v -0.03328526 0.1651649 -0.2537321
v -0.0332852 0.1651651 -0.2553592
v -0.03352904 0.1645787 -0.2537813
v -0.03352898 0.1645764 -0.2553592
v -0.03409749 0.1642294 -0.2537549
v -0.03469113 0.1644593 -0.2537365
v -0.03494874 0.1650322 -0.2536343
v -0.03471953 0.1656116 -0.2535081
v -0.0341377 0.1658589 -0.2534319
v -0.0341377 0.1658589 -0.2534319
v -0.03354415 0.1656285 -0.2534504
v -0.03328624 0.1650556 -0.2535526
v -0.03351566 0.164476 -0.2536787
v -0.03425431 0.1639585 0.02335221
v -0.03484288 0.1641929 0.02328809
v -0.03508675 0.1647592 0.02313364
v -0.03484297 0.1653253 0.02297898
v -0.03425443 0.1655597 0.0229149
v -0.03425443 0.1655597 0.0229149
v -0.03366569 0.1653252 0.02297901
v -0.0334219 0.1647591 0.02313368
v -0.03366569 0.1641932 0.02328809
v -0.03412724 0.1643057 0.02356768
v -0.03412738 0.1643023 0.02512535
v -0.03471562 0.1645461 0.02512537
v -0.03471577 0.1645486 0.02354741
v -0.03495976 0.1651349 0.02512531
v -0.03495964 0.1651349 0.02349813
v -0.03471577 0.1657234 0.02512537
v -0.03471586 0.165721 0.02344887
v -0.03412727 0.1659671 0.02512547
v -0.03412712 0.1659637 0.02342872
v -0.03412712 0.1659637 0.02342872
v -0.03412727 0.1659671 0.02512547
v -0.03353852 0.1657233 0.0251255
v -0.03353852 0.1657211 0.02344894
v -0.03329486 0.1651347 0.0251254
v -0.03329474 0.1651348 0.02349801
v -0.03353873 0.1645462 0.02512546
v -0.03353852 0.1645486 0.02354741
v -0.03410709 0.1641992 0.02352078
v -0.03470075 0.1644292 0.02350235
v -0.03495833 0.165002 0.02340026
v -0.03472909 0.1655816 0.02327438
v -0.03414738 0.1658286 0.0231984
v -0.03414738 0.1658286 0.0231984
v -0.03355375 0.1655987 0.02321659
v -0.03329578 0.1650257 0.02331878
v -0.03352529 0.1644459 0.02344482
v 0.0466592 0.1273611 -0.2596384
v 0.04747084 0.1267626 -0.2609702
v 0.03533736 0.126763 -0.2609705
v 0.03472859 0.1273611 -0.2596389
v 0.04665944 0.1273611 -0.2596383
v 0.04665947 0.1470621 -0.2596361
v 0.0475122 0.1467626 -0.2610351
v 0.04747108 0.1267625 -0.2609701
v 0.01086769 0.127361 -0.2596398
v 0.0110707 0.1267624 -0.2609715
v 0.01108083 0.1467624 -0.2610366
v 0.01086771 0.147062 -0.2596377
v 0.02279839 0.1273609 -0.2596394
v 0.02320412 0.1267624 -0.2609712
v 0.0110707 0.1267623 -0.2609717
v 0.01086769 0.1273608 -0.2596398
v 0.02279833 0.1273609 -0.2596393
v 0.02279839 0.1470615 -0.2596371
v 0.02322474 0.1467623 -0.2610361
v 0.02320409 0.1267624 -0.2609711
v -0.01299348 0.1273608 -0.2596406
v -0.01319626 0.1267626 -0.2609723
v -0.01320663 0.1467624 -0.2610373
v -0.01299345 0.1470616 -0.2596384
v -0.01299348 0.1273608 -0.2596405
v -0.00106284 0.1273607 -0.25964
v -0.001062691 0.1267624 -0.2609718
v -0.01319626 0.1267626 -0.2609723
v -0.001062721 0.1273607 -0.25964
v -0.001062721 0.1470617 -0.2596378
v -0.001062721 0.1467626 -0.2610368
v -0.001062632 0.1267624 -0.2609717
v -0.03685465 0.1273606 -0.2596413
v -0.03746349 0.1267625 -0.2609731
v -0.03749412 0.1467625 -0.2610381
v -0.03685468 0.1470617 -0.2596391
v -0.03685465 0.1273606 -0.2596416
v -0.02492392 0.1273608 -0.2596412
v -0.02532995 0.1267622 -0.260973
v -0.03746349 0.1267624 -0.2609733
v -0.04133657 0.1635682 -0.1151173
v -0.04192516 0.1638118 -0.1151174
v -0.04204732 0.1642229 -0.2535226
v -0.04145879 0.1639884 -0.2535864
v -0.0421688 0.1644005 -0.1151173
v -0.0422911 0.1647888 -0.2533678
v -0.0419251 0.1649891 -0.1151172
v -0.04204732 0.1653549 -0.253213
v -0.04133654 0.1652329 -0.1151171
v -0.04145887 0.1655895 -0.2531492
v -0.04133654 0.1652329 -0.1151171
v -0.04074818 0.1649893 -0.1151171
v -0.04087022 0.1653547 -0.253213
v -0.04145887 0.1655895 -0.2531492
v -0.04050413 0.1644002 -0.1151171
v -0.04062656 0.1647887 -0.2533677
v -0.04074794 0.1638119 -0.1151172
v -0.04087034 0.1642229 -0.2535224
v -0.04133165 0.1643355 -0.2538021
v -0.04192042 0.1645783 -0.2537816
v -0.04192016 0.164576 -0.2553596
v -0.04133153 0.1643326 -0.2553596
v -0.042164 0.1651648 -0.2537323
v -0.04216394 0.1651648 -0.2553594
v -0.04192045 0.165751 -0.2536829
v -0.0419203 0.1657532 -0.2553595
v -0.04133183 0.1659938 -0.2536625
v -0.04133159 0.1659975 -0.2553594
v -0.04133183 0.1659938 -0.2536625
v -0.04074326 0.165751 -0.2536829
v -0.04074308 0.1657535 -0.2553593
v -0.04133159 0.1659975 -0.2553594
v -0.04049933 0.1651646 -0.2537323
v -0.04049924 0.1651648 -0.2553594
v -0.04074326 0.1645783 -0.2537814
v -0.04074308 0.1645762 -0.2553594
v -0.0413115 0.1642291 -0.2537554
v -0.04190519 0.1644594 -0.2537366
v -0.04216316 0.1650319 -0.2536344
v -0.04193354 0.1656117 -0.2535084
v -0.0413518 0.1658588 -0.2534322
v -0.0413518 0.1658588 -0.2534322
v -0.04075819 0.1656286 -0.2534505
v -0.04050052 0.1650555 -0.2535529
v -0.04072979 0.1644759 -0.2536792
v -0.04146847 0.1639585 0.02335191
v -0.04205686 0.1641931 0.02328786
v -0.04230073 0.1647588 0.02313349
v -0.04205686 0.1653252 0.02297884
v -0.04146847 0.1655597 0.02291472
v -0.04146847 0.1655597 0.02291472
v -0.04087996 0.1653249 0.02297886
v -0.04063612 0.1647591 0.02313349
v -0.04087996 0.1641931 0.02328786
v -0.04134127 0.1643056 0.02356751
v -0.04134133 0.1643023 0.0251251
v -0.04193005 0.1645457 0.02512512
v -0.04192999 0.1645481 0.02354726
v -0.04217383 0.1651347 0.02512522
v -0.04217368 0.1651351 0.02349783
v -0.04192999 0.1657231 0.02512524
v -0.04192999 0.1657209 0.02344868
v -0.04134133 0.1659672 0.02512527
v -0.04134133 0.1659638 0.02342847
v -0.04134133 0.1659638 0.02342847
v -0.04134133 0.1659672 0.02512527
v -0.04075286 0.1657232 0.02512528
v -0.04075271 0.1657211 0.02344866
v -0.04050902 0.1651346 0.02512522
v -0.0405089 0.1651345 0.02349792
v -0.04075271 0.1645462 0.02512521
v -0.0407528 0.1645485 0.02354716
v -0.04132113 0.164199 0.02352056
v -0.04191473 0.1644291 0.02350205
v -0.04217273 0.1650019 0.02340016
v -0.04194331 0.1655818 0.02327415
v -0.0413613 0.1658288 0.02319816
v -0.0413613 0.1658288 0.02319816
v -0.04076773 0.1655985 0.02321634
v -0.04051012 0.1650256 0.02331856
v -0.04073939 0.1644458 0.02344453
v -0.02492395 0.1273607 -0.259641
v -0.02492389 0.1470615 -0.2596388
v -0.02535027 0.1467622 -0.2610378
v -0.02532995 0.1267621 -0.2609728
v -0.001072824 0.1273296 0.02940522
v -0.001072735 0.1267305 0.0307368
v -0.001072854 0.1467308 0.03080609
v -0.001072764 0.1470301 0.02940735
v -0.01300347 0.1273294 0.02940498
v -0.01320636 0.1267309 0.03073645
v -0.001072735 0.1267304 0.03073695
v -0.001072824 0.1273295 0.02940536
v -0.01300374 0.1273294 0.02940483
v -0.01300368 0.1470303 0.02940691
v -0.01321703 0.146731 0.03080578
v -0.0132066 0.1267309 0.03073637
v 0.02278814 0.1273297 0.02940598
v 0.02319399 0.1267308 0.03073762
v 0.02321443 0.146731 0.03080705
v 0.02278826 0.1470306 0.02940814
v 0.02278811 0.1273296 0.02940601
v 0.01085731 0.1273297 0.02940558
v 0.01106039 0.1267308 0.03073721
v 0.0231939 0.1267307 0.03073758
v 0.0108574 0.1273296 0.02940549
v 0.01085758 0.1470303 0.02940764
v 0.01107058 0.1467307 0.03080641
v 0.01106051 0.1267307 0.03073716
v 0.04664937 0.1273296 0.02940685
v 0.04746085 0.1267312 0.03073844
v 0.04750201 0.146731 0.03080781
v 0.04664943 0.1470303 0.02940892
v 0.04664937 0.1273296 0.02940677
v 0.03471869 0.1273298 0.0294064
v 0.03532737 0.126731 0.03073795
v 0.04746088 0.1267312 0.03073843
v 0.03471869 0.1273297 0.0294064
v 0.03471875 0.1470306 0.02940851
v 0.03535804 0.146731 0.03080733
v 0.03532726 0.1267309 0.03073794
v -0.04855061 0.1635683 -0.1151176
v -0.04913896 0.163812 -0.1151176
v -0.04926136 0.1642228 -0.2535227
v -0.04867265 0.1639882 -0.2535866
v -0.04938293 0.1644005 -0.1151175
v -0.04950508 0.1647888 -0.253368
v -0.04913905 0.1649889 -0.1151174
v -0.04926136 0.1653552 -0.2532132
v -0.04855049 0.1652329 -0.1151175
v -0.04867265 0.1655894 -0.2531493
v -0.04855049 0.1652329 -0.1151175
v -0.04796171 0.1649893 -0.1151174
v -0.04808432 0.1653551 -0.2532132
v -0.04867265 0.1655894 -0.2531493
v -0.04771787 0.1644004 -0.1151174
v -0.04784039 0.1647891 -0.253368
v -0.04796186 0.1638121 -0.1151176
v -0.04808417 0.1642228 -0.2535227
v -0.04854569 0.1643356 -0.2538023
v -0.04913414 0.1645784 -0.2537817
v -0.04913408 0.1645761 -0.2553599
v -0.04854584 0.1643326 -0.2553599
v -0.04937804 0.1651649 -0.2537326
v -0.04937792 0.1651649 -0.2553596
v -0.04913425 0.1657511 -0.2536831
v -0.04913408 0.1657535 -0.2553595
v -0.0485459 0.1659938 -0.2536628
v -0.04854563 0.1659974 -0.2553595
v -0.0485459 0.1659938 -0.2536628
v -0.04795697 0.1657511 -0.2536831
v -0.047957 0.1657535 -0.2553597
v -0.04854563 0.1659974 -0.2553595
v -0.04771322 0.1651649 -0.2537326
v -0.04771298 0.1651651 -0.2553597
v -0.04795706 0.1645783 -0.2537817
v -0.04795691 0.1645764 -0.2553596
v -0.04852554 0.1642289 -0.2537556
v -0.049119 0.1644593 -0.2537369
v -0.04937685 0.165032 -0.2536347
v -0.04914773 0.1656116 -0.2535085
v -0.04856583 0.1658587 -0.2534323
v -0.04856583 0.1658587 -0.2534323
v -0.04797211 0.1656286 -0.2534509
v -0.04771435 0.1650559 -0.2535532
v -0.04794359 0.1644759 -0.2536793
v -0.04868233 0.1639583 0.02335168
v -0.0492709 0.1641931 0.02328755
v -0.04951477 0.1647591 0.0231331
v -0.04927099 0.1653253 0.02297857
v -0.04868218 0.1655596 0.02291453
v -0.04868218 0.1655596 0.02291453
v -0.04809386 0.1653253 0.02297859
v -0.04784992 0.164759 0.02313325
v -0.04809365 0.1641927 0.02328762
v -0.04855537 0.1643054 0.02356726
v -0.04855528 0.1643022 0.02512485
v -0.04914388 0.164546 0.02512497
v -0.04914394 0.1645485 0.02354693
v -0.04938757 0.1651348 0.02512491
v -0.04938772 0.1651349 0.02349758
v -0.04914382 0.1657231 0.02512495
v -0.04914382 0.1657212 0.02344854
v -0.04855537 0.1659674 0.02512501
v -0.04855528 0.1659638 0.02342819
v -0.04855528 0.1659638 0.02342819
v -0.04855537 0.1659674 0.02512501
v -0.0479669 0.1657234 0.02512503
v -0.04796654 0.1657207 0.0234485
v -0.04772297 0.1651348 0.02512497
v -0.04772273 0.1651348 0.0234976
v -0.04796666 0.164546 0.025125
v -0.04796675 0.1645484 0.02354687
v -0.04853523 0.1641989 0.02352031
v -0.04912868 0.1644293 0.02350181
v -0.04938638 0.165002 0.02339974
v -0.04915732 0.1655819 0.02327389
v -0.04857552 0.1658286 0.02319781
v -0.04857552 0.1658286 0.02319781
v -0.04798171 0.1655984 0.02321608
v -0.04772404 0.1650255 0.02331831
v -0.04795322 0.1644458 0.02344432
v -0.02493384 0.1273295 0.02940451
v -0.02534008 0.1267306 0.03073606
v -0.02536032 0.1467311 0.03080541
v -0.02493414 0.1470304 0.02940659
v -0.03686473 0.1273295 0.02940373
v -0.03747371 0.1267305 0.03073511
v -0.0253402 0.1267305 0.03073566
v -0.02493393 0.1273294 0.02940421
v -0.03686464 0.1273297 0.0294039
v -0.03686461 0.1470304 0.02940598
v -0.03750429 0.146731 0.03080474
v -0.03747362 0.1267307 0.03073533
v -0.0707908 0.1820432 0.1682748
v -0.07020232 0.1817997 0.1682748
v -0.07030287 0.1820977 0.27411
v -0.07089147 0.1823343 0.274061
v -0.07103458 0.1826317 0.168275
v -0.07113549 0.1829057 0.273943
v -0.0707908 0.1832202 0.1682749
v -0.07089162 0.1834774 0.2738249
v -0.07020211 0.1834641 0.1682749
v -0.07030302 0.1837139 0.2737759
v -0.06961361 0.1832205 0.1682749
v -0.07020211 0.1834641 0.1682749
v -0.07030302 0.1837139 0.2737759
v -0.06971431 0.1834773 0.273825
v -0.06936994 0.182632 0.168275
v -0.06947049 0.182906 0.2739432
v -0.06961349 0.1820432 0.1682748
v -0.06971431 0.182334 0.2740612
v -0.07088673 0.1823652 0.05990516
v -0.07029814 0.1821284 0.05985521
v -0.07113045 0.1829363 0.0600263
v -0.07088673 0.1835073 0.06014772
v -0.07029814 0.1837436 0.06019779
v -0.06970945 0.1835073 0.06014773
v -0.07029814 0.1837436 0.06019779
v -0.0694657 0.1829361 0.06002651
v -0.06970924 0.1823652 0.05990522
v -0.06357688 0.1820431 0.168275
v -0.06298813 0.1817994 0.1682751
v -0.06308892 0.1820974 0.2740956
v -0.06367764 0.1823341 0.2740467
v -0.06382063 0.182632 0.1682752
v -0.06392121 0.1829058 0.2739289
v -0.06357673 0.1832202 0.1682752
v -0.06367746 0.1834772 0.2738106
v -0.06298792 0.1834639 0.1682753
v -0.06308892 0.1837134 0.2737618
v -0.06239969 0.1832203 0.1682752
v -0.06298792 0.1834639 0.1682753
v -0.06308892 0.1837134 0.2737618
v -0.06250024 0.183477 0.2738107
v -0.06215575 0.1826319 0.1682753
v -0.06225646 0.1829056 0.2739289
v -0.06239966 0.1820431 0.1682752
v -0.06250045 0.1823342 0.2740468
v -0.06367248 0.1823652 0.05989642
v -0.06308395 0.1821286 0.05984646
v -0.0639163 0.182936 0.0600175
v -0.06367254 0.1835068 0.06013876
v -0.06308377 0.1837435 0.06018881
v -0.06249547 0.183507 0.06013878
v -0.06308377 0.1837435 0.06018881
v -0.06225157 0.182936 0.06001756
v -0.06249538 0.182365 0.05989641
v -0.05636299 0.1820433 0.1682755
v -0.0557743 0.1817994 0.1682753
v -0.05587509 0.1820976 0.2741016
v -0.05646354 0.1823343 0.2740523
v -0.05660659 0.1826319 0.1682754
v -0.05670732 0.1829058 0.2739344
v -0.05636269 0.1832204 0.1682755
v -0.05646345 0.1834772 0.2738162
v -0.05577415 0.1834642 0.1682755
v -0.05587521 0.1837138 0.2737674
v -0.05518577 0.1832204 0.1682754
v -0.05577415 0.1834642 0.1682755
v -0.05587521 0.1837138 0.2737674
v -0.05528641 0.1834771 0.2738163
v -0.05494192 0.1826318 0.1682754
v -0.05504268 0.1829058 0.2739344
v -0.05518585 0.1820433 0.1682755
v -0.05528641 0.1823341 0.2740524
v -0.05645862 0.1823651 0.05987899
v -0.05587006 0.1821285 0.05982903
v -0.05670232 0.182936 0.06000033
v -0.05645853 0.1835071 0.06012148
v -0.05587018 0.1837436 0.06017147
v -0.05528134 0.1835069 0.06012166
v -0.05587018 0.1837436 0.06017147
v -0.0550378 0.1829357 0.06000048
v -0.0552814 0.1823651 0.05987914
v -0.04914898 0.1820432 0.1682759
v -0.0485605 0.1817995 0.1682757
v -0.04866126 0.1820979 0.2742513
v -0.04924977 0.1823348 0.2742023
v -0.04939264 0.1826317 0.1682759
v -0.0494937 0.1829064 0.2740842
v -0.04914871 0.1832206 0.1682759
v -0.04924977 0.1834776 0.2739657
v -0.04856038 0.1834645 0.168276
v -0.04866111 0.1837144 0.2739168
v -0.04797167 0.1832203 0.1682761
v -0.04856038 0.1834645 0.168276
v -0.04866111 0.1837144 0.2739168
v -0.04807261 0.1834774 0.273966
v -0.04772785 0.1826319 0.168276
v -0.04782888 0.1829062 0.2740842
v -0.04797164 0.1820434 0.1682758
v -0.04807258 0.1823349 0.2742024
v -0.0492444 0.1823647 0.05994569
v -0.04865596 0.1821284 0.05989569
v -0.04948848 0.1829356 0.06006679
v -0.0492444 0.1835063 0.06018767
v -0.04865599 0.1837435 0.06023784
v -0.04806721 0.1835067 0.06018779
v -0.04865599 0.1837435 0.06023784
v -0.04782343 0.1829358 0.06006694
v -0.04806724 0.1823648 0.0599457
v -0.04193485 0.1820429 0.1682761
v -0.04134619 0.1817995 0.1682761
v -0.04144707 0.1820979 0.2741788
v -0.04203558 0.1823345 0.2741297
v -0.04217857 0.1826318 0.1682762
v -0.04227915 0.1829058 0.2740117
v -0.04193479 0.1832203 0.1682763
v -0.04203573 0.1834773 0.2738935
v -0.04134628 0.1834641 0.1682762
v -0.04144695 0.1837141 0.2738443
v -0.04075775 0.1832204 0.1682762
v -0.04134628 0.1834641 0.1682762
v -0.04144695 0.1837141 0.2738443
v -0.04085836 0.183477 0.2738935
v -0.04051381 0.1826318 0.1682762
v -0.04061458 0.1829061 0.2740117
v -0.04075769 0.1820433 0.1682761
v -0.04085851 0.1823342 0.2741298
v -0.04203036 0.1823655 0.05980901
v -0.04144186 0.1821284 0.0597591
v -0.04227439 0.1829361 0.05993046
v -0.04203045 0.1835072 0.06005166
v -0.04144207 0.1837434 0.06010179
v -0.04085356 0.183507 0.06005184
v -0.04144207 0.1837434 0.06010179
v -0.04060963 0.182936 0.05993037
v -0.04085341 0.1823654 0.0598091
v -0.0347209 0.1820433 0.1682763
v -0.0341326 0.1817995 0.1682764
v -0.03423315 0.1820975 0.2739984
v -0.03482166 0.182334 0.2739497
v -0.03496477 0.1826317 0.1682764
v -0.03506544 0.1829056 0.2738317
v -0.0347209 0.1832206 0.1682764
v -0.03482166 0.183477 0.2737138
v -0.03413251 0.1834642 0.1682764
v -0.03423306 0.1837134 0.2736648
v -0.03354385 0.1832206 0.1682763
v -0.03413251 0.1834642 0.1682764
v -0.03423306 0.1837134 0.2736648
v -0.03364453 0.1834773 0.2737138
v -0.03330028 0.1826319 0.1682764
v -0.03340057 0.1829053 0.2738318
v -0.03354385 0.1820433 0.1682763
v -0.03364453 0.182334 0.2739497
v -0.03481668 0.1823648 0.05987109
v -0.0342283 0.1821283 0.05982111
v -0.0350607 0.182936 0.05999239
v -0.03481683 0.1835068 0.06011361
v -0.03422818 0.1837434 0.06016365
v -0.0336397 0.1835071 0.06011368
v -0.03422818 0.1837434 0.06016365
v -0.03339577 0.182936 0.05999249
v -0.0336397 0.1823649 0.05987109
v 0.09560686 0.134181 0.0287291
v 0.09560713 0.1341816 0.02187011
v 0.08562365 0.1341814 0.02186978
v 0.08562338 0.1341807 0.02872878
v 0.09560728 0.1341823 0.0150108
v 0.08562371 0.1351032 0.01501058
v 0.09560758 0.1341829 0.00815171
v 0.08585209 0.1375616 0.008133382
v 0.09560779 0.1341839 0.001292586
v 0.08570722 0.1348233 0.001184389
v 0.09560806 0.1341848 -0.005566597
v 0.08562458 0.1342439 -0.00556691
v 0.09560829 0.1341853 -0.01242565
v 0.08562475 0.1342036 -0.01242605
v 0.09560856 0.134186 -0.01928493
v 0.08562487 0.1371188 -0.01928492
v 0.0956088 0.1341869 -0.02614388
v 0.08562523 0.134332 -0.02614427
v 0.09560916 0.1341873 -0.03300317
v 0.08562544 0.1341876 -0.03300357
v 0.09560934 0.1341884 -0.03986222
v 0.08562571 0.1341884 -0.03986255
v 0.09560958 0.134189 -0.04672131
v 0.08562598 0.1341889 -0.04672164
v 0.09560972 0.1341897 -0.05358057
v 0.08562616 0.1341897 -0.05358087
v 0.09561002 0.1341904 -0.06043962
v 0.08562636 0.1341905 -0.06043994
v 0.09561029 0.1341911 -0.06729887
v 0.08562666 0.1341911 -0.0672992
v 0.09561047 0.1341918 -0.07415792
v 0.08562693 0.1341916 -0.07415833
v 0.09561074 0.1341927 -0.08101694
v 0.08562726 0.1341926 -0.08101736
v 0.09561107 0.1341933 -0.08787624
v 0.08562753 0.1346652 -0.08787651
v 0.09561116 0.134194 -0.09473529
v 0.0856277 0.1342485 -0.09473573
v 0.09561151 0.1341947 -0.1015946
v 0.08562803 0.1342366 -0.1015949
v 0.09561175 0.1341955 -0.1084536
v 0.08562815 0.1341958 -0.1084539
v 0.09561202 0.1341963 -0.1153127
v 0.08569479 0.137461 -0.1152277
v 0.09561229 0.1341996 -0.122172
v 0.08560959 0.1393035 -0.1220935
v 0.09561253 0.1341978 -0.129031
v 0.08562887 0.1356344 -0.1290312
v 0.09561267 0.1341986 -0.1358902
v 0.08562914 0.1341985 -0.1358905
v 0.09561297 0.1341994 -0.1427494
v 0.08610353 0.1370138 -0.1416494
v 0.0963254 0.1356167 -0.1491933
v 0.08596164 0.1392409 -0.1496859
v 0.09561351 0.1342007 -0.1564676
v 0.08564758 0.1348152 -0.1565206
v 0.0956136 0.1342016 -0.1633267
v 0.08566386 0.1360964 -0.1632238
v 0.09561396 0.1342019 -0.170186
v 0.08580744 0.1388501 -0.1701567
v 0.09561411 0.1342028 -0.177045
v 0.08561844 0.1366217 -0.1770909
v 0.09561437 0.1342036 -0.1839042
v 0.08563077 0.134204 -0.1839046
v 0.09561461 0.1342042 -0.1907633
v 0.08563104 0.1342045 -0.1907637
v 0.09561488 0.134205 -0.1976224
v 0.08563125 0.1342053 -0.1976227
v 0.09561518 0.134206 -0.2044816
v 0.08563149 0.1342061 -0.2044819
v 0.09561542 0.1342065 -0.2113407
v 0.0856317 0.1342065 -0.2113411
v 0.09561574 0.1342071 -0.2181999
v 0.08563209 0.1342076 -0.2182003
v 0.09561586 0.1342082 -0.225059
v 0.08563232 0.134208 -0.2250593
v 0.09561613 0.1342089 -0.2319183
v 0.08563244 0.1342091 -0.2319187
v 0.09561631 0.1342096 -0.2387773
v 0.08563271 0.1352175 -0.2387775
v 0.09561655 0.1342102 -0.2456363
v 0.0856753 0.1357051 -0.2454898
v 0.09561697 0.1346645 -0.2524957
v 0.08563322 0.1369568 -0.2524958
v 0.09573197 0.1347808 -0.2593746
v 0.08584309 0.1359877 -0.2593914
v 0.07563975 0.1346177 0.02186939
v 0.07563949 0.1341808 0.02872849
v 0.07563999 0.1357309 0.01501033
v 0.07565066 0.137014 0.008163005
v 0.07563934 0.136827 0.001290619
v 0.07564074 0.1367014 -0.005566955
v 0.0756411 0.1342746 -0.0124263
v 0.07564119 0.1346307 -0.01928559
v 0.07564145 0.1374374 -0.02614422
v 0.07564178 0.1345646 -0.03300387
v 0.07564202 0.1341885 -0.03986295
v 0.07564217 0.1341891 -0.04672194
v 0.07564253 0.1341898 -0.05358125
v 0.07564268 0.1341903 -0.06044033
v 0.07564291 0.1341913 -0.06729959
v 0.07564321 0.1341918 -0.07415871
v 0.07564345 0.1344405 -0.08101289
v 0.07585675 0.1371897 -0.08737102
v 0.07564393 0.134225 -0.09473595
v 0.07566744 0.1357239 -0.1016158
v 0.07564658 0.1354388 -0.1084465
v 0.07574296 0.1391 -0.1150455
v 0.0756579 0.1374626 -0.1221658
v 0.07564518 0.1341983 -0.1290317
v 0.07564536 0.1341986 -0.1358909
v 0.07578102 0.1401513 -0.142205
v 0.07571545 0.1383834 -0.149675
v 0.07564622 0.1342157 -0.1564683
v 0.07560486 0.1382963 -0.1631706
v 0.07579589 0.1390077 -0.1700772
v 0.0755204 0.1376087 -0.1774467
v 0.075647 0.134231 -0.1839049
v 0.07564726 0.1354981 -0.1907639
v 0.07564762 0.1347757 -0.197623
v 0.0756478 0.1342059 -0.2044823
v 0.07564801 0.1342093 -0.2113414
v 0.07564834 0.1342074 -0.2182006
v 0.07564858 0.1342084 -0.2250598
v 0.07564878 0.1342089 -0.2319191
v 0.07564908 0.1351117 -0.2387774
v 0.0756489 0.1344057 -0.2456329
v 0.07564944 0.1365703 -0.2524961
v 0.07565534 0.1363073 -0.2593562
v 0.06565619 0.1341816 0.02186906
v 0.06565601 0.1343093 0.0287281
v 0.06565639 0.1341824 0.01500972
v 0.06565669 0.1349437 0.008150786
v 0.06565699 0.1342091 0.001291484
v 0.06565714 0.1345518 -0.005567864
v 0.0656611 0.1355639 -0.0126081
v 0.06565771 0.1349646 -0.0192858
v 0.06570804 0.1361434 -0.0260902
v 0.06570339 0.1345141 -0.0330011
v 0.06565833 0.1341884 -0.03986331
v 0.06565869 0.1341887 -0.04672236
v 0.06565899 0.1350183 -0.05358159
v 0.0656592 0.1353716 -0.06044055
v 0.0656594 0.1341909 -0.06729999
v 0.06564897 0.1349205 -0.07395344
v 0.06564921 0.1352961 -0.08101414
v 0.06565997 0.1346352 -0.08787683
v 0.06554708 0.1367041 -0.09477633
v 0.06566066 0.1341947 -0.1015956
v 0.0656608 0.1341955 -0.1084547
v 0.06566101 0.1343851 -0.1153137
v 0.06566137 0.1341969 -0.122173
v 0.06566158 0.1341979 -0.129032
v 0.06566176 0.1341985 -0.1358913
v 0.06565976 0.1360299 -0.1427428
v 0.06566235 0.1346178 -0.1496096
v 0.06566349 0.1342238 -0.1564631
v 0.0654709 0.1362331 -0.1632172
v 0.06490549 0.1384923 -0.170479
v 0.06561747 0.1348191 -0.1772909
v 0.06566358 0.1342082 -0.1839054
v 0.06566375 0.1342198 -0.1907644
v 0.06566414 0.1349757 -0.1976233
v 0.0656608 0.1343186 -0.2044744
v 0.06550643 0.1367141 -0.2111133
v 0.06538314 0.1369003 -0.2185832
v 0.06565839 0.1347629 -0.2250596
v 0.06566519 0.1356818 -0.2319191
v 0.06566554 0.1359511 -0.2387782
v 0.06566569 0.1345074 -0.2456375
v 0.0656659 0.1351973 -0.2524966
v 0.06566611 0.1342116 -0.2593558
v 0.0556725 0.1341816 0.02186868
v 0.0556722 0.1343322 0.0287278
v 0.05567271 0.1341823 0.0150094
v 0.05567297 0.134183 0.008150339
v 0.05567208 0.1349161 0.001294926
v 0.05563521 0.1349439 -0.005533099
v 0.05567372 0.1341854 -0.01242694
v 0.05567452 0.1343158 -0.01928544
v 0.0556742 0.1343924 -0.02614528
v 0.055641 0.1343842 -0.03300412
v 0.05567464 0.1342632 -0.03986362
v 0.05567482 0.1349532 -0.04672259
v 0.05567512 0.1359506 -0.0535818
v 0.05567536 0.1357573 -0.06044084
v 0.05567551 0.1341938 -0.06730029
v 0.0556758 0.1343943 -0.07415827
v 0.05567655 0.1350051 -0.08101725
v 0.0556834 0.1357678 -0.0878787
v 0.05567655 0.1360334 -0.09473646
v 0.05567682 0.1341947 -0.101596
v 0.05567721 0.1341954 -0.108455
v 0.05567738 0.1341962 -0.1153141
v 0.05567759 0.1342044 -0.1221734
v 0.05567789 0.1341978 -0.1290324
v 0.05567795 0.1355017 -0.1358915
v 0.05567834 0.1348155 -0.1427507
v 0.05567861 0.1341999 -0.1496098
v 0.05567881 0.1342008 -0.1564691
v 0.05567905 0.134204 -0.1633281
v 0.05567929 0.1342085 -0.1701874
v 0.05567956 0.1342028 -0.1770464
v 0.05567977 0.1343822 -0.1839057
v 0.05568004 0.1348004 -0.1907647
v 0.0556803 0.1349326 -0.1976237
v 0.05568054 0.1342059 -0.204483
v 0.05568072 0.1342064 -0.2113421
v 0.0558067 0.1355579 -0.2181077
v 0.05641317 0.1360097 -0.2245138
v 0.05632028 0.1385513 -0.2319333
v 0.05587456 0.1351511 -0.239003
v 0.05568197 0.1342528 -0.2456382
v 0.05568218 0.1342111 -0.2524971
v 0.05568248 0.1342118 -0.2593561
v 0.04568866 0.1341813 0.02186839
v 0.04568854 0.1341806 0.02872744
v 0.04568893 0.1341824 0.01500906
v 0.04568923 0.1351369 0.008150175
v 0.04568937 0.1346023 0.001290858
v 0.04568979 0.1341849 -0.005568251
v 0.04569495 0.134352 -0.01243582
v 0.04569051 0.1364462 -0.01928674
v 0.04569036 0.1363673 -0.02614543
v 0.04569069 0.1344346 -0.03300489
v 0.04569095 0.1341884 -0.03986397
v 0.04569104 0.1341891 -0.04672301
v 0.04569137 0.1342558 -0.05358233
v 0.04568699 0.136797 -0.06044233
v 0.0457105 0.1353604 -0.06716262
v 0.04569244 0.1355442 -0.07415936
v 0.04569238 0.1352553 -0.0810186
v 0.04569274 0.1349804 -0.08787793
v 0.04569301 0.1342464 -0.09473701
v 0.0456931 0.134195 -0.1015963
v 0.04569337 0.1351068 -0.1084553
v 0.04569352 0.1362919 -0.1153142
v 0.0456939 0.1367508 -0.1221734
v 0.04569411 0.1342018 -0.1290328
v 0.04569423 0.1341988 -0.1358921
v 0.04569459 0.1354121 -0.1427509
v 0.04569483 0.1342002 -0.1496104
v 0.0456951 0.134201 -0.1564694
v 0.04569528 0.1342013 -0.1633285
v 0.04569569 0.1342021 -0.1701877
v 0.04569581 0.134203 -0.1770468
v 0.04569602 0.1345587 -0.1839059
v 0.04569635 0.1342044 -0.1907651
v 0.04569653 0.134205 -0.1976241
v 0.04569674 0.1342061 -0.2044834
v 0.04570597 0.1350182 -0.2113533
v 0.04569936 0.1363443 -0.2182044
v 0.04561138 0.1355389 -0.2251631
v 0.04541034 0.1347823 -0.231949
v 0.04567197 0.1342767 -0.2387853
v 0.0456982 0.1343024 -0.2456382
v 0.04569846 0.134211 -0.2524974
v 0.04569885 0.1342119 -0.2593565
v 0.03570524 0.1341816 0.02186796
v 0.03570497 0.1341809 0.02872698
v 0.03570539 0.1343796 0.01500875
v 0.0357056 0.1355006 0.008149758
v 0.03571296 0.1343677 0.001299784
v 0.03577366 0.1378469 -0.005636081
v 0.03575006 0.137737 -0.01241554
v 0.03571233 0.1350334 -0.01931012
v 0.03570682 0.135686 -0.02614601
v 0.03570712 0.1341872 -0.03300527
v 0.03570732 0.1341882 -0.03986436
v 0.03570756 0.1343157 -0.04672339
v 0.0357078 0.1353933 -0.05358255
v 0.03570834 0.1356439 -0.06046793
v 0.03570834 0.1341909 -0.06730101
v 0.03570855 0.1341915 -0.07416005
v 0.03570884 0.1343369 -0.08101905
v 0.03570905 0.1348324 -0.08787826
v 0.03570935 0.134245 -0.09473741
v 0.03570956 0.1341948 -0.1015966
v 0.03570971 0.1344594 -0.1084556
v 0.0357112 0.1355493 -0.1153132
v 0.03571686 0.1347545 -0.1221597
v 0.03575161 0.1371043 -0.1290411
v 0.03564394 0.1381644 -0.1357288
v 0.03571105 0.1342098 -0.1427514
v 0.03571114 0.1342002 -0.1496107
v 0.03571156 0.1342008 -0.1564697
v 0.03571171 0.1342015 -0.1633288
v 0.03571203 0.1360549 -0.1701879
v 0.03571212 0.1364964 -0.1770469
v 0.03571239 0.1358514 -0.1839061
v 0.03571346 0.1354604 -0.1907647
v 0.03571293 0.1343431 -0.1976244
v 0.0357132 0.1358803 -0.2044836
v 0.0357134 0.136419 -0.2113426
v 0.0357137 0.1342073 -0.2182021
v 0.03571114 0.1345626 -0.2250698
v 0.0357846 0.1345816 -0.2317446
v 0.03587589 0.1366755 -0.2387668
v 0.0357146 0.1348794 -0.2456384
v 0.03571483 0.1356322 -0.2524976
v 0.0357151 0.134212 -0.2593569
v 0.02572149 0.1341815 0.02186756
v 0.0257211 0.1341807 0.02872677
v 0.02572155 0.1347139 0.01500851
v 0.02572069 0.135085 0.008154377
v 0.02572182 0.1349605 0.001300871
v 0.02573666 0.1382187 -0.005809739
v 0.02564111 0.1372503 -0.01253244
v 0.02572277 0.1341869 -0.01928727
v 0.02572304 0.1341869 -0.02614638
v 0.02572328 0.1342602 -0.03300555
v 0.02572352 0.1354176 -0.03986455
v 0.02572393 0.1352669 -0.0467236
v 0.02572399 0.1341899 -0.05358301
v 0.02572432 0.1350798 -0.06044197
v 0.0257245 0.1342008 -0.06730135
v 0.02572477 0.1343965 -0.07416038
v 0.02572536 0.1351715 -0.08101856
v 0.02572542 0.1351583 -0.08787855
v 0.0257256 0.135334 -0.09473763
v 0.02572569 0.1368957 -0.1015966
v 0.02572605 0.1342461 -0.1084561
v 0.02572629 0.1341964 -0.1153151
v 0.02572665 0.1349745 -0.1221743
v 0.02576098 0.1367305 -0.129102
v 0.02579737 0.1372187 -0.1357368
v 0.02572727 0.1351296 -0.1427517
v 0.02572745 0.1342 -0.149611
v 0.02572772 0.1342008 -0.1564701
v 0.02572793 0.1342016 -0.1633292
v 0.0257282 0.1359527 -0.1701882
v 0.02572855 0.1368919 -0.1770471
v 0.02572867 0.1354263 -0.1839067
v 0.02572888 0.1342045 -0.1907658
v 0.02572912 0.1353071 -0.1976247
v 0.0257293 0.1362552 -0.2044839
v 0.02572972 0.1372391 -0.2113429
v 0.02572989 0.1352711 -0.2182023
v 0.02573016 0.134208 -0.2250615
v 0.02589914 0.1369373 -0.2315906
v 0.02573079 0.1343122 -0.2387798
v 0.02573088 0.1342104 -0.2456389
v 0.02573118 0.134226 -0.252498
v 0.02573138 0.1342117 -0.2593572
v 0.01573768 0.1347883 0.02186732
v 0.01573762 0.1341808 0.02872644
v 0.01573774 0.1347492 0.01500864
v 0.01573834 0.1341829 0.008148894
v 0.01573858 0.1341836 0.001289696
v 0.01573873 0.1341848 -0.005569354
v 0.0157387 0.1342068 -0.01242885
v 0.01573914 0.134186 -0.01928771
v 0.01573962 0.1341866 -0.02614672
v 0.01573968 0.1360356 -0.03300579
v 0.01574004 0.1365865 -0.03986479
v 0.01574013 0.1370307 -0.04672381
v 0.01574051 0.1342587 -0.05358331
v 0.01574084 0.1341902 -0.06044241
v 0.01574102 0.1341911 -0.06730165
v 0.01574114 0.1341916 -0.07416077
v 0.01574141 0.1341928 -0.08101985
v 0.0157223 0.134951 -0.08785247
v 0.015742 0.1366792 -0.09473783
v 0.01574212 0.1366099 -0.1015971
v 0.01574236 0.1363316 -0.1084562
v 0.01574257 0.1341963 -0.1153155
v 0.01574296 0.134197 -0.1221747
v 0.01574323 0.134198 -0.1290339
v 0.01574346 0.1341987 -0.1358931
v 0.01574358 0.1341993 -0.1427522
v 0.01574388 0.1342 -0.1496115
v 0.0157443 0.1342007 -0.1564704
v 0.01574436 0.1342016 -0.1633295
v 0.0157446 0.1342022 -0.1701888
v 0.01574495 0.134203 -0.1770478
v 0.01574516 0.1342771 -0.183907
v 0.0157454 0.1342043 -0.1907662
v 0.01574567 0.1344123 -0.1976252
v 0.01574582 0.1367207 -0.2044843
v 0.01574597 0.1353644 -0.2113434
v 0.01574624 0.1353569 -0.2182026
v 0.01574665 0.1342081 -0.2250618
v 0.01574683 0.1342552 -0.2319211
v 0.01574698 0.1342096 -0.2387802
v 0.0157474 0.1342104 -0.2456392
v 0.01574746 0.1342111 -0.2524985
v 0.0157477 0.134212 -0.2593576
v 0.005753994 0.134746 0.02186698
v 0.005753785 0.134181 0.02872597
v 0.005754262 0.1343674 0.01500769
v 0.00575459 0.1341832 0.008148685
v 0.005754799 0.1341839 0.001289368
v 0.005754948 0.1341846 -0.005569741
v 0.005755275 0.1341854 -0.01242881
v 0.005755514 0.134186 -0.01928803
v 0.005755603 0.1341868 -0.02614707
v 0.00575614 0.1342215 -0.0330064
v 0.005756199 0.1362361 -0.03986517
v 0.005756378 0.1348376 -0.0467244
v 0.005756766 0.1341896 -0.05358377
v 0.005757004 0.1341904 -0.06044284
v 0.005757242 0.1341909 -0.067302
v 0.005757391 0.1343123 -0.07416111
v 0.005757719 0.1348855 -0.08102012
v 0.005757958 0.1342011 -0.08787945
v 0.005758077 0.1358233 -0.09473835
v 0.005758435 0.1353634 -0.1015976
v 0.005748183 0.1353142 -0.1084455
v 0.005758882 0.1341965 -0.1153159
v 0.00575915 0.134197 -0.122175
v 0.005759478 0.134198 -0.1290342
v 0.005759656 0.1341986 -0.1358934
v 0.005759954 0.1341994 -0.1427525
v 0.005760163 0.1342128 -0.1496118
v 0.005760431 0.1345783 -0.1564708
v 0.00576055 0.1342015 -0.1633299
v 0.005760938 0.1342019 -0.1701892
v 0.005761176 0.1342032 -0.1770482
v 0.005761385 0.1342036 -0.1839075
v 0.005761594 0.1342044 -0.1907665
v 0.005761951 0.1342048 -0.1976257
v 0.00576216 0.1342059 -0.2044848
v 0.005762339 0.1342066 -0.2113438
v 0.005762547 0.1342075 -0.2182032
v 0.005762815 0.1361675 -0.2250621
v 0.005762994 0.1342088 -0.2319214
v 0.005763263 0.1342097 -0.2387805
v 0.005763501 0.1342105 -0.2456395
v 0.005763829 0.134211 -0.2524989
v 0.005764008 0.1342117 -0.259358
v -0.004229456 0.1344987 0.0218666
v -0.004229665 0.1341805 0.02872565
v -0.004229277 0.1347758 0.01500727
v -0.004228979 0.1348691 0.008148268
v -0.00422883 0.1341837 0.00128895
v -0.004228562 0.1341845 -0.005570099
v -0.004228204 0.1341852 -0.0124291
v -0.004228175 0.134186 -0.01928841
v -0.004227906 0.1341868 -0.02614743
v -0.004227549 0.1341875 -0.03300671
v -0.004227281 0.1341882 -0.03986576
v -0.004227221 0.1341891 -0.04672483
v -0.004226744 0.1341898 -0.05358405
v -0.004226655 0.1341903 -0.06044314
v -0.004226327 0.1341935 -0.06730239
v -0.004226178 0.1362824 -0.0741613
v -0.00422588 0.1341927 -0.0810205
v -0.004225522 0.1345701 -0.08787975
v -0.004225403 0.1359142 -0.09473866
v -0.004225194 0.1355632 -0.1015979
v -0.004224896 0.1342261 -0.1084571
v -0.004224718 0.1341965 -0.1153162
v -0.00422433 0.1341969 -0.1221756
v -0.004224151 0.1341977 -0.1290345
v -0.004223883 0.1341985 -0.1358938
v -0.004223526 0.1342493 -0.1427528
v -0.004217714 0.1357706 -0.1496055
v -0.004223078 0.134312 -0.1564709
v -0.00422287 0.1342013 -0.1633302
v -0.004222751 0.1342023 -0.1701895
v -0.004039407 0.1368561 -0.1770391
v -0.004013389 0.1356807 -0.1840478
v -0.004221857 0.1342041 -0.1907669
v -0.004221737 0.1342302 -0.1976259
v -0.004221439 0.1343449 -0.2044852
v -0.004221141 0.1349988 -0.2113441
v -0.004221022 0.1347049 -0.2182034
v -0.004220873 0.134296 -0.2250625
v -0.004220575 0.1347625 -0.2319217
v -0.004208177 0.1343217 -0.2387688
v -0.004111528 0.1353809 -0.2456056
v -0.004055917 0.1349701 -0.2525
v -0.004219562 0.134212 -0.2593583
v -0.01421347 0.1341815 0.02186623
v -0.01421359 0.1341807 0.02872527
v -0.01421309 0.1364368 0.01500723
v -0.01421282 0.1343279 0.00814791
v -0.0142127 0.1341836 0.001288682
v -0.0142124 0.1341845 -0.005570412
v -0.01421198 0.1341852 -0.01242946
v -0.0142118 0.1341859 -0.01928873
v -0.01421154 0.1341867 -0.02614775
v -0.01421139 0.1341875 -0.03300706
v -0.01421112 0.134188 -0.03986605
v -0.01421094 0.1341891 -0.04672517
v -0.01421061 0.1341892 -0.05358442
v -0.0142104 0.1341903 -0.06044352
v -0.01421008 0.1341934 -0.06730273
v -0.01420972 0.1341917 -0.07416179
v -0.01420966 0.1341927 -0.08102082
v -0.0142093 0.1341932 -0.08788012
v -0.01420918 0.1346719 -0.09473915
v -0.01422489 0.1349507 -0.1015986
v -0.01420867 0.1342707 -0.1084574
v -0.01420844 0.1341963 -0.1153165
v -0.01420802 0.1341969 -0.1221758
v -0.01420796 0.1341979 -0.1290349
v -0.01420775 0.1341984 -0.1358941
v -0.0142073 0.1342279 -0.1427532
v -0.01420724 0.1352909 -0.1496123
v -0.01420701 0.1364954 -0.1564712
v -0.0142068 0.1342076 -0.1633306
v -0.01420665 0.1347975 -0.1701879
v -0.01421034 0.1348827 -0.1770437
v -0.01421255 0.1348085 -0.1839195
v -0.01420578 0.134206 -0.1907672
v -0.01420552 0.1350206 -0.1976261
v -0.01420531 0.136396 -0.2044853
v -0.01420507 0.1342065 -0.2113445
v -0.01420468 0.1342072 -0.2182039
v -0.01420456 0.134208 -0.2250629
v -0.01420426 0.1342086 -0.2319221
v -0.01422295 0.1355295 -0.2387321
v -0.01387838 0.1385359 -0.245419
v -0.0141854 0.1380204 -0.2523314
v -0.01420334 0.1342119 -0.2593586
v -0.0241971 0.1341981 0.02186592
v -0.02419725 0.1341805 0.028725
v -0.02422023 0.1350378 0.0149536
v -0.02419922 0.1345662 0.008146361
v -0.0241963 0.1341838 0.001288339
v -0.02419603 0.1353287 -0.005570546
v -0.02419582 0.1365671 -0.01242954
v -0.02419564 0.1350986 -0.01928905
v -0.02419528 0.1341867 -0.02614816
v -0.02419508 0.1341874 -0.03300737
v -0.02419481 0.1341881 -0.03986648
v -0.02419463 0.1341889 -0.04672556
v -0.0241943 0.1341898 -0.05358478
v -0.02419415 0.1341903 -0.06044383
v -0.02419385 0.1341912 -0.06730306
v -0.02419356 0.1341917 -0.07416221
v -0.02419329 0.1341926 -0.08102115
v -0.02419317 0.1341933 -0.08788048
v -0.02419299 0.1357106 -0.09473939
v -0.02419272 0.1356969 -0.1015986
v -0.02419236 0.1344828 -0.1084579
v -0.02419218 0.1341963 -0.1153169
v -0.02419186 0.1341969 -0.1221762
v -0.02419165 0.1354097 -0.1290351
v -0.0241915 0.1358767 -0.1358943
v -0.02419111 0.1341994 -0.1427536
v -0.02418008 0.1346946 -0.1496111
v -0.02419063 0.1349582 -0.1564718
v -0.02419049 0.1342014 -0.1633309
v -0.02419013 0.134202 -0.1701902
v -0.02419001 0.1344339 -0.1770492
v -0.02418977 0.1342037 -0.1839085
v -0.0241895 0.1342043 -0.1907676
v -0.02418914 0.134205 -0.1976266
v -0.02418891 0.1342059 -0.2044859
v -0.0241887 0.1342063 -0.2113449
v -0.02418843 0.1351292 -0.218204
v -0.02418822 0.1344153 -0.2250631
v -0.0241881 0.1350623 -0.2319224
v -0.02418777 0.1342096 -0.2387816
v -0.02418748 0.1342272 -0.2456406
v -0.02418727 0.1342144 -0.2524998
v -0.02418703 0.134213 -0.259359
v -0.03418058 0.1341817 0.02186546
v -0.03418094 0.1341808 0.02872455
v -0.03418043 0.1351487 0.01500639
v -0.03418007 0.134576 0.008147255
v -0.03417999 0.1348708 0.001287997
v -0.03417972 0.1364556 -0.005570859
v -0.03417936 0.1365423 -0.01242989
v -0.03417927 0.1350595 -0.01928934
v -0.03417894 0.1341866 -0.02614853
v -0.03417876 0.1341878 -0.03300785
v -0.03417838 0.1341882 -0.0398668
v -0.03417814 0.134189 -0.04672593
v -0.03417784 0.1341897 -0.05358522
v -0.03417772 0.1341905 -0.0604442
v -0.03417754 0.134191 -0.0673035
v -0.03417721 0.1341919 -0.07416262
v -0.03417686 0.1341926 -0.08102164
v -0.03417671 0.1341931 -0.08788089
v -0.03417641 0.1341939 -0.09473993
v -0.03417632 0.1341949 -0.1015992
v -0.03417605 0.1341953 -0.1084582
v -0.03417581 0.1341962 -0.1153173
v -0.03417554 0.1350497 -0.1221765
v -0.03417528 0.1363621 -0.1290354
v -0.03417513 0.1357498 -0.1358947
v -0.03416929 0.1347625 -0.1427764
v -0.03417465 0.1360847 -0.149613
v -0.03417426 0.1352077 -0.1564722
v -0.03417397 0.1342013 -0.1633313
v -0.03417385 0.1342022 -0.1701906
v -0.03417352 0.1342028 -0.1770497
v -0.0341734 0.1342037 -0.1839088
v -0.03417295 0.1342041 -0.1907679
v -0.03417268 0.1342049 -0.1976271
v -0.03417248 0.1342056 -0.2044863
v -0.03417242 0.1342065 -0.2113453
v -0.03417203 0.1357148 -0.2182045
v -0.03417411 0.1358037 -0.2250585
v -0.03417152 0.1350003 -0.2319228
v -0.03417134 0.1354516 -0.2387817
v -0.03417113 0.1342101 -0.245641
v -0.03417096 0.1358578 -0.2525
v -0.03417066 0.1342118 -0.2593593
v -0.04416436 0.1341814 0.02186511
v -0.04416454 0.1341808 0.02872428
v -0.04416406 0.1349437 0.01500599
v -0.04416379 0.134282 0.008146882
v -0.04416364 0.1341838 0.001287609
v -0.04416335 0.1352539 -0.00557135
v -0.04416314 0.1351009 -0.01243046
v -0.04416296 0.1341859 -0.01928988
v -0.04416263 0.1341867 -0.0261489
v -0.04416233 0.1341875 -0.03300817
v -0.04416212 0.1341881 -0.03986716
v -0.04416189 0.1341891 -0.04672623
v -0.04416162 0.1341896 -0.05358555
v -0.04416156 0.1341906 -0.06044452
v -0.04416123 0.1341911 -0.06730387
v -0.04416096 0.1341918 -0.07416295
v -0.0441606 0.1341926 -0.08102194
v -0.0441604 0.1341933 -0.08788119
v -0.04416019 0.1341941 -0.09474026
v -0.04415989 0.1348651 -0.1015994
v -0.04415968 0.1354973 -0.1084584
v -0.04415953 0.1369198 -0.1153174
v -0.04428571 0.1361007 -0.1220716
v -0.04415897 0.1357058 -0.1290357
v -0.04415876 0.1363141 -0.1358949
v -0.0441584 0.1342569 -0.1427543
v -0.04415825 0.1342064 -0.1496135
v -0.04415789 0.1343274 -0.1564725
v -0.0441578 0.1342016 -0.1633317
v -0.04415745 0.1342024 -0.1701909
v -0.04415724 0.1342031 -0.1770499
v -0.04415709 0.1342038 -0.1839092
v -0.04415679 0.1342044 -0.1907683
v -0.04415652 0.134205 -0.1976272
v -0.04415628 0.1342061 -0.2044866
v -0.04415607 0.1342067 -0.2113457
v -0.04415581 0.1342074 -0.218205
v -0.04415554 0.1342081 -0.225064
v -0.0441553 0.134209 -0.2319231
v -0.04415506 0.1342096 -0.2387823
v -0.04415473 0.1342103 -0.2456414
v -0.04415458 0.1342112 -0.2525006
v -0.04415435 0.134212 -0.2593597
v -0.05414796 0.1341815 0.02186474
v -0.05414805 0.1341805 0.02872388
v -0.05414769 0.1341823 0.01500563
v -0.05414739 0.1341832 0.00814645
v -0.05414724 0.1341838 0.001287162
v -0.05414695 0.1341844 -0.005571842
v -0.05414671 0.1341863 -0.01243092
v -0.0541465 0.1341878 -0.01929019
v -0.05414626 0.1341866 -0.02614917
v -0.05414602 0.1341873 -0.03300847
v -0.05414575 0.1342045 -0.03986758
v -0.05414468 0.1349823 -0.04672593
v -0.05414489 0.1364509 -0.05358617
v -0.05414501 0.1341904 -0.06044491
v -0.05414483 0.1341911 -0.06730411
v -0.05414453 0.1341917 -0.07416327
v -0.05414432 0.1341926 -0.0810223
v -0.05414408 0.1341932 -0.08788153
v -0.05414382 0.1341942 -0.09474058
v -0.05414358 0.1341949 -0.1015998
v -0.05414331 0.1344084 -0.1084589
v -0.05414322 0.1355889 -0.115318
v -0.05414283 0.1359156 -0.122177
v -0.05414253 0.1341978 -0.1290363
v -0.05414236 0.1341985 -0.1358956
v -0.05414209 0.1341994 -0.1427546
v -0.05414188 0.1342002 -0.1496139
v -0.05414158 0.1342006 -0.1564729
v -0.05414137 0.1342017 -0.163332
v -0.05414101 0.1342019 -0.1701913
v -0.05414087 0.1342028 -0.1770503
v -0.05414072 0.1342036 -0.1839095
v -0.05414042 0.1342043 -0.1907686
v -0.05414015 0.1342051 -0.1976277
v -0.05413985 0.1342057 -0.204487
v -0.0541397 0.1342065 -0.211346
v -0.05413938 0.1342073 -0.2182053
v -0.0541392 0.1342082 -0.2250643
v -0.05413899 0.1342087 -0.2319235
v -0.05413872 0.1342096 -0.2387826
v -0.05413842 0.1342106 -0.2456416
v -0.05413833 0.1342109 -0.252501
v -0.05413792 0.1342119 -0.25936
v -0.06413165 0.1341815 0.02186443
v -0.06413195 0.1341808 0.02872346
v -0.06413153 0.1341825 0.01500519
v -0.06413111 0.1341831 0.008146062
v -0.0641309 0.1341838 0.001286879
v -0.0641306 0.1341845 -0.00557223
v -0.06410572 0.1350081 -0.01244819
v -0.06411928 0.1360632 -0.01927249
v -0.06411773 0.1361375 -0.02615353
v -0.06412974 0.1352514 -0.03300875
v -0.06412938 0.1341882 -0.03986795
v -0.06402123 0.1356317 -0.04659677
v -0.06397724 0.1362361 -0.05378132
v -0.06412873 0.1341904 -0.06044532
v -0.06412852 0.134191 -0.06730452
v -0.06412828 0.1341918 -0.07416364
v -0.06412801 0.1341926 -0.08102266
v -0.06412771 0.1341934 -0.08788194
v -0.0641275 0.134194 -0.094741
v -0.0641273 0.1341948 -0.1016002
v -0.06412694 0.1341954 -0.1084593
v -0.06412676 0.1341964 -0.1153183
v -0.06412649 0.1341968 -0.1221776
v -0.06412622 0.134198 -0.1290367
v -0.06412607 0.1341985 -0.1358959
v -0.06412569 0.1341995 -0.142755
v -0.06412548 0.1343579 -0.1496143
v -0.06412521 0.1346034 -0.1564732
v -0.06412485 0.1363185 -0.1633319
v -0.06412485 0.1357385 -0.1701915
v -0.06409812 0.134896 -0.1770574
v -0.06412441 0.1342037 -0.1839099
v -0.0641242 0.1353143 -0.1907689
v -0.0641239 0.134976 -0.197628
v -0.06412357 0.1342236 -0.2044873
v -0.06412336 0.1351701 -0.2113462
v -0.06412318 0.1349337 -0.2182055
v -0.06412286 0.1342081 -0.2250647
v -0.06412268 0.1342087 -0.231924
v -0.06411436 0.1342506 -0.2387871
v -0.06412113 0.1342808 -0.2456477
v -0.06412208 0.1342112 -0.2525014
v -0.06412175 0.1342119 -0.2593604
v -0.07411546 0.1341813 0.02186409
v -0.07411563 0.1341807 0.02872322
v -0.07411513 0.1341823 0.01500483
v -0.07411501 0.1354219 0.008145839
v -0.07411474 0.1359217 0.00128673
v -0.0741145 0.1356344 -0.005572379
v -0.07411417 0.134185 -0.01243164
v -0.07411394 0.1345994 -0.01929085
v -0.07411367 0.1349233 -0.02614987
v -0.07411391 0.1351449 -0.03304872
v -0.07411331 0.1346232 -0.03986818
v -0.07411304 0.1356936 -0.04672714
v -0.07411277 0.1351 -0.05358646
v -0.07411256 0.1341904 -0.06044564
v -0.07411224 0.1341908 -0.0673049
v -0.07411203 0.1341918 -0.07416403
v -0.07411173 0.1341925 -0.08102304
v -0.07411143 0.1341931 -0.08788229
v -0.07411134 0.134194 -0.09474134
v -0.07411098 0.1341945 -0.1016006
v -0.07411075 0.1341956 -0.1084596
v -0.07411063 0.1370882 -0.1153184
v -0.07411039 0.1341969 -0.1221779
v -0.07411 0.1341978 -0.1290371
v -0.07410988 0.1341984 -0.1358963
v -0.07410961 0.1359229 -0.1427551
v -0.07410944 0.1359503 -0.1496144
v -0.07410908 0.1348532 -0.1564735
v -0.0741089 0.1348733 -0.1633326
v -0.07410866 0.1360511 -0.1701918
v -0.07410839 0.1360953 -0.1770508
v -0.07410812 0.1342039 -0.1839103
v -0.07410774 0.1343587 -0.1907693
v -0.07410762 0.1352663 -0.1976283
v -0.07410732 0.135255 -0.2044875
v -0.0741072 0.1342066 -0.2113467
v -0.07410601 0.1347776 -0.2181912
v -0.07409462 0.1362059 -0.2250358
v -0.0740737 0.1380639 -0.2319698
v -0.07386374 0.1382767 -0.238929
v -0.07406342 0.1348999 -0.2459379
v -0.07410565 0.1342111 -0.2525017
v -0.07410553 0.134212 -0.2593608
v -0.08409894 0.1341816 0.02186371
v -0.0840992 0.134181 0.02872275
v -0.08409876 0.1341824 0.0150045
v -0.08409849 0.1353846 0.00814563
v -0.08409822 0.1351521 0.001286268
v -0.08409792 0.1350284 -0.005572796
v -0.08409765 0.1341855 -0.0124319
v -0.08409759 0.1350568 -0.01929109
v -0.08409733 0.1341868 -0.02615021
v -0.08409715 0.1341878 -0.03300945
v -0.08409688 0.1341883 -0.0398685
v -0.0840967 0.134189 -0.04672765
v -0.08409631 0.1341898 -0.05358686
v -0.08409613 0.1341905 -0.06044597
v -0.08409584 0.1341912 -0.06730519
v -0.08409557 0.1341918 -0.07416435
v -0.08409539 0.1341927 -0.0810233
v -0.08409503 0.1341934 -0.08788259
v -0.08409482 0.1341941 -0.09474161
v -0.08409467 0.1341949 -0.1016009
v -0.08409432 0.1341954 -0.10846
v -0.08409414 0.1341963 -0.1153191
v -0.08409399 0.1368039 -0.122178
v -0.0840936 0.134198 -0.1290373
v -0.08409336 0.1341987 -0.1358967
v -0.08409315 0.1346596 -0.1427557
v -0.08409292 0.1365318 -0.1496147
v -0.084093 0.1358962 -0.1564672
v -0.08409247 0.1356775 -0.1633328
v -0.08409226 0.1363617 -0.1701921
v -0.0840919 0.1360044 -0.1770512
v -0.08409169 0.1345312 -0.1839109
v -0.08409145 0.1351241 -0.1907696
v -0.08409122 0.1358438 -0.1976285
v -0.08409089 0.1349935 -0.204488
v -0.08409068 0.1342111 -0.211347
v -0.08409321 0.1351526 -0.2182008
v -0.08420408 0.1359685 -0.2248664
v -0.08384803 0.1385712 -0.2318795
v -0.08417869 0.1370064 -0.2390055
v -0.08409181 0.1342799 -0.2456473
v -0.08408937 0.1342112 -0.252502
v -0.08408901 0.1342117 -0.259361
v -0.09408274 0.1341814 0.02186333
v -0.09408304 0.1341807 0.02872236
v -0.09408256 0.1341823 0.01500414
v -0.09408227 0.134183 0.008145064
v -0.09408206 0.1341837 0.001285806
v -0.09408182 0.1341843 -0.005573213
v -0.09408158 0.1341852 -0.01243234
v -0.09408131 0.1341858 -0.01929158
v -0.09408104 0.1341867 -0.02615057
v -0.09408081 0.1341873 -0.0330099
v -0.09408063 0.1341883 -0.03986899
v -0.09408042 0.134189 -0.04672804
v -0.09408003 0.1341898 -0.05358722
v -0.09407982 0.1341903 -0.06044625
v -0.09407958 0.134191 -0.0673056
v -0.09407929 0.1341918 -0.07416455
v -0.09407905 0.1341927 -0.08102366
v -0.09407881 0.1341931 -0.08788292
v -0.09407863 0.1341941 -0.094742
v -0.09407836 0.1341947 -0.1016013
v -0.09407815 0.1341956 -0.1084603
v -0.09407789 0.1341964 -0.1153194
v -0.09407762 0.1341969 -0.1221787
v -0.09407738 0.1341979 -0.1290377
v -0.09407717 0.1341986 -0.1358969
v -0.09407696 0.1341993 -0.142756
v -0.09407666 0.1342 -0.1496153
v -0.09407637 0.1342008 -0.1564744
v -0.09407616 0.1342013 -0.1633334
v -0.09407589 0.134202 -0.1701927
v -0.09407568 0.134203 -0.1770517
v -0.09407559 0.1342039 -0.183911
v -0.09407517 0.1342044 -0.19077
v -0.09407496 0.134205 -0.1976291
v -0.09407473 0.1342059 -0.2044884
v -0.09407452 0.1342065 -0.2113474
v -0.09407416 0.1342072 -0.2182067
v -0.09407398 0.1342081 -0.2250658
v -0.0940738 0.1342089 -0.2319249
v -0.09407356 0.1342095 -0.238784
v -0.09407324 0.1342104 -0.2456431
v -0.09407306 0.134211 -0.2525024
v -0.09407279 0.1342118 -0.2593614
v -0.05576465 0.1635683 -0.1151178
v -0.05635312 0.1638122 -0.1151179
v -0.05647543 0.1642231 -0.2535231
v -0.05588704 0.1639884 -0.2535869
v -0.05659685 0.1644007 -0.1151177
v -0.05671924 0.1647888 -0.2533684
v -0.05635303 0.164989 -0.1151178
v -0.05647546 0.1653551 -0.2532136
v -0.05576465 0.1652329 -0.1151177
v -0.05588683 0.1655895 -0.2531497
v -0.05576465 0.1652329 -0.1151177
v -0.05517599 0.164989 -0.1151178
v -0.05529815 0.1653549 -0.2532135
v -0.05588683 0.1655895 -0.2531497
v -0.0549323 0.1644004 -0.1151177
v -0.05505452 0.1647891 -0.2533682
v -0.05517614 0.163812 -0.1151178
v -0.05529809 0.1642229 -0.253523
v -0.05575979 0.1643358 -0.2538025
v -0.05634832 0.1645786 -0.2537821
v -0.05634823 0.1645764 -0.25536
v -0.05575982 0.1643326 -0.25536
v -0.05659217 0.1651646 -0.2537329
v -0.05659205 0.165165 -0.2553601
v -0.05634812 0.165751 -0.2536834
v -0.05634806 0.1657533 -0.2553599
v -0.05575988 0.165994 -0.253663
v -0.05575952 0.1659974 -0.2553599
v -0.05575988 0.165994 -0.253663
v -0.0551714 0.165751 -0.2536834
v -0.05517113 0.1657534 -0.2553599
v -0.05575952 0.1659974 -0.2553599
v -0.05492741 0.1651649 -0.2537327
v -0.05492726 0.165165 -0.2553601
v -0.05517125 0.1645783 -0.253782
v -0.05517128 0.1645764 -0.2553599
v -0.0557397 0.1642292 -0.2537557
v -0.05633321 0.1644592 -0.2537372
v -0.05659112 0.165032 -0.253635
v -0.05636171 0.1656114 -0.2535088
v -0.05577967 0.1658586 -0.2534328
v -0.05577967 0.1658586 -0.2534328
v -0.05518615 0.1656283 -0.2534512
v -0.05492875 0.1650558 -0.2535535
v -0.05515784 0.164476 -0.2536795
v -0.05589652 0.1639581 0.02335145
v -0.056485 0.1641932 0.02328731
v -0.05672893 0.164759 0.02313288
v -0.056485 0.165325 0.02297831
v -0.05589652 0.1655597 0.0229142
v -0.05589652 0.1655597 0.0229142
v -0.05530792 0.165325 0.02297832
v -0.05506414 0.1647592 0.02313304
v -0.05530789 0.1641929 0.02328733
v -0.05576941 0.1643057 0.02356696
v -0.05576941 0.1643023 0.02512459
v -0.05635792 0.1645461 0.0251247
v -0.05635792 0.1645486 0.02354661
v -0.05660185 0.1651348 0.02512462
v -0.05660173 0.1651348 0.02349727
v -0.05635807 0.165723 0.02512471
v -0.05635801 0.1657212 0.02344817
v -0.05576956 0.1659673 0.0251248
v -0.05576941 0.1659641 0.02342787
v -0.05576941 0.1659641 0.02342787
v -0.05576956 0.1659673 0.0251248
v -0.05518112 0.1657231 0.02512474
v -0.05518094 0.1657211 0.02344826
v -0.05493698 0.1651348 0.02512462
v -0.05493715 0.1651351 0.02349733
v -0.05518088 0.1645459 0.02512467
v -0.05518088 0.1645484 0.0235468
v -0.05574927 0.1641988 0.02352016
v -0.0563429 0.164429 0.02350168
v -0.05660075 0.1650021 0.02339968
v -0.05637148 0.1655818 0.02327357
v -0.05578956 0.165829 0.02319762
v -0.05578956 0.165829 0.02319762
v -0.05519584 0.1655984 0.0232158
v -0.05493832 0.1650258 0.02331801
v -0.05516738 0.1644456 0.02344401
v -0.0202933 0.1820432 0.1682767
v -0.01970458 0.1817996 0.1682768
v -0.01980549 0.1820973 0.2740633
v -0.02039388 0.1823342 0.2740144
v -0.02053702 0.1826315 0.1682767
v -0.02063787 0.1829056 0.2738964
v -0.02029315 0.1832202 0.1682768
v -0.02039388 0.1834769 0.2737781
v -0.0197047 0.183464 0.1682769
v -0.01980537 0.1837136 0.2737293
v -0.01911595 0.1832205 0.1682767
v -0.0197047 0.183464 0.1682769
v -0.01980537 0.1837136 0.2737293
v -0.0192169 0.183477 0.2737781
v -0.01887232 0.1826318 0.1682768
v -0.01897311 0.1829056 0.2738963
v -0.01911584 0.1820431 0.1682768
v -0.01921678 0.1823341 0.2740145
v -0.02038902 0.1823652 0.05988616
v -0.01980051 0.1821286 0.05983606
v -0.0206328 0.1829357 0.06000718
v -0.02038887 0.1835068 0.06012839
v -0.01980036 0.1837434 0.06017856
v -0.01921183 0.1835068 0.0601285
v -0.01980036 0.1837434 0.06017856
v -0.01896811 0.1829358 0.06000724
v -0.01921168 0.182365 0.05988622
v -0.01307926 0.1820431 0.168277
v -0.01249072 0.1817993 0.1682768
v -0.01259154 0.1820974 0.274096
v -0.01318011 0.1823342 0.2740471
v -0.01332334 0.1826318 0.168277
v -0.01342383 0.1829056 0.2739289
v -0.0130794 0.1832204 0.1682769
v -0.01318014 0.1834773 0.2738107
v -0.0124906 0.183464 0.168277
v -0.01259127 0.1837134 0.2737617
v -0.01190221 0.1832202 0.168277
v -0.0124906 0.183464 0.168277
v -0.01259127 0.1837134 0.2737617
v -0.01200292 0.183477 0.2738109
v -0.01165843 0.1826316 0.1682769
v -0.01175913 0.1829056 0.2739289
v -0.01190221 0.182043 0.1682771
v -0.01200292 0.182334 0.2740472
v -0.01317519 0.1823646 0.05991791
v -0.01258644 0.1821283 0.05986789
v -0.01341882 0.1829359 0.060039
v -0.01317519 0.183507 0.06016023
v -0.01258644 0.1837431 0.06021021
v -0.011998 0.183507 0.06016029
v -0.01258644 0.1837431 0.06021021
v -0.01175413 0.1829359 0.0600391
v -0.011998 0.1823647 0.05991785
v -0.005865335 0.1820433 0.1682771
v -0.005276918 0.1817996 0.1682771
v -0.005377471 0.1820978 0.2741585
v -0.005966067 0.1823347 0.2741095
v -0.006109148 0.1826318 0.1682772
v -0.006209791 0.1829058 0.2739912
v -0.005865335 0.1832205 0.1682772
v -0.005966038 0.1834774 0.273873
v -0.005276889 0.1834643 0.1682771
v -0.005377442 0.1837141 0.2738242
v -0.004688233 0.1832205 0.1682772
v -0.005276889 0.1834643 0.1682771
v -0.005377442 0.1837141 0.2738242
v -0.004788995 0.1834775 0.2738732
v -0.004444599 0.1826319 0.1682772
v -0.004545152 0.1829062 0.2739914
v -0.004688442 0.1820433 0.1682772
v -0.004789084 0.1823348 0.2741095
v -0.005960852 0.1823651 0.05993593
v -0.005372405 0.1821283 0.0598859
v -0.006204784 0.1829359 0.06005704
v -0.005960852 0.1835067 0.06017828
v -0.005372494 0.1837433 0.0602282
v -0.004783899 0.1835065 0.06017825
v -0.005372494 0.1837433 0.0602282
v -0.004540086 0.182936 0.06005709
v -0.004783899 0.1823649 0.059936
v 0.001348346 0.1820432 0.1682774
v 0.001936853 0.1817993 0.1682774
v 0.001836389 0.1820975 0.2741154
v 0.001247764 0.1823342 0.2740664
v 0.001104772 0.1826315 0.1682774
v 0.001003772 0.1829057 0.2739485
v 0.001348346 0.1832204 0.1682774
v 0.001247793 0.183477 0.2738302
v 0.001936913 0.1834642 0.1682774
v 0.00183627 0.1837137 0.2737811
v 0.002525657 0.1832202 0.1682773
v 0.001936913 0.1834642 0.1682774
v 0.00183627 0.1837137 0.2737811
v 0.002424896 0.1834769 0.2738303
v 0.002769589 0.1826314 0.1682774
v 0.002668768 0.1829055 0.2739486
v 0.002525598 0.1820431 0.1682775
v 0.002424955 0.1823341 0.2740664
v 0.001252621 0.1823646 0.05992085
v 0.001841336 0.1821284 0.05987085
v 0.001008719 0.1829358 0.06004192
v 0.001252741 0.1835068 0.06016317
v 0.001841366 0.1837432 0.06021303
v 0.002429813 0.1835066 0.06016327
v 0.001841366 0.1837432 0.06021303
v 0.002673745 0.1829355 0.06004204
v 0.002430022 0.1823648 0.05992089
v 0.008562446 0.1820431 0.1682778
v 0.00915122 0.1817993 0.1682777
v 0.009050101 0.1820976 0.2741963
v 0.008461744 0.1823345 0.2741474
v 0.008318901 0.1826316 0.1682776
v 0.008217901 0.1829056 0.274029
v 0.008562535 0.1832203 0.1682778
v 0.008461773 0.183477 0.2739108
v 0.00915122 0.183464 0.1682778
v 0.00905022 0.1837138 0.2738619
v 0.009739637 0.1832202 0.1682776
v 0.00915122 0.183464 0.1682778
v 0.00905022 0.1837138 0.2738619
v 0.009638786 0.1834773 0.2739108
v 0.009983569 0.1826317 0.1682776
v 0.009882629 0.1829056 0.2740293
v 0.009739578 0.182043 0.1682777
v 0.009638548 0.1823347 0.2741473
v 0.008466959 0.182365 0.05984791
v 0.009055406 0.182129 0.05979796
v 0.008223027 0.182936 0.05996911
v 0.00846681 0.1835071 0.06009044
v 0.009055316 0.1837434 0.06014058
v 0.009643912 0.183507 0.06009045
v 0.009055316 0.1837434 0.06014058
v 0.009887576 0.1829362 0.05996931
v 0.009644002 0.1823649 0.05984786
v 0.01577628 0.1820433 0.1682783
v 0.01636487 0.1817997 0.1682782
v 0.01626396 0.1820976 0.2741919
v 0.01567534 0.1823347 0.2741427
v 0.01553249 0.1826319 0.1682783
v 0.01543155 0.1829061 0.2740247
v 0.01577628 0.1832205 0.1682783
v 0.01567549 0.1834771 0.2739062
v 0.01636481 0.1834643 0.1682783
v 0.01626378 0.1837138 0.2738574
v 0.01695356 0.1832203 0.1682783
v 0.01636481 0.1834643 0.1682783
v 0.01626378 0.1837138 0.2738574
v 0.01685277 0.1834774 0.2739064
v 0.01719719 0.1826318 0.1682783
v 0.01709655 0.1829059 0.2740248
v 0.01695356 0.1820432 0.1682784
v 0.01685262 0.1823344 0.2741427
v 0.01568064 0.1823652 0.05985543
v 0.016269 0.182129 0.05980553
v 0.01543671 0.182936 0.05997676
v 0.01568055 0.183507 0.06009808
v 0.01626903 0.183744 0.06014809
v 0.01685777 0.1835072 0.06009808
v 0.01626903 0.183744 0.06014809
v 0.01710176 0.1829359 0.0599767
v 0.01685768 0.1823655 0.05985558
v 0.02299026 0.1820433 0.1682783
v 0.02357891 0.1817995 0.1682781
v 0.02347809 0.1820978 0.2742371
v 0.02288938 0.1823347 0.2741882
v 0.02274677 0.1826316 0.1682782
v 0.02264559 0.182906 0.2740701
v 0.0229902 0.1832206 0.1682782
v 0.02288926 0.1834773 0.2739516
v 0.02357903 0.1834639 0.1682784
v 0.02347809 0.1837142 0.2739027
v 0.02416751 0.1832204 0.1682783
v 0.02357903 0.1834639 0.1682784
v 0.02347809 0.1837142 0.2739027
v 0.0240666 0.1834775 0.2739517
v 0.02441141 0.1826321 0.1682784
v 0.02431017 0.1829063 0.2740702
v 0.02416751 0.1820433 0.1682783
v 0.0240666 0.1823347 0.2741883
v 0.02289462 0.1823647 0.05995607
v 0.02348331 0.1821281 0.05990627
v 0.0226509 0.1829357 0.06007724
v 0.02289474 0.1835066 0.06019825
v 0.02348343 0.1837433 0.06024848
v 0.02407181 0.1835067 0.06019831
v 0.02348343 0.1837433 0.06024848
v 0.02431574 0.1829358 0.06007737
v 0.02407202 0.1823649 0.05995621
v 0.0302043 0.1820434 0.1682786
v 0.03079274 0.1817996 0.1682785
v 0.03069192 0.182098 0.2741659
v 0.03010336 0.1823348 0.2741171
v 0.02996042 0.1826318 0.1682786
v 0.0298596 0.1829059 0.2739988
v 0.03020447 0.1832205 0.1682787
v 0.03010359 0.1834776 0.2738807
v 0.03079274 0.1834643 0.1682786
v 0.03069213 0.1837134 0.2738316
v 0.03138158 0.1832202 0.1682786
v 0.03079274 0.1834643 0.1682786
v 0.03069213 0.1837134 0.2738316
v 0.03128088 0.1834773 0.2738807
v 0.0316253 0.182632 0.1682788
v 0.03152436 0.1829063 0.273999
v 0.03138146 0.1820434 0.1682787
v 0.03128067 0.1823349 0.2741171
v 0.03010857 0.1823651 0.0598947
v 0.03069705 0.1821284 0.05984466
v 0.02986464 0.182936 0.06001587
v 0.03010857 0.183507 0.06013709
v 0.0306969 0.1837436 0.0601873
v 0.03128585 0.1835071 0.06013705
v 0.0306969 0.1837436 0.0601873
v 0.03152943 0.1829358 0.06001589
v 0.03128573 0.1823651 0.05989476
v 0.03741837 0.1820433 0.1682787
v 0.03800717 0.1817995 0.1682787
v 0.03790611 0.1820977 0.2741951
v 0.03731745 0.1823348 0.2741461
v 0.03717473 0.1826317 0.1682789
v 0.03707385 0.1829056 0.2740281
v 0.03741845 0.1832201 0.168279
v 0.03731743 0.1834774 0.2739097
v 0.03800717 0.183464 0.1682789
v 0.03790611 0.1837136 0.2738608
v 0.03859577 0.1832202 0.1682789
v 0.03800717 0.183464 0.1682789
v 0.03790611 0.1837136 0.2738608
v 0.03849462 0.1834772 0.2739097
v 0.03883934 0.182632 0.168279
v 0.03873843 0.1829059 0.2740282
v 0.03859565 0.1820434 0.1682787
v 0.03849441 0.1823345 0.2741461
v 0.03732285 0.1823649 0.05984634
v 0.03791124 0.1821287 0.05979635
v 0.03707892 0.1829361 0.05996768
v 0.03732258 0.1835069 0.06008884
v 0.03791144 0.1837437 0.0601389
v 0.03849989 0.183507 0.06008892
v 0.03791144 0.1837437 0.0601389
v 0.03874376 0.1829362 0.05996771
v 0.03849992 0.182365 0.05984639
v 0.04463235 0.1820431 0.168279
v 0.04522103 0.1817998 0.1682791
v 0.04511994 0.1820979 0.274202
v 0.04453146 0.1823348 0.2741531
v 0.04438847 0.1826317 0.1682789
v 0.04428762 0.1829063 0.2740349
v 0.04463243 0.1832207 0.1682789
v 0.04453146 0.1834775 0.2739167
v 0.045221 0.183464 0.1682791
v 0.04511994 0.1837142 0.2738677
v 0.04580945 0.1832204 0.1682789
v 0.045221 0.183464 0.1682791
v 0.04511994 0.1837142 0.2738677
v 0.04570854 0.1834774 0.2739166
v 0.0460532 0.1826318 0.1682791
v 0.04595223 0.1829062 0.274035
v 0.04580945 0.1820432 0.1682791
v 0.04570869 0.1823346 0.274153
v 0.04453656 0.182365 0.05992076
v 0.04512522 0.1821283 0.05987076
v 0.0442929 0.1829357 0.06004192
v 0.04453668 0.1835071 0.0601631
v 0.04512516 0.1837432 0.06021303
v 0.04571375 0.1835068 0.06016313
v 0.04512516 0.1837432 0.06021303
v 0.04595754 0.1829357 0.06004198
v 0.04571375 0.1823649 0.0599208
v -0.06297848 0.1625685 -0.1151182
v -0.06356722 0.1628121 -0.1151182
v -0.06368941 0.163223 -0.2535235
v -0.06310076 0.1629882 -0.2535874
v -0.06381103 0.1634009 -0.1151182
v -0.06393319 0.1637892 -0.2533687
v -0.06356722 0.1639893 -0.1151181
v -0.0636895 0.1643551 -0.2532139
v -0.06297851 0.164233 -0.1151181
v -0.06310073 0.1645896 -0.25315
v -0.06297851 0.164233 -0.1151181
v -0.06239012 0.1639894 -0.1151181
v -0.06251231 0.1643551 -0.2532139
v -0.06310073 0.1645896 -0.25315
v -0.06214625 0.1634009 -0.1151181
v -0.06226838 0.1637886 -0.2533688
v -0.06238997 0.1628122 -0.1151182
v -0.06251231 0.1632228 -0.2535235
v -0.06297377 0.1633362 -0.253803
v -0.06356251 0.1635787 -0.2537825
v -0.06356239 0.1635766 -0.2553603
v -0.06297356 0.1633329 -0.2553604
v -0.06380624 0.1641649 -0.2537332
v -0.06380624 0.164165 -0.2553604
v -0.06356245 0.164751 -0.2536839
v -0.06356227 0.1647536 -0.2553603
v -0.06297383 0.164994 -0.2536634
v -0.06297356 0.1649977 -0.2553601
v -0.06297383 0.164994 -0.2536634
v -0.06238526 0.1647514 -0.2536837
v -0.06238505 0.1647536 -0.2553603
v -0.06297356 0.1649977 -0.2553601
v -0.06214133 0.1641649 -0.2537332
v -0.06214127 0.1641653 -0.2553603
v -0.06238511 0.1635785 -0.2537823
v -0.06238505 0.1635764 -0.2553604
v -0.06295368 0.163229 -0.253756
v -0.06354719 0.1634594 -0.2537377
v -0.06380504 0.1640322 -0.2536353
v -0.06357589 0.1646118 -0.2535093
v -0.062994 0.1648587 -0.2534331
v -0.062994 0.1648587 -0.2534331
v -0.06240022 0.1646284 -0.2534515
v -0.06214261 0.1640561 -0.2535539
v -0.06237179 0.163476 -0.25368
v -0.06311038 0.1629584 0.0233511
v -0.06369925 0.1631931 0.02328701
v -0.06394288 0.1637593 0.02313256
v -0.06369919 0.1643253 0.02297795
v -0.0631105 0.1645596 0.02291384
v -0.0631105 0.1645596 0.02291384
v -0.0625219 0.1643253 0.02297802
v -0.06227818 0.1637596 0.02313264
v -0.06252185 0.1631929 0.023287
v -0.0629833 0.1633058 0.02356641
v -0.0629833 0.1633025 0.02512424
v -0.06357208 0.1635463 0.02512413
v -0.06357196 0.1635488 0.02354626
v -0.06381601 0.164135 0.02512428
v -0.06381592 0.1641351 0.02349702
v -0.0635722 0.1647237 0.02512433
v -0.06357208 0.1647214 0.02344783
v -0.06298339 0.1649671 0.02512445
v -0.06298324 0.1649641 0.02342762
v -0.06298324 0.1649641 0.02342762
v -0.06298339 0.1649671 0.02512445
v -0.06239492 0.1647235 0.0251244
v -0.0623948 0.1647213 0.02344792
v -0.06215101 0.1641349 0.02512437
v -0.06215099 0.164135 0.02349705
v -0.06239492 0.1635461 0.0251243
v -0.06239498 0.1635488 0.02354632
v -0.06296316 0.1631989 0.02351967
v -0.06355697 0.1634293 0.02350123
v -0.06381464 0.1640023 0.02339931
v -0.06358546 0.1645819 0.02327321
v -0.06300375 0.1648287 0.02319728
v -0.06300375 0.1648287 0.02319728
v -0.06240991 0.1645984 0.02321544
v -0.06215221 0.1640258 0.02331766
v -0.06238136 0.1634458 0.02344368
v 0.05184603 0.1820429 0.1682793
v 0.05243441 0.1817989 0.1682792
v 0.05233371 0.1820976 0.2742039
v 0.051745 0.1823346 0.274155
v 0.05160207 0.1826316 0.1682793
v 0.05150101 0.182906 0.2740368
v 0.051846 0.1832202 0.1682795
v 0.05174506 0.1834772 0.2739184
v 0.05243438 0.1834638 0.1682794
v 0.05233368 0.1837142 0.2738696
v 0.05302322 0.1832203 0.1682794
v 0.05243438 0.1834638 0.1682794
v 0.05233368 0.1837142 0.2738696
v 0.05292237 0.1834772 0.2739184
v 0.05326694 0.1826313 0.1682794
v 0.05316597 0.1829058 0.2740369
v 0.05302298 0.1820431 0.1682794
v 0.05292216 0.1823345 0.2741551
v 0.05175006 0.1823649 0.05985671
v 0.0523389 0.1821285 0.05980664
v 0.05150637 0.1829357 0.05997773
v 0.05175015 0.1835067 0.06009914
v 0.05233887 0.1837434 0.06014912
v 0.05292735 0.1835066 0.06009904
v 0.05233887 0.1837434 0.06014912
v 0.05317128 0.1829357 0.05997781
v 0.05292737 0.1823652 0.05985656
v 0.05905995 0.1820432 0.1682796
v 0.05964866 0.1817992 0.1682796
v 0.05954781 0.1820979 0.2742171
v 0.05895936 0.1823345 0.2741681
v 0.05881643 0.1826316 0.1682796
v 0.05871537 0.1829061 0.2740499
v 0.05905995 0.1832203 0.1682797
v 0.05895928 0.1834773 0.2739317
v 0.05964866 0.1834643 0.1682798
v 0.0595479 0.1837142 0.2738825
v 0.06023726 0.1832203 0.1682797
v 0.05964866 0.1834643 0.1682798
v 0.0595479 0.1837142 0.2738825
v 0.06013611 0.1834776 0.2739317
v 0.06048098 0.1826317 0.1682798
v 0.06038004 0.1829058 0.2740501
v 0.0602372 0.1820432 0.1682797
v 0.06013641 0.1823349 0.2741683
v 0.05896449 0.1823648 0.05996192
v 0.05955327 0.1821283 0.05991189
v 0.05872095 0.1829352 0.06008297
v 0.05896434 0.1835067 0.06020424
v 0.05955321 0.1837433 0.06025423
v 0.06014168 0.1835068 0.06020425
v 0.05955321 0.1837433 0.06025423
v 0.06038556 0.1829356 0.06008309
v 0.06014168 0.1823648 0.05996197
v 0.06627414 0.1820431 0.1682798
v 0.06686249 0.1817991 0.1682795
v 0.06676155 0.1820978 0.2742487
v 0.06617311 0.1823349 0.2741996
v 0.06603 0.1826317 0.1682798
v 0.06592906 0.1829062 0.2740814
v 0.06627393 0.1832203 0.1682797
v 0.06617311 0.1834775 0.2739629
v 0.06686252 0.1834643 0.1682799
v 0.06676155 0.183714 0.2739141
v 0.06745124 0.1832207 0.1682798
v 0.06686252 0.1834643 0.1682799
v 0.06676155 0.183714 0.2739141
v 0.0673503 0.1834774 0.2739631
v 0.06769475 0.1826315 0.1682798
v 0.06759423 0.1829059 0.2740815
v 0.06745109 0.1820433 0.1682796
v 0.0673503 0.1823348 0.2741996
v 0.06617832 0.1823645 0.06001881
v 0.06676701 0.1821279 0.05996867
v 0.06593454 0.1829355 0.06013989
v 0.06617832 0.1835067 0.06026082
v 0.06676692 0.1837432 0.06031075
v 0.0673556 0.1835067 0.06026086
v 0.06676692 0.1837432 0.06031075
v 0.06759945 0.1829351 0.06013998
v 0.0673556 0.1823649 0.06001882
v 0.09571922 0.1646908 0.02547176
v 0.02292359 0.1644868 0.02553079
v 0.02292374 0.1647303 0.02496603
v 0.09568578 0.1649302 0.02490699
v 0.02292359 0.1653191 0.02473184
v 0.0956043 0.1655074 0.02467276
v 0.02292374 0.1659077 0.02496608
v 0.09552303 0.1660847 0.02490708
v 0.02292374 0.1661512 0.02553093
v 0.0954895 0.1663234 0.02547179
v 0.0954895 0.1663234 0.02547179
v 0.02292374 0.1661512 0.02553093
v 0.0229238 0.1659074 0.02609584
v 0.09552309 0.1660843 0.02603687
v 0.0229235 0.1653188 0.02632968
v 0.0956043 0.1655073 0.02627078
v 0.02292374 0.1647304 0.02609563
v 0.09568548 0.1649302 0.0260368
v -0.09863061 0.164828 0.02542377
v -0.09857422 0.1650638 0.02485883
v -0.09843838 0.1656331 0.02462491
v -0.09830284 0.166203 0.0248591
v -0.09824651 0.166439 0.02542397
v -0.09824651 0.166439 0.02542397
v -0.09830287 0.1662027 0.02598897
v -0.09843844 0.165633 0.02622277
v -0.09857413 0.1650639 0.02598882
v -0.09183443 0.1625683 -0.115119
v -0.09242308 0.1628123 -0.1151191
v -0.09254518 0.1632228 -0.2535242
v -0.09195662 0.1629882 -0.2535883
v -0.09266651 0.1634005 -0.115119
v -0.09278902 0.1637891 -0.2533696
v -0.09242302 0.1639893 -0.115119
v -0.09254521 0.164355 -0.2532148
v -0.09183428 0.1642328 -0.1151189
v -0.0919567 0.1645896 -0.2531511
v -0.09183428 0.1642328 -0.1151189
v -0.09124583 0.1639894 -0.1151189
v -0.09136826 0.1643552 -0.2532148
v -0.0919567 0.1645896 -0.2531511
v -0.09100196 0.1634007 -0.1151189
v -0.09112439 0.163789 -0.2533695
v -0.09124583 0.1628122 -0.1151189
v -0.09136823 0.163223 -0.2535242
v -0.09182963 0.1633359 -0.2538038
v -0.09241822 0.1635786 -0.2537833
v -0.09241816 0.1635765 -0.2553614
v -0.09182942 0.1633327 -0.2553614
v -0.09266168 0.164165 -0.2537341
v -0.09266162 0.1641651 -0.2553612
v -0.09241834 0.1647511 -0.2536846
v -0.09241816 0.1647536 -0.2553611
v -0.09182951 0.1649941 -0.2536643
v -0.09182942 0.1649973 -0.2553612
v -0.09182951 0.1649941 -0.2536643
v -0.09124103 0.1647511 -0.2536846
v -0.09124097 0.1647536 -0.255361
v -0.09182942 0.1649973 -0.2553612
v -0.09099719 0.1641648 -0.253734
v -0.09099716 0.1641653 -0.2553611
v -0.09124115 0.1635785 -0.2537832
v -0.09124094 0.1635766 -0.2553613
v -0.09180939 0.163229 -0.2537569
v -0.09240317 0.1634594 -0.2537386
v -0.09266084 0.1640322 -0.2536361
v -0.09243158 0.1646118 -0.25351
v -0.09184965 0.1648588 -0.2534339
v -0.09184965 0.1648588 -0.2534339
v -0.09125605 0.1646286 -0.2534524
v -0.09099862 0.1640558 -0.2535548
v -0.09122756 0.1634758 -0.2536808
v -0.09196633 0.1629582 0.02335021
v -0.09255478 0.163193 0.02328607
v -0.09279871 0.163759 0.02313165
v -0.09255478 0.1643253 0.02297708
v -0.09196633 0.1645598 0.02291296
v -0.09196633 0.1645598 0.02291296
v -0.09137782 0.164325 0.02297704
v -0.0911338 0.1637594 0.02313176
v -0.09137779 0.1631929 0.02328618
v -0.09183931 0.1633054 0.02356575
v -0.09183928 0.1633025 0.02512348
v -0.09242803 0.1635463 0.02512324
v -0.09242776 0.1635488 0.02354535
v -0.09267136 0.1641349 0.02512345
v -0.09267136 0.1641349 0.02349617
v -0.09242791 0.1647233 0.02512351
v -0.09242791 0.1647212 0.02344701
v -0.09183922 0.1649671 0.02512351
v -0.09183908 0.1649638 0.02342677
v -0.09183908 0.1649638 0.02342677
v -0.09183922 0.1649671 0.02512351
v -0.09125084 0.1647235 0.02512349
v -0.09125057 0.1647213 0.02344716
v -0.09100688 0.1641347 0.02512354
v -0.09100679 0.1641349 0.0234962
v -0.09125063 0.1635462 0.02512336
v -0.09125084 0.1635485 0.02354546
v -0.09181908 0.1631988 0.0235188
v -0.0924128 0.1634293 0.02350038
v -0.0926705 0.1640022 0.0233984
v -0.0924412 0.1645819 0.02327244
v -0.09185925 0.1648291 0.02319627
v -0.09185925 0.1648291 0.02319627
v -0.09126574 0.1645983 0.02321458
v -0.09100795 0.1640258 0.0233168
v -0.09123725 0.1634457 0.02344279
v 0.08851436 0.1635683 -0.1151129
v 0.08792564 0.1638119 -0.1151129
v 0.08780345 0.1642225 -0.2535182
v 0.08839199 0.1639881 -0.2535819
v 0.08768186 0.1644 -0.1151128
v 0.08755982 0.1647886 -0.2533634
v 0.0879257 0.1649892 -0.1151128
v 0.08780345 0.165355 -0.2532088
v 0.08851436 0.1652327 -0.1151128
v 0.08839199 0.1655894 -0.2531448
v 0.08851436 0.1652327 -0.1151128
v 0.08910289 0.1649891 -0.1151127
v 0.08898056 0.1653551 -0.2532086
v 0.08839199 0.1655894 -0.2531448
v 0.08934674 0.1644003 -0.1151128
v 0.08922452 0.1647887 -0.2533634
v 0.0891028 0.163812 -0.1151128
v 0.08898056 0.1642229 -0.2535182
v 0.0885193 0.1643356 -0.2537977
v 0.08793056 0.1645785 -0.2537773
v 0.08793062 0.1645764 -0.2553551
v 0.08851925 0.1643326 -0.2553551
v 0.08768663 0.1651647 -0.2537279
v 0.08768678 0.1651649 -0.2553551
v 0.08793056 0.1657512 -0.2536785
v 0.08793062 0.1657538 -0.2553551
v 0.08851916 0.1659938 -0.2536582
v 0.0885193 0.1659974 -0.255355
v 0.08851916 0.1659938 -0.2536582
v 0.08910778 0.1657507 -0.2536786
v 0.08910769 0.1657537 -0.2553551
v 0.0885193 0.1659974 -0.255355
v 0.08935162 0.1651648 -0.2537279
v 0.08935174 0.1651649 -0.2553551
v 0.08910769 0.1645782 -0.253777
v 0.08910784 0.1645764 -0.2553551
v 0.08853939 0.1642289 -0.2537508
v 0.08794567 0.1644594 -0.2537323
v 0.08768797 0.1650318 -0.25363
v 0.08791712 0.1656116 -0.253504
v 0.08849889 0.165859 -0.2534277
v 0.08849889 0.165859 -0.2534277
v 0.08909258 0.1656284 -0.2534463
v 0.08935025 0.1650555 -0.2535485
v 0.08912122 0.1644758 -0.2536746
v 0.08838239 0.1639583 0.02335636
v 0.08779377 0.1641929 0.02329226
v 0.08755022 0.1647589 0.02313781
v 0.08779383 0.1653248 0.02298304
v 0.08838236 0.1655594 0.02291903
v 0.08838236 0.1655594 0.02291903
v 0.08897105 0.1653253 0.02298319
v 0.0892148 0.1647589 0.02313785
v 0.08897087 0.1641931 0.02329236
v 0.08850956 0.1643054 0.0235718
v 0.08850962 0.164302 0.02512947
v 0.08792076 0.164546 0.02512963
v 0.08792093 0.1645487 0.02355155
v 0.08767697 0.1651348 0.02512959
v 0.08767697 0.1651349 0.02350217
v 0.08792093 0.165723 0.02512966
v 0.08792096 0.1657212 0.02345318
v 0.08850947 0.1659673 0.02512963
v 0.08850962 0.1659639 0.02343279
v 0.08850962 0.1659639 0.02343279
v 0.08850947 0.1659673 0.02512963
v 0.0890981 0.1657231 0.02512971
v 0.0890981 0.1657212 0.02345316
v 0.08934194 0.1651346 0.02512963
v 0.08934185 0.1651345 0.02350229
v 0.08909807 0.1645457 0.02512962
v 0.0890981 0.1645485 0.02355158
v 0.08852971 0.164199 0.02352493
v 0.08793589 0.1644295 0.02350651
v 0.08767837 0.165002 0.02340443
v 0.08790749 0.1655816 0.02327852
v 0.0884892 0.1658286 0.02320245
v 0.0884892 0.1658286 0.02320245
v 0.08908305 0.1655982 0.02322066
v 0.08934069 0.1650252 0.0233229
v 0.08911157 0.1644457 0.02344899
v 0.08130041 0.1635682 -0.115113
v 0.08071193 0.1638121 -0.115113
v 0.08058962 0.1642228 -0.253518
v 0.08117813 0.1639883 -0.2535819
v 0.08046809 0.1644005 -0.1151129
v 0.08034572 0.1647889 -0.2533634
v 0.08071202 0.1649891 -0.1151128
v 0.08058947 0.165355 -0.2532086
v 0.08130038 0.1652328 -0.1151128
v 0.08117822 0.1655896 -0.2531448
v 0.08130038 0.1652328 -0.1151128
v 0.081889 0.1649891 -0.1151127
v 0.08176681 0.1653547 -0.2532086
v 0.08117822 0.1655896 -0.2531448
v 0.0821327 0.1644004 -0.1151127
v 0.08201054 0.1647887 -0.2533633
v 0.081889 0.1638121 -0.1151128
v 0.08176681 0.164223 -0.2535181
v 0.08130518 0.1643355 -0.2537976
v 0.08071682 0.1645782 -0.2537771
v 0.08071688 0.1645764 -0.2553551
v 0.08130527 0.1643327 -0.2553551
v 0.08047283 0.165165 -0.2537279
v 0.08047318 0.1651649 -0.2553551
v 0.08071673 0.1657511 -0.2536785
v 0.08071679 0.1657538 -0.255355
v 0.08130521 0.1659938 -0.2536582
v 0.08130527 0.1659976 -0.2553549
v 0.08130521 0.1659938 -0.2536582
v 0.0818938 0.1657512 -0.2536784
v 0.08189407 0.1657536 -0.2553549
v 0.08130527 0.1659976 -0.2553549
v 0.08213758 0.1651649 -0.2537278
v 0.08213776 0.1651651 -0.255355
v 0.08189401 0.1645783 -0.253777
v 0.08189398 0.1645765 -0.2553551
v 0.08132535 0.164229 -0.2537507
v 0.08073163 0.1644593 -0.2537322
v 0.08047411 0.1650317 -0.2536299
v 0.08070314 0.1656119 -0.2535039
v 0.08128503 0.1658588 -0.2534277
v 0.08128503 0.1658588 -0.2534277
v 0.08187878 0.1656286 -0.2534462
v 0.08213651 0.1650559 -0.2535484
v 0.08190715 0.1644759 -0.2536747
v 0.08116853 0.1639586 0.02335639
v 0.08057997 0.164193 0.02329226
v 0.08033612 0.164759 0.02313781
v 0.08057985 0.165325 0.02298321
v 0.08116853 0.1655596 0.02291915
v 0.08116853 0.1655596 0.02291915
v 0.08175728 0.1653254 0.0229833
v 0.08200091 0.1647591 0.02313788
v 0.08175728 0.1641931 0.02329233
v 0.08129552 0.1643058 0.02357195
v 0.08129552 0.1643024 0.0251296
v 0.08070698 0.1645457 0.02512954
v 0.08070704 0.1645485 0.02355157
v 0.0804632 0.1651348 0.02512945
v 0.08046332 0.1651349 0.02350216
v 0.08070704 0.1657232 0.02512963
v 0.08070725 0.1657213 0.02345309
v 0.08129552 0.1659673 0.02512972
v 0.08129564 0.1659639 0.02343284
v 0.08129564 0.1659639 0.02343284
v 0.08129552 0.1659673 0.02512972
v 0.08188432 0.1657232 0.02512965
v 0.08188418 0.1657212 0.02345316
v 0.08212781 0.1651347 0.02512975
v 0.08212781 0.1651349 0.02350228
v 0.08188432 0.164546 0.02512962
v 0.08188418 0.1645488 0.02355157
v 0.08131567 0.164199 0.02352498
v 0.08072194 0.1644292 0.02350648
v 0.08046442 0.165002 0.02340445
v 0.08069357 0.1655818 0.02327849
v 0.08127537 0.1658288 0.02320257
v 0.08127537 0.1658288 0.02320257
v 0.08186913 0.1655985 0.02322072
v 0.08212692 0.1650254 0.02332298
v 0.08189771 0.1644458 0.0234489
v 0.07408673 0.1635681 -0.1151134
v 0.0734981 0.1638122 -0.1151134
v 0.07337558 0.1642228 -0.2535186
v 0.07396439 0.1639884 -0.2535824
v 0.07325441 0.1644004 -0.1151133
v 0.07313201 0.1647888 -0.2533638
v 0.07349795 0.1649892 -0.1151134
v 0.07337576 0.1653551 -0.2532093
v 0.07408658 0.1652332 -0.1151134
v 0.07396433 0.1655895 -0.2531453
v 0.07408658 0.1652332 -0.1151134
v 0.07467517 0.1649891 -0.1151133
v 0.07455286 0.1653553 -0.2532092
v 0.07396433 0.1655895 -0.2531453
v 0.0749191 0.1644002 -0.1151133
v 0.0747968 0.1647888 -0.2533638
v 0.07467514 0.1638122 -0.1151134
v 0.0745528 0.1642228 -0.2535186
v 0.07409161 0.1643356 -0.2537981
v 0.07350278 0.1645786 -0.2537774
v 0.07350305 0.1645765 -0.2553555
v 0.07409164 0.1643325 -0.2553555
v 0.0732592 0.1651649 -0.2537285
v 0.07325926 0.165165 -0.2553556
v 0.07350278 0.1657512 -0.253679
v 0.07350284 0.1657536 -0.2553555
v 0.07409158 0.1659939 -0.2536586
v 0.07409158 0.1659974 -0.2553554
v 0.07409158 0.1659939 -0.2536586
v 0.07467997 0.165751 -0.253679
v 0.07468024 0.1657536 -0.2553554
v 0.07409158 0.1659974 -0.2553554
v 0.0749239 0.1651647 -0.2537283
v 0.07492408 0.165165 -0.2553555
v 0.07467997 0.1645785 -0.2537774
v 0.07468009 0.1645765 -0.2553555
v 0.07411167 0.1642292 -0.2537513
v 0.07351795 0.1644594 -0.2537327
v 0.07326016 0.165032 -0.2536306
v 0.07348967 0.1656116 -0.2535045
v 0.07407138 0.1658588 -0.2534283
v 0.07407138 0.1658588 -0.2534283
v 0.07466483 0.1656286 -0.2534467
v 0.07492256 0.1650558 -0.253549
v 0.0746935 0.1644763 -0.2536751
v 0.0739547 0.1639584 0.02335593
v 0.07336608 0.1641931 0.02329183
v 0.07312247 0.1647587 0.02313738
v 0.07336614 0.1653252 0.02298263
v 0.0739547 0.1655595 0.02291872
v 0.0739547 0.1655595 0.02291872
v 0.0745433 0.1653252 0.02298266
v 0.07478702 0.1647592 0.02313739
v 0.07454339 0.1641932 0.02329181
v 0.07408202 0.1643056 0.0235714
v 0.07408196 0.164302 0.02512908
v 0.07349321 0.1645463 0.02512911
v 0.07349321 0.1645488 0.02355103
v 0.07324952 0.1651345 0.02512921
v 0.07324967 0.1651346 0.02350172
v 0.07349309 0.1657234 0.02512914
v 0.0734933 0.1657211 0.02345265
v 0.07408181 0.1659669 0.02512926
v 0.07408205 0.1659638 0.0234324
v 0.07408205 0.1659638 0.0234324
v 0.07408181 0.1659669 0.02512926
v 0.07467034 0.1657232 0.02512914
v 0.07467034 0.165721 0.0234527
v 0.07491413 0.1651349 0.02512899
v 0.07491428 0.1651347 0.02350171
v 0.07467034 0.1645463 0.02512912
v 0.07467034 0.1645488 0.02355112
v 0.07410198 0.1641991 0.02352446
v 0.07350835 0.1644293 0.02350608
v 0.07325059 0.165002 0.02340406
v 0.07347986 0.1655817 0.02327807
v 0.07406175 0.165829 0.02320199
v 0.07406175 0.165829 0.02320199
v 0.07465518 0.1655986 0.02322017
v 0.07491302 0.1650253 0.02332254
v 0.07468385 0.1644457 0.02344836
v 0.06687215 0.1635681 -0.1151134
v 0.06628367 0.1638121 -0.1151134
v 0.06616136 0.1642228 -0.2535185
v 0.06674987 0.1639883 -0.2535825
v 0.06603983 0.1644004 -0.1151135
v 0.06591743 0.1647887 -0.253364
v 0.0662837 0.164989 -0.1151135
v 0.06616151 0.1653548 -0.2532092
v 0.06687227 0.1652327 -0.1151133
v 0.06674987 0.1655895 -0.2531452
v 0.06687227 0.1652327 -0.1151133
v 0.06746086 0.1649892 -0.1151132
v 0.06733871 0.1653547 -0.2532093
v 0.06674987 0.1655895 -0.2531452
v 0.06770453 0.1644002 -0.1151133
v 0.06758255 0.1647888 -0.2533638
v 0.06746095 0.1638119 -0.1151135
v 0.06733859 0.1642228 -0.2535186
v 0.06687692 0.1643359 -0.2537982
v 0.06628841 0.1645784 -0.2537776
v 0.06628856 0.164576 -0.2553557
v 0.06687722 0.1643325 -0.2553556
v 0.06604469 0.1651645 -0.2537284
v 0.06604475 0.1651649 -0.2553556
v 0.06628856 0.1657507 -0.253679
v 0.06628856 0.1657536 -0.2553555
v 0.06687695 0.165994 -0.2536588
v 0.06687713 0.1659974 -0.2553555
v 0.06687695 0.165994 -0.2536588
v 0.06746575 0.1657511 -0.253679
v 0.06746581 0.1657535 -0.2553556
v 0.06687713 0.1659974 -0.2553555
v 0.06770933 0.1651647 -0.2537284
v 0.06770954 0.1651649 -0.2553556
v 0.06746566 0.1645786 -0.2537776
v 0.06746578 0.1645764 -0.2553555
v 0.06689721 0.164229 -0.2537513
v 0.06630352 0.1644591 -0.2537329
v 0.06604597 0.1650319 -0.2536306
v 0.06627503 0.1656115 -0.2535045
v 0.06685692 0.1658588 -0.2534283
v 0.06685692 0.1658588 -0.2534283
v 0.06745052 0.1656285 -0.2534468
v 0.06770828 0.1650558 -0.253549
v 0.06747898 0.164476 -0.2536752
v 0.06674019 0.1639583 0.02335584
v 0.06615171 0.164193 0.02329169
v 0.06590787 0.164759 0.02313736
v 0.06615189 0.165325 0.0229827
v 0.06674036 0.1655595 0.02291861
v 0.06674036 0.1655595 0.02291861
v 0.06732896 0.1653249 0.02298276
v 0.0675728 0.164759 0.02313738
v 0.06732878 0.164193 0.02329184
v 0.06686741 0.1643052 0.02357133
v 0.06686726 0.164302 0.02512906
v 0.06627882 0.1645457 0.02512905
v 0.06627882 0.1645482 0.02355106
v 0.06603506 0.1651347 0.02512895
v 0.06603509 0.1651346 0.02350169
v 0.06627879 0.1657231 0.02512908
v 0.06627882 0.1657211 0.02345267
v 0.06686723 0.1659669 0.02512923
v 0.06686741 0.1659638 0.02343237
v 0.06686741 0.1659638 0.02343237
v 0.06686723 0.1659669 0.02512923
v 0.06745607 0.1657231 0.02512906
v 0.06745607 0.1657211 0.02345252
v 0.06769976 0.1651344 0.02512908
v 0.06769976 0.1651347 0.02350178
v 0.06745607 0.164546 0.02512908
v 0.06745607 0.1645485 0.02355108
v 0.06688741 0.1641989 0.02352442
v 0.06629384 0.164429 0.02350602
v 0.06603628 0.1650019 0.02340402
v 0.06626543 0.1655814 0.02327801
v 0.06684732 0.165829 0.0232019
v 0.06684732 0.165829 0.0232019
v 0.06744087 0.1655985 0.02322026
v 0.06769881 0.1650254 0.02332227
v 0.06746954 0.1644457 0.02344839
v 0.05965874 0.1635686 -0.1151138
v 0.05906993 0.1638122 -0.1151138
v 0.05894792 0.164223 -0.253519
v 0.05953637 0.1639884 -0.253583
v 0.05882639 0.1644006 -0.1151137
v 0.05870399 0.164789 -0.2533643
v 0.05906993 0.1649892 -0.1151137
v 0.05894783 0.165355 -0.2532095
v 0.05965868 0.165233 -0.1151137
v 0.05953637 0.1655899 -0.2531458
v 0.05965868 0.165233 -0.1151137
v 0.06024712 0.1649895 -0.1151137
v 0.06012487 0.1653549 -0.2532096
v 0.05953637 0.1655899 -0.2531458
v 0.06049094 0.1644004 -0.1151137
v 0.06036881 0.1647887 -0.2533643
v 0.06024712 0.163812 -0.1151137
v 0.06012487 0.164223 -0.2535191
v 0.05966356 0.1643358 -0.2537987
v 0.05907497 0.1645783 -0.2537781
v 0.05907494 0.1645763 -0.2553559
v 0.05966362 0.1643324 -0.255356
v 0.0588313 0.1651649 -0.2537289
v 0.05883116 0.1651652 -0.255356
v 0.05907476 0.1657509 -0.2536793
v 0.05907482 0.1657535 -0.255356
v 0.05966333 0.1659937 -0.2536591
v 0.05966368 0.1659978 -0.2553559
v 0.05966333 0.1659937 -0.2536591
v 0.06025192 0.1657512 -0.2536792
v 0.06025213 0.1657536 -0.255356
v 0.05966368 0.1659978 -0.2553559
v 0.06049579 0.1651646 -0.2537287
v 0.06049585 0.165165 -0.2553559
v 0.06025201 0.1645784 -0.2537779
v 0.06025216 0.1645766 -0.255356
v 0.0596835 0.1642292 -0.2537516
v 0.05908999 0.1644595 -0.2537332
v 0.05883217 0.1650317 -0.2536309
v 0.0590615 0.1656115 -0.2535049
v 0.05964342 0.1658587 -0.2534286
v 0.05964342 0.1658587 -0.2534286
v 0.06023705 0.1656286 -0.2534472
v 0.06049472 0.1650556 -0.2535496
v 0.06026551 0.1644757 -0.2536755
v 0.05952674 0.1639585 0.02335547
v 0.05893824 0.164193 0.02329138
v 0.05869442 0.1647592 0.02313693
v 0.05893824 0.1653253 0.02298231
v 0.0595268 0.1655599 0.02291837
v 0.0595268 0.1655599 0.02291837
v 0.06011519 0.1653253 0.02298236
v 0.060359 0.164759 0.02313703
v 0.06011528 0.164193 0.02329148
v 0.05965388 0.1643055 0.02357094
v 0.05965379 0.1643021 0.02512863
v 0.0590651 0.1645458 0.02512871
v 0.05906519 0.1645485 0.02355072
v 0.05882141 0.1651348 0.02512869
v 0.05882171 0.1651346 0.02350132
v 0.05906519 0.1657234 0.02512869
v 0.0590651 0.1657211 0.02345221
v 0.05965373 0.1659671 0.0251288
v 0.05965388 0.165964 0.02343191
v 0.05965388 0.165964 0.02343191
v 0.05965373 0.1659671 0.0251288
v 0.06024238 0.1657231 0.02512884
v 0.06024233 0.1657213 0.02345227
v 0.06048614 0.1651347 0.02512878
v 0.0604862 0.1651347 0.02350147
v 0.06024238 0.164546 0.02512863
v 0.06024233 0.1645486 0.02355066
v 0.05967402 0.1641992 0.02352409
v 0.0590803 0.1644292 0.02350572
v 0.05882254 0.1650023 0.02340364
v 0.05905187 0.1655818 0.02327766
v 0.05963373 0.1658288 0.02320156
v 0.05963373 0.1658288 0.02320156
v 0.06022748 0.1655986 0.02321981
v 0.06048504 0.1650257 0.02332206
v 0.06025583 0.1644458 0.02344809
v -0.0701924 0.1625684 -0.1151182
v -0.07078096 0.1628121 -0.1151183
v -0.07090318 0.1632229 -0.2535234
v -0.07031479 0.1629884 -0.2535873
v -0.07102486 0.1634008 -0.1151183
v -0.07114705 0.1637891 -0.2533687
v -0.07078105 0.1639894 -0.1151181
v -0.07090312 0.1643549 -0.2532139
v -0.0701924 0.1642329 -0.1151182
v -0.07031474 0.1645899 -0.25315
v -0.0701924 0.1642329 -0.1151182
v -0.06960374 0.1639895 -0.1151181
v -0.06972605 0.164355 -0.2532139
v -0.07031474 0.1645899 -0.25315
v -0.06936017 0.1634009 -0.1151182
v -0.06948242 0.163789 -0.2533686
v -0.06960365 0.1628122 -0.1151182
v -0.06972605 0.1632229 -0.2535233
v -0.07018766 0.1633357 -0.2538029
v -0.07077613 0.1635785 -0.2537825
v -0.07077599 0.1635766 -0.2553605
v -0.07018745 0.1633326 -0.2553604
v -0.07102004 0.1641651 -0.2537332
v -0.0710198 0.1641653 -0.2553605
v -0.07077625 0.1647514 -0.2536839
v -0.07077599 0.1647538 -0.2553603
v -0.07018775 0.1649941 -0.2536634
v -0.07018748 0.1649975 -0.2553602
v -0.07018775 0.1649941 -0.2536634
v -0.06959894 0.1647513 -0.2536837
v -0.06959885 0.1647537 -0.2553602
v -0.07018748 0.1649975 -0.2553602
v -0.06935528 0.164165 -0.2537331
v -0.06935522 0.1641653 -0.2553602
v -0.06959894 0.1635786 -0.2537823
v -0.06959888 0.1635765 -0.2553604
v -0.0701676 0.1632289 -0.2537561
v -0.07076123 0.1634592 -0.2537376
v -0.07101873 0.1640322 -0.2536353
v -0.07078961 0.1646116 -0.2535092
v -0.0702078 0.1648591 -0.2534331
v -0.0702078 0.1648591 -0.2534331
v -0.06961408 0.1646285 -0.2534515
v -0.06935632 0.164056 -0.2535539
v -0.06958577 0.1634759 -0.25368
v -0.07032433 0.1629581 0.023351
v -0.07091287 0.163193 0.02328695
v -0.07115662 0.1637592 0.02313253
v -0.07091293 0.1643252 0.02297793
v -0.07032442 0.1645598 0.02291387
v -0.07032442 0.1645598 0.02291387
v -0.06973565 0.1643252 0.02297796
v -0.0694921 0.1637589 0.02313253
v -0.0697355 0.1631928 0.02328701
v -0.07019734 0.1633059 0.02356659
v -0.07019728 0.1633021 0.02512425
v -0.07078582 0.1635463 0.02512415
v -0.07078567 0.1635485 0.02354619
v -0.07102966 0.1641349 0.02512425
v -0.0710296 0.1641348 0.02349691
v -0.07078585 0.1647232 0.02512431
v -0.07078567 0.1647211 0.02344787
v -0.07019734 0.164967 0.02512437
v -0.07019722 0.164964 0.02342755
v -0.07019722 0.164964 0.02342755
v -0.07019734 0.164967 0.02512437
v -0.06960863 0.1647232 0.0251244
v -0.06960863 0.1647214 0.02344787
v -0.06936491 0.1641347 0.02512443
v -0.06936494 0.1641349 0.02349703
v -0.06960869 0.1635462 0.02512427
v -0.06960854 0.1635486 0.02354629
v -0.0701772 0.1631989 0.02351967
v -0.07077071 0.1634294 0.0235012
v -0.07102832 0.1640021 0.02339916
v -0.07079932 0.1645819 0.02327323
v -0.07021734 0.164829 0.02319711
v -0.07021734 0.164829 0.02319711
v -0.06962386 0.1645987 0.02321544
v -0.06936589 0.1640257 0.02331761
v -0.06959519 0.1634462 0.02344361
v 0.05244458 0.163568 -0.1151139
v 0.05185619 0.163812 -0.115114
v 0.05173373 0.1642233 -0.2535192
v 0.05232254 0.1639883 -0.2535831
v 0.05161232 0.1644002 -0.115114
v 0.05149013 0.1647889 -0.2533644
v 0.05185619 0.164989 -0.1151138
v 0.05173385 0.1653549 -0.2532096
v 0.05244479 0.1652327 -0.1151138
v 0.05232263 0.1655897 -0.2531458
v 0.05244479 0.1652327 -0.1151138
v 0.05303332 0.1649895 -0.1151138
v 0.05291098 0.165355 -0.2532098
v 0.05232263 0.1655897 -0.2531458
v 0.05327722 0.1644006 -0.1151138
v 0.05315498 0.1647887 -0.2533644
v 0.05303329 0.1638122 -0.1151139
v 0.05291113 0.1642227 -0.2535191
v 0.05244949 0.1643355 -0.2537987
v 0.05186099 0.1645783 -0.2537781
v 0.05186105 0.1645762 -0.2553562
v 0.05244949 0.1643323 -0.255356
v 0.05161721 0.1651648 -0.2537289
v 0.05161726 0.1651651 -0.2553563
v 0.05186093 0.165751 -0.2536795
v 0.05186105 0.1657535 -0.2553561
v 0.05244952 0.1659938 -0.2536593
v 0.05244958 0.1659976 -0.255356
v 0.05244952 0.1659938 -0.2536593
v 0.05303812 0.1657511 -0.2536795
v 0.0530383 0.1657538 -0.255356
v 0.05244958 0.1659976 -0.255356
v 0.05328202 0.1651647 -0.2537289
v 0.05328211 0.1651649 -0.255356
v 0.05303824 0.1645782 -0.2537782
v 0.05303839 0.1645762 -0.2553561
v 0.05246979 0.1642289 -0.2537518
v 0.05187607 0.1644593 -0.2537335
v 0.0516184 0.1650319 -0.2536311
v 0.05184758 0.1656117 -0.253505
v 0.05242938 0.1658587 -0.2534289
v 0.05242938 0.1658587 -0.2534289
v 0.05302286 0.1656286 -0.2534474
v 0.05328074 0.1650557 -0.2535496
v 0.0530518 0.1644759 -0.2536758
v 0.05231297 0.1639584 0.02335529
v 0.05172431 0.1641932 0.02329117
v 0.05148047 0.1647589 0.02313673
v 0.05172426 0.165325 0.02298217
v 0.052313 0.1655599 0.02291806
v 0.052313 0.1655599 0.02291806
v 0.05290145 0.165325 0.02298217
v 0.05314523 0.1647591 0.02313696
v 0.05290148 0.164193 0.0232913
v 0.05243996 0.1643055 0.02357084
v 0.05243972 0.1643024 0.02512857
v 0.05185136 0.164546 0.0251286
v 0.05185142 0.1645482 0.0235506
v 0.05160743 0.1651347 0.02512851
v 0.05160752 0.1651348 0.0235011
v 0.05185142 0.1657234 0.02512862
v 0.05185142 0.1657209 0.02345215
v 0.05243981 0.1659672 0.02512872
v 0.0524399 0.1659638 0.02343181
v 0.0524399 0.1659638 0.02343181
v 0.05243981 0.1659672 0.02512872
v 0.05302855 0.1657231 0.02512865
v 0.05302855 0.1657212 0.02345212
v 0.05327249 0.1651347 0.02512859
v 0.05327249 0.1651349 0.0235011
v 0.05302855 0.1645461 0.02512859
v 0.05302864 0.1645485 0.02355053
v 0.05246034 0.1641991 0.02352388
v 0.05186656 0.1644292 0.02350543
v 0.05160883 0.1650019 0.0234036
v 0.05183798 0.1655817 0.02327754
v 0.05241975 0.165829 0.0232015
v 0.05241975 0.165829 0.0232015
v 0.0530135 0.1655985 0.0232197
v 0.05327114 0.1650257 0.02332197
v 0.05304211 0.1644459 0.02344792
v 0.04523057 0.163568 -0.1151144
v 0.04464227 0.1638118 -0.1151143
v 0.04451972 0.1642228 -0.2535196
v 0.04510835 0.1639883 -0.2535834
v 0.04439828 0.1644003 -0.1151143
v 0.04427597 0.1647885 -0.2533649
v 0.04464227 0.164989 -0.1151143
v 0.04452002 0.1653548 -0.2532102
v 0.04523066 0.1652328 -0.1151141
v 0.04510841 0.1655892 -0.2531462
v 0.04523066 0.1652328 -0.1151141
v 0.04581916 0.164989 -0.1151142
v 0.04569706 0.1653547 -0.2532099
v 0.04510841 0.1655892 -0.2531462
v 0.04606283 0.1644 -0.1151142
v 0.04594079 0.1647889 -0.2533647
v 0.04581922 0.1638118 -0.1151143
v 0.04569706 0.1642226 -0.2535195
v 0.04523546 0.1643355 -0.253799
v 0.04464707 0.1645781 -0.2537785
v 0.04464716 0.164576 -0.2553565
v 0.04523551 0.1643323 -0.2553566
v 0.04440317 0.1651646 -0.2537295
v 0.04440323 0.1651646 -0.2553566
v 0.04464698 0.1657507 -0.25368
v 0.04464713 0.1657536 -0.2553564
v 0.04523546 0.1659939 -0.2536597
v 0.04523557 0.1659973 -0.2553564
v 0.04523546 0.1659939 -0.2536597
v 0.04582402 0.1657508 -0.2536799
v 0.04582408 0.165753 -0.2553566
v 0.04523557 0.1659973 -0.2553564
v 0.04606774 0.1651646 -0.2537292
v 0.04606804 0.1651647 -0.2553565
v 0.04582402 0.1645783 -0.2537785
v 0.04582411 0.1645761 -0.2553565
v 0.0452556 0.1642289 -0.2537522
v 0.04466197 0.164459 -0.2537338
v 0.04440409 0.1650319 -0.2536315
v 0.04463339 0.1656117 -0.2535053
v 0.0452154 0.1658583 -0.2534292
v 0.0452154 0.1658583 -0.2534292
v 0.045809 0.1656283 -0.2534475
v 0.04606643 0.1650555 -0.2535499
v 0.04583743 0.1644758 -0.2536761
v 0.04509881 0.1639581 0.02335498
v 0.04451019 0.1641928 0.02329086
v 0.0442664 0.1647588 0.02313642
v 0.04451033 0.1653248 0.02298182
v 0.04509878 0.1655595 0.0229177
v 0.04509878 0.1655595 0.0229177
v 0.04568753 0.165325 0.02298184
v 0.0459311 0.1647588 0.02313647
v 0.04568753 0.1641929 0.02329093
v 0.04522592 0.1643053 0.02357042
v 0.04522577 0.1643022 0.02512828
v 0.04463729 0.164546 0.02512816
v 0.04463738 0.1645484 0.02355008
v 0.04439348 0.1651346 0.02512816
v 0.0443936 0.1651346 0.02350089
v 0.04463729 0.1657229 0.02512819
v 0.04463741 0.165721 0.02345173
v 0.04522568 0.1659671 0.02512838
v 0.04522592 0.1659637 0.02343142
v 0.04522592 0.1659637 0.02343142
v 0.04522568 0.1659671 0.02512838
v 0.04581428 0.1657233 0.02512828
v 0.04581437 0.165721 0.02345166
v 0.04605815 0.1651343 0.02512825
v 0.04605821 0.1651345 0.02350086
v 0.04581437 0.1645457 0.0251283
v 0.04581428 0.1645485 0.02355018
v 0.04524598 0.1641987 0.0235236
v 0.0446524 0.1644289 0.02350511
v 0.04439467 0.165002 0.02340309
v 0.04462394 0.1655816 0.02327716
v 0.04520574 0.1658285 0.02320105
v 0.04520574 0.1658285 0.02320105
v 0.04579946 0.1655982 0.02321924
v 0.04605708 0.1650253 0.0233216
v 0.04582775 0.1644457 0.02344762
v 0.03801683 0.1635682 -0.1151146
v 0.03742808 0.1638118 -0.1151146
v 0.03730589 0.1642229 -0.2535199
v 0.03789452 0.1639882 -0.2535838
v 0.03718427 0.1644005 -0.1151145
v 0.03706214 0.164789 -0.2533652
v 0.0374282 0.164989 -0.1151146
v 0.0373058 0.1653549 -0.2532105
v 0.03801683 0.1652327 -0.1151146
v 0.03789452 0.1655895 -0.2531466
v 0.03801683 0.1652327 -0.1151146
v 0.0386053 0.1649892 -0.1151145
v 0.03848311 0.165355 -0.2532104
v 0.03789452 0.1655895 -0.2531466
v 0.03884912 0.1644005 -0.1151146
v 0.03872696 0.1647891 -0.2533651
v 0.03860542 0.1638118 -0.1151146
v 0.03848302 0.1642228 -0.2535198
v 0.03802183 0.1643354 -0.2537994
v 0.03743294 0.1645781 -0.2537789
v 0.03743309 0.1645763 -0.2553568
v 0.03802183 0.1643326 -0.2553568
v 0.0371891 0.1651646 -0.2537297
v 0.03718928 0.1651647 -0.2553568
v 0.03743288 0.165751 -0.2536802
v 0.03743306 0.1657534 -0.2553567
v 0.03802162 0.1659938 -0.2536599
v 0.03802168 0.1659976 -0.2553567
v 0.03802162 0.1659938 -0.2536599
v 0.03861013 0.165751 -0.2536802
v 0.03861025 0.1657535 -0.2553567
v 0.03802168 0.1659976 -0.2553567
v 0.03885409 0.1651651 -0.2537296
v 0.03885415 0.1651652 -0.2553568
v 0.03861019 0.1645783 -0.2537788
v 0.03861028 0.1645763 -0.2553568
v 0.03804174 0.1642291 -0.2537525
v 0.03744808 0.1644591 -0.2537341
v 0.0371905 0.1650319 -0.2536318
v 0.03741944 0.1656114 -0.2535056
v 0.03800133 0.1658589 -0.2534296
v 0.03800133 0.1658589 -0.2534296
v 0.03859505 0.1656285 -0.2534478
v 0.03885281 0.1650556 -0.2535504
v 0.03862366 0.164476 -0.2536763
v 0.03788489 0.1639581 0.02335466
v 0.03729624 0.1641929 0.02329049
v 0.03705266 0.164759 0.02313608
v 0.03729624 0.1653249 0.02298157
v 0.03788483 0.1655594 0.02291743
v 0.03788483 0.1655594 0.02291743
v 0.0384734 0.1653252 0.02298148
v 0.03871727 0.1647589 0.02313617
v 0.03847358 0.1641929 0.02329051
v 0.03801203 0.1643053 0.02357021
v 0.03801194 0.1643022 0.02512786
v 0.0374234 0.1645459 0.02512784
v 0.03742346 0.1645483 0.02354982
v 0.03717938 0.1651348 0.02512784
v 0.03717962 0.1651347 0.02350056
v 0.03742334 0.1657231 0.02512783
v 0.03742331 0.1657211 0.02345133
v 0.03801203 0.165967 0.02512796
v 0.03801209 0.1659638 0.02343121
v 0.03801209 0.1659638 0.02343121
v 0.03801203 0.165967 0.02512796
v 0.03860044 0.1657231 0.0251279
v 0.03860044 0.165721 0.02345137
v 0.03884438 0.1651346 0.02512793
v 0.03884444 0.1651347 0.02350059
v 0.03860044 0.1645457 0.02512786
v 0.03860062 0.1645484 0.02354988
v 0.03803205 0.1641991 0.02352324
v 0.03743845 0.1644294 0.02350484
v 0.03718081 0.1650019 0.0234028
v 0.03740993 0.1655816 0.02327685
v 0.03799164 0.1658287 0.02320072
v 0.03799164 0.1658287 0.02320072
v 0.03858548 0.1655984 0.02321903
v 0.03884304 0.1650256 0.0233212
v 0.03861398 0.1644456 0.02344717
v 0.03080288 0.1635682 -0.1151147
v 0.03021437 0.1638117 -0.1151148
v 0.03009206 0.1642226 -0.2535201
v 0.03068045 0.1639884 -0.2535839
v 0.02997047 0.1644005 -0.1151147
v 0.02984822 0.1647885 -0.2533652
v 0.03021437 0.1649888 -0.1151146
v 0.030092 0.165355 -0.2532107
v 0.03080276 0.1652327 -0.1151146
v 0.03068042 0.1655894 -0.2531465
v 0.03080276 0.1652327 -0.1151146
v 0.03139144 0.1649889 -0.1151146
v 0.03126913 0.165355 -0.2532104
v 0.03068042 0.1655894 -0.2531465
v 0.03163522 0.1644003 -0.1151146
v 0.03151283 0.1647888 -0.2533651
v 0.03139147 0.1638119 -0.1151146
v 0.03126919 0.1642227 -0.25352
v 0.03080764 0.1643356 -0.2537995
v 0.03021911 0.1645783 -0.2537788
v 0.03021917 0.1645762 -0.2553569
v 0.0308077 0.1643324 -0.255357
v 0.02997527 0.1651647 -0.2537298
v 0.02997541 0.165165 -0.2553571
v 0.03021905 0.165751 -0.2536802
v 0.03021911 0.1657535 -0.2553568
v 0.03080761 0.165994 -0.2536601
v 0.03080761 0.1659972 -0.2553568
v 0.03080761 0.165994 -0.2536601
v 0.03139618 0.165751 -0.2536802
v 0.03139639 0.1657535 -0.2553568
v 0.03080761 0.1659972 -0.2553568
v 0.03163981 0.1651647 -0.2537296
v 0.03163993 0.1651648 -0.2553567
v 0.03139633 0.1645782 -0.2537789
v 0.03139639 0.1645762 -0.2553569
v 0.03082776 0.1642289 -0.2537526
v 0.03023407 0.1644592 -0.2537341
v 0.02997646 0.1650321 -0.2536319
v 0.03020561 0.1656114 -0.2535056
v 0.03078747 0.1658586 -0.2534296
v 0.03078747 0.1658586 -0.2534296
v 0.03138113 0.1656282 -0.2534479
v 0.03163898 0.1650557 -0.2535502
v 0.03140962 0.1644757 -0.2536765
v 0.03067079 0.1639579 0.02335452
v 0.03008232 0.164193 0.02329047
v 0.02983853 0.164759 0.02313602
v 0.03008252 0.165325 0.02298136
v 0.03067085 0.1655594 0.02291736
v 0.03067085 0.1655594 0.02291736
v 0.0312596 0.1653248 0.02298136
v 0.03150308 0.1647587 0.02313614
v 0.03125957 0.1641928 0.02329057
v 0.03079811 0.1643054 0.02357011
v 0.03079775 0.1643023 0.02512777
v 0.03020948 0.1645459 0.02512778
v 0.03020951 0.1645482 0.02354977
v 0.02996555 0.1651346 0.0251278
v 0.02996573 0.1651347 0.02350046
v 0.03020948 0.165723 0.0251278
v 0.03020951 0.165721 0.02345134
v 0.03079802 0.1659667 0.02512787
v 0.03079796 0.1659635 0.023431
v 0.03079796 0.1659635 0.023431
v 0.03079802 0.1659667 0.02512787
v 0.03138667 0.1657231 0.02512786
v 0.03138679 0.165721 0.02345145
v 0.03163034 0.1651349 0.0251278
v 0.03163028 0.1651348 0.02350053
v 0.03138676 0.1645457 0.02512795
v 0.03138679 0.1645482 0.02354982
v 0.03081802 0.1641987 0.02352329
v 0.03022441 0.1644289 0.02350479
v 0.02996692 0.1650021 0.02340266
v 0.03019604 0.1655816 0.02327673
v 0.03077787 0.1658286 0.02320069
v 0.03077787 0.1658286 0.02320069
v 0.0313715 0.1655984 0.02321891
v 0.0316292 0.1650257 0.02332115
v 0.0314 0.1644456 0.02344713
v 0.02358887 0.163568 -0.115115
v 0.02300012 0.1638119 -0.115115
v 0.02287787 0.1642228 -0.2535201
v 0.02346665 0.1639882 -0.2535841
v 0.02275664 0.1644001 -0.115115
v 0.02263418 0.1647886 -0.2533655
v 0.02300018 0.1649887 -0.115115
v 0.02287778 0.1653549 -0.2532108
v 0.02358887 0.165233 -0.1151148
v 0.02346641 0.1655896 -0.2531469
v 0.02358887 0.165233 -0.1151148
v 0.02417725 0.164989 -0.1151149
v 0.02405506 0.1653548 -0.2532108
v 0.02346641 0.1655896 -0.2531469
v 0.02442124 0.1644001 -0.115115
v 0.02429891 0.1647889 -0.2533655
v 0.02417737 0.1638117 -0.115115
v 0.024055 0.1642227 -0.2535201
v 0.02359372 0.1643355 -0.2537996
v 0.02300501 0.1645783 -0.2537792
v 0.02300519 0.1645759 -0.2553572
v 0.02359366 0.1643324 -0.2553571
v 0.02276143 0.1651646 -0.25373
v 0.02276146 0.1651648 -0.2553573
v 0.02300486 0.165751 -0.2536807
v 0.02300504 0.1657535 -0.2553572
v 0.02359375 0.1659937 -0.2536602
v 0.02359366 0.1659973 -0.255357
v 0.02359375 0.1659937 -0.2536602
v 0.02418217 0.1657508 -0.2536806
v 0.02418238 0.1657533 -0.2553571
v 0.02359366 0.1659973 -0.255357
v 0.0244261 0.1651645 -0.2537301
v 0.02442625 0.1651646 -0.2553573
v 0.02418226 0.1645779 -0.2537794
v 0.02418238 0.1645762 -0.2553571
v 0.02361375 0.1642287 -0.2537529
v 0.02302012 0.1644591 -0.2537344
v 0.02276224 0.1650317 -0.2536321
v 0.02299163 0.1656114 -0.2535061
v 0.02357352 0.1658584 -0.2534299
v 0.02357352 0.1658584 -0.2534299
v 0.02416694 0.165628 -0.2534483
v 0.02442479 0.1650557 -0.2535506
v 0.02419555 0.1644757 -0.2536768
v 0.02345693 0.1639583 0.02335431
v 0.02286813 0.164193 0.02329022
v 0.02262455 0.1647587 0.02313572
v 0.02286813 0.165325 0.02298109
v 0.02345684 0.1655595 0.022917
v 0.02345684 0.1655595 0.022917
v 0.02404541 0.165325 0.02298109
v 0.02428931 0.1647589 0.02313583
v 0.02404538 0.1641928 0.02329017
v 0.02358413 0.1643052 0.02356985
v 0.02358398 0.164302 0.02512746
v 0.02299523 0.164546 0.02512743
v 0.02299538 0.1645485 0.0235495
v 0.02275166 0.1651344 0.02512746
v 0.02275166 0.1651345 0.02350016
v 0.02299523 0.1657232 0.02512752
v 0.02299529 0.1657211 0.023451
v 0.02358404 0.1659668 0.02512756
v 0.02358398 0.165964 0.02343082
v 0.02358398 0.165964 0.02343082
v 0.02358404 0.1659668 0.02512756
v 0.02417237 0.1657229 0.02512772
v 0.02417251 0.1657209 0.02345106
v 0.0244163 0.1651344 0.0251275
v 0.02441651 0.1651345 0.02350019
v 0.02417248 0.1645457 0.02512754
v 0.02417248 0.1645482 0.02354953
v 0.02360407 0.1641987 0.02352285
v 0.02301055 0.1644291 0.02350435
v 0.02275279 0.1650022 0.02340248
v 0.02298209 0.1655813 0.02327643
v 0.02356377 0.1658288 0.02320042
v 0.02356377 0.1658288 0.02320042
v 0.02415726 0.1655982 0.02321859
v 0.02441522 0.1650252 0.0233209
v 0.02418602 0.1644456 0.02344683
v 0.01637474 0.1635679 -0.1151154
v 0.01578623 0.1638118 -0.1151153
v 0.01566407 0.1642225 -0.2535207
v 0.01625258 0.1639878 -0.2535844
v 0.01554245 0.1644003 -0.1151153
v 0.01542017 0.1647886 -0.2533658
v 0.01578635 0.1649889 -0.1151152
v 0.01566398 0.1653549 -0.253211
v 0.01637483 0.1652327 -0.1151152
v 0.01625264 0.1655892 -0.2531472
v 0.01637483 0.1652327 -0.1151152
v 0.01696354 0.1649889 -0.1151151
v 0.01684126 0.1653546 -0.253211
v 0.01625264 0.1655892 -0.2531472
v 0.01720712 0.1644002 -0.1151152
v 0.01708516 0.1647887 -0.2533658
v 0.01696366 0.1638117 -0.1151154
v 0.01684123 0.1642227 -0.2535204
v 0.01637962 0.1643355 -0.2538001
v 0.01579115 0.1645781 -0.2537795
v 0.01579124 0.164576 -0.2553574
v 0.01637968 0.1643326 -0.2553576
v 0.01554731 0.1651646 -0.2537304
v 0.01554742 0.1651649 -0.2553575
v 0.01579115 0.1657509 -0.2536809
v 0.01579136 0.1657532 -0.2553574
v 0.01637962 0.1659939 -0.2536606
v 0.01637968 0.1659972 -0.2553574
v 0.01637962 0.1659939 -0.2536606
v 0.01696828 0.1657509 -0.2536809
v 0.01696834 0.1657533 -0.2553574
v 0.01637968 0.1659972 -0.2553574
v 0.01721194 0.1651645 -0.2537302
v 0.01721212 0.1651646 -0.2553574
v 0.01696834 0.1645783 -0.2537794
v 0.01696855 0.1645757 -0.2553575
v 0.01639977 0.1642286 -0.2537532
v 0.0158062 0.1644591 -0.2537347
v 0.01554856 0.1650318 -0.2536325
v 0.01577762 0.1656116 -0.2535065
v 0.01635945 0.1658588 -0.2534301
v 0.01635945 0.1658588 -0.2534301
v 0.01695323 0.1656283 -0.2534487
v 0.01721096 0.1650555 -0.253551
v 0.01698157 0.1644754 -0.253677
v 0.01624298 0.163958 0.02335396
v 0.0156543 0.1641932 0.0232899
v 0.01541057 0.1647586 0.02313535
v 0.01565444 0.1653248 0.02298081
v 0.01624289 0.1655595 0.02291675
v 0.01624289 0.1655595 0.02291675
v 0.01683158 0.1653248 0.02298088
v 0.01707542 0.1647588 0.02313554
v 0.01683155 0.1641929 0.02328996
v 0.01636994 0.1643054 0.02356946
v 0.01636982 0.1643021 0.02512716
v 0.01578167 0.1645458 0.0251272
v 0.01578149 0.1645484 0.02354909
v 0.01553768 0.1651346 0.02512714
v 0.01553768 0.1651346 0.02349989
v 0.01578149 0.165723 0.02512734
v 0.01578149 0.1657208 0.02345072
v 0.01636985 0.1659669 0.02512734
v 0.01636994 0.1659636 0.02343062
v 0.01636994 0.1659636 0.02343062
v 0.01636985 0.1659669 0.02512734
v 0.01695874 0.1657229 0.02512744
v 0.01695874 0.1657209 0.02345079
v 0.01720226 0.1651346 0.02512725
v 0.01720226 0.1651345 0.02349986
v 0.01695868 0.1645457 0.02512728
v 0.0169588 0.1645481 0.02354926
v 0.01639006 0.1641985 0.02352259
v 0.01579636 0.164429 0.02350417
v 0.01553887 0.1650018 0.02340217
v 0.01576811 0.1655816 0.02327611
v 0.01634991 0.1658286 0.02320006
v 0.01634991 0.1658286 0.02320006
v 0.01694357 0.165598 0.02321833
v 0.01720142 0.1650251 0.0233205
v 0.01697198 0.1644457 0.02344657
v 0.009161144 0.1635679 -0.1151156
v 0.00857237 0.1638117 -0.1151155
v 0.00845024 0.1642229 -0.2535207
v 0.009038717 0.1639883 -0.2535847
v 0.008328617 0.1644002 -0.1151157
v 0.008206427 0.1647885 -0.2533661
v 0.00857231 0.1649891 -0.1151155
v 0.00845024 0.1653548 -0.2532114
v 0.009160995 0.1652328 -0.1151154
v 0.009038717 0.1655893 -0.2531475
v 0.009160995 0.1652328 -0.1151154
v 0.009749502 0.164989 -0.1151154
v 0.009627193 0.1653547 -0.2532113
v 0.009038717 0.1655893 -0.2531475
v 0.009993374 0.1644004 -0.1151155
v 0.009871185 0.1647887 -0.2533661
v 0.009749591 0.1638117 -0.1151157
v 0.009627193 0.1642226 -0.2535208
v 0.009165913 0.1643355 -0.2538004
v 0.008577257 0.164578 -0.2537798
v 0.008577317 0.164576 -0.2553577
v 0.009166062 0.1643321 -0.2553579
v 0.008333653 0.1651646 -0.2537307
v 0.008333683 0.1651649 -0.2553578
v 0.008577168 0.1657509 -0.2536812
v 0.008577317 0.1657533 -0.2553578
v 0.009165794 0.1659937 -0.2536609
v 0.009166062 0.1659972 -0.2553577
v 0.009165794 0.1659937 -0.2536609
v 0.0097543 0.1657507 -0.2536812
v 0.009754419 0.1657534 -0.2553576
v 0.009166062 0.1659972 -0.2553577
v 0.009998322 0.1651646 -0.2537306
v 0.0099985 0.1651649 -0.2553578
v 0.0097543 0.1645783 -0.2537799
v 0.009754509 0.1645762 -0.2553577
v 0.00918594 0.1642287 -0.2537535
v 0.008592218 0.164459 -0.2537351
v 0.008334458 0.1650316 -0.2536328
v 0.008563966 0.1656116 -0.2535067
v 0.009145766 0.1658587 -0.2534305
v 0.009145766 0.1658587 -0.2534305
v 0.009739339 0.1656284 -0.2534491
v 0.00999701 0.1650556 -0.2535512
v 0.009767979 0.1644754 -0.2536774
v 0.00902915 0.1639583 0.02335365
v 0.008440673 0.1641928 0.02328956
v 0.008196831 0.1647588 0.0231351
v 0.008440763 0.165325 0.02298038
v 0.00902915 0.1655595 0.02291641
v 0.00902915 0.1655595 0.02291641
v 0.009617656 0.1653249 0.02298051
v 0.009861439 0.1647587 0.02313522
v 0.009617627 0.1641928 0.02328965
v 0.009156376 0.1643053 0.02356911
v 0.009156317 0.1643019 0.02512681
v 0.008567631 0.1645458 0.02512677
v 0.008567661 0.1645482 0.02354884
v 0.008323848 0.1651346 0.02512689
v 0.008323997 0.1651346 0.02349955
v 0.008567482 0.165723 0.02512704
v 0.008567512 0.165721 0.02345039
v 0.009156227 0.165967 0.02512701
v 0.009156317 0.1659636 0.02343014
v 0.009156317 0.1659636 0.02343014
v 0.009156227 0.165967 0.02512701
v 0.009744555 0.165723 0.02512687
v 0.009744763 0.1657212 0.02345048
v 0.009988546 0.1651346 0.02512689
v 0.009988636 0.1651346 0.02349959
v 0.009744763 0.1645459 0.0251269
v 0.009744614 0.1645483 0.02354881
v 0.009176373 0.164199 0.02352233
v 0.008582532 0.1644292 0.0235039
v 0.008324921 0.1650021 0.02340192
v 0.008554339 0.1655816 0.02327576
v 0.00913623 0.1658288 0.02319977
v 0.00913623 0.1658288 0.02319977
v 0.009729832 0.1655982 0.02321799
v 0.009987205 0.1650256 0.02332021
v 0.009758294 0.1644457 0.02344629
v 0.001946956 0.1635681 -0.1151157
v 0.00135833 0.163812 -0.1151157
v 0.001236081 0.164223 -0.253521
v 0.001824796 0.1639881 -0.2535849
v 0.001114637 0.1644006 -0.1151157
v 0.0009922385 0.1647889 -0.2533664
v 0.001358479 0.1649891 -0.1151156
v 0.001236081 0.1653549 -0.2532116
v 0.001946896 0.1652328 -0.1151156
v 0.001824975 0.1655893 -0.2531477
v 0.001946896 0.1652328 -0.1151156
v 0.002535671 0.1649891 -0.1151156
v 0.002413303 0.165355 -0.2532116
v 0.001824975 0.1655893 -0.2531477
v 0.002779454 0.1644005 -0.1151156
v 0.002657294 0.1647889 -0.2533662
v 0.00253576 0.1638122 -0.1151157
v 0.002413273 0.1642231 -0.2535209
v 0.001951724 0.1643356 -0.2538006
v 0.001363277 0.1645783 -0.25378
v 0.001363546 0.1645761 -0.255358
v 0.001951814 0.1643324 -0.2553581
v 0.001119435 0.1651648 -0.2537308
v 0.001119554 0.1651648 -0.255358
v 0.001363337 0.1657511 -0.2536814
v 0.001363337 0.1657535 -0.2553579
v 0.001951694 0.1659941 -0.253661
v 0.001951873 0.1659974 -0.2553579
v 0.001951694 0.1659941 -0.253661
v 0.00254032 0.1657509 -0.2536813
v 0.002540529 0.1657533 -0.2553579
v 0.001951873 0.1659974 -0.2553579
v 0.002784252 0.1651649 -0.2537307
v 0.002784342 0.165165 -0.2553579
v 0.00254041 0.1645784 -0.2537799
v 0.002540529 0.1645761 -0.255358
v 0.00197196 0.164229 -0.2537536
v 0.001378417 0.1644591 -0.2537351
v 0.001120687 0.1650319 -0.2536328
v 0.001349896 0.1656117 -0.2535068
v 0.001931578 0.1658585 -0.2534308
v 0.001931578 0.1658585 -0.2534308
v 0.002525508 0.1656283 -0.2534491
v 0.002782971 0.1650558 -0.2535513
v 0.002553999 0.164476 -0.2536775
v 0.0018152 0.1639582 0.02335353
v 0.001226634 0.1641929 0.02328944
v 0.0009827614 0.1647587 0.02313496
v 0.001226395 0.1653251 0.0229803
v 0.00181523 0.1655594 0.02291632
v 0.00181523 0.1655594 0.02291632
v 0.002403677 0.165325 0.02298039
v 0.002647668 0.1647589 0.02313505
v 0.002403647 0.164193 0.02328947
v 0.001942128 0.1643053 0.02356906
v 0.001942128 0.1643021 0.02512668
v 0.001353681 0.164546 0.02512677
v 0.001353592 0.1645488 0.02354871
v 0.00110966 0.1651348 0.02512671
v 0.001109809 0.1651347 0.02349941
v 0.001353592 0.1657234 0.0251268
v 0.001353592 0.1657211 0.02345023
v 0.001942068 0.1659672 0.02512679
v 0.001942277 0.1659638 0.02342997
v 0.001942277 0.1659638 0.02342997
v 0.001942068 0.1659672 0.02512679
v 0.002530873 0.1657233 0.02512679
v 0.002530783 0.1657212 0.02345024
v 0.002774656 0.1651347 0.02512673
v 0.002774715 0.1651346 0.0234994
v 0.002530843 0.1645458 0.02512677
v 0.002530843 0.1645485 0.0235488
v 0.001962215 0.1641986 0.02352221
v 0.001368791 0.1644294 0.02350363
v 0.001111001 0.1650019 0.02340165
v 0.0013403 0.1655818 0.02327566
v 0.001921892 0.1658289 0.02319963
v 0.001921892 0.1658289 0.02319963
v 0.002515614 0.1655984 0.0232179
v 0.002773523 0.1650257 0.02332011
v 0.002544254 0.1644458 0.02344611
v -0.005267143 0.163568 -0.115116
v -0.00585565 0.1638121 -0.115116
v -0.005977869 0.1642227 -0.2535211
v -0.005389363 0.1639884 -0.253585
v -0.006099522 0.1644005 -0.1151159
v -0.006221741 0.1647887 -0.2533665
v -0.00585565 0.164989 -0.115116
v -0.005977958 0.1653549 -0.2532119
v -0.005267143 0.1652326 -0.1151159
v -0.005389541 0.1655897 -0.2531478
v -0.005267143 0.1652326 -0.1151159
v -0.004678607 0.164989 -0.1151158
v -0.004800856 0.1653551 -0.2532117
v -0.005389541 0.1655897 -0.2531478
v -0.004434794 0.1644003 -0.1151158
v -0.004557103 0.164789 -0.2533664
v -0.004678667 0.163812 -0.1151159
v -0.004800826 0.1642229 -0.2535211
v -0.005262345 0.1643355 -0.2538006
v -0.005850792 0.1645785 -0.2537802
v -0.005850643 0.1645763 -0.2553582
v -0.005262256 0.1643324 -0.2553583
v -0.006094545 0.1651649 -0.253731
v -0.006094486 0.1651649 -0.2553583
v -0.005850762 0.165751 -0.2536816
v -0.005850613 0.1657534 -0.2553581
v -0.005262256 0.1659938 -0.2536613
v -0.005262077 0.1659973 -0.2553581
v -0.005262256 0.1659938 -0.2536613
v -0.004673868 0.1657507 -0.2536816
v -0.0046736 0.1657534 -0.2553581
v -0.005262077 0.1659973 -0.2553581
v -0.004429936 0.1651645 -0.253731
v -0.004429877 0.165165 -0.2553582
v -0.004673868 0.1645784 -0.2537801
v -0.00467369 0.1645761 -0.2553581
v -0.005242318 0.1642288 -0.2537537
v -0.005835891 0.1644592 -0.2537354
v -0.006093562 0.1650319 -0.2536331
v -0.005864173 0.1656117 -0.253507
v -0.005282372 0.1658584 -0.2534308
v -0.005282372 0.1658584 -0.2534308
v -0.004688621 0.1656283 -0.2534493
v -0.004431307 0.1650555 -0.2535515
v -0.004660249 0.1644757 -0.2536777
v -0.005399108 0.1639581 0.02335322
v -0.005987495 0.1641928 0.02328917
v -0.006231427 0.1647591 0.02313474
v -0.005987585 0.1653248 0.02298012
v -0.005399108 0.1655596 0.02291603
v -0.005399108 0.1655596 0.02291603
v -0.004810244 0.165325 0.02298017
v -0.00456661 0.1647588 0.02313484
v -0.004810452 0.1641929 0.02328923
v -0.005271792 0.1643051 0.02356882
v -0.005271882 0.164302 0.02512647
v -0.005860418 0.1645459 0.02512656
v -0.005860388 0.1645484 0.02354847
v -0.00610432 0.1651344 0.02512647
v -0.006104201 0.1651345 0.02349916
v -0.005860418 0.1657233 0.02512659
v -0.005860388 0.1657211 0.02345006
v -0.005272031 0.165967 0.02512658
v -0.005272031 0.1659638 0.02342971
v -0.005272031 0.1659638 0.02342971
v -0.005272031 0.165967 0.02512658
v -0.004683554 0.165723 0.02512658
v -0.004683405 0.1657212 0.02345011
v -0.004439622 0.1651348 0.02512665
v -0.004439473 0.1651347 0.02349913
v -0.004683435 0.1645459 0.02512655
v -0.004683405 0.1645484 0.02354851
v -0.005251795 0.1641987 0.02352194
v -0.005845517 0.1644291 0.0235035
v -0.006103337 0.1650019 0.02340144
v -0.005874008 0.1655816 0.02327538
v -0.005291939 0.1658289 0.02319935
v -0.005291939 0.1658289 0.02319935
v -0.004698426 0.1655983 0.02321754
v -0.004440844 0.1650253 0.02331975
v -0.004669875 0.1644455 0.02344593
v -0.01248094 0.1635681 -0.1151161
v -0.01306978 0.1638122 -0.115116
v -0.01319197 0.164223 -0.2535214
v -0.01260328 0.1639885 -0.2535853
v -0.01331347 0.1644006 -0.1151161
v -0.01343545 0.1647889 -0.2533667
v -0.01306978 0.1649893 -0.115116
v -0.01319197 0.1653551 -0.253212
v -0.01248094 0.165233 -0.115116
v -0.01260328 0.1655898 -0.2531481
v -0.01248094 0.165233 -0.115116
v -0.0118925 0.1649892 -0.115116
v -0.0120149 0.1653552 -0.253212
v -0.01260328 0.1655898 -0.2531481
v -0.01164871 0.1644006 -0.115116
v -0.01177081 0.1647888 -0.2533665
v -0.0118925 0.1638121 -0.1151161
v -0.01201481 0.1642231 -0.2535213
v -0.01247624 0.1643357 -0.2538009
v -0.01306489 0.1645787 -0.2537804
v -0.01306483 0.1645763 -0.2553584
v -0.01247609 0.1643325 -0.2553585
v -0.01330867 0.1651647 -0.2537312
v -0.0133087 0.1651652 -0.2553584
v -0.01306489 0.1657513 -0.2536818
v -0.01306483 0.1657538 -0.2553584
v -0.01247606 0.1659939 -0.2536615
v -0.01247609 0.1659974 -0.2553583
v -0.01247606 0.1659939 -0.2536615
v -0.01188758 0.1657511 -0.2536818
v -0.01188749 0.1657535 -0.2553582
v -0.01247609 0.1659974 -0.2553583
v -0.01164377 0.165165 -0.2537311
v -0.01164371 0.1651651 -0.2553583
v -0.01188776 0.1645783 -0.2537804
v -0.01188758 0.1645762 -0.2553584
v -0.01245615 0.1642292 -0.2537541
v -0.01304984 0.1644594 -0.2537356
v -0.01330739 0.1650321 -0.2536334
v -0.01307836 0.1656117 -0.2535073
v -0.01249653 0.1658588 -0.2534311
v -0.01249653 0.1658588 -0.2534311
v -0.01190275 0.1656285 -0.2534496
v -0.01164505 0.1650555 -0.2535518
v -0.01187423 0.1644761 -0.253678
v -0.01261267 0.1639582 0.0233531
v -0.01320162 0.1641931 0.02328897
v -0.01344511 0.1647591 0.02313453
v -0.01320162 0.1653251 0.02297989
v -0.01261282 0.1655597 0.02291591
v -0.01261282 0.1655597 0.02291591
v -0.01202449 0.1653255 0.02297997
v -0.01178056 0.164759 0.0231346
v -0.01202437 0.1641932 0.02328901
v -0.01248571 0.1643054 0.02356857
v -0.01248586 0.1643024 0.02512625
v -0.01307443 0.1645461 0.02512626
v -0.01307446 0.1645485 0.02354829
v -0.01331836 0.1651349 0.02512637
v -0.01331836 0.165135 0.02349894
v -0.01307464 0.1657233 0.02512635
v -0.01307443 0.1657211 0.02344988
v -0.01248583 0.165967 0.02512641
v -0.01248571 0.1659639 0.0234295
v -0.01248571 0.1659639 0.0234295
v -0.01248583 0.165967 0.02512641
v -0.01189733 0.1657231 0.02512643
v -0.01189727 0.1657212 0.02344993
v -0.01165354 0.1651349 0.02512632
v -0.01165333 0.165135 0.02349895
v -0.01189739 0.1645462 0.02512626
v -0.01189724 0.1645483 0.02354841
v -0.01246572 0.1641989 0.02352175
v -0.0130592 0.1644293 0.02350329
v -0.01331702 0.1650022 0.02340122
v -0.01308796 0.1655818 0.02327526
v -0.01250613 0.165829 0.02319919
v -0.01250613 0.165829 0.02319919
v -0.01191241 0.1655986 0.02321739
v -0.01165459 0.1650254 0.02331975
v -0.01188391 0.1644458 0.02344565
v -0.07740632 0.1625684 -0.1151186
v -0.07799509 0.1628123 -0.1151185
v -0.07811743 0.1632232 -0.2535239
v -0.07752869 0.1629885 -0.2535877
v -0.07823861 0.1634007 -0.1151185
v -0.07836097 0.1637893 -0.2533691
v -0.07799509 0.1639895 -0.1151185
v -0.07811731 0.1643554 -0.2532144
v -0.07740632 0.164233 -0.1151185
v -0.07752848 0.1645898 -0.2531505
v -0.07740632 0.164233 -0.1151185
v -0.07681781 0.1639895 -0.1151185
v -0.07694009 0.1643551 -0.2532143
v -0.07752848 0.1645898 -0.2531505
v -0.076574 0.1634009 -0.1151185
v -0.07669631 0.1637892 -0.2533691
v -0.07681769 0.162812 -0.1151185
v -0.07694018 0.1632231 -0.2535238
v -0.07740152 0.163336 -0.2538034
v -0.07799011 0.1635785 -0.2537829
v -0.07799006 0.1635767 -0.2553608
v -0.07740143 0.1633326 -0.2553608
v -0.07823387 0.1641652 -0.2537336
v -0.07823369 0.164165 -0.2553607
v -0.07799026 0.1647514 -0.2536842
v -0.07799011 0.1647536 -0.2553607
v -0.07740161 0.1649942 -0.2536638
v -0.07740143 0.1649978 -0.2553607
v -0.07740161 0.1649942 -0.2536638
v -0.07681304 0.1647514 -0.253684
v -0.07681292 0.1647539 -0.2553607
v -0.07740143 0.1649978 -0.2553607
v -0.0765692 0.1641652 -0.2537336
v -0.07656905 0.1641656 -0.2553607
v -0.07681304 0.1635786 -0.2537829
v -0.07681307 0.1635766 -0.2553608
v -0.07738137 0.163229 -0.2537563
v -0.07797506 0.1634595 -0.253738
v -0.07823282 0.1640323 -0.2536358
v -0.07800356 0.1646118 -0.2535096
v -0.07742164 0.1648588 -0.2534334
v -0.07742164 0.1648588 -0.2534334
v -0.07682815 0.1646285 -0.2534519
v -0.07657027 0.1640559 -0.2535543
v -0.07679954 0.163476 -0.2536804
v -0.07753828 0.1629587 0.0233507
v -0.07812685 0.1631932 0.02328657
v -0.07837054 0.1637591 0.02313213
v -0.07812685 0.1643254 0.02297759
v -0.07753828 0.1645599 0.02291349
v -0.07753828 0.1645599 0.02291349
v -0.07694966 0.1643252 0.02297747
v -0.07670608 0.1637594 0.02313215
v -0.07694992 0.1631932 0.02328658
v -0.07741129 0.1633058 0.02356611
v -0.07741126 0.1633025 0.02512386
v -0.07799989 0.1635463 0.02512383
v -0.07799977 0.1635487 0.02354583
v -0.07824349 0.1641351 0.02512397
v -0.07824349 0.164135 0.02349654
v -0.07799986 0.1647235 0.02512398
v -0.07799977 0.1647215 0.02344748
v -0.07741117 0.1649673 0.02512395
v -0.07741106 0.1649638 0.02342716
v -0.07741106 0.1649638 0.02342716
v -0.07741117 0.1649673 0.02512395
v -0.07682267 0.1647235 0.02512395
v -0.07682282 0.1647213 0.02344739
v -0.07657892 0.164135 0.02512392
v -0.0765788 0.1641353 0.02349663
v -0.0768227 0.1635464 0.02512376
v -0.07682267 0.1635488 0.02354592
v -0.07739103 0.1631991 0.02351926
v -0.07798475 0.1634293 0.02350071
v -0.07824245 0.1640025 0.02339885
v -0.07801309 0.1645819 0.02327289
v -0.0774312 0.1648291 0.02319682
v -0.0774312 0.1648291 0.02319682
v -0.07683775 0.1645986 0.02321503
v -0.07658005 0.164026 0.02331726
v -0.07680914 0.163446 0.0234433
v -0.08462057 0.1625681 -0.1151188
v -0.0852091 0.1628121 -0.1151186
v -0.08533135 0.163223 -0.2535238
v -0.08474299 0.1629883 -0.2535878
v -0.08545277 0.1634004 -0.1151187
v -0.08557525 0.163789 -0.2533692
v -0.08520919 0.1639894 -0.1151186
v -0.08533135 0.1643551 -0.2532144
v -0.08462048 0.1642329 -0.1151184
v -0.08474299 0.1645899 -0.2531505
v -0.08462048 0.1642329 -0.1151184
v -0.08403197 0.1639895 -0.1151185
v -0.08415416 0.1643551 -0.2532145
v -0.08474299 0.1645899 -0.2531505
v -0.08378828 0.1634009 -0.1151186
v -0.08391029 0.1637889 -0.2533692
v -0.08403197 0.1628121 -0.1151186
v -0.08415416 0.163223 -0.2535239
v -0.08461577 0.1633357 -0.2538035
v -0.0852043 0.1635785 -0.253783
v -0.08520418 0.1635765 -0.2553609
v -0.0846155 0.1633324 -0.255361
v -0.08544803 0.1641649 -0.2537338
v -0.08544791 0.164165 -0.2553609
v -0.0852043 0.1647511 -0.2536844
v -0.08520412 0.1647536 -0.2553608
v -0.08461559 0.1649939 -0.2536639
v -0.08461574 0.1649974 -0.2553608
v -0.08461559 0.1649939 -0.2536639
v -0.08402699 0.1647512 -0.2536842
v -0.08402693 0.1647539 -0.2553608
v -0.08461574 0.1649974 -0.2553608
v -0.08378348 0.1641651 -0.2537336
v -0.08378333 0.1641652 -0.2553608
v -0.08402708 0.1635787 -0.2537829
v -0.08402693 0.1635764 -0.255361
v -0.08459565 0.163229 -0.2537566
v -0.08518934 0.1634595 -0.2537382
v -0.08544689 0.1640321 -0.2536358
v -0.08521762 0.1646118 -0.2535098
v -0.08463579 0.1648589 -0.2534335
v -0.08463579 0.1648589 -0.2534335
v -0.08404219 0.1646286 -0.2534519
v -0.08378437 0.1640558 -0.2535543
v -0.08401373 0.1634759 -0.2536804
v -0.08475259 0.1629584 0.02335061
v -0.08534104 0.1631928 0.02328645
v -0.08558491 0.1637591 0.02313215
v -0.08534104 0.1643253 0.0229774
v -0.08475244 0.1645597 0.02291335
v -0.08475244 0.1645597 0.02291335
v -0.0841639 0.1643252 0.02297749
v -0.08391982 0.163759 0.02313203
v -0.0841639 0.1631932 0.02328654
v -0.08462539 0.1633058 0.02356602
v -0.08462548 0.1633022 0.02512369
v -0.08521393 0.1635463 0.02512361
v -0.08521384 0.1635488 0.02354576
v -0.08545786 0.1641351 0.02512379
v -0.08545765 0.1641351 0.02349648
v -0.08521399 0.1647234 0.02512394
v -0.08521405 0.1647213 0.02344733
v -0.08462539 0.1649673 0.02512389
v -0.08462539 0.1649639 0.02342708
v -0.08462539 0.1649639 0.02342708
v -0.08462539 0.1649673 0.02512389
v -0.08403674 0.1647235 0.02512388
v -0.08403668 0.1647214 0.0234473
v -0.08379307 0.1641348 0.02512386
v -0.08379316 0.1641351 0.02349657
v -0.0840368 0.1635464 0.02512383
v -0.08403668 0.1635486 0.02354577
v -0.08460534 0.163199 0.02351919
v -0.08519906 0.1634295 0.0235007
v -0.08545643 0.1640021 0.02339864
v -0.08522731 0.164582 0.02327281
v -0.08464554 0.1648291 0.02319664
v -0.08464554 0.1648291 0.02319664
v -0.08405194 0.1645986 0.02321495
v -0.08379394 0.1640256 0.0233171
v -0.08402342 0.1634458 0.02344301
v 0.09572923 0.16482 -0.2558272
v 0.02293357 0.1646153 -0.2557684
v 0.02293381 0.1648588 -0.2563332
v 0.0956955 0.165059 -0.2563923
v 0.02293366 0.1654477 -0.2565672
v 0.09561446 0.1656362 -0.2566261
v 0.02293363 0.1660362 -0.2563331
v 0.09553322 0.1662133 -0.2563921
v 0.02293372 0.1662799 -0.2557682
v 0.09549949 0.1664523 -0.255827
v 0.09549949 0.1664523 -0.255827
v 0.02293372 0.1662799 -0.2557682
v 0.02293372 0.166036 -0.2552031
v 0.09553307 0.1662134 -0.2552621
v 0.02293366 0.1654475 -0.2549693
v 0.09561434 0.1656362 -0.2550282
v 0.02293363 0.1648588 -0.2552032
v 0.0956955 0.165059 -0.2552623
v -0.09862059 0.1649564 -0.2558752
v -0.09856406 0.1651925 -0.2564403
v -0.09842843 0.1657622 -0.2566742
v -0.09829286 0.166332 -0.25644
v -0.09823653 0.1665677 -0.2558749
v -0.09823653 0.1665677 -0.2558749
v -0.09829301 0.1663317 -0.2553104
v -0.09842861 0.1657624 -0.2550762
v -0.09856409 0.1651927 -0.2553103
v 0.1022545 0.1315772 -0.2612865
v 0.1022545 0.1315635 -0.2655866
v 0.1022546 0.1337944 -0.2655939
v 0.1022544 0.1338086 -0.2612935
v 0.1022545 0.1300938 -0.2612813
v 0.1022547 0.1300797 -0.2655819
v 0.1022543 0.1270279 -0.2612714
v 0.1022545 0.1270137 -0.2655717
v 0.07776761 0.1338082 -0.2612944
v 0.09614649 0.1338083 -0.2612937
v 0.09614655 0.1337945 -0.2655941
v 0.07776767 0.1337946 -0.2655947
v 0.07776764 0.1315772 -0.2612872
v 0.0961464 0.1315771 -0.2612866
v 0.07776764 0.1300937 -0.2612821
v 0.0961464 0.1300936 -0.2612814
v 0.0961464 0.1315771 -0.2612866
v 0.07776764 0.1315772 -0.2612872
v 0.07776761 0.1270278 -0.2612723
v 0.09614643 0.1270276 -0.2612717
v 0.07776791 0.1270134 -0.2655724
v 0.09614667 0.1270136 -0.265572
v 0.0777677 0.13008 -0.2655827
v 0.09614649 0.1300798 -0.265582
v 0.0777677 0.1315639 -0.2655874
v 0.09614635 0.1315635 -0.2655869
v 0.1022494 0.1340223 -0.1151161
v 0.1022492 0.1317912 -0.1151163
v 0.0961414 0.134022 -0.1151163
v 0.09614128 0.1317912 -0.1151165
v 0.09614128 0.1303077 -0.1151167
v 0.09614128 0.1317912 -0.1151165
v 0.09614119 0.1272417 -0.115117
v 0.1022491 0.1272416 -0.1151168
v 0.1022491 0.1303079 -0.1151166
v 0.1022441 0.1315455 0.03105327
v 0.1022443 0.1337768 0.03106102
v 0.102244 0.133762 0.03536125
v 0.1022442 0.1315307 0.03535354
v 0.1022441 0.130062 0.03104824
v 0.1022441 0.1300472 0.03534846
v 0.1022441 0.1269961 0.03103735
v 0.102244 0.1269811 0.03533763
v 0.07775742 0.1337767 0.03106013
v 0.07775715 0.133762 0.0353604
v 0.09613606 0.1337621 0.03536107
v 0.0961363 0.1337766 0.03106079
v 0.07775745 0.1315454 0.03105237
v 0.09613615 0.1315453 0.03105311
v 0.07775736 0.1300619 0.03104733
v 0.07775745 0.1315454 0.03105237
v 0.09613615 0.1315453 0.03105311
v 0.09613615 0.1300621 0.03104794
v 0.07775736 0.1269961 0.03103669
v 0.09613615 0.1269962 0.03103718
v 0.07775724 0.1269809 0.03533679
v 0.09613594 0.1269811 0.03533745
v 0.07775721 0.1300474 0.03534767
v 0.09613594 0.1300477 0.03534824
v 0.07775724 0.1315306 0.03535259
v 0.09613594 0.1315309 0.03535338
v -0.02750722 0.1820431 0.1682764
v -0.02691856 0.1817996 0.1682763
v -0.02701929 0.1820977 0.2741609
v -0.02760801 0.1823345 0.2741119
v -0.02775079 0.1826318 0.1682764
v -0.02785155 0.182906 0.2739939
v -0.02750736 0.1832204 0.1682764
v -0.02760786 0.1834774 0.2738755
v -0.02691847 0.1834641 0.1682764
v -0.02701932 0.1837139 0.2738268
v -0.02633002 0.1832204 0.1682764
v -0.02691847 0.1834641 0.1682764
v -0.02701932 0.1837139 0.2738268
v -0.02643073 0.1834772 0.2738755
v -0.02608615 0.1826318 0.1682765
v -0.02618682 0.1829059 0.273994
v -0.02632987 0.1820433 0.1682764
v -0.02643082 0.1823346 0.274112
v -0.02760294 0.1823653 0.05983432
v -0.02701434 0.1821284 0.05978443
v -0.02784663 0.182936 0.05995573
v -0.02760285 0.1835073 0.06007691
v -0.02701426 0.1837435 0.06012711
v -0.02642587 0.1835072 0.06007691
v -0.02701426 0.1837435 0.06012711
v -0.02618194 0.182936 0.05995573
v -0.02642581 0.1823653 0.05983436
f 1 2 3
f 1 3 4
f 5 6 7
f 5 7 8
f 9 10 11
f 9 11 12
f 13 14 15
f 13 15 16
f 17 18 19
f 17 19 20
f 21 22 23
f 21 23 24
f 25 26 27
f 25 27 28
f 29 30 31
f 29 31 32
f 33 34 35
f 33 35 36
f 37 38 39
f 37 39 40
f 41 42 43
f 41 43 44
f 45 46 47
f 45 47 48
f 48 47 49
f 48 49 50
f 50 49 51
f 50 51 52
f 53 54 6
f 53 6 5
f 55 56 57
f 55 57 58
f 58 57 59
f 58 59 60
f 60 59 8
f 60 8 7
f 61 62 63
f 61 63 64
f 65 66 67
f 65 67 68
f 69 70 71
f 69 71 72
f 73 74 75
f 73 75 76
f 76 75 77
f 76 77 78
f 78 77 79
f 78 79 80
f 81 82 14
f 81 14 13
f 83 84 85
f 83 85 86
f 86 85 87
f 86 87 88
f 88 87 16
f 88 16 15
f 89 90 91
f 89 91 92
f 93 94 95
f 93 95 96
f 97 98 99
f 97 99 100
f 100 99 101
f 100 101 102
f 102 101 103
f 102 103 104
f 105 106 107
f 105 107 108
f 108 107 109
f 108 109 110
f 110 109 36
f 110 36 35
f 111 112 113
f 111 113 114
f 115 116 117
f 115 117 118
f 119 120 121
f 119 121 122
f 123 124 125
f 123 125 126
f 127 128 129
f 127 129 130
f 131 132 133
f 131 133 134
f 135 136 137
f 135 137 138
f 139 140 141
f 139 141 142
f 142 141 143
f 142 143 144
f 145 146 147
f 145 147 148
f 149 150 151
f 149 151 152
f 152 151 153
f 152 153 154
f 154 153 155
f 154 155 156
f 157 158 159
f 157 159 160
f 161 162 163
f 161 163 164
f 165 166 167
f 165 167 168
f 168 167 169
f 168 169 170
f 28 27 2
f 28 2 1
f 32 31 171
f 32 171 172
f 125 124 10
f 125 10 9
f 173 174 12
f 173 12 11
f 127 130 62
f 127 62 61
f 95 94 175
f 95 175 176
f 177 178 66
f 177 66 65
f 179 180 68
f 179 68 67
f 181 182 70
f 181 70 69
f 117 116 72
f 117 72 71
f 165 168 90
f 165 90 89
f 141 140 92
f 141 92 91
f 183 184 185
f 183 185 186
f 186 185 187
f 186 187 188
f 188 187 189
f 188 189 190
f 191 192 193
f 191 193 194
f 195 196 197
f 195 197 198
f 198 197 199
f 198 199 200
f 200 199 201
f 200 201 202
f 203 204 205
f 203 205 206
f 207 208 209
f 207 209 210
f 211 212 213
f 211 213 214
f 215 216 217
f 215 217 218
f 219 220 221
f 219 221 222
f 223 224 225
f 223 225 226
f 227 228 224
f 227 224 223
f 228 227 229
f 228 229 230
f 231 232 233
f 231 233 234
f 232 231 235
f 232 235 236
f 236 235 237
f 236 237 238
f 239 240 241
f 239 241 242
f 243 244 245
f 243 245 246
f 247 248 249
f 247 249 250
f 250 249 251
f 250 251 252
f 252 251 253
f 252 253 254
f 255 256 257
f 255 257 258
f 258 257 259
f 258 259 260
f 260 259 261
f 260 261 262
f 263 264 265
f 263 265 266
f 266 265 267
f 266 267 268
f 268 267 269
f 268 269 270
f 7 6 271
f 7 271 272
f 273 233 274
f 273 274 275
f 233 232 276
f 233 276 274
f 232 236 277
f 232 277 276
f 236 238 278
f 236 278 277
f 238 279 280
f 238 280 278
f 13 16 281
f 13 281 282
f 283 183 284
f 283 284 285
f 183 186 286
f 183 286 284
f 186 188 287
f 186 287 286
f 188 190 288
f 188 288 287
f 190 289 290
f 190 290 288
f 51 49 291
f 51 291 292
f 293 229 294
f 293 294 295
f 229 227 296
f 229 296 294
f 227 223 297
f 227 297 296
f 223 226 298
f 223 298 297
f 299 300 301
f 299 301 302
f 78 80 303
f 78 303 304
f 305 255 306
f 305 306 307
f 255 258 308
f 255 308 306
f 258 260 309
f 258 309 308
f 260 262 310
f 260 310 309
f 262 311 312
f 262 312 310
f 87 85 313
f 87 313 314
f 315 263 316
f 315 316 317
f 263 266 318
f 263 318 316
f 266 268 319
f 266 319 318
f 268 270 320
f 268 320 319
f 321 322 323
f 321 323 324
f 195 198 325
f 195 325 326
f 198 200 327
f 198 327 325
f 200 202 328
f 200 328 327
f 202 329 330
f 202 330 328
f 331 332 333
f 331 333 334
f 335 336 337
f 335 337 338
f 339 340 341
f 339 341 342
f 343 344 345
f 343 345 346
f 347 348 349
f 347 349 350
f 351 352 353
f 351 353 354
f 355 356 357
f 355 357 358
f 359 360 361
f 359 361 362
f 363 364 365
f 363 365 366
f 367 368 369
f 367 369 370
f 371 372 373
f 371 373 374
f 375 376 377
f 375 377 378
f 379 380 381
f 379 381 382
f 379 383 384
f 379 384 380
f 385 335 338
f 385 338 386
f 387 388 389
f 387 389 390
f 388 391 392
f 388 392 389
f 391 337 336
f 391 336 392
f 393 394 395
f 393 395 396
f 397 398 399
f 397 399 400
f 401 402 403
f 401 403 404
f 405 406 407
f 405 407 408
f 409 410 411
f 409 411 412
f 412 413 414
f 412 414 409
f 415 343 346
f 415 346 416
f 417 418 419
f 417 419 420
f 418 421 422
f 418 422 419
f 421 345 344
f 421 344 422
f 423 424 425
f 423 425 426
f 427 428 429
f 427 429 430
f 431 432 433
f 431 433 434
f 435 436 437
f 435 437 438
f 439 363 366
f 439 366 440
f 441 442 443
f 441 443 444
f 445 446 447
f 445 447 448
f 446 365 364
f 446 364 447
f 449 450 451
f 449 451 452
f 450 453 454
f 450 454 451
f 453 455 456
f 453 456 454
f 457 367 370
f 457 370 458
f 459 460 461
f 459 461 462
f 463 464 465
f 463 465 466
f 466 369 368
f 466 368 463
f 467 468 469
f 467 469 470
f 471 472 473
f 471 473 474
f 475 476 477
f 475 477 478
f 479 480 481
f 479 481 482
f 480 483 484
f 480 484 481
f 483 485 486
f 483 486 484
f 487 488 489
f 487 489 490
f 491 492 493
f 491 493 494
f 495 496 497
f 495 497 498
f 499 500 501
f 499 501 502
f 356 331 334
f 356 334 357
f 360 333 332
f 360 332 361
f 503 339 342
f 503 342 504
f 505 341 340
f 505 340 506
f 459 393 396
f 459 396 460
f 429 395 394
f 429 394 430
f 507 397 400
f 507 400 508
f 437 399 398
f 437 398 438
f 509 401 404
f 509 404 510
f 511 512 513
f 511 513 514
f 495 423 426
f 495 426 496
f 469 425 424
f 469 424 470
f 515 516 517
f 515 517 518
f 516 519 520
f 516 520 517
f 519 521 522
f 519 522 520
f 523 524 525
f 523 525 526
f 527 528 529
f 527 529 530
f 528 531 532
f 528 532 529
f 531 533 534
f 531 534 532
f 535 536 537
f 535 537 538
f 539 540 541
f 539 541 542
f 543 544 545
f 543 545 546
f 547 548 549
f 547 549 550
f 551 552 553
f 551 553 554
f 555 556 557
f 555 557 558
f 559 555 558
f 559 558 560
f 560 561 562
f 560 562 559
f 563 564 565
f 563 565 566
f 566 567 568
f 566 568 563
f 567 569 570
f 567 570 568
f 571 572 573
f 571 573 574
f 575 576 577
f 575 577 578
f 579 580 581
f 579 581 582
f 580 583 584
f 580 584 581
f 583 585 586
f 583 586 584
f 587 588 589
f 587 589 590
f 588 591 592
f 588 592 589
f 591 593 594
f 591 594 592
f 595 596 597
f 595 597 598
f 596 599 600
f 596 600 597
f 599 601 602
f 599 602 600
f 337 603 604
f 337 604 338
f 605 606 607
f 605 607 608
f 608 607 609
f 608 609 610
f 610 609 611
f 610 611 612
f 612 611 613
f 612 613 614
f 614 613 615
f 614 615 616
f 343 617 618
f 343 618 344
f 619 620 621
f 619 621 515
f 515 621 622
f 515 622 516
f 516 622 623
f 516 623 519
f 519 623 624
f 519 624 521
f 521 624 625
f 521 625 626
f 384 627 628
f 384 628 380
f 629 630 631
f 629 631 562
f 562 631 632
f 562 632 559
f 559 632 633
f 559 633 555
f 555 633 634
f 555 634 556
f 635 636 637
f 635 637 638
f 412 639 640
f 412 640 413
f 641 642 643
f 641 643 644
f 644 643 645
f 644 645 646
f 646 645 647
f 646 647 648
f 648 647 649
f 648 649 650
f 650 649 651
f 650 651 652
f 422 653 654
f 422 654 419
f 655 656 657
f 655 657 595
f 595 657 658
f 595 658 596
f 596 658 659
f 596 659 599
f 599 659 660
f 599 660 601
f 661 662 663
f 661 663 664
f 665 666 667
f 665 667 668
f 668 667 669
f 668 669 670
f 670 669 671
f 670 671 672
f 672 671 673
f 672 673 674
f 563 568 675
f 563 675 676
f 568 570 677
f 568 677 675
f 678 679 680
f 678 680 681
f 682 683 684
f 682 684 685
f 683 686 687
f 683 687 684
f 686 688 689
f 686 689 687
f 690 691 692
f 690 692 693
f 564 563 676
f 564 676 694
f 695 696 697
f 695 697 698
f 696 699 700
f 696 700 697
f 701 702 703
f 701 703 704
f 409 414 705
f 409 705 706
f 707 590 708
f 707 708 709
f 590 589 710
f 590 710 708
f 589 592 711
f 589 711 710
f 592 594 712
f 592 712 711
f 713 714 715
f 713 715 716
f 717 718 719
f 717 719 720
f 721 722 723
f 721 723 724
f 722 725 726
f 722 726 723
f 727 728 729
f 727 729 730
f 530 529 731
f 530 731 732
f 529 532 733
f 529 733 731
f 532 534 734
f 532 734 733
f 735 736 737
f 735 737 738
f 739 721 724
f 739 724 740
f 741 742 743
f 741 743 744
f 744 743 745
f 744 745 746
f 747 748 749
f 747 749 750
f 751 752 753
f 751 753 754
f 755 756 757
f 755 757 758
f 758 757 759
f 758 759 760
f 760 759 761
f 760 761 762
f 762 761 763
f 762 763 764
f 764 763 765
f 764 765 766
f 767 768 769
f 767 769 770
f 771 772 742
f 771 742 741
f 773 774 775
f 773 775 776
f 777 778 779
f 777 779 780
f 430 781 782
f 430 782 427
f 783 784 785
f 783 785 786
f 787 788 789
f 787 789 790
f 791 792 793
f 791 793 794
f 792 795 796
f 792 796 793
f 797 798 799
f 797 799 800
f 438 398 801
f 438 801 802
f 398 397 803
f 398 803 801
f 397 507 804
f 397 804 803
f 715 714 805
f 715 805 806
f 807 791 794
f 807 794 808
f 809 810 775
f 809 775 774
f 779 811 812
f 779 812 780
f 813 814 815
f 813 815 816
f 817 818 819
f 817 819 820
f 821 822 823
f 821 823 824
f 825 826 827
f 825 827 828
f 829 830 831
f 829 831 832
f 833 834 835
f 833 835 836
f 407 406 837
f 407 837 838
f 582 839 840
f 582 840 841
f 500 497 496
f 500 496 501
f 842 843 844
f 842 844 845
f 377 376 382
f 377 382 381
f 846 586 847
f 846 847 848
f 469 468 474
f 469 474 473
f 849 850 553
f 849 553 552
f 851 852 853
f 851 853 854
f 855 856 857
f 855 857 858
f 859 860 861
f 859 861 862
f 863 864 865
f 863 865 866
f 867 868 869
f 867 869 870
f 871 872 873
f 871 873 874
f 875 876 877
f 875 877 878
f 879 880 881
f 879 881 882
f 883 884 885
f 883 885 886
f 887 888 889
f 887 889 890
f 891 892 743
f 891 743 742
f 892 893 745
f 892 745 743
f 894 895 749
f 894 749 748
f 778 896 753
f 778 753 752
f 897 898 757
f 897 757 756
f 898 899 759
f 898 759 757
f 899 900 761
f 899 761 759
f 900 901 763
f 900 763 761
f 901 902 765
f 901 765 763
f 903 904 769
f 903 769 768
f 788 891 742
f 788 742 772
f 751 905 906
f 751 906 752
f 907 908 785
f 907 785 784
f 771 909 910
f 771 910 772
f 905 911 912
f 905 912 906
f 913 914 818
f 913 818 817
f 915 916 822
f 915 822 821
f 917 918 919
f 917 919 920
f 752 906 779
f 752 779 778
f 772 910 789
f 772 789 788
f 906 912 811
f 906 811 779
f 920 919 830
f 920 830 829
f 921 922 892
f 921 892 891
f 922 923 893
f 922 893 892
f 924 925 895
f 924 895 894
f 777 926 896
f 777 896 778
f 927 928 898
f 927 898 897
f 928 929 899
f 928 899 898
f 929 930 900
f 929 900 899
f 930 931 901
f 930 901 900
f 931 932 902
f 931 902 901
f 933 934 904
f 933 904 903
f 787 921 891
f 787 891 788
f 935 936 908
f 935 908 907
f 937 938 914
f 937 914 913
f 939 940 916
f 939 916 915
f 748 747 823
f 748 823 822
f 941 781 827
f 941 827 826
f 942 943 831
f 942 831 830
f 775 810 835
f 775 835 834
f 944 945 919
f 944 919 918
f 924 894 916
f 924 916 940
f 946 947 948
f 946 948 949
f 950 951 947
f 950 947 946
f 952 953 951
f 952 951 950
f 949 948 953
f 949 953 952
f 954 955 956
f 954 956 957
f 955 958 959
f 955 959 956
f 958 960 961
f 958 961 959
f 960 962 963
f 960 963 961
f 964 965 966
f 964 966 967
f 965 968 969
f 965 969 966
f 968 970 971
f 968 971 969
f 970 954 957
f 970 957 971
f 972 973 974
f 972 974 975
f 973 976 977
f 973 977 974
f 976 978 979
f 976 979 977
f 978 980 981
f 978 981 979
f 982 983 984
f 982 984 985
f 983 986 987
f 983 987 984
f 986 988 989
f 986 989 987
f 988 972 975
f 988 975 989
f 990 991 973
f 990 973 972
f 991 992 976
f 991 976 973
f 992 993 978
f 992 978 976
f 993 994 980
f 993 980 978
f 995 996 983
f 995 983 982
f 996 997 986
f 996 986 983
f 997 998 988
f 997 988 986
f 998 990 972
f 998 972 988
f 957 956 991
f 957 991 990
f 956 959 992
f 956 992 991
f 959 961 993
f 959 993 992
f 961 963 994
f 961 994 993
f 967 966 996
f 967 996 995
f 966 969 997
f 966 997 996
f 969 971 998
f 969 998 997
f 971 957 990
f 971 990 998
f 954 999 1000
f 954 1000 955
f 955 1000 1001
f 955 1001 958
f 958 1001 1002
f 958 1002 960
f 960 1002 1003
f 960 1003 962
f 964 1004 1005
f 964 1005 965
f 965 1005 1006
f 965 1006 968
f 968 1006 1007
f 968 1007 970
f 970 1007 999
f 970 999 954
f 1008 1009 1010
f 1008 1010 1011
f 1011 1010 1012
f 1011 1012 1013
f 1013 1012 1014
f 1013 1014 1015
f 1015 1014 1016
f 1015 1016 1017
f 1018 1019 1020
f 1018 1020 1021
f 1021 1020 1022
f 1021 1022 1023
f 1023 1022 1024
f 1023 1024 1025
f 1025 1024 1009
f 1025 1009 1008
f 1026 1008 1011
f 1026 1011 1027
f 1027 1011 1013
f 1027 1013 1028
f 1028 1013 1015
f 1028 1015 1029
f 1029 1015 1017
f 1029 1017 1030
f 1031 1018 1021
f 1031 1021 1032
f 1032 1021 1023
f 1032 1023 1033
f 1033 1023 1025
f 1033 1025 1034
f 1034 1025 1008
f 1034 1008 1026
f 999 1026 1027
f 999 1027 1000
f 1000 1027 1028
f 1000 1028 1001
f 1001 1028 1029
f 1001 1029 1002
f 1002 1029 1030
f 1002 1030 1003
f 1004 1031 1032
f 1004 1032 1005
f 1005 1032 1033
f 1005 1033 1006
f 1006 1033 1034
f 1006 1034 1007
f 1007 1034 1026
f 1007 1026 999
f 1035 1036 1037
f 1035 1037 1038
f 1039 1040 1041
f 1039 1041 1042
f 1043 1044 1045
f 1043 1045 1046
f 1040 1043 1046
f 1040 1046 1041
f 1047 1048 1040
f 1047 1040 1049
f 1050 1051 1052
f 1050 1052 1043
f 1048 1050 1043
f 1048 1043 1040
f 1053 1054 1048
f 1053 1048 1047
f 1037 1036 1055
f 1037 1055 1056
f 1057 1058 1051
f 1057 1051 1050
f 1035 1038 1050
f 1035 1050 1048
f 1059 1060 1061
f 1059 1061 1062
f 1063 1064 1065
f 1063 1065 1066
f 1062 1067 1068
f 1062 1068 1069
f 1061 1070 1067
f 1061 1067 1062
f 1071 1072 1070
f 1071 1070 1061
f 1073 1074 1068
f 1073 1068 1067
f 1075 1076 1067
f 1075 1067 1070
f 1077 1075 1070
f 1077 1070 1072
f 1078 1079 1074
f 1078 1074 1073
f 1080 1081 1076
f 1080 1076 1075
f 1082 1083 1075
f 1082 1075 1077
f 1084 1085 1081
f 1084 1081 1080
f 1086 1087 1088
f 1086 1088 1089
f 1090 1091 1085
f 1090 1085 1084
f 1092 1093 1094
f 1092 1094 1095
f 1096 1097 1087
f 1096 1087 1086
f 1065 1064 1091
f 1065 1091 1090
f 1098 1099 1093
f 1098 1093 1092
f 1063 1066 1092
f 1063 1092 1087
f 1087 1055 1100
f 1087 1100 1088
f 1095 1101 1056
f 1095 1056 1092
f 1092 1056 1055
f 1092 1055 1087
f 1102 1103 1104
f 1102 1104 1105
f 1105 1106 1107
f 1105 1107 1108
f 1104 1109 1106
f 1104 1106 1105
f 1110 1111 1109
f 1110 1109 1104
f 1102 1112 1113
f 1102 1113 1103
f 1114 1115 1107
f 1114 1107 1106
f 1116 1114 1106
f 1116 1106 1109
f 1117 1116 1109
f 1117 1109 1111
f 1118 1119 1113
f 1118 1113 1112
f 1120 1121 1115
f 1120 1115 1114
f 1122 1123 1114
f 1122 1114 1116
f 1124 1125 1116
f 1124 1116 1117
f 1126 1127 1119
f 1126 1119 1118
f 1128 1129 1123
f 1128 1123 1122
f 1130 1131 1132
f 1130 1132 1133
f 1134 1135 1132
f 1134 1132 1131
f 1136 1137 1135
f 1136 1135 1134
f 1138 1139 1136
f 1138 1136 1140
f 1141 1142 1143
f 1141 1143 1137
f 1139 1141 1137
f 1139 1137 1136
f 1139 1129 1128
f 1139 1128 1141
f 1144 1145 1146
f 1144 1146 1147
f 1148 1149 1150
f 1148 1150 1151
f 1146 1148 1151
f 1146 1151 1147
f 1152 1153 1154
f 1152 1154 1155
f 1156 1157 1158
f 1156 1158 1159
f 1160 1161 1162
f 1160 1162 1163
f 1164 1165 1166
f 1164 1166 1167
f 1168 1169 1170
f 1168 1170 1171
f 1172 1168 1171
f 1172 1171 1173
f 1174 1175 1176
f 1174 1176 1167
f 1177 1178 1179
f 1177 1179 1180
f 1171 1170 1181
f 1171 1181 1182
f 1173 1171 1182
f 1173 1182 1183
f 1184 1185 1175
f 1184 1175 1174
f 1174 1186 1187
f 1174 1187 1184
f 1182 1181 1188
f 1182 1188 1189
f 1183 1182 1189
f 1183 1189 1190
f 1191 1192 1185
f 1191 1185 1184
f 1193 1194 1195
f 1193 1195 1196
f 1189 1188 1197
f 1189 1197 1198
f 1190 1189 1198
f 1190 1198 1199
f 1200 1201 1192
f 1200 1192 1191
f 1173 1183 1202
f 1173 1202 1203
f 1204 1205 1202
f 1204 1202 1183
f 1174 1167 1177
f 1174 1177 1180
f 1166 1178 1177
f 1166 1177 1167
f 1190 1199 1206
f 1190 1206 1207
f 1208 1209 1206
f 1208 1206 1199
f 1191 1184 1193
f 1191 1193 1196
f 1187 1194 1193
f 1187 1193 1184
f 1167 1176 1210
f 1167 1210 1164
f 1211 1212 1165
f 1211 1165 1164
f 1213 1214 1169
f 1213 1169 1168
f 1215 1213 1168
f 1215 1168 1172
f 1164 1210 1216
f 1164 1216 1211
f 1159 1217 1218
f 1159 1218 1156
f 1154 1153 1214
f 1154 1214 1213
f 1155 1154 1213
f 1155 1213 1215
f 1163 1219 1220
f 1163 1220 1160
f 1192 1201 1221
f 1192 1221 1222
f 1159 1158 1223
f 1159 1223 1217
f 1144 1150 1161
f 1144 1161 1160
f 1224 1225 1166
f 1224 1166 1165
f 1210 1176 1226
f 1210 1226 1227
f 1228 1205 1179
f 1228 1179 1178
f 1176 1175 1229
f 1176 1229 1226
f 1204 1230 1187
f 1204 1187 1186
f 1175 1185 1231
f 1175 1231 1229
f 1232 1209 1195
f 1232 1195 1194
f 1185 1192 1222
f 1185 1222 1231
f 1174 1180 1179
f 1174 1179 1186
f 1225 1228 1178
f 1225 1178 1166
f 1191 1196 1195
f 1191 1195 1233
f 1230 1232 1194
f 1230 1194 1187
f 1216 1210 1227
f 1216 1227 1234
f 1152 1235 1218
f 1152 1218 1217
f 1158 1157 1236
f 1158 1236 1223
f 1160 1220 1145
f 1160 1145 1144
f 1222 1221 1237
f 1222 1237 1238
f 1217 1223 1153
f 1217 1153 1152
f 1227 1226 1239
f 1227 1239 1240
f 1226 1229 1241
f 1226 1241 1239
f 1229 1231 1242
f 1229 1242 1241
f 1231 1222 1238
f 1231 1238 1242
f 1186 1179 1205
f 1186 1205 1204
f 1233 1195 1209
f 1233 1209 1208
f 1223 1236 1214
f 1223 1214 1153
f 1147 1151 1150
f 1147 1150 1144
f 1172 1173 1225
f 1172 1225 1224
f 1203 1202 1205
f 1203 1205 1228
f 1183 1190 1230
f 1183 1230 1204
f 1207 1206 1209
f 1207 1209 1232
f 1173 1203 1228
f 1173 1228 1225
f 1190 1207 1232
f 1190 1232 1230
f 1215 1172 1224
f 1215 1224 1235
f 1155 1215 1235
f 1155 1235 1152
f 1243 1165 1212
f 1243 1212 1244
f 1245 1218 1235
f 1245 1235 1246
f 1246 1235 1224
f 1246 1224 1247
f 1247 1224 1165
f 1247 1165 1243
f 1248 1249 1146
f 1248 1146 1145
f 1250 1251 1149
f 1250 1149 1148
f 1249 1250 1148
f 1249 1148 1146
f 1163 1162 1252
f 1163 1252 1219
f 1253 1254 1220
f 1253 1220 1219
f 1162 1161 1255
f 1162 1255 1252
f 1161 1150 1149
f 1161 1149 1255
f 1219 1252 1256
f 1219 1256 1253
f 1252 1255 1257
f 1252 1257 1256
f 1208 1199 1249
f 1208 1249 1248
f 1198 1197 1251
f 1198 1251 1250
f 1199 1198 1250
f 1199 1250 1249
f 1191 1233 1258
f 1191 1258 1200
f 1233 1208 1248
f 1233 1248 1258
f 1259 1260 1261
f 1259 1261 1262
f 1263 1264 1265
f 1263 1265 1266
f 1267 1268 1269
f 1267 1269 1270
f 1266 1265 1268
f 1266 1268 1267
f 1271 1272 1266
f 1271 1266 1273
f 1274 1267 1275
f 1274 1275 1276
f 1273 1266 1267
f 1273 1267 1274
f 1277 1271 1273
f 1277 1273 1278
f 1261 1279 1280
f 1261 1280 1262
f 1281 1274 1276
f 1281 1276 1282
f 1259 1273 1274
f 1259 1274 1260
f 1283 1284 1285
f 1283 1285 1286
f 1287 1288 1289
f 1287 1289 1290
f 1284 1291 1292
f 1284 1292 1293
f 1285 1284 1293
f 1285 1293 1294
f 1295 1285 1294
f 1295 1294 1296
f 1297 1293 1292
f 1297 1292 1298
f 1299 1294 1293
f 1299 1293 1300
f 1301 1296 1294
f 1301 1294 1299
f 1302 1297 1298
f 1302 1298 1303
f 1304 1299 1300
f 1304 1300 1305
f 1306 1301 1299
f 1306 1299 1307
f 1308 1304 1305
f 1308 1305 1309
f 1310 1311 1312
f 1310 1312 1313
f 1314 1308 1309
f 1314 1309 1315
f 1316 1317 1318
f 1316 1318 1319
f 1320 1310 1313
f 1320 1313 1321
f 1289 1314 1315
f 1289 1315 1290
f 1322 1316 1319
f 1322 1319 1323
f 1287 1313 1316
f 1287 1316 1288
f 1313 1312 1324
f 1313 1324 1280
f 1317 1316 1279
f 1317 1279 1325
f 1316 1313 1280
f 1316 1280 1279
f 1326 1327 1328
f 1326 1328 1329
f 1327 1330 1331
f 1327 1331 1332
f 1328 1327 1332
f 1328 1332 1333
f 1334 1328 1333
f 1334 1333 1335
f 1326 1329 1336
f 1326 1336 1337
f 1338 1332 1331
f 1338 1331 1339
f 1340 1333 1332
f 1340 1332 1338
f 1341 1335 1333
f 1341 1333 1340
f 1342 1337 1336
f 1342 1336 1343
f 1344 1338 1339
f 1344 1339 1345
f 1346 1340 1338
f 1346 1338 1347
f 1348 1341 1340
f 1348 1340 1349
f 1350 1342 1343
f 1350 1343 1351
f 1352 1346 1347
f 1352 1347 1353
f 1354 1355 1356
f 1354 1356 1357
f 1358 1357 1356
f 1358 1356 1359
f 1360 1358 1359
f 1360 1359 1361
f 1362 1363 1360
f 1362 1360 1364
f 1365 1361 1366
f 1365 1366 1367
f 1364 1360 1361
f 1364 1361 1365
f 1364 1365 1352
f 1364 1352 1353
f 1368 1369 1370
f 1368 1370 1371
f 1372 1373 1374
f 1372 1374 1375
f 1370 1369 1373
f 1370 1373 1372
f 1376 1377 1378
f 1376 1378 1379
f 1380 1381 1382
f 1380 1382 1383
f 1384 1385 1386
f 1384 1386 1387
f 1388 1389 1390
f 1388 1390 1391
f 1392 1393 1394
f 1392 1394 1395
f 1396 1397 1393
f 1396 1393 1392
f 1398 1389 1399
f 1398 1399 1400
f 1401 1402 1403
f 1401 1403 1404
f 1393 1405 1406
f 1393 1406 1394
f 1397 1407 1405
f 1397 1405 1393
f 1408 1398 1400
f 1408 1400 1409
f 1398 1408 1410
f 1398 1410 1411
f 1405 1412 1413
f 1405 1413 1406
f 1407 1414 1412
f 1407 1412 1405
f 1415 1408 1409
f 1415 1409 1416
f 1417 1418 1419
f 1417 1419 1420
f 1412 1421 1422
f 1412 1422 1413
f 1414 1423 1421
f 1414 1421 1412
f 1424 1415 1416
f 1424 1416 1425
f 1397 1426 1427
f 1397 1427 1407
f 1428 1407 1427
f 1428 1427 1429
f 1398 1402 1401
f 1398 1401 1389
f 1390 1389 1401
f 1390 1401 1404
f 1414 1430 1431
f 1414 1431 1423
f 1432 1423 1431
f 1432 1431 1433
f 1415 1418 1417
f 1415 1417 1408
f 1410 1408 1417
f 1410 1417 1420
f 1389 1388 1434
f 1389 1434 1399
f 1435 1388 1391
f 1435 1391 1436
f 1437 1392 1395
f 1437 1395 1438
f 1439 1396 1392
f 1439 1392 1437
f 1388 1435 1440
f 1388 1440 1434
f 1381 1380 1441
f 1381 1441 1442
f 1378 1437 1438
f 1378 1438 1379
f 1377 1439 1437
f 1377 1437 1378
f 1385 1384 1443
f 1385 1443 1444
f 1416 1445 1446
f 1416 1446 1425
f 1381 1442 1447
f 1381 1447 1382
f 1368 1384 1387
f 1368 1387 1374
f 1448 1391 1390
f 1448 1390 1449
f 1434 1450 1451
f 1434 1451 1399
f 1452 1404 1403
f 1452 1403 1429
f 1399 1451 1453
f 1399 1453 1400
f 1428 1411 1410
f 1428 1410 1454
f 1400 1453 1455
f 1400 1455 1409
f 1456 1420 1419
f 1456 1419 1433
f 1409 1455 1445
f 1409 1445 1416
f 1398 1411 1403
f 1398 1403 1402
f 1449 1390 1404
f 1449 1404 1452
f 1415 1457 1419
f 1415 1419 1418
f 1454 1410 1420
f 1454 1420 1456
f 1440 1458 1450
f 1440 1450 1434
f 1376 1442 1441
f 1376 1441 1459
f 1382 1447 1460
f 1382 1460 1383
f 1384 1368 1371
f 1384 1371 1443
f 1445 1461 1462
f 1445 1462 1446
f 1442 1376 1379
f 1442 1379 1447
f 1450 1463 1464
f 1450 1464 1451
f 1451 1464 1465
f 1451 1465 1453
f 1453 1465 1466
f 1453 1466 1455
f 1455 1466 1461
f 1455 1461 1445
f 1411 1428 1429
f 1411 1429 1403
f 1457 1432 1433
f 1457 1433 1419
f 1447 1379 1438
f 1447 1438 1460
f 1369 1368 1374
f 1369 1374 1373
f 1396 1448 1449
f 1396 1449 1397
f 1426 1452 1429
f 1426 1429 1427
f 1407 1428 1454
f 1407 1454 1414
f 1430 1456 1433
f 1430 1433 1431
f 1397 1449 1452
f 1397 1452 1426
f 1414 1454 1456
f 1414 1456 1430
f 1439 1459 1448
f 1439 1448 1396
f 1377 1376 1459
f 1377 1459 1439
f 1467 1468 1436
f 1467 1436 1391
f 1469 1470 1459
f 1469 1459 1441
f 1470 1471 1448
f 1470 1448 1459
f 1471 1467 1391
f 1471 1391 1448
f 1472 1371 1370
f 1472 1370 1473
f 1474 1372 1375
f 1474 1375 1475
f 1473 1370 1372
f 1473 1372 1474
f 1385 1444 1476
f 1385 1476 1386
f 1477 1444 1443
f 1477 1443 1478
f 1386 1476 1479
f 1386 1479 1387
f 1387 1479 1375
f 1387 1375 1374
f 1444 1477 1480
f 1444 1480 1476
f 1476 1480 1481
f 1476 1481 1479
f 1432 1472 1473
f 1432 1473 1423
f 1421 1474 1475
f 1421 1475 1422
f 1423 1473 1474
f 1423 1474 1421
f 1415 1424 1482
f 1415 1482 1457
f 1457 1482 1472
f 1457 1472 1432
f 1483 1484 1485
f 1483 1485 1486
f 1487 1488 1489
f 1487 1489 1490
f 1491 1492 1493
f 1491 1493 1494
f 1495 1496 1497
f 1495 1497 1498
f 1499 1500 1501
f 1499 1501 1502
f 1494 1503 1504
f 1494 1504 1491
f 1505 1506 1507
f 1505 1507 1508
f 1509 1493 1492
f 1509 1492 1510
f 1511 1512 1497
f 1511 1497 1496
f 1513 1501 1500
f 1513 1500 1514
f 1515 1516 1506
f 1515 1506 1505
f 1517 1518 1519
f 1517 1519 1520
f 1521 1522 1512
f 1521 1512 1511
f 1523 1513 1514
f 1523 1514 1524
f 1525 1526 1516
f 1525 1516 1515
f 1484 1527 1528
f 1484 1528 1485
f 1529 1530 1522
f 1529 1522 1521
f 1486 1523 1524
f 1486 1524 1483
f 1526 1525 1484
f 1526 1484 1483
f 1530 1529 1486
f 1530 1486 1485
f 1531 1532 1492
f 1531 1492 1491
f 1533 1507 1500
f 1533 1500 1499
f 1496 1495 1502
f 1496 1502 1501
f 1487 1490 1503
f 1487 1503 1494
f 1534 1531 1491
f 1534 1491 1504
f 1535 1488 1493
f 1535 1493 1509
f 1532 1536 1510
f 1532 1510 1492
f 1511 1496 1501
f 1511 1501 1513
f 1507 1506 1514
f 1507 1514 1500
f 1515 1505 1537
f 1515 1537 1527
f 1512 1522 1528
f 1512 1528 1538
f 1521 1511 1513
f 1521 1513 1523
f 1506 1516 1524
f 1506 1524 1514
f 1525 1515 1527
f 1525 1527 1484
f 1522 1530 1485
f 1522 1485 1528
f 1529 1521 1523
f 1529 1523 1486
f 1516 1526 1483
f 1516 1483 1524
f 1509 1510 1519
f 1509 1519 1518
f 1538 1528 1520
f 1538 1520 1519
f 1528 1527 1517
f 1528 1517 1520
f 1527 1537 1518
f 1527 1518 1517
f 1494 1493 1488
f 1494 1488 1487
f 1539 1540 1541
f 1539 1541 1542
f 1543 1544 1545
f 1543 1545 1546
f 1547 1548 1549
f 1547 1549 1550
f 1551 1552 1553
f 1551 1553 1554
f 1552 1555 1556
f 1552 1556 1553
f 1555 1557 1558
f 1555 1558 1556
f 1557 1559 1560
f 1557 1560 1558
f 1561 1562 1563
f 1561 1563 1564
f 1562 1565 1566
f 1562 1566 1563
f 1565 1567 1568
f 1565 1568 1566
f 1567 1551 1554
f 1567 1554 1568
f 1569 1570 1571
f 1569 1571 1572
f 1570 1573 1574
f 1570 1574 1571
f 1573 1575 1576
f 1573 1576 1574
f 1575 1577 1578
f 1575 1578 1576
f 1579 1580 1581
f 1579 1581 1582
f 1580 1583 1584
f 1580 1584 1581
f 1583 1585 1586
f 1583 1586 1584
f 1585 1569 1572
f 1585 1572 1586
f 1587 1588 1570
f 1587 1570 1569
f 1588 1589 1573
f 1588 1573 1570
f 1589 1590 1575
f 1589 1575 1573
f 1590 1591 1577
f 1590 1577 1575
f 1592 1593 1580
f 1592 1580 1579
f 1593 1594 1583
f 1593 1583 1580
f 1594 1595 1585
f 1594 1585 1583
f 1595 1587 1569
f 1595 1569 1585
f 1554 1553 1588
f 1554 1588 1587
f 1553 1556 1589
f 1553 1589 1588
f 1556 1558 1590
f 1556 1590 1589
f 1558 1560 1591
f 1558 1591 1590
f 1564 1563 1593
f 1564 1593 1592
f 1563 1566 1594
f 1563 1594 1593
f 1566 1568 1595
f 1566 1595 1594
f 1568 1554 1587
f 1568 1587 1595
f 1551 1596 1597
f 1551 1597 1552
f 1552 1597 1598
f 1552 1598 1555
f 1555 1598 1599
f 1555 1599 1557
f 1557 1599 1600
f 1557 1600 1559
f 1561 1601 1602
f 1561 1602 1562
f 1562 1602 1603
f 1562 1603 1565
f 1565 1603 1604
f 1565 1604 1567
f 1567 1604 1596
f 1567 1596 1551
f 1605 1606 1607
f 1605 1607 1608
f 1608 1607 1609
f 1608 1609 1610
f 1610 1609 1611
f 1610 1611 1612
f 1612 1611 1613
f 1612 1613 1614
f 1615 1616 1617
f 1615 1617 1618
f 1618 1617 1619
f 1618 1619 1620
f 1620 1619 1621
f 1620 1621 1622
f 1622 1621 1606
f 1622 1606 1605
f 1623 1605 1608
f 1623 1608 1624
f 1624 1608 1610
f 1624 1610 1625
f 1625 1610 1612
f 1625 1612 1626
f 1626 1612 1614
f 1626 1614 1627
f 1628 1615 1618
f 1628 1618 1629
f 1629 1618 1620
f 1629 1620 1630
f 1630 1620 1622
f 1630 1622 1631
f 1631 1622 1605
f 1631 1605 1623
f 1596 1623 1624
f 1596 1624 1597
f 1597 1624 1625
f 1597 1625 1598
f 1598 1625 1626
f 1598 1626 1599
f 1599 1626 1627
f 1599 1627 1600
f 1601 1628 1629
f 1601 1629 1602
f 1602 1629 1630
f 1602 1630 1603
f 1603 1630 1631
f 1603 1631 1604
f 1604 1631 1623
f 1604 1623 1596
f 1632 1633 1634
f 1632 1634 1635
f 1636 1637 1638
f 1636 1638 1639
f 1640 1641 1642
f 1640 1642 1643
f 1644 1645 1646
f 1644 1646 1647
f 1648 1649 1650
f 1648 1650 1651
f 1651 1650 1645
f 1651 1645 1644
f 1652 1653 1654
f 1652 1654 1655
f 1653 1656 1657
f 1653 1657 1654
f 1656 1658 1659
f 1656 1659 1657
f 1658 1660 1661
f 1658 1661 1659
f 1660 1662 1663
f 1660 1663 1661
f 1662 1664 1665
f 1662 1665 1663
f 1664 1666 1667
f 1664 1667 1665
f 1666 1668 1669
f 1666 1669 1667
f 1668 1670 1671
f 1668 1671 1669
f 1672 1673 1674
f 1672 1674 1675
f 1673 1676 1677
f 1673 1677 1674
f 1676 1652 1655
f 1676 1655 1677
f 1653 1652 1678
f 1653 1678 1679
f 1656 1653 1679
f 1656 1679 1680
f 1658 1656 1680
f 1658 1680 1681
f 1660 1658 1681
f 1660 1681 1682
f 1662 1660 1682
f 1662 1682 1683
f 1664 1662 1683
f 1664 1683 1684
f 1666 1664 1684
f 1666 1684 1685
f 1668 1666 1685
f 1668 1685 1686
f 1670 1668 1686
f 1670 1686 1687
f 1673 1672 1688
f 1673 1688 1689
f 1676 1673 1689
f 1676 1689 1690
f 1652 1676 1690
f 1652 1690 1678
f 1691 1692 1693
f 1691 1693 1694
f 1695 1696 1697
f 1695 1697 1698
f 1695 1699 1700
f 1695 1700 1696
f 1695 1701 1702
f 1695 1702 1699
f 1695 1703 1704
f 1695 1704 1701
f 1691 1694 1705
f 1691 1705 1706
f 1655 1654 1707
f 1655 1707 1708
f 1654 1657 1709
f 1654 1709 1707
f 1657 1659 1710
f 1657 1710 1709
f 1659 1661 1711
f 1659 1711 1710
f 1661 1663 1712
f 1661 1712 1711
f 1663 1665 1713
f 1663 1713 1712
f 1665 1667 1714
f 1665 1714 1713
f 1667 1669 1715
f 1667 1715 1714
f 1669 1671 1716
f 1669 1716 1715
f 1675 1674 1717
f 1675 1717 1718
f 1674 1677 1719
f 1674 1719 1717
f 1677 1655 1708
f 1677 1708 1719
f 1720 1721 1722
f 1720 1722 1723
f 1724 1725 1722
f 1724 1722 1721
f 1726 1727 1728
f 1726 1728 1729
f 1730 1731 1728
f 1730 1728 1727
f 1732 1733 1728
f 1732 1728 1731
f 1734 1723 1722
f 1734 1722 1735
f 1678 1736 1737
f 1678 1737 1679
f 1690 1738 1736
f 1690 1736 1678
f 1689 1739 1738
f 1689 1738 1690
f 1688 1740 1739
f 1688 1739 1689
f 1686 1741 1742
f 1686 1742 1687
f 1685 1743 1741
f 1685 1741 1686
f 1684 1744 1743
f 1684 1743 1685
f 1683 1745 1744
f 1683 1744 1684
f 1682 1746 1745
f 1682 1745 1683
f 1681 1747 1746
f 1681 1746 1682
f 1680 1748 1747
f 1680 1747 1681
f 1679 1737 1748
f 1679 1748 1680
f 1707 1749 1750
f 1707 1750 1708
f 1709 1751 1749
f 1709 1749 1707
f 1710 1752 1751
f 1710 1751 1709
f 1711 1753 1752
f 1711 1752 1710
f 1712 1754 1753
f 1712 1753 1711
f 1713 1755 1754
f 1713 1754 1712
f 1714 1756 1755
f 1714 1755 1713
f 1715 1757 1756
f 1715 1756 1714
f 1716 1758 1757
f 1716 1757 1715
f 1717 1759 1760
f 1717 1760 1718
f 1719 1761 1759
f 1719 1759 1717
f 1708 1750 1761
f 1708 1761 1719
f 1720 1723 1762
f 1720 1762 1763
f 1721 1720 1763
f 1721 1763 1764
f 1724 1721 1764
f 1724 1764 1765
f 1729 1724 1765
f 1729 1765 1766
f 1726 1729 1766
f 1726 1766 1767
f 1727 1726 1767
f 1727 1767 1768
f 1730 1727 1768
f 1730 1768 1769
f 1731 1730 1769
f 1731 1769 1770
f 1732 1731 1770
f 1732 1770 1771
f 1735 1772 1773
f 1735 1773 1774
f 1734 1735 1774
f 1734 1774 1775
f 1723 1734 1775
f 1723 1775 1762
f 1694 1693 1776
f 1694 1776 1777
f 1705 1694 1777
f 1705 1777 1778
f 1706 1705 1778
f 1706 1778 1779
f 1780 1706 1779
f 1780 1779 1781
f 1701 1704 1782
f 1701 1782 1783
f 1702 1701 1783
f 1702 1783 1784
f 1699 1702 1784
f 1699 1784 1785
f 1700 1699 1785
f 1700 1785 1786
f 1696 1700 1786
f 1696 1786 1787
f 1697 1696 1787
f 1697 1787 1788
f 1692 1697 1788
f 1692 1788 1789
f 1693 1692 1789
f 1693 1789 1776
f 1777 1776 1737
f 1777 1737 1736
f 1778 1777 1736
f 1778 1736 1738
f 1779 1778 1738
f 1779 1738 1739
f 1781 1779 1739
f 1781 1739 1740
f 1783 1782 1742
f 1783 1742 1741
f 1784 1783 1741
f 1784 1741 1743
f 1785 1784 1743
f 1785 1743 1744
f 1786 1785 1744
f 1786 1744 1745
f 1787 1786 1745
f 1787 1745 1746
f 1788 1787 1746
f 1788 1746 1747
f 1789 1788 1747
f 1789 1747 1748
f 1776 1789 1748
f 1776 1748 1737
f 1763 1762 1750
f 1763 1750 1749
f 1764 1763 1749
f 1764 1749 1751
f 1765 1764 1751
f 1765 1751 1752
f 1766 1765 1752
f 1766 1752 1753
f 1767 1766 1753
f 1767 1753 1754
f 1768 1767 1754
f 1768 1754 1755
f 1769 1768 1755
f 1769 1755 1756
f 1770 1769 1756
f 1770 1756 1757
f 1771 1770 1757
f 1771 1757 1758
f 1774 1773 1760
f 1774 1760 1759
f 1775 1774 1759
f 1775 1759 1761
f 1762 1775 1761
f 1762 1761 1750
f 1790 1791 1792
f 1790 1792 1793
f 1791 1794 1795
f 1791 1795 1792
f 1794 1796 1797
f 1794 1797 1795
f 1796 1798 1799
f 1796 1799 1797
f 1798 1800 1801
f 1798 1801 1799
f 1800 1802 1803
f 1800 1803 1801
f 1802 1804 1805
f 1802 1805 1803
f 1804 1806 1807
f 1804 1807 1805
f 1806 1808 1809
f 1806 1809 1807
f 1810 1811 1812
f 1810 1812 1813
f 1811 1814 1815
f 1811 1815 1812
f 1814 1790 1793
f 1814 1793 1815
f 1791 1790 1816
f 1791 1816 1817
f 1794 1791 1817
f 1794 1817 1818
f 1796 1794 1818
f 1796 1818 1819
f 1798 1796 1819
f 1798 1819 1820
f 1800 1798 1820
f 1800 1820 1821
f 1802 1800 1821
f 1802 1821 1822
f 1804 1802 1822
f 1804 1822 1823
f 1806 1804 1823
f 1806 1823 1824
f 1808 1806 1824
f 1808 1824 1825
f 1811 1810 1826
f 1811 1826 1827
f 1814 1811 1827
f 1814 1827 1828
f 1790 1814 1828
f 1790 1828 1816
f 1829 1830 1831
f 1829 1831 1832
f 1833 1834 1835
f 1833 1835 1836
f 1833 1837 1838
f 1833 1838 1834
f 1833 1839 1840
f 1833 1840 1837
f 1833 1841 1842
f 1833 1842 1839
f 1829 1832 1843
f 1829 1843 1844
f 1793 1792 1845
f 1793 1845 1846
f 1792 1795 1847
f 1792 1847 1845
f 1795 1797 1848
f 1795 1848 1847
f 1797 1799 1849
f 1797 1849 1848
f 1799 1801 1850
f 1799 1850 1849
f 1801 1803 1851
f 1801 1851 1850
f 1803 1805 1852
f 1803 1852 1851
f 1805 1807 1853
f 1805 1853 1852
f 1807 1809 1854
f 1807 1854 1853
f 1813 1812 1855
f 1813 1855 1856
f 1812 1815 1857
f 1812 1857 1855
f 1815 1793 1846
f 1815 1846 1857
f 1858 1859 1860
f 1858 1860 1861
f 1862 1863 1860
f 1862 1860 1859
f 1864 1865 1866
f 1864 1866 1867
f 1868 1869 1866
f 1868 1866 1865
f 1870 1871 1866
f 1870 1866 1869
f 1872 1861 1860
f 1872 1860 1873
f 1816 1874 1875
f 1816 1875 1817
f 1828 1876 1874
f 1828 1874 1816
f 1827 1877 1876
f 1827 1876 1828
f 1826 1878 1877
f 1826 1877 1827
f 1824 1879 1880
f 1824 1880 1825
f 1823 1881 1879
f 1823 1879 1824
f 1822 1882 1881
f 1822 1881 1823
f 1821 1883 1882
f 1821 1882 1822
f 1820 1884 1883
f 1820 1883 1821
f 1819 1885 1884
f 1819 1884 1820
f 1818 1886 1885
f 1818 1885 1819
f 1817 1875 1886
f 1817 1886 1818
f 1845 1887 1888
f 1845 1888 1846
f 1847 1889 1887
f 1847 1887 1845
f 1848 1890 1889
f 1848 1889 1847
f 1849 1891 1890
f 1849 1890 1848
f 1850 1892 1891
f 1850 1891 1849
f 1851 1893 1892
f 1851 1892 1850
f 1852 1894 1893
f 1852 1893 1851
f 1853 1895 1894
f 1853 1894 1852
f 1854 1896 1895
f 1854 1895 1853
f 1855 1897 1898
f 1855 1898 1856
f 1857 1899 1897
f 1857 1897 1855
f 1846 1888 1899
f 1846 1899 1857
f 1858 1861 1900
f 1858 1900 1901
f 1859 1858 1901
f 1859 1901 1902
f 1862 1859 1902
f 1862 1902 1903
f 1867 1862 1903
f 1867 1903 1904
f 1864 1867 1904
f 1864 1904 1905
f 1865 1864 1905
f 1865 1905 1906
f 1868 1865 1906
f 1868 1906 1907
f 1869 1868 1907
f 1869 1907 1908
f 1870 1869 1908
f 1870 1908 1909
f 1873 1910 1911
f 1873 1911 1912
f 1872 1873 1912
f 1872 1912 1913
f 1861 1872 1913
f 1861 1913 1900
f 1832 1831 1914
f 1832 1914 1915
f 1843 1832 1915
f 1843 1915 1916
f 1844 1843 1916
f 1844 1916 1917
f 1918 1844 1917
f 1918 1917 1919
f 1839 1842 1920
f 1839 1920 1921
f 1840 1839 1921
f 1840 1921 1922
f 1837 1840 1922
f 1837 1922 1923
f 1838 1837 1923
f 1838 1923 1924
f 1834 1838 1924
f 1834 1924 1925
f 1835 1834 1925
f 1835 1925 1926
f 1830 1835 1926
f 1830 1926 1927
f 1831 1830 1927
f 1831 1927 1914
f 1915 1914 1875
f 1915 1875 1874
f 1916 1915 1874
f 1916 1874 1876
f 1917 1916 1876
f 1917 1876 1877
f 1919 1917 1877
f 1919 1877 1878
f 1921 1920 1880
f 1921 1880 1879
f 1922 1921 1879
f 1922 1879 1881
f 1923 1922 1881
f 1923 1881 1882
f 1924 1923 1882
f 1924 1882 1883
f 1925 1924 1883
f 1925 1883 1884
f 1926 1925 1884
f 1926 1884 1885
f 1927 1926 1885
f 1927 1885 1886
f 1914 1927 1886
f 1914 1886 1875
f 1901 1900 1888
f 1901 1888 1887
f 1902 1901 1887
f 1902 1887 1889
f 1903 1902 1889
f 1903 1889 1890
f 1904 1903 1890
f 1904 1890 1891
f 1905 1904 1891
f 1905 1891 1892
f 1906 1905 1892
f 1906 1892 1893
f 1907 1906 1893
f 1907 1893 1894
f 1908 1907 1894
f 1908 1894 1895
f 1909 1908 1895
f 1909 1895 1896
f 1912 1911 1898
f 1912 1898 1897
f 1913 1912 1897
f 1913 1897 1899
f 1900 1913 1899
f 1900 1899 1888
f 1928 1929 1930
f 1928 1930 1931
f 1932 1933 1934
f 1932 1934 1935
f 1936 1937 1938
f 1936 1938 1939
f 1940 1941 1942
f 1940 1942 1943
f 1944 1945 1946
f 1944 1946 1947
f 1948 1949 1950
f 1948 1950 1951
f 1952 1953 1954
f 1952 1954 1955
f 1956 1957 1958
f 1956 1958 1959
f 1960 1961 1962
f 1960 1962 1963
f 1964 1965 1966
f 1964 1966 1967
f 1968 1969 1970
f 1968 1970 1971
f 1972 1973 1974
f 1972 1974 1975
f 1976 1977 1978
f 1976 1978 1979
f 1980 1981 1982
f 1980 1982 1983
f 1984 1985 1986
f 1984 1986 1987
f 1988 1989 1990
f 1988 1990 1991
f 1992 1993 1994
f 1992 1994 1995
f 1996 1997 1998
f 1996 1998 1999
f 2000 2001 2002
f 2000 2002 2003
f 2004 2005 2006
f 2004 2006 2007
f 2008 2009 2010
f 2008 2010 2011
f 2012 2013 2014
f 2012 2014 2015
f 2016 2017 2018
f 2016 2018 2019
f 2020 2021 2022
f 2020 2022 2023
f 2024 2025 2026
f 2024 2026 2027
f 2028 2029 2030
f 2028 2030 2031
f 2032 2033 2034
f 2032 2034 2035
f 2036 2037 2038
f 2036 2038 2039
f 2040 2041 2042
f 2040 2042 2043
f 2044 2045 2046
f 2044 2046 2047
f 2048 2049 2050
f 2048 2050 2051
f 2052 2053 2054
f 2052 2054 2055
f 2056 2057 2058
f 2056 2058 2059
f 2060 2061 2062
f 2060 2062 2063
f 1949 2064 2065
f 1949 2065 2066
f 2067 2068 2069
f 2067 2069 2070
f 1957 2067 2070
f 1957 2070 1958
f 1959 2032 2035
f 1959 2035 1956
f 2071 2072 2073
f 2071 2073 2074
f 2075 2076 2077
f 2075 2077 2078
f 2079 2080 2081
f 2079 2081 2082
f 2083 2084 2085
f 2083 2085 2086
f 2087 2088 2089
f 2087 2089 2090
f 2039 2038 2091
f 2039 2091 2092
f 2092 2091 2041
f 2092 2041 2040
f 2093 2094 2043
f 2093 2043 2042
f 2095 2096 2097
f 2095 2097 2098
f 2099 2100 2101
f 2099 2101 2102
f 2103 2104 2105
f 2103 2105 2106
f 2107 2108 2109
f 2107 2109 2110
f 2111 2112 2113
f 2111 2113 2114
f 2115 2094 2093
f 2115 2093 2116
f 1961 2115 2116
f 1961 2116 1962
f 1963 2044 2047
f 1963 2047 1960
f 2117 2118 2119
f 2117 2119 2120
f 2121 2122 2123
f 2121 2123 2124
f 2125 2126 2127
f 2125 2127 2128
f 2129 2130 2131
f 2129 2131 2132
f 1997 2133 2134
f 1997 2134 2060
f 2027 2026 2135
f 2027 2135 2136
f 2136 2135 2029
f 2136 2029 2028
f 2069 2068 2031
f 2069 2031 2030
f 2137 2138 2139
f 2137 2139 2140
f 2138 2141 2142
f 2138 2142 2139
f 2143 2144 2145
f 2143 2145 2146
f 2144 2147 2148
f 2144 2148 2145
f 2149 2064 1949
f 2149 1949 1948
f 1959 1958 1951
f 1959 1951 1950
f 2150 2108 2107
f 2150 2107 2104
f 1963 1962 2105
f 1963 2105 2151
f 2152 2153 2154
f 2152 2154 2155
f 2026 2025 1994
f 2026 1994 2132
f 2156 2133 1997
f 2156 1997 1996
f 2030 2029 1999
f 2030 1999 1998
f 2157 2033 2158
f 2157 2158 2159
f 2160 2161 2000
f 2160 2000 2003
f 2162 2163 2164
f 2162 2164 2165
f 2038 2037 2166
f 2038 2166 2167
f 2168 2084 2083
f 2168 2083 2080
f 2042 2041 2081
f 2042 2081 2169
f 2170 2171 2172
f 2170 2172 2173
f 2174 2175 2008
f 2174 2008 2011
f 2134 2176 2061
f 2134 2061 2060
f 2070 2069 2063
f 2070 2063 2062
f 2176 2149 1948
f 2176 1948 2061
f 1958 2070 2062
f 1958 2062 1951
f 2032 1959 1950
f 2032 1950 2177
f 2178 2179 2079
f 2178 2079 2180
f 2091 2038 2167
f 2091 2167 2082
f 2179 2168 2080
f 2179 2080 2079
f 2041 2091 2082
f 2041 2082 2081
f 2093 2042 2169
f 2093 2169 2181
f 2181 2169 2083
f 2181 2083 2086
f 2085 2182 2103
f 2085 2103 2086
f 2116 2093 2181
f 2116 2181 2106
f 2182 2150 2104
f 2182 2104 2103
f 1962 2116 2106
f 1962 2106 2105
f 2044 1963 2151
f 2044 2151 2183
f 2184 2185 2107
f 2184 2107 2110
f 2186 2187 2188
f 2186 2188 2189
f 2135 2026 2132
f 2135 2132 2131
f 2187 2156 1996
f 2187 1996 2188
f 2029 2135 2131
f 2029 2131 1999
f 2069 2030 1998
f 2069 1998 2063
f 2190 2191 2192
f 2190 2192 2193
f 2194 2195 2196
f 2194 2196 2197
f 2198 2100 2099
f 2198 2099 2096
f 2199 2200 2097
f 2199 2097 2201
f 2202 2203 1939
f 2202 1939 1938
f 2204 2205 2206
f 2204 2206 2207
f 2208 2209 1966
f 2208 1966 2210
f 2211 2076 2075
f 2211 2075 2072
f 2212 2213 2073
f 2212 2073 2214
f 2215 2216 2217
f 2215 2217 2218
f 2219 2220 1968
f 2219 1968 1971
f 2221 2222 2223
f 2221 2223 2224
f 2225 2226 2227
f 2225 2227 2120
f 2228 2229 1979
f 2228 1979 1978
f 2230 2231 2232
f 2230 2232 2233
f 2234 2235 1980
f 2234 1980 1983
f 2236 2237 2051
f 2236 2051 2050
f 2203 2236 2050
f 2203 2050 1939
f 2238 2202 1938
f 2238 1938 2239
f 2240 2241 2071
f 2240 2071 2242
f 2243 2208 2210
f 2243 2210 2074
f 2241 2211 2072
f 2241 2072 2071
f 2213 2243 2074
f 2213 2074 2073
f 2244 2212 2214
f 2244 2214 2245
f 2245 2214 2075
f 2245 2075 2078
f 2077 2246 2095
f 2077 2095 2078
f 2247 2244 2245
f 2247 2245 2098
f 2246 2198 2096
f 2246 2096 2095
f 2200 2247 2098
f 2200 2098 2097
f 2248 2199 2201
f 2248 2201 2249
f 2250 2251 2099
f 2250 2099 2102
f 2252 2225 2120
f 2252 2120 2119
f 2229 2252 2119
f 2229 2119 1979
f 2237 2228 1978
f 2237 1978 2051
f 2253 2254 2255
f 2253 2255 2256
f 2257 2258 2259
f 2257 2259 2260
f 2261 2262 2263
f 2261 2263 2264
f 2265 2257 2260
f 2265 2260 2266
f 2267 2268 2269
f 2267 2269 2270
f 2271 2261 2264
f 2271 2264 2272
f 2273 2274 2275
f 2273 2275 2276
f 2277 2265 2266
f 2277 2266 2278
f 2279 2271 2272
f 2279 2272 2280
f 2281 2282 2283
f 2281 2283 2284
f 2285 2273 2276
f 2285 2276 2286
f 2287 2288 2289
f 2287 2289 2290
f 2291 2267 2270
f 2291 2270 2292
f 2274 2293 2294
f 2274 2294 2275
f 2293 2277 2278
f 2293 2278 2294
f 2295 2296 2297
f 2295 2297 2298
f 2296 2291 2292
f 2296 2292 2297
f 2268 2299 2300
f 2268 2300 2269
f 2299 2279 2280
f 2299 2280 2300
f 2301 2302 2303
f 2301 2303 2304
f 2302 2285 2286
f 2302 2286 2303
f 2224 2305 2306
f 2224 2306 2307
f 2218 2308 2309
f 2218 2309 2310
f 2207 2311 2312
f 2207 2312 2313
f 2233 2314 2315
f 2233 2315 2316
f 2317 2318 2058
f 2317 2058 2053
f 2319 2320 2054
f 2319 2054 2321
f 2011 2010 2322
f 2011 2322 2323
f 2284 2324 2325
f 2284 2325 2326
f 2003 2002 2327
f 2003 2327 2328
f 2290 2329 2330
f 2290 2330 2331
f 2285 2302 1953
f 2285 1953 1952
f 2271 2279 1955
f 2271 1955 1954
f 2332 2170 2333
f 2332 2333 2334
f 2140 2335 2336
f 2140 2336 2337
f 2338 2157 2339
f 2338 2339 2340
f 2146 2341 2342
f 2146 2342 2343
f 2344 2345 2346
f 2344 2346 2193
f 2347 2348 1986
f 2347 1986 2349
f 2350 2351 2127
f 2350 2127 2122
f 2352 2353 2123
f 2352 2123 2126
f 2354 2355 2356
f 2354 2356 2197
f 2357 2358 1990
f 2357 1990 2059
f 2359 2258 2360
f 2359 2360 2361
f 2295 2288 2014
f 2295 2014 2090
f 2277 2293 2017
f 2277 2017 2016
f 2267 2291 2019
f 2267 2019 2018
f 2362 2262 2363
f 2362 2363 2256
f 2301 2282 2022
f 2301 2022 2364
f 2365 2366 2052
f 2365 2052 2128
f 2367 2368 2125
f 2367 2125 2055
f 2366 2317 2053
f 2366 2053 2052
f 2320 2367 2055
f 2320 2055 2054
f 2369 2319 2321
f 2369 2321 2370
f 2318 2357 2059
f 2318 2059 2058
f 2257 2265 2371
f 2257 2371 2372
f 2296 2295 2090
f 2296 2090 2089
f 2265 2277 2016
f 2265 2016 2371
f 2291 2296 2089
f 2291 2089 2019
f 2268 2267 2018
f 2268 2018 2114
f 2293 2274 2111
f 2293 2111 2017
f 2274 2273 2112
f 2274 2112 2111
f 2299 2268 2114
f 2299 2114 2113
f 2273 2285 1952
f 2273 1952 2112
f 2279 2299 2113
f 2279 2113 1955
f 2261 2271 1954
f 2261 1954 2373
f 2302 2301 2364
f 2302 2364 1953
f 2374 2375 2121
f 2374 2121 2376
f 2377 2347 2349
f 2377 2349 2124
f 2375 2350 2122
f 2375 2122 2121
f 2353 2377 2124
f 2353 2124 2123
f 2368 2352 2126
f 2368 2126 2125
f 2351 2365 2128
f 2351 2128 2127
f 2170 2173 2378
f 2170 2378 2333
f 1995 2335 2140
f 1995 2140 2139
f 2173 2379 2380
f 2173 2380 2378
f 2155 2381 2382
f 2155 2382 1943
f 2157 2159 2383
f 2157 2383 2339
f 2007 2341 2146
f 2007 2146 2145
f 2159 2384 2385
f 2159 2385 2383
f 2165 2386 2387
f 2165 2387 1947
f 2388 2389 2390
f 2388 2390 1987
f 1971 1970 2391
f 1971 2391 1931
f 2336 2215 2392
f 2336 2392 2337
f 1975 2393 2394
f 1975 2394 2395
f 2396 2397 2398
f 2396 2398 1991
f 1983 1982 2399
f 1983 2399 1935
f 2342 2230 2400
f 2342 2400 2343
f 1967 2401 2402
f 1967 2402 2403
f 2281 2284 2326
f 2281 2326 2023
f 2404 2362 2256
f 2404 2256 2255
f 2287 2290 2331
f 2287 2331 2015
f 2405 2359 2361
f 2405 2361 2406
f 2242 2407 2408
f 2242 2408 2206
f 2370 2409 2410
f 2370 2410 2356
f 2066 2065 2001
f 2066 2001 2000
f 2411 2412 2413
f 2411 2413 2164
f 2372 2414 2415
f 2372 2415 2360
f 2033 2157 2338
f 2033 2338 2034
f 2342 2341 2416
f 2342 2416 2417
f 2032 2177 2158
f 2032 2158 2033
f 2177 2418 2419
f 2177 2419 2158
f 2341 2007 2006
f 2341 2006 2416
f 2357 2420 2421
f 2357 2421 2358
f 2338 2401 2209
f 2338 2209 2034
f 2422 2423 2231
f 2422 2231 2417
f 2424 2425 2426
f 2424 2426 2232
f 2359 2405 2259
f 2359 2259 2258
f 2295 2298 2289
f 2295 2289 2288
f 2369 2370 2356
f 2369 2356 2355
f 2396 1991 1990
f 2396 1990 2358
f 2257 2372 2360
f 2257 2360 2258
f 2287 2015 2014
f 2287 2014 2288
f 2102 2101 1969
f 2102 1969 1968
f 2427 2428 2429
f 2427 2429 2223
f 2376 2430 2431
f 2376 2431 2346
f 2189 2432 2433
f 2189 2433 2154
f 2434 2435 2009
f 2434 2009 2008
f 2373 2436 2437
f 2373 2437 2363
f 2336 2335 2025
f 2336 2025 2024
f 2171 2170 2332
f 2171 2332 2438
f 2304 2439 2440
f 2304 2440 2283
f 2335 1995 1994
f 2335 1994 2025
f 2441 2442 2172
f 2441 2172 2171
f 2442 2443 2444
f 2442 2444 2172
f 2027 2248 2216
f 2027 2216 2024
f 2249 2445 2446
f 2249 2446 2217
f 2332 2393 2447
f 2332 2447 2438
f 2362 2404 2263
f 2362 2263 2262
f 2301 2304 2283
f 2301 2283 2282
f 2374 2376 2346
f 2374 2346 2345
f 2388 1987 1986
f 2388 1986 2348
f 2261 2373 2363
f 2261 2363 2262
f 2281 2023 2022
f 2281 2022 2282
f 2255 2254 2448
f 2255 2448 2449
f 2406 2450 2451
f 2406 2451 2452
f 2259 2405 2453
f 2259 2453 2454
f 2263 2404 2455
f 2263 2455 2456
f 2266 2260 2457
f 2266 2457 2458
f 2276 2275 2459
f 2276 2459 2460
f 2278 2266 2458
f 2278 2458 2461
f 2284 2283 2440
f 2284 2440 2324
f 2286 2276 2460
f 2286 2460 2462
f 2290 2289 2463
f 2290 2463 2329
f 2275 2294 2464
f 2275 2464 2459
f 2294 2278 2461
f 2294 2461 2464
f 2304 2303 2465
f 2304 2465 2439
f 2303 2286 2462
f 2303 2462 2465
f 2404 2255 2449
f 2404 2449 2455
f 2152 1942 2325
f 2152 2325 2324
f 2405 2406 2452
f 2405 2452 2453
f 2162 1946 2330
f 2162 2330 2329
f 2260 2259 2454
f 2260 2454 2457
f 2178 2466 2467
f 2178 2467 2468
f 2186 2153 2440
f 2186 2440 2439
f 2449 2448 2469
f 2449 2469 2322
f 2452 2451 2470
f 2452 2470 2327
f 2454 2453 2002
f 2454 2002 2001
f 2456 2455 2010
f 2456 2010 2009
f 2458 2457 2065
f 2458 2065 2064
f 2471 2472 2085
f 2471 2085 2084
f 2473 2474 2109
f 2473 2109 2108
f 2460 2459 2134
f 2460 2134 2133
f 2461 2458 2064
f 2461 2064 2149
f 2475 2473 2108
f 2475 2108 2150
f 2324 2440 2153
f 2324 2153 2152
f 2462 2460 2133
f 2462 2133 2156
f 2329 2463 2163
f 2329 2163 2162
f 2476 2471 2084
f 2476 2084 2168
f 2459 2464 2176
f 2459 2176 2134
f 2464 2461 2149
f 2464 2149 2176
f 2468 2477 2179
f 2468 2179 2178
f 2477 2476 2168
f 2477 2168 2179
f 2472 2478 2182
f 2472 2182 2085
f 2478 2475 2150
f 2478 2150 2182
f 2439 2465 2187
f 2439 2187 2186
f 2465 2462 2156
f 2465 2156 2187
f 2455 2449 2322
f 2455 2322 2010
f 2453 2452 2327
f 2453 2327 2002
f 2457 2454 2001
f 2457 2001 2065
f 2474 2479 2480
f 2474 2480 2109
f 2155 1943 1942
f 2155 1942 2152
f 2165 1947 1946
f 2165 1946 2162
f 2180 2481 2466
f 2180 2466 2178
f 2189 2154 2153
f 2189 2153 2186
f 2441 2171 2438
f 2441 2438 2482
f 2438 2447 2483
f 2438 2483 2482
f 2484 2480 2435
f 2484 2435 2434
f 2045 2485 2442
f 2045 2442 2441
f 2485 2486 2443
f 2485 2443 2442
f 2456 2009 2435
f 2456 2435 2487
f 2045 2441 2482
f 2045 2482 2046
f 2482 2483 2226
f 2482 2226 2046
f 2487 2435 2480
f 2487 2480 2479
f 2488 2489 2490
f 2488 2490 2491
f 2110 2109 2480
f 2110 2480 2484
f 2044 2183 2485
f 2044 2485 2045
f 2183 2492 2486
f 2183 2486 2485
f 2417 2416 2493
f 2417 2493 2422
f 2416 2006 2494
f 2416 2494 2493
f 2481 2495 2412
f 2481 2412 2411
f 2036 2496 2423
f 2036 2423 2422
f 2163 2463 2497
f 2163 2497 2498
f 2164 2163 2498
f 2164 2498 2411
f 2422 2493 2037
f 2422 2037 2036
f 2493 2494 2166
f 2493 2166 2037
f 2498 2497 2467
f 2498 2467 2466
f 2411 2498 2466
f 2411 2466 2481
f 2180 2499 2495
f 2180 2495 2481
f 2039 2238 2496
f 2039 2496 2036
f 2239 2500 2501
f 2239 2501 2502
f 2155 2154 2433
f 2155 2433 2381
f 2189 2188 2503
f 2189 2503 2432
f 2323 2504 2505
f 2323 2505 2506
f 2507 2508 2175
f 2507 2175 2174
f 2509 2510 2185
f 2509 2185 2184
f 2011 2323 2506
f 2011 2506 2174
f 2511 2512 2382
f 2511 2382 2381
f 2513 2514 2433
f 2513 2433 2432
f 2434 2008 2175
f 2434 2175 2515
f 2484 2434 2515
f 2484 2515 2516
f 2110 2484 2516
f 2110 2516 2184
f 2381 2433 2514
f 2381 2514 2511
f 2432 2503 2517
f 2432 2517 2513
f 2506 2505 2518
f 2506 2518 2519
f 2174 2506 2519
f 2174 2519 2507
f 2515 2175 2508
f 2515 2508 2520
f 2184 2516 2521
f 2184 2521 2509
f 2522 2523 2508
f 2522 2508 2507
f 2524 2525 2510
f 2524 2510 2509
f 2526 2527 2512
f 2526 2512 2511
f 2528 2529 2514
f 2528 2514 2513
f 2511 2514 2529
f 2511 2529 2526
f 2513 2517 2530
f 2513 2530 2528
f 2519 2518 2531
f 2519 2531 2532
f 2507 2519 2532
f 2507 2532 2522
f 2520 2508 2523
f 2520 2523 2533
f 2521 2520 2533
f 2521 2533 2534
f 2509 2521 2534
f 2509 2534 2524
f 2535 2536 2523
f 2535 2523 2522
f 2537 2538 2525
f 2537 2525 2524
f 2539 2540 2527
f 2539 2527 2526
f 2541 2542 2529
f 2541 2529 2528
f 2526 2529 2542
f 2526 2542 2539
f 2528 2530 2543
f 2528 2543 2541
f 2532 2531 2544
f 2532 2544 2545
f 2522 2532 2545
f 2522 2545 2535
f 2533 2523 2536
f 2533 2536 2546
f 2524 2534 2547
f 2524 2547 2537
f 2548 2549 2536
f 2548 2536 2535
f 2550 2551 2538
f 2550 2538 2537
f 2552 2553 2540
f 2552 2540 2539
f 2554 2555 2542
f 2554 2542 2541
f 2539 2542 2555
f 2539 2555 2552
f 2541 2543 2556
f 2541 2556 2554
f 2545 2544 2557
f 2545 2557 2558
f 2535 2545 2558
f 2535 2558 2548
f 2546 2536 2549
f 2546 2549 2559
f 2547 2546 2559
f 2547 2559 2560
f 2537 2547 2560
f 2537 2560 2550
f 2379 2444 2549
f 2379 2549 2548
f 2492 2561 2551
f 2492 2551 2550
f 1992 2142 2553
f 1992 2553 2552
f 2129 1993 2555
f 2129 2555 2554
f 2552 2555 1993
f 2552 1993 1992
f 2554 2556 2130
f 2554 2130 2129
f 2558 2557 2562
f 2558 2562 2380
f 2548 2558 2380
f 2548 2380 2379
f 2559 2549 2444
f 2559 2444 2443
f 2550 2560 2486
f 2550 2486 2492
f 2173 2172 2444
f 2173 2444 2379
f 2183 2151 2561
f 2183 2561 2492
f 1995 2139 2142
f 1995 2142 1992
f 2132 1994 1993
f 2132 1993 2129
f 2386 2413 2563
f 2386 2563 2564
f 2565 2566 2567
f 2565 2567 2568
f 2569 2570 2571
f 2569 2571 2572
f 2160 2565 2568
f 2160 2568 2572
f 2573 2574 2575
f 2573 2575 2564
f 2576 2577 2563
f 2576 2563 2578
f 2579 2161 2571
f 2579 2571 2580
f 2581 2576 2578
f 2581 2578 2582
f 2583 2581 2582
f 2583 2582 2584
f 2572 2571 2161
f 2572 2161 2160
f 2564 2575 2387
f 2564 2387 2386
f 2578 2563 2413
f 2578 2413 2412
f 2584 2582 2495
f 2584 2495 2499
f 2165 2164 2413
f 2165 2413 2386
f 2328 2585 2566
f 2328 2566 2565
f 2003 2328 2565
f 2003 2565 2160
f 2066 2000 2161
f 2066 2161 2579
f 2564 2563 2577
f 2564 2577 2573
f 2568 2567 2586
f 2568 2586 2587
f 2572 2568 2587
f 2572 2587 2569
f 2580 2571 2570
f 2580 2570 2588
f 2589 2590 2570
f 2589 2570 2569
f 2591 2592 2574
f 2591 2574 2573
f 2593 2594 2577
f 2593 2577 2576
f 2595 2596 2581
f 2595 2581 2583
f 2573 2577 2594
f 2573 2594 2591
f 2587 2586 2597
f 2587 2597 2598
f 2569 2587 2598
f 2569 2598 2589
f 2588 2570 2590
f 2588 2590 2599
f 2600 2601 2590
f 2600 2590 2589
f 2602 2603 2592
f 2602 2592 2591
f 2604 2605 2594
f 2604 2594 2593
f 2606 2604 2593
f 2606 2593 2596
f 2607 2606 2596
f 2607 2596 2595
f 2591 2594 2605
f 2591 2605 2602
f 2598 2597 2608
f 2598 2608 2609
f 2589 2598 2609
f 2589 2609 2600
f 2599 2590 2601
f 2599 2601 2610
f 2384 2419 2601
f 2384 2601 2600
f 2004 2148 2603
f 2004 2603 2602
f 2611 2005 2605
f 2611 2605 2604
f 2612 2613 2606
f 2612 2606 2607
f 2602 2605 2005
f 2602 2005 2004
f 2609 2608 2614
f 2609 2614 2385
f 2600 2609 2385
f 2600 2385 2384
f 2610 2601 2419
f 2610 2419 2418
f 2159 2158 2419
f 2159 2419 2384
f 2007 2145 2148
f 2007 2148 2004
f 2494 2006 2005
f 2494 2005 2611
f 2166 2494 2611
f 2166 2611 2613
f 2167 2166 2613
f 2167 2613 2612
f 2615 2616 1970
f 2615 1970 1969
f 2617 2618 1982
f 2617 1982 1981
f 2619 2620 2077
f 2619 2077 2076
f 2621 2622 2101
f 2621 2101 2100
f 2307 2623 2624
f 2307 2624 2625
f 2313 2626 2627
f 2313 2627 2628
f 2629 2621 2100
f 2629 2100 2198
f 2397 2421 2205
f 2397 2205 2204
f 2630 2619 2076
f 2630 2076 2211
f 2389 2631 2222
f 2389 2222 2221
f 2420 2632 2241
f 2420 2241 2240
f 2632 2630 2211
f 2632 2211 2241
f 2620 2633 2246
f 2620 2246 2077
f 2633 2629 2198
f 2633 2198 2246
f 2224 2307 2625
f 2224 2625 2221
f 2616 2192 2391
f 2616 2391 1970
f 2207 2313 2628
f 2207 2628 2204
f 2618 2196 2399
f 2618 2399 1982
f 2242 2206 2205
f 2242 2205 2240
f 2622 2615 1969
f 2622 1969 2101
f 2625 2624 2634
f 2625 2634 2390
f 2628 2627 2635
f 2628 2635 2398
f 2221 2625 2390
f 2221 2390 2389
f 2204 2628 2398
f 2204 2398 2397
f 2240 2205 2421
f 2240 2421 2420
f 2345 2344 2616
f 2345 2616 2615
f 2355 2354 2618
f 2355 2618 2617
f 2366 2365 2620
f 2366 2620 2619
f 2375 2374 2622
f 2375 2622 2621
f 2350 2375 2621
f 2350 2621 2629
f 2396 2358 2421
f 2396 2421 2397
f 2317 2366 2619
f 2317 2619 2630
f 2388 2348 2631
f 2388 2631 2389
f 2357 2318 2632
f 2357 2632 2420
f 2318 2317 2630
f 2318 2630 2632
f 2365 2351 2633
f 2365 2633 2620
f 2351 2350 2629
f 2351 2629 2633
f 2344 2193 2192
f 2344 2192 2616
f 2354 2197 2196
f 2354 2196 2618
f 2374 2345 2615
f 2374 2615 2622
f 2403 2636 2637
f 2403 2637 2638
f 2639 2640 1965
f 2639 1965 1964
f 2233 2232 2426
f 2233 2426 2314
f 1967 2403 2638
f 1967 2638 1964
f 2641 2642 2315
f 2641 2315 2314
f 2210 1966 1965
f 2210 1965 2643
f 2644 2645 2426
f 2644 2426 2425
f 2638 2637 2646
f 2638 2646 2647
f 2314 2426 2645
f 2314 2645 2641
f 1964 2638 2647
f 1964 2647 2639
f 2643 1965 2640
f 2643 2640 2648
f 2649 2650 2640
f 2649 2640 2639
f 2651 2652 2642
f 2651 2642 2641
f 2653 2654 2645
f 2653 2645 2644
f 2647 2646 2655
f 2647 2655 2656
f 2641 2645 2654
f 2641 2654 2651
f 2639 2647 2656
f 2639 2656 2649
f 2648 2640 2650
f 2648 2650 2657
f 2658 2659 2650
f 2658 2650 2649
f 2660 2661 2652
f 2660 2652 2651
f 2662 2663 2654
f 2662 2654 2653
f 2656 2655 2664
f 2656 2664 2665
f 2651 2654 2663
f 2651 2663 2660
f 2649 2656 2665
f 2649 2665 2658
f 2657 2650 2659
f 2657 2659 2666
f 2667 2668 2659
f 2667 2659 2658
f 2669 2670 2661
f 2669 2661 2660
f 2671 2672 2663
f 2671 2663 2662
f 2665 2664 2673
f 2665 2673 2674
f 2660 2663 2672
f 2660 2672 2669
f 2658 2665 2674
f 2658 2674 2667
f 2666 2659 2668
f 2666 2668 2675
f 2311 2408 2668
f 2311 2668 2667
f 2234 1934 2670
f 2234 2670 2669
f 2676 2235 2672
f 2676 2672 2671
f 2674 2673 2677
f 2674 2677 2312
f 2669 2672 2235
f 2669 2235 2234
f 2667 2674 2312
f 2667 2312 2311
f 2675 2668 2408
f 2675 2408 2407
f 2207 2206 2408
f 2207 2408 2311
f 1983 1935 1934
f 1983 1934 2234
f 2678 1980 2235
f 2678 2235 2676
f 2679 2680 2681
f 2679 2681 2682
f 2683 2684 2680
f 2683 2680 2679
f 2682 2681 2685
f 2682 2685 2686
f 2686 2685 2687
f 2686 2687 2688
f 2688 2687 2689
f 2688 2689 2690
f 2690 2689 2501
f 2690 2501 2500
f 2689 2687 2691
f 2689 2691 2692
f 2681 2693 2694
f 2681 2694 2685
f 2395 2695 2696
f 2395 2696 2697
f 2698 2699 1973
f 2698 1973 1972
f 2218 2217 2446
f 2218 2446 2308
f 2249 2201 2700
f 2249 2700 2445
f 1975 2395 2697
f 1975 2697 1972
f 2701 2702 2309
f 2701 2309 2308
f 2703 1974 1973
f 2703 1973 2704
f 2705 2706 2446
f 2705 2446 2445
f 2697 2696 2707
f 2697 2707 2708
f 2308 2446 2706
f 2308 2706 2701
f 2445 2700 2709
f 2445 2709 2705
f 1972 2697 2708
f 1972 2708 2698
f 2704 1973 2699
f 2704 2699 2710
f 2711 2712 2699
f 2711 2699 2698
f 2713 2714 2702
f 2713 2702 2701
f 2715 2716 2706
f 2715 2706 2705
f 2708 2707 2717
f 2708 2717 2718
f 2701 2706 2716
f 2701 2716 2713
f 2705 2709 2719
f 2705 2719 2715
f 2698 2708 2718
f 2698 2718 2711
f 2710 2699 2712
f 2710 2712 2720
f 2721 2722 2712
f 2721 2712 2711
f 2723 2724 2714
f 2723 2714 2713
f 2725 2726 2716
f 2725 2716 2715
f 2718 2717 2727
f 2718 2727 2728
f 2713 2716 2726
f 2713 2726 2723
f 2715 2719 2729
f 2715 2729 2725
f 2711 2718 2728
f 2711 2728 2721
f 2720 2712 2722
f 2720 2722 2730
f 2731 2732 2722
f 2731 2722 2721
f 2733 2734 2724
f 2733 2724 2723
f 2735 2736 2726
f 2735 2726 2725
f 2728 2727 2737
f 2728 2737 2738
f 2723 2726 2736
f 2723 2736 2733
f 2725 2729 2739
f 2725 2739 2735
f 2721 2728 2738
f 2721 2738 2731
f 2730 2722 2732
f 2730 2732 2740
f 2305 2429 2732
f 2305 2732 2731
f 2219 1930 2734
f 2219 2734 2733
f 2250 2220 2736
f 2250 2736 2735
f 2738 2737 2741
f 2738 2741 2306
f 2733 2736 2220
f 2733 2220 2219
f 2735 2739 2251
f 2735 2251 2250
f 2731 2738 2306
f 2731 2306 2305
f 2740 2732 2429
f 2740 2429 2428
f 2224 2223 2429
f 2224 2429 2305
f 1971 1931 1930
f 1971 1930 2219
f 2102 1968 2220
f 2102 2220 2250
f 2742 2743 2744
f 2742 2744 2745
f 2746 2747 2748
f 2746 2748 2745
f 2745 2748 2749
f 2745 2749 2742
f 2750 2751 2743
f 2750 2743 2742
f 2745 2744 2752
f 2745 2752 2746
f 2117 2753 2747
f 2117 2747 2746
f 2746 2752 2118
f 2746 2118 2117
f 2120 2227 2753
f 2120 2753 2117
f 2742 2749 2754
f 2742 2754 2750
f 2489 2755 2751
f 2489 2751 2750
f 2750 2754 2490
f 2750 2490 2489
f 2488 2756 2755
f 2488 2755 2489
f 2748 2747 2757
f 2748 2757 2758
f 2754 2749 2759
f 2754 2759 2760
f 2623 2741 1929
f 2623 1929 1928
f 2504 2469 1941
f 2504 1941 1940
f 2761 2762 2137
f 2761 2137 2763
f 2193 2346 2431
f 2193 2431 2190
f 2253 2437 2021
f 2253 2021 2020
f 2762 2764 2138
f 2762 2138 2137
f 2764 2562 2141
f 2764 2141 2138
f 1984 2634 2191
f 1984 2191 2190
f 2023 2326 2765
f 2023 2765 2020
f 2766 1985 2431
f 2766 2431 2430
f 2364 2022 2021
f 2364 2021 2767
f 2326 2325 2768
f 2326 2768 2765
f 2325 1942 1941
f 2325 1941 2768
f 1943 2382 2769
f 1943 2769 1940
f 2382 2512 2770
f 2382 2770 2769
f 2512 2527 2771
f 2512 2771 2770
f 2527 2540 2772
f 2527 2772 2771
f 2540 2553 2773
f 2540 2773 2772
f 2553 2142 2141
f 2553 2141 2773
f 1931 2391 2774
f 1931 2774 1928
f 2391 2192 2191
f 2391 2191 2774
f 2310 2309 2775
f 2310 2775 2776
f 2309 2702 2777
f 2309 2777 2775
f 2702 2714 2778
f 2702 2778 2777
f 2714 2724 2779
f 2714 2779 2778
f 2724 2734 2780
f 2724 2780 2779
f 2734 1930 1929
f 2734 1929 2780
f 2313 2312 2677
f 2313 2677 2626
f 2328 2327 2470
f 2328 2470 2585
f 2194 2410 1989
f 2194 1989 1988
f 2361 2360 2415
f 2361 2415 2781
f 2409 2782 2057
f 2409 2057 2056
f 2372 2371 2783
f 2372 2783 2414
f 2339 2383 2784
f 2339 2784 2785
f 2383 2385 2614
f 2383 2614 2784
f 1991 2398 2635
f 1991 2635 1988
f 2786 2787 2788
f 2786 2788 2789
f 2059 1990 1989
f 2059 1989 2056
f 2087 2013 2415
f 2087 2415 2414
f 2790 2791 2451
f 2790 2451 2450
f 2791 1945 2470
f 2791 2470 2451
f 2792 2793 2567
f 2792 2567 2566
f 1944 2792 2566
f 1944 2566 2585
f 2793 2794 2586
f 2793 2586 2567
f 2794 2795 2597
f 2794 2597 2586
f 2795 2796 2608
f 2795 2608 2597
f 2796 2147 2614
f 2796 2614 2608
f 1932 2797 2627
f 1932 2627 2626
f 2797 2195 2635
f 2797 2635 2627
f 2798 2799 2637
f 2798 2637 2636
f 2799 2800 2646
f 2799 2646 2637
f 2800 2801 2655
f 2800 2655 2646
f 2801 2802 2664
f 2801 2664 2655
f 2802 2803 2673
f 2802 2673 2664
f 2803 1933 2677
f 2803 2677 2673
f 2626 2677 1933
f 2626 1933 1932
f 2585 2470 1945
f 2585 1945 1944
f 2789 2785 2143
f 2789 2143 2786
f 2781 2415 2013
f 2781 2013 2012
f 2414 2783 2088
f 2414 2088 2087
f 2785 2784 2144
f 2785 2144 2143
f 2784 2614 2147
f 2784 2147 2144
f 1988 2635 2195
f 1988 2195 2194
f 2056 1989 2410
f 2056 2410 2409
f 2197 2356 2410
f 2197 2410 2194
f 2370 2321 2782
f 2370 2782 2409
f 2090 2014 2013
f 2090 2013 2087
f 2331 2330 2791
f 2331 2791 2790
f 2330 1946 1945
f 2330 1945 2791
f 2387 2575 2793
f 2387 2793 2792
f 1947 2387 2792
f 1947 2792 1944
f 2575 2574 2794
f 2575 2794 2793
f 2574 2592 2795
f 2574 2795 2794
f 2592 2603 2796
f 2592 2796 2795
f 2603 2148 2147
f 2603 2147 2796
f 1935 2399 2797
f 1935 2797 1932
f 2399 2196 2195
f 2399 2195 2797
f 2316 2315 2799
f 2316 2799 2798
f 2315 2642 2800
f 2315 2800 2799
f 2642 2652 2801
f 2642 2801 2800
f 2652 2661 2802
f 2652 2802 2801
f 2661 2670 2803
f 2661 2803 2802
f 2670 1934 1933
f 2670 1933 2803
f 2190 2431 1985
f 2190 1985 1984
f 2763 2804 2805
f 2763 2805 2761
f 2020 2765 2254
f 2020 2254 2253
f 2767 2021 2437
f 2767 2437 2436
f 2765 2768 2448
f 2765 2448 2254
f 2768 1941 2469
f 2768 2469 2448
f 1940 2769 2505
f 1940 2505 2504
f 2769 2770 2518
f 2769 2518 2505
f 2770 2771 2531
f 2770 2531 2518
f 2771 2772 2544
f 2771 2544 2531
f 2772 2773 2557
f 2772 2557 2544
f 2773 2141 2562
f 2773 2562 2557
f 1928 2774 2624
f 1928 2624 2623
f 2774 2191 2634
f 2774 2634 2624
f 2776 2775 2696
f 2776 2696 2695
f 2775 2777 2707
f 2775 2707 2696
f 2777 2778 2717
f 2777 2717 2707
f 2778 2779 2727
f 2778 2727 2717
f 2779 2780 2737
f 2779 2737 2727
f 2780 1929 2741
f 2780 2741 2737
f 2307 2306 2741
f 2307 2741 2623
f 2323 2322 2469
f 2323 2469 2504
f 2256 2363 2437
f 2256 2437 2253
f 2333 2378 2764
f 2333 2764 2762
f 2378 2380 2562
f 2378 2562 2764
f 1987 2390 2634
f 1987 2634 1984
f 2349 1986 1985
f 2349 1985 2766
f 2695 2395 2394
f 2695 2394 2805
f 2636 2403 2402
f 2636 2402 2788
f 2136 2028 2200
f 2136 2200 2199
f 2092 2040 2203
f 2092 2203 2202
f 2035 2034 2209
f 2035 2209 2208
f 2067 1957 2213
f 2067 2213 2212
f 2336 2024 2216
f 2336 2216 2215
f 2047 2046 2226
f 2047 2226 2225
f 2115 1961 2229
f 2115 2229 2228
f 2342 2417 2231
f 2342 2231 2230
f 2043 2094 2237
f 2043 2237 2236
f 2040 2043 2236
f 2040 2236 2203
f 2039 2092 2202
f 2039 2202 2238
f 1956 2035 2208
f 1956 2208 2243
f 1957 1956 2243
f 1957 2243 2213
f 2068 2067 2212
f 2068 2212 2244
f 2031 2068 2244
f 2031 2244 2247
f 2028 2031 2247
f 2028 2247 2200
f 2027 2136 2199
f 2027 2199 2248
f 1960 2047 2225
f 1960 2225 2252
f 1961 1960 2252
f 1961 2252 2229
f 2094 2115 2228
f 2094 2228 2237
f 2218 2310 2392
f 2218 2392 2215
f 2332 2334 2394
f 2332 2394 2393
f 2233 2316 2400
f 2233 2400 2230
f 2338 2340 2402
f 2338 2402 2401
f 1967 1966 2209
f 1967 2209 2401
f 2424 2232 2231
f 2424 2231 2423
f 2249 2217 2216
f 2249 2216 2248
f 1975 1974 2447
f 1975 2447 2393
f 1974 2703 2483
f 1974 2483 2447
f 2703 2227 2226
f 2703 2226 2483
f 2502 2424 2423
f 2502 2423 2496
f 2239 2502 2496
f 2239 2496 2238
f 2310 2776 2804
f 2310 2804 2392
f 2798 2636 2788
f 2798 2788 2787
f 2316 2798 2787
f 2316 2787 2400
f 2776 2695 2805
f 2776 2805 2804
f 2806 2807 2808
f 2806 2808 2809
f 2810 2811 2812
f 2810 2812 2813
f 2811 2814 2815
f 2811 2815 2812
f 2814 2816 2817
f 2814 2817 2815
f 2816 2818 2819
f 2816 2819 2817
f 2820 2821 2822
f 2820 2822 2823
f 2821 2824 2825
f 2821 2825 2822
f 2824 2826 2827
f 2824 2827 2825
f 2826 2810 2813
f 2826 2813 2827
f 2828 2829 2830
f 2828 2830 2831
f 2829 2832 2833
f 2829 2833 2830
f 2832 2834 2835
f 2832 2835 2833
f 2834 2836 2837
f 2834 2837 2835
f 2838 2839 2840
f 2838 2840 2841
f 2839 2842 2843
f 2839 2843 2840
f 2842 2844 2845
f 2842 2845 2843
f 2844 2828 2831
f 2844 2831 2845
f 2846 2847 2829
f 2846 2829 2828
f 2847 2848 2832
f 2847 2832 2829
f 2848 2849 2834
f 2848 2834 2832
f 2849 2850 2836
f 2849 2836 2834
f 2851 2852 2839
f 2851 2839 2838
f 2852 2853 2842
f 2852 2842 2839
f 2853 2854 2844
f 2853 2844 2842
f 2854 2846 2828
f 2854 2828 2844
f 2813 2812 2847
f 2813 2847 2846
f 2812 2815 2848
f 2812 2848 2847
f 2815 2817 2849
f 2815 2849 2848
f 2817 2819 2850
f 2817 2850 2849
f 2823 2822 2852
f 2823 2852 2851
f 2822 2825 2853
f 2822 2853 2852
f 2825 2827 2854
f 2825 2854 2853
f 2827 2813 2846
f 2827 2846 2854
f 2810 2855 2856
f 2810 2856 2811
f 2811 2856 2857
f 2811 2857 2814
f 2814 2857 2858
f 2814 2858 2816
f 2816 2858 2859
f 2816 2859 2818
f 2820 2860 2861
f 2820 2861 2821
f 2821 2861 2862
f 2821 2862 2824
f 2824 2862 2863
f 2824 2863 2826
f 2826 2863 2855
f 2826 2855 2810
f 2864 2865 2866
f 2864 2866 2867
f 2867 2866 2868
f 2867 2868 2869
f 2869 2868 2870
f 2869 2870 2871
f 2871 2870 2872
f 2871 2872 2873
f 2874 2875 2876
f 2874 2876 2877
f 2877 2876 2878
f 2877 2878 2879
f 2879 2878 2880
f 2879 2880 2881
f 2881 2880 2865
f 2881 2865 2864
f 2882 2864 2867
f 2882 2867 2883
f 2883 2867 2869
f 2883 2869 2884
f 2884 2869 2871
f 2884 2871 2885
f 2885 2871 2873
f 2885 2873 2886
f 2887 2874 2877
f 2887 2877 2888
f 2888 2877 2879
f 2888 2879 2889
f 2889 2879 2881
f 2889 2881 2890
f 2890 2881 2864
f 2890 2864 2882
f 2855 2882 2883
f 2855 2883 2856
f 2856 2883 2884
f 2856 2884 2857
f 2857 2884 2885
f 2857 2885 2858
f 2858 2885 2886
f 2858 2886 2859
f 2860 2887 2888
f 2860 2888 2861
f 2861 2888 2889
f 2861 2889 2862
f 2862 2889 2890
f 2862 2890 2863
f 2863 2890 2882
f 2863 2882 2855
f 2891 2892 2893
f 2891 2893 2894
f 2895 2896 2897
f 2895 2897 2898
f 2899 2900 2901
f 2899 2901 2902
f 2903 2904 2905
f 2903 2905 2906
f 2907 2908 2909
f 2907 2909 2910
f 2911 2912 2913
f 2911 2913 2914
f 2915 2916 2917
f 2915 2917 2918
f 2919 2920 2921
f 2919 2921 2922
f 2923 2924 2925
f 2923 2925 2926
f 2927 2928 2929
f 2927 2929 2930
f 2931 2932 2933
f 2931 2933 2934
f 2932 2935 2936
f 2932 2936 2933
f 2935 2937 2938
f 2935 2938 2936
f 2937 2939 2940
f 2937 2940 2938
f 2941 2942 2943
f 2941 2943 2944
f 2942 2945 2946
f 2942 2946 2943
f 2945 2947 2948
f 2945 2948 2946
f 2947 2931 2934
f 2947 2934 2948
f 2949 2950 2951
f 2949 2951 2952
f 2950 2953 2954
f 2950 2954 2951
f 2953 2955 2956
f 2953 2956 2954
f 2955 2957 2958
f 2955 2958 2956
f 2959 2960 2961
f 2959 2961 2962
f 2960 2963 2964
f 2960 2964 2961
f 2963 2965 2966
f 2963 2966 2964
f 2965 2949 2952
f 2965 2952 2966
f 2967 2968 2950
f 2967 2950 2949
f 2968 2969 2953
f 2968 2953 2950
f 2969 2970 2955
f 2969 2955 2953
f 2970 2971 2957
f 2970 2957 2955
f 2972 2973 2960
f 2972 2960 2959
f 2973 2974 2963
f 2973 2963 2960
f 2974 2975 2965
f 2974 2965 2963
f 2975 2967 2949
f 2975 2949 2965
f 2934 2933 2968
f 2934 2968 2967
f 2933 2936 2969
f 2933 2969 2968
f 2936 2938 2970
f 2936 2970 2969
f 2938 2940 2971
f 2938 2971 2970
f 2944 2943 2973
f 2944 2973 2972
f 2943 2946 2974
f 2943 2974 2973
f 2946 2948 2975
f 2946 2975 2974
f 2948 2934 2967
f 2948 2967 2975
f 2931 2976 2977
f 2931 2977 2932
f 2932 2977 2978
f 2932 2978 2935
f 2935 2978 2979
f 2935 2979 2937
f 2937 2979 2980
f 2937 2980 2939
f 2941 2981 2982
f 2941 2982 2942
f 2942 2982 2983
f 2942 2983 2945
f 2945 2983 2984
f 2945 2984 2947
f 2947 2984 2976
f 2947 2976 2931
f 2985 2986 2987
f 2985 2987 2988
f 2988 2987 2989
f 2988 2989 2990
f 2990 2989 2991
f 2990 2991 2992
f 2992 2991 2993
f 2992 2993 2994
f 2995 2996 2997
f 2995 2997 2998
f 2998 2997 2999
f 2998 2999 3000
f 3000 2999 3001
f 3000 3001 3002
f 3002 3001 2986
f 3002 2986 2985
f 3003 2985 2988
f 3003 2988 3004
f 3004 2988 2990
f 3004 2990 3005
f 3005 2990 2992
f 3005 2992 3006
f 3006 2992 2994
f 3006 2994 3007
f 3008 2995 2998
f 3008 2998 3009
f 3009 2998 3000
f 3009 3000 3010
f 3010 3000 3002
f 3010 3002 3011
f 3011 3002 2985
f 3011 2985 3003
f 2976 3003 3004
f 2976 3004 2977
f 2977 3004 3005
f 2977 3005 2978
f 2978 3005 3006
f 2978 3006 2979
f 2979 3006 3007
f 2979 3007 2980
f 2981 3008 3009
f 2981 3009 2982
f 2982 3009 3010
f 2982 3010 2983
f 2983 3010 3011
f 2983 3011 2984
f 2984 3011 3003
f 2984 3003 2976
f 3012 3013 3014
f 3012 3014 3015
f 3016 3017 3018
f 3016 3018 3019
f 3020 3021 3022
f 3020 3022 3023
f 3024 3025 3026
f 3024 3026 3027
f 3028 3029 3030
f 3028 3030 3031
f 3032 3033 3034
f 3032 3034 3035
f 3036 3037 3038
f 3036 3038 3039
f 3040 3041 3042
f 3040 3042 3043
f 3044 3045 3046
f 3044 3046 3047
f 3048 3049 3050
f 3048 3050 3051
f 3052 3053 3054
f 3052 3054 3055
f 3053 3056 3057
f 3053 3057 3054
f 3056 3058 3059
f 3056 3059 3057
f 3058 3060 3061
f 3058 3061 3059
f 3062 3063 3064
f 3062 3064 3065
f 3063 3066 3067
f 3063 3067 3064
f 3066 3068 3069
f 3066 3069 3067
f 3068 3052 3055
f 3068 3055 3069
f 3070 3071 3072
f 3070 3072 3073
f 3071 3074 3075
f 3071 3075 3072
f 3074 3076 3077
f 3074 3077 3075
f 3076 3078 3079
f 3076 3079 3077
f 3080 3081 3082
f 3080 3082 3083
f 3081 3084 3085
f 3081 3085 3082
f 3084 3086 3087
f 3084 3087 3085
f 3086 3070 3073
f 3086 3073 3087
f 3088 3089 3071
f 3088 3071 3070
f 3089 3090 3074
f 3089 3074 3071
f 3090 3091 3076
f 3090 3076 3074
f 3091 3092 3078
f 3091 3078 3076
f 3093 3094 3081
f 3093 3081 3080
f 3094 3095 3084
f 3094 3084 3081
f 3095 3096 3086
f 3095 3086 3084
f 3096 3088 3070
f 3096 3070 3086
f 3055 3054 3089
f 3055 3089 3088
f 3054 3057 3090
f 3054 3090 3089
f 3057 3059 3091
f 3057 3091 3090
f 3059 3061 3092
f 3059 3092 3091
f 3065 3064 3094
f 3065 3094 3093
f 3064 3067 3095
f 3064 3095 3094
f 3067 3069 3096
f 3067 3096 3095
f 3069 3055 3088
f 3069 3088 3096
f 3052 3097 3098
f 3052 3098 3053
f 3053 3098 3099
f 3053 3099 3056
f 3056 3099 3100
f 3056 3100 3058
f 3058 3100 3101
f 3058 3101 3060
f 3062 3102 3103
f 3062 3103 3063
f 3063 3103 3104
f 3063 3104 3066
f 3066 3104 3105
f 3066 3105 3068
f 3068 3105 3097
f 3068 3097 3052
f 3106 3107 3108
f 3106 3108 3109
f 3109 3108 3110
f 3109 3110 3111
f 3111 3110 3112
f 3111 3112 3113
f 3113 3112 3114
f 3113 3114 3115
f 3116 3117 3118
f 3116 3118 3119
f 3119 3118 3120
f 3119 3120 3121
f 3121 3120 3122
f 3121 3122 3123
f 3123 3122 3107
f 3123 3107 3106
f 3124 3106 3109
f 3124 3109 3125
f 3125 3109 3111
f 3125 3111 3126
f 3126 3111 3113
f 3126 3113 3127
f 3127 3113 3115
f 3127 3115 3128
f 3129 3116 3119
f 3129 3119 3130
f 3130 3119 3121
f 3130 3121 3131
f 3131 3121 3123
f 3131 3123 3132
f 3132 3123 3106
f 3132 3106 3124
f 3097 3124 3125
f 3097 3125 3098
f 3098 3125 3126
f 3098 3126 3099
f 3099 3126 3127
f 3099 3127 3100
f 3100 3127 3128
f 3100 3128 3101
f 3102 3129 3130
f 3102 3130 3103
f 3103 3130 3131
f 3103 3131 3104
f 3104 3131 3132
f 3104 3132 3105
f 3105 3132 3124
f 3105 3124 3097
f 3133 3134 3135
f 3133 3135 3136
f 3137 3138 3139
f 3137 3139 3140
f 3141 3142 3143
f 3141 3143 3144
f 3145 3146 3147
f 3145 3147 3148
f 3149 3145 3148
f 3149 3148 3150
f 3151 3149 3150
f 3151 3150 3152
f 3153 3151 3152
f 3153 3152 3154
f 3155 3156 3157
f 3155 3157 3158
f 3159 3155 3158
f 3159 3158 3160
f 3161 3159 3160
f 3161 3160 3162
f 3146 3161 3162
f 3146 3162 3147
f 3146 3145 3163
f 3146 3163 3164
f 3145 3149 3165
f 3145 3165 3163
f 3149 3151 3166
f 3149 3166 3165
f 3151 3153 3167
f 3151 3167 3166
f 3156 3155 3168
f 3156 3168 3169
f 3155 3159 3170
f 3155 3170 3168
f 3159 3161 3171
f 3159 3171 3170
f 3161 3146 3164
f 3161 3164 3171
f 3172 3173 3174
f 3172 3174 3175
f 3176 3172 3175
f 3176 3175 3177
f 3178 3176 3177
f 3178 3177 3179
f 3180 3178 3179
f 3180 3179 3181
f 3182 3183 3184
f 3182 3184 3185
f 3186 3182 3185
f 3186 3185 3187
f 3188 3186 3187
f 3188 3187 3189
f 3173 3188 3189
f 3173 3189 3174
f 3173 3172 3190
f 3173 3190 3191
f 3172 3176 3192
f 3172 3192 3190
f 3176 3178 3193
f 3176 3193 3192
f 3178 3180 3194
f 3178 3194 3193
f 3183 3182 3195
f 3183 3195 3196
f 3182 3186 3197
f 3182 3197 3195
f 3186 3188 3198
f 3186 3198 3197
f 3188 3173 3191
f 3188 3191 3198
f 3199 3200 3201
f 3199 3201 3202
f 3203 3199 3202
f 3203 3202 3204
f 3205 3203 3204
f 3205 3204 3206
f 3207 3205 3206
f 3207 3206 3208
f 3209 3210 3211
f 3209 3211 3212
f 3213 3209 3212
f 3213 3212 3214
f 3215 3213 3214
f 3215 3214 3216
f 3200 3215 3216
f 3200 3216 3201
f 3200 3199 3217
f 3200 3217 3218
f 3199 3203 3219
f 3199 3219 3217
f 3203 3205 3220
f 3203 3220 3219
f 3205 3207 3221
f 3205 3221 3220
f 3210 3209 3222
f 3210 3222 3223
f 3209 3213 3224
f 3209 3224 3222
f 3213 3215 3225
f 3213 3225 3224
f 3215 3200 3218
f 3215 3218 3225
f 3226 3227 3228
f 3226 3228 3229
f 3230 3226 3229
f 3230 3229 3231
f 3232 3230 3231
f 3232 3231 3233
f 3234 3232 3233
f 3234 3233 3235
f 3236 3237 3238
f 3236 3238 3239
f 3240 3236 3239
f 3240 3239 3241
f 3242 3240 3241
f 3242 3241 3243
f 3227 3242 3243
f 3227 3243 3228
f 3227 3226 3244
f 3227 3244 3245
f 3226 3230 3246
f 3226 3246 3244
f 3230 3232 3247
f 3230 3247 3246
f 3232 3234 3248
f 3232 3248 3247
f 3237 3236 3249
f 3237 3249 3250
f 3236 3240 3251
f 3236 3251 3249
f 3240 3242 3252
f 3240 3252 3251
f 3242 3227 3245
f 3242 3245 3252
f 3253 3254 3255
f 3253 3255 3256
f 3257 3253 3256
f 3257 3256 3258
f 3259 3257 3258
f 3259 3258 3260
f 3261 3259 3260
f 3261 3260 3262
f 3263 3264 3265
f 3263 3265 3266
f 3267 3263 3266
f 3267 3266 3268
f 3269 3267 3268
f 3269 3268 3270
f 3254 3269 3270
f 3254 3270 3255
f 3254 3253 3271
f 3254 3271 3272
f 3253 3257 3273
f 3253 3273 3271
f 3257 3259 3274
f 3257 3274 3273
f 3259 3261 3275
f 3259 3275 3274
f 3264 3263 3276
f 3264 3276 3277
f 3263 3267 3278
f 3263 3278 3276
f 3267 3269 3279
f 3267 3279 3278
f 3269 3254 3272
f 3269 3272 3279
f 3280 3281 3282
f 3280 3282 3283
f 3284 3280 3283
f 3284 3283 3285
f 3286 3284 3285
f 3286 3285 3287
f 3288 3286 3287
f 3288 3287 3289
f 3290 3291 3292
f 3290 3292 3293
f 3294 3290 3293
f 3294 3293 3295
f 3296 3294 3295
f 3296 3295 3297
f 3281 3296 3297
f 3281 3297 3282
f 3281 3280 3298
f 3281 3298 3299
f 3280 3284 3300
f 3280 3300 3298
f 3284 3286 3301
f 3284 3301 3300
f 3286 3288 3302
f 3286 3302 3301
f 3291 3290 3303
f 3291 3303 3304
f 3290 3294 3305
f 3290 3305 3303
f 3294 3296 3306
f 3294 3306 3305
f 3296 3281 3299
f 3296 3299 3306
f 3307 3308 3309
f 3307 3309 3310
f 3308 3311 3312
f 3308 3312 3309
f 3311 3313 3314
f 3311 3314 3312
f 3313 3315 3316
f 3313 3316 3314
f 3315 3317 3318
f 3315 3318 3316
f 3317 3319 3320
f 3317 3320 3318
f 3319 3321 3322
f 3319 3322 3320
f 3321 3323 3324
f 3321 3324 3322
f 3323 3325 3326
f 3323 3326 3324
f 3325 3327 3328
f 3325 3328 3326
f 3327 3329 3330
f 3327 3330 3328
f 3329 3331 3332
f 3329 3332 3330
f 3331 3333 3334
f 3331 3334 3332
f 3333 3335 3336
f 3333 3336 3334
f 3335 3337 3338
f 3335 3338 3336
f 3337 3339 3340
f 3337 3340 3338
f 3339 3341 3342
f 3339 3342 3340
f 3341 3343 3344
f 3341 3344 3342
f 3343 3345 3346
f 3343 3346 3344
f 3345 3347 3348
f 3345 3348 3346
f 3347 3349 3350
f 3347 3350 3348
f 3349 3351 3352
f 3349 3352 3350
f 3351 3353 3354
f 3351 3354 3352
f 3353 3355 3356
f 3353 3356 3354
f 3355 3357 3358
f 3355 3358 3356
f 3357 3359 3360
f 3357 3360 3358
f 3359 3361 3362
f 3359 3362 3360
f 3361 3363 3364
f 3361 3364 3362
f 3363 3365 3366
f 3363 3366 3364
f 3365 3367 3368
f 3365 3368 3366
f 3367 3369 3370
f 3367 3370 3368
f 3369 3371 3372
f 3369 3372 3370
f 3371 3373 3374
f 3371 3374 3372
f 3373 3375 3376
f 3373 3376 3374
f 3375 3377 3378
f 3375 3378 3376
f 3377 3379 3380
f 3377 3380 3378
f 3379 3381 3382
f 3379 3382 3380
f 3381 3383 3384
f 3381 3384 3382
f 3383 3385 3386
f 3383 3386 3384
f 3385 3387 3388
f 3385 3388 3386
f 3387 3389 3390
f 3387 3390 3388
f 3389 3391 3392
f 3389 3392 3390
f 3310 3309 3393
f 3310 3393 3394
f 3309 3312 3395
f 3309 3395 3393
f 3312 3314 3396
f 3312 3396 3395
f 3314 3316 3397
f 3314 3397 3396
f 3316 3318 3398
f 3316 3398 3397
f 3318 3320 3399
f 3318 3399 3398
f 3320 3322 3400
f 3320 3400 3399
f 3322 3324 3401
f 3322 3401 3400
f 3324 3326 3402
f 3324 3402 3401
f 3326 3328 3403
f 3326 3403 3402
f 3328 3330 3404
f 3328 3404 3403
f 3330 3332 3405
f 3330 3405 3404
f 3332 3334 3406
f 3332 3406 3405
f 3334 3336 3407
f 3334 3407 3406
f 3336 3338 3408
f 3336 3408 3407
f 3338 3340 3409
f 3338 3409 3408
f 3340 3342 3410
f 3340 3410 3409
f 3342 3344 3411
f 3342 3411 3410
f 3344 3346 3412
f 3344 3412 3411
f 3346 3348 3413
f 3346 3413 3412
f 3348 3350 3414
f 3348 3414 3413
f 3350 3352 3415
f 3350 3415 3414
f 3352 3354 3416
f 3352 3416 3415
f 3354 3356 3417
f 3354 3417 3416
f 3356 3358 3418
f 3356 3418 3417
f 3358 3360 3419
f 3358 3419 3418
f 3360 3362 3420
f 3360 3420 3419
f 3362 3364 3421
f 3362 3421 3420
f 3364 3366 3422
f 3364 3422 3421
f 3366 3368 3423
f 3366 3423 3422
f 3368 3370 3424
f 3368 3424 3423
f 3370 3372 3425
f 3370 3425 3424
f 3372 3374 3426
f 3372 3426 3425
f 3374 3376 3427
f 3374 3427 3426
f 3376 3378 3428
f 3376 3428 3427
f 3378 3380 3429
f 3378 3429 3428
f 3380 3382 3430
f 3380 3430 3429
f 3382 3384 3431
f 3382 3431 3430
f 3384 3386 3432
f 3384 3432 3431
f 3386 3388 3433
f 3386 3433 3432
f 3388 3390 3434
f 3388 3434 3433
f 3390 3392 3435
f 3390 3435 3434
f 3394 3393 3436
f 3394 3436 3437
f 3393 3395 3438
f 3393 3438 3436
f 3395 3396 3439
f 3395 3439 3438
f 3396 3397 3440
f 3396 3440 3439
f 3397 3398 3441
f 3397 3441 3440
f 3398 3399 3442
f 3398 3442 3441
f 3399 3400 3443
f 3399 3443 3442
f 3400 3401 3444
f 3400 3444 3443
f 3401 3402 3445
f 3401 3445 3444
f 3402 3403 3446
f 3402 3446 3445
f 3403 3404 3447
f 3403 3447 3446
f 3404 3405 3448
f 3404 3448 3447
f 3405 3406 3449
f 3405 3449 3448
f 3406 3407 3450
f 3406 3450 3449
f 3407 3408 3451
f 3407 3451 3450
f 3408 3409 3452
f 3408 3452 3451
f 3409 3410 3453
f 3409 3453 3452
f 3410 3411 3454
f 3410 3454 3453
f 3411 3412 3455
f 3411 3455 3454
f 3412 3413 3456
f 3412 3456 3455
f 3413 3414 3457
f 3413 3457 3456
f 3414 3415 3458
f 3414 3458 3457
f 3415 3416 3459
f 3415 3459 3458
f 3416 3417 3460
f 3416 3460 3459
f 3417 3418 3461
f 3417 3461 3460
f 3418 3419 3462
f 3418 3462 3461
f 3419 3420 3463
f 3419 3463 3462
f 3420 3421 3464
f 3420 3464 3463
f 3421 3422 3465
f 3421 3465 3464
f 3422 3423 3466
f 3422 3466 3465
f 3423 3424 3467
f 3423 3467 3466
f 3424 3425 3468
f 3424 3468 3467
f 3425 3426 3469
f 3425 3469 3468
f 3426 3427 3470
f 3426 3470 3469
f 3427 3428 3471
f 3427 3471 3470
f 3428 3429 3472
f 3428 3472 3471
f 3429 3430 3473
f 3429 3473 3472
f 3430 3431 3474
f 3430 3474 3473
f 3431 3432 3475
f 3431 3475 3474
f 3432 3433 3476
f 3432 3476 3475
f 3433 3434 3477
f 3433 3477 3476
f 3434 3435 3478
f 3434 3478 3477
f 3437 3436 3479
f 3437 3479 3480
f 3436 3438 3481
f 3436 3481 3479
f 3438 3439 3482
f 3438 3482 3481
f 3439 3440 3483
f 3439 3483 3482
f 3440 3441 3484
f 3440 3484 3483
f 3441 3442 3485
f 3441 3485 3484
f 3442 3443 3486
f 3442 3486 3485
f 3443 3444 3487
f 3443 3487 3486
f 3444 3445 3488
f 3444 3488 3487
f 3445 3446 3489
f 3445 3489 3488
f 3446 3447 3490
f 3446 3490 3489
f 3447 3448 3491
f 3447 3491 3490
f 3448 3449 3492
f 3448 3492 3491
f 3449 3450 3493
f 3449 3493 3492
f 3450 3451 3494
f 3450 3494 3493
f 3451 3452 3495
f 3451 3495 3494
f 3452 3453 3496
f 3452 3496 3495
f 3453 3454 3497
f 3453 3497 3496
f 3454 3455 3498
f 3454 3498 3497
f 3455 3456 3499
f 3455 3499 3498
f 3456 3457 3500
f 3456 3500 3499
f 3457 3458 3501
f 3457 3501 3500
f 3458 3459 3502
f 3458 3502 3501
f 3459 3460 3503
f 3459 3503 3502
f 3460 3461 3504
f 3460 3504 3503
f 3461 3462 3505
f 3461 3505 3504
f 3462 3463 3506
f 3462 3506 3505
f 3463 3464 3507
f 3463 3507 3506
f 3464 3465 3508
f 3464 3508 3507
f 3465 3466 3509
f 3465 3509 3508
f 3466 3467 3510
f 3466 3510 3509
f 3467 3468 3511
f 3467 3511 3510
f 3468 3469 3512
f 3468 3512 3511
f 3469 3470 3513
f 3469 3513 3512
f 3470 3471 3514
f 3470 3514 3513
f 3471 3472 3515
f 3471 3515 3514
f 3472 3473 3516
f 3472 3516 3515
f 3473 3474 3517
f 3473 3517 3516
f 3474 3475 3518
f 3474 3518 3517
f 3475 3476 3519
f 3475 3519 3518
f 3476 3477 3520
f 3476 3520 3519
f 3477 3478 3521
f 3477 3521 3520
f 3480 3479 3522
f 3480 3522 3523
f 3479 3481 3524
f 3479 3524 3522
f 3481 3482 3525
f 3481 3525 3524
f 3482 3483 3526
f 3482 3526 3525
f 3483 3484 3527
f 3483 3527 3526
f 3484 3485 3528
f 3484 3528 3527
f 3485 3486 3529
f 3485 3529 3528
f 3486 3487 3530
f 3486 3530 3529
f 3487 3488 3531
f 3487 3531 3530
f 3488 3489 3532
f 3488 3532 3531
f 3489 3490 3533
f 3489 3533 3532
f 3490 3491 3534
f 3490 3534 3533
f 3491 3492 3535
f 3491 3535 3534
f 3492 3493 3536
f 3492 3536 3535
f 3493 3494 3537
f 3493 3537 3536
f 3494 3495 3538
f 3494 3538 3537
f 3495 3496 3539
f 3495 3539 3538
f 3496 3497 3540
f 3496 3540 3539
f 3497 3498 3541
f 3497 3541 3540
f 3498 3499 3542
f 3498 3542 3541
f 3499 3500 3543
f 3499 3543 3542
f 3500 3501 3544
f 3500 3544 3543
f 3501 3502 3545
f 3501 3545 3544
f 3502 3503 3546
f 3502 3546 3545
f 3503 3504 3547
f 3503 3547 3546
f 3504 3505 3548
f 3504 3548 3547
f 3505 3506 3549
f 3505 3549 3548
f 3506 3507 3550
f 3506 3550 3549
f 3507 3508 3551
f 3507 3551 3550
f 3508 3509 3552
f 3508 3552 3551
f 3509 3510 3553
f 3509 3553 3552
f 3510 3511 3554
f 3510 3554 3553
f 3511 3512 3555
f 3511 3555 3554
f 3512 3513 3556
f 3512 3556 3555
f 3513 3514 3557
f 3513 3557 3556
f 3514 3515 3558
f 3514 3558 3557
f 3515 3516 3559
f 3515 3559 3558
f 3516 3517 3560
f 3516 3560 3559
f 3517 3518 3561
f 3517 3561 3560
f 3518 3519 3562
f 3518 3562 3561
f 3519 3520 3563
f 3519 3563 3562
f 3520 3521 3564
f 3520 3564 3563
f 3523 3522 3565
f 3523 3565 3566
f 3522 3524 3567
f 3522 3567 3565
f 3524 3525 3568
f 3524 3568 3567
f 3525 3526 3569
f 3525 3569 3568
f 3526 3527 3570
f 3526 3570 3569
f 3527 3528 3571
f 3527 3571 3570
f 3528 3529 3572
f 3528 3572 3571
f 3529 3530 3573
f 3529 3573 3572
f 3530 3531 3574
f 3530 3574 3573
f 3531 3532 3575
f 3531 3575 3574
f 3532 3533 3576
f 3532 3576 3575
f 3533 3534 3577
f 3533 3577 3576
f 3534 3535 3578
f 3534 3578 3577
f 3535 3536 3579
f 3535 3579 3578
f 3536 3537 3580
f 3536 3580 3579
f 3537 3538 3581
f 3537 3581 3580
f 3538 3539 3582
f 3538 3582 3581
f 3539 3540 3583
f 3539 3583 3582
f 3540 3541 3584
f 3540 3584 3583
f 3541 3542 3585
f 3541 3585 3584
f 3542 3543 3586
f 3542 3586 3585
f 3543 3544 3587
f 3543 3587 3586
f 3544 3545 3588
f 3544 3588 3587
f 3545 3546 3589
f 3545 3589 3588
f 3546 3547 3590
f 3546 3590 3589
f 3547 3548 3591
f 3547 3591 3590
f 3548 3549 3592
f 3548 3592 3591
f 3549 3550 3593
f 3549 3593 3592
f 3550 3551 3594
f 3550 3594 3593
f 3551 3552 3595
f 3551 3595 3594
f 3552 3553 3596
f 3552 3596 3595
f 3553 3554 3597
f 3553 3597 3596
f 3554 3555 3598
f 3554 3598 3597
f 3555 3556 3599
f 3555 3599 3598
f 3556 3557 3600
f 3556 3600 3599
f 3557 3558 3601
f 3557 3601 3600
f 3558 3559 3602
f 3558 3602 3601
f 3559 3560 3603
f 3559 3603 3602
f 3560 3561 3604
f 3560 3604 3603
f 3561 3562 3605
f 3561 3605 3604
f 3562 3563 3606
f 3562 3606 3605
f 3563 3564 3607
f 3563 3607 3606
f 3566 3565 3608
f 3566 3608 3609
f 3565 3567 3610
f 3565 3610 3608
f 3567 3568 3611
f 3567 3611 3610
f 3568 3569 3612
f 3568 3612 3611
f 3569 3570 3613
f 3569 3613 3612
f 3570 3571 3614
f 3570 3614 3613
f 3571 3572 3615
f 3571 3615 3614
f 3572 3573 3616
f 3572 3616 3615
f 3573 3574 3617
f 3573 3617 3616
f 3574 3575 3618
f 3574 3618 3617
f 3575 3576 3619
f 3575 3619 3618
f 3576 3577 3620
f 3576 3620 3619
f 3577 3578 3621
f 3577 3621 3620
f 3578 3579 3622
f 3578 3622 3621
f 3579 3580 3623
f 3579 3623 3622
f 3580 3581 3624
f 3580 3624 3623
f 3581 3582 3625
f 3581 3625 3624
f 3582 3583 3626
f 3582 3626 3625
f 3583 3584 3627
f 3583 3627 3626
f 3584 3585 3628
f 3584 3628 3627
f 3585 3586 3629
f 3585 3629 3628
f 3586 3587 3630
f 3586 3630 3629
f 3587 3588 3631
f 3587 3631 3630
f 3588 3589 3632
f 3588 3632 3631
f 3589 3590 3633
f 3589 3633 3632
f 3590 3591 3634
f 3590 3634 3633
f 3591 3592 3635
f 3591 3635 3634
f 3592 3593 3636
f 3592 3636 3635
f 3593 3594 3637
f 3593 3637 3636
f 3594 3595 3638
f 3594 3638 3637
f 3595 3596 3639
f 3595 3639 3638
f 3596 3597 3640
f 3596 3640 3639
f 3597 3598 3641
f 3597 3641 3640
f 3598 3599 3642
f 3598 3642 3641
f 3599 3600 3643
f 3599 3643 3642
f 3600 3601 3644
f 3600 3644 3643
f 3601 3602 3645
f 3601 3645 3644
f 3602 3603 3646
f 3602 3646 3645
f 3603 3604 3647
f 3603 3647 3646
f 3604 3605 3648
f 3604 3648 3647
f 3605 3606 3649
f 3605 3649 3648
f 3606 3607 3650
f 3606 3650 3649
f 3609 3608 3651
f 3609 3651 3652
f 3608 3610 3653
f 3608 3653 3651
f 3610 3611 3654
f 3610 3654 3653
f 3611 3612 3655
f 3611 3655 3654
f 3612 3613 3656
f 3612 3656 3655
f 3613 3614 3657
f 3613 3657 3656
f 3614 3615 3658
f 3614 3658 3657
f 3615 3616 3659
f 3615 3659 3658
f 3616 3617 3660
f 3616 3660 3659
f 3617 3618 3661
f 3617 3661 3660
f 3618 3619 3662
f 3618 3662 3661
f 3619 3620 3663
f 3619 3663 3662
f 3620 3621 3664
f 3620 3664 3663
f 3621 3622 3665
f 3621 3665 3664
f 3622 3623 3666
f 3622 3666 3665
f 3623 3624 3667
f 3623 3667 3666
f 3624 3625 3668
f 3624 3668 3667
f 3625 3626 3669
f 3625 3669 3668
f 3626 3627 3670
f 3626 3670 3669
f 3627 3628 3671
f 3627 3671 3670
f 3628 3629 3672
f 3628 3672 3671
f 3629 3630 3673
f 3629 3673 3672
f 3630 3631 3674
f 3630 3674 3673
f 3631 3632 3675
f 3631 3675 3674
f 3632 3633 3676
f 3632 3676 3675
f 3633 3634 3677
f 3633 3677 3676
f 3634 3635 3678
f 3634 3678 3677
f 3635 3636 3679
f 3635 3679 3678
f 3636 3637 3680
f 3636 3680 3679
f 3637 3638 3681
f 3637 3681 3680
f 3638 3639 3682
f 3638 3682 3681
f 3639 3640 3683
f 3639 3683 3682
f 3640 3641 3684
f 3640 3684 3683
f 3641 3642 3685
f 3641 3685 3684
f 3642 3643 3686
f 3642 3686 3685
f 3643 3644 3687
f 3643 3687 3686
f 3644 3645 3688
f 3644 3688 3687
f 3645 3646 3689
f 3645 3689 3688
f 3646 3647 3690
f 3646 3690 3689
f 3647 3648 3691
f 3647 3691 3690
f 3648 3649 3692
f 3648 3692 3691
f 3649 3650 3693
f 3649 3693 3692
f 3652 3651 3694
f 3652 3694 3695
f 3651 3653 3696
f 3651 3696 3694
f 3653 3654 3697
f 3653 3697 3696
f 3654 3655 3698
f 3654 3698 3697
f 3655 3656 3699
f 3655 3699 3698
f 3656 3657 3700
f 3656 3700 3699
f 3657 3658 3701
f 3657 3701 3700
f 3658 3659 3702
f 3658 3702 3701
f 3659 3660 3703
f 3659 3703 3702
f 3660 3661 3704
f 3660 3704 3703
f 3661 3662 3705
f 3661 3705 3704
f 3662 3663 3706
f 3662 3706 3705
f 3663 3664 3707
f 3663 3707 3706
f 3664 3665 3708
f 3664 3708 3707
f 3665 3666 3709
f 3665 3709 3708
f 3666 3667 3710
f 3666 3710 3709
f 3667 3668 3711
f 3667 3711 3710
f 3668 3669 3712
f 3668 3712 3711
f 3669 3670 3713
f 3669 3713 3712
f 3670 3671 3714
f 3670 3714 3713
f 3671 3672 3715
f 3671 3715 3714
f 3672 3673 3716
f 3672 3716 3715
f 3673 3674 3717
f 3673 3717 3716
f 3674 3675 3718
f 3674 3718 3717
f 3675 3676 3719
f 3675 3719 3718
f 3676 3677 3720
f 3676 3720 3719
f 3677 3678 3721
f 3677 3721 3720
f 3678 3679 3722
f 3678 3722 3721
f 3679 3680 3723
f 3679 3723 3722
f 3680 3681 3724
f 3680 3724 3723
f 3681 3682 3725
f 3681 3725 3724
f 3682 3683 3726
f 3682 3726 3725
f 3683 3684 3727
f 3683 3727 3726
f 3684 3685 3728
f 3684 3728 3727
f 3685 3686 3729
f 3685 3729 3728
f 3686 3687 3730
f 3686 3730 3729
f 3687 3688 3731
f 3687 3731 3730
f 3688 3689 3732
f 3688 3732 3731
f 3689 3690 3733
f 3689 3733 3732
f 3690 3691 3734
f 3690 3734 3733
f 3691 3692 3735
f 3691 3735 3734
f 3692 3693 3736
f 3692 3736 3735
f 3695 3694 3737
f 3695 3737 3738
f 3694 3696 3739
f 3694 3739 3737
f 3696 3697 3740
f 3696 3740 3739
f 3697 3698 3741
f 3697 3741 3740
f 3698 3699 3742
f 3698 3742 3741
f 3699 3700 3743
f 3699 3743 3742
f 3700 3701 3744
f 3700 3744 3743
f 3701 3702 3745
f 3701 3745 3744
f 3702 3703 3746
f 3702 3746 3745
f 3703 3704 3747
f 3703 3747 3746
f 3704 3705 3748
f 3704 3748 3747
f 3705 3706 3749
f 3705 3749 3748
f 3706 3707 3750
f 3706 3750 3749
f 3707 3708 3751
f 3707 3751 3750
f 3708 3709 3752
f 3708 3752 3751
f 3709 3710 3753
f 3709 3753 3752
f 3710 3711 3754
f 3710 3754 3753
f 3711 3712 3755
f 3711 3755 3754
f 3712 3713 3756
f 3712 3756 3755
f 3713 3714 3757
f 3713 3757 3756
f 3714 3715 3758
f 3714 3758 3757
f 3715 3716 3759
f 3715 3759 3758
f 3716 3717 3760
f 3716 3760 3759
f 3717 3718 3761
f 3717 3761 3760
f 3718 3719 3762
f 3718 3762 3761
f 3719 3720 3763
f 3719 3763 3762
f 3720 3721 3764
f 3720 3764 3763
f 3721 3722 3765
f 3721 3765 3764
f 3722 3723 3766
f 3722 3766 3765
f 3723 3724 3767
f 3723 3767 3766
f 3724 3725 3768
f 3724 3768 3767
f 3725 3726 3769
f 3725 3769 3768
f 3726 3727 3770
f 3726 3770 3769
f 3727 3728 3771
f 3727 3771 3770
f 3728 3729 3772
f 3728 3772 3771
f 3729 3730 3773
f 3729 3773 3772
f 3730 3731 3774
f 3730 3774 3773
f 3731 3732 3775
f 3731 3775 3774
f 3732 3733 3776
f 3732 3776 3775
f 3733 3734 3777
f 3733 3777 3776
f 3734 3735 3778
f 3734 3778 3777
f 3735 3736 3779
f 3735 3779 3778
f 3738 3737 3780
f 3738 3780 3781
f 3737 3739 3782
f 3737 3782 3780
f 3739 3740 3783
f 3739 3783 3782
f 3740 3741 3784
f 3740 3784 3783
f 3741 3742 3785
f 3741 3785 3784
f 3742 3743 3786
f 3742 3786 3785
f 3743 3744 3787
f 3743 3787 3786
f 3744 3745 3788
f 3744 3788 3787
f 3745 3746 3789
f 3745 3789 3788
f 3746 3747 3790
f 3746 3790 3789
f 3747 3748 3791
f 3747 3791 3790
f 3748 3749 3792
f 3748 3792 3791
f 3749 3750 3793
f 3749 3793 3792
f 3750 3751 3794
f 3750 3794 3793
f 3751 3752 3795
f 3751 3795 3794
f 3752 3753 3796
f 3752 3796 3795
f 3753 3754 3797
f 3753 3797 3796
f 3754 3755 3798
f 3754 3798 3797
f 3755 3756 3799
f 3755 3799 3798
f 3756 3757 3800
f 3756 3800 3799
f 3757 3758 3801
f 3757 3801 3800
f 3758 3759 3802
f 3758 3802 3801
f 3759 3760 3803
f 3759 3803 3802
f 3760 3761 3804
f 3760 3804 3803
f 3761 3762 3805
f 3761 3805 3804
f 3762 3763 3806
f 3762 3806 3805
f 3763 3764 3807
f 3763 3807 3806
f 3764 3765 3808
f 3764 3808 3807
f 3765 3766 3809
f 3765 3809 3808
f 3766 3767 3810
f 3766 3810 3809
f 3767 3768 3811
f 3767 3811 3810
f 3768 3769 3812
f 3768 3812 3811
f 3769 3770 3813
f 3769 3813 3812
f 3770 3771 3814
f 3770 3814 3813
f 3771 3772 3815
f 3771 3815 3814
f 3772 3773 3816
f 3772 3816 3815
f 3773 3774 3817
f 3773 3817 3816
f 3774 3775 3818
f 3774 3818 3817
f 3775 3776 3819
f 3775 3819 3818
f 3776 3777 3820
f 3776 3820 3819
f 3777 3778 3821
f 3777 3821 3820
f 3778 3779 3822
f 3778 3822 3821
f 3781 3780 3823
f 3781 3823 3824
f 3780 3782 3825
f 3780 3825 3823
f 3782 3783 3826
f 3782 3826 3825
f 3783 3784 3827
f 3783 3827 3826
f 3784 3785 3828
f 3784 3828 3827
f 3785 3786 3829
f 3785 3829 3828
f 3786 3787 3830
f 3786 3830 3829
f 3787 3788 3831
f 3787 3831 3830
f 3788 3789 3832
f 3788 3832 3831
f 3789 3790 3833
f 3789 3833 3832
f 3790 3791 3834
f 3790 3834 3833
f 3791 3792 3835
f 3791 3835 3834
f 3792 3793 3836
f 3792 3836 3835
f 3793 3794 3837
f 3793 3837 3836
f 3794 3795 3838
f 3794 3838 3837
f 3795 3796 3839
f 3795 3839 3838
f 3796 3797 3840
f 3796 3840 3839
f 3797 3798 3841
f 3797 3841 3840
f 3798 3799 3842
f 3798 3842 3841
f 3799 3800 3843
f 3799 3843 3842
f 3800 3801 3844
f 3800 3844 3843
f 3801 3802 3845
f 3801 3845 3844
f 3802 3803 3846
f 3802 3846 3845
f 3803 3804 3847
f 3803 3847 3846
f 3804 3805 3848
f 3804 3848 3847
f 3805 3806 3849
f 3805 3849 3848
f 3806 3807 3850
f 3806 3850 3849
f 3807 3808 3851
f 3807 3851 3850
f 3808 3809 3852
f 3808 3852 3851
f 3809 3810 3853
f 3809 3853 3852
f 3810 3811 3854
f 3810 3854 3853
f 3811 3812 3855
f 3811 3855 3854
f 3812 3813 3856
f 3812 3856 3855
f 3813 3814 3857
f 3813 3857 3856
f 3814 3815 3858
f 3814 3858 3857
f 3815 3816 3859
f 3815 3859 3858
f 3816 3817 3860
f 3816 3860 3859
f 3817 3818 3861
f 3817 3861 3860
f 3818 3819 3862
f 3818 3862 3861
f 3819 3820 3863
f 3819 3863 3862
f 3820 3821 3864
f 3820 3864 3863
f 3821 3822 3865
f 3821 3865 3864
f 3824 3823 3866
f 3824 3866 3867
f 3823 3825 3868
f 3823 3868 3866
f 3825 3826 3869
f 3825 3869 3868
f 3826 3827 3870
f 3826 3870 3869
f 3827 3828 3871
f 3827 3871 3870
f 3828 3829 3872
f 3828 3872 3871
f 3829 3830 3873
f 3829 3873 3872
f 3830 3831 3874
f 3830 3874 3873
f 3831 3832 3875
f 3831 3875 3874
f 3832 3833 3876
f 3832 3876 3875
f 3833 3834 3877
f 3833 3877 3876
f 3834 3835 3878
f 3834 3878 3877
f 3835 3836 3879
f 3835 3879 3878
f 3836 3837 3880
f 3836 3880 3879
f 3837 3838 3881
f 3837 3881 3880
f 3838 3839 3882
f 3838 3882 3881
f 3839 3840 3883
f 3839 3883 3882
f 3840 3841 3884
f 3840 3884 3883
f 3841 3842 3885
f 3841 3885 3884
f 3842 3843 3886
f 3842 3886 3885
f 3843 3844 3887
f 3843 3887 3886
f 3844 3845 3888
f 3844 3888 3887
f 3845 3846 3889
f 3845 3889 3888
f 3846 3847 3890
f 3846 3890 3889
f 3847 3848 3891
f 3847 3891 3890
f 3848 3849 3892
f 3848 3892 3891
f 3849 3850 3893
f 3849 3893 3892
f 3850 3851 3894
f 3850 3894 3893
f 3851 3852 3895
f 3851 3895 3894
f 3852 3853 3896
f 3852 3896 3895
f 3853 3854 3897
f 3853 3897 3896
f 3854 3855 3898
f 3854 3898 3897
f 3855 3856 3899
f 3855 3899 3898
f 3856 3857 3900
f 3856 3900 3899
f 3857 3858 3901
f 3857 3901 3900
f 3858 3859 3902
f 3858 3902 3901
f 3859 3860 3903
f 3859 3903 3902
f 3860 3861 3904
f 3860 3904 3903
f 3861 3862 3905
f 3861 3905 3904
f 3862 3863 3906
f 3862 3906 3905
f 3863 3864 3907
f 3863 3907 3906
f 3864 3865 3908
f 3864 3908 3907
f 3867 3866 3909
f 3867 3909 3910
f 3866 3868 3911
f 3866 3911 3909
f 3868 3869 3912
f 3868 3912 3911
f 3869 3870 3913
f 3869 3913 3912
f 3870 3871 3914
f 3870 3914 3913
f 3871 3872 3915
f 3871 3915 3914
f 3872 3873 3916
f 3872 3916 3915
f 3873 3874 3917
f 3873 3917 3916
f 3874 3875 3918
f 3874 3918 3917
f 3875 3876 3919
f 3875 3919 3918
f 3876 3877 3920
f 3876 3920 3919
f 3877 3878 3921
f 3877 3921 3920
f 3878 3879 3922
f 3878 3922 3921
f 3879 3880 3923
f 3879 3923 3922
f 3880 3881 3924
f 3880 3924 3923
f 3881 3882 3925
f 3881 3925 3924
f 3882 3883 3926
f 3882 3926 3925
f 3883 3884 3927
f 3883 3927 3926
f 3884 3885 3928
f 3884 3928 3927
f 3885 3886 3929
f 3885 3929 3928
f 3886 3887 3930
f 3886 3930 3929
f 3887 3888 3931
f 3887 3931 3930
f 3888 3889 3932
f 3888 3932 3931
f 3889 3890 3933
f 3889 3933 3932
f 3890 3891 3934
f 3890 3934 3933
f 3891 3892 3935
f 3891 3935 3934
f 3892 3893 3936
f 3892 3936 3935
f 3893 3894 3937
f 3893 3937 3936
f 3894 3895 3938
f 3894 3938 3937
f 3895 3896 3939
f 3895 3939 3938
f 3896 3897 3940
f 3896 3940 3939
f 3897 3898 3941
f 3897 3941 3940
f 3898 3899 3942
f 3898 3942 3941
f 3899 3900 3943
f 3899 3943 3942
f 3900 3901 3944
f 3900 3944 3943
f 3901 3902 3945
f 3901 3945 3944
f 3902 3903 3946
f 3902 3946 3945
f 3903 3904 3947
f 3903 3947 3946
f 3904 3905 3948
f 3904 3948 3947
f 3905 3906 3949
f 3905 3949 3948
f 3906 3907 3950
f 3906 3950 3949
f 3907 3908 3951
f 3907 3951 3950
f 3910 3909 3952
f 3910 3952 3953
f 3909 3911 3954
f 3909 3954 3952
f 3911 3912 3955
f 3911 3955 3954
f 3912 3913 3956
f 3912 3956 3955
f 3913 3914 3957
f 3913 3957 3956
f 3914 3915 3958
f 3914 3958 3957
f 3915 3916 3959
f 3915 3959 3958
f 3916 3917 3960
f 3916 3960 3959
f 3917 3918 3961
f 3917 3961 3960
f 3918 3919 3962
f 3918 3962 3961
f 3919 3920 3963
f 3919 3963 3962
f 3920 3921 3964
f 3920 3964 3963
f 3921 3922 3965
f 3921 3965 3964
f 3922 3923 3966
f 3922 3966 3965
f 3923 3924 3967
f 3923 3967 3966
f 3924 3925 3968
f 3924 3968 3967
f 3925 3926 3969
f 3925 3969 3968
f 3926 3927 3970
f 3926 3970 3969
f 3927 3928 3971
f 3927 3971 3970
f 3928 3929 3972
f 3928 3972 3971
f 3929 3930 3973
f 3929 3973 3972
f 3930 3931 3974
f 3930 3974 3973
f 3931 3932 3975
f 3931 3975 3974
f 3932 3933 3976
f 3932 3976 3975
f 3933 3934 3977
f 3933 3977 3976
f 3934 3935 3978
f 3934 3978 3977
f 3935 3936 3979
f 3935 3979 3978
f 3936 3937 3980
f 3936 3980 3979
f 3937 3938 3981
f 3937 3981 3980
f 3938 3939 3982
f 3938 3982 3981
f 3939 3940 3983
f 3939 3983 3982
f 3940 3941 3984
f 3940 3984 3983
f 3941 3942 3985
f 3941 3985 3984
f 3942 3943 3986
f 3942 3986 3985
f 3943 3944 3987
f 3943 3987 3986
f 3944 3945 3988
f 3944 3988 3987
f 3945 3946 3989
f 3945 3989 3988
f 3946 3947 3990
f 3946 3990 3989
f 3947 3948 3991
f 3947 3991 3990
f 3948 3949 3992
f 3948 3992 3991
f 3949 3950 3993
f 3949 3993 3992
f 3950 3951 3994
f 3950 3994 3993
f 3953 3952 3995
f 3953 3995 3996
f 3952 3954 3997
f 3952 3997 3995
f 3954 3955 3998
f 3954 3998 3997
f 3955 3956 3999
f 3955 3999 3998
f 3956 3957 4000
f 3956 4000 3999
f 3957 3958 4001
f 3957 4001 4000
f 3958 3959 4002
f 3958 4002 4001
f 3959 3960 4003
f 3959 4003 4002
f 3960 3961 4004
f 3960 4004 4003
f 3961 3962 4005
f 3961 4005 4004
f 3962 3963 4006
f 3962 4006 4005
f 3963 3964 4007
f 3963 4007 4006
f 3964 3965 4008
f 3964 4008 4007
f 3965 3966 4009
f 3965 4009 4008
f 3966 3967 4010
f 3966 4010 4009
f 3967 3968 4011
f 3967 4011 4010
f 3968 3969 4012
f 3968 4012 4011
f 3969 3970 4013
f 3969 4013 4012
f 3970 3971 4014
f 3970 4014 4013
f 3971 3972 4015
f 3971 4015 4014
f 3972 3973 4016
f 3972 4016 4015
f 3973 3974 4017
f 3973 4017 4016
f 3974 3975 4018
f 3974 4018 4017
f 3975 3976 4019
f 3975 4019 4018
f 3976 3977 4020
f 3976 4020 4019
f 3977 3978 4021
f 3977 4021 4020
f 3978 3979 4022
f 3978 4022 4021
f 3979 3980 4023
f 3979 4023 4022
f 3980 3981 4024
f 3980 4024 4023
f 3981 3982 4025
f 3981 4025 4024
f 3982 3983 4026
f 3982 4026 4025
f 3983 3984 4027
f 3983 4027 4026
f 3984 3985 4028
f 3984 4028 4027
f 3985 3986 4029
f 3985 4029 4028
f 3986 3987 4030
f 3986 4030 4029
f 3987 3988 4031
f 3987 4031 4030
f 3988 3989 4032
f 3988 4032 4031
f 3989 3990 4033
f 3989 4033 4032
f 3990 3991 4034
f 3990 4034 4033
f 3991 3992 4035
f 3991 4035 4034
f 3992 3993 4036
f 3992 4036 4035
f 3993 3994 4037
f 3993 4037 4036
f 3996 3995 4038
f 3996 4038 4039
f 3995 3997 4040
f 3995 4040 4038
f 3997 3998 4041
f 3997 4041 4040
f 3998 3999 4042
f 3998 4042 4041
f 3999 4000 4043
f 3999 4043 4042
f 4000 4001 4044
f 4000 4044 4043
f 4001 4002 4045
f 4001 4045 4044
f 4002 4003 4046
f 4002 4046 4045
f 4003 4004 4047
f 4003 4047 4046
f 4004 4005 4048
f 4004 4048 4047
f 4005 4006 4049
f 4005 4049 4048
f 4006 4007 4050
f 4006 4050 4049
f 4007 4008 4051
f 4007 4051 4050
f 4008 4009 4052
f 4008 4052 4051
f 4009 4010 4053
f 4009 4053 4052
f 4010 4011 4054
f 4010 4054 4053
f 4011 4012 4055
f 4011 4055 4054
f 4012 4013 4056
f 4012 4056 4055
f 4013 4014 4057
f 4013 4057 4056
f 4014 4015 4058
f 4014 4058 4057
f 4015 4016 4059
f 4015 4059 4058
f 4016 4017 4060
f 4016 4060 4059
f 4017 4018 4061
f 4017 4061 4060
f 4018 4019 4062
f 4018 4062 4061
f 4019 4020 4063
f 4019 4063 4062
f 4020 4021 4064
f 4020 4064 4063
f 4021 4022 4065
f 4021 4065 4064
f 4022 4023 4066
f 4022 4066 4065
f 4023 4024 4067
f 4023 4067 4066
f 4024 4025 4068
f 4024 4068 4067
f 4025 4026 4069
f 4025 4069 4068
f 4026 4027 4070
f 4026 4070 4069
f 4027 4028 4071
f 4027 4071 4070
f 4028 4029 4072
f 4028 4072 4071
f 4029 4030 4073
f 4029 4073 4072
f 4030 4031 4074
f 4030 4074 4073
f 4031 4032 4075
f 4031 4075 4074
f 4032 4033 4076
f 4032 4076 4075
f 4033 4034 4077
f 4033 4077 4076
f 4034 4035 4078
f 4034 4078 4077
f 4035 4036 4079
f 4035 4079 4078
f 4036 4037 4080
f 4036 4080 4079
f 4039 4038 4081
f 4039 4081 4082
f 4038 4040 4083
f 4038 4083 4081
f 4040 4041 4084
f 4040 4084 4083
f 4041 4042 4085
f 4041 4085 4084
f 4042 4043 4086
f 4042 4086 4085
f 4043 4044 4087
f 4043 4087 4086
f 4044 4045 4088
f 4044 4088 4087
f 4045 4046 4089
f 4045 4089 4088
f 4046 4047 4090
f 4046 4090 4089
f 4047 4048 4091
f 4047 4091 4090
f 4048 4049 4092
f 4048 4092 4091
f 4049 4050 4093
f 4049 4093 4092
f 4050 4051 4094
f 4050 4094 4093
f 4051 4052 4095
f 4051 4095 4094
f 4052 4053 4096
f 4052 4096 4095
f 4053 4054 4097
f 4053 4097 4096
f 4054 4055 4098
f 4054 4098 4097
f 4055 4056 4099
f 4055 4099 4098
f 4056 4057 4100
f 4056 4100 4099
f 4057 4058 4101
f 4057 4101 4100
f 4058 4059 4102
f 4058 4102 4101
f 4059 4060 4103
f 4059 4103 4102
f 4060 4061 4104
f 4060 4104 4103
f 4061 4062 4105
f 4061 4105 4104
f 4062 4063 4106
f 4062 4106 4105
f 4063 4064 4107
f 4063 4107 4106
f 4064 4065 4108
f 4064 4108 4107
f 4065 4066 4109
f 4065 4109 4108
f 4066 4067 4110
f 4066 4110 4109
f 4067 4068 4111
f 4067 4111 4110
f 4068 4069 4112
f 4068 4112 4111
f 4069 4070 4113
f 4069 4113 4112
f 4070 4071 4114
f 4070 4114 4113
f 4071 4072 4115
f 4071 4115 4114
f 4072 4073 4116
f 4072 4116 4115
f 4073 4074 4117
f 4073 4117 4116
f 4074 4075 4118
f 4074 4118 4117
f 4075 4076 4119
f 4075 4119 4118
f 4076 4077 4120
f 4076 4120 4119
f 4077 4078 4121
f 4077 4121 4120
f 4078 4079 4122
f 4078 4122 4121
f 4079 4080 4123
f 4079 4123 4122
f 4082 4081 4124
f 4082 4124 4125
f 4081 4083 4126
f 4081 4126 4124
f 4083 4084 4127
f 4083 4127 4126
f 4084 4085 4128
f 4084 4128 4127
f 4085 4086 4129
f 4085 4129 4128
f 4086 4087 4130
f 4086 4130 4129
f 4087 4088 4131
f 4087 4131 4130
f 4088 4089 4132
f 4088 4132 4131
f 4089 4090 4133
f 4089 4133 4132
f 4090 4091 4134
f 4090 4134 4133
f 4091 4092 4135
f 4091 4135 4134
f 4092 4093 4136
f 4092 4136 4135
f 4093 4094 4137
f 4093 4137 4136
f 4094 4095 4138
f 4094 4138 4137
f 4095 4096 4139
f 4095 4139 4138
f 4096 4097 4140
f 4096 4140 4139
f 4097 4098 4141
f 4097 4141 4140
f 4098 4099 4142
f 4098 4142 4141
f 4099 4100 4143
f 4099 4143 4142
f 4100 4101 4144
f 4100 4144 4143
f 4101 4102 4145
f 4101 4145 4144
f 4102 4103 4146
f 4102 4146 4145
f 4103 4104 4147
f 4103 4147 4146
f 4104 4105 4148
f 4104 4148 4147
f 4105 4106 4149
f 4105 4149 4148
f 4106 4107 4150
f 4106 4150 4149
f 4107 4108 4151
f 4107 4151 4150
f 4108 4109 4152
f 4108 4152 4151
f 4109 4110 4153
f 4109 4153 4152
f 4110 4111 4154
f 4110 4154 4153
f 4111 4112 4155
f 4111 4155 4154
f 4112 4113 4156
f 4112 4156 4155
f 4113 4114 4157
f 4113 4157 4156
f 4114 4115 4158
f 4114 4158 4157
f 4115 4116 4159
f 4115 4159 4158
f 4116 4117 4160
f 4116 4160 4159
f 4117 4118 4161
f 4117 4161 4160
f 4118 4119 4162
f 4118 4162 4161
f 4119 4120 4163
f 4119 4163 4162
f 4120 4121 4164
f 4120 4164 4163
f 4121 4122 4165
f 4121 4165 4164
f 4122 4123 4166
f 4122 4166 4165
f 4167 4168 4169
f 4167 4169 4170
f 4168 4171 4172
f 4168 4172 4169
f 4171 4173 4174
f 4171 4174 4172
f 4173 4175 4176
f 4173 4176 4174
f 4177 4178 4179
f 4177 4179 4180
f 4178 4181 4182
f 4178 4182 4179
f 4181 4183 4184
f 4181 4184 4182
f 4183 4167 4170
f 4183 4170 4184
f 4185 4186 4187
f 4185 4187 4188
f 4186 4189 4190
f 4186 4190 4187
f 4189 4191 4192
f 4189 4192 4190
f 4191 4193 4194
f 4191 4194 4192
f 4195 4196 4197
f 4195 4197 4198
f 4196 4199 4200
f 4196 4200 4197
f 4199 4201 4202
f 4199 4202 4200
f 4201 4185 4188
f 4201 4188 4202
f 4203 4204 4186
f 4203 4186 4185
f 4204 4205 4189
f 4204 4189 4186
f 4205 4206 4191
f 4205 4191 4189
f 4206 4207 4193
f 4206 4193 4191
f 4208 4209 4196
f 4208 4196 4195
f 4209 4210 4199
f 4209 4199 4196
f 4210 4211 4201
f 4210 4201 4199
f 4211 4203 4185
f 4211 4185 4201
f 4170 4169 4204
f 4170 4204 4203
f 4169 4172 4205
f 4169 4205 4204
f 4172 4174 4206
f 4172 4206 4205
f 4174 4176 4207
f 4174 4207 4206
f 4180 4179 4209
f 4180 4209 4208
f 4179 4182 4210
f 4179 4210 4209
f 4182 4184 4211
f 4182 4211 4210
f 4184 4170 4203
f 4184 4203 4211
f 4167 4212 4213
f 4167 4213 4168
f 4168 4213 4214
f 4168 4214 4171
f 4171 4214 4215
f 4171 4215 4173
f 4173 4215 4216
f 4173 4216 4175
f 4177 4217 4218
f 4177 4218 4178
f 4178 4218 4219
f 4178 4219 4181
f 4181 4219 4220
f 4181 4220 4183
f 4183 4220 4212
f 4183 4212 4167
f 4221 4222 4223
f 4221 4223 4224
f 4224 4223 4225
f 4224 4225 4226
f 4226 4225 4227
f 4226 4227 4228
f 4228 4227 4229
f 4228 4229 4230
f 4231 4232 4233
f 4231 4233 4234
f 4234 4233 4235
f 4234 4235 4236
f 4236 4235 4237
f 4236 4237 4238
f 4238 4237 4222
f 4238 4222 4221
f 4239 4221 4224
f 4239 4224 4240
f 4240 4224 4226
f 4240 4226 4241
f 4241 4226 4228
f 4241 4228 4242
f 4242 4228 4230
f 4242 4230 4243
f 4244 4231 4234
f 4244 4234 4245
f 4245 4234 4236
f 4245 4236 4246
f 4246 4236 4238
f 4246 4238 4247
f 4247 4238 4221
f 4247 4221 4239
f 4212 4239 4240
f 4212 4240 4213
f 4213 4240 4241
f 4213 4241 4214
f 4214 4241 4242
f 4214 4242 4215
f 4215 4242 4243
f 4215 4243 4216
f 4217 4244 4245
f 4217 4245 4218
f 4218 4245 4246
f 4218 4246 4219
f 4219 4246 4247
f 4219 4247 4220
f 4220 4247 4239
f 4220 4239 4212
f 4248 4249 4250
f 4248 4250 4251
f 4252 4248 4251
f 4252 4251 4253
f 4254 4252 4253
f 4254 4253 4255
f 4256 4254 4255
f 4256 4255 4257
f 4258 4259 4260
f 4258 4260 4261
f 4262 4258 4261
f 4262 4261 4263
f 4264 4262 4263
f 4264 4263 4265
f 4249 4264 4265
f 4249 4265 4250
f 4249 4248 4266
f 4249 4266 4267
f 4248 4252 4268
f 4248 4268 4266
f 4252 4254 4269
f 4252 4269 4268
f 4254 4256 4270
f 4254 4270 4269
f 4259 4258 4271
f 4259 4271 4272
f 4258 4262 4273
f 4258 4273 4271
f 4262 4264 4274
f 4262 4274 4273
f 4264 4249 4267
f 4264 4267 4274
f 4275 4276 4277
f 4275 4277 4278
f 4279 4275 4278
f 4279 4278 4280
f 4281 4279 4280
f 4281 4280 4282
f 4283 4281 4282
f 4283 4282 4284
f 4285 4286 4287
f 4285 4287 4288
f 4289 4285 4288
f 4289 4288 4290
f 4291 4289 4290
f 4291 4290 4292
f 4276 4291 4292
f 4276 4292 4277
f 4276 4275 4293
f 4276 4293 4294
f 4275 4279 4295
f 4275 4295 4293
f 4279 4281 4296
f 4279 4296 4295
f 4281 4283 4297
f 4281 4297 4296
f 4286 4285 4298
f 4286 4298 4299
f 4285 4289 4300
f 4285 4300 4298
f 4289 4291 4301
f 4289 4301 4300
f 4291 4276 4294
f 4291 4294 4301
f 4302 4303 4304
f 4302 4304 4305
f 4306 4302 4305
f 4306 4305 4307
f 4308 4306 4307
f 4308 4307 4309
f 4310 4308 4309
f 4310 4309 4311
f 4312 4313 4314
f 4312 4314 4315
f 4316 4312 4315
f 4316 4315 4317
f 4318 4316 4317
f 4318 4317 4319
f 4303 4318 4319
f 4303 4319 4304
f 4303 4302 4320
f 4303 4320 4321
f 4302 4306 4322
f 4302 4322 4320
f 4306 4308 4323
f 4306 4323 4322
f 4308 4310 4324
f 4308 4324 4323
f 4313 4312 4325
f 4313 4325 4326
f 4312 4316 4327
f 4312 4327 4325
f 4316 4318 4328
f 4316 4328 4327
f 4318 4303 4321
f 4318 4321 4328
f 4329 4330 4331
f 4329 4331 4332
f 4333 4329 4332
f 4333 4332 4334
f 4335 4333 4334
f 4335 4334 4336
f 4337 4335 4336
f 4337 4336 4338
f 4339 4340 4341
f 4339 4341 4342
f 4343 4339 4342
f 4343 4342 4344
f 4345 4343 4344
f 4345 4344 4346
f 4330 4345 4346
f 4330 4346 4331
f 4330 4329 4347
f 4330 4347 4348
f 4329 4333 4349
f 4329 4349 4347
f 4333 4335 4350
f 4333 4350 4349
f 4335 4337 4351
f 4335 4351 4350
f 4340 4339 4352
f 4340 4352 4353
f 4339 4343 4354
f 4339 4354 4352
f 4343 4345 4355
f 4343 4355 4354
f 4345 4330 4348
f 4345 4348 4355
f 4356 4357 4358
f 4356 4358 4359
f 4360 4356 4359
f 4360 4359 4361
f 4362 4360 4361
f 4362 4361 4363
f 4364 4362 4363
f 4364 4363 4365
f 4366 4367 4368
f 4366 4368 4369
f 4370 4366 4369
f 4370 4369 4371
f 4372 4370 4371
f 4372 4371 4373
f 4357 4372 4373
f 4357 4373 4358
f 4357 4356 4374
f 4357 4374 4375
f 4356 4360 4376
f 4356 4376 4374
f 4360 4362 4377
f 4360 4377 4376
f 4362 4364 4378
f 4362 4378 4377
f 4367 4366 4379
f 4367 4379 4380
f 4366 4370 4381
f 4366 4381 4379
f 4370 4372 4382
f 4370 4382 4381
f 4372 4357 4375
f 4372 4375 4382
f 4383 4384 4385
f 4383 4385 4386
f 4387 4383 4386
f 4387 4386 4388
f 4389 4387 4388
f 4389 4388 4390
f 4391 4389 4390
f 4391 4390 4392
f 4393 4394 4395
f 4393 4395 4396
f 4397 4393 4396
f 4397 4396 4398
f 4399 4397 4398
f 4399 4398 4400
f 4384 4399 4400
f 4384 4400 4385
f 4384 4383 4401
f 4384 4401 4402
f 4383 4387 4403
f 4383 4403 4401
f 4387 4389 4404
f 4387 4404 4403
f 4389 4391 4405
f 4389 4405 4404
f 4394 4393 4406
f 4394 4406 4407
f 4393 4397 4408
f 4393 4408 4406
f 4397 4399 4409
f 4397 4409 4408
f 4399 4384 4402
f 4399 4402 4409
f 4410 4411 4412
f 4410 4412 4413
f 4414 4410 4413
f 4414 4413 4415
f 4416 4414 4415
f 4416 4415 4417
f 4418 4416 4417
f 4418 4417 4419
f 4420 4421 4422
f 4420 4422 4423
f 4424 4420 4423
f 4424 4423 4425
f 4426 4424 4425
f 4426 4425 4427
f 4411 4426 4427
f 4411 4427 4412
f 4411 4410 4428
f 4411 4428 4429
f 4410 4414 4430
f 4410 4430 4428
f 4414 4416 4431
f 4414 4431 4430
f 4416 4418 4432
f 4416 4432 4431
f 4421 4420 4433
f 4421 4433 4434
f 4420 4424 4435
f 4420 4435 4433
f 4424 4426 4436
f 4424 4436 4435
f 4426 4411 4429
f 4426 4429 4436
f 4437 4438 4439
f 4437 4439 4440
f 4441 4437 4440
f 4441 4440 4442
f 4443 4441 4442
f 4443 4442 4444
f 4445 4443 4444
f 4445 4444 4446
f 4447 4448 4449
f 4447 4449 4450
f 4451 4447 4450
f 4451 4450 4452
f 4453 4451 4452
f 4453 4452 4454
f 4438 4453 4454
f 4438 4454 4439
f 4438 4437 4455
f 4438 4455 4456
f 4437 4441 4457
f 4437 4457 4455
f 4441 4443 4458
f 4441 4458 4457
f 4443 4445 4459
f 4443 4459 4458
f 4448 4447 4460
f 4448 4460 4461
f 4447 4451 4462
f 4447 4462 4460
f 4451 4453 4463
f 4451 4463 4462
f 4453 4438 4456
f 4453 4456 4463
f 4464 4465 4466
f 4464 4466 4467
f 4468 4464 4467
f 4468 4467 4469
f 4470 4468 4469
f 4470 4469 4471
f 4472 4470 4471
f 4472 4471 4473
f 4474 4475 4476
f 4474 4476 4477
f 4478 4474 4477
f 4478 4477 4479
f 4480 4478 4479
f 4480 4479 4481
f 4465 4480 4481
f 4465 4481 4466
f 4465 4464 4482
f 4465 4482 4483
f 4464 4468 4484
f 4464 4484 4482
f 4468 4470 4485
f 4468 4485 4484
f 4470 4472 4486
f 4470 4486 4485
f 4475 4474 4487
f 4475 4487 4488
f 4474 4478 4489
f 4474 4489 4487
f 4478 4480 4490
f 4478 4490 4489
f 4480 4465 4483
f 4480 4483 4490
f 4491 4492 4493
f 4491 4493 4494
f 4495 4491 4494
f 4495 4494 4496
f 4497 4495 4496
f 4497 4496 4498
f 4499 4497 4498
f 4499 4498 4500
f 4501 4502 4503
f 4501 4503 4504
f 4505 4501 4504
f 4505 4504 4506
f 4507 4505 4506
f 4507 4506 4508
f 4492 4507 4508
f 4492 4508 4493
f 4492 4491 4509
f 4492 4509 4510
f 4491 4495 4511
f 4491 4511 4509
f 4495 4497 4512
f 4495 4512 4511
f 4497 4499 4513
f 4497 4513 4512
f 4502 4501 4514
f 4502 4514 4515
f 4501 4505 4516
f 4501 4516 4514
f 4505 4507 4517
f 4505 4517 4516
f 4507 4492 4510
f 4507 4510 4517
f 4518 4519 4520
f 4518 4520 4521
f 4519 4522 4523
f 4519 4523 4520
f 4522 4524 4525
f 4522 4525 4523
f 4524 4526 4527
f 4524 4527 4525
f 4528 4529 4530
f 4528 4530 4531
f 4529 4532 4533
f 4529 4533 4530
f 4532 4534 4535
f 4532 4535 4533
f 4534 4518 4521
f 4534 4521 4535
f 4536 4537 4538
f 4536 4538 4539
f 4537 4540 4541
f 4537 4541 4538
f 4540 4542 4543
f 4540 4543 4541
f 4542 4544 4545
f 4542 4545 4543
f 4546 4547 4548
f 4546 4548 4549
f 4547 4550 4551
f 4547 4551 4548
f 4550 4552 4553
f 4550 4553 4551
f 4552 4536 4539
f 4552 4539 4553
f 4554 4555 4537
f 4554 4537 4536
f 4555 4556 4540
f 4555 4540 4537
f 4556 4557 4542
f 4556 4542 4540
f 4557 4558 4544
f 4557 4544 4542
f 4559 4560 4547
f 4559 4547 4546
f 4560 4561 4550
f 4560 4550 4547
f 4561 4562 4552
f 4561 4552 4550
f 4562 4554 4536
f 4562 4536 4552
f 4521 4520 4555
f 4521 4555 4554
f 4520 4523 4556
f 4520 4556 4555
f 4523 4525 4557
f 4523 4557 4556
f 4525 4527 4558
f 4525 4558 4557
f 4531 4530 4560
f 4531 4560 4559
f 4530 4533 4561
f 4530 4561 4560
f 4533 4535 4562
f 4533 4562 4561
f 4535 4521 4554
f 4535 4554 4562
f 4518 4563 4564
f 4518 4564 4519
f 4519 4564 4565
f 4519 4565 4522
f 4522 4565 4566
f 4522 4566 4524
f 4524 4566 4567
f 4524 4567 4526
f 4528 4568 4569
f 4528 4569 4529
f 4529 4569 4570
f 4529 4570 4532
f 4532 4570 4571
f 4532 4571 4534
f 4534 4571 4563
f 4534 4563 4518
f 4572 4573 4574
f 4572 4574 4575
f 4575 4574 4576
f 4575 4576 4577
f 4577 4576 4578
f 4577 4578 4579
f 4579 4578 4580
f 4579 4580 4581
f 4582 4583 4584
f 4582 4584 4585
f 4585 4584 4586
f 4585 4586 4587
f 4587 4586 4588
f 4587 4588 4589
f 4589 4588 4573
f 4589 4573 4572
f 4590 4572 4575
f 4590 4575 4591
f 4591 4575 4577
f 4591 4577 4592
f 4592 4577 4579
f 4592 4579 4593
f 4593 4579 4581
f 4593 4581 4594
f 4595 4582 4585
f 4595 4585 4596
f 4596 4585 4587
f 4596 4587 4597
f 4597 4587 4589
f 4597 4589 4598
f 4598 4589 4572
f 4598 4572 4590
f 4563 4590 4591
f 4563 4591 4564
f 4564 4591 4592
f 4564 4592 4565
f 4565 4592 4593
f 4565 4593 4566
f 4566 4593 4594
f 4566 4594 4567
f 4568 4595 4596
f 4568 4596 4569
f 4569 4596 4597
f 4569 4597 4570
f 4570 4597 4598
f 4570 4598 4571
f 4571 4598 4590
f 4571 4590 4563
f 4599 4600 4601
f 4599 4601 4602
f 4603 4599 4602
f 4603 4602 4604
f 4605 4603 4604
f 4605 4604 4606
f 4607 4605 4606
f 4607 4606 4608
f 4609 4610 4611
f 4609 4611 4612
f 4613 4609 4612
f 4613 4612 4614
f 4615 4613 4614
f 4615 4614 4616
f 4600 4615 4616
f 4600 4616 4601
f 4600 4599 4617
f 4600 4617 4618
f 4599 4603 4619
f 4599 4619 4617
f 4603 4605 4620
f 4603 4620 4619
f 4605 4607 4621
f 4605 4621 4620
f 4610 4609 4622
f 4610 4622 4623
f 4609 4613 4624
f 4609 4624 4622
f 4613 4615 4625
f 4613 4625 4624
f 4615 4600 4618
f 4615 4618 4625
f 4626 4627 4628
f 4626 4628 4629
f 4630 4626 4629
f 4630 4629 4631
f 4632 4630 4631
f 4632 4631 4633
f 4634 4632 4633
f 4634 4633 4635
f 4636 4637 4638
f 4636 4638 4639
f 4640 4636 4639
f 4640 4639 4641
f 4642 4640 4641
f 4642 4641 4643
f 4627 4642 4643
f 4627 4643 4628
f 4627 4626 4644
f 4627 4644 4645
f 4626 4630 4646
f 4626 4646 4644
f 4630 4632 4647
f 4630 4647 4646
f 4632 4634 4648
f 4632 4648 4647
f 4637 4636 4649
f 4637 4649 4650
f 4636 4640 4651
f 4636 4651 4649
f 4640 4642 4652
f 4640 4652 4651
f 4642 4627 4645
f 4642 4645 4652
f 4653 4654 4655
f 4653 4655 4656
f 4657 4653 4656
f 4657 4656 4658
f 4659 4657 4658
f 4659 4658 4660
f 4661 4659 4660
f 4661 4660 4662
f 4663 4664 4665
f 4663 4665 4666
f 4667 4663 4666
f 4667 4666 4668
f 4669 4667 4668
f 4669 4668 4670
f 4654 4669 4670
f 4654 4670 4655
f 4654 4653 4671
f 4654 4671 4672
f 4653 4657 4673
f 4653 4673 4671
f 4657 4659 4674
f 4657 4674 4673
f 4659 4661 4675
f 4659 4675 4674
f 4664 4663 4676
f 4664 4676 4677
f 4663 4667 4678
f 4663 4678 4676
f 4667 4669 4679
f 4667 4679 4678
f 4669 4654 4672
f 4669 4672 4679
f 4680 4681 4682
f 4680 4682 4683
f 4683 4682 4684
f 4683 4684 4685
f 4685 4684 4686
f 4685 4686 4687
f 4687 4686 4688
f 4687 4688 4689
f 4690 4691 4692
f 4690 4692 4693
f 4693 4692 4694
f 4693 4694 4695
f 4695 4694 4696
f 4695 4696 4697
f 4697 4696 4681
f 4697 4681 4680
f 4682 4681 4698
f 4682 4698 4699
f 4684 4682 4699
f 4684 4699 4700
f 4686 4684 4700
f 4686 4700 4701
f 4688 4686 4701
f 4688 4701 4702
f 4692 4691 4703
f 4692 4703 4704
f 4694 4692 4704
f 4694 4704 4705
f 4696 4694 4705
f 4696 4705 4706
f 4681 4696 4706
f 4681 4706 4698
f 4707 4708 4709
f 4707 4709 4710
f 4708 4711 4712
f 4708 4712 4709
f 4711 4713 4714
f 4711 4714 4712
f 4713 4715 4716
f 4713 4716 4714
f 4717 4718 4719
f 4717 4719 4720
f 4718 4721 4722
f 4718 4722 4719
f 4721 4723 4724
f 4721 4724 4722
f 4723 4707 4710
f 4723 4710 4724
f 4725 4726 4727
f 4725 4727 4728
f 4726 4729 4730
f 4726 4730 4727
f 4729 4731 4732
f 4729 4732 4730
f 4731 4733 4734
f 4731 4734 4732
f 4735 4736 4737
f 4735 4737 4738
f 4736 4739 4740
f 4736 4740 4737
f 4739 4741 4742
f 4739 4742 4740
f 4741 4725 4728
f 4741 4728 4742
f 4743 4744 4726
f 4743 4726 4725
f 4744 4745 4729
f 4744 4729 4726
f 4745 4746 4731
f 4745 4731 4729
f 4746 4747 4733
f 4746 4733 4731
f 4748 4749 4736
f 4748 4736 4735
f 4749 4750 4739
f 4749 4739 4736
f 4750 4751 4741
f 4750 4741 4739
f 4751 4743 4725
f 4751 4725 4741
f 4710 4709 4744
f 4710 4744 4743
f 4709 4712 4745
f 4709 4745 4744
f 4712 4714 4746
f 4712 4746 4745
f 4714 4716 4747
f 4714 4747 4746
f 4720 4719 4749
f 4720 4749 4748
f 4719 4722 4750
f 4719 4750 4749
f 4722 4724 4751
f 4722 4751 4750
f 4724 4710 4743
f 4724 4743 4751
f 4707 4752 4753
f 4707 4753 4708
f 4708 4753 4754
f 4708 4754 4711
f 4711 4754 4755
f 4711 4755 4713
f 4713 4755 4756
f 4713 4756 4715
f 4717 4757 4758
f 4717 4758 4718
f 4718 4758 4759
f 4718 4759 4721
f 4721 4759 4760
f 4721 4760 4723
f 4723 4760 4752
f 4723 4752 4707
f 4761 4762 4763
f 4761 4763 4764
f 4764 4763 4765
f 4764 4765 4766
f 4766 4765 4767
f 4766 4767 4768
f 4768 4767 4769
f 4768 4769 4770
f 4771 4772 4773
f 4771 4773 4774
f 4774 4773 4775
f 4774 4775 4776
f 4776 4775 4777
f 4776 4777 4778
f 4778 4777 4762
f 4778 4762 4761
f 4779 4761 4764
f 4779 4764 4780
f 4780 4764 4766
f 4780 4766 4781
f 4781 4766 4768
f 4781 4768 4782
f 4782 4768 4770
f 4782 4770 4783
f 4784 4771 4774
f 4784 4774 4785
f 4785 4774 4776
f 4785 4776 4786
f 4786 4776 4778
f 4786 4778 4787
f 4787 4778 4761
f 4787 4761 4779
f 4752 4779 4780
f 4752 4780 4753
f 4753 4780 4781
f 4753 4781 4754
f 4754 4781 4782
f 4754 4782 4755
f 4755 4782 4783
f 4755 4783 4756
f 4757 4784 4785
f 4757 4785 4758
f 4758 4785 4786
f 4758 4786 4759
f 4759 4786 4787
f 4759 4787 4760
f 4760 4787 4779
f 4760 4779 4752
f 4788 4789 4790
f 4788 4790 4791
f 4789 4792 4793
f 4789 4793 4790
f 4792 4794 4795
f 4792 4795 4793
f 4794 4796 4797
f 4794 4797 4795
f 4798 4799 4800
f 4798 4800 4801
f 4799 4802 4803
f 4799 4803 4800
f 4802 4804 4805
f 4802 4805 4803
f 4804 4788 4791
f 4804 4791 4805
f 4806 4807 4808
f 4806 4808 4809
f 4807 4810 4811
f 4807 4811 4808
f 4810 4812 4813
f 4810 4813 4811
f 4812 4814 4815
f 4812 4815 4813
f 4816 4817 4818
f 4816 4818 4819
f 4817 4820 4821
f 4817 4821 4818
f 4820 4822 4823
f 4820 4823 4821
f 4822 4806 4809
f 4822 4809 4823
f 4824 4825 4807
f 4824 4807 4806
f 4825 4826 4810
f 4825 4810 4807
f 4826 4827 4812
f 4826 4812 4810
f 4827 4828 4814
f 4827 4814 4812
f 4829 4830 4817
f 4829 4817 4816
f 4830 4831 4820
f 4830 4820 4817
f 4831 4832 4822
f 4831 4822 4820
f 4832 4824 4806
f 4832 4806 4822
f 4791 4790 4825
f 4791 4825 4824
f 4790 4793 4826
f 4790 4826 4825
f 4793 4795 4827
f 4793 4827 4826
f 4795 4797 4828
f 4795 4828 4827
f 4801 4800 4830
f 4801 4830 4829
f 4800 4803 4831
f 4800 4831 4830
f 4803 4805 4832
f 4803 4832 4831
f 4805 4791 4824
f 4805 4824 4832
f 4788 4833 4834
f 4788 4834 4789
f 4789 4834 4835
f 4789 4835 4792
f 4792 4835 4836
f 4792 4836 4794
f 4794 4836 4837
f 4794 4837 4796
f 4798 4838 4839
f 4798 4839 4799
f 4799 4839 4840
f 4799 4840 4802
f 4802 4840 4841
f 4802 4841 4804
f 4804 4841 4833
f 4804 4833 4788
f 4842 4843 4844
f 4842 4844 4845
f 4845 4844 4846
f 4845 4846 4847
f 4847 4846 4848
f 4847 4848 4849
f 4849 4848 4850
f 4849 4850 4851
f 4852 4853 4854
f 4852 4854 4855
f 4855 4854 4856
f 4855 4856 4857
f 4857 4856 4858
f 4857 4858 4859
f 4859 4858 4843
f 4859 4843 4842
f 4860 4842 4845
f 4860 4845 4861
f 4861 4845 4847
f 4861 4847 4862
f 4862 4847 4849
f 4862 4849 4863
f 4863 4849 4851
f 4863 4851 4864
f 4865 4852 4855
f 4865 4855 4866
f 4866 4855 4857
f 4866 4857 4867
f 4867 4857 4859
f 4867 4859 4868
f 4868 4859 4842
f 4868 4842 4860
f 4833 4860 4861
f 4833 4861 4834
f 4834 4861 4862
f 4834 4862 4835
f 4835 4862 4863
f 4835 4863 4836
f 4836 4863 4864
f 4836 4864 4837
f 4838 4865 4866
f 4838 4866 4839
f 4839 4866 4867
f 4839 4867 4840
f 4840 4867 4868
f 4840 4868 4841
f 4841 4868 4860
f 4841 4860 4833
f 4869 4870 4871
f 4869 4871 4872
f 4870 4873 4874
f 4870 4874 4871
f 4873 4875 4876
f 4873 4876 4874
f 4875 4877 4878
f 4875 4878 4876
f 4879 4880 4881
f 4879 4881 4882
f 4880 4883 4884
f 4880 4884 4881
f 4883 4885 4886
f 4883 4886 4884
f 4885 4869 4872
f 4885 4872 4886
f 4887 4888 4889
f 4887 4889 4890
f 4888 4891 4892
f 4888 4892 4889
f 4891 4893 4894
f 4891 4894 4892
f 4893 4895 4896
f 4893 4896 4894
f 4897 4898 4899
f 4897 4899 4900
f 4898 4901 4902
f 4898 4902 4899
f 4901 4903 4904
f 4901 4904 4902
f 4903 4887 4890
f 4903 4890 4904
f 4905 4906 4888
f 4905 4888 4887
f 4906 4907 4891
f 4906 4891 4888
f 4907 4908 4893
f 4907 4893 4891
f 4908 4909 4895
f 4908 4895 4893
f 4910 4911 4898
f 4910 4898 4897
f 4911 4912 4901
f 4911 4901 4898
f 4912 4913 4903
f 4912 4903 4901
f 4913 4905 4887
f 4913 4887 4903
f 4872 4871 4906
f 4872 4906 4905
f 4871 4874 4907
f 4871 4907 4906
f 4874 4876 4908
f 4874 4908 4907
f 4876 4878 4909
f 4876 4909 4908
f 4882 4881 4911
f 4882 4911 4910
f 4881 4884 4912
f 4881 4912 4911
f 4884 4886 4913
f 4884 4913 4912
f 4886 4872 4905
f 4886 4905 4913
f 4869 4914 4915
f 4869 4915 4870
f 4870 4915 4916
f 4870 4916 4873
f 4873 4916 4917
f 4873 4917 4875
f 4875 4917 4918
f 4875 4918 4877
f 4879 4919 4920
f 4879 4920 4880
f 4880 4920 4921
f 4880 4921 4883
f 4883 4921 4922
f 4883 4922 4885
f 4885 4922 4914
f 4885 4914 4869
f 4923 4924 4925
f 4923 4925 4926
f 4926 4925 4927
f 4926 4927 4928
f 4928 4927 4929
f 4928 4929 4930
f 4930 4929 4931
f 4930 4931 4932
f 4933 4934 4935
f 4933 4935 4936
f 4936 4935 4937
f 4936 4937 4938
f 4938 4937 4939
f 4938 4939 4940
f 4940 4939 4924
f 4940 4924 4923
f 4941 4923 4926
f 4941 4926 4942
f 4942 4926 4928
f 4942 4928 4943
f 4943 4928 4930
f 4943 4930 4944
f 4944 4930 4932
f 4944 4932 4945
f 4946 4933 4936
f 4946 4936 4947
f 4947 4936 4938
f 4947 4938 4948
f 4948 4938 4940
f 4948 4940 4949
f 4949 4940 4923
f 4949 4923 4941
f 4914 4941 4942
f 4914 4942 4915
f 4915 4942 4943
f 4915 4943 4916
f 4916 4943 4944
f 4916 4944 4917
f 4917 4944 4945
f 4917 4945 4918
f 4919 4946 4947
f 4919 4947 4920
f 4920 4947 4948
f 4920 4948 4921
f 4921 4948 4949
f 4921 4949 4922
f 4922 4949 4941
f 4922 4941 4914
f 4950 4951 4952
f 4950 4952 4953
f 4951 4954 4955
f 4951 4955 4952
f 4954 4956 4957
f 4954 4957 4955
f 4956 4958 4959
f 4956 4959 4957
f 4960 4961 4962
f 4960 4962 4963
f 4961 4964 4965
f 4961 4965 4962
f 4964 4966 4967
f 4964 4967 4965
f 4966 4950 4953
f 4966 4953 4967
f 4968 4969 4970
f 4968 4970 4971
f 4969 4972 4973
f 4969 4973 4970
f 4972 4974 4975
f 4972 4975 4973
f 4974 4976 4977
f 4974 4977 4975
f 4978 4979 4980
f 4978 4980 4981
f 4979 4982 4983
f 4979 4983 4980
f 4982 4984 4985
f 4982 4985 4983
f 4984 4968 4971
f 4984 4971 4985
f 4986 4987 4969
f 4986 4969 4968
f 4987 4988 4972
f 4987 4972 4969
f 4988 4989 4974
f 4988 4974 4972
f 4989 4990 4976
f 4989 4976 4974
f 4991 4992 4979
f 4991 4979 4978
f 4992 4993 4982
f 4992 4982 4979
f 4993 4994 4984
f 4993 4984 4982
f 4994 4986 4968
f 4994 4968 4984
f 4953 4952 4987
f 4953 4987 4986
f 4952 4955 4988
f 4952 4988 4987
f 4955 4957 4989
f 4955 4989 4988
f 4957 4959 4990
f 4957 4990 4989
f 4963 4962 4992
f 4963 4992 4991
f 4962 4965 4993
f 4962 4993 4992
f 4965 4967 4994
f 4965 4994 4993
f 4967 4953 4986
f 4967 4986 4994
f 4950 4995 4996
f 4950 4996 4951
f 4951 4996 4997
f 4951 4997 4954
f 4954 4997 4998
f 4954 4998 4956
f 4956 4998 4999
f 4956 4999 4958
f 4960 5000 5001
f 4960 5001 4961
f 4961 5001 5002
f 4961 5002 4964
f 4964 5002 5003
f 4964 5003 4966
f 4966 5003 4995
f 4966 4995 4950
f 5004 5005 5006
f 5004 5006 5007
f 5007 5006 5008
f 5007 5008 5009
f 5009 5008 5010
f 5009 5010 5011
f 5011 5010 5012
f 5011 5012 5013
f 5014 5015 5016
f 5014 5016 5017
f 5017 5016 5018
f 5017 5018 5019
f 5019 5018 5020
f 5019 5020 5021
f 5021 5020 5005
f 5021 5005 5004
f 5022 5004 5007
f 5022 5007 5023
f 5023 5007 5009
f 5023 5009 5024
f 5024 5009 5011
f 5024 5011 5025
f 5025 5011 5013
f 5025 5013 5026
f 5027 5014 5017
f 5027 5017 5028
f 5028 5017 5019
f 5028 5019 5029
f 5029 5019 5021
f 5029 5021 5030
f 5030 5021 5004
f 5030 5004 5022
f 4995 5022 5023
f 4995 5023 4996
f 4996 5023 5024
f 4996 5024 4997
f 4997 5024 5025
f 4997 5025 4998
f 4998 5025 5026
f 4998 5026 4999
f 5000 5027 5028
f 5000 5028 5001
f 5001 5028 5029
f 5001 5029 5002
f 5002 5029 5030
f 5002 5030 5003
f 5003 5030 5022
f 5003 5022 4995
f 5031 5032 5033
f 5031 5033 5034
f 5032 5035 5036
f 5032 5036 5033
f 5035 5037 5038
f 5035 5038 5036
f 5037 5039 5040
f 5037 5040 5038
f 5041 5042 5043
f 5041 5043 5044
f 5042 5045 5046
f 5042 5046 5043
f 5045 5047 5048
f 5045 5048 5046
f 5047 5031 5034
f 5047 5034 5048
f 5049 5050 5051
f 5049 5051 5052
f 5050 5053 5054
f 5050 5054 5051
f 5053 5055 5056
f 5053 5056 5054
f 5055 5057 5058
f 5055 5058 5056
f 5059 5060 5061
f 5059 5061 5062
f 5060 5063 5064
f 5060 5064 5061
f 5063 5065 5066
f 5063 5066 5064
f 5065 5049 5052
f 5065 5052 5066
f 5067 5068 5050
f 5067 5050 5049
f 5068 5069 5053
f 5068 5053 5050
f 5069 5070 5055
f 5069 5055 5053
f 5070 5071 5057
f 5070 5057 5055
f 5072 5073 5060
f 5072 5060 5059
f 5073 5074 5063
f 5073 5063 5060
f 5074 5075 5065
f 5074 5065 5063
f 5075 5067 5049
f 5075 5049 5065
f 5034 5033 5068
f 5034 5068 5067
f 5033 5036 5069
f 5033 5069 5068
f 5036 5038 5070
f 5036 5070 5069
f 5038 5040 5071
f 5038 5071 5070
f 5044 5043 5073
f 5044 5073 5072
f 5043 5046 5074
f 5043 5074 5073
f 5046 5048 5075
f 5046 5075 5074
f 5048 5034 5067
f 5048 5067 5075
f 5031 5076 5077
f 5031 5077 5032
f 5032 5077 5078
f 5032 5078 5035
f 5035 5078 5079
f 5035 5079 5037
f 5037 5079 5080
f 5037 5080 5039
f 5041 5081 5082
f 5041 5082 5042
f 5042 5082 5083
f 5042 5083 5045
f 5045 5083 5084
f 5045 5084 5047
f 5047 5084 5076
f 5047 5076 5031
f 5085 5086 5087
f 5085 5087 5088
f 5088 5087 5089
f 5088 5089 5090
f 5090 5089 5091
f 5090 5091 5092
f 5092 5091 5093
f 5092 5093 5094
f 5095 5096 5097
f 5095 5097 5098
f 5098 5097 5099
f 5098 5099 5100
f 5100 5099 5101
f 5100 5101 5102
f 5102 5101 5086
f 5102 5086 5085
f 5103 5085 5088
f 5103 5088 5104
f 5104 5088 5090
f 5104 5090 5105
f 5105 5090 5092
f 5105 5092 5106
f 5106 5092 5094
f 5106 5094 5107
f 5108 5095 5098
f 5108 5098 5109
f 5109 5098 5100
f 5109 5100 5110
f 5110 5100 5102
f 5110 5102 5111
f 5111 5102 5085
f 5111 5085 5103
f 5076 5103 5104
f 5076 5104 5077
f 5077 5104 5105
f 5077 5105 5078
f 5078 5105 5106
f 5078 5106 5079
f 5079 5106 5107
f 5079 5107 5080
f 5081 5108 5109
f 5081 5109 5082
f 5082 5109 5110
f 5082 5110 5083
f 5083 5110 5111
f 5083 5111 5084
f 5084 5111 5103
f 5084 5103 5076
f 5112 5113 5114
f 5112 5114 5115
f 5113 5116 5117
f 5113 5117 5114
f 5116 5118 5119
f 5116 5119 5117
f 5118 5120 5121
f 5118 5121 5119
f 5122 5123 5124
f 5122 5124 5125
f 5123 5126 5127
f 5123 5127 5124
f 5126 5128 5129
f 5126 5129 5127
f 5128 5112 5115
f 5128 5115 5129
f 5130 5131 5132
f 5130 5132 5133
f 5131 5134 5135
f 5131 5135 5132
f 5134 5136 5137
f 5134 5137 5135
f 5136 5138 5139
f 5136 5139 5137
f 5140 5141 5142
f 5140 5142 5143
f 5141 5144 5145
f 5141 5145 5142
f 5144 5146 5147
f 5144 5147 5145
f 5146 5130 5133
f 5146 5133 5147
f 5148 5149 5131
f 5148 5131 5130
f 5149 5150 5134
f 5149 5134 5131
f 5150 5151 5136
f 5150 5136 5134
f 5151 5152 5138
f 5151 5138 5136
f 5153 5154 5141
f 5153 5141 5140
f 5154 5155 5144
f 5154 5144 5141
f 5155 5156 5146
f 5155 5146 5144
f 5156 5148 5130
f 5156 5130 5146
f 5115 5114 5149
f 5115 5149 5148
f 5114 5117 5150
f 5114 5150 5149
f 5117 5119 5151
f 5117 5151 5150
f 5119 5121 5152
f 5119 5152 5151
f 5125 5124 5154
f 5125 5154 5153
f 5124 5127 5155
f 5124 5155 5154
f 5127 5129 5156
f 5127 5156 5155
f 5129 5115 5148
f 5129 5148 5156
f 5112 5157 5158
f 5112 5158 5113
f 5113 5158 5159
f 5113 5159 5116
f 5116 5159 5160
f 5116 5160 5118
f 5118 5160 5161
f 5118 5161 5120
f 5122 5162 5163
f 5122 5163 5123
f 5123 5163 5164
f 5123 5164 5126
f 5126 5164 5165
f 5126 5165 5128
f 5128 5165 5157
f 5128 5157 5112
f 5166 5167 5168
f 5166 5168 5169
f 5169 5168 5170
f 5169 5170 5171
f 5171 5170 5172
f 5171 5172 5173
f 5173 5172 5174
f 5173 5174 5175
f 5176 5177 5178
f 5176 5178 5179
f 5179 5178 5180
f 5179 5180 5181
f 5181 5180 5182
f 5181 5182 5183
f 5183 5182 5167
f 5183 5167 5166
f 5184 5166 5169
f 5184 5169 5185
f 5185 5169 5171
f 5185 5171 5186
f 5186 5171 5173
f 5186 5173 5187
f 5187 5173 5175
f 5187 5175 5188
f 5189 5176 5179
f 5189 5179 5190
f 5190 5179 5181
f 5190 5181 5191
f 5191 5181 5183
f 5191 5183 5192
f 5192 5183 5166
f 5192 5166 5184
f 5157 5184 5185
f 5157 5185 5158
f 5158 5185 5186
f 5158 5186 5159
f 5159 5186 5187
f 5159 5187 5160
f 5160 5187 5188
f 5160 5188 5161
f 5162 5189 5190
f 5162 5190 5163
f 5163 5190 5191
f 5163 5191 5164
f 5164 5191 5192
f 5164 5192 5165
f 5165 5192 5184
f 5165 5184 5157
f 5193 5194 5195
f 5193 5195 5196
f 5194 5197 5198
f 5194 5198 5195
f 5197 5199 5200
f 5197 5200 5198
f 5199 5201 5202
f 5199 5202 5200
f 5203 5204 5205
f 5203 5205 5206
f 5204 5207 5208
f 5204 5208 5205
f 5207 5209 5210
f 5207 5210 5208
f 5209 5193 5196
f 5209 5196 5210
f 5211 5212 5213
f 5211 5213 5214
f 5212 5215 5216
f 5212 5216 5213
f 5215 5217 5218
f 5215 5218 5216
f 5217 5219 5220
f 5217 5220 5218
f 5221 5222 5223
f 5221 5223 5224
f 5222 5225 5226
f 5222 5226 5223
f 5225 5227 5228
f 5225 5228 5226
f 5227 5211 5214
f 5227 5214 5228
f 5229 5230 5212
f 5229 5212 5211
f 5230 5231 5215
f 5230 5215 5212
f 5231 5232 5217
f 5231 5217 5215
f 5232 5233 5219
f 5232 5219 5217
f 5234 5235 5222
f 5234 5222 5221
f 5235 5236 5225
f 5235 5225 5222
f 5236 5237 5227
f 5236 5227 5225
f 5237 5229 5211
f 5237 5211 5227
f 5196 5195 5230
f 5196 5230 5229
f 5195 5198 5231
f 5195 5231 5230
f 5198 5200 5232
f 5198 5232 5231
f 5200 5202 5233
f 5200 5233 5232
f 5206 5205 5235
f 5206 5235 5234
f 5205 5208 5236
f 5205 5236 5235
f 5208 5210 5237
f 5208 5237 5236
f 5210 5196 5229
f 5210 5229 5237
f 5193 5238 5239
f 5193 5239 5194
f 5194 5239 5240
f 5194 5240 5197
f 5197 5240 5241
f 5197 5241 5199
f 5199 5241 5242
f 5199 5242 5201
f 5203 5243 5244
f 5203 5244 5204
f 5204 5244 5245
f 5204 5245 5207
f 5207 5245 5246
f 5207 5246 5209
f 5209 5246 5238
f 5209 5238 5193
f 5247 5248 5249
f 5247 5249 5250
f 5250 5249 5251
f 5250 5251 5252
f 5252 5251 5253
f 5252 5253 5254
f 5254 5253 5255
f 5254 5255 5256
f 5257 5258 5259
f 5257 5259 5260
f 5260 5259 5261
f 5260 5261 5262
f 5262 5261 5263
f 5262 5263 5264
f 5264 5263 5248
f 5264 5248 5247
f 5265 5247 5250
f 5265 5250 5266
f 5266 5250 5252
f 5266 5252 5267
f 5267 5252 5254
f 5267 5254 5268
f 5268 5254 5256
f 5268 5256 5269
f 5270 5257 5260
f 5270 5260 5271
f 5271 5260 5262
f 5271 5262 5272
f 5272 5262 5264
f 5272 5264 5273
f 5273 5264 5247
f 5273 5247 5265
f 5238 5265 5266
f 5238 5266 5239
f 5239 5266 5267
f 5239 5267 5240
f 5240 5267 5268
f 5240 5268 5241
f 5241 5268 5269
f 5241 5269 5242
f 5243 5270 5271
f 5243 5271 5244
f 5244 5271 5272
f 5244 5272 5245
f 5245 5272 5273
f 5245 5273 5246
f 5246 5273 5265
f 5246 5265 5238
f 5274 5275 5276
f 5274 5276 5277
f 5275 5278 5279
f 5275 5279 5276
f 5278 5280 5281
f 5278 5281 5279
f 5280 5282 5283
f 5280 5283 5281
f 5284 5285 5286
f 5284 5286 5287
f 5285 5288 5289
f 5285 5289 5286
f 5288 5290 5291
f 5288 5291 5289
f 5290 5274 5277
f 5290 5277 5291
f 5292 5293 5294
f 5292 5294 5295
f 5293 5296 5297
f 5293 5297 5294
f 5296 5298 5299
f 5296 5299 5297
f 5298 5300 5301
f 5298 5301 5299
f 5302 5303 5304
f 5302 5304 5305
f 5303 5306 5307
f 5303 5307 5304
f 5306 5308 5309
f 5306 5309 5307
f 5308 5292 5295
f 5308 5295 5309
f 5310 5311 5293
f 5310 5293 5292
f 5311 5312 5296
f 5311 5296 5293
f 5312 5313 5298
f 5312 5298 5296
f 5313 5314 5300
f 5313 5300 5298
f 5315 5316 5303
f 5315 5303 5302
f 5316 5317 5306
f 5316 5306 5303
f 5317 5318 5308
f 5317 5308 5306
f 5318 5310 5292
f 5318 5292 5308
f 5277 5276 5311
f 5277 5311 5310
f 5276 5279 5312
f 5276 5312 5311
f 5279 5281 5313
f 5279 5313 5312
f 5281 5283 5314
f 5281 5314 5313
f 5287 5286 5316
f 5287 5316 5315
f 5286 5289 5317
f 5286 5317 5316
f 5289 5291 5318
f 5289 5318 5317
f 5291 5277 5310
f 5291 5310 5318
f 5274 5319 5320
f 5274 5320 5275
f 5275 5320 5321
f 5275 5321 5278
f 5278 5321 5322
f 5278 5322 5280
f 5280 5322 5323
f 5280 5323 5282
f 5284 5324 5325
f 5284 5325 5285
f 5285 5325 5326
f 5285 5326 5288
f 5288 5326 5327
f 5288 5327 5290
f 5290 5327 5319
f 5290 5319 5274
f 5328 5329 5330
f 5328 5330 5331
f 5331 5330 5332
f 5331 5332 5333
f 5333 5332 5334
f 5333 5334 5335
f 5335 5334 5336
f 5335 5336 5337
f 5338 5339 5340
f 5338 5340 5341
f 5341 5340 5342
f 5341 5342 5343
f 5343 5342 5344
f 5343 5344 5345
f 5345 5344 5329
f 5345 5329 5328
f 5346 5328 5331
f 5346 5331 5347
f 5347 5331 5333
f 5347 5333 5348
f 5348 5333 5335
f 5348 5335 5349
f 5349 5335 5337
f 5349 5337 5350
f 5351 5338 5341
f 5351 5341 5352
f 5352 5341 5343
f 5352 5343 5353
f 5353 5343 5345
f 5353 5345 5354
f 5354 5345 5328
f 5354 5328 5346
f 5319 5346 5347
f 5319 5347 5320
f 5320 5347 5348
f 5320 5348 5321
f 5321 5348 5349
f 5321 5349 5322
f 5322 5349 5350
f 5322 5350 5323
f 5324 5351 5352
f 5324 5352 5325
f 5325 5352 5353
f 5325 5353 5326
f 5326 5353 5354
f 5326 5354 5327
f 5327 5354 5346
f 5327 5346 5319
f 5355 5356 5357
f 5355 5357 5358
f 5356 5359 5360
f 5356 5360 5357
f 5359 5361 5362
f 5359 5362 5360
f 5361 5363 5364
f 5361 5364 5362
f 5365 5366 5367
f 5365 5367 5368
f 5366 5369 5370
f 5366 5370 5367
f 5369 5371 5372
f 5369 5372 5370
f 5371 5355 5358
f 5371 5358 5372
f 5373 5374 5375
f 5373 5375 5376
f 5374 5377 5378
f 5374 5378 5375
f 5377 5379 5380
f 5377 5380 5378
f 5379 5381 5382
f 5379 5382 5380
f 5383 5384 5385
f 5383 5385 5386
f 5384 5387 5388
f 5384 5388 5385
f 5387 5389 5390
f 5387 5390 5388
f 5389 5373 5376
f 5389 5376 5390
f 5391 5392 5374
f 5391 5374 5373
f 5392 5393 5377
f 5392 5377 5374
f 5393 5394 5379
f 5393 5379 5377
f 5394 5395 5381
f 5394 5381 5379
f 5396 5397 5384
f 5396 5384 5383
f 5397 5398 5387
f 5397 5387 5384
f 5398 5399 5389
f 5398 5389 5387
f 5399 5391 5373
f 5399 5373 5389
f 5358 5357 5392
f 5358 5392 5391
f 5357 5360 5393
f 5357 5393 5392
f 5360 5362 5394
f 5360 5394 5393
f 5362 5364 5395
f 5362 5395 5394
f 5368 5367 5397
f 5368 5397 5396
f 5367 5370 5398
f 5367 5398 5397
f 5370 5372 5399
f 5370 5399 5398
f 5372 5358 5391
f 5372 5391 5399
f 5355 5400 5401
f 5355 5401 5356
f 5356 5401 5402
f 5356 5402 5359
f 5359 5402 5403
f 5359 5403 5361
f 5361 5403 5404
f 5361 5404 5363
f 5365 5405 5406
f 5365 5406 5366
f 5366 5406 5407
f 5366 5407 5369
f 5369 5407 5408
f 5369 5408 5371
f 5371 5408 5400
f 5371 5400 5355
f 5409 5410 5411
f 5409 5411 5412
f 5412 5411 5413
f 5412 5413 5414
f 5414 5413 5415
f 5414 5415 5416
f 5416 5415 5417
f 5416 5417 5418
f 5419 5420 5421
f 5419 5421 5422
f 5422 5421 5423
f 5422 5423 5424
f 5424 5423 5425
f 5424 5425 5426
f 5426 5425 5410
f 5426 5410 5409
f 5427 5409 5412
f 5427 5412 5428
f 5428 5412 5414
f 5428 5414 5429
f 5429 5414 5416
f 5429 5416 5430
f 5430 5416 5418
f 5430 5418 5431
f 5432 5419 5422
f 5432 5422 5433
f 5433 5422 5424
f 5433 5424 5434
f 5434 5424 5426
f 5434 5426 5435
f 5435 5426 5409
f 5435 5409 5427
f 5400 5427 5428
f 5400 5428 5401
f 5401 5428 5429
f 5401 5429 5402
f 5402 5429 5430
f 5402 5430 5403
f 5403 5430 5431
f 5403 5431 5404
f 5405 5432 5433
f 5405 5433 5406
f 5406 5433 5434
f 5406 5434 5407
f 5407 5434 5435
f 5407 5435 5408
f 5408 5435 5427
f 5408 5427 5400
f 5436 5437 5438
f 5436 5438 5439
f 5437 5440 5441
f 5437 5441 5438
f 5440 5442 5443
f 5440 5443 5441
f 5442 5444 5445
f 5442 5445 5443
f 5446 5447 5448
f 5446 5448 5449
f 5447 5450 5451
f 5447 5451 5448
f 5450 5452 5453
f 5450 5453 5451
f 5452 5436 5439
f 5452 5439 5453
f 5454 5455 5456
f 5454 5456 5457
f 5455 5458 5459
f 5455 5459 5456
f 5458 5460 5461
f 5458 5461 5459
f 5460 5462 5463
f 5460 5463 5461
f 5464 5465 5466
f 5464 5466 5467
f 5465 5468 5469
f 5465 5469 5466
f 5468 5470 5471
f 5468 5471 5469
f 5470 5454 5457
f 5470 5457 5471
f 5472 5473 5455
f 5472 5455 5454
f 5473 5474 5458
f 5473 5458 5455
f 5474 5475 5460
f 5474 5460 5458
f 5475 5476 5462
f 5475 5462 5460
f 5477 5478 5465
f 5477 5465 5464
f 5478 5479 5468
f 5478 5468 5465
f 5479 5480 5470
f 5479 5470 5468
f 5480 5472 5454
f 5480 5454 5470
f 5439 5438 5473
f 5439 5473 5472
f 5438 5441 5474
f 5438 5474 5473
f 5441 5443 5475
f 5441 5475 5474
f 5443 5445 5476
f 5443 5476 5475
f 5449 5448 5478
f 5449 5478 5477
f 5448 5451 5479
f 5448 5479 5478
f 5451 5453 5480
f 5451 5480 5479
f 5453 5439 5472
f 5453 5472 5480
f 5436 5481 5482
f 5436 5482 5437
f 5437 5482 5483
f 5437 5483 5440
f 5440 5483 5484
f 5440 5484 5442
f 5442 5484 5485
f 5442 5485 5444
f 5446 5486 5487
f 5446 5487 5447
f 5447 5487 5488
f 5447 5488 5450
f 5450 5488 5489
f 5450 5489 5452
f 5452 5489 5481
f 5452 5481 5436
f 5490 5491 5492
f 5490 5492 5493
f 5493 5492 5494
f 5493 5494 5495
f 5495 5494 5496
f 5495 5496 5497
f 5497 5496 5498
f 5497 5498 5499
f 5500 5501 5502
f 5500 5502 5503
f 5503 5502 5504
f 5503 5504 5505
f 5505 5504 5506
f 5505 5506 5507
f 5507 5506 5491
f 5507 5491 5490
f 5508 5490 5493
f 5508 5493 5509
f 5509 5493 5495
f 5509 5495 5510
f 5510 5495 5497
f 5510 5497 5511
f 5511 5497 5499
f 5511 5499 5512
f 5513 5500 5503
f 5513 5503 5514
f 5514 5503 5505
f 5514 5505 5515
f 5515 5505 5507
f 5515 5507 5516
f 5516 5507 5490
f 5516 5490 5508
f 5481 5508 5509
f 5481 5509 5482
f 5482 5509 5510
f 5482 5510 5483
f 5483 5510 5511
f 5483 5511 5484
f 5484 5511 5512
f 5484 5512 5485
f 5486 5513 5514
f 5486 5514 5487
f 5487 5514 5515
f 5487 5515 5488
f 5488 5515 5516
f 5488 5516 5489
f 5489 5516 5508
f 5489 5508 5481
f 5517 5518 5519
f 5517 5519 5520
f 5518 5521 5522
f 5518 5522 5519
f 5521 5523 5524
f 5521 5524 5522
f 5523 5525 5526
f 5523 5526 5524
f 5527 5528 5529
f 5527 5529 5530
f 5528 5531 5532
f 5528 5532 5529
f 5531 5533 5534
f 5531 5534 5532
f 5533 5517 5520
f 5533 5520 5534
f 5535 5536 5537
f 5535 5537 5538
f 5536 5539 5540
f 5536 5540 5537
f 5539 5541 5542
f 5539 5542 5540
f 5541 5543 5544
f 5541 5544 5542
f 5545 5546 5547
f 5545 5547 5548
f 5546 5549 5550
f 5546 5550 5547
f 5549 5551 5552
f 5549 5552 5550
f 5551 5535 5538
f 5551 5538 5552
f 5553 5554 5536
f 5553 5536 5535
f 5554 5555 5539
f 5554 5539 5536
f 5555 5556 5541
f 5555 5541 5539
f 5556 5557 5543
f 5556 5543 5541
f 5558 5559 5546
f 5558 5546 5545
f 5559 5560 5549
f 5559 5549 5546
f 5560 5561 5551
f 5560 5551 5549
f 5561 5553 5535
f 5561 5535 5551
f 5520 5519 5554
f 5520 5554 5553
f 5519 5522 5555
f 5519 5555 5554
f 5522 5524 5556
f 5522 5556 5555
f 5524 5526 5557
f 5524 5557 5556
f 5530 5529 5559
f 5530 5559 5558
f 5529 5532 5560
f 5529 5560 5559
f 5532 5534 5561
f 5532 5561 5560
f 5534 5520 5553
f 5534 5553 5561
f 5517 5562 5563
f 5517 5563 5518
f 5518 5563 5564
f 5518 5564 5521
f 5521 5564 5565
f 5521 5565 5523
f 5523 5565 5566
f 5523 5566 5525
f 5527 5567 5568
f 5527 5568 5528
f 5528 5568 5569
f 5528 5569 5531
f 5531 5569 5570
f 5531 5570 5533
f 5533 5570 5562
f 5533 5562 5517
f 5571 5572 5573
f 5571 5573 5574
f 5574 5573 5575
f 5574 5575 5576
f 5576 5575 5577
f 5576 5577 5578
f 5578 5577 5579
f 5578 5579 5580
f 5581 5582 5583
f 5581 5583 5584
f 5584 5583 5585
f 5584 5585 5586
f 5586 5585 5587
f 5586 5587 5588
f 5588 5587 5572
f 5588 5572 5571
f 5589 5571 5574
f 5589 5574 5590
f 5590 5574 5576
f 5590 5576 5591
f 5591 5576 5578
f 5591 5578 5592
f 5592 5578 5580
f 5592 5580 5593
f 5594 5581 5584
f 5594 5584 5595
f 5595 5584 5586
f 5595 5586 5596
f 5596 5586 5588
f 5596 5588 5597
f 5597 5588 5571
f 5597 5571 5589
f 5562 5589 5590
f 5562 5590 5563
f 5563 5590 5591
f 5563 5591 5564
f 5564 5591 5592
f 5564 5592 5565
f 5565 5592 5593
f 5565 5593 5566
f 5567 5594 5595
f 5567 5595 5568
f 5568 5595 5596
f 5568 5596 5569
f 5569 5596 5597
f 5569 5597 5570
f 5570 5597 5589
f 5570 5589 5562
f 5598 5599 5600
f 5598 5600 5601
f 5599 5602 5603
f 5599 5603 5600
f 5602 5604 5605
f 5602 5605 5603
f 5604 5606 5607
f 5604 5607 5605
f 5608 5609 5610
f 5608 5610 5611
f 5609 5612 5613
f 5609 5613 5610
f 5612 5614 5615
f 5612 5615 5613
f 5614 5598 5601
f 5614 5601 5615
f 5616 5617 5618
f 5616 5618 5619
f 5617 5620 5621
f 5617 5621 5618
f 5620 5622 5623
f 5620 5623 5621
f 5622 5624 5625
f 5622 5625 5623
f 5626 5627 5628
f 5626 5628 5629
f 5627 5630 5631
f 5627 5631 5628
f 5630 5632 5633
f 5630 5633 5631
f 5632 5616 5619
f 5632 5619 5633
f 5634 5635 5617
f 5634 5617 5616
f 5635 5636 5620
f 5635 5620 5617
f 5636 5637 5622
f 5636 5622 5620
f 5637 5638 5624
f 5637 5624 5622
f 5639 5640 5627
f 5639 5627 5626
f 5640 5641 5630
f 5640 5630 5627
f 5641 5642 5632
f 5641 5632 5630
f 5642 5634 5616
f 5642 5616 5632
f 5601 5600 5635
f 5601 5635 5634
f 5600 5603 5636
f 5600 5636 5635
f 5603 5605 5637
f 5603 5637 5636
f 5605 5607 5638
f 5605 5638 5637
f 5611 5610 5640
f 5611 5640 5639
f 5610 5613 5641
f 5610 5641 5640
f 5613 5615 5642
f 5613 5642 5641
f 5615 5601 5634
f 5615 5634 5642
f 5598 5643 5644
f 5598 5644 5599
f 5599 5644 5645
f 5599 5645 5602
f 5602 5645 5646
f 5602 5646 5604
f 5604 5646 5647
f 5604 5647 5606
f 5608 5648 5649
f 5608 5649 5609
f 5609 5649 5650
f 5609 5650 5612
f 5612 5650 5651
f 5612 5651 5614
f 5614 5651 5643
f 5614 5643 5598
f 5652 5653 5654
f 5652 5654 5655
f 5655 5654 5656
f 5655 5656 5657
f 5657 5656 5658
f 5657 5658 5659
f 5659 5658 5660
f 5659 5660 5661
f 5662 5663 5664
f 5662 5664 5665
f 5665 5664 5666
f 5665 5666 5667
f 5667 5666 5668
f 5667 5668 5669
f 5669 5668 5653
f 5669 5653 5652
f 5670 5652 5655
f 5670 5655 5671
f 5671 5655 5657
f 5671 5657 5672
f 5672 5657 5659
f 5672 5659 5673
f 5673 5659 5661
f 5673 5661 5674
f 5675 5662 5665
f 5675 5665 5676
f 5676 5665 5667
f 5676 5667 5677
f 5677 5667 5669
f 5677 5669 5678
f 5678 5669 5652
f 5678 5652 5670
f 5643 5670 5671
f 5643 5671 5644
f 5644 5671 5672
f 5644 5672 5645
f 5645 5672 5673
f 5645 5673 5646
f 5646 5673 5674
f 5646 5674 5647
f 5648 5675 5676
f 5648 5676 5649
f 5649 5676 5677
f 5649 5677 5650
f 5650 5677 5678
f 5650 5678 5651
f 5651 5678 5670
f 5651 5670 5643
f 5679 5680 5681
f 5679 5681 5682
f 5680 5683 5684
f 5680 5684 5681
f 5683 5685 5686
f 5683 5686 5684
f 5685 5687 5688
f 5685 5688 5686
f 5689 5690 5691
f 5689 5691 5692
f 5690 5693 5694
f 5690 5694 5691
f 5693 5695 5696
f 5693 5696 5694
f 5695 5679 5682
f 5695 5682 5696
f 5697 5698 5699
f 5697 5699 5700
f 5698 5701 5702
f 5698 5702 5699
f 5701 5703 5704
f 5701 5704 5702
f 5703 5705 5706
f 5703 5706 5704
f 5707 5708 5709
f 5707 5709 5710
f 5708 5711 5712
f 5708 5712 5709
f 5711 5713 5714
f 5711 5714 5712
f 5713 5697 5700
f 5713 5700 5714
f 5715 5716 5698
f 5715 5698 5697
f 5716 5717 5701
f 5716 5701 5698
f 5717 5718 5703
f 5717 5703 5701
f 5718 5719 5705
f 5718 5705 5703
f 5720 5721 5708
f 5720 5708 5707
f 5721 5722 5711
f 5721 5711 5708
f 5722 5723 5713
f 5722 5713 5711
f 5723 5715 5697
f 5723 5697 5713
f 5682 5681 5716
f 5682 5716 5715
f 5681 5684 5717
f 5681 5717 5716
f 5684 5686 5718
f 5684 5718 5717
f 5686 5688 5719
f 5686 5719 5718
f 5692 5691 5721
f 5692 5721 5720
f 5691 5694 5722
f 5691 5722 5721
f 5694 5696 5723
f 5694 5723 5722
f 5696 5682 5715
f 5696 5715 5723
f 5679 5724 5725
f 5679 5725 5680
f 5680 5725 5726
f 5680 5726 5683
f 5683 5726 5727
f 5683 5727 5685
f 5685 5727 5728
f 5685 5728 5687
f 5689 5729 5730
f 5689 5730 5690
f 5690 5730 5731
f 5690 5731 5693
f 5693 5731 5732
f 5693 5732 5695
f 5695 5732 5724
f 5695 5724 5679
f 5733 5734 5735
f 5733 5735 5736
f 5736 5735 5737
f 5736 5737 5738
f 5738 5737 5739
f 5738 5739 5740
f 5740 5739 5741
f 5740 5741 5742
f 5743 5744 5745
f 5743 5745 5746
f 5746 5745 5747
f 5746 5747 5748
f 5748 5747 5749
f 5748 5749 5750
f 5750 5749 5734
f 5750 5734 5733
f 5751 5733 5736
f 5751 5736 5752
f 5752 5736 5738
f 5752 5738 5753
f 5753 5738 5740
f 5753 5740 5754
f 5754 5740 5742
f 5754 5742 5755
f 5756 5743 5746
f 5756 5746 5757
f 5757 5746 5748
f 5757 5748 5758
f 5758 5748 5750
f 5758 5750 5759
f 5759 5750 5733
f 5759 5733 5751
f 5724 5751 5752
f 5724 5752 5725
f 5725 5752 5753
f 5725 5753 5726
f 5726 5753 5754
f 5726 5754 5727
f 5727 5754 5755
f 5727 5755 5728
f 5729 5756 5757
f 5729 5757 5730
f 5730 5757 5758
f 5730 5758 5731
f 5731 5758 5759
f 5731 5759 5732
f 5732 5759 5751
f 5732 5751 5724
f 5760 5761 5762
f 5760 5762 5763
f 5761 5764 5765
f 5761 5765 5762
f 5764 5766 5767
f 5764 5767 5765
f 5766 5768 5769
f 5766 5769 5767
f 5770 5771 5772
f 5770 5772 5773
f 5771 5774 5775
f 5771 5775 5772
f 5774 5776 5777
f 5774 5777 5775
f 5776 5760 5763
f 5776 5763 5777
f 5778 5779 5780
f 5778 5780 5781
f 5779 5782 5783
f 5779 5783 5780
f 5782 5784 5785
f 5782 5785 5783
f 5784 5786 5787
f 5784 5787 5785
f 5788 5789 5790
f 5788 5790 5791
f 5789 5792 5793
f 5789 5793 5790
f 5792 5794 5795
f 5792 5795 5793
f 5794 5778 5781
f 5794 5781 5795
f 5796 5797 5779
f 5796 5779 5778
f 5797 5798 5782
f 5797 5782 5779
f 5798 5799 5784
f 5798 5784 5782
f 5799 5800 5786
f 5799 5786 5784
f 5801 5802 5789
f 5801 5789 5788
f 5802 5803 5792
f 5802 5792 5789
f 5803 5804 5794
f 5803 5794 5792
f 5804 5796 5778
f 5804 5778 5794
f 5763 5762 5797
f 5763 5797 5796
f 5762 5765 5798
f 5762 5798 5797
f 5765 5767 5799
f 5765 5799 5798
f 5767 5769 5800
f 5767 5800 5799
f 5773 5772 5802
f 5773 5802 5801
f 5772 5775 5803
f 5772 5803 5802
f 5775 5777 5804
f 5775 5804 5803
f 5777 5763 5796
f 5777 5796 5804
f 5760 5805 5806
f 5760 5806 5761
f 5761 5806 5807
f 5761 5807 5764
f 5764 5807 5808
f 5764 5808 5766
f 5766 5808 5809
f 5766 5809 5768
f 5770 5810 5811
f 5770 5811 5771
f 5771 5811 5812
f 5771 5812 5774
f 5774 5812 5813
f 5774 5813 5776
f 5776 5813 5805
f 5776 5805 5760
f 5814 5815 5816
f 5814 5816 5817
f 5817 5816 5818
f 5817 5818 5819
f 5819 5818 5820
f 5819 5820 5821
f 5821 5820 5822
f 5821 5822 5823
f 5824 5825 5826
f 5824 5826 5827
f 5827 5826 5828
f 5827 5828 5829
f 5829 5828 5830
f 5829 5830 5831
f 5831 5830 5815
f 5831 5815 5814
f 5832 5814 5817
f 5832 5817 5833
f 5833 5817 5819
f 5833 5819 5834
f 5834 5819 5821
f 5834 5821 5835
f 5835 5821 5823
f 5835 5823 5836
f 5837 5824 5827
f 5837 5827 5838
f 5838 5827 5829
f 5838 5829 5839
f 5839 5829 5831
f 5839 5831 5840
f 5840 5831 5814
f 5840 5814 5832
f 5805 5832 5833
f 5805 5833 5806
f 5806 5833 5834
f 5806 5834 5807
f 5807 5834 5835
f 5807 5835 5808
f 5808 5835 5836
f 5808 5836 5809
f 5810 5837 5838
f 5810 5838 5811
f 5811 5838 5839
f 5811 5839 5812
f 5812 5839 5840
f 5812 5840 5813
f 5813 5840 5832
f 5813 5832 5805
f 5841 5842 5843
f 5841 5843 5844
f 5842 5845 5846
f 5842 5846 5843
f 5845 5847 5848
f 5845 5848 5846
f 5847 5849 5850
f 5847 5850 5848
f 5851 5852 5853
f 5851 5853 5854
f 5852 5855 5856
f 5852 5856 5853
f 5855 5857 5858
f 5855 5858 5856
f 5857 5841 5844
f 5857 5844 5858
f 5859 5860 5861
f 5859 5861 5862
f 5860 5863 5864
f 5860 5864 5861
f 5863 5865 5866
f 5863 5866 5864
f 5865 5867 5868
f 5865 5868 5866
f 5869 5870 5871
f 5869 5871 5872
f 5870 5873 5874
f 5870 5874 5871
f 5873 5875 5876
f 5873 5876 5874
f 5875 5859 5862
f 5875 5862 5876
f 5877 5878 5860
f 5877 5860 5859
f 5878 5879 5863
f 5878 5863 5860
f 5879 5880 5865
f 5879 5865 5863
f 5880 5881 5867
f 5880 5867 5865
f 5882 5883 5870
f 5882 5870 5869
f 5883 5884 5873
f 5883 5873 5870
f 5884 5885 5875
f 5884 5875 5873
f 5885 5877 5859
f 5885 5859 5875
f 5844 5843 5878
f 5844 5878 5877
f 5843 5846 5879
f 5843 5879 5878
f 5846 5848 5880
f 5846 5880 5879
f 5848 5850 5881
f 5848 5881 5880
f 5854 5853 5883
f 5854 5883 5882
f 5853 5856 5884
f 5853 5884 5883
f 5856 5858 5885
f 5856 5885 5884
f 5858 5844 5877
f 5858 5877 5885
f 5841 5886 5887
f 5841 5887 5842
f 5842 5887 5888
f 5842 5888 5845
f 5845 5888 5889
f 5845 5889 5847
f 5847 5889 5890
f 5847 5890 5849
f 5851 5891 5892
f 5851 5892 5852
f 5852 5892 5893
f 5852 5893 5855
f 5855 5893 5894
f 5855 5894 5857
f 5857 5894 5886
f 5857 5886 5841
f 5895 5896 5897
f 5895 5897 5898
f 5898 5897 5899
f 5898 5899 5900
f 5900 5899 5901
f 5900 5901 5902
f 5902 5901 5903
f 5902 5903 5904
f 5905 5906 5907
f 5905 5907 5908
f 5908 5907 5909
f 5908 5909 5910
f 5910 5909 5911
f 5910 5911 5912
f 5912 5911 5896
f 5912 5896 5895
f 5913 5895 5898
f 5913 5898 5914
f 5914 5898 5900
f 5914 5900 5915
f 5915 5900 5902
f 5915 5902 5916
f 5916 5902 5904
f 5916 5904 5917
f 5918 5905 5908
f 5918 5908 5919
f 5919 5908 5910
f 5919 5910 5920
f 5920 5910 5912
f 5920 5912 5921
f 5921 5912 5895
f 5921 5895 5913
f 5886 5913 5914
f 5886 5914 5887
f 5887 5914 5915
f 5887 5915 5888
f 5888 5915 5916
f 5888 5916 5889
f 5889 5916 5917
f 5889 5917 5890
f 5891 5918 5919
f 5891 5919 5892
f 5892 5919 5920
f 5892 5920 5893
f 5893 5920 5921
f 5893 5921 5894
f 5894 5921 5913
f 5894 5913 5886
f 5922 5923 5924
f 5922 5924 5925
f 5923 5926 5927
f 5923 5927 5924
f 5926 5928 5929
f 5926 5929 5927
f 5928 5930 5931
f 5928 5931 5929
f 5932 5933 5934
f 5932 5934 5935
f 5933 5936 5937
f 5933 5937 5934
f 5936 5938 5939
f 5936 5939 5937
f 5938 5922 5925
f 5938 5925 5939
f 5940 5941 5942
f 5940 5942 5943
f 5941 5944 5945
f 5941 5945 5942
f 5944 5946 5947
f 5944 5947 5945
f 5946 5948 5949
f 5946 5949 5947
f 5950 5951 5952
f 5950 5952 5953
f 5951 5954 5955
f 5951 5955 5952
f 5954 5956 5957
f 5954 5957 5955
f 5956 5940 5943
f 5956 5943 5957
f 5958 5959 5941
f 5958 5941 5940
f 5959 5960 5944
f 5959 5944 5941
f 5960 5961 5946
f 5960 5946 5944
f 5961 5962 5948
f 5961 5948 5946
f 5963 5964 5951
f 5963 5951 5950
f 5964 5965 5954
f 5964 5954 5951
f 5965 5966 5956
f 5965 5956 5954
f 5966 5958 5940
f 5966 5940 5956
f 5925 5924 5959
f 5925 5959 5958
f 5924 5927 5960
f 5924 5960 5959
f 5927 5929 5961
f 5927 5961 5960
f 5929 5931 5962
f 5929 5962 5961
f 5935 5934 5964
f 5935 5964 5963
f 5934 5937 5965
f 5934 5965 5964
f 5937 5939 5966
f 5937 5966 5965
f 5939 5925 5958
f 5939 5958 5966
f 5922 5967 5968
f 5922 5968 5923
f 5923 5968 5969
f 5923 5969 5926
f 5926 5969 5970
f 5926 5970 5928
f 5928 5970 5971
f 5928 5971 5930
f 5932 5972 5973
f 5932 5973 5933
f 5933 5973 5974
f 5933 5974 5936
f 5936 5974 5975
f 5936 5975 5938
f 5938 5975 5967
f 5938 5967 5922
f 5976 5977 5978
f 5976 5978 5979
f 5979 5978 5980
f 5979 5980 5981
f 5981 5980 5982
f 5981 5982 5983
f 5983 5982 5984
f 5983 5984 5985
f 5986 5987 5988
f 5986 5988 5989
f 5989 5988 5990
f 5989 5990 5991
f 5991 5990 5992
f 5991 5992 5993
f 5993 5992 5977
f 5993 5977 5976
f 5994 5976 5979
f 5994 5979 5995
f 5995 5979 5981
f 5995 5981 5996
f 5996 5981 5983
f 5996 5983 5997
f 5997 5983 5985
f 5997 5985 5998
f 5999 5986 5989
f 5999 5989 6000
f 6000 5989 5991
f 6000 5991 6001
f 6001 5991 5993
f 6001 5993 6002
f 6002 5993 5976
f 6002 5976 5994
f 5967 5994 5995
f 5967 5995 5968
f 5968 5995 5996
f 5968 5996 5969
f 5969 5996 5997
f 5969 5997 5970
f 5970 5997 5998
f 5970 5998 5971
f 5972 5999 6000
f 5972 6000 5973
f 5973 6000 6001
f 5973 6001 5974
f 5974 6001 6002
f 5974 6002 5975
f 5975 6002 5994
f 5975 5994 5967
f 6003 6004 6005
f 6003 6005 6006
f 6004 6007 6008
f 6004 6008 6005
f 6007 6009 6010
f 6007 6010 6008
f 6009 6011 6012
f 6009 6012 6010
f 6013 6014 6015
f 6013 6015 6016
f 6014 6017 6018
f 6014 6018 6015
f 6017 6019 6020
f 6017 6020 6018
f 6019 6003 6006
f 6019 6006 6020
f 6021 6022 6023
f 6021 6023 6024
f 6022 6025 6026
f 6022 6026 6023
f 6025 6027 6028
f 6025 6028 6026
f 6027 6029 6030
f 6027 6030 6028
f 6031 6032 6033
f 6031 6033 6034
f 6032 6035 6036
f 6032 6036 6033
f 6035 6037 6038
f 6035 6038 6036
f 6037 6021 6024
f 6037 6024 6038
f 6039 6040 6022
f 6039 6022 6021
f 6040 6041 6025
f 6040 6025 6022
f 6041 6042 6027
f 6041 6027 6025
f 6042 6043 6029
f 6042 6029 6027
f 6044 6045 6032
f 6044 6032 6031
f 6045 6046 6035
f 6045 6035 6032
f 6046 6047 6037
f 6046 6037 6035
f 6047 6039 6021
f 6047 6021 6037
f 6006 6005 6040
f 6006 6040 6039
f 6005 6008 6041
f 6005 6041 6040
f 6008 6010 6042
f 6008 6042 6041
f 6010 6012 6043
f 6010 6043 6042
f 6016 6015 6045
f 6016 6045 6044
f 6015 6018 6046
f 6015 6046 6045
f 6018 6020 6047
f 6018 6047 6046
f 6020 6006 6039
f 6020 6039 6047
f 6003 6048 6049
f 6003 6049 6004
f 6004 6049 6050
f 6004 6050 6007
f 6007 6050 6051
f 6007 6051 6009
f 6009 6051 6052
f 6009 6052 6011
f 6013 6053 6054
f 6013 6054 6014
f 6014 6054 6055
f 6014 6055 6017
f 6017 6055 6056
f 6017 6056 6019
f 6019 6056 6048
f 6019 6048 6003
f 6057 6058 6059
f 6057 6059 6060
f 6060 6059 6061
f 6060 6061 6062
f 6062 6061 6063
f 6062 6063 6064
f 6064 6063 6065
f 6064 6065 6066
f 6067 6068 6069
f 6067 6069 6070
f 6070 6069 6071
f 6070 6071 6072
f 6072 6071 6073
f 6072 6073 6074
f 6074 6073 6058
f 6074 6058 6057
f 6075 6057 6060
f 6075 6060 6076
f 6076 6060 6062
f 6076 6062 6077
f 6077 6062 6064
f 6077 6064 6078
f 6078 6064 6066
f 6078 6066 6079
f 6080 6067 6070
f 6080 6070 6081
f 6081 6070 6072
f 6081 6072 6082
f 6082 6072 6074
f 6082 6074 6083
f 6083 6074 6057
f 6083 6057 6075
f 6048 6075 6076
f 6048 6076 6049
f 6049 6076 6077
f 6049 6077 6050
f 6050 6077 6078
f 6050 6078 6051
f 6051 6078 6079
f 6051 6079 6052
f 6053 6080 6081
f 6053 6081 6054
f 6054 6081 6082
f 6054 6082 6055
f 6055 6082 6083
f 6055 6083 6056
f 6056 6083 6075
f 6056 6075 6048
f 6084 6085 6086
f 6084 6086 6087
f 6085 6088 6089
f 6085 6089 6086
f 6088 6090 6091
f 6088 6091 6089
f 6090 6092 6093
f 6090 6093 6091
f 6094 6095 6096
f 6094 6096 6097
f 6095 6098 6099
f 6095 6099 6096
f 6098 6100 6101
f 6098 6101 6099
f 6100 6084 6087
f 6100 6087 6101
f 6102 6103 6104
f 6102 6104 6105
f 6103 6106 6107
f 6103 6107 6104
f 6106 6108 6109
f 6106 6109 6107
f 6108 6110 6111
f 6108 6111 6109
f 6112 6113 6114
f 6112 6114 6115
f 6113 6116 6117
f 6113 6117 6114
f 6116 6118 6119
f 6116 6119 6117
f 6118 6102 6105
f 6118 6105 6119
f 6120 6121 6103
f 6120 6103 6102
f 6121 6122 6106
f 6121 6106 6103
f 6122 6123 6108
f 6122 6108 6106
f 6123 6124 6110
f 6123 6110 6108
f 6125 6126 6113
f 6125 6113 6112
f 6126 6127 6116
f 6126 6116 6113
f 6127 6128 6118
f 6127 6118 6116
f 6128 6120 6102
f 6128 6102 6118
f 6087 6086 6121
f 6087 6121 6120
f 6086 6089 6122
f 6086 6122 6121
f 6089 6091 6123
f 6089 6123 6122
f 6091 6093 6124
f 6091 6124 6123
f 6097 6096 6126
f 6097 6126 6125
f 6096 6099 6127
f 6096 6127 6126
f 6099 6101 6128
f 6099 6128 6127
f 6101 6087 6120
f 6101 6120 6128
f 6084 6129 6130
f 6084 6130 6085
f 6085 6130 6131
f 6085 6131 6088
f 6088 6131 6132
f 6088 6132 6090
f 6090 6132 6133
f 6090 6133 6092
f 6094 6134 6135
f 6094 6135 6095
f 6095 6135 6136
f 6095 6136 6098
f 6098 6136 6137
f 6098 6137 6100
f 6100 6137 6129
f 6100 6129 6084
f 6138 6139 6140
f 6138 6140 6141
f 6141 6140 6142
f 6141 6142 6143
f 6143 6142 6144
f 6143 6144 6145
f 6145 6144 6146
f 6145 6146 6147
f 6148 6149 6150
f 6148 6150 6151
f 6151 6150 6152
f 6151 6152 6153
f 6153 6152 6154
f 6153 6154 6155
f 6155 6154 6139
f 6155 6139 6138
f 6156 6138 6141
f 6156 6141 6157
f 6157 6141 6143
f 6157 6143 6158
f 6158 6143 6145
f 6158 6145 6159
f 6159 6145 6147
f 6159 6147 6160
f 6161 6148 6151
f 6161 6151 6162
f 6162 6151 6153
f 6162 6153 6163
f 6163 6153 6155
f 6163 6155 6164
f 6164 6155 6138
f 6164 6138 6156
f 6129 6156 6157
f 6129 6157 6130
f 6130 6157 6158
f 6130 6158 6131
f 6131 6158 6159
f 6131 6159 6132
f 6132 6159 6160
f 6132 6160 6133
f 6134 6161 6162
f 6134 6162 6135
f 6135 6162 6163
f 6135 6163 6136
f 6136 6163 6164
f 6136 6164 6137
f 6137 6164 6156
f 6137 6156 6129
f 6165 6166 6167
f 6165 6167 6168
f 6166 6169 6170
f 6166 6170 6167
f 6169 6171 6172
f 6169 6172 6170
f 6171 6173 6174
f 6171 6174 6172
f 6175 6176 6177
f 6175 6177 6178
f 6176 6179 6180
f 6176 6180 6177
f 6179 6181 6182
f 6179 6182 6180
f 6181 6165 6168
f 6181 6168 6182
f 6183 6184 6185
f 6183 6185 6186
f 6184 6187 6188
f 6184 6188 6185
f 6187 6189 6190
f 6187 6190 6188
f 6189 6191 6192
f 6189 6192 6190
f 6193 6194 6195
f 6193 6195 6196
f 6194 6197 6198
f 6194 6198 6195
f 6197 6199 6200
f 6197 6200 6198
f 6199 6183 6186
f 6199 6186 6200
f 6201 6202 6184
f 6201 6184 6183
f 6202 6203 6187
f 6202 6187 6184
f 6203 6204 6189
f 6203 6189 6187
f 6204 6205 6191
f 6204 6191 6189
f 6206 6207 6194
f 6206 6194 6193
f 6207 6208 6197
f 6207 6197 6194
f 6208 6209 6199
f 6208 6199 6197
f 6209 6201 6183
f 6209 6183 6199
f 6168 6167 6202
f 6168 6202 6201
f 6167 6170 6203
f 6167 6203 6202
f 6170 6172 6204
f 6170 6204 6203
f 6172 6174 6205
f 6172 6205 6204
f 6178 6177 6207
f 6178 6207 6206
f 6177 6180 6208
f 6177 6208 6207
f 6180 6182 6209
f 6180 6209 6208
f 6182 6168 6201
f 6182 6201 6209
f 6165 6210 6211
f 6165 6211 6166
f 6166 6211 6212
f 6166 6212 6169
f 6169 6212 6213
f 6169 6213 6171
f 6171 6213 6214
f 6171 6214 6173
f 6175 6215 6216
f 6175 6216 6176
f 6176 6216 6217
f 6176 6217 6179
f 6179 6217 6218
f 6179 6218 6181
f 6181 6218 6210
f 6181 6210 6165
f 6219 6220 6221
f 6219 6221 6222
f 6222 6221 6223
f 6222 6223 6224
f 6224 6223 6225
f 6224 6225 6226
f 6226 6225 6227
f 6226 6227 6228
f 6229 6230 6231
f 6229 6231 6232
f 6232 6231 6233
f 6232 6233 6234
f 6234 6233 6235
f 6234 6235 6236
f 6236 6235 6220
f 6236 6220 6219
f 6237 6219 6222
f 6237 6222 6238
f 6238 6222 6224
f 6238 6224 6239
f 6239 6224 6226
f 6239 6226 6240
f 6240 6226 6228
f 6240 6228 6241
f 6242 6229 6232
f 6242 6232 6243
f 6243 6232 6234
f 6243 6234 6244
f 6244 6234 6236
f 6244 6236 6245
f 6245 6236 6219
f 6245 6219 6237
f 6210 6237 6238
f 6210 6238 6211
f 6211 6238 6239
f 6211 6239 6212
f 6212 6239 6240
f 6212 6240 6213
f 6213 6240 6241
f 6213 6241 6214
f 6215 6242 6243
f 6215 6243 6216
f 6216 6243 6244
f 6216 6244 6217
f 6217 6244 6245
f 6217 6245 6218
f 6218 6245 6237
f 6218 6237 6210
f 6246 6247 6248
f 6246 6248 6249
f 6249 6248 6250
f 6249 6250 6251
f 6251 6250 6252
f 6251 6252 6253
f 6253 6252 6254
f 6253 6254 6255
f 6256 6257 6258
f 6256 6258 6259
f 6259 6258 6260
f 6259 6260 6261
f 6261 6260 6262
f 6261 6262 6263
f 6263 6262 6247
f 6263 6247 6246
f 6248 6247 6264
f 6248 6264 6265
f 6250 6248 6265
f 6250 6265 6266
f 6252 6250 6266
f 6252 6266 6267
f 6254 6252 6267
f 6254 6267 6268
f 6258 6257 6269
f 6258 6269 6270
f 6260 6258 6270
f 6260 6270 6271
f 6262 6260 6271
f 6262 6271 6272
f 6247 6262 6272
f 6247 6272 6264
f 6273 6274 6275
f 6273 6275 6276
f 6277 6278 6274
f 6277 6274 6273
f 6279 6280 6278
f 6279 6278 6277
f 6281 6282 6283
f 6281 6283 6284
f 6285 6286 6282
f 6285 6282 6281
f 6287 6288 6289
f 6287 6289 6290
f 6291 6292 6288
f 6291 6288 6287
f 6293 6294 6292
f 6293 6292 6291
f 6295 6296 6294
f 6295 6294 6293
f 6297 6298 6296
f 6297 6296 6295
f 6284 6283 6298
f 6284 6298 6297
f 6293 6291 6287
f 6293 6287 6295
f 6295 6287 6290
f 6295 6290 6297
f 6297 6285 6281
f 6297 6281 6284
f 6276 6275 6283
f 6276 6283 6282
f 6280 6279 6292
f 6280 6292 6294
f 6278 6280 6294
f 6278 6294 6296
f 6274 6278 6296
f 6274 6296 6298
f 6275 6274 6298
f 6275 6298 6283
f 6273 6276 6299
f 6273 6299 6300
f 6276 6282 6301
f 6276 6301 6299
f 6282 6286 6302
f 6282 6302 6301
f 6288 6303 6304
f 6288 6304 6289
f 6292 6305 6303
f 6292 6303 6288
f 6279 6306 6305
f 6279 6305 6292
f 6277 6307 6306
f 6277 6306 6279
f 6277 6273 6300
f 6277 6300 6307
f 6308 6309 6310
f 6308 6310 6311
f 6312 6308 6311
f 6312 6311 6313
f 6314 6312 6313
f 6314 6313 6315
f 6316 6317 6318
f 6316 6318 6319
f 6320 6316 6319
f 6320 6319 6321
f 6322 6323 6324
f 6322 6324 6325
f 6326 6322 6325
f 6326 6325 6327
f 6328 6326 6327
f 6328 6327 6329
f 6330 6328 6329
f 6330 6329 6331
f 6332 6330 6331
f 6332 6331 6333
f 6317 6332 6333
f 6317 6333 6318
f 6328 6330 6322
f 6328 6322 6326
f 6330 6332 6323
f 6330 6323 6322
f 6332 6317 6316
f 6332 6316 6320
f 6309 6319 6318
f 6309 6318 6310
f 6315 6329 6327
f 6315 6327 6314
f 6313 6331 6329
f 6313 6329 6315
f 6311 6333 6331
f 6311 6331 6313
f 6310 6318 6333
f 6310 6333 6311
f 6308 6300 6299
f 6308 6299 6309
f 6309 6299 6301
f 6309 6301 6319
f 6319 6301 6302
f 6319 6302 6321
f 6325 6324 6304
f 6325 6304 6303
f 6327 6325 6303
f 6327 6303 6305
f 6314 6327 6305
f 6314 6305 6306
f 6312 6314 6306
f 6312 6306 6307
f 6312 6307 6300
f 6312 6300 6308
f 6334 6335 6336
f 6334 6336 6337
f 6338 6334 6337
f 6338 6337 6339
f 6340 6338 6339
f 6340 6339 6341
f 6342 6340 6341
f 6342 6341 6343
f 6344 6345 6346
f 6344 6346 6347
f 6348 6344 6347
f 6348 6347 6349
f 6350 6348 6349
f 6350 6349 6351
f 6335 6350 6351
f 6335 6351 6336
f 6335 6334 6352
f 6335 6352 6353
f 6334 6338 6354
f 6334 6354 6352
f 6338 6340 6355
f 6338 6355 6354
f 6340 6342 6356
f 6340 6356 6355
f 6345 6344 6357
f 6345 6357 6358
f 6344 6348 6359
f 6344 6359 6357
f 6348 6350 6360
f 6348 6360 6359
f 6350 6335 6353
f 6350 6353 6360
