v 0.0112976 0.02316128 0.006806358
v 0.008516968 0.02296692 0.006606919
v 0.008696478 0.02241614 0.006964903
v 0.01057909 0.02239955 0.006874038
v 0.005620791 0.02170973 0.006712176
v 0.006828783 0.0213534 0.006858893
v 0.008778979 0.02128611 0.007075649
v 0.005074054 0.02328316 -0.001137249
v 0.003298485 0.02244194 -0.002454336
v 0.001900876 0.0221448 -0.001477447
v 0.002594541 0.02245642 -0.0003046943
v -0.0001350367 0.02106156 0.000349314
v -0.0002686363 0.02097086 -0.001394868
v -0.0001177285 0.02114557 -0.002890944
v 0.01449696 0.0228543 -0.003035885
v 0.0134648 0.02252574 -0.00446896
v 0.006372355 0.0228212 -0.003988525
v 0.008873563 0.02366326 -0.002492237
v 0.001204133 0.02081368 -0.005289225
v 0.0007629986 0.02109112 -0.004084407
v 0.006886972 0.02237337 -0.005297443
v 0.01308191 0.02221404 -0.005433692
v -0.04275633 -0.01494995 -0.005317185
v -0.03952536 -0.0149663 -0.005847453
v -0.03839395 -0.01680881 -0.005605935
v -0.0399818 -0.01751424 -0.005567194
v -0.03541094 -0.01882197 -0.005656239
v -0.03478809 -0.01753114 -0.005653048
v -0.0346472 -0.01553217 -0.006153816
v -0.02224195 -0.001735347 -0.006967757
v -0.01932857 -0.003877569 -0.007165761
v -0.02227129 -0.004540273 -0.007320946
v -0.02523242 -0.003351356 -0.006959834
v -0.01775785 -0.006334793 -0.007338703
v -0.02225046 -0.006372869 -0.007414645
v -0.02671184 -0.005668619 -0.006896656
v 0.04126187 -0.01904785 0.006717329
v 0.03775382 -0.01789084 0.006969662
v 0.03611926 -0.019356 0.006898312
v 0.03729634 -0.02025113 0.00700298
v 0.03349 -0.01693394 0.00728732
v 0.03268407 -0.01898333 0.007102454
v 0.03261881 -0.02041228 0.006828303
v -0.04566894 -0.01456344 0.00750565
v -0.04396132 -0.01360647 0.007205958
v -0.04531569 -0.0117373 0.007607752
v -0.04666152 -0.01177714 0.007385815
v -0.04575891 -0.009321222 0.007000502
v -0.04531569 -0.0117373 0.007607752
v -0.04423609 -0.01007621 0.007661222
v -0.0421677 -0.01172619 0.007565228
v -0.04423609 -0.01007621 0.007661222
v 0.009589047 0.01525061 -0.007796993
v 0.006588988 0.01666865 -0.00727933
v 0.00861284 0.01818585 -0.007182469
v 0.01139609 0.0174882 -0.007587956
v 0.004564465 0.01809142 -0.006759669
v 0.008077883 0.01963728 -0.00733002
v 0.01217211 0.01949825 -0.007221833
v 0.02854978 -0.01419746 -0.007568725
v 0.03299681 -0.0146331 -0.007444802
v 0.03188468 -0.0163311 -0.007390206
v 0.02860219 -0.01654755 -0.00736765
v 0.0293804 -0.01878852 -0.007187256
v 0.03372306 -0.01797284 -0.007539514
v 0.03705237 -0.01635756 -0.007741927
v 0.03496013 0.001112269 -0.008597816
v 0.03693086 0.003213594 -0.008323781
v 0.03915995 0.001979703 -0.008241107
v 0.03862585 0.000229191 -0.008258453
v 0.04196683 0.0001323903 -0.008074002
v 0.04129652 0.002483439 -0.007972227
v 0.03934439 0.004742406 -0.007935036
v 0.01142559 -0.009961894 -0.007472035
v 0.005370857 -0.009507637 -0.007297729
v 0.005450225 -0.004932969 -0.00768772
v 0.01244527 -0.006437454 -0.007682735
v 0.01441412 -0.003308253 -0.008116654
v 0.009263664 -0.001413824 -0.008233573
v 0.004835589 0.0009693471 -0.008239002
v 0.0009426596 -0.001474112 -0.008068985
v -0.003737489 -0.003311448 -0.007857872
v -0.001291234 -0.006445231 -0.007541548
v -0.000421044 -0.009950889 -0.007253122
v 0.03063302 0.006031736 0.0063473
v 0.02763918 0.004406265 0.006658462
v 0.03043245 0.003628035 0.006298929
v 0.03360913 0.004502707 0.006316786
v 0.02535396 0.002348812 0.006645316
v 0.0298204 0.001970041 0.006741463
v 0.03458611 0.002314246 0.006674414
v 0.0400114 0.0002316786 0.006487797
v 0.03981639 0.003270209 0.006371986
v 0.03450998 -0.0002862487 0.006799195
v 0.03806258 0.006015108 0.005860875
v 0.02890373 -0.0003779426 0.006788877
v 0.03363011 -0.002932054 0.006929846
v 0.0277116 -0.002830481 0.006836975
v 0.02350698 2.468005e-06 0.006940475
v 0.02178942 -0.002421541 0.006937344
v 0.02644501 -0.005277431 0.006966881
v 0.02023727 -0.00482844 0.007093146
v 0.01847809 0.0007634955 0.006954715
v 0.01615059 -0.001760374 0.007248115
v 0.01406519 -0.004285892 0.007191608
v 0.01897741 -0.007284212 0.007240398
v 0.01264248 -0.00679139 0.007355398
v 0.01111751 -0.0008956438 0.007469481
v 0.008320738 -0.003602335 0.007525505
v 0.006302899 -0.006261236 0.007485209
v 0.01161884 -0.009365664 0.007413987
v 0.005111544 -0.008845765 0.007532444
v 0.003551225 -0.0025883 0.007487562
v 0.0005771015 -0.005419256 0.00750389
v -0.001377446 -0.008082215 0.007428128
v 0.004258814 -0.01147519 0.007820541
v -0.002312002 -0.01071886 0.007721918
v -0.003993852 -0.004043327 0.007591443
v -0.006957482 -0.006795568 0.007658435
v -0.008452957 -0.009539254 0.007586697
v -0.002926168 -0.01348453 0.007649884
v -0.009112719 -0.01246592 0.007626394
v -0.01139438 -0.005103717 0.007500269
v -0.01340357 -0.007952757 0.007724887
v -0.01459695 -0.01105133 0.007730307
v -0.009654868 -0.01540394 0.007406896
v -0.01548455 -0.01422958 0.007490963
v -0.01787554 -0.006139154 0.007686138
v -0.01959916 -0.009376305 0.007931914
v -0.02085972 -0.01275816 0.007403458
v -0.01612137 -0.01708268 0.006970821
v -0.02190534 -0.01590187 0.007096192
v -0.02409731 -0.00757159 0.007747998
v -0.02579495 -0.01114021 0.007533837
v -0.02738954 -0.01462191 0.007381096
v -0.02264452 -0.01847312 0.007301856
v -0.02887226 -0.01755063 0.007334096
v -0.03013711 -0.009382379 0.007739946
v -0.03223171 -0.01297973 0.007575879
v -0.03487257 -0.01659221 0.007616792
v -0.02977766 -0.01938192 0.007080922
v -0.03652531 -0.01880603 0.007647159
v -0.03626759 -0.01106744 0.007571196
v -0.03910061 -0.01430607 0.007843973
v -0.04114224 -0.01651007 0.007439433
v -0.03725737 -0.01998079 0.007172527
v -0.04225095 -0.01774112 0.007332232
v -0.03070074 -0.02152142 0.006380358
v -0.03034887 -0.02068552 0.007092098
v -0.03781238 -0.02097574 0.006641896
v -0.04301037 -0.01843009 0.006633456
v -0.03809584 -0.02153215 0.005271852
v -0.04375761 -0.0188975 0.005667919
v -0.0471298 -0.01500983 0.00662317
v -0.04854459 -0.01547564 0.005684157
v -0.04418542 -0.01919152 0.004078888
v -0.04909805 -0.01574545 0.004167606
v -0.04882651 -0.01164543 0.006653121
v -0.05041441 -0.01149151 0.005444338
v -0.05167572 -0.0116544 0.00398414
v -0.04789072 -0.008265786 0.004794204
v -0.04814985 -0.008022074 0.003082954
v -0.04786845 -0.008135608 0.0008986229
v -0.05157669 -0.01180975 0.001514453
v -0.04927481 -0.01601279 0.002086568
v -0.04365537 -0.01911677 -0.0001033898
v -0.04440289 -0.01935211 0.002100311
v -0.04842382 -0.01594615 -0.0002837582
v -0.05055726 -0.01193761 -0.001077068
v -0.04757599 -0.008086725 -0.001414573
v -0.04711002 -0.008233704 -0.003154015
v -0.05045892 -0.01209146 -0.003177207
v -0.04846361 -0.01616079 -0.0024182
v -0.04295806 -0.01903792 -0.003487472
v -0.04341498 -0.01920506 -0.002139067
v -0.04779769 -0.01612927 -0.003849904
v -0.04975343 -0.01209059 -0.004453759
v -0.04662253 -0.008297912 -0.004518037
v -0.0453966 -0.008632233 -0.00569788
v -0.04805546 -0.01204902 -0.005449393
v -0.04656696 -0.01577291 -0.00468532
v -0.04153332 -0.0182892 -0.005116913
v -0.04243506 -0.01884579 -0.004498904
v -0.04519507 -0.01541062 -0.004947997
v -0.04624649 -0.01202772 -0.005372203
v -0.04378007 -0.008855807 -0.006134125
v -0.04195088 -0.009061607 -0.006248057
v -0.04388445 -0.01196377 -0.005699608
v -0.03859964 -0.009558745 -0.006230529
v -0.0402827 -0.01221627 -0.005688339
v -0.03364144 -0.01027019 -0.006365111
v -0.03435434 -0.01288633 -0.006210648
v -0.02828098 -0.01100529 -0.006224617
v -0.02860853 -0.01354943 -0.005926535
v -0.02901481 -0.01616839 -0.005959946
v -0.0229655 -0.01410733 -0.006140152
v -0.02356512 -0.0169742 -0.006138247
v -0.0242292 -0.01952815 -0.005828781
v -0.02976671 -0.0185597 -0.005691756
v -0.02440099 -0.02094005 -0.005165084
v -0.0301444 -0.01991023 -0.005199303
v -0.02445173 -0.0217496 -0.004824623
v -0.03039858 -0.02073303 -0.004790535
v -0.03622865 -0.01971407 -0.004965392
v -0.03071184 -0.02140891 -0.004215321
v -0.03679887 -0.02032086 -0.004282026
v -0.03082383 -0.02196402 -0.003574542
v -0.03715825 -0.02086091 -0.003555953
v -0.03104507 -0.02257226 -0.002366952
v -0.03751048 -0.02109941 -0.002159416
v -0.03108392 -0.02263964 -0.0006673262
v -0.03773796 -0.02142746 -0.0001595011
v -0.03110877 -0.02263719 0.001507916
v -0.0381614 -0.02178496 0.002093971
v -0.03113923 -0.02271101 0.003499307
v -0.03825443 -0.02188784 0.003864436
v -0.03101806 -0.02224476 0.005250313
v -0.02461133 -0.02352617 0.003309087
v -0.02439917 -0.02296717 0.004661635
v -0.02395942 -0.02208157 0.006186204
v -0.01777273 -0.02386042 0.00463038
v -0.01754942 -0.02308967 0.005617463
v -0.01723661 -0.02218524 0.006289864
v -0.02360039 -0.02128988 0.006731289
v -0.01696441 -0.02115685 0.006811315
v -0.02317507 -0.02015126 0.006939191
v -0.01659514 -0.01953311 0.006992783
v -0.01065584 -0.02172869 0.006796005
v -0.01045336 -0.02024142 0.006817522
v -0.0101032 -0.01801686 0.007013146
v -0.003861492 -0.02086033 0.006908368
v -0.003732414 -0.0188464 0.007083427
v -0.003455334 -0.01623264 0.007373257
v 0.002938321 -0.01929389 0.007008692
v 0.003018525 -0.01673108 0.007254532
v 0.003506001 -0.01416035 0.007722281
v 0.009563006 -0.01719056 0.007229922
v 0.009969819 -0.01471037 0.007518677
v 0.01070152 -0.01200416 0.007489502
v 0.01630759 -0.01524084 0.00763569
v 0.01699524 -0.01246322 0.007259615
v 0.01794501 -0.009836667 0.007538626
v 0.0232286 -0.0130076 0.007225173
v 0.02417073 -0.01031541 0.007224876
v 0.0252602 -0.007757278 0.007114222
v 0.03026912 -0.01083294 0.00709876
v 0.03139997 -0.008198387 0.00693777
v 0.03249925 -0.005575537 0.006849349
v 0.03719821 -0.008688057 0.007062528
v 0.03822307 -0.00571972 0.006705201
v 0.03935995 -0.002736943 0.006882438
v 0.04333306 -0.005608475 0.00661139
v 0.04387299 -0.002372378 0.006637319
v 0.03935995 -0.002736943 0.006882438
v 0.03822307 -0.00571972 0.006705201
v 0.04391813 0.0007709255 0.006325738
v 0.0400114 0.0002316786 0.006487797
v 0.04621426 -0.002243204 0.006387668
v 0.04613714 0.001062743 0.006374347
v 0.04521925 0.004710827 0.005476851
v 0.04335366 0.00411706 0.00578259
v 0.03981639 0.003270209 0.006371986
v 0.04361568 0.007744196 0.005434859
v 0.04131223 0.007072585 0.005497441
v 0.03806258 0.006015108 0.005860875
v 0.03847433 0.009433137 0.004882288
v 0.03680812 0.008880809 0.005690674
v 0.03402969 0.007640596 0.005862451
v 0.03202616 0.01037173 0.005798882
v 0.02983999 0.009135899 0.006248208
v 0.02678378 0.007409879 0.006282625
v 0.03402969 0.007640596 0.005862451
v 0.02983999 0.009135899 0.006248208
v 0.02537736 0.01057624 0.006206152
v 0.02276749 0.008874299 0.006249481
v 0.01983398 0.006824541 0.006371875
v 0.02385416 0.005538435 0.00625714
v 0.02100021 0.003244299 0.00640415
v 0.01682385 0.0044006 0.006390914
v 0.0139479 0.001786487 0.007111797
v 0.01578432 0.008216298 0.006252303
v 0.01275565 0.005707271 0.006607632
v 0.00975634 0.00301251 0.006769275
v 0.006724246 0.0002550315 0.007448465
v 0.008765205 0.00716226 0.006320155
v 0.005761175 0.004423871 0.006704213
v 0.002682241 0.001626147 0.007130798
v -0.0005796179 -0.001206942 0.007482283
v 0.001862866 0.006016644 0.006664631
v -0.001230989 0.003217587 0.007069314
v -0.004500616 0.0004212693 0.007546382
v -0.008005269 -0.002364953 0.0078956
v -0.005020603 0.005008663 0.007418264
v -0.008329697 0.002254113 0.007617099
v -0.01179847 -0.0005048825 0.008031378
v -0.01541094 -0.003189775 0.007711921
v -0.01167786 0.004118864 0.007874409
v -0.01522972 0.001503034 0.007985955
v -0.01913522 -0.001043478 0.008111922
v -0.02198686 -0.004123897 0.007685509
v -0.01808143 0.003577761 0.008597674
v -0.02256556 0.001303831 0.008250471
v -0.02564995 -0.002064375 0.008087387
v -0.02803362 -0.005717237 0.007739561
v -0.02494084 0.003009409 0.008504922
v -0.02891576 -0.0001917896 0.00839244
v -0.03141433 -0.003990375 0.007871494
v -0.0341023 -0.007604136 0.007796684
v -0.03108537 0.001079704 0.008379834
v -0.03422728 -0.002534539 0.007800769
v -0.03741607 -0.005906157 0.00793243
v -0.03990867 -0.009044889 0.007862244
v -0.03606955 -0.001472467 0.007478932
v -0.03924719 -0.004784253 0.007410083
v -0.04225181 -0.007659865 0.007676095
v -0.04036655 -0.003972203 0.007036658
v -0.04335782 -0.006864145 0.006998716
v -0.04225181 -0.007659865 0.007676095
v -0.03924719 -0.004784253 0.007410083
v -0.04115736 -0.003434845 0.006336364
v -0.04427581 -0.006114011 0.005978672
v -0.04716188 -0.008608512 0.00633111
v -0.04419281 -0.005841665 0.004499493
v -0.04150338 -0.002986727 0.004687758
v -0.04105932 -0.002651749 0.00251532
v -0.0441071 -0.005534343 0.002641588
v -0.04133036 -0.002148778 0.0002944795
v -0.04398508 -0.005407474 0.0003826311
v -0.04094519 -0.002029396 -0.001848069
v -0.04411164 -0.005049082 -0.001900227
v -0.04030613 -0.002037742 -0.003549214
v -0.04348439 -0.005099274 -0.003523023
v -0.03936953 -0.002152518 -0.00473013
v -0.04251802 -0.005215906 -0.005043386
v -0.03838974 -0.002339779 -0.005775982
v -0.04126642 -0.005603322 -0.005620955
v -0.03738377 -0.002616355 -0.006133936
v -0.04011368 -0.005815502 -0.006310132
v -0.03609126 -0.002982937 -0.006539634
v -0.03846447 -0.00617324 -0.006374414
v -0.03414956 -0.003583808 -0.006528128
v -0.03603361 -0.006735676 -0.006390952
v -0.03105057 -0.004534944 -0.006750421
v -0.03224241 -0.00750873 -0.006424355
v -0.0276302 -0.008370016 -0.006977988
v -0.02245574 -0.00892145 -0.006971366
v -0.02272306 -0.01147247 -0.006213912
v -0.01715326 -0.008896524 -0.007144988
v -0.01704882 -0.01155144 -0.006399335
v -0.0171121 -0.01430453 -0.006421539
v -0.01139339 -0.01124892 -0.006721253
v -0.01126892 -0.01419024 -0.006776149
v -0.01123953 -0.01703546 -0.00646266
v -0.01725258 -0.01707179 -0.0061124
v -0.01135304 -0.01962401 -0.006064652
v -0.01750655 -0.01960181 -0.005736505
v -0.01140986 -0.02132708 -0.00569549
v -0.01765944 -0.02120983 -0.0054991
v -0.01142894 -0.02233777 -0.005296617
v -0.01765703 -0.02207212 -0.005027121
v -0.01146714 -0.0231873 -0.005011438
v -0.01767311 -0.02289874 -0.004717475
v -0.02436963 -0.02234525 -0.004387422
v -0.01779115 -0.02342008 -0.003741897
v -0.02440375 -0.02274718 -0.003589913
v -0.01782456 -0.02376118 -0.002685852
v -0.02440731 -0.02322019 -0.002446457
v -0.01787447 -0.02399016 -0.001092799
v -0.02446899 -0.02332947 -0.0008131107
v -0.0179224 -0.02423209 0.001291567
v -0.02465967 -0.02367819 0.001384988
v -0.01784136 -0.02425091 0.003129804
v -0.01110588 -0.02441198 0.0006712088
v -0.01088239 -0.02447873 0.002266319
v -0.01093469 -0.02428207 0.004063935
v -0.004207595 -0.02434722 0.001594075
v -0.004108076 -0.02429073 0.003512332
v -0.004052305 -0.02361277 0.004858503
v -0.01086522 -0.02369153 0.005289347
v -0.003873051 -0.02290004 0.005835752
v -0.01074636 -0.02263843 0.006160023
v -0.003866429 -0.02208674 0.006517868
v 0.002832986 -0.02297594 0.005519944
v 0.0029084 -0.02230577 0.006460476
v 0.002956221 -0.02119169 0.006886173
v 0.009434136 -0.02190974 0.006343272
v 0.009434216 -0.02087873 0.006629672
v 0.009442463 -0.01932883 0.006852802
v 0.01550131 -0.02081821 0.00684968
v 0.01566131 -0.01954025 0.006846552
v 0.01588639 -0.01769788 0.007427281
v 0.02174432 -0.01978073 0.007169854
v 0.02208448 -0.01809151 0.007199628
v 0.02254478 -0.01573995 0.007250592
v 0.02777112 -0.01854673 0.007460047
v 0.0283478 -0.01628159 0.007542333
v 0.02917621 -0.01353836 0.007330351
v 0.03477786 -0.01434053 0.007287085
v 0.0360641 -0.01154919 0.007270487
v 0.03968136 -0.0153006 0.007327799
v 0.04119892 -0.01216642 0.007066317
v 0.0360641 -0.01154919 0.007270487
v 0.03477786 -0.01434053 0.007287085
v 0.04240681 -0.008926375 0.006893704
v 0.03719821 -0.008688057 0.007062528
v 0.04446603 -0.01250964 0.006940167
v 0.04573369 -0.009023104 0.006936235
v 0.0460764 -0.005585492 0.006522402
v 0.04855751 -0.009000864 0.006748037
v 0.04775031 -0.005582016 0.006411987
v 0.04784623 -0.00223421 0.005912323
v 0.04891526 -0.005627939 0.006023515
v 0.04882138 -0.002211596 0.005665472
v 0.04869777 0.001346033 0.005259236
v 0.04752738 0.001214277 0.005988647
v 0.04692437 0.005308153 0.004549643
v 0.04611139 0.005046354 0.005266864
v 0.0457314 0.008275224 0.004256716
v 0.04510628 0.008061328 0.005288649
v 0.04082594 0.01003386 0.003850982
v 0.03969058 0.009703676 0.004517598
v 0.03533293 0.01214546 0.003659496
v 0.03425064 0.01169427 0.004613079
v 0.03329947 0.01115782 0.00500927
v 0.02968076 0.01328304 0.00478861
v 0.02872356 0.01268742 0.005769015
v 0.02746463 0.01188604 0.006183147
v 0.02452359 0.01444403 0.006053476
v 0.023171 0.01354816 0.006129797
v 0.02118689 0.01219322 0.006220095
v 0.02537736 0.01057624 0.006206152
v 0.0190324 0.01527467 0.006192229
v 0.01709044 0.0138768 0.006314087
v 0.01461174 0.01200682 0.006427035
v 0.0186705 0.01037883 0.006360609
v 0.02118689 0.01219322 0.006220095
v 0.01709044 0.0138768 0.006314087
v 0.01175634 0.009764094 0.006357264
v 0.01043204 0.01382546 0.006452571
v 0.007533103 0.01146381 0.006463177
v 0.004755761 0.008817689 0.006359162
v 0.003053158 0.0132701 0.006759616
v 0.0007755584 0.01056772 0.00696942
v -0.001843893 0.007728109 0.007088147
v -0.002436671 0.01195399 0.007381493
v -0.004883431 0.009245941 0.007522723
v -0.008258443 0.006748973 0.007515505
v -0.006875233 0.01026087 0.007581998
v -0.01042364 0.008016303 0.007718159
v -0.01421868 0.005807735 0.008147011
v -0.01163787 0.008762866 0.007775288
v -0.01565176 0.0068167 0.008208878
v -0.01990455 0.004989234 0.008572729
v -0.01645284 0.007429097 0.008189088
v -0.0208589 0.00578047 0.008513361
v -0.02616001 0.003966925 0.008559696
v -0.0215198 0.006287637 0.008050889
v -0.02694373 0.004627561 0.008414263
v -0.03239468 0.00199115 0.008128598
v -0.02756623 0.005260422 0.007707171
v -0.03358204 0.003113315 0.007678404
v -0.03239468 0.00199115 0.008128598
v -0.02694373 0.004627561 0.008414263
v -0.03814599 -0.0006201693 0.00731013
v -0.03606955 -0.001472467 0.007478932
v -0.03408825 0.003632821 0.006744964
v -0.04042624 0.0006409721 0.007229542
v -0.03428967 0.004051718 0.005171313
v -0.03997613 0.001602581 0.005333906
v -0.03375394 0.003933474 0.003110185
v -0.03879788 0.001803545 0.002794452
v -0.03373686 0.004353466 0.0004920205
v -0.03819215 0.001846352 0.0004753852
v -0.03323438 0.00449231 -0.001789019
v -0.038015 0.001713987 -0.001920274
v -0.0326733 0.004311648 -0.00373809
v -0.03738818 0.001522694 -0.003712794
v -0.03144467 0.003637037 -0.004456146
v -0.03623928 0.001196037 -0.004699011
v -0.03074228 0.003366153 -0.00551374
v -0.03556386 0.001031436 -0.005770553
v -0.03010887 0.002972723 -0.006166053
v -0.03453112 0.0006105253 -0.006175566
v -0.02910699 0.002345304 -0.006108414
v -0.03329783 0.0001225681 -0.006199972
v -0.02772128 0.001571789 -0.006374964
v -0.0317286 -0.000557451 -0.006368175
v -0.02560856 0.0003136941 -0.0065488
v -0.02921904 -0.001650681 -0.006664854
v -0.02306194 0.003019743 -0.006650004
v -0.02109773 0.001607051 -0.006787749
v -0.01820843 -0.0005552331 -0.00693947
v -0.01669587 0.00290182 -0.006999965
v -0.01401411 0.0006954684 -0.007199162
v -0.01108658 -0.001813806 -0.007367333
v -0.01536304 -0.002947582 -0.007442947
v -0.008518301 -0.004619351 -0.007569063
v -0.01317782 -0.00562069 -0.007519776
v -0.006723757 -0.007580944 -0.007449108
v -0.01190039 -0.008402159 -0.007090176
v -0.005896008 -0.01067649 -0.007029819
v -0.0003831084 -0.01346044 -0.007174266
v -0.005640991 -0.01384588 -0.006945718
v -0.0002336972 -0.01655377 -0.00652389
v -0.00548944 -0.01688628 -0.00670438
v 0.0002984195 -0.01925014 -0.006401553
v -0.005275428 -0.01963322 -0.006460091
v 0.0008770162 -0.02107569 -0.005967512
v -0.005037687 -0.02144422 -0.006029805
v 0.001278294 -0.02216138 -0.005651905
v -0.004940843 -0.0224993 -0.005527309
v 0.001626246 -0.02291186 -0.005342556
v -0.0048073 -0.02313356 -0.005131444
v 0.001875364 -0.02369013 -0.005098416
v -0.004753826 -0.02383968 -0.00463619
v -0.01144707 -0.02383076 -0.00431317
v -0.004682707 -0.02407764 -0.003632686
v -0.01138639 -0.02417667 -0.003108024
v -0.004542788 -0.02430414 -0.002346209
v -0.01122314 -0.02439047 -0.001561641
v -0.004409519 -0.02427177 -0.0006793058
v 0.002198951 -0.02447202 -0.003060384
v 0.002220759 -0.02459397 -0.00139062
v 0.002322171 -0.02454458 0.0009398926
v 0.00808317 -0.02388831 -0.001878596
v 0.008602786 -0.02393535 0.0004368071
v 0.008835835 -0.02382929 0.002557153
v 0.002537964 -0.02452457 0.00284286
v 0.009144561 -0.02348636 0.004174466
v 0.002721154 -0.02378953 0.004436004
v 0.009359304 -0.02269646 0.005377973
v 0.01489762 -0.02307705 0.003552142
v 0.01507489 -0.02268696 0.005274001
v 0.01539396 -0.02172875 0.006362502
v 0.02090878 -0.02257549 0.005093077
v 0.02126021 -0.02162721 0.006216387
v 0.02149923 -0.0208721 0.006944697
v 0.02671014 -0.02181027 0.006034033
v 0.02704304 -0.0210024 0.006458121
v 0.0273875 -0.02009742 0.007059205
v 0.03257183 -0.02126486 0.006537462
v 0.03892347 -0.02153341 0.00621915
v 0.03825229 -0.0209059 0.006578119
v 0.03255245 -0.0220268 0.006270044
v 0.04400696 -0.01992117 0.006210215
v 0.04288169 -0.01956989 0.006468571
v 0.0460601 -0.01693298 0.006225627
v 0.04483217 -0.01663524 0.006897012
v 0.04288169 -0.01956989 0.006468571
v 0.04400696 -0.01992117 0.006210215
v 0.04298073 -0.01612974 0.007260866
v 0.04126187 -0.01904785 0.006717329
v 0.04737579 -0.0126334 0.0069298
v 0.03775382 -0.01789084 0.006969662
v 0.04923315 -0.01265579 0.006542521
v 0.05002693 -0.009107536 0.006361652
v 0.05000424 -0.01277521 0.005405414
v 0.05066767 -0.009266407 0.005355348
v 0.04972761 -0.005797452 0.005002906
v 0.05107426 -0.009352109 0.004021427
v 0.05041175 -0.005862018 0.003738752
v 0.05008684 -0.002410099 0.003355763
v 0.04959502 -0.002330065 0.00466787
v 0.05021841 0.00123142 0.002598339
v 0.04935254 0.001285696 0.004002682
v 0.04850781 0.005480924 0.002148323
v 0.04787188 0.005542566 0.003836951
v 0.0467331 0.008660666 0.001772127
v 0.04603389 0.008554071 0.003400913
v 0.0415449 0.010501 0.0009267488
v 0.04134623 0.0103358 0.002688036
v 0.03671636 0.01256129 0.0006598039
v 0.03597465 0.01220522 0.002312492
v 0.03217685 0.01470631 0.0007096296
v 0.03133081 0.01420511 0.002336925
v 0.03055573 0.01385735 0.003711765
v 0.02742225 0.01606574 0.002756746
v 0.0265156 0.01559274 0.004070371
v 0.02558715 0.01507303 0.005296497
v 0.0229493 0.01761119 0.00458714
v 0.02154998 0.0168826 0.005480106
v 0.02044957 0.01619862 0.006086492
v 0.01780493 0.01938757 0.005953809
v 0.01672593 0.0187577 0.006467928
v 0.01516493 0.01772697 0.006345855
v 0.01305408 0.01593163 0.006562962
v 0.01320576 0.02137665 0.006804394
v 0.01164636 0.02037687 0.006715371
v 0.009059064 0.01833747 0.006405513
v 0.01305408 0.01593163 0.006562962
v 0.009059064 0.01833747 0.006405513
v 0.005861193 0.01572427 0.007197535
v 0.005740695 0.01935747 0.007092752
v 0.002309105 0.01707486 0.007282497
v 0.005740695 0.01935747 0.007092752
v -0.0004629251 0.01464852 0.007160274
v 0.003690937 0.01974026 0.007105503
v 0.000421585 0.01768355 0.007447392
v -0.002385992 0.0153462 0.00761145
v -0.004557164 0.01284008 0.007549994
v -0.0008493052 0.01809116 0.007265268
v -0.003562621 0.01576566 0.007309193
v -0.005791601 0.01328515 0.007565042
v -0.008026212 0.01082224 0.007466184
v -0.004477584 0.01600961 0.006949538
v -0.006702205 0.01360317 0.007358005
v -0.005791601 0.01328515 0.007565042
v -0.003562621 0.01576566 0.007309193
v -0.008977646 0.01124915 0.007304862
v -0.006702205 0.01360317 0.007358005
v -0.012439 0.009236085 0.007550847
v -0.007518222 0.01384473 0.006664116
v -0.009814791 0.01155967 0.006667689
v -0.01321268 0.009688802 0.007318029
v -0.01714584 0.007970694 0.007729238
v -0.01077576 0.011948 0.006356522
v -0.01403219 0.01016068 0.006739418
v -0.01321268 0.009688802 0.007318029
v -0.009814791 0.01155967 0.006667689
v -0.01794136 0.008594019 0.007235233
v -0.01714584 0.007970694 0.007729238
v -0.0215198 0.006287637 0.008050889
v -0.02208496 0.006878724 0.007498562
v -0.01451332 0.01048746 0.005650291
v -0.01830624 0.008869752 0.00595725
v -0.02243583 0.007319549 0.006156682
v -0.02791268 0.005580353 0.006659798
v -0.01837192 0.009062593 0.004340325
v -0.02253647 0.007415788 0.004743873
v -0.02793306 0.00583462 0.00490614
v -0.02221681 0.00719286 0.002595513
v -0.02784133 0.005847009 0.00284373
v -0.02246399 0.007525703 0.0001071384
v -0.02765612 0.006181384 0.0006458983
v -0.02243282 0.007584231 -0.002147974
v -0.02723275 0.006216153 -0.001859463
v -0.02215677 0.007240779 -0.003790111
v -0.02696445 0.005929871 -0.003713555
v -0.02176068 0.006834505 -0.004932165
v -0.02623798 0.005330159 -0.004555798
v -0.02109429 0.006308675 -0.005547136
v -0.02555105 0.004751835 -0.005334472
v -0.02049813 0.005869715 -0.006191849
v -0.0248945 0.004314236 -0.005903159
v -0.01972682 0.005344335 -0.00640571
v -0.02418514 0.00383479 -0.006288324
v -0.01856017 0.004443143 -0.006580529
v -0.01568075 0.00683546 -0.00664466
v -0.01454961 0.005912584 -0.006950728
v -0.01260692 0.004319329 -0.007028511
v -0.010802 0.007470769 -0.007284509
v -0.008844955 0.005983702 -0.007401094
v -0.006000174 0.003874022 -0.007182342
v -0.009918988 0.002147827 -0.007238316
v -0.002702544 0.001327277 -0.007819513
v -0.006800235 -0.0004210572 -0.007442042
v -0.002353308 0.005909455 -0.007876314
v 0.001100737 0.003499027 -0.007937317
v 0.001063213 0.008183606 -0.008087578
v 0.004607222 0.005930432 -0.008122473
v 0.008343197 0.003631926 -0.0082266
v 0.007777668 0.008507735 -0.008015985
v 0.01158777 0.006404947 -0.008058777
v 0.01553089 0.004410341 -0.008219974
v 0.01241316 0.001487561 -0.008426896
v 0.01970675 0.002655392 -0.008224411
v 0.01688615 -0.0002937096 -0.008450078
v 0.02408164 0.001175443 -0.008284667
v 0.02180874 -0.001736318 -0.008305741
v 0.01985367 -0.004648388 -0.008201852
v 0.01838186 -0.007584757 -0.0079494
v 0.02692561 -0.00296385 -0.008485026
v 0.02542305 -0.005676792 -0.008121023
v 0.0242119 -0.008364446 -0.007993054
v 0.01753992 -0.01063926 -0.007577737
v 0.02344859 -0.01114275 -0.007694466
v 0.03100756 -0.006584064 -0.007837686
v 0.0299713 -0.009096211 -0.007699822
v 0.02908535 -0.01162167 -0.007785297
v 0.02324395 -0.0140807 -0.007572814
v 0.03557016 -0.009951636 -0.007778405
v 0.03447922 -0.01239546 -0.007824392
v 0.04159831 -0.01074691 -0.007729403
v 0.04026387 -0.01363618 -0.007702911
v 0.04569039 -0.0113833 -0.007524805
v 0.04405684 -0.01491491 -0.00797548
v 0.04053554 -0.01837409 -0.007969822
v 0.03583933 -0.01980369 -0.007421644
v 0.04558497 -0.01565413 -0.007519532
v 0.04223858 -0.01925388 -0.00757038
v 0.03701043 -0.02081082 -0.00723678
v 0.03019579 -0.02022627 -0.007264593
v 0.0307745 -0.02113464 -0.007188031
v 0.04303174 -0.0196414 -0.006870293
v 0.03768598 -0.02135293 -0.007056683
v 0.0312409 -0.02184588 -0.00703276
v 0.0381594 -0.0217587 -0.006455332
v 0.03172163 -0.0225478 -0.006669648
v 0.02464303 -0.02306596 -0.006344603
v 0.02446604 -0.02230071 -0.006794558
v 0.02421715 -0.02156996 -0.006936208
v 0.02400854 -0.02077836 -0.007343755
v 0.01832425 -0.02227602 -0.006477588
v 0.01817997 -0.0215916 -0.006668025
v 0.01799962 -0.02077133 -0.006969535
v 0.0237189 -0.01943194 -0.007433073
v 0.01784047 -0.01932668 -0.007434063
v 0.01245383 -0.02134764 -0.006253988
v 0.01220044 -0.0205433 -0.006651253
v 0.01181531 -0.01908675 -0.006934464
v 0.0175522 -0.01678715 -0.007403634
v 0.01126487 -0.01661108 -0.007347435
v 0.006520967 -0.02079416 -0.006124176
v 0.005871971 -0.01915778 -0.006756253
v 0.005184664 -0.01646685 -0.007033236
v 0.01104322 -0.013461 -0.007484972
v 0.00503379 -0.01324831 -0.007233119
v 0.01732082 -0.01381337 -0.007517419
v 0.02348238 -0.01691719 -0.007381633
v 0.006953397 -0.02170017 -0.005838729
v 0.0126517 -0.02188939 -0.005967945
v 0.007289553 -0.0223255 -0.005444563
v 0.01284802 -0.02232724 -0.005273014
v 0.007537702 -0.02289338 -0.005037046
v 0.01298114 -0.02270967 -0.00449717
v 0.007870303 -0.02327119 -0.004264927
v 0.002056093 -0.02398125 -0.004138275
v 0.007995889 -0.02360738 -0.003348059
v 0.01337938 -0.02307746 -0.003608584
v 0.01347137 -0.0232056 -0.002249002
v 0.01887118 -0.0231634 -0.004161679
v 0.01897283 -0.02358368 -0.003199183
v 0.01960603 -0.02322982 -0.0009047315
v 0.01399757 -0.02343574 -0.0004481068
v 0.020044 -0.02332002 0.001311132
v 0.01454985 -0.02355703 0.001827062
v 0.02049392 -0.02315572 0.003446856
v 0.02593404 -0.02378299 0.001410529
v 0.02611754 -0.02331686 0.003844992
v 0.02643456 -0.02258633 0.005268768
v 0.03252604 -0.02415535 0.004439943
v 0.03232286 -0.02328307 0.005887888
v 0.03937752 -0.02267877 0.004396709
v 0.0392718 -0.0222373 0.005564274
v 0.04650689 -0.0212236 0.004577349
v 0.0454732 -0.02060975 0.006025443
v 0.04798585 -0.01715853 0.004080338
v 0.04712709 -0.01710729 0.005395276
v 0.0454732 -0.02060975 0.006025443
v 0.04650689 -0.0212236 0.004577349
v 0.05073651 -0.0127973 0.003789116
v 0.04860256 -0.01707806 0.002297982
v 0.05074577 -0.01293415 0.001953084
v 0.05167569 -0.009393027 0.00235959
v 0.05097017 -0.01295761 -1.143664e-06
v 0.05119704 -0.009344328 -6.798841e-05
v 0.05092038 -0.005918962 0.0001530554
v 0.05091105 -0.005915081 0.002189359
v 0.05077176 -0.00273894 -0.0003593639
v 0.05066904 -0.002628227 0.001670681
v 0.05053111 0.0008373531 -0.001346773
v 0.05059673 0.0009875116 0.0007124478
v 0.04897593 0.004769706 -0.002231188
v 0.04867605 0.00501379 -2.540648e-06
v 0.04712626 0.008586017 -0.003191956
v 0.04669186 0.008633768 -0.0004943693
v 0.04172899 0.01093676 -0.003200992
v 0.04196901 0.01105793 -0.0009964542
v 0.03680113 0.01280495 -0.00328194
v 0.03726589 0.01298491 -0.00133692
v 0.03206462 0.01453939 -0.003141427
v 0.03238636 0.01467197 -0.001424186
v 0.02818925 0.01654783 -0.002766994
v 0.02816107 0.01642235 -0.001190004
v 0.0280975 0.01635236 0.0009148745
v 0.02439591 0.0184823 -0.0005913088
v 0.02418713 0.01832129 0.001385836
v 0.0235533 0.01792302 0.003042785
v 0.02043003 0.0207407 0.002084935
v 0.0197611 0.02035615 0.003788078
v 0.01897424 0.01996125 0.004971139
v 0.015643 0.02273408 0.004894902
v 0.0151191 0.022453 0.005745728
v 0.01422103 0.02194538 0.006690907
v 0.01167738 0.02386915 0.00614144
v 0.008000938 0.02400334 0.005463194
v 0.008228578 0.02372254 0.006566208
v 0.0116707 0.02444138 0.005424009
v 0.004050143 0.02253476 0.006015753
v 0.004867531 0.02212962 0.006629563
v 0.002534074 0.01993941 0.006770495
v 0.001693609 0.0201617 0.006640139
v 0.0009115245 0.02046489 0.006044479
v -0.001842452 0.01839115 0.007073579
v -0.00241542 0.01856316 0.0065304
v 0.003892472 0.02250098 0.004734194
v 0.0004823608 0.02066745 0.005196484
v -0.002961304 0.01876164 0.00557157
v -0.005236446 0.01625985 0.006503545
v -0.005827881 0.01643353 0.005640708
v 0.0001954613 0.02083848 0.003901572
v -0.003326065 0.01895317 0.004354025
v -0.006043815 0.01654584 0.00444185
v -0.008093497 0.01397292 0.005927223
v -0.008333694 0.01401916 0.004748154
v -0.003487451 0.01912486 0.002754445
v -0.006293063 0.01664927 0.002836398
v -0.008453663 0.01404999 0.003044802
v -0.0114063 0.01218188 0.00522296
v -0.01178395 0.01235349 0.003388686
v -0.006720377 0.01677494 0.0009013629
v -0.00909782 0.01426767 0.0009508599
v -0.01170191 0.01238422 0.00106038
v -0.01487488 0.01062371 0.003780285
v -0.01476343 0.0104519 0.001322905
v -0.009274747 0.01439291 -0.001199765
v -0.012007 0.01245236 -0.001237677
v -0.015042 0.01055194 -0.000992408
v -0.01815721 0.008815888 0.001851921
v -0.01836888 0.00895753 -0.0004816903
v -0.01189236 0.01227161 -0.003000961
v -0.01474426 0.01035791 -0.00279834
v -0.01832223 0.008741791 -0.002336617
v -0.01433342 0.01000207 -0.004152259
v -0.01785409 0.008431837 -0.003831441
v -0.01376161 0.009635561 -0.005238046
v -0.01745806 0.008101301 -0.004892136
v -0.01333705 0.009327488 -0.006173034
v -0.01715939 0.007944747 -0.005878592
v -0.01271712 0.008873357 -0.006537277
v -0.01657679 0.007485544 -0.006262535
v -0.01196414 0.008294599 -0.00681712
v -0.009438246 0.01059498 -0.006955369
v -0.008500589 0.01001476 -0.0070336
v -0.007313221 0.009189618 -0.007386995
v -0.00554311 0.01216068 -0.007226804
v -0.004141 0.01136525 -0.007522978
v -0.001978713 0.0100918 -0.00788126
v -0.005216052 0.007846561 -0.007464091
v -0.001256151 0.01364124 -0.007322047
v 0.001102339 0.01236826 -0.007654519
v 0.004233308 0.01055853 -0.008173106
v 0.003949959 0.01456983 -0.00736123
v 0.007106392 0.0129612 -0.007571989
v 0.01069465 0.01114995 -0.008293023
v 0.01320684 0.01365756 -0.008043813
v 0.0170418 0.01174029 -0.007939768
v 0.0144883 0.009192583 -0.008379834
v 0.02105792 0.009921463 -0.008052119
v 0.01847581 0.007301246 -0.008025986
v 0.02521819 0.008250436 -0.007933442
v 0.02254006 0.005592609 -0.008190849
v 0.02928148 0.006531888 -0.008120298
v 0.02667916 0.003990602 -0.00823513
v 0.03329421 0.00484311 -0.008131381
v 0.03084436 0.002486334 -0.008410364
v 0.02867066 -0.0001818489 -0.00844005
v 0.0334352 -0.001394412 -0.008231221
v 0.03215379 -0.004019845 -0.008292168
v 0.03795077 -0.002185119 -0.008067809
v 0.03707279 -0.004822429 -0.00816899
v 0.03626793 -0.007432205 -0.007910934
v 0.04129392 -0.00535892 -0.007961174
v 0.04133242 -0.008064597 -0.007739922
v 0.04464134 -0.005662812 -0.007410512
v 0.04524775 -0.008489527 -0.00753604
v 0.04664642 -0.005819548 -0.007166608
v 0.04772253 -0.008707517 -0.007110609
v 0.04816274 -0.0118611 -0.007479473
v 0.04964807 -0.008848744 -0.006821942
v 0.04944664 -0.01219002 -0.007000817
v 0.04639711 -0.01611664 -0.007198083
v 0.04999952 -0.01243988 -0.006543112
v 0.04693554 -0.01639158 -0.006407874
v 0.04381365 -0.02000936 -0.006373011
v 0.04777024 -0.01667379 -0.005559908
v 0.04438073 -0.02037598 -0.005815855
v 0.03851387 -0.02227466 -0.005654335
v 0.03190681 -0.02287539 -0.005406149
v 0.0449224 -0.02072402 -0.004753015
v 0.03861281 -0.02241078 -0.003889948
v 0.03218465 -0.02347691 -0.003991403
v 0.03861542 -0.02265042 -0.001822888
v 0.03222352 -0.02370616 -0.002118565
v 0.02548923 -0.02387194 -0.002953634
v 0.02511798 -0.02372923 -0.004478172
v 0.02490556 -0.02351595 -0.005442635
v 0.01858551 -0.02308606 -0.00520488
v 0.01842118 -0.02268166 -0.005919986
v 0.0323571 -0.02429235 0.0001638457
v 0.02576706 -0.02358787 -0.0008306354
v 0.03245807 -0.02466989 0.00270202
v 0.03871404 -0.02284749 0.0008547902
v 0.03908882 -0.0229578 0.002771766
v 0.04647423 -0.02159814 0.0006423984
v 0.04707975 -0.02176269 0.00309364
v 0.04859179 -0.01694934 7.136725e-06
v 0.0453045 -0.02097484 -0.002819947
v 0.04828091 -0.01677731 -0.002083943
v 0.05070043 -0.01290297 -0.002036702
v 0.04784552 -0.01677465 -0.003992753
v 0.05039856 -0.01278241 -0.003843379
v 0.0511268 -0.009197136 -0.003997276
v 0.05105002 -0.00926687 -0.002175788
v 0.05137127 -0.006214838 -0.00418035
v 0.05104902 -0.00598784 -0.001948931
v 0.05047584 -0.002925038 -0.004553297
v 0.0505382 -0.002879512 -0.00256423
v 0.05026185 0.0005350187 -0.005291529
v 0.05063945 0.0006288034 -0.003443873
v 0.04846793 0.004226074 -0.005395569
v 0.04878432 0.004472728 -0.004212417
v 0.04688676 0.008161752 -0.006611296
v 0.04723023 0.008410918 -0.005330302
v 0.04149869 0.01049948 -0.00589235
v 0.04169983 0.01073851 -0.00479026
v 0.03644353 0.0125337 -0.005596359
v 0.03649192 0.01257141 -0.004426916
v 0.03172486 0.01436246 -0.005412454
v 0.03198653 0.01451338 -0.004355335
v 0.0274948 0.01612144 -0.005155175
v 0.02802235 0.01648056 -0.00410485
v 0.02373502 0.0182521 -0.004832926
v 0.02402539 0.01853292 -0.003703745
v 0.0241958 0.0185894 -0.002287955
v 0.01960755 0.0206583 -0.003243601
v 0.02015319 0.02084657 -0.001496678
v 0.02072042 0.02091047 0.0003343178
v 0.01523505 0.02312147 -0.0007157438
v 0.01567806 0.02328743 0.001514217
v 0.01551865 0.02303239 0.00318267
v 0.01097589 0.02442715 0.002580687
v 0.01147957 0.02466989 0.003960983
v 0.007091385 0.02447638 0.003025006
v 0.007666668 0.02413776 0.00434808
v 0.00365231 0.02270179 0.003467148
v 0.006379975 0.02370083 0.001018504
v 0.003162647 0.02271825 0.001851653
v 0.0001061158 0.02093589 0.002378971
v -0.003210626 0.01894008 0.0006555878
v -0.003804164 0.01924079 -0.001426075
v -0.006731123 0.01671949 -0.001107016
v -0.003884062 0.01926156 -0.002948617
v -0.006452146 0.01653178 -0.002664694
v -0.008801378 0.01406085 -0.002758218
v -0.006177395 0.01630255 -0.003935345
v -0.008645948 0.01387375 -0.004133326
v -0.01142241 0.01184958 -0.004430132
v -0.007786326 0.01343748 -0.005237054
v -0.01064515 0.01137059 -0.005415485
v -0.007101977 0.0131104 -0.006132762
v -0.01023705 0.0111153 -0.006490514
v -0.006461372 0.01269951 -0.006562243
v -0.004817909 0.01555614 -0.005841441
v -0.003748388 0.01498765 -0.006311959
v -0.002752617 0.01446872 -0.006772136
v -0.0009499057 0.01737148 -0.006322654
v 5.321903e-05 0.01679691 -0.00658545
v 0.001579748 0.0159363 -0.007114469
v 0.003286958 0.01914993 -0.006437626
v 0.00248445 0.0197638 -0.006251005
v 0.007260246 0.02160131 -0.006334951
v 0.007614574 0.02087353 -0.006621441
v 0.01279336 0.0214721 -0.006445005
v 0.01250568 0.02074192 -0.006846264
v 0.01794187 0.01933813 -0.006900647
v 0.01740569 0.0186471 -0.007250139
v 0.01655351 0.01754195 -0.007539403
v 0.0152104 0.01581167 -0.007309897
v 0.02164549 0.01639458 -0.006856178
v 0.02062787 0.01537907 -0.007253892
v 0.01914855 0.01389916 -0.007795105
v 0.02445889 0.01336396 -0.007672432
v 0.02303738 0.01195553 -0.007727092
v 0.0288152 0.01193671 -0.007594018
v 0.02738658 0.01048562 -0.007770509
v 0.03312055 0.01016435 -0.007521564
v 0.03151701 0.008724846 -0.007735487
v 0.03766395 0.00802114 -0.007795175
v 0.03576568 0.006712721 -0.007996164
v 0.0414311 0.005809895 -0.007874803
v 0.03899618 0.008879848 -0.007808822
v 0.04285518 0.006490443 -0.007836713
v 0.04524254 0.00346104 -0.007681769
v 0.04368487 0.003044682 -0.007832064
v 0.04657243 0.0004153908 -0.00766955
v 0.04482593 0.000310888 -0.007765813
v 0.04187535 -0.00252532 -0.008067835
v 0.04479354 -0.002633021 -0.007734731
v 0.04661493 -0.002727161 -0.007328255
v 0.04782729 0.0004655444 -0.007356624
v 0.04786243 -0.002792615 -0.006974589
v 0.0484781 -0.005942014 -0.0068147
v 0.04890266 -0.002857673 -0.006602953
v 0.05019795 -0.00608558 -0.006483147
v 0.0504047 -0.008965109 -0.006488095
v 0.05073795 -0.006227464 -0.005515763
v 0.05074421 -0.009075419 -0.005395393
v 0.05024606 -0.0126544 -0.005325568
v 0.04956787 -0.002899911 -0.005794177
v 0.04896519 0.0005218629 -0.006993511
v 0.04968144 0.0005204198 -0.006314464
v 0.04724661 0.003944289 -0.006997654
v 0.0476227 0.004063568 -0.006170074
v 0.04509003 0.007530342 -0.007687639
v 0.04587711 0.007830664 -0.007123748
v 0.04065562 0.009904382 -0.007347301
v 0.04118155 0.0102444 -0.006766274
v 0.03565445 0.01206288 -0.007077416
v 0.03606067 0.01229765 -0.00628971
v 0.03116125 0.01398765 -0.006951297
v 0.03155712 0.01429133 -0.006352091
v 0.02677588 0.01548315 -0.006707251
v 0.02728447 0.0158908 -0.006068378
v 0.0228377 0.01754746 -0.006021205
v 0.02335109 0.01801016 -0.005555692
v 0.018357 0.01981298 -0.006490477
v 0.01870179 0.02017185 -0.005656011
v 0.01910135 0.02048751 -0.004697389
v 0.01302372 0.02193535 -0.006129338
v 0.007064418 0.02211536 -0.005939921
v 0.001679315 0.02040416 -0.005895881
v -0.002889804 0.01853556 -0.00521988
v -0.00182248 0.01790019 -0.00579426
v -0.00322595 0.01889574 -0.004084442
v -0.00550389 0.01595668 -0.004860468
v 0.02236911 0.01699911 -0.006334429
v 0.02617382 0.01499914 -0.007082969
v 0.02545658 0.01431465 -0.007246943
v 0.0304733 0.01342885 -0.007189598
v 0.02982711 0.01285203 -0.00735986
v 0.03502014 0.01162264 -0.007335356
v 0.03428621 0.01106542 -0.007612608
v 0.03989444 0.009434358 -0.007558958
v 0.04407614 0.00706797 -0.007852209
v 0.04625611 0.003706113 -0.00729702
v 0.01012444 0.02435353 0.0001055142
v -0.007518222 0.01384473 0.006664116
v -0.0008493052 0.01809116 0.007265268
v 0.002534074 0.01993941 0.006770495
v 0.003690937 0.01974026 0.007105503
v 0.03349 -0.01693394 0.00728732
vt 0.269126 0.722069
vt 0.271144 0.666559
vt 0.276669 0.670044
vt 0.269126 0.722069
vt 0.276669 0.670044
vt 0.27677 0.707725
vt 0.283815 0.608689
vt 0.287349 0.63281
vt 0.276669 0.670044
vt 0.283815 0.608689
vt 0.276669 0.670044
vt 0.271144 0.666559
vt 0.287975 0.671725
vt 0.27677 0.707725
vt 0.276669 0.670044
vt 0.287975 0.671725
vt 0.276669 0.670044
vt 0.287349 0.63281
vt 0.550375 0.48134
vt 0.532911 0.454198
vt 0.518754 0.473141
vt 0.550375 0.48134
vt 0.518754 0.473141
vt 0.525448 0.496905
vt 0.498075 0.508729
vt 0.525448 0.496905
vt 0.518754 0.473141
vt 0.498075 0.508729
vt 0.518754 0.473141
vt 0.497086 0.473788
vt 0.498885 0.443955
vt 0.497086 0.473788
vt 0.518754 0.473141
vt 0.498885 0.443955
vt 0.518754 0.473141
vt 0.532911 0.454198
vt 0.644974 0.447044
vt 0.634948 0.41794
vt 0.563934 0.424782
vt 0.644974 0.447044
vt 0.563934 0.424782
vt 0.588618 0.455795
vt 0.550375 0.48134
vt 0.588618 0.455795
vt 0.563934 0.424782
vt 0.550375 0.48134
vt 0.563934 0.424782
vt 0.532911 0.454198
vt 0.512585 0.39648
vt 0.507928 0.420432
vt 0.563934 0.424782
vt 0.512585 0.39648
vt 0.563934 0.424782
vt 0.569352 0.398757
vt 0.631321 0.398459
vt 0.569352 0.398757
vt 0.563934 0.424782
vt 0.631321 0.398459
vt 0.563934 0.424782
vt 0.634948 0.41794
vt 0.498885 0.443955
vt 0.532911 0.454198
vt 0.563934 0.424782
vt 0.498885 0.443955
vt 0.563934 0.424782
vt 0.507928 0.420432
vt 0.651181 -0.351488
vt 0.651209 -0.286672
vt 0.669612 -0.264021
vt 0.651181 -0.351488
vt 0.669612 -0.264021
vt 0.676719 -0.29574
vt 0.689645 -0.20422
vt 0.676719 -0.29574
vt 0.669612 -0.264021
vt 0.689645 -0.20422
vt 0.669612 -0.264021
vt 0.676718 -0.191852
vt 0.656693 -0.188969
vt 0.676718 -0.191852
vt 0.669612 -0.264021
vt 0.656693 -0.188969
vt 0.669612 -0.264021
vt 0.651209 -0.286672
vt 0.518281 0.0584953
vt 0.539598 0.116971
vt 0.546309 0.0582336
vt 0.518281 0.0584953
vt 0.546309 0.0582336
vt 0.534537 -0.00119841
vt 0.564109 0.14861
vt 0.564628 0.0588079
vt 0.546309 0.0582336
vt 0.564109 0.14861
vt 0.546309 0.0582336
vt 0.539598 0.116971
vt 0.55776 -0.0306526
vt 0.534537 -0.00119841
vt 0.546309 0.0582336
vt 0.55776 -0.0306526
vt 0.546309 0.0582336
vt 0.564628 0.0588079
vt 0.690247 1.32406
vt 0.678806 1.25374
vt 0.693504 1.22118
vt 0.690247 1.32406
vt 0.693504 1.22118
vt 0.702424 1.24473
vt 0.669393 1.16829
vt 0.6899 1.15238
vt 0.693504 1.22118
vt 0.669393 1.16829
vt 0.693504 1.22118
vt 0.678806 1.25374
vt 0.704173 1.15128
vt 0.702424 1.24473
vt 0.693504 1.22118
vt 0.704173 1.15128
vt 0.693504 1.22118
vt 0.6899 1.15238
vt 0.64822 -0.414816
vt 0.638577 -0.380615
vt 0.619956 -0.40798
vt 0.64822 -0.414816
vt 0.619956 -0.40798
vt 0.620382 -0.434801
vt 0.59577 -0.416762
vt 0.620382 -0.434801
vt 0.619956 -0.40798
vt 0.59577 -0.416762
vt 0.619956 -0.40798
vt 0.603313 -0.386522
vt 0.619741 -0.345016
vt 0.603313 -0.386522
vt 0.619956 -0.40798
vt 0.619741 -0.345016
vt 0.619956 -0.40798
vt 0.638577 -0.380615
vt 0.347361 0.694192
vt 0.333309 0.633905
vt 0.318079 0.674235
vt 0.347361 0.694192
vt 0.318079 0.674235
vt 0.324941 0.730095
vt 0.319179 0.593124
vt 0.303573 0.663501
vt 0.318079 0.674235
vt 0.319179 0.593124
vt 0.318079 0.674235
vt 0.333309 0.633905
vt 0.30484 0.745335
vt 0.324941 0.730095
vt 0.318079 0.674235
vt 0.30484 0.745335
vt 0.318079 0.674235
vt 0.303573 0.663501
vt 0.641246 1.07519
vt 0.645467 1.16409
vt 0.662487 1.14194
vt 0.641246 1.07519
vt 0.662487 1.14194
vt 0.664757 1.07631
vt 0.687153 1.09195
vt 0.664757 1.07631
vt 0.662487 1.14194
vt 0.687153 1.09195
vt 0.662487 1.14194
vt 0.678836 1.17887
vt 0.662565 1.24542
vt 0.678836 1.17887
vt 0.662487 1.14194
vt 0.662565 1.24542
vt 0.662487 1.14194
vt 0.645467 1.16409
vt 0.487884 1.20276
vt 0.466825 1.24192
vt 0.479098 1.28654
vt 0.487884 1.20276
vt 0.479098 1.28654
vt 0.496619 1.27599
vt 0.497492 1.34273
vt 0.496619 1.27599
vt 0.479098 1.28654
vt 0.497492 1.34273
vt 0.479098 1.28654
vt 0.47401 1.32913
vt 0.451485 1.28993
vt 0.47401 1.32913
vt 0.479098 1.28654
vt 0.451485 1.28993
vt 0.479098 1.28654
vt 0.466825 1.24192
vt 0.599442 0.732454
vt 0.595103 0.611285
vt 0.549331 0.612723
vt 0.599442 0.732454
vt 0.549331 0.612723
vt 0.564153 0.752693
vt 0.532771 0.792028
vt 0.564153 0.752693
vt 0.549331 0.612723
vt 0.532771 0.792028
vt 0.549331 0.612723
vt 0.513984 0.68896
vt 0.490293 0.600261
vt 0.513984 0.68896
vt 0.549331 0.612723
vt 0.490293 0.600261
vt 0.549331 0.612723
vt 0.514862 0.522512
vt 0.533397 0.428967
vt 0.514862 0.522512
vt 0.549331 0.612723
vt 0.533397 0.428967
vt 0.549331 0.612723
vt 0.564677 0.477963
vt 0.599723 0.495482
vt 0.564677 0.477963
vt 0.549331 0.612723
vt 0.599723 0.495482
vt 0.549331 0.612723
vt 0.595103 0.611285
vt 0.439772 1.11001
vt 0.456142 1.05013
vt 0.463812 1.10618
vt 0.439772 1.11001
vt 0.463812 1.10618
vt 0.454966 1.16964
vt 0.476788 1.00458
vt 0.480439 1.09388
vt 0.463812 1.10618
vt 0.476788 1.00458
vt 0.463812 1.10618
vt 0.456142 1.05013
vt 0.476842 1.18918
vt 0.454966 1.16964
vt 0.463812 1.10618
vt 0.476842 1.18918
vt 0.463812 1.10618
vt 0.480439 1.09388
vt 0.497482 1.29787
vt 0.467096 1.29382
vt 0.476842 1.18918
vt 0.497482 1.29787
vt 0.476842 1.18918
vt 0.502857 1.18778
vt 0.439671 1.25877
vt 0.454966 1.16964
vt 0.476842 1.18918
vt 0.439671 1.25877
vt 0.476842 1.18918
vt 0.467096 1.29382
vt 0.503951 1.07568
vt 0.502857 1.18778
vt 0.476842 1.18918
vt 0.503951 1.07568
vt 0.476842 1.18918
vt 0.480439 1.09388
vt 0.52935 1.17031
vt 0.502857 1.18778
vt 0.503951 1.07568
vt 0.52935 1.17031
vt 0.503951 1.07568
vt 0.528516 1.05199
vt 0.476788 1.00458
vt 0.500328 0.967686
vt 0.503951 1.07568
vt 0.476788 1.00458
vt 0.503951 1.07568
vt 0.480439 1.09388
vt 0.524622 0.933503
vt 0.528516 1.05199
vt 0.503951 1.07568
vt 0.524622 0.933503
vt 0.503951 1.07568
vt 0.500328 0.967686
vt 0.553034 1.02677
vt 0.528516 1.05199
vt 0.524622 0.933503
vt 0.553034 1.02677
vt 0.524622 0.933503
vt 0.54875 0.902564
vt 0.492879 0.867072
vt 0.51821 0.820583
vt 0.524622 0.933503
vt 0.492879 0.867072
vt 0.524622 0.933503
vt 0.500328 0.967686
vt 0.543526 0.779073
vt 0.54875 0.902564
vt 0.524622 0.933503
vt 0.543526 0.779073
vt 0.524622 0.933503
vt 0.51821 0.820583
vt 0.573356 0.877476
vt 0.54875 0.902564
vt 0.543526 0.779073
vt 0.573356 0.877476
vt 0.543526 0.779073
vt 0.568637 0.750725
vt 0.509737 0.719797
vt 0.536895 0.664029
vt 0.543526 0.779073
vt 0.509737 0.719797
vt 0.543526 0.779073
vt 0.51821 0.820583
vt 0.563545 0.623873
vt 0.568637 0.750725
vt 0.543526 0.779073
vt 0.563545 0.623873
vt 0.543526 0.779073
vt 0.536895 0.664029
vt 0.594415 0.730403
vt 0.568637 0.750725
vt 0.563545 0.623873
vt 0.594415 0.730403
vt 0.563545 0.623873
vt 0.589431 0.600202
vt 0.526905 0.568606
vt 0.555309 0.509317
vt 0.563545 0.623873
vt 0.526905 0.568606
vt 0.563545 0.623873
vt 0.536895 0.664029
vt 0.581995 0.470439
vt 0.589431 0.600202
vt 0.563545 0.623873
vt 0.581995 0.470439
vt 0.563545 0.623873
vt 0.555309 0.509317
vt 0.61577 0.583211
vt 0.589431 0.600202
vt 0.581995 0.470439
vt 0.61577 0.583211
vt 0.581995 0.470439
vt 0.608409 0.45181
vt 0.541701 0.41779
vt 0.569321 0.358685
vt 0.581995 0.470439
vt 0.541701 0.41779
vt 0.581995 0.470439
vt 0.555309 0.509317
vt 0.596801 0.328991
vt 0.608409 0.45181
vt 0.581995 0.470439
vt 0.596801 0.328991
vt 0.581995 0.470439
vt 0.569321 0.358685
vt 0.636081 0.439741
vt 0.608409 0.45181
vt 0.596801 0.328991
vt 0.636081 0.439741
vt 0.596801 0.328991
vt 0.62609 0.315977
vt 0.552534 0.269915
vt 0.581102 0.229839
vt 0.596801 0.328991
vt 0.552534 0.269915
vt 0.596801 0.328991
vt 0.569321 0.358685
vt 0.612125 0.206179
vt 0.62609 0.315977
vt 0.596801 0.328991
vt 0.612125 0.206179
vt 0.596801 0.328991
vt 0.581102 0.229839
vt 0.655473 0.305417
vt 0.62609 0.315977
vt 0.612125 0.206179
vt 0.655473 0.305417
vt 0.612125 0.206179
vt 0.64392 0.188736
vt 0.563106 0.140313
vt 0.595548 0.105964
vt 0.612125 0.206179
vt 0.563106 0.140313
vt 0.612125 0.206179
vt 0.581102 0.229839
vt 0.629372 0.0811907
vt 0.64392 0.188736
vt 0.612125 0.206179
vt 0.629372 0.0811907
vt 0.612125 0.206179
vt 0.595548 0.105964
vt 0.672438 0.176395
vt 0.64392 0.188736
vt 0.629372 0.0811907
vt 0.672438 0.176395
vt 0.629372 0.0811907
vt 0.660823 0.0606116
vt 0.577632 0.0159731
vt 0.613359 -0.0176526
vt 0.629372 0.0811907
vt 0.577632 0.0159731
vt 0.629372 0.0811907
vt 0.595548 0.105964
vt 0.648215 -0.0492472
vt 0.660823 0.0606116
vt 0.629372 0.0811907
vt 0.648215 -0.0492472
vt 0.629372 0.0811907
vt 0.613359 -0.0176526
vt 0.68657 0.0459196
vt 0.660823 0.0606116
vt 0.648215 -0.0492472
vt 0.68657 0.0459196
vt 0.648215 -0.0492472
vt 0.677546 -0.0786836
vt 0.595931 -0.104676
vt 0.63196 -0.146257
vt 0.648215 -0.0492472
vt 0.595931 -0.104676
vt 0.648215 -0.0492472
vt 0.613359 -0.0176526
vt 0.668171 -0.198841
vt 0.677546 -0.0786836
vt 0.648215 -0.0492472
vt 0.668171 -0.198841
vt 0.648215 -0.0492472
vt 0.63196 -0.146257
vt 0.695871 -0.0965667
vt 0.677546 -0.0786836
vt 0.668171 -0.198841
vt 0.695871 -0.0965667
vt 0.668171 -0.198841
vt 0.690363 -0.231755
vt 0.612966 -0.227083
vt 0.645459 -0.283626
vt 0.668171 -0.198841
vt 0.612966 -0.227083
vt 0.668171 -0.198841
vt 0.63196 -0.146257
vt 0.667538 -0.324144
vt 0.690363 -0.231755
vt 0.668171 -0.198841
vt 0.667538 -0.324144
vt 0.668171 -0.198841
vt 0.645459 -0.283626
vt 0.702104 -0.246128
vt 0.690363 -0.231755
vt 0.667538 -0.324144
vt 0.702104 -0.246128
vt 0.667538 -0.324144
vt 0.679876 -0.346191
vt 0.619741 -0.345016
vt 0.638577 -0.380615
vt 0.667538 -0.324144
vt 0.619741 -0.345016
vt 0.667538 -0.324144
vt 0.645459 -0.283626
vt 0.64822 -0.414816
vt 0.679876 -0.346191
vt 0.667538 -0.324144
vt 0.64822 -0.414816
vt 0.667538 -0.324144
vt 0.638577 -0.380615
vt 0.717251 -0.114607
vt 0.708926 -0.107907
vt 0.702104 -0.246128
vt 0.717251 -0.114607
vt 0.702104 -0.246128
vt 0.712037 -0.25695
vt 0.695871 -0.0965667
vt 0.690363 -0.231755
vt 0.702104 -0.246128
vt 0.695871 -0.0965667
vt 0.702104 -0.246128
vt 0.708926 -0.107907
vt 0.686746 -0.361055
vt 0.712037 -0.25695
vt 0.702104 -0.246128
vt 0.686746 -0.361055
vt 0.702104 -0.246128
vt 0.679876 -0.346191
vt 0.118979 0.586826
vt 0.121525 0.614404
vt 0.0694727 0.612498
vt 0.118979 0.586826
vt 0.0694727 0.612498
vt 0.0622075 0.59284
vt 0.64822 -0.414816
vt 0.652675 -0.443649
vt 0.686746 -0.361055
vt 0.64822 -0.414816
vt 0.686746 -0.361055
vt 0.679876 -0.346191
vt 0.657318 -0.471538
vt 0.691382 -0.375585
vt 0.686746 -0.361055
vt 0.657318 -0.471538
vt 0.686746 -0.361055
vt 0.652675 -0.443649
vt 0.0582539 0.560859
vt 0.0622075 0.59284
vt 0.0142312 0.5917
vt 0.0582539 0.560859
vt 0.0142312 0.5917
vt 0.0090057 0.561123
vt 0.619087 -0.477811
vt 0.617522 -0.509096
vt 0.657318 -0.471538
vt 0.619087 -0.477811
vt 0.657318 -0.471538
vt 0.652675 -0.443649
vt 0.528474 0.738197
vt 0.530562 0.819876
vt 0.54585 0.814635
vt 0.528474 0.738197
vt 0.54585 0.814635
vt 0.543332 0.735045
vt 0.0207061 0.575066
vt 0.0184445 0.540776
vt -0.0168647 0.556948
vt 0.537533 0.670289
vt 0.528474 0.738197
vt 0.543332 0.735045
vt 0.498598 0.66719
vt 0.503793 0.740986
vt 0.528474 0.738197
vt 0.498598 0.66719
vt 0.528474 0.738197
vt 0.520388 0.665215
vt 0.509704 0.82497
vt 0.530562 0.819876
vt 0.528474 0.738197
vt 0.509704 0.82497
vt 0.528474 0.738197
vt 0.503793 0.740986
vt 0.0643762 0.47745
vt 0.0564756 0.52119
vt 0.00765833 0.519408
vt 0.0643762 0.47745
vt 0.00765833 0.519408
vt 0.0166318 0.472357
vt 0.0582539 0.560859
vt 0.0090057 0.561123
vt 0.00765833 0.519408
vt 0.0582539 0.560859
vt 0.00765833 0.519408
vt 0.0564756 0.52119
vt 0.478076 0.743152
vt 0.486179 0.823283
vt 0.509704 0.82497
vt 0.478076 0.743152
vt 0.509704 0.82497
vt 0.503793 0.740986
vt 0.498598 0.66719
vt 0.475532 0.665903
vt 0.478076 0.743152
vt 0.498598 0.66719
vt 0.478076 0.743152
vt 0.503793 0.740986
vt 0.458224 0.668591
vt 0.457089 0.745954
vt 0.478076 0.743152
vt 0.458224 0.668591
vt 0.478076 0.743152
vt 0.475532 0.665903
vt 0.464817 0.827309
vt 0.486179 0.823283
vt 0.478076 0.743152
vt 0.464817 0.827309
vt 0.478076 0.743152
vt 0.457089 0.745954
vt 0.0720127 0.410069
vt 0.0671842 0.436829
vt 0.0166624 0.429634
vt 0.0720127 0.410069
vt 0.0166624 0.429634
vt 0.023602 0.401273
vt 0.0643762 0.47745
vt 0.0166318 0.472357
vt 0.0166624 0.429634
vt 0.0643762 0.47745
vt 0.0166624 0.429634
vt 0.0671842 0.436829
vt 0.444466 0.745732
vt 0.450637 0.826455
vt 0.464817 0.827309
vt 0.444466 0.745732
vt 0.464817 0.827309
vt 0.457089 0.745954
vt 0.458224 0.668591
vt 0.444679 0.669672
vt 0.444466 0.745732
vt 0.458224 0.668591
vt 0.444466 0.745732
vt 0.457089 0.745954
vt 0.588066 -0.404551
vt 0.622333 -0.457589
vt 0.622866 -0.491932
vt 0.588066 -0.404551
vt 0.622866 -0.491932
vt 0.584836 -0.429552
vt 0.659572 -0.42788
vt 0.663228 -0.452796
vt 0.622866 -0.491932
vt 0.659572 -0.42788
vt 0.622866 -0.491932
vt 0.622333 -0.457589
vt 0.684547 -0.326891
vt 0.690181 -0.345129
vt 0.659572 -0.42788
vt 0.684547 -0.326891
vt 0.659572 -0.42788
vt 0.655888 -0.400368
vt 0.692183 -0.355975
vt 0.663228 -0.452796
vt 0.659572 -0.42788
vt 0.0720127 0.410069
vt 0.0360599 0.3851
vt 0.0774353 0.390075
vt 0.622068 -0.421449
vt 0.655888 -0.400368
vt 0.659572 -0.42788
vt 0.622068 -0.421449
vt 0.659572 -0.42788
vt 0.622333 -0.457589
vt 0.588066 -0.404551
vt 0.590222 -0.37204
vt 0.622068 -0.421449
vt 0.588066 -0.404551
vt 0.622068 -0.421449
vt 0.622333 -0.457589
vt 0.592216 -0.335404
vt 0.621332 -0.374092
vt 0.622068 -0.421449
vt 0.592216 -0.335404
vt 0.622068 -0.421449
vt 0.590222 -0.37204
vt 0.651181 -0.351488
vt 0.655888 -0.400368
vt 0.622068 -0.421449
vt 0.651181 -0.351488
vt 0.622068 -0.421449
vt 0.621332 -0.374092
vt 0.59708 -0.268367
vt 0.623743 -0.302059
vt 0.621332 -0.374092
vt 0.59708 -0.268367
vt 0.621332 -0.374092
vt 0.592216 -0.335404
vt 0.651209 -0.286672
vt 0.651181 -0.351488
vt 0.621332 -0.374092
vt 0.651209 -0.286672
vt 0.621332 -0.374092
vt 0.623743 -0.302059
vt 0.604029 -0.169123
vt 0.630222 -0.183265
vt 0.623743 -0.302059
vt 0.604029 -0.169123
vt 0.623743 -0.302059
vt 0.59708 -0.268367
vt 0.656693 -0.188969
vt 0.651209 -0.286672
vt 0.623743 -0.302059
vt 0.656693 -0.188969
vt 0.623743 -0.302059
vt 0.630222 -0.183265
vt 0.611218 -0.0619409
vt 0.636688 -0.0684408
vt 0.630222 -0.183265
vt 0.611218 -0.0619409
vt 0.630222 -0.183265
vt 0.604029 -0.169123
vt 0.662888 -0.076378
vt 0.656693 -0.188969
vt 0.630222 -0.183265
vt 0.662888 -0.076378
vt 0.630222 -0.183265
vt 0.636688 -0.0684408
vt 0.642074 0.0445186
vt 0.670761 0.0327178
vt 0.662888 -0.076378
vt 0.642074 0.0445186
vt 0.662888 -0.076378
vt 0.636688 -0.0684408
vt 0.69634 0.0194853
vt 0.686841 -0.0913612
vt 0.662888 -0.076378
vt 0.69634 0.0194853
vt 0.662888 -0.076378
vt 0.670761 0.0327178
vt 0.676718 -0.191852
vt 0.656693 -0.188969
vt 0.662888 -0.076378
vt 0.676718 -0.191852
vt 0.662888 -0.076378
vt 0.686841 -0.0913612
vt 0.710506 0.0158813
vt 0.700389 -0.0990186
vt 0.686841 -0.0913612
vt 0.710506 0.0158813
vt 0.686841 -0.0913612
vt 0.69634 0.0194853
vt 0.689645 -0.20422
vt 0.676718 -0.191852
vt 0.686841 -0.0913612
vt 0.689645 -0.20422
vt 0.686841 -0.0913612
vt 0.700389 -0.0990186
vt 0.718625 0.014786
vt 0.708651 -0.104208
vt 0.700389 -0.0990186
vt 0.718625 0.014786
vt 0.700389 -0.0990186
vt 0.710506 0.0158813
vt 0.698636 -0.220784
vt 0.689645 -0.20422
vt 0.700389 -0.0990186
vt 0.698636 -0.220784
vt 0.700389 -0.0990186
vt 0.708651 -0.104208
vt 0.715456 -0.110654
vt 0.704765 -0.232416
vt 0.698636 -0.220784
vt 0.715456 -0.110654
vt 0.698636 -0.220784
vt 0.708651 -0.104208
vt 0.690181 -0.345129
vt 0.684547 -0.326891
vt 0.698636 -0.220784
vt 0.690181 -0.345129
vt 0.698636 -0.220784
vt 0.704765 -0.232416
vt 0.676719 -0.29574
vt 0.689645 -0.20422
vt 0.698636 -0.220784
vt 0.676719 -0.29574
vt 0.698636 -0.220784
vt 0.684547 -0.326891
vt 0.193445 0.412756
vt 0.130073 0.410762
vt 0.133792 0.396454
vt 0.193445 0.412756
vt 0.133792 0.396454
vt 0.194673 0.400057
vt 0.0720127 0.410069
vt 0.0774353 0.390075
vt 0.133792 0.396454
vt 0.0720127 0.410069
vt 0.133792 0.396454
vt 0.130073 0.410762
vt 0.191015 0.436739
vt 0.126284 0.438519
vt 0.130073 0.410762
vt 0.191015 0.436739
vt 0.130073 0.410762
vt 0.193445 0.412756
vt 0.0671842 0.436829
vt 0.0720127 0.410069
vt 0.130073 0.410762
vt 0.0671842 0.436829
vt 0.130073 0.410762
vt 0.126284 0.438519
vt 0.190294 0.4707
vt 0.123626 0.478377
vt 0.126284 0.438519
vt 0.190294 0.4707
vt 0.126284 0.438519
vt 0.191015 0.436739
vt 0.0643762 0.47745
vt 0.0671842 0.436829
vt 0.126284 0.438519
vt 0.0643762 0.47745
vt 0.126284 0.438519
vt 0.123626 0.478377
vt 0.189616 0.514186
vt 0.118959 0.523225
vt 0.123626 0.478377
vt 0.189616 0.514186
vt 0.123626 0.478377
vt 0.190294 0.4707
vt 0.0564756 0.52119
vt 0.0643762 0.47745
vt 0.123626 0.478377
vt 0.0564756 0.52119
vt 0.123626 0.478377
vt 0.118959 0.523225
vt 0.188921 0.553985
vt 0.117683 0.558577
vt 0.118959 0.523225
vt 0.188921 0.553985
vt 0.118959 0.523225
vt 0.189616 0.514186
vt 0.0582539 0.560859
vt 0.0564756 0.52119
vt 0.118959 0.523225
vt 0.0582539 0.560859
vt 0.118959 0.523225
vt 0.117683 0.558577
vt 0.189771 0.589103
vt 0.118979 0.586826
vt 0.117683 0.558577
vt 0.189771 0.589103
vt 0.117683 0.558577
vt 0.188921 0.553985
vt 0.0622075 0.59284
vt 0.0582539 0.560859
vt 0.117683 0.558577
vt 0.0622075 0.59284
vt 0.117683 0.558577
vt 0.118979 0.586826
vt 0.254251 0.552657
vt 0.256086 0.579857
vt 0.189771 0.589103
vt 0.254251 0.552657
vt 0.189771 0.589103
vt 0.188921 0.553985
vt 0.260153 0.610626
vt 0.192697 0.611915
vt 0.189771 0.589103
vt 0.260153 0.610626
vt 0.189771 0.589103
vt 0.256086 0.579857
vt 0.121525 0.614404
vt 0.118979 0.586826
vt 0.189771 0.589103
vt 0.121525 0.614404
vt 0.189771 0.589103
vt 0.192697 0.611915
vt 0.322373 0.581739
vt 0.324386 0.60166
vt 0.260153 0.610626
vt 0.322373 0.581739
vt 0.260153 0.610626
vt 0.256086 0.579857
vt 0.723455 0.154701
vt 0.714731 0.0272181
vt 0.722625 0.0203051
vt 0.723455 0.154701
vt 0.722625 0.0203051
vt 0.732466 0.148772
vt 0.708926 -0.107907
vt 0.717251 -0.114607
vt 0.722625 0.0203051
vt 0.708926 -0.107907
vt 0.722625 0.0203051
vt 0.714731 0.0272181
vt 0.713196 0.15987
vt 0.703345 0.0355645
vt 0.714731 0.0272181
vt 0.713196 0.15987
vt 0.714731 0.0272181
vt 0.723455 0.154701
vt 0.695871 -0.0965667
vt 0.708926 -0.107907
vt 0.714731 0.0272181
vt 0.695871 -0.0965667
vt 0.714731 0.0272181
vt 0.703345 0.0355645
vt 0.696958 0.167075
vt 0.68657 0.0459196
vt 0.703345 0.0355645
vt 0.696958 0.167075
vt 0.703345 0.0355645
vt 0.713196 0.15987
vt 0.677546 -0.0786836
vt 0.695871 -0.0965667
vt 0.703345 0.0355645
vt 0.677546 -0.0786836
vt 0.703345 0.0355645
vt 0.68657 0.0459196
vt 0.718712 0.286061
vt 0.703834 0.290002
vt 0.696958 0.167075
vt 0.718712 0.286061
vt 0.696958 0.167075
vt 0.713196 0.15987
vt 0.681591 0.29678
vt 0.672438 0.176395
vt 0.696958 0.167075
vt 0.681591 0.29678
vt 0.696958 0.167075
vt 0.703834 0.290002
vt 0.660823 0.0606116
vt 0.68657 0.0459196
vt 0.696958 0.167075
vt 0.660823 0.0606116
vt 0.696958 0.167075
vt 0.672438 0.176395
vt 0.709819 0.421818
vt 0.689688 0.424197
vt 0.681591 0.29678
vt 0.709819 0.421818
vt 0.681591 0.29678
vt 0.703834 0.290002
vt 0.66356 0.42945
vt 0.655473 0.305417
vt 0.681591 0.29678
vt 0.66356 0.42945
vt 0.681591 0.29678
vt 0.689688 0.424197
vt 0.64392 0.188736
vt 0.672438 0.176395
vt 0.681591 0.29678
vt 0.64392 0.188736
vt 0.681591 0.29678
vt 0.655473 0.305417
vt 0.693945 0.557645
vt 0.668331 0.558981
vt 0.66356 0.42945
vt 0.693945 0.557645
vt 0.66356 0.42945
vt 0.689688 0.424197
vt 0.642638 0.568375
vt 0.636081 0.439741
vt 0.66356 0.42945
vt 0.642638 0.568375
vt 0.66356 0.42945
vt 0.668331 0.558981
vt 0.62609 0.315977
vt 0.655473 0.305417
vt 0.66356 0.42945
vt 0.62609 0.315977
vt 0.66356 0.42945
vt 0.636081 0.439741
vt 0.672716 0.689885
vt 0.64792 0.697741
vt 0.642638 0.568375
vt 0.672716 0.689885
vt 0.642638 0.568375
vt 0.668331 0.558981
vt 0.620834 0.712205
vt 0.61577 0.583211
vt 0.642638 0.568375
vt 0.620834 0.712205
vt 0.642638 0.568375
vt 0.64792 0.697741
vt 0.608409 0.45181
vt 0.636081 0.439741
vt 0.642638 0.568375
vt 0.608409 0.45181
vt 0.642638 0.568375
vt 0.61577 0.583211
vt 0.653031 0.82446
vt 0.62521 0.838175
vt 0.620834 0.712205
vt 0.653031 0.82446
vt 0.620834 0.712205
vt 0.64792 0.697741
vt 0.598931 0.856884
vt 0.594415 0.730403
vt 0.620834 0.712205
vt 0.598931 0.856884
vt 0.620834 0.712205
vt 0.62521 0.838175
vt 0.589431 0.600202
vt 0.61577 0.583211
vt 0.620834 0.712205
vt 0.589431 0.600202
vt 0.620834 0.712205
vt 0.594415 0.730403
vt 0.630453 0.962867
vt 0.603501 0.981529
vt 0.598931 0.856884
vt 0.630453 0.962867
vt 0.598931 0.856884
vt 0.62521 0.838175
vt 0.577878 1.00319
vt 0.573356 0.877476
vt 0.598931 0.856884
vt 0.577878 1.00319
vt 0.598931 0.856884
vt 0.603501 0.981529
vt 0.568637 0.750725
vt 0.594415 0.730403
vt 0.598931 0.856884
vt 0.568637 0.750725
vt 0.598931 0.856884
vt 0.573356 0.877476
vt 0.608474 1.10356
vt 0.582083 1.12606
vt 0.577878 1.00319
vt 0.608474 1.10356
vt 0.577878 1.00319
vt 0.603501 0.981529
vt 0.555815 1.1479
vt 0.553034 1.02677
vt 0.577878 1.00319
vt 0.555815 1.1479
vt 0.577878 1.00319
vt 0.582083 1.12606
vt 0.54875 0.902564
vt 0.573356 0.877476
vt 0.577878 1.00319
vt 0.54875 0.902564
vt 0.577878 1.00319
vt 0.553034 1.02677
vt 0.586803 1.24198
vt 0.557065 1.26242
vt 0.555815 1.1479
vt 0.586803 1.24198
vt 0.555815 1.1479
vt 0.582083 1.12606
vt 0.527214 1.28489
vt 0.52935 1.17031
vt 0.555815 1.1479
vt 0.527214 1.28489
vt 0.555815 1.1479
vt 0.557065 1.26242
vt 0.528516 1.05199
vt 0.553034 1.02677
vt 0.555815 1.1479
vt 0.528516 1.05199
vt 0.555815 1.1479
vt 0.52935 1.17031
vt 0.555784 1.36463
vt 0.523409 1.3752
vt 0.527214 1.28489
vt 0.555784 1.36463
vt 0.527214 1.28489
vt 0.557065 1.26242
vt 0.491955 1.37602
vt 0.497482 1.29787
vt 0.527214 1.28489
vt 0.491955 1.37602
vt 0.527214 1.28489
vt 0.523409 1.3752
vt 0.502857 1.18778
vt 0.52935 1.17031
vt 0.527214 1.28489
vt 0.502857 1.18778
vt 0.527214 1.28489
vt 0.497482 1.29787
vt 0.522027 1.42211
vt 0.48897 1.42035
vt 0.491955 1.37602
vt 0.522027 1.42211
vt 0.491955 1.37602
vt 0.523409 1.3752
vt 0.452462 1.40211
vt 0.458479 1.36472
vt 0.491955 1.37602
vt 0.452462 1.40211
vt 0.491955 1.37602
vt 0.48897 1.42035
vt 0.467096 1.29382
vt 0.497482 1.29787
vt 0.491955 1.37602
vt 0.467096 1.29382
vt 0.491955 1.37602
vt 0.458479 1.36472
vt 0.422178 1.36986
vt 0.428971 1.32382
vt 0.458479 1.36472
vt 0.422178 1.36986
vt 0.458479 1.36472
vt 0.452462 1.40211
vt 0.439671 1.25877
vt 0.467096 1.29382
vt 0.458479 1.36472
vt 0.439671 1.25877
vt 0.458479 1.36472
vt 0.428971 1.32382
vt 0.405418 1.26716
vt 0.411044 1.23356
vt 0.428971 1.32382
vt 0.405418 1.26716
vt 0.428971 1.32382
vt 0.422178 1.36986
vt 0.423545 1.17802
vt 0.439671 1.25877
vt 0.428971 1.32382
vt 0.423545 1.17802
vt 0.428971 1.32382
vt 0.411044 1.23356
vt 0.396295 1.1378
vt 0.408751 1.09399
vt 0.423545 1.17802
vt 0.396295 1.1378
vt 0.423545 1.17802
vt 0.411044 1.23356
vt 0.42611 1.03298
vt 0.439772 1.11001
vt 0.423545 1.17802
vt 0.42611 1.03298
vt 0.423545 1.17802
vt 0.408751 1.09399
vt 0.454966 1.16964
vt 0.439671 1.25877
vt 0.423545 1.17802
vt 0.454966 1.16964
vt 0.423545 1.17802
vt 0.439772 1.11001
vt 0.394487 1.00468
vt 0.411592 0.952586
vt 0.42611 1.03298
vt 0.394487 1.00468
vt 0.42611 1.03298
vt 0.408751 1.09399
vt 0.432189 0.894014
vt 0.444915 0.974532
vt 0.42611 1.03298
vt 0.432189 0.894014
vt 0.42611 1.03298
vt 0.411592 0.952586
vt 0.456142 1.05013
vt 0.439772 1.11001
vt 0.42611 1.03298
vt 0.456142 1.05013
vt 0.42611 1.03298
vt 0.444915 0.974532
vt 0.476788 1.00458
vt 0.456142 1.05013
vt 0.444915 0.974532
vt 0.476788 1.00458
vt 0.444915 0.974532
vt 0.467956 0.917558
vt 0.456526 0.833977
vt 0.467956 0.917558
vt 0.444915 0.974532
vt 0.456526 0.833977
vt 0.444915 0.974532
vt 0.432189 0.894014
vt 0.492879 0.867072
vt 0.467956 0.917558
vt 0.456526 0.833977
vt 0.492879 0.867072
vt 0.456526 0.833977
vt 0.482803 0.776358
vt 0.418394 0.812992
vt 0.443603 0.752457
vt 0.456526 0.833977
vt 0.418394 0.812992
vt 0.456526 0.833977
vt 0.432189 0.894014
vt 0.470654 0.692598
vt 0.482803 0.776358
vt 0.456526 0.833977
vt 0.470654 0.692598
vt 0.456526 0.833977
vt 0.443603 0.752457
vt 0.509737 0.719797
vt 0.482803 0.776358
vt 0.470654 0.692598
vt 0.509737 0.719797
vt 0.470654 0.692598
vt 0.498369 0.631881
vt 0.429162 0.672681
vt 0.456665 0.612642
vt 0.470654 0.692598
vt 0.429162 0.672681
vt 0.470654 0.692598
vt 0.443603 0.752457
vt 0.484766 0.551092
vt 0.498369 0.631881
vt 0.470654 0.692598
vt 0.484766 0.551092
vt 0.470654 0.692598
vt 0.456665 0.612642
vt 0.526905 0.568606
vt 0.498369 0.631881
vt 0.484766 0.551092
vt 0.526905 0.568606
vt 0.484766 0.551092
vt 0.513223 0.485917
vt 0.440859 0.534602
vt 0.468973 0.472762
vt 0.484766 0.551092
vt 0.440859 0.534602
vt 0.484766 0.551092
vt 0.456665 0.612642
vt 0.49707 0.407379
vt 0.513223 0.485917
vt 0.484766 0.551092
vt 0.49707 0.407379
vt 0.484766 0.551092
vt 0.468973 0.472762
vt 0.541701 0.41779
vt 0.513223 0.485917
vt 0.49707 0.407379
vt 0.541701 0.41779
vt 0.49707 0.407379
vt 0.525065 0.337347
vt 0.451205 0.396729
vt 0.478868 0.330664
vt 0.49707 0.407379
vt 0.451205 0.396729
vt 0.49707 0.407379
vt 0.468973 0.472762
vt 0.506593 0.261322
vt 0.525065 0.337347
vt 0.49707 0.407379
vt 0.506593 0.261322
vt 0.49707 0.407379
vt 0.478868 0.330664
vt 0.552534 0.269915
vt 0.525065 0.337347
vt 0.506593 0.261322
vt 0.552534 0.269915
vt 0.506593 0.261322
vt 0.533537 0.18939
vt 0.460343 0.263489
vt 0.486621 0.192595
vt 0.506593 0.261322
vt 0.460343 0.263489
vt 0.506593 0.261322
vt 0.478868 0.330664
vt 0.512218 0.11462
vt 0.533537 0.18939
vt 0.506593 0.261322
vt 0.512218 0.11462
vt 0.506593 0.261322
vt 0.486621 0.192595
vt 0.563106 0.140313
vt 0.533537 0.18939
vt 0.512218 0.11462
vt 0.563106 0.140313
vt 0.512218 0.11462
vt 0.543085 0.0579705
vt 0.466004 0.135193
vt 0.488863 0.0458168
vt 0.512218 0.11462
vt 0.466004 0.135193
vt 0.512218 0.11462
vt 0.486621 0.192595
vt 0.522633 -0.0155715
vt 0.543085 0.0579705
vt 0.512218 0.11462
vt 0.522633 -0.0155715
vt 0.512218 0.11462
vt 0.488863 0.0458168
vt 0.577632 0.0159731
vt 0.543085 0.0579705
vt 0.522633 -0.0155715
vt 0.577632 0.0159731
vt 0.522633 -0.0155715
vt 0.559214 -0.0628573
vt 0.4719 -0.00189251
vt 0.50403 -0.081119
vt 0.522633 -0.0155715
vt 0.4719 -0.00189251
vt 0.522633 -0.0155715
vt 0.488863 0.0458168
vt 0.542062 -0.130624
vt 0.559214 -0.0628573
vt 0.522633 -0.0155715
vt 0.542062 -0.130624
vt 0.522633 -0.0155715
vt 0.50403 -0.081119
vt 0.595931 -0.104676
vt 0.559214 -0.0628573
vt 0.542062 -0.130624
vt 0.595931 -0.104676
vt 0.542062 -0.130624
vt 0.578279 -0.184104
vt 0.491384 -0.124582
vt 0.527589 -0.18694
vt 0.542062 -0.130624
vt 0.491384 -0.124582
vt 0.542062 -0.130624
vt 0.50403 -0.081119
vt 0.561414 -0.250532
vt 0.578279 -0.184104
vt 0.542062 -0.130624
vt 0.561414 -0.250532
vt 0.542062 -0.130624
vt 0.527589 -0.18694
vt 0.612966 -0.227083
vt 0.578279 -0.184104
vt 0.561414 -0.250532
vt 0.612966 -0.227083
vt 0.561414 -0.250532
vt 0.592875 -0.300139
vt 0.517007 -0.223721
vt 0.55022 -0.287015
vt 0.561414 -0.250532
vt 0.517007 -0.223721
vt 0.561414 -0.250532
vt 0.527589 -0.18694
vt 0.579088 -0.34701
vt 0.592875 -0.300139
vt 0.561414 -0.250532
vt 0.579088 -0.34701
vt 0.561414 -0.250532
vt 0.55022 -0.287015
vt 0.619741 -0.345016
vt 0.592875 -0.300139
vt 0.579088 -0.34701
vt 0.619741 -0.345016
vt 0.579088 -0.34701
vt 0.603313 -0.386522
vt 0.542112 -0.309304
vt 0.571124 -0.368912
vt 0.579088 -0.34701
vt 0.542112 -0.309304
vt 0.579088 -0.34701
vt 0.55022 -0.287015
vt 0.59577 -0.416762
vt 0.603313 -0.386522
vt 0.579088 -0.34701
vt 0.59577 -0.416762
vt 0.579088 -0.34701
vt 0.571124 -0.368912
vt 0.536719 -0.324876
vt 0.563587 -0.386915
vt 0.571124 -0.368912
vt 0.536719 -0.324876
vt 0.571124 -0.368912
vt 0.542112 -0.309304
vt 0.588645 -0.444598
vt 0.59577 -0.416762
vt 0.571124 -0.368912
vt 0.588645 -0.444598
vt 0.571124 -0.368912
vt 0.563587 -0.386915
vt 0.620382 -0.434801
vt 0.59577 -0.416762
vt 0.588645 -0.444598
vt 0.620382 -0.434801
vt 0.588645 -0.444598
vt 0.619087 -0.477811
vt 0.0576556 0.570938
vt 0.0207061 0.575066
vt 0.0277008 0.606043
vt 0.0576556 0.570938
vt 0.0277008 0.606043
vt 0.0565426 0.600448
vt 0.617522 -0.509096
vt 0.619087 -0.477811
vt 0.588645 -0.444598
vt 0.543332 0.735045
vt 0.553022 0.67729
vt 0.537533 0.670289
vt 0.554584 0.573439
vt 0.538061 0.56429
vt 0.535469 0.621534
vt 0.0875621 0.609168
vt 0.0576556 0.570938
vt 0.0565426 0.600448
vt 0.0892705 0.5329
vt 0.0588693 0.53386
vt 0.0576556 0.570938
vt 0.51645 0.557288
vt 0.535469 0.621534
vt 0.538061 0.56429
vt 0.0184445 0.540776
vt 0.0207061 0.575066
vt 0.0576556 0.570938
vt 0.0184445 0.540776
vt 0.0576556 0.570938
vt 0.0588693 0.53386
vt 0.494224 0.546964
vt 0.494377 0.612317
vt 0.51693 0.615148
vt 0.0869824 0.488449
vt 0.0588693 0.53386
vt 0.0892705 0.5329
vt 0.0216934 0.497196
vt 0.0184445 0.540776
vt 0.0588693 0.53386
vt 0.0216934 0.497196
vt 0.0588693 0.53386
vt 0.0605306 0.488755
vt 0.0912521 0.445774
vt 0.0597039 0.443103
vt 0.0605306 0.488755
vt 0.472887 0.544281
vt 0.494377 0.612317
vt 0.494224 0.546964
vt 0.0250721 0.451064
vt 0.0216934 0.497196
vt 0.0605306 0.488755
vt 0.0250721 0.451064
vt 0.0605306 0.488755
vt 0.0597039 0.443103
vt 0.0979771 0.412011
vt 0.0662971 0.410895
vt 0.0597039 0.443103
vt 0.0979771 0.412011
vt 0.0597039 0.443103
vt 0.0912521 0.445774
vt 0.0300789 0.416449
vt 0.0250721 0.451064
vt 0.0597039 0.443103
vt 0.0300789 0.416449
vt 0.0597039 0.443103
vt 0.0662971 0.410895
vt 0.107578 0.388754
vt 0.0762627 0.380862
vt 0.0662971 0.410895
vt 0.107578 0.388754
vt 0.0662971 0.410895
vt 0.0979771 0.412011
vt 0.0352238 0.389358
vt 0.0300789 0.416449
vt 0.0662971 0.410895
vt 0.0352238 0.389358
vt 0.0662971 0.410895
vt 0.0762627 0.380862
vt 0.524914 -0.264826
vt 0.557651 -0.322194
vt 0.553853 -0.347475
vt 0.524914 -0.264826
vt 0.553853 -0.347475
vt 0.52314 -0.284844
vt 0.588066 -0.404551
vt 0.584836 -0.429552
vt 0.553853 -0.347475
vt 0.588066 -0.404551
vt 0.553853 -0.347475
vt 0.557651 -0.322194
vt 0.527626 -0.244551
vt 0.559692 -0.298858
vt 0.557651 -0.322194
vt 0.527626 -0.244551
vt 0.557651 -0.322194
vt 0.524914 -0.264826
vt 0.590222 -0.37204
vt 0.588066 -0.404551
vt 0.557651 -0.322194
vt 0.590222 -0.37204
vt 0.557651 -0.322194
vt 0.559692 -0.298858
vt 0.531225 -0.218522
vt 0.563213 -0.265831
vt 0.559692 -0.298858
vt 0.531225 -0.218522
vt 0.559692 -0.298858
vt 0.527626 -0.244551
vt 0.592216 -0.335404
vt 0.590222 -0.37204
vt 0.559692 -0.298858
vt 0.592216 -0.335404
vt 0.559692 -0.298858
vt 0.563213 -0.265831
vt 0.537172 -0.17966
vt 0.568759 -0.21718
vt 0.563213 -0.265831
vt 0.537172 -0.17966
vt 0.563213 -0.265831
vt 0.531225 -0.218522
vt 0.59708 -0.268367
vt 0.592216 -0.335404
vt 0.563213 -0.265831
vt 0.59708 -0.268367
vt 0.563213 -0.265831
vt 0.568759 -0.21718
vt 0.546571 -0.117543
vt 0.576366 -0.141306
vt 0.568759 -0.21718
vt 0.546571 -0.117543
vt 0.568759 -0.21718
vt 0.537172 -0.17966
vt 0.604029 -0.169123
vt 0.59708 -0.268367
vt 0.568759 -0.21718
vt 0.604029 -0.169123
vt 0.568759 -0.21718
vt 0.576366 -0.141306
vt 0.55776 -0.0306526
vt 0.584797 -0.0488049
vt 0.576366 -0.141306
vt 0.55776 -0.0306526
vt 0.576366 -0.141306
vt 0.546571 -0.117543
vt 0.611218 -0.0619409
vt 0.604029 -0.169123
vt 0.576366 -0.141306
vt 0.611218 -0.0619409
vt 0.576366 -0.141306
vt 0.584797 -0.0488049
vt 0.564628 0.0588079
vt 0.590148 0.0546967
vt 0.584797 -0.0488049
vt 0.564628 0.0588079
vt 0.584797 -0.0488049
vt 0.55776 -0.0306526
vt 0.615714 0.0492211
vt 0.611218 -0.0619409
vt 0.584797 -0.0488049
vt 0.615714 0.0492211
vt 0.584797 -0.0488049
vt 0.590148 0.0546967
vt 0.589718 0.160793
vt 0.616311 0.162761
vt 0.615714 0.0492211
vt 0.589718 0.160793
vt 0.615714 0.0492211
vt 0.590148 0.0546967
vt 0.643842 0.161688
vt 0.642074 0.0445186
vt 0.615714 0.0492211
vt 0.643842 0.161688
vt 0.615714 0.0492211
vt 0.616311 0.162761
vt 0.636688 -0.0684408
vt 0.611218 -0.0619409
vt 0.615714 0.0492211
vt 0.636688 -0.0684408
vt 0.615714 0.0492211
vt 0.642074 0.0445186
vt 0.613085 0.275955
vt 0.642491 0.278659
vt 0.643842 0.161688
vt 0.613085 0.275955
vt 0.643842 0.161688
vt 0.616311 0.162761
vt 0.670961 0.279311
vt 0.671538 0.158939
vt 0.643842 0.161688
vt 0.670961 0.279311
vt 0.643842 0.161688
vt 0.642491 0.278659
vt 0.670761 0.0327178
vt 0.642074 0.0445186
vt 0.643842 0.161688
vt 0.670761 0.0327178
vt 0.643842 0.161688
vt 0.671538 0.158939
vt 0.696875 0.277056
vt 0.696868 0.153879
vt 0.671538 0.158939
vt 0.696875 0.277056
vt 0.671538 0.158939
vt 0.670961 0.279311
vt 0.69634 0.0194853
vt 0.670761 0.0327178
vt 0.671538 0.158939
vt 0.69634 0.0194853
vt 0.671538 0.158939
vt 0.696868 0.153879
vt 0.713929 0.275887
vt 0.712969 0.150835
vt 0.696868 0.153879
vt 0.713929 0.275887
vt 0.696868 0.153879
vt 0.696875 0.277056
vt 0.710506 0.0158813
vt 0.69634 0.0194853
vt 0.696868 0.153879
vt 0.710506 0.0158813
vt 0.696868 0.153879
vt 0.712969 0.150835
vt 0.724063 0.275415
vt 0.721621 0.150753
vt 0.712969 0.150835
vt 0.724063 0.275415
vt 0.712969 0.150835
vt 0.713929 0.275887
vt 0.718625 0.014786
vt 0.710506 0.0158813
vt 0.712969 0.150835
vt 0.718625 0.014786
vt 0.712969 0.150835
vt 0.721621 0.150753
vt 0.732577 0.274594
vt 0.729908 0.150364
vt 0.721621 0.150753
vt 0.732577 0.274594
vt 0.721621 0.150753
vt 0.724063 0.275415
vt 0.724606 0.016294
vt 0.718625 0.014786
vt 0.721621 0.150753
vt 0.724606 0.016294
vt 0.721621 0.150753
vt 0.729908 0.150364
vt 0.323827 0.414376
vt 0.257662 0.414886
vt 0.258147 0.399004
vt 0.323827 0.414376
vt 0.258147 0.399004
vt 0.325182 0.394981
vt 0.193445 0.412756
vt 0.194673 0.400057
vt 0.258147 0.399004
vt 0.193445 0.412756
vt 0.258147 0.399004
vt 0.257662 0.414886
vt 0.708651 -0.104208
vt 0.718625 0.014786
vt 0.724606 0.016294
vt 0.708651 -0.104208
vt 0.724606 0.016294
vt 0.715456 -0.110654
vt 0.323296 0.435437
vt 0.257416 0.437691
vt 0.257662 0.414886
vt 0.323296 0.435437
vt 0.257662 0.414886
vt 0.323827 0.414376
vt 0.191015 0.436739
vt 0.193445 0.412756
vt 0.257662 0.414886
vt 0.191015 0.436739
vt 0.257662 0.414886
vt 0.257416 0.437691
vt 0.32249 0.467242
vt 0.256481 0.470313
vt 0.257416 0.437691
vt 0.32249 0.467242
vt 0.257416 0.437691
vt 0.323296 0.435437
vt 0.190294 0.4707
vt 0.191015 0.436739
vt 0.257416 0.437691
vt 0.190294 0.4707
vt 0.257416 0.437691
vt 0.256481 0.470313
vt 0.321548 0.51487
vt 0.254152 0.514145
vt 0.256481 0.470313
vt 0.321548 0.51487
vt 0.256481 0.470313
vt 0.32249 0.467242
vt 0.189616 0.514186
vt 0.190294 0.4707
vt 0.256481 0.470313
vt 0.189616 0.514186
vt 0.256481 0.470313
vt 0.254152 0.514145
vt 0.321996 0.551657
vt 0.254251 0.552657
vt 0.254152 0.514145
vt 0.321996 0.551657
vt 0.254152 0.514145
vt 0.321548 0.51487
vt 0.188921 0.553985
vt 0.189616 0.514186
vt 0.254152 0.514145
vt 0.188921 0.553985
vt 0.254152 0.514145
vt 0.254251 0.552657
vt 0.389828 0.505136
vt 0.39175 0.537113
vt 0.321996 0.551657
vt 0.389828 0.505136
vt 0.321996 0.551657
vt 0.321548 0.51487
vt 0.390866 0.573061
vt 0.322373 0.581739
vt 0.321996 0.551657
vt 0.390866 0.573061
vt 0.321996 0.551657
vt 0.39175 0.537113
vt 0.256086 0.579857
vt 0.254251 0.552657
vt 0.321996 0.551657
vt 0.256086 0.579857
vt 0.321996 0.551657
vt 0.322373 0.581739
vt 0.458613 0.526323
vt 0.459227 0.564728
vt 0.390866 0.573061
vt 0.458613 0.526323
vt 0.390866 0.573061
vt 0.39175 0.537113
vt 0.459497 0.591751
vt 0.391299 0.597665
vt 0.390866 0.573061
vt 0.459497 0.591751
vt 0.390866 0.573061
vt 0.459227 0.564728
vt 0.324386 0.60166
vt 0.322373 0.581739
vt 0.390866 0.573061
vt 0.324386 0.60166
vt 0.390866 0.573061
vt 0.391299 0.597665
vt 0.730149 0.422146
vt 0.727772 0.284561
vt 0.738251 0.282598
vt 0.461073 0.611452
vt 0.391299 0.597665
vt 0.459497 0.591751
vt 0.723455 0.154701
vt 0.732466 0.148772
vt 0.738251 0.282598
vt 0.723455 0.154701
vt 0.738251 0.282598
vt 0.727772 0.284561
vt 0.722059 0.421955
vt 0.718712 0.286061
vt 0.727772 0.284561
vt 0.722059 0.421955
vt 0.727772 0.284561
vt 0.730149 0.422146
vt 0.713196 0.15987
vt 0.723455 0.154701
vt 0.727772 0.284561
vt 0.713196 0.15987
vt 0.727772 0.284561
vt 0.718712 0.286061
vt 0.528185 0.607778
vt 0.528731 0.626698
vt 0.460977 0.625196
vt 0.730674 0.556369
vt 0.722059 0.421955
vt 0.730149 0.422146
vt 0.712915 0.558176
vt 0.709819 0.421818
vt 0.722059 0.421955
vt 0.712915 0.558176
vt 0.722059 0.421955
vt 0.724029 0.557461
vt 0.703834 0.290002
vt 0.718712 0.286061
vt 0.722059 0.421955
vt 0.703834 0.290002
vt 0.722059 0.421955
vt 0.709819 0.421818
vt 0.719855 0.68797
vt 0.709563 0.68779
vt 0.712915 0.558176
vt 0.719855 0.68797
vt 0.712915 0.558176
vt 0.724029 0.557461
vt 0.694078 0.687764
vt 0.693945 0.557645
vt 0.712915 0.558176
vt 0.694078 0.687764
vt 0.712915 0.558176
vt 0.709563 0.68779
vt 0.689688 0.424197
vt 0.709819 0.421818
vt 0.712915 0.558176
vt 0.689688 0.424197
vt 0.712915 0.558176
vt 0.693945 0.557645
vt 0.708779 0.809017
vt 0.695994 0.812133
vt 0.694078 0.687764
vt 0.708779 0.809017
vt 0.694078 0.687764
vt 0.709563 0.68779
vt 0.6776 0.816283
vt 0.672716 0.689885
vt 0.694078 0.687764
vt 0.6776 0.816283
vt 0.694078 0.687764
vt 0.695994 0.812133
vt 0.668331 0.558981
vt 0.693945 0.557645
vt 0.694078 0.687764
vt 0.668331 0.558981
vt 0.694078 0.687764
vt 0.672716 0.689885
vt 0.698225 0.933657
vt 0.681325 0.940336
vt 0.6776 0.816283
vt 0.698225 0.933657
vt 0.6776 0.816283
vt 0.695994 0.812133
vt 0.657799 0.949364
vt 0.653031 0.82446
vt 0.6776 0.816283
vt 0.657799 0.949364
vt 0.6776 0.816283
vt 0.681325 0.940336
vt 0.64792 0.697741
vt 0.672716 0.689885
vt 0.6776 0.816283
vt 0.64792 0.697741
vt 0.6776 0.816283
vt 0.653031 0.82446
vt 0.685713 1.05397
vt 0.663049 1.06532
vt 0.657799 0.949364
vt 0.685713 1.05397
vt 0.657799 0.949364
vt 0.681325 0.940336
vt 0.635578 1.08179
vt 0.630453 0.962867
vt 0.657799 0.949364
vt 0.635578 1.08179
vt 0.657799 0.949364
vt 0.663049 1.06532
vt 0.62521 0.838175
vt 0.653031 0.82446
vt 0.657799 0.949364
vt 0.62521 0.838175
vt 0.657799 0.949364
vt 0.630453 0.962867
vt 0.669393 1.16829
vt 0.643418 1.19387
vt 0.635578 1.08179
vt 0.669393 1.16829
vt 0.635578 1.08179
vt 0.663049 1.06532
vt 0.615463 1.21941
vt 0.608474 1.10356
vt 0.635578 1.08179
vt 0.615463 1.21941
vt 0.635578 1.08179
vt 0.643418 1.19387
vt 0.603501 0.981529
vt 0.630453 0.962867
vt 0.635578 1.08179
vt 0.603501 0.981529
vt 0.635578 1.08179
vt 0.608474 1.10356
vt 0.652864 1.29197
vt 0.621459 1.32221
vt 0.615463 1.21941
vt 0.652864 1.29197
vt 0.615463 1.21941
vt 0.643418 1.19387
vt 0.58901 1.34622
vt 0.586803 1.24198
vt 0.615463 1.21941
vt 0.58901 1.34622
vt 0.615463 1.21941
vt 0.621459 1.32221
vt 0.582083 1.12606
vt 0.608474 1.10356
vt 0.615463 1.21941
vt 0.582083 1.12606
vt 0.615463 1.21941
vt 0.586803 1.24198
vt 0.62478 1.38761
vt 0.589874 1.41273
vt 0.58901 1.34622
vt 0.62478 1.38761
vt 0.58901 1.34622
vt 0.621459 1.32221
vt 0.555462 1.41952
vt 0.555784 1.36463
vt 0.58901 1.34622
vt 0.555462 1.41952
vt 0.58901 1.34622
vt 0.589874 1.41273
vt 0.557065 1.26242
vt 0.586803 1.24198
vt 0.58901 1.34622
vt 0.557065 1.26242
vt 0.58901 1.34622
vt 0.555784 1.36463
vt 0.58955 1.46927
vt 0.555367 1.45303
vt 0.555462 1.41952
vt 0.58955 1.46927
vt 0.555462 1.41952
vt 0.589874 1.41273
vt 0.521855 1.45493
vt 0.522027 1.42211
vt 0.555462 1.41952
vt 0.521855 1.45493
vt 0.555462 1.41952
vt 0.555367 1.45303
vt 0.523409 1.3752
vt 0.555784 1.36463
vt 0.555462 1.41952
vt 0.523409 1.3752
vt 0.555462 1.41952
vt 0.522027 1.42211
vt 0.555765 1.47648
vt 0.521582 1.47452
vt 0.521855 1.45493
vt 0.555765 1.47648
vt 0.521855 1.45493
vt 0.555367 1.45303
vt 0.485985 1.47198
vt 0.487386 1.44829
vt 0.521855 1.45493
vt 0.485985 1.47198
vt 0.521855 1.45493
vt 0.521582 1.47452
vt 0.48897 1.42035
vt 0.522027 1.42211
vt 0.521855 1.45493
vt 0.48897 1.42035
vt 0.521855 1.45493
vt 0.487386 1.44829
vt 0.446376 1.43653
vt 0.449065 1.42001
vt 0.487386 1.44829
vt 0.446376 1.43653
vt 0.487386 1.44829
vt 0.485985 1.47198
vt 0.452462 1.40211
vt 0.48897 1.42035
vt 0.487386 1.44829
vt 0.452462 1.40211
vt 0.487386 1.44829
vt 0.449065 1.42001
vt 0.55169 0.333451
vt 0.56187 0.337899
vt 0.561662 0.39813
vt 0.416725 1.4126
vt 0.449065 1.42001
vt 0.446376 1.43653
vt 0.422178 1.36986
vt 0.452462 1.40211
vt 0.449065 1.42001
vt 0.422178 1.36986
vt 0.449065 1.42001
vt 0.418949 1.39971
vt 0.907276 0.593549
vt 0.895804 0.606389
vt 0.949853 0.62374
vt 0.907276 0.593549
vt 0.949853 0.62374
vt 0.956299 0.60338
vt 0.405418 1.26716
vt 0.422178 1.36986
vt 0.418949 1.39971
vt 0.405418 1.26716
vt 0.418949 1.39971
vt 0.40265 1.29161
vt 0.852325 0.587815
vt 0.841331 0.606399
vt 0.895804 0.606389
vt 0.378318 1.20465
vt 0.40265 1.29161
vt 0.39927 1.31455
vt 0.388344 1.16352
vt 0.405418 1.26716
vt 0.40265 1.29161
vt 0.388344 1.16352
vt 0.40265 1.29161
vt 0.382925 1.18266
vt 0.367193 1.09111
vt 0.373242 1.07162
vt 0.388344 1.16352
vt 0.367193 1.09111
vt 0.388344 1.16352
vt 0.382925 1.18266
vt 0.381322 1.04634
vt 0.396295 1.1378
vt 0.388344 1.16352
vt 0.381322 1.04634
vt 0.388344 1.16352
vt 0.373242 1.07162
vt 0.411044 1.23356
vt 0.405418 1.26716
vt 0.388344 1.16352
vt 0.411044 1.23356
vt 0.388344 1.16352
vt 0.396295 1.1378
vt 0.355827 0.98741
vt 0.364834 0.960392
vt 0.381322 1.04634
vt 0.355827 0.98741
vt 0.381322 1.04634
vt 0.373242 1.07162
vt 0.378452 0.920772
vt 0.394487 1.00468
vt 0.381322 1.04634
vt 0.378452 0.920772
vt 0.381322 1.04634
vt 0.364834 0.960392
vt 0.408751 1.09399
vt 0.396295 1.1378
vt 0.381322 1.04634
vt 0.408751 1.09399
vt 0.381322 1.04634
vt 0.394487 1.00468
vt 0.347705 0.877498
vt 0.361752 0.838712
vt 0.378452 0.920772
vt 0.347705 0.877498
vt 0.378452 0.920772
vt 0.364834 0.960392
vt 0.380538 0.789226
vt 0.396684 0.870519
vt 0.378452 0.920772
vt 0.380538 0.789226
vt 0.378452 0.920772
vt 0.361752 0.838712
vt 0.411592 0.952586
vt 0.394487 1.00468
vt 0.378452 0.920772
vt 0.411592 0.952586
vt 0.378452 0.920772
vt 0.396684 0.870519
vt 0.432189 0.894014
vt 0.411592 0.952586
vt 0.396684 0.870519
vt 0.432189 0.894014
vt 0.396684 0.870519
vt 0.418394 0.812992
vt 0.403051 0.732306
vt 0.418394 0.812992
vt 0.396684 0.870519
vt 0.403051 0.732306
vt 0.396684 0.870519
vt 0.380538 0.789226
vt 0.443603 0.752457
vt 0.418394 0.812992
vt 0.403051 0.732306
vt 0.443603 0.752457
vt 0.403051 0.732306
vt 0.429162 0.672681
vt 0.362486 0.705519
vt 0.386195 0.647703
vt 0.403051 0.732306
vt 0.362486 0.705519
vt 0.403051 0.732306
vt 0.380538 0.789226
vt 0.412738 0.592384
vt 0.429162 0.672681
vt 0.403051 0.732306
vt 0.412738 0.592384
vt 0.403051 0.732306
vt 0.386195 0.647703
vt 0.456665 0.612642
vt 0.429162 0.672681
vt 0.412738 0.592384
vt 0.456665 0.612642
vt 0.412738 0.592384
vt 0.440859 0.534602
vt 0.368294 0.557886
vt 0.395403 0.512439
vt 0.412738 0.592384
vt 0.368294 0.557886
vt 0.412738 0.592384
vt 0.386195 0.647703
vt 0.423889 0.460201
vt 0.440859 0.534602
vt 0.412738 0.592384
vt 0.423889 0.460201
vt 0.412738 0.592384
vt 0.395403 0.512439
vt 0.468973 0.472762
vt 0.440859 0.534602
vt 0.423889 0.460201
vt 0.468973 0.472762
vt 0.423889 0.460201
vt 0.451205 0.396729
vt 0.381669 0.447953
vt 0.408836 0.39915
vt 0.423889 0.460201
vt 0.381669 0.447953
vt 0.423889 0.460201
vt 0.395403 0.512439
vt 0.433912 0.331832
vt 0.451205 0.396729
vt 0.423889 0.460201
vt 0.433912 0.331832
vt 0.423889 0.460201
vt 0.408836 0.39915
vt 0.478868 0.330664
vt 0.451205 0.396729
vt 0.433912 0.331832
vt 0.478868 0.330664
vt 0.433912 0.331832
vt 0.460343 0.263489
vt 0.398753 0.359232
vt 0.421321 0.288372
vt 0.433912 0.331832
vt 0.398753 0.359232
vt 0.433912 0.331832
vt 0.408836 0.39915
vt 0.443554 0.212464
vt 0.460343 0.263489
vt 0.433912 0.331832
vt 0.443554 0.212464
vt 0.433912 0.331832
vt 0.421321 0.288372
vt 0.486621 0.192595
vt 0.460343 0.263489
vt 0.443554 0.212464
vt 0.486621 0.192595
vt 0.443554 0.212464
vt 0.466004 0.135193
vt 0.413897 0.264021
vt 0.433513 0.183717
vt 0.443554 0.212464
vt 0.413897 0.264021
vt 0.443554 0.212464
vt 0.421321 0.288372
vt 0.451946 0.0986548
vt 0.466004 0.135193
vt 0.443554 0.212464
vt 0.451946 0.0986548
vt 0.443554 0.212464
vt 0.433513 0.183717
vt 0.488863 0.0458168
vt 0.466004 0.135193
vt 0.451946 0.0986548
vt 0.488863 0.0458168
vt 0.451946 0.0986548
vt 0.4719 -0.00189251
vt 0.427414 0.167666
vt 0.44406 0.0795438
vt 0.451946 0.0986548
vt 0.427414 0.167666
vt 0.451946 0.0986548
vt 0.433513 0.183717
vt 0.462367 -0.026356
vt 0.4719 -0.00189251
vt 0.451946 0.0986548
vt 0.462367 -0.026356
vt 0.451946 0.0986548
vt 0.44406 0.0795438
vt 0.50403 -0.081119
vt 0.4719 -0.00189251
vt 0.462367 -0.026356
vt 0.50403 -0.081119
vt 0.462367 -0.026356
vt 0.491384 -0.124582
vt 0.43898 0.066477
vt 0.455777 -0.0420142
vt 0.462367 -0.026356
vt 0.43898 0.066477
vt 0.462367 -0.026356
vt 0.44406 0.0795438
vt 0.482295 -0.150723
vt 0.491384 -0.124582
vt 0.462367 -0.026356
vt 0.482295 -0.150723
vt 0.462367 -0.026356
vt 0.455777 -0.0420142
vt 0.527589 -0.18694
vt 0.491384 -0.124582
vt 0.482295 -0.150723
vt 0.527589 -0.18694
vt 0.482295 -0.150723
vt 0.517007 -0.223721
vt 0.449423 -0.0542242
vt 0.471083 -0.174362
vt 0.482295 -0.150723
vt 0.449423 -0.0542242
vt 0.482295 -0.150723
vt 0.455777 -0.0420142
vt 0.508539 -0.265231
vt 0.517007 -0.223721
vt 0.482295 -0.150723
vt 0.508539 -0.265231
vt 0.482295 -0.150723
vt 0.471083 -0.174362
vt 0.55022 -0.287015
vt 0.517007 -0.223721
vt 0.508539 -0.265231
vt 0.55022 -0.287015
vt 0.508539 -0.265231
vt 0.542112 -0.309304
vt 0.465845 -0.184151
vt 0.495995 -0.310879
vt 0.508539 -0.265231
vt 0.465845 -0.184151
vt 0.508539 -0.265231
vt 0.471083 -0.174362
vt 0.536719 -0.324876
vt 0.542112 -0.309304
vt 0.508539 -0.265231
vt 0.536719 -0.324876
vt 0.508539 -0.265231
vt 0.495995 -0.310879
vt 0.156208 0.589523
vt 0.0994031 0.590221
vt 0.0945606 0.627827
vt 0.156208 0.589523
vt 0.0945606 0.627827
vt 0.157925 0.621017
vt 0.538061 0.56429
vt 0.554584 0.573439
vt 0.563914 0.491991
vt 0.538061 0.56429
vt 0.563914 0.491991
vt 0.54511 0.472491
vt 0.161974 0.548506
vt 0.111678 0.539933
vt 0.0994031 0.590221
vt 0.161974 0.548506
vt 0.0994031 0.590221
vt 0.156208 0.589523
vt 0.51645 0.557288
vt 0.538061 0.56429
vt 0.54511 0.472491
vt 0.51645 0.557288
vt 0.54511 0.472491
vt 0.519966 0.468076
vt 0.162648 0.496213
vt 0.11819 0.493807
vt 0.111678 0.539933
vt 0.162648 0.496213
vt 0.111678 0.539933
vt 0.161974 0.548506
vt 0.494224 0.546964
vt 0.51645 0.557288
vt 0.519966 0.468076
vt 0.494224 0.546964
vt 0.519966 0.468076
vt 0.496903 0.466887
vt 0.168117 0.450818
vt 0.120438 0.445957
vt 0.11819 0.493807
vt 0.168117 0.450818
vt 0.11819 0.493807
vt 0.162648 0.496213
vt 0.472887 0.544281
vt 0.494224 0.546964
vt 0.496903 0.466887
vt 0.472887 0.544281
vt 0.496903 0.466887
vt 0.472979 0.46922
vt 0.174118 0.412043
vt 0.127066 0.410338
vt 0.120438 0.445957
vt 0.174118 0.412043
vt 0.120438 0.445957
vt 0.168117 0.450818
vt 0.456005 0.544193
vt 0.472887 0.544281
vt 0.472979 0.46922
vt 0.456005 0.544193
vt 0.472979 0.46922
vt 0.455169 0.472779
vt 0.186566 0.398087
vt 0.138758 0.391032
vt 0.127066 0.410338
vt 0.465011 -0.126869
vt 0.486389 -0.245868
vt 0.458349 -0.151764
vt 0.444377 0.546279
vt 0.456005 0.544193
vt 0.455169 0.472779
vt 0.52314 -0.284844
vt 0.486389 -0.245868
vt 0.489557 -0.222484
vt 0.193806 0.377183
vt 0.145727 0.369851
vt 0.138758 0.391032
vt 0.193806 0.377183
vt 0.138758 0.391032
vt 0.186566 0.398087
vt 0.524914 -0.264826
vt 0.52314 -0.284844
vt 0.489557 -0.222484
vt 0.434102 0.549828
vt 0.445516 0.479114
vt 0.434925 0.482228
vt 0.471503 -0.09944
vt 0.495264 -0.187707
vt 0.491114 -0.208545
vt 0.471503 -0.09944
vt 0.491114 -0.208545
vt 0.46763 -0.112388
vt 0.527626 -0.244551
vt 0.524914 -0.264826
vt 0.491114 -0.208545
vt 0.527626 -0.244551
vt 0.491114 -0.208545
vt 0.495264 -0.187707
vt 0.477749 -0.0793863
vt 0.500103 -0.163004
vt 0.495264 -0.187707
vt 0.477749 -0.0793863
vt 0.495264 -0.187707
vt 0.471503 -0.09944
vt 0.531225 -0.218522
vt 0.527626 -0.244551
vt 0.495264 -0.187707
vt 0.531225 -0.218522
vt 0.495264 -0.187707
vt 0.500103 -0.163004
vt 0.485423 -0.051522
vt 0.506842 -0.131514
vt 0.500103 -0.163004
vt 0.485423 -0.051522
vt 0.500103 -0.163004
vt 0.477749 -0.0793863
vt 0.537172 -0.17966
vt 0.531225 -0.218522
vt 0.500103 -0.163004
vt 0.537172 -0.17966
vt 0.500103 -0.163004
vt 0.506842 -0.131514
vt 0.497925 -0.00912374
vt 0.517677 -0.081144
vt 0.506842 -0.131514
vt 0.497925 -0.00912374
vt 0.506842 -0.131514
vt 0.485423 -0.051522
vt 0.546571 -0.117543
vt 0.537172 -0.17966
vt 0.506842 -0.131514
vt 0.546571 -0.117543
vt 0.506842 -0.131514
vt 0.517677 -0.081144
vt 0.518281 0.0584953
vt 0.534537 -0.00119841
vt 0.517677 -0.081144
vt 0.518281 0.0584953
vt 0.517677 -0.081144
vt 0.497925 -0.00912374
vt 0.55776 -0.0306526
vt 0.546571 -0.117543
vt 0.517677 -0.081144
vt 0.55776 -0.0306526
vt 0.517677 -0.081144
vt 0.534537 -0.00119841
vt 0.470778 0.0416594
vt 0.484834 0.0810828
vt 0.497925 -0.00912374
vt 0.470778 0.0416594
vt 0.497925 -0.00912374
vt 0.485423 -0.051522
vt 0.506354 0.139061
vt 0.518281 0.0584953
vt 0.497925 -0.00912374
vt 0.506354 0.139061
vt 0.497925 -0.00912374
vt 0.484834 0.0810828
vt 0.471732 0.1691
vt 0.493697 0.22295
vt 0.506354 0.139061
vt 0.471732 0.1691
vt 0.506354 0.139061
vt 0.484834 0.0810828
vt 0.518686 0.281721
vt 0.530155 0.196313
vt 0.506354 0.139061
vt 0.518686 0.281721
vt 0.506354 0.139061
vt 0.493697 0.22295
vt 0.539598 0.116971
vt 0.518281 0.0584953
vt 0.506354 0.139061
vt 0.539598 0.116971
vt 0.506354 0.139061
vt 0.530155 0.196313
vt 0.546646 0.333341
vt 0.55681 0.240216
vt 0.530155 0.196313
vt 0.546646 0.333341
vt 0.530155 0.196313
vt 0.518686 0.281721
vt 0.564109 0.14861
vt 0.539598 0.116971
vt 0.530155 0.196313
vt 0.564109 0.14861
vt 0.530155 0.196313
vt 0.55681 0.240216
vt 0.576212 0.369373
vt 0.584611 0.265774
vt 0.55681 0.240216
vt 0.576212 0.369373
vt 0.55681 0.240216
vt 0.546646 0.333341
vt 0.589718 0.160793
vt 0.564109 0.14861
vt 0.55681 0.240216
vt 0.589718 0.160793
vt 0.55681 0.240216
vt 0.584611 0.265774
vt 0.607167 0.385964
vt 0.613085 0.275955
vt 0.584611 0.265774
vt 0.607167 0.385964
vt 0.584611 0.265774
vt 0.576212 0.369373
vt 0.616311 0.162761
vt 0.589718 0.160793
vt 0.584611 0.265774
vt 0.616311 0.162761
vt 0.584611 0.265774
vt 0.613085 0.275955
vt 0.564677 0.477963
vt 0.599723 0.495482
vt 0.607167 0.385964
vt 0.564677 0.477963
vt 0.607167 0.385964
vt 0.576212 0.369373
vt 0.634822 0.496441
vt 0.638858 0.39124
vt 0.607167 0.385964
vt 0.634822 0.496441
vt 0.607167 0.385964
vt 0.599723 0.495482
vt 0.642491 0.278659
vt 0.613085 0.275955
vt 0.607167 0.385964
vt 0.642491 0.278659
vt 0.607167 0.385964
vt 0.638858 0.39124
vt 0.665791 0.499376
vt 0.66927 0.394376
vt 0.638858 0.39124
vt 0.665791 0.499376
vt 0.638858 0.39124
vt 0.634822 0.496441
vt 0.670961 0.279311
vt 0.642491 0.278659
vt 0.638858 0.39124
vt 0.670961 0.279311
vt 0.638858 0.39124
vt 0.66927 0.394376
vt 0.692744 0.510147
vt 0.696748 0.39874
vt 0.66927 0.394376
vt 0.692744 0.510147
vt 0.66927 0.394376
vt 0.665791 0.499376
vt 0.696875 0.277056
vt 0.670961 0.279311
vt 0.66927 0.394376
vt 0.696875 0.277056
vt 0.66927 0.394376
vt 0.696748 0.39874
vt 0.711007 0.521666
vt 0.714877 0.403445
vt 0.696748 0.39874
vt 0.711007 0.521666
vt 0.696748 0.39874
vt 0.692744 0.510147
vt 0.713929 0.275887
vt 0.696875 0.277056
vt 0.696748 0.39874
vt 0.713929 0.275887
vt 0.696748 0.39874
vt 0.714877 0.403445
vt 0.721871 0.529637
vt 0.725456 0.405252
vt 0.714877 0.403445
vt 0.721871 0.529637
vt 0.714877 0.403445
vt 0.711007 0.521666
vt 0.724063 0.275415
vt 0.713929 0.275887
vt 0.714877 0.403445
vt 0.724063 0.275415
vt 0.714877 0.403445
vt 0.725456 0.405252
vt 0.729385 0.536522
vt 0.73182 0.407808
vt 0.725456 0.405252
vt 0.729385 0.536522
vt 0.725456 0.405252
vt 0.721871 0.529637
vt 0.732577 0.274594
vt 0.724063 0.275415
vt 0.725456 0.405252
vt 0.732577 0.274594
vt 0.725456 0.405252
vt 0.73182 0.407808
vt 0.737175 0.541459
vt 0.73891 0.408728
vt 0.73182 0.407808
vt 0.737175 0.541459
vt 0.73182 0.407808
vt 0.729385 0.536522
vt 0.387381 0.405409
vt 0.387297 0.391518
vt 0.453904 0.391756
vt 0.739055 0.274762
vt 0.73182 0.407808
vt 0.73891 0.408728
vt 0.454885 0.421657
vt 0.387762 0.429486
vt 0.387381 0.405409
vt 0.454885 0.421657
vt 0.387381 0.405409
vt 0.454364 0.401592
vt 0.323296 0.435437
vt 0.323827 0.414376
vt 0.387381 0.405409
vt 0.323296 0.435437
vt 0.387381 0.405409
vt 0.387762 0.429486
vt 0.325182 0.394981
vt 0.387297 0.391518
vt 0.387381 0.405409
vt 0.325182 0.394981
vt 0.387381 0.405409
vt 0.323827 0.414376
vt 0.456038 0.447409
vt 0.389096 0.460445
vt 0.387762 0.429486
vt 0.456038 0.447409
vt 0.387762 0.429486
vt 0.454885 0.421657
vt 0.32249 0.467242
vt 0.323296 0.435437
vt 0.387762 0.429486
vt 0.32249 0.467242
vt 0.387762 0.429486
vt 0.389096 0.460445
vt 0.45704 0.480795
vt 0.389828 0.505136
vt 0.389096 0.460445
vt 0.45704 0.480795
vt 0.389096 0.460445
vt 0.456038 0.447409
vt 0.321548 0.51487
vt 0.32249 0.467242
vt 0.389096 0.460445
vt 0.321548 0.51487
vt 0.389096 0.460445
vt 0.389828 0.505136
vt 0.523588 0.435769
vt 0.523481 0.469151
vt 0.45704 0.480795
vt 0.523588 0.435769
vt 0.45704 0.480795
vt 0.456038 0.447409
vt 0.524033 0.515798
vt 0.458613 0.526323
vt 0.45704 0.480795
vt 0.524033 0.515798
vt 0.45704 0.480795
vt 0.523481 0.469151
vt 0.39175 0.537113
vt 0.389828 0.505136
vt 0.45704 0.480795
vt 0.39175 0.537113
vt 0.45704 0.480795
vt 0.458613 0.526323
vt 0.582166 0.461799
vt 0.586906 0.508297
vt 0.524033 0.515798
vt 0.582166 0.461799
vt 0.524033 0.515798
vt 0.523481 0.469151
vt 0.588814 0.550799
vt 0.525814 0.553937
vt 0.524033 0.515798
vt 0.588814 0.550799
vt 0.524033 0.515798
vt 0.586906 0.508297
vt 0.459227 0.564728
vt 0.458613 0.526323
vt 0.524033 0.515798
vt 0.459227 0.564728
vt 0.524033 0.515798
vt 0.525814 0.553937
vt 0.59157 0.583303
vt 0.527307 0.585956
vt 0.525814 0.553937
vt 0.59157 0.583303
vt 0.525814 0.553937
vt 0.588814 0.550799
vt 0.459497 0.591751
vt 0.459227 0.564728
vt 0.525814 0.553937
vt 0.459497 0.591751
vt 0.525814 0.553937
vt 0.527307 0.585956
vt 0.593454 0.607551
vt 0.528185 0.607778
vt 0.527307 0.585956
vt 0.593454 0.607551
vt 0.527307 0.585956
vt 0.59157 0.583303
vt 0.461073 0.611452
vt 0.459497 0.591751
vt 0.527307 0.585956
vt 0.461073 0.611452
vt 0.527307 0.585956
vt 0.528185 0.607778
vt 0.649199 0.573183
vt 0.650618 0.607732
vt 0.593454 0.607551
vt 0.649199 0.573183
vt 0.593454 0.607551
vt 0.59157 0.583303
vt 0.653562 0.629745
vt 0.593985 0.626982
vt 0.593454 0.607551
vt 0.653562 0.629745
vt 0.593454 0.607551
vt 0.650618 0.607732
vt 0.528731 0.626698
vt 0.528185 0.607778
vt 0.593454 0.607551
vt 0.528731 0.626698
vt 0.593454 0.607551
vt 0.593985 0.626982
vt 0.708977 0.606434
vt 0.712238 0.629153
vt 0.653562 0.629745
vt 0.708977 0.606434
vt 0.653562 0.629745
vt 0.650618 0.607732
vt 0.709133 0.928917
vt 0.708779 0.809017
vt 0.717857 0.807123
vt 0.709133 0.928917
vt 0.717857 0.807123
vt 0.716646 0.924475
vt 0.709563 0.68779
vt 0.719855 0.68797
vt 0.717857 0.807123
vt 0.709563 0.68779
vt 0.717857 0.807123
vt 0.708779 0.809017
vt 0.718291 1.03354
vt 0.710228 1.03997
vt 0.709133 0.928917
vt 0.718291 1.03354
vt 0.709133 0.928917
vt 0.716646 0.924475
vt 0.701206 1.04656
vt 0.698225 0.933657
vt 0.709133 0.928917
vt 0.701206 1.04656
vt 0.709133 0.928917
vt 0.710228 1.03997
vt 0.695994 0.812133
vt 0.708779 0.809017
vt 0.709133 0.928917
vt 0.695994 0.812133
vt 0.709133 0.928917
vt 0.698225 0.933657
vt 0.712682 1.15051
vt 0.704173 1.15128
vt 0.701206 1.04656
vt 0.712682 1.15051
vt 0.701206 1.04656
vt 0.710228 1.03997
vt 0.6899 1.15238
vt 0.685713 1.05397
vt 0.701206 1.04656
vt 0.6899 1.15238
vt 0.701206 1.04656
vt 0.704173 1.15128
vt 0.681325 0.940336
vt 0.698225 0.933657
vt 0.701206 1.04656
vt 0.681325 0.940336
vt 0.701206 1.04656
vt 0.685713 1.05397
vt 0.715146 1.27766
vt 0.708915 1.26406
vt 0.712682 1.15051
vt 0.715146 1.27766
vt 0.712682 1.15051
vt 0.720284 1.15028
vt 0.702424 1.24473
vt 0.704173 1.15128
vt 0.712682 1.15051
vt 0.702424 1.24473
vt 0.712682 1.15051
vt 0.708915 1.26406
vt 0.718291 1.03354
vt 0.720284 1.15028
vt 0.712682 1.15051
vt 0.718291 1.03354
vt 0.712682 1.15051
vt 0.710228 1.03997
vt 0.698861 1.37921
vt 0.6954 1.35658
vt 0.708915 1.26406
vt 0.698861 1.37921
vt 0.708915 1.26406
vt 0.715146 1.27766
vt 0.690247 1.32406
vt 0.702424 1.24473
vt 0.708915 1.26406
vt 0.690247 1.32406
vt 0.708915 1.26406
vt 0.6954 1.35658
vt 0.668915 1.42006
vt 0.66602 1.39522
vt 0.6954 1.35658
vt 0.668915 1.42006
vt 0.6954 1.35658
vt 0.698861 1.37921
vt 0.661047 1.35802
vt 0.690247 1.32406
vt 0.6954 1.35658
vt 0.661047 1.35802
vt 0.6954 1.35658
vt 0.66602 1.39522
vt 0.625923 1.44581
vt 0.62478 1.38761
vt 0.661047 1.35802
vt 0.625923 1.44581
vt 0.661047 1.35802
vt 0.66602 1.39522
vt 0.621459 1.32221
vt 0.652864 1.29197
vt 0.661047 1.35802
vt 0.621459 1.32221
vt 0.661047 1.35802
vt 0.62478 1.38761
vt 0.678806 1.25374
vt 0.690247 1.32406
vt 0.661047 1.35802
vt 0.678806 1.25374
vt 0.661047 1.35802
vt 0.652864 1.29197
vt 0.668915 1.42006
vt 0.626064 1.4831
vt 0.625923 1.44581
vt 0.668915 1.42006
vt 0.625923 1.44581
vt 0.66602 1.39522
vt 0.590545 1.49881
vt 0.58955 1.46927
vt 0.625923 1.44581
vt 0.590545 1.49881
vt 0.625923 1.44581
vt 0.626064 1.4831
vt 0.589874 1.41273
vt 0.62478 1.38761
vt 0.625923 1.44581
vt 0.589874 1.41273
vt 0.625923 1.44581
vt 0.58955 1.46927
vt 0.562702 0.754323
vt 0.562551 0.6841
vt 0.572496 0.68109
vt 0.562702 0.754323
vt 0.572496 0.68109
vt 0.573925 0.752128
vt 0.559059 0.614738
vt 0.569113 0.611529
vt 0.572496 0.68109
vt 0.559059 0.614738
vt 0.572496 0.68109
vt 0.562551 0.6841
vt 0.555367 1.45303
vt 0.58955 1.46927
vt 0.590545 1.49881
vt 0.555367 1.45303
vt 0.590545 1.49881
vt 0.555765 1.47648
vt 0.54929 0.68562
vt 0.546551 0.615826
vt 0.559059 0.614738
vt 0.54929 0.68562
vt 0.559059 0.614738
vt 0.562551 0.6841
vt 0.542874 0.546763
vt 0.5559 0.545358
vt 0.559059 0.614738
vt 0.542874 0.546763
vt 0.559059 0.614738
vt 0.546551 0.615826
vt 0.565729 0.543164
vt 0.569113 0.611529
vt 0.559059 0.614738
vt 0.565729 0.543164
vt 0.559059 0.614738
vt 0.5559 0.545358
vt 0.535556 0.473828
vt 0.549428 0.472976
vt 0.5559 0.545358
vt 0.535556 0.473828
vt 0.5559 0.545358
vt 0.542874 0.546763
vt 0.561865 0.471969
vt 0.565729 0.543164
vt 0.5559 0.545358
vt 0.561865 0.471969
vt 0.5559 0.545358
vt 0.549428 0.472976
vt 0.530984 0.388893
vt 0.547745 0.387912
vt 0.549428 0.472976
vt 0.530984 0.388893
vt 0.549428 0.472976
vt 0.535556 0.473828
vt 0.554669 0.392753
vt 0.561865 0.471969
vt 0.549428 0.472976
vt 0.446376 1.43653
vt 0.486488 1.48557
vt 0.443956 1.45575
vt 0.527071 0.325365
vt 0.543211 0.327747
vt 0.547745 0.387912
vt 0.527071 0.325365
vt 0.547745 0.387912
vt 0.530984 0.388893
vt 0.416725 1.4126
vt 0.446376 1.43653
vt 0.443956 1.45575
vt 0.55169 0.333451
vt 0.547745 0.387912
vt 0.543211 0.327747
vt 0.915026 0.535419
vt 0.912698 0.570539
vt 0.959483 0.586422
vt 0.915026 0.535419
vt 0.959483 0.586422
vt 0.966792 0.554143
vt 0.907276 0.593549
vt 0.956299 0.60338
vt 0.959483 0.586422
vt 0.907276 0.593549
vt 0.959483 0.586422
vt 0.912698 0.570539
vt 0.866735 0.528432
vt 0.859005 0.561142
vt 0.912698 0.570539
vt 0.866735 0.528432
vt 0.912698 0.570539
vt 0.915026 0.535419
vt 0.852325 0.587815
vt 0.907276 0.593549
vt 0.912698 0.570539
vt 0.852325 0.587815
vt 0.912698 0.570539
vt 0.859005 0.561142
vt 0.821268 0.527904
vt 0.812505 0.560047
vt 0.859005 0.561142
vt 0.821268 0.527904
vt 0.859005 0.561142
vt 0.866735 0.528432
vt 0.804496 0.587188
vt 0.852325 0.587815
vt 0.859005 0.561142
vt 0.804496 0.587188
vt 0.859005 0.561142
vt 0.812505 0.560047
vt 0.773283 0.567129
vt 0.763974 0.592978
vt 0.804496 0.587188
vt 0.773283 0.567129
vt 0.804496 0.587188
vt 0.812505 0.560047
vt 0.349456 1.00893
vt 0.367193 1.09111
vt 0.361354 1.10899
vt 0.754467 0.617064
vt 0.804496 0.587188
vt 0.763974 0.592978
vt 0.841331 0.606399
vt 0.852325 0.587815
vt 0.804496 0.587188
vt 0.841331 0.606399
vt 0.804496 0.587188
vt 0.795554 0.608302
vt 0.324114 0.9563
vt 0.331501 0.928014
vt 0.349456 1.00893
vt 0.72815 0.602155
vt 0.754467 0.617064
vt 0.763974 0.592978
vt 0.338414 0.905816
vt 0.355827 0.98741
vt 0.349456 1.00893
vt 0.338414 0.905816
vt 0.349456 1.00893
vt 0.331501 0.928014
vt 0.373242 1.07162
vt 0.367193 1.09111
vt 0.349456 1.00893
vt 0.373242 1.07162
vt 0.349456 1.00893
vt 0.355827 0.98741
vt 0.306601 0.852775
vt 0.312966 0.831039
vt 0.338414 0.905816
vt 0.306601 0.852775
vt 0.338414 0.905816
vt 0.331501 0.928014
vt 0.323315 0.799941
vt 0.347705 0.877498
vt 0.338414 0.905816
vt 0.323315 0.799941
vt 0.338414 0.905816
vt 0.312966 0.831039
vt 0.364834 0.960392
vt 0.355827 0.98741
vt 0.338414 0.905816
vt 0.364834 0.960392
vt 0.338414 0.905816
vt 0.347705 0.877498
vt 0.361752 0.838712
vt 0.347705 0.877498
vt 0.323315 0.799941
vt 0.361752 0.838712
vt 0.323315 0.799941
vt 0.341349 0.757766
vt 0.286911 0.760343
vt 0.296953 0.729263
vt 0.323315 0.799941
vt 0.286911 0.760343
vt 0.323315 0.799941
vt 0.312966 0.831039
vt 0.317409 0.677784
vt 0.341349 0.757766
vt 0.323315 0.799941
vt 0.317409 0.677784
vt 0.323315 0.799941
vt 0.296953 0.729263
vt 0.362486 0.705519
vt 0.341349 0.757766
vt 0.317409 0.677784
vt 0.362486 0.705519
vt 0.317409 0.677784
vt 0.343692 0.613701
vt 0.287975 0.671725
vt 0.307357 0.611092
vt 0.317409 0.677784
vt 0.287975 0.671725
vt 0.317409 0.677784
vt 0.296953 0.729263
vt 0.330305 0.54255
vt 0.343692 0.613701
vt 0.317409 0.677784
vt 0.330305 0.54255
vt 0.317409 0.677784
vt 0.307357 0.611092
vt 0.368294 0.557886
vt 0.343692 0.613701
vt 0.330305 0.54255
vt 0.368294 0.557886
vt 0.330305 0.54255
vt 0.354648 0.487329
vt 0.303596 0.570075
vt 0.324288 0.504702
vt 0.330305 0.54255
vt 0.303596 0.570075
vt 0.330305 0.54255
vt 0.307357 0.611092
vt 0.347761 0.448652
vt 0.354648 0.487329
vt 0.330305 0.54255
vt 0.347761 0.448652
vt 0.330305 0.54255
vt 0.324288 0.504702
vt 0.381669 0.447953
vt 0.354648 0.487329
vt 0.347761 0.448652
vt 0.381669 0.447953
vt 0.347761 0.448652
vt 0.372887 0.405427
vt 0.320241 0.479334
vt 0.343585 0.425215
vt 0.347761 0.448652
vt 0.320241 0.479334
vt 0.347761 0.448652
vt 0.324288 0.504702
vt 0.368476 0.380707
vt 0.372887 0.405427
vt 0.347761 0.448652
vt 0.368476 0.380707
vt 0.347761 0.448652
vt 0.343585 0.425215
vt 0.398753 0.359232
vt 0.372887 0.405427
vt 0.368476 0.380707
vt 0.398753 0.359232
vt 0.368476 0.380707
vt 0.393169 0.336226
vt 0.341152 0.407045
vt 0.365312 0.362559
vt 0.368476 0.380707
vt 0.341152 0.407045
vt 0.368476 0.380707
vt 0.343585 0.425215
vt 0.38892 0.317236
vt 0.393169 0.336226
vt 0.368476 0.380707
vt 0.38892 0.317236
vt 0.368476 0.380707
vt 0.365312 0.362559
vt 0.413897 0.264021
vt 0.393169 0.336226
vt 0.38892 0.317236
vt 0.413897 0.264021
vt 0.38892 0.317236
vt 0.409177 0.248059
vt 0.362878 0.3465
vt 0.385802 0.300728
vt 0.38892 0.317236
vt 0.362878 0.3465
vt 0.38892 0.317236
vt 0.365312 0.362559
vt 0.404659 0.23265
vt 0.409177 0.248059
vt 0.38892 0.317236
vt 0.366325 0.641482
vt 0.408618 0.643087
vt 0.400364 0.630054
vt 0.427414 0.167666
vt 0.409177 0.248059
vt 0.404659 0.23265
vt 0.427414 0.167666
vt 0.404659 0.23265
vt 0.421992 0.153954
vt 0.381929 0.28161
vt 0.39993 0.216461
vt 0.404659 0.23265
vt 0.381929 0.28161
vt 0.404659 0.23265
vt 0.385802 0.300728
vt 0.415752 0.138201
vt 0.421992 0.153954
vt 0.404659 0.23265
vt 0.415752 0.138201
vt 0.404659 0.23265
vt 0.39993 0.216461
vt 0.43898 0.066477
vt 0.421992 0.153954
vt 0.415752 0.138201
vt 0.43898 0.066477
vt 0.415752 0.138201
vt 0.433053 0.0553547
vt 0.353624 0.60772
vt 0.315695 0.612156
vt 0.319101 0.63782
vt 0.353624 0.60772
vt 0.319101 0.63782
vt 0.358231 0.629647
vt 0.27442 0.614318
vt 0.277677 0.641234
vt 0.319101 0.63782
vt 0.27442 0.614318
vt 0.319101 0.63782
vt 0.315695 0.612156
vt 0.222888 0.643037
vt 0.277677 0.641234
vt 0.27442 0.614318
vt 0.222888 0.643037
vt 0.27442 0.614318
vt 0.21962 0.621997
vt 0.315351 0.579823
vt 0.273689 0.586042
vt 0.27442 0.614318
vt 0.315351 0.579823
vt 0.27442 0.614318
vt 0.315695 0.612156
vt 0.219755 0.586955
vt 0.21962 0.621997
vt 0.27442 0.614318
vt 0.219755 0.586955
vt 0.27442 0.614318
vt 0.273689 0.586042
vt 0.157925 0.621017
vt 0.21962 0.621997
vt 0.219755 0.586955
vt 0.157925 0.621017
vt 0.219755 0.586955
vt 0.156208 0.589523
vt 0.277317 0.54318
vt 0.221078 0.545754
vt 0.219755 0.586955
vt 0.277317 0.54318
vt 0.219755 0.586955
vt 0.273689 0.586042
vt 0.161974 0.548506
vt 0.156208 0.589523
vt 0.219755 0.586955
vt 0.161974 0.548506
vt 0.219755 0.586955
vt 0.221078 0.545754
vt 0.275325 0.493369
vt 0.223352 0.501921
vt 0.221078 0.545754
vt 0.275325 0.493369
vt 0.221078 0.545754
vt 0.277317 0.54318
vt 0.162648 0.496213
vt 0.161974 0.548506
vt 0.221078 0.545754
vt 0.162648 0.496213
vt 0.221078 0.545754
vt 0.223352 0.501921
vt 0.27608 0.448296
vt 0.228079 0.451997
vt 0.223352 0.501921
vt 0.27608 0.448296
vt 0.223352 0.501921
vt 0.275325 0.493369
vt 0.168117 0.450818
vt 0.162648 0.496213
vt 0.223352 0.501921
vt 0.168117 0.450818
vt 0.223352 0.501921
vt 0.228079 0.451997
vt 0.279175 0.415525
vt 0.231136 0.414993
vt 0.228079 0.451997
vt 0.279175 0.415525
vt 0.228079 0.451997
vt 0.27608 0.448296
vt 0.174118 0.412043
vt 0.168117 0.450818
vt 0.228079 0.451997
vt 0.174118 0.412043
vt 0.228079 0.451997
vt 0.231136 0.414993
vt 0.432698 0.0667488
vt 0.447908 -0.0228286
vt 0.441987 -0.0377274
vt 0.283374 0.392795
vt 0.231136 0.414993
vt 0.279175 0.415525
vt 0.465011 -0.126869
vt 0.458349 -0.151764
vt 0.441987 -0.0377274
vt 0.465011 -0.126869
vt 0.441987 -0.0377274
vt 0.447908 -0.0228286
vt 0.437897 0.0803514
vt 0.45362 -0.00874764
vt 0.447908 -0.0228286
vt 0.437897 0.0803514
vt 0.447908 -0.0228286
vt 0.432698 0.0667488
vt 0.193806 0.377183
vt 0.186566 0.398087
vt 0.238586 0.398364
vt 0.193806 0.377183
vt 0.238586 0.398364
vt 0.245626 0.382992
vt 0.442226 0.0925558
vt 0.457939 0.00463447
vt 0.45362 -0.00874764
vt 0.442226 0.0925558
vt 0.45362 -0.00874764
vt 0.437897 0.0803514
vt 0.20028 0.364341
vt 0.193806 0.377183
vt 0.245626 0.382992
vt 0.20028 0.364341
vt 0.245626 0.382992
vt 0.252317 0.371825
vt 0.447442 0.108097
vt 0.462686 0.0190028
vt 0.457939 0.00463447
vt 0.447442 0.108097
vt 0.457939 0.00463447
vt 0.442226 0.0925558
vt 0.477749 -0.0793863
vt 0.471503 -0.09944
vt 0.457939 0.00463447
vt 0.477749 -0.0793863
vt 0.457939 0.00463447
vt 0.462686 0.0190028
vt 0.456405 0.131555
vt 0.470778 0.0416594
vt 0.462686 0.0190028
vt 0.456405 0.131555
vt 0.462686 0.0190028
vt 0.447442 0.108097
vt 0.485423 -0.051522
vt 0.477749 -0.0793863
vt 0.462686 0.0190028
vt 0.485423 -0.051522
vt 0.462686 0.0190028
vt 0.470778 0.0416594
vt 0.432387 0.188999
vt 0.44156 0.211799
vt 0.456405 0.131555
vt 0.432387 0.188999
vt 0.456405 0.131555
vt 0.447442 0.108097
vt 0.457426 0.250781
vt 0.471732 0.1691
vt 0.456405 0.131555
vt 0.457426 0.250781
vt 0.456405 0.131555
vt 0.44156 0.211799
vt 0.484834 0.0810828
vt 0.470778 0.0416594
vt 0.456405 0.131555
vt 0.484834 0.0810828
vt 0.456405 0.131555
vt 0.471732 0.1691
vt 0.425839 0.286765
vt 0.440639 0.326042
vt 0.457426 0.250781
vt 0.425839 0.286765
vt 0.457426 0.250781
vt 0.44156 0.211799
vt 0.461659 0.38298
vt 0.479041 0.304756
vt 0.457426 0.250781
vt 0.461659 0.38298
vt 0.457426 0.250781
vt 0.440639 0.326042
vt 0.493697 0.22295
vt 0.471732 0.1691
vt 0.457426 0.250781
vt 0.493697 0.22295
vt 0.457426 0.250781
vt 0.479041 0.304756
vt 0.486981 0.449339
vt 0.504617 0.367368
vt 0.479041 0.304756
vt 0.486981 0.449339
vt 0.479041 0.304756
vt 0.461659 0.38298
vt 0.518686 0.281721
vt 0.493697 0.22295
vt 0.479041 0.304756
vt 0.518686 0.281721
vt 0.479041 0.304756
vt 0.504617 0.367368
vt 0.514862 0.522512
vt 0.533397 0.428967
vt 0.504617 0.367368
vt 0.514862 0.522512
vt 0.504617 0.367368
vt 0.486981 0.449339
vt 0.546646 0.333341
vt 0.518686 0.281721
vt 0.504617 0.367368
vt 0.546646 0.333341
vt 0.504617 0.367368
vt 0.533397 0.428967
vt 0.441145 0.456042
vt 0.465135 0.525292
vt 0.486981 0.449339
vt 0.441145 0.456042
vt 0.486981 0.449339
vt 0.461659 0.38298
vt 0.490293 0.600261
vt 0.514862 0.522512
vt 0.486981 0.449339
vt 0.490293 0.600261
vt 0.486981 0.449339
vt 0.465135 0.525292
vt 0.418283 0.524291
vt 0.440698 0.59532
vt 0.465135 0.525292
vt 0.418283 0.524291
vt 0.465135 0.525292
vt 0.441145 0.456042
vt 0.463558 0.670218
vt 0.490293 0.600261
vt 0.465135 0.525292
vt 0.463558 0.670218
vt 0.465135 0.525292
vt 0.440698 0.59532
vt 0.414832 0.658504
vt 0.435736 0.734846
vt 0.463558 0.670218
vt 0.414832 0.658504
vt 0.463558 0.670218
vt 0.440698 0.59532
vt 0.455546 0.813889
vt 0.484859 0.751821
vt 0.463558 0.670218
vt 0.455546 0.813889
vt 0.463558 0.670218
vt 0.435736 0.734846
vt 0.513984 0.68896
vt 0.490293 0.600261
vt 0.463558 0.670218
vt 0.513984 0.68896
vt 0.463558 0.670218
vt 0.484859 0.751821
vt 0.472962 0.897507
vt 0.502527 0.841391
vt 0.484859 0.751821
vt 0.472962 0.897507
vt 0.484859 0.751821
vt 0.455546 0.813889
vt 0.532771 0.792028
vt 0.513984 0.68896
vt 0.484859 0.751821
vt 0.532771 0.792028
vt 0.484859 0.751821
vt 0.502527 0.841391
vt 0.487617 0.985109
vt 0.516805 0.939861
vt 0.502527 0.841391
vt 0.487617 0.985109
vt 0.502527 0.841391
vt 0.472962 0.897507
vt 0.545994 0.900919
vt 0.532771 0.792028
vt 0.502527 0.841391
vt 0.545994 0.900919
vt 0.502527 0.841391
vt 0.516805 0.939861
vt 0.564153 0.752693
vt 0.532771 0.792028
vt 0.545994 0.900919
vt 0.564153 0.752693
vt 0.545994 0.900919
vt 0.57542 0.871583
vt 0.528906 1.04233
vt 0.556106 1.01232
vt 0.545994 0.900919
vt 0.528906 1.04233
vt 0.545994 0.900919
vt 0.516805 0.939861
vt 0.583028 0.988229
vt 0.57542 0.871583
vt 0.545994 0.900919
vt 0.583028 0.988229
vt 0.545994 0.900919
vt 0.556106 1.01232
vt 0.606014 0.854803
vt 0.57542 0.871583
vt 0.583028 0.988229
vt 0.606014 0.854803
vt 0.583028 0.988229
vt 0.610854 0.973032
vt 0.565018 1.12394
vt 0.590181 1.10333
vt 0.583028 0.988229
vt 0.565018 1.12394
vt 0.583028 0.988229
vt 0.556106 1.01232
vt 0.615457 1.08581
vt 0.610854 0.973032
vt 0.583028 0.988229
vt 0.615457 1.08581
vt 0.583028 0.988229
vt 0.590181 1.10333
vt 0.640247 0.969086
vt 0.610854 0.973032
vt 0.615457 1.08581
vt 0.640247 0.969086
vt 0.615457 1.08581
vt 0.641246 1.07519
vt 0.598552 1.21537
vt 0.623021 1.19373
vt 0.615457 1.08581
vt 0.598552 1.21537
vt 0.615457 1.08581
vt 0.590181 1.10333
vt 0.645467 1.16409
vt 0.641246 1.07519
vt 0.615457 1.08581
vt 0.645467 1.16409
vt 0.615457 1.08581
vt 0.623021 1.19373
vt 0.606316 1.33594
vt 0.635252 1.30944
vt 0.623021 1.19373
vt 0.606316 1.33594
vt 0.623021 1.19373
vt 0.598552 1.21537
vt 0.662565 1.24542
vt 0.645467 1.16409
vt 0.623021 1.19373
vt 0.662565 1.24542
vt 0.623021 1.19373
vt 0.635252 1.30944
vt 0.612562 1.41773
vt 0.647901 1.38547
vt 0.635252 1.30944
vt 0.612562 1.41773
vt 0.635252 1.30944
vt 0.606316 1.33594
vt 0.682604 1.31529
vt 0.662565 1.24542
vt 0.635252 1.30944
vt 0.682604 1.31529
vt 0.635252 1.30944
vt 0.647901 1.38547
vt 0.678836 1.17887
vt 0.662565 1.24542
vt 0.682604 1.31529
vt 0.678836 1.17887
vt 0.682604 1.31529
vt 0.697084 1.22126
vt 0.655273 1.4159
vt 0.691373 1.34924
vt 0.682604 1.31529
vt 0.655273 1.4159
vt 0.682604 1.31529
vt 0.647901 1.38547
vt 0.70713 1.24467
vt 0.697084 1.22126
vt 0.682604 1.31529
vt 0.70713 1.24467
vt 0.682604 1.31529
vt 0.691373 1.34924
vt 0.701499 1.10838
vt 0.697084 1.22126
vt 0.70713 1.24467
vt 0.701499 1.10838
vt 0.70713 1.24467
vt 0.710569 1.11998
vt 0.695267 1.36485
vt 0.71254 1.25815
vt 0.70713 1.24467
vt 0.932426 0.376327
vt 0.872337 0.366473
vt 0.924622 0.362062
vt 0.717676 1.12929
vt 0.710569 1.11998
vt 0.70713 1.24467
vt 0.717676 1.12929
vt 0.70713 1.24467
vt 0.71254 1.25815
vt 0.716621 1.2674
vt 0.724703 1.13881
vt 0.717676 1.12929
vt 0.883701 0.382433
vt 0.814647 0.368143
vt 0.879073 0.370273
vt 0.73013 0.997171
vt 0.722455 0.99376
vt 0.717676 1.12929
vt 0.73013 0.997171
vt 0.717676 1.12929
vt 0.724703 1.13881
vt 0.715147 0.98879
vt 0.710569 1.11998
vt 0.717676 1.12929
vt 0.715147 0.98879
vt 0.717676 1.12929
vt 0.722455 0.99376
vt 0.701499 1.10838
vt 0.710569 1.11998
vt 0.715147 0.98879
vt 0.701499 1.10838
vt 0.715147 0.98879
vt 0.707213 0.984727
vt 0.722424 0.870821
vt 0.715572 0.867967
vt 0.715147 0.98879
vt 0.722424 0.870821
vt 0.715147 0.98879
vt 0.722455 0.99376
vt 0.707356 0.864425
vt 0.707213 0.984727
vt 0.715147 0.98879
vt 0.707356 0.864425
vt 0.715147 0.98879
vt 0.715572 0.867967
vt 0.693752 0.978882
vt 0.707213 0.984727
vt 0.707356 0.864425
vt 0.693752 0.978882
vt 0.707356 0.864425
vt 0.692886 0.86133
vt 0.713342 0.753287
vt 0.705281 0.748324
vt 0.707356 0.864425
vt 0.713342 0.753287
vt 0.707356 0.864425
vt 0.715572 0.867967
vt 0.69071 0.740638
vt 0.692886 0.86133
vt 0.707356 0.864425
vt 0.69071 0.740638
vt 0.707356 0.864425
vt 0.705281 0.748324
vt 0.667502 0.855386
vt 0.692886 0.86133
vt 0.69071 0.740638
vt 0.667502 0.855386
vt 0.69071 0.740638
vt 0.665945 0.72963
vt 0.708003 0.634565
vt 0.69162 0.621729
vt 0.69071 0.740638
vt 0.708003 0.634565
vt 0.69071 0.740638
vt 0.705281 0.748324
vt 0.664716 0.607918
vt 0.665945 0.72963
vt 0.69071 0.740638
vt 0.664716 0.607918
vt 0.69071 0.740638
vt 0.69162 0.621729
vt 0.634443 0.725045
vt 0.665945 0.72963
vt 0.664716 0.607918
vt 0.634443 0.725045
vt 0.664716 0.607918
vt 0.632524 0.604767
vt 0.692744 0.510147
vt 0.665791 0.499376
vt 0.664716 0.607918
vt 0.692744 0.510147
vt 0.664716 0.607918
vt 0.69162 0.621729
vt 0.634822 0.496441
vt 0.632524 0.604767
vt 0.664716 0.607918
vt 0.634822 0.496441
vt 0.664716 0.607918
vt 0.665791 0.499376
vt 0.606014 0.854803
vt 0.637765 0.850607
vt 0.634443 0.725045
vt 0.606014 0.854803
vt 0.634443 0.725045
vt 0.599442 0.732454
vt 0.667502 0.855386
vt 0.665945 0.72963
vt 0.634443 0.725045
vt 0.667502 0.855386
vt 0.634443 0.725045
vt 0.637765 0.850607
vt 0.595103 0.611285
vt 0.599442 0.732454
vt 0.634443 0.725045
vt 0.595103 0.611285
vt 0.634443 0.725045
vt 0.632524 0.604767
vt 0.610854 0.973032
vt 0.640247 0.969086
vt 0.637765 0.850607
vt 0.610854 0.973032
vt 0.637765 0.850607
vt 0.606014 0.854803
vt 0.668616 0.973965
vt 0.667502 0.855386
vt 0.637765 0.850607
vt 0.668616 0.973965
vt 0.637765 0.850607
vt 0.640247 0.969086
vt 0.641246 1.07519
vt 0.664757 1.07631
vt 0.668616 0.973965
vt 0.641246 1.07519
vt 0.668616 0.973965
vt 0.640247 0.969086
vt 0.687153 1.09195
vt 0.693752 0.978882
vt 0.668616 0.973965
vt 0.687153 1.09195
vt 0.668616 0.973965
vt 0.664757 1.07631
vt 0.692886 0.86133
vt 0.667502 0.855386
vt 0.668616 0.973965
vt 0.692886 0.86133
vt 0.668616 0.973965
vt 0.693752 0.978882
vt 0.599723 0.495482
vt 0.595103 0.611285
vt 0.632524 0.604767
vt 0.599723 0.495482
vt 0.632524 0.604767
vt 0.634822 0.496441
vt 0.711007 0.521666
vt 0.692744 0.510147
vt 0.69162 0.621729
vt 0.711007 0.521666
vt 0.69162 0.621729
vt 0.708003 0.634565
vt 0.713342 0.753287
vt 0.717067 0.64316
vt 0.708003 0.634565
vt 0.713342 0.753287
vt 0.708003 0.634565
vt 0.705281 0.748324
vt 0.721871 0.529637
vt 0.711007 0.521666
vt 0.708003 0.634565
vt 0.721871 0.529637
vt 0.708003 0.634565
vt 0.717067 0.64316
vt 0.71877 0.757166
vt 0.723335 0.649767
vt 0.717067 0.64316
vt 0.71877 0.757166
vt 0.717067 0.64316
vt 0.713342 0.753287
vt 0.729385 0.536522
vt 0.721871 0.529637
vt 0.717067 0.64316
vt 0.729385 0.536522
vt 0.717067 0.64316
vt 0.723335 0.649767
vt 0.723186 0.760847
vt 0.729031 0.654606
vt 0.723335 0.649767
vt 0.630423 0.396001
vt 0.574884 0.390377
vt 0.628583 0.382084
vt 0.737175 0.541459
vt 0.729385 0.536522
vt 0.723335 0.649767
vt 0.737175 0.541459
vt 0.723335 0.649767
vt 0.729031 0.654606
vt 0.631614 0.41152
vt 0.580488 0.414075
vt 0.577303 0.398552
vt 0.631614 0.41152
vt 0.577303 0.398552
vt 0.630423 0.396001
vt 0.522357 0.414221
vt 0.520729 0.394988
vt 0.577303 0.398552
vt 0.522357 0.414221
vt 0.577303 0.398552
vt 0.580488 0.414075
vt 0.581574 0.432417
vt 0.523588 0.435769
vt 0.522357 0.414221
vt 0.581574 0.432417
vt 0.522357 0.414221
vt 0.580488 0.414075
vt 0.456038 0.447409
vt 0.454885 0.421657
vt 0.522357 0.414221
vt 0.456038 0.447409
vt 0.522357 0.414221
vt 0.523588 0.435769
vt 0.454364 0.401592
vt 0.520729 0.394988
vt 0.522357 0.414221
vt 0.454364 0.401592
vt 0.522357 0.414221
vt 0.454885 0.421657
vt 0.631614 0.41152
vt 0.635432 0.4294
vt 0.581574 0.432417
vt 0.631614 0.41152
vt 0.581574 0.432417
vt 0.580488 0.414075
vt 0.636088 0.456606
vt 0.582166 0.461799
vt 0.581574 0.432417
vt 0.636088 0.456606
vt 0.581574 0.432417
vt 0.635432 0.4294
vt 0.523481 0.469151
vt 0.523588 0.435769
vt 0.581574 0.432417
vt 0.523481 0.469151
vt 0.581574 0.432417
vt 0.582166 0.461799
vt 0.690451 0.4205
vt 0.691291 0.439732
vt 0.636088 0.456606
vt 0.690451 0.4205
vt 0.636088 0.456606
vt 0.635432 0.4294
vt 0.697158 0.485906
vt 0.641001 0.492796
vt 0.636088 0.456606
vt 0.697158 0.485906
vt 0.636088 0.456606
vt 0.691291 0.439732
vt 0.586906 0.508297
vt 0.582166 0.461799
vt 0.636088 0.456606
vt 0.586906 0.508297
vt 0.636088 0.456606
vt 0.641001 0.492796
vt 0.701102 0.530376
vt 0.646078 0.538491
vt 0.641001 0.492796
vt 0.701102 0.530376
vt 0.641001 0.492796
vt 0.697158 0.485906
vt 0.588814 0.550799
vt 0.586906 0.508297
vt 0.641001 0.492796
vt 0.588814 0.550799
vt 0.641001 0.492796
vt 0.646078 0.538491
vt 0.705173 0.57328
vt 0.649199 0.573183
vt 0.646078 0.538491
vt 0.705173 0.57328
vt 0.646078 0.538491
vt 0.701102 0.530376
vt 0.59157 0.583303
vt 0.588814 0.550799
vt 0.646078 0.538491
vt 0.59157 0.583303
vt 0.646078 0.538491
vt 0.649199 0.573183
vt 0.759986 0.534633
vt 0.761325 0.583443
vt 0.705173 0.57328
vt 0.759986 0.534633
vt 0.705173 0.57328
vt 0.701102 0.530376
vt 0.76419 0.612129
vt 0.708977 0.606434
vt 0.705173 0.57328
vt 0.76419 0.612129
vt 0.705173 0.57328
vt 0.761325 0.583443
vt 0.650618 0.607732
vt 0.649199 0.573183
vt 0.705173 0.57328
vt 0.650618 0.607732
vt 0.705173 0.57328
vt 0.708977 0.606434
vt 0.825308 0.597767
vt 0.822962 0.626749
vt 0.76419 0.612129
vt 0.825308 0.597767
vt 0.76419 0.612129
vt 0.761325 0.583443
vt 0.720284 1.15028
vt 0.718291 1.03354
vt 0.726011 1.02838
vt 0.720284 1.15028
vt 0.726011 1.02838
vt 0.73283 1.14592
vt 0.712238 0.629153
vt 0.708977 0.606434
vt 0.76419 0.612129
vt 0.716646 0.924475
vt 0.726011 1.02838
vt 0.718291 1.03354
vt 0.893769 0.599794
vt 0.892466 0.623154
vt 0.822962 0.626749
vt 0.893769 0.599794
vt 0.822962 0.626749
vt 0.825308 0.597767
vt 0.715146 1.27766
vt 0.720284 1.15028
vt 0.73283 1.14592
vt 0.715146 1.27766
vt 0.73283 1.14592
vt 0.722132 1.28493
vt 0.964964 0.606406
vt 0.954323 0.635029
vt 0.892466 0.623154
vt 0.964964 0.606406
vt 0.892466 0.623154
vt 0.893769 0.599794
vt 0.698861 1.37921
vt 0.715146 1.27766
vt 0.722132 1.28493
vt 0.698861 1.37921
vt 0.722132 1.28493
vt 0.705688 1.40865
vt 0.54878 0.841947
vt 0.56176 0.841144
vt 0.567515 0.911377
vt 0.54878 0.841947
vt 0.567515 0.911377
vt 0.553203 0.923404
vt 0.668915 1.42006
vt 0.698861 1.37921
vt 0.705688 1.40865
vt 0.668915 1.42006
vt 0.705688 1.40865
vt 0.670572 1.44174
vt 0.546685 0.754515
vt 0.562702 0.754323
vt 0.56176 0.841144
vt 0.546685 0.754515
vt 0.56176 0.841144
vt 0.54878 0.841947
vt 0.626064 1.4831
vt 0.668915 1.42006
vt 0.670572 1.44174
vt 0.573925 0.752128
vt 0.56176 0.841144
vt 0.562702 0.754323
vt 0.531088 0.840074
vt 0.528322 0.757018
vt 0.546685 0.754515
vt 0.531088 0.840074
vt 0.546685 0.754515
vt 0.54878 0.841947
vt 0.532791 0.68619
vt 0.54929 0.68562
vt 0.546685 0.754515
vt 0.532791 0.68619
vt 0.546685 0.754515
vt 0.528322 0.757018
vt 0.562551 0.6841
vt 0.562702 0.754323
vt 0.546685 0.754515
vt 0.562551 0.6841
vt 0.546685 0.754515
vt 0.54929 0.68562
vt 0.508827 0.757226
vt 0.508429 0.684939
vt 0.532791 0.68619
vt 0.508827 0.757226
vt 0.532791 0.68619
vt 0.528322 0.757018
vt 0.510799 0.616479
vt 0.531156 0.616659
vt 0.532791 0.68619
vt 0.510799 0.616479
vt 0.532791 0.68619
vt 0.508429 0.684939
vt 0.546551 0.615826
vt 0.54929 0.68562
vt 0.532791 0.68619
vt 0.546551 0.615826
vt 0.532791 0.68619
vt 0.531156 0.616659
vt 0.505845 0.552825
vt 0.526128 0.550875
vt 0.531156 0.616659
vt 0.505845 0.552825
vt 0.531156 0.616659
vt 0.510799 0.616479
vt 0.542874 0.546763
vt 0.546551 0.615826
vt 0.531156 0.616659
vt 0.542874 0.546763
vt 0.531156 0.616659
vt 0.526128 0.550875
vt 0.49615 0.481191
vt 0.51676 0.478444
vt 0.526128 0.550875
vt 0.49615 0.481191
vt 0.526128 0.550875
vt 0.505845 0.552825
vt 0.535556 0.473828
vt 0.542874 0.546763
vt 0.526128 0.550875
vt 0.535556 0.473828
vt 0.526128 0.550875
vt 0.51676 0.478444
vt 0.487247 0.402533
vt 0.509484 0.397952
vt 0.51676 0.478444
vt 0.487247 0.402533
vt 0.51676 0.478444
vt 0.49615 0.481191
vt 0.530984 0.388893
vt 0.535556 0.473828
vt 0.51676 0.478444
vt 0.530984 0.388893
vt 0.51676 0.478444
vt 0.509484 0.397952
vt 0.477514 0.326205
vt 0.504402 0.325619
vt 0.509484 0.397952
vt 0.477514 0.326205
vt 0.509484 0.397952
vt 0.487247 0.402533
vt 0.527071 0.325365
vt 0.530984 0.388893
vt 0.509484 0.397952
vt 0.527071 0.325365
vt 0.509484 0.397952
vt 0.504402 0.325619
vt 0.917667 0.45301
vt 0.919628 0.497201
vt 0.966827 0.508803
vt 0.917667 0.45301
vt 0.966827 0.508803
vt 0.971705 0.455029
vt 0.915026 0.535419
vt 0.966792 0.554143
vt 0.966827 0.508803
vt 0.915026 0.535419
vt 0.966827 0.508803
vt 0.919628 0.497201
vt 0.868352 0.449678
vt 0.872609 0.488778
vt 0.919628 0.497201
vt 0.868352 0.449678
vt 0.919628 0.497201
vt 0.917667 0.45301
vt 0.866735 0.528432
vt 0.915026 0.535419
vt 0.919628 0.497201
vt 0.866735 0.528432
vt 0.919628 0.497201
vt 0.872609 0.488778
vt 0.820912 0.450834
vt 0.823785 0.485316
vt 0.872609 0.488778
vt 0.820912 0.450834
vt 0.872609 0.488778
vt 0.868352 0.449678
vt 0.821268 0.527904
vt 0.866735 0.528432
vt 0.872609 0.488778
vt 0.821268 0.527904
vt 0.872609 0.488778
vt 0.823785 0.485316
vt 0.782025 0.457042
vt 0.781437 0.488547
vt 0.823785 0.485316
vt 0.782025 0.457042
vt 0.823785 0.485316
vt 0.820912 0.450834
vt 0.780388 0.530602
vt 0.821268 0.527904
vt 0.823785 0.485316
vt 0.780388 0.530602
vt 0.823785 0.485316
vt 0.781437 0.488547
vt 0.743606 0.499289
vt 0.741134 0.538721
vt 0.780388 0.530602
vt 0.743606 0.499289
vt 0.780388 0.530602
vt 0.781437 0.488547
vt 0.734483 0.571552
vt 0.773283 0.567129
vt 0.780388 0.530602
vt 0.734483 0.571552
vt 0.780388 0.530602
vt 0.741134 0.538721
vt 0.812505 0.560047
vt 0.821268 0.527904
vt 0.780388 0.530602
vt 0.812505 0.560047
vt 0.780388 0.530602
vt 0.773283 0.567129
vt 0.703353 0.551519
vt 0.696341 0.585262
vt 0.734483 0.571552
vt 0.703353 0.551519
vt 0.734483 0.571552
vt 0.741134 0.538721
vt 0.688254 0.608557
vt 0.72815 0.602155
vt 0.734483 0.571552
vt 0.688254 0.608557
vt 0.734483 0.571552
vt 0.696341 0.585262
vt 0.763974 0.592978
vt 0.773283 0.567129
vt 0.734483 0.571552
vt 0.763974 0.592978
vt 0.734483 0.571552
vt 0.72815 0.602155
vt 0.654872 0.606064
vt 0.649475 0.622835
vt 0.688254 0.608557
vt 0.654872 0.606064
vt 0.688254 0.608557
vt 0.696341 0.585262
vt 0.281184 0.780652
vt 0.306601 0.852775
vt 0.300765 0.876507
vt 0.281184 0.780652
vt 0.300765 0.876507
vt 0.276019 0.79895
vt 0.331501 0.928014
vt 0.324114 0.9563
vt 0.300765 0.876507
vt 0.331501 0.928014
vt 0.300765 0.876507
vt 0.306601 0.852775
vt 0.261993 0.729879
vt 0.269126 0.722069
vt 0.281184 0.780652
vt 0.261993 0.729879
vt 0.281184 0.780652
vt 0.276019 0.79895
vt 0.27677 0.707725
vt 0.286911 0.760343
vt 0.281184 0.780652
vt 0.27677 0.707725
vt 0.281184 0.780652
vt 0.269126 0.722069
vt 0.312966 0.831039
vt 0.306601 0.852775
vt 0.281184 0.780652
vt 0.312966 0.831039
vt 0.281184 0.780652
vt 0.286911 0.760343
vt 0.578312 0.614567
vt 0.58038 0.636678
vt 0.61494 0.629564
vt 0.578312 0.614567
vt 0.61494 0.629564
vt 0.614996 0.615287
vt 0.583279 0.63751
vt 0.611035 0.642621
vt 0.61494 0.629564
vt 0.271144 0.666559
vt 0.261993 0.729879
vt 0.263596 0.660759
vt 0.654872 0.606064
vt 0.614996 0.615287
vt 0.61494 0.629564
vt 0.654872 0.606064
vt 0.61494 0.629564
vt 0.649475 0.622835
vt 0.275572 0.577502
vt 0.279635 0.593632
vt 0.263596 0.660759
vt 0.538751 0.623871
vt 0.58038 0.636678
vt 0.578312 0.614567
vt 0.283815 0.608689
vt 0.271144 0.666559
vt 0.263596 0.660759
vt 0.283815 0.608689
vt 0.263596 0.660759
vt 0.279635 0.593632
vt 0.301621 0.547061
vt 0.283815 0.608689
vt 0.279635 0.593632
vt 0.301621 0.547061
vt 0.279635 0.593632
vt 0.299416 0.530292
vt 0.296371 0.514868
vt 0.299416 0.530292
vt 0.279635 0.593632
vt 0.296371 0.514868
vt 0.279635 0.593632
vt 0.275572 0.577502
vt 0.317261 0.459531
vt 0.299416 0.530292
vt 0.296371 0.514868
vt 0.479765 0.642176
vt 0.507434 0.622948
vt 0.474138 0.63111
vt 0.537429 0.598179
vt 0.503304 0.605846
vt 0.507434 0.622948
vt 0.537429 0.598179
vt 0.507434 0.622948
vt 0.538751 0.623871
vt 0.468863 0.611747
vt 0.474138 0.63111
vt 0.507434 0.622948
vt 0.468863 0.611747
vt 0.507434 0.622948
vt 0.503304 0.605846
vt 0.446015 0.62917
vt 0.474138 0.63111
vt 0.468863 0.611747
vt 0.446015 0.62917
vt 0.468863 0.611747
vt 0.440266 0.611705
vt 0.500686 0.579861
vt 0.46545 0.587281
vt 0.468863 0.611747
vt 0.500686 0.579861
vt 0.468863 0.611747
vt 0.503304 0.605846
vt 0.438341 0.587661
vt 0.440266 0.611705
vt 0.468863 0.611747
vt 0.438341 0.587661
vt 0.468863 0.611747
vt 0.46545 0.587281
vt 0.558116 0.223138
vt 0.555852 0.173746
vt 0.543831 0.171361
vt 0.558116 0.223138
vt 0.543831 0.171361
vt 0.546283 0.222078
vt 0.464147 0.555254
vt 0.436162 0.555474
vt 0.438341 0.587661
vt 0.464147 0.555254
vt 0.438341 0.587661
vt 0.46545 0.587281
vt 0.529231 0.221255
vt 0.546283 0.222078
vt 0.543831 0.171361
vt 0.529231 0.221255
vt 0.543831 0.171361
vt 0.527737 0.169104
vt 0.384716 0.600616
vt 0.41547 0.592565
vt 0.414605 0.558462
vt 0.384716 0.600616
vt 0.414605 0.558462
vt 0.381297 0.56381
vt 0.508314 0.166374
vt 0.508183 0.216676
vt 0.529231 0.221255
vt 0.508314 0.166374
vt 0.529231 0.221255
vt 0.527737 0.169104
vt 0.382576 0.51729
vt 0.381297 0.56381
vt 0.414605 0.558462
vt 0.382576 0.51729
vt 0.414605 0.558462
vt 0.408571 0.516366
vt 0.350374 0.570202
vt 0.381297 0.56381
vt 0.382576 0.51729
vt 0.350374 0.570202
vt 0.382576 0.51729
vt 0.351979 0.521087
vt 0.407222 0.473307
vt 0.379977 0.471227
vt 0.382576 0.51729
vt 0.407222 0.473307
vt 0.382576 0.51729
vt 0.408571 0.516366
vt 0.349647 0.474694
vt 0.351979 0.521087
vt 0.382576 0.51729
vt 0.349647 0.474694
vt 0.382576 0.51729
vt 0.379977 0.471227
vt 0.317998 0.53012
vt 0.351979 0.521087
vt 0.349647 0.474694
vt 0.317998 0.53012
vt 0.349647 0.474694
vt 0.316337 0.483391
vt 0.381477 0.435993
vt 0.352987 0.438676
vt 0.349647 0.474694
vt 0.381477 0.435993
vt 0.349647 0.474694
vt 0.379977 0.471227
vt 0.317176 0.446293
vt 0.316337 0.483391
vt 0.349647 0.474694
vt 0.317176 0.446293
vt 0.349647 0.474694
vt 0.352987 0.438676
vt 0.275325 0.493369
vt 0.316337 0.483391
vt 0.317176 0.446293
vt 0.275325 0.493369
vt 0.317176 0.446293
vt 0.27608 0.448296
vt 0.357374 0.411722
vt 0.322162 0.416549
vt 0.317176 0.446293
vt 0.357374 0.411722
vt 0.317176 0.446293
vt 0.352987 0.438676
vt 0.279175 0.415525
vt 0.27608 0.448296
vt 0.317176 0.446293
vt 0.279175 0.415525
vt 0.317176 0.446293
vt 0.322162 0.416549
vt 0.363317 0.390191
vt 0.326342 0.395455
vt 0.322162 0.416549
vt 0.363317 0.390191
vt 0.322162 0.416549
vt 0.357374 0.411722
vt 0.283374 0.392795
vt 0.279175 0.415525
vt 0.322162 0.416549
vt 0.283374 0.392795
vt 0.322162 0.416549
vt 0.326342 0.395455
vt 0.367756 0.371625
vt 0.329528 0.375828
vt 0.326342 0.395455
vt 0.367756 0.371625
vt 0.326342 0.395455
vt 0.363317 0.390191
vt 0.437897 0.0803514
vt 0.432698 0.0667488
vt 0.419897 0.152684
vt 0.290176 0.380696
vt 0.326342 0.395455
vt 0.329528 0.375828
vt 0.411922 0.248082
vt 0.425939 0.170887
vt 0.42139 0.159056
vt 0.411922 0.248082
vt 0.42139 0.159056
vt 0.407423 0.235512
vt 0.442226 0.0925558
vt 0.437897 0.0803514
vt 0.42139 0.159056
vt 0.442226 0.0925558
vt 0.42139 0.159056
vt 0.425939 0.170887
vt 0.417667 0.263288
vt 0.432387 0.188999
vt 0.425939 0.170887
vt 0.417667 0.263288
vt 0.425939 0.170887
vt 0.411922 0.248082
vt 0.447442 0.108097
vt 0.442226 0.0925558
vt 0.425939 0.170887
vt 0.447442 0.108097
vt 0.425939 0.170887
vt 0.432387 0.188999
vt 0.394575 0.313698
vt 0.400342 0.332516
vt 0.417667 0.263288
vt 0.394575 0.313698
vt 0.417667 0.263288
vt 0.411922 0.248082
vt 0.408533 0.356453
vt 0.425839 0.286765
vt 0.417667 0.263288
vt 0.408533 0.356453
vt 0.417667 0.263288
vt 0.400342 0.332516
vt 0.44156 0.211799
vt 0.432387 0.188999
vt 0.417667 0.263288
vt 0.44156 0.211799
vt 0.417667 0.263288
vt 0.425839 0.286765
vt 0.378777 0.391589
vt 0.386668 0.419795
vt 0.408533 0.356453
vt 0.378777 0.391589
vt 0.408533 0.356453
vt 0.400342 0.332516
vt 0.39931 0.463257
vt 0.421892 0.398507
vt 0.408533 0.356453
vt 0.39931 0.463257
vt 0.408533 0.356453
vt 0.386668 0.419795
vt 0.440639 0.326042
vt 0.425839 0.286765
vt 0.408533 0.356453
vt 0.440639 0.326042
vt 0.408533 0.356453
vt 0.421892 0.398507
vt 0.418283 0.524291
vt 0.441145 0.456042
vt 0.421892 0.398507
vt 0.418283 0.524291
vt 0.421892 0.398507
vt 0.39931 0.463257
vt 0.461659 0.38298
vt 0.440639 0.326042
vt 0.421892 0.398507
vt 0.461659 0.38298
vt 0.421892 0.398507
vt 0.441145 0.456042
vt 0.363829 0.477251
vt 0.376462 0.524627
vt 0.39931 0.463257
vt 0.363829 0.477251
vt 0.39931 0.463257
vt 0.386668 0.419795
vt 0.394427 0.587558
vt 0.418283 0.524291
vt 0.39931 0.463257
vt 0.394427 0.587558
vt 0.39931 0.463257
vt 0.376462 0.524627
vt 0.354376 0.581306
vt 0.370348 0.644611
vt 0.394427 0.587558
vt 0.354376 0.581306
vt 0.394427 0.587558
vt 0.376462 0.524627
vt 0.3883 0.716766
vt 0.414832 0.658504
vt 0.394427 0.587558
vt 0.3883 0.716766
vt 0.394427 0.587558
vt 0.370348 0.644611
vt 0.440698 0.59532
vt 0.418283 0.524291
vt 0.394427 0.587558
vt 0.440698 0.59532
vt 0.394427 0.587558
vt 0.414832 0.658504
vt 0.347361 0.694192
vt 0.363161 0.766736
vt 0.3883 0.716766
vt 0.347361 0.694192
vt 0.3883 0.716766
vt 0.370348 0.644611
vt 0.382218 0.843506
vt 0.407747 0.792788
vt 0.3883 0.716766
vt 0.382218 0.843506
vt 0.3883 0.716766
vt 0.363161 0.766736
vt 0.435736 0.734846
vt 0.414832 0.658504
vt 0.3883 0.716766
vt 0.435736 0.734846
vt 0.3883 0.716766
vt 0.407747 0.792788
vt 0.40027 0.923977
vt 0.426555 0.872508
vt 0.407747 0.792788
vt 0.40027 0.923977
vt 0.407747 0.792788
vt 0.382218 0.843506
vt 0.455546 0.813889
vt 0.435736 0.734846
vt 0.407747 0.792788
vt 0.455546 0.813889
vt 0.407747 0.792788
vt 0.426555 0.872508
vt 0.416855 1.00723
vt 0.443502 0.953954
vt 0.426555 0.872508
vt 0.416855 1.00723
vt 0.426555 0.872508
vt 0.40027 0.923977
vt 0.472962 0.897507
vt 0.455546 0.813889
vt 0.426555 0.872508
vt 0.472962 0.897507
vt 0.426555 0.872508
vt 0.443502 0.953954
vt 0.433899 1.08867
vt 0.459387 1.03684
vt 0.443502 0.953954
vt 0.433899 1.08867
vt 0.443502 0.953954
vt 0.416855 1.00723
vt 0.487617 0.985109
vt 0.472962 0.897507
vt 0.443502 0.953954
vt 0.487617 0.985109
vt 0.443502 0.953954
vt 0.459387 1.03684
vt 0.450658 1.16902
vt 0.474285 1.1203
vt 0.459387 1.03684
vt 0.450658 1.16902
vt 0.459387 1.03684
vt 0.433899 1.08867
vt 0.501034 1.07702
vt 0.487617 0.985109
vt 0.459387 1.03684
vt 0.501034 1.07702
vt 0.459387 1.03684
vt 0.474285 1.1203
vt 0.516805 0.939861
vt 0.487617 0.985109
vt 0.501034 1.07702
vt 0.516805 0.939861
vt 0.501034 1.07702
vt 0.528906 1.04233
vt 0.487884 1.20276
vt 0.513021 1.17229
vt 0.501034 1.07702
vt 0.487884 1.20276
vt 0.501034 1.07702
vt 0.474285 1.1203
vt 0.539312 1.14687
vt 0.528906 1.04233
vt 0.501034 1.07702
vt 0.539312 1.14687
vt 0.501034 1.07702
vt 0.513021 1.17229
vt 0.556106 1.01232
vt 0.528906 1.04233
vt 0.539312 1.14687
vt 0.556106 1.01232
vt 0.539312 1.14687
vt 0.565018 1.12394
vt 0.520795 1.26257
vt 0.547189 1.24523
vt 0.539312 1.14687
vt 0.520795 1.26257
vt 0.539312 1.14687
vt 0.513021 1.17229
vt 0.573327 1.22921
vt 0.565018 1.12394
vt 0.539312 1.14687
vt 0.573327 1.22921
vt 0.539312 1.14687
vt 0.547189 1.24523
vt 0.590181 1.10333
vt 0.565018 1.12394
vt 0.573327 1.22921
vt 0.590181 1.10333
vt 0.573327 1.22921
vt 0.598552 1.21537
vt 0.552432 1.32959
vt 0.579501 1.33045
vt 0.573327 1.22921
vt 0.552432 1.32959
vt 0.573327 1.22921
vt 0.547189 1.24523
vt 0.606316 1.33594
vt 0.598552 1.21537
vt 0.573327 1.22921
vt 0.606316 1.33594
vt 0.573327 1.22921
vt 0.579501 1.33045
vt 0.5554 1.39633
vt 0.583638 1.40869
vt 0.579501 1.33045
vt 0.5554 1.39633
vt 0.579501 1.33045
vt 0.552432 1.32959
vt 0.612562 1.41773
vt 0.606316 1.33594
vt 0.579501 1.33045
vt 0.612562 1.41773
vt 0.579501 1.33045
vt 0.583638 1.40869
vt 0.556918 1.43634
vt 0.585766 1.45802
vt 0.583638 1.40869
vt 0.556918 1.43634
vt 0.583638 1.40869
vt 0.5554 1.39633
vt 0.617264 1.46718
vt 0.612562 1.41773
vt 0.583638 1.40869
vt 0.617264 1.46718
vt 0.583638 1.40869
vt 0.585766 1.45802
vt 0.647901 1.38547
vt 0.612562 1.41773
vt 0.617264 1.46718
vt 0.647901 1.38547
vt 0.617264 1.46718
vt 0.655273 1.4159
vt 0.587136 1.49642
vt 0.620543 1.49268
vt 0.617264 1.46718
vt 0.587136 1.49642
vt 0.617264 1.46718
vt 0.585766 1.45802
vt 0.659892 1.43204
vt 0.655273 1.4159
vt 0.617264 1.46718
vt 0.659892 1.43204
vt 0.617264 1.46718
vt 0.620543 1.49268
vt 0.691373 1.34924
vt 0.655273 1.4159
vt 0.659892 1.43204
vt 0.691373 1.34924
vt 0.659892 1.43204
vt 0.695267 1.36485
vt 0.443262 0.746107
vt 0.443761 0.825349
vt 0.435772 0.819785
vt 0.623053 1.50357
vt 0.659892 1.43204
vt 0.620543 1.49268
vt 0.698954 1.38032
vt 0.695267 1.36485
vt 0.659892 1.43204
vt 0.443266 0.897907
vt 0.435772 0.819785
vt 0.443761 0.825349
vt 0.71254 1.25815
vt 0.695267 1.36485
vt 0.698954 1.38032
vt 0.879073 0.370273
vt 0.940158 0.386532
vt 0.883701 0.382433
vt 0.665524 1.45889
vt 0.702637 1.39146
vt 0.698954 1.38032
vt 0.665524 1.45889
vt 0.698954 1.38032
vt 0.662674 1.44252
vt 0.887104 0.398526
vt 0.883701 0.382433
vt 0.940158 0.386532
vt 0.887104 0.398526
vt 0.940158 0.386532
vt 0.94573 0.397852
vt 0.819405 0.375505
vt 0.883701 0.382433
vt 0.887104 0.398526
vt 0.819405 0.375505
vt 0.887104 0.398526
vt 0.821018 0.400803
vt 0.950947 0.419275
vt 0.887749 0.433828
vt 0.887104 0.398526
vt 0.950947 0.419275
vt 0.887104 0.398526
vt 0.94573 0.397852
vt 0.823536 0.429125
vt 0.821018 0.400803
vt 0.887104 0.398526
vt 0.823536 0.429125
vt 0.887104 0.398526
vt 0.887749 0.433828
vt 0.887376 0.475132
vt 0.823562 0.46656
vt 0.823536 0.429125
vt 0.887376 0.475132
vt 0.823536 0.429125
vt 0.887749 0.433828
vt 0.756403 0.447182
vt 0.752988 0.416569
vt 0.823536 0.429125
vt 0.756403 0.447182
vt 0.823536 0.429125
vt 0.823562 0.46656
vt 0.751047 0.397227
vt 0.821018 0.400803
vt 0.823536 0.429125
vt 0.751047 0.397227
vt 0.823536 0.429125
vt 0.752988 0.416569
vt 0.819405 0.375505
vt 0.821018 0.400803
vt 0.751047 0.397227
vt 0.819405 0.375505
vt 0.751047 0.397227
vt 0.748586 0.379144
vt 0.690451 0.4205
vt 0.687798 0.399537
vt 0.751047 0.397227
vt 0.690451 0.4205
vt 0.751047 0.397227
vt 0.752988 0.416569
vt 0.686283 0.385224
vt 0.748586 0.379144
vt 0.751047 0.397227
vt 0.686283 0.385224
vt 0.751047 0.397227
vt 0.687798 0.399537
vt 0.722455 0.99376
vt 0.73013 0.997171
vt 0.726513 0.872566
vt 0.74688 0.370171
vt 0.686283 0.385224
vt 0.68541 0.374087
vt 0.631614 0.41152
vt 0.630423 0.396001
vt 0.686283 0.385224
vt 0.631614 0.41152
vt 0.686283 0.385224
vt 0.687798 0.399537
vt 0.628583 0.382084
vt 0.68541 0.374087
vt 0.686283 0.385224
vt 0.628583 0.382084
vt 0.686283 0.385224
vt 0.630423 0.396001
vt 0.635432 0.4294
vt 0.631614 0.41152
vt 0.687798 0.399537
vt 0.635432 0.4294
vt 0.687798 0.399537
vt 0.690451 0.4205
vt 0.691291 0.439732
vt 0.690451 0.4205
vt 0.752988 0.416569
vt 0.691291 0.439732
vt 0.752988 0.416569
vt 0.756403 0.447182
vt 0.824467 0.512178
vt 0.758753 0.489778
vt 0.756403 0.447182
vt 0.824467 0.512178
vt 0.756403 0.447182
vt 0.823562 0.46656
vt 0.697158 0.485906
vt 0.691291 0.439732
vt 0.756403 0.447182
vt 0.697158 0.485906
vt 0.756403 0.447182
vt 0.758753 0.489778
vt 0.824988 0.562924
vt 0.759986 0.534633
vt 0.758753 0.489778
vt 0.824988 0.562924
vt 0.758753 0.489778
vt 0.824467 0.512178
vt 0.701102 0.530376
vt 0.697158 0.485906
vt 0.758753 0.489778
vt 0.701102 0.530376
vt 0.758753 0.489778
vt 0.759986 0.534633
vt 0.887839 0.528687
vt 0.891212 0.567153
vt 0.824988 0.562924
vt 0.887839 0.528687
vt 0.824988 0.562924
vt 0.824467 0.512178
vt 0.893769 0.599794
vt 0.825308 0.597767
vt 0.824988 0.562924
vt 0.893769 0.599794
vt 0.824988 0.562924
vt 0.891212 0.567153
vt 0.761325 0.583443
vt 0.759986 0.534633
vt 0.824988 0.562924
vt 0.761325 0.583443
vt 0.824988 0.562924
vt 0.825308 0.597767
vt 0.965427 0.527664
vt 0.971002 0.576896
vt 0.891212 0.567153
vt 0.965427 0.527664
vt 0.891212 0.567153
vt 0.887839 0.528687
vt 0.964964 0.606406
vt 0.893769 0.599794
vt 0.891212 0.567153
vt 0.964964 0.606406
vt 0.891212 0.567153
vt 0.971002 0.576896
vt 0.50819 0.837211
vt 0.531088 0.840074
vt 0.538448 0.933961
vt 0.50819 0.837211
vt 0.538448 0.933961
vt 0.513832 0.930399
vt 0.54878 0.841947
vt 0.553203 0.923404
vt 0.538448 0.933961
vt 0.54878 0.841947
vt 0.538448 0.933961
vt 0.531088 0.840074
vt 0.479024 0.91757
vt 0.487233 0.833526
vt 0.50819 0.837211
vt 0.479024 0.91757
vt 0.50819 0.837211
vt 0.513832 0.930399
vt 0.488426 0.755892
vt 0.508827 0.757226
vt 0.50819 0.837211
vt 0.488426 0.755892
vt 0.50819 0.837211
vt 0.487233 0.833526
vt 0.528322 0.757018
vt 0.531088 0.840074
vt 0.50819 0.837211
vt 0.528322 0.757018
vt 0.50819 0.837211
vt 0.508827 0.757226
vt 0.468063 0.833259
vt 0.470311 0.753272
vt 0.488426 0.755892
vt 0.468063 0.833259
vt 0.488426 0.755892
vt 0.487233 0.833526
vt 0.46914 0.681503
vt 0.487332 0.683132
vt 0.488426 0.755892
vt 0.46914 0.681503
vt 0.488426 0.755892
vt 0.470311 0.753272
vt 0.508429 0.684939
vt 0.508827 0.757226
vt 0.488426 0.755892
vt 0.508429 0.684939
vt 0.488426 0.755892
vt 0.487332 0.683132
vt 0.467545 0.621819
vt 0.489805 0.617581
vt 0.487332 0.683132
vt 0.467545 0.621819
vt 0.487332 0.683132
vt 0.46914 0.681503
vt 0.510799 0.616479
vt 0.508429 0.684939
vt 0.487332 0.683132
vt 0.510799 0.616479
vt 0.487332 0.683132
vt 0.489805 0.617581
vt 0.463845 0.556036
vt 0.483746 0.555373
vt 0.489805 0.617581
vt 0.463845 0.556036
vt 0.489805 0.617581
vt 0.467545 0.621819
vt 0.505845 0.552825
vt 0.510799 0.616479
vt 0.489805 0.617581
vt 0.505845 0.552825
vt 0.489805 0.617581
vt 0.483746 0.555373
vt 0.456639 0.486756
vt 0.475192 0.48509
vt 0.483746 0.555373
vt 0.456639 0.486756
vt 0.483746 0.555373
vt 0.463845 0.556036
vt 0.49615 0.481191
vt 0.505845 0.552825
vt 0.483746 0.555373
vt 0.49615 0.481191
vt 0.483746 0.555373
vt 0.475192 0.48509
vt 0.455475 0.413038
vt 0.467382 0.408234
vt 0.475192 0.48509
vt 0.455475 0.413038
vt 0.475192 0.48509
vt 0.456639 0.486756
vt 0.487247 0.402533
vt 0.49615 0.481191
vt 0.475192 0.48509
vt 0.487247 0.402533
vt 0.475192 0.48509
vt 0.467382 0.408234
vt 0.443255 0.334273
vt 0.456145 0.32943
vt 0.467382 0.408234
vt 0.443255 0.334273
vt 0.467382 0.408234
vt 0.455475 0.413038
vt 0.477514 0.326205
vt 0.487247 0.402533
vt 0.467382 0.408234
vt 0.477514 0.326205
vt 0.467382 0.408234
vt 0.456145 0.32943
vt 0.91591 0.399049
vt 0.917695 0.421195
vt 0.973172 0.41229
vt 0.91591 0.399049
vt 0.973172 0.41229
vt 0.969999 0.386509
vt 0.917667 0.45301
vt 0.971705 0.455029
vt 0.973172 0.41229
vt 0.917667 0.45301
vt 0.973172 0.41229
vt 0.917695 0.421195
vt 0.865242 0.403224
vt 0.865494 0.426633
vt 0.917695 0.421195
vt 0.865242 0.403224
vt 0.917695 0.421195
vt 0.91591 0.399049
vt 0.868352 0.449678
vt 0.917667 0.45301
vt 0.917695 0.421195
vt 0.868352 0.449678
vt 0.917695 0.421195
vt 0.865494 0.426633
vt 0.817969 0.405267
vt 0.820371 0.426526
vt 0.865494 0.426633
vt 0.817969 0.405267
vt 0.865494 0.426633
vt 0.865242 0.403224
vt 0.820912 0.450834
vt 0.868352 0.449678
vt 0.865494 0.426633
vt 0.820912 0.450834
vt 0.865494 0.426633
vt 0.820371 0.426526
vt 0.775568 0.40896
vt 0.780623 0.430215
vt 0.820371 0.426526
vt 0.775568 0.40896
vt 0.820371 0.426526
vt 0.817969 0.405267
vt 0.782025 0.457042
vt 0.820912 0.450834
vt 0.820371 0.426526
vt 0.782025 0.457042
vt 0.820371 0.426526
vt 0.780623 0.430215
vt 0.737843 0.414185
vt 0.740514 0.436913
vt 0.780623 0.430215
vt 0.737843 0.414185
vt 0.780623 0.430215
vt 0.775568 0.40896
vt 0.741937 0.465298
vt 0.782025 0.457042
vt 0.780623 0.430215
vt 0.741937 0.465298
vt 0.780623 0.430215
vt 0.740514 0.436913
vt 0.696184 0.444635
vt 0.701288 0.479805
vt 0.741937 0.465298
vt 0.696184 0.444635
vt 0.741937 0.465298
vt 0.740514 0.436913
vt 0.706596 0.516649
vt 0.743606 0.499289
vt 0.741937 0.465298
vt 0.706596 0.516649
vt 0.741937 0.465298
vt 0.701288 0.479805
vt 0.781437 0.488547
vt 0.782025 0.457042
vt 0.741937 0.465298
vt 0.781437 0.488547
vt 0.741937 0.465298
vt 0.743606 0.499289
vt 0.651887 0.493763
vt 0.655871 0.538548
vt 0.706596 0.516649
vt 0.651887 0.493763
vt 0.706596 0.516649
vt 0.701288 0.479805
vt 0.653956 0.571815
vt 0.703353 0.551519
vt 0.706596 0.516649
vt 0.653956 0.571815
vt 0.706596 0.516649
vt 0.655871 0.538548
vt 0.741134 0.538721
vt 0.743606 0.499289
vt 0.706596 0.516649
vt 0.741134 0.538721
vt 0.706596 0.516649
vt 0.703353 0.551519
vt 0.60861 0.558158
vt 0.613366 0.585987
vt 0.653956 0.571815
vt 0.60861 0.558158
vt 0.653956 0.571815
vt 0.655871 0.538548
vt 0.614996 0.615287
vt 0.654872 0.606064
vt 0.653956 0.571815
vt 0.614996 0.615287
vt 0.653956 0.571815
vt 0.613366 0.585987
vt 0.696341 0.585262
vt 0.703353 0.551519
vt 0.653956 0.571815
vt 0.696341 0.585262
vt 0.653956 0.571815
vt 0.654872 0.606064
vt 0.569684 0.565514
vt 0.575185 0.592155
vt 0.613366 0.585987
vt 0.569684 0.565514
vt 0.613366 0.585987
vt 0.60861 0.558158
vt 0.578312 0.614567
vt 0.614996 0.615287
vt 0.613366 0.585987
vt 0.578312 0.614567
vt 0.613366 0.585987
vt 0.575185 0.592155
vt 0.535271 0.572774
vt 0.537429 0.598179
vt 0.575185 0.592155
vt 0.535271 0.572774
vt 0.575185 0.592155
vt 0.569684 0.565514
vt 0.538751 0.623871
vt 0.578312 0.614567
vt 0.575185 0.592155
vt 0.538751 0.623871
vt 0.575185 0.592155
vt 0.537429 0.598179
vt 0.503304 0.605846
vt 0.537429 0.598179
vt 0.535271 0.572774
vt 0.503304 0.605846
vt 0.535271 0.572774
vt 0.500686 0.579861
vt 0.562993 0.525014
vt 0.530694 0.54028
vt 0.535271 0.572774
vt 0.562993 0.525014
vt 0.535271 0.572774
vt 0.569684 0.565514
vt 0.50009 0.549393
vt 0.500686 0.579861
vt 0.535271 0.572774
vt 0.50009 0.549393
vt 0.535271 0.572774
vt 0.530694 0.54028
vt 0.46545 0.587281
vt 0.500686 0.579861
vt 0.50009 0.549393
vt 0.46545 0.587281
vt 0.50009 0.549393
vt 0.464147 0.555254
vt 0.525448 0.496905
vt 0.498075 0.508729
vt 0.50009 0.549393
vt 0.525448 0.496905
vt 0.50009 0.549393
vt 0.530694 0.54028
vt 0.467335 0.513372
vt 0.464147 0.555254
vt 0.50009 0.549393
vt 0.467335 0.513372
vt 0.50009 0.549393
vt 0.498075 0.508729
vt 0.436162 0.555474
vt 0.464147 0.555254
vt 0.467335 0.513372
vt 0.436162 0.555474
vt 0.467335 0.513372
vt 0.432267 0.516629
vt 0.497086 0.473788
vt 0.461801 0.47155
vt 0.467335 0.513372
vt 0.497086 0.473788
vt 0.467335 0.513372
vt 0.498075 0.508729
vt 0.432558 0.476458
vt 0.432267 0.516629
vt 0.467335 0.513372
vt 0.432558 0.476458
vt 0.467335 0.513372
vt 0.461801 0.47155
vt 0.508183 0.216676
vt 0.508314 0.166374
vt 0.488229 0.16723
vt 0.408571 0.516366
vt 0.432558 0.476458
vt 0.407222 0.473307
vt 0.470539 0.115976
vt 0.472699 0.17077
vt 0.488229 0.16723
vt 0.461303 0.441078
vt 0.432558 0.476458
vt 0.461801 0.47155
vt 0.412273 0.442291
vt 0.407222 0.473307
vt 0.432558 0.476458
vt 0.471145 0.220324
vt 0.488229 0.16723
vt 0.472699 0.17077
vt 0.379977 0.471227
vt 0.407222 0.473307
vt 0.412273 0.442291
vt 0.379977 0.471227
vt 0.412273 0.442291
vt 0.381477 0.435993
vt 0.438666 0.420071
vt 0.414105 0.414833
vt 0.412273 0.442291
vt 0.460036 0.175176
vt 0.471145 0.220324
vt 0.472699 0.17077
vt 0.386472 0.407547
vt 0.381477 0.435993
vt 0.412273 0.442291
vt 0.386472 0.407547
vt 0.412273 0.442291
vt 0.414105 0.414833
vt 0.352987 0.438676
vt 0.381477 0.435993
vt 0.386472 0.407547
vt 0.352987 0.438676
vt 0.386472 0.407547
vt 0.357374 0.411722
vt 0.366207 0.345863
vt 0.386955 0.288905
vt 0.382252 0.272943
vt 0.422931 0.393048
vt 0.386472 0.407547
vt 0.414105 0.414833
vt 0.363317 0.390191
vt 0.357374 0.411722
vt 0.386472 0.407547
vt 0.363317 0.390191
vt 0.386472 0.407547
vt 0.394453 0.388091
vt 0.429961 0.375366
vt 0.398754 0.366724
vt 0.394453 0.388091
vt 0.429961 0.375366
vt 0.394453 0.388091
vt 0.422931 0.393048
vt 0.367756 0.371625
vt 0.363317 0.390191
vt 0.394453 0.388091
vt 0.367756 0.371625
vt 0.394453 0.388091
vt 0.398754 0.366724
vt 0.37346 0.37293
vt 0.394575 0.313698
vt 0.389427 0.297507
vt 0.37346 0.37293
vt 0.389427 0.297507
vt 0.369399 0.359923
vt 0.411922 0.248082
vt 0.407423 0.235512
vt 0.389427 0.297507
vt 0.411922 0.248082
vt 0.389427 0.297507
vt 0.394575 0.313698
vt 0.344888 0.405319
vt 0.350509 0.426928
vt 0.37346 0.37293
vt 0.344888 0.405319
vt 0.37346 0.37293
vt 0.369399 0.359923
vt 0.355638 0.447055
vt 0.378777 0.391589
vt 0.37346 0.37293
vt 0.355638 0.447055
vt 0.37346 0.37293
vt 0.350509 0.426928
vt 0.400342 0.332516
vt 0.394575 0.313698
vt 0.37346 0.37293
vt 0.400342 0.332516
vt 0.37346 0.37293
vt 0.378777 0.391589
vt 0.326581 0.482733
vt 0.332279 0.502933
vt 0.355638 0.447055
vt 0.326581 0.482733
vt 0.355638 0.447055
vt 0.350509 0.426928
vt 0.340803 0.533723
vt 0.363829 0.477251
vt 0.355638 0.447055
vt 0.340803 0.533723
vt 0.355638 0.447055
vt 0.332279 0.502933
vt 0.386668 0.419795
vt 0.378777 0.391589
vt 0.355638 0.447055
vt 0.386668 0.419795
vt 0.355638 0.447055
vt 0.363829 0.477251
vt 0.308655 0.56738
vt 0.319179 0.593124
vt 0.340803 0.533723
vt 0.308655 0.56738
vt 0.340803 0.533723
vt 0.332279 0.502933
vt 0.333309 0.633905
vt 0.354376 0.581306
vt 0.340803 0.533723
vt 0.333309 0.633905
vt 0.340803 0.533723
vt 0.319179 0.593124
vt 0.376462 0.524627
vt 0.363829 0.477251
vt 0.340803 0.533723
vt 0.376462 0.524627
vt 0.340803 0.533723
vt 0.354376 0.581306
vt 0.326581 0.482733
vt 0.302555 0.55122
vt 0.308655 0.56738
vt 0.326581 0.482733
vt 0.308655 0.56738
vt 0.332279 0.502933
vt 0.284022 0.646628
vt 0.29127 0.653875
vt 0.308655 0.56738
vt 0.284022 0.646628
vt 0.308655 0.56738
vt 0.302555 0.55122
vt 0.303573 0.663501
vt 0.319179 0.593124
vt 0.308655 0.56738
vt 0.303573 0.663501
vt 0.308655 0.56738
vt 0.29127 0.653875
vt 0.285132 0.75732
vt 0.292416 0.751775
vt 0.29127 0.653875
vt 0.285132 0.75732
vt 0.29127 0.653875
vt 0.284022 0.646628
vt 0.30484 0.745335
vt 0.303573 0.663501
vt 0.29127 0.653875
vt 0.30484 0.745335
vt 0.29127 0.653875
vt 0.292416 0.751775
vt 0.306278 0.860591
vt 0.313183 0.850053
vt 0.292416 0.751775
vt 0.306278 0.860591
vt 0.292416 0.751775
vt 0.285132 0.75732
vt 0.324243 0.833201
vt 0.30484 0.745335
vt 0.292416 0.751775
vt 0.324243 0.833201
vt 0.292416 0.751775
vt 0.313183 0.850053
vt 0.324941 0.730095
vt 0.30484 0.745335
vt 0.324243 0.833201
vt 0.324941 0.730095
vt 0.324243 0.833201
vt 0.341603 0.806367
vt 0.335598 0.934826
vt 0.34576 0.914701
vt 0.324243 0.833201
vt 0.335598 0.934826
vt 0.324243 0.833201
vt 0.313183 0.850053
vt 0.360572 0.885432
vt 0.341603 0.806367
vt 0.324243 0.833201
vt 0.360572 0.885432
vt 0.324243 0.833201
vt 0.34576 0.914701
vt 0.363161 0.766736
vt 0.341603 0.806367
vt 0.360572 0.885432
vt 0.363161 0.766736
vt 0.360572 0.885432
vt 0.382218 0.843506
vt 0.365762 0.991605
vt 0.379887 0.963295
vt 0.360572 0.885432
vt 0.365762 0.991605
vt 0.360572 0.885432
vt 0.34576 0.914701
vt 0.40027 0.923977
vt 0.382218 0.843506
vt 0.360572 0.885432
vt 0.40027 0.923977
vt 0.360572 0.885432
vt 0.379887 0.963295
vt 0.379901 1.07878
vt 0.394445 1.05038
vt 0.379887 0.963295
vt 0.379901 1.07878
vt 0.379887 0.963295
vt 0.365762 0.991605
vt 0.416855 1.00723
vt 0.40027 0.923977
vt 0.379887 0.963295
vt 0.416855 1.00723
vt 0.379887 0.963295
vt 0.394445 1.05038
vt 0.397492 1.16496
vt 0.411924 1.13307
vt 0.394445 1.05038
vt 0.397492 1.16496
vt 0.394445 1.05038
vt 0.379901 1.07878
vt 0.433899 1.08867
vt 0.416855 1.00723
vt 0.394445 1.05038
vt 0.433899 1.08867
vt 0.394445 1.05038
vt 0.411924 1.13307
vt 0.418761 1.25606
vt 0.431892 1.21826
vt 0.411924 1.13307
vt 0.418761 1.25606
vt 0.411924 1.13307
vt 0.397492 1.16496
vt 0.450658 1.16902
vt 0.433899 1.08867
vt 0.411924 1.13307
vt 0.450658 1.16902
vt 0.411924 1.13307
vt 0.431892 1.21826
vt 0.440749 1.33156
vt 0.451485 1.28993
vt 0.431892 1.21826
vt 0.440749 1.33156
vt 0.431892 1.21826
vt 0.418761 1.25606
vt 0.466825 1.24192
vt 0.450658 1.16902
vt 0.431892 1.21826
vt 0.466825 1.24192
vt 0.431892 1.21826
vt 0.451485 1.28993
vt 0.410131 1.28264
vt 0.4339 1.35998
vt 0.440749 1.33156
vt 0.410131 1.28264
vt 0.440749 1.33156
vt 0.418761 1.25606
vt 0.464128 1.40785
vt 0.468331 1.37679
vt 0.440749 1.33156
vt 0.464128 1.40785
vt 0.440749 1.33156
vt 0.4339 1.35998
vt 0.47401 1.32913
vt 0.451485 1.28993
vt 0.440749 1.33156
vt 0.47401 1.32913
vt 0.440749 1.33156
vt 0.468331 1.37679
vt 0.494541 1.43464
vt 0.495635 1.39976
vt 0.468331 1.37679
vt 0.494541 1.43464
vt 0.468331 1.37679
vt 0.464128 1.40785
vt 0.497492 1.34273
vt 0.47401 1.32913
vt 0.468331 1.37679
vt 0.497492 1.34273
vt 0.468331 1.37679
vt 0.495635 1.39976
vt 0.524071 1.34107
vt 0.497492 1.34273
vt 0.495635 1.39976
vt 0.524071 1.34107
vt 0.495635 1.39976
vt 0.525077 1.3993
vt 0.525987 1.43556
vt 0.525077 1.3993
vt 0.495635 1.39976
vt 0.525987 1.43556
vt 0.495635 1.39976
vt 0.494541 1.43464
vt 0.5554 1.39633
vt 0.525077 1.3993
vt 0.525987 1.43556
vt 0.5554 1.39633
vt 0.525987 1.43556
vt 0.556918 1.43634
vt 0.49402 1.45961
vt 0.526624 1.46037
vt 0.525987 1.43556
vt 0.49402 1.45961
vt 0.525987 1.43556
vt 0.494541 1.43464
vt 0.558107 1.47283
vt 0.556918 1.43634
vt 0.525987 1.43556
vt 0.558107 1.47283
vt 0.525987 1.43556
vt 0.526624 1.46037
vt 0.585766 1.45802
vt 0.556918 1.43634
vt 0.558107 1.47283
vt 0.585766 1.45802
vt 0.558107 1.47283
vt 0.587136 1.49642
vt 0.527263 1.48103
vt 0.559509 1.5071
vt 0.558107 1.47283
vt 0.527263 1.48103
vt 0.558107 1.47283
vt 0.526624 1.46037
vt 0.588296 1.51143
vt 0.587136 1.49642
vt 0.558107 1.47283
vt 0.588296 1.51143
vt 0.558107 1.47283
vt 0.559509 1.5071
vt 0.620543 1.49268
vt 0.587136 1.49642
vt 0.588296 1.51143
vt 0.620543 1.49268
vt 0.588296 1.51143
vt 0.623053 1.50357
vt 0.454068 0.621943
vt 0.455094 0.678916
vt 0.444109 0.676592
vt 0.454068 0.621943
vt 0.444109 0.676592
vt 0.444298 0.619018
vt 0.45547 0.750534
vt 0.443262 0.746107
vt 0.444109 0.676592
vt 0.45547 0.750534
vt 0.444109 0.676592
vt 0.455094 0.678916
vt 0.443761 0.825349
vt 0.443262 0.746107
vt 0.45547 0.750534
vt 0.662674 1.44252
vt 0.625267 1.50804
vt 0.665524 1.45889
vt 0.46914 0.681503
vt 0.470311 0.753272
vt 0.45547 0.750534
vt 0.46914 0.681503
vt 0.45547 0.750534
vt 0.455094 0.678916
vt 0.468063 0.833259
vt 0.452386 0.831048
vt 0.45547 0.750534
vt 0.468063 0.833259
vt 0.45547 0.750534
vt 0.470311 0.753272
vt 0.467545 0.621819
vt 0.46914 0.681503
vt 0.455094 0.678916
vt 0.467545 0.621819
vt 0.455094 0.678916
vt 0.454068 0.621943
vt 0.443047 0.554527
vt 0.451261 0.555434
vt 0.454068 0.621943
vt 0.443047 0.554527
vt 0.454068 0.621943
vt 0.444298 0.619018
vt 0.463845 0.556036
vt 0.467545 0.621819
vt 0.454068 0.621943
vt 0.463845 0.556036
vt 0.454068 0.621943
vt 0.451261 0.555434
vt 0.493443 1.48221
vt 0.493478 1.49627
vt 0.527717 1.49402
vt 0.439366 0.486887
vt 0.451261 0.555434
vt 0.443047 0.554527
vt 0.456639 0.486756
vt 0.463845 0.556036
vt 0.451261 0.555434
vt 0.456639 0.486756
vt 0.451261 0.555434
vt 0.446296 0.486956
vt 0.439199 0.418548
vt 0.447554 0.416243
vt 0.446296 0.486956
vt 0.459274 1.44762
vt 0.493478 1.49627
vt 0.493443 1.48221
vt 0.455475 0.413038
vt 0.456639 0.486756
vt 0.446296 0.486956
vt 0.456519 1.4714
vt 0.493478 1.49627
vt 0.458121 1.45481
vt 0.423439 1.40454
vt 0.420447 1.42003
vt 0.458121 1.45481
vt 0.432099 0.346879
vt 0.447554 0.416243
vt 0.439199 0.418548
vt 0.417136 1.44
vt 0.456519 1.4714
vt 0.458121 1.45481
vt 0.417136 1.44
vt 0.458121 1.45481
vt 0.420447 1.42003
vt 0.907787 0.369548
vt 0.91292 0.381416
vt 0.960016 0.375822
vt 0.399862 1.31557
vt 0.420447 1.42003
vt 0.423439 1.40454
vt 0.393977 1.33182
vt 0.417136 1.44
vt 0.420447 1.42003
vt 0.91591 0.399049
vt 0.960016 0.375822
vt 0.91292 0.381416
vt 0.857661 0.37324
vt 0.861559 0.38918
vt 0.91292 0.381416
vt 0.857661 0.37324
vt 0.91292 0.381416
vt 0.907787 0.369548
vt 0.865242 0.403224
vt 0.91591 0.399049
vt 0.91292 0.381416
vt 0.865242 0.403224
vt 0.91292 0.381416
vt 0.861559 0.38918
vt 0.81265 0.374228
vt 0.816479 0.386403
vt 0.861559 0.38918
vt 0.81265 0.374228
vt 0.861559 0.38918
vt 0.857661 0.37324
vt 0.817969 0.405267
vt 0.865242 0.403224
vt 0.861559 0.38918
vt 0.817969 0.405267
vt 0.861559 0.38918
vt 0.816479 0.386403
vt 0.768707 0.377562
vt 0.773653 0.390588
vt 0.816479 0.386403
vt 0.768707 0.377562
vt 0.816479 0.386403
vt 0.81265 0.374228
vt 0.775568 0.40896
vt 0.817969 0.405267
vt 0.816479 0.386403
vt 0.775568 0.40896
vt 0.816479 0.386403
vt 0.773653 0.390588
vt 0.324084 0.958259
vt 0.319469 0.968311
vt 0.340505 1.04731
vt 0.72913 0.389981
vt 0.773653 0.390588
vt 0.768707 0.377562
vt 0.737843 0.414185
vt 0.775568 0.40896
vt 0.773653 0.390588
vt 0.737843 0.414185
vt 0.773653 0.390588
vt 0.734155 0.399551
vt 0.68435 0.379112
vt 0.68762 0.395979
vt 0.734155 0.399551
vt 0.301542 0.868699
vt 0.319469 0.968311
vt 0.324084 0.958259
vt 0.691415 0.415345
vt 0.737843 0.414185
vt 0.734155 0.399551
vt 0.691415 0.415345
vt 0.734155 0.399551
vt 0.68762 0.395979
vt 0.631321 0.398459
vt 0.634948 0.41794
vt 0.691415 0.415345
vt 0.631321 0.398459
vt 0.691415 0.415345
vt 0.68762 0.395979
vt 0.644974 0.447044
vt 0.696184 0.444635
vt 0.691415 0.415345
vt 0.644974 0.447044
vt 0.691415 0.415345
vt 0.634948 0.41794
vt 0.740514 0.436913
vt 0.737843 0.414185
vt 0.691415 0.415345
vt 0.740514 0.436913
vt 0.691415 0.415345
vt 0.696184 0.444635
vt 0.630886 0.384491
vt 0.631321 0.398459
vt 0.68762 0.395979
vt 0.630886 0.384491
vt 0.68762 0.395979
vt 0.68435 0.379112
vt 0.284022 0.646628
vt 0.278913 0.642522
vt 0.280511 0.761772
vt 0.284022 0.646628
vt 0.280511 0.761772
vt 0.285132 0.75732
vt 0.569352 0.398757
vt 0.631321 0.398459
vt 0.630886 0.384491
vt 0.569352 0.398757
vt 0.630886 0.384491
vt 0.571261 0.385948
vt 0.306278 0.860591
vt 0.285132 0.75732
vt 0.280511 0.761772
vt 0.306278 0.860591
vt 0.280511 0.761772
vt 0.301542 0.868699
vt 0.302555 0.55122
vt 0.296199 0.534938
vt 0.278913 0.642522
vt 0.302555 0.55122
vt 0.278913 0.642522
vt 0.284022 0.646628
vt 0.512585 0.39648
vt 0.569352 0.398757
vt 0.571261 0.385948
vt 0.512585 0.39648
vt 0.571261 0.385948
vt 0.517469 0.384487
vt 0.315072 0.44343
vt 0.292157 0.52517
vt 0.296199 0.534938
vt 0.315072 0.44343
vt 0.296199 0.534938
vt 0.321356 0.465042
vt 0.326581 0.482733
vt 0.321356 0.465042
vt 0.296199 0.534938
vt 0.326581 0.482733
vt 0.296199 0.534938
vt 0.302555 0.55122
vt 0.438666 0.420071
vt 0.468118 0.41858
vt 0.471715 0.395964
vt 0.337588 0.377333
vt 0.315072 0.44343
vt 0.340966 0.391188
vt 0.507928 0.420432
vt 0.512585 0.39648
vt 0.471715 0.395964
vt 0.507928 0.420432
vt 0.471715 0.395964
vt 0.468118 0.41858
vt 0.344888 0.405319
vt 0.340966 0.391188
vt 0.315072 0.44343
vt 0.344888 0.405319
vt 0.315072 0.44343
vt 0.321356 0.465042
vt 0.472699 0.17077
vt 0.470539 0.115976
vt 0.45929 0.123106
vt 0.435661 0.445398
vt 0.468118 0.41858
vt 0.438666 0.420071
vt 0.498885 0.443955
vt 0.507928 0.420432
vt 0.468118 0.41858
vt 0.498885 0.443955
vt 0.468118 0.41858
vt 0.461303 0.441078
vt 0.361941 0.32821
vt 0.337588 0.377333
vt 0.340966 0.391188
vt 0.361941 0.32821
vt 0.340966 0.391188
vt 0.366207 0.345863
vt 0.369399 0.359923
vt 0.366207 0.345863
vt 0.340966 0.391188
vt 0.369399 0.359923
vt 0.340966 0.391188
vt 0.344888 0.405319
vt 0.350509 0.426928
vt 0.344888 0.405319
vt 0.321356 0.465042
vt 0.350509 0.426928
vt 0.321356 0.465042
vt 0.326581 0.482733
vt 0.329562 0.94905
vt 0.306278 0.860591
vt 0.301542 0.868699
vt 0.329562 0.94905
vt 0.301542 0.868699
vt 0.324084 0.958259
vt 0.313183 0.850053
vt 0.306278 0.860591
vt 0.329562 0.94905
vt 0.313183 0.850053
vt 0.329562 0.94905
vt 0.335598 0.934826
vt 0.344558 1.03741
vt 0.349394 1.02556
vt 0.329562 0.94905
vt 0.344558 1.03741
vt 0.329562 0.94905
vt 0.324084 0.958259
vt 0.35625 1.01132
vt 0.335598 0.934826
vt 0.329562 0.94905
vt 0.35625 1.01132
vt 0.329562 0.94905
vt 0.349394 1.02556
vt 0.34576 0.914701
vt 0.335598 0.934826
vt 0.35625 1.01132
vt 0.34576 0.914701
vt 0.35625 1.01132
vt 0.365762 0.991605
vt 0.364953 1.11167
vt 0.37073 1.09886
vt 0.35625 1.01132
vt 0.364953 1.11167
vt 0.35625 1.01132
vt 0.349394 1.02556
vt 0.379901 1.07878
vt 0.365762 0.991605
vt 0.35625 1.01132
vt 0.379901 1.07878
vt 0.35625 1.01132
vt 0.37073 1.09886
vt 0.38286 1.20277
vt 0.388438 1.18824
vt 0.37073 1.09886
vt 0.38286 1.20277
vt 0.37073 1.09886
vt 0.364953 1.11167
vt 0.397492 1.16496
vt 0.379901 1.07878
vt 0.37073 1.09886
vt 0.397492 1.16496
vt 0.37073 1.09886
vt 0.388438 1.18824
vt 0.404573 1.30047
vt 0.410131 1.28264
vt 0.388438 1.18824
vt 0.404573 1.30047
vt 0.388438 1.18824
vt 0.38286 1.20277
vt 0.418761 1.25606
vt 0.397492 1.16496
vt 0.388438 1.18824
vt 0.418761 1.25606
vt 0.388438 1.18824
vt 0.410131 1.28264
vt 0.378454 1.21532
vt 0.399862 1.31557
vt 0.404573 1.30047
vt 0.378454 1.21532
vt 0.404573 1.30047
vt 0.38286 1.20277
vt 0.423439 1.40454
vt 0.428085 1.38436
vt 0.404573 1.30047
vt 0.423439 1.40454
vt 0.404573 1.30047
vt 0.399862 1.31557
vt 0.4339 1.35998
vt 0.410131 1.28264
vt 0.404573 1.30047
vt 0.4339 1.35998
vt 0.404573 1.30047
vt 0.428085 1.38436
vt 0.459274 1.44762
vt 0.461668 1.42795
vt 0.428085 1.38436
vt 0.459274 1.44762
vt 0.428085 1.38436
vt 0.423439 1.40454
vt 0.464128 1.40785
vt 0.4339 1.35998
vt 0.428085 1.38436
vt 0.464128 1.40785
vt 0.428085 1.38436
vt 0.461668 1.42795
vt 0.493443 1.48221
vt 0.49402 1.45961
vt 0.461668 1.42795
vt 0.493443 1.48221
vt 0.461668 1.42795
vt 0.459274 1.44762
vt 0.494541 1.43464
vt 0.464128 1.40785
vt 0.461668 1.42795
vt 0.494541 1.43464
vt 0.461668 1.42795
vt 0.49402 1.45961
vt 0.359357 1.1253
vt 0.378454 1.21532
vt 0.38286 1.20277
vt 0.359357 1.1253
vt 0.38286 1.20277
vt 0.364953 1.11167
vt 0.344558 1.03741
vt 0.359357 1.1253
vt 0.364953 1.11167
vt 0.344558 1.03741
vt 0.364953 1.11167
vt 0.349394 1.02556
vt 0.526624 1.46037
vt 0.49402 1.45961
vt 0.493443 1.48221
vt 0.526624 1.46037
vt 0.493443 1.48221
vt 0.527263 1.48103
vt 0.547189 1.24523
vt 0.520795 1.26257
vt 0.524071 1.34107
vt 0.547189 1.24523
vt 0.524071 1.34107
vt 0.552432 1.32959
vt 0.496619 1.27599
vt 0.497492 1.34273
vt 0.524071 1.34107
vt 0.496619 1.27599
vt 0.524071 1.34107
vt 0.520795 1.26257
vt 0.5554 1.39633
vt 0.552432 1.32959
vt 0.524071 1.34107
vt 0.5554 1.39633
vt 0.524071 1.34107
vt 0.525077 1.3993
vt 0.347361 0.694192
vt 0.324941 0.730095
vt 0.341603 0.806367
vt 0.347361 0.694192
vt 0.341603 0.806367
vt 0.363161 0.766736
vt 0.497086 0.473788
vt 0.498885 0.443955
vt 0.461303 0.441078
vt 0.497086 0.473788
vt 0.461303 0.441078
vt 0.461801 0.47155
vt 0.550375 0.48134
vt 0.525448 0.496905
vt 0.530694 0.54028
vt 0.550375 0.48134
vt 0.530694 0.54028
vt 0.562993 0.525014
vt 0.60861 0.558158
vt 0.600588 0.50832
vt 0.562993 0.525014
vt 0.60861 0.558158
vt 0.562993 0.525014
vt 0.569684 0.565514
vt 0.588618 0.455795
vt 0.550375 0.48134
vt 0.562993 0.525014
vt 0.588618 0.455795
vt 0.562993 0.525014
vt 0.600588 0.50832
vt 0.655871 0.538548
vt 0.651887 0.493763
vt 0.600588 0.50832
vt 0.655871 0.538548
vt 0.600588 0.50832
vt 0.60861 0.558158
vt 0.644974 0.447044
vt 0.588618 0.455795
vt 0.600588 0.50832
vt 0.644974 0.447044
vt 0.600588 0.50832
vt 0.651887 0.493763
vt 0.696184 0.444635
vt 0.644974 0.447044
vt 0.651887 0.493763
vt 0.696184 0.444635
vt 0.651887 0.493763
vt 0.701288 0.479805
vt 0.448926 0.905273
vt 0.452386 0.831048
vt 0.468063 0.833259
vt 0.448926 0.905273
vt 0.468063 0.833259
vt 0.459637 0.912334
vt 0.479024 0.91757
vt 0.459637 0.912334
vt 0.468063 0.833259
vt 0.479024 0.91757
vt 0.468063 0.833259
vt 0.487233 0.833526
vt 0.887749 0.433828
vt 0.950947 0.419275
vt 0.954395 0.458048
vt 0.887749 0.433828
vt 0.954395 0.458048
vt 0.887376 0.475132
vt 0.887839 0.528687
vt 0.887376 0.475132
vt 0.954395 0.458048
vt 0.887839 0.528687
vt 0.954395 0.458048
vt 0.965427 0.527664
vt 0.823562 0.46656
vt 0.887376 0.475132
vt 0.887839 0.528687
vt 0.823562 0.46656
vt 0.887839 0.528687
vt 0.824467 0.512178
vt 0.487884 1.20276
vt 0.496619 1.27599
vt 0.520795 1.26257
vt 0.487884 1.20276
vt 0.520795 1.26257
vt 0.513021 1.17229
vt 0.466825 1.24192
vt 0.487884 1.20276
vt 0.474285 1.1203
vt 0.466825 1.24192
vt 0.474285 1.1203
vt 0.450658 1.16902
vt 0.333309 0.633905
vt 0.347361 0.694192
vt 0.370348 0.644611
vt 0.333309 0.633905
vt 0.370348 0.644611
vt 0.354376 0.581306
vt 0.273689 0.586042
vt 0.315351 0.579823
vt 0.317998 0.53012
vt 0.273689 0.586042
vt 0.317998 0.53012
vt 0.277317 0.54318
vt 0.350374 0.570202
vt 0.351979 0.521087
vt 0.317998 0.53012
vt 0.350374 0.570202
vt 0.317998 0.53012
vt 0.315351 0.579823
vt 0.275325 0.493369
vt 0.277317 0.54318
vt 0.317998 0.53012
vt 0.275325 0.493369
vt 0.317998 0.53012
vt 0.316337 0.483391
vt 0.315695 0.612156
vt 0.353624 0.60772
vt 0.350374 0.570202
vt 0.315695 0.612156
vt 0.350374 0.570202
vt 0.315351 0.579823
vt 0.384716 0.600616
vt 0.381297 0.56381
vt 0.350374 0.570202
vt 0.384716 0.600616
vt 0.350374 0.570202
vt 0.353624 0.60772
vt 0.358231 0.629647
vt 0.390805 0.623501
vt 0.384716 0.600616
vt 0.358231 0.629647
vt 0.384716 0.600616
vt 0.353624 0.60772
vt 0.41764 0.616231
vt 0.41547 0.592565
vt 0.384716 0.600616
vt 0.41764 0.616231
vt 0.384716 0.600616
vt 0.390805 0.623501
vt 0.565027 0.271604
vt 0.565588 0.225757
vt 0.558116 0.223138
vt 0.385802 0.300728
vt 0.361569 0.335279
vt 0.381929 0.28161
vt 0.564585 0.17729
vt 0.555852 0.173746
vt 0.558116 0.223138
vt 0.564585 0.17729
vt 0.558116 0.223138
vt 0.565588 0.225757
vt 0.365312 0.362559
vt 0.341152 0.407045
vt 0.338645 0.39203
vt 0.365312 0.362559
vt 0.338645 0.39203
vt 0.362878 0.3465
vt 0.317261 0.459531
vt 0.315525 0.448276
vt 0.338645 0.39203
vt 0.317261 0.459531
vt 0.338645 0.39203
vt 0.341152 0.407045
vt 0.343585 0.425215
vt 0.320241 0.479334
vt 0.317261 0.459531
vt 0.343585 0.425215
vt 0.317261 0.459531
vt 0.341152 0.407045
vt 0.301621 0.547061
vt 0.299416 0.530292
vt 0.317261 0.459531
vt 0.301621 0.547061
vt 0.317261 0.459531
vt 0.320241 0.479334
vt 0.324288 0.504702
vt 0.303596 0.570075
vt 0.301621 0.547061
vt 0.324288 0.504702
vt 0.301621 0.547061
vt 0.320241 0.479334
vt 0.287349 0.63281
vt 0.283815 0.608689
vt 0.301621 0.547061
vt 0.287349 0.63281
vt 0.301621 0.547061
vt 0.303596 0.570075
vt 0.715572 0.867967
vt 0.722424 0.870821
vt 0.71877 0.757166
vt 0.715572 0.867967
vt 0.71877 0.757166
vt 0.713342 0.753287
vt 0.701499 1.10838
vt 0.707213 0.984727
vt 0.693752 0.978882
vt 0.701499 1.10838
vt 0.693752 0.978882
vt 0.687153 1.09195
vt 0.678836 1.17887
vt 0.697084 1.22126
vt 0.701499 1.10838
vt 0.678836 1.17887
vt 0.701499 1.10838
vt 0.687153 1.09195
vt 0.564153 0.752693
vt 0.57542 0.871583
vt 0.606014 0.854803
vt 0.564153 0.752693
vt 0.606014 0.854803
vt 0.599442 0.732454
vt 0.162819 0.639816
vt 0.222888 0.643037
vt 0.21962 0.621997
vt 0.162819 0.639816
vt 0.21962 0.621997
vt 0.157925 0.621017
vt 0.455777 -0.0420142
vt 0.43898 0.066477
vt 0.433053 0.0553547
vt 0.455777 -0.0420142
vt 0.433053 0.0553547
vt 0.449423 -0.0542242
vt 0.44406 0.0795438
vt 0.427414 0.167666
vt 0.421992 0.153954
vt 0.44406 0.0795438
vt 0.421992 0.153954
vt 0.43898 0.066477
vt 0.433513 0.183717
vt 0.413897 0.264021
vt 0.409177 0.248059
vt 0.433513 0.183717
vt 0.409177 0.248059
vt 0.427414 0.167666
vt 0.421321 0.288372
vt 0.398753 0.359232
vt 0.393169 0.336226
vt 0.421321 0.288372
vt 0.393169 0.336226
vt 0.413897 0.264021
vt 0.408836 0.39915
vt 0.381669 0.447953
vt 0.372887 0.405427
vt 0.408836 0.39915
vt 0.372887 0.405427
vt 0.398753 0.359232
vt 0.287975 0.671725
vt 0.287349 0.63281
vt 0.303596 0.570075
vt 0.287975 0.671725
vt 0.303596 0.570075
vt 0.307357 0.611092
vt 0.395403 0.512439
vt 0.368294 0.557886
vt 0.354648 0.487329
vt 0.395403 0.512439
vt 0.354648 0.487329
vt 0.381669 0.447953
vt 0.386195 0.647703
vt 0.362486 0.705519
vt 0.343692 0.613701
vt 0.386195 0.647703
vt 0.343692 0.613701
vt 0.368294 0.557886
vt 0.27677 0.707725
vt 0.287975 0.671725
vt 0.296953 0.729263
vt 0.27677 0.707725
vt 0.296953 0.729263
vt 0.286911 0.760343
vt 0.380538 0.789226
vt 0.361752 0.838712
vt 0.341349 0.757766
vt 0.380538 0.789226
vt 0.341349 0.757766
vt 0.362486 0.705519
vt 0.533397 0.428967
vt 0.564677 0.477963
vt 0.576212 0.369373
vt 0.533397 0.428967
vt 0.576212 0.369373
vt 0.546646 0.333341
vt 0.669393 1.16829
vt 0.678806 1.25374
vt 0.652864 1.29197
vt 0.669393 1.16829
vt 0.652864 1.29197
vt 0.643418 1.19387
vt 0.6899 1.15238
vt 0.669393 1.16829
vt 0.663049 1.06532
vt 0.6899 1.15238
vt 0.663049 1.06532
vt 0.685713 1.05397
vt 0.564628 0.0588079
vt 0.564109 0.14861
vt 0.589718 0.160793
vt 0.564628 0.0588079
vt 0.589718 0.160793
vt 0.590148 0.0546967
vt 0.645459 -0.283626
vt 0.612966 -0.227083
vt 0.592875 -0.300139
vt 0.645459 -0.283626
vt 0.592875 -0.300139
vt 0.619741 -0.345016
vt 0.63196 -0.146257
vt 0.595931 -0.104676
vt 0.578279 -0.184104
vt 0.63196 -0.146257
vt 0.578279 -0.184104
vt 0.612966 -0.227083
vt 0.613359 -0.0176526
vt 0.577632 0.0159731
vt 0.559214 -0.0628573
vt 0.613359 -0.0176526
vt 0.559214 -0.0628573
vt 0.595931 -0.104676
vt 0.595548 0.105964
vt 0.563106 0.140313
vt 0.543085 0.0579705
vt 0.595548 0.105964
vt 0.543085 0.0579705
vt 0.577632 0.0159731
vt 0.581102 0.229839
vt 0.552534 0.269915
vt 0.533537 0.18939
vt 0.581102 0.229839
vt 0.533537 0.18939
vt 0.563106 0.140313
vt 0.569321 0.358685
vt 0.541701 0.41779
vt 0.525065 0.337347
vt 0.569321 0.358685
vt 0.525065 0.337347
vt 0.552534 0.269915
vt 0.555309 0.509317
vt 0.526905 0.568606
vt 0.513223 0.485917
vt 0.555309 0.509317
vt 0.513223 0.485917
vt 0.541701 0.41779
vt 0.536895 0.664029
vt 0.509737 0.719797
vt 0.498369 0.631881
vt 0.536895 0.664029
vt 0.498369 0.631881
vt 0.526905 0.568606
vt 0.51821 0.820583
vt 0.492879 0.867072
vt 0.482803 0.776358
vt 0.51821 0.820583
vt 0.482803 0.776358
vt 0.509737 0.719797
vt 0.500328 0.967686
vt 0.476788 1.00458
vt 0.467956 0.917558
vt 0.500328 0.967686
vt 0.467956 0.917558
vt 0.492879 0.867072
vt 0.651181 -0.351488
vt 0.676719 -0.29574
vt 0.684547 -0.326891
vt 0.651181 -0.351488
vt 0.684547 -0.326891
vt 0.655888 -0.400368
vt 0.64822 -0.414816
vt 0.620382 -0.434801
vt 0.619087 -0.477811
vt 0.64822 -0.414816
vt 0.619087 -0.477811
vt 0.652675 -0.443649
f 1/1 2/2 3/3
f 1/4 3/5 4/6
f 5/7 6/8 3/9
f 5/10 3/11 2/12
f 7/13 4/14 3/15
f 7/16 3/17 6/18
f 8/19 9/20 10/21
f 8/22 10/23 11/24
f 12/25 11/26 10/27
f 12/28 10/29 13/30
f 14/31 13/32 10/33
f 14/34 10/35 9/36
f 15/37 16/38 17/39
f 15/40 17/41 18/42
f 8/43 18/44 17/45
f 8/46 17/47 9/48
f 19/49 20/50 17/51
f 19/52 17/53 21/54
f 22/55 21/56 17/57
f 22/58 17/59 16/60
f 14/61 9/62 17/63
f 14/64 17/65 20/66
f 23/67 24/68 25/69
f 23/70 25/71 26/72
f 27/73 26/74 25/75
f 27/76 25/77 28/78
f 29/79 28/80 25/81
f 29/82 25/83 24/84
f 30/85 31/86 32/87
f 30/88 32/89 33/90
f 34/91 35/92 32/93
f 34/94 32/95 31/96
f 36/97 33/98 32/99
f 36/100 32/101 35/102
f 37/103 38/104 39/105
f 37/106 39/107 40/108
f 41/109 42/110 39/111
f 41/112 39/113 38/114
f 43/115 40/116 39/117
f 43/118 39/119 42/120
f 44/121 45/122 46/123
f 44/124 46/125 47/126
f 48/127 47/128 49/129
f 48/130 49/131 50/132
f 51/133 52/134 46/135
f 51/136 46/137 45/138
f 53/139 54/140 55/141
f 53/142 55/143 56/144
f 57/145 58/146 55/147
f 57/148 55/149 54/150
f 59/151 56/152 55/153
f 59/154 55/155 58/156
f 60/157 61/158 62/159
f 60/160 62/161 63/162
f 64/163 63/164 62/165
f 64/166 62/167 65/168
f 66/169 65/170 62/171
f 66/172 62/173 61/174
f 67/175 68/176 69/177
f 67/178 69/179 70/180
f 71/181 70/182 69/183
f 71/184 69/185 72/186
f 73/187 72/188 69/189
f 73/190 69/191 68/192
f 74/193 75/194 76/195
f 74/196 76/197 77/198
f 78/199 77/200 76/201
f 78/202 76/203 79/204
f 80/205 79/206 76/207
f 80/208 76/209 81/210
f 82/211 81/212 76/213
f 82/214 76/215 83/216
f 84/217 83/218 76/219
f 84/220 76/221 75/222
f 85/223 86/224 87/225
f 85/226 87/227 88/228
f 89/229 90/230 87/231
f 89/232 87/233 86/234
f 91/235 88/236 87/237
f 91/238 87/239 90/240
f 92/241 93/242 91/243
f 92/244 91/245 94/246
f 95/247 88/248 91/249
f 95/250 91/251 93/252
f 96/253 94/254 91/255
f 96/256 91/257 90/258
f 97/259 94/260 96/261
f 97/262 96/263 98/264
f 89/265 99/266 96/267
f 89/268 96/269 90/270
f 100/271 98/272 96/273
f 100/274 96/275 99/276
f 101/277 98/278 100/279
f 101/280 100/281 102/282
f 103/283 104/284 100/285
f 103/286 100/287 99/288
f 105/289 102/290 100/291
f 105/292 100/293 104/294
f 106/295 102/296 105/297
f 106/298 105/299 107/300
f 108/301 109/302 105/303
f 108/304 105/305 104/306
f 110/307 107/308 105/309
f 110/310 105/311 109/312
f 111/313 107/314 110/315
f 111/316 110/317 112/318
f 113/319 114/320 110/321
f 113/322 110/323 109/324
f 115/325 112/326 110/327
f 115/328 110/329 114/330
f 116/331 112/332 115/333
f 116/334 115/335 117/336
f 118/337 119/338 115/339
f 118/340 115/341 114/342
f 120/343 117/344 115/345
f 120/346 115/347 119/348
f 121/349 117/350 120/351
f 121/352 120/353 122/354
f 123/355 124/356 120/357
f 123/358 120/359 119/360
f 125/361 122/362 120/363
f 125/364 120/365 124/366
f 126/367 122/368 125/369
f 126/370 125/371 127/372
f 128/373 129/374 125/375
f 128/376 125/377 124/378
f 130/379 127/380 125/381
f 130/382 125/383 129/384
f 131/385 127/386 130/387
f 131/388 130/389 132/390
f 133/391 134/392 130/393
f 133/394 130/395 129/396
f 135/397 132/398 130/399
f 135/400 130/401 134/402
f 136/403 132/404 135/405
f 136/406 135/407 137/408
f 138/409 139/410 135/411
f 138/412 135/413 134/414
f 140/415 137/416 135/417
f 140/418 135/419 139/420
f 141/421 137/422 140/423
f 141/424 140/425 142/426
f 143/427 144/428 140/429
f 143/430 140/431 139/432
f 145/433 142/434 140/435
f 145/436 140/437 144/438
f 146/439 142/440 145/441
f 146/442 145/443 147/444
f 51/445 45/446 145/447
f 51/448 145/449 144/450
f 44/451 147/452 145/453
f 44/454 145/455 45/456
f 148/457 149/458 146/459
f 148/460 146/461 150/462
f 141/463 142/464 146/465
f 141/466 146/467 149/468
f 151/469 150/470 146/471
f 151/472 146/473 147/474
f 152/475 150/476 151/477
f 152/478 151/479 153/480
f 44/481 154/482 151/483
f 44/484 151/485 147/486
f 155/487 153/488 151/489
f 155/490 151/491 154/492
f 156/493 153/494 155/495
f 156/496 155/497 157/498
f 158/499 159/500 155/501
f 158/502 155/503 154/504
f 160/505 157/506 155/507
f 160/508 155/509 159/510
f 161/511 162/512 160/513
f 161/514 160/515 159/516
f 163/517 164/518 160/519
f 163/520 160/521 162/522
f 165/523 157/524 160/525
f 165/526 160/527 164/528
f 166/529 167/530 165/531
f 166/532 165/533 168/534
f 156/535 157/536 165/537
f 156/538 165/539 167/540
f 169/541 168/542 165/543
f 169/544 165/545 164/546
f 163/547 170/548 169/549
f 163/550 169/551 164/552
f 171/553 172/554 169/555
f 171/556 169/557 170/558
f 173/559 168/560 169/561
f 173/562 169/563 172/564
f 174/565 175/566 173/567
f 174/568 173/569 176/570
f 166/571 168/572 173/573
f 166/574 173/575 175/576
f 177/577 176/578 173/579
f 177/580 173/581 172/582
f 171/583 178/584 177/585
f 171/586 177/587 172/588
f 179/589 180/590 177/591
f 179/592 177/593 178/594
f 181/595 176/596 177/597
f 181/598 177/599 180/600
f 182/601 183/602 181/603
f 182/604 181/605 184/606
f 174/607 176/608 181/609
f 174/610 181/611 183/612
f 185/613 184/614 181/615
f 185/616 181/617 180/618
f 179/619 186/620 185/621
f 179/622 185/623 180/624
f 187/625 188/626 185/627
f 187/628 185/629 186/630
f 23/631 184/632 185/633
f 23/634 185/635 188/636
f 189/637 190/638 188/639
f 189/640 188/641 187/642
f 24/643 23/644 188/645
f 24/646 188/647 190/648
f 191/649 192/650 190/651
f 191/652 190/653 189/654
f 29/655 24/656 190/657
f 29/658 190/659 192/660
f 193/661 194/662 192/663
f 193/664 192/665 191/666
f 195/667 29/668 192/669
f 195/670 192/671 194/672
f 196/673 197/674 195/675
f 196/676 195/677 194/678
f 198/679 199/680 195/681
f 198/682 195/683 197/684
f 28/685 29/686 195/687
f 28/688 195/689 199/690
f 200/691 201/692 199/693
f 200/694 199/695 198/696
f 27/697 28/698 199/699
f 27/700 199/701 201/702
f 202/703 203/704 201/705
f 202/706 201/707 200/708
f 204/709 27/710 201/711
f 204/712 201/713 203/714
f 205/715 206/716 204/717
f 205/718 204/719 203/720
f 183/721 182/722 204/723
f 183/724 204/725 206/726
f 26/727 27/728 204/729
f 26/730 204/731 182/732
f 207/733 208/734 206/735
f 207/736 206/737 205/738
f 174/739 183/740 206/741
f 174/742 206/743 208/744
f 209/745 210/746 208/747
f 209/748 208/749 207/750
f 175/751 174/752 208/753
f 175/754 208/755 210/756
f 211/757 212/758 210/759
f 211/760 210/761 209/762
f 166/763 175/764 210/765
f 166/766 210/767 212/768
f 213/769 214/770 212/771
f 213/772 212/773 211/774
f 167/775 166/776 212/777
f 167/778 212/779 214/780
f 215/781 216/782 214/783
f 215/784 214/785 213/786
f 156/787 167/788 214/789
f 156/790 214/791 216/792
f 217/793 152/794 216/795
f 217/796 216/797 215/798
f 153/799 156/800 216/801
f 153/802 216/803 152/804
f 218/805 219/806 217/807
f 218/808 217/809 215/810
f 220/811 148/812 217/813
f 220/814 217/815 219/816
f 150/817 152/818 217/819
f 150/820 217/821 148/822
f 221/823 222/824 220/825
f 221/826 220/827 219/828
f 223/829 224/830 220/831
f 223/832 220/833 222/834
f 149/835 148/836 220/837
f 149/838 220/839 224/840
f 225/841 226/842 224/843
f 225/844 224/845 223/846
f 141/847 149/848 224/849
f 141/850 224/851 226/852
f 227/853 136/854 226/855
f 227/856 226/857 225/858
f 137/859 141/860 226/861
f 137/862 226/863 136/864
f 228/865 229/866 227/867
f 228/868 227/869 225/870
f 230/871 131/872 227/873
f 230/874 227/875 229/876
f 132/877 136/878 227/879
f 132/880 227/881 131/882
f 231/883 232/884 230/885
f 231/886 230/887 229/888
f 233/889 126/890 230/891
f 233/892 230/893 232/894
f 127/895 131/896 230/897
f 127/898 230/899 126/900
f 234/901 235/902 233/903
f 234/904 233/905 232/906
f 236/907 121/908 233/909
f 236/910 233/911 235/912
f 122/913 126/914 233/915
f 122/916 233/917 121/918
f 237/919 238/920 236/921
f 237/922 236/923 235/924
f 239/925 116/926 236/927
f 239/928 236/929 238/930
f 117/931 121/932 236/933
f 117/934 236/935 116/936
f 240/937 241/938 239/939
f 240/940 239/941 238/942
f 242/943 111/944 239/945
f 242/946 239/947 241/948
f 112/949 116/950 239/951
f 112/952 239/953 111/954
f 243/955 244/956 242/957
f 243/958 242/959 241/960
f 245/961 106/962 242/963
f 245/964 242/965 244/966
f 107/967 111/968 242/969
f 107/970 242/971 106/972
f 246/973 247/974 245/975
f 246/976 245/977 244/978
f 248/979 101/980 245/981
f 248/982 245/983 247/984
f 102/985 106/986 245/987
f 102/988 245/989 101/990
f 249/991 250/992 248/993
f 249/994 248/995 247/996
f 251/997 97/998 248/999
f 251/1000 248/1001 250/1002
f 98/1003 101/1004 248/1005
f 98/1006 248/1007 97/1008
f 252/1009 253/1010 254/1011
f 252/1012 254/1013 255/1014
f 256/1015 257/1016 254/1017
f 256/1018 254/1019 253/1020
f 94/1021 97/1022 251/1023
f 94/1024 251/1025 92/1026
f 258/1027 259/1028 256/1029
f 258/1030 256/1031 253/1032
f 260/1033 261/1034 256/1035
f 260/1036 256/1037 259/1038
f 262/1039 257/1040 256/1041
f 262/1042 256/1043 261/1044
f 263/1045 264/1046 261/1047
f 263/1048 261/1049 260/1050
f 265/1051 262/1052 261/1053
f 265/1054 261/1055 264/1056
f 266/1057 267/1058 264/1059
f 266/1060 264/1061 263/1062
f 268/1063 265/1064 264/1065
f 268/1066 264/1067 267/1068
f 269/1069 270/1070 268/1071
f 269/1072 268/1073 267/1074
f 271/1075 85/1076 272/1077
f 271/1078 272/1079 273/1080
f 88/1081 95/1082 272/1083
f 88/1084 272/1085 85/1086
f 274/1087 275/1088 271/1089
f 274/1090 271/1091 273/1092
f 276/1093 277/1094 271/1095
f 276/1096 271/1097 275/1098
f 86/1099 85/1100 271/1101
f 86/1102 271/1103 277/1104
f 89/1105 86/1106 277/1107
f 89/1108 277/1109 278/1110
f 279/1111 278/1112 277/1113
f 279/1114 277/1115 276/1116
f 103/1117 278/1118 279/1119
f 103/1120 279/1121 280/1122
f 281/1123 282/1124 279/1125
f 281/1126 279/1127 276/1128
f 283/1129 280/1130 279/1131
f 283/1132 279/1133 282/1134
f 108/1135 280/1136 283/1137
f 108/1138 283/1139 284/1140
f 285/1141 286/1142 283/1143
f 285/1144 283/1145 282/1146
f 287/1147 284/1148 283/1149
f 287/1150 283/1151 286/1152
f 113/1153 284/1154 287/1155
f 113/1156 287/1157 288/1158
f 289/1159 290/1160 287/1161
f 289/1162 287/1163 286/1164
f 291/1165 288/1166 287/1167
f 291/1168 287/1169 290/1170
f 118/1171 288/1172 291/1173
f 118/1174 291/1175 292/1176
f 293/1177 294/1178 291/1179
f 293/1180 291/1181 290/1182
f 295/1183 292/1184 291/1185
f 295/1186 291/1187 294/1188
f 123/1189 292/1190 295/1191
f 123/1192 295/1193 296/1194
f 297/1195 298/1196 295/1197
f 297/1198 295/1199 294/1200
f 299/1201 296/1202 295/1203
f 299/1204 295/1205 298/1206
f 128/1207 296/1208 299/1209
f 128/1210 299/1211 300/1212
f 301/1213 302/1214 299/1215
f 301/1216 299/1217 298/1218
f 303/1219 300/1220 299/1221
f 303/1222 299/1223 302/1224
f 133/1225 300/1226 303/1227
f 133/1228 303/1229 304/1230
f 305/1231 306/1232 303/1233
f 305/1234 303/1235 302/1236
f 307/1237 304/1238 303/1239
f 307/1240 303/1241 306/1242
f 138/1243 304/1244 307/1245
f 138/1246 307/1247 308/1248
f 309/1249 310/1250 307/1251
f 309/1252 307/1253 306/1254
f 311/1255 308/1256 307/1257
f 311/1258 307/1259 310/1260
f 143/1261 308/1262 311/1263
f 143/1264 311/1265 312/1266
f 313/1267 314/1268 311/1269
f 313/1270 311/1271 310/1272
f 315/1273 312/1274 311/1275
f 315/1276 311/1277 314/1278
f 51/1279 312/1280 315/1281
f 51/1282 315/1283 52/1284
f 316/1285 317/1286 318/1287
f 316/1288 318/1289 319/1290
f 48/1291 50/1292 318/1293
f 48/1294 318/1295 317/1296
f 320/1297 321/1298 317/1299
f 320/1300 317/1301 316/1302
f 322/1303 48/1304 317/1305
f 322/1306 317/1307 321/1308
f 47/1309 48/1310 322/1311
f 47/1312 322/1313 158/1314
f 323/1315 161/1316 322/1317
f 323/1318 322/1319 321/1320
f 159/1321 158/1322 322/1323
f 159/1324 322/1325 161/1326
f 320/1327 324/1328 323/1329
f 320/1330 323/1331 321/1332
f 325/1333 326/1334 323/1335
f 325/1336 323/1337 324/1338
f 162/1339 161/1340 323/1341
f 162/1342 323/1343 326/1344
f 327/1345 328/1346 326/1347
f 327/1348 326/1349 325/1350
f 163/1351 162/1352 326/1353
f 163/1354 326/1355 328/1356
f 329/1357 330/1358 328/1359
f 329/1360 328/1361 327/1362
f 170/1363 163/1364 328/1365
f 170/1366 328/1367 330/1368
f 331/1369 332/1370 330/1371
f 331/1372 330/1373 329/1374
f 171/1375 170/1376 330/1377
f 171/1378 330/1379 332/1380
f 333/1381 334/1382 332/1383
f 333/1384 332/1385 331/1386
f 178/1387 171/1388 332/1389
f 178/1390 332/1391 334/1392
f 335/1393 336/1394 334/1395
f 335/1396 334/1397 333/1398
f 179/1399 178/1400 334/1401
f 179/1402 334/1403 336/1404
f 337/1405 338/1406 336/1407
f 337/1408 336/1409 335/1410
f 186/1411 179/1412 336/1413
f 186/1414 336/1415 338/1416
f 339/1417 340/1418 338/1419
f 339/1420 338/1421 337/1422
f 187/1423 186/1424 338/1425
f 187/1426 338/1427 340/1428
f 341/1429 342/1430 340/1431
f 341/1432 340/1433 339/1434
f 189/1435 187/1436 340/1437
f 189/1438 340/1439 342/1440
f 343/1441 344/1442 342/1443
f 343/1444 342/1445 341/1446
f 191/1447 189/1448 342/1449
f 191/1450 342/1451 344/1452
f 36/1453 345/1454 344/1455
f 36/1456 344/1457 343/1458
f 193/1459 191/1460 344/1461
f 193/1462 344/1463 345/1464
f 35/1465 346/1466 345/1467
f 35/1468 345/1469 36/1470
f 347/1471 193/1472 345/1473
f 347/1474 345/1475 346/1476
f 348/1477 349/1478 347/1479
f 348/1480 347/1481 346/1482
f 350/1483 196/1484 347/1485
f 350/1486 347/1487 349/1488
f 194/1489 193/1490 347/1491
f 194/1492 347/1493 196/1494
f 351/1495 352/1496 350/1497
f 351/1498 350/1499 349/1500
f 353/1501 354/1502 350/1503
f 353/1504 350/1505 352/1506
f 197/1507 196/1508 350/1509
f 197/1510 350/1511 354/1512
f 355/1513 356/1514 354/1515
f 355/1516 354/1517 353/1518
f 198/1519 197/1520 354/1521
f 198/1522 354/1523 356/1524
f 357/1525 358/1526 356/1527
f 357/1528 356/1529 355/1530
f 200/1531 198/1532 356/1533
f 200/1534 356/1535 358/1536
f 359/1537 360/1538 358/1539
f 359/1540 358/1541 357/1542
f 202/1543 200/1544 358/1545
f 202/1546 358/1547 360/1548
f 361/1549 362/1550 360/1551
f 361/1552 360/1553 359/1554
f 363/1555 202/1556 360/1557
f 363/1558 360/1559 362/1560
f 364/1561 365/1562 363/1563
f 364/1564 363/1565 362/1566
f 207/1567 205/1568 363/1569
f 207/1570 363/1571 365/1572
f 203/1573 202/1574 363/1575
f 203/1576 363/1577 205/1578
f 366/1579 367/1580 365/1581
f 366/1582 365/1583 364/1584
f 209/1585 207/1586 365/1587
f 209/1588 365/1589 367/1590
f 368/1591 369/1592 367/1593
f 368/1594 367/1595 366/1596
f 211/1597 209/1598 367/1599
f 211/1600 367/1601 369/1602
f 370/1603 371/1604 369/1605
f 370/1606 369/1607 368/1608
f 213/1609 211/1610 369/1611
f 213/1612 369/1613 371/1614
f 372/1615 218/1616 371/1617
f 372/1618 371/1619 370/1620
f 215/1621 213/1622 371/1623
f 215/1624 371/1625 218/1626
f 373/1627 374/1628 372/1629
f 373/1630 372/1631 370/1632
f 375/1633 221/1634 372/1635
f 375/1636 372/1637 374/1638
f 219/1639 218/1640 372/1641
f 219/1642 372/1643 221/1644
f 376/1645 377/1646 375/1647
f 376/1648 375/1649 374/1650
f 378/1651 379/1652 375/1653
f 378/1654 375/1655 377/1656
f 222/1657 221/1658 375/1659
f 222/1660 375/1661 379/1662
f 380/1663 381/1664 379/1665
f 380/1666 379/1667 378/1668
f 223/1669 222/1670 379/1671
f 223/1672 379/1673 381/1674
f 382/1675 228/1676 381/1677
f 382/1678 381/1679 380/1680
f 225/1681 223/1682 381/1683
f 225/1684 381/1685 228/1686
f 383/1687 384/1688 382/1689
f 383/1690 382/1691 380/1692
f 385/1693 231/1694 382/1695
f 385/1696 382/1697 384/1698
f 229/1699 228/1700 382/1701
f 229/1702 382/1703 231/1704
f 386/1705 387/1706 385/1707
f 386/1708 385/1709 384/1710
f 388/1711 234/1712 385/1713
f 388/1714 385/1715 387/1716
f 232/1717 231/1718 385/1719
f 232/1720 385/1721 234/1722
f 389/1723 390/1724 388/1725
f 389/1726 388/1727 387/1728
f 391/1729 237/1730 388/1731
f 391/1732 388/1733 390/1734
f 235/1735 234/1736 388/1737
f 235/1738 388/1739 237/1740
f 392/1741 393/1742 391/1743
f 392/1744 391/1745 390/1746
f 394/1747 240/1748 391/1749
f 394/1750 391/1751 393/1752
f 238/1753 237/1754 391/1755
f 238/1756 391/1757 240/1758
f 395/1759 396/1760 394/1761
f 395/1762 394/1763 393/1764
f 397/1765 243/1766 394/1767
f 397/1768 394/1769 396/1770
f 241/1771 240/1772 394/1773
f 241/1774 394/1775 243/1776
f 41/1777 398/1778 397/1779
f 41/1780 397/1781 396/1782
f 399/1783 246/1784 397/1785
f 399/1786 397/1787 398/1788
f 244/1789 243/1790 397/1791
f 244/1792 397/1793 246/1794
f 400/1795 401/1796 402/1797
f 400/1798 402/1799 403/1800
f 404/1801 405/1802 402/1803
f 404/1804 402/1805 401/1806
f 247/1807 246/1808 399/1809
f 247/1810 399/1811 249/1812
f 406/1813 407/1814 404/1815
f 406/1816 404/1817 401/1818
f 408/1819 252/1820 404/1821
f 408/1822 404/1823 407/1824
f 255/1825 405/1826 404/1827
f 255/1828 404/1829 252/1830
f 409/1831 410/1832 408/1833
f 409/1834 408/1835 407/1836
f 411/1837 258/1838 408/1839
f 411/1840 408/1841 410/1842
f 253/1843 252/1844 408/1845
f 253/1846 408/1847 258/1848
f 412/1849 413/1850 411/1851
f 412/1852 411/1853 410/1854
f 414/1855 415/1856 411/1857
f 414/1858 411/1859 413/1860
f 259/1861 258/1862 411/1863
f 259/1864 411/1865 415/1866
f 416/1867 417/1868 415/1869
f 416/1870 415/1871 414/1872
f 260/1873 259/1874 415/1875
f 260/1876 415/1877 417/1878
f 418/1879 419/1880 417/1881
f 418/1882 417/1883 416/1884
f 263/1885 260/1886 417/1887
f 263/1888 417/1889 419/1890
f 420/1891 421/1892 419/1893
f 420/1894 419/1895 418/1896
f 266/1897 263/1898 419/1899
f 266/1900 419/1901 421/1902
f 422/1903 423/1904 421/1905
f 422/1906 421/1907 420/1908
f 424/1909 266/1910 421/1911
f 424/1912 421/1913 423/1914
f 425/1915 426/1916 424/1917
f 425/1918 424/1919 423/1920
f 427/1921 269/1922 424/1923
f 427/1924 424/1925 426/1926
f 267/1927 266/1928 424/1929
f 267/1930 424/1931 269/1932
f 428/1933 429/1934 427/1935
f 428/1936 427/1937 426/1938
f 430/1939 431/1940 427/1941
f 430/1942 427/1943 429/1944
f 270/1945 269/1946 427/1947
f 270/1948 427/1949 431/1950
f 432/1951 433/1952 430/1953
f 432/1954 430/1955 429/1956
f 434/1957 435/1958 436/1959
f 434/1960 436/1961 437/1962
f 275/1963 274/1964 436/1965
f 275/1966 436/1967 435/1968
f 276/1969 275/1970 435/1971
f 276/1972 435/1973 281/1974
f 438/1975 281/1976 435/1977
f 438/1978 435/1979 434/1980
f 282/1981 281/1982 438/1983
f 282/1984 438/1985 285/1986
f 439/1987 440/1988 438/1989
f 439/1990 438/1991 434/1992
f 441/1993 285/1994 438/1995
f 441/1996 438/1997 440/1998
f 286/1999 285/2000 441/2001
f 286/2002 441/2003 289/2004
f 442/2005 443/2006 441/2007
f 442/2008 441/2009 440/2010
f 444/2011 289/2012 441/2013
f 444/2014 441/2015 443/2016
f 290/2017 289/2018 444/2019
f 290/2020 444/2021 293/2022
f 445/2023 446/2024 444/2025
f 445/2026 444/2027 443/2028
f 447/2029 293/2030 444/2031
f 447/2032 444/2033 446/2034
f 294/2035 293/2036 447/2037
f 294/2038 447/2039 297/2040
f 448/2041 449/2042 447/2043
f 448/2044 447/2045 446/2046
f 450/2047 297/2048 447/2049
f 450/2050 447/2051 449/2052
f 298/2053 297/2054 450/2055
f 298/2056 450/2057 301/2058
f 451/2059 452/2060 450/2061
f 451/2062 450/2063 449/2064
f 453/2065 301/2066 450/2067
f 453/2068 450/2069 452/2070
f 302/2071 301/2072 453/2073
f 302/2074 453/2075 305/2076
f 454/2077 455/2078 453/2079
f 454/2080 453/2081 452/2082
f 456/2083 305/2084 453/2085
f 456/2086 453/2087 455/2088
f 306/2089 305/2090 456/2091
f 306/2092 456/2093 309/2094
f 457/2095 458/2096 456/2097
f 457/2098 456/2099 455/2100
f 459/2101 309/2102 456/2103
f 459/2104 456/2105 458/2106
f 310/2107 309/2108 459/2109
f 310/2110 459/2111 313/2112
f 460/2113 461/2114 462/2115
f 460/2116 462/2117 463/2118
f 464/2119 465/2120 462/2121
f 464/2122 462/2123 461/2124
f 319/2125 465/2126 464/2127
f 319/2128 464/2129 316/2130
f 466/2131 467/2132 464/2133
f 466/2134 464/2135 461/2136
f 320/2137 316/2138 464/2139
f 320/2140 464/2141 467/2142
f 468/2143 469/2144 467/2145
f 468/2146 467/2147 466/2148
f 324/2149 320/2150 467/2151
f 324/2152 467/2153 469/2154
f 470/2155 471/2156 469/2157
f 470/2158 469/2159 468/2160
f 325/2161 324/2162 469/2163
f 325/2164 469/2165 471/2166
f 472/2167 473/2168 471/2169
f 472/2170 471/2171 470/2172
f 327/2173 325/2174 471/2175
f 327/2176 471/2177 473/2178
f 474/2179 475/2180 473/2181
f 474/2182 473/2183 472/2184
f 329/2185 327/2186 473/2187
f 329/2188 473/2189 475/2190
f 476/2191 477/2192 475/2193
f 476/2194 475/2195 474/2196
f 331/2197 329/2198 475/2199
f 331/2200 475/2201 477/2202
f 478/2203 479/2204 477/2205
f 478/2206 477/2207 476/2208
f 333/2209 331/2210 477/2211
f 333/2212 477/2213 479/2214
f 480/2215 481/2216 479/2217
f 480/2218 479/2219 478/2220
f 335/2221 333/2222 479/2223
f 335/2224 479/2225 481/2226
f 482/2227 483/2228 481/2229
f 482/2230 481/2231 480/2232
f 337/2233 335/2234 481/2235
f 337/2236 481/2237 483/2238
f 484/2239 485/2240 483/2241
f 484/2242 483/2243 482/2244
f 339/2245 337/2246 483/2247
f 339/2248 483/2249 485/2250
f 486/2251 487/2252 485/2253
f 486/2254 485/2255 484/2256
f 341/2257 339/2258 485/2259
f 341/2260 485/2261 487/2262
f 488/2263 489/2264 487/2265
f 488/2266 487/2267 486/2268
f 343/2269 341/2270 487/2271
f 343/2272 487/2273 489/2274
f 30/2275 33/2276 489/2277
f 30/2278 489/2279 488/2280
f 36/2281 343/2282 489/2283
f 36/2284 489/2285 33/2286
f 490/2287 491/2288 488/2289
f 490/2290 488/2291 486/2292
f 492/2293 30/2294 488/2295
f 492/2296 488/2297 491/2298
f 493/2299 494/2300 492/2301
f 493/2302 492/2303 491/2304
f 495/2305 496/2306 492/2307
f 495/2308 492/2309 494/2310
f 31/2311 30/2312 492/2313
f 31/2314 492/2315 496/2316
f 497/2317 498/2318 496/2319
f 497/2320 496/2321 495/2322
f 34/2323 31/2324 496/2325
f 34/2326 496/2327 498/2328
f 499/2329 500/2330 498/2331
f 499/2332 498/2333 497/2334
f 348/2335 34/2336 498/2337
f 348/2338 498/2339 500/2340
f 501/2341 351/2342 500/2343
f 501/2344 500/2345 499/2346
f 349/2347 348/2348 500/2349
f 349/2350 500/2351 351/2352
f 83/2353 84/2354 501/2355
f 83/2356 501/2357 499/2358
f 502/2359 503/2360 501/2361
f 502/2362 501/2363 84/2364
f 352/2365 351/2366 501/2367
f 352/2368 501/2369 503/2370
f 504/2371 505/2372 503/2373
f 504/2374 503/2375 502/2376
f 353/2377 352/2378 503/2379
f 353/2380 503/2381 505/2382
f 506/2383 507/2384 505/2385
f 506/2386 505/2387 504/2388
f 355/2389 353/2390 505/2391
f 355/2392 505/2393 507/2394
f 508/2395 509/2396 507/2397
f 508/2398 507/2399 506/2400
f 357/2401 355/2402 507/2403
f 357/2404 507/2405 509/2406
f 510/2407 511/2408 509/2409
f 510/2410 509/2411 508/2412
f 359/2413 357/2414 509/2415
f 359/2416 509/2417 511/2418
f 512/2419 513/2420 511/2421
f 512/2422 511/2423 510/2424
f 361/2425 359/2426 511/2427
f 361/2428 511/2429 513/2430
f 514/2431 515/2432 513/2433
f 514/2434 513/2435 512/2436
f 516/2437 361/2438 513/2439
f 516/2440 513/2441 515/2442
f 517/2443 518/2444 516/2445
f 517/2446 516/2447 515/2448
f 366/2449 364/2450 516/2451
f 366/2452 516/2453 518/2454
f 362/2455 361/2456 516/2457
f 362/2458 516/2459 364/2460
f 519/2461 520/2462 518/2463
f 519/2464 518/2465 517/2466
f 368/2467 366/2468 518/2469
f 368/2470 518/2471 520/2472
f 521/2473 373/2474 520/2475
f 521/2476 520/2477 519/2478
f 370/2479 368/2480 520/2481
f 370/2482 520/2483 373/2484
f 522/2485 523/2486 521/2487
f 522/2488 521/2489 519/2490
f 524/2491 376/2492 521/2493
f 524/2494 521/2495 523/2496
f 374/2497 373/2498 521/2499
f 374/2500 521/2501 376/2502
f 525/2503 526/2504 524/2505
f 525/2506 524/2507 523/2508
f 527/2509 528/2510 524/2511
f 527/2512 524/2513 526/2514
f 377/2515 376/2516 524/2517
f 377/2518 524/2519 528/2520
f 529/2521 530/2522 528/2523
f 529/2524 528/2525 527/2526
f 378/2527 377/2528 528/2529
f 378/2530 528/2531 530/2532
f 531/2533 383/2534 530/2535
f 531/2536 530/2537 529/2538
f 380/2539 378/2540 530/2541
f 380/2542 530/2543 383/2544
f 532/2545 533/2546 531/2547
f 532/2548 531/2549 529/2550
f 534/2551 386/2552 531/2553
f 534/2554 531/2555 533/2556
f 384/2557 383/2558 531/2559
f 384/2560 531/2561 386/2562
f 535/2563 536/2564 534/2565
f 535/2566 534/2567 533/2568
f 537/2569 389/2570 534/2571
f 537/2572 534/2573 536/2574
f 387/2575 386/2576 534/2577
f 387/2578 534/2579 389/2580
f 538/2581 539/2582 537/2583
f 538/2584 537/2585 536/2586
f 540/2587 392/2588 537/2589
f 540/2590 537/2591 539/2592
f 390/2593 389/2594 537/2595
f 390/2596 537/2597 392/2598
f 541/2599 43/2600 540/2601
f 541/2602 540/2603 539/2604
f 42/2605 395/2606 540/2607
f 42/2608 540/2609 43/2610
f 393/2611 392/2612 540/2613
f 393/2614 540/2615 395/2616
f 542/2617 543/2618 541/2619
f 542/2620 541/2621 544/2622
f 40/2623 43/2624 541/2625
f 40/2626 541/2627 543/2628
f 538/2629 544/2630 541/2631
f 538/2632 541/2633 539/2634
f 545/2635 546/2636 543/2637
f 545/2638 543/2639 542/2640
f 37/2641 40/2642 543/2643
f 37/2644 543/2645 546/2646
f 547/2647 548/2648 549/2649
f 547/2650 549/2651 550/2652
f 551/2653 552/2654 549/2655
f 551/2656 549/2657 548/2658
f 553/2659 406/2660 551/2661
f 553/2662 551/2663 548/2664
f 401/2665 400/2666 551/2667
f 401/2668 551/2669 406/2670
f 554/2671 552/2672 551/2673
f 554/2674 551/2675 400/2676
f 547/2677 555/2678 553/2679
f 547/2680 553/2681 548/2682
f 556/2683 409/2684 553/2685
f 556/2686 553/2687 555/2688
f 407/2689 406/2690 553/2691
f 407/2692 553/2693 409/2694
f 557/2695 558/2696 556/2697
f 557/2698 556/2699 555/2700
f 559/2701 412/2702 556/2703
f 559/2704 556/2705 558/2706
f 410/2707 409/2708 556/2709
f 410/2710 556/2711 412/2712
f 560/2713 561/2714 559/2715
f 560/2716 559/2717 558/2718
f 562/2719 563/2720 559/2721
f 562/2722 559/2723 561/2724
f 413/2725 412/2726 559/2727
f 413/2728 559/2729 563/2730
f 564/2731 565/2732 563/2733
f 564/2734 563/2735 562/2736
f 414/2737 413/2738 563/2739
f 414/2740 563/2741 565/2742
f 566/2743 567/2744 565/2745
f 566/2746 565/2747 564/2748
f 416/2749 414/2750 565/2751
f 416/2752 565/2753 567/2754
f 568/2755 569/2756 567/2757
f 568/2758 567/2759 566/2760
f 418/2761 416/2762 567/2763
f 418/2764 567/2765 569/2766
f 570/2767 571/2768 569/2769
f 570/2770 569/2771 568/2772
f 420/2773 418/2774 569/2775
f 420/2776 569/2777 571/2778
f 572/2779 573/2780 571/2781
f 572/2782 571/2783 570/2784
f 422/2785 420/2786 571/2787
f 422/2788 571/2789 573/2790
f 574/2791 575/2792 573/2793
f 574/2794 573/2795 572/2796
f 576/2797 422/2798 573/2799
f 576/2800 573/2801 575/2802
f 577/2803 578/2804 576/2805
f 577/2806 576/2807 575/2808
f 579/2809 425/2810 576/2811
f 579/2812 576/2813 578/2814
f 423/2815 422/2816 576/2817
f 423/2818 576/2819 425/2820
f 580/2821 581/2822 579/2823
f 580/2824 579/2825 578/2826
f 582/2827 428/2828 579/2829
f 582/2830 579/2831 581/2832
f 426/2833 425/2834 579/2835
f 426/2836 579/2837 428/2838
f 583/2839 584/2840 582/2841
f 583/2842 582/2843 581/2844
f 585/2845 432/2846 582/2847
f 585/2848 582/2849 584/2850
f 429/2851 428/2852 582/2853
f 429/2854 582/2855 432/2856
f 433/2857 432/2858 585/2859
f 433/2860 585/2861 586/2862
f 587/2863 588/2864 585/2865
f 587/2866 585/2867 584/2868
f 589/2869 586/2870 585/2871
f 589/2872 585/2873 588/2874
f 439/2875 590/2876 591/2877
f 439/2878 591/2879 592/2880
f 7/2881 593/2882 589/2883
f 7/2884 589/2885 588/2886
f 594/2887 592/2888 591/2889
f 594/2890 591/2891 595/2892
f 442/2893 592/2894 594/2895
f 442/2896 594/2897 596/2898
f 597/2899 598/2900 594/2901
f 597/2902 594/2903 595/2904
f 599/2905 596/2906 594/2907
f 599/2908 594/2909 598/2910
f 445/2911 596/2912 599/2913
f 445/2914 599/2915 600/2916
f 601/2917 602/2918 599/2919
f 601/2920 599/2921 598/2922
f 603/2923 600/2924 599/2925
f 603/2926 599/2927 602/2928
f 448/2929 600/2930 603/2931
f 448/2932 603/2933 604/2934
f 605/2935 606/2936 607/2937
f 605/2938 607/2939 608/2940
f 609/2941 604/2942 603/2943
f 609/2944 603/2945 610/2946
f 451/2947 604/2948 609/2949
f 451/2950 609/2951 611/2952
f 612/2953 613/2954 609/2955
f 612/2956 609/2957 610/2958
f 614/2959 611/2960 609/2961
f 614/2962 609/2963 613/2964
f 454/2965 611/2966 614/2967
f 454/2968 614/2969 615/2970
f 616/2971 617/2972 618/2973
f 616/2974 618/2975 619/2976
f 620/2977 621/2978 618/2979
f 620/2980 618/2981 617/2982
f 622/2983 621/2984 620/2985
f 622/2986 620/2987 623/2988
f 624/2989 625/2990 620/2991
f 624/2992 620/2993 617/2994
f 626/2995 623/2996 620/2997
f 626/2998 620/2999 625/3000
f 460/3001 623/3002 626/3003
f 460/3004 626/3005 627/3006
f 628/3007 629/3008 626/3009
f 628/3010 626/3011 625/3012
f 630/3013 627/3014 626/3015
f 630/3016 626/3017 629/3018
f 466/3019 627/3020 630/3021
f 466/3022 630/3023 468/3024
f 631/3025 632/3026 630/3027
f 631/3028 630/3029 629/3030
f 470/3031 468/3032 630/3033
f 470/3034 630/3035 632/3036
f 633/3037 634/3038 632/3039
f 633/3040 632/3041 631/3042
f 472/3043 470/3044 632/3045
f 472/3046 632/3047 634/3048
f 635/3049 636/3050 634/3051
f 635/3052 634/3053 633/3054
f 474/3055 472/3056 634/3057
f 474/3058 634/3059 636/3060
f 637/3061 638/3062 636/3063
f 637/3064 636/3065 635/3066
f 476/3067 474/3068 636/3069
f 476/3070 636/3071 638/3072
f 639/3073 640/3074 638/3075
f 639/3076 638/3077 637/3078
f 478/3079 476/3080 638/3081
f 478/3082 638/3083 640/3084
f 641/3085 642/3086 640/3087
f 641/3088 640/3089 639/3090
f 480/3091 478/3092 640/3093
f 480/3094 640/3095 642/3096
f 643/3097 644/3098 642/3099
f 643/3100 642/3101 641/3102
f 482/3103 480/3104 642/3105
f 482/3106 642/3107 644/3108
f 645/3109 646/3110 644/3111
f 645/3112 644/3113 643/3114
f 484/3115 482/3116 644/3117
f 484/3118 644/3119 646/3120
f 647/3121 490/3122 646/3123
f 647/3124 646/3125 645/3126
f 486/3127 484/3128 646/3129
f 486/3130 646/3131 490/3132
f 648/3133 649/3134 647/3135
f 648/3136 647/3137 645/3138
f 650/3139 493/3140 647/3141
f 650/3142 647/3143 649/3144
f 491/3145 490/3146 647/3147
f 491/3148 647/3149 493/3150
f 651/3151 652/3152 650/3153
f 651/3154 650/3155 649/3156
f 653/3157 654/3158 650/3159
f 653/3160 650/3161 652/3162
f 494/3163 493/3164 650/3165
f 494/3166 650/3167 654/3168
f 655/3169 656/3170 654/3171
f 655/3172 654/3173 653/3174
f 495/3175 494/3176 654/3177
f 495/3178 654/3179 656/3180
f 81/3181 82/3182 656/3183
f 81/3184 656/3185 655/3186
f 497/3187 495/3188 656/3189
f 497/3190 656/3191 82/3192
f 657/3193 658/3194 655/3195
f 657/3196 655/3197 653/3198
f 80/3199 81/3200 655/3201
f 80/3202 655/3203 658/3204
f 659/3205 660/3206 658/3207
f 659/3208 658/3209 657/3210
f 661/3211 80/3212 658/3213
f 661/3214 658/3215 660/3216
f 662/3217 663/3218 661/3219
f 662/3220 661/3221 660/3222
f 664/3223 665/3224 661/3225
f 664/3226 661/3227 663/3228
f 79/3229 80/3230 661/3231
f 79/3232 661/3233 665/3234
f 666/3235 667/3236 665/3237
f 666/3238 665/3239 664/3240
f 78/3241 79/3242 665/3243
f 78/3244 665/3245 667/3246
f 668/3247 669/3248 667/3249
f 668/3250 667/3251 666/3252
f 670/3253 78/3254 667/3255
f 670/3256 667/3257 669/3258
f 77/3259 78/3260 670/3261
f 77/3262 670/3263 671/3264
f 672/3265 673/3266 670/3267
f 672/3268 670/3269 669/3270
f 674/3271 671/3272 670/3273
f 674/3274 670/3275 673/3276
f 675/3277 671/3278 674/3279
f 675/3280 674/3281 676/3282
f 677/3283 678/3284 674/3285
f 677/3286 674/3287 673/3288
f 679/3289 676/3290 674/3291
f 679/3292 674/3293 678/3294
f 680/3295 676/3296 679/3297
f 680/3298 679/3299 60/3300
f 681/3301 682/3302 679/3303
f 681/3304 679/3305 678/3306
f 61/3307 60/3308 679/3309
f 61/3310 679/3311 682/3312
f 683/3313 684/3314 682/3315
f 683/3316 682/3317 681/3318
f 66/3319 61/3320 682/3321
f 66/3322 682/3323 684/3324
f 685/3325 686/3326 684/3327
f 685/3328 684/3329 683/3330
f 687/3331 66/3332 684/3333
f 687/3334 684/3335 686/3336
f 65/3337 66/3338 687/3339
f 65/3340 687/3341 688/3342
f 689/3343 690/3344 687/3345
f 689/3346 687/3347 686/3348
f 691/3349 688/3350 687/3351
f 691/3352 687/3353 690/3354
f 692/3355 688/3356 691/3357
f 692/3358 691/3359 693/3360
f 694/3361 695/3362 691/3363
f 694/3364 691/3365 690/3366
f 696/3367 693/3368 691/3369
f 696/3370 691/3371 695/3372
f 697/3373 698/3374 696/3375
f 697/3376 696/3377 695/3378
f 699/3379 700/3380 696/3381
f 699/3382 696/3383 698/3384
f 701/3385 693/3386 696/3387
f 701/3388 696/3389 700/3390
f 692/3391 693/3392 701/3393
f 692/3394 701/3395 702/3396
f 703/3397 704/3398 701/3399
f 703/3400 701/3401 700/3402
f 705/3403 702/3404 701/3405
f 705/3406 701/3407 704/3408
f 706/3409 702/3410 705/3411
f 706/3412 705/3413 707/3414
f 708/3415 709/3416 705/3417
f 708/3418 705/3419 704/3420
f 710/3421 707/3422 705/3423
f 710/3424 705/3425 709/3426
f 711/3427 707/3428 710/3429
f 711/3430 710/3431 712/3432
f 713/3433 714/3434 710/3435
f 713/3436 710/3437 709/3438
f 715/3439 712/3440 710/3441
f 715/3442 710/3443 714/3444
f 716/3445 712/3446 715/3447
f 716/3448 715/3449 717/3450
f 506/3451 504/3452 715/3453
f 506/3454 715/3455 714/3456
f 502/3457 717/3458 715/3459
f 502/3460 715/3461 504/3462
f 675/3463 718/3464 716/3465
f 675/3466 716/3467 74/3468
f 711/3469 712/3470 716/3471
f 711/3472 716/3473 718/3474
f 75/3475 74/3476 716/3477
f 75/3478 716/3479 717/3480
f 676/3481 680/3482 718/3483
f 676/3484 718/3485 675/3486
f 719/3487 711/3488 718/3489
f 719/3490 718/3491 680/3492
f 60/3493 63/3494 719/3495
f 60/3496 719/3497 680/3498
f 64/3499 706/3500 719/3501
f 64/3502 719/3503 63/3504
f 707/3505 711/3506 719/3507
f 707/3508 719/3509 706/3510
f 84/3511 75/3512 717/3513
f 84/3514 717/3515 502/3516
f 508/3517 506/3518 714/3519
f 508/3520 714/3521 713/3522
f 708/3523 720/3524 713/3525
f 708/3526 713/3527 709/3528
f 510/3529 508/3530 713/3531
f 510/3532 713/3533 720/3534
f 721/3535 722/3536 720/3537
f 721/3538 720/3539 708/3540
f 512/3541 510/3542 720/3543
f 512/3544 720/3545 722/3546
f 723/3547 724/3548 722/3549
f 723/3550 722/3551 721/3552
f 514/3553 512/3554 722/3555
f 514/3556 722/3557 724/3558
f 725/3559 726/3560 724/3561
f 725/3562 724/3563 723/3564
f 727/3565 514/3566 724/3567
f 727/3568 724/3569 726/3570
f 728/3571 522/3572 727/3573
f 728/3574 727/3575 726/3576
f 519/3577 517/3578 727/3579
f 519/3580 727/3581 522/3582
f 515/3583 514/3584 727/3585
f 515/3586 727/3587 517/3588
f 725/3589 729/3590 728/3591
f 725/3592 728/3593 726/3594
f 730/3595 525/3596 728/3597
f 730/3598 728/3599 729/3600
f 523/3601 522/3602 728/3603
f 523/3604 728/3605 525/3606
f 731/3607 732/3608 730/3609
f 731/3610 730/3611 729/3612
f 733/3613 734/3614 730/3615
f 733/3616 730/3617 732/3618
f 526/3619 525/3620 730/3621
f 526/3622 730/3623 734/3624
f 735/3625 736/3626 734/3627
f 735/3628 734/3629 733/3630
f 527/3631 526/3632 734/3633
f 527/3634 734/3635 736/3636
f 737/3637 532/3638 736/3639
f 737/3640 736/3641 735/3642
f 529/3643 527/3644 736/3645
f 529/3646 736/3647 532/3648
f 738/3649 739/3650 737/3651
f 738/3652 737/3653 735/3654
f 740/3655 535/3656 737/3657
f 740/3658 737/3659 739/3660
f 533/3661 532/3662 737/3663
f 533/3664 737/3665 535/3666
f 741/3667 742/3668 740/3669
f 741/3670 740/3671 739/3672
f 544/3673 538/3674 740/3675
f 544/3676 740/3677 742/3678
f 536/3679 535/3680 740/3681
f 536/3682 740/3683 538/3684
f 743/3685 744/3686 742/3687
f 743/3688 742/3689 741/3690
f 542/3691 544/3692 742/3693
f 542/3694 742/3695 744/3696
f 745/3697 746/3698 744/3699
f 745/3700 744/3701 743/3702
f 545/3703 542/3704 744/3705
f 545/3706 744/3707 746/3708
f 747/3709 748/3710 749/3711
f 747/3712 749/3713 750/3714
f 547/3715 550/3716 749/3717
f 547/3718 749/3719 748/3720
f 751/3721 557/3722 748/3723
f 751/3724 748/3725 747/3726
f 555/3727 547/3728 748/3729
f 555/3730 748/3731 557/3732
f 752/3733 753/3734 751/3735
f 752/3736 751/3737 747/3738
f 754/3739 560/3740 751/3741
f 754/3742 751/3743 753/3744
f 558/3745 557/3746 751/3747
f 558/3748 751/3749 560/3750
f 755/3751 756/3752 754/3753
f 755/3754 754/3755 753/3756
f 757/3757 758/3758 754/3759
f 757/3760 754/3761 756/3762
f 561/3763 560/3764 754/3765
f 561/3766 754/3767 758/3768
f 759/3769 760/3770 758/3771
f 759/3772 758/3773 757/3774
f 562/3775 561/3776 758/3777
f 562/3778 758/3779 760/3780
f 761/3781 762/3782 760/3783
f 761/3784 760/3785 759/3786
f 564/3787 562/3788 760/3789
f 564/3790 760/3791 762/3792
f 763/3793 764/3794 762/3795
f 763/3796 762/3797 761/3798
f 566/3799 564/3800 762/3801
f 566/3802 762/3803 764/3804
f 765/3805 766/3806 764/3807
f 765/3808 764/3809 763/3810
f 568/3811 566/3812 764/3813
f 568/3814 764/3815 766/3816
f 767/3817 768/3818 766/3819
f 767/3820 766/3821 765/3822
f 570/3823 568/3824 766/3825
f 570/3826 766/3827 768/3828
f 769/3829 770/3830 768/3831
f 769/3832 768/3833 767/3834
f 572/3835 570/3836 768/3837
f 572/3838 768/3839 770/3840
f 771/3841 772/3842 770/3843
f 771/3844 770/3845 769/3846
f 574/3847 572/3848 770/3849
f 574/3850 770/3851 772/3852
f 773/3853 774/3854 772/3855
f 773/3856 772/3857 771/3858
f 775/3859 574/3860 772/3861
f 775/3862 772/3863 774/3864
f 776/3865 777/3866 775/3867
f 776/3868 775/3869 774/3870
f 778/3871 577/3872 775/3873
f 778/3874 775/3875 777/3876
f 575/3877 574/3878 775/3879
f 575/3880 775/3881 577/3882
f 779/3883 780/3884 778/3885
f 779/3886 778/3887 777/3888
f 781/3889 580/3890 778/3891
f 781/3892 778/3893 780/3894
f 578/3895 577/3896 778/3897
f 578/3898 778/3899 580/3900
f 782/3901 783/3902 781/3903
f 782/3904 781/3905 780/3906
f 784/3907 583/3908 781/3909
f 784/3910 781/3911 783/3912
f 581/3913 580/3914 781/3915
f 581/3916 781/3917 583/3918
f 785/3919 1/3920 784/3921
f 785/3922 784/3923 783/3924
f 4/3925 587/3926 784/3927
f 4/3928 784/3929 1/3930
f 584/3931 583/3932 784/3933
f 584/3934 784/3935 587/3936
f 786/3937 787/3938 785/3939
f 786/3940 785/3941 788/3942
f 2/3943 1/3944 785/3945
f 2/3946 785/3947 787/3948
f 782/3949 788/3950 785/3951
f 782/3952 785/3953 783/3954
f 789/3955 790/3956 787/3957
f 789/3958 787/3959 786/3960
f 5/3961 2/3962 787/3963
f 5/3964 787/3965 790/3966
f 791/3967 5/3968 790/3969
f 791/3970 790/3971 792/3972
f 793/3973 792/3974 790/3975
f 793/3976 790/3977 789/3978
f 794/3979 792/3980 793/3981
f 794/3982 793/3983 795/3984
f 796/3985 797/3986 793/3987
f 796/3988 793/3989 789/3990
f 798/3991 795/3992 793/3993
f 798/3994 793/3995 797/3996
f 799/3997 795/3998 798/3999
f 799/4000 798/4001 800/4002
f 801/4003 802/4004 798/4005
f 801/4006 798/4007 797/4008
f 803/4009 800/4010 798/4011
f 803/4012 798/4013 802/4014
f 804/4015 800/4016 803/4017
f 804/4018 803/4019 805/4020
f 806/4021 807/4022 803/4023
f 806/4024 803/4025 802/4026
f 808/4027 805/4028 803/4029
f 808/4030 803/4031 807/4032
f 809/4033 805/4034 808/4035
f 809/4036 808/4037 810/4038
f 811/4039 812/4040 808/4041
f 811/4042 808/4043 807/4044
f 813/4045 810/4046 808/4047
f 813/4048 808/4049 812/4050
f 814/4051 810/4052 813/4053
f 814/4054 813/4055 815/4056
f 816/4057 817/4058 813/4059
f 816/4060 813/4061 812/4062
f 818/4063 815/4064 813/4065
f 818/4066 813/4067 817/4068
f 819/4069 815/4070 818/4071
f 819/4072 818/4073 820/4074
f 821/4075 822/4076 818/4077
f 821/4078 818/4079 817/4080
f 823/4081 820/4082 818/4083
f 823/4084 818/4085 822/4086
f 633/4087 820/4088 823/4089
f 633/4090 823/4091 635/4092
f 824/4093 825/4094 823/4095
f 824/4096 823/4097 822/4098
f 637/4099 635/4100 823/4101
f 637/4102 823/4103 825/4104
f 826/4105 827/4106 825/4107
f 826/4108 825/4109 824/4110
f 639/4111 637/4112 825/4113
f 639/4114 825/4115 827/4116
f 828/4117 829/4118 827/4119
f 828/4120 827/4121 826/4122
f 641/4123 639/4124 827/4125
f 641/4126 827/4127 829/4128
f 830/4129 831/4130 829/4131
f 830/4132 829/4133 828/4134
f 643/4135 641/4136 829/4137
f 643/4138 829/4139 831/4140
f 832/4141 648/4142 831/4143
f 832/4144 831/4145 830/4146
f 645/4147 643/4148 831/4149
f 645/4150 831/4151 648/4152
f 833/4153 834/4154 832/4155
f 833/4156 832/4157 830/4158
f 835/4159 651/4160 832/4161
f 835/4162 832/4163 834/4164
f 649/4165 648/4166 832/4167
f 649/4168 832/4169 651/4170
f 836/4171 837/4172 835/4173
f 836/4174 835/4175 834/4176
f 838/4177 839/4178 835/4179
f 838/4180 835/4181 837/4182
f 652/4183 651/4184 835/4185
f 652/4186 835/4187 839/4188
f 659/4189 657/4190 839/4191
f 659/4192 839/4193 838/4194
f 653/4195 652/4196 839/4197
f 653/4198 839/4199 657/4200
f 840/4201 841/4202 838/4203
f 840/4204 838/4205 837/4206
f 842/4207 659/4208 838/4209
f 842/4210 838/4211 841/4212
f 843/4213 844/4214 842/4215
f 843/4216 842/4217 841/4218
f 845/4219 662/4220 842/4221
f 845/4222 842/4223 844/4224
f 660/4225 659/4226 842/4227
f 660/4228 842/4229 662/4230
f 53/4231 846/4232 845/4233
f 53/4234 845/4235 844/4236
f 847/4237 848/4238 845/4239
f 847/4240 845/4241 846/4242
f 663/4243 662/4244 845/4245
f 663/4246 845/4247 848/4248
f 849/4249 850/4250 848/4251
f 849/4252 848/4253 847/4254
f 664/4255 663/4256 848/4257
f 664/4258 848/4259 850/4260
f 851/4261 852/4262 850/4263
f 851/4264 850/4265 849/4266
f 666/4267 664/4268 850/4269
f 666/4270 850/4271 852/4272
f 853/4273 854/4274 852/4275
f 853/4276 852/4277 851/4278
f 668/4279 666/4280 852/4281
f 668/4282 852/4283 854/4284
f 855/4285 856/4286 854/4287
f 855/4288 854/4289 853/4290
f 857/4291 668/4292 854/4293
f 857/4294 854/4295 856/4296
f 669/4297 668/4298 857/4299
f 669/4300 857/4301 672/4302
f 67/4303 858/4304 857/4305
f 67/4306 857/4307 856/4308
f 859/4309 672/4310 857/4311
f 859/4312 857/4313 858/4314
f 673/4315 672/4316 859/4317
f 673/4318 859/4319 677/4320
f 860/4321 861/4322 859/4323
f 860/4324 859/4325 858/4326
f 862/4327 677/4328 859/4329
f 862/4330 859/4331 861/4332
f 678/4333 677/4334 862/4335
f 678/4336 862/4337 681/4338
f 863/4339 864/4340 862/4341
f 863/4342 862/4343 861/4344
f 683/4345 681/4346 862/4347
f 683/4348 862/4349 864/4350
f 865/4351 866/4352 864/4353
f 865/4354 864/4355 863/4356
f 685/4357 683/4358 864/4359
f 685/4360 864/4361 866/4362
f 867/4363 868/4364 866/4365
f 867/4366 866/4367 865/4368
f 869/4369 685/4370 866/4371
f 869/4372 866/4373 868/4374
f 686/4375 685/4376 869/4377
f 686/4378 869/4379 689/4380
f 870/4381 871/4382 869/4383
f 870/4384 869/4385 868/4386
f 872/4387 689/4388 869/4389
f 872/4390 869/4391 871/4392
f 690/4393 689/4394 872/4395
f 690/4396 872/4397 694/4398
f 873/4399 874/4400 872/4401
f 873/4402 872/4403 871/4404
f 875/4405 694/4406 872/4407
f 875/4408 872/4409 874/4410
f 695/4411 694/4412 875/4413
f 695/4414 875/4415 697/4416
f 876/4417 877/4418 875/4419
f 876/4420 875/4421 874/4422
f 878/4423 697/4424 875/4425
f 878/4426 875/4427 877/4428
f 698/4429 697/4430 878/4431
f 698/4432 878/4433 879/4434
f 880/4435 881/4436 878/4437
f 880/4438 878/4439 877/4440
f 882/4441 879/4442 878/4443
f 882/4444 878/4445 881/4446
f 883/4447 884/4448 882/4449
f 883/4450 882/4451 881/4452
f 885/4453 886/4454 882/4455
f 885/4456 882/4457 884/4458
f 887/4459 879/4460 882/4461
f 887/4462 882/4463 886/4464
f 698/4465 879/4466 887/4467
f 698/4468 887/4469 699/4470
f 731/4471 888/4472 887/4473
f 731/4474 887/4475 886/4476
f 889/4477 699/4478 887/4479
f 889/4480 887/4481 888/4482
f 700/4483 699/4484 889/4485
f 700/4486 889/4487 703/4488
f 725/4489 723/4490 889/4491
f 725/4492 889/4493 888/4494
f 721/4495 703/4496 889/4497
f 721/4498 889/4499 723/4500
f 729/4501 725/4502 888/4503
f 729/4504 888/4505 731/4506
f 732/4507 731/4508 886/4509
f 732/4510 886/4511 885/4512
f 890/4513 891/4514 885/4515
f 890/4516 885/4517 884/4518
f 733/4519 732/4520 885/4521
f 733/4522 885/4523 891/4524
f 892/4525 738/4526 891/4527
f 892/4528 891/4529 890/4530
f 735/4531 733/4532 891/4533
f 735/4534 891/4535 738/4536
f 893/4537 894/4538 892/4539
f 893/4540 892/4541 890/4542
f 743/4543 741/4544 892/4545
f 743/4546 892/4547 894/4548
f 739/4549 738/4550 892/4551
f 739/4552 892/4553 741/4554
f 895/4555 896/4556 894/4557
f 895/4558 894/4559 893/4560
f 745/4561 743/4562 894/4563
f 745/4564 894/4565 896/4566
f 897/4567 752/4568 896/4569
f 897/4570 896/4571 895/4572
f 747/4573 750/4574 896/4575
f 747/4576 896/4577 752/4578
f 898/4579 899/4580 897/4581
f 898/4582 897/4583 895/4584
f 900/4585 755/4586 897/4587
f 900/4588 897/4589 899/4590
f 753/4591 752/4592 897/4593
f 753/4594 897/4595 755/4596
f 901/4597 902/4598 900/4599
f 901/4600 900/4601 899/4602
f 903/4603 904/4604 900/4605
f 903/4606 900/4607 902/4608
f 756/4609 755/4610 900/4611
f 756/4612 900/4613 904/4614
f 905/4615 906/4616 904/4617
f 905/4618 904/4619 903/4620
f 757/4621 756/4622 904/4623
f 757/4624 904/4625 906/4626
f 907/4627 908/4628 906/4629
f 907/4630 906/4631 905/4632
f 759/4633 757/4634 906/4635
f 759/4636 906/4637 908/4638
f 909/4639 910/4640 908/4641
f 909/4642 908/4643 907/4644
f 761/4645 759/4646 908/4647
f 761/4648 908/4649 910/4650
f 911/4651 912/4652 910/4653
f 911/4654 910/4655 909/4656
f 763/4657 761/4658 910/4659
f 763/4660 910/4661 912/4662
f 913/4663 914/4664 912/4665
f 913/4666 912/4667 911/4668
f 765/4669 763/4670 912/4671
f 765/4672 912/4673 914/4674
f 915/4675 916/4676 914/4677
f 915/4678 914/4679 913/4680
f 767/4681 765/4682 914/4683
f 767/4684 914/4685 916/4686
f 917/4687 918/4688 916/4689
f 917/4690 916/4691 915/4692
f 769/4693 767/4694 916/4695
f 769/4696 916/4697 918/4698
f 919/4699 920/4700 918/4701
f 919/4702 918/4703 917/4704
f 771/4705 769/4706 918/4707
f 771/4708 918/4709 920/4710
f 921/4711 922/4712 920/4713
f 921/4714 920/4715 919/4716
f 773/4717 771/4718 920/4719
f 773/4720 920/4721 922/4722
f 923/4723 924/4724 922/4725
f 923/4726 922/4727 921/4728
f 925/4729 773/4730 922/4731
f 925/4732 922/4733 924/4734
f 926/4735 927/4736 925/4737
f 926/4738 925/4739 924/4740
f 928/4741 776/4742 925/4743
f 928/4744 925/4745 927/4746
f 774/4747 773/4748 925/4749
f 774/4750 925/4751 776/4752
f 929/4753 930/4754 928/4755
f 929/4756 928/4757 927/4758
f 931/4759 779/4760 928/4761
f 931/4762 928/4763 930/4764
f 777/4765 776/4766 928/4767
f 777/4768 928/4769 779/4770
f 932/4771 933/4772 931/4773
f 932/4774 931/4775 930/4776
f 788/4777 782/4778 931/4779
f 788/4780 931/4781 933/4782
f 780/4783 779/4784 931/4785
f 780/4786 931/4787 782/4788
f 934/4789 935/4790 933/4791
f 934/4792 933/4793 932/4794
f 786/4795 788/4796 933/4797
f 786/4798 933/4799 935/4800
f 936/4801 796/4802 935/4803
f 936/4804 935/4805 934/4806
f 789/4807 786/4808 935/4809
f 789/4810 935/4811 796/4812
f 797/4813 796/4814 936/4815
f 797/4816 936/4817 801/4818
f 937/4819 938/4820 936/4821
f 937/4822 936/4823 934/4824
f 939/4825 801/4826 936/4827
f 939/4828 936/4829 938/4830
f 802/4831 801/4832 939/4833
f 802/4834 939/4835 806/4836
f 11/4837 12/4838 939/4839
f 11/4840 939/4841 938/4842
f 940/4843 806/4844 939/4845
f 940/4846 939/4847 12/4848
f 807/4849 806/4850 940/4851
f 807/4852 940/4853 811/4854
f 13/4855 941/4856 940/4857
f 13/4858 940/4859 12/4860
f 942/4861 811/4862 940/4863
f 942/4864 940/4865 941/4866
f 812/4867 811/4868 942/4869
f 812/4870 942/4871 816/4872
f 943/4873 944/4874 942/4875
f 943/4876 942/4877 941/4878
f 945/4879 816/4880 942/4881
f 945/4882 942/4883 944/4884
f 817/4885 816/4886 945/4887
f 817/4888 945/4889 821/4890
f 946/4891 947/4892 945/4893
f 946/4894 945/4895 944/4896
f 948/4897 821/4898 945/4899
f 948/4900 945/4901 947/4902
f 822/4903 821/4904 948/4905
f 822/4906 948/4907 824/4908
f 949/4909 950/4910 948/4911
f 949/4912 948/4913 947/4914
f 826/4915 824/4916 948/4917
f 826/4918 948/4919 950/4920
f 951/4921 952/4922 950/4923
f 951/4924 950/4925 949/4926
f 828/4927 826/4928 950/4929
f 828/4930 950/4931 952/4932
f 953/4933 833/4934 952/4935
f 953/4936 952/4937 951/4938
f 830/4939 828/4940 952/4941
f 830/4942 952/4943 833/4944
f 954/4945 955/4946 953/4947
f 954/4948 953/4949 951/4950
f 956/4951 836/4952 953/4953
f 956/4954 953/4955 955/4956
f 834/4957 833/4958 953/4959
f 834/4960 953/4961 836/4962
f 957/4963 958/4964 956/4965
f 957/4966 956/4967 955/4968
f 959/4969 840/4970 956/4971
f 959/4972 956/4973 958/4974
f 837/4975 836/4976 956/4977
f 837/4978 956/4979 840/4980
f 960/4981 57/4982 959/4983
f 960/4984 959/4985 958/4986
f 54/4987 843/4988 959/4989
f 54/4990 959/4991 57/4992
f 841/4993 840/4994 959/4995
f 841/4996 959/4997 843/4998
f 957/4999 961/5000 960/5001
f 957/5002 960/5003 958/5004
f 962/5005 963/5006 960/5007
f 962/5008 960/5009 961/5010
f 58/5011 57/5012 960/5013
f 58/5014 960/5015 963/5016
f 964/5017 965/5018 963/5019
f 964/5020 963/5021 962/5022
f 59/5023 58/5024 963/5025
f 59/5026 963/5027 965/5028
f 966/5029 967/5030 965/5031
f 966/5032 965/5033 964/5034
f 968/5035 59/5036 965/5037
f 968/5038 965/5039 967/5040
f 56/5041 59/5042 968/5043
f 56/5044 968/5045 969/5046
f 970/5047 971/5048 968/5049
f 970/5050 968/5051 967/5052
f 972/5053 969/5054 968/5055
f 972/5056 968/5057 971/5058
f 846/5059 969/5060 972/5061
f 846/5062 972/5063 847/5064
f 973/5065 974/5066 972/5067
f 973/5068 972/5069 971/5070
f 849/5071 847/5072 972/5073
f 849/5074 972/5075 974/5076
f 975/5077 976/5078 974/5079
f 975/5080 974/5081 973/5082
f 851/5083 849/5084 974/5085
f 851/5086 974/5087 976/5088
f 977/5089 978/5090 976/5091
f 977/5092 976/5093 975/5094
f 853/5095 851/5096 976/5097
f 853/5098 976/5099 978/5100
f 979/5101 980/5102 978/5103
f 979/5104 978/5105 977/5106
f 855/5107 853/5108 978/5109
f 855/5110 978/5111 980/5112
f 981/5113 73/5114 980/5115
f 981/5116 980/5117 979/5118
f 68/5119 855/5120 980/5121
f 68/5122 980/5123 73/5124
f 982/5125 983/5126 981/5127
f 982/5128 981/5129 979/5130
f 984/5131 985/5132 981/5133
f 984/5134 981/5135 983/5136
f 72/5137 73/5138 981/5139
f 72/5140 981/5141 985/5142
f 986/5143 987/5144 985/5145
f 986/5146 985/5147 984/5148
f 71/5149 72/5150 985/5151
f 71/5152 985/5153 987/5154
f 988/5155 71/5156 987/5157
f 988/5158 987/5159 989/5160
f 990/5161 989/5162 987/5163
f 990/5164 987/5165 986/5166
f 865/5167 989/5168 990/5169
f 865/5170 990/5171 867/5172
f 991/5173 992/5174 990/5175
f 991/5176 990/5177 986/5178
f 993/5179 867/5180 990/5181
f 993/5182 990/5183 992/5184
f 868/5185 867/5186 993/5187
f 868/5188 993/5189 870/5190
f 994/5191 995/5192 993/5193
f 994/5194 993/5195 992/5196
f 996/5197 870/5198 993/5199
f 996/5200 993/5201 995/5202
f 871/5203 870/5204 996/5205
f 871/5206 996/5207 873/5208
f 997/5209 998/5210 996/5211
f 997/5212 996/5213 995/5214
f 999/5215 873/5216 996/5217
f 999/5218 996/5219 998/5220
f 874/5221 873/5222 999/5223
f 874/5224 999/5225 876/5226
f 903/5227 902/5228 999/5229
f 903/5230 999/5231 998/5232
f 901/5233 876/5234 999/5235
f 901/5236 999/5237 902/5238
f 905/5239 903/5240 998/5241
f 905/5242 998/5243 997/5244
f 994/5245 1000/5246 997/5247
f 994/5248 997/5249 995/5250
f 907/5251 905/5252 997/5253
f 907/5254 997/5255 1000/5256
f 1001/5257 1002/5258 1000/5259
f 1001/5260 1000/5261 994/5262
f 909/5263 907/5264 1000/5265
f 909/5266 1000/5267 1002/5268
f 1003/5269 1004/5270 1002/5271
f 1003/5272 1002/5273 1001/5274
f 911/5275 909/5276 1002/5277
f 911/5278 1002/5279 1004/5280
f 1005/5281 1006/5282 1004/5283
f 1005/5284 1004/5285 1003/5286
f 913/5287 911/5288 1004/5289
f 913/5290 1004/5291 1006/5292
f 1007/5293 1008/5294 1006/5295
f 1007/5296 1006/5297 1005/5298
f 915/5299 913/5300 1006/5301
f 915/5302 1006/5303 1008/5304
f 1009/5305 1010/5306 1008/5307
f 1009/5308 1008/5309 1007/5310
f 917/5311 915/5312 1008/5313
f 917/5314 1008/5315 1010/5316
f 1011/5317 1012/5318 1010/5319
f 1011/5320 1010/5321 1009/5322
f 919/5323 917/5324 1010/5325
f 919/5326 1010/5327 1012/5328
f 1013/5329 1014/5330 1012/5331
f 1013/5332 1012/5333 1011/5334
f 921/5335 919/5336 1012/5337
f 921/5338 1012/5339 1014/5340
f 1015/5341 1016/5342 1014/5343
f 1015/5344 1014/5345 1013/5346
f 923/5347 921/5348 1014/5349
f 923/5350 1014/5351 1016/5352
f 1017/5353 1018/5354 1016/5355
f 1017/5356 1016/5357 1015/5358
f 1019/5359 923/5360 1016/5361
f 1019/5362 1016/5363 1018/5364
f 22/5365 16/5366 1019/5367
f 22/5368 1019/5369 1018/5370
f 15/5371 926/5372 1019/5373
f 15/5374 1019/5375 16/5376
f 924/5377 923/5378 1019/5379
f 924/5380 1019/5381 926/5382
f 1020/5383 22/5384 1018/5385
f 1020/5386 1018/5387 1017/5388
f 962/5389 1021/5390 1020/5391
f 962/5392 1020/5393 964/5394
f 21/5395 22/5396 1020/5397
f 21/5398 1020/5399 1021/5400
f 966/5401 964/5402 1020/5403
f 966/5404 1020/5405 1017/5406
f 961/5407 1022/5408 1021/5409
f 961/5410 1021/5411 962/5412
f 19/5413 21/5414 1021/5415
f 19/5416 1021/5417 1022/5418
f 1023/5419 19/5420 1022/5421
f 1023/5422 1022/5423 1024/5424
f 957/5425 1024/5426 1022/5427
f 957/5428 1022/5429 961/5430
f 946/5431 1025/5432 1023/5433
f 946/5434 1023/5435 1026/5436
f 20/5437 19/5438 1023/5439
f 20/5440 1023/5441 1025/5442
f 954/5443 1026/5444 1023/5445
f 954/5446 1023/5447 1024/5448
f 944/5449 943/5450 1025/5451
f 944/5452 1025/5453 946/5454
f 14/5455 20/5456 1025/5457
f 14/5458 1025/5459 943/5460
f 947/5461 946/5462 1026/5463
f 947/5464 1026/5465 949/5466
f 951/5467 949/5468 1026/5469
f 951/5470 1026/5471 954/5472
f 955/5473 954/5474 1024/5475
f 955/5476 1024/5477 957/5478
f 1027/5479 966/5480 1017/5481
f 1027/5482 1017/5483 1015/5484
f 967/5485 966/5486 1027/5487
f 967/5488 1027/5489 970/5490
f 1013/5491 1028/5492 1027/5493
f 1013/5494 1027/5495 1015/5496
f 1029/5497 970/5498 1027/5499
f 1029/5500 1027/5501 1028/5502
f 971/5503 970/5504 1029/5505
f 971/5506 1029/5507 973/5508
f 1030/5509 1031/5510 1029/5511
f 1030/5512 1029/5513 1028/5514
f 975/5515 973/5516 1029/5517
f 975/5518 1029/5519 1031/5520
f 1032/5521 1033/5522 1031/5523
f 1032/5524 1031/5525 1030/5526
f 977/5527 975/5528 1031/5529
f 977/5530 1031/5531 1033/5532
f 1034/5533 982/5534 1033/5535
f 1034/5536 1033/5537 1032/5538
f 979/5539 977/5540 1033/5541
f 979/5542 1033/5543 982/5544
f 1009/5545 1007/5546 1034/5547
f 1009/5548 1034/5549 1032/5550
f 1005/5551 1035/5552 1034/5553
f 1005/5554 1034/5555 1007/5556
f 983/5557 982/5558 1034/5559
f 983/5560 1034/5561 1035/5562
f 1003/5563 1036/5564 1035/5565
f 1003/5566 1035/5567 1005/5568
f 984/5569 983/5570 1035/5571
f 984/5572 1035/5573 1036/5574
f 1001/5575 991/5576 1036/5577
f 1001/5578 1036/5579 1003/5580
f 986/5581 984/5582 1036/5583
f 986/5584 1036/5585 991/5586
f 1011/5587 1009/5588 1032/5589
f 1011/5590 1032/5591 1030/5592
f 1013/5593 1011/5594 1030/5595
f 1013/5596 1030/5597 1028/5598
f 992/5599 991/5600 1001/5601
f 992/5602 1001/5603 994/5604
f 861/5605 860/5606 988/5607
f 861/5608 988/5609 863/5610
f 70/5611 71/5612 988/5613
f 70/5614 988/5615 860/5616
f 865/5617 863/5618 988/5619
f 865/5620 988/5621 989/5622
f 53/5623 56/5624 969/5625
f 53/5626 969/5627 846/5628
f 13/5629 14/5630 943/5631
f 13/5632 943/5633 941/5634
f 8/5635 11/5636 938/5637
f 8/5638 938/5639 937/5640
f 932/5641 1037/5642 937/5643
f 932/5644 937/5645 934/5646
f 18/5647 8/5648 937/5649
f 18/5650 937/5651 1037/5652
f 930/5653 929/5654 1037/5655
f 930/5656 1037/5657 932/5658
f 15/5659 18/5660 1037/5661
f 15/5662 1037/5663 929/5664
f 926/5665 15/5666 929/5667
f 926/5668 929/5669 927/5670
f 877/5671 876/5672 901/5673
f 877/5674 901/5675 880/5676
f 898/5677 880/5678 901/5679
f 898/5680 901/5681 899/5682
f 881/5683 880/5684 898/5685
f 881/5686 898/5687 883/5688
f 893/5689 883/5690 898/5691
f 893/5692 898/5693 895/5694
f 884/5695 883/5696 893/5697
f 884/5698 893/5699 890/5700
f 67/5701 70/5702 860/5703
f 67/5704 860/5705 858/5706
f 68/5707 67/5708 856/5709
f 68/5710 856/5711 855/5712
f 54/5713 53/5714 844/5715
f 54/5716 844/5717 843/5718
f 629/5719 628/5720 819/5721
f 629/5722 819/5723 631/5724
f 814/5725 815/5726 819/5727
f 814/5728 819/5729 628/5730
f 633/5731 631/5732 819/5733
f 633/5734 819/5735 820/5736
f 625/5737 624/5738 814/5739
f 625/5740 814/5741 628/5742
f 809/5743 810/5744 814/5745
f 809/5746 814/5747 624/5748
f 617/5749 616/5750 809/5751
f 617/5752 809/5753 624/5754
f 804/5755 805/5756 809/5757
f 804/5758 809/5759 616/5760
f 619/5761 1038/5762 804/5763
f 619/5764 804/5765 616/5766
f 799/5767 800/5768 804/5769
f 799/5770 804/5771 1038/5772
f 606/5773 605/5774 799/5775
f 606/5776 799/5777 1038/5778
f 794/5779 795/5780 799/5781
f 794/5782 799/5783 605/5784
f 608/5785 1039/5786 794/5787
f 608/5788 794/5789 605/5790
f 791/5791 792/5792 794/5793
f 791/5794 794/5795 1039/5796
f 598/5797 597/5798 1040/5799
f 598/5800 1040/5801 601/5802
f 6/5803 5/5804 791/5805
f 6/5806 791/5807 1041/5808
f 704/5809 703/5810 721/5811
f 704/5812 721/5813 708/5814
f 692/5815 702/5816 706/5817
f 692/5818 706/5819 64/5820
f 65/5821 688/5822 692/5823
f 65/5824 692/5825 64/5826
f 77/5827 671/5828 675/5829
f 77/5830 675/5831 74/5832
f 461/5833 460/5834 627/5835
f 461/5836 627/5837 466/5838
f 463/5839 622/5840 623/5841
f 463/5842 623/5843 460/5844
f 455/5845 454/5846 615/5847
f 455/5848 615/5849 457/5850
f 452/5851 451/5852 611/5853
f 452/5854 611/5855 454/5856
f 449/5857 448/5858 604/5859
f 449/5860 604/5861 451/5862
f 446/5863 445/5864 600/5865
f 446/5866 600/5867 448/5868
f 7/5869 6/5870 1041/5871
f 7/5872 1041/5873 593/5874
f 443/5875 442/5876 596/5877
f 443/5878 596/5879 445/5880
f 440/5881 439/5882 592/5883
f 440/5884 592/5885 442/5886
f 4/5887 7/5888 588/5889
f 4/5890 588/5891 587/5892
f 434/5893 437/5894 590/5895
f 434/5896 590/5897 439/5898
f 82/5899 83/5900 499/5901
f 82/5902 499/5903 497/5904
f 1042/5905 554/5906 400/5907
f 1042/5908 400/5909 403/5910
f 42/5911 41/5912 396/5913
f 42/5914 396/5915 395/5916
f 35/5917 34/5918 348/5919
f 35/5920 348/5921 346/5922
f 144/5923 143/5924 312/5925
f 144/5926 312/5927 51/5928
f 139/5929 138/5930 308/5931
f 139/5932 308/5933 143/5934
f 134/5935 133/5936 304/5937
f 134/5938 304/5939 138/5940
f 129/5941 128/5942 300/5943
f 129/5944 300/5945 133/5946
f 124/5947 123/5948 296/5949
f 124/5950 296/5951 128/5952
f 119/5953 118/5954 292/5955
f 119/5956 292/5957 123/5958
f 114/5959 113/5960 288/5961
f 114/5962 288/5963 118/5964
f 109/5965 108/5966 284/5967
f 109/5968 284/5969 113/5970
f 104/5971 103/5972 280/5973
f 104/5974 280/5975 108/5976
f 99/5977 89/5978 278/5979
f 99/5980 278/5981 103/5982
f 23/5983 26/5984 182/5985
f 23/5986 182/5987 184/5988
f 44/5989 47/5990 158/5991
f 44/5992 158/5993 154/5994
