v -0.008706573 -0.04464308 -0.086864
v -0.006607347 -0.04454007 -0.0868949
v -0.006917442 -0.04537775 -0.08626197
v -0.008707966 -0.04396961 -0.08702638
v -0.005345375 -0.04269738 -0.08701459
v -0.00506552 -0.04539833 -0.08627544
v -0.003803642 -0.04481818 -0.08680402
v -0.003851541 -0.044062 -0.08698513
v -0.002610373 -0.04550847 -0.08623226
v -0.002593381 -0.04471358 -0.08687555
v -0.001360267 -0.04542907 -0.08646347
v -0.001060377 -0.04417351 -0.08697746
v 0.00042836 -0.04484514 -0.08683191
v -0.001573835 -0.04129906 -0.08712079
v 0.001120862 -0.04171767 -0.08709941
v -0.004663314 -0.03933005 -0.08716464
v 0.003485353 -0.04516945 -0.08666302
v 0.0009898525 -0.04564556 -0.08615743
v -0.0007390766 -0.04560404 -0.08611095
v -0.0006591314 -0.04569621 -0.0852029
v -0.003322843 -0.04563515 -0.08536144
v -0.0002760296 -0.0460389 -0.083784
v 0.002663916 -0.04580141 -0.0850893
v 0.002344662 -0.04417111 -0.08695081
v 0.003158273 -0.0457297 -0.08609321
v 0.004320381 -0.04578525 -0.08586425
v 0.004563568 -0.0449988 -0.08677251
v 0.005941838 -0.04583766 -0.08604322
v 0.006960574 -0.045104 -0.08667226
v 0.004167116 -0.04610215 -0.08399852
v 0.005997411 -0.04590081 -0.08504904
v 0.005982766 -0.04620264 -0.08360319
v 0.003528762 -0.04227139 -0.08704834
v -0.0001676134 -0.03742123 -0.08730332
v 0.004082381 -0.03892515 -0.08721519
v 0.005609331 -0.04423236 -0.08689287
v 0.007156549 -0.04264252 -0.08693939
v 0.01198425 -0.04520378 -0.08662878
v 0.01272059 -0.04608717 -0.08598699
v 0.01048862 -0.04588906 -0.08612011
v 0.009873036 -0.04525779 -0.08661206
v 0.01387006 -0.04630254 -0.08591204
v 0.01208918 -0.04432558 -0.08675204
v 0.01427717 -0.04532619 -0.08662218
v 0.01527565 -0.04538164 -0.08658475
v 0.01541908 -0.04482265 -0.08676005
v 0.008555453 -0.04593582 -0.08604439
v 0.008690353 -0.04597436 -0.0850347
v 0.008539569 -0.04621711 -0.08374879
v 0.008501991 -0.04625749 -0.08169457
v 0.01073057 -0.04622864 -0.08247298
v 0.008376652 -0.04476413 -0.08677085
v 0.01107486 -0.04607864 -0.08574051
v 0.0103661 -0.04204591 -0.08692206
v 0.01292267 -0.04619407 -0.08543345
v 0.01244266 -0.04614371 -0.08453006
v 0.01436818 -0.04609884 -0.08371599
v 0.01431449 -0.04609713 -0.08088939
v 0.003892972 -0.03531529 -0.08737842
v 0.007593462 -0.03989558 -0.08709829
v 0.007131457 -0.03726464 -0.08724344
v 0.007603186 -0.03245486 -0.08743818
v 0.01098039 -0.03386681 -0.08730041
v 0.01400064 -0.04138021 -0.08689266
v 0.01697369 -0.04168161 -0.08691884
v 0.01690779 -0.03924778 -0.08695111
v 0.0116023 -0.03817378 -0.08710381
v 0.01484919 -0.03667032 -0.08712915
v 0.01688861 -0.03593205 -0.08702257
v 0.009746414 -0.03015778 -0.08751914
v 0.01342325 -0.03044114 -0.08744215
v 0.01480097 -0.03261193 -0.08730244
v 0.01663524 -0.0337456 -0.08710956
v 0.01752731 -0.0343859 -0.0868753
v 0.01679426 -0.03090449 -0.08714408
v 0.01774181 -0.03249877 -0.08685872
v 0.01512873 -0.02868646 -0.08740564
v 0.01204546 -0.02710964 -0.08764813
v 0.01756693 -0.03070743 -0.08696272
v 0.01835831 -0.03167889 -0.08614144
v 0.0181227 -0.03408212 -0.0864028
v 0.01810797 -0.02980081 -0.08664238
v 0.01744935 -0.02749831 -0.08707576
v 0.01841017 -0.02810111 -0.08625216
v 0.01870269 -0.02933342 -0.0855541
v -0.0196698 -0.04433417 -0.06771481
v -0.01903927 -0.04501273 -0.06911594
v -0.01876544 -0.04512984 -0.06731318
v -0.01913924 -0.04488047 -0.06537809
v -0.01981868 -0.04413132 -0.06409877
v -0.01807646 -0.04524667 -0.06609995
v -0.01890821 -0.04502162 -0.06304774
v -0.01943056 -0.04469649 -0.0633033
v -0.01582216 -0.0453044 -0.06541707
v -0.01670127 -0.04534493 -0.06497608
v -0.01795266 -0.04519818 -0.06327803
v -0.01626096 -0.04527925 -0.06296133
v -0.01912032 -0.0449273 -0.0616108
v -0.01821564 -0.0451784 -0.06103748
v -0.01987786 -0.04397781 -0.06068435
v -0.01879977 -0.04508031 -0.05965183
v -0.01947854 -0.04457656 -0.05901299
v -0.01912008 -0.04486576 -0.05733264
v -0.01834531 -0.04518975 -0.05806631
v -0.01997747 -0.04378602 -0.05700604
v -0.01966868 -0.04437993 -0.05587489
v -0.02019672 -0.04203548 -0.0568387
v -0.01461126 -0.0454398 -0.06366451
v -0.01468294 -0.04544117 -0.0613076
v -0.01344319 -0.04548368 -0.06179064
v -0.01547658 -0.04535489 -0.05937956
v -0.01707976 -0.0452275 -0.05837807
v -0.01329552 -0.04551382 -0.05955355
v -0.01093111 -0.045687 -0.0617782
v -0.01025806 -0.04572406 -0.05816328
v -0.01667898 -0.04526293 -0.05582148
v -0.01558934 -0.04529644 -0.0553347
v -0.01909874 -0.04485451 -0.05494379
v -0.01341861 -0.04549363 -0.05629215
v -0.009333264 -0.04580157 -0.05568701
v -0.01463965 -0.04539546 -0.05380705
v -0.009896865 -0.04575739 -0.05280659
v -0.005983815 -0.04601574 -0.05600549
v -0.005453452 -0.04601548 -0.05189807
v -0.002685752 -0.04612985 -0.04873668
v -0.00116886 -0.0461736 -0.0534448
v -0.02042855 -0.04350292 -0.08639345
v -0.02001207 -0.0442986 -0.08665355
v -0.0204145 -0.04433858 -0.08596671
v -0.02057963 -0.0425755 -0.08614533
v -0.01827666 -0.04497363 -0.08652347
v -0.01951982 -0.04497264 -0.08632886
v -0.01834234 -0.04417977 -0.08680372
v -0.01970532 -0.04501651 -0.08541431
v -0.01827117 -0.04517578 -0.08524957
v -0.01909739 -0.0451064 -0.08428115
v -0.02023717 -0.04237333 -0.0865766
v -0.0204245 -0.04143721 -0.08645023
v -0.01857195 -0.04184242 -0.08673614
v -0.01757795 -0.04337585 -0.08706523
v -0.01947979 -0.04468978 -0.08181504
v -0.01968772 -0.04458388 -0.08397738
v -0.02055629 -0.04243139 -0.08533041
v -0.01997322 -0.04396908 -0.08415556
v -0.02040854 -0.04159148 -0.08412164
v -0.02071543 -0.04092372 -0.08614278
v -0.02080377 -0.04040231 -0.08514475
v -0.01992027 -0.04395401 -0.08124944
v -0.02015924 -0.04250395 -0.08242479
v -0.02068554 -0.03931543 -0.08373076
v -0.02000891 -0.04013858 -0.0866106
v -0.01770418 -0.03997791 -0.0870533
v -0.01671931 -0.04070492 -0.08720418
v -0.01838368 -0.03931082 -0.0867973
v -0.01724078 -0.03781291 -0.08719599
v -0.01623914 -0.03460784 -0.0872953
v -0.01519346 -0.0369428 -0.0872877
v -0.0207873 -0.03528385 -0.08603876
v -0.02045259 -0.03774031 -0.08643413
v -0.02092469 -0.03747552 -0.08590944
v -0.02104845 -0.0377289 -0.08509585
v -0.02092169 -0.0395787 -0.08545198
v -0.02109965 -0.03608786 -0.08525637
v -0.02121333 -0.03472343 -0.08325376
v -0.02059743 -0.0395444 -0.08626126
v -0.02001209 -0.0383133 -0.08662814
v -0.01831297 -0.03641988 -0.08679537
v -0.02092488 -0.03737195 -0.08300976
v -0.020234 -0.03499747 -0.08648254
v -0.02114544 -0.03435643 -0.08511414
v -0.01976224 -0.03329457 -0.0866064
v -0.01965649 -0.03522721 -0.08666433
v -0.02028945 -0.03284647 -0.08641049
v -0.02096223 -0.03284622 -0.08559898
v -0.02082546 -0.03102072 -0.08582643
v -0.017455 -0.03554133 -0.08713651
v -0.01822777 -0.0341499 -0.08678816
v -0.01729765 -0.03374227 -0.08717877
v -0.02031418 -0.04144878 -0.07861525
v -0.02064797 -0.03917877 -0.080682
v -0.02025404 -0.04182589 -0.07602587
v -0.02031814 -0.04105841 -0.07603322
v -0.02058835 -0.03943128 -0.07725003
v -0.02079692 -0.03770739 -0.07859623
v -0.02076984 -0.03822222 -0.07607893
v -0.02108444 -0.03620463 -0.08047491
v -0.02112327 -0.03134015 -0.08508948
v -0.02137464 -0.03321861 -0.08031775
v -0.02157187 -0.030577 -0.08035378
v -0.02106021 -0.0350669 -0.07869206
v -0.02102867 -0.03604919 -0.07715145
v -0.02098433 -0.03625647 -0.07456411
v -0.02147377 -0.03083555 -0.07869929
v -0.02146284 -0.03207271 -0.07640166
v -0.01957008 -0.03014641 -0.08660445
v -0.02011771 -0.03033136 -0.08643319
v -0.01812864 -0.03151491 -0.08676235
v -0.01805407 -0.02901319 -0.08673381
v -0.01972272 -0.02774421 -0.08654898
v -0.01729237 -0.03098431 -0.0871397
v -0.01645184 -0.03063458 -0.08729958
v -0.01717186 -0.02835168 -0.08716266
v -0.01791494 -0.02550247 -0.08674101
v -0.01618408 -0.02794442 -0.0873301
v -0.01327522 -0.0294183 -0.08738796
v -0.0170262 -0.02590689 -0.08717906
v -0.01098302 -0.02619448 -0.08748922
v -0.01604583 -0.02373866 -0.08733141
v -0.01709778 -0.02389889 -0.08712367
v -0.01160721 -0.0225913 -0.08749355
v -0.01577165 -0.01958042 -0.08735177
v -0.02132141 -0.03001396 -0.08360862
v -0.02075282 -0.02817164 -0.08583893
v -0.02108138 -0.02815029 -0.08499199
v -0.02136654 -0.02695449 -0.08322708
v -0.02076587 -0.02581833 -0.08563653
v -0.01999384 -0.0262511 -0.08639504
v -0.02005472 -0.02367135 -0.08629517
v -0.01959211 -0.02504494 -0.08651969
v -0.01936143 -0.02323423 -0.08655035
v -0.02102194 -0.02461129 -0.08489216
v -0.02167296 -0.02799981 -0.0804657
v -0.02168498 -0.02673788 -0.07897474
v -0.02173092 -0.02393888 -0.08048353
v -0.02144532 -0.02255132 -0.08249185
v -0.02070658 -0.01629533 -0.08513406
v -0.0206576 -0.0191622 -0.08546308
v -0.0210474 -0.01767391 -0.08409637
v -0.02031848 -0.01794996 -0.08589573
v -0.02032792 -0.01487003 -0.08575238
v -0.01977447 -0.0166107 -0.08632731
v -0.02173435 -0.01886799 -0.08053774
v -0.0213689 -0.01625548 -0.0820982
v -0.02101606 -0.015017 -0.08390996
v -0.01779453 -0.02250523 -0.08671687
v -0.01929218 -0.02083848 -0.08653353
v -0.01704758 -0.02168937 -0.08710477
v -0.01774041 -0.01964548 -0.08671163
v -0.02057405 -0.02215011 -0.08575328
v -0.02094733 -0.0220956 -0.08497558
v -0.02007489 -0.020732 -0.08621468
v -0.01697775 -0.01906257 -0.08709002
v -0.01584116 -0.01610429 -0.08729608
v -0.01953716 -0.0189481 -0.08649221
v -0.01761545 -0.01615006 -0.08669846
v -0.01907759 -0.01607393 -0.08653574
v -0.01673606 -0.01557563 -0.08711894
v -0.009388777 -0.01795325 -0.08757537
v -0.02173834 -0.02103597 -0.08045081
v -0.02077686 -0.03797948 -0.07354307
v -0.02144646 -0.03191219 -0.07370319
v -0.02094735 -0.03600357 -0.07085294
v -0.02166425 -0.0290827 -0.07751228
v -0.02169868 -0.02929171 -0.07538655
v -0.02145312 -0.03162058 -0.0704675
v -0.02167684 -0.02942603 -0.07258669
v -0.02183183 -0.02722635 -0.06996224
v -0.02117408 -0.03365645 -0.06767645
v -0.0215993 -0.02983692 -0.06715143
v -0.02130625 -0.03263638 -0.06496967
v -0.02190341 -0.026095 -0.06767485
v -0.02171101 -0.02818352 -0.06468216
v -0.02157436 -0.02985956 -0.0620273
v -0.02178717 -0.0273196 -0.06269705
v -0.02181028 -0.02653321 -0.07736573
v -0.0220101 -0.02440885 -0.0747574
v -0.02176689 -0.02290313 -0.07899965
v -0.02196061 -0.02316225 -0.07692394
v -0.02202481 -0.01959605 -0.07721388
v -0.02198548 -0.02477313 -0.07264899
v -0.02215768 -0.01939318 -0.0750643
v -0.02217375 -0.02123297 -0.07227152
v -0.02167304 -0.01589599 -0.08055183
v -0.02160621 -0.01347696 -0.08056974
v -0.02175992 -0.01552017 -0.07902674
v -0.02179575 -0.01872922 -0.07898151
v -0.0219827 -0.01626775 -0.07750849
v -0.02204031 -0.01360835 -0.07690775
v -0.02215563 -0.01590189 -0.07551725
v -0.02227243 -0.01733083 -0.07247441
v -0.02224497 -0.01391143 -0.07405154
v -0.02215468 -0.01132258 -0.07561879
v -0.02214038 -0.02238154 -0.06967071
v -0.02224167 -0.01994392 -0.06982983
v -0.02197762 -0.02520904 -0.06386649
v -0.02214371 -0.02267951 -0.0643138
v -0.02218229 -0.02163137 -0.06733152
v -0.02232113 -0.01822445 -0.06721701
v -0.0223108 -0.0185414 -0.06516076
v -0.02237104 -0.01559496 -0.06924442
v -0.02232184 -0.01147488 -0.07235133
v -0.02234507 -0.01357232 -0.07166377
v -0.02243479 -0.01504809 -0.06678511
v -0.02241533 -0.01251681 -0.06950714
v -0.02246494 -0.0112866 -0.06672236
v -0.02244015 -0.008966891 -0.06926326
v -0.01554703 -0.04337667 -0.08719373
v -0.01669613 -0.04417326 -0.08706109
v -0.01435374 -0.04437584 -0.08709487
v -0.01557582 -0.04510144 -0.08646983
v -0.01327397 -0.04518007 -0.08654021
v -0.01270767 -0.04424088 -0.08717105
v -0.01669072 -0.04516286 -0.086083
v -0.01764274 -0.04538132 -0.08425417
v -0.0154799 -0.04548597 -0.08459418
v -0.0136395 -0.04531578 -0.08550422
v -0.01229901 -0.04471209 -0.0870359
v -0.01120036 -0.04523585 -0.08640147
v -0.01041704 -0.0444658 -0.08699813
v -0.009366736 -0.04533361 -0.0862999
v -0.01100077 -0.04542801 -0.08536026
v -0.01242819 -0.04562204 -0.08423041
v -0.0101433 -0.04571556 -0.08421628
v -0.01906523 -0.04497385 -0.08156845
v -0.01755964 -0.04531056 -0.08264741
v -0.01648605 -0.04530463 -0.07971524
v -0.0157886 -0.04541115 -0.08115487
v -0.01555193 -0.04541638 -0.07926383
v -0.01485713 -0.04543882 -0.08025739
v -0.01292744 -0.04562441 -0.08132556
v -0.01134428 -0.04569342 -0.0801095
v -0.01341405 -0.0455912 -0.07927138
v -0.008336799 -0.0454816 -0.08536777
v -0.0077548 -0.04577033 -0.08429143
v -0.0055458 -0.0455729 -0.08527087
v -0.00470423 -0.04588807 -0.08419062
v -0.01017436 -0.04582557 -0.08117026
v -0.007312159 -0.04590382 -0.08282477
v -0.007455043 -0.04595034 -0.08110221
v -0.004943062 -0.04606669 -0.08165339
v -0.002606809 -0.04614265 -0.08141874
v -0.00823769 -0.04586744 -0.08014317
v -0.009404097 -0.04587311 -0.07875649
v -0.005412743 -0.04602091 -0.08033113
v -0.006975204 -0.04601543 -0.07861262
v -0.004047598 -0.04615974 -0.07790045
v -0.01087479 -0.04233443 -0.08707958
v -0.01359769 -0.03983513 -0.08718954
v -0.01092808 -0.03883821 -0.08712935
v -0.007823371 -0.04042309 -0.08708179
v -0.01010369 -0.03480864 -0.08725067
v -0.007865032 -0.03649995 -0.08722042
v -0.01889046 -0.04505092 -0.07931367
v -0.01797476 -0.04526615 -0.07905162
v -0.01967631 -0.04439618 -0.07936333
v -0.0199075 -0.04393729 -0.07846501
v -0.01932162 -0.044754 -0.0779606
v -0.01665591 -0.04536744 -0.07776175
v -0.0197468 -0.04414809 -0.07636897
v -0.01812765 -0.0452795 -0.07679111
v -0.01876707 -0.04511611 -0.0761855
v -0.01919996 -0.04489671 -0.0743197
v -0.01423322 -0.04555058 -0.07684353
v -0.01282988 -0.04564792 -0.07545145
v -0.01636593 -0.0453205 -0.07537779
v -0.01457871 -0.04552034 -0.07429089
v -0.01994602 -0.04362549 -0.07562931
v -0.01977827 -0.04417974 -0.0741628
v -0.0180544 -0.04526158 -0.07384664
v -0.01894739 -0.04507095 -0.07195433
v -0.01959393 -0.04447288 -0.07257158
v -0.01989433 -0.04389905 -0.07117461
v -0.0168641 -0.04529922 -0.07231668
v -0.01806793 -0.04526751 -0.07090139
v -0.01454803 -0.04550255 -0.07103977
v -0.02030006 -0.04116502 -0.0727487
v -0.01140182 -0.04572409 -0.07153948
v -0.009354801 -0.045891 -0.07529318
v -0.005646397 -0.04609803 -0.07464927
v -0.00807788 -0.04594205 -0.0721373
v -0.008685973 -0.04587438 -0.06970344
v -0.006428862 -0.04598302 -0.06959843
v 0.0007319346 -0.04623393 -0.08116347
v -0.0009907726 -0.0462378 -0.07798564
v 0.001669983 -0.0462216 -0.07991465
v -0.0001750193 -0.04625442 -0.07516792
v 0.00275909 -0.04629896 -0.07693368
v 0.003340657 -0.04626919 -0.08172928
v 0.005932682 -0.04628716 -0.08178206
v 0.006316363 -0.0462561 -0.07941344
v 0.008996613 -0.0462023 -0.07979183
v 0.01113177 -0.04616694 -0.0799336
v 0.01299177 -0.04609058 -0.07844961
v 0.007914425 -0.04626066 -0.07686152
v 0.01091465 -0.04615382 -0.07711332
v 0.006059141 -0.04627218 -0.07490299
v 0.01026455 -0.04614586 -0.073846
v 0.01211522 -0.04610391 -0.07540287
v 0.00165879 -0.04626939 -0.07321752
v -0.0009969077 -0.0462091 -0.07190943
v -0.004410892 -0.04612248 -0.07137968
v -0.002047464 -0.0461433 -0.06930536
v 0.002037119 -0.0461951 -0.06917431
v 0.001940751 -0.04615298 -0.06541634
v 0.003740183 -0.04623582 -0.07162139
v 0.00796457 -0.04615027 -0.07148697
v 0.006171799 -0.04612643 -0.06915204
v 0.008717758 -0.04608706 -0.0697461
v 0.008765064 -0.04603495 -0.06605599
v 0.005757448 -0.04610276 -0.06512919
v -0.01265501 -0.03227261 -0.08736519
v -0.00798497 -0.03256553 -0.08736227
v -0.01005368 -0.02951484 -0.08746094
v -0.008496845 -0.02663946 -0.08754598
v -0.006329508 -0.02902046 -0.0875241
v -0.004313237 -0.03529964 -0.08734478
v -0.003333381 -0.03091626 -0.08749645
v -0.000271196 -0.03272039 -0.08747029
v 0.003947389 -0.03182838 -0.08749999
v -0.008101113 -0.02317068 -0.08761134
v -0.004974846 -0.02419133 -0.08767283
v -0.003691051 -0.02765367 -0.08759181
v 0.0007262013 -0.02827659 -0.08764707
v -0.001666226 -0.0249554 -0.08770937
v 0.00212417 -0.02676803 -0.08760513
v 0.003886155 -0.02855443 -0.08764341
v 0.001332697 -0.02474129 -0.0877621
v -0.0003949511 -0.02345164 -0.08771616
v 0.004103925 -0.02709228 -0.08762854
v 0.004064898 -0.0241187 -0.08770921
v 0.005626912 -0.0255859 -0.08776499
v -0.002708362 -0.02346473 -0.08768918
v -0.002228878 -0.02124524 -0.08775493
v 0.006866845 -0.02876518 -0.08762406
v 0.007441728 -0.02726456 -0.08760105
v 0.008336242 -0.02566835 -0.08774228
v 0.009562004 -0.0277559 -0.08757365
v -0.01931491 -0.04475595 -0.07019703
v -0.01986603 -0.04398987 -0.06911106
v -0.02019604 -0.04178489 -0.06888708
v -0.0203508 -0.04037493 -0.06904302
v -0.01670169 -0.04529036 -0.06960648
v -0.01488743 -0.04543586 -0.06853205
v -0.01836089 -0.04525778 -0.06869194
v -0.0159311 -0.04533109 -0.06785608
v -0.02055259 -0.03939402 -0.0707349
v -0.01985776 -0.04386054 -0.06651265
v -0.02018317 -0.04156389 -0.06624402
v -0.0201632 -0.04201017 -0.06391501
v -0.02078842 -0.03732078 -0.06861107
v -0.02054384 -0.03908747 -0.06610475
v -0.02035012 -0.04025649 -0.06441218
v -0.01325446 -0.04554976 -0.06921325
v -0.0133193 -0.045504 -0.0652632
v -0.01069897 -0.04573792 -0.06757216
v -0.01068834 -0.04569931 -0.06557696
v -0.007432994 -0.04590831 -0.06703889
v -0.008464948 -0.04584184 -0.0640362
v -0.005795836 -0.04598282 -0.06479909
v -0.02085805 -0.03666148 -0.06631972
v -0.02034355 -0.04056763 -0.06096888
v -0.02060222 -0.03859345 -0.06388522
v -0.02076256 -0.03718978 -0.06344365
v -0.02093143 -0.03578391 -0.06474786
v -0.02077576 -0.03754255 -0.06109071
v -0.02040035 -0.04015686 -0.05849295
v -0.02073705 -0.03774456 -0.05922458
v -0.0208939 -0.03616504 -0.06126818
v -0.02116363 -0.03359669 -0.06216089
v -0.02085374 -0.03686339 -0.05754213
v -0.02143122 -0.03146709 -0.06056983
v -0.004358871 -0.04606359 -0.06719737
v -0.001402028 -0.04612393 -0.06530977
v -0.003057546 -0.04609169 -0.06138349
v -0.006467867 -0.04595269 -0.06032009
v 0.002262634 -0.04619212 -0.06115503
v 0.005183825 -0.04614305 -0.06300761
v -0.002197959 -0.04615743 -0.05770614
v 0.002224518 -0.0462044 -0.05819899
v 0.006126916 -0.04615891 -0.05944877
v 0.007965635 -0.04609432 -0.06258102
v 0.001948371 -0.04624614 -0.05580541
v 0.004489851 -0.04622974 -0.0560683
v 0.007161488 -0.04614779 -0.05589885
v 0.004503838 -0.04622351 -0.05322197
v 0.001877937 -0.04623034 -0.05232172
v 0.001047 -0.04620726 -0.04915917
v -0.01997505 -0.04379164 -0.0546487
v -0.01974329 -0.04424727 -0.05409212
v -0.01996801 -0.04394652 -0.05237684
v -0.02026157 -0.04190964 -0.05210248
v -0.01837643 -0.04512773 -0.05467761
v -0.01928715 -0.04481305 -0.05224133
v -0.01827545 -0.04509037 -0.0523223
v -0.01698873 -0.04515486 -0.05275509
v -0.0151826 -0.04531601 -0.05116119
v -0.01147608 -0.04560098 -0.05109424
v -0.01886276 -0.04492487 -0.04904479
v -0.01919471 -0.04479554 -0.05002497
v -0.01702513 -0.04514063 -0.04871421
v -0.01999961 -0.04397874 -0.04759307
v -0.01975918 -0.04428253 -0.05043261
v -0.01924409 -0.04477696 -0.0470673
v -0.01769222 -0.04509029 -0.04734014
v -0.01627362 -0.04516886 -0.04578832
v -0.01568779 -0.04520123 -0.04839525
v -0.01462268 -0.04533559 -0.04795349
v -0.0200521 -0.04364986 -0.05003102
v -0.02039363 -0.04102021 -0.0476127
v -0.02044651 -0.04022797 -0.05065711
v -0.02067937 -0.03884815 -0.04894647
v -0.01842488 -0.04500271 -0.04400529
v -0.01918073 -0.04480602 -0.04425095
v -0.01970306 -0.04433795 -0.04587116
v -0.02009218 -0.04355522 -0.04592731
v -0.0200628 -0.04378773 -0.04378594
v -0.01980137 -0.04422994 -0.04244377
v -0.01452809 -0.04534871 -0.04497898
v -0.0170523 -0.04505401 -0.04276787
v -0.01499453 -0.04527045 -0.04302419
v -0.02035517 -0.04175097 -0.0431544
v -0.02046334 -0.04050532 -0.04413482
v -0.02079303 -0.03787995 -0.04714932
v -0.0207414 -0.03832176 -0.04494644
v -0.0192926 -0.04473003 -0.04152381
v -0.02014591 -0.0435653 -0.04072934
v -0.01989022 -0.04416721 -0.0395444
v -0.02036778 -0.04162758 -0.03967378
v -0.0180807 -0.04498149 -0.0403336
v -0.01910092 -0.04480747 -0.03988799
v -0.01635255 -0.04514097 -0.04061418
v -0.01531561 -0.04519042 -0.03962342
v -0.01714992 -0.04499985 -0.03901375
v -0.02061553 -0.03945598 -0.04159521
v -0.00851217 -0.04582042 -0.04895906
v -0.006027061 -0.04596961 -0.04807872
v -0.01104337 -0.04562987 -0.04754106
v -0.01296506 -0.04544543 -0.04644414
v -0.0104411 -0.04567464 -0.04494741
v -0.007959523 -0.04581869 -0.04625125
v -0.003116241 -0.04610404 -0.04474627
v -0.007189734 -0.04587528 -0.04417676
v -0.006397741 -0.04589365 -0.04164541
v 0.0004682238 -0.0461883 -0.04558702
v 0.003468311 -0.04619741 -0.04561365
v 0.001784767 -0.04619148 -0.04237004
v -0.01347532 -0.04537056 -0.04175616
v -0.01005763 -0.04566358 -0.04223875
v -0.01176166 -0.04547524 -0.03860266
v -0.007305493 -0.04580244 -0.03892493
v -0.009087657 -0.04567516 -0.03662953
v -0.002963386 -0.04606637 -0.04043049
v -0.006048145 -0.0457986 -0.03406785
v -0.00448614 -0.04593156 -0.03721631
v -0.001208026 -0.04607248 -0.03775588
v 0.001771299 -0.0461458 -0.03949541
v -0.0008242186 -0.04604586 -0.03476893
v -0.01923167 -0.04470659 -0.03260316
v -0.01851553 -0.04492169 -0.03555127
v -0.01829949 -0.04491196 -0.03288192
v -0.01987923 -0.04419632 -0.03415669
v -0.01958169 -0.04448577 -0.0351419
v -0.01990514 -0.04413557 -0.03187688
v -0.01958636 -0.04448908 -0.03020572
v -0.01876612 -0.04484046 -0.02946825
v -0.02013322 -0.04383101 -0.0373279
v -0.02038307 -0.04181249 -0.03536715
v -0.02053387 -0.04018204 -0.03751158
v -0.0190751 -0.04478514 -0.03704191
v -0.01838404 -0.0449558 -0.03813065
v -0.0196417 -0.04447039 -0.03730706
v -0.0168345 -0.04502014 -0.03634405
v -0.01688366 -0.04498493 -0.03322814
v -0.02071788 -0.03885764 -0.03957742
v -0.02095233 -0.03620249 -0.04234276
v -0.02053849 -0.04012245 -0.03496034
v -0.02016709 -0.04365467 -0.03477766
v -0.02020692 -0.04353574 -0.03230177
v -0.02046262 -0.0410965 -0.03282182
v -0.02085114 -0.03761255 -0.03504559
v -0.0209484 -0.03651289 -0.03830201
v -0.02074288 -0.03887398 -0.03386216
v -0.02103645 -0.03575286 -0.03520067
v -0.02015787 -0.04382841 -0.02977835
v -0.01961911 -0.0444578 -0.02810603
v -0.02002908 -0.04396087 -0.02718626
v -0.02027564 -0.04329564 -0.0279387
v -0.02041868 -0.04191016 -0.03030961
v -0.02022521 -0.04356782 -0.02592547
v -0.01942994 -0.04463566 -0.02642696
v -0.02002924 -0.04400511 -0.02453499
v -0.02055464 -0.04064733 -0.02541229
v -0.02027705 -0.04337303 -0.02310431
v -0.02054703 -0.04038862 -0.02913068
v -0.02088059 -0.03756741 -0.03167209
v -0.02075053 -0.03899736 -0.02857967
v -0.02100445 -0.03605819 -0.03250567
v -0.02097385 -0.03643891 -0.02919988
v -0.0210777 -0.03512491 -0.02839076
v -0.02095072 -0.03678974 -0.02748255
v -0.02086593 -0.03782314 -0.0260973
v -0.02077328 -0.03908077 -0.02399174
v -0.02104356 -0.03584157 -0.02531606
v -0.01688997 -0.04499915 -0.03104169
v -0.01582475 -0.04503078 -0.02851279
v -0.01515202 -0.04511093 -0.03105004
v -0.01525256 -0.04516103 -0.03583099
v -0.01005321 -0.045541 -0.03374261
v -0.01335022 -0.04526476 -0.03371656
v -0.01490522 -0.0451664 -0.03254387
v -0.01010313 -0.04547425 -0.02920252
v -0.003152908 -0.04594618 -0.03324955
v -0.004576731 -0.0458404 -0.0327757
v -0.004983051 -0.04578677 -0.03067907
v -0.0008659153 -0.04602057 -0.03096794
v -0.002250905 -0.04594285 -0.03112404
v -0.008000487 -0.04563772 -0.03100188
v -0.005632184 -0.04573525 -0.02792773
v -0.002451752 -0.04586459 -0.02921534
v -0.01675269 -0.04494704 -0.02758879
v -0.01484983 -0.04510976 -0.02753017
v -0.018136 -0.04488946 -0.02567785
v -0.0117705 -0.04530142 -0.0256989
v -0.01576758 -0.04499455 -0.02562364
v -0.01908833 -0.04476943 -0.02481274
v -0.01676085 -0.04501637 -0.02573696
v -0.01696783 -0.04495193 -0.02339588
v -0.01990244 -0.04417458 -0.02148484
v -0.01960936 -0.04445064 -0.02400476
v -0.01939345 -0.04461653 -0.02206632
v -0.01870583 -0.04486116 -0.02316056
v -0.01494151 -0.04507717 -0.02416566
v -0.01579892 -0.04496997 -0.02195909
v -0.013141 -0.04516294 -0.02136422
v -0.01063272 -0.04533686 -0.02254012
v -0.008299277 -0.04550983 -0.02482175
v -0.009986656 -0.04533844 -0.01923619
v -0.006460826 -0.04556882 -0.0208126
v -0.005740874 -0.04563807 -0.02316526
v -0.00269357 -0.04576871 -0.0233106
v -0.02184765 -0.02684871 -0.06069278
v -0.02195532 -0.02504496 -0.05893981
v -0.02158166 -0.02963307 -0.05912334
v -0.02208333 -0.02348522 -0.06155193
v -0.02230213 -0.01945452 -0.06297939
v -0.02240089 -0.01678635 -0.06308361
v -0.02231731 -0.01967765 -0.06058727
v -0.02221183 -0.02105047 -0.05901945
v -0.02223541 -0.02130435 -0.05632512
v -0.02242095 -0.01616201 -0.05914423
v -0.02242472 -0.01698456 -0.05715379
v -0.02248153 -0.01330652 -0.06311858
v -0.02254466 -0.008249382 -0.06384128
v -0.02250851 -0.01397745 -0.06088291
v -0.02250432 -0.01435652 -0.05664963
v -0.02253192 -0.01210964 -0.05892919
v -0.02254775 -0.01015684 -0.06118659
v -0.02257317 -0.008614102 -0.05877324
v -0.02258497 -0.007410765 -0.06075393
v -0.02243221 -0.01729787 -0.05450454
v -0.02219039 -0.02206007 -0.05300197
v -0.02234749 -0.01843891 -0.05236171
v -0.02246794 -0.01575706 -0.05256914
v -0.02249291 -0.01561256 -0.05094105
v -0.02260613 -0.01066372 -0.05545231
v -0.02258119 -0.01272816 -0.0542518
v -0.02265147 -0.006240426 -0.0544639
v -0.02254722 -0.01212548 -0.05246078
v -0.02259714 -0.009114675 -0.05235066
v -0.02260852 -0.01063563 -0.05055697
v -0.022566 -0.01198162 -0.04812824
v -0.02260715 -0.008783996 -0.04855618
v -0.02260675 -0.005645426 -0.05109833
v -0.02261113 -0.004546225 -0.0473496
v -0.02264615 -0.008290833 -0.04439009
v -0.02257424 -0.002583124 -0.04433346
v -0.02259619 -0.005754001 -0.04257931
v -0.02257719 -0.01015675 -0.042515
v -0.0226112 -0.007583277 -0.04098421
v -0.02253738 -0.002915988 -0.04088838
v -0.02043709 -0.04003967 -0.05501754
v -0.02060325 -0.03894119 -0.05730203
v -0.02066361 -0.03867772 -0.05365449
v -0.02092708 -0.0362178 -0.05471844
v -0.0213172 -0.03244042 -0.05789926
v -0.02090036 -0.0364516 -0.05071983
v -0.02133973 -0.03228419 -0.05258789
v -0.02115745 -0.03404459 -0.04950102
v -0.02182661 -0.02746409 -0.05401153
v -0.02203886 -0.02439474 -0.05494701
v -0.02100715 -0.03591132 -0.04538833
v -0.02153523 -0.03062627 -0.05084315
v -0.02138376 -0.03238426 -0.04578399
v -0.02172125 -0.02845532 -0.04828594
v -0.0217767 -0.02774942 -0.05175425
v -0.02202988 -0.02435156 -0.04845293
v -0.02203981 -0.02428013 -0.0525065
v -0.0220977 -0.02379583 -0.05077337
v -0.02183887 -0.02711812 -0.04420713
v -0.02216162 -0.02207946 -0.04870345
v -0.02229139 -0.0204109 -0.05083628
v -0.0223477 -0.0184821 -0.04891894
v -0.02150211 -0.03084971 -0.04231288
v -0.0211978 -0.03396761 -0.03801887
v -0.02156329 -0.03010284 -0.03722534
v -0.02175491 -0.02793313 -0.03955497
v -0.02184693 -0.02645508 -0.03679566
v -0.02110188 -0.03476882 -0.03412649
v -0.0215074 -0.03093601 -0.03384116
v -0.02195199 -0.02532941 -0.04200283
v -0.02212589 -0.02329913 -0.04414811
v -0.02236876 -0.0189064 -0.04411981
v -0.02218618 -0.02180059 -0.04209517
v -0.02203986 -0.02407645 -0.03854413
v -0.02228198 -0.02003084 -0.03839169
v -0.0213559 -0.03245559 -0.02985368
v -0.02184275 -0.02697297 -0.03407048
v -0.02168575 -0.02866613 -0.03035481
v -0.0215048 -0.03094796 -0.02608356
v -0.02163506 -0.02896338 -0.02798957
v -0.0219448 -0.02511922 -0.03117057
v -0.02199184 -0.02430965 -0.02820132
v -0.02215551 -0.02214479 -0.03610739
v -0.02230694 -0.01855946 -0.0352525
v -0.0221709 -0.02141961 -0.03305688
v -0.02226576 -0.01925977 -0.03152649
v -0.02237076 -0.01653416 -0.03191419
v -0.02254801 -0.01397341 -0.04449937
v -0.02236688 -0.01826673 -0.04179104
v -0.02251249 -0.01444203 -0.04131055
v -0.0224219 -0.01654368 -0.03898892
v -0.02244447 -0.01501129 -0.03687593
v -0.0225819 -0.01048168 -0.04002203
v -0.0225279 -0.01340856 -0.0385206
v -0.02256758 -0.0101316 -0.03738594
v -0.0224719 -0.01385633 -0.03358122
v -0.02256484 -0.01085869 -0.03543996
v -0.02259358 -0.006092079 -0.03823356
v -0.02256821 -0.007343115 -0.0360446
v -0.02250833 -0.00308506 -0.03662616
v -0.02244674 8.926727e-05 -0.03827356
v -0.02051333 -0.04153936 -0.02091844
v -0.0205911 -0.04042463 -0.0221031
v -0.02089559 -0.03761753 -0.02300463
v -0.02086078 -0.03859993 -0.01893357
v -0.02097623 -0.0366538 -0.02088647
v -0.02105822 -0.03577064 -0.02258625
v -0.02139709 -0.03211428 -0.02365554
v -0.02097905 -0.03685837 -0.01877176
v -0.02109255 -0.03570497 -0.01984785
v -0.02110732 -0.03562887 -0.01565307
v -0.02131192 -0.03321696 -0.01972832
v -0.02164781 -0.02940501 -0.0206343
v -0.02162714 -0.02932745 -0.01622162
v -0.02150152 -0.0304805 -0.01220914
v -0.02025692 -0.04356686 -0.02116441
v -0.01852258 -0.04482691 -0.02024275
v -0.01695448 -0.04491269 -0.02044117
v -0.01944149 -0.04457335 -0.01985396
v -0.01911609 -0.04469814 -0.01882949
v -0.02009758 -0.04381885 -0.01847533
v -0.02031896 -0.04325339 -0.01843097
v -0.01977267 -0.04426383 -0.01800086
v -0.02064248 -0.04034856 -0.01772
v -0.01525852 -0.04499584 -0.0187388
v -0.01241933 -0.04518835 -0.0191367
v -0.01723611 -0.04489364 -0.0183661
v -0.01617771 -0.04486949 -0.01707628
v -0.0196313 -0.04450248 -0.01571729
v -0.01847901 -0.04474389 -0.0158608
v -0.0202018 -0.04382541 -0.01613536
v -0.01952148 -0.04455049 -0.01456576
v -0.01675103 -0.04487598 -0.01470124
v -0.02065999 -0.04032333 -0.01491146
v -0.02034627 -0.04337686 -0.01498593
v -0.01410117 -0.04506371 -0.01642349
v -0.01254428 -0.04519837 -0.01790373
v -0.01084846 -0.04528692 -0.01650061
v -0.008250548 -0.04545032 -0.01797865
v -0.006053265 -0.04557816 -0.01734545
v -0.008087365 -0.04545567 -0.01604208
v -0.01259637 -0.04513336 -0.01237199
v -0.007245924 -0.04547502 -0.01300015
v -0.02089509 -0.03828916 -0.01609201
v -0.0200237 -0.04408011 -0.01368907
v -0.02034612 -0.04356652 -0.01263308
v -0.0205682 -0.04147794 -0.01224267
v -0.02010055 -0.04406396 -0.01150795
v -0.02039613 -0.04350679 -0.009916186
v -0.01907035 -0.04465144 -0.01281094
v -0.01951494 -0.04452003 -0.01289869
v -0.01719662 -0.04484358 -0.01079935
v -0.01641542 -0.0448463 -0.0116596
v -0.0197292 -0.04439355 -0.01034173
v -0.01866872 -0.04464646 -0.009044297
v -0.02067505 -0.04010224 -0.01094562
v -0.02086861 -0.03857205 -0.01196873
v -0.02058444 -0.04161645 -0.008096695
v -0.01947084 -0.04447955 -0.006401815
v -0.01969984 -0.04442119 -0.008638889
v -0.0204009 -0.04351503 -0.008181006
v -0.01666198 -0.04479915 -0.007961482
v -0.02007658 -0.04403482 -0.007276908
v -0.01986779 -0.04420417 -0.005636483
v -0.01668427 -0.04478185 -0.005852267
v -0.0176896 -0.04474426 -0.005568415
v -0.02082204 -0.0390543 -0.007784821
v -0.02088315 -0.03820308 -0.01037817
v -0.02105277 -0.03610333 -0.007097654
v -0.01267912 -0.04509569 -0.009917319
v -0.009712786 -0.04528388 -0.008376345
v -0.01324989 -0.04503328 -0.006038904
v -0.008903698 -0.04527518 -0.00378108
v -0.01254222 -0.04502198 -0.002538815
v -0.02095477 -0.03722411 -0.01432692
v -0.02106263 -0.03587824 -0.01145511
v -0.02131747 -0.03275712 -0.007727809
v -0.01918475 -0.04451357 -0.0002550855
v -0.01987328 -0.04425264 0.0003480241
v -0.01967299 -0.04432011 -0.001427487
v -0.01940728 -0.04446746 0.001418971
v -0.01764559 -0.04470327 0.001101568
v -0.01699341 -0.04463401 0.002376623
v -0.01418968 -0.04486556 0.001719467
v -0.01380788 -0.04483991 0.004471332
v -0.01987055 -0.04423481 0.003336951
v -0.02046265 -0.04366092 0.001433834
v -0.01924242 -0.04448913 0.004191861
v -0.02050599 -0.04331794 0.003785662
v -0.02027631 -0.04378635 0.004658408
v -0.01762853 -0.04469121 0.00442113
v -0.01690926 -0.0446583 0.00512927
v -0.01993624 -0.04416591 0.006242573
v -0.02054143 -0.04322563 0.00576587
v -0.01793217 -0.04462313 0.00703872
v -0.01989216 -0.04424474 0.008097537
v -0.01937943 -0.04443527 0.0079353
v -0.02040265 -0.04363 0.007102557
v -0.02064764 -0.041643 0.00456208
v -0.02052185 -0.04328026 0.008025147
v -0.02067786 -0.04038354 0.006427884
v -0.01760584 -0.04467886 0.01045723
v -0.0196473 -0.04433334 0.01049691
v -0.0203174 -0.04376832 0.008944616
v -0.0206966 -0.04039632 0.009805501
v -0.02054931 -0.04317223 0.01039045
v -0.01680949 -0.04464086 0.009642817
v -0.01351293 -0.04482949 0.008749984
v -0.01482859 -0.04473085 0.01221592
v -0.01284968 -0.04486533 0.01199004
v -0.02046066 -0.0431163 -0.005590007
v -0.02026869 -0.04371184 -0.004863136
v -0.01928679 -0.04453671 -0.003780968
v -0.02018336 -0.04390696 -0.003270708
v -0.02044475 -0.04337876 -0.003354371
v -0.02070224 -0.04025419 -0.004249811
v -0.0208914 -0.03833543 -0.005673066
v -0.02088588 -0.03867204 -0.003089495
v -0.02016658 -0.04388178 -0.001216792
v -0.0205071 -0.04322437 -0.0003841147
v -0.02071332 -0.04001918 -0.0008383542
v -0.020598 -0.04177024 0.0009931102
v -0.02095374 -0.03678819 -0.004956476
v -0.02092611 -0.03745763 -0.00202924
v -0.02105372 -0.03564721 -0.001973584
v -0.02082418 -0.03884937 -0.0001312643
v -0.02094844 -0.03642147 0.0006759241
v -0.01733384 -0.04471895 -0.002465449
v -0.01636372 -0.04472303 -0.00113181
v -0.01078461 -0.04508592 0.0009177253
v -0.0215518 -0.02943753 -0.007915966
v -0.02141769 -0.03080424 -0.003131099
v -0.02137567 -0.0306492 -5.26756e-06
v -0.02166444 -0.02698534 -0.004385285
v -0.02067456 -0.0402527 0.002457388
v -0.02082864 -0.03886172 0.002755575
v -0.02088875 -0.03745285 0.004200406
v -0.02107149 -0.03507566 0.0003452674
v -0.02099524 -0.03569969 0.003625445
v -0.02081789 -0.03880566 0.006871223
v -0.02094517 -0.03603411 0.005551077
v -0.02110795 -0.03325034 0.005305961
v -0.02116159 -0.03291605 0.002249695
v -0.0209392 -0.03597754 0.008118965
v -0.02154606 -0.02803955 -0.001728565
v -0.02157134 -0.0266174 0.0009759665
v -0.0213488 -0.02966716 0.002424568
v -0.02127343 -0.03109085 0.003944941
v -0.02120238 -0.0313341 0.007245526
v -0.02129116 -0.02957322 0.005579345
v -0.02153166 -0.0262391 0.002134524
v -0.0214486 -0.02769516 0.003929518
v -0.02162656 -0.02369888 0.003395922
v -0.0218132 -0.02674509 -0.02375016
v -0.0218533 -0.02691082 -0.02588452
v -0.0220283 -0.02354205 -0.02396699
v -0.02213612 -0.02229966 -0.02628727
v -0.02198315 -0.02430457 -0.0195272
v -0.02215282 -0.02141942 -0.02894893
v -0.02238039 -0.01692144 -0.02973077
v -0.02237545 -0.01536629 -0.02824192
v -0.02232233 -0.01792181 -0.02598086
v -0.02235801 -0.01544373 -0.02429271
v -0.02222524 -0.01997783 -0.02383615
v -0.02210806 -0.02172164 -0.02077495
v -0.02189959 -0.02517869 -0.01554895
v -0.02178244 -0.02625674 -0.01199683
v -0.02210818 -0.02074332 -0.01635097
v -0.02196204 -0.02232101 -0.01121806
v -0.02223444 -0.01832733 -0.02103221
v -0.02222388 -0.01924958 -0.01906212
v -0.02233735 -0.01687684 -0.02256043
v -0.02230182 -0.01609963 -0.02105215
v -0.0224079 -0.01312336 -0.02265745
v -0.02221564 -0.01787568 -0.01697353
v -0.02207337 -0.0204359 -0.01441737
v -0.02229985 -0.01641724 -0.01938786
v -0.02236187 -0.01320106 -0.01910249
v -0.02227888 -0.01504872 -0.01689851
v -0.02231441 -0.01164791 -0.01642639
v -0.02250468 -0.01003739 -0.03129052
v -0.02244596 -0.01343742 -0.03011443
v -0.02253497 -0.009107359 -0.03360208
v -0.02252216 -0.009398861 -0.02988166
v -0.02245394 -0.01288688 -0.02584288
v -0.02244688 -0.01156198 -0.0283205
v -0.02246063 -0.008471364 -0.02791874
v -0.02246755 -0.009951564 -0.02586471
v -0.02253736 -0.005162342 -0.03413713
v -0.02249433 -0.005494177 -0.03171389
v -0.02243823 -0.002036363 -0.03387702
v -0.02246057 -0.005007718 -0.02864304
v -0.02236532 -0.0002690367 -0.03141811
v -0.02235854 -0.00099664 -0.02929515
v -0.02239647 -0.01162491 -0.02416316
v -0.02241849 -0.007738682 -0.0241767
v -0.02248223 -0.007382568 -0.0260857
v -0.02242517 -0.009766897 -0.02292478
v -0.0223146 -0.009401921 -0.01731599
v -0.02237698 -0.009204494 -0.01914435
v -0.02236762 -0.0123887 -0.02108167
v -0.02236838 -0.008786771 -0.02149557
v -0.02232075 -0.005155202 -0.02010075
v -0.02238431 -0.003410306 -0.02607759
v -0.02225247 0.0006604269 -0.02551547
v -0.02235885 -0.0047828 -0.02292507
v -0.02220031 -0.0005704798 -0.02068762
v -0.02206083 0.003534505 -0.02185656
v -0.02182725 -0.02400054 -0.006800056
v -0.02194291 -0.02140411 -0.008096054
v -0.02189073 -0.02146643 -0.005147554
v -0.02218229 -0.01678977 -0.01429288
v -0.02209545 -0.01852048 -0.01059213
v -0.02222023 -0.0154517 -0.01216097
v -0.02223711 -0.01372335 -0.01436923
v -0.02225157 -0.01255568 -0.01262581
v -0.02207352 -0.01624639 -0.007129565
v -0.02217039 -0.01453059 -0.01039583
v -0.02169104 -0.02433302 -0.001117997
v -0.02203086 -0.01809561 -0.006049931
v -0.02183953 -0.02088683 -0.002183557
v -0.02199734 -0.01680463 -0.003713749
v -0.0220517 -0.01309281 -0.004287995
v -0.02211242 -0.01161111 -0.006475791
v -0.02191491 -0.01615286 -0.001308575
v -0.02184445 -0.01854909 0.0005990118
v -0.02183118 -0.01591688 0.002330817
v -0.02195703 -0.01173108 -0.001399979
v -0.02203473 -0.01074663 -0.003354266
v -0.02173918 -0.02191636 0.0008322001
v -0.02228696 -0.006477397 -0.01765753
v -0.02228206 -0.006466435 -0.01627875
v -0.02225607 -0.009110374 -0.01445779
v -0.02224116 -0.007717362 -0.01237325
v -0.0221899 -0.008899739 -0.01034372
v -0.02215287 -0.003681939 -0.01456468
v -0.02212707 -0.00319556 -0.01251917
v -0.02211976 -0.005287046 -0.009966448
v -0.02220214 -0.003291959 -0.01712427
v -0.02202347 0.001193792 -0.01559366
v -0.02192242 0.005396093 -0.01821133
v -0.02191437 0.00281047 -0.0117664
v -0.02181689 0.005928946 -0.01396184
v -0.02208116 -0.00548513 -0.006606355
v -0.02201207 -0.006320737 -0.004185259
v -0.02193059 -0.00767578 -0.001819998
v -0.02183139 -0.0009218939 -0.002880163
v -0.02189283 -0.004330883 -0.001503915
v -0.02188985 0.001348717 -0.007788084
v -0.02172447 0.005006094 -0.0069234
v 0.01593499 -0.0455919 -0.08638593
v 0.01705879 -0.04538478 -0.08661474
v 0.01719088 -0.04557811 -0.08608555
v 0.01692555 -0.04486303 -0.08684494
v 0.01566977 -0.04580659 -0.08592339
v 0.01477871 -0.04620989 -0.08553009
v 0.01754985 -0.045414 -0.0856922
v 0.01792888 -0.04491014 -0.08592906
v 0.01681261 -0.04577021 -0.08479444
v 0.01786778 -0.04484195 -0.0846496
v 0.01527014 -0.04605786 -0.08474811
v 0.01592185 -0.04595433 -0.08236204
v 0.01746242 -0.04531678 -0.08250642
v 0.01655588 -0.04582985 -0.08101583
v 0.01791012 -0.0445218 -0.08301934
v 0.01795065 -0.04441745 -0.08027515
v 0.01766595 -0.04465927 -0.08655134
v 0.01745621 -0.04295359 -0.08673492
v 0.01788643 -0.04334571 -0.0863547
v 0.01807192 -0.04395445 -0.08538156
v 0.01771353 -0.04150644 -0.08656242
v 0.0176011 -0.03951677 -0.08674194
v 0.01816908 -0.04210475 -0.08567748
v 0.01826269 -0.04197587 -0.08418567
v 0.01828807 -0.04180045 -0.08500257
v 0.01790926 -0.04043858 -0.08631397
v 0.01833617 -0.04040836 -0.0851716
v 0.01822235 -0.04232436 -0.08201088
v 0.01819026 -0.03855596 -0.08593348
v 0.0185019 -0.03687081 -0.08524152
v 0.01773151 -0.03730128 -0.08674574
v 0.01832188 -0.0357866 -0.08591265
v 0.01855763 -0.03978658 -0.08180885
v 0.01887698 -0.03681882 -0.08150558
v 0.01869146 -0.03650175 -0.08400412
v 0.01866957 -0.03325991 -0.08523283
v 0.01882889 -0.03055686 -0.08491832
v 0.01372467 -0.04603435 -0.07422557
v 0.01476284 -0.04607584 -0.07847604
v 0.01735729 -0.0453125 -0.07969104
v 0.01567291 -0.04597848 -0.07635
v 0.01676526 -0.04569146 -0.07774079
v 0.01789402 -0.04455977 -0.07813508
v 0.01744181 -0.04521593 -0.07680333
v 0.01790143 -0.04435173 -0.07630145
v 0.01833512 -0.04211509 -0.07723501
v 0.01478021 -0.04606751 -0.07438603
v 0.0124254 -0.04606088 -0.07254533
v 0.0111023 -0.04607239 -0.07158862
v 0.01637216 -0.04582787 -0.07425734
v 0.01566198 -0.04593682 -0.07175943
v 0.01678766 -0.04567179 -0.07505472
v 0.01762333 -0.04493563 -0.07503607
v 0.01783806 -0.04428746 -0.07309476
v 0.01835648 -0.04184964 -0.07394847
v 0.01737834 -0.04522 -0.07241747
v 0.0183376 -0.04197523 -0.07104909
v 0.01159311 -0.04599384 -0.06744417
v 0.01144435 -0.04597084 -0.06475823
v 0.01442226 -0.04599574 -0.07030866
v 0.01269983 -0.04602224 -0.06979869
v 0.01343917 -0.0459592 -0.06817042
v 0.01646821 -0.04575353 -0.07156633
v 0.01680499 -0.04556392 -0.06999727
v 0.01596732 -0.04584094 -0.06911643
v 0.01751304 -0.0449957 -0.07013277
v 0.01679054 -0.04556867 -0.0678705
v 0.01789024 -0.04425112 -0.06873853
v 0.01832966 -0.04183223 -0.06672193
v 0.01484094 -0.0459744 -0.06679961
v 0.01595477 -0.04581218 -0.06624898
v 0.01759989 -0.04490978 -0.06682797
v 0.01337387 -0.0459132 -0.0649378
v 0.01452554 -0.04592842 -0.06327227
v 0.01585744 -0.04579138 -0.06314155
v 0.0167239 -0.04554057 -0.06453592
v 0.01870227 -0.03990173 -0.06942008
v 0.01733829 -0.0451394 -0.06602947
v 0.01784572 -0.04432004 -0.06548858
v 0.01826814 -0.04204062 -0.0640119
v 0.01838467 -0.04161993 -0.08038649
v 0.01876915 -0.03908876 -0.07789377
v 0.01922884 -0.03555425 -0.07785369
v 0.01898092 -0.03791372 -0.07467912
v 0.01947115 -0.03440895 -0.07372377
v 0.0190586 -0.03304647 -0.0824476
v 0.01923856 -0.03339848 -0.08053353
v 0.01938071 -0.03171484 -0.08008794
v 0.01924751 -0.02990235 -0.08210237
v 0.01906691 -0.02709843 -0.08409583
v 0.01955249 -0.02995196 -0.07986483
v 0.01948057 -0.02765826 -0.08114184
v 0.01953816 -0.03219489 -0.07819719
v 0.01970772 -0.0316378 -0.07572976
v 0.019575 -0.03103118 -0.07788446
v 0.01971969 -0.0272264 -0.07925421
v 0.01977786 -0.02934255 -0.07759399
v 0.01929597 -0.03612043 -0.07068732
v 0.01924574 -0.03640645 -0.06755206
v 0.01884875 -0.0387392 -0.06542481
v 0.01959914 -0.03397641 -0.0687284
v 0.01989309 -0.03079276 -0.07300629
v 0.02006109 -0.02753101 -0.07538004
v 0.02006647 -0.03001767 -0.06915931
v 0.02022564 -0.02768623 -0.07174672
v 0.02006155 -0.03021399 -0.06616494
v 0.01117671 -0.04598272 -0.06210653
v 0.01340456 -0.04588651 -0.06018768
v 0.01136444 -0.04595345 -0.05952811
v 0.009989467 -0.04603222 -0.05882133
v 0.01278306 -0.04592616 -0.05750411
v 0.01479469 -0.04590521 -0.05945289
v 0.01434617 -0.04589805 -0.05655371
v 0.01019464 -0.04605257 -0.05615687
v 0.011203 -0.04592942 -0.05788837
v 0.01578667 -0.04575224 -0.05787153
v 0.01590618 -0.04569198 -0.05514242
v 0.01646615 -0.04554822 -0.056196
v 0.01680263 -0.04550198 -0.06280321
v 0.01637828 -0.04562642 -0.06049632
v 0.0174795 -0.04490948 -0.06334668
v 0.01781103 -0.04432855 -0.06295888
v 0.01743214 -0.04493513 -0.06104686
v 0.01684412 -0.04540549 -0.05836106
v 0.01785137 -0.044135 -0.05978267
v 0.01825061 -0.04207874 -0.06116386
v 0.0187269 -0.03944137 -0.0617853
v 0.01753177 -0.04478903 -0.05820027
v 0.01822083 -0.0422377 -0.05903386
v 0.01720471 -0.04501171 -0.05541724
v 0.01778355 -0.04424299 -0.05643518
v 0.01823275 -0.0418991 -0.05611961
v 0.01852811 -0.04053222 -0.05872781
v 0.01918152 -0.03678373 -0.05972119
v 0.01926275 -0.03599112 -0.05581287
v 0.007523308 -0.04615141 -0.05256817
v 0.01152018 -0.04596578 -0.05543599
v 0.01320699 -0.04586649 -0.05344858
v 0.01053337 -0.04602409 -0.05331745
v 0.0115641 -0.04595412 -0.05215036
v 0.00525491 -0.04618005 -0.0492318
v 0.008044262 -0.04612014 -0.04984201
v 0.01043342 -0.04602083 -0.05038019
v 0.01124352 -0.04592434 -0.04883809
v 0.01653053 -0.04549851 -0.0542646
v 0.01452216 -0.04584412 -0.05269888
v 0.01593712 -0.04564404 -0.05202113
v 0.01731649 -0.04488747 -0.05166368
v 0.01661344 -0.04542175 -0.05151806
v 0.01349224 -0.04585303 -0.05021622
v 0.01436615 -0.04585656 -0.04882826
v 0.01591184 -0.04564831 -0.04950774
v 0.01520781 -0.04572747 -0.04605821
v 0.01682521 -0.0452866 -0.04958196
v 0.01773203 -0.04413139 -0.0501686
v 0.01746596 -0.04465578 -0.04906123
v 0.01657962 -0.04541896 -0.04799169
v 0.01719221 -0.04495877 -0.04732035
v 0.01770217 -0.04406288 -0.0461545
v 0.01772119 -0.04429479 -0.05379085
v 0.01820873 -0.04190911 -0.0518112
v 0.01853284 -0.04024122 -0.05495318
v 0.01866048 -0.03950315 -0.05195947
v 0.01844951 -0.04055769 -0.04872013
v 0.01944397 -0.03494346 -0.05144954
v 0.01892204 -0.03799955 -0.04795026
v 0.01969463 -0.03329825 -0.06452435
v 0.01936657 -0.03558508 -0.06288539
v 0.01971563 -0.03323491 -0.05951943
v 0.01997418 -0.03129055 -0.061304
v 0.02023033 -0.02904762 -0.06303995
v 0.02057087 -0.02558939 -0.0658412
v 0.02058033 -0.02465563 -0.06921576
v 0.02077382 -0.02399288 -0.0632581
v 0.02034267 -0.02836299 -0.06001215
v 0.01995901 -0.03130475 -0.05547599
v 0.02021745 -0.02946286 -0.05744053
v 0.02033509 -0.02883241 -0.05518285
v 0.02004085 -0.03079504 -0.05283686
v 0.02032583 -0.02916288 -0.05308901
v 0.02037738 -0.02861169 -0.05167726
v 0.02084163 -0.02399999 -0.05974729
v 0.02112425 -0.02027503 -0.06246528
v 0.02052586 -0.02678898 -0.05716439
v 0.02081805 -0.02449124 -0.05609737
v 0.02114575 -0.02098914 -0.0585576
v 0.02051805 -0.02730782 -0.0541166
v 0.02053229 -0.02663117 -0.05508099
v 0.02046195 -0.02740565 -0.05294478
v 0.02073612 -0.02591493 -0.05361501
v 0.02082785 -0.02423457 -0.05365103
v 0.02052938 -0.02627629 -0.05209805
v 0.02113762 -0.0216396 -0.05429716
v 0.004809348 -0.04614645 -0.0410172
v 0.008200902 -0.04603145 -0.03742193
v 0.007523013 -0.04607984 -0.04076424
v 0.001232374 -0.04610194 -0.03586237
v 0.005475823 -0.04609545 -0.03604348
v 0.004667828 -0.04608715 -0.03367932
v 0.008774012 -0.04597502 -0.03465533
v 0.009454754 -0.04593378 -0.03129016
v 0.01047004 -0.04588644 -0.03269433
v 0.01110504 -0.04581586 -0.03421038
v 0.01134187 -0.04579487 -0.03166172
v 0.0004660184 -0.04597554 -0.02787216
v 0.001653906 -0.04601092 -0.03025454
v 0.000747653 -0.04606897 -0.03275561
v 0.004888342 -0.04602736 -0.03101069
v 0.003764211 -0.04598014 -0.0271665
v -0.001442557 -0.04590372 -0.02794936
v 0.003740021 -0.04589996 -0.02333461
v 0.007371937 -0.0459199 -0.02757555
v 0.0101966 -0.04584292 -0.02758545
v 0.01114303 -0.0457701 -0.02900609
v 0.01288988 -0.04572222 -0.03078847
v 0.01344354 -0.04570259 -0.02784041
v 0.00854509 -0.04583957 -0.02457711
v 0.01118435 -0.04572511 -0.02599222
v 0.01314468 -0.0456562 -0.02376927
v 0.01036957 -0.04577482 -0.02443084
v 0.01118936 -0.04567589 -0.02304417
v -0.0002679182 -0.04585437 -0.02506331
v 0.001649778 -0.04586846 -0.02220821
v -0.004226592 -0.04565067 -0.02002117
v -0.00107317 -0.04574244 -0.01991867
v -0.002789628 -0.04570513 -0.01675072
v 0.002509992 -0.04580837 -0.01873897
v -0.0001932927 -0.04578732 -0.01836815
v 0.00221008 -0.04580854 -0.01609105
v 0.006514868 -0.04582221 -0.020405
v 0.009732558 -0.0457399 -0.0209186
v 0.01129889 -0.04563157 -0.02067107
v 0.01151991 -0.04563457 -0.0188275
v 0.004794843 -0.04580894 -0.01758333
v 0.008681749 -0.04575107 -0.01855031
v 0.007578502 -0.04578088 -0.01581815
v 0.01049343 -0.04570223 -0.01626139
v 0.01447661 -0.04570668 -0.02906151
v 0.01541221 -0.04557964 -0.02641276
v 0.01446391 -0.04569259 -0.02520557
v 0.01455495 -0.04564329 -0.02217039
v 0.01546591 -0.04553992 -0.02403481
v 0.01646321 -0.04521045 -0.02456243
v 0.01653689 -0.04514651 -0.02150352
v 0.01611538 -0.04534499 -0.02101249
v 0.01402229 -0.045621 -0.0191521
v 0.01553148 -0.04547885 -0.01757754
v 0.01633013 -0.04522341 -0.01752663
v 0.01707358 -0.04465702 -0.02026197
v 0.01385418 -0.04561515 -0.01612947
v 0.01329918 -0.04561147 -0.01409417
v 0.01706145 -0.04458554 -0.01713502
v 0.01746897 -0.0438759 -0.01788343
v 0.01507917 -0.04552174 -0.01433542
v 0.01622652 -0.04525366 -0.0145305
v 0.01704788 -0.04464899 -0.01470659
v 0.01742282 -0.04398745 -0.01525117
v 0.007616489 -0.04611482 -0.04762598
v 0.01025664 -0.04600614 -0.04643557
v 0.007692375 -0.04611975 -0.04458173
v 0.0104768 -0.04598386 -0.04405243
v 0.01146939 -0.04590845 -0.04502833
v 0.0133408 -0.04583605 -0.04673073
v 0.01318161 -0.0458175 -0.04423458
v 0.01430207 -0.04582668 -0.04500743
v 0.0169227 -0.04509199 -0.04543408
v 0.01634335 -0.04546273 -0.04463492
v 0.01764549 -0.04417845 -0.04421334
v 0.01557444 -0.04565512 -0.04306228
v 0.01731658 -0.04465017 -0.04290827
v 0.0181715 -0.04179184 -0.04606238
v 0.01112401 -0.04587767 -0.04185629
v 0.01302727 -0.04583476 -0.04175391
v 0.01435679 -0.04579791 -0.04069639
v 0.01037916 -0.04594534 -0.04056761
v 0.01554993 -0.04561605 -0.03910566
v 0.0132648 -0.04577059 -0.03796916
v 0.01627078 -0.04543301 -0.04000731
v 0.01661966 -0.04531804 -0.04291608
v 0.0169058 -0.04506751 -0.04117066
v 0.01764097 -0.04411942 -0.041483
v 0.01806999 -0.04211275 -0.04162486
v 0.01723079 -0.04474009 -0.03879155
v 0.01662097 -0.04527097 -0.03778955
v 0.01966591 -0.03338264 -0.04796883
v 0.01946022 -0.034742 -0.04566281
v 0.01869716 -0.03892475 -0.04202969
v 0.01915178 -0.03657044 -0.04381051
v 0.01950354 -0.03437154 -0.04155461
v 0.0113539 -0.0458466 -0.03909718
v 0.01062022 -0.04591507 -0.03610282
v 0.01138185 -0.04584997 -0.03628442
v 0.01463764 -0.04573267 -0.0356123
v 0.01585441 -0.04553185 -0.03581632
v 0.01314261 -0.04575823 -0.03403843
v 0.01436708 -0.04573457 -0.03318956
v 0.01562884 -0.0455658 -0.03311122
v 0.01843855 -0.04001289 -0.03831973
v 0.01924965 -0.03551066 -0.03692967
v 0.01717284 -0.04468617 -0.03531194
v 0.01643232 -0.04530845 -0.03417918
v 0.01764934 -0.0439565 -0.03769857
v 0.01810021 -0.04181926 -0.03833436
v 0.01805767 -0.04185354 -0.03709845
v 0.01764601 -0.04380241 -0.0351986
v 0.01712308 -0.04474429 -0.03238793
v 0.0176048 -0.04401196 -0.03335982
v 0.01638994 -0.04529768 -0.03169308
v 0.01550095 -0.04556896 -0.0295867
v 0.01754937 -0.04401727 -0.03064528
v 0.01806378 -0.04176232 -0.0335777
v 0.0186822 -0.03858434 -0.03535618
v 0.01829063 -0.04046768 -0.03144022
v 0.01969021 -0.03296977 -0.03742464
v 0.01932239 -0.03496624 -0.02959001
v 0.01955615 -0.03366489 -0.03323131
v 0.02017113 -0.03013898 -0.05052335
v 0.02025325 -0.02947897 -0.04768484
v 0.02033089 -0.02863625 -0.04949853
v 0.02004071 -0.03106034 -0.04458997
v 0.02042148 -0.0283385 -0.04525848
v 0.02061227 -0.02652871 -0.04625338
v 0.02073113 -0.02611662 -0.04475806
v 0.02042268 -0.02764505 -0.05123439
v 0.02083227 -0.02460459 -0.05216537
v 0.02109127 -0.02288035 -0.05256495
v 0.02059248 -0.02529845 -0.0516577
v 0.02069555 -0.02577687 -0.05115495
v 0.02096552 -0.02378596 -0.05047899
v 0.02087106 -0.02354794 -0.05127023
v 0.02066299 -0.02609906 -0.04991777
v 0.02063073 -0.02657238 -0.04798346
v 0.02111318 -0.02157819 -0.05311807
v 0.02111766 -0.02188536 -0.05161188
v 0.02104582 -0.02187381 -0.05095692
v 0.0213412 -0.02038628 -0.05226729
v 0.02126086 -0.02062558 -0.05061654
v 0.02137512 -0.01969733 -0.05130207
v 0.02095936 -0.02341047 -0.04814215
v 0.02074791 -0.02529994 -0.04765954
v 0.0209425 -0.02426462 -0.04587036
v 0.02090384 -0.02405805 -0.04506482
v 0.02101471 -0.02312382 -0.04974863
v 0.02116124 -0.02218373 -0.0488982
v 0.02128953 -0.02101098 -0.04860052
v 0.02143168 -0.01926058 -0.04880978
v 0.02120692 -0.02123384 -0.04756895
v 0.02134508 -0.01981074 -0.04764072
v 0.02106018 -0.02264547 -0.04642509
v 0.02013001 -0.03040176 -0.04101327
v 0.02073855 -0.02600895 -0.04242595
v 0.0206809 -0.02631661 -0.03933866
v 0.02042073 -0.02816904 -0.03663569
v 0.02082343 -0.02509737 -0.03497256
v 0.02107905 -0.02310483 -0.04339873
v 0.02118072 -0.02205376 -0.04465114
v 0.02112596 -0.02276926 -0.04089697
v 0.02134283 -0.02027804 -0.0455583
v 0.0213007 -0.02056787 -0.04391727
v 0.02134087 -0.02061599 -0.04249016
v 0.02146523 -0.01916245 -0.04433632
v 0.02114136 -0.02230327 -0.03813586
v 0.02156227 -0.01831034 -0.04012284
v 0.02157586 -0.01801094 -0.04277343
v 0.02133334 -0.02064052 -0.03559084
v 0.02024371 -0.02935502 -0.03399499
v 0.01660126 -0.04520114 -0.02957621
v 0.01718473 -0.04458956 -0.02886254
v 0.01615413 -0.04537607 -0.02780528
v 0.01694367 -0.04478347 -0.02686471
v 0.0175219 -0.04389566 -0.02686798
v 0.01806219 -0.04150319 -0.02788594
v 0.01886762 -0.03743185 -0.02629219
v 0.01723219 -0.04446393 -0.02397307
v 0.01757165 -0.04369666 -0.02441148
v 0.01749197 -0.04394184 -0.02174617
v 0.01799309 -0.04167429 -0.02327516
v 0.01848587 -0.03909988 -0.021144
v 0.01978644 -0.03224189 -0.03124797
v 0.01991834 -0.03139644 -0.02668953
v 0.01792317 -0.04174678 -0.0193039
v 0.01790477 -0.04175548 -0.01673676
v 0.01830635 -0.03973208 -0.01665141
v 0.01910897 -0.03562831 -0.01841536
v 0.01920375 -0.03540273 -0.02316667
v 0.01972649 -0.0321599 -0.02206954
v 0.02025965 -0.02869995 -0.02371164
v 0.01982283 -0.03122318 -0.01849672
v 0.01949053 -0.03274596 -0.01423156
v 0.02032378 -0.02799946 -0.01992158
v 0.02177906 -0.01555223 -0.03655282
v 0.02141517 -0.01946745 -0.03172735
v 0.02175779 -0.01536313 -0.03122419
v 0.02055893 -0.02693842 -0.02957767
v 0.02066042 -0.02617554 -0.02693209
v 0.02104308 -0.02307278 -0.03089248
v 0.02120775 -0.02118494 -0.02564896
v 0.02076004 -0.0247138 -0.02266653
v 0.02070909 -0.02473636 -0.01809516
v 0.02106828 -0.0214652 -0.01870425
v 0.02167188 -0.01593713 -0.02699148
v 0.0214334 -0.0183478 -0.0235555
v 0.021656 -0.01483148 -0.02090885
v -0.002444414 -0.04566003 -0.0109005
v 0.001421749 -0.04578167 -0.01296895
v 0.002205317 -0.04574821 -0.00917308
v 0.005581823 -0.04579476 -0.0115814
v 0.008455005 -0.04576562 -0.01223673
v 0.005703373 -0.04570076 -0.004822575
v -0.006089247 -0.04547655 -0.00798659
v -0.002673011 -0.0455391 -0.004981987
v -0.005134234 -0.04542252 -0.001886964
v -0.0005468843 -0.04557201 -0.001683913
v 0.0007813156 -0.04562681 -0.003860116
v 0.002992908 -0.04563287 -0.001363188
v 0.01040591 -0.04570238 -0.008238442
v 0.01133554 -0.04566579 -0.01136482
v 0.01422306 -0.04560055 -0.01167715
v 0.01611648 -0.0453709 -0.01177802
v 0.01687124 -0.04477906 -0.01135857
v 0.0174116 -0.04380769 -0.01215336
v 0.01788814 -0.04159535 -0.01368596
v 0.01547271 -0.04551944 -0.009134606
v 0.01357827 -0.04561836 -0.009229757
v 0.0136431 -0.04566491 -0.007607356
v 0.0146358 -0.0456759 -0.005349994
v 0.01613567 -0.04530229 -0.009200484
v 0.01583998 -0.04541074 -0.007546283
v 0.01678446 -0.04473468 -0.007964127
v 0.01731475 -0.04391479 -0.009627379
v 0.01789446 -0.04096816 -0.009471275
v 0.01617716 -0.04520351 -0.006048113
v 0.01719318 -0.04389102 -0.005059198
v 0.0167025 -0.04466168 -0.004859768
v 0.01765784 -0.04188468 -0.005124211
v 0.00740207 -0.04565019 -0.002061471
v 0.006399544 -0.04559342 0.001859687
v 0.009707017 -0.04557712 0.0007610992
v 0.01163931 -0.04567095 -0.004955284
v 0.01337377 -0.04558106 -0.002190113
v 0.01363871 -0.04550391 0.0002610311
v 0.01563066 -0.04548468 -0.004934117
v 0.01544934 -0.0454895 -0.002536498
v 0.01614149 -0.04531575 -0.002639763
v 0.01685243 -0.04460581 -0.002736129
v 0.01667449 -0.04481618 -0.0002712831
v 0.01596614 -0.04526339 -0.0001377687
v 0.01730123 -0.04389698 -0.0007202402
v 0.01496421 -0.04541721 0.001450188
v 0.01601183 -0.04520185 0.002363764
v 0.01706817 -0.04437083 0.002191544
v 0.01776994 -0.04147275 -0.001334235
v 0.01813442 -0.03943887 -0.002714425
v 0.01773947 -0.04182645 0.001216412
v -0.009529784 -0.04509123 0.006020941
v -0.008220232 -0.04511442 0.01014157
v -0.009742996 -0.0449958 0.01326252
v -0.007424324 -0.04505911 0.01465762
v -0.005074522 -0.04523138 0.01174102
v -0.007900976 -0.04522768 0.0004887059
v -0.003464741 -0.04542592 0.0003833398
v -0.01064691 -0.04502218 0.003272019
v -0.007443622 -0.04520282 0.00398843
v -0.003084923 -0.04538939 0.004400164
v -0.004700748 -0.04530276 0.007071778
v 0.0004754695 -0.04552941 0.002368011
v 0.004552179 -0.04554931 0.004213661
v 0.0015703 -0.04552203 0.005043313
v -0.0004029553 -0.04541638 0.008447766
v 0.003568701 -0.04549824 0.007664852
v -1.106597e-05 -0.0453793 0.0118508
v 0.003420512 -0.04544603 0.01157878
v -0.002532221 -0.04525086 0.0138673
v 0.0005859914 -0.04531271 0.01473574
v 0.002803865 -0.04539426 0.0139918
v -0.0009188741 -0.04525577 0.01704308
v 0.01202189 -0.0454489 0.005856223
v 0.01057453 -0.0455135 0.003037393
v 0.01450557 -0.04542661 0.004516676
v 0.007813496 -0.04552488 0.006017528
v 0.006284324 -0.0454763 0.01016174
v 0.01037212 -0.04546615 0.008704245
v 0.01366598 -0.04541986 0.007362187
v 0.01550937 -0.04529209 0.007641442
v 0.01331656 -0.04537707 0.01030234
v 0.01503937 -0.04532798 0.00983955
v 0.01623025 -0.04502961 0.01034269
v 0.01628971 -0.04503523 0.006716363
v 0.01578865 -0.04525861 0.004252084
v 0.01657385 -0.0448596 0.003541134
v 0.01735134 -0.04383006 0.002997905
v 0.01700633 -0.04437227 0.005481668
v 0.01738339 -0.04353882 0.005519845
v 0.01779852 -0.0414967 0.003485583
v 0.0177079 -0.04184499 0.007060967
v 0.01811342 -0.03969964 0.0001999065
v 0.01837143 -0.03825171 0.002680816
v 0.01734676 -0.04374227 0.007582642
v 0.01686701 -0.04449838 0.008986562
v 0.01735096 -0.04371354 0.01047152
v 0.01700296 -0.04441319 0.01094385
v 0.01771817 -0.04180336 0.01054213
v 0.01843329 -0.03768242 0.006717026
v 0.01815423 -0.03925246 0.01027054
v 0.01082941 -0.04541794 0.01250235
v 0.00778166 -0.04540663 0.01462294
v 0.006150792 -0.04534802 0.01716775
v 0.01373882 -0.04536268 0.01233026
v 0.01324136 -0.04532991 0.01465298
v 0.01541236 -0.0452444 0.013846
v 0.01630925 -0.04496301 0.01253188
v 0.01698048 -0.04431957 0.01427246
v 0.01624595 -0.04495325 0.01534286
v 0.01102162 -0.04532402 0.01661012
v 0.01526762 -0.04523436 0.0165287
v 0.0168738 -0.04446083 0.01611906
v 0.01384607 -0.04527976 0.01919454
v 0.01037439 -0.04527325 0.01944641
v 0.01515098 -0.04522283 0.01953664
v 0.0158906 -0.045063 0.01753546
v 0.01733466 -0.04368294 0.01358129
v 0.01770519 -0.04167073 0.01433703
v 0.01883849 -0.03503734 0.008560576
v 0.01734241 -0.04356456 0.01651283
v 0.01824742 -0.03824777 0.01646964
v 0.0186093 -0.03613126 0.01319006
v 0.01874875 -0.03474344 0.0176037
v 0.01625987 -0.04496653 0.02041043
v 0.01663239 -0.04469598 0.01894508
v 0.01726316 -0.04384235 0.01856549
v 0.01766988 -0.04174012 0.01867836
v 0.01871141 -0.03716522 -0.01295834
v 0.01875806 -0.03638497 -0.008131377
v 0.01838127 -0.03819676 -0.005403049
v 0.02018527 -0.02810932 -0.01427627
v 0.01974366 -0.03066597 -0.009358674
v 0.02027841 -0.02677795 -0.00997559
v 0.01878062 -0.03592254 -0.003929645
v 0.01953821 -0.03148748 -0.005888432
v 0.01883758 -0.03563237 0.0001143515
v 0.01927976 -0.03295166 -0.001611263
v 0.02017277 -0.02723654 -0.007636383
v 0.02042389 -0.02598106 -0.01001987
v 0.020422 -0.02580921 -0.008176208
v 0.020001 -0.02818031 -0.004329413
v 0.0204759 -0.02446684 -0.005521104
v 0.0210398 -0.02166386 -0.01672374
v 0.02075061 -0.02355084 -0.01455938
v 0.02049268 -0.02561685 -0.0115611
v 0.02073706 -0.02351458 -0.0128926
v 0.02098073 -0.02171244 -0.0140995
v 0.02130648 -0.01873453 -0.01779984
v 0.02107291 -0.02057333 -0.01525179
v 0.02126075 -0.01862502 -0.01379887
v 0.02191708 -0.01151913 -0.02358952
v 0.02160907 -0.01502786 -0.01726864
v 0.02135315 -0.01736936 -0.01558458
v 0.0215495 -0.01573369 -0.01576461
v 0.02152202 -0.01548508 -0.01426665
v 0.02183934 -0.01142926 -0.01806871
v 0.02166836 -0.0133737 -0.01503734
v 0.02173656 -0.01236786 -0.01675629
v 0.02181492 -0.0111195 -0.01567079
v 0.02062289 -0.02451134 -0.009291857
v 0.02071106 -0.02283761 -0.01040246
v 0.02090187 -0.02188471 -0.01153465
v 0.02060949 -0.02393355 -0.008250885
v 0.02103032 -0.0201377 -0.01000537
v 0.0211258 -0.01979692 -0.01215011
v 0.02131919 -0.01712734 -0.01231333
v 0.02088029 -0.02176896 -0.007762589
v 0.02125131 -0.01795181 -0.01006157
v 0.02119596 -0.0184117 -0.007744096
v 0.02121623 -0.01741166 -0.00817164
v 0.02103247 -0.01919743 -0.005115479
v 0.02076197 -0.02170143 -0.00384856
v 0.02129912 -0.01692297 -0.01043577
v 0.02152151 -0.01407123 -0.01195331
v 0.02145591 -0.01559525 -0.01089924
v 0.02171759 -0.01136114 -0.01319896
v 0.02167997 -0.01231327 -0.01221006
v 0.02165733 -0.01119906 -0.01122127
v 0.02185108 -0.00967613 -0.01394577
v 0.02139274 -0.0162696 -0.009109639
v 0.02145871 -0.01438924 -0.009401232
v 0.02129862 -0.01618788 -0.006447084
v 0.02141683 -0.0135372 -0.00556425
v 0.02152812 -0.01345273 -0.008230984
v 0.0216012 -0.01286864 -0.010549
v 0.02163861 -0.01125693 -0.009088844
v 0.02176198 -0.008983456 -0.01080696
v 0.02178437 -0.009911127 -0.01151298
v 0.02163098 -0.01133775 -0.007635333
v 0.01882624 -0.03534376 0.004825078
v 0.01932039 -0.03232939 0.0024051
v 0.01976414 -0.02948703 -7.668138e-05
v 0.01934838 -0.03173156 0.005428039
v 0.01981338 -0.02833074 0.004410125
v 0.02026862 -0.02555496 -0.001186498
v 0.02031961 -0.02458621 0.001418546
v 0.02020658 -0.02456785 0.00547307
v 0.01944752 -0.03035367 0.01035833
v 0.01988517 -0.02698298 0.008295469
v 0.0192983 -0.03095677 0.01407563
v 0.02057075 -0.02092705 0.004914925
v 0.02028889 -0.02239231 0.01008944
v 0.01984617 -0.02647517 0.01170318
v 0.01960648 -0.02816438 0.01429273
v 0.01979008 -0.02627916 0.01472263
v 0.02128028 -0.01544922 -0.003567442
v 0.02084035 -0.01959234 0.001043536
v 0.0209599 -0.01926364 -0.001865558
v 0.02110573 -0.0166532 -0.0001265183
v 0.02099811 -0.01654146 0.003205217
v 0.02151619 -0.01200265 -0.006300181
v 0.02141046 -0.01234788 -0.002286971
v 0.02150195 -0.01152243 -0.004169345
v 0.02172869 -0.008993227 -0.007561892
v 0.02159246 -0.009902388 -0.005080327
v 0.02167049 -0.007775055 -0.00523822
v 0.02145284 -0.009216554 0.001063012
v 0.02124179 -0.01312597 0.001746729
v 0.02159073 -0.009633986 -0.00364314
v 0.02087425 -0.01679033 0.006129146
v 0.02074902 -0.01690133 0.009640656
v 0.02100508 -0.01367727 0.007783927
v 0.02122068 -0.01038786 0.005846038
v 0.02141868 -0.00643353 0.004587792
v 0.02123045 -0.006926499 0.009159938
v 0.01586352 -0.02584201 -0.08739781
v 0.01814437 -0.02652257 -0.08670907
v -0.01964227 -0.01451904 -0.08634523
v -0.01919671 -0.01305327 -0.08648621
v -0.02057021 -0.01369765 -0.08525992
v -0.02011748 -0.01271928 -0.08592257
v -0.01959149 -0.01119465 -0.08629894
v -0.02052421 -0.01076565 -0.08517776
v -0.0202593 -0.01083668 -0.08567572
v -0.02097766 -0.01136076 -0.08362931
v -0.01890114 -0.0111369 -0.08651919
v -0.0191134 -0.008767294 -0.08646094
v -0.01737264 -0.0110758 -0.08663198
v -0.01720452 -0.008782765 -0.08665144
v -0.02005757 -0.009202057 -0.08584495
v -0.02034057 -0.008389493 -0.08542117
v -0.02014357 -0.006217297 -0.08565676
v -0.01948178 -0.006817482 -0.08626481
v -0.01747306 -0.01322168 -0.08666664
v -0.01671754 -0.01288571 -0.08706389
v -0.01207349 -0.01519457 -0.0874563
v -0.01527285 -0.01297735 -0.08730318
v -0.01656708 -0.01051188 -0.08707805
v -0.01558709 -0.008458793 -0.08721734
v -0.01276196 -0.01059669 -0.08737601
v -0.0077404 -0.01576841 -0.08761734
v -0.009576127 -0.01144929 -0.08748914
v -0.01638538 -0.007217087 -0.08704549
v -0.01727493 -0.006828949 -0.08657753
v -0.01872425 -0.006195992 -0.08648861
v -0.0196008 -0.004452763 -0.08611473
v -0.01870527 -0.003272722 -0.08646762
v -0.01942851 -0.002670219 -0.08619367
v -0.01710089 -0.004660774 -0.08660724
v -0.01701899 -0.002635898 -0.08659398
v -0.01621257 -0.002812637 -0.08697227
v -0.01857699 -0.001479408 -0.0864549
v -0.016942 -0.0001255609 -0.08652142
v -0.01464661 -0.006840942 -0.08726589
v -0.008999483 -0.008538317 -0.08749234
v -0.01512539 -0.004728008 -0.0872067
v -0.01134275 -0.004783278 -0.08736255
v -0.01172488 -0.0002262816 -0.08729007
v -0.01527647 -0.0006722417 -0.08708131
v -0.008259874 -0.003516885 -0.08745632
v -0.01614838 0.001088098 -0.08683052
v -0.01421367 0.001495657 -0.08710539
v -0.009535234 0.001583105 -0.08735871
v -0.004819789 -0.001628993 -0.08754105
v -0.01272628 0.004544019 -0.08715059
v -0.008217924 0.005807116 -0.08731614
v -0.0005197981 0.005681996 -0.08763952
v -0.004492647 0.0035014 -0.08750801
v -0.003157205 0.008009102 -0.08740663
v -0.00782766 0.008242209 -0.08720491
v -0.0216771 -0.01051456 -0.07918252
v -0.02154735 -0.009512819 -0.08059439
v -0.02090784 -0.00821274 -0.08363519
v -0.02053988 -0.005681204 -0.0848532
v -0.02109236 -0.006197693 -0.08245918
v -0.02187343 -0.009299228 -0.07794581
v -0.0216297 -0.006634459 -0.07921648
v -0.02148294 -0.004700074 -0.08067311
v -0.02186609 -0.005243478 -0.07786985
v -0.02157115 -0.003967302 -0.07925605
v -0.02075097 -0.003969718 -0.08398904
v -0.02024931 -0.003954032 -0.08544096
v -0.02064678 -0.001194708 -0.08430143
v -0.02101141 -0.001688203 -0.08237793
v -0.02024259 0.0007427689 -0.08525051
v -0.01949094 0.0002894718 -0.08608454
v -0.02004638 -0.001632877 -0.08566348
v -0.02067245 0.003376932 -0.08412994
v -0.01854943 0.001753509 -0.08638357
v -0.02141425 -0.001116375 -0.08064026
v -0.02153674 -0.0005591866 -0.07919549
v -0.02102084 0.002178259 -0.08217492
v -0.02138278 0.003654617 -0.08067018
v -0.02231091 -0.00749955 -0.07222315
v -0.02216499 -0.006662924 -0.07508788
v -0.02226858 -0.002933934 -0.07220114
v -0.02208182 -0.002301356 -0.07501493
v -0.02242656 -0.005949998 -0.06852185
v -0.02234027 -0.003923561 -0.07005168
v -0.02180545 -0.001566069 -0.07781093
v -0.02203931 0.0006208215 -0.07530196
v -0.02150252 0.00314177 -0.07922952
v -0.02175038 0.002223694 -0.07791096
v -0.02214539 0.002519935 -0.07244758
v -0.0222853 0.0005567111 -0.06986071
v -0.02195938 0.0063191 -0.07507157
v -0.02069383 0.01632818 -0.08382496
v -0.01991053 0.0182002 -0.08520783
v -0.02049147 0.01488233 -0.08442543
v -0.02069159 0.01867777 -0.08340999
v -0.02125977 0.01720116 -0.08102953
v -0.0212025 0.02029203 -0.08080433
v -0.02133413 0.01770861 -0.07933267
v -0.01992661 0.002700217 -0.08561105
v -0.01927587 0.002131091 -0.08612341
v -0.02015779 0.004359815 -0.08535202
v -0.01936582 0.004953471 -0.08601149
v -0.01847983 0.005330754 -0.08629677
v -0.01695155 0.002304 -0.0864576
v -0.0157 0.003190354 -0.08690419
v -0.01672639 0.004933256 -0.08643514
v -0.0199418 0.006782319 -0.08548408
v -0.01936143 0.007763993 -0.08592393
v -0.01838826 0.00939155 -0.08624367
v -0.01577032 0.006978635 -0.08674979
v -0.01471782 0.006103783 -0.08695726
v -0.01492778 0.008690292 -0.08688426
v -0.01671019 0.007154153 -0.08638296
v -0.0203784 0.005758699 -0.08488941
v -0.02100095 0.006392167 -0.08232921
v -0.02069158 0.00700135 -0.08404872
v -0.02036612 0.009054908 -0.08486605
v -0.02005133 0.009886929 -0.08530408
v -0.02068653 0.01061203 -0.08408451
v -0.02099894 0.009218785 -0.08248257
v -0.01269603 0.007322909 -0.08707717
v -0.01660009 0.01008403 -0.08632902
v -0.01824524 0.01202674 -0.08619235
v -0.01575767 0.01081143 -0.08667289
v -0.01493147 0.01236887 -0.08680411
v -0.01296431 0.01051394 -0.08700809
v -0.01291087 0.01373917 -0.08694272
v -0.01988033 0.01224363 -0.08539614
v -0.01936138 0.01133518 -0.08579578
v -0.01655105 0.01299634 -0.08628114
v -0.02046164 0.0124589 -0.08459696
v -0.02096283 0.01242797 -0.08243175
v -0.02073427 0.0133804 -0.08392446
v -0.01977574 0.01476684 -0.08539046
v -0.01936375 0.01478076 -0.08571663
v -0.01824529 0.01571443 -0.08612024
v -0.01641143 0.0169955 -0.0862162
v -0.01560797 0.01451464 -0.08660579
v -0.01963965 0.01671668 -0.08554178
v -0.01804667 0.01759016 -0.08607421
v -0.01454953 0.0162846 -0.08675916
v -0.00979271 0.01242169 -0.08703744
v -0.01060496 0.01598807 -0.08693358
v -0.003817953 0.012946 -0.0872924
v 0.0003167475 0.01189472 -0.08751571
v -0.0213781 0.007882373 -0.08070876
v -0.02144215 0.006704072 -0.07938868
v -0.02172196 0.007189646 -0.07782505
v -0.02131595 0.01033499 -0.08091236
v -0.02142476 0.008584362 -0.07972565
v -0.02140034 0.01217408 -0.07928798
v -0.02164186 0.01048638 -0.07801315
v -0.02189123 0.008693934 -0.07518096
v -0.02206559 0.007011973 -0.07231739
v -0.02177196 0.01294813 -0.07525527
v -0.02132495 0.01363527 -0.08080719
v -0.02140864 0.01489263 -0.07921876
v -0.0216253 0.01413588 -0.07778785
v -0.02149839 0.0175591 -0.07809155
v -0.02162866 0.01621578 -0.07547678
v -0.02143941 0.01871757 -0.07692608
v -0.02123734 0.02133527 -0.0784639
v -0.005970713 -0.01925474 -0.08767322
v -0.001813475 -0.01819141 -0.08780744
v -0.004273136 -0.01582525 -0.08772039
v -0.0008641472 -0.01564571 -0.08781846
v -0.0007437323 -0.01199632 -0.08780483
v 0.002459198 -0.02032492 -0.08785848
v 0.005179045 -0.02216483 -0.08778789
v 0.003853503 -0.02052154 -0.08781676
v 0.0003756904 -0.02200735 -0.08777938
v -0.0006699455 -0.02023282 -0.08774768
v 0.0003977651 -0.01785533 -0.0878292
v 0.001174252 -0.01631743 -0.0878398
v 0.003270956 -0.01785228 -0.08790543
v 0.0008594722 -0.01380333 -0.08783987
v 0.006238488 -0.01888859 -0.08784354
v 0.003845841 -0.0160474 -0.08790888
v 0.006565808 -0.01701349 -0.08792599
v 0.005450902 -0.0155847 -0.08788683
v 0.001823126 -0.01200499 -0.08780064
v 0.004367576 -0.0136268 -0.08793735
v 0.005891577 -0.01438488 -0.08792781
v 0.008219571 -0.01521273 -0.08795437
v 0.00489323 -0.01047318 -0.08795477
v 0.006647715 -0.01292916 -0.08794341
v 0.0006226476 -0.009395575 -0.08780564
v 0.008259011 -0.01174596 -0.08796353
v 0.007936195 -0.009779068 -0.08795193
v 0.007033664 -0.008460738 -0.08796799
v 0.009082088 -0.009138115 -0.08801974
v -0.006230313 -0.01238808 -0.08763149
v -0.004187447 -0.007985333 -0.08765025
v -0.001235349 -0.004834458 -0.08770066
v 0.002197018 -0.006449858 -0.08779564
v 0.004476949 -0.008403635 -0.08789507
v 0.007942067 -0.02366519 -0.08772893
v 0.005822436 -0.0206806 -0.08787344
v 0.007712875 -0.02134736 -0.08783063
v 0.008593954 -0.02267652 -0.08785997
v 0.009763533 -0.02520674 -0.08768114
v 0.01099493 -0.0243715 -0.08779526
v 0.01109555 -0.01991582 -0.08794527
v 0.01370302 -0.02277702 -0.08774836
v 0.009283902 -0.01987268 -0.08794699
v 0.008477135 -0.0171907 -0.08791681
v 0.01035905 -0.01685733 -0.08800138
v 0.01327775 -0.01927603 -0.08784741
v 0.01362311 -0.02577602 -0.08764182
v 0.0188188 -0.02584935 -0.0855107
v 0.01731991 -0.02407962 -0.08715159
v 0.01798378 -0.02313506 -0.08691517
v 0.01848952 -0.02360939 -0.08631108
v 0.01881533 -0.02295389 -0.08554022
v 0.01914159 -0.02419947 -0.08397489
v 0.01515428 -0.02074679 -0.08760178
v 0.01831461 -0.0211414 -0.08671257
v 0.01760975 -0.02046856 -0.08714008
v 0.01944259 -0.02038863 -0.08266728
v 0.01855931 -0.019277 -0.08646308
v 0.01896439 -0.01980395 -0.08521759
v 0.01947136 -0.0180742 -0.08277584
v 0.01228393 -0.01638339 -0.08798717
v 0.01466093 -0.01617684 -0.08776453
v 0.01434082 -0.01310605 -0.08784278
v 0.00957351 -0.01464626 -0.08795888
v 0.01149667 -0.0133973 -0.08805716
v 0.01079828 -0.01015642 -0.08799796
v 0.01237835 -0.0114035 -0.08804549
v 0.01264364 -0.008138949 -0.08800605
v 0.01581503 -0.01744248 -0.0875445
v 0.01779313 -0.018053 -0.08708597
v 0.01751989 -0.01555527 -0.08722268
v 0.01837861 -0.01698421 -0.08673476
v 0.01876076 -0.01709703 -0.08609638
v 0.01910172 -0.01532316 -0.08522255
v 0.01876953 -0.01552395 -0.08630856
v 0.01598673 -0.01197185 -0.08759633
v 0.01835183 -0.01517892 -0.08689275
v 0.01793989 -0.01304849 -0.08715689
v 0.01856829 -0.01351325 -0.086709
v 0.01993118 -0.02008876 -0.07992975
v 0.02013371 -0.01857761 -0.07879224
v 0.01996247 -0.0168359 -0.08041773
v 0.01992768 -0.0144281 -0.08086555
v 0.01771599 -0.01071472 -0.08724564
v 0.01853273 -0.01149088 -0.08688387
v 0.0188228 -0.01249565 -0.08636592
v 0.0192382 -0.01018177 -0.08528996
v 0.02035707 -0.01496527 -0.07797195
v 0.02038322 -0.01339457 -0.07834985
v 0.02022837 -0.01167733 -0.07956085
v 0.02000201 -0.009635136 -0.08118693
v 0.006422549 -0.006293416 -0.08798786
v 0.009181377 -0.007656319 -0.08798163
v -0.00135123 0.0007573441 -0.08763957
v 0.001989814 -0.001879878 -0.08775404
v 0.007016602 -0.001622433 -0.08795281
v 0.003164122 0.002344225 -0.08776762
v 0.008264644 -0.003169859 -0.08799653
v 0.008287853 -0.005601222 -0.08795377
v 0.002868702 0.005800369 -0.0877404
v 0.001826436 0.007433188 -0.08762295
v 0.00405604 0.0114129 -0.08766167
v 0.006638627 0.004982032 -0.08791025
v 0.009837164 0.0006172638 -0.0880244
v 0.0102748 0.005091744 -0.08799866
v 0.0091554 0.007808649 -0.08785343
v 0.01245112 0.007610291 -0.08786476
v 0.005579688 0.007512383 -0.08774965
v 0.007824006 0.01157212 -0.08777318
v 0.01056508 -0.006736614 -0.08797617
v 0.01455851 -0.009601636 -0.08783671
v 0.01657216 -0.00856521 -0.08754563
v 0.01521538 -0.005356202 -0.08778838
v 0.009970494 -0.003783192 -0.08798099
v 0.01038997 -0.005042749 -0.08802796
v 0.01289053 -0.004569726 -0.08794639
v 0.01176377 -0.002365975 -0.08802337
v 0.01425726 -0.001797499 -0.08788572
v 0.01850498 -0.009740775 -0.08691119
v 0.01880621 -0.009749126 -0.08653133
v 0.01826493 -0.008462258 -0.08711335
v 0.01737157 -0.00664253 -0.08738566
v 0.01876516 -0.007243864 -0.086811
v 0.01926652 -0.006911242 -0.08574267
v 0.01990148 -0.00770751 -0.08215085
v 0.01834426 -0.005890366 -0.08710039
v 0.0190271 -0.005731748 -0.08651303
v 0.01646296 -0.001348205 -0.08759615
v 0.01820655 -0.003448548 -0.08721119
v 0.01874745 -0.00428311 -0.08688651
v 0.01913113 -0.002713889 -0.08646414
v 0.01937569 -0.003661431 -0.085679
v 0.01582798 0.001377743 -0.08770856
v 0.01830859 -0.001400296 -0.08721644
v 0.01879632 -0.001736833 -0.08695278
v 0.02064043 -0.009966435 -0.07735516
v 0.02029802 -0.008624436 -0.0800108
v 0.02041874 -0.00698013 -0.07920758
v 0.01995488 -0.004426071 -0.08245123
v 0.02008235 -0.001372678 -0.08232079
v 0.02034048 -0.005646178 -0.08007722
v 0.02067752 -0.008583933 -0.07758593
v 0.02082997 -0.006038025 -0.076464
v 0.02036517 -0.003402257 -0.08047341
v 0.02081414 -0.00482103 -0.07726871
v 0.02059585 -0.001146656 -0.07946167
v 0.01208584 0.001927434 -0.08800721
v 0.01454876 0.002548619 -0.08787008
v 0.01255292 0.005085097 -0.08798058
v 0.01492343 0.006184016 -0.08779923
v 0.01855591 0.001289234 -0.08720124
v 0.01855464 0.003802625 -0.08722204
v 0.01670596 0.004034502 -0.08757812
v 0.01686375 0.007397379 -0.08758119
v 0.01838042 0.006306796 -0.08729904
v 0.01956378 -8.815154e-05 -0.0854642
v 0.01914036 6.962195e-05 -0.08671217
v 0.01884909 0.002264952 -0.08705695
v 0.01938465 0.001958762 -0.08632037
v 0.01932749 0.004221509 -0.08667558
v 0.01981906 0.004771655 -0.085448
v 0.0205164 0.0009011514 -0.08053438
v 0.02087144 0.001549585 -0.0783517
v 0.0208064 0.004700311 -0.07984587
v 0.02054594 0.007164295 -0.08205259
v 0.02084495 0.003392586 -0.0790477
v 0.02114062 -0.005283346 -0.07470018
v 0.02119459 -0.0002551507 -0.07575333
v 0.02159779 -0.0005289391 -0.07178896
v 0.02136965 0.002883542 -0.07537565
v 0.0212341 0.007539771 -0.07801844
v 0.02179627 0.00503529 -0.07187794
v 0.02170441 0.008034826 -0.0744091
v 0.02210944 0.00567753 -0.06755155
v 0.0219973 0.01009885 -0.07177811
v -0.02014033 0.02133204 -0.08473231
v -0.01975433 0.02006119 -0.08535358
v -0.01944732 0.01853532 -0.08560909
v -0.01907032 0.01997835 -0.08574291
v -0.01984336 0.02177032 -0.08522407
v -0.02066329 0.02203746 -0.08228197
v -0.02001968 0.02316112 -0.08481508
v -0.01933719 0.0223974 -0.08556931
v -0.01855212 0.02236441 -0.08582658
v -0.01964164 0.0238411 -0.08529257
v -0.0192022 0.02458289 -0.08556551
v -0.01775085 0.0266182 -0.08588418
v -0.01765798 0.02262076 -0.08599708
v -0.02009252 0.02407299 -0.08430259
v -0.02031619 0.02482627 -0.08206922
v -0.01977714 0.02589502 -0.08507351
v -0.02000757 0.02577136 -0.08297738
v -0.01997425 0.02630189 -0.08436491
v -0.02111118 0.02213749 -0.08039265
v -0.0208989 0.02460925 -0.08044312
v -0.02104882 0.02295499 -0.07923017
v -0.02003825 0.02735027 -0.08161619
v -0.0205302 0.02760964 -0.08038442
v -0.01906561 0.02730266 -0.08547222
v -0.01967018 0.0294897 -0.0847667
v -0.01961931 0.02751991 -0.08509523
v -0.01935193 0.02957122 -0.08515113
v -0.01868708 0.02904333 -0.08556055
v -0.01765273 0.03090435 -0.08574735
v -0.01878571 0.0320149 -0.08536504
v -0.01775965 0.03349535 -0.08561479
v -0.01587261 0.03179351 -0.08580475
v -0.01962969 0.02854702 -0.08259968
v -0.019784 0.03003499 -0.08400975
v -0.0193493 0.03057545 -0.082311
v -0.02011184 0.02941658 -0.08045855
v -0.01945153 0.03077472 -0.08120015
v -0.01956134 0.03156191 -0.08441876
v -0.01955474 0.0321327 -0.08346859
v -0.01935217 0.0339053 -0.08374775
v -0.01874849 0.03366439 -0.08524834
v -0.0190713 0.03421359 -0.08448622
v -0.01872914 0.0350144 -0.08509955
v -0.01896215 0.03264705 -0.08169541
v -0.01932337 0.03416234 -0.08303213
v -0.01528708 0.0181961 -0.08660176
v -0.01623263 0.02050323 -0.08617574
v -0.01539455 0.02246386 -0.08642504
v -0.01287597 0.01875496 -0.0868286
v -0.01608058 0.02430139 -0.08609991
v -0.01441377 0.02246006 -0.0865977
v -0.01493305 0.02552161 -0.08641605
v -0.01271446 0.02202589 -0.08672051
v -0.01003922 0.01987724 -0.08684712
v -0.01044103 0.02259346 -0.08672744
v -0.01183759 0.0255448 -0.08659977
v -0.0058316 0.01684185 -0.08710866
v -0.005000792 0.02098852 -0.08700707
v 9.721797e-05 0.0199997 -0.08733785
v -0.009673413 0.02742585 -0.08654287
v -0.007549757 0.02450049 -0.08676122
v -0.0009438694 0.02485604 -0.08713324
v -0.004222419 0.02887607 -0.08679812
v -0.001367346 0.02769716 -0.08702478
v -0.01596262 0.02827605 -0.08600241
v -0.01492741 0.02929271 -0.0862694
v -0.01316191 0.02868186 -0.08647001
v -0.01474859 0.03172705 -0.08619697
v -0.0122105 0.03346077 -0.08625215
v -0.01011333 0.03167717 -0.08634891
v -0.01832517 0.03579708 -0.08528488
v -0.01873773 0.03623588 -0.08481079
v -0.01576645 0.03552359 -0.08565687
v -0.0183884 0.03759075 -0.08484334
v -0.01716939 0.03810186 -0.08541705
v -0.01888987 0.03556783 -0.08395568
v -0.0190685 0.0356368 -0.08301142
v -0.01837961 0.0378544 -0.08342154
v -0.01845181 0.03807744 -0.08453288
v -0.0154946 0.03954543 -0.08540513
v -0.01479072 0.03673577 -0.08582011
v -0.01411481 0.03996462 -0.08569295
v -0.01754051 0.03891835 -0.08519936
v -0.0171623 0.04097778 -0.08514291
v -0.01797141 0.04025765 -0.08387954
v -0.01753319 0.04074702 -0.08479096
v -0.0167975 0.04030494 -0.08532716
v -0.01539828 0.0424726 -0.08528671
v -0.01710598 0.04216252 -0.08481065
v -0.01627767 0.04284514 -0.08508238
v -0.01687345 0.0428599 -0.08435645
v -0.01720471 0.0419612 -0.08374631
v -0.01652751 0.04333157 -0.08472253
v -0.01378628 0.04356859 -0.08528257
v -0.01310291 0.04210003 -0.08560549
v -0.01601029 0.04396833 -0.08444767
v -0.01499311 0.04406035 -0.08478588
v -0.01287767 0.04430392 -0.08497424
v -0.01477555 0.04528735 -0.08464189
v -0.01203031 0.04513874 -0.08478906
v -0.00710536 0.03263505 -0.08647173
v -0.002752195 0.03221032 -0.08673326
v -0.001087319 0.0296474 -0.08694588
v 0.001609297 0.0290835 -0.0871169
v 0.001091233 0.03304704 -0.0869237
v 0.002160855 0.03096551 -0.08704786
v -0.003435078 0.03455739 -0.08657406
v -0.01448605 0.03384907 -0.08611002
v -0.0135209 0.03674882 -0.08599151
v -0.007698179 0.03527105 -0.08631417
v -0.009965612 0.03647887 -0.08610037
v -0.01146628 0.0404963 -0.0858611
v -0.008495986 0.03899403 -0.08603338
v -0.005130969 0.03875919 -0.08625351
v -0.00142231 0.03862589 -0.08648954
v 0.0009896795 0.03514796 -0.08678044
v -0.005285783 0.0420854 -0.08619117
v -0.00934434 0.04182188 -0.0859175
v -0.01146339 0.04297248 -0.0856242
v -0.009749794 0.04358701 -0.08557256
v -0.01172312 0.0436391 -0.08541258
v -0.007725681 0.04328661 -0.08587246
v -0.0103224 0.04410503 -0.08519039
v -0.009772701 0.04488017 -0.08491948
v -0.0111585 0.04552901 -0.0845184
v -0.00904617 0.04563482 -0.08428156
v -0.01046922 0.04604166 -0.08369514
v -0.008368426 0.04414059 -0.08521689
v -0.007007836 0.04395109 -0.08534007
v -0.005632916 0.0433241 -0.08596573
v -0.004337777 0.0439444 -0.08533138
v -0.006840048 0.04502358 -0.08485347
v -0.004274861 0.04507339 -0.08479269
v -0.005727886 0.04561884 -0.08419307
v -0.00859724 0.04594989 -0.08355281
v -0.00612629 0.04604238 -0.0831032
v -0.003531915 0.04558367 -0.08398128
v -0.002660489 0.040959 -0.08639151
v 0.003981722 0.03794487 -0.08679216
v -0.002159027 0.04264177 -0.08635446
v -0.003236456 0.04341633 -0.08602791
v -0.001886704 0.04327781 -0.08616029
v -0.001600808 0.04375836 -0.08543856
v -0.0001598657 0.04261763 -0.08648207
v -0.0002316949 0.04337718 -0.08616102
v 0.001268071 0.04061793 -0.08663781
v 0.004421791 0.04079127 -0.08677022
v 0.002854475 0.04258268 -0.08662648
v 0.0008671395 0.04328053 -0.08633249
v 0.0003762348 0.04368091 -0.08555586
v 0.002680171 0.04322214 -0.08641201
v 0.00241856 0.04365392 -0.08565095
v -0.002424921 0.04473609 -0.08495887
v -3.257254e-05 0.04452357 -0.08505648
v -0.001075187 0.0452169 -0.08443762
v -0.001648818 0.04569936 -0.08330426
v -0.003244886 0.04583023 -0.08314951
v 0.0003975458 0.01530744 -0.08747271
v 0.006145537 0.01527103 -0.08767861
v 0.005581039 0.0194729 -0.08757287
v 0.009263083 0.01778601 -0.08767398
v 0.01173651 0.01165208 -0.08780726
v 0.009738825 0.01384605 -0.08775147
v 0.01221096 0.0143022 -0.0877161
v 0.01648441 0.01278544 -0.08761888
v 0.01013901 0.02051037 -0.08761294
v 0.0120247 0.01911606 -0.08763315
v 0.01340501 0.01694541 -0.0876226
v 0.01284592 0.02133777 -0.08756547
v 0.01692325 0.02067822 -0.08747633
v 0.01478503 0.02366521 -0.08746108
v 0.01630289 0.009028732 -0.08766634
v 0.01896793 0.005660858 -0.08710644
v 0.01898459 0.008162477 -0.08713296
v 0.01948601 0.007715135 -0.08664757
v 0.01854749 0.01054107 -0.08732712
v 0.01929533 0.009722545 -0.08700337
v 0.01983604 0.01147835 -0.08646873
v 0.01895919 0.01245855 -0.08724099
v 0.01955545 0.01167131 -0.08689278
v 0.02012492 0.01006777 -0.08551989
v 0.02076327 0.01095236 -0.08211916
v 0.02099163 0.008542742 -0.080104
v 0.02042526 0.01423838 -0.08520985
v 0.01669012 0.01740495 -0.08751395
v 0.01869592 0.01578755 -0.08727697
v 0.01944562 0.01502622 -0.08708689
v 0.01986117 0.01414905 -0.08660719
v 0.01965762 0.01710173 -0.08699961
v 0.02031086 0.01751003 -0.08617899
v 0.01901917 0.0188527 -0.08724119
v 0.01960559 0.0224212 -0.08717214
v 0.01977104 0.02017748 -0.0870396
v 0.02041578 0.01986387 -0.08636086
v 0.02073841 0.01832468 -0.08507705
v 0.02093171 0.02173321 -0.08522806
v 0.0210944 0.0156348 -0.08175082
v 0.01718552 0.02383078 -0.08744172
v 0.01931946 0.02555692 -0.08720297
v 0.01997486 0.02447152 -0.08699939
v 0.02052861 0.02271703 -0.08633768
v 0.002225347 0.02369994 -0.08732542
v 0.001611709 0.02695516 -0.08721197
v 0.005470643 0.0240571 -0.08744641
v 0.007613942 0.02196196 -0.08754537
v 0.009845162 0.02450604 -0.0875252
v 0.01328452 0.02406281 -0.08750547
v 0.02114665 0.009637414 -0.0793106
v 0.021171 0.01136666 -0.07963506
v 0.02112969 0.01259455 -0.08068496
v 0.02161225 0.01165834 -0.07670387
v 0.02134436 0.01263082 -0.07910401
v 0.02130716 0.01529541 -0.07998585
v 0.02162477 0.01552798 -0.07832072
v 0.02193627 0.01259091 -0.07399642
v 0.02182543 0.01496965 -0.07600784
v 0.02119245 0.01995964 -0.08271935
v 0.02143145 0.01780977 -0.0804322
v 0.02156729 0.01704269 -0.07890836
v 0.02159287 0.02102835 -0.08028352
v 0.02166704 0.01963617 -0.07905302
v 0.02170906 0.01616324 -0.07744971
v 0.02185218 0.01863097 -0.07700554
v 0.02202425 0.02257534 -0.07533117
v 0.02189487 0.02232503 -0.0774972
v 0.02219147 0.01282509 -0.0698486
v 0.02221879 0.009051975 -0.06744581
v 0.02210854 0.01575816 -0.07243066
v 0.02238234 0.0128372 -0.06542327
v 0.02232248 0.01566116 -0.06762581
v 0.02238548 0.01014385 -0.06346585
v 0.02224102 0.01873311 -0.07053396
v 0.022055 0.01871944 -0.07431906
v 0.0221474 0.02249345 -0.07201
v 0.02222423 0.02219124 -0.06779456
v 0.003648255 0.02780065 -0.08724547
v 0.007062754 0.02705467 -0.08739956
v 0.007326068 0.02886877 -0.08732323
v 0.01057661 0.02763782 -0.08744177
v 0.01037829 0.02972526 -0.08735236
v 0.004725454 0.02938129 -0.08722797
v 0.004043851 0.0325585 -0.08707682
v 0.004266628 0.03456385 -0.08695848
v 0.007751502 0.03266208 -0.08718374
v 0.01456417 0.02722695 -0.08741651
v 0.01543466 0.02524669 -0.08745196
v 0.01417447 0.02935897 -0.08738022
v 0.01757122 0.02773662 -0.08740699
v 0.01770365 0.03106192 -0.0873725
v 0.01288181 0.03203881 -0.08730942
v 0.007583564 0.03807352 -0.08691327
v 0.01049103 0.03445604 -0.08715325
v 0.01040997 0.03809626 -0.08700573
v 0.008498859 0.04016376 -0.08691395
v 0.00568616 0.04263658 -0.08673088
v 0.011931 0.04023552 -0.08701071
v 0.0150956 0.03379552 -0.08727227
v 0.01785929 0.03451433 -0.08732371
v 0.01787712 0.03916859 -0.08717203
v 0.01479662 0.0381246 -0.0871185
v 0.0195409 0.03649864 -0.08715537
v 0.02001215 0.0397685 -0.08703187
v 0.02100354 0.02487908 -0.08555722
v 0.02119752 0.0231434 -0.08390845
v 0.02150135 0.02666849 -0.08251528
v 0.02154139 0.02383113 -0.08154294
v 0.02005547 0.02737354 -0.0869967
v 0.01931335 0.02927426 -0.08721147
v 0.02069267 0.02920726 -0.08645571
v 0.02053473 0.02662302 -0.08651811
v 0.02018504 0.02996682 -0.08697128
v 0.02101822 0.02804036 -0.0858843
v 0.02131101 0.02884917 -0.08506799
v 0.0210954 0.0310248 -0.08604591
v 0.02140796 0.03080533 -0.08495677
v 0.02168703 0.02539321 -0.08000481
v 0.02173435 0.02356548 -0.07954454
v 0.021644 0.02768186 -0.08078855
v 0.02158475 0.03005894 -0.08164004
v 0.02178092 0.02667652 -0.07889353
v 0.02176294 0.0290183 -0.0787511
v 0.02186855 0.02453052 -0.07790398
v 0.02034103 0.03296926 -0.08692931
v 0.0194608 0.03265582 -0.08718902
v 0.02092168 0.03333116 -0.08637276
v 0.02130653 0.0330421 -0.08570793
v 0.02149455 0.03340045 -0.08507595
v 0.02052939 0.03526516 -0.0869114
v 0.02122707 0.03601772 -0.08618145
v 0.02142912 0.03537894 -0.0856414
v 0.02051119 0.03717235 -0.08693473
v 0.0215001 0.03296009 -0.08252226
v 0.02143569 0.03486003 -0.08313944
v 0.02138477 0.03772455 -0.08562513
v 0.02151301 0.03607839 -0.08479185
v 0.02088802 0.03871804 -0.08657337
v 0.02127475 0.0372611 -0.08250633
v 0.02133101 0.03901194 -0.08411851
v 0.02194985 0.02674381 -0.0757698
v 0.02171202 0.03065217 -0.07843641
v 0.02182777 0.02981482 -0.07473612
v 0.02202605 0.02630314 -0.07275824
v 0.0220116 0.0272424 -0.07005617
v 0.02157083 0.03349762 -0.07553682
v 0.02167758 0.03216489 -0.06975511
v 0.02154139 0.03348719 -0.07962944
v 0.02129491 0.03672203 -0.07917249
v 0.02112225 0.03819162 -0.07713696
v 0.02095524 0.04013234 -0.07887198
v 0.02092085 0.04002558 -0.0756297
v 0.02128037 0.03626285 -0.07266683
v 0.02083541 0.04012614 -0.07270712
v 0.003995807 0.04320996 -0.08639206
v 0.00324139 0.04426237 -0.08522569
v 0.00160588 0.04492629 -0.08454278
v 0.0006888763 0.04538006 -0.08383317
v 0.001128412 0.04553155 -0.08316451
v 0.003230819 0.04529518 -0.08337948
v -0.002015078 0.04575857 -0.08214352
v 0.001248371 0.0455718 -0.08168935
v 0.004666185 0.04534213 -0.0823255
v 0.009510323 0.04229554 -0.08686955
v 0.009346319 0.04294898 -0.0866423
v 0.01179664 0.04273158 -0.08680197
v 0.01328573 0.04213676 -0.08697499
v 0.01576905 0.04198898 -0.08705616
v 0.01388606 0.04290126 -0.08668989
v 0.0111097 0.04299571 -0.08656212
v 0.01417819 0.04316435 -0.08602625
v 0.01222898 0.04319774 -0.08598632
v 0.01450793 0.0424664 -0.08692295
v 0.01552279 0.04277109 -0.08676697
v 0.01586428 0.04307674 -0.08611067
v 0.01505899 0.04380947 -0.08526945
v 0.01826467 0.04200584 -0.08707933
v 0.02033427 0.04164708 -0.086943
v 0.01716627 0.04278921 -0.08686606
v 0.01942062 0.04268698 -0.08681094
v 0.01816651 0.04311618 -0.08607601
v 0.01649243 0.04386878 -0.08494274
v 0.01872452 0.04342732 -0.08523093
v 0.005905566 0.04315235 -0.08645186
v 0.005038172 0.04350349 -0.08584388
v 0.007465364 0.0430598 -0.08657303
v 0.00742774 0.0434218 -0.08592529
v 0.006835125 0.04406677 -0.08532923
v 0.00453271 0.04471623 -0.08454759
v 0.007232459 0.04448898 -0.08467285
v 0.009707691 0.04334339 -0.08593389
v 0.01013309 0.04401623 -0.0852013
v 0.009627791 0.04462672 -0.08410922
v 0.01293155 0.04401416 -0.08500585
v 0.00581932 0.04503798 -0.08363628
v 0.007164796 0.04510674 -0.08277616
v 0.00388816 0.04534108 -0.07920298
v 0.006477033 0.04513256 -0.07793844
v 0.01189726 0.04456583 -0.08327578
v 0.009966137 0.04479691 -0.08009485
v 0.01326138 0.04431411 -0.08428214
v 0.01583005 0.04406579 -0.08409092
v 0.01626343 0.04390767 -0.08199376
v 0.01741979 0.04368611 -0.07937253
v 0.01821182 0.04355293 -0.08268177
v 0.01889643 0.04338999 -0.07929344
v 0.01762723 0.04379031 -0.08452393
v 0.01964907 0.04318285 -0.08436605
v 0.02055747 0.04281517 -0.08600622
v 0.0195512 0.04309173 -0.08297962
v 0.01388718 0.04424644 -0.07939208
v 0.01059948 0.04465013 -0.07735404
v 0.01242102 0.04437425 -0.07657414
v 0.01474118 0.04410999 -0.07792351
v 0.01770953 0.04369628 -0.07609732
v 0.02058195 0.03932457 -0.08685797
v 0.02118313 0.03938644 -0.08593643
v 0.0210368 0.04074884 -0.08647529
v 0.02125165 0.03953123 -0.08526313
v 0.02084212 0.04136684 -0.08668856
v 0.02106918 0.04219367 -0.08606298
v 0.02114475 0.04049405 -0.08329916
v 0.0208286 0.04193373 -0.08474512
v 0.02052636 0.04248535 -0.08663532
v 0.02051408 0.04263732 -0.0851607
v 0.02058351 0.04230949 -0.08419124
v 0.02102652 0.04011046 -0.08165833
v 0.02071735 0.04198919 -0.08332597
v 0.02032717 0.04256182 -0.08291856
v 0.02083316 0.04151054 -0.0820982
v 0.02053396 0.04243393 -0.08155887
v 0.02063633 0.04223871 -0.07993601
v 0.01973556 0.04307894 -0.08051249
v 0.01970669 0.04315878 -0.07790322
v 0.02042413 0.04235044 -0.07717709
v 0.02072522 0.04140823 -0.07705025
v 0.02052893 0.04205453 -0.0751319
v 0.0195554 0.04338275 -0.07567178
v 0.02008766 0.04287487 -0.07600145
v -0.02238262 -0.003753034 -0.0681036
v -0.02247755 -0.005062478 -0.06623222
v -0.02241841 -0.001252962 -0.06652934
v -0.02251951 -0.007876454 -0.06642461
v -0.02252423 -0.003455145 -0.06242773
v -0.02244803 0.0007779468 -0.06356539
v -0.02234848 0.002273723 -0.06706436
v -0.02213568 0.004640514 -0.07088508
v -0.02220814 0.004891853 -0.06906235
v -0.02231535 0.00400785 -0.0653118
v -0.02233459 0.00516477 -0.06382949
v -0.02221126 0.006971168 -0.06668527
v -0.02214321 0.008941465 -0.06445462
v -0.02254692 -0.00421536 -0.05924238
v -0.02249441 -0.0004215632 -0.05900608
v -0.02250581 -0.0003670156 -0.06090741
v -0.02253503 0.0001553446 -0.0541288
v -0.02242637 0.003611686 -0.05686411
v -0.02239057 0.003682018 -0.06142557
v -0.02231069 0.006123099 -0.06143475
v -0.02232345 0.00523195 -0.05972876
v -0.02222745 0.008081786 -0.06025838
v -0.02226776 0.007847775 -0.05711002
v -0.02247289 0.003086202 -0.05401418
v -0.02210702 0.008181233 -0.06895905
v -0.02184741 0.01289841 -0.07023699
v -0.02185209 0.0127971 -0.07260416
v -0.02169959 0.01530572 -0.07316358
v -0.02207931 0.01001726 -0.06663109
v -0.02148738 0.0185588 -0.07518269
v -0.02138858 0.01978774 -0.07277023
v -0.02103882 0.02357724 -0.07581817
v -0.02142883 0.01895376 -0.06985807
v -0.02163388 0.01638142 -0.06836479
v -0.02184535 0.01388006 -0.06630535
v -0.02111815 0.02195209 -0.07088507
v -0.02197363 0.01199798 -0.06429157
v -0.02209437 0.009949343 -0.06266369
v -0.02176856 0.01527496 -0.06425396
v -0.0220077 0.01171133 -0.05901055
v -0.02196294 0.01252963 -0.06126759
v -0.02162386 0.01694041 -0.06115796
v -0.02162149 0.01661351 -0.05957282
v -0.02161126 0.01700035 -0.06684241
v -0.0213475 0.01962997 -0.06521928
v -0.02136149 0.01962836 -0.0674482
v -0.02102238 0.02261621 -0.06667715
v -0.02124532 0.02063085 -0.0625707
v -0.02255118 -0.002161724 -0.0525658
v -0.02254418 -0.001673482 -0.0499563
v -0.02249125 0.001462994 -0.05151668
v -0.02251769 7.334165e-05 -0.04772012
v -0.02245887 0.001573797 -0.04985983
v -0.02238809 0.004294388 -0.04776503
v -0.0223407 0.004996034 -0.04983302
v -0.02249005 0.001172422 -0.04426466
v -0.0222869 0.006901 -0.05522617
v -0.0223814 0.004911504 -0.05187261
v -0.02212023 0.009697992 -0.05569461
v -0.02219649 0.008561838 -0.05155199
v -0.02214533 0.009803391 -0.0541699
v -0.02227014 0.006774885 -0.0473219
v -0.02211905 0.009244277 -0.04922545
v -0.02194337 0.01224407 -0.0526253
v -0.02184189 0.01346209 -0.04999088
v -0.02243672 0.001665512 -0.04249625
v -0.02230958 0.006068231 -0.04478793
v -0.02226844 0.005219969 -0.03969932
v -0.02203026 0.01086446 -0.04490716
v -0.02201325 0.01037937 -0.04305769
v -0.02198137 0.01045439 -0.0403995
v -0.0218414 0.01277288 -0.04152947
v -0.02200701 0.01217184 -0.05712252
v -0.02175151 0.01476103 -0.05443378
v -0.02168355 0.01627821 -0.05744419
v -0.02143881 0.01828551 -0.05512723
v -0.02153487 0.0173238 -0.05151281
v -0.02184931 0.013849 -0.05135421
v -0.02119347 0.02066479 -0.05931016
v -0.0213199 0.0197404 -0.05724936
v -0.02093308 0.02295524 -0.05744663
v -0.02071814 0.02440665 -0.05974717
v -0.0207434 0.02454857 -0.06273297
v -0.02043472 0.02653071 -0.05781578
v -0.02100701 0.02203652 -0.05551764
v -0.02124736 0.02000982 -0.05196328
v -0.02082997 0.02357298 -0.05330138
v -0.02060058 0.02508404 -0.05565894
v -0.02157396 0.01647531 -0.04546185
v -0.02134149 0.01880003 -0.04948071
v -0.02170362 0.01449995 -0.04307659
v -0.02122235 0.01986007 -0.04523223
v -0.02014752 0.02826961 -0.05404061
v -0.02080368 0.02350401 -0.04985271
v -0.02034883 0.02700593 -0.05157784
v -0.02011746 0.02825495 -0.04993723
v -0.02092584 0.02256065 -0.04779021
v -0.02085738 0.02314828 -0.04469869
v -0.02044162 0.02623252 -0.0470784
v -0.02106836 0.02356719 -0.07824174
v -0.02063615 0.02670512 -0.07657406
v -0.02066924 0.02682689 -0.07818189
v -0.02022834 0.02950135 -0.07953628
v -0.0199513 0.03116098 -0.08030625
v -0.0196431 0.03277084 -0.08038328
v -0.01985715 0.03153301 -0.07837414
v -0.02014652 0.02979126 -0.07749137
v -0.01981158 0.03089076 -0.07362216
v -0.01889815 0.03341767 -0.08111475
v -0.01872549 0.03404129 -0.0814406
v -0.01909482 0.03521902 -0.08044644
v -0.01844779 0.0362232 -0.0810965
v -0.01931421 0.03404418 -0.07889788
v -0.01969085 0.0319208 -0.07690365
v -0.01878509 0.0365546 -0.0801496
v -0.01877232 0.03584559 -0.07728823
v -0.0186636 0.03604641 -0.07371905
v -0.02103782 0.02297424 -0.07274237
v -0.02080941 0.02469799 -0.07084148
v -0.02068226 0.02580348 -0.07382436
v -0.02026204 0.02848949 -0.07355194
v -0.02049183 0.02662588 -0.06805538
v -0.01985512 0.03039904 -0.06994154
v -0.01933088 0.03294719 -0.07082654
v -0.0202619 0.02774343 -0.06373915
v -0.01967382 0.03115012 -0.06551766
v -0.01826169 0.03742063 -0.07076737
v -0.01830766 0.0372127 -0.07402457
v -0.01861936 0.03624758 -0.06866673
v -0.01864639 0.03626483 -0.06473123
v -0.01824933 0.03761438 -0.06741409
v -0.0186864 0.03713734 -0.0826266
v -0.01808234 0.03909472 -0.0821985
v -0.01808364 0.03830171 -0.08106543
v -0.0183081 0.03735629 -0.07751451
v -0.0180758 0.03918717 -0.08007263
v -0.0178812 0.03983056 -0.08285858
v -0.01731643 0.0413544 -0.08230371
v -0.01688186 0.04210772 -0.08207007
v -0.0175151 0.04044771 -0.08085966
v -0.01744974 0.0410715 -0.07984301
v -0.01681124 0.0422763 -0.08080028
v -0.01645326 0.04279871 -0.08112132
v -0.01784352 0.03921966 -0.07827017
v -0.01782055 0.03929786 -0.07575474
v -0.01712667 0.04151102 -0.07827839
v -0.01656291 0.04266747 -0.07962275
v -0.01669178 0.04244919 -0.07756991
v -0.01713583 0.04175201 -0.07463278
v -0.01630579 0.04303899 -0.07596414
v -0.01581219 0.04343731 -0.07806596
v -0.01598206 0.04339535 -0.08294053
v -0.01606725 0.0440771 -0.08391448
v -0.01562995 0.04354298 -0.08181462
v -0.01576247 0.04552194 -0.08399378
v -0.01553592 0.04517204 -0.08443874
v -0.01564474 0.04535416 -0.08320373
v -0.01521804 0.04432911 -0.08147287
v -0.01510302 0.04574725 -0.08237141
v -0.01545892 0.04376168 -0.08090106
v -0.01500802 0.04517784 -0.0813108
v -0.01475111 0.04546923 -0.08129011
v -0.01447262 0.04514538 -0.07996954
v -0.01401753 0.04565122 -0.08114456
v -0.014631 0.04593798 -0.08431715
v -0.01504746 0.04600606 -0.08353986
v -0.01403676 0.04630252 -0.0833618
v -0.01302902 0.04608987 -0.08397941
v -0.01245017 0.04620383 -0.08354998
v -0.01446281 0.04603764 -0.08226079
v -0.01296301 0.04623371 -0.08308691
v -0.0151869 0.04427952 -0.07943109
v -0.01482568 0.04459847 -0.07901349
v -0.0151669 0.04407205 -0.07764541
v -0.01786495 0.03932355 -0.07303032
v -0.01647947 0.04296366 -0.07418474
v -0.01362233 0.04496408 -0.07909259
v -0.01026003 0.04527125 -0.08011055
v -0.0110388 0.04609442 -0.08248347
v -0.01057818 0.04613937 -0.08287108
v -0.009167772 0.04605561 -0.08279295
v -0.01109468 0.04572871 -0.08132692
v -0.00892101 0.04587787 -0.0818603
v -0.006198181 0.04584179 -0.08175059
v -0.007147681 0.04532374 -0.0799664
v -0.009691987 0.04504777 -0.07918928
v -0.008134512 0.04506105 -0.07837889
v -0.01442 0.04450358 -0.07788545
v -0.0127439 0.04481302 -0.07855455
v -0.01249579 0.0445847 -0.07709905
v -0.01511526 0.04396689 -0.07540067
v -0.01351948 0.04460461 -0.07732904
v -0.01442189 0.04422998 -0.07485481
v -0.0133477 0.04445099 -0.07512584
v -0.01000869 0.04470041 -0.07517189
v -0.01248213 0.04441916 -0.07428417
v -0.009901269 0.0448418 -0.07737774
v -0.007972998 0.04505223 -0.07696161
v -0.007890687 0.04492949 -0.07575871
v -0.004618157 0.04589689 -0.08226146
v -0.004051193 0.04563238 -0.08076813
v -0.002710772 0.04549617 -0.07912007
v -0.005613906 0.04523837 -0.07773916
v -0.003428163 0.04534517 -0.07696349
v -0.0009247814 0.04546285 -0.07878219
v 0.001363991 0.04541035 -0.07808443
v -0.004244212 0.04522233 -0.07607708
v -0.006428192 0.0449435 -0.07468192
v -0.005456922 0.04504316 -0.07457421
v -0.005065363 0.04502147 -0.07336903
v -0.003178065 0.0451574 -0.07397076
v -0.002284199 0.04527628 -0.07568637
v -0.0001874645 0.04522143 -0.07528026
v 0.001980414 0.04527588 -0.07653967
v -0.002015536 0.04509482 -0.07282231
v 0.001069455 0.0451153 -0.07304972
v -0.0172749 0.04178399 -0.07022302
v -0.01677098 0.04269527 -0.07104808
v -0.01649376 0.04307011 -0.07219611
v -0.01506001 0.04393765 -0.07200069
v -0.01785916 0.03965344 -0.06924239
v -0.01793551 0.03961812 -0.06518456
v -0.01736967 0.04184048 -0.06661908
v -0.01709276 0.04238176 -0.0679318
v -0.01652036 0.04304675 -0.06990299
v -0.01492215 0.04406563 -0.06944674
v -0.01362393 0.04431682 -0.07188251
v -0.01297857 0.04435923 -0.07028723
v -0.01358675 0.04428875 -0.06783851
v -0.01486853 0.04407565 -0.06699197
v -0.01649931 0.0431106 -0.06700838
v -0.008170568 0.04480027 -0.07285544
v -0.01149115 0.04448462 -0.07184897
v -0.009364576 0.04460746 -0.0695472
v -0.01263474 0.04431076 -0.06790791
v -0.009309368 0.0445681 -0.06659159
v -0.00550953 0.04490333 -0.07123051
v -0.003287707 0.04489416 -0.06893311
v -0.0006195637 0.04504652 -0.07098629
v -0.006054066 0.04479155 -0.06821898
v -0.006275259 0.04469518 -0.06534544
v -0.004416199 0.04477254 -0.06602976
v -0.0007766155 0.04486639 -0.06681485
v -0.0201796 0.02831401 -0.06153779
v -0.01989163 0.0296497 -0.05979631
v -0.01935732 0.03265752 -0.06256595
v -0.01941933 0.03237379 -0.0602738
v -0.0197574 0.03068812 -0.05739966
v -0.01989871 0.02966141 -0.05577647
v -0.01879385 0.03592428 -0.05730544
v -0.01898214 0.03478115 -0.05580371
v -0.01823414 0.03785574 -0.06469689
v -0.01827096 0.03777397 -0.06236887
v -0.01864492 0.03641892 -0.05983194
v -0.01832405 0.03769954 -0.05987014
v -0.01802601 0.03943054 -0.06100045
v -0.01801441 0.03976918 -0.05786105
v -0.01988528 0.02982836 -0.05198917
v -0.01946685 0.03224391 -0.05361014
v -0.01961355 0.03137118 -0.05016334
v -0.01995017 0.02950235 -0.0482984
v -0.01945238 0.03250603 -0.05143608
v -0.01919528 0.0338908 -0.04985121
v -0.01873553 0.03632147 -0.05280831
v -0.01842486 0.03755486 -0.05579939
v -0.01849401 0.03731696 -0.0523539
v -0.01817629 0.03928915 -0.05348084
v -0.0181307 0.03975828 -0.05127108
v -0.01856388 0.03733644 -0.04929244
v -0.0175613 0.04205937 -0.05598008
v -0.01761265 0.04211774 -0.05265778
v -0.01768884 0.04208693 -0.04877002
v -0.01744124 0.04254788 -0.0508779
v -0.01744387 0.04188178 -0.06285685
v -0.01700468 0.04268561 -0.06473126
v -0.01655382 0.04313904 -0.06358214
v -0.0123522 0.04431127 -0.06604941
v -0.01404592 0.04419848 -0.06501682
v -0.0149879 0.04399956 -0.06414877
v -0.01370449 0.04425572 -0.06214824
v -0.009654704 0.04444242 -0.06405126
v -0.01750276 0.04191414 -0.0599978
v -0.01695525 0.04282207 -0.06221524
v -0.0171306 0.04267364 -0.06065353
v -0.01649934 0.04321802 -0.06146303
v -0.01712853 0.04278072 -0.057921
v -0.01665801 0.04318605 -0.05890828
v -0.015092 0.04403425 -0.05921187
v -0.01388965 0.04425471 -0.05927514
v -0.01275503 0.04424962 -0.05787209
v -0.006909325 0.04454998 -0.06238717
v -0.009596118 0.04435254 -0.05863567
v -0.004392666 0.0445537 -0.06088822
v -0.004236443 0.04467572 -0.06322398
v -0.0004896 0.0447135 -0.06308164
v -0.00540092 0.04445182 -0.05850213
v -0.01656428 0.0432765 -0.0564562
v -0.01715574 0.04289389 -0.05443196
v -0.01511388 0.04403484 -0.05542375
v -0.01397355 0.04423668 -0.05628456
v -0.01681848 0.04320718 -0.0533982
v -0.01400051 0.0442651 -0.05328254
v -0.01532047 0.04399842 -0.05093122
v -0.01687306 0.04321353 -0.05030337
v -0.01300171 0.04420975 -0.05405663
v -0.01117733 0.04425311 -0.05409565
v -0.006922107 0.04435191 -0.05669086
v -0.004600582 0.04433146 -0.0549353
v -0.003491747 0.04439295 -0.05693692
v -0.007143689 0.04426315 -0.05297574
v -0.0143289 0.04420928 -0.05116348
v -0.01104316 0.04420727 -0.05088061
v -0.01304116 0.04419526 -0.04891122
v -0.008590491 0.04415985 -0.04886762
v 0.02244162 0.01481944 -0.06262487
v 0.02233922 0.01941369 -0.06557551
v 0.02238335 0.01883545 -0.06219579
v 0.02216877 0.02416314 -0.06440297
v 0.02209016 0.02599269 -0.06727565
v 0.02239928 0.01909239 -0.05965761
v 0.02221636 0.02319439 -0.06039326
v 0.02202925 0.0267718 -0.06266915
v 0.02231237 0.02155776 -0.05680611
v 0.02208474 0.02575747 -0.05847099
v 0.0217602 0.0305531 -0.06171352
v 0.02222088 0.02299063 -0.05448446
v 0.02204931 0.02603682 -0.05238665
v 0.02178574 0.02997774 -0.05799793
v 0.02180791 0.02946816 -0.05277775
v 0.004444513 0.04518621 -0.07608137
v 0.003580203 0.04509792 -0.07439952
v 0.005810357 0.04498588 -0.07370727
v 0.006305061 0.04507811 -0.07545748
v 0.008114393 0.04477543 -0.07231592
v 0.007251823 0.04490279 -0.07412649
v 0.007336583 0.04470989 -0.0687957
v 0.0110141 0.04440538 -0.06858784
v 0.003927582 0.04499029 -0.07108325
v 0.002677394 0.0449324 -0.06885362
v 0.005345799 0.04471251 -0.0663171
v 0.00234186 0.04471195 -0.06370782
v 0.005708494 0.04457203 -0.06300163
v 0.008571563 0.04450726 -0.06550658
v 0.01170953 0.04422999 -0.06468066
v 0.01322947 0.04416135 -0.06745891
v 0.009982867 0.04424936 -0.06187575
v 0.01326081 0.04400337 -0.06183583
v 0.02179058 0.03043031 -0.0667257
v 0.02145806 0.03377976 -0.06415154
v 0.02111721 0.03743743 -0.06879796
v 0.02094675 0.03896443 -0.0712568
v 0.02083109 0.04008432 -0.06976649
v 0.02058178 0.04154363 -0.07212214
v 0.02036685 0.04244734 -0.06947055
v 0.02046728 0.04215334 -0.06787547
v 0.0207746 0.04035956 -0.06608997
v 0.0210455 0.03782034 -0.06521307
v 0.0213788 0.03436967 -0.05829123
v 0.02141126 0.03377316 -0.05443797
v 0.01672339 0.04369451 -0.06297249
v 0.0184366 0.04351203 -0.06372704
v 0.01718689 0.04371759 -0.06656736
v 0.02041276 0.04247819 -0.06609176
v 0.02047049 0.0421847 -0.06357764
v 0.02078473 0.04003628 -0.06342538
v 0.01935596 0.04342468 -0.06595959
v 0.0196036 0.04326145 -0.06405824
v 0.0198548 0.04314704 -0.06544065
v 0.02031253 0.04247455 -0.06213792
v 0.01586029 0.04379952 -0.06462912
v 0.01896309 0.04342705 -0.06222282
v 0.01956413 0.04323067 -0.06059001
v 0.01685642 0.04364 -0.05888396
v 0.01891546 0.04343231 -0.05945243
v 0.01985429 0.04310424 -0.05907405
v 0.02101978 0.03783692 -0.06085835
v 0.02077067 0.0402852 -0.06091826
v 0.02075481 0.04014845 -0.05720055
v 0.02053589 0.04194158 -0.0602959
v 0.02033405 0.04250999 -0.05873924
v 0.02190251 0.02762734 -0.04905818
v 0.02149495 0.0326601 -0.04932505
v -3.138371e-05 0.04450559 -0.05903955
v 0.004188266 0.04439026 -0.0588106
v 0.0002833661 0.04432463 -0.05538156
v 0.003690624 0.04428444 -0.05676922
v 0.007226704 0.04420909 -0.05776433
v 0.01222757 0.04390649 -0.05639695
v 0.00459472 0.04416208 -0.05376929
v 0.007901583 0.04399178 -0.05297626
v -0.003157112 0.04424795 -0.05245079
v 0.0002914718 0.04417091 -0.05164082
v -0.005272719 0.04418225 -0.05030771
v -0.002194343 0.0440094 -0.04788287
v 0.002276058 0.04393413 -0.04897397
v 0.003572641 0.04404546 -0.05097161
v 0.001618387 0.04377785 -0.04591893
v 0.004841168 0.04371367 -0.0460337
v 0.005836035 0.0438481 -0.04906645
v 0.007649423 0.04366713 -0.04691361
v 0.009722389 0.04372586 -0.04922341
v 0.01253411 0.04367552 -0.05023757
v 0.0210026 0.03761159 -0.05353913
v 0.02098129 0.0375372 -0.04963961
v 0.02067607 0.04067964 -0.05137178
v 0.01923647 0.0433569 -0.05607795
v 0.0197597 0.04318313 -0.05757022
v 0.01726479 0.04355953 -0.05608886
v 0.01329477 0.04371659 -0.05315303
v 0.019075 0.04338163 -0.0531484
v 0.01517498 0.04358661 -0.05160742
v 0.01713599 0.04352468 -0.0526006
v 0.02072533 0.04048832 -0.05459007
v 0.02047952 0.04227573 -0.05695008
v 0.01995617 0.04300637 -0.05532503
v 0.02044472 0.04225609 -0.05372305
v 0.02039843 0.04230169 -0.0509894
v 0.02043734 0.04221288 -0.04914232
v 0.02005266 0.04290717 -0.05302474
v 0.01953907 0.04324776 -0.05070188
v 0.01997076 0.04294448 -0.04995873
v 0.02101021 0.03697931 -0.04620116
v 0.02067305 0.04046953 -0.04782725
v 0.02139563 0.03293727 -0.04317849
v 0.0206572 0.04029667 -0.04535162
v 0.02093376 0.03724667 -0.04278918
v 0.02058281 0.04060487 -0.04271786
v 0.01838804 0.04344784 -0.05018153
v 0.0151669 0.04351378 -0.04764229
v 0.01187408 0.04358819 -0.04740698
v 0.01070322 0.04345211 -0.04381387
v 0.01448289 0.04345003 -0.04536104
v 0.01741061 0.04345057 -0.04577537
v 0.01786081 0.04346877 -0.04791392
v 0.01993554 0.043016 -0.04777256
v 0.02040318 0.04209702 -0.04668761
v 0.01914092 0.04336444 -0.04723213
v 0.01952673 0.04323888 -0.045024
v 0.02004963 0.0427979 -0.04466939
v 0.0164143 0.0433846 -0.04279402
v 0.01828177 0.04343449 -0.04329874
v 0.01938839 0.04327752 -0.04308376
v 0.02039562 0.04209279 -0.04438797
v 0.02032462 0.04236651 -0.04272121
v -0.02220572 0.005835352 -0.0363572
v -0.02241347 0.000242684 -0.03531658
v -0.02213545 0.006686101 -0.03407304
v -0.02199315 0.009747389 -0.03699593
v -0.02189275 0.01183162 -0.03882794
v -0.02163936 0.01468377 -0.03967112
v -0.02174518 0.01319543 -0.03600176
v -0.02183229 0.01111771 -0.03193076
v -0.02192488 0.009045152 -0.03039409
v -0.02180564 0.01146953 -0.03016461
v -0.02157837 0.01514669 -0.0331993
v -0.02152442 0.01515238 -0.03070654
v -0.02146582 0.01513143 -0.02573964
v -0.02171697 0.01177308 -0.028413
v -0.02127141 0.01781447 -0.02903673
v -0.02156509 0.01609761 -0.04126674
v -0.02138421 0.01801112 -0.04281476
v -0.0212723 0.01899732 -0.04064793
v -0.02145421 0.01685368 -0.03726269
v -0.02108079 0.02074225 -0.03823831
v -0.02117874 0.01972812 -0.03560486
v -0.02080833 0.02302776 -0.03614008
v -0.02072907 0.02372423 -0.03803809
v -0.02093568 0.02208353 -0.04299992
v -0.02084269 0.02295031 -0.04080744
v -0.02046447 0.02593479 -0.04314368
v -0.01993927 0.02971105 -0.04345804
v -0.02031356 0.02696207 -0.04014434
v -0.02134675 0.01758312 -0.03421833
v -0.02122922 0.01852496 -0.03154775
v -0.0210125 0.02081482 -0.03251948
v -0.0207682 0.02330056 -0.03344548
v -0.02104464 0.02059529 -0.03032987
v -0.02058842 0.02460209 -0.030779
v -0.0208356 0.02220338 -0.02803404
v -0.02040724 0.02618245 -0.03482239
v -0.02008866 0.02872356 -0.03604764
v -0.01970585 0.03120468 -0.03948496
v -0.02018632 0.02783944 -0.03204627
v -0.0202086 0.02778353 -0.03036995
v -0.01990668 0.02982618 -0.03396229
v -0.01978199 0.03064166 -0.03147214
v -0.02111117 0.01945552 -0.0259915
v -0.02080115 0.02224076 -0.02278966
v -0.02041651 0.02597895 -0.02450739
v -0.02034329 0.02643329 -0.02879572
v -0.02011436 0.02840629 -0.02577908
v -0.01976809 0.03065756 -0.02847862
v -0.02029305 0.02675478 -0.02080377
v -0.02012732 0.0283332 -0.02315964
v -0.01969053 0.0316152 -0.02366123
v -0.01952703 0.03241847 -0.02156176
v -0.01893942 0.0365585 -0.02337009
v -0.02231451 0.002140153 -0.03272936
v -0.02221829 0.00282367 -0.02867838
v -0.0221678 0.004736036 -0.03149677
v -0.02207424 0.005881798 -0.02850044
v -0.02214882 0.003693428 -0.02582566
v -0.02187854 0.007820848 -0.02233199
v -0.02191033 0.008255315 -0.02504091
v -0.02170398 0.01187146 -0.02627229
v -0.02169905 0.009664254 -0.01816301
v -0.02169947 0.008670248 -0.01486433
v -0.02161513 0.0122843 -0.02284071
v -0.0214538 0.01400602 -0.01929954
v -0.02139959 0.01523327 -0.02153843
v -0.02116552 0.0183605 -0.02286594
v -0.02157513 0.00944228 -0.009698875
v -0.02153446 0.008652809 -0.005955584
v -0.02135321 0.01363875 -0.01082881
v -0.02135067 0.01459135 -0.0152216
v -0.0210923 0.01866023 -0.01784378
v -0.02087584 0.02066336 -0.01257308
v -0.02105473 0.01814462 -0.01009163
v -0.02073007 0.02289758 -0.01960059
v -0.0206753 0.02310892 -0.01546811
v -0.02022392 0.02730338 -0.01576842
v -0.02026233 0.0268752 -0.01077459
v -0.01971916 0.03137772 -0.01770756
v -0.01979695 0.03088734 -0.01353443
v -0.0189603 0.03669155 -0.0155244
v -0.01945596 0.03260074 -0.04661417
v -0.01879054 0.03648564 -0.04706848
v -0.01912028 0.03448051 -0.04527698
v -0.01886099 0.03631128 -0.04208744
v -0.01879402 0.03657242 -0.04465114
v -0.01853026 0.03758292 -0.04576933
v -0.01824728 0.03947842 -0.0481135
v -0.01780065 0.04184292 -0.04593149
v -0.01748369 0.04277145 -0.04539717
v -0.01723415 0.04292639 -0.04830221
v -0.01826086 0.0397073 -0.04468898
v -0.0169102 0.04330964 -0.04590757
v -0.01852933 0.03776764 -0.04322323
v -0.01852858 0.0379227 -0.04060333
v -0.01827324 0.03978785 -0.04168401
v -0.01774048 0.042287 -0.04324315
v -0.01697586 0.04331002 -0.04328569
v -0.01747503 0.04288935 -0.04229257
v -0.01515071 0.04411746 -0.0449223
v -0.01943925 0.03296875 -0.03586598
v -0.01885664 0.03654633 -0.0386635
v -0.01882911 0.03669135 -0.03646386
v -0.0185831 0.03783157 -0.0377995
v -0.01937408 0.03336452 -0.03325126
v -0.0186529 0.03755229 -0.03476657
v -0.01888079 0.0365494 -0.03253585
v -0.01831929 0.03991228 -0.03516535
v -0.01821477 0.04038146 -0.03894232
v -0.01782027 0.04209954 -0.04088653
v -0.01785316 0.04217613 -0.03836621
v -0.01707583 0.04331367 -0.04084773
v -0.01535876 0.04403567 -0.04209912
v -0.01755994 0.0428129 -0.04016999
v -0.01762273 0.04275827 -0.03777383
v -0.01709025 0.04332368 -0.0391551
v -0.01552351 0.04398542 -0.03940524
v -0.01438597 0.04424764 -0.03974312
v -0.0170273 0.04336435 -0.03756193
v -0.01461782 0.04422274 -0.03727789
v -0.01787843 0.04219202 -0.03564152
v -0.01534517 0.04411196 -0.03584106
v -0.01741712 0.04310241 -0.03595581
v -0.01712715 0.0434024 -0.03414207
v -0.01774121 0.04258372 -0.03396587
v -0.01351277 0.04411264 -0.03853235
v -0.01238665 0.0441229 -0.0364935
v -0.01417129 0.04432601 -0.03383714
v -0.01338874 0.04423001 -0.03398179
v -0.01066872 0.04414926 -0.03402645
v -0.01516042 0.04410394 -0.04749866
v -0.01380493 0.04425505 -0.04849135
v -0.01437288 0.04426885 -0.04659763
v -0.01329222 0.04412868 -0.04581927
v -0.009810363 0.04406208 -0.04479321
v -0.006513688 0.04404441 -0.04624793
v -0.01419773 0.04425069 -0.04490073
v -0.01350362 0.0441351 -0.04359562
v -0.01433801 0.0442109 -0.04257183
v -0.01115248 0.04404888 -0.04046376
v -0.0133954 0.04411383 -0.04104591
v -0.009347335 0.04399954 -0.03816145
v -0.01933957 0.03364366 -0.03060145
v -0.0188861 0.0365986 -0.02754416
v -0.01888941 0.03657998 -0.02975857
v -0.01867216 0.03752122 -0.03158621
v -0.01849395 0.03888417 -0.03182196
v -0.01867094 0.03757551 -0.02933439
v -0.01831399 0.0401827 -0.02835905
v -0.01868309 0.03760319 -0.02657304
v -0.01837775 0.03988384 -0.02559466
v -0.01795034 0.04198649 -0.03235476
v -0.01756003 0.04299539 -0.0315531
v -0.01792472 0.04215907 -0.02988064
v -0.01537316 0.04420768 -0.03161767
v -0.01699887 0.04351247 -0.03046627
v -0.01472552 0.04435472 -0.03089213
v -0.01288163 0.04428137 -0.03162623
v -0.01760443 0.04300231 -0.02851165
v -0.01796542 0.04212323 -0.02697775
v -0.01795164 0.04228587 -0.02429619
v -0.0169888 0.04358974 -0.02683368
v -0.01757756 0.04310263 -0.02543579
v -0.01558254 0.04425941 -0.02794281
v -0.01431064 0.04449131 -0.02866278
v -0.01334357 0.04440521 -0.02870457
v -0.01508014 0.0444037 -0.02775064
v -0.0145137 0.04452962 -0.02630306
v -0.01890034 0.03675342 -0.02034789
v -0.01870956 0.03756969 -0.02266598
v -0.01840468 0.03993512 -0.02223322
v -0.01857981 0.03864688 -0.01945037
v -0.01873032 0.03775178 -0.01767666
v -0.01845308 0.03998021 -0.01739118
v -0.01800683 0.04228336 -0.02007771
v -0.01802861 0.04237663 -0.01602467
v -0.017666 0.04300115 -0.02251484
v -0.0154589 0.04442043 -0.02415333
v -0.01686798 0.0437361 -0.0225149
v -0.01768489 0.04311967 -0.01848668
v -0.01724123 0.04357506 -0.02042223
v -0.01555557 0.04442478 -0.02167646
v -0.01719234 0.04360921 -0.01821622
v -0.001845822 0.04379228 -0.04359796
v -0.005211845 0.04387835 -0.04283572
v -0.008261973 0.0439424 -0.04091574
v -0.005656208 0.04386334 -0.03797365
v -0.002463073 0.04376122 -0.04154987
v 0.002672535 0.04364143 -0.04365772
v 0.006679037 0.04351905 -0.04354861
v 0.004513153 0.0435128 -0.04048573
v 0.0001396984 0.04366581 -0.04119341
v 0.00237325 0.04359591 -0.03868777
v -0.0009358702 0.04370962 -0.03839054
v -0.007840824 0.04402226 -0.0351759
v -0.003801887 0.04386418 -0.03609184
v -0.004940222 0.04397459 -0.03411179
v -0.009023656 0.04422416 -0.03124634
v -0.001209693 0.04377143 -0.03627935
v 0.002123714 0.04367379 -0.03632914
v 0.001577961 0.04387324 -0.03311381
v 0.006192655 0.04371405 -0.03325597
v 0.004455163 0.04356159 -0.03733139
v -0.002027758 0.04393466 -0.03346026
v 0.008926766 0.04341964 -0.04028424
v 0.007593275 0.04348003 -0.03738137
v 0.0116987 0.04344176 -0.03751509
v 0.01210309 0.04341134 -0.03974955
v 0.02058684 0.03983814 -0.04001277
v 0.02103081 0.03569636 -0.03935141
v 0.02052734 0.04072182 -0.03820819
v 0.02053221 0.03985695 -0.0368568
v 0.01640528 0.04336991 -0.03907353
v 0.01509528 0.04346495 -0.03564782
v 0.02042433 0.04098403 -0.0345792
v 0.02027838 0.04218909 -0.03667937
v 0.02019433 0.0423218 -0.03297308
v 0.01827253 0.04338991 -0.04062014
v 0.01934814 0.04324831 -0.04128051
v 0.02032645 0.04210895 -0.04060311
v 0.02010312 0.04265358 -0.04115024
v 0.01981421 0.04298096 -0.04163091
v 0.01984681 0.0430115 -0.03925829
v 0.01897469 0.0433736 -0.03808171
v 0.01757435 0.0434522 -0.03710358
v 0.01684712 0.04341565 -0.03649164
v 0.01964185 0.04319726 -0.03626486
v 0.01917841 0.04339396 -0.03618132
v 0.02003068 0.04282451 -0.03791331
v 0.02003801 0.04276606 -0.03545753
v 0.01744311 0.04349074 -0.03560083
v 0.01953224 0.04323881 -0.03462576
v 0.009724049 0.04364958 -0.03332924
v 0.00360665 0.04405068 -0.02973455
v 0.008536769 0.04388267 -0.03022478
v 0.01392763 0.04363885 -0.03204422
v 0.009744076 0.04397786 -0.02762863
v 0.01716533 0.0435532 -0.03334141
v 0.019844 0.04303804 -0.0327039
v 0.01697993 0.04367224 -0.02955974
v 0.01913766 0.04353854 -0.03161288
v 0.01891232 0.04345895 -0.03431151
v 0.01960143 0.0432888 -0.03032401
v 0.01354931 0.04384957 -0.02764277
v 0.01881504 0.04362146 -0.0283151
v 0.01598576 0.04378733 -0.02669599
v -0.01068829 0.04444554 -0.02597632
v -0.01370995 0.04446717 -0.02534645
v -0.007545278 0.04432982 -0.02782885
v -0.004708813 0.04430696 -0.02772794
v -0.005362919 0.04423089 -0.02994159
v -0.00481017 0.04444467 -0.02552494
v -0.01473649 0.04457545 -0.02311108
v -0.01077785 0.04446518 -0.02363863
v -0.01256263 0.04452229 -0.02349405
v -0.0115147 0.0445973 -0.02208538
v -0.01373301 0.04463641 -0.0206043
v -0.009368703 0.04450528 -0.02297404
v -0.006538068 0.04447587 -0.02407271
v -0.0107337 0.04454747 -0.02088273
v -0.00773673 0.04453463 -0.02208702
v -0.01509557 0.04457987 -0.02002583
v -0.01578813 0.04436834 -0.01903634
v -0.01493376 0.04466038 -0.01704784
v -0.01430849 0.04468013 -0.01848295
v -0.01251873 0.04461282 -0.01951133
v -0.01285523 0.04460824 -0.01708634
v -0.01151953 0.04473197 -0.01828572
v -0.01143278 0.04464708 -0.01922897
v -0.008629462 0.04461085 -0.01969339
v -0.01004986 0.04467424 -0.01848657
v -0.01108736 0.04472294 -0.01688371
v -0.009007491 0.04481731 -0.01766048
v -0.004044909 0.04453136 -0.02257252
v -0.006473731 0.0446687 -0.01884405
v -0.002219538 0.04451299 -0.02298234
v -0.001102735 0.0444168 -0.02432815
v -0.002294089 0.04459053 -0.02027546
v -0.003773828 0.04461207 -0.0192661
v -0.0004463466 0.04446205 -0.02270219
v -0.000729166 0.04464571 -0.01853041
v 0.0004203264 0.04456292 -0.0199993
v -0.007412884 0.04474567 -0.01693114
v -0.005264086 0.04477973 -0.01702533
v -0.00291341 0.04474404 -0.01829176
v -0.001944401 0.04485695 -0.01707318
v -0.003065087 0.04475202 -0.01663448
v -0.002681224 0.04453113 -0.01530364
v -0.000601321 0.04462433 -0.01537601
v 0.0009347023 0.04461533 -0.01775303
v 0.002365179 0.044617 -0.01849839
v 0.0006749008 0.04472867 -0.01682863
v 0.001944605 0.04473251 -0.01697711
v 0.001005283 0.0445534 -0.01505731
v 0.001990887 0.04462322 -0.01609304
v 0.002170568 0.04459361 -0.01479463
v 0.002927736 0.04465324 -0.01469795
v 0.00254621 0.04461768 -0.01380766
v 0.004398825 0.04458321 -0.01486092
v 0.005025059 0.04450267 -0.01398047
v -0.002206134 0.04416505 -0.02993805
v -0.001340339 0.04427888 -0.02734507
v 0.001071675 0.04414102 -0.02875054
v 0.001917384 0.04430795 -0.02573317
v 0.005446912 0.04409672 -0.0276648
v 0.001820631 0.0443862 -0.02358887
v 0.004559097 0.0443224 -0.02429044
v 0.008563913 0.04411773 -0.02563389
v 0.004989943 0.0443678 -0.02179624
v 0.006485846 0.04423761 -0.0236256
v 0.01046237 0.04411597 -0.02272298
v 0.008622961 0.04425497 -0.02148619
v 0.01336074 0.04396242 -0.0250998
v 0.01813112 0.04374507 -0.02538887
v 0.0165645 0.04386181 -0.02472693
v 0.01910008 0.04358279 -0.02574958
v 0.01451965 0.04389022 -0.02388427
v 0.01785544 0.04387373 -0.02257863
v 0.0162888 0.04384758 -0.02295755
v 0.01052253 0.04419916 -0.0199376
v 0.01420362 0.04402954 -0.02005392
v 0.01481009 0.04389384 -0.02111846
v 0.01607614 0.04391487 -0.02060623
v 0.003939843 0.04450979 -0.01909748
v 0.003904874 0.04454851 -0.01773512
v 0.007101714 0.04433548 -0.02006262
v 0.00591315 0.04445958 -0.01878815
v 0.004945743 0.04459155 -0.01839074
v 0.006543664 0.04466107 -0.01687681
v 0.008287288 0.04439985 -0.01808339
v 0.002668547 0.04461253 -0.01776135
v 0.004007681 0.04463962 -0.01671823
v 0.004996908 0.0447089 -0.01700263
v 0.005635211 0.04447471 -0.01557953
v 0.006567535 0.044677 -0.01455908
v 0.00677938 0.04452233 -0.01572835
v 0.007353286 0.04448778 -0.01399217
v 0.01226641 0.04427079 -0.01792835
v 0.008784954 0.04446669 -0.01567731
v 0.01102888 0.04430268 -0.01691416
v 0.01387763 0.04409659 -0.0179159
v 0.01500994 0.04395661 -0.01846812
v 0.01455397 0.04424395 -0.01696517
v 0.01632706 0.04393827 -0.01820114
v 0.0135606 0.0443109 -0.01693767
v 0.01235121 0.04448442 -0.01687479
v 0.01607949 0.04399868 -0.01669923
v 0.009679961 0.04455371 -0.01467057
v 0.01039735 0.04423829 -0.01552925
v 0.01145262 0.0443241 -0.01442994
v 0.01155666 0.04424978 -0.01530366
v 0.009214241 0.04442056 -0.01369615
v 0.01038374 0.04432169 -0.01376198
v 0.01303796 0.04422815 -0.01436088
v 0.01487103 0.04395989 -0.01523534
v 0.01420177 0.04422821 -0.01362521
v 0.01534645 0.04404105 -0.01391709
v 0.01331126 0.04419965 -0.01228318
v 0.01129032 0.04424974 -0.01343139
v 0.01160316 0.04436204 -0.01197121
v 0.0148591 0.04406348 -0.01200505
v 0.00909435 0.04478433 -0.07576448
v 0.01206303 0.04436408 -0.07296275
v 0.01411055 0.04416965 -0.0757421
v 0.0167536 0.04375371 -0.07585501
v 0.01652344 0.04382325 -0.0736642
v 0.01723952 0.04373738 -0.07161812
v 0.01998727 0.04293094 -0.07338393
v 0.01870211 0.04354223 -0.07406227
v 0.01950392 0.04335616 -0.07349289
v 0.01953248 0.04341754 -0.07202144
v 0.02034728 0.0423921 -0.07231911
v 0.019372 0.04338928 -0.07057429
v 0.01937944 0.04342943 -0.06864301
v 0.01973145 0.04325017 -0.06981728
v 0.01999135 0.04289897 -0.06790594
v -0.00407035 0.04460378 -0.01523051
v 0.01341125 0.04418103 -0.0157519
v 0.01971099 -0.02447405 -0.08041846
v 0.02002423 -0.02502257 -0.07750098
v 0.01981679 -0.02245973 -0.07997184
v 0.02070341 -0.02121095 -0.07208874
v 0.0203858 -0.02150637 -0.07582569
v 0.0202587 -0.01684728 -0.07798544
v 0.02061779 -0.01907028 -0.07475144
v 0.02093559 -0.01602122 -0.07288547
v 0.02065318 -0.01622906 -0.07550619
v 0.02069518 -0.01250737 -0.0761857
v 0.02101643 -0.01221801 -0.0736927
v 0.02102206 -0.008957883 -0.07469606
v 0.02096655 -0.02011616 -0.06844826
v 0.02089463 -0.02192328 -0.06602151
v 0.02114536 -0.01895712 -0.06550077
v 0.02112735 -0.01711815 -0.06926401
v 0.02149734 -0.01340314 -0.06584525
v 0.02126966 -0.01332394 -0.07000238
v 0.02133866 -0.01051068 -0.07095364
v 0.02131124 -0.007692961 -0.0722948
v 0.02160862 -0.008707885 -0.06786977
v 0.02146445 -0.01580789 -0.06251131
v 0.02154837 -0.01614689 -0.05853957
v 0.02179941 -0.01169275 -0.05994152
v 0.02145015 -0.01793221 -0.05532225
v 0.02168163 -0.01500167 -0.05440892
v 0.0218887 -0.007981148 -0.06261097
v 0.02177797 -0.006610064 -0.06626891
v 0.02212514 -0.00670106 -0.05720492
v 0.02165664 -0.005379286 -0.06910615
v 0.02188519 0.001110403 -0.06897623
v 0.02206426 -0.003810069 -0.06237969
v 0.02204057 -2.611987e-05 -0.06578714
v 0.02227433 0.0007388089 -0.06117082
v 0.02229471 0.003110807 -0.06203608
v 0.02224259 -0.003160473 -0.05813169
v 0.02230509 0.006128266 -0.06352995
v 0.02127876 -0.01966868 -0.05273942
v 0.02152222 -0.01758726 -0.05363476
v 0.02151825 -0.01822938 -0.05203605
v 0.02156679 -0.01791828 -0.05096041
v 0.02144842 -0.01775438 -0.05268006
v 0.02165596 -0.01628092 -0.05111378
v 0.02193348 -0.01104977 -0.05567304
v 0.02171895 -0.01463873 -0.05253198
v 0.02183714 -0.01324905 -0.05337483
v 0.0212849 -0.01940359 -0.05057405
v 0.0214477 -0.01827649 -0.05027594
v 0.02168177 -0.0151801 -0.04991166
v 0.02160809 -0.01696586 -0.04855632
v 0.0215363 -0.01804134 -0.04711002
v 0.02173714 -0.01562956 -0.04774798
v 0.02188051 -0.0133114 -0.05089031
v 0.02187205 -0.01209548 -0.05247676
v 0.02188149 -0.0134457 -0.04925946
v 0.02195624 -0.0112757 -0.05143608
v 0.02214803 -0.007422861 -0.05378665
v 0.02223188 -0.004800724 -0.05459395
v 0.02226005 -0.005351005 -0.05305259
v 0.02215354 -0.00847598 -0.05115308
v 0.02203677 -0.01005542 -0.05284744
v 0.02202784 -0.01135554 -0.04988926
v 0.02228928 -0.006595355 -0.04934076
v 0.02156473 -0.01732868 -0.04600531
v 0.02178288 -0.01508417 -0.04545252
v 0.02171824 -0.01633827 -0.04461234
v 0.02174154 -0.01603349 -0.04307563
v 0.02190759 -0.01393675 -0.04717419
v 0.02195614 -0.01288167 -0.0464335
v 0.02188675 -0.01380103 -0.04431256
v 0.02203019 -0.01191426 -0.04456073
v 0.02222833 -0.008379051 -0.04535323
v 0.02203374 -0.01246241 -0.04192183
v 0.02196238 -0.01322942 -0.03972548
v 0.02195773 -0.01247781 -0.04321617
v 0.02216292 -0.009964786 -0.04193622
v 0.02210829 -0.01003022 -0.04833787
v 0.02225282 -0.007452937 -0.0474976
v 0.02236063 -0.004334608 -0.05000657
v 0.02240022 -0.004864538 -0.04803617
v 0.02237406 -0.006115906 -0.04609661
v 0.02240743 -0.003455544 -0.04778539
v 0.0222451 -0.008140612 -0.04241498
v 0.02237431 -0.005399188 -0.04308872
v 0.02241177 -0.003547879 -0.04557395
v 0.02239308 0.0004915632 -0.0565611
v 0.02238161 0.003421754 -0.05919067
v 0.02236059 -0.001664482 -0.05490112
v 0.02243025 -0.001412429 -0.05345849
v 0.02238649 -0.002477393 -0.05203807
v 0.02241664 0.0009186137 -0.05448202
v 0.02248141 0.003383175 -0.05410625
v 0.02250231 0.005423103 -0.05599396
v 0.02241134 0.006442595 -0.06082026
v 0.02252975 0.01141109 -0.05818383
v 0.02257142 0.009676993 -0.05460564
v 0.02249966 0.0003907979 -0.05053385
v 0.02244417 -0.00249406 -0.04950161
v 0.02252234 4.470535e-05 -0.04844726
v 0.02252012 0.00297074 -0.05242
v 0.02255911 0.001502616 -0.0487234
v 0.02255152 0.002753778 -0.05044968
v 0.02260826 0.006016567 -0.05010093
v 0.02260296 0.0008998755 -0.04585821
v 0.02256224 0.003692672 -0.04847691
v 0.02260052 0.004982471 -0.04805511
v 0.02261129 0.002622895 -0.0468596
v 0.02262969 0.003766229 -0.04504047
v 0.02244352 -0.002315501 -0.04773699
v 0.0225524 -0.001625635 -0.04747776
v 0.0225153 -0.002343476 -0.04537723
v 0.02251656 -4.390068e-05 -0.045534
v 0.02253367 -0.00113368 -0.04406685
v 0.02256295 0.005898937 -0.0530482
v 0.02252814 0.007643552 -0.05325444
v 0.02258804 0.008253842 -0.05184448
v 0.0225686 0.01017037 -0.05316249
v 0.02254551 0.01255997 -0.05391806
v 0.0225932 0.01052921 -0.05163036
v 0.02260025 0.009541374 -0.05028109
v 0.02263441 0.009094534 -0.04718409
v 0.02251733 0.0125847 -0.05300631
v 0.02259576 0.01209462 -0.05006129
v 0.02260814 0.01241517 -0.05136282
v 0.02260457 0.01172815 -0.04794737
v 0.02254697 0.0131984 -0.05019441
v 0.02206659 -0.01103731 -0.0345794
v 0.02222217 -0.008564359 -0.03916574
v 0.02233811 -0.006032458 -0.03990984
v 0.02237632 -0.004621625 -0.04086186
v 0.02250774 -0.002302947 -0.04259491
v 0.02247254 -0.002587166 -0.03895983
v 0.02250519 -0.0004521254 -0.04050393
v 0.02236364 -0.004688241 -0.03738183
v 0.02231847 -0.005206706 -0.03088262
v 0.02247159 -0.000358697 -0.03568301
v 0.02201547 -0.01070449 -0.02879227
v 0.02222534 -0.006088916 -0.02777492
v 0.02213251 -0.00758981 -0.02425623
v 0.02243716 -0.0001929086 -0.03021903
v 0.02232577 -0.003974957 -0.02889327
v 0.02265142 0.007383339 -0.0459053
v 0.022575 0.001880202 -0.04283613
v 0.02262396 0.006096883 -0.04190271
v 0.0226276 0.007943079 -0.04338621
v 0.02255384 0.001316652 -0.03857949
v 0.02259067 0.004108633 -0.04033335
v 0.02258723 0.00477437 -0.03847546
v 0.02258531 0.006939278 -0.0406135
v 0.0226138 0.01016695 -0.0445057
v 0.02262164 0.01171974 -0.0454845
v 0.02255297 0.01473117 -0.04797734
v 0.02259927 0.0138971 -0.04689827
v 0.02257525 0.01194322 -0.04399111
v 0.02254307 0.01332828 -0.04504899
v 0.02260949 0.008715236 -0.04216131
v 0.0225915 0.01299249 -0.04296718
v 0.0225765 0.0100395 -0.03947738
v 0.02249037 0.01526066 -0.04387619
v 0.02250557 0.00425807 -0.03363202
v 0.02255049 0.008140923 -0.03535092
v 0.02246046 0.002705848 -0.02899367
v 0.0224924 0.007157232 -0.0299849
v 0.02245137 0.01162535 -0.03102751
v 0.02248024 0.01497193 -0.03924341
v 0.02252527 0.01146708 -0.03650576
v 0.02239851 0.01545638 -0.03413237
v 0.02235896 0.01782874 -0.03807449
v 0.02249279 0.0159534 -0.05753091
v 0.02252344 0.01294171 -0.05550707
v 0.02251738 0.0155651 -0.05393379
v 0.02241842 0.01867166 -0.05476377
v 0.02250695 0.01428753 -0.05309568
v 0.02255043 0.01433339 -0.05166088
v 0.02246342 0.01584452 -0.05255774
v 0.02253805 0.01441749 -0.04997471
v 0.02248476 0.01588304 -0.05145147
v 0.02239531 0.01635496 -0.05085306
v 0.02246768 0.01822417 -0.05362951
v 0.02240539 0.01787441 -0.05236255
v 0.02237887 0.01963537 -0.05305423
v 0.02240962 0.01817336 -0.05109339
v 0.0223129 0.02122999 -0.05181378
v 0.02235897 0.01976537 -0.05113526
v 0.02224396 0.02148706 -0.05246767
v 0.02217552 0.02386381 -0.05215112
v 0.0224918 0.01686745 -0.04942616
v 0.02248974 0.01509188 -0.04664331
v 0.02251272 0.01617088 -0.04729041
v 0.02250221 0.01621625 -0.04506229
v 0.02245086 0.01811205 -0.0477032
v 0.02240323 0.01681835 -0.04643469
v 0.02242256 0.0188087 -0.04905821
v 0.0222837 0.01952535 -0.05042128
v 0.02224606 0.02073257 -0.05104722
v 0.02231563 0.02032319 -0.0492179
v 0.02237288 0.01913719 -0.04642712
v 0.02242875 0.0177756 -0.04425715
v 0.02249466 0.01613522 -0.0427853
v 0.02231617 0.01896915 -0.04409214
v 0.02235545 0.01943234 -0.04303692
v 0.02228572 0.02087331 -0.04629343
v 0.02224403 0.02208226 -0.04803491
v 0.02209364 0.0237757 -0.04595421
v 0.02228504 0.0204749 -0.04396832
v 0.02228065 0.02156559 -0.04427018
v 0.02218117 0.02190367 -0.04336037
v 0.02211341 0.02370331 -0.0446337
v 0.02218754 0.02394989 -0.05077596
v 0.02219752 0.0221168 -0.04997422
v 0.02232966 0.02277783 -0.05039144
v 0.0222352 0.02434185 -0.04911525
v 0.02209745 0.02303909 -0.0490835
v 0.02195313 0.02643795 -0.04942516
v 0.02217291 0.02366903 -0.04738772
v 0.02202709 0.02568331 -0.04733574
v 0.02193797 0.02648536 -0.04481038
v 0.02179523 0.02855339 -0.04518031
v 0.02235567 0.01858817 -0.04017327
v 0.02222282 0.02164201 -0.04107357
v 0.02210017 0.02323612 -0.04143618
v 0.02215383 0.02171252 -0.03744338
v 0.02217562 0.02073066 -0.03413534
v 0.02192077 0.02563843 -0.03902633
v 0.02200339 0.02505734 -0.04132448
v 0.02190139 0.02507384 -0.03533413
v 0.02200865 0.02499752 -0.04259595
v 0.02176089 0.02818009 -0.0411948
v 0.0216577 0.02892601 -0.03810109
v 0.02227214 -0.004685901 -0.02554433
v 0.02238007 -0.0007539559 -0.02651652
v 0.0222028 -0.005037054 -0.02172757
v 0.0223045 -0.001968376 -0.02223051
v 0.02239076 0.002755504 -0.02298513
v 0.02231065 0.001476694 -0.01911576
v 0.02233289 0.004630021 -0.01875477
v 0.02226937 0.003845681 -0.0176535
v 0.02204303 -0.008115813 -0.02002597
v 0.02192506 -0.009038601 -0.01642647
v 0.02201147 -0.007363547 -0.01711876
v 0.02212672 -0.005636301 -0.01871014
v 0.02220606 -0.003045253 -0.01848588
v 0.02201233 -0.007327694 -0.01561654
v 0.02194341 -0.007002812 -0.01305185
v 0.02209981 -0.005435858 -0.01650617
v 0.02216768 -0.003637068 -0.01650234
v 0.02210095 -0.004662244 -0.01462851
v 0.02192645 -0.007197475 -0.01117276
v 0.02189578 -0.007050373 -0.009505451
v 0.02200536 -0.004280571 -0.01218352
v 0.02214116 -0.001763443 -0.013846
v 0.02197121 -0.004788984 -0.01069674
v 0.02206109 -0.002053432 -0.011088
v 0.02223527 -0.0007134285 -0.01669914
v 0.02224792 0.002792165 -0.01557536
v 0.02217954 0.0007661059 -0.01372595
v 0.02210951 -0.0001336187 -0.01167684
v 0.0221267 0.003160794 -0.01224303
v 0.02227806 0.005428246 -0.01575329
v 0.02220331 0.004293337 -0.01312069
v 0.02223205 0.007389318 -0.01408219
v 0.02245412 0.006696044 -0.02578887
v 0.02245174 0.009516666 -0.02674764
v 0.02238682 0.007748798 -0.02240261
v 0.02230916 0.01283744 -0.02137146
v 0.02228405 0.01766264 -0.03084584
v 0.02237107 0.01372821 -0.02685848
v 0.02221516 0.0174543 -0.02404004
v 0.02215866 0.01937138 -0.02603318
v 0.02234158 0.008385066 -0.01916869
v 0.02230569 0.007023132 -0.01751791
v 0.02227139 0.009741614 -0.01724268
v 0.02223977 0.01236645 -0.01700532
v 0.02219494 0.009546644 -0.01391064
v 0.02221803 0.01120875 -0.01490806
v 0.02213725 0.01731244 -0.01923858
v 0.02217466 0.01471551 -0.01786087
v 0.02217609 0.01382573 -0.01526878
v 0.02200837 0.0209753 -0.02104343
v 0.02198903 0.02018321 -0.01718306
v 0.02196987 -0.004430454 -0.00904464
v 0.02182778 -0.005900839 -0.006550603
v 0.02199149 -0.0005797669 -0.00723283
v 0.02204209 -5.364418e-05 -0.009581566
v 0.02187217 -0.003235636 -0.006155454
v 0.02170213 -0.006366638 -0.00306908
v 0.02179325 -0.004083006 -0.003471188
v 0.02188241 -0.001887564 -0.004426368
v 0.02192266 0.0003608279 -0.005772643
v 0.02175039 -0.002344973 -0.001451872
v 0.02191604 0.0005530491 -0.004090764
v 0.02213784 0.001026986 -0.01067643
v 0.02205134 0.002213797 -0.007431477
v 0.02206684 0.00294645 -0.009192914
v 0.02217909 0.005906944 -0.01103195
v 0.02214002 0.006201668 -0.01241199
v 0.02207375 0.006450001 -0.009440795
v 0.02210658 0.003831971 -0.008057088
v 0.02193739 0.003358335 -0.004299983
v 0.02198551 0.004989593 -0.00665538
v 0.02205489 0.005684488 -0.007699527
v 0.02207493 0.008756422 -0.008894071
v 0.02199067 0.007683139 -0.006228566
v 0.02158972 -0.003989214 0.002029948
v 0.02182375 0.001020275 -0.001934327
v 0.02137414 -0.003119584 0.008113414
v 0.02160229 0.0003212094 0.003978007
v 0.02174192 0.004895251 0.0007537603
v 0.02190774 0.007715331 -0.003604837
v 0.02157188 0.004532008 0.005721606
v 0.02169261 0.009398792 0.001707971
v 0.02213549 0.009040248 -0.01222583
v 0.02208029 0.01072956 -0.01105198
v 0.02207962 0.01386376 -0.0120722
v 0.02204543 0.01285725 -0.01023637
v 0.02206205 0.0122288 -0.009144552
v 0.02205278 0.01488088 -0.01073688
v 0.02199106 0.01412859 -0.008839957
v 0.02196272 0.0159133 -0.01007673
v 0.02193111 0.01507579 -0.007322982
v 0.02208244 0.01620417 -0.01448811
v 0.0220729 0.01790833 -0.01678184
v 0.02194055 0.01933241 -0.01395956
v 0.02200308 0.01705909 -0.01227681
v 0.02175386 0.02283427 -0.01354744
v 0.02200938 0.01543301 -0.01204956
v 0.02193916 0.01757623 -0.01156183
v 0.02188024 0.01878841 -0.01266328
v 0.02194779 0.0178996 -0.01044969
v 0.0218336 0.02071133 -0.01143274
v 0.02182907 0.01920498 -0.009815253
v 0.02183732 0.01866056 -0.007594749
v 0.02161498 0.02439544 -0.01119809
v 0.02179305 0.02092454 -0.009331234
v 0.02169692 0.02234424 -0.009848334
v 0.02169773 0.02137676 -0.00706277
v 0.0215048 0.0250128 -0.00782004
v 0.02171677 0.01650176 -0.002298534
v 0.0216092 0.02003073 -0.002609298
v 0.02143658 0.02481363 -0.004570365
v 0.02213025 0.00810839 -0.01054546
v 0.0219727 0.01070514 -0.006674796
v 0.02194434 0.00933749 -0.005391568
v 0.02189866 0.01077304 -0.003779911
v 0.0218441 0.01394815 -0.004050463
v 0.02170453 0.01297173 0.0003958493
v 0.02195398 0.02361267 -0.02956466
v 0.02164052 0.02801764 -0.03295095
v 0.02153873 0.02883211 -0.02900416
v 0.02124522 0.03256786 -0.03417588
v 0.02178622 0.0254229 -0.02611054
v 0.02139528 0.03005423 -0.02562887
v 0.02169675 0.02641255 -0.02239585
v 0.02119587 0.03159491 -0.01986853
v 0.02188246 0.02380368 -0.0235969
v 0.0218054 0.02377727 -0.01850133
v 0.02158992 0.02729213 -0.01972111
v 0.02092959 0.03548665 -0.03094151
v 0.02106794 0.03370032 -0.02665662
v 0.021054 0.03339629 -0.02302045
v 0.02072041 0.03686807 -0.02516314
v 0.02085041 0.03658782 -0.03457678
v 0.02048472 0.03971355 -0.0320734
v 0.02040545 0.0409544 -0.03258956
v 0.020641 0.03782346 -0.02802715
v 0.02038457 0.04074646 -0.0296558
v 0.02019004 0.0422078 -0.03069848
v 0.02000862 0.0428009 -0.03079434
v 0.02039929 0.03995573 -0.02591162
v 0.02028621 0.04094393 -0.02274247
v 0.02035386 0.04103611 -0.0264513
v 0.02012737 0.04245518 -0.02841384
v 0.01969529 0.04316375 -0.02781572
v 0.02008311 0.04238788 -0.0248917
v 0.02151871 0.02724472 -0.01610283
v 0.02146593 0.02725788 -0.01310005
v 0.02108232 0.03196787 -0.01416896
v 0.02076799 0.03611534 -0.02138276
v 0.02074433 0.03593107 -0.01761416
v 0.02029601 0.04010764 -0.01859828
v 0.0212108 0.02939128 -0.009646259
v 0.02085823 0.03370505 -0.01065749
v 0.0207987 0.03469343 -0.01292854
v 0.02114022 0.02880015 -0.004353531
v 0.02092955 0.03215979 -0.007825181
v 0.02039525 0.03883488 -0.01419168
v 0.02051008 0.03730946 -0.0106062
v 0.02021717 0.04060702 -0.01210737
v 0.02024176 0.03986458 -0.00747256
v 0.02021371 0.04091652 -0.007716902
v 0.02065313 0.03530195 -0.008009389
v 0.01964409 0.04322781 -0.02445736
v 0.01890483 0.04368487 -0.02255506
v 0.02001411 0.04266849 -0.02275366
v 0.01951566 0.04334375 -0.02094281
v 0.02026775 0.04090326 -0.01880775
v 0.01997333 0.04264874 -0.02031793
v 0.01994465 0.04259101 -0.01718649
v 0.01802016 0.04389604 -0.02003149
v 0.01785672 0.04398866 -0.01743252
v 0.0191611 0.04361987 -0.01975562
v 0.01890643 0.04375555 -0.01726624
v 0.01960523 0.04322729 -0.01782393
v 0.0159702 0.04397123 -0.01574613
v 0.01755424 0.04401129 -0.01476534
v 0.01644429 0.04399569 -0.01377992
v 0.01883184 0.04377984 -0.01498707
v 0.0201782 0.04115672 -0.01610687
v 0.02001433 0.0422005 -0.01511388
v 0.01972595 0.04307996 -0.01582505
v 0.02021879 0.04082836 -0.01328429
v 0.01970445 0.04297037 -0.01361386
v 0.02002805 0.04212215 -0.01197807
v 0.01929478 0.04349247 -0.0139687
v 0.01936246 0.04348657 -0.01641557
v 0.01806798 0.04403917 -0.01154766
v 0.01579931 0.04408972 -0.0126834
v 0.01616371 0.04402163 -0.01032295
v 0.01968193 0.04301727 -0.01100409
v 0.01886062 0.04378444 -0.0109155
v 0.01984608 0.04258286 -0.008609883
v -0.02022602 -0.04384326 0.01074999
v -0.01923214 -0.04445652 0.01303826
v -0.02049725 -0.04347952 0.01264648
v -0.01995197 -0.04414663 0.01326662
v -0.02062487 -0.04179675 0.01254598
v -0.02055336 -0.043211 0.01492409
v -0.01696825 -0.04461192 0.012096
v -0.0167248 -0.04457301 0.01443344
v -0.01782189 -0.04458624 0.01459392
v -0.01929796 -0.04444569 0.01674391
v -0.02037351 -0.04374543 0.01733796
v -0.02024975 -0.04386083 0.01512334
v -0.01978342 -0.04427183 0.01564728
v -0.01983315 -0.04420666 0.01819813
v -0.01918716 -0.04444838 0.01934572
v -0.01737224 -0.04459333 0.01750632
v -0.02064902 -0.04167205 0.01689052
v -0.02066746 -0.04033922 0.01404963
v -0.02055418 -0.04316799 0.0183446
v -0.02071826 -0.03969385 0.019206
v -0.02024535 -0.04381325 0.01928519
v -0.01980076 -0.04428515 0.02079597
v -0.02058704 -0.04314668 0.02055525
v -0.01773578 -0.04459564 0.02078175
v -0.02043013 -0.0435685 0.02139188
v -0.02055082 -0.04322137 0.02226945
v -0.01990484 -0.04413281 0.02201453
v -0.01948392 -0.04436652 0.0231369
v -0.01757776 -0.04458851 0.02265856
v -0.02060493 -0.04122051 0.02213107
v -0.01861005 -0.04455637 0.02364676
v -0.01947792 -0.04424417 0.02481577
v -0.02014581 -0.04393383 0.02448399
v -0.01888158 -0.04426609 0.02639217
v -0.02046707 -0.0435597 0.02365561
v -0.02064038 -0.04313851 0.02412737
v -0.02074671 -0.0411241 0.02375273
v -0.02041333 -0.04303067 0.02691424
v -0.02037788 -0.04360866 0.02546328
v -0.02025527 -0.04356896 0.02666417
v -0.02002603 -0.04390724 0.02706474
v -0.02058855 -0.04112992 0.02527822
v -0.02086416 -0.03645326 0.02208505
v -0.02080998 -0.03834392 0.01923753
v -0.02072484 -0.03918894 0.02206726
v -0.02105636 -0.03776546 0.02336337
v -0.02091217 -0.03988664 0.02352467
v -0.02081232 -0.03780477 0.0248146
v -0.02084695 -0.03820857 0.009687997
v -0.02112255 -0.03248333 0.009975791
v -0.02090384 -0.03599126 0.01132163
v -0.02092055 -0.03582645 0.01360901
v -0.02120684 -0.0300511 0.01318815
v -0.0212841 -0.02909958 0.01076731
v -0.02107358 -0.03129526 0.01516835
v -0.02082125 -0.03856132 0.01253591
v -0.02083791 -0.03852931 0.01639812
v -0.0208444 -0.03666823 0.01594175
v -0.02152875 -0.02489245 0.005613908
v -0.02145498 -0.02611177 0.008233733
v -0.02137823 -0.02671351 0.0125037
v -0.02140423 -0.02595418 0.01061881
v -0.02152321 -0.02213861 0.01000065
v -0.02151889 -0.02261348 0.01215583
v -0.02091574 -0.03642749 0.01817562
v -0.02100277 -0.03477089 0.01699881
v -0.02088342 -0.03620682 0.0193941
v -0.02099083 -0.03417123 0.01911175
v -0.02113402 -0.03226343 0.01750773
v -0.02112922 -0.03081871 0.01687633
v -0.02122624 -0.02957852 0.01812787
v -0.02108198 -0.03618772 0.0234936
v -0.0210306 -0.03207026 0.0218285
v -0.02109532 -0.03041171 0.01942917
v -0.02110902 -0.03032578 0.02204499
v -0.02122705 -0.02780504 0.01432147
v -0.02117775 -0.02874244 0.01589788
v -0.02126664 -0.02570291 0.01519606
v -0.02134444 -0.02213898 0.01515272
v -0.0213433 -0.0267568 0.01782645
v -0.02122219 -0.02723848 0.01906201
v -0.02139847 -0.02362125 0.01773167
v -0.02131548 -0.02318974 0.01891421
v -0.02119431 -0.02517093 0.02190422
v -0.02144297 -0.02056711 0.01792505
v -0.02133464 -0.02041075 0.01903533
v -0.02047979 -0.0434151 0.02825312
v -0.02051092 -0.0410951 0.02835576
v -0.02037092 -0.04164559 0.02719163
v -0.01987901 -0.04410924 0.02893817
v -0.02027899 -0.0437577 0.03037069
v -0.02059273 -0.04317611 0.03041132
v -0.02066948 -0.04182039 0.02979798
v -0.0206477 -0.04077247 0.02995715
v -0.02048973 -0.04013717 0.02679916
v -0.02053166 -0.03786508 0.02733305
v -0.0206521 -0.04189929 0.03265951
v -0.0205811 -0.04303622 0.03226025
v -0.02060108 -0.04118125 0.03351831
v -0.02073958 -0.03608969 0.03311968
v -0.02078258 -0.03657055 0.02951589
v -0.02065735 -0.03301565 0.03905743
v -0.02064224 -0.03740751 0.03707573
v -0.02120538 -0.03376805 0.02353124
v -0.02087857 -0.03428418 0.02550693
v -0.0211132 -0.03104632 0.0243765
v -0.02075657 -0.03155827 0.02705169
v -0.02062871 -0.03512171 0.02709631
v -0.0212975 -0.03152043 0.0233792
v -0.02136416 -0.02948022 0.02341268
v -0.02114592 -0.02769176 0.02465305
v -0.02081025 -0.02849764 0.02694821
v -0.02089429 -0.03238507 0.02960201
v -0.02093478 -0.02928916 0.0294854
v -0.02097837 -0.02715864 0.02928368
v -0.02125237 -0.02164767 0.02195792
v -0.02145102 -0.02073958 0.02344529
v -0.02143537 -0.02345392 0.02347493
v -0.02113857 -0.02791855 0.02189719
v -0.02137301 -0.02687099 0.02340394
v -0.02139045 -0.02508797 0.0236297
v -0.02118714 -0.02465708 0.02467302
v -0.02086039 -0.02500644 0.02701937
v -0.02092157 -0.02262586 0.02702152
v -0.02100323 -0.02340436 0.02914706
v -0.02124301 -0.02237725 0.02453705
v -0.02122441 -0.01981052 0.02461607
v -0.02088609 -0.02976013 0.03238555
v -0.02077922 -0.02878568 0.03451841
v -0.02073508 -0.03109244 0.03588635
v -0.02091118 -0.02666202 0.03260361
v -0.02068102 -0.02849592 0.03853901
v -0.02080513 -0.02539756 0.03462291
v -0.02077245 -0.02575829 0.0367931
v -0.02097824 -0.02485985 0.03047176
v -0.02090034 -0.02244329 0.0328019
v -0.02102312 -0.02192891 0.03000169
v -0.02093389 -0.02010863 0.02723527
v -0.02106392 -0.01961503 0.02987751
v -0.02096859 -0.01881073 0.03132792
v -0.0208049 -0.02039287 0.03448096
v -0.0207764 -0.02160676 0.03665509
v -0.02191998 -0.01356222 0.00069464
v -0.02192062 -0.008114092 0.0002772734
v -0.02183708 -0.01192302 0.002264589
v -0.02176141 -0.01332367 0.005150005
v -0.02181287 -0.008263653 0.002628811
v -0.02173084 -0.0106484 0.005406633
v -0.02171241 -0.01210926 0.00768213
v -0.02167478 -0.008848082 0.007734314
v -0.02170284 -0.007293839 0.005409926
v -0.02162243 -0.02096186 0.007648483
v -0.02165992 -0.02006257 0.005527012
v -0.02176123 -0.018725 0.003191262
v -0.02169884 -0.0167 0.006592304
v -0.02157784 -0.0190853 0.01027839
v -0.02163073 -0.01502322 0.009793103
v -0.0215682 -0.02020158 0.01213379
v -0.02141616 -0.01781804 0.01477932
v -0.02156501 -0.01593444 0.012738
v -0.02142723 -0.01738485 0.01646139
v -0.02145758 -0.01754811 0.01828016
v -0.02142754 -0.01466322 0.01538766
v -0.02148456 -0.01540154 0.01774887
v -0.02160858 -0.0102517 0.009578384
v -0.02160642 -0.01318653 0.0116989
v -0.02156697 -0.006337844 0.009795062
v -0.02140248 -0.01151744 0.01535926
v -0.0215609 -0.0100279 0.01250946
v -0.02154766 -0.007336842 0.01208742
v -0.02138859 -0.007811295 0.01505383
v -0.02140316 -0.005843701 0.0143044
v -0.02177385 -0.004844902 0.002622254
v -0.02166912 5.063601e-05 0.001814403
v -0.02162894 -0.002433712 0.005184203
v -0.02173577 0.002691946 -0.003633447
v -0.02161108 0.006724483 -0.004084043
v -0.0215207 0.006112648 -0.001382604
v -0.02158258 0.003562712 0.0009114444
v -0.02166494 -0.005694002 0.006969072
v -0.02153914 -0.004068989 0.009293914
v -0.021534 0.0007161237 0.006824493
v -0.0214012 -0.0002674013 0.009192131
v -0.02150927 -0.005000537 0.01212078
v -0.02140191 -0.0004861746 0.01224419
v -0.02130282 0.001304183 0.01005155
v -0.02132419 0.002821374 0.01196022
v -0.02151857 0.001479127 0.005480535
v -0.02144617 0.004240669 0.004613817
v -0.02147371 0.003197349 0.006663226
v -0.02134066 0.008090002 0.003135689
v -0.02142595 0.002351291 0.008426562
v -0.02131911 0.005425978 0.007929474
v -0.02130393 0.002964768 0.009429194
v -0.02127274 0.007669528 0.006115668
v -0.0212204 0.006338682 0.00945276
v -0.02128383 -0.01938738 0.02179794
v -0.02136409 -0.016227 0.01918566
v -0.02127218 -0.01682722 0.02181809
v -0.02127039 -0.0143422 0.02161485
v -0.02133332 -0.01342093 0.01981062
v -0.02145792 -0.01305732 0.0173224
v -0.02142527 -0.01841023 0.02345802
v -0.021423 -0.01554007 0.02335404
v -0.02125169 -0.01578205 0.02434375
v -0.02088499 -0.0164561 0.02726536
v -0.02123777 -0.01194299 0.02187908
v -0.02142212 -0.01254188 0.02336527
v -0.02123706 -0.01355656 0.02443907
v -0.0214304 -0.01050902 0.01768714
v -0.02134797 -0.01096729 0.0191744
v -0.02133013 -0.007596184 0.01853279
v -0.02140492 -0.008341426 0.01652882
v -0.02138256 -0.005380476 0.01715838
v -0.02127699 -0.005763518 0.01887761
v -0.02123225 -0.009747192 0.02181636
v -0.02140205 -0.009888003 0.02354306
v -0.02119647 -0.007159552 0.02146673
v -0.02114585 -0.004864652 0.02178752
v -0.02137638 -0.00813444 0.02341085
v -0.02133374 -0.005995413 0.02336335
v -0.02088405 -0.01444744 0.02698307
v -0.02087952 -0.01103636 0.02678453
v -0.0209789 -0.0144331 0.02854843
v -0.02095085 -0.01218587 0.02869146
v -0.02103334 -0.01321126 0.02954619
v -0.02097496 -0.009485194 0.02964163
v -0.02106574 -0.01755257 0.02950069
v -0.02099959 -0.01508315 0.0301236
v -0.02088998 -0.0147818 0.03260497
v -0.02077732 -0.01701188 0.03477264
v -0.02089535 -0.01120673 0.03137346
v -0.02112692 -0.00938181 0.02474863
v -0.02081177 -0.007164879 0.02684584
v -0.02082635 -0.009695573 0.02745241
v -0.02127976 -0.004119216 0.0233053
v -0.02109282 -0.005129393 0.02455317
v -0.02085169 -0.006388145 0.02866489
v -0.02078582 -0.007716088 0.03236974
v -0.02089387 -0.006593611 0.03003644
v -0.02070985 -0.003752783 0.02709725
v -0.02085852 -0.004007798 0.02943865
v -0.02069409 -0.001791567 0.02790973
v -0.0212538 -0.0001358986 0.01569325
v -0.02116273 0.003109758 0.01472585
v -0.02121507 0.00596566 0.0121961
v -0.02109065 0.009008082 0.01220448
v -0.02102234 0.01150801 0.009233385
v -0.02095729 0.009004607 0.01526181
v -0.02109341 0.005656109 0.01684325
v -0.0211851 0.003051674 0.01722069
v -0.02099571 0.008920887 0.01792408
v -0.02101745 0.00577642 0.01860674
v -0.02083428 0.01062695 0.0190296
v -0.02131368 -0.003062667 0.0150002
v -0.02127452 -0.001163831 0.01747738
v -0.02118992 -0.003260229 0.0195371
v -0.02104272 -4.518963e-05 0.02155542
v -0.02110549 0.001571525 0.0190246
v -0.02110302 -0.002433438 0.02194963
v -0.02096892 -0.00202281 0.02477122
v -0.02121189 -0.0008483194 0.0234256
v -0.02095488 0.00318398 0.02189682
v -0.02112325 0.001065478 0.02333964
v -0.02087148 0.005275105 0.0217685
v -0.02106777 0.003694223 0.02334485
v -0.02095284 0.0005079042 0.0246189
v -0.02064211 -0.0002166945 0.02697064
v -0.02064857 0.002505333 0.02630237
v -0.02078905 -0.000819983 0.02922898
v -0.02088412 0.002483626 0.02440706
v -0.02084229 0.004004037 0.02464958
v -0.02050399 0.004702318 0.0270604
v -0.02076362 0.007256717 0.02446518
v -0.02062248 0.002216333 0.02815422
v -0.02085364 0.006813106 0.02157672
v -0.02072487 0.01057844 0.02160605
v -0.02098137 0.005042916 0.02337629
v -0.0209806 0.006588988 0.02315615
v -0.02094357 0.008628564 0.02326613
v -0.02078763 0.01150832 0.02327006
v -0.02057957 0.01053167 0.02482469
v -0.02057556 0.01433217 0.02150049
v -0.02055534 -0.03041741 0.04282318
v -0.02060439 -0.02475534 0.04099239
v -0.02043211 -0.02669679 0.04566807
v -0.0204344 -0.02219645 0.04430418
v -0.02032323 -0.02391187 0.0482244
v -0.02066931 -0.02361574 0.03857872
v -0.02059591 -0.02021012 0.04033899
v -0.02063941 -0.01854307 0.03835826
v -0.02075658 -0.01896822 0.03652758
v -0.02071572 -0.01555294 0.03669102
v -0.02045243 -0.01848551 0.04227279
v -0.02055598 -0.01602199 0.04029486
v -0.02029199 -0.01661689 0.04559714
v -0.02031111 -0.01330373 0.04364945
v -0.02003357 -0.01728553 0.05188754
v -0.02005252 -0.01280716 0.04844481
v -0.02075638 -0.01331214 0.03440788
v -0.02065079 -0.01110588 0.03646013
v -0.02067971 -0.008959033 0.03464006
v -0.02055813 -0.01316709 0.03861991
v -0.02046607 -0.01305346 0.04070702
v -0.02050431 -0.01052523 0.03861035
v -0.02040569 -0.008739144 0.04009794
v -0.02067787 -0.003684444 0.03257212
v -0.02072188 -0.001461593 0.03050806
v -0.02052541 -0.002155682 0.03427084
v -0.02061773 -0.006455772 0.03447591
v -0.02052553 -0.007149786 0.03697147
v -0.02050523 -0.004732458 0.0364108
v -0.02027046 -0.004337948 0.04027151
v -0.02038113 -0.0004103668 0.03646898
v -0.02032132 -0.002940172 0.03820071
v -0.02027574 -0.009931697 0.04234885
v -0.02010952 -0.008478759 0.04495597
v -0.01987163 -0.005951511 0.04784399
v -0.02013141 -0.005258339 0.04251838
v -0.02014714 0.002220287 0.03851038
v -0.02012678 0.0005299263 0.0400404
v -0.02003385 -0.002125654 0.04235329
v -0.01986086 -0.001161147 0.04489608
v -0.01991284 0.001715874 0.04235354
v -0.02074774 0.001276195 0.02927624
v -0.02065074 0.00463492 0.02922117
v -0.02047567 0.004501531 0.0322009
v -0.02057105 0.006889934 0.02956067
v -0.02040942 0.001961354 0.03432359
v -0.02018393 0.005037304 0.03701144
v -0.0203789 0.008226656 0.03221899
v -0.02027457 0.006347206 0.03442294
v -0.02043957 0.008958512 0.02658174
v -0.02047854 0.007440784 0.02786107
v -0.02036359 0.009810649 0.02780208
v -0.02048575 0.009629328 0.02918259
v -0.02027607 0.01223665 0.02689696
v -0.02056295 0.01247722 0.02457231
v -0.020324 0.01513862 0.02550715
v -0.02035988 0.01319236 0.02924232
v -0.0201416 0.01537729 0.02746415
v -0.02019714 0.01339006 0.0324294
v -0.02015392 0.009038906 0.0354191
v -0.01999522 0.004221461 0.0403932
v -0.01992192 0.007323044 0.04021171
v -0.01979002 0.005697376 0.04236084
v -0.01969775 0.009080417 0.0423792
v -0.0196276 0.005482481 0.04526831
v -0.01988989 0.01068514 0.03901519
v -0.02001813 0.01260362 0.03621
v -0.02003711 0.01431113 0.03454999
v -0.01971146 0.01577547 0.03945826
v -0.01977094 -0.01013251 0.05248114
v -0.01965449 -0.005873995 0.05179763
v -0.01961664 -0.008216873 0.05511171
v -0.01948812 -0.005966481 0.05717453
v -0.01942966 -0.00294931 0.05462635
v -0.0195506 -0.001308223 0.05004545
v -0.019468 0.001707856 0.04981788
v -0.0193375 0.0007019304 0.05325508
v -0.01923657 0.004187557 0.05264857
v -0.0194329 -0.0046818 0.05888349
v -0.01931106 -0.002173223 0.05692625
v -0.01948075 -0.003179932 0.05965926
v -0.01935616 -0.001881262 0.05962187
v -0.01926462 -0.0006534569 0.05633606
v -0.01941438 -0.0006773621 0.05900766
v -0.01924673 0.001434928 0.05815822
v -0.01912672 0.003267172 0.05588713
v -0.01922691 -0.000250943 0.06134526
v -0.01935002 -0.002548574 0.0615973
v -0.01926238 0.002882452 0.05889435
v -0.0191429 0.003955552 0.05822891
v -0.01915087 0.001428008 0.06099561
v -0.01917097 0.002507001 0.06075723
v -0.01906112 0.00360097 0.06066664
v -0.01902744 0.004694547 0.06133513
v -0.01906314 0.005534286 0.05927813
v -0.0193673 0.006824149 0.04869384
v -0.01911256 0.008381589 0.05225547
v -0.01947849 0.01066493 0.04543693
v -0.01919778 0.01246483 0.04886365
v -0.01957589 0.01320698 0.04260695
v -0.01920998 0.0159975 0.04709671
v -0.01948405 0.01655998 0.04251595
v -0.01905857 0.006403264 0.05530083
v -0.01911735 0.00560855 0.05747649
v -0.01895565 0.009908571 0.05484655
v -0.01892766 0.01329194 0.05315705
v -0.01893565 0.007474735 0.05904798
v -0.01900261 0.008865649 0.05694264
v -0.01892069 0.009990157 0.05721548
v -0.01892326 0.01202502 0.05622211
v -0.01894066 0.00849007 0.05958503
v -0.01877096 0.01180053 0.05929995
v -0.01873549 0.01380805 0.0573604
v -0.01894136 0.01656664 0.05126891
v -0.01905401 0.01941649 0.04787864
v -0.01869536 0.02271919 0.05257213
v -0.0187496 0.01603997 0.0552074
v -0.01862991 0.01959621 0.05546537
v -0.0191716 0.001506548 0.06308027
v -0.01900442 0.002920094 0.0635628
v -0.01905772 0.004031308 0.06394517
v -0.01890296 0.005818797 0.06282622
v -0.0189281 0.005869946 0.06392324
v -0.01938715 0.004155373 0.06573558
v -0.01911975 0.005927585 0.06477575
v -0.01924271 0.00588737 0.06614548
v -0.01890993 0.007409331 0.06174719
v -0.01884341 0.009402134 0.06003864
v -0.01886974 0.007637362 0.06281744
v -0.01903726 0.006992594 0.06407949
v -0.01882545 0.009225097 0.06382695
v -0.01873748 0.009502025 0.06188297
v -0.01879605 0.0107201 0.06079359
v -0.01867289 0.01148702 0.06243289
v -0.01858483 0.01386373 0.0616754
v -0.01868687 0.01277388 0.06278838
v -0.01915349 0.008224179 0.06526355
v -0.01908836 0.009513481 0.06588563
v -0.01913564 0.00780036 0.06765489
v -0.01913257 0.01070434 0.06620634
v -0.01898036 0.01057277 0.06461602
v -0.01890996 0.01196403 0.06536381
v -0.01879669 0.01341793 0.0647188
v -0.01899192 0.01218363 0.06760287
v -0.01884164 0.0133979 0.0662691
v -0.01870634 0.01505906 0.05808942
v -0.018567 0.01827798 0.05805972
v -0.01871839 0.01357691 0.05990444
v -0.01857631 0.01536257 0.06034893
v -0.01854857 0.01677906 0.06091024
v -0.01842649 0.02038148 0.05955055
v -0.01871816 0.01484269 0.06222457
v -0.01882772 0.0152105 0.06361026
v -0.01870138 0.01666551 0.06296681
v -0.01864999 0.01601329 0.06498279
v -0.01852732 0.01765032 0.06399277
v -0.01853112 0.01902578 0.06223843
v -0.01833727 0.02132795 0.06291758
v -0.0185697 0.01925905 0.06501944
v -0.01843139 0.02061464 0.06455079
v -0.01906556 0.009930717 0.06805669
v -0.01904894 0.0113521 0.06861643
v -0.01894368 0.01383102 0.06751397
v -0.01874378 0.01527058 0.06620649
v -0.01905023 0.01282045 0.0690461
v -0.01886695 0.01504144 0.06836413
v -0.019145 0.01157989 0.07047376
v -0.01929805 0.01215442 0.07173164
v -0.01908613 0.01468439 0.07051493
v -0.0190533 0.0157049 0.06993403
v -0.01920805 0.01498586 0.07169537
v -0.0193539 0.01409671 0.07416442
v -0.0192671 0.01578069 0.07336913
v -0.01943323 0.01518798 0.07451154
v -0.01925474 0.0167392 0.07299055
v -0.01883524 0.0162646 0.06713659
v -0.01855678 0.01787057 0.06621602
v -0.01878685 0.01792141 0.06825751
v -0.0186081 0.01995313 0.06679967
v -0.01875717 0.01978072 0.0693009
v -0.01854173 0.02296766 0.06741515
v -0.01898365 0.01767396 0.07048057
v -0.01889131 0.02066966 0.07064976
v -0.01909081 0.01926613 0.07309426
v -0.01887615 0.02447406 0.07214119
v -0.01924686 0.01816868 0.07455729
v -0.01921806 0.02101798 0.07367076
v -0.01925096 0.01936783 0.07511784
v -0.01953648 0.01709699 0.07589698
v -0.01934636 0.01871067 0.07684766
v -0.01922983 0.01989522 0.07612921
v -0.019282 0.02125271 0.07591431
v -0.01906738 0.02260422 0.07348682
v -0.01925509 0.02388222 0.07625568
v -0.01941038 0.02001593 0.07744318
v -0.01948925 0.02183985 0.07863796
v -0.01936563 0.02632807 0.07902484
v -0.01957053 0.02481453 0.08180681
v -0.01949282 0.02880109 0.08289838
v -0.01972112 0.02628449 0.08416678
v -0.01966822 0.02504125 0.08355711
v -0.01977349 0.02884115 0.0857701
v -0.01984467 0.02863292 0.08502932
v -0.01990036 0.02657402 0.08527605
v -0.01932728 -0.04431837 0.06335087
v -0.0193564 -0.04430339 0.06628583
v -0.01971245 -0.04417242 0.06486322
v -0.01768126 -0.0447347 0.06284484
v -0.0202218 -0.04372734 0.06508352
v -0.02016131 -0.04380244 0.06721516
v -0.02061016 -0.04319005 0.06644313
v -0.02062101 -0.04305715 0.06804161
v -0.01960558 -0.04421312 0.06859955
v -0.01762396 -0.04455342 0.06812763
v -0.01771086 -0.04456766 0.06554686
v -0.01712353 -0.04457945 0.06709667
v -0.01385264 -0.04500445 0.06359114
v -0.01437061 -0.04491444 0.06802835
v -0.01704351 -0.04457499 0.0695315
v -0.02055087 -0.04333276 0.06989807
v -0.02020162 -0.04374877 0.07086024
v -0.02071101 -0.04278066 0.06982709
v -0.02051264 -0.0434194 0.07172616
v -0.01756219 -0.0445376 0.07050015
v -0.01952419 -0.04419898 0.07096033
v -0.02003481 -0.04393929 0.0727011
v -0.01939434 -0.0442288 0.07290983
v -0.01755652 -0.04450635 0.07390231
v -0.02073937 -0.04287273 0.07333852
v -0.02074655 -0.04161865 0.07150818
v -0.02080299 -0.04163573 0.07430668
v -0.01992897 -0.0439758 0.07459036
v -0.02042271 -0.04354943 0.0738833
v -0.01959734 -0.04414713 0.07636961
v -0.02023624 -0.04373624 0.07715242
v -0.02062 -0.04318807 0.07636264
v -0.01807711 -0.04436726 0.07695717
v -0.02082631 -0.04236683 0.0763386
v -0.01477998 -0.04484016 0.07015927
v -0.01177747 -0.04496557 0.06902488
v -0.01308629 -0.04481474 0.07476044
v -0.01067232 -0.04495192 0.07270852
v -0.009824415 -0.04491946 0.07577972
v -0.008190047 -0.04499148 0.07374394
v -0.01549033 -0.04456224 0.07792969
v -0.01096103 -0.04480511 0.07936573
v -0.007752981 -0.04498895 0.07828486
v -0.006319929 -0.04506885 0.07498021
v -0.004425264 -0.0450653 0.08150654
v -0.003752588 -0.04513086 0.07753447
v -0.01251684 -0.04483292 0.0147166
v -0.01280275 -0.04479261 0.0175525
v -0.01070794 -0.04490231 0.01680051
v -0.01021555 -0.04486376 0.01866215
v -0.007827135 -0.04502529 0.01776057
v -0.01044414 -0.0448404 0.02144288
v -0.01333651 -0.04472074 0.02187301
v -0.007162151 -0.04499291 0.02177563
v -0.004440351 -0.04516659 0.01647585
v -0.00499717 -0.04510532 0.02049891
v -0.00248353 -0.04517683 0.0193937
v -0.002821526 -0.04510351 0.02194443
v -5.350728e-05 -0.04516101 0.02158312
v -0.01695122 -0.04455333 0.02117755
v -0.01651802 -0.04458354 0.02260336
v -0.01334272 -0.04476758 0.02378903
v -0.01604431 -0.04460378 0.02407591
v -0.01079952 -0.04487558 0.02368612
v -0.01160158 -0.04476734 0.024582
v -0.00912053 -0.04487766 0.02456328
v -0.009512208 -0.04494075 0.02230272
v -0.01759945 -0.04451865 0.02436097
v -0.01395378 -0.04465391 0.0245073
v -0.01741058 -0.04449122 0.0262389
v -0.01552887 -0.04449309 0.02663482
v -0.01787698 -0.04439506 0.02729129
v -0.01531753 -0.04454803 0.02800298
v -0.01321289 -0.04464355 0.02701562
v -0.01101396 -0.04472429 0.02706581
v -0.01022839 -0.04477661 0.02787402
v -0.0123346 -0.04467703 0.02919769
v -0.008866107 -0.04501216 0.02365087
v -0.006462538 -0.04501229 0.02409197
v -0.006719172 -0.04494131 0.02585945
v -0.004525807 -0.04511681 0.02325436
v -0.002061009 -0.04514834 0.02380921
v -2.083369e-06 -0.04525124 0.02315157
v -0.002753435 -0.04502648 0.02487258
v -0.001392186 -0.04506541 0.02434441
v -0.004828981 -0.04497804 0.02578951
v -0.002916892 -0.04504158 0.02629492
v -0.008130915 -0.04492869 0.02636611
v -0.007226668 -0.04487424 0.02710614
v -0.006661572 -0.04492893 0.02804993
v -0.008456131 -0.04481066 0.02942213
v -0.006397392 -0.0449373 0.03010111
v -0.004999781 -0.04494445 0.02712844
v -0.004785891 -0.04496323 0.02825968
v -0.002767908 -0.04497546 0.02724996
v 0.001492443 -0.0452064 0.02177401
v 0.002031571 -0.04527459 0.02274463
v 0.002793791 -0.04530542 0.02381297
v 0.001683138 -0.04513998 0.02456777
v -0.00129018 -0.04508339 0.02662516
v -9.684404e-05 -0.04504875 0.0273271
v 0.003138072 -0.04517637 0.02487995
v 0.003966962 -0.04516491 0.02644867
v 0.00156029 -0.0451101 0.02775121
v 0.004415583 -0.04508153 0.02748069
v -0.002039927 -0.04502428 0.02827732
v 0.000931805 -0.04505728 0.02923106
v -0.002764021 -0.04498366 0.02944411
v -0.00217276 -0.04505342 0.03076918
v 0.002081863 -0.04512079 0.0300137
v 0.004640755 -0.04513333 0.02816999
v -3.3502e-05 -0.04507694 0.03278311
v 0.007171692 -0.04511473 0.02924129
v 0.006817696 -0.04514109 0.02774424
v 0.006470751 -0.04518352 0.03196334
v 0.002330475 -0.04534028 0.01711433
v 0.002050284 -0.04529724 0.01941475
v 0.004380872 -0.04521168 0.02152609
v 0.007111454 -0.04523011 0.02145757
v 0.007032274 -0.04528638 0.02310882
v 0.00477937 -0.04529738 0.02376613
v 0.0128703 -0.04517915 0.02144915
v 0.01478164 -0.04522198 0.02267222
v 0.009291194 -0.04529631 0.02268026
v 0.01058664 -0.04523618 0.02207111
v 0.006373211 -0.04516986 0.02459124
v 0.01034065 -0.04528961 0.02355599
v 0.009853695 -0.04516816 0.02501058
v 0.01216561 -0.04529779 0.02369463
v 0.01332165 -0.04525582 0.02271888
v 0.01343545 -0.04517292 0.02423162
v 0.01178847 -0.04513919 0.02480052
v 0.01389119 -0.04511969 0.02631377
v 0.01506123 -0.04514223 0.02461454
v 0.006732333 -0.04520795 0.02671795
v 0.009242616 -0.04514559 0.02710892
v 0.008622047 -0.04514492 0.0281598
v 0.01095313 -0.04520027 0.02660669
v 0.01335457 -0.04505963 0.02764343
v 0.01125462 -0.04513685 0.02792475
v 0.01101107 -0.045128 0.02926497
v 0.01189925 -0.04518259 0.03284538
v -0.01987274 -0.04410673 0.0309412
v -0.01935434 -0.04431862 0.03208241
v -0.0199899 -0.04405383 0.03333013
v -0.0203591 -0.04364906 0.03271878
v -0.02034571 -0.04372808 0.03478896
v -0.02055868 -0.04324849 0.03414486
v -0.01960806 -0.04429803 0.03617881
v -0.0193198 -0.0443376 0.03417438
v -0.0177522 -0.04446362 0.03377348
v -0.01785445 -0.04451727 0.03612798
v -0.01673682 -0.04448643 0.03569477
v -0.01926449 -0.04433206 0.02858205
v -0.01719417 -0.04447861 0.02801072
v -0.01770082 -0.04449482 0.02940375
v -0.01647541 -0.04446847 0.02948915
v -0.01777283 -0.04450668 0.03113219
v -0.01693694 -0.04448956 0.03114777
v -0.01456325 -0.04460701 0.03067835
v -0.0124617 -0.04473267 0.03038327
v -0.01268631 -0.04467431 0.03202946
v -0.009635825 -0.04482199 0.03006574
v -0.008417786 -0.04483307 0.03464586
v -0.004317439 -0.04498754 0.03327256
v -0.005745386 -0.04490876 0.03819308
v -0.01226683 -0.04467575 0.03643484
v -0.008847263 -0.04481596 0.03836998
v -0.02049351 -0.0434788 0.03619196
v -0.02009129 -0.04402488 0.03676096
v -0.0195772 -0.04429029 0.03761369
v -0.02052172 -0.04316394 0.03880219
v -0.02058702 -0.04184694 0.03646005
v -0.01914409 -0.04440951 0.03903976
v -0.02009312 -0.04399079 0.03891765
v -0.0175601 -0.04452373 0.03856535
v -0.01606337 -0.04452864 0.03864524
v -0.01969757 -0.04430921 0.0411188
v -0.02021698 -0.04389699 0.04074082
v -0.0204982 -0.04323739 0.04081902
v -0.02057646 -0.0417396 0.03996979
v -0.02034789 -0.04361833 0.04200241
v -0.0201465 -0.04392119 0.0432398
v -0.02056322 -0.04193947 0.04282041
v -0.02052368 -0.04083116 0.04375301
v -0.01862565 -0.04447585 0.04148701
v -0.01945875 -0.04433729 0.04253829
v -0.01726587 -0.04452796 0.04120493
v -0.01273781 -0.04468807 0.04095767
v -0.01886602 -0.04450292 0.04384843
v -0.01763806 -0.04459419 0.04309323
v -0.01598028 -0.04460708 0.04460642
v -0.01263599 -0.0446969 0.04379286
v -0.01057323 -0.04481779 0.04462089
v -0.009466268 -0.04480552 0.04172832
v -0.009044917 -0.04485679 0.04406194
v -0.008304055 -0.04480884 0.04467437
v -0.007333124 -0.04490249 0.04321848
v -0.0126112 -0.04467788 0.04575741
v -0.009436565 -0.04482519 0.04526237
v -0.02056113 -0.03939421 0.03973988
v -0.02056235 -0.03665605 0.04248671
v -0.006730299 -0.04486468 0.04083776
v -0.00285276 -0.04500741 0.03718975
v 0.003638934 -0.04513637 0.03411791
v 0.0005803769 -0.04506813 0.03851973
v 0.004492956 -0.04511644 0.03759909
v 0.009275872 -0.0451626 0.03684869
v 0.01449963 -0.04516442 0.03507202
v 0.004414374 -0.04510269 0.04107799
v 0.008255643 -0.04514066 0.04026988
v 0.007187016 -0.04509352 0.04304254
v -0.006261391 -0.0449754 0.04487035
v -0.00628623 -0.04493132 0.04609124
v -0.004389085 -0.0449492 0.04159649
v -0.001257512 -0.04499965 0.04209734
v 0.0006945103 -0.04505752 0.04257239
v -0.003996792 -0.0449622 0.04432167
v -0.00444806 -0.04497389 0.04640126
v -0.002179405 -0.04506275 0.0460878
v -0.0005642297 -0.04505746 0.04559532
v -0.003927195 -0.04492767 0.04822004
v -0.002062391 -0.04502656 0.04779814
v 0.002739598 -0.04504012 0.04380347
v 0.004796406 -0.04509338 0.04523961
v 0.002828048 -0.04510087 0.04558603
v 0.007578752 -0.0451207 0.04624587
v 0.0002830694 -0.04497447 0.04655166
v 0.00103249 -0.04506884 0.04561269
v 0.002247028 -0.04515468 0.04719341
v 0.0004362087 -0.04498168 0.04857463
v 0.002210649 -0.04509768 0.04851995
v 0.004109268 -0.04511315 0.04706104
v 0.006287869 -0.04514521 0.04746854
v 0.004720173 -0.04502862 0.04780532
v 0.004595208 -0.04495607 0.04988353
v 0.008087231 -0.0451109 0.04889323
v 0.00588883 -0.04509623 0.04919067
v 0.01698524 -0.04434808 0.02026976
v 0.01568957 -0.04511122 0.02315541
v 0.01649004 -0.04472744 0.02282909
v 0.01616925 -0.04491662 0.02442746
v 0.01730794 -0.0435109 0.02267528
v 0.01759763 -0.04191955 0.02149306
v 0.01705478 -0.04407361 0.02303542
v 0.01525172 -0.04513816 0.02653325
v 0.01627567 -0.04487341 0.02714887
v 0.01672993 -0.04454016 0.02478369
v 0.01760025 -0.04164768 0.02402683
v 0.01729086 -0.04337863 0.02479528
v 0.01715747 -0.04382781 0.02603085
v 0.01686004 -0.04436535 0.02689001
v 0.01755927 -0.04170079 0.02638824
v 0.01765781 -0.04076145 0.02521604
v 0.01837772 -0.03696484 0.02017329
v 0.01795576 -0.03949726 0.02189048
v 0.01800505 -0.03889896 0.02454045
v 0.0188418 -0.0333306 0.02116366
v 0.01852243 -0.0355467 0.02398764
v 0.01471957 -0.045139 0.02774118
v 0.01584012 -0.04502089 0.02865145
v 0.01626252 -0.04486681 0.02934673
v 0.01698503 -0.04425625 0.02850366
v 0.01420479 -0.04517494 0.03000487
v 0.01585596 -0.04506515 0.03097995
v 0.01655628 -0.04458276 0.03150142
v 0.01715497 -0.04368879 0.03116126
v 0.01729142 -0.04352996 0.02825714
v 0.01785593 -0.03951145 0.02784743
v 0.01770627 -0.04100028 0.02844241
v 0.01752102 -0.04176418 0.02947193
v 0.01484192 -0.04516874 0.03275584
v 0.01607819 -0.04490833 0.03296492
v 0.01697822 -0.04402785 0.03244925
v 0.01603185 -0.0449073 0.03542005
v 0.01662049 -0.04447906 0.03423581
v 0.01713939 -0.04375754 0.03487854
v 0.01747982 -0.04165117 0.03193482
v 0.01791778 -0.03883537 0.03053669
v 0.01743704 -0.04193749 0.03420326
v 0.01767508 -0.0403686 0.03255632
v 0.01801935 -0.0383513 0.0258564
v 0.01816873 -0.03753999 0.02942134
v 0.01820145 -0.03708209 0.02787711
v 0.01843698 -0.03513529 0.02647458
v 0.01880496 -0.03284083 0.02583194
v 0.01887781 -0.03264344 0.02438922
v 0.01850018 -0.03462456 0.02897827
v 0.01871274 -0.03265322 0.02714447
v 0.01842766 -0.03574361 0.02980383
v 0.01833381 -0.03571719 0.03090297
v 0.01817443 -0.03662663 0.03270586
v 0.01842723 -0.0345463 0.03331612
v 0.01870209 -0.03328438 0.0303395
v 0.01876087 -0.03216273 0.03125348
v 0.01457462 -0.04511856 0.03927848
v 0.01128088 -0.04512349 0.04172151
v 0.01374672 -0.04510969 0.04270193
v 0.01594312 -0.04488167 0.04095174
v 0.01540229 -0.04499248 0.04351485
v 0.01629064 -0.04474795 0.04434407
v 0.01671844 -0.04435564 0.04148497
v 0.01271251 -0.04507335 0.04457378
v 0.009692708 -0.0450897 0.04577459
v 0.01499706 -0.0450201 0.04632322
v 0.0160691 -0.04484973 0.04521134
v 0.01378371 -0.04506375 0.04799435
v 0.006710201 -0.04516378 0.04972337
v 0.007932922 -0.04509897 0.05123703
v 0.01087612 -0.0450586 0.04938167
v 0.01499586 -0.0450014 0.0495494
v 0.01353477 -0.04503554 0.05111811
v 0.01665903 -0.04437137 0.04583956
v 0.01594778 -0.04482209 0.04785234
v 0.01647386 -0.04447573 0.04909205
v 0.016965 -0.04378342 0.04870686
v 0.01706594 -0.04364884 0.04498924
v 0.0169987 -0.04377922 0.05054687
v 0.01589698 -0.04481593 0.05108717
v 0.01645017 -0.04448112 0.05162238
v 0.01597099 -0.0449439 0.03770222
v 0.01661295 -0.04452595 0.03649405
v 0.01706967 -0.04381536 0.03774522
v 0.01649106 -0.04456294 0.03886439
v 0.01737926 -0.04199126 0.03833036
v 0.01748225 -0.04095154 0.03734796
v 0.0179091 -0.03834472 0.03468172
v 0.01781621 -0.03847812 0.03793177
v 0.01712106 -0.04345739 0.04020897
v 0.01705514 -0.04386937 0.04252423
v 0.01739288 -0.04161459 0.04101272
v 0.01730621 -0.04204117 0.04382986
v 0.01749125 -0.04049089 0.04071161
v 0.01770262 -0.03925367 0.03979726
v 0.01763788 -0.03969224 0.04161091
v 0.01743864 -0.04047761 0.04313305
v 0.01784773 -0.03755479 0.03930733
v 0.01783581 -0.03842417 0.04183695
v 0.01787339 -0.03759207 0.04119228
v 0.01812986 -0.03639568 0.03551608
v 0.0181421 -0.03542696 0.0384226
v 0.01837086 -0.03443178 0.03639091
v 0.01860727 -0.03280572 0.03312952
v 0.01862024 -0.03202781 0.0364697
v 0.01896859 -0.02890753 0.03423665
v 0.01841194 -0.0329555 0.03835814
v 0.01813485 -0.03483962 0.03929435
v 0.01842818 -0.03198249 0.04020993
v 0.01859191 -0.0303544 0.03971677
v 0.01888382 -0.02843777 0.03816892
v 0.01763653 -0.0395913 0.04424141
v 0.01779855 -0.03836424 0.04340269
v 0.01782757 -0.03777197 0.04261121
v 0.01776047 -0.03843975 0.04478623
v 0.01803713 -0.0357182 0.04323672
v 0.01792546 -0.03555936 0.04564239
v 0.01775133 -0.03772677 0.04569909
v 0.01725959 -0.04200484 0.04704973
v 0.01739819 -0.04048223 0.04555389
v 0.01738546 -0.04027072 0.04776649
v 0.01765179 -0.03888999 0.0466283
v 0.0175399 -0.03950317 0.04777066
v 0.01721157 -0.04198855 0.04992928
v 0.01731364 -0.0403897 0.05087586
v 0.01719568 -0.04178594 0.05292639
v 0.01747289 -0.03969545 0.05023685
v 0.01768285 -0.03797252 0.0479888
v 0.01788065 -0.0352332 0.04797511
v 0.01781304 -0.03531757 0.05010407
v 0.01822886 -0.03424321 0.04061496
v 0.01832332 -0.0332237 0.04295476
v 0.01799908 -0.03474894 0.04419978
v 0.01832136 -0.03307623 0.04461309
v 0.01834781 -0.03213162 0.04458518
v 0.01856515 -0.03036713 0.04148065
v 0.01848325 -0.03070517 0.04367197
v 0.01867211 -0.02807728 0.04198459
v 0.01862307 -0.02838066 0.04356568
v 0.01813027 -0.03377423 0.04496297
v 0.01804629 -0.03373865 0.04697037
v 0.01815394 -0.03307142 0.04718648
v 0.01836827 -0.03137994 0.04579055
v 0.01832292 -0.03048266 0.04754475
v 0.0184885 -0.02977362 0.04533568
v 0.0184717 -0.02932683 0.04705906
v 0.01805696 -0.03324546 0.04924861
v 0.01915079 -0.03151526 0.01829658
v 0.01953633 -0.02860222 0.01635875
v 0.01937536 -0.02894224 0.01937026
v 0.01974107 -0.02664105 0.01795926
v 0.01964347 -0.02617827 0.02004681
v 0.01954396 -0.02756812 0.0205868
v 0.02003309 -0.02424134 0.01309747
v 0.01978132 -0.02606659 0.01681703
v 0.0200415 -0.02320071 0.01532632
v 0.01993781 -0.0245198 0.01726095
v 0.0204209 -0.01950873 0.01385152
v 0.02009977 -0.02233497 0.01702868
v 0.0202378 -0.02039696 0.01640289
v 0.01993508 -0.02357361 0.01895907
v 0.01985638 -0.0236308 0.02082944
v 0.02013395 -0.02011596 0.01948473
v 0.02006046 -0.02152774 0.02107434
v 0.02041383 -0.0181625 0.01668587
v 0.01976841 -0.02489021 0.02133616
v 0.01960202 -0.02629834 0.0234303
v 0.01965203 -0.0250237 0.02331124
v 0.01980611 -0.02344093 0.02272695
v 0.01997093 -0.02090272 0.02382835
v 0.01985515 -0.02312126 0.02499337
v 0.02025423 -0.01908489 0.02064902
v 0.02026441 -0.01829421 0.02036215
v 0.02013661 -0.01910314 0.02282724
v 0.02032169 -0.01667545 0.02149751
v 0.02012788 -0.01783639 0.02479742
v 0.0199637 -0.01978454 0.02620851
v 0.02015777 -0.01662027 0.02676985
v 0.0199824 -0.0177177 0.02866378
v 0.02079851 -0.01390688 0.01298228
v 0.02064083 -0.0148145 0.01583279
v 0.02049329 -0.01596043 0.01747219
v 0.02040617 -0.01707613 0.01892667
v 0.02056977 -0.01382757 0.01771069
v 0.02081901 -0.01082159 0.01597039
v 0.02068213 -0.01155842 0.01795609
v 0.02102076 -0.01092206 0.01100159
v 0.02106084 -0.006843787 0.01345205
v 0.02090111 -0.008237792 0.01656672
v 0.02101531 -0.004838316 0.01564886
v 0.02127842 -0.001853285 0.01152244
v 0.02044645 -0.01574006 0.01989013
v 0.0205605 -0.01415132 0.0198356
v 0.02042331 -0.01412321 0.02195282
v 0.02061828 -0.01223475 0.02031203
v 0.02030403 -0.0159831 0.02326905
v 0.02021667 -0.01615119 0.02523385
v 0.02037371 -0.01389287 0.02402874
v 0.02028426 -0.0139004 0.02615605
v 0.02064151 -0.009610038 0.02039742
v 0.02051478 -0.01194202 0.02296769
v 0.02056179 -0.009467011 0.02247362
v 0.02049557 -0.01129706 0.02432762
v 0.02050207 -0.008901864 0.02479286
v 0.02071632 -0.009522542 0.01871554
v 0.02087468 -0.005097201 0.01889949
v 0.02076052 -0.007955059 0.01998001
v 0.02098418 -0.002364671 0.01773304
v 0.02061676 -0.007930048 0.02278388
v 0.0207621 -0.006377921 0.02043853
v 0.02074127 -0.005982369 0.02240979
v 0.02080662 -0.005238263 0.02088087
v 0.02091194 -0.00199689 0.01939166
v 0.02079445 -0.003447328 0.02020796
v 0.02079717 -0.003464634 0.02207188
v 0.02077498 -0.00208671 0.0221843
v 0.02080006 -0.001368858 0.02052346
v 0.02065874 -0.00468435 0.02278278
v 0.02032619 -0.01239249 0.02748316
v 0.02036956 -0.01109814 0.02670608
v 0.02006005 -0.0154254 0.02942391
v 0.02017584 -0.01312046 0.02890104
v 0.02010827 -0.01301335 0.03029611
v 0.02030866 -0.01030021 0.02870813
v 0.02040038 -0.008212488 0.02715061
v 0.0203787 -0.00753648 0.0283888
v 0.02013105 -0.009924872 0.03121089
v 0.01996659 -0.01202038 0.03174821
v 0.02003019 -0.008391267 0.03264216
v 0.02025684 -0.007351341 0.03109021
v 0.02054257 -0.007362803 0.02552991
v 0.02061715 -0.006243177 0.02441308
v 0.02064194 -0.004795425 0.02436942
v 0.02052924 -0.005836446 0.0269731
v 0.0205553 -0.00495307 0.02571288
v 0.02070472 -0.003327334 0.02330396
v 0.02069605 -0.001481794 0.02439247
v 0.02082794 -0.000958629 0.02292945
v 0.02062111 -0.002660945 0.02556882
v 0.02055809 -0.003401503 0.02658039
v 0.02048965 -0.004362011 0.0278074
v 0.02069766 3.492273e-05 0.02615327
v 0.02069833 0.0007879529 0.02490183
v 0.02044168 -0.005653838 0.02886081
v 0.0202665 -0.005089823 0.0315202
v 0.02045334 -0.00392887 0.02992259
v 0.02047496 -0.002156705 0.02903223
v 0.0203498 -0.002345251 0.03134936
v 0.02049252 -0.001495762 0.02997876
v 0.02057595 -0.001755416 0.02694986
v 0.02050092 -0.000142673 0.02816475
v 0.01996598 -0.01193136 0.03345805
v 0.02005318 -0.006067181 0.03336439
v 0.01999337 -0.007475302 0.03626535
v 0.01997548 -0.009231636 0.03489435
v 0.02003552 -0.004994057 0.0353963
v 0.02021554 -0.003334405 0.03257435
v 0.02001704 -0.003292682 0.03386629
v 0.02007242 -0.001954556 0.03506742
v 0.02003947 -0.001529267 0.03431667
v 0.02027751 -0.0009541716 0.03275441
v 0.02035172 -5.541183e-05 0.03161974
v 0.02048339 0.0006655157 0.03041456
v 0.02025183 0.001238447 0.0334772
v 0.02002388 -0.003572166 0.03712173
v 0.01995615 -0.005132904 0.03745709
v 0.02002284 -0.001060432 0.0375182
v 0.0198838 -0.002992084 0.03855629
v 0.02007932 -8.124858e-06 0.03458928
v 0.02005497 0.0008959286 0.03593452
v 0.02000355 0.001690075 0.03484033
v 0.01923708 -0.02942984 0.02350146
v 0.01947888 -0.02725358 0.02296716
v 0.01912948 -0.03044721 0.02523562
v 0.0191885 -0.02917961 0.02581866
v 0.01894818 -0.03033283 0.02784541
v 0.01939673 -0.02785679 0.02460293
v 0.01939724 -0.026905 0.0266912
v 0.01964572 -0.02523863 0.02534992
v 0.01920979 -0.0280106 0.02790604
v 0.01897377 -0.03066186 0.03072654
v 0.01911503 -0.02863425 0.02969414
v 0.01953948 -0.02498978 0.027531
v 0.01981218 -0.02215021 0.02654597
v 0.01934671 -0.02519958 0.02888665
v 0.01935917 -0.02596786 0.02960921
v 0.01975779 -0.0226983 0.02751579
v 0.01953153 -0.02325033 0.02931302
v 0.01984911 -0.02059231 0.02832791
v 0.01898154 -0.02988415 0.0318025
v 0.01916284 -0.02861471 0.03151181
v 0.01919432 -0.02777554 0.03245038
v 0.01927467 -0.02696347 0.03094152
v 0.01924181 -0.02613403 0.03371637
v 0.01941883 -0.02485011 0.03142768
v 0.01940156 -0.02565546 0.03235312
v 0.01947289 -0.02384687 0.03284218
v 0.01963191 -0.02175658 0.03141048
v 0.01910898 -0.02552525 0.03724925
v 0.01898685 -0.02731325 0.0369782
v 0.01931935 -0.02399547 0.03513157
v 0.01959828 -0.02170798 0.02970593
v 0.01975611 -0.01914629 0.03040357
v 0.01987097 -0.01694081 0.03049828
v 0.01964458 -0.02160743 0.0332344
v 0.01949797 -0.02116602 0.03508128
v 0.01978835 -0.01903658 0.03366942
v 0.01978282 -0.01804724 0.03283443
v 0.01929217 -0.02230603 0.03791849
v 0.01956573 -0.01779684 0.03631307
v 0.0199087 -0.01421576 0.03136147
v 0.01989382 -0.01490627 0.03253789
v 0.01981548 -0.01739622 0.0340155
v 0.01985873 -0.01555774 0.03459989
v 0.01988557 -0.0140678 0.0344234
v 0.01900674 -0.0253676 0.040371
v 0.01882144 -0.02535095 0.04362647
v 0.01906129 -0.02348215 0.0407432
v 0.01918958 -0.02039392 0.04134822
v 0.0186577 -0.02597747 0.04509267
v 0.01874352 -0.02404238 0.04633781
v 0.01897305 -0.02319527 0.04317015
v 0.01902005 -0.02056786 0.04365997
v 0.0188988 -0.02275657 0.04540679
v 0.01939438 -0.02005379 0.03780289
v 0.01941488 -0.0176913 0.03893274
v 0.01978235 -0.01439083 0.03578905
v 0.0195276 -0.01486357 0.03912087
v 0.01935459 -0.01646708 0.04102145
v 0.01966353 -0.01277118 0.03742382
v 0.01923942 -0.01846124 0.04180205
v 0.01907597 -0.01905939 0.0432265
v 0.01916763 -0.01621984 0.04318224
v 0.01929617 -0.01435687 0.04254916
v 0.01944948 -0.01225934 0.04165602
v 0.01985744 -0.01263869 0.03599039
v 0.01997848 -0.01068473 0.03580958
v 0.01971757 -0.009607565 0.03801593
v 0.01962401 -0.01118365 0.03973094
v 0.01957752 -0.009280905 0.04075415
v 0.01983483 -0.00768536 0.03780296
v 0.01972451 -0.005409312 0.03917877
v -0.02050216 -0.04316735 0.04389167
v -0.02049216 -0.04314075 0.04565965
v -0.02050299 -0.04160453 0.04723789
v -0.01953385 -0.04432457 0.0446523
v -0.02011848 -0.04388895 0.04506819
v -0.0191517 -0.04449337 0.04574344
v -0.01765084 -0.04467013 0.04603989
v -0.01935801 -0.04441935 0.04813558
v -0.02013144 -0.04383633 0.04772475
v -0.02043968 -0.04319108 0.04826805
v -0.01772664 -0.04471054 0.04885088
v -0.0196881 -0.04426479 0.0503266
v -0.01906279 -0.04455281 0.05103023
v -0.02024207 -0.0437362 0.0505541
v -0.02046885 -0.04307792 0.05152403
v -0.02049855 -0.04193185 0.05252029
v -0.02043333 -0.03968862 0.05099504
v -0.02044461 -0.03687965 0.04827636
v -0.01702756 -0.04464993 0.04671717
v -0.01473009 -0.04476729 0.04718097
v -0.01564958 -0.04463544 0.048103
v -0.01440238 -0.04475001 0.04934222
v -0.01318155 -0.04490368 0.04874082
v -0.01069311 -0.04482472 0.04767476
v -0.01165945 -0.04489936 0.04950835
v -0.01004915 -0.04481382 0.04989427
v -0.008264117 -0.04496291 0.04928958
v -0.01779596 -0.04474751 0.05082616
v -0.01616919 -0.04471945 0.05082683
v -0.01769515 -0.04484033 0.0522868
v -0.01653538 -0.04479191 0.05297704
v -0.01454186 -0.04487272 0.05246191
v -0.01259344 -0.04480164 0.05020049
v -0.01250584 -0.04475312 0.05160975
v -0.01051622 -0.04488007 0.05087824
v -0.012864 -0.04478547 0.05421241
v -0.02043203 -0.03222589 0.04733554
v -0.01983156 -0.04427027 0.05307113
v -0.02020681 -0.04386037 0.05266516
v -0.01943012 -0.04451088 0.05359174
v -0.02041152 -0.04310288 0.05478084
v -0.01958882 -0.04429219 0.05607353
v -0.02028989 -0.04344665 0.05660096
v -0.02046697 -0.0424755 0.05639304
v -0.02042263 -0.04078317 0.05277157
v -0.02034254 -0.03720387 0.05457406
v -0.02041131 -0.04191947 0.0585131
v -0.02033215 -0.04036116 0.05686951
v -0.02030646 -0.04032049 0.0602451
v -0.02024918 -0.03695198 0.05914582
v -0.0179783 -0.04484424 0.05480903
v -0.01587007 -0.04488505 0.05488166
v -0.01915115 -0.04456213 0.05541788
v -0.01727978 -0.04494796 0.05739088
v -0.01566294 -0.0448512 0.05753152
v -0.01402767 -0.04488276 0.05738229
v -0.01275279 -0.04497015 0.05703576
v -0.0107427 -0.04491443 0.0552284
v -0.01916996 -0.04453964 0.0584226
v -0.01734785 -0.04495567 0.05967557
v -0.01988428 -0.04401282 0.05764495
v -0.02030756 -0.04336829 0.05950898
v -0.01943499 -0.04442217 0.05978149
v -0.01999568 -0.04381942 0.06112455
v -0.01858367 -0.0447209 0.06059538
v -0.01425679 -0.0449824 0.06005198
v -0.01184699 -0.04494953 0.05913126
v -0.01703558 -0.04490639 0.06148145
v -0.02038034 -0.03393219 0.05095164
v -0.02034047 -0.02955935 0.05025768
v -0.02021178 -0.03288082 0.05749679
v -0.02025381 -0.02994021 0.05444409
v -0.00820803 -0.04483244 0.04724751
v -0.006552961 -0.04492689 0.0483638
v -0.004978567 -0.04493828 0.04790266
v -0.009325259 -0.04490191 0.05026199
v -0.006406393 -0.04495849 0.0505389
v -0.00732699 -0.04486115 0.05185801
v -0.00519729 -0.04500533 0.04971367
v -0.003080569 -0.04501313 0.05036767
v -0.005290528 -0.04505897 0.05139343
v -0.004618021 -0.04500162 0.05188224
v -0.009811499 -0.04501667 0.05219483
v -0.009007027 -0.04488705 0.05223243
v -0.01024835 -0.04489109 0.05300732
v -0.009111951 -0.04484067 0.05412759
v -0.007771369 -0.0449538 0.05405678
v -0.005674184 -0.04499203 0.05336635
v -0.004584466 -0.04498149 0.05419175
v -0.003286829 -0.04501703 0.05411699
v -0.005350967 -0.0448451 0.05499458
v -0.003964368 -0.04492594 0.05619422
v -0.001038634 -0.04506278 0.05148618
v -0.001623133 -0.04507014 0.05417876
v -0.0008066054 -0.04502665 0.05401605
v -0.002053267 -0.04507349 0.05556029
v -0.001013576 -0.04503674 0.05630551
v 0.0003187303 -0.04507999 0.05577826
v 0.0009618828 -0.04506966 0.05395526
v 0.001496231 -0.04497036 0.0560091
v 0.0009504035 -0.04501767 0.05771142
v -0.0001008064 -0.04501826 0.05077304
v 0.001326084 -0.04508772 0.05072263
v 0.003443628 -0.0450371 0.05018637
v 0.0008329344 -0.04512393 0.05235919
v 0.001754359 -0.04505581 0.05269748
v 0.004196283 -0.04507116 0.05138409
v 0.006097284 -0.04508177 0.05119891
v 0.003306061 -0.04516143 0.05292173
v 0.007036456 -0.04513212 0.05275531
v 0.003987081 -0.04507443 0.0534635
v 0.002723978 -0.04508115 0.05486052
v 0.004899742 -0.04507459 0.05622301
v 0.005690825 -0.04505812 0.05466117
v 0.002686011 -0.04508143 0.05632865
v 0.003696838 -0.04502513 0.05640966
v 0.003635265 -0.04497408 0.05781707
v -0.01019667 -0.04493243 0.05744293
v -0.009647155 -0.04487824 0.05564551
v -0.006676089 -0.04493392 0.05610378
v -0.008427055 -0.04496437 0.05782941
v -0.006193619 -0.04494782 0.05777626
v -0.004596904 -0.04498234 0.05758123
v -0.006702994 -0.04502087 0.05971824
v -0.004043976 -0.04505208 0.05966003
v -0.01033099 -0.04499835 0.06081909
v -0.008080528 -0.04503914 0.06538358
v -0.002343627 -0.04498229 0.05760628
v -0.0005221134 -0.04497657 0.05934906
v -5.654991e-06 -0.04504056 0.05821922
v 0.002622553 -0.04505463 0.05787908
v 0.002025865 -0.04516234 0.05968566
v 0.003731319 -0.04507178 0.059489
v 0.001697869 -0.04507519 0.06100845
v -0.002743395 -0.04507688 0.06281331
v -0.002157462 -0.045074 0.06074804
v -0.0009003254 -0.0451032 0.0653837
v -0.0004694024 -0.04511116 0.06358179
v 0.002378661 -0.04511096 0.06312017
v 0.003416873 -0.04508075 0.06244151
v -0.02020829 -0.02595777 0.05277203
v -0.02003094 -0.0202629 0.05418478
v -0.02029478 -0.03763642 0.06256169
v -0.0202373 -0.03452373 0.06200759
v -0.01957781 -0.04422687 0.06187125
v -0.02039894 -0.04313665 0.06150432
v -0.02044576 -0.04232211 0.06116657
v -0.02037065 -0.0410996 0.06211987
v -0.02014326 -0.04372003 0.0633108
v -0.020506 -0.04310887 0.06380063
v -0.02057588 -0.04175283 0.06338915
v -0.01662236 -0.04471121 0.06420766
v -0.02063872 -0.04232426 0.06518963
v -0.02050728 -0.04038395 0.06463516
v -0.02070927 -0.04184614 0.06886636
v -0.02056585 -0.04023609 0.0670979
v -0.0204591 -0.0371373 0.06601867
v -0.02034684 -0.03369819 0.06490912
v -0.02011539 -0.02742862 0.05763751
v -0.02016341 -0.03044078 0.06008327
v -0.02022254 -0.03013942 0.06351395
v -0.02006574 -0.02559393 0.06037393
v -0.02063446 -0.03984764 0.06948502
v -0.02058835 -0.03687399 0.06937739
v -0.02071302 -0.03911335 0.07370749
v -0.02075802 -0.04071667 0.07493131
v -0.02069707 -0.0342278 0.07416639
v -0.02053555 -0.03116647 0.0705754
v -0.02037758 -0.02718091 0.06844623
v -0.02022147 -0.02554073 0.06565098
v -0.02068073 -0.03096157 0.07453458
v -0.02052107 -0.02658648 0.07177922
v -0.007767996 -0.04504459 0.07046607
v -0.004270297 -0.04510624 0.06832068
v 0.0002557212 -0.04514504 0.06860684
v -0.005544896 -0.04507789 0.0722069
v -0.001505043 -0.04514322 0.07155088
v -0.003797489 -0.04514416 0.0737506
v -0.0003765388 -0.0452261 0.07486364
v -0.0007935581 -0.04520214 0.07816316
v -0.001550036 -0.04518808 0.08095384
v -0.02001971 -0.02271467 0.05768397
v -0.02004963 -0.02378673 0.06244092
v -0.01979383 -0.01427128 0.05638255
v -0.0198097 -0.01647858 0.05854382
v -0.01986437 -0.01822186 0.06032211
v -0.01993978 -0.01908617 0.06357343
v -0.02012941 -0.02072215 0.06676611
v -0.02033223 -0.02195149 0.06998672
v -0.02005091 -0.01656635 0.06737381
v -0.0198155 -0.0158064 0.06092119
v -0.01982736 -0.01694379 0.06208171
v -0.01987271 -0.01553275 0.06363709
v -0.01973176 -0.01385812 0.06020227
v -0.01957992 -0.009732245 0.05837566
v -0.01983438 -0.01257186 0.0621248
v -0.0198297 -0.01396641 0.06252015
v -0.0196625 -0.01049265 0.06083156
v -0.01987972 -0.01545761 0.06509687
v -0.01986626 -0.01439283 0.06457706
v -0.01994983 -0.01461222 0.06760597
v -0.01990559 -0.01373119 0.0664081
v -0.01974284 -0.01288171 0.0648327
v -0.01970056 -0.009705093 0.0634712
v -0.01978968 -0.01243064 0.06614593
v -0.01976456 -0.01073922 0.06568606
v 0.00958815 -0.04512167 0.05261415
v 0.008165274 -0.045033 0.05378522
v 0.01016149 -0.04509867 0.05520132
v 0.01208428 -0.04508983 0.05407704
v 0.01372199 -0.04507865 0.05327861
v 0.007632312 -0.04512028 0.05550078
v 0.008454394 -0.04508064 0.05646764
v 0.005596028 -0.04501742 0.0565289
v 0.005484175 -0.04496507 0.05807611
v 0.006540596 -0.045099 0.05811691
v 0.007589225 -0.04513609 0.05725425
v 0.008073129 -0.04498679 0.05822556
v 0.009621477 -0.04505739 0.05707128
v 0.01209313 -0.04508997 0.0572987
v 0.01077156 -0.04510752 0.05929595
v 0.0151909 -0.0449752 0.05248779
v 0.01606799 -0.04476502 0.05391546
v 0.01656493 -0.04435464 0.05329359
v 0.01696961 -0.04361864 0.05261648
v 0.0147457 -0.04502979 0.05581763
v 0.01590716 -0.04484639 0.05662696
v 0.01668465 -0.04407715 0.05691506
v 0.01691574 -0.04359221 0.05559139
v 0.01709327 -0.04209717 0.05625533
v 0.01427062 -0.04504954 0.05913277
v 0.01226041 -0.04503873 0.06042834
v 0.01565787 -0.04485903 0.05972828
v 0.01497766 -0.04496743 0.06243032
v 0.0161983 -0.04459257 0.06063162
v 0.01633891 -0.04448042 0.05780603
v 0.01699791 -0.04350667 0.05870026
v 0.01674587 -0.04402479 0.05922379
v 0.01708994 -0.04168009 0.05807111
v 0.01709699 -0.04271705 0.05943498
v 0.01702343 -0.04219932 0.06007326
v 0.005705694 -0.04508868 0.0612475
v 0.005669249 -0.04504011 0.05943102
v 0.007736632 -0.04503765 0.06022583
v 0.004015796 -0.04511906 0.06532051
v 0.008457234 -0.04509117 0.0642913
v 0.007631006 -0.04511381 0.06731425
v 0.0101689 -0.04506673 0.06126514
v 0.01350789 -0.04504959 0.06158933
v 0.01352352 -0.04500957 0.0652564
v 0.01599952 -0.04473149 0.06244838
v 0.01658535 -0.04420092 0.06168136
v 0.0155017 -0.04488605 0.06526187
v 0.01648752 -0.04421784 0.06452835
v 0.016871 -0.04349108 0.06328556
v 0.01699428 -0.04351243 0.06038138
v 0.01705461 -0.04201074 0.06198193
v 0.01711466 -0.04040246 0.05941182
v 0.01722601 -0.03894531 0.06170276
v 0.01700072 -0.04215268 0.06396782
v 0.01703843 -0.04094107 0.06235476
v 0.01724779 -0.03862203 0.06352288
v 0.01126336 -0.04505376 0.06900559
v 0.01463547 -0.04497048 0.06832565
v 0.01618441 -0.0444968 0.06611934
v 0.01679955 -0.04359444 0.06644011
v 0.01575828 -0.04472322 0.06819728
v 0.01655301 -0.04410204 0.06747991
v 0.01697592 -0.04229334 0.06686525
v 0.01710284 -0.04059148 0.06384838
v 0.01714952 -0.03990176 0.06542259
v 0.01704649 -0.04062407 0.0677305
v 0.01746994 -0.03919128 0.05250065
v 0.01763865 -0.03798183 0.05082598
v 0.01724872 -0.04043297 0.05379955
v 0.01749419 -0.03897587 0.05453689
v 0.0175 -0.03802023 0.05390729
v 0.01772839 -0.03580783 0.05231616
v 0.01759171 -0.03757151 0.05256413
v 0.01772561 -0.03497621 0.05236526
v 0.01789358 -0.03383102 0.05106038
v 0.01769119 -0.03503277 0.05421413
v 0.01721077 -0.04017048 0.05678387
v 0.0173081 -0.03950893 0.05775177
v 0.01745982 -0.03788661 0.05687565
v 0.01742071 -0.03828261 0.05830958
v 0.01760063 -0.03654069 0.05477586
v 0.01783938 -0.03378419 0.05341604
v 0.0177759 -0.03363746 0.05508955
v 0.01760148 -0.03585386 0.056971
v 0.01764079 -0.0350224 0.05605407
v 0.01787923 -0.03297069 0.05523768
v 0.01772429 -0.03367949 0.05720122
v 0.0184622 -0.0290066 0.04816683
v 0.01828152 -0.0293478 0.05083477
v 0.01850418 -0.0278406 0.04833725
v 0.01838261 -0.02819686 0.0497123
v 0.01847903 -0.02605719 0.05044946
v 0.01833308 -0.02748926 0.05187424
v 0.01812215 -0.0315633 0.05057637
v 0.01801525 -0.03307627 0.05191912
v 0.01812183 -0.02988767 0.05291496
v 0.0179936 -0.0300673 0.05546743
v 0.01816645 -0.02908468 0.05434504
v 0.01826605 -0.02824514 0.05326204
v 0.01839696 -0.02462236 0.0529009
v 0.01821437 -0.02726227 0.05482708
v 0.01737983 -0.03803058 0.06009018
v 0.01753964 -0.03602167 0.05915603
v 0.01751821 -0.03685757 0.06071268
v 0.01740136 -0.03623017 0.06225595
v 0.01756399 -0.03465086 0.05922282
v 0.01763574 -0.03488906 0.06058016
v 0.0177971 -0.03309655 0.05786712
v 0.01771196 -0.03349159 0.06073846
v 0.01781497 -0.03084147 0.05938642
v 0.01774022 -0.03143799 0.06106496
v 0.01738586 -0.03656713 0.06633519
v 0.01749095 -0.03558001 0.06519316
v 0.01754589 -0.0342164 0.06257617
v 0.0177381 -0.03234954 0.06225614
v 0.01766694 -0.03226894 0.06336191
v 0.01783711 -0.0301021 0.06142916
v 0.01788327 -0.03048086 0.05768302
v 0.01816453 -0.02837519 0.05634835
v 0.0180227 -0.02911018 0.05868846
v 0.01812874 -0.02746923 0.05688955
v 0.01827992 -0.02460877 0.05589786
v 0.01797645 -0.02842065 0.05926917
v 0.01817287 -0.02480366 0.05815727
v 0.01777483 -0.03017632 0.06491978
v 0.01792227 -0.02815379 0.06333376
v 0.01805321 -0.02654333 0.06093542
v 0.01803708 -0.02625127 0.06330688
v 0.01813625 -0.02474224 0.06114988
v 0.01826784 -0.0236416 0.05838397
v 0.005537912 -0.04514583 0.06974596
v 0.00789094 -0.04514375 0.07090628
v 0.001565618 -0.04518601 0.07282034
v 0.005511051 -0.04521145 0.07492259
v 0.008827999 -0.0451709 0.07449028
v 0.01310668 -0.04502695 0.0723619
v 0.01562682 -0.0447803 0.07341954
v 0.01480949 -0.04494872 0.07425454
v 0.01516379 -0.04488739 0.07222168
v 0.01320426 -0.04504734 0.07662407
v 0.01550878 -0.04478416 0.07532573
v 0.01485434 -0.04496018 0.07732581
v 0.01644061 -0.04427744 0.06979367
v 0.01569748 -0.04477799 0.07015309
v 0.01683127 -0.04346373 0.06890459
v 0.01698626 -0.04203805 0.06947367
v 0.01678351 -0.0434915 0.07122147
v 0.01574189 -0.04470497 0.07179919
v 0.01642865 -0.04413641 0.07285818
v 0.01694214 -0.04210678 0.07247144
v 0.01698907 -0.04122537 0.07111847
v 0.01724111 -0.03789746 0.06870541
v 0.01719981 -0.03818503 0.07477112
v 0.01695159 -0.04131732 0.07494937
v 0.002640557 -0.04523902 0.07460126
v 0.002659891 -0.04526442 0.07706688
v 0.005441066 -0.04529528 0.07938702
v 0.001587085 -0.04525027 0.08017659
v 0.004741091 -0.04533897 0.0815289
v 0.009220364 -0.04520096 0.07756451
v 0.009241266 -0.04528084 0.08088119
v 0.01366049 -0.04508975 0.07992415
v 0.01193845 -0.04514608 0.07961535
v 0.007215461 -0.04534753 0.08289914
v 0.0100915 -0.04536645 0.08316383
v 0.01003012 -0.04552156 0.08413422
v 0.01121867 -0.04549456 0.08398972
v 0.01153762 -0.0452884 0.08216643
v 0.01301623 -0.04532342 0.08337833
v 0.01276355 -0.04527007 0.08396581
v 0.01326245 -0.04526377 0.0817554
v 0.01638231 -0.04421186 0.07502645
v 0.01676808 -0.04336235 0.07426898
v 0.01671943 -0.04350626 0.0760265
v 0.01574962 -0.04472618 0.07776849
v 0.01633885 -0.04421084 0.07771266
v 0.01517721 -0.04489817 0.07985686
v 0.01580453 -0.04463134 0.0797876
v 0.01619244 -0.04419683 0.08017126
v 0.01664658 -0.043419 0.07922573
v 0.01467401 -0.04508112 0.08156557
v 0.01547884 -0.04480051 0.0818346
v 0.01602185 -0.04434673 0.08201896
v 0.01657205 -0.04355653 0.08239706
v 0.01652156 -0.04348149 0.08085148
v 0.01696324 -0.04247481 0.08242485
v 0.01441115 -0.04495108 0.08343185
v 0.01606331 -0.04376962 0.08422783
v 0.01480568 -0.04401265 0.08486412
v 0.01644804 -0.04342019 0.08381836
v 0.01689707 -0.04165763 0.07800125
v 0.01684612 -0.04187325 0.07961117
v 0.01726098 -0.03728853 0.07844488
v 0.017469 -0.03421377 0.07748203
v 0.01668327 -0.04230696 0.08098494
v 0.01668835 -0.04151707 0.08090036
v 0.01699859 -0.04165717 0.08194526
v 0.01688814 -0.03959717 0.08161013
v 0.01703825 -0.03952217 0.07972649
v 0.01685935 -0.03896798 0.08133523
v 0.01736372 -0.04079366 0.08287457
v 0.0168642 -0.04193326 0.08396576
v 0.01706569 -0.04036349 0.08412218
v 0.01747509 -0.03967633 0.08263002
v 0.01755137 -0.03814193 0.08280143
v 0.01761525 -0.03902669 0.08317804
v 0.01737881 -0.03580395 0.08034749
v 0.01710028 -0.03720858 0.08226439
v 0.01718685 -0.03531101 0.08220039
v 0.01766943 -0.0332637 0.06607112
v 0.01758259 -0.03335668 0.06824966
v 0.01776922 -0.03037044 0.06675048
v 0.01746001 -0.03448068 0.07312039
v 0.01770925 -0.03043966 0.07104363
v 0.01787276 -0.02886514 0.06536578
v 0.01789622 -0.02740127 0.06599168
v 0.01807438 -0.02213225 0.06612805
v 0.01792151 -0.02575814 0.07024434
v 0.01770827 -0.030067 0.07485119
v 0.01808526 -0.02015135 0.07085125
v 0.01793404 -0.02473389 0.07537565
v 0.01789374 -0.02605104 0.07966763
v 0.01809756 -0.018643 0.07494712
v 0.01814143 -0.01902374 0.07975638
v 0.01767015 -0.03084662 0.07977791
v 0.01766495 -0.03131725 0.08200753
v 0.01973783 -0.001707016 0.03988191
v 0.01972601 0.002334395 0.040888
v 0.01960868 -0.001084846 0.042119
v 0.02002407 0.001641434 0.0383604
v 0.01986463 0.000741642 0.03940193
v 0.02000909 0.004714279 0.03816366
v 0.01996803 0.003909837 0.03930101
v 0.01984642 0.005203784 0.04055183
v 0.01943465 0.0013388 0.04483905
v 0.01943726 0.004677637 0.0452373
v 0.01914918 0.002716935 0.0479403
v 0.01931789 0.006151835 0.0465776
v 0.01912386 0.005163468 0.0481039
v -0.01974958 -0.009273076 0.06113607
v -0.01953962 -0.007877626 0.05905437
v -0.01961667 -0.007997684 0.06148246
v -0.01960177 -0.006726779 0.06106639
v -0.01962042 -0.008966068 0.06425117
v -0.01944459 -0.005409634 0.06272313
v -0.01963209 -0.00804681 0.065474
v -0.01948967 -0.006033458 0.0644715
v -0.01950173 -0.004523069 0.06055018
v -0.01950111 -0.004937991 0.06384675
v -0.01944128 -0.003929272 0.06258744
v -0.0193362 -0.003320092 0.06405984
v -0.01934046 -0.001615427 0.06376921
v -0.01922348 -0.0008229464 0.06271221
v 0.01856544 -0.02532397 0.04733473
v 0.01857639 -0.02472443 0.04877333
v 0.01874097 -0.02255037 0.04817459
v 0.01861803 -0.02324169 0.05034833
v 0.01888874 -0.02141356 0.04586472
v 0.01874292 -0.02059617 0.04931372
v 0.01891242 -0.01916156 0.04705456
v 0.01850608 -0.02470264 0.05100128
v 0.0185174 -0.02322082 0.05230315
v 0.01832363 -0.02396721 0.05429077
v 0.01857845 -0.02214238 0.05130556
v 0.01844154 -0.02226335 0.05285816
v 0.01888275 -0.01831135 0.04837461
v 0.01867788 -0.01897942 0.05099855
v 0.01855693 -0.02128314 0.05263236
v 0.01910828 -0.01785315 0.04553097
v 0.01903353 -0.01770375 0.04722686
v 0.01916526 -0.01498925 0.04506384
v 0.01905804 -0.01638848 0.04666571
v 0.01922031 -0.01333627 0.04400322
v 0.01908563 -0.01260236 0.04649258
v 0.01918605 -0.01156091 0.04508303
v 0.01900572 -0.01476419 0.04784596
v 0.01893609 -0.0166346 0.0487081
v 0.01901953 -0.01569064 0.04859012
v 0.01892022 -0.01478964 0.04905736
v 0.01868599 -0.01778005 0.05200505
v 0.01878425 -0.01610565 0.05163056
v 0.01888064 -0.01513787 0.05040365
v 0.0188401 -0.01376167 0.051034
v 0.01923679 -0.01028502 0.04630579
v 0.01897106 -0.01189225 0.04818551
v 0.01910074 -0.01028978 0.04806551
v 0.01893257 -0.01133232 0.04998167
v 0.01896793 -0.01363298 0.04927567
v 0.01846828 -0.02287264 0.05439907
v 0.01843663 -0.02168233 0.05491151
v 0.0184334 -0.02171936 0.05650729
v 0.01852176 -0.01935661 0.05334923
v 0.01856155 -0.01775007 0.054262
v 0.01847122 -0.01920968 0.05581273
v 0.01850281 -0.01715477 0.0556508
v 0.01848063 -0.01791755 0.05764741
v 0.01845103 -0.01908373 0.058309
v 0.01852308 -0.01524644 0.05725417
v 0.0185204 -0.01673774 0.05875464
v 0.01836032 -0.01740502 0.06008132
v 0.01837796 -0.02314394 0.05604088
v 0.01829854 -0.02276397 0.05778593
v 0.01821522 -0.02239039 0.05979611
v 0.01828102 -0.01916916 0.06124891
v 0.01859348 -0.01676305 0.05384989
v 0.01875136 -0.01544306 0.05335733
v 0.01873462 -0.01433345 0.05305104
v 0.01861258 -0.01524528 0.05459851
v 0.01871054 -0.0120011 0.05289441
v 0.01895589 -0.009821165 0.05011867
v 0.01883886 -0.01022893 0.05257978
v 0.01862134 -0.0124984 0.05567499
v 0.01849928 -0.01452641 0.05894209
v 0.01854237 -0.01294161 0.05777429
v 0.01866765 -0.0109959 0.05545694
v 0.01872146 -0.009625178 0.05442202
v 0.01861435 -0.0107893 0.05727063
v 0.01859888 -0.009990271 0.05611718
v 0.01850834 -0.009478098 0.05839702
v 0.01932796 -0.01024973 0.04420766
v 0.01948579 -0.007276794 0.04271139
v 0.01954683 -0.004736392 0.04253057
v 0.01918409 -0.009205244 0.0461686
v 0.01921426 -0.007667527 0.04522395
v 0.01940006 -0.005136386 0.04441541
v 0.01920545 -0.007086026 0.04698724
v 0.01899656 -0.007262057 0.04949346
v 0.01912606 -0.007695906 0.0477923
v 0.01923382 -0.005682273 0.04592045
v 0.01931457 -0.003384659 0.04539467
v 0.01904998 -0.006112715 0.04849869
v 0.01919616 -0.003907926 0.04734053
v 0.0194293 -0.001233766 0.04453035
v 0.0192009 -0.001201117 0.04693793
v 0.01886755 -0.00726204 0.05128498
v 0.0188703 -0.005497286 0.05133475
v 0.01888769 -0.006443558 0.0520606
v 0.01915273 -0.005365191 0.04844843
v 0.01905749 -0.004545046 0.05027173
v 0.01911991 -0.003280418 0.04834306
v 0.01890985 -0.003468532 0.05142757
v 0.01876078 -0.007306281 0.05324548
v 0.01870367 -0.005911199 0.05409969
v 0.01883885 -0.005059469 0.05303657
v 0.01874137 -0.004844917 0.05537619
v 0.01863914 -0.007645816 0.05556218
v 0.01858228 -0.005442694 0.05607797
v 0.01889027 -0.003615204 0.05342025
v 0.01902584 -0.001568964 0.05014379
v 0.01877355 -0.002738949 0.05383885
v 0.01883986 -0.0008380543 0.05291796
v 0.01881207 -0.003834572 0.05519813
v 0.01867928 -0.001853604 0.05529943
v 0.01918551 0.001249917 0.04751141
v 0.01909392 0.0001328085 0.04889297
v 0.01909277 -0.0004527085 0.05088437
v 0.01913896 0.001303293 0.04924259
v 0.01910195 0.004054365 0.04944816
v 0.01898749 0.0004334133 0.05076136
v 0.01885826 0.0006090682 0.05248129
v 0.01898485 0.001577182 0.05205183
v 0.01900401 0.002850221 0.05094023
v 0.0187909 -0.0003673173 0.05438055
v 0.01872829 0.0007704198 0.05435124
v 0.01891548 0.00272966 0.05238613
v 0.01888569 0.002182815 0.05381346
v 0.0191112 0.006374499 0.04923819
v 0.01897975 0.005821985 0.05096914
v 0.01890428 0.004726979 0.05224325
v 0.01895755 0.005603969 0.05254103
v 0.01839409 -0.0145749 0.06036121
v 0.0182507 -0.01550868 0.06450278
v 0.01816221 -0.01794255 0.06687281
v 0.01820184 -0.01311584 0.06768562
v 0.01845833 -0.01227139 0.05903055
v 0.01836159 -0.01256604 0.06150396
v 0.01851411 -0.01139918 0.05907804
v 0.01847529 -0.01005419 0.06018941
v 0.01848816 -0.006723933 0.05906728
v 0.01850715 -0.007975679 0.0601888
v 0.018339 -0.00915706 0.06276821
v 0.0183535 -0.006873298 0.0623787
v 0.01827474 -0.00497942 0.06392029
v 0.01816774 -0.01444075 0.07115972
v 0.01817469 -0.01015327 0.07149881
v 0.01817911 -0.01190561 0.07494809
v 0.01816443 -0.006858505 0.06880826
v 0.01816858 -0.006577235 0.07312015
v 0.01811231 -0.002112672 0.07098435
v 0.01860858 -0.00648872 0.05724104
v 0.01866535 -0.004564211 0.05681004
v 0.01850091 -0.005605154 0.05763337
v 0.01847607 -0.005287077 0.06125318
v 0.01848953 -0.004112337 0.05868401
v 0.01860265 -0.003222907 0.05660436
v 0.01852106 -0.001952618 0.0583169
v 0.01852111 -0.0005401224 0.05736116
v 0.01843774 -0.003119195 0.06010203
v 0.0184273 -0.002538975 0.0616702
v 0.01846406 -0.0004987139 0.05919163
v 0.01848114 0.001040168 0.05912499
v 0.01842461 -0.001611674 0.06084159
v 0.01845946 -0.001205526 0.0618965
v 0.01842599 0.0003795661 0.0620921
v 0.01839256 0.00152912 0.06166062
v 0.01861084 0.0007522628 0.05594811
v 0.01873606 0.00224053 0.05607343
v 0.01875303 0.002821349 0.05474994
v 0.01864917 0.001460131 0.05783992
v 0.01861571 0.003173658 0.05695997
v 0.01882647 0.006752271 0.05396904
v 0.01897707 0.00707933 0.05185235
v 0.01869224 0.005500632 0.05570319
v 0.01888496 0.008075266 0.0538201
v 0.01862507 0.004915083 0.05716746
v 0.01864531 0.006634133 0.05560425
v 0.01882511 0.007831188 0.05501378
v 0.01868242 0.007723354 0.05643067
v 0.01850657 0.003067238 0.05848074
v 0.01840857 0.003948095 0.06056382
v 0.01872129 0.005675525 0.05757482
v 0.01861128 0.006486376 0.05781852
v 0.01864499 0.007891838 0.0578182
v 0.01848751 0.005440584 0.05912876
v 0.01841146 0.006498251 0.06011891
v 0.0184222 0.005469173 0.06127059
v 0.01849479 0.008501218 0.05852492
v 0.01858663 0.008819825 0.05776301
v 0.01849242 0.008444145 0.05967022
v 0.01827283 -0.001925442 0.06383702
v 0.01816444 -0.001891652 0.06750432
v 0.01833525 0.001444438 0.0632699
v 0.01819746 0.0006277617 0.06535201
v 0.01807322 0.00292806 0.06999351
v 0.0181697 0.004810386 0.06540526
v 0.01832222 0.003863858 0.06334582
v 0.01822502 0.005753634 0.06396441
v 0.01841879 0.007783817 0.06121619
v 0.01839147 0.006450397 0.06224652
v 0.01852946 0.00803386 0.06031092
v 0.01835982 0.008555783 0.06138979
v 0.01830654 0.007877407 0.06273474
v 0.01834968 0.007789256 0.06382619
v 0.01827913 0.01035697 0.06346302
v 0.0182119 0.007347088 0.06516999
v 0.01804907 0.006438487 0.06687194
v 0.01811892 0.005283684 0.06737217
v 0.0180444 0.004852706 0.06910715
v 0.01812098 0.006277388 0.06890245
v 0.01821712 0.01021569 0.06559226
v 0.01809004 0.008279851 0.06700917
v 0.01804889 0.009398098 0.06648868
v 0.01806678 0.01001036 0.06728372
v 0.01810478 0.007581403 0.06855278
v -0.0208508 -0.04275975 0.07846546
v -0.02058607 -0.04341268 0.07852194
v -0.01937016 -0.04416919 0.07891624
v -0.01988431 -0.04397812 0.07924263
v -0.02082709 -0.03983639 0.07859533
v -0.02063357 -0.04321819 0.08035535
v -0.01958602 -0.04405942 0.08109787
v -0.01983166 -0.04395397 0.0830514
v -0.02030985 -0.04359887 0.0821632
v -0.02077482 -0.04326801 0.0838259
v -0.02083883 -0.0429233 0.08299145
v -0.02065515 -0.04368882 0.08541927
v -0.02091974 -0.04235877 0.08090569
v -0.02100506 -0.041914 0.08346492
v -0.02096941 -0.03994069 0.08360243
v -0.02101082 -0.04239018 0.08643897
v -0.02134544 -0.04189735 0.08551799
v -0.02110816 -0.04291811 0.08574541
v -0.02103891 -0.04080977 0.08420984
v -0.02125715 -0.04250741 0.08493245
v -0.02128209 -0.03932844 0.08482705
v -0.02123985 -0.04083721 0.08608466
v -0.02075907 -0.04111881 0.08692341
v -0.02103057 -0.03885464 0.08662155
v -0.02127793 -0.03854211 0.08582915
v -0.02042379 -0.03909405 0.08711906
v -0.02074231 -0.03822193 0.08687115
v -0.01698883 -0.04435937 0.08093652
v -0.01776659 -0.04439431 0.07948089
v -0.01788797 -0.04430958 0.08336918
v -0.01383438 -0.04461023 0.08196017
v -0.01806421 -0.0443237 0.0842116
v -0.02009672 -0.04396356 0.08510463
v -0.0184207 -0.04414634 0.08513686
v -0.01605283 -0.04439196 0.08422427
v -0.01741293 -0.04418654 0.08504099
v -0.01414753 -0.04442447 0.08483326
v -0.01631589 -0.0439615 0.08570482
v -0.01226736 -0.04464963 0.0840026
v -0.01389846 -0.04398005 0.08575509
v -0.01190719 -0.04446499 0.0849064
v -0.008865578 -0.04488281 0.0816929
v -0.006961009 -0.04495469 0.08188735
v -0.007736322 -0.04485343 0.08406399
v -0.01006301 -0.04471499 0.08424582
v -0.005404135 -0.04496034 0.08428757
v -0.002266336 -0.04507677 0.08433534
v -0.008926011 -0.04459127 0.08487746
v -0.0104165 -0.04408334 0.08583423
v -0.01272679 -0.04371689 0.08694598
v -0.006815975 -0.04426363 0.08569959
v -0.008470585 -0.04380269 0.08670062
v -0.01031703 -0.04369594 0.08692978
v -0.006629849 -0.04467111 0.08505036
v -0.00381902 -0.04479829 0.08504319
v -0.003154031 -0.04430304 0.08588216
v -0.006511172 -0.0436912 0.08691472
v -0.007715125 -0.04344568 0.08710001
v -0.006010468 -0.04313452 0.08718048
v -0.004385987 -0.04373135 0.08704481
v -0.004040191 -0.04325232 0.08732221
v -0.01960687 -0.04376213 0.08617826
v -0.01992581 -0.04353956 0.08689751
v -0.018003 -0.04375146 0.08597144
v -0.017229 -0.04376483 0.0866572
v -0.01880869 -0.04371674 0.08714998
v -0.02053475 -0.04329472 0.08657314
v -0.02039568 -0.04279344 0.08704492
v -0.01940292 -0.04300743 0.08724833
v -0.0202181 -0.04023062 0.0871775
v -0.01787172 -0.04300446 0.08760828
v -0.01696905 -0.04359674 0.08717008
v -0.01596198 -0.04300819 0.08756387
v -0.01591343 -0.04341779 0.08733962
v -0.01952373 -0.03990033 0.08724463
v -0.0180185 -0.04116176 0.0876098
v -0.01779722 -0.0372208 0.08767539
v -0.01480385 -0.03757369 0.08761311
v -0.01529578 -0.0437421 0.08692753
v -0.01369312 -0.04345848 0.0872954
v -0.0130379 -0.04308242 0.08746026
v -0.01256789 -0.04090451 0.08745655
v -0.01936844 -0.03760272 0.08726168
v -0.01104542 -0.04337574 0.08723252
v -0.01037658 -0.0426468 0.0873159
v -0.009463359 -0.04062017 0.08726475
v -0.009206686 -0.04338891 0.08715755
v -0.008269222 -0.04288214 0.08721679
v -0.006117546 -0.04097987 0.08711924
v -0.001373445 -0.04493929 0.08506048
v 0.0004350739 -0.04522169 0.08451794
v 0.001129436 -0.04515284 0.08497609
v -0.0005384795 -0.04438271 0.08582607
v -0.003091521 -0.04369057 0.08716403
v -0.02081819 -0.03663879 0.07822673
v -0.02079463 -0.03169503 0.07798742
v -0.02097229 -0.03631039 0.08257747
v -0.02090744 -0.03285669 0.08157869
v -0.02085702 -0.02827505 0.08149052
v -0.02060963 -0.02516174 0.07503524
v -0.02075964 -0.02698707 0.07830606
v -0.02069591 -0.02277366 0.07814623
v -0.02115706 -0.03720153 0.08419928
v -0.02101789 -0.03683763 0.08653903
v -0.02120899 -0.03695771 0.08541884
v -0.02121246 -0.03546817 0.08605488
v -0.02123095 -0.03549846 0.08515169
v -0.02102164 -0.03336647 0.08335844
v -0.02093052 -0.03082174 0.08294646
v -0.02105421 -0.0312109 0.08521779
v -0.02079915 -0.03591967 0.08680145
v -0.02002842 -0.03702349 0.08718306
v -0.01937644 -0.03538575 0.08727761
v -0.02004037 -0.03449733 0.08717568
v -0.02098731 -0.03440911 0.08631232
v -0.02108566 -0.03329287 0.08572769
v -0.02057365 -0.03281241 0.08671284
v -0.02088302 -0.03149178 0.08619224
v -0.01988641 -0.03151561 0.08718155
v -0.01925705 -0.0331444 0.08728139
v -0.02108548 -0.0300967 0.08539638
v -0.02082079 -0.03048846 0.08635065
v -0.02096967 -0.02870222 0.08571638
v -0.02037824 -0.0307686 0.08686148
v -0.01927233 -0.02974708 0.08726048
v -0.01801141 -0.03210821 0.08764479
v -0.01983412 -0.02894871 0.08716339
v -0.01768805 -0.02956657 0.08773318
v -0.02092885 -0.02817462 0.08387329
v -0.02077254 -0.02367992 0.08070384
v -0.02082414 -0.02488292 0.08314399
v -0.02091973 -0.02641597 0.08531067
v -0.02068352 -0.02646727 0.08629481
v -0.02078363 -0.02417076 0.08580524
v -0.02049543 -0.02805138 0.0867303
v -0.01895845 -0.02727025 0.08731569
v -0.0197508 -0.02659546 0.08714032
v -0.02025654 -0.02522069 0.086834
v -0.01754735 -0.02644772 0.0877136
v -0.02087173 -0.02334835 0.08452438
v -0.02054208 -0.0238083 0.08648247
v -0.02083895 -0.02088616 0.08513436
v -0.004663282 -0.04151676 0.08714502
v -0.01149097 -0.03692947 0.08744721
v -0.01259332 -0.03381337 0.08759522
v -0.01794551 -0.03449191 0.08766246
v -0.01541658 -0.03410222 0.0877004
v -0.01725762 -0.03221261 0.08774018
v -0.01404445 -0.02982175 0.08775353
v -0.00768718 -0.03862177 0.08718775
v -0.004008069 -0.03928943 0.08707033
v -0.007662516 -0.03351402 0.08729401
v -0.004051233 -0.03536925 0.08715084
v -0.001514547 -0.03683158 0.08706881
v -0.01451494 -0.02617857 0.0878083
v -0.01126617 -0.02668913 0.08776496
v -0.01115695 -0.02963334 0.08765334
v -0.006225409 -0.02805008 0.08749302
v -0.01148489 -0.022896 0.08788243
v -0.007697809 -0.0224578 0.08779866
v -0.004477603 -0.03207004 0.08725232
v -0.00180187 -0.03361505 0.08717375
v -0.002581068 -0.0307726 0.08729739
v -0.003019701 -0.02679141 0.08750711
v 0.0005602746 -0.02695484 0.08759636
v -0.02045055 -0.02223964 0.07203463
v -0.02026273 -0.01868239 0.06974368
v -0.02043242 -0.01946998 0.07177913
v -0.02057759 -0.02097182 0.07329439
v -0.0204557 -0.01739434 0.07113004
v -0.02057474 -0.02131193 0.07535866
v -0.02040664 -0.01936854 0.07438372
v -0.02063523 -0.01954992 0.0772498
v -0.02039014 -0.01707625 0.07279445
v -0.02046637 -0.01803635 0.07487828
v -0.02031881 -0.01534846 0.0722332
v -0.02047762 -0.01699463 0.07661954
v -0.02044214 -0.0162394 0.07515673
v -0.02057692 -0.02147029 0.07768185
v -0.02008667 -0.01567009 0.06891054
v -0.02031274 -0.01484873 0.07044812
v -0.01978503 -0.01278447 0.06749661
v -0.01975206 -0.01079742 0.067091
v -0.01988296 -0.01058378 0.06812795
v -0.01981433 -0.009356746 0.06810091
v -0.02020736 -0.01120749 0.06954964
v -0.02001353 -0.009230876 0.06960268
v -0.01979699 -0.01157745 0.06806353
v -0.02017491 -0.0129292 0.07022142
v -0.02032839 -0.01381438 0.07302594
v -0.02014998 -0.0124679 0.07158828
v -0.02026687 -0.01494592 0.07428609
v -0.02036408 -0.01441358 0.07608302
v -0.02022391 -0.01177019 0.07394116
v -0.02040617 -0.01305206 0.07496223
v -0.02019163 -0.01119318 0.07215582
v -0.02003739 -0.009537729 0.07104081
v -0.02027728 -0.01009616 0.07457748
v -0.02054049 -0.01546977 0.07760713
v -0.02049811 -0.01795224 0.07825515
v -0.02047185 -0.01571005 0.07931277
v -0.02038394 -0.01768164 0.07957137
v -0.02060452 -0.01440602 0.0817969
v -0.02037607 -0.0143973 0.07946166
v -0.02064869 -0.01994359 0.07981752
v -0.02066614 -0.02090675 0.0806025
v -0.02072141 -0.02003488 0.08273302
v -0.02063927 -0.0179651 0.08138783
v -0.02084428 -0.01930509 0.08445244
v -0.02069859 -0.01656108 0.08361703
v -0.02060719 -0.01612588 0.08164535
v -0.02070375 -0.01420025 0.08399431
v -0.02035881 -0.01145865 0.07623982
v -0.02039427 -0.01246956 0.07903425
v -0.02039671 -0.01278309 0.07749073
v -0.02021105 -0.01106431 0.07831238
v -0.02009907 -0.008513238 0.07332194
v -0.02032398 -0.008915279 0.07535055
v -0.02039227 -0.009626657 0.07645059
v -0.02019191 -0.008053496 0.07496202
v -0.0202696 -0.009109734 0.07797164
v -0.02017457 -0.007655466 0.07737832
v -0.02049581 -0.01263759 0.08029014
v -0.02052671 -0.01050413 0.08113563
v -0.02059167 -0.01204805 0.08343434
v -0.02042494 -0.009267047 0.07999983
v -0.02033981 -0.006650908 0.07793774
v -0.02040139 -0.007099815 0.08013442
v -0.002564286 -0.02241449 0.08773147
v -0.004959069 -0.02076465 0.0878053
v 0.0004810353 -0.02156112 0.08782163
v -0.002693756 -0.01782149 0.08785865
v 0.0007087677 -0.01707855 0.08794472
v -0.0005047997 -0.01446926 0.08793718
v -0.01901945 -0.02465402 0.08724676
v -0.02056857 -0.02214771 0.08628921
v -0.02019383 -0.02304581 0.08682816
v -0.02065082 -0.02061445 0.08606681
v -0.01979802 -0.02454267 0.08713125
v -0.01777654 -0.02420523 0.08764829
v -0.01695209 -0.0234911 0.08777122
v -0.01974999 -0.02230969 0.0870934
v -0.01895477 -0.02199108 0.08723897
v -0.01734674 -0.01971116 0.08771445
v -0.02071274 -0.01798344 0.0856818
v -0.02021925 -0.02079723 0.08675393
v -0.0196436 -0.01949337 0.08709246
v -0.02021692 -0.01827846 0.08669403
v -0.01957397 -0.01680271 0.08712076
v -0.02059965 -0.01678391 0.08621639
v -0.0188304 -0.01840148 0.08723298
v -0.01459289 -0.02093724 0.08785014
v -0.0148098 -0.01817425 0.08785982
v -0.0206949 -0.01502115 0.08524089
v -0.02046618 -0.01581956 0.08622195
v -0.02011539 -0.01630892 0.08676715
v -0.01962201 -0.01493052 0.0870631
v -0.01871158 -0.01497491 0.08722171
v -0.02038252 -0.01257886 0.08626845
v -0.0205736 -0.0114573 0.08543088
v -0.02013854 -0.0137601 0.08667339
v -0.01722094 -0.01635758 0.08770941
v -0.0171506 -0.01342367 0.08771372
v -0.01520386 -0.01510372 0.08784313
v -0.01945062 -0.01315175 0.08707425
v -0.01987826 -0.01159566 0.08682378
v -0.02043396 -0.008168027 0.0828502
v -0.02066374 -0.009114366 0.0851305
v -0.0202905 -0.005943283 0.08123702
v -0.02054122 -0.006376483 0.0840537
v -0.02040664 -0.004800733 0.08345301
v -0.02014229 -0.009316087 0.08659889
v -0.02007481 -0.006679976 0.08645976
v -0.0206502 -0.007968027 0.08557598
v -0.02051281 -0.006231479 0.08545783
v -0.02045933 -0.004859516 0.08576277
v -0.02056554 -0.004684314 0.08516546
v -0.01996175 -0.003635606 0.08657554
v -0.02047396 -0.01036706 0.08609606
v -0.01317105 -0.01203334 0.08795357
v -0.01943037 -0.01119045 0.08708009
v -0.01864664 -0.01223125 0.08724561
v -0.017555 -0.01184847 0.08759278
v -0.01849709 -0.009439221 0.08721201
v -0.01941462 -0.00832076 0.08704868
v -0.01705861 -0.007795056 0.08769003
v -0.01657738 -0.01099419 0.08775964
v -0.01366712 -0.008528642 0.08792105
v -0.01843682 -0.006773748 0.08725142
v -0.01936251 -0.004990682 0.08701791
v -0.01850603 -0.004833369 0.08715107
v -0.01707634 -0.004134526 0.08764639
v -0.01583404 -0.004518481 0.0877818
v -0.01303019 -0.005295172 0.08793351
v -0.01251128 -0.01962724 0.08792706
v -0.01006143 -0.01817121 0.08795962
v -0.01212028 -0.01586032 0.08795846
v -0.007289577 -0.01763738 0.08791639
v -0.009726477 -0.01395693 0.08800669
v -0.005204634 -0.01273374 0.08796044
v -0.009361326 -0.007863024 0.08803353
v -0.006494421 -0.009605678 0.08801487
v -0.0009470321 -0.01128147 0.08795109
v -0.003067098 -0.008713545 0.08799218
v 0.001927304 -0.01238076 0.08801965
v 0.003506972 -0.01456646 0.08803223
v 0.002457144 -0.04530375 0.08269799
v 0.003877377 -0.04539345 0.08414759
v 0.003475967 -0.0452457 0.08497906
v 0.002023656 -0.0444364 0.08582509
v 0.005150735 -0.04520718 0.08509924
v 0.004277473 -0.0445761 0.08570676
v -0.001716013 -0.0437667 0.08701324
v -0.002564266 -0.04312826 0.08727075
v -0.000976854 -0.04121708 0.08700246
v 9.456323e-05 -0.04324894 0.08703378
v -5.429843e-05 -0.04379436 0.08690713
v 0.00154083 -0.0438048 0.08681948
v 0.003212724 -0.04393863 0.08662812
v 0.003451847 -0.0431687 0.08691558
v 0.004526357 -0.04390724 0.08680759
v 0.002546404 -0.04093968 0.08693933
v 0.001191468 -0.03687381 0.08706495
v -9.478955e-05 -0.03930418 0.08700138
v 0.005247774 -0.04033195 0.08716923
v 0.003212899 -0.03861713 0.08707717
v 0.006775971 -0.03816254 0.08738339
v 0.007264666 -0.0454331 0.08484393
v 0.008094184 -0.0454954 0.08444378
v 0.006083187 -0.04452929 0.08582552
v 0.00849203 -0.04452355 0.08571921
v 0.007062686 -0.04392957 0.08696881
v 0.008964561 -0.04533675 0.08489667
v 0.0109525 -0.0452195 0.08459951
v 0.009564869 -0.04399747 0.08646739
v 0.01203923 -0.0441058 0.08575445
v 0.01158662 -0.0433856 0.08637039
v 0.009406675 -0.04332703 0.08692873
v 0.006528589 -0.04324565 0.08717993
v 0.007811284 -0.04325965 0.08714296
v 0.007492003 -0.04068864 0.08726256
v 0.01016386 -0.04089173 0.08708946
v 0.01140296 -0.04176359 0.08675054
v 0.01020038 -0.03723328 0.08734518
v 0.01156764 -0.03875558 0.08707844
v 0.005010833 -0.03435661 0.08749188
v 0.007231581 -0.0335827 0.08761555
v 0.01306841 -0.03948306 0.08665079
v 0.01387587 -0.03598848 0.08695878
v 0.01282899 -0.03442096 0.08733204
v 0.01125069 -0.03383895 0.08749695
v 0.01564663 -0.03288802 0.08699346
v 0.01395902 -0.03096938 0.08743253
v 0.0004769776 -0.03368199 0.08722436
v 0.004775897 -0.03097083 0.08762848
v 0.006784424 -0.02967799 0.08775778
v 0.01014562 -0.02979324 0.08769591
v 0.01344808 -0.04404518 0.08544865
v 0.01413824 -0.04325926 0.08555776
v 0.01532591 -0.04331973 0.08500929
v 0.01629939 -0.04284858 0.08450063
v 0.01415342 -0.04121876 0.08599564
v 0.01654234 -0.04105386 0.08470759
v 0.01613846 -0.03927975 0.08551183
v 0.01780473 -0.03728581 0.08376658
v 0.01700166 -0.03860689 0.08491063
v 0.01476628 -0.03810057 0.08635323
v 0.01608294 -0.03721835 0.08599542
v 0.01758676 -0.03695263 0.08293231
v 0.01786536 -0.0363344 0.08356939
v 0.01780083 -0.03628497 0.08436152
v 0.01731936 -0.034707 0.08303843
v 0.01788523 -0.03459576 0.08387859
v 0.01688071 -0.03649748 0.08566099
v 0.01804527 -0.03462049 0.08448529
v 0.01794549 -0.03370597 0.08523586
v 0.01726397 -0.03411538 0.08599114
v 0.01637517 -0.03526184 0.08628707
v 0.01673922 -0.03359184 0.0864868
v 0.0180859 -0.02333392 0.08423384
v 0.01786142 -0.02782628 0.08329405
v 0.0182428 -0.01849064 0.08499867
v 0.005066357 -0.02763699 0.08778074
v 0.004319317 -0.02494686 0.08786298
v 0.007016602 -0.02617833 0.0878644
v 0.004236979 -0.02037337 0.08798738
v 0.006398718 -0.0219829 0.08795795
v 0.009457083 -0.02499161 0.08780596
v 0.01372855 -0.02826252 0.08755624
v 0.01266604 -0.02442549 0.08764993
v 0.01030472 -0.02127888 0.08780223
v 0.0169967 -0.02460515 0.08735926
v 0.01681564 -0.02688535 0.08726716
v 0.005449451 -0.0174126 0.08804092
v 0.00820552 -0.01790247 0.08793347
v 0.01220534 -0.01757004 0.08771844
v 0.006515423 -0.01554172 0.08802122
v 0.005830131 -0.01313619 0.08800988
v 0.01137892 -0.01453245 0.08777733
v 0.008482859 -0.01315144 0.08794802
v 0.01452732 -0.02142695 0.08755051
v 0.01695901 -0.02250353 0.08738026
v 0.01710389 -0.02055584 0.08736865
v 0.0151845 -0.01837489 0.08751574
v 0.01770032 -0.01948051 0.08698714
v 0.01780373 -0.02072371 0.08677293
v 0.01809357 -0.02047792 0.08598562
v 0.01814698 -0.01712105 0.08620626
v 0.01705713 -0.01671904 0.08737756
v 0.01725098 -0.01838795 0.08734089
v 0.01758545 -0.0177577 0.0871256
v 0.0177644 -0.01619869 0.08699955
v 0.01376813 -0.01565946 0.08760807
v 0.01736471 -0.03300641 0.08349653
v 0.01810275 -0.03283657 0.08503069
v 0.01801485 -0.03211569 0.0848396
v 0.01754186 -0.03135658 0.08396062
v 0.01669448 -0.03168913 0.08682857
v 0.01780174 -0.03201153 0.08583936
v 0.01730851 -0.0316021 0.08649212
v 0.01796338 -0.03102292 0.08550496
v 0.0178638 -0.03002263 0.08605216
v 0.01725222 -0.03036643 0.08670656
v 0.01666974 -0.02963627 0.08706786
v 0.01775511 -0.02878627 0.08476049
v 0.01784801 -0.02775833 0.0857956
v 0.01724541 -0.0281236 0.08697085
v 0.0177552 -0.02861882 0.08630884
v 0.01776395 -0.02712937 0.08651125
v 0.01763832 -0.02622927 0.08682229
v 0.01799261 -0.02497878 0.08546691
v 0.01785918 -0.02479692 0.08636154
v 0.01754317 -0.02492993 0.08703157
v 0.01787916 -0.02273581 0.08650626
v 0.01753332 -0.02247236 0.08709472
v 0.004795189 -0.01196673 0.08805716
v -0.01965308 -0.008960724 0.06622855
v -0.01972862 -0.008010576 0.0668205
v -0.01950598 -0.005252192 0.0664849
v -0.0200923 -0.008377681 0.06904417
v -0.01989708 -0.006408961 0.06840277
v -0.01967266 -0.006175028 0.06695513
v -0.01985219 -0.005333655 0.0675167
v -0.01951663 -0.004285255 0.06649038
v -0.01942265 -0.002059035 0.06545132
v -0.01973764 -0.002139522 0.06766275
v -0.01968571 -0.003314903 0.06786625
v -0.01986558 -0.006192798 0.07047571
v -0.01993547 -0.005242744 0.06891616
v -0.01988824 -0.004957728 0.07079613
v -0.02003161 -0.007388314 0.07170507
v -0.01994673 -0.005356526 0.07218863
v -0.01972539 -0.003582019 0.06908709
v -0.01982086 -0.00259516 0.07174532
v -0.01974191 -0.001891598 0.06972326
v -0.01965167 0.0001577493 0.07060397
v -0.01921543 -0.0004769973 0.06489913
v -0.01945505 -9.283796e-05 0.06655468
v -0.01923092 0.001865191 0.06499751
v -0.01913953 0.002975032 0.06501575
v -0.01955253 -0.0002349596 0.06805474
v -0.01957043 0.001177963 0.06657331
v -0.0195419 0.001565553 0.06916721
v -0.01937243 0.003043156 0.06645118
v -0.01935251 0.004547487 0.06724963
v -0.01919154 0.005823368 0.06768516
v -0.01936245 0.005156038 0.06969166
v -0.02003587 -0.004109735 0.07337995
v -0.02005443 -0.005186964 0.07474329
v -0.02012976 -0.006818928 0.07383761
v -0.02019468 -0.006471692 0.07590999
v -0.02003261 -0.003523666 0.07634859
v -0.01994225 0.0001086835 0.07336424
v -0.0199906 -0.002144661 0.0743545
v -0.01996575 -0.0005754884 0.07437791
v -0.01984189 -0.001868621 0.07577465
v -0.02004976 -0.004651342 0.07650678
v -0.0202943 -0.004058009 0.07813914
v -0.02038831 -0.005546007 0.07904533
v -0.02021801 -0.002372537 0.07853195
v -0.01983535 -4.293956e-05 0.07583681
v -0.02015408 -0.0004498549 0.07854493
v -0.01999235 -0.001085529 0.07720022
v -0.02005856 0.001850974 0.07789569
v -0.01971786 0.001960807 0.07225245
v -0.01949169 0.00386593 0.07091491
v -0.01977476 0.001847959 0.0734252
v -0.01958825 0.004269006 0.07239959
v -0.01977203 0.003039438 0.07315697
v -0.01953734 0.005416461 0.07138889
v -0.01928427 0.00682809 0.06899163
v -0.01953219 0.005913487 0.07356523
v -0.01945663 0.007256261 0.07163477
v -0.01971537 0.001196625 0.07523578
v -0.0197242 0.002983625 0.07512906
v -0.01956656 0.004880588 0.07430312
v -0.01988113 0.005379695 0.07702179
v -0.01936383 0.007515885 0.07361096
v -0.01939529 0.008991358 0.07342239
v -0.01969853 0.007373357 0.0754604
v -0.01968652 0.009416313 0.07607052
v -0.01927989 0.00975253 0.07034494
v -0.01940077 0.008738376 0.07204255
v -0.01936092 0.01004469 0.0737763
v -0.01930095 0.01057891 0.07199766
v -0.01946653 0.01157696 0.07295629
v -0.01950688 0.01116051 0.07467021
v -0.01953896 0.01267896 0.07573777
v -0.02028287 -0.00381197 0.08077645
v -0.02032482 -0.001203686 0.08231983
v -0.02031653 -0.002993502 0.08217531
v -0.0205288 -0.003688423 0.08454522
v -0.02019765 0.002048288 0.08135726
v -0.02025035 0.002240459 0.08344798
v -0.02039826 -0.001306869 0.08362624
v -0.02047419 -0.002287975 0.0855958
v -0.01938504 -0.001984885 0.086932
v -0.02050476 -0.0005740896 0.08559227
v -0.02061446 -0.001074158 0.08501449
v -0.02003216 -0.0002484862 0.0864024
v -0.0192936 0.001008065 0.08695605
v -0.02041228 -0.0002063885 0.08436546
v -0.02050645 0.00105691 0.08514977
v -0.02037447 0.00188832 0.08571763
v -0.01854344 -0.002344999 0.08709028
v -0.01643547 -0.001892844 0.08774242
v -0.01726496 -0.001439629 0.08758551
v -0.01329861 -0.001385359 0.08791956
v -0.01840462 0.0003934689 0.08710757
v -0.01036859 0.001320139 0.08799827
v -0.01003389 -0.003288118 0.08801602
v -0.02003819 0.004643172 0.07917929
v -0.0201109 0.005917673 0.08259062
v -0.01995367 0.008129528 0.0793829
v -0.02039569 0.004504457 0.08479084
v -0.02031901 0.008497664 0.08512101
v -0.02011646 0.009342676 0.08330312
v -0.01996441 0.01147326 0.08206005
v -0.01990482 0.002677504 0.08646168
v -0.02040949 0.003466463 0.08522081
v -0.01831893 0.002286501 0.08710463
v -0.01919504 0.003510522 0.08692573
v -0.01828692 0.004444281 0.08707362
v -0.01690698 0.001056578 0.08764829
v -0.01377806 0.002449531 0.08788626
v -0.01676746 0.003740997 0.08767018
v -0.02027936 0.005859006 0.0856718
v -0.01978244 0.004831585 0.08649765
v -0.01912959 0.005908439 0.08691967
v -0.01696777 0.005873108 0.08756787
v -0.01979884 0.007127657 0.08637948
v -0.02019129 0.008756229 0.08577423
v -0.01819425 0.007250405 0.08707808
v -0.0201018 0.01155515 0.08363043
v -0.02018015 0.01024197 0.08548817
v -0.02029607 0.01051906 0.08466601
v -0.02021124 0.01130725 0.08577444
v -0.02036625 0.01208575 0.08486572
v -0.01994004 0.01012053 0.08603729
v -0.01907282 0.00893039 0.08690421
v -0.01947571 0.01017309 0.08661126
v -0.01808121 0.009420694 0.08707954
v -0.01671934 0.008522479 0.08760378
v -0.01898246 0.01112283 0.08686353
v -0.01799667 0.01232802 0.08705214
v -0.01682648 0.01158318 0.08754714
v -0.01575663 0.009516997 0.08772728
v -0.01590939 0.005963129 0.08773258
v -0.01273331 0.006283169 0.08788879
v -0.01073639 0.01066548 0.08786644
v -0.007989727 0.008468756 0.08794214
v -0.003668607 -0.004993103 0.0879841
v -0.007611777 -0.004830545 0.08804227
v -0.007047496 0.0001455676 0.08802891
v -0.002801104 -0.001731018 0.08795893
v -0.003895835 0.0007513221 0.08796521
v 0.000421558 -0.008017167 0.08800784
v -0.0009475336 -0.005276352 0.08799772
v 0.002899203 -0.009720029 0.08802986
v 0.005605077 -0.0100383 0.08802763
v 0.004461349 -0.008593643 0.08804795
v 0.002837337 -0.007859241 0.08800364
v 0.001678528 -0.00532639 0.08799455
v 0.001107508 -0.00176036 0.08795404
v 0.003806223 -0.006926041 0.08805545
v 0.002669781 -0.00251442 0.08800134
v 0.004115772 -0.0050155 0.08801989
v -0.006961633 0.004280075 0.08799575
v -0.001658305 0.001963681 0.08794895
v -0.0036393 0.003873357 0.08793975
v -0.005209045 0.006347951 0.08795223
v -0.0003082771 0.004860621 0.08790913
v -0.001159322 0.006902833 0.08785844
v -0.003984704 0.009695952 0.08788255
v 0.006408254 -0.003282867 0.0880391
v 0.006073493 -0.000925824 0.08802238
v 0.005154107 0.001536241 0.08802958
v 0.002876407 -0.000430353 0.08802184
v 9.880261e-05 0.001396192 0.08792607
v 0.001583109 0.003448718 0.08796269
v 0.002159592 0.00164705 0.08798578
v 0.002639475 0.005450311 0.08796442
v 0.005027368 0.00459839 0.08801469
v 0.007598849 0.003935224 0.0879591
v -0.01981523 0.01262969 0.07968025
v -0.01949574 0.01454483 0.07753213
v -0.01948407 0.01418118 0.07544835
v -0.01940493 0.01630247 0.07757986
v -0.01999306 0.01330431 0.08340932
v -0.01972468 0.01590719 0.07952867
v -0.01963762 0.01860039 0.07974543
v -0.02026681 0.01406344 0.08526118
v -0.01983171 0.01362291 0.08615117
v -0.01946931 0.01348094 0.08655383
v -0.02006893 0.01491596 0.08589
v -0.02003146 0.0163026 0.08575934
v -0.02016841 0.01612361 0.08491796
v -0.01984417 0.01794279 0.08299804
v -0.02028218 0.01786708 0.08509566
v -0.02014178 0.01925051 0.08498947
v -0.01947795 0.01630785 0.0864699
v -0.01884051 0.0155494 0.08689001
v -0.01883308 0.01366723 0.08689789
v -0.01801862 0.01524065 0.08698434
v -0.01679967 0.01467118 0.08749422
v -0.01600326 0.0133994 0.08766939
v -0.01995617 0.01861831 0.08590031
v -0.01884536 0.01724291 0.08684236
v -0.01950856 0.01885246 0.08639033
v -0.01866341 0.02009648 0.08689721
v -0.02010653 0.02082833 0.08540776
v -0.01943077 0.02123991 0.0864498
v -0.01799111 0.01828334 0.08696805
v -0.01790634 0.01997782 0.08702539
v -0.0167252 0.01781833 0.08747812
v -0.01599815 0.01721706 0.08763832
v -0.0164359 0.02009256 0.08757345
v -0.01374521 0.01170943 0.08779903
v -0.01312569 0.0157092 0.08776456
v -0.01072427 0.01406921 0.08782971
v -0.007285478 0.01361389 0.08785832
v -0.009703752 0.01658292 0.08778395
v -0.004962958 0.01752899 0.08776686
v -0.004130602 0.01448347 0.08782078
v -0.01335944 0.01896881 0.08769296
v -0.01971795 0.02208989 0.08271444
v -0.01981768 0.02072972 0.08352087
v -0.02016267 0.02076083 0.08494483
v -0.01979821 0.02206818 0.08589897
v -0.02001349 0.02192741 0.08494359
v -0.02003734 0.02398175 0.08535592
v -0.01870405 0.02215569 0.0868479
v -0.01940709 0.02358872 0.08640775
v -0.01769213 0.02336435 0.08701164
v -0.01870584 0.0246041 0.08682257
v -0.01634517 0.0240658 0.08745874
v -0.01466992 0.02304329 0.08756997
v -0.01986793 0.02542903 0.08541539
v -0.01962794 0.02527517 0.08601028
v -0.01922255 0.02576109 0.08648175
v -0.0197598 0.02683453 0.08583677
v -0.0177904 0.02584809 0.08695485
v -0.01567406 0.02629528 0.08749862
v -0.01119452 0.02577638 0.08751118
v -0.007616141 0.01988165 0.08769134
v -0.01060338 0.02163992 0.0876192
v -0.007692317 0.02240374 0.08761914
v -0.008446063 0.02506834 0.08752626
v -0.004901142 0.02154233 0.08760847
v -0.005843997 0.02464199 0.08752872
v -0.001807037 0.0252538 0.08742982
v 0.001778948 0.0091395 0.08792189
v -0.00172486 0.01016904 0.0878012
v 0.0007937301 0.00604327 0.08794849
v 0.004167603 0.007323264 0.08800001
v 0.007066997 0.007320281 0.08795686
v 0.001634849 0.01250882 0.08787116
v 0.003203553 0.01168439 0.08796863
v 0.005216747 0.01010493 0.0879935
v 0.007644253 0.01144239 0.08795184
v 0.009517461 0.008450515 0.08785151
v 0.004452509 0.01417807 0.08795498
v 0.007600189 0.01601375 0.08790679
v 0.009621568 0.01299937 0.08780226
v 0.0103111 0.01644821 0.08771969
v -0.002247491 0.01312743 0.08776598
v -0.0005523013 0.01197074 0.08780533
v -0.001351862 0.0149528 0.08772568
v -0.0007072133 0.01920943 0.08762448
v 0.003956994 0.01664992 0.08789463
v 0.002056052 0.02023805 0.08771174
v -0.001214049 0.0221486 0.08751848
v 0.007266259 0.01804165 0.08790421
v 0.004763986 0.02196499 0.08782278
v 0.007429381 0.02187685 0.08787599
v 0.01821199 -0.01481642 0.07835755
v 0.01827089 -0.01069058 0.07893965
v 0.01830777 -0.01339567 0.08261588
v 0.01823035 -0.007152027 0.07681249
v 0.01821285 -0.003565058 0.07649009
v 0.0184644 -0.006273746 0.08264452
v 0.01839219 -0.009876683 0.08308992
v 0.01844085 -0.00170406 0.08053149
v 0.007720036 -0.01004528 0.0880143
v 0.01226832 -0.01023491 0.0877351
v 0.01000861 -0.008947372 0.08787626
v 0.0121118 -0.007295335 0.08774921
v 0.0183143 -0.01462182 0.08513989
v 0.01811203 -0.01475202 0.0864165
v 0.01791489 -0.01384906 0.08689113
v 0.01712159 -0.01483513 0.08736524
v 0.01825378 -0.01287231 0.08605827
v 0.01842091 -0.01060008 0.08532922
v 0.0178573 -0.01189005 0.08696069
v 0.01814902 -0.009770684 0.08658227
v 0.01463166 -0.01210214 0.08755447
v 0.01723343 -0.01230443 0.08732173
v 0.01739455 -0.01061548 0.08729839
v 0.01475609 -0.008037237 0.08751641
v 0.01728586 -0.00770504 0.08726856
v 0.0185299 -0.007090142 0.08549418
v 0.01782904 -0.008418826 0.08705088
v 0.0185991 -0.004677912 0.08545612
v 0.01860277 -0.003033159 0.08367874
v 0.01414095 -0.004554443 0.08756581
v 0.01758674 -0.0053904 0.08721678
v 0.01831905 -0.006203191 0.08641241
v 0.01796201 -0.006169748 0.08698528
v 0.01831482 -0.00459143 0.08656421
v 0.01872491 -0.001217332 0.08533682
v 0.01870267 0.0005031861 0.08367305
v 0.01607216 -0.001839969 0.08731948
v 0.01768353 -0.002472527 0.08714101
v 0.01762031 -0.0005660467 0.08714721
v 0.0185637 -0.002604915 0.08612217
v 0.01807764 -0.003274575 0.08689766
v 0.01854889 -0.0009093247 0.08628209
v 0.01814452 -0.001297476 0.08686696
v 0.01814865 0.003031397 0.07437655
v 0.01807609 0.004988835 0.07198304
v 0.01836327 0.00131131 0.07883443
v 0.01826894 0.005007094 0.07684961
v 0.01811331 0.00567635 0.07037555
v 0.01806425 0.007105771 0.0697159
v 0.01815131 0.007639352 0.07477354
v 0.01805707 0.007599585 0.07155941
v 0.01810782 0.008089746 0.07034805
v 0.01816715 0.0092502 0.06809241
v 0.018044 0.01128548 0.06714316
v 0.01808378 0.01110069 0.06898737
v 0.01807065 0.009067025 0.06925683
v 0.01801631 0.01130292 0.0709416
v 0.01798402 0.01010949 0.07037227
v 0.01802749 0.01276773 0.07053328
v 0.01813088 0.009157093 0.07137185
v 0.01811666 0.008325605 0.07322951
v 0.01808598 0.01024766 0.07252228
v 0.01808099 0.01154755 0.0729987
v 0.01808468 0.01305975 0.07173954
v 0.01816886 0.01108363 0.07502508
v 0.01808016 0.01389138 0.07349776
v 0.01869594 0.003577011 0.08257449
v 0.01845148 0.005088726 0.07937959
v 0.01887567 0.002235983 0.08550684
v 0.01821395 0.0006186645 0.08683373
v 0.01863362 0.001978755 0.08628346
v 0.01878189 0.007354652 0.08240828
v 0.01898996 0.005374768 0.08477798
v 0.01890891 0.004477157 0.08588883
v 0.01835523 0.008575872 0.07792132
v 0.01859873 0.01019963 0.08029319
v 0.01839074 0.0118707 0.07812703
v 0.01826265 0.01507146 0.07655939
v 0.01889849 0.01158272 0.08268809
v 0.01857075 0.01508123 0.07978591
v 0.01902707 0.0145571 0.0836193
v 0.01915415 0.008406102 0.08506909
v 0.007100157 -0.006353104 0.08801658
v 0.009951254 -0.005977646 0.08787319
v 0.008267433 -0.003491985 0.08797675
v 0.01058845 -0.001962656 0.08783323
v 0.01116071 -0.00369098 0.08781308
v 0.008816047 -0.0006939843 0.08793956
v 0.00870668 0.001334032 0.08794941
v 0.01245398 -0.0009647254 0.08767174
v 0.0105316 0.003037722 0.08777626
v 0.01502584 0.001452778 0.08734402
v 0.01393416 0.005384326 0.08734444
v 0.009681901 0.006142978 0.08784749
v 0.01287401 0.008075346 0.08742945
v 0.01546762 0.008035421 0.08703513
v 0.01620364 0.004990016 0.08708139
v 0.01810537 0.006737454 0.08679694
v 0.01024644 0.009964642 0.0877613
v 0.01783622 0.002635563 0.08701076
v 0.01779526 0.004599832 0.08695358
v 0.01840877 0.004033319 0.08667064
v 0.01874088 0.005719826 0.08632034
v 0.01908872 0.006851235 0.08564952
v 0.01883263 0.008151085 0.08630367
v 0.01451603 0.01060868 0.0870994
v 0.01832938 0.01148638 0.08642106
v 0.0131185 0.01262927 0.08730231
v 0.01315789 0.01694748 0.08725227
v 0.01037238 0.0197701 0.08772053
v 0.01723865 0.0144962 0.08649665
v 0.01581059 0.01737252 0.08670485
v 0.01870049 0.01666917 0.08611581
v 0.01873912 0.01424285 0.08617212
v 0.01920216 0.01000674 0.08575128
v 0.01929127 0.01212679 0.08518279
v 0.0181885 0.009376334 0.08658916
v 0.0187185 0.01039846 0.08626847
v 0.01916288 0.01165408 0.08591266
v 0.01937267 0.01333194 0.08561137
v 0.01931855 0.01444841 0.08573674
v 0.01944372 0.01517518 0.08534034
v 0.01906967 0.0168185 0.08387104
v 0.01938083 0.0162074 0.08571139
v -0.01856545 0.02664465 0.08682398
v -0.01936088 0.02808784 0.08637701
v -0.01858867 0.02885281 0.08680235
v -0.01760991 0.02891226 0.08694151
v -0.01644439 0.02712861 0.08739991
v -0.0155528 0.02931329 0.08743688
v -0.02108647 -0.04311413 0.08497356
v -0.02133282 -0.04044868 0.08546969
v -0.02133854 0.012365 -0.006291248
v -0.02143915 0.009761091 -0.003358901
v -0.02118962 0.01473118 -0.004065007
v -0.02135874 0.009709939 -0.0002841577
v -0.02124292 0.01196342 -0.001554936
v -0.02099393 0.01623643 -0.00157547
v -0.02114589 0.01351065 0.0002548993
v -0.02108629 0.01657269 -0.006499559
v -0.02079859 0.02074041 -0.006443255
v -0.02093287 0.01866539 -0.003988609
v -0.02069156 0.02076631 -0.001860842
v -0.02067054 0.02204479 -0.003590867
v -0.02112602 0.01163164 0.004823208
v -0.02094835 0.0153541 0.003867902
v -0.02091003 0.01497879 0.007137462
v -0.02070741 0.01834954 0.005488887
v -0.02082902 0.01853636 0.0009237975
v -0.02042199 0.02366404 0.001127169
v -0.02069424 0.01991931 0.003263287
v -0.02037591 0.0240962 0.003105476
v -0.02044318 0.02201461 0.005586796
v -0.02060475 0.02342887 -0.008875743
v -0.02016604 0.02751669 -0.006264709
v -0.0203748 0.02550226 -0.004303314
v -0.01962205 0.03206032 -0.007617854
v -0.01895079 0.03683961 -0.01118276
v -0.01893414 0.0370447 -0.007407255
v -0.02042008 0.02399943 -0.001649782
v -0.01979544 0.03082259 -0.003977105
v -0.02016171 0.02683242 -0.00144361
v -0.01956617 0.03208923 -0.001953021
v -0.02006709 0.02760519 0.002234913
v -0.01959216 0.03200376 0.002862133
v -0.01899882 0.03677674 -0.003722042
v -0.018907 0.03718117 -0.0003526807
v -0.01881306 0.03771539 -0.002777882
v -0.01866205 0.03912799 -0.003004298
v -0.01867815 0.03889217 -0.0008774251
v -0.02104655 0.01085206 0.01181827
v -0.02068979 0.01757481 0.009235099
v -0.02084903 0.01490764 0.01213087
v -0.02075289 0.01373599 0.01503953
v -0.02063707 0.01851436 0.0112955
v -0.02059225 0.01687456 0.01473029
v -0.0206085 0.01985838 0.007459454
v -0.02049379 0.02077083 0.01176889
v -0.02017959 0.02526665 0.005455092
v -0.02035267 0.02250616 0.009853475
v -0.02042357 0.0198707 0.01481979
v -0.01999622 0.02717111 0.009052098
v -0.020176 0.02527332 0.01154578
v -0.02014134 0.02400533 0.01476492
v -0.02087418 0.01257818 0.01715123
v -0.02072905 0.01491612 0.01609028
v -0.02067084 0.01635764 0.01805065
v -0.02069033 0.01384208 0.01875257
v -0.02061024 0.01793875 0.01686715
v -0.02050019 0.01780559 0.0192908
v -0.02044522 0.02053911 0.01646718
v -0.0204361 0.01723431 0.02155619
v -0.02036539 0.02029851 0.01867681
v -0.02031889 0.01991544 0.02124558
v -0.02071157 0.01470849 0.02314033
v -0.02054212 0.01849601 0.02319547
v -0.02021454 0.02374745 0.01615013
v -0.02035253 0.02187649 0.01791118
v -0.0198065 0.02827777 0.01467942
v -0.01990366 0.02802359 0.01618452
v -0.02026681 0.02193898 0.01909351
v -0.02011349 0.0232863 0.02152611
v -0.02009851 0.02548246 0.01778077
v -0.01972485 0.02966698 0.01898298
v -0.01981341 0.02941638 0.01780818
v -0.0197642 0.02819346 0.02137941
v -0.01987403 0.02868924 0.005196288
v -0.01930567 0.03386496 0.004893273
v -0.01956525 0.03161312 0.008667514
v -0.01986305 0.02876376 0.01108421
v -0.01901509 0.03662087 0.00320448
v -0.01863954 0.03917381 0.001834296
v -0.01880272 0.0379205 0.003042087
v -0.0189705 0.03702151 0.008092396
v -0.01887905 0.03750332 0.00525555
v -0.01863813 0.03960448 0.006784946
v -0.01857103 0.04013122 0.004157469
v -0.01883987 0.03773167 0.008114904
v -0.01961614 0.03146543 0.01188302
v -0.01953207 0.0312112 0.01474077
v -0.01928545 0.03438091 0.01188726
v -0.01923866 0.03427996 0.01490068
v -0.01951314 0.03263168 0.01677535
v -0.01929041 0.03468283 0.01623168
v -0.0193653 0.03450638 0.01767964
v -0.01860017 0.04047555 0.01070943
v -0.01836067 0.0423408 0.009370133
v -0.01836739 0.04239446 0.0117993
v -0.01900371 0.03699594 0.01165754
v -0.01884136 0.03786879 0.01186645
v -0.01891187 0.03750107 0.01414818
v -0.01866639 0.04005209 0.01330575
v -0.01901891 0.03700478 0.01599579
v -0.01886535 0.03801638 0.01622321
v -0.01873485 0.039901 0.01597648
v -0.01835426 0.04263194 0.01507089
v -0.01742581 0.04356015 -0.01630448
v -0.01871086 0.03802653 -0.01500035
v -0.01869304 0.03797729 -0.01358347
v -0.01843528 0.04040372 -0.01354585
v -0.0187925 0.03767569 -0.01066382
v -0.0184842 0.04020677 -0.00972949
v -0.01861085 0.03914881 -0.00783287
v -0.0180921 0.04235488 -0.01167398
v -0.01769427 0.04324432 -0.0141196
v -0.01768793 0.0433451 -0.01226084
v -0.01729311 0.04367715 -0.01375843
v -0.01788705 0.04298844 -0.0109302
v -0.01728654 0.04373807 -0.01020395
v -0.01656038 0.04402989 -0.01449598
v -0.01569794 0.04446863 -0.0156585
v -0.01495783 0.04470786 -0.01427791
v -0.01387851 0.0446948 -0.01590594
v -0.01573674 0.0444832 -0.0126852
v -0.01347353 0.04471651 -0.01359015
v -0.01149541 0.04462375 -0.01538166
v -0.01091058 0.04463455 -0.01606897
v -0.009332029 0.04449268 -0.01533268
v -0.01269404 0.04464984 -0.01446089
v -0.01202682 0.04468664 -0.01448539
v -0.009555333 0.04462016 -0.01415523
v -0.01129267 0.04472478 -0.01298723
v -0.009588398 0.0448252 -0.01670596
v -0.01487528 0.04474228 -0.01240527
v -0.01576175 0.04451753 -0.00921391
v -0.01503769 0.04473846 -0.009071693
v -0.01383499 0.04473189 -0.01118719
v -0.01140768 0.04476606 -0.01109578
v -0.01240497 0.04475605 -0.009592876
v -0.008451988 0.04451106 -0.01472621
v -0.007499646 0.04464058 -0.01416735
v -0.007730661 0.04474951 -0.01316289
v -0.006506565 0.04452177 -0.01501079
v -0.005113776 0.04449393 -0.01528578
v -0.005229612 0.04465359 -0.01423384
v -0.003733184 0.04469472 -0.01450084
v -0.004197331 0.04468496 -0.01379559
v -0.001519292 0.04464177 -0.01417974
v -0.003822341 0.04483192 -0.01199906
v -0.001843698 0.04478866 -0.01270449
v -0.008553168 0.04480149 -0.01100599
v -0.0105704 0.04477683 -0.008870944
v -0.007913957 0.04480428 -0.007637747
v -0.005821572 0.04483283 -0.01058983
v -0.0009315563 0.04479283 -0.01089751
v -0.01850603 0.04021402 -0.006700791
v -0.01811564 0.04232795 -0.007943086
v -0.01864735 0.0389565 -0.00555782
v -0.01848567 0.0404549 -0.00403782
v -0.01816026 0.04229549 -0.00486093
v -0.01767932 0.04339825 -0.008502342
v -0.01795707 0.04296716 -0.006184042
v -0.01699946 0.04394975 -0.007445283
v -0.01770468 0.04342934 -0.005687475
v -0.01599873 0.04449387 -0.00472822
v -0.01720499 0.04386522 -0.005106531
v -0.01527029 0.04473446 -0.004539981
v -0.01513992 0.04475083 -0.006491497
v -0.01805315 0.04288374 -0.003393725
v -0.01846989 0.04077552 -0.001690187
v -0.01817587 0.04246756 0.0003642887
v -0.01794787 0.04313359 -0.0001742095
v -0.01747159 0.04379007 -0.002765596
v -0.01560528 0.04474427 -0.001245402
v -0.01418037 0.04489243 -0.003077976
v -0.01382708 0.04483404 -0.005146831
v -0.0139441 0.04485848 0.0003767908
v -0.01228597 0.04485607 -0.001587108
v -0.01275179 0.04484111 0.001648687
v -0.01398469 0.04483049 -0.007773101
v -0.01150113 0.04482792 -0.008331373
v -0.01163277 0.04483803 -0.006438598
v -0.01301861 0.04477226 -0.006544873
v -0.01251925 0.04479362 -0.004425451
v -0.01079761 0.04481492 -0.006397314
v -0.008813059 0.04483335 -0.004095584
v -0.01107759 0.04483838 -0.003568813
v -0.004584 0.04485053 -0.00630834
v -0.004803218 0.04481971 -0.003152147
v -0.01145295 0.04488856 -0.004584193
v -0.01083733 0.04484 -0.0006321892
v -0.006615211 0.04484697 -8.906424e-05
v 0.0005929163 0.04465444 -0.01438494
v 0.0005511092 0.04465201 -0.01346996
v 0.00235322 0.04472174 -0.0117489
v 0.005018484 0.04459826 -0.01291277
v 0.005845874 0.04459073 -0.01077777
v 0.007025768 0.04455525 -0.01213325
v 0.003222052 0.04469593 -0.008052535
v 0.0004016268 0.04474294 -0.008379929
v 0.001571927 0.04473299 -0.005697362
v 0.004629236 0.04465207 -0.005798593
v 0.007298745 0.04451349 -0.008543722
v 0.008242422 0.04448673 -0.005909555
v 0.009623181 0.04442019 -0.008513935
v 0.01140782 0.04431753 -0.005743064
v 0.009715305 0.04437348 -0.003422298
v 0.01249463 0.04422579 -0.003977887
v -0.002771682 0.04476713 -0.004333772
v -0.002105611 0.0447847 -0.003077589
v -0.001246858 0.04479837 -0.005267195
v 0.003041227 0.04465969 -0.002980508
v 0.0003202166 0.04473518 -0.001881205
v -0.003620094 0.04481475 -0.0007961839
v -0.0009493046 0.04473968 0.001765504
v 0.002832532 0.04463794 0.001777388
v 0.005698442 0.04455427 -0.002791084
v 0.007046434 0.04452962 -0.003821008
v 0.004620172 0.04458088 -0.0004245713
v 0.007644165 0.04442347 -0.0008505061
v 0.009664653 0.04435733 7.44611e-05
v 0.0122978 0.04424628 -0.001059197
v 0.006679037 0.0444842 0.002202883
v 0.009516209 0.04433905 0.003021181
v 0.012064 0.04422582 0.002493843
v 0.009700965 0.04441623 -0.01139741
v 0.01129834 0.04431828 -0.01085849
v 0.01391032 0.04419176 -0.008540392
v 0.01397924 0.04414621 -0.01011212
v 0.01388582 0.04418992 -0.00550472
v -0.01850356 0.04056256 0.0006616339
v -0.01819877 0.04268779 0.003395796
v -0.01777659 0.04350751 0.002200529
v -0.01739658 0.04386555 -0.0003390163
v -0.01533457 0.0448124 -0.0002704784
v -0.01573967 0.04468842 0.0007529631
v -0.0172985 0.04397713 0.003243819
v -0.0160296 0.04462729 0.004320584
v -0.01525187 0.04483983 0.002513669
v -0.01828689 0.04242929 0.006660663
v -0.01797905 0.04338249 0.005966738
v -0.01730844 0.04403526 0.005844228
v -0.01506445 0.04494075 0.005016662
v -0.01104985 0.04484615 0.001851678
v -0.01380658 0.04489584 0.003685445
v -0.01297337 0.04485563 0.004191957
v -0.01169252 0.04491837 0.003156088
v -0.0140609 0.0449049 0.005560376
v -0.01169569 0.04491904 0.006612316
v -0.01582444 0.04475944 0.007616699
v -0.0148855 0.04492284 0.007147714
v -0.01300865 0.04489101 0.0073044
v -0.010765 0.0448426 0.004744709
v -0.007515968 0.04486437 0.003870301
v -0.00714708 0.04487973 0.006299324
v -0.01113805 0.04488843 0.008224979
v -0.009089653 0.04489422 0.007818811
v -0.01804918 0.04334071 0.008943647
v -0.017449 0.04400563 0.008608498
v -0.01800423 0.0434863 0.01109666
v -0.01598268 0.04471786 0.01035745
v -0.01502433 0.04497218 0.01071908
v -0.01282453 0.04491902 0.01036323
v -0.01136575 0.04485669 0.01010567
v -0.0118037 0.0449563 0.01216877
v -0.01011944 0.04487541 0.01188634
v -0.01815665 0.04322652 0.01317997
v -0.01734011 0.04409863 0.01135826
v -0.01563456 0.04494342 0.01388267
v -0.01775329 0.04377862 0.01317184
v -0.01732176 0.04413649 0.01401961
v -0.01793985 0.04364535 0.01572967
v -0.01333543 0.04492387 0.01345666
v -0.0149688 0.04501388 0.01538042
v -0.01317331 0.04499744 0.01699894
v -0.01194399 0.04497201 0.01489539
v -0.01125316 0.0448994 0.01391757
v -0.009974646 0.04492519 0.01332973
v -0.01061655 0.04492387 0.0158372
v -0.00621938 0.04487782 0.00859002
v -0.004690978 0.04482479 0.0060938
v -0.004295327 0.04479313 0.003192194
v -0.0001312606 0.04472089 0.006087057
v -0.001799286 0.04474281 0.008323662
v -0.000441975 0.04473254 0.009771049
v 0.002893852 0.04462295 0.006180905
v 0.004578094 0.04451498 0.003396705
v 0.006007584 0.04447944 0.004840434
v 0.005801695 0.04450088 0.007640384
v 0.007584718 0.04441129 0.006407939
v 0.008248991 0.04435012 0.005006827
v 0.007602898 0.04443588 0.008414723
v 0.01068646 0.04426241 0.005095832
v 0.009788699 0.04431202 0.006982096
v 0.002740375 0.04458663 0.008212097
v 0.005502073 0.04449337 0.009414673
v 0.008748474 0.04433911 0.009906717
v 0.003702942 0.04462182 0.01235707
v 0.00782272 0.04443124 0.01215852
v -0.007278474 0.04488252 0.01142401
v -0.003433567 0.04480672 0.01082858
v -0.004719649 0.04483666 0.01326431
v -0.004563821 0.04488074 0.01194952
v -0.002563649 0.0447663 0.01197122
v -0.002837633 0.04483253 0.01346307
v -0.0008757934 0.04476184 0.01278502
v -0.007296808 0.04486741 0.01369791
v -0.008752924 0.04490217 0.01505182
v -0.004880588 0.04487281 0.01489314
v -0.007244915 0.04493824 0.01491751
v -0.007627564 0.04494362 0.01775238
v -0.006257819 0.04488377 0.01585388
v -0.005154991 0.04492364 0.01757061
v -0.002271168 0.04479744 0.01547967
v -0.0001541767 0.04475063 0.01522077
v 0.001294603 0.04468348 0.01378878
v 0.003185363 0.04460721 0.01583578
v 0.0008577441 0.04477629 0.01811118
v -0.001627767 0.04484884 0.01889723
v 0.004739807 0.04458714 0.01736844
v 0.004179284 0.0446078 0.01962817
v 0.001217246 0.04469667 0.01208249
v 0.00410617 0.04461894 0.01496588
v 0.005862671 0.04450165 0.01321176
v 0.00729035 0.04447905 0.0145476
v 0.006885098 0.04446625 0.01589318
v -0.02037258 0.01718424 0.02448843
v -0.02027296 0.01952163 0.02435162
v -0.0203755 0.02121838 0.02302557
v -0.01992474 0.02170713 0.02676361
v -0.02001174 0.01837867 0.02679857
v -0.0200193 0.02277136 0.02504274
v -0.02023533 0.02327088 0.0233763
v -0.02015364 0.02539586 0.02314927
v -0.01998587 0.02481699 0.02434539
v -0.01995415 0.0279348 0.02294967
v -0.01975523 0.02382471 0.02690875
v -0.01974461 0.02496977 0.02624161
v -0.01970926 0.02523899 0.02785668
v -0.01949413 0.02824154 0.02658178
v -0.01950238 0.02871354 0.02794791
v -0.01971005 0.0271168 0.02892216
v -0.01986833 0.02417974 0.02894986
v -0.01948895 0.03051609 0.02917238
v -0.01945853 0.0302443 0.03191878
v -0.02027203 0.01618819 0.02916249
v -0.02010422 0.01652035 0.0323035
v -0.02002848 0.01886157 0.03170227
v -0.02012678 0.01930812 0.02936492
v -0.02001314 0.02119057 0.02900466
v -0.01994874 0.02094706 0.03175814
v -0.01986489 0.01988625 0.03398768
v -0.01970892 0.02354383 0.03401921
v -0.01983768 0.01855399 0.03608885
v -0.01972865 0.02113769 0.03627202
v -0.01963484 0.0201831 0.03803287
v -0.01951126 0.02699097 0.03597268
v -0.01945016 0.02520537 0.03837508
v -0.01965079 0.02655115 0.03236748
v -0.01933275 0.03073319 0.03390379
v -0.01945384 0.03257438 0.01870205
v -0.01954105 0.03117735 0.02133088
v -0.01979845 0.02991606 0.02300108
v -0.01928775 0.03377043 0.02140511
v -0.01916659 0.03542865 0.02096363
v -0.01905573 0.03651016 0.0187576
v -0.01959066 0.0303114 0.02434114
v -0.01957928 0.03279388 0.02306888
v -0.01931394 0.03310808 0.0246044
v -0.01918345 0.03228872 0.0269535
v -0.0193897 0.03514691 0.02284607
v -0.01889819 0.0379482 0.02134094
v -0.01912433 0.03726499 0.02304397
v -0.01911494 0.03589404 0.02440594
v -0.01890792 0.0356861 0.02656946
v -0.01904304 0.03744914 0.01741524
v -0.01880631 0.03914499 0.01817288
v -0.01839176 0.04256353 0.0174711
v -0.01804945 0.04357037 0.01765698
v -0.01856262 0.04112193 0.02121311
v -0.01816647 0.04336174 0.02067611
v -0.01892478 0.03968245 0.02289741
v -0.01862915 0.04038286 0.02467431
v -0.01850414 0.04265741 0.02318026
v -0.01838597 0.04265696 0.02039647
v -0.01774416 0.04393014 0.02008408
v -0.01914888 0.03495136 0.02911307
v -0.01871016 0.03797452 0.02653794
v -0.01894184 0.03736028 0.02903724
v -0.01919917 0.03407881 0.03230641
v -0.01911981 0.03405786 0.03421573
v -0.01889885 0.03734098 0.03334227
v -0.01865738 0.04025984 0.03035077
v -0.01865964 0.03943795 0.02804446
v -0.01838249 0.04091221 0.02640139
v -0.01834976 0.04148671 0.02741475
v -0.01800986 0.04339207 0.02595026
v -0.01827028 0.04334637 0.02299596
v -0.01738799 0.04427371 0.02476071
v -0.01756115 0.0441178 0.02204362
v -0.01633635 0.04488977 0.02297883
v -0.01826263 0.04262868 0.02661388
v -0.01824665 0.04335972 0.02800436
v -0.01792325 0.04385821 0.02774835
v -0.01751475 0.04406349 0.02646732
v -0.01590022 0.04502219 0.02650422
v -0.01688648 0.04458438 0.02673641
v -0.01862059 0.04075363 0.02893677
v -0.0184864 0.04251698 0.0283807
v -0.01841947 0.04289052 0.03148048
v -0.0175372 0.04423919 0.02853085
v -0.01576734 0.04514048 0.02879211
v -0.01513217 0.04519164 0.02789126
v -0.0163191 0.04494636 0.03080457
v -0.0156465 0.0451615 0.03052223
v -0.01810586 0.04368311 0.02914798
v -0.01769549 0.04415864 0.0316105
v -0.01815904 0.04370955 0.03234899
v -0.01347107 0.04512201 0.02983711
v -0.01414771 0.04518754 0.03266653
v -0.01235742 0.04514246 0.03298017
v -0.01192443 0.04513829 0.02994946
v -0.01952499 0.02054411 0.04009943
v -0.01928371 0.01988309 0.04424718
v -0.01922504 0.02551086 0.04245445
v -0.0188564 0.0245567 0.04892786
v -0.01926944 0.02916984 0.03913575
v -0.01922179 0.03209112 0.03644703
v -0.01898188 0.03496495 0.03973204
v -0.01899906 0.03201307 0.04286475
v -0.01882287 0.02928912 0.04748066
v -0.01855082 0.02803415 0.05279304
v -0.01872504 0.03476878 0.04608758
v -0.01874577 0.03687186 0.04390769
v -0.01848399 0.03192893 0.05224723
v -0.01849185 0.03578286 0.05011664
v -0.0185727 0.04164325 0.03497638
v -0.01840352 0.04305731 0.03449121
v -0.0186213 0.04081223 0.03697027
v -0.01772344 0.04424032 0.03401261
v -0.01569982 0.04524472 0.03317839
v -0.01820549 0.04367021 0.03472973
v -0.01650567 0.04486677 0.03522602
v -0.01766033 0.04428347 0.03543569
v -0.0185734 0.04211938 0.03861764
v -0.0183711 0.04328364 0.03688748
v -0.01802054 0.04396706 0.03701335
v -0.01828408 0.04359508 0.03967783
v -0.01766412 0.04432917 0.03797777
v -0.01836437 0.04348936 0.04172195
v -0.01894725 0.03631096 0.03715963
v -0.01865727 0.03961181 0.04221565
v -0.01861056 0.04079953 0.03968646
v -0.0144567 0.04521137 0.03575922
v -0.01561133 0.04521979 0.03520741
v -0.01244748 0.04516099 0.03624142
v -0.01116531 0.04512987 0.03530376
v -0.009069848 0.04505701 0.03513942
v -0.0112015 0.04507036 0.03258281
v -0.01177659 0.04508257 0.03681818
v -0.009907737 0.04512127 0.03781725
v -0.01856386 0.04169243 0.04158559
v -0.01781391 0.04428653 0.04084833
v -0.01593188 0.04519764 0.03680417
v -0.01477396 0.04531515 0.03725488
v -0.01342358 0.0451374 0.03680693
v -0.01565837 0.04521875 0.0386972
v -0.01625697 0.04508837 0.04011844
v -0.01350981 0.04522483 0.03905702
v -0.01205263 0.04521832 0.0384758
v -0.01086555 0.04513723 0.039253
v -0.01246127 0.04521448 0.04016477
v -0.01015615 0.04517182 0.04066993
v -0.008002225 0.04501348 0.03594608
v -0.008165663 0.04511698 0.03787372
v -0.00642211 0.0450249 0.03756614
v -0.007663206 0.0450929 0.0392492
v -0.006182393 0.04504949 0.03891002
v -0.007433885 0.04514168 0.04055956
v -0.009235295 0.04513663 0.04195797
v -0.005072284 0.04509067 0.04037134
v -0.006222756 0.04505794 0.0418943
v -0.003470091 0.04501179 0.04181975
v -0.01852865 0.04133902 0.04497653
v -0.01858599 0.03835395 0.04671642
v -0.01835415 0.03923788 0.05098957
v -0.01835315 0.04287765 0.04911299
v -0.0183943 0.04310264 0.04633161
v -0.0183614 0.04349984 0.04497999
v -0.01759894 0.044564 0.0440063
v -0.01646968 0.0450182 0.04172312
v -0.01803701 0.04421172 0.04411238
v -0.01599366 0.04542769 0.04391962
v -0.01494508 0.04530412 0.04082979
v -0.01547436 0.04533851 0.04201491
v -0.01433017 0.04528255 0.04215844
v -0.01495199 0.04546086 0.04302073
v -0.01254501 0.04522365 0.04187778
v -0.01093783 0.04537011 0.04397935
v -0.01321123 0.04534701 0.04268309
v -0.01422766 0.04539073 0.04408106
v -0.01311654 0.04544925 0.04390547
v -0.0121244 0.04529363 0.04463673
v -0.01741894 0.04469156 0.04585938
v -0.01552521 0.04528292 0.04590462
v -0.0151586 0.04545987 0.04438463
v -0.01798077 0.04427794 0.04666056
v -0.01733478 0.04481502 0.04806988
v -0.01774751 0.04448874 0.04854557
v -0.01732351 0.04473731 0.04679304
v -0.01458215 0.04541982 0.04572442
v -0.0156519 0.04526575 0.04737775
v -0.01399225 0.04534482 0.04730161
v -0.01386998 0.0452837 0.04596908
v -0.01449436 0.04542837 0.04827113
v -0.0131839 0.04536167 0.04891512
v -0.01212475 0.04528187 0.04620659
v -0.01087592 0.04519458 0.04753098
v -0.009618756 0.04527907 0.04296187
v -0.007464482 0.04520278 0.04302467
v -0.009158846 0.04536328 0.04379743
v -0.00948019 0.04520555 0.04477268
v -0.007040886 0.04522386 0.0439499
v -0.008217767 0.04514351 0.04483104
v -0.006063004 0.04513391 0.04299214
v -0.003868414 0.04511094 0.04363638
v -0.005750132 0.04512825 0.04444733
v -0.007203999 0.04512659 0.04664835
v -0.005969827 0.04507479 0.04676184
v -0.003064403 0.0450013 0.04461557
v -0.004317473 0.04506008 0.04676628
v -0.01005576 0.04519027 0.04655135
v -0.009193684 0.0451183 0.04774797
v -0.01036564 0.04522331 0.04859442
v -0.00567689 0.04508798 0.04878215
v -0.003864707 0.04499453 0.04802196
v -0.007287473 0.04512834 0.0488656
v -0.01011426 0.04532462 0.05009764
v -0.005721997 0.04515753 0.0502672
v -0.01725276 0.04424173 0.01692393
v -0.01566073 0.04497842 0.01682168
v -0.01661464 0.04463206 0.01931991
v -0.01556599 0.04501771 0.01940535
v -0.01161562 0.04501712 0.01799347
v -0.01069952 0.04495535 0.01831283
v -0.01466544 0.04506412 0.01889066
v -0.01313964 0.04502489 0.02075132
v -0.01598836 0.0448739 0.02152992
v -0.01159587 0.04507438 0.02152246
v -0.01342087 0.04507127 0.02176096
v -0.01523232 0.04505979 0.02148461
v -0.01523044 0.04519066 0.02298657
v -0.01400237 0.04504809 0.02397901
v -0.01306769 0.04499206 0.02343725
v -0.01241012 0.04508996 0.02270816
v -0.01539644 0.04515006 0.02514824
v -0.01364895 0.04510728 0.02640795
v -0.01100428 0.04496419 0.02049867
v -0.009388213 0.0449365 0.02034511
v -0.007980595 0.04493637 0.02080628
v -0.005407987 0.04490042 0.02061893
v -0.006748574 0.04498071 0.02147195
v -0.008757433 0.04505283 0.02147623
v -0.01172724 0.04502252 0.02261318
v -0.00904997 0.04503192 0.02216347
v -0.009688391 0.04513488 0.02316179
v -0.006948973 0.04505123 0.02312743
v -0.005511818 0.04493335 0.02233682
v -0.007633847 0.04493647 0.02472287
v -0.00643415 0.04503449 0.02516095
v -0.004576095 0.0448661 0.02490187
v -0.00520673 0.04495233 0.02553655
v -0.004384455 0.04496992 0.02160414
v -0.00342693 0.04491904 0.02255457
v 0.0006867414 0.04471924 0.02009176
v -0.002038507 0.04483231 0.02055015
v -0.002475712 0.0449158 0.02148639
v 0.00079162 0.04480968 0.02187305
v -0.002034623 0.0448486 0.02257541
v 0.003443562 0.04468344 0.02157917
v 0.002799236 0.04465881 0.02286478
v 0.004690008 0.04455417 0.02255708
v -0.0009119655 0.04488119 0.02331676
v -0.002098288 0.0448563 0.02493513
v -0.000633033 0.04476552 0.02553363
v -0.003311295 0.04487969 0.02546311
v -0.002168798 0.04478573 0.02663098
v 0.0006100812 0.04479928 0.02388141
v 0.001543195 0.04483146 0.02320238
v -1.597358e-05 0.0447054 0.02635656
v 0.001698921 0.04483055 0.0254204
v 0.002864098 0.0446365 0.02411413
v 0.004099553 0.04474897 0.02534061
v 0.001533481 0.04463069 0.02670018
v 0.002845856 0.04465602 0.02643037
v 0.001907966 0.04470246 0.02749148
v -0.01242835 0.04491142 0.02411515
v -0.01263647 0.04498282 0.02566183
v -0.01118638 0.04497062 0.02469553
v -0.01217394 0.04510243 0.02714193
v -0.01097208 0.04501696 0.02729523
v -0.008946277 0.04486379 0.02491822
v -0.008436918 0.04487739 0.02656595
v -0.005245408 0.04488356 0.02637681
v -0.00654023 0.04494685 0.02751028
v -0.008064682 0.04499108 0.03055967
v -0.006931831 0.04500034 0.03420328
v -0.002300071 0.04486746 0.02799901
v -0.005047798 0.04492724 0.03177177
v 0.001492111 0.04473186 0.02982939
v -0.003168041 0.04489285 0.0334793
v 0.0006433681 0.04478361 0.0341505
v 0.003394924 0.04467537 0.03203024
v -0.001825373 0.04488727 0.0351734
v -0.004316458 0.04498275 0.03539249
v -0.004967676 0.04495973 0.03785507
v 0.0006168974 0.04480622 0.03599176
v -0.00314864 0.04497197 0.037826
v -0.001622555 0.0449502 0.0382629
v -0.0009639342 0.0448132 0.0363801
v -0.0001630685 0.04481072 0.03768049
v 0.0001701894 0.04485575 0.03930849
v -0.003082733 0.04494956 0.0394285
v -0.001628664 0.04498403 0.04055782
v -0.01845342 0.02268234 0.05727744
v -0.01830629 0.02351985 0.06093079
v -0.01835041 0.02727428 0.05653416
v -0.01823375 0.02709471 0.0596946
v -0.01803842 0.02991299 0.06253637
v -0.0180655 0.03173754 0.06029232
v -0.01829268 0.03153364 0.0558016
v -0.01830958 0.03509437 0.05402201
v -0.01815114 0.03478263 0.05713592
v -0.01821086 0.02513024 0.06306437
v -0.0182939 0.02439608 0.06469402
v -0.01810341 0.02857921 0.06425147
v -0.01839032 0.02896992 0.06807192
v -0.01867445 0.02763993 0.07093225
v -0.01820704 0.03194143 0.06688094
v -0.01789127 0.03328166 0.06357242
v -0.01781759 0.03559797 0.06387156
v -0.0178995 0.03902345 0.05976471
v -0.01773701 0.03866579 0.06310114
v -0.01804826 0.03574686 0.06636426
v -0.01831708 0.03548299 0.06958123
v -0.0177639 0.03853493 0.06464995
v -0.0182476 0.04298894 0.05159488
v -0.01795597 0.04421737 0.05085981
v -0.01816412 0.04207308 0.0540619
v -0.0181273 0.03907253 0.05539013
v -0.01799457 0.04400427 0.05459267
v -0.01803757 0.0422097 0.05687341
v -0.0179121 0.04139362 0.05884154
v -0.01790342 0.04375799 0.05780651
v -0.01770999 0.04462707 0.05722477
v -0.01753686 0.04492168 0.05461474
v -0.01816184 0.04383948 0.0486723
v -0.01676299 0.04516 0.04894778
v -0.01707355 0.04510974 0.0517087
v -0.01588557 0.04542595 0.04937531
v -0.01492126 0.04557305 0.04999696
v -0.01392873 0.04555009 0.05248035
v -0.01763114 0.04473404 0.05241102
v -0.01633908 0.04538256 0.05073431
v -0.0167374 0.04536002 0.05354148
v -0.01539535 0.04568714 0.0536744
v -0.01634089 0.04568956 0.05666862
v -0.01503522 0.04582347 0.05644001
v -0.0123441 0.04565071 0.05613631
v -0.008779501 0.04538507 0.05372079
v -0.003886979 0.045155 0.05422194
v -0.006600049 0.04533655 0.05543897
v -0.01439325 0.04581732 0.05797999
v -0.009900679 0.04558494 0.0576092
v -0.01797317 0.04234089 0.05909371
v -0.01765359 0.04459599 0.05980723
v -0.01775912 0.04407968 0.06040186
v -0.01781503 0.04307209 0.06142491
v -0.01735707 0.04515715 0.05796066
v -0.01730436 0.04514759 0.06082253
v -0.01668297 0.04568081 0.06024842
v -0.01765926 0.04150442 0.06303036
v -0.01768046 0.04352561 0.06483027
v -0.01764585 0.04412512 0.06367743
v -0.01753155 0.04470854 0.0625087
v -0.01701574 0.04541774 0.06261706
v -0.01728188 0.04497234 0.06406935
v -0.01639763 0.04581839 0.06278743
v -0.01661801 0.04561688 0.06442128
v -0.0152504 0.04610622 0.06455973
v -0.01475443 0.046175 0.06366079
v -0.01664171 0.0456102 0.05762383
v -0.01577301 0.045948 0.05943009
v -0.01585854 0.04597957 0.0609802
v -0.01386118 0.04599886 0.06148745
v -0.007269274 0.04546743 0.05915023
v -0.009368178 0.04573528 0.06182389
v -0.007392096 0.04561845 0.06254682
v -0.01494398 0.04611022 0.06125328
v -0.0130194 0.04619114 0.06571691
v -0.01045167 0.04593714 0.06450027
v -0.009228392 0.04577787 0.06499545
v -0.008396664 0.04573263 0.06402001
v -0.01851937 0.03204342 0.070867
v -0.0188235 0.0303683 0.07383007
v -0.01908762 0.02800871 0.07597259
v -0.01922983 0.03080058 0.07973528
v -0.01897902 0.03169023 0.07652922
v -0.01873406 0.03504034 0.07500109
v -0.01845594 0.03760492 0.0724206
v -0.01822447 0.04073411 0.0706359
v -0.01801699 0.04073793 0.06701058
v -0.01899073 0.03501007 0.07884899
v -0.01925978 0.03369105 0.08230126
v -0.01949394 0.03159354 0.0837865
v -0.01953776 0.03323666 0.08419506
v -0.01939831 0.03586151 0.08416738
v -0.0186358 0.03864281 0.07543637
v -0.0188224 0.03865333 0.07847571
v -0.01841938 0.04147747 0.074149
v -0.0185957 0.04138987 0.07675695
v -0.01906789 0.03864274 0.08271563
v -0.01922031 0.03736945 0.08370471
v -0.0187477 0.04224248 0.07994729
v -0.01859494 0.04213551 0.07612179
v -0.01848803 0.04349668 0.07646477
v -0.0185394 0.04374441 0.07952058
v -0.01805776 0.0424054 0.066929
v -0.01790999 0.04377462 0.06674135
v -0.01821 0.0424524 0.06972532
v -0.01805685 0.04379045 0.0683075
v -0.01747684 0.04469481 0.06516434
v -0.01690235 0.04548425 0.06519833
v -0.01594757 0.04614694 0.06757177
v -0.01758661 0.0450793 0.06783997
v -0.01670478 0.045816 0.06739278
v -0.01456796 0.04624755 0.06689006
v -0.01451021 0.04625606 0.06530011
v -0.01529973 0.04601632 0.07065445
v -0.01369025 0.04597572 0.06945334
v -0.0121576 0.04605841 0.06779662
v -0.01832309 0.04257025 0.07178348
v -0.01819283 0.04362844 0.07055016
v -0.01827996 0.04410517 0.07368207
v -0.01779635 0.04504729 0.07171328
v -0.01780176 0.04478019 0.06977399
v -0.01722384 0.04553401 0.06942837
v -0.01701479 0.04556032 0.0723673
v -0.01627885 0.04587775 0.07109702
v -0.01505767 0.04597569 0.07225282
v -0.01112205 0.04591145 0.07021347
v -0.01186173 0.04590436 0.07167163
v -0.01408187 0.04583166 0.07221524
v -0.01028447 0.04588241 0.07173157
v -0.01365806 0.04576143 0.07408731
v -0.01001478 0.04598022 0.06749354
v -0.009571555 0.04600106 0.07063653
v -0.01846824 0.04261541 0.07411228
v -0.01791125 0.0449434 0.07465021
v -0.01735334 0.04537184 0.07420743
v -0.0181999 0.0444015 0.0756771
v -0.01733866 0.0452982 0.07646368
v -0.0181277 0.04449472 0.0776747
v -0.01637115 0.04571068 0.07681832
v -0.01631482 0.04581845 0.07348622
v -0.01529967 0.04591287 0.07561165
v -0.01289072 0.04579482 0.07467972
v -0.01172045 0.04579826 0.07457869
v -0.01455447 0.04582438 0.07616374
v -0.01753038 0.04512724 0.07806681
v -0.0181955 0.04462185 0.08009553
v -0.01781549 0.04499723 0.08014175
v -0.01539426 0.04585251 0.07851118
v -0.01659295 0.0456618 0.07986441
v -0.01700654 0.04555419 0.08243322
v -0.01544382 0.04589153 0.08073659
v -0.01472212 0.04580616 0.08136359
v -0.01285897 0.04578479 0.07962567
v -0.01146446 0.04575305 0.07626159
v -0.01973664 0.03021571 0.08564737
v -0.01941882 0.03066069 0.08635566
v -0.01964017 0.03165793 0.0859724
v -0.01971542 0.03178311 0.08529963
v -0.01950042 0.03240352 0.08618504
v -0.01859487 0.03303753 0.08675475
v -0.01978461 0.03383019 0.08523214
v -0.01966412 0.03334006 0.08594832
v -0.01971894 0.03499517 0.08589113
v -0.01921025 0.03473336 0.08643988
v -0.01857565 0.03599542 0.08670503
v -0.019564 0.03592439 0.08616383
v -0.01982998 0.03520265 0.08548442
v -0.01960428 0.03708916 0.08524242
v -0.01953558 0.03715662 0.08583902
v -0.01915176 0.03763171 0.08637926
v -0.01942302 0.03955492 0.08504389
v -0.0191177 0.04022034 0.08375023
v -0.01951579 0.03853573 0.08586299
v -0.01822777 0.03820524 0.08679679
v -0.01923564 0.03887329 0.08646163
v -0.01738988 0.03815877 0.0868818
v -0.01944696 0.04012758 0.08574495
v -0.0189864 0.04196122 0.08301498
v -0.01896248 0.04336631 0.08395955
v -0.01949325 0.04184308 0.0853107
v -0.01887353 0.04417724 0.08487295
v -0.01848669 0.04452552 0.08299947
v -0.01924623 0.04094552 0.08632933
v -0.01907959 0.0400315 0.08639503
v -0.0183452 0.04024294 0.08671992
v -0.0175009 0.04034157 0.0868009
v -0.01943206 0.04172304 0.08595403
v -0.01846135 0.04197905 0.08670744
v -0.0184755 0.04353138 0.08666804
v -0.01717733 0.04312033 0.0868783
v -0.01931763 0.04267307 0.08563192
v -0.01865145 0.04444949 0.08612542
v -0.01818016 0.0443358 0.08661966
v -0.01731083 0.04436705 0.08688638
v -0.01562895 0.043092 0.08729239
v -0.01606665 0.04115332 0.0872
v -0.01577657 0.04446903 0.08736503
v -0.01796689 0.04498995 0.08274147
v -0.01583564 0.04586245 0.08247077
v -0.01858208 0.04474337 0.08507887
v -0.01792239 0.04524717 0.08470933
v -0.01709865 0.04560814 0.08461814
v -0.01594867 0.04586948 0.08382353
v -0.01309239 0.04574458 0.08406401
v -0.0161308 0.04550549 0.08521058
v -0.01825596 0.04507415 0.08570288
v -0.01791842 0.04477074 0.08635518
v -0.01768783 0.04521419 0.08588475
v -0.01658117 0.04494248 0.08618382
v -0.01435211 0.04504014 0.08599736
v -0.0166973 0.04467729 0.0869831
v -0.01553397 0.0448437 0.08710876
v -0.01376504 0.04555348 0.08502698
v 0.02143429 0.0009218249 0.008061349
v 0.0213418 0.002981706 0.01118579
v 0.02115455 -0.0005223192 0.01459481
v 0.02150311 0.01132442 0.006348543
v 0.02130299 0.007951651 0.01188339
v 0.02134236 0.01290975 0.009911597
v 0.02109233 0.003902334 0.01734692
v 0.0209973 0.0001148861 0.01862305
v 0.02085802 -0.0001415685 0.02068192
v 0.02092603 0.002607968 0.02026949
v 0.02081813 0.001872639 0.02143371
v 0.02093052 0.005418554 0.02103449
v 0.02112008 0.009963914 0.01680165
v 0.02114996 0.01458247 0.01442104
v 0.02096781 0.009349595 0.02042592
v 0.02146019 0.02072234 0.001383089
v 0.02130445 0.02532817 -0.0007811561
v 0.02122536 0.0247245 0.002850719
v 0.02152407 0.0165466 0.003094785
v 0.02123475 0.01895502 0.009705052
v 0.02130866 0.02008059 0.006311916
v 0.02101251 0.02559412 0.008368753
v 0.02109646 0.01851563 0.01346941
v 0.02097101 0.02840052 0.003853992
v 0.02091873 0.02411788 0.01306942
v 0.02064007 0.03029573 0.01237652
v 0.02080151 0.001664987 0.02308455
v 0.0208522 0.003680757 0.02250242
v 0.02072494 0.003723424 0.0246805
v 0.02082592 0.005625563 0.02240065
v 0.02085012 0.007094693 0.02219907
v 0.0207966 0.005480609 0.02487097
v 0.02072786 0.002547905 0.02553003
v 0.020714 0.004000811 0.02599702
v 0.02054779 0.00184686 0.02749249
v 0.02058791 0.003845779 0.02768107
v 0.02053778 0.001916993 0.02895032
v 0.02072611 0.006879721 0.02536343
v 0.02070018 0.006767028 0.02723855
v 0.02071741 0.007643975 0.02624574
v 0.02060917 0.00755477 0.02785669
v 0.020991 0.01430219 0.019064
v 0.02084699 0.01284807 0.02221064
v 0.02074167 0.01404336 0.02446672
v 0.02079678 0.01654239 0.02283883
v 0.02081175 0.009318789 0.02285252
v 0.02087438 0.01118102 0.02245781
v 0.02077029 0.01160511 0.02393284
v 0.02073619 0.009929238 0.02568898
v 0.02043221 0.003276738 0.03104267
v 0.02054338 0.003419353 0.02938706
v 0.02051056 0.00531268 0.03001652
v 0.02030503 0.004011646 0.03331263
v 0.02037795 0.006126909 0.03247345
v 0.02059659 0.006540003 0.02906232
v 0.02060734 0.007919279 0.02905553
v 0.02059699 0.008887874 0.02807347
v 0.02048198 0.007284221 0.03096967
v 0.02048744 0.009561908 0.03057744
v 0.02005599 0.004246317 0.03546846
v 0.02021726 0.006734974 0.03457332
v 0.02001611 0.006530401 0.0360074
v 0.02044485 0.008927016 0.03233664
v 0.02031379 0.008923644 0.03371496
v 0.02043492 0.01119049 0.03275031
v 0.02020105 0.008695884 0.03526985
v 0.02062007 0.01121096 0.02777105
v 0.02069003 0.01201392 0.02683483
v 0.02056528 0.01065502 0.0296364
v 0.02062503 0.01326964 0.02703474
v 0.02066651 0.01466762 0.02652679
v 0.02071214 0.01587235 0.02490938
v 0.02055705 0.0131072 0.02974539
v 0.02055504 0.01454388 0.02876595
v 0.02065642 0.01645081 0.02696842
v 0.02056802 0.01677954 0.02872831
v 0.02045001 0.01225098 0.03078149
v 0.02045891 0.01396485 0.03093771
v 0.02042471 0.01285765 0.03250849
v 0.02025959 0.01078382 0.03479313
v 0.02025525 0.01416988 0.0344736
v 0.02049369 0.01625156 0.03023436
v 0.02037236 0.01576939 0.03216564
v 0.02043635 0.01756988 0.03003228
v 0.02044215 0.01696827 0.03192921
v 0.02097419 0.01854271 0.01743128
v 0.02092483 0.02160182 0.01625199
v 0.02073836 0.02267252 0.02110738
v 0.0207214 0.02654798 0.01628161
v 0.02055425 0.0280686 0.02048873
v 0.02042734 0.03216334 0.01802001
v 0.02065312 0.01750721 0.02510428
v 0.02066594 0.02156625 0.02367014
v 0.02059988 0.01974813 0.02553225
v 0.02061739 0.01866759 0.02651514
v 0.02053868 0.02161267 0.02576116
v 0.02051614 0.02012532 0.02747247
v 0.0205307 0.02206383 0.0274513
v 0.02053321 0.02424143 0.0251241
v 0.02046894 0.02387282 0.02694333
v 0.02046408 0.01934998 0.029499
v 0.02041649 0.02639481 0.02656913
v 0.02039838 0.02241222 0.02954305
v 0.02037922 0.02543254 0.02894376
v 0.02035279 0.02423739 0.03074571
v 0.0205558 0.01772489 0.0277721
v 0.02040949 0.01991728 0.03123569
v 0.02035128 0.01814426 0.03161102
v 0.02047818 0.02682766 0.02460544
v 0.0203401 0.03202502 0.02251961
v 0.0202946 0.0265463 0.03025685
v 0.02030612 0.02993558 0.02661973
v 0.02018185 0.03336561 0.02605352
v 0.02082063 0.0320143 -0.0005901828
v 0.02073399 0.03376486 -0.004044652
v 0.02065256 0.03334322 0.003122024
v 0.01460535 0.04406413 -0.003692232
v 0.02033705 0.03834539 -0.005191222
v 0.02016486 0.04073275 -0.005859628
v 0.0198288 0.04272183 -0.005085923
v 0.02010089 0.04034662 -0.001925275
v 0.01990004 0.04259988 -0.003415361
v 0.02045149 0.03643778 0.0003512353
v 0.02008731 0.04113979 -0.001382783
v 0.01985774 0.04267575 -0.0009367317
v 0.02078802 0.03020828 0.006773263
v 0.02041996 0.03528359 0.01014065
v 0.02028806 0.03771581 0.004741319
v 0.01395734 0.04415426 -0.001013674
v 0.01459813 0.04400119 -0.002338648
v 0.01362669 0.0441283 0.000549376
v 0.01462537 0.04399573 0.0004821047
v 0.01599481 0.0439993 -0.002374455
v 0.01637049 0.04399207 0.002182491
v 0.01730371 0.04402655 -0.0009270534
v 0.01752211 0.04399515 0.001417659
v 0.01867378 0.04382558 0.001981221
v 0.01389962 0.04418603 0.003170155
v 0.0138001 0.0440775 0.004942782
v 0.01466512 0.04403782 0.002686463
v 0.01605134 0.04404479 0.004253119
v 0.01781633 0.04397811 0.004493386
v 0.01452453 0.04398767 0.004827157
v 0.0159289 0.04397345 0.005863689
v 0.01767844 0.0439849 0.006759562
v 0.02008693 0.04031564 0.001821272
v 0.02005566 0.04050004 0.004596643
v 0.02005034 0.0412361 0.003106073
v 0.0198569 0.04254098 0.002459258
v 0.0195655 0.04329449 0.0005954206
v 0.01887789 0.04375099 -0.000916183
v 0.01947923 0.04336188 0.003307618
v 0.0201511 0.0388534 0.008868121
v 0.02002937 0.04134656 0.006454773
v 0.01983172 0.04273228 0.004565038
v 0.01887603 0.04375908 0.004663415
v 0.0197956 0.04281917 0.007961109
v 0.01942857 0.04343069 0.006125696
v 0.0148507 0.0439964 -0.008810356
v 0.01715938 0.04404771 -0.008524634
v 0.01612299 0.04402246 -0.007497817
v 0.01926665 0.04339474 -0.008897409
v 0.01935637 0.04335488 -0.007100686
v 0.01836353 0.04394921 -0.00836654
v 0.01758546 0.04406504 -0.005914442
v 0.01875515 0.04382576 -0.005136952
v 0.01485678 0.04401483 -0.006455936
v 0.01605823 0.04403972 -0.005431175
v 0.01772465 0.04400846 -0.003523201
v 0.01940832 0.04343025 -0.004117988
v 0.01868585 0.0438302 -0.002297804
v 0.01949847 0.04332887 -0.002033636
v 0.02031898 0.03538958 0.01425157
v 0.01999108 0.04055977 0.0123131
v 0.02003289 0.03950001 0.01471825
v 0.02020446 0.03591422 0.0186186
v 0.01992024 0.04051026 0.01811169
v 0.01207678 0.04420285 0.00649868
v 0.01251161 0.04415311 0.009697393
v 0.01466084 0.04397528 0.006736599
v 0.01397905 0.04410998 0.008056842
v 0.01562441 0.04402123 0.008626223
v 0.01641537 0.04396639 0.008359559
v 0.0147498 0.043984 0.009493344
v 0.009625877 0.04433624 0.01236521
v 0.01207566 0.04422835 0.01363038
v 0.01352542 0.044108 0.0115365
v 0.0161624 0.04401296 0.01154657
v 0.01438885 0.04397063 0.0116389
v 0.02000611 0.04122272 0.009490438
v 0.01868958 0.04379036 0.007273644
v 0.01938881 0.0434416 0.008600652
v 0.01860115 0.04385699 0.009042352
v 0.01750671 0.04403689 0.010218
v 0.01979246 0.04281012 0.01035964
v 0.01864441 0.04387275 0.01140048
v 0.01983057 0.04262336 0.01174361
v 0.01927075 0.0435413 0.01124118
v 0.0199729 0.04153688 0.01377285
v 0.01978687 0.04279345 0.01476641
v 0.01981704 0.04260274 0.01659092
v 0.01744468 0.04405621 0.01342128
v 0.01477875 0.04408865 0.01424519
v 0.01629208 0.0440107 0.01423278
v 0.01866678 0.04383086 0.014038
v 0.01941709 0.04338484 0.01328412
v 0.01926837 0.0435605 0.01578224
v 0.00937908 0.04432642 0.01366337
v 0.009531187 0.04437418 0.01523255
v 0.008390423 0.04442816 0.01680197
v 0.01129462 0.0443005 0.01501452
v 0.01376695 0.0441949 0.01433071
v 0.01340719 0.04417355 0.01533543
v 0.01116804 0.04431721 0.01661798
v 0.01240205 0.04421015 0.01744343
v 0.01372375 0.04419024 0.01664159
v 0.008049434 0.04445268 0.01886909
v 0.006142102 0.04449172 0.02013843
v 0.008627377 0.04440066 0.02077711
v 0.01073764 0.04431979 0.01846284
v 0.01090982 0.04428088 0.02024275
v 0.01356248 0.04418021 0.0187453
v 0.01371267 0.04415881 0.02146969
v 0.01476811 0.04401003 0.01578681
v 0.0161419 0.0440602 0.0159464
v 0.01447372 0.04403985 0.01787246
v 0.01748264 0.04409169 0.01580575
v 0.01722986 0.04410726 0.01807993
v 0.01613177 0.0440064 0.01751027
v 0.01474916 0.04407272 0.0197965
v 0.01992015 0.04151 0.01735166
v 0.01953598 0.04318603 0.017502
v 0.01989683 0.04129997 0.02006637
v 0.01911208 0.04363408 0.01884909
v 0.0186449 0.04388227 0.01704904
v 0.01846409 0.04393036 0.01980035
v 0.01975381 0.0427374 0.01941195
v 0.01610084 0.04405196 0.02060661
v 0.01741633 0.04411443 0.02043907
v 0.01426375 0.04406224 0.02181425
v 0.01607118 0.04409628 0.02247817
v 0.01973206 0.04289413 0.02193059
v 0.01989098 0.04142345 0.0226302
v 0.01938794 0.04346363 0.0205783
v 0.01866626 0.04392521 0.02255706
v 0.01858626 0.0439249 0.02467012
v 0.01919699 0.04357205 0.02431105
v 0.02007118 0.03658505 0.02385806
v 0.01990907 0.03994839 0.0209311
v 0.01983565 0.04066256 0.02482904
v 0.01973644 0.04259556 0.02405223
v 0.02004604 0.00669408 0.03699233
v 0.02001949 0.00638517 0.03923105
v 0.02000982 0.008527392 0.03647773
v 0.02003708 0.01015948 0.03697181
v 0.02020407 0.0128972 0.03584946
v 0.01996543 0.009910531 0.03905047
v 0.01998831 0.0120901 0.03834762
v 0.01995912 0.01229859 0.03734875
v 0.01968544 0.006641796 0.04198134
v 0.0199963 0.009042043 0.03993063
v 0.01947288 0.007346548 0.04520051
v 0.01971648 0.009365347 0.04220836
v 0.01987135 0.01131712 0.04128793
v 0.01994932 0.01251205 0.03991143
v 0.02015635 0.0165635 0.03648339
v 0.02006629 0.01507805 0.03733042
v 0.02030631 0.01715329 0.03451399
v 0.02027968 0.01845115 0.03382739
v 0.02026755 0.01943159 0.03514289
v 0.02015995 0.01872411 0.03632437
v 0.0199315 0.01479344 0.03792906
v 0.01996468 0.01554441 0.03889084
v 0.01995979 0.01466412 0.04153521
v 0.01995738 0.012751 0.04106991
v 0.01990355 0.01735722 0.03851995
v 0.02002354 0.01900526 0.03798237
v 0.01994346 0.01861426 0.03868625
v 0.01989624 0.01707403 0.04115447
v 0.01986682 0.02005177 0.03912731
v 0.01924695 0.008278053 0.04797779
v 0.01926138 0.01021912 0.04777752
v 0.0195379 0.01218111 0.04502891
v 0.01965212 0.01175894 0.04311825
v 0.01971123 0.01335639 0.04292257
v 0.01915174 0.007138121 0.0483077
v 0.01912342 0.00842687 0.04991551
v 0.01909178 0.01070643 0.04960954
v 0.01936862 0.01298714 0.04758203
v 0.01910057 0.01272479 0.04994151
v 0.01923653 0.01376881 0.04907608
v 0.01971435 0.01612998 0.04334307
v 0.01990702 0.01820021 0.04207012
v 0.01950151 0.01593265 0.0459913
v 0.01988036 0.01950955 0.04144466
v 0.01984724 0.02093442 0.04177901
v 0.01960583 0.01871985 0.04463042
v 0.01983301 0.019526 0.04293637
v 0.01935082 0.01828263 0.04869898
v 0.01975289 0.02094057 0.0437085
v 0.01987277 0.02211031 0.04320097
v 0.01958788 0.02152114 0.04517496
v 0.01941277 0.02166457 0.04823901
v 0.02036963 0.02273049 0.0309656
v 0.02027959 0.02455502 0.03241996
v 0.02021713 0.0229315 0.033419
v 0.02021525 0.02671716 0.0323523
v 0.02017247 0.02496888 0.03380296
v 0.02013243 0.026644 0.03433174
v 0.02020649 0.02470278 0.03521944
v 0.02027826 0.02076474 0.03309748
v 0.02044053 0.02168901 0.03109047
v 0.02031945 0.02161263 0.03259289
v 0.02028177 0.02193022 0.03545463
v 0.02012927 0.0211143 0.03651966
v 0.02008188 0.0216074 0.03782921
v 0.02010974 0.02325498 0.03655636
v 0.02004865 0.02372514 0.03795628
v 0.02000413 0.02642383 0.03739817
v 0.02024334 0.02946677 0.02983094
v 0.02003943 0.03298906 0.03291249
v 0.02013796 0.0332627 0.02895997
v 0.01994653 0.03589367 0.03208259
v 0.02001066 0.02995092 0.03606082
v 0.01983776 0.022134 0.03965917
v 0.01977417 0.02521231 0.0402686
v 0.01982434 0.02353211 0.04249914
v 0.01994071 0.02740654 0.03885351
v 0.01977005 0.02738193 0.04146978
v 0.01980383 0.02786042 0.04031493
v 0.01970407 0.02842231 0.04101947
v 0.01959779 0.02339917 0.04508737
v 0.01978252 0.02473333 0.04403658
v 0.01965374 0.02564601 0.04496332
v 0.01976865 0.02674435 0.0434677
v 0.01970482 0.02817578 0.04495682
v 0.01973385 0.02864172 0.04374707
v 0.01970059 0.03022063 0.04145403
v 0.01980313 0.03119217 0.04026198
v 0.01985015 0.0337531 0.03818068
v 0.01977713 0.03754961 0.03579462
v 0.01969813 0.03480775 0.04125462
v 0.01963577 0.03322864 0.04209399
v 0.01967153 0.03724232 0.04049759
v 0.01957129 0.03670067 0.04273584
v 0.01960557 0.0386177 0.0418783
v 0.01966442 0.03128562 0.04382068
v 0.01892348 0.01019128 0.05297005
v 0.01893307 0.008617771 0.05222404
v 0.01904067 0.01105599 0.0521168
v 0.01894493 0.01204635 0.05289093
v 0.01884615 0.01166532 0.05460411
v 0.01911364 0.01426624 0.05049135
v 0.01909763 0.01318847 0.05157751
v 0.01889936 0.01406476 0.05315466
v 0.01899202 0.01267164 0.05337286
v 0.01899358 0.01472515 0.05265269
v 0.01904255 0.01672507 0.05227961
v 0.01874865 0.01261542 0.05552004
v 0.01888008 0.01397539 0.05511479
v 0.01889029 0.01643706 0.0543887
v 0.01873407 0.01461175 0.05662704
v 0.01875213 0.01345481 0.05742718
v 0.01908698 0.0164804 0.05069302
v 0.01913152 0.01829024 0.05077879
v 0.0190806 0.01808913 0.05210069
v 0.01911271 0.01909227 0.05293052
v 0.01916311 0.01989239 0.05115646
v 0.01908021 0.0220236 0.05197272
v 0.0193504 0.02443239 0.04970042
v 0.01891499 0.01746519 0.05407028
v 0.01900654 0.01909459 0.05460024
v 0.01894694 0.01721855 0.05543199
v 0.01866288 0.01670601 0.05733556
v 0.01876168 0.01753232 0.05719303
v 0.01885038 0.01853947 0.05545941
v 0.01887037 0.02033277 0.05546585
v 0.0190447 0.02086496 0.05302082
v 0.01888627 0.01972497 0.05636674
v 0.01910242 0.02405922 0.05217524
v 0.01890458 0.02143153 0.05577007
v 0.0189362 0.02367282 0.05522461
v 0.01909088 0.02354432 0.05294479
v 0.01904693 0.0246501 0.05418637
v 0.01858438 0.01489944 0.05877791
v 0.01852135 0.01681362 0.05984785
v 0.01870761 0.01847512 0.05762011
v 0.01872745 0.01908015 0.05855809
v 0.01877525 0.02084607 0.05761176
v 0.01855822 0.01841907 0.05985312
v 0.01861273 0.01977472 0.06065314
v 0.01869513 0.02079149 0.05941218
v 0.01888172 0.02329496 0.05674122
v 0.01873691 0.02337635 0.05847485
v 0.01893234 0.02472735 0.0565404
v 0.01877366 0.02538863 0.05930209
v 0.01841575 0.01877968 0.06168017
v 0.01852362 0.01746788 0.06119508
v 0.01847958 0.01937105 0.06217326
v 0.01859496 0.02068806 0.06037532
v 0.01860831 0.02280289 0.06042963
v 0.01846562 0.02062649 0.06143485
v 0.01849892 0.02131988 0.06211896
v 0.01834999 0.02017595 0.06307296
v 0.01844448 0.02286982 0.06344967
v 0.01889186 0.02544346 0.05797271
v 0.01848902 0.02365228 0.06208496
v 0.01866048 0.02530813 0.06082924
v -0.001054187 0.04500507 0.04394045
v -0.0007694261 0.04491309 0.0465406
v 0.001139284 0.04479486 0.04757598
v 0.002226306 0.04482689 0.0467446
v -0.0007818812 0.04492916 0.04811607
v -0.002018163 0.04494855 0.04907514
v 0.0004337616 0.04488304 0.04927188
v -0.002701601 0.04503555 0.05024497
v 0.00277929 0.04476976 0.04806602
v 0.00300419 0.04476327 0.04928905
v 0.00184035 0.04486425 0.05368635
v 0.01948585 0.02454238 0.04757334
v 0.01953243 0.02714135 0.04639994
v 0.01947142 0.02771746 0.04792179
v 0.01953837 0.03067519 0.04668967
v 0.01972597 0.03031747 0.04492518
v 0.01941605 0.03141716 0.0489575
v 0.01917852 0.02614326 0.05250536
v 0.01925281 0.02976686 0.05221519
v 0.01932445 0.03252031 0.05158754
v 0.01905128 0.0280655 0.05383679
v 0.01908159 0.02952296 0.05360584
v 0.01961011 0.03459707 0.04362737
v 0.01958686 0.03648435 0.04529805
v 0.01954817 0.03800051 0.04388328
v 0.01957689 0.03770503 0.04625022
v 0.01953846 0.03951315 0.04586861
v 0.0196687 0.03131561 0.0455389
v 0.01969161 0.03371469 0.04569437
v 0.01950729 0.0342619 0.04740635
v 0.0195697 0.03620256 0.04685225
v 0.01933004 0.03523172 0.05191539
v 0.01947275 0.0369265 0.04801038
v 0.01955881 0.03892912 0.04725881
v 0.01936475 0.0377754 0.05087598
v 0.01943271 0.03955351 0.04867624
v 0.01937824 0.04052073 0.0506535
v 0.01891937 0.02520924 0.05562931
v 0.01901207 0.02612246 0.05480632
v 0.01900433 0.02627213 0.05609064
v 0.01902382 0.0287539 0.05593579
v 0.01887803 0.02703687 0.05792558
v 0.0191378 0.03035559 0.05497381
v 0.01909636 0.03178981 0.05377653
v 0.01912348 0.03207231 0.0550078
v 0.01875653 0.02705894 0.06017824
v 0.01896957 0.02905627 0.05766229
v 0.01862946 0.02612025 0.06215693
v 0.01879233 0.02897174 0.05980396
v 0.01866908 0.02900483 0.06250709
v 0.01877485 0.03037631 0.06155847
v 0.018874 0.03104295 0.06023486
v 0.01907473 0.03268199 0.0571629
v 0.0191138 0.03140412 0.05672452
v 0.01902122 0.0305624 0.05771923
v 0.01897537 0.0326506 0.05949144
v 0.01900669 0.03362588 0.05870609
v 0.01916369 0.03504919 0.05464023
v 0.01912912 0.03368697 0.05404158
v 0.01916849 0.03394064 0.05515404
v 0.01927153 0.03732003 0.05446053
v 0.01933746 0.04113971 0.05289851
v 0.0190758 0.03567836 0.05726719
v 0.01914781 0.0370015 0.0565464
v 0.0189863 0.03576916 0.06015578
v 0.01905665 0.03698695 0.05947219
v 0.01918876 0.03852642 0.05764452
v 0.01925937 0.04088337 0.05581281
v 0.0190802 0.03802639 0.05888878
v 0.01871604 0.009548654 0.05599561
v 0.01868888 0.01127922 0.05580401
v 0.0185619 0.01118564 0.0580079
v 0.01861449 0.01279649 0.0583289
v 0.0184415 0.01103227 0.06065142
v 0.01850802 0.01244771 0.05909307
v 0.01834974 0.01225874 0.06084999
v 0.01827732 0.01271953 0.0627365
v 0.01847311 0.01384204 0.06062697
v 0.01842046 0.01335367 0.06254585
v 0.01835105 0.01411966 0.06270477
v 0.01843519 0.01648941 0.06159616
v 0.01833738 0.01119219 0.06351304
v 0.01824841 0.01172494 0.06470132
v 0.0182524 0.01368522 0.0644646
v 0.01818107 0.01208319 0.06585537
v 0.0182692 0.01318326 0.06515917
v 0.0182707 0.01516812 0.06576625
v 0.01834326 0.01677877 0.06259537
v 0.01829808 0.01856092 0.06288806
v 0.0182759 0.01619102 0.06408264
v 0.01829999 0.01687671 0.06552145
v 0.01828923 0.01835779 0.06391731
v 0.005019227 0.04462675 0.02149379
v 0.006918317 0.04453547 0.02172725
v 0.004091145 0.0446781 0.02348916
v 0.009361219 0.044354 0.02259278
v 0.006975298 0.04460228 0.02318276
v 0.00893444 0.04447786 0.02361202
v 0.005768703 0.0445069 0.02380459
v 0.004586315 0.04452891 0.02657889
v 0.003264417 0.04471001 0.02827366
v 0.006865325 0.04453325 0.02774077
v 0.006058026 0.04457439 0.02555934
v 0.007991648 0.04439034 0.02660138
v 0.007991618 0.04439873 0.02496041
v 0.008750591 0.04443832 0.0257493
v 0.01025064 0.04438729 0.0244758
v 0.01087331 0.04450684 0.02545812
v 0.01059802 0.04429269 0.02641735
v 0.01057059 0.04434486 0.02762347
v 0.01293644 0.0442135 0.02645077
v 0.01362072 0.04425092 0.02763043
v 0.01370761 0.0442441 0.02964765
v 0.01426306 0.04412433 0.02876411
v 0.009214551 0.04445447 0.02146192
v 0.01199413 0.04431227 0.02164883
v 0.01124972 0.04425503 0.0227775
v 0.01328917 0.04431485 0.02338666
v 0.01436933 0.04419459 0.02383401
v 0.01628567 0.04414482 0.0240282
v 0.01340866 0.04416872 0.02467515
v 0.0158198 0.04411916 0.02608618
v 0.01424074 0.044215 0.02546757
v 0.01228105 0.04435363 0.0255838
v 0.01735297 0.04413842 0.02424981
v 0.01950325 0.04322183 0.02467787
v 0.01726728 0.04420052 0.02653768
v 0.0186325 0.04401211 0.02766515
v 0.01438161 0.04411439 0.0267217
v 0.01594464 0.04410782 0.02889156
v 0.01729717 0.04417191 0.02972239
v 0.01843093 0.04405369 0.03056816
v 0.01605567 0.04417602 0.03093461
v 0.005804173 0.04456007 0.02975849
v 0.008241579 0.04448373 0.03037695
v 0.006586046 0.04455796 0.03293673
v 0.009945754 0.04442868 0.03344312
v 0.004556688 0.04467099 0.03566676
v 0.002192307 0.04477887 0.03655303
v 0.008902214 0.04450597 0.03531761
v 0.007047873 0.04457331 0.03615409
v 0.0122304 0.04432513 0.03174612
v 0.0144358 0.04417118 0.03216968
v 0.0136683 0.04428481 0.03226195
v 0.01340425 0.04429897 0.03502681
v 0.01429006 0.0441866 0.03538181
v 0.01595572 0.04416315 0.03354453
v 0.01535331 0.04422178 0.03473435
v 0.01737633 0.04423565 0.03223781
v 0.01713519 0.04426663 0.03562039
v 0.01598437 0.04419723 0.03550906
v 0.01093584 0.04444429 0.03563178
v 0.007599556 0.04450494 0.03681806
v 0.009877957 0.04446606 0.03789055
v 0.01219943 0.04433526 0.03705955
v 0.01262403 0.04436917 0.03652198
v 0.01556604 0.04429741 0.03741439
v 0.0129349 0.04428095 0.03792351
v 0.01378771 0.04436663 0.03675435
v 0.0137163 0.04436289 0.03835577
v 0.01438424 0.04426799 0.03772675
v 0.01532912 0.0442856 0.03929457
v 0.01994864 0.03717675 0.02798079
v 0.0197397 0.04119081 0.02892032
v 0.01981916 0.04146321 0.02622722
v 0.01966071 0.04286652 0.02739817
v 0.0196279 0.04287769 0.03019413
v 0.01971683 0.04044134 0.03327649
v 0.01975042 0.04162339 0.03115297
v 0.01959196 0.04292201 0.03308452
v 0.01926848 0.04360718 0.02688649
v 0.0192828 0.04355635 0.02905094
v 0.01922081 0.04361838 0.03091875
v 0.01972417 0.04152519 0.03422593
v 0.01914965 0.04371769 0.03308634
v 0.01966564 0.04161534 0.03699546
v 0.01854792 0.04406849 0.03403143
v 0.01960949 0.04271658 0.03611808
v 0.01941092 0.04329378 0.03519216
v 0.01896815 0.04379331 0.03623614
v 0.01962328 0.04084982 0.03939694
v 0.01943959 0.04320342 0.03709057
v 0.01833216 0.04413509 0.0372594
v 0.01607983 0.04422409 0.03825673
v 0.0173145 0.04430044 0.03801207
v 0.0191415 0.04370313 0.03850386
v 0.01836141 0.0441488 0.03926474
v 0.01877977 0.04395115 0.04026441
v 0.01914746 0.04367069 0.04095691
v 0.01951647 0.04299743 0.0393416
v 0.01961381 0.04178276 0.04168551
v 0.004532769 0.0446548 0.03760064
v 0.00180815 0.04485273 0.04024407
v 0.003287184 0.04473773 0.03871658
v 0.007253313 0.04460476 0.03793246
v 0.007248135 0.04458744 0.03944741
v 0.005197516 0.04472472 0.04030016
v 0.001725512 0.04482421 0.04203679
v 0.001455751 0.04492348 0.04398504
v 0.007987618 0.04462115 0.04054311
v 0.004681121 0.04471517 0.04228997
v 0.006733909 0.04464118 0.04266343
v 0.002737266 0.04486356 0.04313724
v 0.004036359 0.04485933 0.04417036
v 0.006219235 0.04471311 0.04425864
v 0.004372747 0.04472103 0.04492615
v 0.008762937 0.04452666 0.03918998
v 0.01101144 0.04450579 0.04068181
v 0.01210022 0.04438012 0.03947382
v 0.009706139 0.04449269 0.0421893
v 0.01413409 0.04431863 0.03988302
v 0.01384082 0.0443542 0.04074191
v 0.01343665 0.04432863 0.04229146
v 0.008825134 0.04458975 0.04370116
v 0.007663446 0.04471779 0.04432732
v 0.007929902 0.04456887 0.04575782
v 0.01228929 0.04448456 0.04340467
v 0.01040364 0.04461275 0.04433881
v 0.01190518 0.04454961 0.04421988
v 0.01016642 0.04446971 0.04567252
v 0.01210821 0.04444478 0.04477242
v 0.01414428 0.04430479 0.0468359
v 0.01223122 0.04436841 0.04700591
v 0.01384636 0.044466 0.04431085
v 0.001041717 0.04484724 0.04514223
v 0.002451763 0.04483128 0.04467261
v 0.003805819 0.04473796 0.04623453
v 0.006072124 0.04464903 0.04649749
v 0.00386214 0.04475612 0.04742147
v 0.005609319 0.04464276 0.04794715
v 0.008470967 0.04449995 0.0478411
v 0.006577198 0.04458085 0.04925634
v 0.009466557 0.04446279 0.04932466
v 0.01094478 0.04445772 0.04768905
v 0.01236192 0.04435627 0.04933776
v 0.007657633 0.04458763 0.05004297
v 0.006045801 0.04467599 0.05400525
v 0.009836911 0.04450925 0.05265641
v 0.01058544 0.04448827 0.05018815
v 0.01949216 0.03891909 0.04330757
v 0.01956139 0.04081734 0.04211943
v 0.01952425 0.03980317 0.04345603
v 0.01943165 0.04132282 0.04386422
v 0.01952833 0.04225443 0.04345648
v 0.01566612 0.0443426 0.04024407
v 0.01739277 0.04426745 0.04026744
v 0.01825034 0.04417471 0.04211752
v 0.01640849 0.04426289 0.04241741
v 0.01813846 0.04426108 0.04423137
v 0.01950519 0.04306831 0.04105566
v 0.01947266 0.04307544 0.04271485
v 0.01948116 0.04286092 0.04380944
v 0.01897608 0.0438219 0.0442791
v 0.01952705 0.04099151 0.04685505
v 0.01955177 0.04130256 0.04585417
v 0.01949589 0.04289116 0.04653786
v 0.01941117 0.04295938 0.04835749
v 0.01948471 0.04092849 0.0482938
v 0.01481043 0.04444699 0.04414265
v 0.01580783 0.04437352 0.04440707
v 0.01682437 0.04424749 0.04509972
v 0.01445011 0.04436102 0.0447596
v 0.01676523 0.04423913 0.04747015
v 0.01791676 0.04421076 0.0468692
v 0.0193215 0.04344573 0.04514065
v 0.01917406 0.04362283 0.04656205
v 0.01857363 0.04408919 0.04687572
v 0.01889661 0.04385806 0.04873589
v 0.01369984 0.04433583 0.04804307
v 0.01573788 0.0441737 0.04795803
v 0.01538359 0.04422599 0.04935043
v 0.01379529 0.04436106 0.05029143
v 0.01549416 0.04430684 0.05006376
v 0.01945942 0.0419488 0.04938196
v 0.01728495 0.04424068 0.04947668
v 0.01935431 0.04320083 0.04984239
v 0.01665195 0.04432426 0.0509799
v 0.01818204 0.04423594 0.05045852
v 0.01884082 0.04390223 0.0512787
v 0.01933612 0.04323769 0.05257598
v 0.01805542 0.04421838 0.04832537
v 0.01300363 0.04434791 0.05512239
v 0.01562726 0.04428585 0.05363627
v 0.01521905 0.0442901 0.05759871
v 0.01879785 0.04392335 0.05395603
v 0.01839679 0.04416426 0.05283111
v 0.01788227 0.04422759 0.05483846
v 0.01846724 0.04409046 0.05631118
v 0.0194358 0.04188041 0.05133843
v 0.01940109 0.0419906 0.0539031
v 0.01926171 0.04316613 0.05506647
v 0.01938339 0.04200378 0.05614521
v 0.01926375 0.0414459 0.05804479
v 0.01932183 0.04315771 0.05826335
v 0.01895118 0.04378069 0.0569414
v 0.0183031 0.02128451 0.06604782
v 0.01831843 0.0226526 0.06549743
v 0.0183909 0.02436995 0.06464393
v 0.01858272 0.02524613 0.06313682
v 0.01838391 0.02328894 0.06611094
v 0.01829031 0.02414612 0.0667908
v 0.01848543 0.02558709 0.06543137
v 0.01848168 0.02646494 0.06499663
v 0.01839272 0.0272777 0.06641541
v 0.01845081 0.02637372 0.06646991
v 0.0184548 0.02749969 0.06774402
v 0.0006068405 0.04496449 0.05785997
v -0.003464309 0.04518417 0.05764483
v -0.001006401 0.04514124 0.06075138
v 0.002361725 0.04493014 0.06033623
v 0.004572586 0.04475603 0.05827393
v 0.0105202 0.04445935 0.05706641
v 0.007435005 0.04462718 0.0595438
v 0.005037042 0.04475644 0.05989207
v 0.006593808 0.0447216 0.06037384
v 0.00939548 0.04452512 0.06004824
v 0.01159198 0.04444247 0.05905885
v 0.005104326 0.04470672 0.06176151
v 0.007779814 0.04466204 0.06188877
v 0.009359321 0.04447894 0.06196629
v -0.005383902 0.04544005 0.06131791
v -0.002999994 0.04529855 0.06257799
v -0.004579673 0.04544982 0.06327768
v -0.001696585 0.04533955 0.06416176
v -0.000398349 0.04514236 0.06267782
v -0.007704162 0.0456204 0.06436959
v -0.006504843 0.0456498 0.06430681
v -0.005941139 0.04572467 0.06609932
v -0.007919575 0.04575173 0.06660044
v -0.003466197 0.04536485 0.06532824
v 0.0005000611 0.04505915 0.06405626
v -0.001658375 0.04536584 0.06611085
v -0.004810737 0.04559601 0.06699012
v -0.003307874 0.04554514 0.06752965
v -0.002386569 0.04547321 0.0686733
v 0.0009727185 0.04499833 0.06217144
v 0.002521268 0.04499546 0.06333119
v 0.004507949 0.04483835 0.06238736
v 0.004446942 0.04488558 0.06469032
v 0.002433051 0.04505406 0.06510383
v 0.00656123 0.04477002 0.06257179
v 0.006327486 0.04477095 0.06425579
v 0.0005622003 0.04516443 0.06637844
v -0.0009526317 0.04541107 0.0684796
v -0.0002464666 0.0453053 0.06879178
v 0.001105066 0.04526358 0.06777263
v 0.002195145 0.04512155 0.06694964
v 0.003138218 0.04518234 0.07009088
v 0.003452265 0.0451018 0.06753984
v 0.004976304 0.04501335 0.0694222
v 0.004388493 0.04494599 0.066632
v 0.006143015 0.04487214 0.06665143
v 0.008189756 0.04470449 0.06526518
v 0.005990506 0.04501334 0.06896928
v 0.01856862 0.02785747 0.06367862
v 0.01860632 0.02891689 0.06448373
v 0.01848482 0.028776 0.06604268
v 0.01850965 0.02993804 0.06459469
v 0.01887567 0.03288816 0.06171429
v 0.0189326 0.0338976 0.06036995
v 0.01877463 0.03362595 0.06231634
v 0.01871242 0.03166635 0.06377982
v 0.01880499 0.03324966 0.06409119
v 0.01890454 0.03514906 0.06223764
v 0.01841963 0.02880001 0.067453
v 0.01854972 0.03111828 0.06565192
v 0.01848348 0.03030465 0.06780869
v 0.01844341 0.02877605 0.06872976
v 0.01851686 0.03183801 0.06725004
v 0.01851935 0.03169627 0.0692751
v 0.01872461 0.03211528 0.06494588
v 0.01880186 0.03553299 0.06544337
v 0.01864687 0.0332547 0.06573465
v 0.01857974 0.03289312 0.06811738
v 0.01876307 0.035748 0.06756783
v 0.01125183 0.04452009 0.06248629
v 0.01346715 0.04439543 0.06403047
v 0.01392792 0.04430861 0.06076291
v 0.01564412 0.04429536 0.06375405
v 0.0190149 0.03750528 0.06121907
v 0.01893806 0.03757812 0.06400406
v 0.01912072 0.03881114 0.06033988
v 0.01922198 0.04152854 0.06089266
v 0.01938198 0.04216727 0.05905643
v 0.01885763 0.03767003 0.0667773
v 0.01915542 0.0414661 0.06429054
v 0.0193487 0.04216553 0.06206942
v 0.01929299 0.04217608 0.0643408
v 0.01929401 0.04307949 0.06384811
v 0.01832846 0.03083309 0.07078429
v 0.01861534 0.03408369 0.06901775
v 0.01854177 0.03535951 0.07090816
v 0.01821513 0.03376888 0.07572989
v 0.0186871 0.0392258 0.07335931
v 0.01029954 0.04454163 0.06420305
v 0.009493502 0.04464362 0.06706324
v 0.01081671 0.0444613 0.06493719
v 0.01206956 0.04447307 0.06626226
v 0.01214923 0.04443523 0.06450915
v 0.01408693 0.044352 0.06534874
v 0.01427088 0.04433163 0.06753762
v 0.0152553 0.0444562 0.0660731
v 0.01272176 0.04438565 0.0678432
v 0.008191078 0.04481074 0.06706616
v 0.01021759 0.04462361 0.06833713
v 0.008477535 0.04471361 0.06865858
v 0.007657479 0.04482394 0.06940903
v 0.01027488 0.04475276 0.07055359
v 0.008422567 0.04487713 0.07082112
v 0.01182361 0.04470006 0.06929845
v 0.01252234 0.04450536 0.07039262
v 0.0142038 0.04449948 0.06999186
v 0.0118629 0.04479041 0.07238381
v 0.01898297 0.04139175 0.06915681
v 0.01638333 0.04427579 0.06682049
v 0.01903668 0.04356337 0.06563011
v 0.01922419 0.04305047 0.06628072
v 0.01825178 0.04412889 0.0674298
v 0.01881947 0.04381501 0.06714059
v 0.01810967 0.04413485 0.06487909
v 0.01548948 0.0444588 0.06798132
v 0.01917805 0.04229681 0.06766589
v 0.01907929 0.04349846 0.06908923
v 0.01878106 0.04115598 0.07563376
v 0.0190382 0.04244054 0.07176341
v 0.01600939 0.04448749 0.06997205
v 0.01800943 0.04430681 0.06967697
v 0.01864831 0.04399817 0.06910017
v 0.01745179 0.04448562 0.07203898
v 0.01902974 0.04330379 0.0713917
v 0.01816371 0.04425481 0.07122122
v 0.01893453 0.04352573 0.0739174
v 0.01863525 0.04395868 0.07210816
v 0.01793373 0.04443085 0.07312675
v -0.01274822 0.0300632 0.0874203
v -0.008707965 0.03036321 0.0874127
v -0.005011014 0.0273612 0.08744408
v -0.004871387 0.03187189 0.08733925
v -0.002386786 0.03715849 0.08715773
v -0.0004174178 0.03322805 0.08722037
v 0.0008481075 0.02437531 0.08750372
v 0.0005797059 0.02749782 0.08740218
v 0.004372871 0.02655685 0.08767173
v -0.001409282 0.02974809 0.08731903
v 0.0009524068 0.03024116 0.08735444
v 0.004100983 0.03041639 0.08757047
v 0.006636253 0.02505063 0.08783679
v 0.01063868 0.02367935 0.08768834
v 0.01296517 0.02085462 0.08728579
v 0.009332613 0.0257327 0.08779541
v 0.008800073 0.02907578 0.08778967
v 0.01037442 0.02809367 0.08774157
v 0.01458561 0.02398068 0.08696958
v 0.01250846 0.02712952 0.08741534
v 0.006327444 0.02866662 0.08775377
v 0.001897113 0.03343713 0.08731405
v 0.001769494 0.03590097 0.0872121
v 0.005746436 0.0332533 0.08763714
v 0.000620415 0.03809783 0.08709483
v 0.003469405 0.03922789 0.08723204
v 0.005185357 0.0367903 0.08749802
v 0.008006532 0.03637528 0.08770825
v 0.006793486 0.04000924 0.08752322
v 0.01194272 0.03027303 0.08755021
v 0.0107811 0.03077026 0.08770224
v 0.007439766 0.03212796 0.08774887
v 0.009662874 0.03410913 0.08774456
v 0.01169963 0.03474137 0.08762418
v 0.01370796 0.03298011 0.0872765
v -0.008511095 0.04585573 0.07152559
v -0.009527258 0.0457876 0.07313274
v -0.01034488 0.04588349 0.07450737
v -0.008718174 0.04581245 0.07394885
v -0.00781307 0.04581551 0.07393591
v -0.007531486 0.04591817 0.07189591
v -0.006941316 0.04565664 0.07421692
v -0.006704351 0.0457484 0.07280171
v -0.005370978 0.04570666 0.06811191
v -0.006883115 0.04578281 0.06821731
v -0.008248457 0.04586433 0.06890208
v -0.006881469 0.04575676 0.07016425
v -0.003965576 0.04556213 0.06872903
v -0.003065327 0.04559901 0.06873059
v -0.005353671 0.045756 0.06968971
v -0.004700501 0.04557094 0.06986192
v -0.003412956 0.04559273 0.07065262
v -0.002708022 0.0454946 0.07157625
v -0.004670091 0.04558714 0.07181424
v -0.005227027 0.04576779 0.07305358
v -0.003217245 0.04563017 0.0727635
v -0.005015862 0.04571611 0.0746229
v -0.002973848 0.0455993 0.07496127
v -0.001008295 0.04549937 0.07089278
v 0.0008322194 0.04535016 0.07059443
v 0.001857872 0.045208 0.07017089
v -0.001385735 0.04546332 0.07287054
v -0.0002725734 0.04534233 0.07149869
v 0.002314881 0.04522204 0.07227869
v 0.003795058 0.04505744 0.07047664
v 0.005595859 0.04504936 0.07034694
v 0.004957854 0.04513208 0.07217257
v 0.00597831 0.0449369 0.07128747
v 0.003929777 0.04513436 0.07177947
v 0.001339301 0.04536803 0.07334992
v 0.003384115 0.04525943 0.07309803
v -0.002773487 0.04551891 0.07294957
v -0.0005894885 0.04534446 0.07317954
v -0.001542418 0.04560884 0.07480338
v -3.669877e-05 0.04546366 0.07469463
v -0.001216943 0.04562125 0.07672155
v 0.002422857 0.04531477 0.07494344
v 0.005725111 0.04510864 0.07377207
v 0.003180647 0.04535308 0.07599051
v -0.008761309 0.0458675 0.07572186
v -0.008420771 0.04579336 0.07714646
v -0.0100058 0.04579694 0.07620814
v -0.01035254 0.04580363 0.07824829
v -0.006972079 0.04575537 0.07592586
v -0.004845198 0.04563848 0.07614134
v -0.005186497 0.04572777 0.07777879
v -0.01137736 0.0458018 0.0824369
v -0.007990628 0.04578391 0.08030763
v -0.004356323 0.04574618 0.08232035
v -0.003119396 0.04566649 0.07842901
v -0.007959033 0.04580101 0.08250007
v -0.002277474 0.04568334 0.08190654
v 0.0001384318 0.04553866 0.07797331
v -0.00573962 0.04573007 0.08374038
v -0.002560609 0.04565109 0.08412731
v -0.0007343087 0.0456341 0.08424383
v 0.002119015 0.04558649 0.08227968
v 0.001285031 0.0455692 0.08422627
v 0.004141799 0.04557522 0.08402152
v -0.002795393 0.04563379 0.07647742
v 0.005991614 0.04535539 0.0798098
v 0.01855431 0.0380327 0.07708907
v 0.006787541 0.04493164 0.07063232
v 0.006949522 0.04497373 0.0724013
v 0.009245751 0.04478794 0.07233919
v 0.007802571 0.04509531 0.07523891
v 0.00995016 0.04491856 0.07454759
v 0.0140339 0.04461729 0.07279037
v 0.01343999 0.04475795 0.07387255
v 0.01145532 0.04475573 0.07371326
v 0.0100775 0.04508181 0.07785963
v 0.01337664 0.04478781 0.07598427
v 0.01887601 0.04208756 0.07910551
v 0.01571557 0.04461963 0.0722516
v 0.01457683 0.04460533 0.07362527
v 0.01702663 0.04456882 0.0735922
v 0.01373215 0.04467759 0.07469837
v 0.01565126 0.04469746 0.07493606
v 0.01698485 0.04467871 0.07721078
v 0.01564058 0.04467679 0.07614203
v 0.0189738 0.04237574 0.07451975
v 0.0189266 0.04271752 0.07643542
v 0.01887453 0.04345412 0.07574497
v 0.01837799 0.04421246 0.07446858
v 0.01756908 0.04457498 0.07532777
v 0.01870984 0.0437697 0.07743527
v 0.01882578 0.04347019 0.07921889
v 0.01497144 0.04481798 0.0783335
v 0.01196579 0.04504381 0.07987505
v 0.0179546 0.04445645 0.07764705
v 0.01753861 0.04455644 0.07900496
v 0.01362329 0.0447723 0.08065759
v 0.01824629 0.04429114 0.07960689
v 0.01760994 0.04461489 0.08131842
v 0.01843391 0.04404595 0.08075111
v 0.0186073 0.04361137 0.08192027
v 0.002752725 0.04531045 0.0850514
v 0.005970065 0.04439074 0.08578314
v 0.004408221 0.04526979 0.08505245
v 0.003658079 0.0445504 0.08572747
v 0.007467858 0.04507105 0.0851603
v 0.006951499 0.04413055 0.08713728
v 0.008302559 0.04410613 0.08722395
v 0.008347156 0.04432848 0.08575235
v 0.01020424 0.04018284 0.08765115
v 0.01146247 0.03831824 0.08763546
v 0.0141627 0.03810814 0.08726515
v 0.01621142 0.03589281 0.08685121
v 0.009978339 0.04351489 0.08753781
v 0.01252383 0.04125014 0.08750378
v 0.01228296 0.04337198 0.08749986
v 0.01597966 0.04086742 0.08702713
v 0.01581001 0.04340039 0.08709227
v 0.008787502 0.04527743 0.08078718
v 0.01066128 0.04508214 0.08235951
v 0.006846765 0.04546514 0.08296947
v 0.006374327 0.04547513 0.08449368
v 0.008742296 0.04542361 0.08414009
v 0.009059307 0.04516722 0.08499661
v 0.009791121 0.04416624 0.08638003
v 0.0138822 0.0448131 0.08154263
v 0.01280845 0.04529459 0.08359064
v 0.01497699 0.04503435 0.08263774
v 0.01486137 0.04525569 0.08406648
v 0.01606887 0.04477884 0.08107133
v 0.01616145 0.04506092 0.08322389
v 0.01638993 0.04500816 0.08447941
v 0.01755731 0.0447569 0.0834257
v 0.017707 0.04462151 0.08466424
v 0.01815966 0.04444275 0.08400589
v 0.01836511 0.04411945 0.08209996
v 0.01185273 0.0452725 0.08457777
v 0.01393984 0.04509654 0.08487114
v 0.0120986 0.04510881 0.08493118
v 0.01226922 0.04436254 0.08560351
v 0.0136871 0.04435455 0.08571802
v 0.01073295 0.04438188 0.08565921
v 0.01207746 0.04421806 0.08601107
v 0.009544752 0.04403271 0.08730187
v 0.01143979 0.04400304 0.0873469
v 0.01203362 0.04408988 0.0871222
v 0.01317404 0.04402086 0.08726871
v 0.01573615 0.04487998 0.085017
v 0.01597417 0.04425747 0.08579509
v 0.01837406 0.04410774 0.08561468
v 0.01476096 0.04403632 0.0870655
v 0.0161732 0.04397542 0.08670546
v 0.01684238 0.04373516 0.08680265
v 0.01791971 0.04392399 0.08655527
v 0.01802257 0.0126548 0.0669823
v 0.01807177 0.01256598 0.06895509
v 0.0181509 0.01469173 0.06704012
v 0.01808881 0.01347494 0.0678485
v 0.01807941 0.01672108 0.06842448
v 0.01802207 0.01538096 0.0712129
v 0.01821655 0.01716196 0.06688556
v 0.0182321 0.01918973 0.06592251
v 0.018243 0.01900405 0.06703728
v 0.01804342 0.01910805 0.06966558
v 0.01820636 0.02129673 0.06796744
v 0.01809043 0.01864158 0.07421887
v 0.01827272 0.0230574 0.06729953
v 0.01811457 0.02231448 0.06915881
v 0.01817871 0.02493999 0.06874251
v 0.01839809 0.02087178 0.0783297
v 0.01804587 0.02292983 0.07281363
v 0.01812034 0.02175859 0.0748525
v 0.01890462 0.01864837 0.08280542
v 0.01813751 0.02698928 0.07107964
v 0.01805459 0.02643145 0.07461293
v 0.01810313 0.03030099 0.07487302
v 0.01817631 0.02670514 0.07638517
v 0.01841363 0.02715994 0.08010423
v 0.01819455 0.03259154 0.07756187
v 0.01956483 0.0173917 0.08521077
v 0.01957799 0.0187645 0.08492072
v 0.01910734 0.01971365 0.08369802
v 0.0188444 0.02307845 0.08277282
v 0.01973127 0.02184272 0.08464225
v 0.01913958 0.02256843 0.08355887
v 0.01791569 0.01900873 0.08621839
v 0.01951301 0.01873677 0.08550103
v 0.01889798 0.01958941 0.08588347
v 0.01681954 0.02078084 0.08646992
v 0.01821408 0.02504108 0.08611794
v 0.01487465 0.02793212 0.08694191
v 0.01966131 0.02064951 0.085374
v 0.01886092 0.02199116 0.08589497
v 0.01970193 0.02228377 0.08529231
v 0.01965924 0.02390955 0.08414477
v 0.01989502 0.02424174 0.08484897
v 0.01966086 0.02373505 0.085343
v 0.0191939 0.02453656 0.08567989
v 0.01871278 0.02673712 0.08246991
v 0.01840045 0.03030043 0.08097768
v 0.01899155 0.02517713 0.08322467
v 0.01977362 0.02588774 0.08518414
v 0.01964599 0.02647121 0.08408074
v 0.01992163 0.02644023 0.08473051
v 0.01915291 0.02831441 0.08340569
v 0.01903215 0.02678532 0.08577444
v 0.01814172 0.02830841 0.08614497
v 0.01972786 0.02774538 0.08530647
v 0.01992736 0.02828754 0.08483391
v 0.0187305 0.03049285 0.08267304
v 0.01979389 0.02818473 0.08420521
v 0.01908774 0.0309673 0.08337224
v 0.01979827 0.03007327 0.08428101
v 0.01990002 0.02993656 0.08481769
v 0.01970686 0.02932603 0.08533849
v 0.01895532 0.02997066 0.08590995
v 0.01980691 0.03217876 0.08437051
v 0.01967764 0.03101262 0.08548377
v 0.01990328 0.03153631 0.0849802
v 0.01657486 0.03253091 0.0866463
v 0.01846338 0.03345705 0.0862574
v 0.01948302 0.03271085 0.08571188
v 0.01988906 0.03300459 0.08506006
v 0.01820942 0.03514529 0.07820223
v 0.01830226 0.0341015 0.08055376
v 0.01824029 0.03798107 0.07965997
v 0.0185108 0.03349959 0.08202846
v 0.01827013 0.03740508 0.08071479
v 0.01837686 0.03615534 0.08147608
v 0.01886529 0.03400902 0.0830683
v 0.01872813 0.03646741 0.08300763
v 0.01846836 0.03890792 0.08233966
v 0.01970629 0.0337254 0.08419986
v 0.01833631 0.04087708 0.08105095
v 0.01848225 0.04167783 0.08216543
v 0.0186143 0.04262497 0.08150846
v 0.01958196 0.03517541 0.08418532
v 0.0187386 0.037319 0.08638456
v 0.0190844 0.03437707 0.08605176
v 0.01959754 0.03542095 0.08574182
v 0.01856797 0.03993449 0.08650447
v 0.01967716 0.03401434 0.08554414
v 0.01981815 0.03569954 0.08490008
v 0.01962554 0.03704136 0.08425957
v 0.01877189 0.03888369 0.0831636
v 0.01971988 0.03841067 0.08502841
v 0.01868468 0.04050617 0.08302717
v 0.01946842 0.03923444 0.08420938
v 0.01956261 0.03740345 0.08577868
v 0.01910547 0.03925426 0.08621824
v 0.01946579 0.03907008 0.0858431
v 0.01952001 0.04065624 0.08453278
v 0.01954649 0.0402015 0.08555473
v 0.01952831 0.04185215 0.08525002
v 0.01924957 0.04102959 0.08613218
v 0.01771887 0.04316998 0.08677889
v 0.01889889 0.04266883 0.08355737
v 0.01934765 0.04266815 0.08459762
v 0.01937293 0.04287453 0.08584034
v 0.0188532 0.04343506 0.08394264
v 0.01859696 0.04408597 0.08492649
v 0.01916754 0.04350018 0.08519822
v 0.01896403 0.0421433 0.0864245
v 0.01881251 0.04328234 0.08648828
v 0.01901008 0.04369482 0.08586159
v 0.01864905 0.04374197 0.08635068
v 0.01773598 0.0442365 0.05765128
v 0.01640683 0.04428609 0.05859569
v 0.0165709 0.04421765 0.06065676
v 0.01915881 0.04353344 0.05811398
v 0.01843531 0.04410207 0.05848773
v 0.01804255 0.04416995 0.0603409
v 0.01881679 0.04385019 0.06038478
v 0.01929875 0.04307806 0.06093611
v 0.01903327 0.04364131 0.06118312
v 0.01825153 0.04413649 0.06199849
v 0.01916252 0.0434402 0.06259491
v 0.01875013 0.04385065 0.06368114
v -0.01852186 0.03106958 0.08681177
v -0.01633994 0.03020975 0.0873042
v -0.01756046 0.03171228 0.08690929
v -0.01553853 0.03237636 0.08736111
v -0.0173692 0.0349068 0.08686969
v -0.01621207 0.03389179 0.08725283
v -0.01584837 0.03735949 0.08727457
v -0.01553298 0.03540609 0.08731338
v -0.01245285 0.03458025 0.0873362
v -0.01040238 0.03301631 0.08734395
v -0.009963298 0.03601135 0.08729312
v -0.008104147 0.0336201 0.08734143
v -0.01244005 0.03791599 0.08729881
v -0.0149685 0.0404323 0.08729142
v -0.01179769 0.0409609 0.08726747
v -0.008779112 0.03956898 0.08722353
v -0.008700668 0.04420777 0.08715288
v -0.01622076 0.03938239 0.08722834
v -0.01299421 0.04435118 0.08728898
v -0.00601008 0.03657188 0.0872467
v -0.005197485 0.03985508 0.0871435
v -0.006033798 0.04317662 0.08708502
v -0.009945529 0.0455547 0.08497144
v -0.008492063 0.04574991 0.08407786
v -0.01118453 0.04502782 0.08595198
v -0.01017888 0.04437582 0.08719487
v -0.009299474 0.045029 0.0858895
v -0.008095097 0.04547258 0.08513056
v -0.006872416 0.04488743 0.08595033
v -0.009129455 0.04478356 0.08692825
v -0.007707016 0.04472442 0.08672099
v -0.005923795 0.04553744 0.08497183
v -0.0144168 0.04470466 0.08734457
v -0.01389609 0.0448751 0.08708401
v -0.01286816 0.04491716 0.08675312
v -0.01219694 0.04468758 0.08711839
v -0.01135724 0.04481955 0.08692771
v -0.006986563 0.04450153 0.08694768
v -0.005176215 0.0441789 0.08700408
v -0.006083217 0.04460805 0.08676755
v -0.004655564 0.0445723 0.08674946
v -0.005050634 0.04490602 0.08576916
v -0.003009065 0.04413673 0.08695564
v -0.002083397 0.04179009 0.08702025
v -0.0001409175 0.04386316 0.08694232
v 0.001805202 0.04174858 0.08701204
v -0.003011624 0.045372 0.08510798
v -0.001566938 0.04475418 0.08579683
v -0.002670737 0.04445879 0.08676168
v -0.001394742 0.04445263 0.08673599
v 0.0003968016 0.04435421 0.08674794
v 0.0005367321 0.04469728 0.08576046
v 0.0003799954 0.04531454 0.08510457
v 0.002659649 0.04351347 0.08697863
v 0.004807774 0.04221139 0.08722843
v 0.002258264 0.04430267 0.0867409
v 0.003634339 0.0442376 0.08681537
v 0.00502772 0.04356831 0.08715829
v 0.00221604 0.04457686 0.08576098
v 0.005226553 0.04415419 0.08694327
v 0.007071757 0.04334131 0.08740568
v 0.01163707 0.04434475 0.02427393
f 1 2 3
f 2 4 5
f 2 6 3
f 7 6 2
f 8 7 2
f 7 9 6
f 10 9 7
f 10 11 9
f 2 5 8
f 7 8 10
f 10 12 13
f 10 8 12
f 14 12 8
f 15 12 14
f 8 5 14
f 14 5 16
f 17 18 13
f 9 11 19
f 20 9 19
f 21 9 20
f 18 20 19
f 22 20 23
f 11 10 13
f 13 18 11
f 18 19 11
f 13 12 24
f 23 20 18
f 17 25 18
f 26 25 17
f 27 28 17
f 26 17 28
f 28 27 29
f 25 26 23
f 25 23 18
f 22 23 30
f 23 26 31
f 31 26 28
f 30 31 32
f 31 30 23
f 12 15 24
f 24 15 33
f 14 34 15
f 15 35 33
f 27 17 24
f 24 17 13
f 36 27 24
f 33 36 24
f 36 33 37
f 27 36 29
f 38 39 40
f 38 40 41
f 42 39 38
f 41 43 38
f 38 44 42
f 42 44 45
f 38 43 44
f 44 43 46
f 31 28 47
f 48 31 47
f 31 49 32
f 31 48 49
f 49 50 32
f 50 49 51
f 29 47 28
f 29 41 47
f 52 29 36
f 29 52 41
f 47 41 40
f 40 53 47
f 43 41 52
f 53 48 47
f 37 52 36
f 37 54 52
f 43 52 54
f 53 40 39
f 39 55 53
f 56 53 55
f 56 48 53
f 55 39 42
f 57 55 42
f 56 55 57
f 49 48 56
f 51 49 56
f 56 58 51
f 58 56 57
f 34 35 15
f 34 59 35
f 35 60 33
f 60 37 33
f 60 35 61
f 61 35 59
f 62 61 59
f 63 61 62
f 64 46 43
f 46 64 65
f 66 65 64
f 60 54 37
f 67 54 60
f 60 61 67
f 67 64 54
f 64 43 54
f 68 64 67
f 67 61 63
f 66 64 68
f 66 68 69
f 62 70 63
f 68 67 63
f 63 70 71
f 71 72 63
f 73 69 68
f 73 68 72
f 74 69 73
f 68 63 72
f 73 72 75
f 73 75 76
f 76 74 73
f 77 72 71
f 71 78 77
f 75 72 77
f 75 79 76
f 76 80 81
f 82 76 79
f 80 76 82
f 75 77 83
f 79 75 83
f 83 82 79
f 82 84 85
f 86 87 88
f 89 86 88
f 90 86 89
f 88 91 89
f 89 92 93
f 92 89 91
f 90 89 93
f 91 94 95
f 96 91 95
f 95 94 97
f 92 91 96
f 97 96 95
f 92 98 93
f 96 99 92
f 100 90 93
f 100 93 98
f 101 98 99
f 98 92 99
f 102 98 101
f 98 102 100
f 101 103 102
f 103 101 104
f 105 100 102
f 106 102 103
f 102 106 105
f 107 100 105
f 97 108 109
f 109 108 110
f 109 111 97
f 99 96 97
f 112 99 97
f 97 111 112
f 109 110 113
f 111 109 113
f 110 114 113
f 114 115 113
f 104 101 99
f 104 99 112
f 116 111 117
f 112 111 116
f 104 118 103
f 112 116 104
f 113 119 111
f 117 111 119
f 119 113 115
f 119 115 120
f 117 119 121
f 122 119 120
f 122 120 123
f 122 123 124
f 125 124 126
f 127 128 129
f 130 127 129
f 131 132 128
f 128 133 131
f 134 129 132
f 132 129 128
f 134 132 135
f 136 134 135
f 137 128 127
f 130 137 127
f 137 130 138
f 133 128 139
f 140 133 139
f 137 139 128
f 141 142 136
f 143 130 129
f 142 129 134
f 144 129 142
f 136 142 134
f 143 129 144
f 141 144 142
f 145 143 144
f 146 130 143
f 146 138 130
f 146 143 147
f 147 143 145
f 148 144 141
f 149 144 148
f 149 150 145
f 150 147 145
f 149 145 144
f 151 137 138
f 151 139 137
f 140 152 153
f 140 139 152
f 152 139 154
f 152 154 155
f 152 155 153
f 155 156 157
f 158 159 160
f 161 160 162
f 160 161 163
f 164 163 161
f 165 151 146
f 146 151 138
f 162 165 146
f 151 165 166
f 151 154 139
f 151 166 154
f 147 162 146
f 162 160 165
f 165 159 166
f 167 154 166
f 160 159 165
f 167 155 154
f 150 162 147
f 161 162 150
f 168 161 150
f 168 164 161
f 158 169 159
f 163 158 160
f 170 158 163
f 169 171 172
f 169 158 173
f 173 171 169
f 174 158 170
f 175 173 174
f 174 173 158
f 172 167 166
f 159 169 172
f 166 159 172
f 176 155 167
f 156 155 176
f 176 167 177
f 177 167 172
f 177 178 176
f 156 176 178
f 179 149 148
f 149 180 150
f 179 180 149
f 181 182 179
f 180 179 183
f 184 180 183
f 182 183 179
f 185 183 182
f 180 168 150
f 186 168 180
f 187 174 170
f 164 170 163
f 164 188 189
f 189 170 164
f 186 164 168
f 188 164 186
f 184 186 180
f 186 184 190
f 191 190 184
f 185 184 183
f 185 191 184
f 185 192 191
f 186 190 188
f 193 188 190
f 194 193 190
f 194 190 191
f 189 188 193
f 195 171 173
f 173 196 195
f 175 196 173
f 197 195 198
f 196 199 195
f 197 178 177
f 200 178 197
f 178 201 156
f 200 201 178
f 171 177 172
f 177 171 197
f 195 197 171
f 198 200 197
f 200 198 202
f 195 199 198
f 199 203 198
f 201 204 205
f 202 201 200
f 201 202 204
f 203 202 198
f 203 206 202
f 202 206 204
f 204 207 205
f 204 206 208
f 209 208 206
f 208 207 204
f 208 210 207
f 211 210 208
f 187 175 174
f 212 187 170
f 213 196 175
f 213 175 187
f 213 199 196
f 214 213 187
f 189 212 170
f 212 214 187
f 215 214 212
f 214 216 213
f 199 213 217
f 216 217 213
f 218 219 217
f 218 217 216
f 217 219 199
f 199 219 203
f 203 219 220
f 215 221 214
f 221 216 214
f 189 222 212
f 222 215 212
f 193 222 189
f 223 222 193
f 224 215 222
f 215 224 225
f 225 221 215
f 226 227 228
f 226 229 227
f 230 231 229
f 226 230 229
f 232 233 228
f 226 228 234
f 233 234 228
f 218 220 219
f 235 209 203
f 220 236 235
f 237 208 209
f 209 235 237
f 203 220 235
f 238 235 236
f 239 218 216
f 221 239 216
f 240 239 221
f 239 241 218
f 241 220 218
f 241 236 220
f 239 240 227
f 227 241 239
f 206 203 209
f 208 237 211
f 237 235 238
f 238 242 237
f 237 242 211
f 211 242 243
f 241 244 236
f 241 227 229
f 229 244 241
f 231 244 229
f 238 236 244
f 238 244 245
f 244 231 246
f 246 245 244
f 242 247 243
f 245 242 238
f 248 210 211
f 240 221 225
f 240 228 227
f 240 225 228
f 249 225 224
f 249 232 225
f 232 228 225
f 192 185 250
f 251 191 192
f 252 192 250
f 192 252 251
f 251 194 191
f 194 253 193
f 194 251 254
f 255 251 252
f 251 255 256
f 257 256 255
f 252 258 255
f 259 258 260
f 259 255 258
f 259 257 255
f 259 261 257
f 262 259 260
f 263 262 260
f 262 261 259
f 263 264 262
f 253 223 193
f 223 253 265
f 254 265 253
f 266 265 254
f 194 254 253
f 223 224 222
f 267 224 223
f 265 267 223
f 267 265 268
f 268 265 266
f 269 267 268
f 256 266 254
f 254 251 256
f 270 266 256
f 270 256 257
f 271 268 266
f 272 271 266
f 272 266 270
f 232 273 233
f 234 233 274
f 273 274 233
f 275 273 276
f 275 277 278
f 224 267 249
f 267 276 249
f 276 232 249
f 267 269 276
f 276 273 232
f 276 277 275
f 271 269 268
f 277 276 269
f 279 277 269
f 272 280 271
f 269 271 279
f 278 277 279
f 281 278 279
f 282 278 281
f 257 283 270
f 261 283 257
f 283 272 270
f 284 272 283
f 285 261 262
f 286 287 261
f 286 261 285
f 285 262 264
f 287 288 284
f 287 283 261
f 284 283 287
f 287 289 288
f 289 287 286
f 272 284 280
f 271 280 279
f 290 280 284
f 281 279 280
f 291 281 292
f 281 291 282
f 280 292 281
f 292 280 290
f 288 290 284
f 288 289 293
f 290 288 293
f 294 292 290
f 291 292 294
f 293 294 290
f 295 294 293
f 295 296 294
f 297 298 140
f 299 300 298
f 300 299 301
f 297 299 298
f 299 297 302
f 132 131 135
f 135 131 303
f 133 298 131
f 131 300 303
f 298 300 131
f 304 135 303
f 304 303 305
f 306 303 300
f 305 303 306
f 140 298 133
f 140 153 297
f 307 308 301
f 299 302 307
f 301 299 307
f 307 302 309
f 309 308 307
f 309 310 308
f 301 308 311
f 301 311 306
f 308 310 311
f 306 300 301
f 305 306 312
f 311 312 306
f 311 313 312
f 136 314 141
f 314 136 315
f 316 315 317
f 318 317 319
f 135 304 136
f 304 315 136
f 304 305 315
f 317 315 305
f 317 305 320
f 320 305 312
f 317 320 319
f 319 320 321
f 322 319 321
f 310 309 1
f 310 1 3
f 313 311 323
f 313 323 324
f 311 310 323
f 3 323 310
f 323 3 325
f 324 323 325
f 324 325 326
f 313 327 312
f 327 313 328
f 328 313 324
f 328 324 326
f 329 328 330
f 328 326 330
f 326 331 330
f 320 312 327
f 327 328 329
f 321 327 332
f 332 327 329
f 321 320 327
f 333 321 332
f 333 322 321
f 334 332 329
f 334 329 330
f 332 334 335
f 334 330 331
f 334 331 336
f 333 332 335
f 335 334 336
f 302 297 337
f 338 337 297
f 339 337 338
f 153 338 297
f 153 157 338
f 155 157 153
f 4 302 337
f 4 309 302
f 339 338 157
f 340 337 339
f 339 157 341
f 342 339 341
f 339 342 340
f 1 309 4
f 2 1 4
f 340 5 4
f 340 4 337
f 3 6 325
f 6 21 325
f 21 6 9
f 21 326 325
f 340 16 5
f 342 16 340
f 14 16 34
f 141 314 343
f 343 314 315
f 344 343 315
f 345 148 141
f 345 346 148
f 345 141 343
f 345 343 347
f 344 315 316
f 344 316 348
f 179 148 346
f 345 347 346
f 349 346 347
f 350 343 344
f 350 344 348
f 347 343 351
f 343 350 351
f 352 347 351
f 316 317 318
f 318 319 322
f 318 348 316
f 353 318 322
f 353 322 354
f 355 318 353
f 355 348 318
f 353 356 355
f 356 353 354
f 352 349 347
f 346 349 357
f 352 358 349
f 358 357 349
f 181 346 357
f 351 350 359
f 352 351 359
f 360 352 359
f 352 361 358
f 362 357 358
f 359 350 355
f 350 348 355
f 363 355 356
f 363 359 355
f 364 359 363
f 360 359 364
f 363 356 365
f 181 179 346
f 181 366 182
f 366 181 357
f 367 354 368
f 354 322 333
f 354 333 368
f 333 335 368
f 368 369 370
f 369 368 335
f 367 356 354
f 365 356 367
f 370 367 368
f 371 367 370
f 371 370 372
f 331 22 373
f 336 331 374
f 375 331 373
f 374 331 375
f 336 374 376
f 374 375 377
f 377 376 374
f 22 21 20
f 22 326 21
f 331 326 22
f 373 22 378
f 378 30 32
f 30 378 22
f 32 379 378
f 375 373 378
f 379 32 50
f 378 379 380
f 378 380 375
f 380 379 50
f 380 50 381
f 50 51 382
f 381 50 382
f 382 51 58
f 382 58 383
f 384 380 381
f 381 382 385
f 385 382 383
f 377 375 380
f 386 377 380
f 384 386 380
f 384 381 385
f 386 384 387
f 384 385 387
f 387 385 388
f 369 335 336
f 369 336 376
f 389 376 377
f 390 369 376
f 390 376 389
f 372 370 391
f 392 372 391
f 370 369 391
f 391 369 390
f 391 390 392
f 393 390 389
f 392 390 393
f 392 393 394
f 389 377 386
f 395 389 386
f 395 386 396
f 395 393 389
f 393 395 397
f 395 396 397
f 397 396 398
f 399 397 398
f 393 397 400
f 399 400 397
f 386 387 396
f 401 341 157
f 402 342 341
f 341 401 402
f 401 156 201
f 157 156 401
f 205 401 201
f 205 403 401
f 205 207 403
f 403 402 401
f 207 404 403
f 405 402 403
f 406 16 342
f 342 402 406
f 16 406 34
f 407 406 402
f 405 407 402
f 408 34 406
f 59 34 408
f 408 409 59
f 407 408 406
f 410 404 207
f 207 210 410
f 405 403 404
f 404 411 405
f 248 410 210
f 404 410 411
f 405 412 407
f 407 412 413
f 413 412 414
f 408 413 409
f 407 413 408
f 413 415 416
f 414 417 413
f 417 414 418
f 413 417 415
f 419 416 415
f 420 421 415
f 415 417 420
f 411 412 405
f 411 414 412
f 414 411 422
f 423 422 411
f 414 422 418
f 62 59 409
f 416 409 413
f 424 409 416
f 409 424 62
f 70 62 424
f 416 419 424
f 424 419 425
f 425 419 421
f 421 426 425
f 421 419 415
f 424 425 427
f 70 424 427
f 425 426 427
f 78 70 427
f 70 78 71
f 360 361 352
f 361 360 428
f 428 360 87
f 366 357 362
f 362 358 361
f 362 361 428
f 429 362 428
f 428 86 429
f 430 362 429
f 431 366 430
f 430 366 362
f 364 363 432
f 87 360 364
f 432 363 365
f 433 432 365
f 434 87 364
f 86 428 87
f 87 434 88
f 434 364 432
f 88 434 91
f 435 432 433
f 434 432 435
f 185 182 366
f 250 185 366
f 366 431 436
f 250 366 436
f 437 429 86
f 437 430 429
f 431 430 438
f 438 430 437
f 439 438 437
f 91 434 435
f 94 91 435
f 437 86 90
f 439 437 90
f 436 440 250
f 252 250 440
f 440 436 431
f 440 431 441
f 441 431 438
f 442 441 438
f 433 365 443
f 443 365 367
f 444 433 443
f 444 443 445
f 445 443 367
f 371 445 367
f 446 445 447
f 447 445 371
f 435 433 94
f 445 446 444
f 433 108 94
f 97 94 108
f 108 433 444
f 108 444 114
f 108 114 110
f 448 447 449
f 446 447 448
f 114 444 446
f 114 446 448
f 440 450 258
f 258 252 440
f 451 452 442
f 90 100 439
f 442 438 439
f 451 442 439
f 452 441 442
f 450 441 452
f 450 440 441
f 452 453 450
f 453 454 450
f 452 451 455
f 451 439 100
f 456 455 451
f 107 451 100
f 107 456 451
f 457 455 456
f 455 453 452
f 458 453 455
f 459 454 458
f 454 453 458
f 455 457 458
f 460 458 457
f 461 459 458
f 450 454 258
f 258 454 260
f 459 260 454
f 263 260 459
f 263 459 461
f 447 371 372
f 462 372 392
f 447 372 462
f 462 449 447
f 392 463 462
f 462 463 449
f 464 449 463
f 463 392 394
f 114 448 465
f 465 448 449
f 465 449 464
f 394 393 400
f 394 466 463
f 394 467 466
f 467 394 400
f 466 464 463
f 464 466 468
f 469 468 466
f 466 467 470
f 471 470 467
f 469 466 470
f 115 114 465
f 465 123 115
f 120 115 123
f 468 465 464
f 123 465 468
f 468 469 472
f 126 468 472
f 470 473 469
f 472 469 473
f 473 470 474
f 475 472 473
f 123 468 126
f 124 123 126
f 126 476 477
f 126 472 476
f 476 472 475
f 106 478 105
f 106 479 478
f 479 106 118
f 105 478 107
f 480 478 479
f 481 478 480
f 481 107 478
f 104 482 118
f 118 106 103
f 482 104 116
f 483 482 484
f 116 485 482
f 484 482 485
f 485 116 117
f 485 117 486
f 483 479 118
f 483 118 482
f 479 483 480
f 121 119 122
f 486 117 121
f 121 487 486
f 487 121 122
f 488 489 484
f 490 488 484
f 489 491 492
f 493 491 489
f 493 489 488
f 490 494 488
f 495 490 496
f 494 490 495
f 495 496 497
f 489 483 484
f 498 481 480
f 483 492 480
f 492 498 480
f 492 483 489
f 484 485 490
f 485 486 490
f 498 492 491
f 499 481 498
f 500 481 499
f 496 490 486
f 487 497 486
f 497 496 486
f 501 500 499
f 493 488 494
f 502 493 494
f 493 503 504
f 503 493 502
f 493 504 491
f 505 491 504
f 504 506 505
f 507 504 503
f 504 507 506
f 502 494 495
f 508 495 497
f 509 502 495
f 495 508 510
f 510 509 495
f 491 499 498
f 505 499 491
f 511 499 505
f 512 499 511
f 511 505 506
f 501 499 513
f 514 499 512
f 499 514 513
f 515 507 503
f 516 506 507
f 516 511 506
f 517 516 507
f 518 511 516
f 515 502 519
f 520 515 519
f 515 503 502
f 509 519 502
f 509 510 521
f 510 522 521
f 523 509 521
f 509 523 519
f 517 507 515
f 523 521 522
f 524 511 518
f 512 511 524
f 514 512 524
f 122 124 525
f 525 487 122
f 526 525 124
f 497 487 527
f 525 527 487
f 528 497 527
f 528 527 529
f 530 525 526
f 530 527 525
f 529 527 530
f 526 124 125
f 530 526 531
f 532 530 531
f 531 533 532
f 531 526 125
f 531 125 534
f 477 534 125
f 535 536 534
f 531 534 536
f 537 508 528
f 510 508 537
f 528 529 537
f 537 529 538
f 528 508 497
f 529 532 538
f 529 530 532
f 533 538 532
f 522 510 537
f 522 537 539
f 539 537 538
f 540 538 533
f 539 538 540
f 541 539 540
f 542 533 531
f 540 533 542
f 542 531 536
f 543 540 544
f 544 540 542
f 544 542 545
f 545 542 546
f 547 544 545
f 548 549 550
f 551 552 548
f 553 551 548
f 548 554 553
f 555 548 550
f 556 516 517
f 518 516 556
f 556 557 558
f 559 520 560
f 517 515 520
f 520 519 560
f 561 520 559
f 556 517 561
f 561 517 520
f 523 560 519
f 560 523 562
f 552 561 559
f 556 561 552
f 549 559 560
f 549 560 562
f 552 559 549
f 549 562 563
f 524 564 565
f 558 524 518
f 518 556 558
f 564 524 558
f 566 558 557
f 567 556 552
f 551 567 552
f 556 567 557
f 568 567 551
f 549 548 552
f 568 551 553
f 569 567 568
f 569 557 567
f 566 557 569
f 566 570 558
f 570 564 558
f 564 570 571
f 572 570 566
f 571 570 573
f 574 568 553
f 554 548 555
f 574 553 554
f 575 554 555
f 576 574 575
f 577 578 574
f 577 574 576
f 579 577 576
f 580 576 575
f 579 576 581
f 582 579 583
f 578 569 568
f 578 568 574
f 572 566 569
f 584 569 578
f 585 569 584
f 585 584 586
f 585 570 572
f 587 570 585
f 573 570 587
f 588 587 585
f 587 588 589
f 585 572 569
f 588 585 586
f 577 584 578
f 582 584 577
f 586 584 582
f 586 590 588
f 582 577 579
f 582 591 586
f 591 590 586
f 592 591 582
f 588 590 589
f 589 590 593
f 563 594 550
f 595 594 596
f 523 522 562
f 562 522 597
f 539 597 522
f 598 539 541
f 539 599 597
f 599 539 598
f 550 549 563
f 563 562 597
f 597 600 563
f 600 597 599
f 563 600 596
f 594 563 596
f 599 598 601
f 596 600 599
f 596 599 601
f 541 540 543
f 543 598 541
f 602 543 544
f 602 544 547
f 543 602 603
f 604 543 603
f 605 602 547
f 606 602 605
f 604 603 606
f 603 602 606
f 598 543 607
f 607 543 604
f 601 598 607
f 608 607 604
f 601 607 608
f 609 604 606
f 608 604 609
f 550 594 555
f 555 594 610
f 611 595 596
f 595 610 594
f 580 575 555
f 612 555 610
f 611 596 613
f 614 595 611
f 610 595 614
f 612 580 555
f 612 615 580
f 581 576 580
f 616 612 610
f 616 610 614
f 617 612 616
f 614 617 616
f 618 581 619
f 583 581 618
f 615 620 619
f 620 615 621
f 621 615 612
f 621 612 617
f 583 579 581
f 611 622 614
f 617 614 622
f 622 623 617
f 622 611 613
f 624 622 625
f 623 622 624
f 625 613 626
f 625 622 613
f 627 624 625
f 628 626 629
f 625 626 628
f 627 625 628
f 596 601 613
f 601 608 626
f 613 601 626
f 629 626 608
f 630 629 608
f 263 631 264
f 632 631 633
f 634 285 264
f 631 634 264
f 634 286 285
f 632 634 631
f 286 635 289
f 635 286 634
f 289 635 636
f 637 635 634
f 637 636 635
f 632 638 634
f 639 638 632
f 637 634 638
f 640 637 638
f 641 638 639
f 638 641 640
f 636 293 289
f 642 293 636
f 295 293 642
f 643 295 642
f 644 636 637
f 640 644 637
f 644 642 636
f 641 645 640
f 644 640 646
f 647 643 642
f 647 642 644
f 646 647 644
f 648 649 647
f 648 647 646
f 650 639 651
f 650 641 639
f 645 641 650
f 652 650 651
f 653 650 652
f 652 654 653
f 645 646 640
f 655 645 656
f 645 650 656
f 655 646 645
f 648 646 655
f 648 655 657
f 653 656 650
f 658 656 653
f 654 658 653
f 658 659 656
f 660 658 654
f 659 658 660
f 657 655 659
f 659 655 656
f 660 654 661
f 662 660 661
f 662 659 660
f 663 659 662
f 664 663 662
f 665 662 661
f 662 665 664
f 666 664 665
f 667 665 668
f 665 667 666
f 667 669 670
f 671 672 456
f 671 456 107
f 481 671 107
f 672 457 456
f 672 460 457
f 500 671 481
f 673 672 671
f 460 672 673
f 460 673 674
f 675 458 460
f 674 675 460
f 671 500 673
f 501 673 500
f 676 674 673
f 501 676 673
f 677 675 674
f 674 676 677
f 678 677 676
f 675 461 458
f 633 461 675
f 461 633 263
f 631 263 633
f 679 632 633
f 679 633 675
f 679 675 677
f 679 680 632
f 680 639 632
f 501 513 676
f 513 681 676
f 676 681 678
f 677 678 682
f 681 683 678
f 684 678 683
f 514 681 513
f 514 565 681
f 514 524 565
f 682 685 677
f 679 677 685
f 678 684 682
f 684 685 682
f 686 685 684
f 687 679 685
f 687 680 679
f 685 688 687
f 686 688 685
f 680 687 651
f 689 684 683
f 688 686 690
f 125 126 477
f 534 477 535
f 651 639 680
f 651 687 688
f 691 651 688
f 691 688 690
f 652 651 691
f 690 692 691
f 654 652 691
f 691 692 654
f 661 654 692
f 565 683 681
f 693 683 565
f 693 689 683
f 565 694 693
f 693 694 695
f 696 693 695
f 697 696 695
f 571 565 564
f 565 571 694
f 571 573 694
f 573 698 694
f 695 694 699
f 700 689 693
f 700 693 696
f 700 701 689
f 684 689 686
f 701 686 689
f 686 701 690
f 702 690 701
f 701 700 703
f 701 703 702
f 704 703 700
f 700 696 704
f 705 703 704
f 587 698 573
f 698 699 694
f 589 706 587
f 587 706 698
f 699 698 706
f 695 699 707
f 708 699 706
f 709 706 589
f 708 706 710
f 710 706 709
f 708 707 699
f 711 707 708
f 712 711 708
f 697 704 696
f 707 697 695
f 713 697 707
f 713 704 697
f 713 705 704
f 714 705 713
f 707 715 713
f 715 707 711
f 714 713 715
f 716 714 715
f 717 714 716
f 702 692 690
f 692 718 661
f 702 703 719
f 719 703 705
f 718 692 702
f 719 718 702
f 718 719 720
f 668 718 720
f 661 718 665
f 668 665 718
f 721 719 705
f 721 720 719
f 714 721 705
f 722 721 714
f 723 668 720
f 724 723 720
f 722 724 721
f 723 724 725
f 721 724 720
f 714 726 722
f 726 714 717
f 722 726 727
f 725 724 722
f 727 725 722
f 669 668 723
f 669 667 668
f 728 723 725
f 729 725 727
f 725 729 728
f 728 669 723
f 728 670 669
f 730 670 728
f 730 731 670
f 730 728 729
f 582 583 732
f 732 733 582
f 582 733 592
f 591 592 734
f 733 734 592
f 735 734 733
f 736 737 734
f 593 590 591
f 734 593 591
f 593 709 589
f 738 709 593
f 593 734 737
f 593 737 738
f 734 735 736
f 735 739 736
f 740 739 741
f 740 737 736
f 739 740 736
f 740 742 737
f 743 738 742
f 742 738 737
f 740 741 742
f 742 741 744
f 745 744 741
f 618 746 583
f 618 619 620
f 747 621 617
f 617 748 747
f 621 747 620
f 747 749 620
f 747 750 749
f 746 732 583
f 618 751 746
f 751 618 749
f 752 746 751
f 618 620 749
f 749 753 751
f 754 733 732
f 748 617 623
f 748 623 755
f 755 623 624
f 756 755 624
f 757 747 748
f 755 757 748
f 758 757 755
f 759 750 760
f 761 753 759
f 761 759 762
f 760 750 757
f 762 759 760
f 763 760 757
f 763 757 758
f 732 746 752
f 753 749 750
f 753 750 759
f 732 752 754
f 764 754 752
f 764 752 765
f 761 751 753
f 751 761 752
f 752 761 765
f 750 747 757
f 758 755 766
f 763 758 766
f 756 624 627
f 756 627 767
f 767 755 756
f 766 755 767
f 767 627 768
f 628 769 627
f 769 628 770
f 768 627 769
f 769 771 768
f 769 770 771
f 768 766 767
f 772 763 766
f 766 768 772
f 768 771 773
f 772 768 773
f 754 735 733
f 774 739 735
f 765 761 775
f 776 765 775
f 777 765 776
f 778 776 775
f 779 776 778
f 762 760 780
f 780 760 763
f 781 762 780
f 775 762 781
f 782 780 763
f 782 763 783
f 775 781 778
f 781 784 778
f 780 784 781
f 782 785 780
f 784 780 785
f 764 765 777
f 774 754 764
f 786 787 764
f 787 774 764
f 764 777 786
f 779 777 776
f 788 777 779
f 789 790 785
f 778 784 779
f 779 784 790
f 791 779 790
f 784 785 790
f 782 783 792
f 785 782 792
f 793 791 790
f 790 789 793
f 794 793 789
f 785 792 795
f 796 789 785
f 785 795 796
f 788 779 791
f 786 777 788
f 797 786 788
f 786 798 787
f 786 797 798
f 799 798 797
f 783 763 772
f 783 772 800
f 772 773 801
f 801 800 772
f 792 783 800
f 802 792 800
f 802 800 801
f 802 801 803
f 804 802 803
f 735 754 774
f 741 739 774
f 787 805 774
f 805 741 774
f 806 741 805
f 806 805 787
f 787 798 806
f 799 806 798
f 807 745 806
f 745 741 806
f 808 809 810
f 808 811 809
f 808 812 811
f 813 814 815
f 809 811 816
f 817 809 816
f 811 818 816
f 818 811 812
f 819 817 816
f 816 820 819
f 821 812 813
f 813 822 821
f 812 821 818
f 816 823 820
f 823 816 818
f 824 819 820
f 825 821 822
f 825 818 821
f 815 822 813
f 826 823 827
f 824 820 828
f 827 823 818
f 829 819 824
f 823 826 828
f 830 824 828
f 831 824 830
f 831 829 824
f 827 818 825
f 827 825 832
f 833 826 827
f 834 826 833
f 832 833 827
f 834 828 826
f 830 828 834
f 830 835 831
f 836 835 830
f 836 830 834
f 825 822 837
f 837 822 838
f 832 825 837
f 839 837 838
f 839 838 840
f 841 791 793
f 841 793 842
f 842 793 794
f 843 794 789
f 844 794 843
f 789 796 843
f 788 791 841
f 845 841 842
f 844 842 794
f 845 842 844
f 810 844 843
f 845 846 841
f 846 788 841
f 846 797 788
f 847 797 846
f 799 797 847
f 847 846 848
f 845 844 849
f 850 845 849
f 849 844 810
f 810 843 808
f 810 809 849
f 849 809 817
f 850 846 845
f 849 817 850
f 846 850 851
f 851 850 852
f 848 853 847
f 853 799 847
f 853 854 855
f 851 848 846
f 854 853 848
f 856 848 851
f 856 854 848
f 854 857 855
f 858 796 795
f 795 859 858
f 802 795 792
f 843 796 858
f 804 859 795
f 795 802 804
f 804 814 859
f 804 803 860
f 808 843 858
f 808 858 812
f 812 858 859
f 812 859 813
f 814 813 859
f 814 804 860
f 807 806 799
f 745 807 861
f 855 799 853
f 799 862 807
f 855 862 799
f 863 862 855
f 862 861 807
f 862 864 861
f 852 850 817
f 829 817 819
f 852 829 865
f 829 852 817
f 865 851 852
f 865 856 851
f 831 865 829
f 856 866 857
f 866 856 865
f 857 854 856
f 866 867 857
f 868 855 857
f 869 857 867
f 869 868 857
f 870 866 831
f 831 866 865
f 867 866 870
f 871 869 867
f 872 873 869
f 870 871 867
f 874 871 870
f 872 869 871
f 871 874 872
f 868 863 855
f 868 873 863
f 875 864 862
f 875 862 863
f 876 875 863
f 877 863 873
f 869 873 868
f 872 878 873
f 879 880 872
f 878 877 873
f 880 878 872
f 877 876 863
f 881 876 877
f 882 877 878
f 878 880 882
f 882 881 877
f 882 883 881
f 884 709 738
f 712 708 710
f 885 710 709
f 884 885 709
f 743 884 738
f 886 887 885
f 886 885 884
f 884 743 888
f 712 889 711
f 889 715 711
f 889 716 715
f 890 716 889
f 889 891 890
f 887 889 712
f 892 889 887
f 891 889 892
f 893 892 894
f 712 710 885
f 887 712 885
f 886 894 887
f 884 888 886
f 886 895 894
f 892 887 894
f 744 743 742
f 888 743 896
f 743 744 896
f 897 744 745
f 897 896 744
f 896 898 888
f 899 896 897
f 895 886 888
f 895 900 894
f 901 895 888
f 901 900 895
f 894 900 902
f 894 902 893
f 903 902 900
f 903 904 902
f 888 898 901
f 898 905 901
f 906 898 896
f 906 905 898
f 900 901 907
f 905 907 901
f 907 903 900
f 908 903 907
f 907 909 908
f 909 907 905
f 909 910 908
f 717 716 890
f 911 726 912
f 890 912 717
f 912 726 717
f 913 727 726
f 911 913 726
f 912 914 911
f 891 912 890
f 892 915 891
f 893 915 892
f 916 914 912
f 916 912 891
f 916 891 915
f 917 914 916
f 918 917 916
f 919 729 913
f 727 913 729
f 911 920 913
f 920 919 913
f 730 729 919
f 919 921 730
f 914 920 911
f 922 920 914
f 922 914 917
f 920 921 919
f 920 923 921
f 924 920 922
f 920 924 923
f 902 904 893
f 893 925 915
f 904 925 893
f 918 916 915
f 915 925 918
f 926 918 925
f 917 918 927
f 927 918 926
f 926 925 928
f 928 925 904
f 929 930 908
f 928 904 931
f 931 908 930
f 932 931 930
f 931 932 928
f 928 932 926
f 930 933 932
f 903 931 904
f 908 931 903
f 922 917 927
f 922 927 934
f 927 926 934
f 934 924 922
f 935 924 934
f 933 926 932
f 933 936 926
f 934 926 936
f 937 934 936
f 936 933 937
f 934 937 935
f 937 938 935
f 861 897 745
f 939 897 861
f 906 896 899
f 897 939 899
f 861 864 939
f 940 899 939
f 940 939 941
f 942 905 906
f 943 942 906
f 944 942 943
f 906 899 943
f 942 909 905
f 910 909 945
f 942 945 909
f 942 944 945
f 946 945 944
f 943 899 940
f 947 943 940
f 947 948 943
f 944 948 946
f 943 948 944
f 941 939 864
f 864 949 941
f 941 950 940
f 951 941 949
f 950 947 940
f 952 950 941
f 951 952 941
f 952 947 950
f 953 947 952
f 947 954 948
f 955 952 951
f 956 955 951
f 955 953 952
f 956 957 955
f 953 954 947
f 958 953 955
f 958 959 953
f 864 875 949
f 876 949 875
f 949 876 960
f 883 876 881
f 883 960 876
f 960 951 949
f 951 960 956
f 961 930 929
f 962 961 929
f 930 961 933
f 929 908 910
f 910 945 963
f 910 963 929
f 929 963 962
f 946 963 945
f 964 963 946
f 965 964 946
f 948 965 946
f 965 948 954
f 966 963 964
f 966 962 963
f 964 967 966
f 968 964 965
f 933 961 969
f 969 937 933
f 969 961 962
f 937 970 971
f 966 969 962
f 969 970 937
f 966 970 969
f 970 966 967
f 972 973 970
f 974 965 954
f 968 967 964
f 968 965 974
f 959 954 953
f 975 974 954
f 975 954 959
f 976 975 959
f 977 974 975
f 975 978 977
f 972 970 967
f 972 967 979
f 980 972 979
f 979 967 968
f 974 979 968
f 979 974 977
f 554 575 574
f 581 580 619
f 580 615 619
f 761 762 775
f 828 820 823
f 981 45 982
f 982 983 981
f 45 46 984
f 984 982 45
f 42 45 985
f 981 985 45
f 985 986 42
f 985 981 983
f 46 45 44
f 987 983 988
f 988 983 982
f 989 985 983
f 989 983 987
f 990 987 988
f 986 57 42
f 57 986 991
f 57 991 992
f 991 986 985
f 985 989 991
f 993 989 987
f 993 987 990
f 992 991 989
f 994 992 989
f 994 989 993
f 990 995 993
f 58 57 992
f 993 995 996
f 65 984 46
f 997 982 984
f 988 982 997
f 998 997 984
f 988 997 999
f 999 997 998
f 999 1000 988
f 984 65 998
f 1001 998 65
f 65 1002 1001
f 998 1001 999
f 1000 999 1003
f 1003 999 1001
f 65 66 1002
f 1000 990 988
f 1000 995 990
f 995 1000 1004
f 1005 1000 1003
f 1006 1003 1001
f 1006 1007 1003
f 1005 1003 1007
f 1004 1000 1005
f 1004 1005 1007
f 1004 1008 995
f 995 1008 996
f 1002 1006 1001
f 1009 1007 1006
f 1010 1007 1009
f 1011 1002 66
f 1002 1009 1006
f 1002 1011 1009
f 66 69 1011
f 1011 1012 1009
f 1010 1009 1012
f 1013 1008 1004
f 1007 1013 1004
f 1014 1013 1007
f 1015 1007 1010
f 1014 1007 1015
f 1012 1011 81
f 74 1011 69
f 81 1011 74
f 1016 1010 1012
f 1015 1010 1016
f 81 74 76
f 1012 81 1016
f 1016 81 80
f 1017 1016 80
f 85 1017 80
f 80 82 85
f 1018 383 1019
f 1019 58 992
f 994 1019 992
f 993 1020 994
f 58 1019 383
f 1021 1019 994
f 1022 994 1020
f 996 1020 993
f 1023 1020 996
f 1024 1022 1020
f 1023 1024 1020
f 1022 1021 994
f 1023 1025 1024
f 1023 996 1026
f 388 383 1018
f 385 383 388
f 1018 1019 1027
f 1027 1019 1021
f 387 388 1028
f 1029 387 1028
f 1028 388 1018
f 1027 1021 1030
f 1027 1030 1031
f 1021 1022 1032
f 1030 1021 1032
f 1024 1032 1022
f 1032 1024 1033
f 1025 1034 1033
f 1024 1025 1033
f 1025 1023 1026
f 1035 1025 1026
f 1034 1025 1035
f 1036 1032 1033
f 1036 1030 1032
f 1036 1033 1034
f 1034 1035 1037
f 399 1038 1039
f 1028 1018 1040
f 1040 1018 1027
f 1029 396 387
f 1029 1041 1038
f 1029 1028 1041
f 1041 1028 1040
f 1041 1040 1042
f 1043 1031 1030
f 1031 1040 1027
f 1043 1030 1036
f 1044 1043 1036
f 1045 1040 1031
f 1045 1031 1043
f 1044 1045 1043
f 1044 1036 1046
f 1045 1044 1047
f 1047 1044 1046
f 1046 1036 1034
f 1034 1048 1046
f 1048 1034 1037
f 1049 1048 1037
f 398 396 1029
f 1038 398 1029
f 1038 1041 1042
f 399 398 1038
f 1050 1042 1040
f 1050 1040 1045
f 1051 1050 1045
f 1047 1051 1045
f 1052 1047 1046
f 1053 1038 1042
f 1039 1038 1053
f 1053 1042 1050
f 1054 1050 1051
f 1054 1053 1050
f 1055 1054 1051
f 1055 1051 1056
f 1056 1051 1047
f 1049 1037 1057
f 1058 1047 1052
f 1056 1047 1058
f 1048 1059 1052
f 1059 1058 1052
f 1048 1052 1046
f 1059 1048 1049
f 1060 1059 1049
f 1061 1008 1013
f 996 1008 1061
f 1061 1026 996
f 1062 1026 1061
f 1062 1061 1013
f 1062 1013 1063
f 1063 1013 1014
f 1062 1064 1026
f 1064 1035 1026
f 1064 1062 1063
f 1065 1064 1063
f 1014 1015 1066
f 1066 1015 1016
f 1067 1014 1066
f 1068 1067 1066
f 1016 1017 1066
f 1066 1017 1069
f 1069 1017 1070
f 1069 1068 1066
f 1071 1068 1069
f 1072 1069 1070
f 1063 1014 1067
f 1073 1067 1068
f 1073 1063 1067
f 1063 1073 1074
f 1074 1073 1075
f 1075 1068 1071
f 1071 1069 1072
f 1076 1071 1072
f 1073 1068 1075
f 1075 1071 1077
f 1077 1071 1076
f 1035 1064 1037
f 1057 1037 1064
f 1057 1064 1078
f 1078 1064 1065
f 1057 1078 1079
f 1080 1057 1079
f 1078 1065 1081
f 1081 1079 1078
f 1049 1057 1080
f 1065 1063 1074
f 1082 1065 1074
f 1083 1077 1076
f 1074 1075 1077
f 1083 1074 1077
f 1083 1082 1074
f 1081 1065 1082
f 1081 1082 1084
f 1084 1082 1085
f 1081 1084 1086
f 1085 1082 1083
f 471 400 399
f 471 399 1039
f 400 471 467
f 471 1039 1087
f 1054 1087 1053
f 1088 1087 1054
f 1087 1088 1089
f 470 471 1090
f 1090 471 1087
f 474 470 1090
f 1090 1087 1089
f 1089 1088 1091
f 1092 1088 1054
f 1093 1088 1092
f 1094 1090 1095
f 1095 1090 1089
f 1091 1095 1089
f 1091 1088 1093
f 1096 1093 1092
f 1097 1096 1098
f 1093 1096 1097
f 1087 1039 1053
f 1055 1056 1099
f 1100 1055 1099
f 1101 1056 1058
f 1099 1056 1101
f 1101 1058 1059
f 1059 1102 1101
f 1103 1099 1101
f 1103 1100 1099
f 1092 1055 1100
f 1092 1054 1055
f 1103 1104 1100
f 1103 1101 1102
f 1105 1102 1106
f 1105 1103 1102
f 1102 1059 1060
f 1060 1049 1080
f 1080 1107 1060
f 1106 1102 1060
f 1106 1060 1107
f 1096 1092 1100
f 1096 1100 1104
f 1104 1103 1108
f 1103 1105 1108
f 1105 1106 1109
f 1098 1096 1104
f 1108 1110 1104
f 1111 1108 1105
f 1110 1098 1104
f 1109 1111 1105
f 1112 1111 1109
f 1113 1106 1107
f 1109 1106 1113
f 1113 1112 1109
f 1114 1113 1107
f 1113 1114 1115
f 473 474 1116
f 1094 474 1090
f 1117 1094 1095
f 1091 1117 1095
f 1118 1117 1091
f 1119 1094 1117
f 474 1094 1119
f 1120 1117 1118
f 1120 1119 1117
f 475 473 1116
f 1121 476 475
f 475 1116 1121
f 1121 1116 1122
f 1122 1116 1123
f 1116 474 1119
f 1123 1116 1119
f 1123 1119 1120
f 1123 1120 1124
f 1118 1091 1093
f 1125 1097 1098
f 1125 1098 1110
f 1093 1126 1118
f 1126 1093 1097
f 1097 1125 1127
f 1126 1097 1127
f 1110 1128 1125
f 1125 1129 1127
f 1129 1125 1128
f 1130 1120 1118
f 1126 1130 1118
f 1131 1130 1126
f 1131 1126 1127
f 1127 1129 1132
f 1124 1120 1130
f 1131 1127 1132
f 1132 1133 1131
f 1129 1134 1132
f 1128 1134 1129
f 1128 1135 1136
f 1137 1132 1134
f 1138 1134 1136
f 1134 1128 1136
f 1137 1134 1138
f 1139 1136 1135
f 1110 1108 1111
f 1140 1111 1112
f 1140 1110 1111
f 1128 1110 1140
f 1141 1140 1112
f 1113 1142 1112
f 1142 1113 1115
f 1143 1142 1115
f 1141 1112 1142
f 1128 1140 1135
f 1140 1141 1135
f 1141 1143 1144
f 1144 1135 1141
f 1141 1142 1143
f 1145 1143 1115
f 1146 1143 1145
f 1144 1143 1146
f 1147 1081 1086
f 1080 1079 1147
f 1107 1080 1148
f 1147 1148 1080
f 1147 1079 1081
f 1114 1107 1148
f 1115 1114 1149
f 1149 1114 1148
f 1149 1148 1150
f 1150 1148 1147
f 1150 1147 1151
f 1086 1084 1152
f 1084 1085 1153
f 1153 1152 1084
f 1151 1086 1152
f 1151 1152 1154
f 1151 1147 1086
f 1155 1150 1151
f 1115 1149 1156
f 1156 1149 1157
f 1145 1115 1156
f 1158 1156 1157
f 1159 1156 1158
f 1145 1156 1159
f 1160 1159 1158
f 1160 1161 1159
f 1162 1154 1163
f 1157 1150 1155
f 1150 1157 1149
f 1164 1157 1155
f 1162 1155 1151
f 1162 1164 1155
f 1154 1162 1151
f 1165 1162 1166
f 1158 1157 1164
f 1167 1158 1168
f 1164 1168 1158
f 1168 1164 1165
f 1169 1160 1158
f 1169 1158 1167
f 1161 1160 1169
f 1170 1167 1168
f 1171 1168 1165
f 1171 1170 1168
f 1169 1167 1170
f 1172 1169 1170
f 1164 1162 1165
f 1171 1165 1173
f 1165 1166 1173
f 546 542 536
f 546 536 1174
f 1175 1174 1176
f 545 546 1177
f 1177 546 1178
f 545 1177 547
f 1174 1178 546
f 1178 1174 1175
f 1179 1177 1178
f 1180 1178 1175
f 1179 1178 1180
f 1181 1180 1182
f 1182 1183 1184
f 1185 605 1186
f 547 1187 605
f 547 1177 1187
f 1187 1177 1179
f 605 1187 1186
f 1179 1186 1187
f 1188 1186 1179
f 1188 1179 1181
f 1189 1186 1188
f 609 606 605
f 1190 609 605
f 1190 605 1185
f 1190 608 609
f 1191 1185 1189
f 1189 1185 1186
f 1181 1179 1180
f 1188 1181 1192
f 1192 1181 1193
f 1181 1182 1184
f 1194 1181 1184
f 1194 1193 1181
f 1194 1184 1195
f 1196 1194 1195
f 1189 1188 1192
f 1197 1189 1192
f 1192 1193 1197
f 1198 1194 1196
f 1193 1194 1198
f 1199 1198 1196
f 1200 1197 1193
f 1200 1193 1198
f 1200 1198 1201
f 1201 1198 1199
f 608 1190 630
f 1190 1185 1202
f 1190 1202 630
f 630 1202 1203
f 1202 1185 1191
f 1202 1191 1203
f 630 1204 629
f 1205 1204 630
f 628 629 1204
f 1206 1204 1205
f 1205 630 1203
f 1207 1205 1203
f 1208 1205 1207
f 1208 1207 1209
f 1189 1197 1191
f 1191 1197 1210
f 1210 1197 1211
f 1197 1200 1211
f 1211 1200 1201
f 1211 1201 1212
f 1212 1201 1199
f 1211 1212 1213
f 1203 1191 1210
f 1207 1203 1210
f 1207 1210 1214
f 1214 1210 1215
f 1214 1209 1207
f 1215 1216 1214
f 1217 1216 1215
f 1215 1210 1211
f 1215 1211 1213
f 1196 1218 1219
f 1199 1196 1220
f 1220 1196 1219
f 1221 1199 1220
f 1220 1219 1222
f 1222 1219 1223
f 1222 1223 1224
f 1221 1220 1222
f 1224 1225 1222
f 1212 1199 1221
f 1221 1222 1225
f 1212 1221 1226
f 1221 1227 1226
f 1227 1221 1225
f 1227 1225 1228
f 1228 1225 1229
f 1229 1225 1224
f 1213 1212 1226
f 1217 1215 1213
f 1217 1213 1230
f 1226 1230 1213
f 1231 1217 1230
f 1232 1228 1229
f 1232 1229 1233
f 1227 1230 1226
f 1230 1227 1234
f 1235 1227 1228
f 1228 1232 1236
f 1237 1232 1233
f 1236 1235 1228
f 1237 1236 1232
f 1121 477 476
f 1122 1238 1121
f 477 1121 535
f 535 1121 1238
f 1238 1122 1123
f 1238 1123 1239
f 1239 1123 1124
f 1239 1240 1238
f 1241 1240 1239
f 535 1238 1240
f 1174 536 535
f 1174 535 1240
f 1176 1174 1240
f 1176 1240 1241
f 1239 1124 1242
f 1242 1124 1243
f 1242 1243 1244
f 1244 1243 1245
f 1130 1243 1124
f 1243 1130 1131
f 1245 1131 1133
f 1243 1131 1245
f 1133 1132 1137
f 1246 1137 1138
f 1247 1133 1137
f 1247 1137 1246
f 1139 1138 1136
f 1248 1246 1138
f 1248 1138 1139
f 1249 1133 1247
f 1250 1246 1248
f 1248 1139 1251
f 1241 1239 1242
f 1252 1241 1242
f 1253 1242 1244
f 1252 1242 1253
f 1253 1244 1254
f 1241 1255 1176
f 1255 1241 1252
f 1254 1245 1249
f 1254 1244 1245
f 1256 1254 1249
f 1257 1253 1254
f 1249 1258 1256
f 1249 1245 1133
f 1259 1247 1246
f 1249 1247 1259
f 1246 1250 1259
f 1260 1259 1250
f 1250 1261 1260
f 1261 1250 1248
f 1251 1262 1248
f 1248 1262 1261
f 1258 1249 1259
f 1258 1259 1260
f 1263 1260 1261
f 1258 1263 1264
f 1263 1258 1260
f 1251 1139 1135
f 1251 1135 1144
f 1146 1251 1144
f 1146 1265 1266
f 1251 1267 1262
f 1146 1267 1251
f 1266 1268 1146
f 1146 1268 1267
f 1267 1268 1269
f 1255 1252 1270
f 1270 1252 1253
f 1175 1176 1255
f 1175 1255 1271
f 1270 1271 1255
f 1272 1271 1270
f 1270 1253 1257
f 1254 1273 1257
f 1273 1254 1256
f 1256 1258 1264
f 1272 1270 1257
f 1274 1273 1256
f 1264 1274 1256
f 1180 1175 1271
f 1182 1180 1271
f 1183 1271 1272
f 1182 1271 1183
f 1272 1257 1275
f 1275 1257 1273
f 1276 1275 1273
f 1183 1272 1275
f 1184 1183 1275
f 1184 1275 1195
f 1276 1273 1277
f 1195 1275 1276
f 1278 1262 1267
f 1279 1267 1269
f 1264 1263 1280
f 1280 1281 1264
f 1261 1282 1263
f 1282 1261 1283
f 1261 1262 1283
f 1280 1263 1282
f 1284 1282 1283
f 1285 1280 1282
f 1284 1285 1282
f 1281 1274 1264
f 1286 1281 1280
f 1277 1273 1274
f 1281 1277 1274
f 1286 1280 1287
f 1277 1281 1288
f 1289 1277 1288
f 1281 1286 1288
f 1286 1287 1290
f 1287 1280 1285
f 1285 1284 1291
f 1291 1284 1292
f 1293 1291 1292
f 1287 1285 1291
f 1290 1287 1291
f 1278 1283 1262
f 1284 1283 1278
f 1292 1284 1278
f 1267 1279 1278
f 1279 1269 1294
f 1293 1292 1295
f 1292 1278 1279
f 1292 1279 1296
f 1296 1279 1294
f 1265 1146 1145
f 1265 1145 1297
f 1297 1159 1161
f 1297 1145 1159
f 1265 1297 1298
f 1298 1297 1299
f 1299 1297 1161
f 1266 1265 1300
f 1268 1266 1269
f 1269 1266 1300
f 1300 1265 1298
f 1298 1301 1300
f 1301 1302 1303
f 1304 1161 1169
f 1304 1299 1161
f 1305 1170 1306
f 1305 1172 1170
f 1304 1169 1172
f 1307 1172 1305
f 1308 1304 1172
f 1308 1172 1307
f 1308 1307 1309
f 1309 1307 1310
f 1311 1304 1308
f 1311 1308 1309
f 1311 1299 1304
f 1299 1311 1312
f 1306 1170 1171
f 1306 1310 1305
f 1171 1173 1313
f 1306 1171 1313
f 1310 1307 1305
f 1310 1306 1314
f 1310 1314 1315
f 1309 1310 1315
f 1306 1313 1316
f 1314 1306 1316
f 1314 1317 1315
f 1317 1314 1318
f 1319 1311 1309
f 1302 1298 1299
f 1302 1299 1312
f 1301 1298 1302
f 1302 1312 1320
f 1320 1312 1311
f 1319 1320 1311
f 1302 1320 1321
f 1322 1302 1321
f 1321 1320 1319
f 1319 1309 1323
f 1323 1309 1315
f 1323 1315 1324
f 1324 1319 1323
f 1325 1315 1317
f 1325 1317 1326
f 1325 1324 1315
f 1327 1324 1325
f 1328 1325 1326
f 1329 1321 1319
f 1329 1319 1324
f 1329 1324 1327
f 1327 1325 1328
f 1269 1300 1330
f 1294 1269 1330
f 1330 1300 1301
f 1331 1301 1303
f 1330 1301 1331
f 1330 1331 1332
f 1333 1294 1330
f 1333 1330 1332
f 1334 1333 1332
f 1303 1302 1322
f 1335 1303 1322
f 1335 1322 1336
f 1335 1331 1303
f 1337 1331 1335
f 1336 1321 1329
f 1338 1329 1327
f 1338 1336 1329
f 1322 1321 1336
f 1339 1336 1338
f 1338 1327 1328
f 1340 1335 1336
f 1340 1336 1339
f 1341 1339 1338
f 1340 1339 1341
f 1332 1331 1337
f 1342 1332 1337
f 1337 1335 1340
f 1337 1340 1343
f 1340 1341 1344
f 1343 1340 1344
f 1342 1337 1343
f 1345 1342 1343
f 1346 1294 1333
f 1218 1195 1276
f 1276 1277 1289
f 1218 1276 1289
f 1347 1289 1288
f 1347 1288 1286
f 1347 1286 1290
f 1348 1347 1290
f 1196 1195 1218
f 1218 1289 1219
f 1349 1289 1347
f 1350 1347 1348
f 1219 1289 1349
f 1350 1349 1347
f 1351 1350 1348
f 1351 1348 1290
f 1290 1352 1351
f 1291 1293 1290
f 1293 1352 1290
f 1293 1353 1352
f 1353 1293 1295
f 1349 1223 1219
f 1350 1223 1349
f 1350 1351 1354
f 1354 1223 1350
f 1354 1351 1355
f 1356 1354 1355
f 1357 1355 1351
f 1357 1352 1353
f 1351 1352 1357
f 1358 1357 1353
f 1292 1296 1295
f 1359 1295 1296
f 1360 1295 1359
f 1354 1224 1223
f 1229 1224 1354
f 1229 1354 1356
f 1356 1355 1357
f 1356 1233 1229
f 1356 1361 1233
f 1361 1356 1357
f 1357 1358 1361
f 1233 1361 1362
f 1362 1237 1233
f 1362 1361 1363
f 1358 1363 1361
f 1364 1358 1365
f 1364 1363 1358
f 1365 1353 1295
f 1365 1358 1353
f 1365 1295 1360
f 1366 1365 1360
f 1367 1366 1360
f 1365 1366 1364
f 1364 1366 1368
f 1369 1364 1368
f 1370 1366 1367
f 1368 1366 1370
f 1334 1332 1342
f 1345 1334 1342
f 1345 1343 1371
f 1345 1371 1372
f 1373 1372 1371
f 1296 1294 1346
f 1359 1296 1346
f 1334 1346 1333
f 1374 1346 1334
f 1374 1360 1359
f 1374 1359 1346
f 1360 1374 1375
f 1376 1374 1334
f 1376 1334 1345
f 1376 1345 1372
f 1367 1360 1375
f 1375 1374 1376
f 1375 1376 1377
f 1375 1378 1367
f 1370 1367 1378
f 1378 1379 1370
f 1378 1375 1377
f 1377 1380 1378
f 1378 1380 1379
f 1372 1377 1376
f 1377 1372 1381
f 1373 1381 1372
f 1380 1377 1382
f 1382 1377 1381
f 1383 1382 1381
f 770 628 1204
f 1206 770 1204
f 771 770 773
f 773 770 1206
f 1206 1384 773
f 1385 1384 1206
f 1385 1206 1209
f 1384 1385 1386
f 1206 1205 1208
f 1206 1208 1209
f 1209 1214 1216
f 1387 1209 1216
f 1217 1388 1216
f 1387 1216 1388
f 1387 1385 1209
f 1386 1385 1387
f 1389 1386 1387
f 1390 801 773
f 1390 773 1384
f 1390 1384 1391
f 803 801 1390
f 1392 803 1390
f 1392 1390 1391
f 1391 1393 1392
f 1384 1386 1391
f 1386 1394 1391
f 1394 1386 1389
f 1394 1393 1391
f 1393 1394 1395
f 1395 1394 1389
f 1387 1396 1389
f 1397 1217 1231
f 1388 1217 1397
f 1397 1231 1398
f 1231 1230 1234
f 1231 1234 1398
f 1398 1234 1399
f 1234 1227 1235
f 1234 1235 1399
f 1399 1235 1236
f 1400 1399 1236
f 1237 1401 1236
f 1401 1237 1402
f 1398 1399 1403
f 1400 1236 1401
f 1396 1388 1397
f 1388 1396 1387
f 1397 1398 1404
f 1404 1398 1403
f 1404 1396 1397
f 1396 1404 1405
f 1405 1404 1403
f 1406 1405 1403
f 1407 1403 1399
f 1403 1407 1408
f 1407 1399 1400
f 1409 1407 1400
f 1400 1410 1409
f 1400 1401 1410
f 1411 1410 1401
f 1408 1407 1409
f 1409 1412 1408
f 1409 1410 1413
f 1414 1412 1409
f 1413 1414 1409
f 1413 1410 1415
f 1415 1410 1411
f 1395 1389 1416
f 1416 1417 1395
f 1417 1416 1418
f 1389 1396 1419
f 1419 1396 1405
f 1419 1405 1406
f 1406 1420 1419
f 1419 1416 1389
f 1420 1416 1419
f 1418 1416 1420
f 1418 1420 1421
f 1406 1403 1408
f 1422 1406 1408
f 1412 1422 1408
f 1423 1406 1422
f 1423 1420 1406
f 1422 1424 1423
f 1422 1412 1414
f 1424 1422 1414
f 1425 1424 1414
f 1425 1414 1413
f 1426 1424 1425
f 1421 1420 1423
f 1427 1423 1424
f 1428 1426 1425
f 1426 1427 1424
f 1421 1423 1429
f 1427 1429 1423
f 1430 1429 1427
f 1430 1427 1426
f 1431 1426 1428
f 1425 1413 1428
f 1428 1413 1432
f 1415 1432 1413
f 1433 1432 1415
f 1434 1428 1432
f 838 822 815
f 838 815 1435
f 1435 1436 838
f 840 838 1436
f 840 1436 1437
f 1438 1437 1436
f 1439 1438 1436
f 803 1440 860
f 1440 803 1392
f 1440 1392 1441
f 860 1440 1442
f 860 1442 814
f 815 814 1442
f 1442 1440 1443
f 1440 1441 1444
f 1443 1440 1444
f 1445 1443 1444
f 1441 1392 1393
f 1441 1393 1446
f 1446 1393 1395
f 1446 1395 1417
f 1447 1446 1417
f 1444 1441 1446
f 1444 1446 1448
f 1449 1444 1448
f 1448 1446 1447
f 1435 1442 1443
f 815 1442 1435
f 1435 1443 1445
f 1435 1445 1436
f 1444 1449 1445
f 1439 1436 1445
f 1439 1445 1449
f 1449 1448 1450
f 1451 1449 1452
f 1451 1453 1439
f 1439 1449 1451
f 1453 1451 1454
f 1454 1451 1455
f 1456 1453 1454
f 1457 1458 1459
f 1421 1459 1458
f 1417 1418 1458
f 1460 1417 1458
f 1460 1447 1417
f 1448 1447 1450
f 1450 1447 1460
f 1460 1461 1450
f 1460 1458 1457
f 1460 1457 1462
f 1463 1457 1459
f 1463 1459 1464
f 1462 1457 1463
f 1462 1463 1465
f 1465 1463 1466
f 1466 1463 1464
f 1467 1464 1468
f 1458 1418 1421
f 1459 1421 1429
f 1429 1430 1469
f 1470 1430 1426
f 1459 1429 1469
f 1469 1430 1470
f 1470 1426 1431
f 1459 1469 1464
f 1471 1431 1428
f 1470 1431 1472
f 1468 1469 1470
f 1464 1469 1468
f 1470 1472 1468
f 1471 1472 1431
f 1473 1471 1474
f 1473 1474 1475
f 1473 1472 1471
f 1432 1476 1434
f 1471 1428 1434
f 1474 1471 1434
f 1474 1434 1476
f 1474 1476 1477
f 1478 1472 1473
f 1479 1468 1472
f 1479 1472 1478
f 1475 1478 1473
f 1467 1468 1479
f 1480 1479 1478
f 1479 1480 1481
f 1482 1478 1475
f 1480 1478 1482
f 1474 1483 1475
f 1477 1483 1474
f 1484 1475 1483
f 1452 1449 1450
f 1461 1452 1450
f 1462 1461 1460
f 1462 1485 1461
f 1455 1451 1452
f 1452 1461 1486
f 1455 1452 1486
f 1487 1455 1486
f 1486 1461 1485
f 1485 1462 1465
f 1488 1465 1466
f 1485 1465 1488
f 1489 1485 1488
f 1466 1464 1467
f 1490 1488 1466
f 1490 1466 1467
f 1481 1491 1467
f 1492 1491 1481
f 1491 1490 1467
f 1493 1490 1491
f 1492 1493 1491
f 1487 1486 1494
f 1494 1486 1485
f 1494 1485 1489
f 1489 1488 1490
f 1495 1490 1493
f 1493 1492 1496
f 1489 1497 1494
f 1495 1489 1490
f 1497 1489 1495
f 1498 1494 1497
f 1497 1495 1499
f 1495 1500 1499
f 1500 1495 1493
f 1479 1481 1467
f 1501 1480 1482
f 1501 1481 1480
f 1501 1492 1481
f 1502 1501 1482
f 1502 1482 1484
f 1475 1484 1482
f 1483 1503 1484
f 1504 1501 1502
f 1484 1505 1502
f 1505 1484 1506
f 1507 1505 1506
f 1508 1500 1509
f 1492 1504 1496
f 1510 1496 1504
f 1500 1493 1509
f 1493 1496 1509
f 1509 1496 1510
f 1504 1492 1501
f 1511 1504 1502
f 1511 1502 1505
f 1237 1362 1402
f 1402 1362 1363
f 1512 1402 1363
f 1411 1402 1512
f 1512 1363 1364
f 1402 1411 1401
f 1513 1514 1411
f 1513 1411 1512
f 1369 1512 1364
f 1515 1368 1370
f 1369 1368 1515
f 1369 1516 1512
f 1516 1369 1515
f 1516 1515 1517
f 1514 1415 1411
f 1433 1415 1514
f 1513 1512 1516
f 1518 1514 1513
f 1518 1513 1519
f 1476 1432 1433
f 1514 1518 1433
f 1476 1433 1518
f 1520 1476 1518
f 1521 1518 1519
f 1520 1518 1521
f 1517 1522 1516
f 1523 1524 1517
f 1519 1513 1516
f 1516 1522 1519
f 1517 1524 1522
f 1521 1519 1525
f 1525 1519 1522
f 1526 1522 1524
f 1526 1525 1522
f 1370 1379 1515
f 1527 1379 1380
f 1528 1515 1379
f 1515 1528 1529
f 1517 1515 1529
f 1530 1529 1528
f 1528 1379 1527
f 1528 1527 1531
f 1527 1380 1532
f 1533 1531 1527
f 1533 1527 1532
f 1530 1528 1531
f 1534 1531 1533
f 1382 1532 1380
f 1382 1383 1532
f 1535 1383 1381
f 1536 1537 1532
f 1533 1532 1534
f 1534 1532 1537
f 1538 1537 1536
f 1539 1537 1538
f 1536 1532 1383
f 1536 1383 1540
f 1538 1536 1541
f 1542 1536 1540
f 1541 1536 1542
f 1543 1541 1542
f 1539 1538 1541
f 1523 1517 1529
f 1544 1523 1529
f 1529 1530 1545
f 1545 1530 1546
f 1524 1523 1544
f 1545 1544 1529
f 1547 1524 1544
f 1547 1544 1545
f 1546 1530 1531
f 1548 1546 1549
f 1549 1531 1534
f 1549 1534 1550
f 1549 1546 1531
f 1545 1546 1548
f 1551 1545 1548
f 1548 1549 1552
f 1526 1524 1547
f 1547 1545 1551
f 1551 1526 1547
f 1551 1548 1553
f 1553 1548 1552
f 1553 1552 1554
f 1555 1551 1553
f 1551 1556 1526
f 1556 1551 1555
f 1534 1537 1539
f 1550 1534 1539
f 1550 1552 1549
f 1552 1550 1557
f 1558 1550 1539
f 1550 1559 1557
f 1559 1550 1558
f 1543 1560 1541
f 1558 1539 1541
f 1558 1541 1561
f 1561 1541 1560
f 1562 1561 1560
f 1562 1560 1563
f 1564 1557 1559
f 1554 1552 1557
f 1565 1564 1559
f 1553 1554 1566
f 1554 1557 1564
f 1566 1554 1564
f 1566 1564 1565
f 1567 1566 1565
f 1567 1565 1568
f 1565 1559 1558
f 1565 1558 1569
f 1569 1558 1561
f 1562 1569 1561
f 1570 1569 1562
f 1571 1562 1572
f 1568 1565 1569
f 1570 1568 1569
f 1573 1568 1570
f 1477 1476 1520
f 1477 1520 1574
f 1575 1574 1520
f 1521 1575 1520
f 1521 1576 1575
f 1483 1477 1574
f 1577 1575 1578
f 1574 1575 1577
f 1503 1574 1577
f 1521 1525 1576
f 1576 1525 1579
f 1525 1526 1579
f 1576 1579 1580
f 1576 1578 1575
f 1580 1578 1576
f 1581 1578 1580
f 1483 1574 1503
f 1484 1503 1506
f 1503 1577 1582
f 1578 1582 1577
f 1582 1578 1583
f 1584 1506 1503
f 1503 1582 1584
f 1581 1583 1578
f 1581 1580 1585
f 1586 1583 1581
f 1585 1586 1581
f 1583 1587 1582
f 1587 1588 1582
f 1589 1588 1587
f 1587 1583 1586
f 1555 1553 1566
f 1590 1555 1566
f 1526 1556 1579
f 1580 1579 1556
f 1591 1556 1592
f 1592 1556 1555
f 1590 1592 1555
f 1591 1580 1556
f 1580 1591 1585
f 1591 1592 1593
f 1593 1592 1590
f 1591 1593 1594
f 1595 1567 1568
f 1590 1566 1567
f 1596 1590 1567
f 1596 1567 1597
f 1595 1568 1573
f 1573 1570 1598
f 1573 1598 1599
f 1599 1595 1573
f 1597 1567 1595
f 1597 1595 1599
f 1600 1599 1598
f 1596 1601 1602
f 1596 1597 1603
f 1603 1597 1599
f 1601 1596 1603
f 1593 1590 1596
f 1602 1593 1596
f 1591 1594 1585
f 1604 1585 1594
f 1594 1593 1602
f 1585 1605 1586
f 1605 1585 1604
f 1604 1594 1606
f 1605 1604 1606
f 1606 1594 1602
f 1607 1602 1601
f 1607 1606 1602
f 1607 1601 1608
f 1609 1607 1608
f 1610 83 77
f 1611 82 83
f 84 82 1611
f 1612 246 231
f 1613 246 1612
f 230 1612 231
f 226 1614 230
f 1615 230 1614
f 1612 1615 1613
f 1612 230 1615
f 1615 1616 1613
f 234 1614 226
f 1617 1615 1614
f 1618 1615 1617
f 1619 1614 234
f 1619 1617 1614
f 1616 1620 1613
f 1620 1616 1621
f 1621 1622 1620
f 1623 1622 1621
f 1615 1618 1616
f 1624 1616 1618
f 1618 1617 1624
f 1624 1617 1625
f 1626 1624 1625
f 1624 1621 1616
f 1627 1621 1624
f 1613 245 246
f 242 245 247
f 1628 247 245
f 1629 243 247
f 247 1628 1629
f 1630 211 243
f 1630 248 211
f 1631 1630 243
f 1629 1631 243
f 1631 1629 1632
f 1631 1632 1633
f 1633 1634 1631
f 1635 1630 1636
f 1631 1634 1630
f 1634 1636 1630
f 245 1613 1628
f 1613 1620 1628
f 1622 1628 1620
f 1622 1629 1628
f 1632 1629 1622
f 1623 1632 1622
f 1632 1623 1637
f 1621 1638 1623
f 1626 1627 1624
f 1621 1627 1639
f 1621 1639 1638
f 1626 1640 1627
f 1640 1639 1627
f 1641 1639 1640
f 1642 1641 1640
f 1637 1638 1643
f 1638 1639 1643
f 1644 1645 1643
f 1641 1643 1639
f 1641 1644 1643
f 1646 1644 1641
f 1647 1644 1646
f 1647 1645 1644
f 1648 1634 1633
f 1649 1634 1648
f 1634 1649 1636
f 1637 1633 1632
f 1637 1623 1638
f 1637 1650 1648
f 1637 1648 1633
f 1643 1645 1637
f 1645 1650 1637
f 1649 1648 1651
f 1651 1648 1650
f 1652 1651 1650
f 1645 1653 1650
f 1650 1653 1652
f 1649 1651 1654
f 1647 1655 1645
f 1645 1655 1653
f 1652 1653 1656
f 1652 1656 1657
f 1651 1652 1654
f 1657 1654 1652
f 1657 1658 1654
f 1659 1657 1656
f 1657 1659 1660
f 1660 1661 1662
f 1660 1663 1661
f 1663 1660 1664
f 274 1619 234
f 274 273 275
f 1665 274 275
f 274 1665 1666
f 1619 274 1666
f 1667 1617 1619
f 1667 1625 1617
f 1668 1625 1667
f 1668 1626 1625
f 1667 1619 1666
f 1669 1667 1666
f 278 1665 275
f 1670 1665 278
f 282 1670 278
f 1671 1666 1665
f 1666 1672 1669
f 1666 1671 1672
f 1665 1670 1671
f 1673 1674 1671
f 1670 1673 1671
f 1668 1667 1675
f 1668 1676 1626
f 1676 1640 1626
f 1675 1676 1668
f 1675 1677 1676
f 1669 1675 1667
f 1678 1675 1669
f 1677 1675 1678
f 1679 1680 1681
f 1677 1682 1679
f 1676 1642 1640
f 1681 1642 1676
f 1677 1681 1676
f 1680 1646 1642
f 1641 1642 1646
f 1646 1680 1683
f 1642 1681 1680
f 1679 1681 1677
f 1672 1678 1669
f 1684 1678 1672
f 1672 1671 1674
f 1674 1684 1672
f 1685 1684 1674
f 1686 1677 1678
f 1686 1678 1684
f 1686 1684 1687
f 1688 282 291
f 1688 1689 282
f 1689 1670 282
f 1689 1673 1670
f 1690 1689 1688
f 1690 1691 1689
f 1688 296 1692
f 1693 1688 1692
f 1690 1688 1693
f 291 294 1688
f 296 1688 294
f 1674 1673 1694
f 1694 1685 1674
f 1689 1691 1673
f 1691 1694 1673
f 1691 1695 1694
f 1685 1687 1684
f 1696 1687 1685
f 1697 1685 1694
f 1697 1696 1685
f 1694 1695 1697
f 1691 1690 1698
f 1691 1698 1695
f 1690 1693 1699
f 1697 1695 1700
f 1700 1695 1698
f 1701 1702 1703
f 1704 1701 1705
f 1705 1706 1704
f 1705 1707 1706
f 1708 1680 1679
f 1708 1709 1680
f 1710 1708 1679
f 1682 1710 1679
f 1708 1711 1709
f 1709 1711 1712
f 1710 1711 1708
f 1647 1646 1683
f 1647 1683 1713
f 1709 1683 1680
f 1655 1647 1713
f 1714 1653 1655
f 1714 1656 1653
f 1713 1714 1655
f 1714 1713 1715
f 1712 1683 1709
f 1712 1713 1683
f 1716 1711 1710
f 1716 1717 1711
f 1711 1717 1712
f 1712 1717 1718
f 1659 1656 1714
f 1714 1719 1720
f 1714 1720 1659
f 1715 1719 1714
f 1720 1719 1721
f 1713 1712 1715
f 1712 1722 1715
f 1722 1719 1715
f 1718 1722 1712
f 1686 1682 1677
f 1723 1710 1682
f 1686 1724 1682
f 1725 1682 1724
f 1687 1724 1686
f 1723 1716 1710
f 1716 1723 1726
f 1725 1723 1682
f 1725 1726 1723
f 1727 1716 1726
f 1727 1717 1716
f 1728 1726 1725
f 1729 1728 1725
f 1724 1729 1725
f 1730 1659 1720
f 1731 1718 1732
f 1731 1722 1718
f 1719 1722 1731
f 1719 1731 1733
f 1720 1721 1730
f 1721 1719 1733
f 1721 1733 1734
f 1721 1735 1730
f 1721 1734 1735
f 1736 1735 1734
f 1727 1737 1738
f 1717 1727 1738
f 1738 1718 1717
f 1738 1732 1718
f 1732 1739 1731
f 1728 1727 1726
f 1740 1727 1728
f 1741 1742 1728
f 1742 1740 1728
f 1740 1737 1727
f 1737 1740 1743
f 1739 1733 1731
f 1744 1732 1738
f 1732 1744 1745
f 1739 1732 1745
f 1739 1745 1746
f 1746 1747 1739
f 1743 1744 1737
f 1737 1744 1738
f 1703 1743 1740
f 1740 1742 1703
f 1703 1748 1743
f 1748 1744 1743
f 1702 1748 1703
f 1748 1745 1744
f 1749 1746 1745
f 1747 1733 1739
f 1747 1734 1733
f 1734 1747 1750
f 1736 1734 1750
f 1730 1660 1659
f 1730 1664 1660
f 1730 1751 1664
f 1735 1751 1730
f 1735 1736 1751
f 1751 1736 1752
f 1664 1753 1663
f 1663 1753 1754
f 1753 1664 1751
f 1724 1687 1755
f 1756 1687 1696
f 1755 1687 1756
f 1757 1696 1697
f 1757 1756 1696
f 1755 1729 1724
f 1758 1729 1755
f 1759 1755 1756
f 1756 1757 1759
f 1755 1759 1758
f 1760 1758 1759
f 1761 1759 1757
f 1759 1761 1760
f 1700 1757 1697
f 1762 1700 1763
f 1698 1763 1700
f 1762 1757 1700
f 1762 1761 1757
f 1764 1761 1762
f 1728 1729 1741
f 1758 1741 1729
f 1765 1741 1758
f 1765 1742 1741
f 1758 1760 1765
f 1701 1742 1765
f 1701 1703 1742
f 1705 1701 1765
f 1766 1765 1760
f 1766 1705 1765
f 1766 1707 1705
f 1761 1767 1760
f 1767 1766 1760
f 1764 1767 1761
f 1768 1766 1767
f 1769 1767 1764
f 1769 1768 1767
f 1768 1707 1766
f 1770 1768 1769
f 1707 1768 1771
f 1772 248 1635
f 411 1772 423
f 1773 423 1772
f 410 248 1772
f 1772 411 410
f 1772 1774 1773
f 1774 1772 1635
f 1775 1774 1776
f 1777 1778 417
f 1779 1778 1777
f 423 418 422
f 418 423 1780
f 1780 423 1781
f 423 1773 1781
f 1782 1777 1781
f 1782 1781 1773
f 1780 417 418
f 417 1780 1777
f 1780 1781 1777
f 1783 1784 1782
f 1775 1782 1773
f 1775 1773 1774
f 1775 1776 1785
f 1783 1782 1775
f 1775 1785 1783
f 1784 1777 1782
f 1784 1786 1779
f 1779 1777 1784
f 1783 1787 1784
f 1788 1786 1784
f 1784 1787 1788
f 1789 1788 1787
f 1776 1790 1785
f 1789 1791 1792
f 1789 1792 1793
f 1789 1787 1791
f 1785 1787 1783
f 1787 1785 1791
f 1785 1790 1791
f 1790 1794 1791
f 1792 1791 1795
f 1790 1796 1794
f 1795 1791 1794
f 1797 1795 1794
f 1794 1798 1797
f 1794 1799 1798
f 1798 1799 1800
f 248 1630 1635
f 1636 1801 1635
f 1635 1801 1774
f 1636 1649 1801
f 1802 1801 1649
f 1801 1776 1774
f 1802 1776 1801
f 1649 1654 1802
f 1796 1776 1802
f 1802 1803 1796
f 1796 1790 1776
f 1796 1803 1804
f 1796 1805 1794
f 1804 1805 1796
f 420 417 1778
f 1806 421 420
f 1806 426 421
f 1806 420 1778
f 1778 1779 1807
f 1808 1806 1778
f 1806 1808 1809
f 426 1806 1810
f 1810 427 426
f 1810 1806 1811
f 1811 78 427
f 1811 427 1810
f 1806 1809 1811
f 1812 1813 1811
f 1786 1807 1779
f 1808 1814 1809
f 1807 1808 1778
f 1807 1786 1808
f 1808 1786 1814
f 1815 1814 1786
f 1812 1811 1809
f 1809 1814 1812
f 1814 1815 1816
f 1812 1814 1816
f 1813 1812 1817
f 1788 1815 1786
f 1818 77 78
f 78 1811 1818
f 77 1818 1610
f 1818 1811 1813
f 1610 1818 1813
f 1611 1819 84
f 85 84 1819
f 1820 83 1610
f 1820 1611 83
f 1821 1611 1820
f 1819 1611 1822
f 1821 1822 1611
f 1819 1822 1823
f 1824 1819 1823
f 1824 1070 1819
f 1825 1813 1817
f 1825 1610 1813
f 1820 1610 1825
f 1822 1821 1826
f 1827 1821 1820
f 1820 1825 1827
f 1827 1826 1821
f 1824 1823 1828
f 1823 1826 1829
f 1823 1822 1826
f 1828 1823 1830
f 1828 1830 1831
f 1832 1812 1816
f 1832 1833 1817
f 1832 1817 1812
f 1834 1833 1832
f 1788 1793 1815
f 1788 1789 1793
f 1816 1815 1835
f 1795 1793 1792
f 1793 1835 1815
f 1836 1816 1835
f 1835 1793 1795
f 1816 1836 1832
f 1836 1835 1795
f 1797 1836 1795
f 1837 1836 1797
f 1797 1798 1837
f 1800 1837 1798
f 1836 1834 1832
f 1836 1838 1834
f 1836 1837 1838
f 1839 1838 1837
f 1817 1840 1825
f 1825 1840 1827
f 1841 1827 1840
f 1833 1840 1817
f 1841 1840 1842
f 1826 1827 1841
f 1841 1829 1826
f 1843 1829 1841
f 1823 1829 1830
f 1844 1829 1843
f 1830 1829 1844
f 1844 1845 1830
f 1844 1843 1846
f 1847 1833 1834
f 1842 1840 1833
f 1848 1841 1842
f 1847 1842 1833
f 1849 1842 1847
f 1849 1848 1842
f 1848 1843 1841
f 1848 1846 1843
f 1846 1848 1850
f 1845 1844 1846
f 1831 1830 1845
f 1831 1851 1828
f 1852 1831 1853
f 1853 1831 1854
f 1849 1850 1848
f 1855 1849 1847
f 1849 1856 1850
f 1846 1850 1857
f 1857 1845 1846
f 1854 1831 1845
f 1858 1854 1845
f 1859 1853 1854
f 1860 1854 1861
f 1861 1854 1858
f 1861 1858 1862
f 1854 1860 1859
f 1794 1805 1799
f 1805 1863 1799
f 1863 1864 1799
f 1802 1658 1803
f 1803 1658 1865
f 1802 1654 1658
f 1658 1657 1662
f 1662 1865 1658
f 1661 1865 1662
f 1660 1662 1657
f 1863 1805 1804
f 1804 1866 1863
f 1866 1867 1863
f 1804 1803 1866
f 1865 1866 1803
f 1868 1867 1866
f 1865 1868 1866
f 1869 1863 1867
f 1869 1870 1863
f 1868 1865 1661
f 1868 1661 1871
f 1872 1663 1754
f 1871 1661 1872
f 1661 1663 1872
f 1873 1872 1754
f 1868 1874 1867
f 1875 1869 1867
f 1874 1875 1867
f 1876 1875 1874
f 1874 1877 1876
f 1877 1878 1876
f 1871 1874 1868
f 1872 1873 1879
f 1880 1879 1873
f 1871 1872 1879
f 1871 1879 1874
f 1877 1874 1879
f 1879 1880 1877
f 1799 1864 1800
f 1837 1800 1864
f 1881 1837 1864
f 1863 1870 1864
f 1870 1881 1864
f 1839 1837 1881
f 1838 1839 1882
f 1882 1834 1838
f 1834 1882 1847
f 1882 1883 1847
f 1882 1839 1884
f 1884 1883 1882
f 1870 1885 1886
f 1886 1881 1870
f 1885 1887 1886
f 1881 1886 1887
f 1888 1887 1885
f 1888 1889 1887
f 1887 1839 1881
f 1839 1887 1884
f 1889 1884 1887
f 1883 1855 1847
f 1856 1849 1855
f 1857 1850 1856
f 1890 1856 1855
f 1857 1856 1891
f 1890 1891 1856
f 1891 1858 1857
f 1892 1855 1883
f 1892 1890 1855
f 1893 1892 1883
f 1890 1892 1894
f 1891 1890 1894
f 1858 1891 1895
f 1845 1857 1858
f 1896 1858 1895
f 1897 1892 1893
f 1883 1884 1893
f 1894 1892 1897
f 1894 1895 1891
f 1895 1894 1898
f 1897 1898 1894
f 1893 1884 1899
f 1893 1899 1900
f 1900 1897 1893
f 1900 1901 1897
f 1898 1897 1901
f 1901 1902 1898
f 1902 1903 1898
f 1898 1903 1895
f 1889 1904 1899
f 1884 1889 1899
f 1899 1905 1900
f 1906 1901 1900
f 1906 1902 1901
f 1906 1900 1905
f 1870 1869 1885
f 1869 1888 1885
f 1896 1862 1858
f 1907 1861 1862
f 1908 1862 1896
f 1896 1909 1908
f 1910 1895 1903
f 1911 1910 1903
f 1910 1896 1895
f 1909 1896 1912
f 1896 1910 1912
f 1908 1907 1862
f 1908 1913 1907
f 1909 1913 1908
f 1914 1913 1909
f 1915 1916 1912
f 1915 1912 1910
f 1914 1909 1912
f 1912 1916 1914
f 1917 1916 1915
f 1888 1869 1875
f 1875 1918 1888
f 1888 1918 1889
f 1875 1876 1918
f 1889 1918 1919
f 1904 1889 1919
f 1918 1920 1919
f 1921 1919 1920
f 1918 1876 1920
f 1878 1920 1876
f 1899 1904 1922
f 1922 1904 1923
f 1924 1919 1921
f 1924 1904 1919
f 1924 1925 1926
f 1904 1924 1923
f 1903 1902 1927
f 1911 1903 1927
f 1906 1928 1902
f 1928 1906 1905
f 1927 1902 1928
f 1899 1922 1905
f 1922 1928 1905
f 1928 1922 1929
f 1929 1922 1923
f 1927 1928 1930
f 1929 1930 1928
f 1930 1929 1931
f 1927 1930 1932
f 1923 1931 1929
f 1932 1930 1931
f 1911 1927 1933
f 1915 1910 1911
f 1917 1915 1911
f 1933 1917 1911
f 1934 1917 1933
f 1932 1933 1927
f 1932 1935 1933
f 1936 1935 1932
f 1937 1933 1935
f 1934 1933 1937
f 1938 1914 1916
f 1916 1917 1939
f 1938 1916 1939
f 1939 1940 1938
f 1939 1917 1934
f 1941 1939 1934
f 1941 1934 1937
f 1941 1937 1942
f 1937 1935 1942
f 1940 1939 1941
f 1940 1941 1943
f 1941 1942 1944
f 1943 1941 1944
f 1945 1943 1946
f 1947 1702 1701
f 1948 1949 1702
f 1947 1948 1702
f 1704 1947 1701
f 1950 1949 1948
f 1951 1948 1947
f 1951 1950 1948
f 1706 1952 1704
f 1704 1952 1947
f 1947 1952 1953
f 1951 1954 1950
f 1955 1950 1954
f 1953 1951 1947
f 1953 1956 1951
f 1956 1954 1951
f 1956 1957 1954
f 1955 1954 1957
f 1958 1959 1957
f 1955 1957 1959
f 1960 1953 1952
f 1960 1952 1961
f 1962 1956 1953
f 1962 1953 1960
f 1962 1957 1956
f 1963 1964 1960
f 1965 1952 1706
f 1952 1965 1966
f 1771 1706 1707
f 1706 1771 1965
f 1966 1965 1967
f 1967 1965 1771
f 1960 1961 1963
f 1961 1968 1963
f 1961 1952 1966
f 1961 1966 1968
f 1968 1966 1969
f 1970 1958 1957
f 1964 1971 1972
f 1962 1970 1957
f 1972 1970 1962
f 1960 1964 1962
f 1964 1972 1962
f 1970 1972 1973
f 1971 1973 1972
f 1973 1974 1970
f 1958 1970 1974
f 1958 1974 1975
f 1973 1976 1974
f 1975 1974 1976
f 1975 1976 1977
f 1975 1977 1978
f 1979 1980 1964
f 1964 1963 1979
f 1979 1963 1968
f 1980 1971 1964
f 1979 1981 1980
f 1982 1968 1969
f 1968 1982 1983
f 1979 1968 1983
f 1983 1981 1979
f 1971 1976 1973
f 1984 1976 1971
f 1984 1971 1980
f 1981 1985 1980
f 1985 1984 1980
f 1986 1984 1985
f 1984 1987 1976
f 1987 1977 1976
f 1988 1984 1986
f 1988 1987 1984
f 1989 1987 1988
f 1981 1990 1985
f 1981 1983 1990
f 1991 1986 1985
f 1991 1985 1990
f 1747 1746 1992
f 1745 1748 1949
f 1745 1949 1749
f 1702 1949 1748
f 1949 1950 1749
f 1993 1746 1749
f 1749 1950 1959
f 1959 1993 1749
f 1746 1993 1992
f 1992 1993 1994
f 1750 1747 1992
f 1750 1992 1995
f 1995 1736 1750
f 1995 1752 1736
f 1993 1959 1996
f 1992 1994 1997
f 1996 1994 1993
f 1994 1998 1997
f 1995 1999 2000
f 2001 2000 1999
f 1997 1995 1992
f 1995 1997 1999
f 1999 1997 2002
f 1752 2003 1751
f 1751 2003 1753
f 2003 2004 2005
f 1995 2000 1752
f 1752 2000 2003
f 2000 2004 2003
f 2002 2001 1999
f 2002 1997 1998
f 2006 2001 2002
f 2007 2001 2006
f 2008 2005 2004
f 2000 2001 2007
f 2004 2000 2007
f 2007 2008 2004
f 2009 2007 2006
f 2007 2009 2008
f 2008 2009 2010
f 1950 1955 1959
f 1958 1996 1959
f 1998 1994 1996
f 2011 1958 1975
f 1958 2011 1996
f 2011 1998 1996
f 2011 2012 1998
f 2013 1998 2012
f 2013 2002 1998
f 2013 2012 2014
f 2014 2015 2013
f 1975 1978 2011
f 2012 2011 1978
f 1978 2014 2012
f 2002 2013 2006
f 2013 2016 2006
f 2017 1977 1987
f 2018 1989 1988
f 1989 2017 1987
f 2018 2017 1989
f 1978 1977 2019
f 2017 2018 2020
f 2021 1977 2017
f 2019 1977 2021
f 2022 2018 1988
f 1988 1986 2022
f 2023 2022 1986
f 2023 1986 1991
f 2024 2025 2018
f 2025 2020 2018
f 2018 2022 2024
f 2023 2024 2022
f 2021 2026 2019
f 2026 2027 2019
f 2028 2027 2026
f 2020 2029 2017
f 2029 2021 2017
f 2029 2020 2025
f 2030 2029 2025
f 2025 2024 2031
f 2032 2030 2025
f 2031 2032 2025
f 2033 2021 2029
f 2021 2033 2026
f 2030 2033 2029
f 2034 2026 2033
f 2031 2035 2032
f 2035 2030 2032
f 2028 2026 2034
f 2030 2034 2033
f 2034 2030 2036
f 2037 2035 2038
f 2035 2036 2030
f 2035 2037 2039
f 2039 2036 2035
f 2034 2036 2040
f 2028 2034 2041
f 2039 2042 2036
f 2040 2041 2034
f 2036 2043 2040
f 2042 2043 2036
f 2044 2040 2043
f 2044 2043 2045
f 2046 2044 2045
f 2047 2009 2006
f 2047 2048 2009
f 2010 2009 2049
f 2049 2050 2010
f 2048 2049 2009
f 2048 2051 2049
f 2049 2051 2052
f 2048 2053 2051
f 2015 2014 2054
f 1978 2054 2014
f 1978 2019 2054
f 2027 2054 2019
f 2054 2055 2015
f 2055 2054 2027
f 2013 2015 2016
f 2047 2006 2016
f 2016 2056 2047
f 2056 2016 2057
f 2015 2057 2016
f 2057 2015 2055
f 2057 2055 2058
f 2057 2058 2059
f 2056 2057 2059
f 2055 2027 2028
f 2028 2058 2055
f 2056 2053 2047
f 2048 2047 2053
f 2060 2053 2056
f 2060 2061 2053
f 2061 2062 2053
f 2062 2051 2053
f 2063 2059 2064
f 2059 2060 2056
f 2063 2060 2059
f 2028 2041 2058
f 2064 2058 2041
f 2065 2064 2041
f 2066 2065 2067
f 2065 2068 2064
f 2065 2066 2068
f 2041 2040 2065
f 2065 2040 2067
f 2044 2067 2040
f 2064 2059 2058
f 2068 2063 2064
f 2069 2067 2044
f 2046 2069 2044
f 2046 2070 2069
f 2067 2069 2066
f 2071 2070 2046
f 2072 2071 2073
f 2071 2072 2070
f 2074 2068 2066
f 2074 2066 2069
f 2075 2068 2074
f 2075 2076 2068
f 2076 2063 2068
f 2075 2077 2076
f 2075 2078 2077
f 2078 2079 2077
f 2069 2070 2074
f 2078 2074 2070
f 2070 2072 2078
f 2075 2074 2078
f 2080 2078 2072
f 2081 2080 2072
f 2080 2079 2078
f 2082 2080 2081
f 2082 2083 2080
f 2084 2060 2063
f 2084 2061 2060
f 2062 2061 2085
f 2086 2063 2076
f 2087 2086 2076
f 2086 2084 2063
f 2087 2088 2086
f 2089 2088 2087
f 2086 2088 2090
f 2091 2090 2088
f 2089 2091 2088
f 2084 2092 2061
f 2093 2085 2092
f 2085 2061 2092
f 2094 2092 2090
f 2094 2093 2092
f 2092 2084 2090
f 2090 2084 2086
f 2095 2094 2090
f 2095 2090 2091
f 2089 2096 2091
f 2096 2095 2091
f 2097 2094 2095
f 2095 2098 2097
f 2098 2095 2096
f 2077 2087 2076
f 2089 2087 2077
f 2099 2077 2079
f 2089 2077 2099
f 2099 2100 2089
f 2099 2101 2100
f 2101 2099 2079
f 2083 2079 2080
f 2102 2083 2103
f 2103 2083 2082
f 2101 2079 2083
f 2089 2100 2096
f 1754 2104 1873
f 2104 2105 1873
f 2106 2107 2105
f 1877 2108 1878
f 1877 1880 2108
f 1873 2105 1880
f 2105 2109 1880
f 2109 2105 2107
f 2108 1880 2109
f 2110 2108 2109
f 2108 2110 2111
f 2107 2110 2109
f 2107 2112 2113
f 2110 2107 2114
f 2113 2114 2107
f 2112 2115 2113
f 2116 2113 2115
f 2117 2116 2115
f 1921 1920 1878
f 1921 1878 2118
f 1925 1924 1921
f 1924 1926 1923
f 2119 1923 1926
f 2118 1925 1921
f 2120 2119 1926
f 2121 2119 2120
f 2120 1926 1925
f 2108 2111 1878
f 2111 2118 1878
f 2122 1925 2118
f 2122 2120 1925
f 2122 2123 2120
f 2121 2120 2123
f 2123 2124 2121
f 2125 2123 2122
f 2124 2123 2126
f 2111 2122 2118
f 2123 2125 2126
f 1931 1923 2119
f 1931 2119 2121
f 1931 2121 1932
f 1932 2121 2127
f 2127 2121 2124
f 1936 1932 2127
f 1936 2127 2128
f 1942 1935 1936
f 2128 2129 1936
f 2128 2127 2130
f 2111 2110 2114
f 2114 2131 2111
f 2111 2131 2132
f 2122 2111 2125
f 2132 2125 2111
f 2125 2132 2133
f 2124 2126 2134
f 2134 2126 2125
f 2125 2133 2134
f 2127 2124 2130
f 2130 2124 2134
f 2135 2133 2132
f 2130 2134 2136
f 2133 2135 2134
f 2135 2136 2134
f 2137 2131 2116
f 2113 2131 2114
f 2116 2131 2113
f 2137 2116 2138
f 2132 2131 2137
f 2135 2132 2137
f 2135 2137 2139
f 2135 2140 2136
f 2135 2139 2140
f 2130 2136 2141
f 2141 2136 2140
f 2141 2140 2142
f 2143 2130 2141
f 2116 2117 2144
f 2116 2144 2138
f 2145 2138 2144
f 2146 2138 2145
f 2138 2139 2137
f 2140 2139 2147
f 2147 2139 2138
f 2146 2147 2138
f 2140 2147 2142
f 1753 2003 2104
f 1753 2104 1754
f 2003 2005 2104
f 2104 2005 2106
f 2106 2105 2104
f 2148 2005 2008
f 2005 2148 2106
f 2008 2149 2148
f 2148 2149 2150
f 2150 2106 2148
f 2106 2150 2151
f 2008 2010 2149
f 2106 2112 2107
f 2106 2151 2112
f 2151 2152 2112
f 2115 2112 2152
f 2115 2153 2117
f 1942 1936 2129
f 2154 2129 2128
f 2154 1942 2129
f 2155 2154 2128
f 2156 2128 2130
f 2155 2128 2156
f 2154 2155 2157
f 2155 2156 2158
f 2157 2155 2158
f 2158 2156 2159
f 2158 2159 2160
f 2154 2157 1942
f 1944 1942 2157
f 1946 1943 1944
f 2161 1944 2157
f 2157 2158 2162
f 2161 2157 2162
f 2163 2141 2142
f 2156 2130 2143
f 2143 2159 2156
f 2159 2164 2165
f 2159 2143 2164
f 2143 2141 2163
f 2143 2163 2164
f 2166 2167 2164
f 2166 2164 2163
f 2160 2159 2165
f 2160 2162 2158
f 2162 2160 2168
f 2168 2160 2165
f 2169 2168 2165
f 2165 2164 2167
f 2169 2165 2167
f 2170 2169 2171
f 2171 2167 2166
f 2169 2167 2171
f 1946 1944 2161
f 1946 2172 2173
f 2161 2172 1946
f 2172 2161 2174
f 1945 1946 2173
f 2175 2173 2172
f 2175 2172 2176
f 2175 2177 2173
f 2178 2172 2174
f 2178 2176 2172
f 2179 2162 2168
f 2179 2168 2169
f 2179 2169 2170
f 2179 2174 2162
f 2178 2174 2179
f 2174 2161 2162
f 2180 2179 2170
f 2178 2179 2180
f 2178 2180 2181
f 2150 2149 2182
f 2183 2150 2182
f 2183 2182 2184
f 2185 2183 2184
f 2184 2186 2185
f 2050 2149 2010
f 2050 2182 2149
f 2049 2052 2050
f 2182 2050 2187
f 2050 2052 2187
f 2187 2184 2182
f 2188 2052 2051
f 2187 2052 2188
f 2189 2188 2051
f 2189 2051 2062
f 2190 2187 2188
f 2184 2187 2190
f 2189 2190 2188
f 2186 2184 2190
f 2150 2152 2151
f 2152 2150 2183
f 2183 2185 2152
f 2153 2115 2152
f 2153 2152 2185
f 2153 2185 2191
f 2153 2191 2192
f 2192 2117 2153
f 2193 2185 2186
f 2193 2194 2191
f 2193 2195 2194
f 2193 2191 2185
f 2186 2196 2193
f 2196 2186 2190
f 2189 2062 2085
f 2189 2085 2197
f 2198 2190 2197
f 2197 2199 2198
f 2197 2190 2189
f 2199 2197 2200
f 2201 2200 2093
f 2202 2199 2200
f 2203 2193 2196
f 2203 2195 2193
f 2204 2195 2203
f 2203 2205 2204
f 2196 2190 2198
f 2198 2203 2196
f 2206 2203 2198
f 2198 2199 2206
f 2202 2206 2199
f 2206 2205 2203
f 2204 2205 2207
f 2208 2207 2205
f 2085 2093 2197
f 2094 2201 2093
f 2197 2093 2200
f 2117 2192 2144
f 2144 2192 2194
f 2144 2194 2145
f 2209 2142 2147
f 2210 2142 2209
f 2211 2210 2209
f 2163 2142 2210
f 2166 2163 2212
f 2212 2163 2210
f 2210 2211 2212
f 2194 2192 2191
f 2213 2146 2145
f 2214 2145 2194
f 2145 2214 2213
f 2213 2215 2216
f 2217 2213 2214
f 2215 2213 2217
f 2216 2147 2146
f 2209 2147 2216
f 2213 2216 2146
f 2216 2218 2209
f 2219 2209 2218
f 2215 2218 2216
f 2211 2209 2219
f 2215 2220 2218
f 2211 2219 2221
f 2212 2222 2223
f 2222 2212 2211
f 2224 2222 2211
f 2225 2211 2221
f 2225 2224 2211
f 2222 2224 2226
f 2227 2226 2224
f 2227 2224 2225
f 2166 2212 2223
f 2171 2166 2223
f 2228 2171 2223
f 2228 2223 2222
f 2228 2222 2226
f 2215 2217 2220
f 2220 2217 2229
f 2230 2217 2214
f 2195 2214 2194
f 2204 2230 2195
f 2214 2195 2230
f 2229 2217 2230
f 2229 2231 2220
f 2219 2218 2220
f 2219 2220 2221
f 2221 2220 2232
f 2232 2220 2231
f 2221 2232 2233
f 2229 2230 2234
f 2232 2231 2235
f 2234 2231 2229
f 2235 2231 2234
f 2232 2235 2236
f 2207 2230 2204
f 2207 2234 2230
f 2237 2234 2207
f 2234 2237 2235
f 2221 2238 2225
f 2221 2233 2238
f 2239 2238 2233
f 2233 2232 2236
f 2236 2235 2240
f 2233 2236 2241
f 2240 2241 2236
f 2242 2235 2237
f 2240 2235 2242
f 2241 2243 2239
f 2244 2243 2241
f 2239 2233 2241
f 2245 2226 2227
f 2246 2227 2225
f 2227 2246 2247
f 2170 2171 2228
f 2170 2228 2245
f 2245 2228 2226
f 2245 2248 2170
f 2180 2170 2248
f 2245 2227 2247
f 2180 2248 2249
f 2249 2248 2247
f 2248 2245 2247
f 2247 2250 2251
f 2246 2225 2238
f 2252 2246 2238
f 2246 2252 2250
f 2247 2246 2250
f 2239 2252 2238
f 2239 2253 2252
f 2253 2239 2243
f 2250 2252 2253
f 2250 2253 2254
f 2253 2243 2255
f 2254 2253 2255
f 2256 2254 2255
f 2257 2250 2254
f 2254 2258 2257
f 2258 2254 2256
f 2259 2094 2097
f 2260 2096 2100
f 2260 2098 2096
f 2097 2098 2259
f 2102 2101 2083
f 2261 2100 2101
f 2100 2261 2260
f 2262 2261 2101
f 2262 2263 2264
f 2102 2262 2101
f 2263 2262 2102
f 2265 2102 2103
f 2265 2263 2102
f 2266 2263 2265
f 2266 2267 2263
f 2267 2264 2263
f 2268 2200 2201
f 2268 2202 2200
f 2269 2270 2268
f 2202 2268 2271
f 2270 2271 2268
f 2271 2272 2206
f 2206 2202 2271
f 2271 2270 2273
f 2273 2270 2274
f 2275 2273 2276
f 2276 2273 2274
f 2271 2277 2272
f 2272 2277 2278
f 2271 2273 2277
f 2273 2278 2277
f 2279 2278 2273
f 2275 2279 2273
f 2280 2279 2275
f 2272 2205 2206
f 2205 2281 2208
f 2281 2282 2208
f 2272 2281 2205
f 2281 2272 2283
f 2278 2283 2272
f 2282 2281 2284
f 2283 2284 2281
f 2279 2283 2278
f 2279 2285 2283
f 2285 2279 2286
f 2285 2284 2283
f 2285 2287 2284
f 2287 2285 2286
f 2259 2201 2094
f 2259 2288 2201
f 2288 2259 2289
f 2201 2288 2290
f 2291 2290 2288
f 2289 2291 2288
f 2259 2098 2289
f 2289 2260 2292
f 2260 2289 2098
f 2260 2293 2292
f 2293 2294 2292
f 2289 2292 2291
f 2201 2290 2268
f 2269 2268 2290
f 2291 2269 2290
f 2269 2291 2295
f 2291 2292 2295
f 2295 2274 2269
f 2295 2292 2296
f 2269 2274 2270
f 2276 2274 2295
f 2276 2295 2296
f 2294 2296 2292
f 2297 2296 2294
f 2297 2298 2296
f 2261 2293 2260
f 2299 2294 2293
f 2264 2293 2261
f 2264 2299 2293
f 2264 2261 2262
f 2264 2267 2299
f 2267 2300 2299
f 2297 2294 2299
f 2297 2299 2300
f 2301 2267 2266
f 2302 2300 2267
f 2302 2267 2301
f 2303 2297 2300
f 2304 2303 2300
f 2304 2300 2302
f 2275 2276 2298
f 2298 2276 2296
f 2280 2275 2298
f 2305 2298 2297
f 2297 2303 2305
f 2305 2303 2306
f 2303 2307 2306
f 2308 2309 2307
f 2308 2310 2309
f 2305 2280 2298
f 2280 2305 2286
f 2306 2286 2305
f 2280 2286 2279
f 2311 2287 2286
f 2286 2306 2311
f 2312 2313 2287
f 2311 2312 2287
f 2309 2312 2311
f 2314 2312 2309
f 2311 2306 2309
f 2309 2306 2307
f 2303 2304 2315
f 2307 2303 2315
f 2316 2315 2304
f 2315 2316 2317
f 2315 2308 2307
f 2308 2318 2319
f 2315 2318 2308
f 2207 2208 2237
f 2237 2208 2320
f 2242 2237 2320
f 2321 2242 2322
f 2244 2241 2240
f 2240 2242 2321
f 2323 2240 2321
f 2322 2242 2320
f 2208 2282 2320
f 2324 2320 2282
f 2322 2320 2324
f 2323 2322 2325
f 2323 2321 2322
f 2244 2240 2323
f 2244 2326 2243
f 2327 2323 2325
f 2244 2323 2326
f 2326 2323 2327
f 2282 2284 2328
f 2328 2324 2282
f 2324 2325 2322
f 2328 2325 2324
f 2313 2325 2328
f 2313 2329 2325
f 2313 2328 2284
f 2313 2284 2287
f 2312 2329 2313
f 2327 2325 2329
f 2329 2330 2327
f 2331 2243 2326
f 2255 2243 2331
f 2332 2326 2327
f 2332 2327 2330
f 2330 2333 2332
f 2331 2326 2334
f 2326 2332 2334
f 2335 2334 2332
f 2331 2336 2255
f 2335 2332 2333
f 2337 2335 2333
f 2336 2331 2334
f 2335 2336 2334
f 2330 2329 2312
f 2333 2330 2312
f 2333 2312 2314
f 2309 2337 2314
f 2337 2333 2314
f 2337 2309 2310
f 2338 2337 2310
f 2337 2336 2335
f 2338 2336 2337
f 2339 2336 2338
f 2340 2255 2336
f 2341 2340 2339
f 2342 2310 2319
f 2342 2338 2310
f 2310 2308 2319
f 2339 2340 2336
f 2339 2343 2341
f 2339 2338 2343
f 2256 2255 2340
f 1693 1692 2344
f 2345 2346 2344
f 295 2347 296
f 1692 296 2347
f 643 2347 295
f 2345 2344 1692
f 1692 2347 2345
f 643 2345 2347
f 649 643 647
f 649 2348 643
f 643 2348 2345
f 2345 2348 2346
f 2349 2346 2348
f 1690 1699 1698
f 2346 1693 2344
f 1693 2346 1699
f 2350 1699 2346
f 1698 1699 2351
f 2352 2351 1699
f 2350 2352 1699
f 2353 2350 2346
f 2349 2353 2346
f 2353 2349 2354
f 2355 2352 2350
f 2350 2353 2355
f 2356 2355 2353
f 649 2357 2348
f 2357 649 648
f 648 657 2357
f 2358 2348 2357
f 2348 2358 2359
f 657 659 663
f 657 2358 2357
f 2358 2360 2361
f 2360 2358 657
f 2362 2354 2349
f 2353 2354 2356
f 2363 2354 2362
f 2363 2356 2354
f 2364 2365 2363
f 2364 2366 2365
f 2359 2349 2348
f 2362 2349 2359
f 2362 2359 2358
f 2362 2358 2364
f 2364 2363 2362
f 2361 2364 2358
f 2361 2360 2367
f 2366 2364 2361
f 2351 1763 1698
f 2351 2368 1763
f 1763 2368 2369
f 1763 2370 1762
f 2370 1764 1762
f 2370 1763 2369
f 1764 2370 2371
f 2351 2352 2368
f 2355 2368 2352
f 2369 2368 2372
f 2368 2355 2372
f 1769 1764 2371
f 2373 1769 2371
f 2373 1770 1769
f 1770 1771 1768
f 2373 2371 2374
f 2373 2374 2375
f 2369 2371 2370
f 2376 2371 2369
f 2371 2376 2374
f 2377 2369 2378
f 2369 2377 2376
f 2379 2374 2376
f 2356 2372 2355
f 2380 2372 2356
f 2356 2363 2381
f 2365 2381 2363
f 2381 2380 2356
f 2378 2369 2372
f 2380 2378 2372
f 2382 2378 2380
f 2365 2383 2384
f 2381 2365 2384
f 2366 2383 2365
f 2384 2380 2381
f 2382 2380 2384
f 2382 2384 2385
f 2385 2384 2386
f 2377 2378 2387
f 2387 2388 2389
f 2382 2387 2378
f 2382 2388 2387
f 2376 2377 2389
f 2389 2377 2387
f 2389 2379 2376
f 2388 2390 2389
f 2382 2385 2391
f 2388 2382 2391
f 2391 2390 2388
f 657 663 2392
f 2393 2392 663
f 2392 2360 657
f 2394 2360 2392
f 2394 2392 2393
f 2393 663 664
f 2395 2393 664
f 2395 664 666
f 2396 2394 2393
f 2395 2396 2393
f 2396 2397 2398
f 2395 2397 2396
f 2399 2397 2395
f 2367 2400 2361
f 2394 2367 2360
f 2401 2367 2394
f 2366 2361 2400
f 2366 2400 2402
f 2400 2367 2401
f 2403 2400 2401
f 2400 2403 2404
f 2404 2402 2400
f 2396 2398 2394
f 2394 2398 2401
f 2398 2403 2401
f 2398 2405 2406
f 2397 2405 2398
f 2407 2404 2403
f 2406 2403 2398
f 2408 2403 2406
f 670 666 667
f 670 2409 666
f 666 2409 2399
f 2395 666 2399
f 2399 2410 2397
f 731 2409 670
f 2399 2409 2410
f 2411 2409 731
f 2405 2397 2410
f 2412 2405 2410
f 2412 2406 2405
f 2412 2408 2406
f 2411 2410 2409
f 2413 2410 2411
f 2410 2413 2412
f 2414 2413 2411
f 2415 2413 2414
f 2416 2383 2366
f 2416 2366 2402
f 2402 2417 2416
f 2416 2417 2418
f 2418 2383 2416
f 2386 2383 2418
f 2386 2384 2383
f 2417 2419 2418
f 2420 2419 2417
f 2404 2417 2402
f 2417 2404 2407
f 2408 2407 2403
f 2421 2407 2408
f 2421 2417 2407
f 2420 2417 2421
f 2386 2422 2385
f 2386 2418 2423
f 2386 2423 2422
f 2424 2422 2423
f 2391 2385 2422
f 2425 2391 2422
f 2426 2391 2425
f 2424 2425 2422
f 2427 2425 2424
f 2423 2418 2419
f 2428 2423 2419
f 2420 2429 2419
f 2429 2428 2419
f 2428 2429 2430
f 2424 2423 2428
f 2431 2427 2424
f 2424 2428 2431
f 2431 2428 2430
f 2432 2408 2412
f 2408 2420 2421
f 2433 2420 2408
f 2433 2408 2432
f 2433 2429 2420
f 2413 2434 2412
f 2434 2432 2412
f 2433 2432 2435
f 2436 2431 2430
f 2437 2430 2429
f 2437 2438 2430
f 2438 2437 2439
f 2433 2437 2429
f 2435 2440 2433
f 2433 2440 2437
f 2441 2440 2435
f 2442 2437 2440
f 2439 2437 2442
f 1967 1771 2443
f 2375 2443 1771
f 2443 2375 2444
f 1967 2443 1966
f 1966 2443 2445
f 2445 1969 1966
f 2445 2443 2444
f 1969 2446 1982
f 1982 2446 2447
f 1983 1982 2447
f 1983 2447 2448
f 2449 2447 2446
f 2446 1969 2445
f 2450 2446 2445
f 2450 2445 2444
f 2444 2451 2450
f 2450 2449 2446
f 1990 1983 2452
f 2448 2452 1983
f 2447 2449 2448
f 1990 2453 1991
f 2453 1990 2452
f 2454 2452 2448
f 2454 2455 2452
f 2455 2453 2452
f 2456 2448 2449
f 2457 2456 2449
f 2456 2454 2448
f 2456 2458 2454
f 2459 2458 2456
f 2451 2457 2450
f 2457 2451 2460
f 2449 2450 2457
f 2457 2460 2459
f 2459 2456 2457
f 2375 1771 1770
f 1770 2373 2375
f 2461 2375 2374
f 2379 2461 2374
f 2379 2462 2461
f 2463 2461 2462
f 2461 2463 2375
f 2444 2375 2463
f 2464 2444 2463
f 2464 2463 2462
f 2464 2451 2444
f 2390 2379 2389
f 2390 2462 2379
f 2465 2462 2390
f 2466 2464 2462
f 2464 2466 2451
f 2467 2451 2466
f 2465 2466 2462
f 2465 2390 2426
f 2426 2390 2391
f 2426 2468 2465
f 2468 2469 2465
f 2451 2467 2460
f 2470 2471 2460
f 2460 2472 2470
f 2469 2472 2466
f 2469 2466 2465
f 2466 2472 2467
f 2472 2469 2473
f 2472 2460 2467
f 2474 2470 2472
f 2473 2474 2472
f 2453 2023 1991
f 2453 2455 2023
f 2475 2023 2455
f 2475 2024 2023
f 2476 2024 2475
f 2455 2476 2475
f 2477 2476 2455
f 2459 2478 2458
f 2478 2479 2458
f 2477 2455 2458
f 2477 2458 2479
f 2455 2454 2458
f 2024 2480 2031
f 2024 2476 2480
f 2476 2481 2480
f 2481 2031 2480
f 2038 2035 2031
f 2481 2038 2031
f 2482 2038 2481
f 2483 2476 2477
f 2477 2479 2483
f 2483 2481 2476
f 2484 2483 2479
f 2485 2481 2483
f 2481 2485 2482
f 2484 2485 2483
f 2486 2482 2485
f 2478 2487 2479
f 2471 2478 2459
f 2459 2460 2471
f 2471 2488 2478
f 2478 2488 2487
f 2484 2479 2487
f 2489 2484 2487
f 2485 2484 2490
f 2484 2489 2491
f 2491 2490 2484
f 2492 2487 2488
f 2492 2489 2487
f 2491 2489 2492
f 2493 2494 2491
f 2038 2495 2037
f 2496 2039 2037
f 2495 2496 2037
f 2497 2495 2038
f 2482 2497 2038
f 2496 2042 2039
f 2498 2042 2496
f 2498 2499 2042
f 2500 2498 2496
f 2500 2496 2501
f 2499 2043 2042
f 2045 2043 2499
f 2501 2496 2495
f 2500 2502 2498
f 2486 2497 2482
f 2497 2486 2503
f 2497 2501 2495
f 2490 2486 2485
f 2486 2490 2503
f 2501 2497 2503
f 2504 2500 2501
f 2504 2502 2500
f 2505 2502 2504
f 2506 2507 2505
f 2499 2508 2045
f 2498 2508 2499
f 2045 2508 2046
f 2509 2508 2498
f 2509 2510 2508
f 2509 2498 2502
f 2510 2511 2508
f 2512 2511 2510
f 2502 2513 2509
f 2509 2513 2510
f 2514 2510 2513
f 2502 2505 2513
f 2513 2505 2507
f 2494 2503 2490
f 2491 2494 2490
f 2494 2515 2503
f 2494 2516 2515
f 2504 2501 2503
f 2515 2504 2503
f 2504 2516 2506
f 2516 2504 2515
f 2506 2505 2504
f 2494 2517 2516
f 2488 2471 2518
f 2518 2492 2488
f 2491 2492 2519
f 2520 2521 2507
f 2508 2071 2046
f 2511 2071 2508
f 2073 2071 2511
f 2512 2073 2511
f 2514 2512 2510
f 2522 2512 2514
f 2522 2523 2512
f 2523 2073 2512
f 2081 2072 2073
f 2524 2081 2073
f 2073 2523 2524
f 2507 2514 2513
f 2522 2514 2525
f 2507 2525 2514
f 2525 2507 2521
f 2525 2523 2522
f 2523 2526 2524
f 2082 2081 2524
f 2527 2082 2524
f 2527 2524 2526
f 2528 2527 2526
f 2525 2526 2523
f 2526 2525 2521
f 2528 2526 2521
f 2521 2529 2528
f 2528 2529 2530
f 2520 2507 2506
f 2531 2506 2516
f 2520 2506 2531
f 2532 2521 2520
f 2532 2529 2521
f 2532 2533 2529
f 2534 2517 2494
f 2531 2516 2517
f 2535 2520 2531
f 2493 2534 2494
f 2536 2517 2534
f 2517 2536 2531
f 2535 2531 2536
f 2533 2535 2537
f 2538 2533 2539
f 2535 2532 2520
f 2533 2532 2535
f 2540 2529 2533
f 2530 2529 2540
f 2538 2540 2533
f 2541 2540 2538
f 2540 2541 2530
f 2538 2542 2541
f 2082 2543 2103
f 2527 2543 2082
f 2544 2543 2527
f 2265 2103 2543
f 2544 2265 2543
f 2545 2265 2544
f 2528 2530 2546
f 2528 2545 2544
f 2528 2546 2545
f 2545 2546 2547
f 2528 2544 2527
f 2545 2548 2265
f 2547 2548 2545
f 2266 2548 2549
f 2549 2301 2266
f 2541 2546 2530
f 2550 2547 2546
f 2551 2541 2542
f 2551 2546 2541
f 2546 2551 2550
f 2552 2550 2551
f 2552 2553 2554
f 2552 2554 2550
f 2555 2547 2550
f 2555 2548 2547
f 2556 2549 2548
f 2556 2557 2549
f 2556 2548 2555
f 2550 2554 2555
f 2558 2555 2554
f 2558 2556 2555
f 2558 2559 2556
f 2470 2518 2471
f 2493 2491 2519
f 2493 2519 2534
f 2560 2492 2518
f 2560 2561 2492
f 2519 2492 2562
f 2562 2492 2561
f 2563 2534 2519
f 2563 2519 2562
f 2564 2518 2470
f 2474 2564 2470
f 2560 2518 2564
f 2565 2564 2474
f 2564 2566 2560
f 2564 2565 2566
f 2567 2561 2560
f 2568 2561 2567
f 2568 2562 2561
f 2568 2563 2562
f 2569 2570 2563
f 2571 2570 2569
f 2572 2571 2569
f 2566 2567 2560
f 2569 2563 2568
f 2573 2572 2569
f 2574 2569 2568
f 2535 2536 2537
f 2533 2537 2539
f 2563 2536 2534
f 2539 2537 2570
f 2563 2570 2536
f 2536 2570 2537
f 2538 2575 2542
f 2570 2576 2539
f 2538 2539 2576
f 2575 2538 2576
f 2570 2571 2576
f 2571 2577 2576
f 2578 2577 2571
f 2577 2575 2576
f 2572 2578 2571
f 2578 2579 2577
f 2542 2575 2551
f 2575 2553 2551
f 2580 2553 2575
f 2552 2551 2553
f 2558 2554 2553
f 2580 2558 2553
f 2581 2558 2580
f 2581 2582 2558
f 2577 2580 2575
f 2580 2577 2583
f 2583 2581 2580
f 2579 2583 2577
f 2579 2584 2583
f 2585 2586 2581
f 2583 2585 2581
f 2587 2468 2426
f 2426 2425 2587
f 2588 2587 2425
f 2427 2588 2425
f 2468 2587 2589
f 2468 2589 2469
f 2589 2587 2590
f 2587 2588 2590
f 2591 2588 2427
f 2592 2427 2431
f 2427 2592 2591
f 2590 2588 2591
f 2591 2593 2590
f 2594 2593 2591
f 2469 2589 2473
f 2474 2473 2595
f 2473 2596 2595
f 2595 2596 2565
f 2597 2589 2590
f 2597 2473 2589
f 2590 2593 2597
f 2596 2473 2597
f 2598 2596 2597
f 2596 2598 2599
f 2600 2599 2598
f 2436 2592 2431
f 2436 2430 2438
f 2601 2436 2438
f 2602 2592 2436
f 2592 2594 2591
f 2594 2592 2602
f 2601 2602 2436
f 2438 2439 2601
f 2439 2603 2601
f 2604 2603 2439
f 2601 2605 2602
f 2601 2603 2605
f 2605 2603 2606
f 2602 2605 2607
f 2606 2607 2605
f 2439 2442 2604
f 2608 2593 2594
f 2602 2607 2594
f 2608 2594 2607
f 2607 2609 2608
f 2597 2593 2598
f 2608 2598 2593
f 2598 2608 2600
f 2610 2608 2609
f 2610 2600 2608
f 2611 2610 2609
f 2612 2607 2606
f 2607 2612 2609
f 2613 2600 2610
f 2613 2610 2614
f 2610 2611 2614
f 2615 2614 2611
f 2615 2616 2614
f 2595 2565 2474
f 2565 2617 2566
f 2617 2618 2566
f 2574 2568 2567
f 2618 2574 2567
f 2566 2618 2567
f 2574 2573 2569
f 2619 2574 2618
f 2573 2574 2619
f 2572 2620 2578
f 2573 2621 2572
f 2620 2572 2621
f 2573 2622 2621
f 2623 2620 2621
f 2620 2623 2624
f 2599 2565 2596
f 2565 2599 2617
f 2625 2617 2599
f 2617 2626 2618
f 2627 2617 2625
f 2627 2626 2617
f 2628 2619 2626
f 2600 2625 2599
f 2628 2626 2627
f 2629 2627 2625
f 2630 2628 2627
f 2618 2626 2619
f 2628 2622 2619
f 2622 2573 2619
f 2623 2621 2622
f 2631 2622 2628
f 2631 2623 2622
f 2632 2623 2631
f 2632 2633 2623
f 2624 2579 2620
f 2634 2624 2635
f 2633 2635 2623
f 2635 2624 2623
f 2636 2634 2635
f 2579 2578 2620
f 2584 2579 2624
f 2634 2584 2624
f 2585 2583 2584
f 2637 2585 2584
f 2637 2638 2585
f 2638 2586 2585
f 2634 2637 2584
f 2636 2637 2634
f 2639 2636 2635
f 2625 2600 2613
f 2625 2613 2629
f 2629 2630 2627
f 2630 2631 2628
f 2640 2631 2630
f 2641 2629 2613
f 2629 2640 2630
f 2641 2640 2629
f 2642 2631 2640
f 2643 2632 2631
f 2633 2632 2643
f 2643 2631 2642
f 2614 2641 2613
f 2644 2640 2641
f 2643 2642 2645
f 2642 2640 2644
f 2646 2645 2642
f 2644 2641 2614
f 2616 2644 2614
f 2644 2616 2647
f 2644 2646 2642
f 2647 2646 2644
f 2648 2633 2643
f 2649 2635 2633
f 2648 2649 2633
f 2650 2635 2649
f 2639 2635 2650
f 2651 2652 2650
f 2653 2650 2649
f 2653 2651 2650
f 2654 2645 2646
f 2654 2648 2645
f 2654 2649 2648
f 2655 2649 2654
f 2655 2654 2656
f 2645 2648 2643
f 2655 2653 2649
f 2657 2653 2655
f 2175 2176 2658
f 2176 2178 2659
f 2658 2176 2659
f 2659 2178 2181
f 2658 2659 2660
f 2661 2659 2181
f 2662 2661 2181
f 2661 2660 2659
f 2663 2660 2664
f 2664 2661 2665
f 2661 2664 2660
f 2664 2666 2663
f 2664 2667 2666
f 2665 2667 2664
f 2665 2668 2667
f 2669 2666 2667
f 2670 2669 2667
f 2671 2672 2667
f 2670 2667 2672
f 2673 2301 2557
f 2674 2673 2557
f 2559 2557 2556
f 2559 2674 2557
f 2675 2676 2673
f 2675 2673 2674
f 2677 2678 2675
f 2677 2679 2680
f 2582 2559 2558
f 2681 2559 2582
f 2559 2681 2674
f 2586 2582 2581
f 2682 2681 2582
f 2582 2586 2682
f 2681 2675 2674
f 2679 2677 2681
f 2677 2675 2681
f 2682 2683 2679
f 2681 2682 2679
f 2683 2682 2684
f 2586 2684 2682
f 2685 2683 2684
f 2686 2680 2679
f 2687 2680 2686
f 2688 2680 2687
f 2686 2679 2683
f 2683 2685 2686
f 2689 2686 2685
f 2689 2687 2686
f 2689 2690 2687
f 2181 2180 2249
f 2181 2249 2662
f 2691 2662 2249
f 2249 2251 2691
f 2251 2249 2247
f 2665 2662 2691
f 2668 2665 2691
f 2665 2661 2662
f 2251 2692 2691
f 2251 2250 2257
f 2693 2251 2257
f 2693 2257 2694
f 2694 2257 2258
f 2695 2694 2258
f 2695 2258 2696
f 2696 2697 2695
f 2698 2695 2697
f 2693 2694 2695
f 2693 2695 2699
f 2699 2700 2693
f 2695 2698 2699
f 2692 2251 2693
f 2700 2692 2693
f 2668 2671 2667
f 2668 2691 2692
f 2668 2692 2701
f 2671 2668 2701
f 2702 2672 2671
f 2702 2671 2701
f 2703 2704 2705
f 2706 2699 2698
f 2707 2699 2706
f 2708 2700 2699
f 2708 2699 2707
f 2704 2709 2705
f 2709 2704 2710
f 2706 2711 2707
f 2711 2710 2707
f 2712 2707 2710
f 2688 2687 2713
f 2705 2713 2703
f 2690 2713 2687
f 2703 2713 2690
f 2714 2710 2704
f 2710 2714 2715
f 2715 2712 2710
f 2714 2704 2703
f 2703 2716 2714
f 2716 2717 2714
f 2718 2712 2715
f 2715 2714 2717
f 2719 2692 2700
f 2701 2692 2719
f 2708 2719 2700
f 2720 2719 2708
f 2721 2701 2719
f 2721 2719 2720
f 2720 2708 2707
f 2707 2722 2720
f 2722 2707 2712
f 2723 2722 2712
f 2723 2712 2718
f 2724 2670 2672
f 2724 2672 2725
f 2638 2684 2586
f 2636 2638 2637
f 2726 2684 2638
f 2684 2727 2685
f 2726 2727 2684
f 2639 2726 2636
f 2726 2638 2636
f 2652 2726 2639
f 2652 2728 2726
f 2727 2726 2729
f 2728 2729 2726
f 2727 2730 2685
f 2685 2730 2689
f 2731 2690 2689
f 2731 2689 2730
f 2729 2730 2727
f 2732 2730 2729
f 2733 2730 2732
f 2731 2730 2733
f 2639 2650 2652
f 2651 2728 2652
f 2653 2734 2651
f 2728 2651 2734
f 2734 2735 2728
f 2736 2734 2653
f 2653 2657 2736
f 2736 2737 2734
f 2737 2735 2734
f 2738 2735 2737
f 2739 2735 2738
f 2740 2738 2737
f 2741 2742 2738
f 2743 2742 2741
f 2732 2729 2728
f 2735 2732 2728
f 2739 2732 2735
f 2733 2732 2739
f 2744 2745 2733
f 2742 2739 2738
f 2742 2733 2739
f 2742 2744 2733
f 2743 2744 2742
f 2702 2725 2672
f 2701 2721 2746
f 2701 2746 2702
f 2702 2746 2747
f 2747 2725 2702
f 2747 2746 2748
f 2716 2703 2690
f 2731 2716 2690
f 2718 2715 2717
f 2717 2716 2749
f 2750 2718 2717
f 2717 2749 2750
f 2751 2749 2716
f 2731 2733 2752
f 2716 2731 2751
f 2751 2753 2749
f 2731 2752 2751
f 2754 2755 2752
f 2755 2753 2751
f 2751 2752 2755
f 2756 2746 2721
f 2721 2757 2756
f 2721 2720 2722
f 2757 2721 2722
f 2750 2757 2723
f 2757 2722 2723
f 2750 2723 2718
f 2758 2750 2749
f 2758 2757 2750
f 2759 2757 2758
f 2748 2746 2756
f 2748 2756 2759
f 2760 2748 2759
f 2761 2748 2760
f 2753 2758 2749
f 2762 2759 2758
f 2762 2758 2753
f 2757 2759 2756
f 2763 2762 2753
f 2760 2759 2762
f 2764 2760 2762
f 2764 2762 2763
f 2725 2747 2765
f 2747 2766 2765
f 2765 2767 2725
f 2768 2765 2766
f 2769 2767 2765
f 2769 2765 2768
f 2770 2769 2768
f 2745 2752 2733
f 2745 2754 2752
f 2771 2754 2772
f 2772 2754 2745
f 2771 2755 2754
f 2773 2745 2744
f 2743 2773 2744
f 2774 2773 2743
f 2773 2772 2745
f 2775 2776 2772
f 2775 2772 2773
f 2774 2775 2773
f 2761 2760 2764
f 2777 2771 2772
f 2778 2761 2764
f 2766 2747 2748
f 2766 2748 2761
f 2768 2766 2779
f 2766 2761 2779
f 2778 2779 2761
f 2771 2763 2753
f 2771 2753 2755
f 2771 2777 2780
f 2780 2763 2771
f 2778 2764 2763
f 2780 2778 2763
f 2776 2777 2772
f 2781 2778 2780
f 2778 2781 2782
f 2783 2776 2775
f 2776 2780 2777
f 2784 2776 2783
f 2784 2780 2776
f 2784 2781 2780
f 2781 2784 2785
f 2786 2768 2779
f 2786 2779 2782
f 2782 2779 2778
f 2768 2786 2770
f 2787 2770 2786
f 2781 2785 2782
f 2787 2786 2782
f 2411 731 2788
f 731 2789 2788
f 2789 2790 2788
f 2411 2791 2414
f 2791 2411 2788
f 2791 2792 2414
f 2414 2792 2793
f 2790 2791 2788
f 2792 2791 2794
f 2791 2790 2794
f 2795 2794 2790
f 2796 2795 2790
f 2797 2795 2796
f 2798 2794 2795
f 2798 2795 2799
f 2797 2799 2795
f 2800 2799 2801
f 2802 2799 2800
f 2415 2434 2413
f 2803 2434 2415
f 2804 2434 2803
f 2805 2804 2803
f 2793 2803 2415
f 2805 2803 2793
f 2793 2415 2414
f 2804 2432 2434
f 2804 2435 2432
f 2794 2793 2792
f 2793 2806 2805
f 2794 2806 2793
f 2805 2806 2807
f 2808 2807 2806
f 2809 2810 2807
f 2441 2435 2811
f 2804 2811 2435
f 2804 2805 2811
f 2811 2805 2812
f 2811 2813 2441
f 2812 2813 2811
f 2441 2442 2440
f 2442 2441 2813
f 2814 2442 2813
f 2805 2807 2812
f 2810 2815 2812
f 2810 2812 2807
f 2815 2813 2812
f 2815 2814 2813
f 2816 2806 2794
f 2798 2816 2794
f 2806 2816 2808
f 2816 2798 2799
f 2817 2816 2799
f 2809 2807 2808
f 2818 2809 2808
f 2817 2818 2816
f 2818 2808 2816
f 2819 2809 2818
f 2799 2802 2817
f 2820 2817 2802
f 2818 2817 2820
f 2821 2819 2818
f 2820 2821 2818
f 2822 2820 2802
f 2822 2821 2820
f 2810 2809 2823
f 2824 2810 2823
f 2823 2809 2819
f 2810 2824 2815
f 2815 2824 2825
f 2819 2826 2823
f 2826 2819 2821
f 2826 2821 2827
f 2828 2823 2826
f 2828 2824 2823
f 2828 2826 2829
f 2826 2827 2829
f 2830 2802 2800
f 2830 2822 2802
f 2831 2822 2830
f 2831 2832 2822
f 2822 2833 2821
f 2833 2822 2832
f 2827 2821 2833
f 2834 2833 2832
f 2835 2827 2833
f 2835 2829 2827
f 2833 2834 2835
f 2832 2836 2837
f 2837 2834 2832
f 2838 2835 2834
f 2834 2837 2838
f 2839 2837 2836
f 2837 2839 2838
f 2840 2838 2839
f 2789 731 730
f 921 2789 730
f 923 2841 921
f 2841 2789 921
f 924 2842 923
f 2842 2841 923
f 2841 2842 2843
f 2790 2789 2841
f 2843 2790 2841
f 935 2842 924
f 2844 2843 2842
f 2796 2790 2843
f 2845 2844 2842
f 2843 2844 2796
f 935 2845 2842
f 2845 935 938
f 2845 938 2846
f 2845 2847 2844
f 2847 2845 2846
f 2801 2796 2844
f 2801 2797 2796
f 2844 2847 2801
f 2801 2847 2848
f 2799 2797 2801
f 2800 2801 2848
f 971 938 937
f 971 2846 938
f 970 973 971
f 2849 2846 971
f 2850 2849 971
f 2851 2848 2847
f 2846 2851 2847
f 2852 2851 2846
f 2848 2851 2800
f 2800 2851 2853
f 2800 2853 2854
f 2852 2846 2849
f 2852 2853 2851
f 2850 971 973
f 2855 972 980
f 972 2855 973
f 2856 2855 980
f 2855 2850 973
f 2855 2857 2850
f 2852 2849 2858
f 2858 2849 2850
f 2853 2852 2859
f 2852 2858 2859
f 2860 2859 2858
f 2857 2858 2850
f 2857 2861 2858
f 2861 2860 2858
f 2854 2830 2800
f 2830 2854 2831
f 2859 2854 2853
f 2854 2862 2831
f 2836 2832 2831
f 2859 2862 2854
f 2863 2862 2859
f 2831 2862 2836
f 2864 2836 2862
f 2863 2864 2862
f 2859 2860 2863
f 2860 2865 2863
f 2866 2839 2836
f 2836 2864 2866
f 2867 2866 2864
f 2839 2866 2868
f 2869 2603 2604
f 2606 2603 2869
f 2869 2870 2606
f 2604 2442 2814
f 2814 2869 2604
f 2869 2814 2871
f 2871 2814 2872
f 2871 2870 2869
f 2872 2814 2825
f 2815 2825 2814
f 2873 2871 2872
f 2870 2612 2606
f 2612 2611 2609
f 2870 2874 2612
f 2612 2874 2875
f 2875 2611 2612
f 2875 2615 2611
f 2876 2615 2875
f 2877 2615 2876
f 2615 2877 2878
f 2879 2875 2874
f 2876 2875 2879
f 2877 2880 2878
f 2873 2870 2871
f 2870 2873 2874
f 2881 2874 2873
f 2872 2881 2873
f 2881 2872 2882
f 2874 2881 2879
f 2883 2879 2881
f 2876 2879 2884
f 2884 2879 2883
f 2884 2877 2876
f 2880 2877 2885
f 2884 2886 2877
f 2886 2885 2877
f 2885 2887 2880
f 2825 2824 2888
f 2888 2889 2825
f 2889 2872 2825
f 2889 2882 2872
f 2889 2888 2890
f 2889 2890 2891
f 2828 2888 2824
f 2892 2828 2829
f 2892 2890 2888
f 2888 2828 2892
f 2890 2893 2891
f 2892 2894 2890
f 2890 2894 2893
f 2881 2882 2883
f 2889 2891 2882
f 2891 2895 2896
f 2896 2883 2882
f 2897 2883 2896
f 2897 2896 2898
f 2896 2882 2891
f 2883 2897 2884
f 2897 2886 2884
f 2899 2885 2886
f 2899 2900 2885
f 2901 2886 2897
f 2897 2898 2901
f 2902 2903 2901
f 2901 2899 2886
f 2903 2899 2901
f 2899 2903 2904
f 2904 2900 2899
f 2905 2900 2904
f 2906 2904 2903
f 2907 2905 2904
f 2898 2896 2908
f 2896 2895 2908
f 2895 2891 2893
f 2902 2901 2898
f 2903 2902 2906
f 2908 2902 2898
f 2909 2904 2906
f 2904 2909 2907
f 2908 2910 2902
f 2910 2906 2902
f 2911 2906 2910
f 2912 2910 2908
f 2909 2906 2911
f 2907 2913 2905
f 2907 2914 2913
f 2915 2916 2907
f 2915 2907 2909
f 2916 2914 2907
f 2917 2914 2916
f 2878 2647 2616
f 2615 2878 2616
f 2647 2878 2880
f 2918 2647 2880
f 2919 2656 2654
f 2918 2919 2654
f 2647 2918 2646
f 2918 2654 2646
f 2920 2919 2918
f 2655 2656 2657
f 2921 2657 2656
f 2921 2922 2657
f 2922 2923 2657
f 2918 2880 2887
f 2920 2918 2887
f 2924 2920 2887
f 2924 2921 2920
f 2919 2920 2656
f 2921 2656 2920
f 2887 2885 2900
f 2921 2924 2925
f 2926 2924 2887
f 2926 2925 2924
f 2921 2925 2922
f 2927 2922 2925
f 2900 2926 2887
f 2926 2900 2905
f 2928 2925 2926
f 2928 2926 2905
f 2927 2925 2928
f 2928 2905 2913
f 2913 2927 2928
f 2927 2913 2929
f 2914 2929 2913
f 2892 2829 2930
f 2835 2930 2829
f 2931 2930 2835
f 2932 2930 2931
f 2933 2934 2893
f 2930 2894 2892
f 2893 2894 2933
f 2894 2930 2932
f 2894 2932 2933
f 2935 2933 2932
f 2933 2935 2934
f 2935 2936 2934
f 2835 2838 2931
f 2931 2838 2840
f 2935 2932 2931
f 2931 2937 2935
f 2937 2936 2935
f 2840 2937 2931
f 2938 2936 2937
f 2893 2934 2895
f 2939 2908 2895
f 2939 2912 2908
f 2939 2895 2934
f 2940 2912 2939
f 2941 2940 2939
f 2934 2941 2939
f 2934 2936 2941
f 2910 2912 2911
f 2940 2911 2912
f 2942 2909 2911
f 2942 2915 2909
f 2943 2911 2940
f 2942 2911 2943
f 2944 2915 2942
f 2945 2916 2915
f 2944 2945 2915
f 2946 2943 2940
f 2940 2941 2946
f 2941 2936 2947
f 2936 2938 2947
f 2938 2948 2947
f 2941 2947 2946
f 2949 2943 2946
f 2950 2946 2947
f 2950 2949 2946
f 2951 2942 2943
f 2949 2951 2943
f 2951 2944 2942
f 2951 2952 2944
f 2953 2944 2952
f 2951 2954 2952
f 2955 2952 2954
f 2955 2954 2951
f 2956 2840 2839
f 2957 2840 2956
f 2937 2957 2938
f 2957 2937 2840
f 2958 2938 2957
f 2938 2958 2948
f 2868 2956 2839
f 2957 2956 2959
f 2956 2960 2959
f 2868 2960 2956
f 2958 2957 2959
f 2959 2961 2958
f 2958 2961 2962
f 2959 2960 2961
f 2963 2962 2961
f 2950 2947 2948
f 2950 2948 2964
f 2965 2949 2966
f 2966 2949 2950
f 2964 2966 2950
f 2965 2951 2949
f 2951 2965 2955
f 2962 2948 2958
f 2962 2964 2948
f 2964 2962 2967
f 2966 2964 2968
f 2965 2966 2969
f 2968 2964 2967
f 2968 2967 2970
f 2923 2736 2657
f 2737 2736 2923
f 2971 2737 2923
f 2971 2740 2737
f 2922 2972 2923
f 2922 2927 2973
f 2972 2922 2973
f 2972 2974 2975
f 2971 2923 2972
f 2975 2971 2972
f 2740 2741 2738
f 2971 2976 2740
f 2977 2743 2741
f 2976 2741 2740
f 2976 2977 2741
f 2977 2976 2978
f 2976 2971 2979
f 2976 2979 2978
f 2980 2978 2979
f 2979 2971 2975
f 2981 2980 2979
f 2974 2972 2973
f 2973 2927 2929
f 2973 2929 2974
f 2974 2929 2982
f 2983 2981 2974
f 2917 2982 2914
f 2929 2914 2982
f 2974 2982 2984
f 2984 2983 2974
f 2985 2982 2917
f 2984 2982 2985
f 2979 2975 2981
f 2981 2975 2974
f 2981 2983 2986
f 2986 2987 2981
f 2988 2987 2986
f 2989 2987 2988
f 2987 2980 2981
f 2987 2990 2980
f 2990 2978 2980
f 2990 2987 2989
f 2991 2983 2984
f 2991 2986 2983
f 2991 2988 2986
f 2992 2977 2978
f 2992 2774 2977
f 2978 2990 2993
f 2993 2992 2978
f 2994 2995 2992
f 2993 2994 2992
f 2995 2774 2992
f 2769 2996 2997
f 2769 2770 2996
f 2998 2996 2770
f 2999 2996 2998
f 2994 3000 2995
f 3001 3000 2994
f 3002 2998 3003
f 3004 3002 3003
f 2743 2977 2774
f 2783 2775 2774
f 2783 2774 2995
f 3005 2784 2783
f 2785 2784 3006
f 3000 3005 2783
f 3007 2770 2787
f 3007 2787 3008
f 2998 2770 3007
f 3009 2787 2782
f 3009 2782 2785
f 3006 3009 2785
f 3008 2787 3009
f 3006 3008 3009
f 3010 3008 3006
f 3006 3005 3011
f 3006 3011 3010
f 3003 2998 3007
f 3010 3007 3008
f 2784 3005 3006
f 3000 2783 2995
f 3012 3005 3000
f 3012 3000 3013
f 3001 3013 3000
f 3005 3012 3011
f 3014 3010 3011
f 3015 3014 3011
f 3003 3007 3016
f 3016 3007 3010
f 3010 3014 3016
f 3017 3003 3016
f 3017 3016 3014
f 3012 3015 3011
f 3018 3012 3013
f 3012 3018 3015
f 3019 3014 3015
f 3017 3014 3019
f 2990 2989 2993
f 3020 2993 2989
f 3020 2994 2993
f 3021 2989 2988
f 3022 2989 3021
f 3022 3020 2989
f 3022 3023 3020
f 3024 3023 3022
f 3020 3001 2994
f 3020 3023 3001
f 3001 3023 3025
f 3004 3003 3017
f 3026 3004 3017
f 3025 3023 3027
f 3028 3025 3027
f 3028 3029 3025
f 3030 3026 3028
f 3023 3031 3027
f 3032 3030 3028
f 3032 3028 3027
f 3031 3033 3027
f 3027 3033 3032
f 3018 3013 3001
f 3025 3018 3001
f 3029 3015 3018
f 3025 3029 3018
f 3029 3019 3015
f 3028 3019 3029
f 3026 3019 3028
f 3019 3026 3017
f 2916 2945 2917
f 2985 2917 2945
f 2953 2985 2945
f 2953 2945 2944
f 2953 3034 2985
f 2952 2955 2953
f 3035 2953 2955
f 3035 3034 2953
f 3034 3036 2985
f 3036 3037 3038
f 3039 3037 3036
f 3039 3036 3034
f 2969 3040 2965
f 3040 2955 2965
f 2955 3040 3035
f 3041 3034 3042
f 3042 3034 3035
f 3040 3042 3035
f 3043 3041 3042
f 3044 3042 3040
f 3034 3041 3045
f 3045 3046 3034
f 3046 3039 3034
f 3045 3041 3043
f 3043 3047 3045
f 3045 3047 3048
f 2969 3049 3040
f 3049 3044 3040
f 2969 2966 2968
f 3050 2969 2968
f 3050 3049 2969
f 2970 3050 2968
f 3051 3049 3050
f 3052 3053 3044
f 3052 3044 3049
f 3051 3052 3049
f 3054 3053 3052
f 3054 3055 3053
f 3053 3042 3044
f 3042 3053 3043
f 3053 3056 3043
f 3056 3047 3043
f 3057 3048 3047
f 3058 3057 3047
f 3058 3047 3056
f 3056 3055 3058
f 3055 3056 3053
f 3055 3059 3058
f 3060 3057 3058
f 3058 3059 3060
f 3061 3039 3046
f 3045 3048 3046
f 3048 3061 3046
f 3062 3061 3048
f 3063 3064 3061
f 3065 3063 3061
f 3061 3062 3066
f 3066 3065 3061
f 3065 3067 3063
f 3068 3069 3065
f 3062 3048 3057
f 3070 3062 3060
f 3060 3062 3057
f 3062 3070 3071
f 3072 3065 3066
f 3072 3068 3065
f 3072 3066 3062
f 3073 3068 3072
f 3071 3072 3062
f 3074 3072 3071
f 3074 3073 3072
f 3075 3073 3074
f 3075 3076 3073
f 3077 3078 3068
f 3073 3077 3068
f 3079 3077 3073
f 3077 3079 3080
f 3081 3079 3076
f 3082 3081 3083
f 3084 3083 3085
f 3084 3082 3083
f 3085 3086 3084
f 3086 3085 3087
f 2985 3038 2984
f 3036 3038 2985
f 2991 2984 3038
f 3038 3088 2991
f 3088 2988 2991
f 3037 3088 3038
f 3088 3037 3089
f 3088 3090 2988
f 3090 3021 2988
f 3090 3088 3089
f 3091 3090 3089
f 3092 3090 3091
f 3037 3039 3089
f 3061 3064 3039
f 3089 3039 3064
f 3064 3091 3089
f 3091 3064 3093
f 3064 3067 3093
f 3064 3063 3067
f 3069 3067 3065
f 3092 3022 3021
f 3090 3092 3021
f 3091 3094 3092
f 3095 3092 3094
f 3095 3024 3092
f 3024 3022 3092
f 3091 3093 3094
f 3093 3096 3094
f 3094 3097 3095
f 3095 3097 3098
f 3096 3097 3094
f 3096 3099 3097
f 3099 3098 3097
f 3024 3031 3023
f 3031 3024 3100
f 3095 3100 3024
f 3100 3033 3031
f 3101 3033 3102
f 3033 3101 3032
f 3101 3103 3032
f 3100 3102 3033
f 3102 3100 3104
f 3105 3101 3102
f 3106 3105 3102
f 3095 3098 3100
f 3098 3099 3107
f 3107 3108 3098
f 3100 3098 3104
f 3102 3104 3106
f 3109 3106 3104
f 3110 3106 3109
f 3110 3105 3106
f 3098 3108 3104
f 3104 3108 3109
f 3067 3069 3093
f 3093 3111 3096
f 3069 3068 3078
f 3069 3111 3093
f 3069 3078 3111
f 3112 3111 3078
f 3113 3099 3096
f 3113 3107 3099
f 3114 3096 3111
f 3114 3113 3096
f 3115 3111 3112
f 3115 3114 3111
f 3115 3116 3114
f 3117 3113 3114
f 3077 3118 3078
f 3078 3118 3112
f 3118 3077 3080
f 3112 3118 3119
f 3115 3112 3120
f 3080 3119 3118
f 3116 3115 3120
f 3116 3117 3114
f 3084 3086 3082
f 3086 3121 3120
f 3086 3087 3121
f 3121 3087 3122
f 3122 3123 3121
f 3124 3122 3087
f 3117 3107 3113
f 3107 3117 3125
f 3117 3126 3127
f 3127 3125 3117
f 3107 3125 3108
f 3108 3125 3128
f 3129 3109 3108
f 3128 3129 3108
f 3129 3128 3130
f 3131 3129 3130
f 3132 3128 3125
f 3133 3132 3125
f 3127 3133 3125
f 3130 3128 3132
f 3134 3131 3130
f 3129 3110 3109
f 3129 3131 3110
f 3116 3126 3117
f 3126 3135 3136
f 3136 3135 3137
f 3138 3127 3136
f 3122 3124 3123
f 3124 3126 3123
f 3124 3135 3126
f 3135 3124 3139
f 3135 3139 3140
f 3137 3135 3140
f 3137 3138 3136
f 3137 3141 3138
f 3142 3143 3144
f 3143 3141 3145
f 3137 3140 3146
f 3146 3141 3137
f 3146 3145 3141
f 3147 3146 3140
f 3146 3147 3145
f 3148 3143 3145
f 2265 2548 2266
f 2557 2301 2549
f 2673 2302 2301
f 2316 2304 2302
f 2673 2676 2302
f 3149 2302 2676
f 2302 3149 2316
f 2676 2675 2678
f 2678 3149 2676
f 2316 3149 2317
f 3149 3150 2317
f 2317 3150 3151
f 2317 2318 2315
f 2318 2317 3151
f 2318 3152 2319
f 3152 2318 3151
f 3152 3151 3153
f 3149 2678 2677
f 3149 2677 3150
f 2677 2680 3150
f 3150 3153 3151
f 3153 3150 3154
f 2688 3150 2680
f 3150 2688 3154
f 2342 2343 2338
f 3155 2341 2343
f 2342 2319 3156
f 2342 3156 3157
f 2342 3155 2343
f 3155 2342 3157
f 3156 3154 3158
f 3152 3153 2319
f 3153 3156 2319
f 3154 3156 3153
f 3158 3157 3156
f 2340 2341 2256
f 2256 2341 2258
f 2341 2696 2258
f 2696 2341 3159
f 2341 3155 3159
f 3158 3155 3157
f 3154 3160 3158
f 3154 3161 3160
f 3158 3159 3155
f 3162 3159 3158
f 2697 2696 3159
f 3158 3160 3162
f 2697 3159 3162
f 3160 3161 3162
f 2697 3163 2698
f 3163 2697 3162
f 3161 3163 3162
f 2688 2705 3154
f 2688 2713 2705
f 2705 3161 3154
f 3163 2706 2698
f 2709 3163 3161
f 2711 3163 2709
f 2711 2706 3163
f 3161 2705 2709
f 2710 2711 2709
f 3074 3071 3164
f 3079 3073 3076
f 3079 3082 3080
f 3079 3081 3082
f 3120 3112 3119
f 3119 3086 3120
f 3121 3116 3120
f 3123 3116 3121
f 3082 3119 3080
f 3119 3082 3086
f 3138 3133 3127
f 3132 3133 3165
f 3132 3165 3130
f 3134 3130 3142
f 3130 3165 3142
f 3126 3116 3123
f 3126 3136 3127
f 3133 3138 3165
f 3141 3165 3138
f 3165 3141 3143
f 3165 3143 3142
f 1070 1017 85
f 1070 85 1819
f 1072 1070 1824
f 3166 1072 1824
f 1072 3166 1076
f 3167 1076 3166
f 3166 3168 3167
f 3166 1824 3168
f 3168 1824 1828
f 1851 3168 1828
f 1852 1851 1831
f 3167 1083 1076
f 3169 1083 3170
f 1083 3167 3170
f 3170 3167 3168
f 3170 3168 1851
f 3170 1851 1852
f 3171 3172 1852
f 3170 1852 3172
f 1083 3169 1085
f 1153 1085 3169
f 3169 3170 3172
f 3173 3172 3174
f 3169 3172 3173
f 3171 1852 1853
f 3171 1853 1859
f 3172 3171 3174
f 3174 3171 1859
f 3174 1859 3175
f 3175 1859 1860
f 1861 3175 1860
f 3175 1861 1907
f 3176 3174 3175
f 3177 3175 1907
f 3176 3175 3177
f 3177 1907 1913
f 1153 3178 3179
f 3169 3178 1153
f 3180 3179 3178
f 3181 3169 3173
f 3181 3178 3169
f 1153 3179 1152
f 1154 1152 3179
f 1163 1154 3179
f 1163 3179 3180
f 3180 3178 3181
f 3182 3180 3181
f 3183 3181 3173
f 3173 3174 3176
f 3183 3173 3176
f 3183 3176 3184
f 3184 3176 3177
f 3184 3177 3185
f 3182 3181 3183
f 3183 3184 3186
f 3182 3183 3186
f 3187 3180 3182
f 3187 1163 3180
f 3188 1163 3187
f 1166 1163 3188
f 3188 3187 3189
f 1166 1162 1163
f 3188 3190 1166
f 1173 1166 3190
f 3191 3190 3188
f 3189 3187 3182
f 3186 3192 3182
f 3192 3186 3193
f 3189 3182 3192
f 3194 3189 3192
f 3177 1913 1914
f 3177 1914 1938
f 3185 3177 1938
f 3186 3184 3185
f 3195 3186 3185
f 3185 1938 1940
f 3195 3185 1940
f 3196 3195 1940
f 3186 3195 3193
f 3197 3193 3198
f 3198 3195 3196
f 3198 3193 3195
f 3197 3192 3193
f 3192 3197 3194
f 3199 3197 3198
f 3200 3199 3198
f 3197 3199 3201
f 3196 1940 1943
f 3196 1943 1945
f 3196 1945 3198
f 3200 3198 1945
f 3200 1945 3202
f 2173 3202 1945
f 1313 1173 3203
f 3204 1173 3190
f 3203 1173 3204
f 1316 1313 3203
f 1316 3203 3205
f 1318 1314 1316
f 1318 1316 3205
f 3206 1318 3205
f 3207 3203 3204
f 3191 3204 3190
f 3207 3208 3205
f 3205 3203 3207
f 3191 3188 3209
f 3204 3191 3210
f 3210 3191 3211
f 3207 3204 3210
f 3208 3207 3210
f 1317 1318 3212
f 1326 1317 3212
f 1318 3213 3212
f 3213 1318 3206
f 1326 3212 3213
f 3213 3206 3208
f 3208 3206 3205
f 3213 3208 3214
f 1326 3213 3215
f 3216 1328 1326
f 3215 3213 3214
f 3216 1326 3215
f 3217 3215 3214
f 3218 3208 3210
f 3208 3218 3214
f 3210 3211 3219
f 3218 3210 3219
f 3214 3218 3220
f 3217 3214 3220
f 3221 3220 3218
f 3189 3209 3188
f 3209 3189 3194
f 3222 3209 3194
f 3194 3223 3222
f 3224 3222 3223
f 3225 3222 3224
f 3211 3191 3209
f 3211 3209 3226
f 3218 3219 3221
f 3219 3211 3226
f 3221 3219 3226
f 3226 3209 3222
f 3225 3226 3222
f 3220 3221 3227
f 3221 3226 3225
f 3224 3228 3225
f 3216 1338 1328
f 3216 3215 3217
f 3229 3216 3217
f 3230 3229 3217
f 1338 3216 3229
f 1341 1338 3229
f 1341 3229 3231
f 3231 1344 1341
f 1344 3231 3232
f 3231 3229 3230
f 3232 3231 3230
f 3217 3220 3233
f 3234 3233 3220
f 3234 3220 3227
f 3230 3217 3233
f 3230 3233 3234
f 3230 3234 3235
f 3236 3234 3237
f 3232 3230 3235
f 3232 3235 3238
f 1344 3232 1343
f 3239 1343 3232
f 3235 3234 3236
f 3240 3235 3236
f 3240 3236 3241
f 3240 3238 3235
f 3239 3232 3238
f 3241 3238 3240
f 3234 3227 3242
f 3225 3227 3221
f 3242 3227 3225
f 3237 3234 3242
f 3243 3237 3242
f 3243 3242 3225
f 3225 3228 3243
f 3228 3224 3244
f 3245 3228 3244
f 3246 3243 3228
f 3245 3244 3247
f 3237 3248 3236
f 3237 3243 3246
f 3241 3236 3248
f 3248 3237 3249
f 3246 3228 3245
f 3250 3245 3247
f 3250 3246 3245
f 3249 3237 3246
f 3250 3249 3246
f 3201 3194 3197
f 3223 3194 3201
f 3251 3201 3199
f 3199 3200 3252
f 3253 3223 3201
f 3254 3223 3253
f 3224 3223 3254
f 3201 3251 3253
f 3224 3254 3255
f 3254 3253 3256
f 3256 3253 3251
f 3251 3257 3256
f 3257 3251 3258
f 3259 3200 3202
f 3252 3200 3259
f 3202 2173 2177
f 2177 3259 3202
f 3259 2177 3260
f 3252 3259 3258
f 3199 3252 3251
f 3251 3252 3258
f 3260 3258 3259
f 3261 3258 3260
f 3244 3224 3255
f 3262 3255 3254
f 3262 3263 3255
f 3264 3263 3262
f 3262 3254 3265
f 3265 3256 3257
f 3265 3254 3256
f 3266 3262 3267
f 3267 3262 3265
f 3267 3265 3268
f 3264 3262 3266
f 3269 3264 3266
f 3266 3267 3270
f 3270 3267 3268
f 3270 3268 3271
f 3272 3266 3270
f 3270 3271 3272
f 3271 3273 3272
f 3255 3263 3244
f 3263 3247 3244
f 3247 3263 3274
f 3274 3263 3275
f 3264 3275 3263
f 3247 3274 3276
f 3276 3274 3275
f 3277 3275 3264
f 3276 3250 3247
f 3276 3275 3277
f 3278 3276 3277
f 3269 3277 3264
f 3269 3266 3272
f 3279 3257 3258
f 3265 3257 3279
f 3280 3279 3258
f 3280 3258 3261
f 3268 3265 3279
f 3268 3279 3281
f 3281 3279 3280
f 3282 3261 3283
f 3280 3261 3282
f 3281 3280 3282
f 3281 3282 3284
f 3268 3281 3285
f 3268 3285 3286
f 3286 3271 3268
f 3285 3281 3284
f 3284 3282 3287
f 3284 3288 3285
f 3288 3284 3289
f 3290 3285 3288
f 3286 3285 3290
f 3290 3288 3291
f 1371 1343 3239
f 3239 3292 1371
f 3238 3241 3293
f 3293 3239 3238
f 1373 1371 3292
f 3293 3292 3239
f 3241 3248 3294
f 3295 3248 3249
f 3295 3294 3248
f 3293 3241 3294
f 3278 3250 3276
f 3296 3249 3250
f 3296 3250 3278
f 3296 3295 3249
f 3297 3295 3298
f 3294 3295 3297
f 3295 3296 3298
f 3293 3294 3299
f 3299 3292 3293
f 3300 3292 3299
f 3299 3294 3297
f 3299 3297 3301
f 3302 1373 3292
f 3302 3292 3300
f 3303 3302 3300
f 3304 3302 3303
f 3300 3299 3301
f 3305 3300 3301
f 3300 3306 3303
f 3306 3300 3305
f 1381 1373 3302
f 1535 1381 3302
f 1535 3302 3304
f 3307 3273 3271
f 3308 3278 3277
f 3296 3278 3308
f 3308 3277 3269
f 3298 3296 3308
f 3273 3269 3272
f 3308 3269 3273
f 3309 3308 3273
f 3309 3273 3310
f 3297 3298 3311
f 3312 3311 3298
f 3297 3311 3301
f 3313 3311 3312
f 3298 3308 3312
f 3312 3308 3309
f 3312 3309 3314
f 3312 3314 3313
f 3307 3271 3286
f 3310 3273 3307
f 3310 3307 3315
f 3315 3307 3286
f 3316 3286 3290
f 3315 3286 3316
f 3317 3290 3291
f 3317 3318 3290
f 3319 3315 3316
f 3316 3290 3320
f 3320 3290 3318
f 3309 3310 3321
f 3310 3315 3321
f 3322 3323 3321
f 3319 3321 3315
f 3322 3321 3319
f 3319 3316 3320
f 3322 3319 3320
f 3322 3320 3324
f 3314 3309 3321
f 3321 3323 3314
f 3301 3311 3325
f 3301 3325 3305
f 3325 3311 3313
f 3326 3325 3313
f 3327 3305 3325
f 3328 3327 3325
f 3328 3325 3326
f 3326 3329 3328
f 3330 3323 3322
f 3331 3330 3332
f 3332 3330 3333
f 3313 3314 3323
f 3326 3313 3323
f 3326 3323 3331
f 3331 3323 3330
f 3326 3331 3329
f 3329 3331 3332
f 3260 2177 2658
f 2658 2177 2175
f 3334 3260 2658
f 2658 2660 2663
f 3334 2658 2663
f 3261 3260 3335
f 3335 3260 3334
f 3283 3261 3335
f 3287 3282 3283
f 3335 3334 3336
f 3283 3335 3336
f 2666 3334 2663
f 3337 3334 2666
f 3334 3337 3336
f 3287 3283 3338
f 3289 3284 3287
f 3289 3287 3339
f 3339 3287 3338
f 3336 3338 3283
f 3340 3338 3336
f 3339 3338 3340
f 3339 3291 3289
f 3339 3341 3291
f 3342 3339 3340
f 3341 3339 3342
f 3341 3342 3343
f 3291 3288 3289
f 3344 3336 3337
f 3340 3336 3344
f 3345 3340 3344
f 3345 3344 3346
f 3342 3340 3345
f 3342 3345 3347
f 3342 3347 3343
f 3346 3344 3337
f 3348 3349 3346
f 3348 3346 3350
f 3349 3345 3346
f 3347 3345 3349
f 3337 2666 2669
f 3346 3337 2669
f 3350 3346 2669
f 2669 2670 3351
f 3351 3350 2669
f 3341 3343 3352
f 3317 3341 3352
f 3291 3341 3317
f 3353 3318 3317
f 3353 3317 3354
f 3353 3320 3318
f 3320 3353 3355
f 3354 3317 3352
f 3352 3356 3354
f 3357 3353 3354
f 3357 3354 3356
f 3352 3343 3347
f 3347 3358 3352
f 3349 3359 3347
f 3348 3360 3349
f 3359 3349 3360
f 3347 3359 3358
f 3359 3360 3361
f 3356 3352 3358
f 3362 3356 3358
f 3358 3359 3361
f 3362 3358 3361
f 3320 3355 3324
f 3355 3353 3357
f 3363 3355 3357
f 3364 3322 3324
f 3324 3355 3363
f 3364 3324 3363
f 3364 3363 3365
f 3366 3364 3365
f 3362 3361 3367
f 3367 3361 3368
f 3369 3367 3368
f 3370 3362 3367
f 3370 3367 3371
f 3369 3371 3367
f 3372 3370 3371
f 3371 3369 3373
f 3357 3356 3362
f 3363 3357 3362
f 3365 3363 3362
f 3365 3362 3370
f 3365 3370 3366
f 3350 3374 3348
f 3375 3360 3348
f 3375 3348 3376
f 3376 3348 3374
f 3374 3350 3351
f 3375 3376 3377
f 3375 3377 3378
f 3361 3360 3375
f 3375 3368 3361
f 3368 3375 3378
f 3377 3376 3374
f 3374 3351 2670
f 3379 3374 2670
f 3380 3368 3378
f 3380 3378 3381
f 3369 3368 3380
f 3381 3378 3377
f 3374 3379 3377
f 3381 3377 3379
f 3369 3380 3381
f 3369 3381 3382
f 3379 2670 2724
f 3381 3379 2724
f 3383 3381 2724
f 3381 3383 3382
f 3383 2724 2725
f 3364 3330 3322
f 3330 3364 3384
f 3384 3364 3366
f 3384 3333 3330
f 3372 3371 3373
f 3372 3366 3370
f 3385 3366 3372
f 3384 3366 3385
f 3385 3372 3386
f 3387 3333 3384
f 3388 3332 3333
f 3388 3333 3387
f 3387 3384 3385
f 3386 3387 3385
f 3389 3387 3386
f 3389 3386 3390
f 3391 3387 3389
f 3372 3373 3392
f 3392 3386 3372
f 3373 3369 3382
f 3373 3382 3392
f 3390 3386 3392
f 3383 3393 3382
f 3393 3392 3382
f 3390 3392 3393
f 3390 3393 3389
f 3393 3394 3389
f 3394 3393 2767
f 2767 3393 3383
f 2997 3394 2767
f 2767 3383 2725
f 2767 2769 2997
f 3395 3303 3306
f 3396 3395 3306
f 3397 3395 3398
f 3398 3395 3396
f 3396 3306 3305
f 3396 3305 3327
f 3399 3396 3327
f 3399 3398 3396
f 3400 3398 3399
f 3401 3400 3399
f 3402 3400 3401
f 3403 1383 1535
f 3304 3403 1535
f 3395 3304 3303
f 1540 1383 3403
f 1540 3403 3404
f 3403 3405 3404
f 3406 3403 3397
f 3403 3304 3397
f 3405 3403 3406
f 3407 3406 3397
f 3397 3304 3395
f 3407 3397 3398
f 3407 3398 3400
f 1543 1542 1540
f 1543 1540 3404
f 1563 1543 3404
f 1563 3404 3408
f 3408 3404 3405
f 1560 1543 1563
f 1563 3408 3409
f 3410 3405 3406
f 3410 3406 3407
f 3411 3410 3407
f 3408 3405 3410
f 3408 3410 3412
f 3409 3408 3412
f 3412 3410 3411
f 3409 1572 1563
f 1571 3409 3413
f 1572 1562 1563
f 1571 1572 3409
f 1562 1571 1570
f 1598 1570 1571
f 3414 1571 3413
f 3415 3409 3412
f 3416 3415 3412
f 3417 3413 3409
f 3414 3413 3417
f 3417 3409 3415
f 3417 3415 3418
f 3411 3407 3419
f 3419 3407 3400
f 3420 3419 3400
f 3420 3400 3402
f 3416 3411 3419
f 3412 3411 3416
f 3416 3419 3421
f 3418 3415 3416
f 3418 3416 3422
f 3422 3416 3421
f 3423 3422 3421
f 3421 3419 3420
f 3402 3424 3420
f 3420 3423 3421
f 3425 3423 3420
f 3424 3425 3420
f 3425 3424 3426
f 3427 3327 3328
f 3428 3328 3329
f 3427 3328 3428
f 3399 3327 3427
f 3429 3399 3427
f 3429 3427 3428
f 3430 3429 3428
f 3431 3329 3332
f 3432 3329 3431
f 3428 3329 3432
f 3432 3430 3428
f 3430 3432 3433
f 3434 3432 3431
f 3433 3432 3434
f 3401 3399 3429
f 3429 3435 3401
f 3402 3401 3436
f 3401 3435 3436
f 3430 3435 3429
f 3424 3402 3436
f 3426 3424 3436
f 3426 3436 3437
f 3437 3436 3435
f 3437 3435 3430
f 3437 3430 3438
f 3439 3426 3437
f 3440 3439 3437
f 3440 3437 3438
f 3441 3430 3433
f 3442 3430 3441
f 3442 3438 3430
f 3442 3443 3438
f 3441 3433 3444
f 3444 3445 3441
f 3414 1598 1571
f 3446 3447 3414
f 3447 1598 3414
f 1600 1598 3447
f 3446 3417 3418
f 3448 3446 3449
f 3446 3414 3417
f 3446 3450 3447
f 3450 3446 3448
f 3451 1600 3447
f 1599 1600 1603
f 1600 3451 1603
f 3452 3451 3447
f 3452 3447 3450
f 3452 3450 3453
f 3448 3454 3450
f 3453 3450 3454
f 3451 3452 3455
f 3455 3452 3453
f 3455 3453 3456
f 3454 3456 3453
f 3449 3422 3457
f 3446 3418 3449
f 3449 3418 3422
f 3457 3422 3423
f 3448 3449 3458
f 3459 3449 3457
f 3457 3423 3459
f 3459 3423 3460
f 3461 3425 3426
f 3425 3461 3423
f 3460 3423 3461
f 3462 3459 3460
f 3458 3449 3459
f 3458 3459 3463
f 3454 3448 3458
f 3464 3454 3458
f 3464 3458 3465
f 3464 3456 3454
f 3466 3463 3459
f 3458 3463 3465
f 3465 3463 3466
f 3466 3459 3462
f 3467 3466 3462
f 3466 3467 3468
f 3465 3466 3468
f 1601 1603 3451
f 3469 1601 3451
f 3469 3451 3455
f 1608 1601 3469
f 3470 3455 3456
f 3471 1608 3469
f 3455 3472 3469
f 3472 3455 3470
f 3464 3470 3456
f 3473 3470 3464
f 3474 3465 3468
f 3464 3474 3473
f 3474 3464 3465
f 3473 3472 3470
f 3475 3472 3473
f 3473 3474 3476
f 3439 3477 3426
f 3440 3438 3443
f 3477 3439 3478
f 3478 3439 3440
f 3479 3478 3440
f 3479 3440 3443
f 3480 3478 3479
f 3478 3480 3481
f 3480 3479 3482
f 3481 3480 3483
f 3483 3480 3482
f 3483 3482 3484
f 3485 3483 3484
f 3442 3486 3443
f 3487 3442 3441
f 3486 3442 3487
f 3479 3443 3486
f 3488 3486 3487
f 3489 3486 3488
f 3487 3441 3445
f 3488 3487 3445
f 3490 3488 3445
f 3491 3479 3486
f 3491 3486 3489
f 3482 3491 3484
f 3482 3479 3491
f 3484 3491 3489
f 3492 3484 3489
f 3493 3489 3488
f 3493 3492 3489
f 3494 3492 3495
f 3495 3496 3494
f 3484 3492 3494
f 3497 3484 3494
f 3495 3488 3490
f 3493 3488 3495
f 3495 3492 3493
f 3498 3495 3490
f 3497 3485 3484
f 3497 3494 3496
f 3496 3495 3499
f 3499 3495 3500
f 3500 3501 3499
f 3497 3496 3499
f 3497 3499 3501
f 3495 3498 3500
f 3502 3501 3500
f 3503 3497 3504
f 3504 3497 3501
f 3505 3501 3502
f 3505 3504 3501
f 3426 3477 3461
f 3506 3460 3461
f 3506 3461 3477
f 3462 3460 3506
f 3506 3467 3462
f 3467 3506 3478
f 3477 3478 3506
f 3467 3478 3481
f 3468 3467 3507
f 3507 3467 3481
f 3508 3468 3507
f 3474 3468 3508
f 3509 3508 3507
f 3509 3474 3508
f 3507 3481 3485
f 3485 3481 3483
f 3510 3507 3485
f 3509 3507 3510
f 3509 3476 3474
f 3509 3511 3476
f 3511 3509 3510
f 3511 3510 3503
f 3503 3510 3485
f 3497 3503 3485
f 3431 3332 3388
f 3387 3391 3388
f 3431 3388 3512
f 3388 3391 3512
f 3391 3513 3512
f 3512 3513 3514
f 3434 3431 3512
f 3394 3391 3389
f 3513 3391 3394
f 3515 3513 3394
f 2997 3515 3394
f 3515 3514 3513
f 3514 3516 3512
f 3516 3514 3517
f 3518 3516 3517
f 3518 3517 3519
f 3434 3512 3520
f 3520 3512 3516
f 3444 3433 3434
f 3444 3434 3520
f 3521 3444 3520
f 3445 3444 3521
f 3521 3520 3518
f 3516 3518 3520
f 3522 3521 3518
f 3523 3514 3515
f 3517 3514 3524
f 3524 3514 3523
f 3524 3525 3517
f 3525 3524 3526
f 2996 2999 2997
f 2997 3527 3515
f 2997 2999 3527
f 3527 3523 3515
f 3527 3528 3523
f 3527 2999 3528
f 2999 3002 3528
f 3529 3528 3002
f 3002 2999 2998
f 3523 3530 3524
f 3530 3523 3528
f 3004 3529 3002
f 3528 3529 3531
f 3531 3529 3532
f 3532 3529 3004
f 3533 3004 3026
f 3532 3004 3533
f 3030 3533 3026
f 3524 3530 3526
f 3528 3531 3530
f 3526 3530 3534
f 3535 3534 3536
f 3536 3531 3537
f 3532 3537 3531
f 3533 3537 3532
f 3533 3538 3537
f 3538 3533 3030
f 3538 3030 3032
f 3539 3536 3537
f 3534 3530 3531
f 3534 3531 3536
f 3538 3032 3103
f 3538 3539 3537
f 3445 3521 3490
f 3521 3522 3540
f 3522 3518 3519
f 3540 3490 3521
f 3541 3490 3540
f 3541 3498 3490
f 3542 3541 3540
f 3517 3525 3519
f 3519 3525 3543
f 3543 3525 3526
f 3544 3519 3543
f 3544 3542 3519
f 3544 3543 3545
f 3540 3522 3519
f 3519 3542 3540
f 3541 3546 3498
f 3502 3498 3546
f 3502 3500 3498
f 3542 3546 3541
f 3542 3547 3546
f 3547 3542 3548
f 3546 3549 3502
f 3505 3502 3549
f 3547 3550 3546
f 3546 3550 3549
f 3548 3544 3551
f 3551 3552 3548
f 3552 3551 3553
f 3552 3553 3554
f 3555 3554 3553
f 3548 3542 3544
f 3550 3547 3556
f 3547 3548 3552
f 3547 3552 3556
f 3554 3556 3552
f 3535 3526 3534
f 3535 3543 3526
f 3557 3539 3538
f 3539 3535 3536
f 3557 3538 3103
f 3105 3558 3101
f 3559 3535 3539
f 3559 3539 3557
f 3557 3560 3559
f 3560 3557 3558
f 3558 3103 3101
f 3558 3557 3103
f 3543 3535 3545
f 3561 3545 3535
f 3562 3561 3535
f 3562 3563 3561
f 3105 3110 3564
f 3564 3558 3105
f 3535 3559 3562
f 3562 3559 3560
f 3110 3565 3564
f 3131 3565 3110
f 3560 3566 3562
f 3566 3560 3558
f 3567 3566 3564
f 3568 3562 3566
f 3568 3563 3562
f 3568 3566 3567
f 3566 3558 3564
f 3134 3142 3569
f 3134 3569 3570
f 3569 3571 3570
f 3572 3565 3570
f 3551 3545 3573
f 3551 3544 3545
f 3573 3561 3563
f 3574 3573 3563
f 3573 3545 3561
f 3568 3575 3563
f 3576 3551 3573
f 3576 3553 3551
f 3574 3576 3573
f 3575 3574 3563
f 3577 3574 3575
f 3577 3578 3574
f 3579 3575 3580
f 3575 3579 3577
f 3134 3565 3131
f 3564 3565 3567
f 3580 3568 3567
f 3570 3565 3134
f 3567 3565 3572
f 3572 3580 3567
f 3575 3568 3580
f 3580 3572 3579
f 3569 3142 3144
f 3144 3571 3569
f 3148 3144 3143
f 3581 3572 3570
f 3570 3571 3581
f 3148 3582 3144
f 3582 3571 3144
f 3583 3582 3148
f 3571 3582 3583
f 3583 3581 3571
f 3578 3576 3574
f 3576 3578 3553
f 3584 3578 3577
f 3579 3572 3581
f 3585 3579 3581
f 3555 3553 3578
f 3586 3578 3584
f 3584 3577 3579
f 3585 3584 3579
f 3587 834 833
f 836 834 3587
f 3588 833 832
f 3589 836 3587
f 3587 3590 3589
f 3590 3587 833
f 836 3591 835
f 3590 833 3588
f 3591 3589 3592
f 836 3589 3591
f 832 837 3593
f 3593 837 839
f 3593 839 3594
f 832 3593 3595
f 832 3595 3588
f 3594 3595 3593
f 3595 3596 3588
f 3597 3598 3599
f 3600 3599 3596
f 3597 3599 3600
f 3601 3600 3596
f 3595 3602 3596
f 3601 3596 3602
f 3589 3590 3598
f 3592 3589 3598
f 3603 3591 3592
f 3591 3603 3604
f 3598 3597 3592
f 3605 3592 3597
f 3605 3603 3592
f 3603 3606 3604
f 3588 3599 3590
f 3598 3590 3599
f 3596 3599 3588
f 3595 3594 3602
f 3607 3597 3600
f 3605 3597 3607
f 3608 3600 3601
f 3607 3600 3608
f 3609 3605 3607
f 3601 3602 3610
f 3609 3607 3611
f 3612 3611 3613
f 3612 3609 3611
f 3610 3608 3601
f 3613 3608 3614
f 3614 3608 3610
f 3614 3610 3615
f 3605 3609 3603
f 3606 3603 3609
f 3616 3606 3609
f 3617 3618 3614
f 3614 3618 3619
f 3620 3618 3617
f 3621 3612 3613
f 3621 3622 3612
f 3622 3623 3612
f 3619 3613 3614
f 3615 3617 3614
f 3624 3625 3626
f 3620 3627 3618
f 3622 3628 3623
f 3619 3625 3621
f 3622 3621 3625
f 3624 3628 3622
f 3624 3622 3625
f 3629 3630 3631
f 3632 3629 3631
f 3612 3616 3609
f 3612 3623 3616
f 3633 3631 3616
f 3631 3606 3616
f 3630 3606 3631
f 3616 3623 3633
f 3623 3628 3633
f 3634 3633 3628
f 3633 3632 3631
f 3634 3632 3633
f 870 3635 874
f 3636 879 874
f 874 3637 3636
f 3638 3636 3637
f 3639 3636 3638
f 3640 3636 3639
f 3641 3639 3638
f 3635 831 835
f 3635 870 831
f 3604 835 3591
f 3642 3635 835
f 3637 874 3635
f 3642 835 3604
f 3642 3604 3643
f 3637 3635 3642
f 3642 3638 3637
f 3606 3643 3604
f 3644 3642 3643
f 3644 3638 3642
f 879 872 874
f 880 3645 882
f 3645 883 882
f 3646 880 879
f 3646 3645 880
f 3640 879 3636
f 3647 3640 3639
f 3646 879 3640
f 3648 3646 3640
f 3648 3640 3647
f 3646 3648 3649
f 3650 3649 3648
f 3630 3643 3606
f 3644 3643 3651
f 3652 3638 3644
f 3644 3651 3652
f 3651 3643 3630
f 3653 3651 3630
f 3654 3652 3651
f 3654 3651 3653
f 3638 3652 3641
f 3654 3655 3652
f 3652 3655 3641
f 3656 3641 3655
f 3657 3656 3655
f 3629 3653 3630
f 3653 3629 3654
f 3632 3658 3629
f 3659 3654 3629
f 3660 3655 3654
f 3655 3660 3657
f 3654 3659 3660
f 3661 3660 3659
f 3662 3639 3641
f 3663 3662 3641
f 3662 3647 3639
f 3656 3663 3641
f 3664 3662 3663
f 3664 3647 3662
f 3647 3650 3648
f 3650 3647 3664
f 3664 3665 3650
f 3666 3663 3657
f 3666 3664 3663
f 3667 3668 3666
f 3668 3664 3666
f 3664 3668 3665
f 3667 3669 3668
f 3670 3669 3667
f 3669 3671 3668
f 3669 3672 3671
f 3657 3663 3656
f 3667 3657 3660
f 3666 3657 3667
f 3624 3673 3674
f 3675 3628 3624
f 3674 3675 3624
f 3673 3627 3676
f 3677 3673 3676
f 3678 3673 3677
f 3679 3673 3678
f 3679 3674 3673
f 3680 3674 3679
f 3681 3628 3675
f 3681 3634 3628
f 3682 3634 3681
f 3681 3674 3682
f 3674 3681 3675
f 3683 3678 3684
f 3683 3679 3678
f 3680 3679 3683
f 3683 3685 3680
f 3685 3686 3680
f 3680 3682 3674
f 3687 3682 3680
f 3687 3680 3686
f 3688 3686 3689
f 3629 3690 3659
f 3690 3629 3658
f 3690 3691 3692
f 3691 3690 3658
f 3693 3691 3694
f 3634 3658 3632
f 3694 3634 3682
f 3634 3694 3658
f 3691 3658 3694
f 3690 3695 3659
f 3695 3661 3659
f 3690 3692 3695
f 3696 3661 3695
f 3691 3693 3692
f 3692 3696 3695
f 3692 3697 3696
f 3692 3698 3697
f 3687 3694 3682
f 3693 3694 3699
f 3687 3686 3699
f 3699 3694 3687
f 3692 3693 3698
f 3700 3698 3693
f 3698 3700 3701
f 3700 3693 3699
f 3702 3669 3670
f 3702 3672 3669
f 3703 3702 3704
f 3661 3705 3660
f 3667 3660 3705
f 3696 3705 3661
f 3670 3667 3705
f 3670 3705 3706
f 3705 3696 3706
f 3697 3706 3696
f 3707 3670 3706
f 3707 3706 3697
f 3697 3708 3707
f 3704 3670 3707
f 3702 3670 3704
f 3698 3708 3697
f 3709 3708 3698
f 3709 3710 3708
f 3698 3701 3709
f 3711 3709 3701
f 3711 3710 3709
f 3708 3704 3707
f 3712 3704 3708
f 3712 3708 3710
f 3703 3704 3712
f 3713 3712 3710
f 3712 3713 3703
f 3699 3686 3714
f 3715 3714 3716
f 3716 3714 3686
f 3700 3717 3701
f 3699 3714 3700
f 3714 3717 3700
f 3715 3717 3714
f 3686 3688 3716
f 3688 3718 3716
f 3715 3719 3717
f 3716 3720 3715
f 3719 3715 3720
f 3718 3720 3716
f 3721 3701 3717
f 3721 3711 3701
f 3722 3721 3717
f 3721 3722 3723
f 3710 3711 3724
f 3723 3724 3711
f 3723 3711 3721
f 3725 3724 3723
f 3723 3726 3725
f 3717 3719 3722
f 3723 3722 3726
f 3727 3722 3719
f 3719 3728 3727
f 3727 3726 3722
f 955 957 3729
f 955 3729 958
f 3730 958 3731
f 3731 958 3729
f 957 3731 3729
f 3732 3731 957
f 3731 3733 3730
f 3734 3731 3732
f 3734 3733 3731
f 3732 3735 3734
f 3736 3734 3735
f 3737 3733 3734
f 3736 3737 3734
f 3646 3738 3645
f 3739 883 3645
f 3740 960 883
f 3740 956 960
f 956 3740 957
f 3739 3740 883
f 3738 3739 3645
f 3649 3738 3646
f 3741 3739 3738
f 3741 3740 3739
f 3649 3742 3738
f 3741 3738 3742
f 3741 957 3740
f 3732 957 3741
f 3735 3741 3743
f 3735 3732 3741
f 3742 3649 3744
f 3650 3744 3649
f 3744 3650 3665
f 3744 3745 3746
f 3741 3742 3743
f 3746 3743 3742
f 3746 3742 3744
f 3665 3745 3744
f 3665 3668 3671
f 3671 3745 3665
f 3671 3747 3745
f 3748 3747 3671
f 3749 3746 3745
f 3747 3749 3745
f 3750 3749 3747
f 3735 3743 3751
f 3746 3752 3743
f 3751 3743 3752
f 3751 3736 3735
f 3753 3736 3751
f 3749 3752 3746
f 3754 3752 3749
f 3755 3751 3752
f 3751 3756 3753
f 3755 3756 3751
f 3755 3757 3756
f 3754 3755 3752
f 3755 3754 3757
f 3758 3756 3757
f 959 958 976
f 958 3730 976
f 3759 3730 3733
f 975 976 978
f 3760 977 978
f 978 976 3730
f 3759 978 3730
f 3737 3759 3733
f 3761 3759 3737
f 3759 3760 978
f 3760 3759 3761
f 3762 979 977
f 3762 980 979
f 980 3762 3763
f 3762 3764 3763
f 3765 977 3760
f 977 3765 3762
f 3764 3762 3765
f 3737 3736 3766
f 3737 3766 3761
f 3753 3766 3736
f 3767 3766 3753
f 3767 3761 3766
f 3761 3767 3768
f 3769 3768 3767
f 3770 3771 3767
f 3767 3771 3769
f 3771 3772 3769
f 3773 3772 3771
f 3761 3774 3760
f 3761 3768 3774
f 3775 3760 3774
f 3776 3775 3774
f 3775 3765 3760
f 3775 3777 3765
f 3776 3774 3768
f 3778 3768 3769
f 3768 3778 3776
f 3778 3779 3776
f 3780 3778 3772
f 3778 3769 3772
f 3779 3778 3780
f 3781 3777 3775
f 3779 3775 3776
f 3775 3779 3781
f 3779 3780 3782
f 3782 3781 3779
f 3770 3753 3756
f 3756 3758 3770
f 3770 3767 3753
f 3783 3672 3702
f 3748 3671 3672
f 3672 3784 3748
f 3783 3784 3672
f 3703 3783 3702
f 3785 3784 3783
f 3748 3750 3747
f 3784 3750 3748
f 3784 3785 3786
f 3787 3788 3750
f 3787 3784 3786
f 3787 3750 3784
f 3713 3789 3703
f 3783 3703 3789
f 3785 3783 3789
f 3790 3785 3789
f 3791 3790 3789
f 3791 3789 3713
f 3792 3791 3713
f 3786 3785 3790
f 3793 3787 3786
f 3794 3786 3790
f 3786 3794 3793
f 3795 3790 3791
f 3794 3790 3795
f 3724 3713 3710
f 3792 3713 3724
f 3788 3754 3749
f 3796 3754 3788
f 3797 3796 3788
f 3798 3796 3797
f 3788 3749 3750
f 3787 3797 3788
f 3757 3754 3799
f 3796 3799 3754
f 3800 3758 3757
f 3800 3757 3799
f 3796 3798 3799
f 3800 3799 3798
f 3801 3800 3798
f 3802 3798 3797
f 3797 3787 3793
f 3793 3802 3797
f 3803 3802 3793
f 3794 3803 3793
f 3804 3798 3802
f 3804 3801 3798
f 3804 3805 3801
f 3806 3804 3802
f 3804 3806 3807
f 3808 3795 3791
f 3808 3791 3792
f 3809 3795 3808
f 3810 3808 3792
f 3808 3810 3811
f 3808 3811 3809
f 3811 3812 3813
f 3814 3792 3724
f 3725 3814 3724
f 3810 3792 3814
f 3815 3810 3814
f 3726 3814 3725
f 3726 3815 3814
f 3816 3815 3726
f 3817 3726 3727
f 3817 3816 3726
f 3812 3810 3815
f 3812 3811 3810
f 3812 3815 3818
f 3813 3812 3818
f 3816 3818 3815
f 3795 3803 3794
f 3809 3819 3795
f 3802 3803 3806
f 3819 3803 3795
f 3819 3809 3820
f 3809 3811 3821
f 3821 3820 3809
f 3804 3807 3805
f 3822 3805 3807
f 3803 3819 3806
f 3823 3807 3806
f 3806 3819 3823
f 3820 3823 3819
f 3823 3822 3807
f 3813 3821 3811
f 3813 3824 3821
f 3824 3820 3821
f 3813 3818 3825
f 3824 3813 3826
f 3820 3827 3823
f 3827 3820 3824
f 3824 3826 3828
f 3824 3828 3827
f 3829 3827 3828
f 3771 3830 3831
f 3773 3771 3831
f 3773 3780 3772
f 3780 3773 3782
f 3831 3832 3773
f 3832 3782 3773
f 3833 3834 3782
f 3833 3832 3835
f 3782 3832 3833
f 3836 3831 3837
f 3835 3831 3836
f 3831 3835 3832
f 3836 3838 3835
f 3839 3840 3838
f 3841 3770 3758
f 3841 3771 3770
f 3800 3841 3758
f 3842 3841 3800
f 3830 3771 3841
f 3843 3800 3801
f 3843 3842 3800
f 3801 3805 3843
f 3844 3842 3843
f 3841 3842 3830
f 3830 3837 3831
f 3830 3842 3837
f 3844 3845 3842
f 3845 3837 3842
f 3837 3839 3836
f 3845 3839 3837
f 3846 3843 3805
f 3805 3822 3846
f 3846 3844 3843
f 3847 3822 3823
f 3848 3846 3822
f 3846 3848 3844
f 3847 3848 3822
f 3849 3845 3844
f 3848 3850 3844
f 3851 3849 3852
f 3849 3844 3850
f 3849 3850 3852
f 3853 3847 3854
f 3847 3853 3848
f 3853 3854 3855
f 3847 3823 3827
f 3847 3827 3854
f 3829 3854 3827
f 3828 3856 3829
f 3856 3854 3829
f 3853 3850 3848
f 3850 3853 3857
f 3855 3857 3853
f 3857 3852 3850
f 3858 3852 3857
f 3858 3857 3855
f 3859 3860 3858
f 3859 3858 3855
f 3861 3855 3854
f 3851 3839 3845
f 3849 3851 3845
f 3839 3838 3836
f 3862 3839 3851
f 3840 3839 3862
f 3863 3840 3862
f 3864 3851 3852
f 3864 3865 3851
f 3860 3865 3864
f 3864 3852 3858
f 3865 3862 3851
f 3866 3863 3862
f 3866 3862 3865
f 3860 3864 3858
f 3860 3866 3865
f 3867 3863 3866
f 3867 3866 3868
f 3860 3868 3866
f 3863 3867 3869
f 3870 3718 3688
f 3870 3871 3718
f 3870 3872 3871
f 3873 3871 3872
f 3873 3872 3874
f 3875 3720 3718
f 3875 3728 3720
f 3728 3719 3720
f 3871 3875 3718
f 3871 3876 3875
f 3877 3728 3875
f 3876 3877 3875
f 3728 3878 3727
f 3817 3878 3879
f 3878 3728 3877
f 3871 3873 3876
f 3873 3880 3876
f 3876 3881 3877
f 3880 3881 3876
f 3882 3873 3874
f 3873 3882 3880
f 3880 3882 3883
f 3884 3882 3874
f 3884 3885 3882
f 3727 3878 3817
f 3886 3816 3817
f 3877 3879 3878
f 3879 3886 3817
f 3887 3886 3879
f 3886 3818 3816
f 3888 3818 3886
f 3887 3888 3886
f 3881 3889 3877
f 3889 3887 3879
f 3889 3879 3877
f 3890 3891 3889
f 3881 3890 3889
f 3891 3887 3889
f 3890 3892 3891
f 3813 3825 3826
f 3893 3826 3825
f 3893 3828 3826
f 3893 3894 3828
f 3895 3893 3896
f 3896 3893 3825
f 3818 3888 3825
f 3888 3896 3825
f 3897 3888 3887
f 3887 3891 3897
f 3888 3897 3896
f 3897 3898 3896
f 3892 3897 3891
f 3899 3897 3892
f 3898 3895 3896
f 3898 3900 3895
f 3901 3900 3898
f 3883 3881 3880
f 3883 3890 3881
f 3890 3883 3902
f 3883 3882 3885
f 3902 3892 3890
f 3883 3903 3902
f 3903 3883 3885
f 3903 3885 3904
f 3905 3892 3902
f 3905 3902 3903
f 3905 3899 3892
f 3897 3901 3898
f 3897 3899 3901
f 3901 3906 3900
f 3906 3901 3907
f 3899 3907 3901
f 3908 3899 3905
f 3899 3908 3907
f 3904 3905 3903
f 3904 3909 3905
f 3905 3909 3908
f 3910 3907 3908
f 3909 3910 3908
f 3894 3856 3828
f 3854 3856 3861
f 3911 3861 3856
f 3894 3911 3856
f 3859 3855 3861
f 3912 3859 3861
f 3912 3861 3911
f 3911 3894 3913
f 3911 3913 3912
f 3912 3913 3914
f 3893 3895 3894
f 3913 3894 3915
f 3895 3915 3894
f 3895 3900 3915
f 3916 3915 3900
f 3917 3914 3913
f 3913 3915 3918
f 3916 3918 3915
f 3859 3919 3860
f 3920 3919 3859
f 3921 3919 3920
f 3912 3920 3859
f 3920 3912 3914
f 3922 3920 3914
f 3920 3922 3921
f 3860 3919 3868
f 3923 3868 3919
f 3924 3867 3868
f 3923 3924 3868
f 3923 3925 3924
f 3921 3923 3919
f 3922 3923 3921
f 3923 3922 3926
f 3926 3927 3923
f 3922 3914 3917
f 3922 3917 3928
f 3918 3917 3913
f 3928 3926 3922
f 3929 3918 3916
f 3906 3916 3900
f 3916 3906 3930
f 3931 3916 3930
f 3930 3932 3931
f 3931 3932 3933
f 3930 3906 3907
f 3907 3910 3930
f 3932 3930 3910
f 3910 3934 3932
f 3929 3917 3918
f 3929 3928 3917
f 3916 3935 3929
f 3929 3935 3936
f 3929 3937 3928
f 3936 3937 3929
f 3931 3935 3916
f 3933 3935 3931
f 3935 3938 3936
f 3939 3885 3884
f 3939 3904 3885
f 3940 3904 3939
f 3941 3940 3939
f 3941 3942 3943
f 3944 3909 3904
f 3945 3909 3944
f 3904 3940 3944
f 3943 3940 3941
f 3944 3943 3946
f 3943 3944 3940
f 3944 3946 3945
f 3946 3947 3945
f 3948 3949 3942
f 3949 3943 3942
f 3950 3949 3948
f 3951 3949 3950
f 3943 3949 3952
f 3953 3952 3949
f 3953 3954 3952
f 3943 3952 3946
f 3946 3955 3947
f 3952 3955 3946
f 3952 3954 3955
f 3956 3951 3957
f 3953 3949 3951
f 3956 3953 3951
f 3958 3955 3954
f 3958 3959 3955
f 3956 3954 3953
f 3954 3956 3960
f 3961 3958 3954
f 3954 3960 3961
f 3962 3959 3958
f 3962 3958 3961
f 3963 3964 3962
f 3909 3934 3910
f 3909 3945 3934
f 3945 3965 3934
f 3934 3933 3932
f 3947 3965 3945
f 3966 3965 3947
f 3965 3967 3934
f 3968 3965 3966
f 3967 3969 3933
f 3933 3969 3935
f 3970 3969 3967
f 3969 3938 3935
f 3971 3938 3969
f 3970 3971 3969
f 3967 3933 3934
f 3965 3968 3967
f 3967 3968 3970
f 3972 3947 3955
f 3972 3955 3973
f 3947 3972 3966
f 3966 3974 3975
f 3974 3966 3972
f 3959 3973 3955
f 3973 3976 3977
f 3973 3959 3964
f 3964 3959 3962
f 3976 3973 3964
f 3977 3972 3973
f 3974 3972 3977
f 3977 3978 3974
f 3974 3978 3979
f 3980 3977 3976
f 3980 3978 3977
f 3981 3982 3978
f 3975 3968 3966
f 3975 3983 3968
f 3970 3968 3983
f 3970 3983 3984
f 3983 3985 3984
f 3979 3975 3974
f 3982 3975 3979
f 3975 3982 3986
f 3982 3979 3978
f 3983 3986 3987
f 3975 3986 3983
f 3987 3985 3983
f 3988 3960 3956
f 3988 3961 3960
f 3961 3988 3962
f 3989 3962 3988
f 3989 3990 3962
f 3990 3963 3962
f 3991 3963 3990
f 3992 3991 3990
f 3990 3993 3992
f 3994 3992 3993
f 3993 3995 3994
f 3963 3996 3964
f 3991 3996 3963
f 3996 3976 3964
f 3976 3996 3980
f 3996 3997 3980
f 3998 3996 3991
f 3992 3998 3991
f 3998 3992 3999
f 3998 3999 4000
f 3998 4001 3996
f 4000 4001 3998
f 3997 3978 3980
f 3981 3978 3997
f 4002 3981 3997
f 3996 4001 3997
f 4002 3997 4001
f 4002 4001 4003
f 4003 4001 4000
f 3981 4002 4003
f 4004 3981 4003
f 4004 4003 4005
f 3994 3999 3992
f 3995 3999 3994
f 3999 3995 4006
f 4000 3999 4006
f 4000 4006 4007
f 4008 4006 3995
f 4009 4010 4007
f 4006 4008 4007
f 4007 4010 4000
f 4003 4000 4010
f 4011 4005 4010
f 4003 4010 4005
f 4005 4011 4012
f 4010 4009 4011
f 4013 4011 4009
f 4014 4012 4011
f 3986 3982 4015
f 4015 4016 3986
f 4017 3982 3981
f 3982 4017 4015
f 4018 4015 4017
f 3981 4004 4017
f 4004 4018 4017
f 4018 4019 4015
f 4019 4016 4015
f 3986 4016 3987
f 4016 4020 3987
f 4016 4019 4020
f 4021 4018 4004
f 4005 4021 4004
f 4022 4021 4005
f 4005 4012 4022
f 4018 4021 4019
f 4023 4021 4022
f 4024 4022 4012
f 4023 4022 4024
f 4024 4012 4014
f 4023 4019 4021
f 4025 4023 4024
f 4019 4026 4020
f 4027 4020 4026
f 4026 4019 4023
f 4023 4025 4026
f 4028 4026 4025
f 4026 4028 4029
f 4029 4027 4026
f 4009 4007 4030
f 4031 4009 4030
f 4031 4013 4009
f 4011 4013 4014
f 4014 4032 4033
f 4032 4014 4013
f 4034 4032 4013
f 4035 4033 4032
f 4034 4013 4031
f 4034 4031 4036
f 4037 4034 4036
f 4038 4032 4034
f 4038 4035 4032
f 4037 4038 4034
f 4035 4038 4039
f 4040 4038 4037
f 4040 4039 4038
f 4041 4040 4037
f 4042 4040 4043
f 4040 4042 4044
f 4033 4024 4014
f 4045 4024 4033
f 4046 4025 4024
f 4028 4025 4046
f 4024 4045 4046
f 4045 4033 4035
f 4045 4039 4047
f 4047 4048 4046
f 4046 4045 4047
f 4048 4028 4046
f 4048 4029 4028
f 4047 4049 4048
f 4050 4029 4048
f 4035 4039 4045
f 4051 4047 4039
f 4049 4047 4051
f 4040 4051 4039
f 4044 4051 4040
f 4051 4052 4049
f 4052 4051 4053
f 4048 4049 4052
f 4050 4048 4052
f 4050 4052 4054
f 4043 4044 4042
f 4043 4055 4044
f 4044 4053 4051
f 4044 4055 4053
f 4053 4056 4052
f 4057 4053 4055
f 4057 4055 4058
f 4057 4058 4059
f 4060 4057 4059
f 4056 4053 4057
f 4061 4057 4060
f 4061 4056 4057
f 4052 4056 4062
f 4054 4052 4062
f 4061 4062 4056
f 4061 4063 4062
f 4063 4054 4062
f 4060 4059 4064
f 4060 4064 4061
f 4065 4061 4064
f 4065 4063 4061
f 4065 4066 4063
f 4065 4067 4066
f 4068 4066 4067
f 4069 4068 4067
f 4070 4069 4067
f 4071 4072 4073
f 3611 3607 3608
f 3613 3611 3608
f 3613 3619 3621
f 3618 3625 3619
f 3618 3627 3625
f 3627 3626 3625
f 3673 3626 3627
f 3626 3673 3624
f 4008 4030 4007
f 4043 4058 4055
f 4069 4073 4072
f 4074 4075 4076
f 4074 4077 4075
f 4078 4076 4079
f 4080 4078 4079
f 4079 4076 4075
f 4081 4080 4079
f 4075 4082 4079
f 4083 4084 4085
f 4086 4087 4085
f 4083 4075 4084
f 4075 4083 4082
f 4087 4088 4085
f 4083 4085 4088
f 4089 4079 4082
f 4079 4089 4081
f 4090 4089 4082
f 4091 4081 4089
f 4091 4089 4092
f 4093 4082 4083
f 4090 4082 4094
f 4094 4082 4093
f 4093 4083 4088
f 4092 4089 4090
f 4090 4094 4095
f 4093 4096 4094
f 4096 4093 4097
f 4098 4091 4092
f 4091 4098 4099
f 4100 4099 4098
f 4094 4096 4095
f 4095 4101 4102
f 4101 4095 4096
f 4101 4096 4103
f 4097 4103 4096
f 4095 4092 4090
f 4095 4102 4092
f 4098 4092 4102
f 4101 4104 4102
f 4102 4104 4105
f 4097 4106 4103
f 4105 4098 4102
f 4107 4098 4105
f 4098 4107 4100
f 4108 4088 4087
f 4093 4088 4108
f 4108 4087 4109
f 4108 4097 4093
f 4097 4108 4110
f 4109 4111 4108
f 4110 4108 4111
f 4112 4111 4113
f 4097 4110 4114
f 4106 4097 4114
f 4110 4111 4112
f 4112 4115 4110
f 4116 4112 4117
f 4116 4115 4112
f 4118 4116 4119
f 839 840 4120
f 3594 839 4120
f 4121 3594 4120
f 1437 4120 840
f 4121 4120 4122
f 4122 4120 1437
f 1438 4122 1437
f 3602 3594 4121
f 4123 4122 4124
f 4124 4122 1438
f 4121 4122 4123
f 4125 4121 4123
f 4126 4121 4125
f 4123 4127 4125
f 4128 1438 1439
f 4128 1439 1453
f 4128 4129 4124
f 1438 4128 4124
f 4127 4124 4129
f 4127 4123 4124
f 4130 4129 4128
f 4130 4131 4129
f 4127 4129 4131
f 4132 4131 4130
f 4133 3610 3602
f 4133 3602 4121
f 4126 4133 4121
f 3615 3610 4133
f 3615 4133 4134
f 4133 4126 4134
f 4135 4134 4126
f 4136 4134 4135
f 4135 4126 4137
f 4138 4135 4137
f 4138 4137 4139
f 4126 4125 4140
f 4137 4126 4140
f 4141 3620 3617
f 4141 3615 4134
f 3617 3615 4141
f 4134 4136 4141
f 4142 4136 4135
f 4143 4141 4136
f 4143 4136 4144
f 4142 4144 4136
f 4143 3620 4141
f 4145 3620 4143
f 4146 4143 4144
f 4147 4144 4142
f 4138 4147 4142
f 4142 4135 4138
f 4144 4147 4146
f 4147 4148 4149
f 4147 4149 4150
f 4140 4125 4127
f 4151 4140 4127
f 4151 4127 4152
f 4137 4140 4151
f 4137 4151 4139
f 4139 4151 4152
f 4139 4152 4153
f 4152 4127 4154
f 4154 4127 4131
f 4155 4154 4131
f 4155 4131 4156
f 4157 4154 4155
f 4157 4155 4158
f 4159 4152 4154
f 4153 4152 4159
f 4159 4154 4157
f 4159 4157 4160
f 4148 4138 4139
f 4148 4139 4161
f 4147 4138 4148
f 4161 4162 4149
f 4148 4161 4149
f 4163 4149 4162
f 4164 4149 4163
f 4163 4165 4164
f 4161 4139 4153
f 4153 4162 4161
f 4166 4153 4159
f 4166 4162 4153
f 4162 4166 4163
f 4163 4166 4167
f 4159 4160 4166
f 4168 4166 4160
f 4167 4166 4168
f 4167 4165 4163
f 4156 4131 4132
f 4156 4132 4169
f 4156 4169 4170
f 4158 4155 4156
f 4171 4172 4170
f 4172 4156 4170
f 4158 4156 4172
f 4160 4157 4158
f 4173 4160 4158
f 4173 4158 4172
f 4173 4172 4174
f 4175 4172 4171
f 4176 4172 4175
f 4177 4172 4176
f 4174 4172 4177
f 4178 4177 4176
f 4168 4160 4173
f 4168 4179 4167
f 4179 4168 4174
f 4168 4173 4174
f 4180 4179 4174
f 4180 4174 4177
f 4181 4167 4179
f 4165 4167 4181
f 4182 4165 4181
f 4181 4179 4180
f 4181 4180 4182
f 4182 4180 4183
f 4177 4178 4184
f 4180 4177 4184
f 4180 4184 4183
f 4185 4182 4183
f 4186 4184 4187
f 4183 4184 4186
f 4188 4183 4186
f 4128 1453 1456
f 4130 4128 1456
f 1456 1454 4189
f 1454 1455 4189
f 4189 1455 1487
f 1456 4189 4190
f 4132 1456 4190
f 1487 4190 4189
f 4191 4190 1487
f 4191 1487 4192
f 4132 4130 1456
f 4169 4132 4190
f 4169 4190 4191
f 4193 4191 4192
f 4170 4169 4191
f 4170 4191 4194
f 4171 4170 4194
f 4194 4191 4193
f 1498 1487 1494
f 4192 1487 1498
f 4195 1498 1497
f 4195 1497 4196
f 1497 1499 4196
f 4197 4193 4192
f 4198 4192 1498
f 4197 4192 4198
f 4198 1498 4195
f 4199 4194 4193
f 4193 4197 4200
f 4199 4193 4201
f 4201 4193 4200
f 4197 4198 4200
f 4200 4198 4202
f 4195 4196 4203
f 4198 4195 4203
f 4202 4198 4203
f 4202 4203 4204
f 4201 4200 4205
f 4205 4200 4202
f 4202 4204 4205
f 4206 4204 4207
f 4206 4205 4204
f 4194 4175 4171
f 4175 4194 4199
f 4176 4175 4199
f 4176 4199 4208
f 4209 4199 4201
f 4199 4209 4208
f 4178 4176 4208
f 4208 4187 4178
f 4184 4178 4187
f 4187 4208 4209
f 4209 4210 4187
f 4209 4201 4211
f 4205 4211 4201
f 4206 4211 4205
f 4212 4211 4206
f 4213 4211 4212
f 4211 4213 4209
f 4210 4209 4213
f 4214 4210 4213
f 4186 4210 4214
f 4214 4213 4212
f 4186 4187 4210
f 4188 4186 4214
f 4215 4188 4214
f 4216 4217 4218
f 4218 4219 4216
f 4220 4219 4218
f 4221 4219 4220
f 4222 4220 4218
f 4223 4218 4217
f 4217 4224 4223
f 4222 4218 4223
f 4223 4224 4225
f 4223 4225 4222
f 4226 4225 4224
f 4227 3627 3620
f 4227 3620 4145
f 4227 4145 4228
f 3676 3627 4227
f 4229 4227 4228
f 4145 4143 4228
f 4228 4143 4146
f 4230 4228 4146
f 4229 4228 4230
f 3676 4216 3677
f 4216 3676 4227
f 4227 4217 4216
f 4227 4231 4217
f 4227 4229 4231
f 4229 4232 4231
f 4230 4146 4150
f 4230 4150 4233
f 4233 4150 4234
f 4147 4150 4146
f 4230 4232 4229
f 4233 4232 4230
f 4235 4232 4233
f 3684 3678 3677
f 4219 3677 4216
f 3684 3677 4219
f 4231 4232 4224
f 4231 4224 4217
f 3684 4219 4221
f 3684 4221 3683
f 4224 4232 4235
f 4226 4224 4235
f 4234 4150 4236
f 4236 4150 4164
f 4150 4149 4164
f 4233 4234 4235
f 4235 4234 4236
f 4236 4164 4165
f 4165 4237 4236
f 4237 4165 4238
f 4237 4238 4239
f 4235 4237 4240
f 4237 4235 4236
f 4226 4235 4240
f 4240 4237 4241
f 4241 4237 4239
f 4220 4242 4221
f 4220 4243 4242
f 4222 4243 4220
f 4225 4244 4222
f 4242 4245 4246
f 4243 4222 4244
f 4247 4244 4225
f 4248 4243 4244
f 4248 4242 4243
f 4245 4242 4248
f 4225 4226 4249
f 4247 4225 4249
f 4226 4250 4249
f 4251 4248 4247
f 4252 4248 4251
f 4248 4244 4247
f 4248 4252 4245
f 4253 4245 4252
f 4254 4245 4253
f 4255 4252 4251
f 4251 4256 4255
f 4255 4253 4252
f 4257 4254 4253
f 4257 4258 4254
f 4251 4247 4259
f 4260 4251 4259
f 4259 4247 4249
f 4259 4249 4261
f 4261 4249 4250
f 4250 4262 4261
f 4260 4259 4263
f 4256 4251 4260
f 4264 4259 4261
f 4265 4264 4261
f 4263 4259 4264
f 4266 4261 4262
f 4265 4261 4266
f 4267 4262 4268
f 4266 4262 4267
f 4269 4267 4268
f 4270 4269 4271
f 4266 4267 4272
f 4273 4267 4269
f 4221 3685 3683
f 4221 4242 4246
f 4246 3685 4221
f 3689 3686 3685
f 4254 4246 4245
f 3689 3685 4246
f 4274 3689 4246
f 4274 4246 4254
f 4274 4254 4258
f 4275 3689 4274
f 4250 4226 4240
f 4250 4240 4262
f 4240 4241 4262
f 4241 4268 4262
f 4241 4239 4276
f 4268 4241 4276
f 4269 4268 4271
f 4271 4268 4276
f 4238 4165 4182
f 4277 4238 4185
f 4182 4185 4238
f 4185 4183 4278
f 4278 4183 4188
f 4279 4185 4278
f 4277 4239 4238
f 4277 4185 4279
f 4280 4279 4278
f 4278 4188 4280
f 4188 4215 4281
f 4281 4215 4282
f 4281 4280 4188
f 4279 4280 4283
f 4284 4280 4281
f 4280 4284 4283
f 4283 4284 4285
f 4273 4269 4270
f 4270 4286 4287
f 4288 4239 4277
f 4271 4276 4288
f 4276 4239 4288
f 4277 4279 4289
f 4288 4277 4289
f 4289 4279 4290
f 4291 4288 4289
f 4270 4271 4286
f 4271 4288 4291
f 4286 4271 4291
f 4286 4291 4292
f 4287 4286 4292
f 4293 4291 4289
f 4293 4289 4294
f 4292 4291 4293
f 4295 4292 4293
f 4295 4293 4296
f 4294 4296 4293
f 4279 4283 4290
f 4283 4297 4290
f 4297 4283 4298
f 4299 4297 4298
f 4298 4283 4285
f 4300 4298 4285
f 4301 4294 4302
f 4289 4290 4294
f 4302 4294 4290
f 4302 4290 4297
f 4302 4297 4299
f 4303 4302 4299
f 4301 4302 4303
f 4296 4294 4304
f 4304 4294 4301
f 4301 4303 4305
f 4304 4301 4305
f 4306 4299 4298
f 4300 4307 4298
f 4303 4299 4306
f 4308 4306 4298
f 4305 4303 4306
f 4305 4306 4308
f 4305 4308 4309
f 4307 4308 4298
f 4300 4310 4307
f 4311 4309 4308
f 4308 4307 4311
f 1499 1500 1508
f 1508 1509 4312
f 4312 1509 1510
f 1511 1510 1504
f 4196 1499 1508
f 1508 4313 4196
f 1508 4314 4313
f 4315 4313 4314
f 1508 4312 4314
f 1510 4316 4312
f 1510 4317 4316
f 4317 1510 1511
f 4318 4312 4316
f 4204 4203 4196
f 4196 4207 4204
f 4207 4196 4313
f 4207 4315 4319
f 4206 4207 4319
f 4320 4319 4315
f 4312 4318 4314
f 4321 4315 4314
f 4315 4207 4313
f 4321 4314 4318
f 4316 4317 4322
f 4316 4323 4318
f 4323 4316 4322
f 4324 4321 4318
f 4323 4324 4318
f 4321 4324 4325
f 4320 4315 4321
f 4320 4321 4325
f 4322 4326 4323
f 4327 4326 4322
f 4328 1511 1505
f 4329 1511 4328
f 1507 4328 1505
f 1511 4329 4317
f 4322 4317 4329
f 4322 4329 4330
f 4327 4322 4330
f 4328 1507 4331
f 4332 4330 4329
f 4328 4332 4329
f 4332 4328 4331
f 4212 4206 4333
f 4333 4206 4319
f 4319 4320 4333
f 4333 4320 4334
f 4335 4334 4320
f 4335 4320 4336
f 4325 4336 4320
f 4337 4214 4212
f 4212 4333 4337
f 4337 4333 4334
f 4337 4334 4338
f 4334 4335 4338
f 4339 4335 4336
f 4339 4336 4340
f 4324 4336 4325
f 4326 4324 4323
f 4324 4326 4341
f 4324 4341 4336
f 4326 4327 4342
f 4343 4341 4326
f 4344 4341 4343
f 4343 4326 4342
f 4340 4336 4341
f 4340 4341 4344
f 4215 4214 4337
f 4345 4215 4337
f 4337 4338 4345
f 4338 4335 4339
f 4345 4338 4346
f 4282 4215 4345
f 4346 4338 4339
f 4347 4339 4340
f 4345 4346 4282
f 4348 4282 4346
f 4348 4346 4349
f 4349 4339 4347
f 4349 4346 4339
f 4350 4347 4340
f 4350 4349 4347
f 4340 4344 4351
f 4351 4344 4352
f 4350 4340 4351
f 4350 4351 4353
f 4354 4351 4352
f 4353 4351 4354
f 4355 4342 4327
f 4355 4327 4330
f 4343 4342 4356
f 4343 4356 4352
f 4342 4355 4357
f 4356 4342 4357
f 4355 4330 4332
f 4355 4332 4358
f 4357 4355 4358
f 4358 4332 4359
f 4332 4360 4359
f 4361 4357 4358
f 4358 4359 4362
f 4358 4362 4361
f 4352 4344 4343
f 4363 4356 4357
f 4364 4352 4356
f 4364 4356 4363
f 4365 4354 4352
f 4365 4352 4364
f 4365 4364 4366
f 4361 4363 4357
f 4361 4362 4367
f 4363 4361 4367
f 4364 4363 4367
f 4368 4364 4367
f 4364 4368 4366
f 4281 4282 4369
f 4370 4284 4281
f 4281 4369 4370
f 4371 4370 4369
f 4369 4372 4373
f 4374 4372 4375
f 4370 4285 4284
f 4376 4370 4371
f 4300 4285 4377
f 4285 4370 4377
f 4377 4370 4376
f 4376 4371 4378
f 4371 4369 4373
f 4374 4373 4372
f 4371 4373 4378
f 4379 4373 4374
f 4378 4373 4379
f 4380 4376 4378
f 4311 4307 4310
f 4381 4311 4310
f 4382 4310 4383
f 4310 4300 4377
f 4377 4380 4383
f 4383 4310 4377
f 4377 4376 4380
f 4384 4380 4378
f 4385 4383 4380
f 4385 4380 4384
f 4386 4379 4374
f 4378 4379 4387
f 4387 4379 4386
f 4388 4387 4386
f 4388 4386 4389
f 4389 4386 4390
f 4387 4384 4378
f 4391 4388 4389
f 4384 4387 4392
f 4392 4387 4388
f 4393 4392 4388
f 4393 4388 4391
f 4394 4282 4348
f 4348 4349 4395
f 4369 4282 4394
f 4394 4348 4395
f 4395 4349 4350
f 4396 4395 4350
f 4394 4395 4397
f 4397 4395 4396
f 4350 4398 4396
f 4353 4399 4398
f 4350 4353 4398
f 4354 4400 4353
f 4399 4353 4400
f 4401 4399 4400
f 4369 4394 4372
f 4397 4372 4394
f 4396 4375 4397
f 4375 4396 4402
f 4375 4372 4397
f 4403 4375 4402
f 4402 4396 4398
f 4404 4402 4398
f 4403 4402 4404
f 4390 4403 4405
f 4404 4405 4403
f 4404 4398 4406
f 4406 4398 4399
f 4406 4399 4407
f 4408 4406 4407
f 4407 4399 4401
f 4409 4404 4406
f 4407 4401 4410
f 4411 4407 4412
f 4408 4407 4411
f 4410 4412 4407
f 4400 4354 4365
f 4400 4365 4413
f 4366 4413 4365
f 4413 4401 4400
f 4414 4401 4413
f 4415 4413 4366
f 4366 4368 4416
f 4417 4416 4418
f 4415 4366 4416
f 4415 4416 4417
f 4414 4413 4415
f 4410 4401 4414
f 4414 4415 4419
f 4420 4410 4414
f 4420 4412 4410
f 4419 4415 4417
f 4420 4414 4419
f 4421 4420 4419
f 4422 4417 4423
f 4422 4419 4417
f 4419 4422 4421
f 4374 4375 4403
f 4405 4404 4409
f 4409 4406 4408
f 4409 4408 4424
f 4425 4408 4411
f 4425 4424 4408
f 4426 4411 4412
f 4426 4425 4411
f 4427 4424 4425
f 4426 4427 4425
f 4428 4427 4426
f 4429 4430 4427
f 4429 4427 4428
f 4386 4374 4390
f 4390 4374 4403
f 4431 4390 4405
f 4431 4405 4432
f 4432 4405 4409
f 4433 4431 4432
f 4432 4409 4424
f 4432 4424 4427
f 4434 4432 4427
f 4389 4390 4431
f 4435 4433 4432
f 4436 4389 4431
f 4391 4389 4436
f 4437 4436 4433
f 4438 4436 4437
f 4436 4431 4433
f 4439 4433 4435
f 4433 4439 4437
f 4427 4430 4434
f 4440 4434 4430
f 4435 4432 4434
f 4435 4434 4440
f 4440 4430 4429
f 4441 4440 4429
f 4440 4439 4435
f 4441 4442 4440
f 4412 4428 4426
f 4428 4412 4443
f 4421 4443 4420
f 4412 4420 4443
f 4443 4444 4428
f 4429 4428 4445
f 4445 4428 4444
f 4444 4446 4445
f 4446 4444 4447
f 4444 4443 4421
f 4421 4422 4448
f 4421 4448 4444
f 4447 4444 4449
f 4444 4448 4449
f 4450 4448 4422
f 4451 4448 4450
f 4449 4448 4451
f 4429 4445 4452
f 4453 4429 4452
f 4452 4445 4446
f 4441 4429 4453
f 4453 4452 4454
f 4454 4452 4446
f 4455 4446 4447
f 4455 4454 4446
f 4456 4454 4455
f 4455 4447 4449
f 4449 4457 4455
f 4457 4449 4451
f 4458 4455 4457
f 4456 4455 4458
f 4458 4457 4451
f 4441 4453 4459
f 4459 4453 4454
f 1584 1507 1506
f 1507 1584 4460
f 4331 1507 4460
f 1584 4461 4460
f 1584 1582 1588
f 4461 1584 1588
f 4461 4462 4460
f 4462 4461 4463
f 4464 4462 4463
f 4465 4462 4464
f 4466 1589 1587
f 4461 1588 1589
f 4467 4461 1589
f 4463 4461 4467
f 4468 1589 4466
f 1589 4469 4467
f 4469 1589 4468
f 4466 1587 1586
f 4466 1586 4470
f 4468 4466 4470
f 4471 4468 4472
f 4472 4468 4470
f 4463 4467 4469
f 4471 4469 4468
f 4473 4463 4469
f 4473 4469 4471
f 4464 4463 4473
f 4474 4464 4473
f 4473 4471 4475
f 4476 4473 4475
f 4477 4475 4472
f 4471 4472 4475
f 4478 4479 4464
f 4478 4464 4474
f 4480 4478 4481
f 4481 4478 4474
f 4476 4474 4473
f 4481 4474 4476
f 4481 4476 4482
f 4483 4481 4482
f 4484 4475 4485
f 4476 4475 4484
f 4486 4482 4476
f 4486 4476 4484
f 4486 4484 4485
f 4486 4485 4487
f 4488 4486 4487
f 4489 4482 4486
f 4489 4486 4488
f 4490 4489 4488
f 4491 4489 4490
f 4470 1586 1605
f 4472 4470 4477
f 1605 1606 4492
f 4470 1605 4492
f 4493 4470 4492
f 4470 4493 4477
f 4477 4493 4494
f 4495 4477 4494
f 4477 4485 4475
f 4496 4494 4493
f 4497 4493 4492
f 4498 4493 4497
f 4499 4492 1606
f 4499 1606 1607
f 1609 4499 1607
f 1609 1608 3471
f 4500 4499 1609
f 4492 4499 4497
f 4501 4497 4500
f 4497 4499 4500
f 4501 4500 4502
f 4500 1609 4503
f 4502 4500 4503
f 4485 4477 4495
f 4485 4495 4487
f 4504 4487 4495
f 4504 4495 4494
f 4505 4494 4496
f 4504 4494 4505
f 4506 4504 4505
f 4487 4504 4506
f 4496 4493 4498
f 4507 4505 4496
f 4507 4496 4498
f 4506 4505 4507
f 4487 4508 4488
f 4509 4488 4508
f 4506 4508 4487
f 4510 4508 4506
f 4509 4508 4510
f 4509 4510 4511
f 4490 4488 4509
f 4490 4509 4511
f 4512 4507 4498
f 4513 4507 4512
f 4513 4512 4514
f 4513 4510 4506
f 4513 4506 4507
f 4515 4510 4513
f 4515 4513 4514
f 4514 4516 4515
f 4517 4497 4501
f 4518 4501 4502
f 4517 4501 4519
f 4519 4501 4518
f 4517 4498 4497
f 4512 4498 4517
f 4512 4517 4519
f 4518 4502 4520
f 4514 4512 4521
f 4521 4512 4519
f 4521 4519 4522
f 4521 4516 4514
f 4523 4521 4522
f 4524 4523 4522
f 4522 4519 4518
f 4524 4522 4518
f 4525 4518 4520
f 4518 4525 4526
f 4526 4524 4518
f 4527 4524 4526
f 4528 4526 4525
f 4529 4528 4525
f 4527 4526 4528
f 4530 4524 4527
f 4523 4524 4530
f 4531 4511 4532
f 4491 4490 4533
f 4534 4533 4490
f 4534 4490 4511
f 4534 4535 4533
f 4511 4531 4534
f 4511 4510 4515
f 4532 4511 4515
f 4532 4515 4516
f 4534 4531 4536
f 4536 4531 4532
f 4537 4536 4532
f 4537 4532 4516
f 4538 4536 4537
f 4535 4534 4536
f 4539 4535 4536
f 4540 4535 4539
f 4541 4540 4539
f 4539 4536 4542
f 4536 4538 4542
f 4541 4539 4542
f 4516 4521 4543
f 4543 4521 4544
f 4544 4521 4523
f 4545 4523 4530
f 4544 4523 4545
f 4546 4543 4544
f 4545 4547 4544
f 4537 4516 4543
f 4537 4543 4546
f 4547 4546 4544
f 4548 4527 4528
f 4549 4528 4550
f 4530 4527 4548
f 4545 4530 4548
f 4551 4545 4548
f 4549 4548 4528
f 4547 4545 4552
f 4552 4545 4551
f 4551 4548 4549
f 4553 4547 4552
f 4554 4549 4555
f 4546 4538 4537
f 4538 4546 4556
f 4553 4546 4547
f 4556 4546 4553
f 4557 4542 4538
f 4557 4538 4556
f 4556 4558 4557
f 4558 4556 4553
f 4559 4558 4553
f 4557 4558 4560
f 4558 4561 4560
f 4562 4552 4551
f 4552 4559 4553
f 4559 4552 4562
f 4554 4551 4549
f 4554 4562 4551
f 4562 4554 4563
f 4561 4558 4559
f 4559 4562 4563
f 4561 4559 4563
f 4564 4540 4541
f 4541 4542 4565
f 4566 4541 4565
f 4566 4567 4541
f 4568 4566 4565
f 4565 4542 4557
f 4565 4557 4569
f 4568 4565 4570
f 4565 4569 4570
f 4568 4570 4571
f 4570 4569 4572
f 4569 4557 4560
f 4569 4560 4573
f 4574 4560 4561
f 4561 4563 4575
f 4574 4561 4575
f 4573 4560 4574
f 4572 4569 4573
f 4573 4574 4576
f 4577 4578 4568
f 4571 4570 4572
f 4577 4568 4571
f 4579 4577 4571
f 4580 4578 4577
f 4580 4577 4579
f 4581 4572 4573
f 4571 4572 4581
f 4571 4581 4582
f 4581 4573 4576
f 4583 4581 4576
f 4582 4579 4571
f 4582 4581 4583
f 4584 4331 4460
f 4360 4332 4331
f 4584 4460 4462
f 4584 4462 4465
f 4585 4465 4464
f 4360 4331 4584
f 4586 4360 4584
f 4359 4360 4586
f 4587 4586 4584
f 4359 4586 4588
f 4588 4586 4587
f 4589 4584 4585
f 4585 4584 4465
f 4585 4464 4479
f 4587 4584 4589
f 4589 4590 4587
f 4585 4479 4589
f 4589 4479 4591
f 4362 4359 4588
f 4592 4588 4587
f 4588 4367 4362
f 4593 4367 4588
f 4368 4367 4593
f 4593 4588 4594
f 4594 4588 4592
f 4590 4592 4587
f 4591 4590 4589
f 4590 4591 4595
f 4596 4595 4591
f 4592 4590 4595
f 4597 4598 4592
f 4594 4592 4598
f 4597 4592 4595
f 4479 4478 4480
f 4591 4479 4480
f 4591 4480 4483
f 4483 4480 4481
f 4591 4483 4596
f 4482 4596 4483
f 4489 4596 4482
f 4599 4595 4596
f 4600 4595 4599
f 4597 4595 4600
f 4600 4599 4601
f 4601 4599 4596
f 4601 4596 4489
f 4368 4593 4602
f 4416 4368 4602
f 4416 4602 4418
f 4594 4603 4602
f 4602 4593 4594
f 4604 4603 4605
f 4418 4602 4604
f 4604 4602 4603
f 4606 4418 4604
f 4605 4594 4598
f 4594 4605 4603
f 4605 4598 4607
f 4598 4597 4600
f 4607 4598 4600
f 4608 4604 4605
f 4608 4605 4607
f 4604 4608 4606
f 4609 4608 4607
f 4606 4608 4609
f 4610 4609 4607
f 4611 4612 4418
f 4423 4417 4418
f 4423 4418 4612
f 4611 4418 4606
f 4613 4611 4606
f 4613 4606 4609
f 4600 4601 4614
f 4610 4607 4600
f 4610 4600 4614
f 4614 4601 4615
f 4615 4610 4614
f 4601 4489 4491
f 4601 4491 4615
f 4616 4615 4491
f 4616 4491 4533
f 4609 4610 4617
f 4618 4609 4617
f 4613 4609 4618
f 4619 4610 4620
f 4619 4617 4610
f 4618 4617 4619
f 4613 4618 4621
f 4619 4622 4618
f 4620 4610 4615
f 4616 4620 4615
f 4623 4616 4533
f 4623 4533 4535
f 4620 4616 4624
f 4624 4616 4623
f 4619 4620 4625
f 4622 4619 4625
f 4622 4625 4626
f 4620 4624 4625
f 4626 4625 4624
f 4626 4624 4627
f 4450 4422 4423
f 4628 4423 4612
f 4450 4423 4628
f 4629 4450 4628
f 4621 4611 4613
f 4628 4612 4611
f 4611 4630 4628
f 4630 4611 4621
f 4631 4630 4621
f 4632 4450 4629
f 4632 4451 4450
f 4458 4451 4632
f 4633 4632 4629
f 4634 4628 4630
f 4634 4629 4628
f 4631 4634 4630
f 4635 4634 4631
f 4633 4629 4634
f 4636 4634 4635
f 4633 4634 4636
f 4621 4618 4637
f 4637 4618 4622
f 4631 4621 4637
f 4631 4637 4638
f 4638 4637 4622
f 4626 4639 4622
f 4626 4627 4639
f 4638 4622 4640
f 4641 4638 4640
f 4622 4639 4642
f 4640 4622 4642
f 4631 4638 4643
f 4644 4643 4645
f 4645 4643 4641
f 4635 4631 4643
f 4644 4635 4643
f 4643 4638 4641
f 4646 4641 4640
f 4647 4646 4640
f 4627 4624 4564
f 4540 4623 4535
f 4624 4623 4540
f 4564 4624 4540
f 4639 4627 4648
f 4627 4564 4648
f 4649 4648 4564
f 4649 4564 4567
f 4639 4648 4642
f 4642 4648 4649
f 4567 4564 4541
f 4649 4567 4566
f 4650 4649 4566
f 4651 4640 4642
f 4650 4642 4649
f 4651 4642 4650
f 4647 4640 4651
f 4647 4651 4652
f 4652 4651 4650
f 4653 4650 4566
f 4578 4566 4568
f 4653 4654 4650
f 4654 4652 4650
f 4653 4566 4578
f 4654 4653 4578
f 4256 4655 4255
f 4655 4253 4255
f 4257 4655 4656
f 4655 4257 4253
f 4656 4657 4257
f 4258 4257 4657
f 4263 4658 4260
f 4658 4256 4260
f 4659 4256 4658
f 4263 4660 4658
f 4655 4256 4659
f 4656 4655 4659
f 4661 4264 4265
f 4661 4263 4264
f 4658 4660 4659
f 4662 4659 4660
f 4663 4656 4659
f 4663 4664 4656
f 4663 4659 4662
f 4656 4664 4657
f 4660 4263 4661
f 4661 4665 4660
f 4662 4660 4665
f 4666 4662 4667
f 4662 4666 4663
f 4665 4667 4662
f 4668 4663 4666
f 4664 4663 4668
f 4664 4669 4657
f 4669 4664 4668
f 4669 4670 4657
f 4670 4671 4657
f 4672 4657 4671
f 4661 4265 4673
f 4265 4674 4673
f 4674 4265 4272
f 4272 4265 4266
f 4665 4661 4673
f 4673 4674 4675
f 4676 4675 4677
f 4674 4677 4675
f 4678 4272 4267
f 4678 4267 4273
f 4678 4674 4272
f 4677 4674 4678
f 4677 4678 4679
f 4680 4679 4678
f 4680 4678 4681
f 4682 4665 4683
f 4667 4665 4682
f 4684 4667 4682
f 4684 4682 4685
f 4683 4676 4686
f 4685 4682 4683
f 4685 4683 4686
f 4665 4673 4675
f 4675 4683 4665
f 4683 4675 4676
f 4677 4687 4676
f 4687 4677 4679
f 4688 4676 4687
f 4679 4689 4687
f 4689 4679 4680
f 4689 4688 4687
f 4686 4676 4688
f 4686 4688 4690
f 4258 4275 4274
f 3688 3689 4275
f 3688 4275 3870
f 4258 4672 4275
f 4672 4258 4657
f 4672 4691 4275
f 4691 3870 4275
f 4692 4666 4667
f 4668 4666 4693
f 4669 4668 4693
f 4693 4666 4692
f 4694 4692 4667
f 4693 4692 4694
f 4669 4693 4695
f 4695 4670 4669
f 4693 4696 4697
f 4696 4693 4694
f 4697 4695 4693
f 4698 4670 4695
f 4699 4671 4670
f 4670 4698 4699
f 4700 4671 4699
f 4698 4695 4697
f 4698 4701 4702
f 4699 4698 4702
f 4699 4702 4700
f 4703 4702 4701
f 4704 4700 4702
f 4694 4667 4684
f 4694 4684 4705
f 4685 4686 4706
f 4685 4705 4684
f 4707 4705 4708
f 4707 4694 4705
f 4696 4694 4707
f 4705 4685 4706
f 4708 4705 4709
f 4706 4709 4705
f 4706 4686 4690
f 4709 4706 4710
f 4706 4690 4710
f 4710 4690 4711
f 4711 4690 4712
f 4696 4707 4713
f 4713 4707 4708
f 4714 4713 4708
f 4696 4715 4697
f 4716 4697 4715
f 4715 4696 4713
f 4717 4715 4713
f 4716 4715 4717
f 4718 4716 4717
f 4719 4713 4714
f 4717 4713 4719
f 4716 4698 4697
f 4701 4698 4716
f 4714 4708 4709
f 4709 4710 4720
f 4720 4710 4711
f 4720 4711 4721
f 4722 4714 4720
f 4709 4720 4714
f 4722 4720 4086
f 4672 4671 4723
f 4671 4700 4723
f 4672 4723 4691
f 4724 4691 4723
f 4725 4723 4700
f 4726 4723 4725
f 4700 4704 4725
f 4723 4726 4724
f 4273 4270 4727
f 4678 4273 4727
f 4727 4270 4287
f 4728 4727 4287
f 4728 4287 4729
f 4681 4678 4727
f 4680 4681 4730
f 4681 4727 4728
f 4681 4728 4731
f 4732 4730 4681
f 4732 4681 4731
f 4733 4729 4295
f 4733 4295 4734
f 4731 4728 4733
f 4733 4728 4729
f 4731 4733 4735
f 4735 4733 4736
f 4736 4733 4734
f 4730 4689 4680
f 4689 4730 4737
f 4737 4730 4738
f 4738 4730 4732
f 4739 4689 4737
f 4688 4689 4739
f 4690 4688 4739
f 4739 4737 4740
f 4740 4737 4738
f 4741 4738 4732
f 4740 4738 4741
f 4742 4732 4731
f 4742 4731 4735
f 4742 4735 4736
f 4743 4736 4744
f 4744 4736 4734
f 4741 4732 4742
f 4745 4741 4742
f 4742 4743 4745
f 4742 4736 4743
f 4745 4743 4746
f 4746 4743 4744
f 4744 4734 4747
f 4748 4744 4747
f 4748 4747 4749
f 4750 4744 4748
f 4751 4750 4748
f 4748 4749 4751
f 4751 4749 4752
f 4752 4749 4753
f 4752 4753 4754
f 4752 4754 4755
f 4729 4287 4292
f 4292 4295 4729
f 4734 4295 4296
f 4747 4296 4304
f 4756 4747 4304
f 4756 4304 4757
f 4757 4304 4305
f 4757 4305 4758
f 4734 4296 4747
f 4759 4756 4757
f 4759 4747 4756
f 4760 4759 4757
f 4758 4309 4761
f 4758 4305 4309
f 4762 4311 4381
f 4309 4311 4762
f 4761 4309 4762
f 4763 4757 4758
f 4763 4760 4757
f 4763 4758 4761
f 4764 4761 4762
f 4763 4761 4765
f 4761 4764 4765
f 4753 4747 4759
f 4753 4749 4747
f 4753 4759 4760
f 4766 4760 4763
f 4753 4760 4766
f 4765 4766 4763
f 4767 4765 4768
f 4754 4753 4766
f 4754 4766 4769
f 4769 4766 4765
f 4770 4769 4765
f 4770 4765 4767
f 4771 4770 4767
f 4711 4712 4772
f 4712 4690 4739
f 4712 4739 4740
f 4712 4740 4773
f 4774 4773 4740
f 4772 4712 4773
f 4772 4773 4775
f 4774 4741 4745
f 4740 4741 4774
f 4774 4745 4776
f 4776 4745 4777
f 4745 4746 4777
f 4775 4773 4774
f 4774 4776 4775
f 4778 4775 4776
f 4779 4778 4776
f 4776 4777 4779
f 4772 4721 4711
f 4721 4772 4780
f 4772 4775 4780
f 4780 4775 4778
f 4720 4721 4780
f 4778 4781 4780
f 4777 4746 4782
f 4746 4744 4750
f 4782 4746 4750
f 4750 4751 4782
f 4782 4751 4783
f 4783 4751 4784
f 4779 4777 4782
f 4783 4779 4782
f 4751 4752 4755
f 4751 4755 4784
f 4785 4755 4754
f 4786 4755 4785
f 4785 4754 4769
f 4787 4785 4771
f 4783 4784 4755
f 4786 4783 4755
f 4783 4786 4788
f 4786 4785 4787
f 4788 4786 4787
f 4778 4779 4789
f 4789 4779 4790
f 4790 4779 4783
f 4781 4778 4789
f 4791 4789 4792
f 4790 4783 4788
f 4792 4790 4788
f 4793 4788 4794
f 4792 4788 4793
f 4792 4789 4790
f 4791 4792 4793
f 4769 4770 4771
f 4771 4785 4769
f 4691 3872 3870
f 3872 4691 4724
f 4724 3874 3872
f 3874 4724 4795
f 4726 4795 4724
f 4795 4796 3874
f 4796 3884 3874
f 4702 4703 4704
f 4704 4703 4797
f 4798 4704 4797
f 4799 4718 4717
f 4800 4716 4718
f 4799 4717 4719
f 4801 4701 4716
f 4716 4800 4801
f 4703 4701 4801
f 4802 4703 4801
f 4718 4803 4800
f 4803 4804 4800
f 4719 4074 4799
f 4719 4077 4074
f 4803 4718 4799
f 4803 4799 4074
f 4076 4803 4074
f 4805 4801 4800
f 4802 4801 4805
f 4714 4722 4719
f 4077 4719 4722
f 4722 4806 4077
f 4806 4722 4086
f 4084 4075 4077
f 4084 4077 4806
f 4797 4703 4802
f 4805 4800 4804
f 4804 4807 4805
f 4808 4805 4807
f 4078 4804 4803
f 4078 4803 4076
f 4080 4804 4078
f 4808 4797 4802
f 4808 4802 4805
f 4807 4804 4080
f 4809 4807 4080
f 4809 4080 4081
f 4810 4807 4809
f 4810 4808 4807
f 4085 4806 4086
f 4806 4085 4084
f 4811 4797 4808
f 4812 4797 4811
f 4797 4812 4798
f 4726 4725 4813
f 4798 4725 4704
f 4814 4725 4798
f 4812 4815 4798
f 4815 4814 4798
f 4814 4813 4725
f 4814 4815 4816
f 4091 4809 4081
f 4817 4810 4809
f 4817 4818 4810
f 4099 4809 4091
f 4810 4811 4808
f 4811 4810 4818
f 4099 4100 4819
f 4820 4819 4100
f 4809 4099 4817
f 4819 4817 4099
f 4819 4818 4817
f 4821 4818 4819
f 4818 4821 4822
f 4823 4824 4815
f 4823 4815 4812
f 4812 4811 4818
f 4818 4822 4812
f 4821 4825 4822
f 4823 4812 4822
f 4822 4826 4823
f 4780 4086 4720
f 4086 4780 4781
f 4109 4087 4086
f 4109 4086 4781
f 4827 4109 4781
f 4109 4827 4111
f 4781 4789 4828
f 4828 4789 4791
f 4828 4791 4829
f 4828 4827 4781
f 4830 4827 4828
f 4828 4829 4831
f 4830 4828 4831
f 4111 4827 4113
f 4830 4113 4827
f 4117 4830 4832
f 4112 4113 4117
f 4117 4113 4830
f 4830 4831 4832
f 4832 4831 4833
f 4119 4117 4832
f 4119 4832 4833
f 4119 4833 4834
f 4117 4119 4116
f 4835 4119 4834
f 4118 4119 4835
f 4795 4726 4813
f 4836 4795 4813
f 4796 4795 4836
f 4816 4813 4814
f 4836 4813 4816
f 4836 4816 4837
f 4838 3884 4796
f 4796 4836 4839
f 4838 4796 4839
f 4840 4839 4836
f 4837 4816 4815
f 4824 4837 4815
f 4840 4836 4837
f 4841 4840 4837
f 4837 4824 4842
f 4837 4842 4841
f 4843 4842 4824
f 4843 4823 4826
f 4823 4843 4824
f 4844 4841 4842
f 4845 4839 4840
f 4841 4846 4840
f 4841 4847 4846
f 4845 4840 4846
f 4845 4846 4847
f 4839 4848 4838
f 4848 4839 4845
f 4848 4849 4838
f 4850 4848 4851
f 4851 4848 4845
f 4852 4848 4850
f 4847 4853 4854
f 4853 4847 4841
f 4844 4853 4841
f 4855 4853 4844
f 4856 4854 4853
f 4851 4845 4847
f 4847 4854 4851
f 4857 4851 4854
f 4851 4857 4850
f 4858 4852 4850
f 4857 4854 4859
f 4854 4856 4859
f 4857 4858 4850
f 4860 4858 4857
f 4762 4381 4382
f 4381 4310 4382
f 4382 4383 4861
f 4764 4762 4382
f 4764 4382 4861
f 4862 4764 4861
f 4863 4862 4861
f 4863 4861 4864
f 4385 4861 4383
f 4861 4385 4864
f 4385 4865 4864
f 4764 4768 4765
f 4768 4764 4866
f 4866 4764 4862
f 4866 4862 4867
f 4867 4862 4863
f 4868 4767 4768
f 4768 4866 4868
f 4869 4767 4868
f 4869 4868 4870
f 4866 4871 4868
f 4871 4866 4867
f 4870 4868 4871
f 4871 4867 4872
f 4871 4872 4870
f 4867 4863 4873
f 4863 4864 4874
f 4867 4873 4872
f 4872 4873 4875
f 4873 4874 4875
f 4873 4863 4874
f 4865 4385 4876
f 4385 4384 4876
f 4876 4384 4392
f 4876 4392 4877
f 4877 4392 4393
f 4877 4393 4878
f 4878 4393 4391
f 4879 4878 4391
f 4438 4879 4391
f 4880 4865 4876
f 4880 4876 4877
f 4881 4880 4877
f 4877 4878 4881
f 4882 4881 4878
f 4879 4883 4878
f 4883 4879 4438
f 4884 4883 4438
f 4865 4880 4864
f 4864 4880 4874
f 4874 4880 4885
f 4875 4874 4886
f 4886 4874 4885
f 4885 4880 4881
f 4885 4881 4887
f 4888 4885 4887
f 4889 4887 4890
f 4890 4881 4882
f 4878 4883 4882
f 4887 4881 4890
f 4891 4882 4883
f 4892 4890 4882
f 4891 4892 4882
f 4889 4890 4892
f 4891 4883 4884
f 4893 4891 4884
f 4894 4891 4893
f 4895 4894 4893
f 4788 4787 4896
f 4794 4788 4896
f 4896 4897 4898
f 4899 4794 4896
f 4899 4896 4900
f 4793 4794 4899
f 4901 4899 4900
f 4900 4896 4902
f 4771 4767 4869
f 4787 4771 4869
f 4787 4869 4897
f 4870 4872 4898
f 4897 4869 4870
f 4898 4897 4870
f 4897 4896 4787
f 4898 4872 4875
f 4902 4898 4875
f 4902 4875 4886
f 4896 4898 4902
f 4886 4885 4903
f 4888 4903 4885
f 4902 4886 4903
f 4902 4903 4904
f 4904 4903 4888
f 4905 4887 4889
f 4905 4889 4906
f 4888 4887 4905
f 4888 4905 4907
f 4908 4905 4906
f 4908 4906 4909
f 4892 4906 4889
f 4906 4892 4910
f 4910 4892 4891
f 4910 4891 4894
f 4911 4910 4894
f 4911 4894 4895
f 4895 4893 4912
f 4895 4912 4913
f 4910 4909 4906
f 4909 4910 4911
f 4914 4909 4911
f 4915 4911 4895
f 4915 4895 4913
f 4916 4915 4913
f 4900 4902 4904
f 4900 4904 4901
f 4904 4917 4901
f 4907 4904 4888
f 4904 4907 4918
f 4908 4907 4905
f 4908 4919 4907
f 4909 4920 4908
f 4918 4907 4921
f 4921 4907 4919
f 4922 4919 4908
f 4923 4920 4914
f 4920 4922 4908
f 4920 4909 4914
f 4914 4911 4924
f 4924 4911 4915
f 4916 4924 4915
f 4924 4916 4925
f 4925 4914 4924
f 4923 4914 4925
f 4926 4923 4925
f 4391 4436 4438
f 4437 4439 4927
f 4928 4927 4439
f 4929 4438 4437
f 4884 4438 4929
f 4929 4437 4927
f 4927 4930 4929
f 4930 4927 4931
f 4440 4928 4439
f 4442 4928 4440
f 4932 4928 4442
f 4933 4927 4928
f 4933 4928 4932
f 4931 4927 4933
f 4934 4932 4442
f 4934 4442 4935
f 4933 4932 4936
f 4937 4884 4929
f 4937 4929 4930
f 4893 4884 4937
f 4930 4938 4937
f 4937 4912 4893
f 4938 4930 4939
f 4939 4940 4938
f 4941 4933 4936
f 4933 4941 4931
f 4930 4931 4941
f 4936 4932 4934
f 4942 4936 4934
f 4943 4936 4942
f 4930 4941 4939
f 4944 4939 4941
f 4945 4941 4936
f 4945 4936 4943
f 4945 4944 4941
f 4946 4947 4943
f 4945 4943 4947
f 4948 4456 4458
f 4949 4456 4948
f 4950 4948 4458
f 4951 4948 4950
f 4949 4948 4951
f 4951 4950 4952
f 4949 4951 4953
f 4951 4952 4953
f 4442 4441 4459
f 4442 4459 4935
f 4954 4459 4454
f 4954 4454 4456
f 4955 4935 4459
f 4955 4459 4954
f 4949 4954 4456
f 4949 4956 4954
f 4935 4942 4934
f 4942 4935 4955
f 4946 4942 4955
f 4943 4942 4946
f 4954 4956 4955
f 4946 4955 4956
f 4957 4946 4956
f 4957 4956 4958
f 4956 4949 4958
f 4958 4949 4959
f 4959 4949 4953
f 4960 4961 4953
f 4961 4959 4953
f 4912 4937 4938
f 4912 4938 4940
f 4962 4912 4940
f 4940 4939 4944
f 4962 4940 4963
f 4964 4962 4963
f 4913 4912 4962
f 4913 4962 4964
f 4913 4964 4965
f 4940 4944 4963
f 4966 4944 4945
f 4966 4963 4944
f 4966 4945 4947
f 4967 4963 4966
f 4967 4964 4963
f 4966 4947 4968
f 4967 4966 4969
f 4970 4971 4968
f 4969 4966 4968
f 4969 4968 4971
f 4916 4913 4965
f 4972 4925 4916
f 4972 4916 4973
f 4916 4965 4973
f 4973 4965 4974
f 4965 4964 4967
f 4974 4967 4969
f 4974 4965 4967
f 4974 4969 4971
f 4975 4974 4971
f 4976 4974 4975
f 4977 4976 4975
f 4973 4974 4976
f 4968 4947 4946
f 4946 4957 4968
f 4978 4970 4968
f 4978 4968 4957
f 4978 4957 4979
f 4980 4978 4979
f 4958 4979 4957
f 4961 4958 4959
f 4979 4958 4961
f 4979 4961 4981
f 4982 4961 4960
f 4981 4961 4982
f 4983 4980 4981
f 4981 4980 4979
f 4981 4982 4984
f 4971 4970 4977
f 4975 4971 4977
f 4980 4970 4978
f 4977 4970 4980
f 4977 4980 4983
f 4976 4977 4985
f 4986 4977 4987
f 4987 4983 4981
f 4977 4983 4987
f 4987 4981 4984
f 4986 4987 4988
f 4988 4987 4989
f 4989 4987 4984
f 4989 4984 4990
f 4899 4791 4793
f 4829 4791 4899
f 4991 4899 4901
f 4829 4899 4991
f 4991 4901 4992
f 4831 4829 4993
f 4993 4829 4991
f 4994 4991 4992
f 4993 4991 4994
f 4994 4992 4995
f 4992 4901 4917
f 4996 4917 4918
f 4996 4995 4992
f 4996 4992 4917
f 4997 4998 4999
f 4995 4996 5000
f 5000 4996 4998
f 4998 4997 5001
f 4998 5002 5000
f 4917 4904 4918
f 4921 4919 4922
f 5003 4921 4922
f 4921 5004 4918
f 5004 4921 5003
f 4922 4920 5005
f 4920 4923 5005
f 5006 5005 4923
f 4922 5005 5003
f 5007 5003 5005
f 4999 4996 4918
f 4999 4918 5004
f 5003 5008 5004
f 4999 5004 5008
f 4998 4996 4999
f 5008 5003 5009
f 5007 5005 5006
f 5007 5006 5010
f 4923 4926 5006
f 5011 5006 4926
f 5011 4926 5012
f 5010 5006 5011
f 5008 4997 4999
f 5013 5011 5012
f 5013 5014 5011
f 4993 4833 4831
f 4993 5015 4833
f 5016 4833 5015
f 5015 4993 4994
f 5016 5015 4994
f 5017 5016 4994
f 4834 5016 5018
f 5016 4834 4833
f 5018 4835 4834
f 5018 5016 5017
f 5019 5018 5017
f 4995 5020 4994
f 5017 4994 5020
f 5020 5021 5017
f 5020 4995 5000
f 5001 5002 4998
f 5022 5000 5002
f 5020 5000 5023
f 5021 5020 5023
f 5023 5000 5022
f 5024 5019 5017
f 5021 5024 5017
f 5024 5021 5025
f 5026 5025 5027
f 5027 5025 5028
f 5027 5028 5029
f 5030 5027 5029
f 5028 5021 5023
f 5021 5028 5025
f 5031 5023 5022
f 5028 5023 5031
f 5029 5028 5031
f 5007 5009 5003
f 4997 5008 5009
f 5032 4997 5009
f 5001 4997 5032
f 5033 5009 5007
f 5033 5007 5010
f 5014 5010 5011
f 5032 5009 5033
f 5033 5034 5032
f 5033 5010 5014
f 5014 5034 5033
f 5002 5001 5035
f 5035 5001 5032
f 5036 5035 5032
f 5022 5002 5037
f 5037 5002 5035
f 5038 5035 5036
f 5038 5036 5039
f 5037 5035 5038
f 5039 5036 5040
f 5041 5022 5037
f 5041 5037 5042
f 5031 5041 5029
f 5022 5041 5031
f 5042 5037 5038
f 5043 5042 5038
f 5039 5043 5038
f 5044 5043 5039
f 5040 5045 5039
f 5044 5039 5045
f 5045 5046 5044
f 5047 5029 5041
f 5047 5041 5042
f 5030 5029 5047
f 5047 5042 5048
f 5049 5047 5048
f 5048 5042 5043
f 5043 5044 5050
f 5046 5050 5044
f 5043 5050 5048
f 5034 5036 5032
f 5051 5034 5014
f 5040 5034 5051
f 5040 5036 5034
f 5052 5040 5051
f 5051 5014 5013
f 5053 5051 5013
f 5053 5013 5054
f 5040 5055 5045
f 5055 5040 5052
f 5055 5052 5056
f 5046 5045 5055
f 5057 5055 5056
f 5057 5056 5058
f 5052 5051 5059
f 5056 5052 5059
f 5060 5056 5059
f 5058 5056 5060
f 5055 5057 5046
f 5046 5057 5061
f 5046 5062 5050
f 5062 5046 5061
f 5063 5062 5061
f 5058 5064 5057
f 5061 5057 5064
f 5065 5064 5058
f 5066 5061 5064
f 5065 5066 5064
f 5051 5053 5059
f 5067 5059 5053
f 5059 5067 5060
f 5068 5060 5069
f 5069 5060 5067
f 5065 5058 5068
f 5068 5058 5060
f 5012 4925 4972
f 4926 4925 5012
f 4972 4973 5070
f 5071 5012 4972
f 5071 4972 5070
f 5070 4973 4976
f 5072 5070 4985
f 5072 5071 5070
f 5073 5012 5071
f 5073 5013 5012
f 5073 5071 5074
f 5074 5071 5072
f 4985 4977 4986
f 4986 5075 4985
f 5075 4986 4988
f 5076 5075 4988
f 5070 4976 4985
f 5072 4985 5075
f 5072 5075 5076
f 4989 5077 4988
f 5076 4988 5077
f 5072 5078 5074
f 5072 5076 5078
f 5078 5076 5077
f 5013 5073 5054
f 5079 5054 5073
f 5073 5074 5079
f 5079 5074 5078
f 5078 5077 5080
f 5081 5079 5078
f 5081 5078 5080
f 5079 5081 5082
f 5083 5081 5080
f 5084 5081 5083
f 5067 5053 5054
f 5067 5054 5085
f 5086 5067 5085
f 5085 5054 5079
f 5085 5079 5082
f 5087 4580 4579
f 5087 5088 5089
f 5090 4579 4582
f 4579 5091 5087
f 5090 5091 4579
f 5092 5090 4582
f 5090 5093 5091
f 5087 5091 5088
f 5088 5091 5093
f 5093 5094 5088
f 5088 5095 5089
f 5095 5088 5096
f 5097 5095 5096
f 5097 5096 5098
f 5099 5097 5098
f 4838 3939 3884
f 3939 4838 3941
f 4849 3941 4838
f 4852 4849 4848
f 4852 5100 4849
f 4849 5100 5101
f 4849 3942 3941
f 3942 4849 5101
f 5101 3948 3942
f 5100 4852 4858
f 5102 5101 5100
f 5101 5102 5103
f 5100 5104 5102
f 5100 4858 5104
f 5105 5103 5102
f 5104 5106 5102
f 5102 5106 5107
f 5103 3948 5101
f 5108 3948 5103
f 3948 5108 3950
f 5107 5105 5102
f 5109 5105 5107
f 5105 5110 5108
f 5105 5108 5103
f 3957 3950 5108
f 5108 5110 3957
f 5109 5110 5105
f 5111 3957 5110
f 5112 3957 5111
f 3957 3951 3950
f 5113 3956 3957
f 4632 4950 4458
f 4950 4632 5114
f 5114 4632 4633
f 4952 4950 5114
f 4952 5114 5115
f 5115 5114 4633
f 5115 4633 5116
f 5117 5115 5116
f 4636 5116 4633
f 5118 4636 4635
f 5116 4636 5118
f 5119 5116 5118
f 5119 5118 5120
f 5121 4952 5115
f 5117 5121 5115
f 4953 4952 4960
f 5121 4960 4952
f 5122 4960 5121
f 4960 5122 5123
f 5122 5121 5117
f 5122 5117 5124
f 5125 5122 5124
f 5116 5124 5117
f 5124 5116 5119
f 5119 5120 5126
f 5127 5119 5126
f 5128 5124 5119
f 5125 5124 5128
f 5128 5119 5127
f 5129 4644 4645
f 5129 4635 4644
f 5129 5118 4635
f 5129 5120 5118
f 5130 5120 5129
f 5131 5129 4645
f 5132 5129 5131
f 5130 5129 5132
f 4641 4646 4645
f 4645 4646 5133
f 4646 4647 5133
f 4645 5133 5131
f 5133 5134 5131
f 5134 5133 5135
f 5132 5131 5136
f 5126 5120 5130
f 5137 5126 5130
f 5137 5130 5132
f 5138 5137 5132
f 5132 5136 5138
f 5139 5138 5136
f 5127 5126 5140
f 5137 5140 5126
f 5140 5137 5141
f 5142 5137 5138
f 5142 5138 5139
f 5141 5137 5142
f 5143 5142 5139
f 5135 5144 5134
f 5145 5134 5144
f 5145 5146 5147
f 5134 5136 5131
f 5148 5139 5136
f 5145 5136 5134
f 5148 5136 5145
f 5139 5148 5143
f 5147 5148 5145
f 5149 5123 5122
f 5149 5122 5125
f 5125 5128 5150
f 5150 5149 5125
f 5151 5149 5150
f 5150 5128 5152
f 5152 5128 5127
f 5152 5127 5140
f 5152 5140 5153
f 5150 5152 5154
f 5154 5151 5150
f 5154 5152 5153
f 5154 5153 5155
f 5156 5157 5154
f 5156 5154 5155
f 5156 5155 5158
f 5159 5157 5156
f 5160 5157 5159
f 5123 4982 4960
f 5161 4982 5123
f 4984 4982 5161
f 4990 4984 5161
f 5162 4990 5161
f 5161 5123 5149
f 5161 5149 5151
f 5162 5161 5151
f 5163 5162 5151
f 5163 5151 5157
f 4989 4990 5163
f 4990 5162 5163
f 5157 5151 5154
f 5164 5163 5157
f 5157 5160 5164
f 5140 5141 5165
f 5165 5141 5166
f 5141 5142 5143
f 5167 5141 5143
f 5140 5165 5153
f 5155 5153 5165
f 5168 5165 5166
f 5155 5165 5168
f 5141 5167 5166
f 5167 5168 5166
f 5147 5169 5148
f 5143 5148 5169
f 5170 5147 5146
f 5170 5171 5147
f 5171 5169 5147
f 5158 5155 5168
f 5172 5168 5167
f 5158 5168 5172
f 5159 5156 5158
f 5159 5158 5173
f 5158 5172 5174
f 5167 5143 5169
f 5167 5169 5172
f 5175 5169 5171
f 5172 5169 5175
f 5176 5175 5171
f 5172 5175 5177
f 5177 5174 5172
f 5178 5175 5176
f 5177 5175 5178
f 5179 5178 5176
f 5180 5133 4647
f 5135 5133 5180
f 5180 4647 4652
f 5180 4652 5181
f 5182 4652 4654
f 5181 4652 5182
f 5144 5135 5180
f 5144 5180 5183
f 5183 5146 5144
f 5183 5180 5184
f 5184 5180 5181
f 5184 5181 5185
f 5184 5186 5183
f 5146 5145 5144
f 5187 5146 5188
f 5188 5146 5183
f 5188 5183 5186
f 5189 5184 5185
f 5181 5182 5185
f 5182 5190 5185
f 5189 5186 5184
f 5188 5186 5191
f 5189 5191 5186
f 5190 5189 5185
f 5190 5192 5189
f 4654 4578 4580
f 4654 4580 5087
f 5182 4654 5087
f 5089 5182 5087
f 5182 5089 5193
f 5182 5193 5190
f 5193 5089 5095
f 5194 5190 5193
f 5146 5187 5170
f 5195 5170 5187
f 5187 5188 5191
f 5196 5195 5187
f 5197 5195 5196
f 5171 5170 5195
f 5171 5195 5176
f 5198 5191 5189
f 5192 5198 5189
f 5199 5198 5192
f 5199 5192 5200
f 5196 5187 5191
f 5199 5191 5198
f 5196 5191 5199
f 5201 5199 5200
f 5202 5195 5197
f 5203 5202 5197
f 5203 5197 5204
f 5204 5197 5196
f 5205 5203 5204
f 5202 5176 5195
f 5206 5176 5202
f 5203 5206 5202
f 5203 5207 5206
f 5207 5203 5205
f 5199 5204 5196
f 5204 5199 5201
f 5204 5201 5208
f 5201 5200 5209
f 5210 5208 5201
f 5211 5210 5201
f 5209 5211 5201
f 5205 5204 5208
f 5212 5205 5208
f 5208 5210 5212
f 5213 5210 5211
f 5192 5190 5194
f 5194 5193 5095
f 5214 5194 5095
f 5200 5192 5194
f 5200 5194 5209
f 5215 5209 5194
f 5209 5215 5216
f 5215 5194 5214
f 5215 5214 5217
f 5214 5095 5097
f 5097 5217 5214
f 5097 5099 5218
f 5219 5216 5215
f 5216 5211 5209
f 5220 5216 5219
f 5219 5215 5217
f 5221 5219 5217
f 5221 5217 5222
f 5211 5216 5220
f 5223 5211 5220
f 5224 5223 5220
f 5220 5219 5221
f 5225 5221 5222
f 5221 5225 5226
f 5221 5224 5220
f 5097 5222 5217
f 5218 5222 5097
f 5227 5218 5099
f 5228 5218 5227
f 5222 5218 5229
f 5229 5218 5228
f 5229 5228 5230
f 5160 5159 5231
f 5077 4989 5164
f 5164 4989 5163
f 5232 5164 5160
f 5232 5160 5231
f 5233 5077 5164
f 5233 5164 5232
f 5233 5232 5234
f 5231 5159 5173
f 5173 5158 5174
f 5235 5173 5174
f 5177 5235 5174
f 5231 5173 5235
f 5236 5231 5235
f 5236 5235 5237
f 5238 5236 5237
f 5237 5235 5177
f 5179 5237 5177
f 5238 5237 5179
f 5179 5177 5178
f 5239 5240 5179
f 5238 5179 5240
f 5241 5232 5236
f 5234 5232 5241
f 5236 5238 5241
f 5241 5238 5240
f 5241 5240 5242
f 5241 5242 5243
f 5232 5231 5236
f 5233 5080 5077
f 5080 5233 5244
f 5233 5234 5244
f 5083 5080 5244
f 5244 5245 5246
f 5083 5244 5246
f 5247 5241 5243
f 5234 5241 5247
f 5234 5247 5245
f 5245 5244 5234
f 5247 5248 5245
f 5248 5247 5249
f 5179 5176 5206
f 5239 5179 5206
f 5250 5206 5207
f 5250 5239 5206
f 5207 5205 5251
f 5250 5207 5252
f 5252 5207 5251
f 5239 5250 5252
f 5253 5239 5254
f 5254 5252 5251
f 5252 5254 5239
f 5255 5251 5212
f 5255 5212 5210
f 5255 5210 5213
f 5256 5255 5213
f 5223 5213 5211
f 5213 5257 5256
f 5257 5213 5223
f 5205 5212 5251
f 5254 5251 5255
f 5254 5255 5256
f 5242 5240 5253
f 5253 5240 5239
f 5253 5254 5258
f 5259 5253 5258
f 5242 5253 5259
f 5259 5243 5242
f 5260 5256 5257
f 5261 5260 5257
f 5258 5254 5256
f 5258 5256 5262
f 5259 5258 5262
f 5262 5256 5260
f 5259 5262 5263
f 5264 5262 5260
f 5264 5260 5261
f 5265 5264 5261
f 5264 5263 5262
f 5223 5224 5266
f 5266 5224 5267
f 5268 5226 5225
f 5224 5221 5226
f 5267 5224 5226
f 5266 5257 5223
f 5269 5266 5267
f 5257 5266 5269
f 5261 5257 5269
f 5267 5226 5268
f 5270 5267 5268
f 5229 5225 5222
f 5268 5225 5229
f 5271 5230 5228
f 5228 5227 5272
f 5272 5271 5228
f 5273 5230 5271
f 5274 5271 5272
f 5273 5268 5229
f 5273 5229 5230
f 5270 5268 5273
f 5275 5270 5273
f 5276 5273 5271
f 5276 5271 5277
f 5277 5278 5276
f 5261 5269 5279
f 5279 5267 5270
f 5269 5267 5279
f 5279 5270 5275
f 5280 5261 5279
f 5265 5261 5280
f 5281 5275 5273
f 5281 5273 5282
f 5282 5273 5276
f 5278 5282 5276
f 5282 5278 5283
f 5279 5275 5284
f 5284 5275 5281
f 5284 5281 5282
f 5282 5285 5284
f 5280 5279 5284
f 5286 5280 5284
f 5287 5283 5288
f 5287 5289 5283
f 5285 5282 5289
f 5289 5282 5283
f 5243 5259 5290
f 5291 5243 5290
f 5290 5259 5263
f 5290 5263 5292
f 5293 5290 5292
f 5264 5292 5263
f 5292 5264 5265
f 5291 5290 5293
f 5247 5243 5291
f 5249 5247 5291
f 5293 5294 5291
f 5294 5293 5295
f 5265 5280 5296
f 5286 5296 5280
f 5297 5296 5286
f 5296 5292 5265
f 5295 5292 5296
f 5293 5292 5295
f 5295 5296 5297
f 5286 5284 5285
f 5298 5299 5285
f 5285 5300 5298
f 5289 5300 5285
f 5301 5298 5300
f 5301 5300 5289
f 5299 5286 5285
f 5297 5286 5299
f 5302 5299 5298
f 5303 5299 5302
f 5297 5299 5303
f 5298 5301 5302
f 5304 5302 5301
f 5297 5305 5295
f 5306 5295 5305
f 5307 5295 5306
f 5307 5294 5295
f 5308 5307 5309
f 5309 5307 5306
f 5305 5297 5303
f 5304 5303 5302
f 5310 5303 5304
f 5305 5303 5310
f 5311 5305 5312
f 5306 5305 5311
f 5312 5305 5310
f 5313 5311 5312
f 5313 5312 5310
f 5314 5306 5311
f 5315 4107 4105
f 5316 4105 4104
f 4105 5316 5315
f 5317 4103 4106
f 4104 4101 4103
f 4103 5318 4104
f 5317 5318 4103
f 4100 4107 4820
f 5319 4820 4107
f 5316 4104 5318
f 5320 5316 5318
f 5320 5315 5316
f 4107 5315 5319
f 5321 5322 5323
f 5324 5325 5323
f 5326 5323 5322
f 5324 5323 5326
f 5318 5323 5320
f 5327 5315 5320
f 5318 5321 5323
f 5317 5321 5318
f 5325 5327 5320
f 5320 5323 5325
f 5319 5315 5327
f 5328 5327 5325
f 5329 5319 5327
f 5329 5327 5328
f 5330 5331 5332
f 5333 5328 5334
f 5334 5328 5325
f 5333 5329 5328
f 5335 5329 5333
f 5336 5331 5330
f 5336 5330 5337
f 5338 5336 5337
f 5338 5339 5336
f 5337 5340 5338
f 5338 5340 5341
f 4114 5342 4106
f 4106 5343 5317
f 5342 5343 4106
f 5321 5317 5343
f 5342 5344 5343
f 4115 5345 4114
f 4115 4114 4110
f 5342 4114 5345
f 5343 5344 5321
f 5344 5322 5321
f 5346 5322 5344
f 5322 5347 5326
f 5347 5322 5346
f 5348 5347 5346
f 5344 5342 5349
f 5346 5344 5350
f 5348 5346 5350
f 5350 5344 5349
f 5350 5349 5351
f 5352 5350 5351
f 5349 5342 5345
f 5345 5353 5351
f 5354 5352 5351
f 5349 5345 5351
f 5355 5351 5353
f 5354 5351 5355
f 5356 4116 5357
f 5353 5345 4115
f 5353 4115 5356
f 5356 4115 4116
f 5356 5357 5358
f 5358 5359 5356
f 5357 4116 4118
f 5358 5357 5360
f 5360 4118 5361
f 5360 5357 4118
f 5353 5356 5359
f 5362 5359 5358
f 5359 5355 5353
f 5354 5355 5363
f 5354 5363 5364
f 5355 5359 5362
f 5363 5355 5362
f 5363 5362 5365
f 5366 5367 5363
f 5362 5358 5368
f 5368 5358 5360
f 5369 5368 5360
f 5369 5365 5368
f 5365 5369 5370
f 5365 5362 5368
f 5365 5366 5363
f 5366 5365 5371
f 5372 5366 5371
f 5373 5372 5371
f 5371 5365 5374
f 5373 5371 5374
f 5375 5373 5374
f 5348 5376 5347
f 5326 5347 5376
f 5377 5326 5376
f 5376 5348 5378
f 5378 5350 5352
f 5378 5348 5350
f 5378 5352 5379
f 5380 5376 5378
f 5380 5378 5379
f 5381 5326 5377
f 5377 5376 5380
f 5330 5332 5381
f 5381 5332 5326
f 5330 5381 5382
f 5382 5381 5377
f 5337 5330 5382
f 5382 5377 5383
f 5380 5383 5377
f 5383 5384 5382
f 5380 5385 5383
f 5380 5379 5386
f 5385 5380 5386
f 5385 5386 5387
f 5387 5386 5388
f 5337 5382 5384
f 5389 5384 5383
f 5389 5383 5390
f 5337 5384 5340
f 5390 5383 5385
f 5391 5389 5390
f 5390 5385 5387
f 5387 5392 5390
f 5393 5352 5354
f 5379 5352 5393
f 5354 5364 5393
f 5386 5379 5393
f 5388 5386 5393
f 5387 5388 5394
f 5387 5394 5395
f 5364 5394 5393
f 5388 5393 5394
f 5396 5387 5395
f 5392 5387 5396
f 5389 5340 5384
f 5397 5340 5389
f 5397 5389 5391
f 5364 5363 5367
f 5394 5364 5395
f 5395 5364 5398
f 5395 5398 5399
f 5398 5364 5367
f 5395 5399 5396
f 5396 5399 5400
f 5367 5401 5398
f 5399 5398 5401
f 5401 5367 5366
f 5402 5399 5401
f 5399 5402 5400
f 5372 5401 5366
f 5402 5401 5372
f 5400 5402 5403
f 5373 5402 5372
f 5403 5402 5373
f 5404 5361 5405
f 5406 5404 5405
f 5369 5360 5361
f 5369 5361 5404
f 5370 5369 5404
f 5370 5404 5407
f 5365 5370 5374
f 5370 5408 5374
f 5374 5408 5375
f 4819 5409 4821
f 5319 4819 4820
f 5409 4819 5319
f 4825 4821 5410
f 5319 5329 5411
f 5409 5319 5411
f 4821 5409 5410
f 5412 5410 5409
f 5412 5413 5410
f 4826 4822 4825
f 4826 4825 5414
f 5415 4825 5410
f 5415 5410 5413
f 5414 4825 5415
f 5415 5416 5414
f 5329 5335 5417
f 5411 5329 5417
f 5409 5411 5412
f 5338 5418 5339
f 5339 5418 5419
f 5420 5419 5418
f 5421 5411 5417
f 5422 5411 5421
f 5422 5412 5411
f 5423 5412 5422
f 5412 5423 5413
f 5424 5423 5422
f 5418 5338 5341
f 5341 5425 5418
f 5340 5426 5341
f 5426 5340 5397
f 5425 5341 5426
f 5425 5420 5418
f 5426 5397 5427
f 5426 5428 5425
f 5427 5428 5426
f 5429 5430 5420
f 5425 5429 5420
f 5429 5425 5431
f 5431 5425 5428
f 5432 5430 5429
f 5429 5431 5432
f 5433 5431 5428
f 5434 5428 5427
f 5435 5423 5424
f 5430 5432 5424
f 5435 5424 5432
f 5436 5435 5432
f 5437 5435 5436
f 5434 5433 5428
f 5433 5438 5431
f 5439 5433 5434
f 5434 5440 5439
f 5438 5432 5431
f 5432 5438 5436
f 5441 5438 5433
f 5440 5442 5439
f 5441 5433 5439
f 5443 5413 5423
f 5444 5415 5413
f 5416 5415 5444
f 5444 5413 5445
f 5423 5435 5443
f 5443 5445 5413
f 5446 5445 5443
f 5447 5448 5446
f 5449 5437 5436
f 5449 5436 5438
f 5447 5446 5437
f 5449 5447 5437
f 5449 5438 5441
f 5450 5441 5439
f 5442 5450 5439
f 5441 5451 5449
f 5451 5441 5450
f 5449 5452 5447
f 5442 5453 5450
f 5454 5445 5446
f 5444 5445 5454
f 5447 5455 5448
f 5456 5454 5448
f 5375 5457 5373
f 5391 5390 5392
f 5396 5458 5392
f 5459 5392 5458
f 5427 5397 5391
f 5460 5427 5391
f 5460 5391 5461
f 5391 5392 5461
f 5434 5427 5460
f 5460 5462 5440
f 5461 5462 5460
f 5462 5461 5463
f 5440 5434 5460
f 5440 5462 5442
f 5461 5392 5459
f 5459 5463 5461
f 5403 5464 5400
f 5400 5458 5396
f 5458 5400 5464
f 5457 5403 5373
f 5465 5464 5403
f 5457 5465 5403
f 5458 5464 5466
f 5466 5459 5458
f 5467 5464 5465
f 5467 5465 5468
f 5466 5464 5467
f 5462 5463 5442
f 5469 5442 5463
f 5469 5453 5442
f 5463 5470 5469
f 5463 5459 5471
f 5470 5463 5471
f 5470 5471 5472
f 5470 5473 5469
f 5474 5473 5470
f 5472 5466 5475
f 5475 5466 5467
f 5476 5475 5467
f 5477 5475 5476
f 5477 5472 5475
f 5472 5477 5478
f 5477 5479 5478
f 5466 5471 5459
f 5472 5471 5466
f 5480 4843 4826
f 4842 4843 5481
f 4842 5481 4844
f 5482 4843 5480
f 5483 5482 5480
f 5481 4843 5482
f 5484 5481 5482
f 5485 5480 5414
f 5480 5485 5483
f 5486 5483 5485
f 5486 5485 5487
f 5482 5486 5488
f 5482 5483 5486
f 5489 5488 5486
f 5490 5484 5488
f 5488 5484 5482
f 5487 5489 5486
f 5489 5491 5492
f 5492 5488 5489
f 4826 5414 5480
f 5416 5485 5414
f 5485 5416 5493
f 5494 4844 5481
f 4844 5494 4855
f 4855 4856 4853
f 5494 5481 5484
f 5495 5494 5484
f 4855 5494 5495
f 4855 5495 5496
f 5496 4859 4856
f 4860 4857 4859
f 4860 4859 5497
f 5497 4859 5496
f 5498 5499 5497
f 5498 5500 5499
f 5501 5499 5500
f 5496 4856 4855
f 5502 5497 5496
f 5503 5496 5495
f 5503 5502 5496
f 5500 5502 5503
f 5498 5497 5502
f 5500 5498 5502
f 5495 5484 5490
f 5504 5495 5490
f 5503 5495 5504
f 5503 5504 5505
f 5506 5504 5490
f 5506 5490 5488
f 5492 5506 5488
f 5506 5492 5507
f 5504 5508 5505
f 5509 5504 5506
f 5509 5508 5504
f 5503 5505 5510
f 5500 5503 5510
f 5511 5500 5510
f 5501 5500 5511
f 5508 5510 5505
f 5510 5512 5511
f 5512 5510 5508
f 5487 5491 5489
f 5513 5491 5514
f 5514 5491 5487
f 5515 5513 5514
f 5515 5514 5516
f 5517 5518 5515
f 5487 5485 5493
f 5519 5487 5493
f 5519 5493 5520
f 5520 5493 5416
f 5520 5416 5444
f 5514 5487 5519
f 5516 5514 5519
f 5521 5520 5444
f 5522 5519 5521
f 5521 5519 5520
f 5456 5523 5521
f 5444 5454 5521
f 5456 5521 5454
f 5524 5522 5521
f 5523 5524 5521
f 5522 5516 5519
f 5525 5516 5522
f 5515 5516 5525
f 5524 5525 5522
f 5525 5517 5515
f 5524 5517 5525
f 5526 5517 5524
f 5509 5506 5507
f 5492 5491 5513
f 5513 5507 5492
f 5527 5508 5509
f 5518 5507 5513
f 5518 5513 5515
f 5528 5529 5518
f 5529 5509 5507
f 5527 5529 5530
f 5512 5531 5511
f 5532 5512 5533
f 5512 5534 5531
f 5532 5534 5512
f 5527 5512 5508
f 5533 5512 5527
f 5534 5532 5533
f 5535 5534 5533
f 5534 5535 5536
f 5537 5528 5518
f 5517 5537 5518
f 5529 5528 5530
f 5538 5530 5528
f 5528 5537 5538
f 5539 5537 5517
f 5539 5538 5537
f 5530 5533 5527
f 5535 5533 5530
f 5538 5535 5530
f 5540 5535 5538
f 5540 5536 5535
f 5541 5536 5540
f 5540 5542 5541
f 5474 5470 5472
f 5478 5474 5472
f 5474 5478 5543
f 5544 5474 5543
f 5479 5543 5478
f 5543 5479 5545
f 5544 5543 5546
f 5546 5543 5545
f 5547 5546 5545
f 5548 5546 5547
f 5449 5451 5452
f 5549 5451 5450
f 5550 5448 5455
f 5455 5551 5550
f 5550 5552 5456
f 5550 5456 5448
f 5452 5455 5447
f 5451 5553 5452
f 5553 5451 5549
f 5452 5551 5455
f 5553 5551 5452
f 5450 5453 5549
f 5549 5453 5554
f 5555 5554 5453
f 5553 5556 5551
f 5556 5553 5549
f 5549 5557 5556
f 5554 5557 5549
f 5558 5557 5554
f 5558 5554 5555
f 5469 5555 5453
f 5559 5456 5552
f 5550 5551 5560
f 5560 5551 5556
f 5560 5552 5550
f 5560 5556 5561
f 5562 5559 5552
f 5562 5552 5560
f 5560 5561 5562
f 5561 5563 5562
f 5564 5559 5562
f 5563 5561 5565
f 5561 5556 5557
f 5557 5565 5561
f 5565 5557 5558
f 5555 5566 5558
f 5567 5558 5566
f 5559 5564 5568
f 5526 5524 5568
f 5569 5568 5564
f 5570 5564 5562
f 5562 5563 5570
f 5564 5570 5569
f 5570 5563 5571
f 5571 5563 5572
f 5572 5563 5565
f 5569 5573 5568
f 5574 5526 5568
f 5575 5573 5569
f 5575 5569 5570
f 5575 5570 5571
f 5576 5565 5558
f 5572 5565 5576
f 5576 5558 5567
f 5577 5572 5576
f 5577 5576 5578
f 5578 5576 5567
f 5571 5579 5575
f 5580 5575 5579
f 5572 5579 5571
f 5581 5538 5539
f 5582 5581 5539
f 5539 5574 5582
f 5581 5540 5538
f 5583 5542 5540
f 5583 5540 5581
f 5584 5583 5581
f 5583 5584 5585
f 5586 5587 5588
f 5588 5587 5589
f 5590 5591 5589
f 5587 5590 5589
f 5590 5587 5592
f 5539 5517 5526
f 5574 5539 5526
f 5574 5568 5573
f 5593 5582 5574
f 5594 5577 5578
f 5573 5575 5580
f 5573 5580 5593
f 5579 5595 5580
f 5596 5579 5572
f 5596 5572 5577
f 5577 5597 5596
f 5579 5596 5595
f 5598 5595 5596
f 5598 5596 5597
f 5574 5573 5593
f 5580 5586 5593
f 5582 5593 5588
f 5586 5588 5593
f 5586 5580 5595
f 5586 5595 5599
f 5599 5595 5598
f 5600 5598 5597
f 5601 5577 5594
f 5577 5601 5597
f 5597 5601 5600
f 5602 5601 5594
f 5586 5599 5587
f 5603 5599 5598
f 5598 5600 5603
f 5599 5604 5587
f 5603 5604 5599
f 5604 5592 5587
f 5605 5604 5603
f 5605 5603 5600
f 5605 5600 5606
f 5600 5601 5602
f 5602 5607 5600
f 5607 5602 5608
f 5555 5469 5473
f 5566 5555 5473
f 5609 5566 5473
f 5609 5567 5566
f 5610 5609 5473
f 5474 5610 5473
f 5609 5610 5611
f 5611 5567 5609
f 5578 5567 5611
f 5612 5610 5474
f 5612 5613 5610
f 5611 5610 5613
f 5612 5474 5544
f 5611 5594 5578
f 5613 5594 5611
f 5612 5614 5613
f 5594 5613 5615
f 5615 5613 5616
f 5616 5613 5614
f 5594 5615 5602
f 5608 5602 5615
f 5546 5612 5544
f 5614 5612 5546
f 5548 5614 5546
f 5548 5617 5614
f 5616 5614 5618
f 5618 5614 5617
f 5619 5617 5548
f 5620 5619 5548
f 4118 4835 5361
f 4835 5018 5621
f 5405 4835 5621
f 5405 5361 4835
f 5621 5018 5019
f 5621 5019 5024
f 5621 5024 5622
f 5405 5621 5622
f 5406 5405 5622
f 5406 5622 5623
f 5624 5406 5623
f 5623 5625 5626
f 5623 5626 5624
f 5404 5406 5407
f 5407 5627 5370
f 5375 5408 5628
f 5375 5628 5457
f 5457 5628 5629
f 5370 5627 5408
f 5408 5627 5628
f 5630 5628 5627
f 5631 5630 5627
f 5630 5629 5628
f 5407 5406 5624
f 5627 5407 5631
f 5624 5631 5407
f 5632 5631 5624
f 5633 5632 5624
f 5624 5626 5633
f 5634 5632 5633
f 5634 5633 5635
f 5630 5632 5634
f 5630 5634 5636
f 5632 5630 5631
f 5629 5630 5636
f 5637 5468 5638
f 5636 5637 5638
f 5636 5638 5629
f 5639 5640 5636
f 5640 5637 5636
f 5640 5639 5641
f 5622 5024 5642
f 5643 5642 5024
f 5622 5625 5623
f 5625 5622 5642
f 5644 5626 5625
f 5635 5626 5644
f 5625 5642 5644
f 5642 5645 5644
f 5645 5646 5644
f 5025 5026 5024
f 5643 5024 5026
f 5642 5643 5647
f 5647 5643 5026
f 5026 5648 5647
f 5648 5026 5027
f 5645 5647 5648
f 5648 5027 5030
f 5642 5647 5645
f 5645 5648 5649
f 5649 5648 5650
f 5649 5646 5645
f 5651 5649 5650
f 5651 5652 5649
f 5633 5626 5635
f 5635 5653 5634
f 5635 5646 5653
f 5639 5636 5634
f 5653 5639 5634
f 5635 5644 5646
f 5653 5646 5654
f 5652 5646 5649
f 5654 5646 5652
f 5655 5639 5653
f 5654 5655 5653
f 5641 5639 5655
f 5654 5652 5656
f 5657 5656 5652
f 5651 5657 5652
f 5654 5656 5655
f 5658 5655 5656
f 5659 5656 5657
f 5641 5660 5640
f 5641 5661 5660
f 5641 5655 5658
f 5658 5661 5641
f 5659 5657 5662
f 5659 5658 5656
f 5663 5659 5662
f 5663 5664 5659
f 5664 5665 5658
f 5658 5659 5664
f 5658 5665 5661
f 5666 5664 5663
f 5667 5664 5666
f 5664 5667 5665
f 5629 5465 5457
f 5638 5465 5629
f 5638 5468 5465
f 5668 5468 5637
f 5476 5467 5468
f 5668 5476 5468
f 5668 5477 5476
f 5660 5668 5637
f 5660 5637 5640
f 5479 5477 5668
f 5669 5479 5668
f 5660 5669 5668
f 5669 5660 5661
f 5661 5670 5669
f 5670 5661 5671
f 5665 5671 5661
f 5648 5030 5650
f 5030 5047 5049
f 5672 5030 5049
f 5650 5030 5672
f 5673 5672 5049
f 5673 5049 5674
f 5674 5049 5048
f 5674 5048 5675
f 5675 5048 5050
f 5675 5050 5062
f 5651 5650 5672
f 5651 5672 5673
f 5674 5676 5673
f 5673 5676 5651
f 5676 5657 5651
f 5676 5662 5657
f 5062 5677 5675
f 5677 5062 5063
f 5677 5674 5675
f 5677 5678 5674
f 5063 5061 5066
f 5066 5679 5063
f 5063 5680 5677
f 5678 5677 5680
f 5679 5680 5063
f 5676 5678 5681
f 5678 5676 5674
f 5681 5678 5682
f 5679 5066 5065
f 5683 5065 5068
f 5684 5065 5683
f 5679 5065 5684
f 5680 5679 5685
f 5068 5069 5686
f 5683 5068 5686
f 5683 5686 5684
f 5685 5679 5684
f 5686 5687 5684
f 5688 5680 5685
f 5682 5678 5688
f 5688 5678 5680
f 5685 5684 5689
f 5689 5684 5687
f 5689 5690 5685
f 5688 5685 5691
f 5691 5685 5690
f 5676 5681 5662
f 5663 5662 5681
f 5681 5682 5692
f 5663 5681 5692
f 5688 5692 5682
f 5666 5692 5693
f 5692 5666 5663
f 5691 5692 5688
f 5693 5692 5691
f 5667 5671 5665
f 5082 5081 5084
f 5694 5082 5084
f 5694 5695 5082
f 5696 5694 5084
f 5697 5479 5669
f 5697 5698 5479
f 5697 5669 5670
f 5699 5697 5670
f 5699 5698 5697
f 5545 5479 5698
f 5700 5545 5698
f 5699 5701 5698
f 5698 5701 5700
f 5699 5670 5671
f 5699 5671 5702
f 5703 5702 5671
f 5671 5667 5703
f 5702 5703 5704
f 5702 5701 5699
f 5705 5701 5702
f 5702 5704 5705
f 5706 5703 5707
f 5706 5704 5703
f 5547 5545 5700
f 5708 5547 5700
f 5620 5547 5708
f 5701 5705 5709
f 5708 5700 5701
f 5708 5701 5709
f 5709 5705 5710
f 5548 5547 5620
f 5620 5708 5711
f 5712 5620 5711
f 5709 5710 5713
f 5711 5708 5709
f 5711 5713 5714
f 5711 5714 5712
f 5709 5713 5711
f 5715 5710 5705
f 5715 5706 5716
f 5706 5715 5704
f 5715 5705 5704
f 5717 5715 5716
f 5718 5710 5715
f 5719 5717 5720
f 5719 5720 5721
f 5719 5721 5722
f 5721 5696 5722
f 5717 5718 5715
f 5723 5718 5724
f 5724 5718 5717
f 5724 5717 5719
f 5719 5725 5724
f 5725 5719 5722
f 5725 5722 5726
f 5723 5724 5725
f 5723 5725 5726
f 5727 5713 5710
f 5718 5727 5710
f 5069 5067 5086
f 5069 5086 5728
f 5686 5069 5728
f 5728 5687 5686
f 5729 5689 5687
f 5690 5689 5729
f 5730 5687 5728
f 5730 5729 5687
f 5731 5728 5086
f 5730 5728 5731
f 5695 5086 5085
f 5731 5086 5695
f 5666 5693 5732
f 5733 5690 5729
f 5691 5690 5733
f 5693 5691 5734
f 5733 5734 5691
f 5732 5693 5734
f 5733 5729 5730
f 5730 5735 5733
f 5730 5731 5735
f 5736 5733 5735
f 5734 5733 5736
f 5736 5737 5734
f 5666 5738 5667
f 5732 5738 5666
f 5738 5732 5737
f 5707 5703 5667
f 5707 5667 5738
f 5734 5737 5732
f 5739 5731 5695
f 5735 5731 5739
f 5736 5735 5740
f 5740 5735 5739
f 5740 5739 5695
f 5741 5736 5742
f 5742 5736 5740
f 5737 5736 5741
f 5738 5737 5741
f 5741 5707 5738
f 5741 5742 5743
f 5743 5744 5741
f 5743 5742 5740
f 5743 5740 5745
f 5695 5745 5740
f 5746 5743 5745
f 5744 5743 5746
f 5695 5085 5082
f 5745 5695 5694
f 5747 5744 5746
f 5746 5745 5748
f 5748 5745 5721
f 5721 5745 5694
f 5696 5721 5694
f 5707 5741 5744
f 5706 5707 5747
f 5707 5744 5747
f 5746 5748 5747
f 5748 5749 5747
f 5706 5747 5749
f 5716 5706 5749
f 5748 5720 5749
f 5716 5749 5717
f 5717 5749 5720
f 5720 5748 5721
f 5619 5620 5712
f 5619 5712 5750
f 5751 4858 4860
f 5751 5104 4858
f 5106 5104 5751
f 5752 5106 5751
f 5497 5751 4860
f 5753 5107 5106
f 5499 5751 5497
f 5752 5751 5499
f 5754 5752 5499
f 5752 5754 5755
f 5752 5755 5756
f 5756 5106 5752
f 5106 5756 5753
f 5757 5756 5755
f 5107 5758 5109
f 5107 5753 5758
f 5110 5109 5111
f 5111 5109 5758
f 5759 5112 5111
f 5757 5753 5756
f 5758 5753 5757
f 5759 5111 5758
f 5760 5758 5761
f 5760 5759 5758
f 5754 5499 5501
f 5762 5755 5754
f 5755 5763 5757
f 5763 5755 5762
f 5762 5764 5763
f 5765 5762 5754
f 5762 5765 5766
f 5511 5765 5754
f 5511 5754 5501
f 5511 5531 5765
f 5757 5763 5761
f 5758 5757 5761
f 5761 5763 5767
f 5760 5761 5767
f 5764 5767 5763
f 5768 5767 5764
f 5769 5760 5767
f 5768 5769 5767
f 5770 5769 5768
f 5113 3957 5112
f 5113 5112 5771
f 3988 3956 5113
f 3988 5113 5771
f 5112 5759 5771
f 5772 5771 5759
f 5771 5773 3988
f 5771 5772 5773
f 5773 3989 3988
f 5774 3989 5773
f 3990 3989 5774
f 5759 5760 5772
f 5775 5772 5760
f 5775 5776 5772
f 5776 5773 5772
f 5770 5777 5775
f 5769 5775 5760
f 5777 5776 5775
f 5778 5774 5773
f 3990 5774 3993
f 5778 5773 5776
f 5777 5778 5776
f 3993 5774 5778
f 3993 5779 3995
f 5780 3995 5779
f 5779 5778 5777
f 5779 5777 5781
f 5779 3993 5778
f 5781 5780 5779
f 5764 5762 5766
f 5764 5766 5782
f 5766 5783 5782
f 5784 5765 5531
f 5784 5531 5534
f 5785 5784 5534
f 5765 5784 5766
f 5783 5766 5784
f 5536 5785 5534
f 5783 5784 5785
f 5783 5786 5782
f 5782 5768 5764
f 5787 5770 5768
f 5768 5782 5788
f 5789 5768 5788
f 5790 5789 5788
f 5541 5785 5536
f 5791 5785 5541
f 5791 5783 5785
f 5791 5786 5783
f 5791 5541 5792
f 5792 5786 5791
f 5542 5793 5541
f 5541 5793 5792
f 5786 5792 5794
f 5794 5792 5793
f 5795 5789 5790
f 5796 5795 5797
f 5798 5795 5796
f 5790 5788 5786
f 5786 5797 5790
f 5797 5795 5790
f 5797 5786 5794
f 5796 5797 5794
f 5770 5799 5777
f 5800 5777 5799
f 5770 5787 5799
f 5799 5787 5801
f 5802 5800 5799
f 5801 5803 5799
f 5803 5802 5799
f 5800 5781 5777
f 5804 5781 5800
f 5805 5780 5781
f 5800 5802 5804
f 5804 5802 5806
f 5807 5805 5781
f 5807 5781 5804
f 5804 5806 5807
f 5787 5789 5808
f 5789 5795 5808
f 5801 5787 5808
f 5808 5809 5801
f 5809 5803 5801
f 5803 5810 5802
f 5803 5809 5810
f 5795 5798 5808
f 5798 5809 5808
f 5809 5798 5811
f 5811 5810 5809
f 5806 5802 5810
f 5806 5812 5807
f 5813 5807 5812
f 5810 5814 5806
f 5810 5811 5814
f 5814 5812 5806
f 5812 5814 5815
f 4008 3995 5780
f 5805 4008 5780
f 4030 4008 5805
f 4030 5805 5816
f 5817 5805 5807
f 5816 5805 5817
f 4030 5816 4031
f 4036 4031 5816
f 5813 5817 5807
f 5817 5818 5819
f 5813 5818 5817
f 5817 5819 5816
f 4036 5816 5819
f 4037 4036 5819
f 5818 5820 5819
f 5819 5820 4037
f 5812 5815 5813
f 5818 5813 5815
f 5821 5820 5818
f 4041 4037 5820
f 5822 4041 5820
f 4043 4040 4041
f 5583 5793 5542
f 5823 5793 5583
f 5823 5794 5793
f 5824 5794 5823
f 5825 5823 5583
f 5825 5583 5585
f 5826 5825 5585
f 5823 5825 5824
f 5794 5824 5796
f 5798 5796 5827
f 5796 5824 5827
f 5827 5824 5828
f 5826 5829 5825
f 5591 5830 5826
f 5830 5591 5590
f 5830 5590 5592
f 5831 5592 5604
f 5832 5833 5830
f 5834 5832 5830
f 5834 5830 5592
f 5834 5592 5831
f 5834 5831 5835
f 5825 5829 5824
f 5836 5824 5829
f 5824 5836 5828
f 5837 5832 5838
f 5834 5838 5832
f 5839 5604 5605
f 5604 5839 5831
f 5605 5606 5839
f 5606 5607 5840
f 5606 5841 5839
f 5840 5841 5606
f 5606 5600 5607
f 5608 5842 5607
f 5831 5839 5843
f 5840 5607 5842
f 5844 5842 5845
f 5811 5798 5846
f 5827 5846 5798
f 5847 5846 5827
f 5848 5814 5811
f 5848 5815 5814
f 5848 5811 5846
f 5847 5848 5846
f 5847 5827 5828
f 5849 5847 5828
f 5850 5847 5849
f 5848 5847 5851
f 5847 5850 5851
f 5848 5851 5852
f 5843 5835 5831
f 5838 5853 5854
f 5838 5834 5853
f 5853 5834 5835
f 5835 5843 5855
f 5835 5856 5853
f 5856 5835 5855
f 5857 5856 5855
f 5839 5841 5843
f 5858 5843 5841
f 5858 5841 5840
f 5859 5840 5842
f 5855 5843 5858
f 5860 5855 5858
f 5859 5858 5840
f 5859 5860 5858
f 5859 5842 5844
f 5861 5854 5853
f 5861 5849 5854
f 5862 5861 5853
f 5862 5853 5856
f 5856 5863 5862
f 5863 5856 5857
f 5860 5864 5857
f 5862 5863 5865
f 5861 5862 5865
f 5866 5850 5861
f 5866 5861 5865
f 5863 5857 5867
f 5867 5857 5864
f 5851 5868 5852
f 5869 5870 5850
f 5869 5850 5866
f 5871 5870 5869
f 5871 5872 5870
f 5871 5869 5873
f 5863 5874 5865
f 5863 5867 5874
f 5873 5869 5866
f 5865 5875 5866
f 5866 5875 5873
f 5874 5875 5865
f 5876 5874 5867
f 5864 5877 5867
f 5876 5867 5877
f 5873 5875 5871
f 5878 5874 5876
f 5875 5874 5878
f 5879 5878 5876
f 5879 5876 5880
f 5877 5880 5876
f 5880 5877 5881
f 5855 5860 5857
f 5859 5882 5860
f 5882 5864 5860
f 5882 5859 5883
f 5883 5859 5844
f 5882 5877 5864
f 5882 5881 5877
f 5883 5881 5882
f 5884 5881 5883
f 5884 5883 5885
f 5886 5616 5618
f 5608 5615 5845
f 5615 5887 5845
f 5845 5842 5608
f 5887 5615 5616
f 5887 5616 5886
f 5845 5887 5888
f 5844 5845 5888
f 5887 5886 5889
f 5889 5888 5887
f 5890 5888 5889
f 5618 5617 5891
f 5618 5892 5886
f 5893 5617 5619
f 5893 5619 5750
f 5891 5617 5893
f 5894 5895 5893
f 5891 5893 5896
f 5896 5893 5895
f 5891 5892 5618
f 5897 5892 5891
f 5896 5897 5891
f 5898 5892 5897
f 5896 5899 5897
f 5898 5897 5900
f 5901 5897 5899
f 5900 5897 5901
f 5889 5886 5892
f 5892 5898 5889
f 5902 5844 5888
f 5889 5903 5890
f 5890 5902 5888
f 5904 5902 5890
f 5904 5890 5903
f 5905 5902 5904
f 5906 5904 5903
f 5904 5907 5905
f 5905 5907 5908
f 5907 5904 5906
f 5900 5901 5909
f 5910 5900 5909
f 5911 5912 5910
f 5903 5889 5898
f 5903 5898 5913
f 5898 5912 5913
f 5912 5898 5900
f 5912 5900 5910
f 5914 5913 5915
f 5906 5903 5913
f 5906 5913 5914
f 5906 5914 5916
f 5915 5913 5912
f 5914 5915 5911
f 5911 5915 5912
f 5917 5914 5911
f 5914 5917 5916
f 5911 5918 5917
f 5902 5883 5844
f 5885 5883 5902
f 5885 5902 5905
f 5821 5818 5815
f 5822 5820 5821
f 5919 5815 5848
f 5821 5815 5822
f 5919 5822 5815
f 5919 5920 5822
f 5822 5921 4041
f 5920 5921 5822
f 5921 4043 4041
f 5922 5921 5920
f 4058 4043 5921
f 5921 5922 4058
f 5848 5852 5919
f 5923 5919 5852
f 5924 5920 5919
f 5920 5924 5922
f 5925 4059 5922
f 5922 5924 5925
f 5922 4059 4058
f 4059 5925 4064
f 4064 5925 4065
f 5923 5852 5868
f 5872 5923 5868
f 5872 5871 5926
f 5927 5926 5871
f 5927 5871 5928
f 5929 5926 5927
f 5926 5929 5930
f 5926 5930 5931
f 5875 5928 5871
f 5919 5923 5932
f 5932 5924 5919
f 5931 5932 5923
f 5933 5934 5932
f 5928 5929 5927
f 5929 5928 5935
f 5935 5928 5936
f 5875 5878 5928
f 5878 5937 5928
f 5937 5878 5879
f 5928 5937 5936
f 5936 5937 5938
f 5938 5937 5879
f 5938 5879 5939
f 5939 5879 5880
f 5940 5939 5880
f 5935 5930 5929
f 5933 5931 5930
f 5941 5933 5930
f 5942 5935 5936
f 5930 5935 5941
f 5935 5943 5941
f 5943 5935 5942
f 5944 5943 5942
f 5933 5941 5934
f 5945 5934 5941
f 5941 5943 5945
f 5944 5946 5943
f 5944 5942 5947
f 5948 5944 5947
f 5938 5942 5936
f 5939 5949 5938
f 5942 5938 5947
f 5949 5947 5938
f 5949 5939 5950
f 5940 5950 5939
f 5948 5947 5949
f 5951 5948 5949
f 5950 5951 5949
f 5940 5881 5952
f 5952 5881 5884
f 5953 5940 5952
f 5954 5952 5884
f 5955 5954 5884
f 5954 5955 5956
f 5957 5956 5955
f 5958 5957 5955
f 5880 5881 5940
f 5950 5940 5953
f 5954 5953 5952
f 5953 5959 5950
f 5959 5953 5956
f 5953 5954 5956
f 5932 5925 5924
f 5960 5925 5932
f 5960 4065 5925
f 4067 4065 5960
f 5932 5961 5960
f 5961 5932 5934
f 4067 5960 4070
f 5945 5962 5934
f 5945 5943 5946
f 5963 5964 5945
f 5960 5965 4070
f 5946 5963 5945
f 5944 5966 5946
f 5966 5944 5948
f 5963 5946 5967
f 5965 5963 5967
f 5967 5946 5966
f 5948 5968 5966
f 5966 5969 5967
f 5968 5969 5966
f 5968 5948 5951
f 5951 5950 5959
f 5970 5951 5971
f 5968 5951 5970
f 5951 5959 5971
f 5972 4069 5965
f 5965 5967 5973
f 5972 5965 5973
f 5967 5974 5973
f 5969 5974 5967
f 5975 4073 5972
f 5973 5975 5972
f 5976 5969 5968
f 5976 5968 5970
f 5975 5973 5974
f 4071 4073 5975
f 5970 5971 5977
f 5977 5971 5978
f 5979 5959 5956
f 5959 5980 5971
f 5980 5959 5979
f 5979 5956 5957
f 5981 5980 5979
f 5978 5971 5980
f 5978 5980 5982
f 5983 5981 5979
f 5981 5983 5984
f 5983 5985 5984
f 5981 5982 5980
f 5982 5981 5984
f 5986 5987 5907
f 5907 5906 5988
f 5988 5906 5916
f 5907 5988 5986
f 5916 5989 5988
f 5986 5988 5989
f 5916 5917 5989
f 5918 5990 5917
f 5917 5990 5989
f 5991 5986 5992
f 5986 5993 5992
f 5993 5986 5989
f 5989 5990 5993
f 5994 5993 5990
f 5994 5990 5995
f 5996 5992 5993
f 5996 5993 5994
f 5997 5996 5994
f 5994 5998 5997
f 5997 5998 5999
f 5885 5905 5908
f 5955 5885 5908
f 5955 5884 5885
f 5987 5908 5907
f 5908 6000 5958
f 5955 5908 5958
f 6000 5908 5987
f 6001 6000 5987
f 5986 6001 5987
f 6001 6002 6000
f 5991 6002 6001
f 5991 6001 5986
f 5996 5991 5992
f 5958 6000 6002
f 6002 5957 5958
f 6003 5957 6002
f 6004 6002 5991
f 6003 6002 6004
f 6003 6004 6005
f 5983 5957 6003
f 5983 6003 6006
f 6006 6003 6005
f 5983 5979 5957
f 5983 6006 5985
f 6004 5991 5996
f 5997 6004 5996
f 6004 6007 6008
f 6007 6009 6008
f 6008 6005 6004
f 6007 6004 5997
f 6007 5997 5999
f 6010 5084 5083
f 6010 5083 5246
f 6011 6010 5246
f 5084 6010 6012
f 5696 5084 6012
f 6012 6010 6011
f 5245 5248 5246
f 6011 5246 6013
f 5246 5248 6013
f 6013 5248 6014
f 6011 6013 6015
f 6016 6012 6011
f 6016 6011 6015
f 6014 6015 6013
f 6017 6015 6014
f 5894 5712 6018
f 5714 6018 5712
f 6019 6018 5714
f 6019 6020 6018
f 6021 6020 6019
f 5722 5696 6022
f 5696 6012 6022
f 5722 6022 6023
f 5722 6023 5726
f 6023 6024 5726
f 5726 6025 5723
f 6025 5726 6024
f 6023 6022 6026
f 6026 6024 6023
f 6027 6022 6012
f 6027 6012 6016
f 6026 6022 6027
f 6028 6024 6026
f 6029 6026 6027
f 5727 6030 5713
f 5713 6019 5714
f 6019 5713 6030
f 5723 5727 5718
f 6025 5727 5723
f 5727 6025 6030
f 6030 6025 6031
f 6025 6024 6031
f 6031 6024 6028
f 6032 6030 6031
f 6019 6030 6033
f 6021 6019 6033
f 6030 6032 6033
f 6034 6033 6032
f 6031 6028 6032
f 6029 6028 6026
f 6032 6028 6029
f 6035 6029 6027
f 6032 6029 6036
f 6036 6034 6032
f 6027 6016 6035
f 6016 6015 6035
f 6037 6035 6015
f 6015 6017 6038
f 6039 6021 6033
f 6040 6033 6034
f 6033 6040 6039
f 6035 6041 6029
f 6036 6029 6041
f 6042 6036 6041
f 6041 6035 6037
f 6034 6036 6042
f 6042 6040 6034
f 6041 6043 6042
f 6040 6042 6043
f 6044 6038 6045
f 6046 6040 6047
f 6048 6046 6047
f 6037 6015 6038
f 6037 6038 6044
f 6037 6043 6041
f 6043 6037 6049
f 6049 6037 6044
f 6043 6050 6040
f 6050 6043 6049
f 6047 6040 6050
f 6051 6052 6049
f 6049 6052 6050
f 6052 6047 6050
f 6053 6014 5249
f 5294 5249 5291
f 5294 6053 5249
f 6053 5294 6054
f 5249 6014 5248
f 6055 6014 6053
f 6053 6056 6055
f 5308 5294 5307
f 5294 5308 6057
f 6057 5308 5309
f 6054 5294 6057
f 5306 5314 5309
f 6057 5309 6058
f 6058 5309 5314
f 6053 6054 6059
f 6054 6057 6060
f 6060 6057 6058
f 6060 6058 6061
f 6062 5311 5313
f 6063 5313 5310
f 6064 6065 6062
f 6064 6062 5313
f 6064 5313 6063
f 6066 6067 6064
f 6066 6064 6068
f 6062 5314 5311
f 6065 5314 6062
f 6061 6058 5314
f 6061 5314 6065
f 6065 6069 6061
f 6069 6060 6061
f 6070 6060 6069
f 6069 6065 6067
f 6065 6064 6067
f 6066 6069 6067
f 6060 6059 6054
f 6053 6059 6056
f 6059 6060 6070
f 6070 6069 6071
f 6071 6069 6066
f 6071 6066 6072
f 6073 6072 6066
f 6074 6070 6071
f 6074 6071 6072
f 6059 6070 6074
f 6075 6072 6073
f 6074 6072 6075
f 6017 6014 6055
f 6045 6038 6017
f 6076 6045 6017
f 6076 6017 6055
f 6056 6077 6055
f 6076 6055 6077
f 6051 6044 6078
f 6051 6079 6052
f 6080 6051 6078
f 6079 6051 6080
f 6044 6045 6078
f 6051 6049 6044
f 6076 6077 6081
f 6082 6045 6076
f 6082 6078 6045
f 6083 6078 6082
f 6082 6076 6081
f 6077 6056 6084
f 6084 6056 6059
f 6074 6084 6059
f 6085 6084 6086
f 6086 6084 6074
f 6086 6074 6087
f 6085 6086 6088
f 6089 6088 6086
f 6090 6088 6089
f 6084 6081 6077
f 6081 6084 6085
f 6082 6081 6091
f 6081 6085 6088
f 6091 6081 6088
f 5750 5894 5893
f 5894 5750 5712
f 5895 5894 6018
f 5899 5896 5895
f 5895 6092 5899
f 5895 6018 6092
f 6092 6018 6093
f 5901 5899 6092
f 5909 5901 6092
f 6018 6020 6093
f 6021 6093 6020
f 6094 6092 6093
f 5909 6092 6094
f 6095 6094 6096
f 5909 6094 6097
f 6097 6094 6095
f 6097 5910 5909
f 6096 6094 6093
f 6021 6096 6093
f 6039 6096 6021
f 5910 6098 5911
f 6097 6098 5910
f 6096 6099 6095
f 6099 6097 6095
f 6097 6099 6098
f 6100 6098 6099
f 6101 6100 6099
f 6098 5918 5911
f 6100 5918 6098
f 6096 6039 6099
f 6046 6039 6040
f 6039 6046 6099
f 6099 6046 6101
f 6048 6047 6052
f 6052 6079 6048
f 6102 6100 6101
f 6103 6100 6102
f 6104 6102 6105
f 6105 6102 6106
f 6105 6106 6107
f 5918 6103 5990
f 5918 6100 6103
f 5990 6103 5995
f 6103 6102 6104
f 5995 6103 6104
f 6104 6108 5995
f 6101 6046 6048
f 6101 6048 6109
f 6048 6079 6109
f 6106 6101 6109
f 6106 6109 6110
f 6080 6111 6079
f 6109 6079 6111
f 6111 6080 6083
f 6083 6080 6078
f 6106 6102 6101
f 6111 6083 6112
f 6083 6113 6112
f 6110 6109 6111
f 6110 6111 6107
f 6082 6113 6083
f 6107 6111 6112
f 6114 6112 6113
f 6107 6112 6114
f 6106 6110 6107
f 6115 6105 6116
f 6108 5998 5994
f 6108 5994 5995
f 6108 6117 5998
f 5998 6117 5999
f 6108 6104 6115
f 6104 6105 6115
f 6108 6115 6117
f 5999 6117 6118
f 6119 5999 6118
f 6117 6115 6120
f 6117 6120 6118
f 6121 6118 6120
f 6122 6120 6123
f 6122 6121 6120
f 6113 6082 6091
f 6113 6124 6114
f 6124 6113 6091
f 6125 6091 6088
f 6125 6124 6091
f 6107 6126 6105
f 6114 6126 6107
f 6126 6114 6127
f 6127 6114 6124
f 6124 6128 6127
f 6116 6105 6126
f 6127 6116 6126
f 6116 6127 6128
f 6125 6088 6090
f 6128 6124 6125
f 6128 6125 6129
f 6129 6125 6090
f 6116 6120 6115
f 6116 6128 6123
f 6123 6128 6130
f 6123 6120 6116
f 6128 6129 6130
f 6129 6090 6131
f 6131 6090 6132
f 6130 6129 6131
f 6130 6133 6123
f 6122 6123 6133
f 5969 6134 5974
f 6134 5969 5976
f 6135 5975 5974
f 6135 4071 5975
f 6135 5974 6134
f 6134 6136 6135
f 6136 6134 6137
f 5970 6138 5976
f 6134 5976 6137
f 5976 6138 6137
f 6138 5970 5977
f 6138 5977 6139
f 5334 5325 5324
f 5324 5326 6140
f 6140 5334 5324
f 5332 6140 5326
f 6140 5332 5334
f 5331 5334 5332
f 5334 5331 5333
f 6141 5333 5331
f 6141 5335 5333
f 5336 6141 5331
f 5335 6141 5339
f 6141 5336 5339
f 5417 5335 5339
f 5417 5419 5421
f 5420 5421 5419
f 5339 5419 5417
f 5422 5421 5430
f 5424 5422 5430
f 5420 5430 5421
f 5437 5443 5435
f 5437 5446 5443
f 5446 5448 5454
f 5518 5529 5507
f 5529 5527 5509
f 5456 5559 5523
f 5559 5524 5523
f 5559 5568 5524
f 5582 5584 5581
f 5588 5584 5582
f 5584 5588 5589
f 5584 5589 5591
f 5769 5770 5775
f 5788 5782 5786
f 5787 5768 5789
f 5584 5826 5585
f 5826 5584 5591
f 5826 5833 5829
f 5826 5830 5833
f 5829 5833 5836
f 5836 5833 5832
f 5837 5836 5832
f 5836 5837 5828
f 5837 5854 5828
f 5837 5838 5854
f 5849 5828 5854
f 5850 5849 5861
f 5870 5868 5851
f 5850 5870 5851
f 5872 5868 5870
f 5923 5872 5926
f 5926 5931 5923
f 5933 5932 5931
f 5961 5934 5962
f 5962 5964 5961
f 5945 5964 5962
f 5964 5960 5961
f 5965 5960 5964
f 5963 5965 5964
f 5965 4069 4070
f 4073 4069 5972
f 2855 2856 6142
f 6142 2856 6143
f 6143 6144 6142
f 3763 2856 980
f 3764 6143 3763
f 6143 2856 3763
f 6143 3764 6145
f 6145 6146 6143
f 6143 6146 6144
f 6147 6144 6146
f 6146 6148 6147
f 2855 6142 2857
f 2857 6142 6149
f 2861 2857 6149
f 2861 6149 6150
f 6144 6149 6142
f 6151 6149 6144
f 6147 6151 6144
f 6151 6150 6149
f 6152 6151 6147
f 6153 6151 6152
f 6153 6150 6151
f 6145 3764 3777
f 3777 3764 3765
f 6154 6145 3777
f 6154 6148 6145
f 6148 6146 6145
f 6148 6154 6155
f 6154 3777 3781
f 3834 6154 3781
f 6156 6154 3834
f 3834 3781 3782
f 6155 6154 6156
f 6155 6156 6157
f 6152 6147 6158
f 6159 6152 6158
f 6160 6161 6159
f 6158 6147 6148
f 6148 6155 6158
f 6160 6158 6155
f 6157 6160 6155
f 6157 6162 6160
f 6158 6160 6159
f 2860 6163 2865
f 6163 2860 2861
f 6163 2861 6150
f 2864 2863 2865
f 2867 2864 2865
f 6164 6163 6150
f 6153 6165 6150
f 6150 6165 6164
f 2865 6164 6166
f 6164 2865 6163
f 2865 6166 2867
f 2868 2866 2867
f 2867 6167 2868
f 6167 2867 6166
f 6168 6167 6166
f 6152 6169 6153
f 6165 6153 6169
f 6164 6165 6170
f 6171 6165 6169
f 6165 6171 6170
f 6172 6170 6171
f 6159 6169 6152
f 6159 6171 6169
f 6171 6159 6173
f 6161 6173 6159
f 6174 6172 6171
f 6173 6174 6171
f 6164 6170 6166
f 6175 6166 6170
f 6175 6170 6172
f 6175 6168 6166
f 6176 6175 6172
f 6172 6174 6176
f 6177 6178 6175
f 6175 6176 6177
f 6179 6178 6177
f 6177 6176 6179
f 3833 6180 3834
f 6181 6156 3834
f 6182 6181 3834
f 6182 3834 6180
f 3835 6180 3833
f 6183 6180 3835
f 6183 6182 6180
f 6184 6181 6182
f 6185 6182 6183
f 6185 6184 6182
f 6186 6157 6156
f 6186 6162 6157
f 6181 6186 6156
f 6181 6184 6187
f 6160 6162 6161
f 6188 6161 6162
f 6189 6186 6181
f 6189 6162 6186
f 6181 6187 6189
f 6190 6187 6184
f 6162 6189 6191
f 6192 6191 6189
f 6192 6189 6187
f 6193 6192 6187
f 3838 6194 3835
f 6194 6183 3835
f 6183 6194 6195
f 6196 6195 6194
f 6194 3838 3840
f 3840 6197 6194
f 6196 6194 6197
f 6183 6195 6185
f 6198 6185 6195
f 6196 6198 6195
f 6198 6190 6185
f 6196 6197 6199
f 6198 6200 6190
f 6196 6199 6198
f 3869 6197 3840
f 3869 3840 3863
f 3869 6199 6197
f 6199 3869 6201
f 6198 6199 6202
f 6203 6202 6199
f 6201 6203 6199
f 6204 6201 3869
f 6205 6203 6201
f 6190 6193 6187
f 6185 6190 6184
f 6200 6193 6190
f 6206 6200 6207
f 6206 6193 6200
f 6193 6208 6192
f 6193 6206 6209
f 6193 6209 6208
f 6202 6200 6198
f 6207 6200 6202
f 6202 6203 6210
f 6210 6207 6202
f 6211 6210 6203
f 6209 6206 6212
f 6213 6214 6212
f 6206 6207 6212
f 6210 6212 6207
f 6211 6212 6210
f 6215 6212 6211
f 6213 6212 6215
f 3869 3867 6204
f 6204 3867 3924
f 6188 6173 6161
f 6216 6174 6173
f 6216 6217 6174
f 6218 6217 6216
f 6216 6173 6188
f 6188 6162 6191
f 6191 6216 6188
f 6191 6218 6216
f 6219 6191 6192
f 6218 6191 6219
f 6174 6220 6176
f 6174 6217 6220
f 6221 6176 6222
f 6221 6179 6176
f 6220 6222 6176
f 6218 6223 6217
f 6224 6220 6217
f 6224 6217 6223
f 6224 6222 6220
f 6225 6222 6224
f 6225 6226 6222
f 6226 6221 6222
f 6227 6224 6223
f 6227 6225 6224
f 6192 6208 6219
f 6228 6219 6208
f 6208 6229 6228
f 6219 6228 6218
f 6230 6218 6228
f 6230 6228 6229
f 6209 6229 6208
f 6212 6214 6209
f 6229 6231 6230
f 6232 6231 6229
f 6232 6229 6209
f 6232 6209 6214
f 6232 6233 6231
f 6233 6232 6234
f 6235 6225 6227
f 6235 6236 6225
f 6235 6237 6236
f 6223 6218 6230
f 6223 6238 6227
f 6238 6223 6230
f 6239 6227 6238
f 6240 6238 6230
f 6239 6235 6227
f 6241 6235 6239
f 6231 6240 6230
f 6240 6239 6238
f 6239 6240 6241
f 6242 6240 6231
f 6233 6242 6231
f 6243 6240 6242
f 6240 6243 6244
f 6235 6241 6237
f 6244 6241 6240
f 6245 6237 6241
f 2963 2967 2962
f 6246 2970 2967
f 6247 2960 2868
f 2961 2960 6247
f 6248 6247 2868
f 6248 2868 6167
f 2963 2961 6249
f 2961 6247 6249
f 6247 6248 6249
f 6248 6167 6250
f 6251 6248 6250
f 6251 6249 6248
f 6167 6168 6250
f 6252 6251 6250
f 2963 6249 6253
f 6254 2963 6253
f 6255 6254 6253
f 6255 6256 6254
f 6249 6251 6253
f 6257 6255 6253
f 6258 6255 6257
f 6255 6258 6256
f 6246 2967 2963
f 2970 6246 3050
f 6259 6260 6246
f 6260 3051 3050
f 6246 6260 3050
f 3051 3054 3052
f 6261 6262 3051
f 6262 3054 3051
f 6254 6246 2963
f 6256 6246 6254
f 6256 6259 6246
f 6259 6263 6260
f 6261 3051 6260
f 6262 6261 6264
f 3054 3059 3055
f 6265 3059 3054
f 6265 6266 3059
f 6265 6267 6266
f 6268 3054 6262
f 6268 6265 3054
f 6264 6268 6262
f 6268 6269 6265
f 6270 6267 6265
f 6271 6265 6269
f 6271 6270 6265
f 3059 6272 3060
f 3059 6266 6272
f 6272 6266 6267
f 6263 6261 6260
f 6263 6273 6261
f 6263 6259 6256
f 6258 6263 6256
f 6274 6263 6258
f 6274 6273 6263
f 6274 6275 6273
f 6269 6268 6264
f 6271 6269 6264
f 6273 6264 6261
f 6264 6273 6276
f 6271 6264 6277
f 6264 6276 6277
f 6273 6275 6276
f 6278 6277 6276
f 6270 6279 6267
f 6279 6270 6280
f 6270 6271 6281
f 6281 6280 6270
f 3070 3060 6272
f 6279 6282 6267
f 6282 6283 3071
f 6280 6282 6279
f 6284 6282 6280
f 6281 6284 6280
f 6283 3164 3071
f 6285 3075 3164
f 6284 6283 6282
f 6283 6284 3164
f 3164 6284 6285
f 6286 6285 6284
f 3075 6285 6287
f 6287 6285 6286
f 3074 3164 3075
f 6288 6284 6281
f 6288 6286 6284
f 6287 6286 6289
f 6288 6289 6286
f 6290 6271 6277
f 6290 6281 6271
f 6291 6290 6277
f 6290 6291 6292
f 6293 6290 6292
f 6281 6290 6293
f 6281 6293 6288
f 6294 6288 6293
f 6168 6252 6250
f 6295 6251 6252
f 6296 6251 6295
f 6252 6168 6297
f 6168 6175 6297
f 6178 6297 6175
f 6297 6178 6298
f 6299 6296 6295
f 6297 6295 6252
f 6297 6298 6295
f 6295 6298 6299
f 6296 6253 6251
f 6257 6253 6296
f 6300 6257 6296
f 6300 6258 6257
f 6301 6300 6296
f 6296 6299 6301
f 6302 6300 6303
f 6302 6258 6300
f 6302 6274 6258
f 6302 6304 6274
f 6301 6303 6300
f 6305 6302 6303
f 6305 6304 6302
f 6306 6307 6304
f 6308 6299 6298
f 6309 6178 6179
f 6178 6309 6298
f 6298 6309 6308
f 6310 6308 6309
f 6308 6310 6311
f 6303 6301 6299
f 6312 6305 6303
f 6299 6308 6303
f 6308 6312 6303
f 6312 6308 6311
f 6312 6304 6305
f 6313 6304 6312
f 6314 6315 6306
f 6314 6306 6313
f 6313 6306 6304
f 6314 6316 6317
f 6313 6316 6314
f 6317 6316 6318
f 6319 6278 6276
f 6275 6319 6276
f 6320 6277 6278
f 6321 6320 6319
f 6319 6320 6278
f 6291 6277 6320
f 6307 6275 6274
f 6307 6319 6275
f 6304 6307 6274
f 6315 6319 6307
f 6315 6322 6319
f 6322 6321 6319
f 6323 6321 6322
f 6315 6323 6322
f 6306 6315 6307
f 6314 6323 6315
f 6324 6291 6320
f 6324 6292 6291
f 6320 6321 6324
f 6324 6321 6323
f 6325 6324 6326
f 6324 6325 6292
f 6325 6327 6292
f 6327 6293 6292
f 6325 6328 6327
f 6323 6329 6324
f 6324 6329 6326
f 6326 6329 6323
f 6317 6323 6314
f 6317 6326 6323
f 6330 6325 6326
f 6326 6317 6330
f 6331 6328 6325
f 6330 6331 6325
f 6287 3076 3075
f 6287 6332 3076
f 6332 3081 3076
f 6287 6289 6333
f 6333 6332 6287
f 3085 6332 6333
f 3081 6332 3083
f 3083 6332 3085
f 6334 3085 6333
f 6334 6333 6294
f 6289 6288 6294
f 6333 6289 6294
f 6335 3087 3085
f 3085 6334 6335
f 6336 6335 6334
f 6337 6335 6336
f 6338 6336 6334
f 6334 6294 6339
f 6339 6294 6327
f 6338 6334 6339
f 6339 6340 6338
f 6341 6338 6340
f 6342 6336 6338
f 6343 6344 6342
f 6341 6342 6338
f 6341 6343 6342
f 6343 6345 6344
f 6346 6345 6343
f 6347 6345 6346
f 6348 6327 6328
f 6349 6350 6348
f 6294 6293 6327
f 6350 6339 6327
f 6339 6350 6340
f 6327 6348 6350
f 6341 6340 6351
f 6352 6340 6350
f 6350 6349 6352
f 6352 6351 6340
f 6348 6328 6349
f 6353 6328 6331
f 6328 6353 6349
f 6352 6349 6353
f 6354 6352 6353
f 6354 6355 6352
f 6341 6351 6356
f 6356 6357 6341
f 6341 6357 6343
f 6351 6358 6356
f 6356 6358 6359
f 6343 6357 6346
f 6359 6357 6356
f 6359 6346 6357
f 6360 6346 6359
f 6360 6361 6346
f 6358 6351 6352
f 6355 6358 6352
f 6362 6358 6355
f 6359 6358 6362
f 6359 6362 6360
f 6363 6360 6362
f 6360 6363 6364
f 6335 3124 3087
f 6337 3124 6335
f 6337 3139 3124
f 6365 3140 3139
f 3139 6337 6365
f 6337 6336 6342
f 6342 6365 6337
f 3140 6365 3147
f 3147 6365 6366
f 6344 6366 6365
f 3145 3147 6366
f 6366 6367 6368
f 6368 3145 6366
f 6368 3148 3145
f 6342 6344 6365
f 6367 6366 6344
f 6345 6367 6344
f 6347 6369 6345
f 6370 6309 6179
f 6370 6179 6221
f 6309 6370 6310
f 6226 6370 6221
f 6226 6371 6370
f 6371 6310 6370
f 6371 6311 6310
f 6371 6372 6311
f 6311 6373 6312
f 6373 6313 6312
f 6374 6316 6313
f 6313 6375 6374
f 6311 6372 6373
f 6376 6373 6372
f 6375 6313 6373
f 6373 6376 6375
f 6377 6375 6376
f 6374 6375 6378
f 6226 6379 6371
f 6380 6376 6372
f 6380 6372 6371
f 6226 6225 6379
f 6380 6371 6379
f 6380 6381 6376
f 6378 6375 6377
f 6377 6382 6378
f 6381 6377 6376
f 6383 6317 6318
f 6383 6330 6317
f 6378 6316 6374
f 6378 6384 6316
f 6318 6316 6384
f 6385 6386 6318
f 6386 6383 6318
f 6382 6384 6378
f 6387 6384 6382
f 6385 6318 6384
f 6385 6388 6386
f 6389 6382 6377
f 6389 6390 6382
f 6390 6387 6382
f 6387 6385 6384
f 6391 6385 6387
f 6388 6385 6391
f 6383 6386 6392
f 6392 6393 6383
f 6388 6392 6386
f 6392 6394 6393
f 6395 6392 6388
f 6395 6396 6392
f 6396 6394 6392
f 6383 6331 6330
f 6393 6331 6383
f 6236 6379 6225
f 6236 6397 6379
f 6397 6380 6379
f 6398 6381 6380
f 6398 6389 6381
f 6397 6236 6399
f 6236 6237 6399
f 6397 6398 6380
f 6399 6398 6397
f 6381 6389 6377
f 6400 6389 6398
f 6390 6391 6387
f 6390 6401 6391
f 6401 6390 6389
f 6389 6400 6401
f 6401 6402 6391
f 6391 6395 6388
f 6402 6395 6391
f 6396 6395 6403
f 6395 6402 6403
f 6404 6403 6402
f 6403 6405 6396
f 6406 6399 6237
f 6407 6398 6399
f 6400 6398 6407
f 6408 6401 6400
f 6409 6407 6399
f 6410 6407 6409
f 6408 6407 6410
f 6407 6408 6400
f 6237 6245 6406
f 6406 6409 6399
f 6411 6409 6406
f 6408 6412 6401
f 6413 6412 6408
f 6414 6412 6413
f 6414 6415 6412
f 6412 6402 6401
f 6404 6402 6412
f 6404 6405 6403
f 6416 6405 6404
f 6415 6416 6404
f 6417 6405 6416
f 6404 6412 6415
f 6418 6416 6415
f 6419 6394 6396
f 6419 6420 6394
f 6331 6421 6353
f 6422 6354 6421
f 6353 6421 6354
f 6331 6393 6421
f 6421 6393 6420
f 6420 6422 6421
f 6393 6394 6420
f 6423 6422 6420
f 6419 6423 6420
f 6424 6422 6423
f 6355 6354 6422
f 6355 6422 6425
f 6426 6362 6355
f 6425 6426 6355
f 6426 6425 6427
f 6428 6427 6425
f 6427 6362 6426
f 6429 6427 6428
f 6429 6430 6427
f 6429 6428 6431
f 6362 6427 6430
f 6430 6363 6362
f 6432 6363 6430
f 6430 6429 6433
f 6434 6425 6422
f 6422 6424 6434
f 6434 6428 6425
f 6428 6434 6435
f 6431 6428 6435
f 6435 6436 6431
f 6435 6434 6437
f 6438 6435 6437
f 6438 6436 6435
f 6439 6419 6396
f 6396 6405 6439
f 6440 6419 6439
f 6441 6442 6439
f 6440 6423 6419
f 6442 6440 6439
f 6440 6442 6443
f 6442 6441 6443
f 6444 6443 6441
f 6444 6445 6443
f 6446 6439 6405
f 6405 6417 6446
f 6447 6446 6417
f 6439 6446 6441
f 6448 6441 6446
f 6416 6447 6417
f 6447 6416 6418
f 6446 6447 6449
f 6450 6447 6418
f 6449 6447 6451
f 6450 6451 6447
f 6450 6452 6451
f 6453 6444 6441
f 6441 6448 6453
f 6454 6444 6453
f 6449 6448 6446
f 6451 6448 6449
f 6448 6451 6453
f 6445 6444 6454
f 6454 6455 6445
f 6456 6455 6454
f 6457 6456 6454
f 6458 6453 6452
f 6457 6454 6453
f 6458 6457 6453
f 6459 6456 6457
f 6457 6460 6459
f 6423 6440 6424
f 6424 6440 6443
f 6443 6445 6424
f 6461 6434 6424
f 6461 6437 6434
f 6445 6461 6424
f 6455 6461 6445
f 6461 6455 6437
f 6437 6462 6463
f 6463 6438 6437
f 6437 6455 6462
f 6462 6464 6463
f 6456 6462 6455
f 6465 6464 6462
f 6456 6459 6462
f 6459 6465 6462
f 6204 6466 6205
f 6205 6201 6204
f 6467 6205 6466
f 6468 6203 6205
f 6467 6468 6205
f 6469 6467 6470
f 6203 6468 6211
f 6471 6468 6467
f 6468 6471 6472
f 6471 6467 6469
f 6211 6472 6473
f 6472 6211 6468
f 6473 6472 6474
f 6473 6215 6211
f 6475 6473 6474
f 6475 6215 6473
f 6476 6471 6469
f 6474 6472 6471
f 6471 6477 6474
f 6476 6477 6471
f 6478 6477 6476
f 6479 6477 6478
f 6477 6475 6474
f 6479 6475 6477
f 6479 6478 6480
f 6481 6478 6482
f 6481 6480 6478
f 6483 6480 6481
f 6484 6483 6481
f 3925 6204 3924
f 3925 6466 6204
f 3927 3925 3923
f 3927 6470 3925
f 6470 6466 3925
f 6485 3927 3926
f 3928 6485 3926
f 6486 6487 6485
f 3927 6485 6488
f 6470 3927 6488
f 6489 6470 6488
f 6469 6470 6489
f 6487 6488 6485
f 6490 6489 6488
f 6476 6469 6489
f 6482 6476 6489
f 6478 6476 6482
f 3928 6486 6485
f 6486 3928 3937
f 6486 3937 6491
f 6487 6490 6488
f 6482 6489 6490
f 6486 6491 6487
f 6491 6490 6487
f 6491 6492 6490
f 6493 6491 3937
f 6494 6493 6495
f 6493 3937 3936
f 3938 6493 3936
f 6493 3938 6495
f 6494 6491 6493
f 6492 6491 6494
f 6496 6492 6494
f 6497 6496 6494
f 6495 6497 6494
f 6498 6482 6490
f 6498 6481 6482
f 6481 6498 6484
f 6498 6490 6492
f 6496 6498 6492
f 6484 6498 6499
f 6499 6498 6496
f 6214 6213 6500
f 6213 6215 6501
f 6502 6215 6475
f 6501 6500 6213
f 6503 6500 6501
f 6214 6500 6232
f 6232 6500 6234
f 6500 6504 6505
f 6234 6500 6505
f 6503 6504 6500
f 6502 6501 6215
f 6506 6502 6475
f 6506 6475 6479
f 6502 6507 6501
f 6501 6507 6503
f 6506 6507 6502
f 6507 6506 6508
f 6479 6480 6509
f 6509 6506 6479
f 6508 6506 6509
f 6510 6504 6503
f 6511 6504 6510
f 6512 6511 6510
f 6510 6503 6507
f 6510 6507 6508
f 6513 6510 6508
f 6514 6513 6508
f 6513 6512 6510
f 6234 6242 6233
f 6242 6234 6515
f 6515 6234 6505
f 6242 6515 6243
f 6515 6516 6243
f 6516 6515 6505
f 6243 6516 6244
f 6504 6511 6505
f 6516 6505 6511
f 6517 6245 6244
f 6244 6245 6241
f 6516 6517 6244
f 6245 6517 6518
f 6516 6519 6517
f 6520 6518 6517
f 6516 6511 6519
f 6521 6519 6511
f 6512 6521 6511
f 6522 6521 6512
f 6522 6523 6521
f 6513 6522 6512
f 6524 6517 6519
f 6517 6524 6520
f 6520 6525 6518
f 6523 6524 6519
f 6523 6519 6521
f 6523 6520 6524
f 6483 6509 6480
f 6526 6509 6483
f 6509 6514 6508
f 6526 6514 6509
f 6527 6513 6514
f 6528 6514 6526
f 6527 6514 6528
f 6484 6526 6483
f 6526 6484 6529
f 6499 6529 6484
f 6499 6530 6529
f 6529 6528 6526
f 6531 6528 6529
f 6531 6532 6528
f 6522 6513 6527
f 6528 6533 6527
f 6527 6534 6522
f 6527 6533 6534
f 6535 6534 6533
f 6536 6537 6523
f 6538 6539 6537
f 6538 6540 6539
f 6541 6522 6534
f 6541 6523 6522
f 6523 6541 6536
f 6535 6541 6534
f 6542 6543 6536
f 6538 6537 6536
f 6544 6538 6536
f 6545 6540 6538
f 6545 6538 6546
f 6543 6544 6536
f 6547 6533 6528
f 6528 6532 6547
f 6535 6533 6547
f 6547 6548 6535
f 6532 6548 6547
f 6549 6548 6532
f 6535 6548 6541
f 6542 6541 6548
f 6542 6536 6541
f 6544 6550 6546
f 6545 6546 6551
f 6551 6546 6550
f 6552 6545 6551
f 6553 6551 6550
f 6554 6552 6551
f 6542 6548 6555
f 6555 6556 6550
f 6548 6549 6555
f 6557 6556 6555
f 6553 6550 6556
f 6554 6551 6553
f 6554 6558 6552
f 6559 6558 6554
f 6560 6561 6558
f 6562 3938 3971
f 6563 6562 3971
f 6563 6564 6562
f 6497 6495 6562
f 6562 6564 6497
f 6495 3938 6562
f 3970 6563 3971
f 3970 3984 6563
f 3984 6565 6563
f 6565 6564 6563
f 6496 6497 6566
f 6567 6499 6496
f 6496 6566 6567
f 6568 6567 6566
f 6566 6497 6564
f 6569 6566 6564
f 6568 6566 6569
f 3985 6565 3984
f 6570 6564 6565
f 3985 6571 6565
f 6572 6569 6570
f 6572 6573 6569
f 6570 6569 6564
f 6571 6570 6565
f 6570 6571 6574
f 6570 6575 6572
f 6575 6570 6574
f 6531 6529 6530
f 6576 6532 6531
f 6532 6576 6549
f 6549 6577 6557
f 6578 6576 6531
f 6577 6549 6576
f 6557 6555 6549
f 6579 6556 6557
f 6579 6553 6556
f 6580 6554 6553
f 6579 6580 6553
f 6581 6557 6577
f 6579 6557 6581
f 6582 6579 6583
f 6584 6576 6578
f 6585 6576 6584
f 6577 6576 6585
f 6585 6581 6577
f 6586 6581 6585
f 6587 6585 6584
f 6587 6586 6585
f 6588 6586 6587
f 6584 6589 6587
f 6583 6579 6581
f 6586 6583 6581
f 6583 6588 6582
f 6583 6586 6588
f 6499 6567 6530
f 6590 6530 6567
f 6531 6530 6590
f 6568 6590 6567
f 6569 6573 6568
f 6573 6591 6568
f 6590 6578 6531
f 6592 6578 6590
f 6568 6592 6590
f 6591 6592 6568
f 6559 6554 6580
f 6558 6559 6560
f 6580 6579 6582
f 6593 6559 6580
f 6580 6594 6593
f 6559 6593 6560
f 6593 6595 6560
f 6596 6597 6598
f 6595 6596 6560
f 6596 6598 6560
f 6599 6596 6595
f 6600 6597 6596
f 6592 6584 6578
f 6601 6584 6592
f 6587 6602 6588
f 6594 6580 6582
f 6588 6603 6582
f 6603 6594 6582
f 6604 6594 6603
f 6605 6595 6593
f 6604 6593 6594
f 6604 6605 6593
f 6606 6604 6603
f 6607 6606 6603
f 6607 6603 6588
f 6606 6608 6604
f 6605 6604 6608
f 6599 6600 6596
f 6605 6609 6595
f 6595 6609 6599
f 6599 6610 6600
f 6608 6609 6605
f 6599 6609 6610
f 6611 6609 6608
f 6609 6611 6610
f 6612 6610 6611
f 6597 6600 6613
f 6614 6615 6613
f 6614 6613 6600
f 6615 6614 6616
f 6616 6614 6600
f 6616 6617 6615
f 6616 6600 6610
f 6612 6616 6610
f 6612 6618 6616
f 6619 6618 6612
f 6618 6617 6616
f 6618 6620 6617
f 6621 6620 6618
f 6622 6620 6621
f 6601 6592 6591
f 6623 6601 6591
f 6572 6575 6624
f 6624 6573 6572
f 6575 6625 6624
f 6623 6573 6624
f 6623 6591 6573
f 6626 6623 6624
f 6625 6626 6624
f 6623 6626 6627
f 6601 6589 6584
f 6602 6607 6588
f 6628 6589 6601
f 6623 6628 6601
f 6587 6589 6602
f 6629 6630 6602
f 6631 6602 6589
f 6629 6602 6631
f 6632 6630 6629
f 6602 6630 6607
f 6633 6606 6607
f 6633 6608 6606
f 6630 6634 6607
f 6634 6633 6607
f 6634 6635 6633
f 6636 6635 6634
f 6632 6634 6630
f 6632 6636 6634
f 6633 6611 6608
f 6637 6633 6635
f 6637 6611 6633
f 6637 6612 6611
f 6638 6619 6637
f 6637 6619 6612
f 6639 6637 6635
f 6636 6640 6635
f 6640 6639 6635
f 6641 6639 6640
f 6639 6638 6637
f 6641 6638 6639
f 6638 6641 6642
f 6628 6623 6627
f 6589 6628 6631
f 6643 6629 6631
f 6643 6632 6629
f 6644 6632 6643
f 6644 6645 6632
f 6646 6631 6628
f 6646 6628 6627
f 6647 6646 6648
f 6646 6643 6631
f 6649 6644 6643
f 6647 6649 6646
f 6646 6649 6643
f 6650 6645 6644
f 6644 6651 6650
f 6651 6644 6649
f 6652 6650 6651
f 6652 6653 6650
f 6652 6654 6655
f 6645 6636 6632
f 6645 6640 6636
f 6650 6640 6645
f 6653 6640 6650
f 6640 6642 6641
f 6653 6642 6640
f 6656 6642 6653
f 6653 6652 6656
f 6657 6656 6652
f 6655 6657 6652
f 6658 6619 6638
f 6621 6618 6619
f 6619 6658 6659
f 6659 6621 6619
f 6660 6658 6638
f 6642 6661 6638
f 6661 6660 6638
f 6660 6659 6658
f 6662 6659 6660
f 6663 6660 6661
f 6663 6662 6660
f 6664 6622 6621
f 6622 6664 6665
f 6664 6621 6659
f 6666 6665 6664
f 6662 6664 6659
f 6664 6662 6666
f 6662 6663 6666
f 6667 6666 6663
f 6666 6667 6668
f 6666 6669 6665
f 6668 6669 6666
f 6669 6668 6670
f 6656 6661 6642
f 6671 6663 6661
f 6671 6661 6656
f 6667 6663 6671
f 6672 6667 6671
f 6657 6671 6656
f 6673 6657 6655
f 6657 6672 6671
f 6673 6672 6657
f 6674 6668 6667
f 6675 6670 6668
f 6668 6674 6675
f 6667 6672 6676
f 6667 6676 6674
f 6673 6676 6672
f 6676 6677 6678
f 6678 6674 6676
f 6406 6245 6411
f 6411 6410 6409
f 6518 6411 6245
f 6679 6410 6411
f 6680 6410 6679
f 6408 6410 6680
f 6680 6413 6408
f 6518 6679 6411
f 6681 6680 6679
f 6525 6679 6518
f 6682 6680 6681
f 6680 6414 6413
f 6414 6683 6415
f 6418 6415 6683
f 6684 6418 6683
f 6414 6680 6685
f 6686 6414 6685
f 6414 6686 6683
f 6681 6679 6525
f 6539 6681 6525
f 6681 6687 6682
f 6682 6686 6685
f 6682 6685 6680
f 6686 6688 6683
f 6689 6688 6686
f 6687 6681 6539
f 6690 6682 6687
f 6682 6690 6686
f 6540 6687 6539
f 6691 6687 6540
f 6691 6690 6687
f 6686 6690 6689
f 6689 6690 6692
f 6692 6690 6691
f 6689 6692 6693
f 6693 6694 6689
f 6695 6691 6540
f 6695 6692 6691
f 6545 6695 6540
f 6695 6696 6692
f 6552 6695 6545
f 6695 6552 6696
f 6558 6696 6552
f 6697 6684 6683
f 6684 6697 6698
f 6684 6450 6418
f 6450 6684 6698
f 6698 6699 6450
f 6452 6453 6451
f 6700 6458 6452
f 6452 6450 6700
f 6699 6700 6450
f 6700 6699 6701
f 6688 6697 6683
f 6688 6698 6697
f 6702 6699 6698
f 6688 6703 6704
f 6704 6698 6688
f 6704 6702 6698
f 6694 6688 6689
f 6703 6688 6694
f 6705 6704 6703
f 6704 6699 6702
f 6704 6701 6699
f 6706 6701 6704
f 6706 6707 6701
f 6706 6704 6705
f 6708 6706 6705
f 6709 6707 6706
f 6710 6707 6709
f 6708 6709 6706
f 6711 6710 6709
f 6700 6701 6712
f 6707 6712 6701
f 6710 6713 6707
f 6457 6458 6714
f 6714 6458 6715
f 6715 6458 6700
f 6716 6715 6700
f 6700 6712 6716
f 6717 6714 6715
f 6715 6716 6717
f 6718 6717 6716
f 6717 6719 6714
f 6457 6714 6460
f 6719 6460 6714
f 6717 6720 6719
f 6719 6720 6721
f 6713 6716 6712
f 6707 6713 6712
f 6713 6718 6716
f 6722 6718 6723
f 6713 6710 6718
f 6724 6722 6723
f 6723 6718 6710
f 6725 6723 6710
f 6723 6725 6726
f 6726 6724 6723
f 6722 6717 6718
f 6727 6717 6722
f 6727 6728 6717
f 6728 6720 6717
f 6724 6727 6722
f 6724 6726 6729
f 6730 6731 6727
f 6727 6724 6730
f 6731 6730 6732
f 6724 6729 6730
f 6729 6733 6730
f 6733 6734 6730
f 6733 6735 6734
f 6736 6693 6692
f 6737 6736 6692
f 6692 6696 6737
f 6737 6738 6736
f 6737 6696 6739
f 6558 6739 6696
f 6740 6738 6737
f 6739 6740 6737
f 6741 6742 6709
f 6709 6708 6741
f 6742 6741 6738
f 6709 6742 6743
f 6744 6743 6742
f 6738 6740 6742
f 6742 6740 6744
f 6561 6740 6739
f 6558 6561 6739
f 6740 6561 6598
f 6561 6560 6598
f 6745 6744 6740
f 6598 6745 6740
f 6746 6745 6598
f 6711 6709 6743
f 6743 6725 6711
f 6710 6711 6725
f 6726 6725 6743
f 6747 6726 6743
f 6744 6747 6743
f 6748 6747 6744
f 6747 6729 6726
f 6735 6733 6729
f 6729 6747 6735
f 6747 6749 6735
f 6748 6744 6745
f 6750 6747 6748
f 6746 6748 6745
f 6747 6750 6749
f 6749 6750 6751
f 6751 6752 6749
f 6753 6751 6750
f 6597 6746 6598
f 6746 6750 6748
f 6754 6750 6746
f 6750 6754 6753
f 6615 6754 6746
f 6613 6746 6597
f 6746 6613 6615
f 6615 6755 6754
f 6617 6755 6615
f 6756 6751 6753
f 6754 6757 6753
f 6754 6755 6757
f 6758 6753 6757
f 6759 6753 6758
f 6759 6758 6760
f 6760 6758 6761
f 6620 6762 6617
f 6762 6755 6617
f 6762 6757 6755
f 6757 6762 6758
f 6761 6758 6762
f 6762 6620 6763
f 6763 6761 6762
f 6622 6763 6620
f 3987 4020 6764
f 6764 3985 3987
f 4020 6765 6764
f 6764 6766 3985
f 6767 6764 6765
f 6767 6766 6764
f 6571 3985 6766
f 4027 6765 4020
f 6767 6768 6769
f 6574 6571 6770
f 6771 6575 6574
f 6770 6771 6574
f 6772 6771 6770
f 6770 6571 6766
f 6769 6770 6766
f 6770 6769 6772
f 6769 6766 6767
f 6773 6765 4027
f 6774 6775 6773
f 6774 4027 4029
f 6774 6773 4027
f 4050 6774 4029
f 6767 6765 6773
f 6768 6767 6773
f 6775 6768 6773
f 6775 6774 4050
f 6776 6775 4050
f 6777 6776 4050
f 6776 6778 6775
f 6769 6768 6779
f 6779 6768 6775
f 6780 6769 6779
f 6781 6772 6769
f 6769 6780 6781
f 6780 6782 6781
f 6778 6779 6775
f 6783 6779 6778
f 6779 6783 6780
f 6784 6783 6778
f 6780 6783 6785
f 6625 6575 6771
f 6626 6625 6786
f 6786 6787 6626
f 6788 6786 6625
f 6789 6625 6771
f 6772 6789 6771
f 6788 6625 6789
f 6772 6781 6789
f 6790 6787 6786
f 6790 6786 6788
f 6791 6788 6789
f 6791 6789 6792
f 6790 6788 6791
f 6793 6790 6791
f 6794 6795 6790
f 6796 6646 6627
f 6796 6627 6626
f 6648 6646 6796
f 6648 6796 6787
f 6648 6797 6647
f 6651 6649 6647
f 6647 6797 6651
f 6787 6796 6626
f 6798 6648 6787
f 6652 6651 6654
f 6654 6651 6799
f 6797 6799 6651
f 6800 6654 6799
f 6800 6655 6654
f 6801 6677 6655
f 6797 6648 6798
f 6802 6798 6787
f 6803 6799 6797
f 6799 6803 6800
f 6803 6797 6798
f 6798 6804 6803
f 6655 6800 6801
f 6802 6787 6790
f 6790 6795 6802
f 6802 6804 6798
f 6795 6804 6802
f 6803 6804 6805
f 6805 6800 6803
f 6800 6805 6801
f 6806 6804 6795
f 6804 6806 6805
f 6807 6808 6805
f 6809 6677 6801
f 6677 6673 6655
f 6673 6677 6676
f 6678 6677 6809
f 6678 6809 6810
f 6811 6810 6809
f 6805 6808 6801
f 6808 6809 6801
f 6808 6807 6812
f 6813 6809 6808
f 6813 6811 6809
f 6792 6789 6781
f 6814 6791 6792
f 6794 6790 6793
f 6815 6794 6793
f 6814 6793 6791
f 6816 6793 6814
f 6817 6816 6814
f 6793 6816 6815
f 6818 6794 6815
f 6818 6819 6820
f 6781 6821 6792
f 6817 6814 6792
f 6821 6817 6792
f 6817 6822 6823
f 6823 6816 6817
f 6819 6818 6815
f 6815 6816 6824
f 6819 6815 6824
f 6825 6820 6819
f 6817 6821 6822
f 6824 6816 6823
f 6825 6819 6824
f 6825 6824 6826
f 6825 6827 6820
f 6826 6824 6823
f 6825 6828 6827
f 6821 6781 6782
f 6782 6780 6785
f 6785 6821 6782
f 6822 6821 6785
f 6828 6825 6826
f 6829 6830 6827
f 6818 6795 6794
f 6818 6806 6795
f 6831 6806 6818
f 6806 6807 6805
f 6832 6806 6831
f 6832 6807 6806
f 6831 6818 6820
f 6832 6831 6820
f 6833 6832 6820
f 6820 6827 6833
f 6807 6832 6812
f 6812 6832 6834
f 6834 6813 6812
f 6812 6813 6808
f 6835 6811 6813
f 6836 6813 6834
f 6836 6835 6813
f 6836 6837 6835
f 6833 6838 6832
f 6838 6834 6832
f 6830 6834 6838
f 6827 6830 6833
f 6833 6830 6838
f 6830 6839 6834
f 6840 6836 6834
f 6840 6841 6836
f 6836 6841 6842
f 6842 6837 6836
f 6840 6834 6839
f 6777 4050 4054
f 6843 6776 6777
f 6843 6778 6776
f 6843 6777 6844
f 4063 6845 4054
f 6845 6777 4054
f 4066 6845 4063
f 6845 6846 6847
f 6777 6845 6844
f 6844 6845 6847
f 6848 6843 6844
f 6848 6844 6847
f 6784 6778 6843
f 6784 6843 6849
f 6850 6783 6784
f 6851 6785 6783
f 6851 6783 6850
f 6850 6784 6849
f 6848 6849 6843
f 6846 6845 4066
f 4066 4068 6846
f 6852 6848 6847
f 6846 6852 6847
f 6853 6846 4068
f 4072 4068 4069
f 6854 6853 4068
f 6853 6852 6846
f 6855 6853 6854
f 6853 6855 6856
f 6848 6857 6849
f 6848 6852 6858
f 6858 6857 6848
f 6849 6857 6859
f 6857 6860 6859
f 6860 6857 6858
f 6853 6861 6852
f 6862 6861 6853
f 6861 6858 6852
f 6863 6860 6858
f 6863 6864 6860
f 6864 6863 6865
f 6866 6865 6863
f 6863 6858 6861
f 6851 6822 6785
f 6822 6851 6867
f 6867 6868 6822
f 6851 6869 6867
f 6868 6867 6870
f 6871 6823 6822
f 6871 6822 6868
f 6871 6826 6823
f 6872 6826 6871
f 6872 6828 6826
f 6827 6828 6829
f 6873 6829 6872
f 6872 6829 6828
f 6874 6871 6868
f 6874 6872 6871
f 6870 6874 6868
f 6872 6874 6875
f 6875 6873 6872
f 6873 6876 6829
f 6877 6829 6876
f 6878 6876 6873
f 6876 6878 6879
f 6880 6876 6879
f 6869 6851 6850
f 6881 6869 6850
f 6870 6867 6869
f 6882 6870 6869
f 6849 6859 6850
f 6859 6881 6850
f 6882 6869 6881
f 6883 6882 6881
f 6884 6885 6882
f 6883 6884 6882
f 6885 6874 6870
f 6875 6874 6886
f 6870 6882 6885
f 6886 6874 6885
f 6887 6888 6886
f 6886 6873 6875
f 6888 6873 6886
f 6873 6888 6878
f 6884 6886 6885
f 6887 6886 6884
f 6889 6878 6888
f 6889 6879 6878
f 6890 6880 6879
f 6891 6890 6879
f 6892 6879 6889
f 6879 6892 6891
f 6891 6893 6890
f 6894 6891 6892
f 6829 6877 6830
f 6877 6839 6830
f 6876 6839 6877
f 6895 6841 6840
f 6840 6839 6895
f 6880 6839 6876
f 6839 6880 6895
f 6890 6895 6880
f 6895 6890 6896
f 6897 6881 6859
f 6881 6897 6883
f 6897 6859 6864
f 6898 6884 6883
f 6898 6899 6884
f 6883 6900 6898
f 6864 6859 6860
f 6865 6883 6897
f 6865 6897 6864
f 6900 6883 6865
f 6901 6899 6898
f 6902 6901 6898
f 6901 6903 6899
f 6884 6899 6887
f 6904 6888 6887
f 6904 6889 6888
f 6904 6887 6899
f 6903 6904 6899
f 6894 6892 6889
f 6905 6904 6903
f 6905 6889 6904
f 6905 6894 6889
f 6906 6891 6894
f 6891 6906 6907
f 6894 6905 6908
f 6908 6906 6894
f 6902 6900 6865
f 6866 6902 6865
f 6900 6902 6898
f 6909 6901 6902
f 6903 6901 6909
f 6866 6910 6902
f 6910 6909 6902
f 6909 6910 6911
f 6912 6903 6913
f 6911 6913 6909
f 6913 6903 6909
f 6914 6913 6911
f 6912 6915 6916
f 6915 6912 6913
f 6905 6903 6912
f 6912 6908 6905
f 6917 6918 6908
f 6912 6917 6908
f 6917 6912 6916
f 4071 6919 4072
f 6919 4071 6920
f 6921 6922 6919
f 6921 6919 6920
f 6920 6923 6921
f 6920 6924 6923
f 6921 6925 6922
f 6926 6925 6921
f 6923 6926 6921
f 6926 6927 6925
f 6928 6926 6923
f 6928 6923 6924
f 6927 6926 6928
f 6928 6924 6929
f 6927 6930 6931
f 6930 6932 6931
f 6930 6927 6928
f 6933 6932 6930
f 6929 6930 6928
f 6930 6929 6934
f 6853 6856 6862
f 6935 6861 6862
f 6936 6861 6935
f 6937 6932 6933
f 6934 6933 6930
f 6938 6934 6929
f 6937 6933 6934
f 6939 6937 6934
f 6929 6940 6938
f 6941 6935 6937
f 6939 6941 6937
f 6861 6942 6863
f 6936 6942 6861
f 6866 6863 6943
f 6863 6942 6943
f 6944 6942 6936
f 6943 6945 6946
f 6943 6942 6944
f 6947 6941 6948
f 6948 6941 6939
f 6934 6938 6939
f 6939 6938 6949
f 6949 6938 6950
f 6950 6938 6940
f 6949 6948 6939
f 6948 6949 6947
f 6947 6951 6941
f 6951 6944 6941
f 6947 6952 6953
f 6947 6953 6951
f 6952 6947 6949
f 6952 6949 6950
f 6950 6954 6952
f 6945 6955 6956
f 6955 6951 6956
f 6951 6953 6956
f 6956 6953 6957
f 6953 6952 6954
f 6953 6954 6958
f 6953 6958 6957
f 6959 6954 6960
f 6959 6958 6954
f 6961 6958 6959
f 6946 6910 6866
f 6866 6943 6946
f 6946 6962 6910
f 6910 6962 6911
f 6962 6914 6911
f 6963 6915 6913
f 6963 6913 6914
f 6963 6916 6915
f 6964 6946 6945
f 6946 6965 6962
f 6962 6965 6914
f 6965 6966 6914
f 6967 6963 6914
f 6968 6963 6967
f 6966 6967 6914
f 6969 6967 6966
f 6945 6956 6964
f 6970 6965 6964
f 6970 6966 6965
f 6956 6970 6964
f 6971 6970 6956
f 6971 6972 6970
f 6957 6971 6956
f 6970 6972 6966
f 6966 6972 6969
f 6973 6974 6969
f 6971 6957 6958
f 6975 6971 6958
f 6973 6972 6971
f 6975 6973 6971
f 6975 6958 6961
f 6975 6976 6973
f 6973 6969 6972
f 6969 6977 6967
f 3070 6272 6267
f 6282 3070 6267
f 3071 3070 6282
f 6467 6466 6470
f 6520 6539 6525
f 6520 6523 6537
f 6537 6539 6520
f 6546 6538 6544
f 6543 6542 6555
f 6550 6543 6555
f 6543 6550 6544
f 6693 6736 6694
f 6736 6703 6694
f 6736 6738 6703
f 6703 6738 6705
f 6705 6738 6741
f 6708 6705 6741
f 6727 6731 6728
f 6731 6720 6728
f 6854 4068 4072
f 6854 4072 6922
f 6922 4072 6919
f 6854 6922 6855
f 6922 6925 6855
f 6855 6925 6856
f 6925 6927 6931
f 6856 6925 6931
f 6932 6856 6931
f 6856 6932 6862
f 6932 6935 6862
f 6932 6937 6935
f 6944 6936 6935
f 6944 6935 6941
f 6944 6945 6943
f 6955 6944 6951
f 6945 6944 6955
f 6964 6965 6946
f 3471 3469 3472
f 3471 3472 6978
f 6978 3472 3475
f 4503 6978 6979
f 6979 6978 3475
f 1609 3471 4503
f 4503 3471 6978
f 4502 4503 6980
f 3475 3473 3476
f 6981 3475 3476
f 6982 6979 3475
f 6982 3475 6981
f 6983 6982 6981
f 6980 4520 4502
f 6980 4503 6979
f 6984 6980 6979
f 6985 4525 4520
f 6980 6985 4520
f 6985 6980 6984
f 6986 4529 4525
f 6985 6986 4525
f 4528 4529 6986
f 6987 6986 6985
f 6985 6984 6987
f 6988 6986 6987
f 6987 6984 6989
f 6984 6979 6982
f 6984 6982 6990
f 6982 6983 6991
f 6990 6982 6991
f 6992 6984 6990
f 6993 3504 6994
f 3504 3505 6994
f 6995 6993 6994
f 3476 3511 6981
f 6996 3511 3503
f 6983 6981 6996
f 6981 3511 6996
f 6997 6996 6998
f 6993 3503 3504
f 6996 3503 6993
f 6998 6996 6993
f 6995 6998 6993
f 6995 6999 6998
f 6991 6983 7000
f 6996 6997 6983
f 6983 6997 7000
f 6998 6999 6997
f 6999 6995 7001
f 7002 7000 6997
f 6997 6999 7002
f 7003 7002 6999
f 4550 4528 6986
f 6986 6988 7004
f 7004 4550 6986
f 4555 4549 4550
f 4555 4550 7004
f 7004 6988 7005
f 7005 7006 7004
f 7005 6988 6987
f 7005 6987 6989
f 7007 7005 6989
f 7008 7007 6989
f 7005 7007 7009
f 7009 7007 7008
f 4555 7010 4554
f 7010 4555 7004
f 7006 7010 7004
f 7006 7011 7010
f 7012 4554 7010
f 7013 7010 7011
f 7012 7010 7013
f 7012 7013 7014
f 7012 4563 4554
f 4575 4563 7014
f 7014 4563 7012
f 7009 7006 7005
f 7015 7009 7008
f 7011 7006 7009
f 7009 7016 7011
f 7013 7011 7016
f 7016 7009 7015
f 7017 7016 7015
f 7018 7016 7017
f 6990 7019 6992
f 7020 6992 7019
f 7021 7020 7022
f 6992 6989 6984
f 6989 6992 7008
f 7023 7008 6992
f 7015 7008 7023
f 7024 6992 7020
f 7024 7023 6992
f 7025 7023 7024
f 7026 7015 7023
f 7017 7015 7026
f 7026 7023 7025
f 7025 7024 7020
f 7025 7020 7021
f 7027 7014 7028
f 4575 7014 7027
f 7013 7028 7014
f 7028 7013 7029
f 4574 4575 7027
f 7027 4576 4574
f 7027 7028 7029
f 7030 4576 7027
f 7027 7031 7030
f 7031 7027 7029
f 7032 7013 7016
f 7032 7029 7013
f 7018 7032 7016
f 7032 7018 7033
f 7033 7018 7034
f 7035 7029 7032
f 7032 7033 7035
f 7036 7035 7033
f 7036 7033 7034
f 4583 4576 7037
f 4576 7030 7037
f 7031 7038 7030
f 4582 4583 7037
f 7037 7030 7038
f 7039 7037 7038
f 7040 7031 7035
f 7040 7035 7036
f 7041 7040 7042
f 7031 7029 7035
f 7038 7031 7041
f 7041 7031 7040
f 7038 7041 7043
f 7017 7034 7018
f 7034 7017 7026
f 7034 7026 7044
f 7044 7026 7045
f 7045 7026 7025
f 7036 7034 7046
f 7046 7034 7044
f 7045 7025 7047
f 7047 7025 7021
f 7048 7047 7021
f 7048 7021 7049
f 7045 7047 7044
f 7044 7047 7050
f 7051 7047 7048
f 7047 7051 7050
f 7048 7052 7051
f 7052 7048 7049
f 7053 7051 7052
f 7036 7042 7040
f 7046 7054 7036
f 7046 7044 7050
f 7054 7046 7050
f 7042 7036 7054
f 7055 7054 7050
f 7056 7057 7042
f 7054 7056 7042
f 7056 7054 7055
f 7056 7055 7058
f 7055 7050 7051
f 7055 7051 7059
f 7051 7053 7059
f 7060 7055 7059
f 7058 7055 7060
f 7061 7059 7053
f 7062 7060 7059
f 7062 7059 7061
f 7019 6990 6991
f 7019 6991 7063
f 7022 7019 7063
f 7063 6991 7000
f 7064 7063 7000
f 7020 7019 7022
f 7022 7063 7065
f 7049 7021 7022
f 7065 7063 7064
f 7064 7000 7002
f 7064 7002 7066
f 7003 7066 7002
f 7065 7064 7066
f 7067 7065 7066
f 7068 7066 7003
f 7067 7066 7068
f 7069 7049 7022
f 7070 7071 7022
f 7071 7069 7022
f 7071 7072 7069
f 7071 7073 7074
f 7070 7022 7065
f 7073 7071 7070
f 7074 7073 7075
f 7076 7070 7065
f 7073 7070 7076
f 7077 7073 7076
f 7072 7071 7074
f 7075 7078 7074
f 7075 7073 7077
f 7077 7076 7079
f 7075 7080 7078
f 7080 7075 7081
f 7081 7075 7077
f 7081 7082 7080
f 7052 7049 7069
f 7083 7052 7069
f 7083 7053 7052
f 7083 7069 7072
f 7061 7083 7078
f 7083 7061 7053
f 7083 7072 7078
f 7074 7078 7072
f 7061 7078 7084
f 7085 7061 7084
f 7084 7078 7080
f 7086 7065 7067
f 7076 7065 7086
f 7087 7067 7068
f 7087 7086 7067
f 7079 7076 7086
f 7079 7081 7077
f 7088 7081 7079
f 7089 7079 7086
f 7086 7087 7089
f 7090 7089 7087
f 6994 3505 3549
f 6994 3549 7091
f 7092 7091 3549
f 3549 3550 7092
f 7001 6994 7091
f 7001 6995 6994
f 7001 7091 7093
f 6347 7094 6369
f 3556 7092 3550
f 3556 7095 7092
f 3556 3554 7095
f 7096 3554 3555
f 3555 7097 7096
f 7096 7095 3554
f 7098 7095 7096
f 7097 7099 7096
f 7091 7092 7100
f 7095 7100 7092
f 7100 7095 7098
f 7096 7099 7098
f 7099 7101 7098
f 7102 7101 7099
f 7103 6999 7001
f 7093 7103 7001
f 7091 7100 7093
f 7103 7093 7104
f 7104 7093 7105
f 7003 7103 7104
f 6346 6361 6347
f 6361 7094 6347
f 7106 7094 6361
f 7094 7106 7107
f 7108 7106 6361
f 7107 7106 7109
f 7109 7106 7108
f 7109 7110 7107
f 7111 7112 7110
f 7113 7112 7111
f 7114 7112 7113
f 6361 6360 7108
f 6364 7108 6360
f 7115 7108 6364
f 6432 6364 6363
f 6432 7116 6364
f 7116 7115 6364
f 7111 7110 7109
f 7109 7108 7117
f 7108 7115 7117
f 7109 7117 7111
f 7118 7111 7117
f 7111 7119 7113
f 7120 7118 7117
f 7120 7117 7115
f 7115 7116 7120
f 7119 7111 7118
f 7121 7118 7120
f 7121 7119 7118
f 7122 7119 7121
f 7123 7100 7098
f 7100 7123 7105
f 7124 7105 7123
f 7105 7093 7100
f 7098 7101 7123
f 7125 7123 7101
f 7125 7101 7126
f 7114 7127 7128
f 7126 7102 7127
f 7129 7127 7114
f 7126 7101 7102
f 7104 7105 7130
f 7130 7105 7124
f 7131 7130 7124
f 7124 7123 7125
f 7131 7124 7125
f 7131 7125 7132
f 7114 7113 7119
f 7133 7114 7119
f 7122 7133 7119
f 7133 7129 7114
f 7132 7125 7126
f 7129 7126 7127
f 7126 7129 7132
f 7134 7131 7132
f 7135 7132 7129
f 7129 7133 7135
f 7134 7132 7135
f 6999 7103 7003
f 7136 3148 6368
f 3148 7136 3583
f 7137 3581 3583
f 6368 6367 7136
f 7137 3583 7138
f 7138 3583 7136
f 7139 3586 3584
f 3555 3578 3586
f 3586 7097 3555
f 7140 3586 7139
f 3581 7141 3585
f 7139 3584 3585
f 3585 7141 7139
f 7141 3581 7137
f 7137 7138 7142
f 7142 7141 7137
f 7143 7140 7141
f 7097 3586 7140
f 7140 7139 7141
f 6367 6345 6369
f 7144 7136 6367
f 6369 7144 6367
f 7136 7144 7138
f 7138 7144 7145
f 7094 7144 6369
f 7144 7094 7145
f 7110 7145 7094
f 7094 7107 7110
f 7145 7142 7138
f 7143 7141 7142
f 7142 7145 7146
f 7147 7140 7143
f 7147 7097 7140
f 7110 7146 7145
f 7110 7112 7146
f 7142 7146 7143
f 7148 7143 7146
f 7148 7147 7143
f 7148 7149 7147
f 7149 7148 7128
f 7099 7097 7147
f 7149 7099 7147
f 7099 7149 7102
f 7146 7112 7148
f 7128 7148 7112
f 7128 7112 7114
f 7127 7149 7128
f 7127 7102 7149
f 7150 7104 7151
f 7152 7150 7151
f 7150 7152 7153
f 7153 7152 7154
f 6433 6432 6430
f 7155 6432 6433
f 7155 7116 6432
f 6433 7156 7155
f 7157 7120 7116
f 7158 7157 7116
f 7155 7158 7116
f 7120 7157 7121
f 7156 7158 7155
f 7159 7160 7121
f 7157 7159 7121
f 7161 7159 7157
f 7157 7158 7161
f 6433 6429 6431
f 6433 6431 6436
f 6436 7156 6433
f 7162 7156 6436
f 6438 7162 6436
f 7162 7163 7156
f 7163 7164 7156
f 7158 7156 7164
f 7161 7158 7164
f 7165 7161 7166
f 7166 7161 7164
f 7167 7130 7131
f 7151 7130 7167
f 7151 7104 7130
f 7160 7122 7121
f 7168 7133 7122
f 7168 7135 7133
f 7169 7135 7168
f 7134 7135 7169
f 7170 7169 7168
f 7171 7122 7160
f 7134 7169 7172
f 7171 7170 7122
f 7173 7169 7170
f 7122 7170 7168
f 7134 7167 7131
f 7134 7172 7167
f 7174 7167 7172
f 7175 7172 7169
f 7176 7151 7167
f 7167 7174 7176
f 7154 7152 7176
f 7174 7177 7176
f 7178 7176 7177
f 7176 7152 7151
f 7165 7160 7161
f 7159 7161 7160
f 7165 7171 7160
f 7179 7171 7165
f 7171 7173 7170
f 7173 7175 7169
f 7166 7180 7165
f 7179 7165 7181
f 7165 7180 7181
f 7179 7173 7171
f 7182 7175 7173
f 7173 7179 7182
f 7172 7175 7174
f 7183 7174 7175
f 7177 7174 7183
f 7182 7183 7175
f 7184 7183 7182
f 6438 6463 6464
f 7185 6438 6464
f 7185 7162 6438
f 7186 6464 6465
f 7187 7186 6465
f 7185 6464 7186
f 7185 7163 7162
f 7186 7188 7185
f 7188 7163 7185
f 7189 7166 7164
f 7189 7164 7163
f 7189 7180 7166
f 7189 7163 7190
f 7189 7190 7180
f 7188 7186 7191
f 7188 7190 7163
f 7188 7191 7190
f 7192 7190 7191
f 7192 7193 7190
f 7187 6465 6459
f 7187 6459 7194
f 7194 6459 6460
f 7195 7194 6460
f 7196 7194 7195
f 7187 7191 7186
f 7197 7187 7194
f 7197 7191 7187
f 7197 7192 7191
f 7198 7192 7197
f 7199 7192 7198
f 7197 7194 7196
f 7200 7199 7198
f 7201 7180 7190
f 7202 7181 7180
f 7180 7201 7202
f 7201 7190 7193
f 7203 7202 7201
f 7203 7201 7193
f 7202 7204 7181
f 7205 7204 7202
f 7206 7202 7203
f 7207 7206 7203
f 7202 7206 7205
f 7176 7208 7154
f 7176 7178 7208
f 7209 7178 7177
f 7154 7208 7210
f 7211 7209 7184
f 7211 7184 7212
f 7205 7212 7204
f 7205 7213 7212
f 7212 7213 7211
f 7214 7208 7178
f 7209 7214 7178
f 7210 7208 7214
f 7204 7182 7179
f 7181 7204 7179
f 7212 7182 7204
f 7184 7177 7183
f 7209 7177 7184
f 7212 7184 7182
f 7199 7203 7193
f 7193 7192 7199
f 7215 7206 7207
f 7205 7206 7215
f 7216 7205 7215
f 7200 7217 7207
f 7199 7200 7207
f 7203 7199 7207
f 7217 7215 7207
f 7215 7217 7218
f 7219 7210 7214
f 7220 7210 7219
f 7205 7216 7213
f 7209 7221 7214
f 7221 7209 7211
f 7221 7219 7214
f 7221 7211 7213
f 7218 7216 7215
f 7213 7216 7222
f 7222 7221 7213
f 7223 7224 7222
f 7221 7222 7224
f 7224 7219 7221
f 7104 7150 7003
f 7068 7003 7150
f 7153 7068 7150
f 7087 7068 7153
f 7153 7225 7087
f 7226 7153 7154
f 7090 7087 7225
f 7225 7153 7226
f 7225 7226 7227
f 7210 7226 7154
f 7220 7226 7210
f 7227 7226 7220
f 7219 7228 7220
f 5092 4582 7037
f 5092 7037 7229
f 5092 5093 5090
f 7229 7037 7039
f 5093 5092 7230
f 5094 5093 7230
f 5092 7229 7230
f 7041 7057 7043
f 7039 7038 7043
f 7231 7039 7043
f 7229 7039 7231
f 7057 7232 7043
f 7233 7232 7057
f 7232 7229 7231
f 7234 7230 7229
f 7234 7229 7232
f 7231 7043 7232
f 7234 7232 7235
f 7235 7232 7236
f 5096 5088 7237
f 5088 5094 7237
f 7237 7230 7238
f 7237 5094 7230
f 5096 7237 7239
f 7230 7234 7238
f 7237 7238 7240
f 7240 7238 7241
f 7241 7238 7234
f 7241 7234 7242
f 7057 7041 7042
f 7057 7058 7233
f 7058 7057 7056
f 7236 7232 7233
f 7233 7058 7243
f 7236 7233 7244
f 7233 7243 7244
f 7245 7060 7062
f 7085 7062 7061
f 7246 7062 7085
f 7246 7245 7062
f 7245 7058 7060
f 7243 7058 7245
f 7245 7246 7247
f 7243 7245 7248
f 7248 7245 7247
f 7235 7236 7249
f 7249 7236 7244
f 7250 7235 7249
f 7242 7235 7250
f 7251 7242 7250
f 7235 7242 7234
f 7252 7241 7242
f 7252 7242 7251
f 7253 7249 7244
f 7254 7243 7248
f 7253 7244 7243
f 7253 7243 7254
f 7250 7249 7253
f 7253 7255 7250
f 7256 7250 7255
f 7253 7254 7255
f 7255 7254 7257
f 7239 7237 7240
f 5098 5096 7239
f 5098 7239 7258
f 7258 7239 7259
f 7240 7260 7239
f 7240 7261 7260
f 7241 7261 7240
f 7261 7241 7262
f 7259 7239 7260
f 5098 7263 5099
f 5227 5099 7263
f 7263 5098 7258
f 7263 7258 7264
f 7264 5227 7263
f 7259 7265 7258
f 7264 7258 7265
f 7266 7259 7260
f 7266 7265 7259
f 7265 7266 7267
f 7267 7266 7268
f 7262 7241 7252
f 7262 7252 7251
f 7260 7261 7262
f 7269 7251 7256
f 7262 7251 7269
f 7269 7256 7270
f 7271 7262 7269
f 7271 7260 7262
f 7256 7251 7250
f 7272 7270 7256
f 7255 7272 7256
f 7272 7255 7257
f 7272 7257 7273
f 7274 7269 7275
f 7270 7272 7275
f 7275 7272 7273
f 7270 7275 7269
f 7260 7271 7266
f 7274 7271 7269
f 7268 7266 7271
f 7268 7271 7276
f 7274 7275 7277
f 7273 7277 7275
f 7277 7273 7278
f 7279 7274 7277
f 7276 7271 7274
f 7276 7274 7279
f 7276 7279 7280
f 7281 7080 7082
f 7282 7281 7082
f 7082 7081 7088
f 7283 7281 7282
f 7284 7282 7082
f 7285 7282 7284
f 7286 7287 7285
f 7286 7285 7284
f 7246 7085 7084
f 7246 7084 7288
f 7084 7289 7290
f 7288 7084 7290
f 7289 7281 7290
f 7247 7246 7288
f 7288 7290 7283
f 7247 7288 7291
f 7291 7288 7283
f 7289 7084 7080
f 7289 7080 7281
f 7290 7281 7283
f 7292 7247 7291
f 7292 7248 7247
f 7293 7248 7292
f 7294 7292 7291
f 7254 7248 7293
f 7257 7254 7293
f 7293 7292 7294
f 7295 7293 7294
f 7283 7287 7291
f 7282 7285 7283
f 7287 7283 7285
f 7294 7291 7287
f 7296 7294 7287
f 7295 7294 7296
f 7287 7286 7296
f 7088 7079 7297
f 7079 7089 7297
f 7088 7284 7082
f 7088 7297 7284
f 7284 7297 7298
f 7089 7299 7297
f 7299 7089 7090
f 7298 7297 7299
f 7299 7300 7298
f 7301 7286 7284
f 7301 7296 7286
f 7298 7301 7284
f 7302 7257 7293
f 7302 7293 7295
f 7302 7295 7303
f 7302 7273 7257
f 7304 7278 7273
f 7273 7302 7304
f 7304 7302 7303
f 7305 7303 7295
f 7305 7295 7296
f 7304 7303 7306
f 7306 7303 7307
f 7307 7303 7305
f 7307 7308 7306
f 7309 7277 7278
f 7279 7277 7309
f 7310 7278 7304
f 7309 7278 7310
f 7311 7309 7310
f 7304 7306 7312
f 7310 7304 7312
f 7311 7310 7312
f 7311 7312 7313
f 7312 7314 7313
f 7314 7312 7306
f 7315 7314 7306
f 7305 7296 7301
f 7316 7305 7301
f 7316 7301 7317
f 7301 7298 7317
f 7318 7317 7298
f 7319 7316 7317
f 7320 7316 7319
f 7321 7319 7317
f 7319 7321 7322
f 7321 7323 7322
f 7307 7305 7316
f 7308 7307 7315
f 7315 7307 7316
f 7306 7308 7315
f 7315 7324 7314
f 7320 7315 7316
f 7324 7315 7320
f 7325 7264 7265
f 7326 7264 7325
f 7325 7265 7327
f 7328 7329 7327
f 7327 7265 7267
f 7328 7327 7267
f 7330 7267 7268
f 7331 7267 7330
f 7331 7330 7332
f 7331 7328 7267
f 7333 7328 7331
f 7332 7333 7331
f 7332 7330 7334
f 7334 7330 7335
f 7329 7328 7333
f 7336 7329 7333
f 7337 7333 7332
f 7336 7333 7337
f 7337 7332 7334
f 7337 7334 7338
f 7339 7337 7338
f 7340 7336 7337
f 7341 7268 7276
f 7330 7268 7341
f 7342 7341 7276
f 7335 7330 7341
f 7335 7341 7343
f 7343 7341 7342
f 7344 7343 7342
f 7342 7276 7345
f 7345 7276 7280
f 7345 7280 7346
f 7346 7280 7347
f 7338 7334 7335
f 7338 7335 7348
f 7348 7335 7343
f 7343 7344 7349
f 7348 7350 7338
f 7351 7339 7338
f 7351 7338 7350
f 7350 7352 7351
f 7350 7348 7353
f 7352 7350 7353
f 7348 7343 7349
f 7353 7348 7349
f 7354 7349 7355
f 7356 7349 7354
f 7344 7342 7345
f 7355 7345 7346
f 7355 7344 7345
f 7357 7346 7347
f 7355 7349 7344
f 7358 7354 7355
f 7358 7355 7359
f 7355 7360 7359
f 7346 7360 7355
f 7360 7346 7357
f 7360 7361 7359
f 7351 7362 7339
f 7363 7362 7351
f 7364 7352 7353
f 7353 7349 7356
f 7364 7353 7356
f 7365 7356 7366
f 7365 7364 7356
f 7366 7356 7354
f 7364 7351 7352
f 7367 7363 7351
f 7367 7351 7364
f 7367 7364 7365
f 7367 7365 7368
f 7365 7366 7369
f 7368 7365 7369
f 7370 7358 7359
f 7366 7354 7358
f 7366 7358 7370
f 7371 7366 7370
f 7369 7366 7371
f 7372 7370 7359
f 7371 7370 7372
f 7371 7372 7373
f 7374 7375 7367
f 7374 7367 7368
f 7376 7374 7368
f 7377 7368 7369
f 7378 7377 7369
f 7377 7379 7368
f 7368 7379 7376
f 7377 7380 7379
f 7380 7377 7378
f 7376 7379 7380
f 7381 7376 7380
f 7380 7378 7382
f 7378 7369 7371
f 7373 7372 7383
f 7378 7371 7373
f 7382 7378 7384
f 7385 7378 7373
f 7378 7385 7384
f 6665 6669 7386
f 7387 7386 6669
f 6670 7387 6669
f 7388 7389 7387
f 6675 7387 6670
f 7387 6675 7390
f 7390 7388 7387
f 7390 7391 7392
f 7391 6675 6674
f 7393 7391 6674
f 7393 6674 6678
f 7391 7390 6675
f 7393 7392 7391
f 7388 7390 7392
f 7388 7392 7394
f 7395 7394 7392
f 7396 7395 7392
f 7280 7279 7397
f 7397 7279 7309
f 7309 7311 7397
f 7397 7311 7398
f 7347 7397 7399
f 7347 7280 7397
f 7398 7311 7313
f 7400 7313 7401
f 7398 7313 7400
f 7398 7400 7399
f 7399 7397 7398
f 7399 7400 7402
f 7403 7347 7399
f 7357 7347 7403
f 7403 7399 7404
f 7360 7357 7361
f 7403 7361 7357
f 7404 7399 7402
f 7404 7402 7405
f 7406 7403 7404
f 7407 7406 7404
f 7322 7320 7319
f 7408 7320 7322
f 7409 7408 7410
f 7408 7322 7410
f 7409 7410 7411
f 7410 7412 7411
f 7401 7313 7314
f 7401 7314 7324
f 7413 7401 7324
f 7324 7320 7408
f 7414 7324 7408
f 7400 7401 7413
f 7414 7400 7413
f 7413 7324 7414
f 7415 7400 7414
f 7414 7408 7409
f 7416 7414 7409
f 7402 7400 7415
f 7402 7415 7417
f 7415 7414 7416
f 7418 7415 7416
f 7411 7416 7409
f 7418 7416 7411
f 7418 7411 7419
f 7415 7420 7417
f 7420 7415 7418
f 7421 7418 7419
f 7420 7418 7421
f 7420 7421 7422
f 7423 7361 7424
f 7372 7359 7361
f 7424 7361 7403
f 7372 7361 7423
f 7423 7424 7425
f 7424 7403 7406
f 7424 7406 7425
f 7425 7406 7426
f 7372 7423 7425
f 7383 7372 7425
f 7427 7383 7425
f 7427 7425 7426
f 7406 7407 7428
f 7429 7407 7404
f 7428 7407 7429
f 7430 7428 7429
f 7426 7406 7428
f 7373 7383 7427
f 7431 7373 7427
f 7432 7427 7426
f 7385 7373 7431
f 7433 7385 7431
f 7431 7427 7434
f 7434 7427 7432
f 7435 7431 7434
f 7436 7434 7437
f 7438 7439 7430
f 7432 7426 7440
f 7440 7426 7428
f 7439 7440 7428
f 7438 7440 7439
f 7439 7428 7430
f 7440 7434 7432
f 7434 7440 7437
f 7440 7438 7441
f 7438 7442 7441
f 7437 7440 7441
f 7405 7402 7417
f 7443 7405 7417
f 7429 7404 7405
f 7429 7405 7444
f 7445 7429 7444
f 7445 7430 7429
f 7443 7444 7405
f 7446 7443 7417
f 7447 7446 7420
f 7417 7420 7446
f 7447 7420 7422
f 7438 7430 7445
f 7445 7444 7443
f 7448 7438 7445
f 7449 7443 7446
f 7448 7445 7443
f 7449 7448 7443
f 7442 7438 7448
f 7450 7442 7448
f 7451 7448 7449
f 7446 7452 7449
f 7453 7452 7446
f 7447 7453 7446
f 7454 7449 7452
f 5272 5227 7264
f 5272 7264 7326
f 5272 7326 5274
f 5274 7326 7325
f 5277 5271 5274
f 7325 7327 7329
f 7455 5278 5277
f 7455 5277 5274
f 5288 5278 7455
f 7455 5274 7325
f 7455 7325 7456
f 7456 7325 7329
f 5283 5278 5288
f 5288 7455 7457
f 7457 7455 7456
f 7336 7456 7329
f 7336 7457 7456
f 7458 7457 7336
f 7458 7336 7340
f 7339 7340 7337
f 5289 5288 7457
f 5289 5287 5288
f 7459 5289 7457
f 7460 7457 7458
f 7460 7459 7457
f 7459 7460 7461
f 7459 5304 5301
f 7462 7459 7461
f 5301 5289 7459
f 7463 7461 7460
f 7462 7461 7464
f 7464 7461 7463
f 7362 7458 7340
f 7340 7339 7362
f 7463 7458 7362
f 7460 7458 7463
f 7464 7463 7465
f 7463 7362 7363
f 7466 7463 7363
f 7363 7367 7375
f 7467 5304 7459
f 5310 5304 7468
f 5304 7467 7468
f 7468 7467 7462
f 7467 7459 7462
f 7462 7464 7469
f 7469 7464 7465
f 7468 7462 7469
f 7468 7470 5310
f 6063 5310 7470
f 7470 7468 7471
f 7471 7469 7472
f 7469 7471 7468
f 7465 7463 7466
f 7473 7465 7466
f 7375 7466 7363
f 7473 7466 7375
f 7474 7473 7375
f 7469 7465 7475
f 7475 7465 7473
f 7475 7472 7469
f 7472 7475 7476
f 7477 7473 7474
f 7475 7473 7477
f 7474 7375 7374
f 7474 7374 7376
f 7381 7474 7376
f 7477 7474 7381
f 7195 6460 7478
f 7478 6460 6719
f 7478 7479 7195
f 6721 7478 6719
f 7480 6721 6720
f 7478 6721 7479
f 7481 7479 7482
f 7482 7483 7481
f 6721 7482 7479
f 7480 6720 6731
f 6732 7480 6731
f 6721 7480 7484
f 7480 6732 7484
f 6730 6734 6732
f 6734 7485 6732
f 6734 7486 7485
f 7487 7485 7486
f 6732 7485 7488
f 7489 7488 7485
f 7487 7489 7485
f 7483 7490 7491
f 7489 7491 7488
f 7490 7484 7488
f 7491 7490 7488
f 7492 7483 7491
f 7491 7493 7492
f 7491 7489 7494
f 7494 7493 7491
f 7489 7495 7494
f 7487 7495 7489
f 7494 7495 7496
f 7495 7497 7496
f 7498 7497 7495
f 7498 7499 7497
f 7479 7196 7195
f 7198 7197 7196
f 7500 7198 7196
f 7196 7479 7500
f 7500 7479 7481
f 7481 7501 7198
f 7501 7200 7198
f 7481 7198 7500
f 7501 7481 7502
f 7200 7501 7503
f 7503 7217 7200
f 7503 7501 7502
f 7504 7217 7503
f 7505 7218 7504
f 7504 7218 7217
f 7503 7506 7504
f 7507 7505 7504
f 7508 7507 7504
f 7508 7504 7506
f 7509 7508 7506
f 7510 7218 7505
f 7510 7222 7216
f 7218 7510 7216
f 7511 7219 7224
f 7222 7510 7223
f 7510 7505 7512
f 7505 7507 7512
f 7510 7512 7223
f 7223 7512 7513
f 7493 7494 7509
f 7494 7496 7509
f 7496 7508 7509
f 7514 7507 7508
f 7508 7496 7514
f 7497 7514 7496
f 7499 7514 7497
f 7499 7507 7514
f 7512 7507 7499
f 7515 7516 7512
f 7512 7516 7513
f 7515 7512 7499
f 7517 7513 7516
f 7518 7515 7499
f 7486 6734 6735
f 6735 6749 7486
f 7487 7486 7519
f 7486 6749 6752
f 7519 7520 7487
f 7495 7487 7520
f 7521 7520 7519
f 7521 7519 6752
f 7486 6752 7519
f 7520 7521 7522
f 6751 7523 6752
f 7524 7523 6751
f 6752 7523 7521
f 7525 7522 7521
f 7526 7525 7521
f 7521 7523 7526
f 7527 7498 7495
f 7527 7495 7520
f 7522 7527 7520
f 7518 7499 7528
f 7529 7498 7527
f 7528 7499 7498
f 7529 7528 7498
f 7530 7529 7527
f 7530 7531 7529
f 7531 7528 7529
f 7518 7528 7532
f 7532 7528 7533
f 7518 7532 7534
f 7535 7534 7532
f 7531 7533 7528
f 7533 7536 7532
f 7536 7535 7532
f 7522 7525 7537
f 7526 7538 7525
f 7537 7525 7539
f 7537 7539 7540
f 7522 7530 7527
f 7522 7537 7530
f 7530 7537 7541
f 7542 7536 7533
f 7541 7537 7540
f 7543 7544 7541
f 7541 7540 7543
f 7545 7546 7544
f 7545 7544 7543
f 7544 7531 7530
f 7541 7544 7530
f 7531 7544 7546
f 7542 7531 7546
f 7531 7542 7533
f 7546 7547 7542
f 7516 7515 7518
f 7516 7518 7534
f 7548 7299 7090
f 7548 7090 7225
f 7300 7299 7548
f 7548 7225 7227
f 7549 7548 7227
f 7549 7227 7550
f 7548 7549 7300
f 7549 7550 7551
f 7549 7551 7552
f 7553 7300 7549
f 7549 7552 7554
f 7554 7553 7549
f 7555 7554 7552
f 7511 7228 7219
f 7550 7227 7220
f 7550 7220 7228
f 7551 7550 7228
f 7551 7228 7511
f 7556 7511 7224
f 7556 7224 7223
f 7556 7551 7511
f 7223 7513 7556
f 7557 7551 7556
f 7552 7551 7557
f 7513 7557 7556
f 7558 7552 7557
f 7517 7557 7513
f 7558 7557 7517
f 7298 7300 7318
f 7300 7553 7318
f 7553 7554 7559
f 7555 7559 7554
f 7552 7558 7555
f 7558 7560 7555
f 7561 7553 7559
f 7562 7534 7535
f 7563 7559 7555
f 7564 7555 7560
f 7563 7561 7559
f 7565 7560 7562
f 7560 7565 7564
f 7555 7564 7563
f 7318 7553 7561
f 7321 7317 7318
f 7318 7566 7321
f 7323 7321 7566
f 7567 7563 7564
f 7562 7568 7565
f 7564 7565 7567
f 7562 7535 7568
f 7569 7535 7536
f 7536 7542 7569
f 7547 7569 7542
f 7569 7570 7535
f 7567 7565 7571
f 7570 7568 7535
f 7571 7565 7568
f 7568 7572 7571
f 7572 7568 7570
f 7573 7571 7572
f 7574 7571 7573
f 7566 7318 7561
f 7563 7567 7575
f 7575 7561 7563
f 7566 7561 7576
f 7576 7561 7575
f 7571 7575 7567
f 7574 7575 7571
f 7516 7534 7517
f 7560 7558 7517
f 7562 7517 7534
f 7562 7560 7517
f 6751 6756 7524
f 6759 6756 6753
f 7524 7577 7523
f 6760 7524 6756
f 6760 6756 6759
f 6761 7578 6760
f 6760 7578 7524
f 7579 7577 7524
f 7524 7578 7579
f 7577 7526 7523
f 7580 7526 7577
f 7581 7580 7577
f 7582 7577 7579
f 7577 7582 7581
f 7580 7538 7526
f 7578 6761 6763
f 7583 7578 6763
f 7583 6763 6622
f 7386 7583 6622
f 7386 7584 7583
f 7579 7578 7582
f 7585 7581 7582
f 7582 7586 7587
f 7585 7582 7587
f 7586 7578 7583
f 7588 7586 7583
f 7588 7583 7584
f 7589 7586 7588
f 7586 7582 7578
f 7590 7586 7589
f 7590 7589 7591
f 7585 7592 7581
f 7538 7539 7525
f 7580 7539 7538
f 7592 7539 7580
f 7581 7592 7580
f 7593 7592 7585
f 7594 7539 7592
f 7593 7594 7592
f 7595 7593 7585
f 7594 7543 7540
f 7543 7594 7545
f 7594 7540 7539
f 7545 7596 7546
f 7545 7594 7596
f 7546 7596 7547
f 7593 7597 7594
f 7598 7597 7593
f 7595 7598 7593
f 7597 7596 7594
f 7587 7595 7585
f 7599 7587 7590
f 7590 7587 7586
f 7599 7590 7600
f 7601 7599 7600
f 7595 7587 7599
f 7602 7598 7595
f 7599 7602 7595
f 7603 7602 7599
f 7604 7602 7603
f 7603 7599 7605
f 7606 7603 7605
f 7604 7603 7606
f 7607 7606 7608
f 7609 7598 7602
f 7604 7609 7602
f 7604 7606 7609
f 6665 7386 6622
f 7610 7584 7386
f 7387 7610 7386
f 7584 7611 7588
f 7611 7589 7588
f 7610 7611 7584
f 7611 7591 7589
f 7612 7591 7611
f 7591 7612 7613
f 7389 7611 7610
f 7610 7387 7389
f 7388 7394 7389
f 7612 7611 7389
f 7389 7614 7612
f 7389 7394 7614
f 7395 7614 7394
f 7613 7590 7591
f 7613 7601 7590
f 7601 7600 7590
f 7614 7613 7612
f 7613 7614 7615
f 7613 7615 7601
f 7601 7615 7616
f 7615 7617 7616
f 7616 7617 7618
f 7601 7605 7599
f 7605 7601 7619
f 7619 7601 7616
f 7608 7606 7605
f 7619 7608 7605
f 7616 7618 7619
f 7620 7619 7618
f 7614 7617 7615
f 7614 7395 7617
f 7395 7621 7617
f 7621 7395 7622
f 7622 7623 7621
f 7621 7618 7617
f 7624 7618 7621
f 7624 7620 7618
f 7623 7624 7621
f 7410 7322 7323
f 7625 7410 7323
f 7323 7626 7627
f 7566 7626 7323
f 7627 7625 7323
f 7628 7412 7627
f 7410 7625 7627
f 7412 7410 7627
f 7628 7627 7626
f 7628 7626 7576
f 7628 7576 7629
f 7596 7630 7547
f 7547 7630 7569
f 7631 7569 7630
f 7569 7631 7570
f 7572 7570 7631
f 7632 7573 7572
f 7597 7630 7596
f 7631 7630 7633
f 7630 7597 7633
f 7597 7598 7633
f 7631 7633 7632
f 7633 7634 7632
f 7572 7631 7632
f 7626 7566 7576
f 7635 7576 7575
f 7574 7635 7575
f 7636 7576 7635
f 7636 7629 7576
f 7632 7574 7573
f 7636 7635 7574
f 7637 7629 7636
f 7638 7574 7632
f 7634 7638 7632
f 7638 7636 7574
f 7639 7412 7640
f 7411 7412 7419
f 7640 7412 7628
f 7637 7628 7629
f 7637 7640 7628
f 7419 7412 7639
f 7639 7640 7641
f 7639 7642 7643
f 7642 7639 7641
f 7644 7633 7598
f 7644 7645 7633
f 7644 7598 7609
f 7633 7645 7634
f 7634 7645 7646
f 7609 7606 7647
f 7644 7609 7647
f 7647 7645 7644
f 7606 7607 7647
f 7647 7646 7645
f 7647 7607 7646
f 7648 7646 7607
f 7649 7646 7648
f 7650 7637 7636
f 7650 7636 7638
f 7640 7637 7641
f 7641 7637 7650
f 7646 7649 7634
f 7651 7638 7652
f 7652 7638 7634
f 7649 7652 7634
f 7651 7650 7638
f 7651 7641 7650
f 7653 7651 7652
f 7642 7641 7651
f 7651 7653 7642
f 7643 7419 7639
f 7421 7419 7643
f 7654 7607 7608
f 7655 7648 7607
f 7654 7655 7607
f 7656 7648 7655
f 7620 7654 7608
f 7620 7608 7619
f 7620 7656 7654
f 7624 7657 7620
f 7620 7657 7656
f 7658 7656 7657
f 7654 7656 7655
f 7421 7643 7659
f 7660 7648 7656
f 7659 7643 7642
f 7661 7659 7642
f 7653 7661 7642
f 7660 7656 7658
f 7662 7663 7660
f 7658 7662 7660
f 7664 7653 7663
f 7661 7664 7665
f 7664 7661 7653
f 7649 7648 7666
f 7652 7649 7666
f 7648 7660 7666
f 7663 7666 7660
f 7666 7653 7652
f 7663 7653 7666
f 7624 7623 7657
f 7657 7623 7667
f 7668 7667 7669
f 7657 7667 7668
f 7662 7658 7657
f 7668 7662 7657
f 7670 7665 7664
f 7671 7664 7663
f 7671 7670 7664
f 7671 7663 7662
f 7662 7668 7672
f 7670 7671 7672
f 7671 7662 7672
f 7673 7670 7672
f 7422 7421 7659
f 7674 7422 7659
f 7447 7422 7674
f 7674 7675 7447
f 7674 7659 7661
f 7674 7661 7665
f 7665 7675 7674
f 7447 7675 7453
f 7676 7675 7665
f 7677 7453 7675
f 7677 7675 7676
f 7678 7453 7677
f 7676 7679 7677
f 7676 7665 7670
f 7680 7676 7670
f 7670 7673 7680
f 7382 7381 7380
f 7681 7382 7682
f 7683 7382 7384
f 7682 7382 7683
f 7683 7384 7684
f 7385 7684 7384
f 7684 7385 7433
f 7685 7682 7683
f 7686 7685 7683
f 7686 7683 7687
f 7687 7683 7684
f 7687 7684 7688
f 7688 7684 7433
f 7689 7687 7688
f 7690 7687 7689
f 7691 7690 7689
f 6810 7393 6678
f 6810 7396 7393
f 7393 7396 7392
f 7396 6810 7692
f 6811 6835 7693
f 6810 6811 7693
f 7692 6810 7693
f 7694 7695 7692
f 7395 7396 7622
f 7696 7622 7396
f 7697 7622 7698
f 7692 7696 7396
f 7695 7696 7692
f 7699 7696 7695
f 7696 7698 7622
f 7698 7696 7699
f 7699 7700 7698
f 7698 7701 7697
f 7702 7697 7701
f 7703 7700 7699
f 7704 7698 7700
f 7701 7698 7705
f 7705 7698 7704
f 7693 6835 7706
f 6837 7706 6835
f 7707 7693 7706
f 7706 7708 7707
f 7707 7694 7693
f 7709 7694 7707
f 7694 7709 7710
f 7694 7692 7693
f 6837 6842 7711
f 7712 7706 6837
f 7706 7712 7708
f 7712 7713 7708
f 7714 6842 6841
f 7714 7711 6842
f 7713 7712 7711
f 6837 7711 7712
f 7715 7707 7708
f 7710 7709 7716
f 7715 7709 7707
f 7717 7716 7709
f 7715 7708 7713
f 7718 7715 7713
f 7718 7719 7715
f 7717 7709 7715
f 7719 7717 7715
f 7720 7717 7719
f 7721 7694 7710
f 7694 7721 7695
f 7722 7695 7721
f 7695 7722 7723
f 7716 7721 7710
f 7723 7722 7724
f 7716 7722 7721
f 7725 7724 7722
f 7699 7723 7703
f 7723 7699 7695
f 7726 7700 7703
f 7727 7704 7726
f 7700 7726 7704
f 7727 7703 7724
f 7724 7703 7723
f 7727 7726 7703
f 7716 7717 7728
f 7728 7725 7716
f 7729 7728 7717
f 7730 7728 7729
f 7730 7731 7728
f 7732 7725 7728
f 7731 7732 7728
f 7733 7734 7732
f 7735 7736 7734
f 7725 7722 7716
f 7736 7727 7724
f 7724 7725 7736
f 7734 7736 7725
f 7737 7727 7736
f 7727 7737 7738
f 7725 7732 7734
f 7735 7737 7736
f 7735 7739 7737
f 7433 7431 7435
f 7740 7433 7435
f 7435 7434 7436
f 7688 7433 7740
f 7741 7740 7435
f 7688 7740 7742
f 7742 7740 7741
f 7743 7435 7436
f 7741 7435 7743
f 7744 7436 7437
f 7745 7437 7441
f 7745 7441 7442
f 7744 7437 7745
f 7746 7744 7745
f 7747 7436 7744
f 7747 7743 7436
f 7748 7747 7744
f 7748 7744 7746
f 7748 7746 7749
f 7742 7689 7688
f 7743 7742 7741
f 7691 7689 7742
f 7691 7742 7750
f 7742 7743 7751
f 7751 7743 7747
f 7742 7751 7752
f 7752 7750 7742
f 7753 7691 7750
f 7753 7750 7752
f 7754 7752 7751
f 7752 7754 7755
f 7756 7751 7747
f 7748 7756 7747
f 7757 7748 7749
f 7758 7756 7748
f 7754 7751 7756
f 7754 7756 7758
f 7759 7754 7758
f 7759 7758 7760
f 7758 7748 7757
f 7757 7760 7758
f 7705 7761 7701
f 7761 7702 7701
f 7762 7763 7761
f 7762 7764 7763
f 7451 7450 7448
f 7451 7449 7454
f 7765 7450 7451
f 7454 7765 7451
f 7745 7442 7450
f 7450 7749 7745
f 7746 7745 7749
f 7749 7450 7765
f 7766 7749 7765
f 7767 7454 7452
f 7452 7453 7678
f 7452 7678 7767
f 7765 7454 7767
f 7768 7767 7678
f 7768 7678 7769
f 7757 7749 7766
f 7766 7765 7767
f 7760 7757 7770
f 7770 7757 7766
f 7771 7770 7766
f 7766 7767 7771
f 7771 7767 7768
f 7772 7768 7769
f 7771 7768 7772
f 7773 7771 7772
f 7773 7772 7774
f 7775 7753 7752
f 7775 7752 7755
f 7755 7754 7759
f 7776 7759 7760
f 7759 7776 7755
f 7775 7755 7776
f 7776 7777 7775
f 7776 7760 7777
f 7778 7775 7777
f 7779 7778 7777
f 7780 7761 7705
f 7704 7727 7738
f 7738 7705 7704
f 7738 7780 7705
f 7781 7780 7738
f 7782 7780 7781
f 7781 7783 7782
f 7780 7782 7784
f 7762 7761 7784
f 7784 7761 7780
f 7785 7764 7762
f 7785 7762 7784
f 7785 7784 7783
f 7783 7784 7782
f 7786 7785 7783
f 7787 7764 7785
f 7786 7783 7788
f 7787 7785 7786
f 7737 7789 7738
f 7783 7781 7790
f 7738 7789 7781
f 7791 7781 7789
f 7737 7739 7792
f 7737 7792 7789
f 7791 7789 7792
f 7793 7790 7781
f 7792 7794 7791
f 7791 7794 7793
f 7793 7781 7791
f 7795 7783 7790
f 7795 7788 7783
f 7796 7788 7795
f 7796 7797 7788
f 7786 7788 7797
f 7796 7795 7798
f 7799 7770 7771
f 7777 7760 7770
f 7787 7800 7764
f 7774 7801 7802
f 7803 7804 7805
f 7806 7787 7786
f 7806 7800 7787
f 7805 7800 7803
f 7774 7802 7773
f 7807 7771 7773
f 7807 7773 7802
f 7799 7771 7807
f 7802 7801 7804
f 7807 7802 7808
f 7808 7802 7804
f 7777 7770 7779
f 7779 7770 7799
f 7809 7779 7810
f 7800 7806 7811
f 7786 7797 7806
f 7800 7811 7803
f 7812 7803 7811
f 7812 7813 7803
f 7797 7811 7806
f 7812 7811 7814
f 7799 7807 7810
f 7813 7808 7804
f 7803 7813 7804
f 7810 7807 7808
f 7815 7810 7808
f 7816 7813 7812
f 7810 7779 7799
f 7810 7815 7817
f 7818 7815 7808
f 7818 7808 7813
f 7814 7816 7812
f 7816 7818 7813
f 7819 7816 7814
f 5977 5978 7820
f 7821 5978 5982
f 5984 7822 5982
f 7822 7821 5982
f 7821 7822 7823
f 7824 7823 7825
f 6006 6005 7826
f 6008 7826 6005
f 5985 7822 5984
f 5985 7826 7827
f 5985 6006 7826
f 6008 7828 7826
f 7822 5985 7829
f 7829 5985 7827
f 7829 7827 7830
f 7823 7822 7829
f 7825 7823 7829
f 7826 7828 7827
f 7828 7831 7827
f 7832 6008 6009
f 6119 6009 6007
f 5999 6119 6007
f 7833 6119 7834
f 6119 7833 6009
f 7828 6008 7832
f 7832 7835 7836
f 7833 7835 6009
f 6009 7835 7832
f 7835 7833 7837
f 7838 7839 7833
f 7839 7837 7833
f 7828 7840 7831
f 7828 7832 7840
f 7832 7836 7840
f 7829 7830 7825
f 7825 7830 7841
f 7842 7825 7841
f 7831 7830 7827
f 7831 7841 7830
f 7841 7831 7843
f 7844 7824 7825
f 7844 7825 7842
f 7845 7844 7842
f 7842 7841 7846
f 7846 7841 7843
f 7845 7842 7846
f 7847 7848 7846
f 7836 7835 7837
f 7849 7837 7839
f 7850 7837 7849
f 7840 7851 7831
f 7851 7840 7836
f 7851 7843 7831
f 7836 7852 7851
f 7836 7850 7852
f 7850 7836 7837
f 7843 7851 7847
f 7846 7843 7847
f 7847 7851 7852
f 7853 7850 7849
f 7853 7852 7850
f 7849 7854 7853
f 6893 6896 6890
f 6893 7855 6896
f 7855 6893 7856
f 6907 7857 6891
f 7857 6893 6891
f 7857 7856 6893
f 7858 7855 7856
f 7859 7860 7855
f 7858 7859 7855
f 7861 7862 7859
f 6841 6895 7714
f 7711 7714 7713
f 7713 7863 7718
f 7863 7713 7714
f 7864 7863 7714
f 7865 7714 6895
f 6896 7865 6895
f 7864 7714 7865
f 7866 7863 7864
f 7866 7864 7865
f 7867 7718 7863
f 7718 7867 7719
f 7717 7720 7729
f 7868 7719 7867
f 7719 7868 7720
f 7863 7866 7869
f 7870 7867 7863
f 7863 7869 7870
f 7871 7868 7867
f 7871 7720 7868
f 7871 7872 7720
f 7870 7871 7867
f 7855 7865 6896
f 7860 7865 7855
f 7865 7860 7866
f 7873 7870 7869
f 7866 7860 7862
f 7862 7874 7866
f 7874 7869 7866
f 7869 7874 7873
f 7871 7870 7873
f 7875 7872 7871
f 7875 7871 7873
f 7860 7859 7862
f 7861 7874 7862
f 7876 7874 7861
f 7876 7873 7874
f 7876 7875 7873
f 7877 7875 7876
f 7729 7878 7730
f 7879 7731 7730
f 7880 7732 7731
f 7879 7880 7731
f 7878 7720 7872
f 7878 7881 7882
f 7729 7720 7878
f 7730 7878 7882
f 7882 7879 7730
f 7883 7879 7882
f 7880 7733 7732
f 7733 7735 7734
f 7735 7733 7884
f 7735 7884 7885
f 7884 7886 7885
f 7885 7886 7887
f 7883 7880 7879
f 7880 7883 7733
f 7888 7733 7883
f 7882 7889 7883
f 7733 7888 7884
f 7884 7888 7886
f 7890 7888 7883
f 7886 7888 7890
f 7885 7739 7735
f 7891 7872 7875
f 7872 7881 7878
f 7891 7881 7872
f 7881 7892 7882
f 7892 7889 7882
f 7891 7875 7877
f 7893 7881 7891
f 7877 7893 7891
f 7881 7893 7894
f 7894 7892 7881
f 7895 7894 7893
f 7894 7889 7892
f 7894 7896 7889
f 7889 7890 7883
f 7896 7890 7889
f 7890 7897 7886
f 7890 7896 7897
f 7896 7898 7897
f 7898 7896 7894
f 6918 6907 6906
f 7856 7857 7858
f 7857 7899 7858
f 7859 7858 7899
f 6906 6908 6918
f 7900 7901 7902
f 7902 7901 6918
f 7857 6907 6918
f 7857 6918 7901
f 7901 7899 7857
f 7900 7899 7901
f 7903 7861 7859
f 7899 7903 7859
f 7903 7876 7861
f 7904 7876 7903
f 7899 7900 7903
f 7905 7904 7903
f 7903 7900 7905
f 6917 7902 6918
f 7906 7907 6917
f 7902 6917 7907
f 7902 7907 7900
f 7907 7905 7900
f 7905 7908 7909
f 7908 7905 7907
f 7906 7910 7907
f 7911 7912 7909
f 7911 7909 7908
f 7913 7908 7910
f 7908 7907 7910
f 7914 7911 7908
f 7914 7915 7911
f 7911 7915 7916
f 7917 7916 7915
f 7918 7916 7917
f 7904 7877 7876
f 7919 7877 7904
f 7895 7893 7877
f 7877 7919 7895
f 7919 7904 7905
f 7905 7909 7919
f 7894 7895 7912
f 7895 7919 7909
f 7912 7895 7909
f 7898 7894 7912
f 7916 7898 7912
f 7920 7898 7916
f 7916 7912 7911
f 7921 7778 7779
f 7887 7922 7885
f 7923 7794 7922
f 7923 7887 7886
f 7923 7922 7887
f 7923 7886 7897
f 7924 7794 7923
f 7925 7924 7923
f 7926 7924 7925
f 7922 7792 7739
f 7739 7885 7922
f 7794 7792 7922
f 7924 7793 7794
f 7790 7793 7795
f 7793 7798 7795
f 7924 7798 7793
f 7798 7927 7796
f 7928 7927 7798
f 7929 7798 7924
f 7926 7929 7924
f 7925 7923 7897
f 7925 7897 7898
f 7925 7898 7920
f 7926 7925 7930
f 7931 7926 7930
f 7920 7930 7925
f 7926 7931 7929
f 7779 7809 7921
f 7921 7809 7932
f 7933 7797 7927
f 7927 7797 7796
f 7933 7927 7934
f 7935 7933 7934
f 7933 7811 7797
f 7814 7811 7933
f 7935 7814 7933
f 7928 7934 7927
f 7936 7934 7928
f 7936 7928 7929
f 7929 7928 7798
f 7936 7929 7931
f 7937 7934 7936
f 7937 7936 7931
f 7937 7935 7934
f 7938 7937 7939
f 7815 7818 7817
f 7940 7809 7810
f 7940 7810 7817
f 7941 7809 7940
f 7817 7942 7940
f 7819 7818 7816
f 7819 7943 7818
f 7814 7935 7819
f 7944 7819 7935
f 7943 7817 7818
f 7944 7935 7937
f 7941 7940 7942
f 7942 7817 7943
f 7945 7942 7943
f 7944 7943 7819
f 7932 7809 7941
f 7941 7946 7932
f 7937 7931 7939
f 7947 7938 7939
f 7947 7939 7931
f 7931 7930 7948
f 7948 7947 7931
f 7944 7937 7938
f 7949 7943 7944
f 7944 7938 7949
f 7943 7949 7945
f 7945 7946 7941
f 7945 7941 7942
f 7947 7950 7938
f 7949 7938 7950
f 7951 7950 7947
f 7952 7945 7949
f 7952 7946 7945
f 7950 7952 7949
f 7953 7952 7950
f 7954 7946 7952
f 7954 7955 7946
f 7846 7848 7845
f 7956 7918 7917
f 7957 7958 7959
f 7957 7960 7958
f 7961 7962 7963
f 7964 7848 7847
f 7847 7965 7964
f 7965 7847 7852
f 7965 7852 7853
f 7966 7854 7967
f 7853 7854 7966
f 7966 7965 7853
f 7968 7848 7964
f 7964 7965 7969
f 7970 7968 7964
f 7969 7970 7964
f 7969 7965 7966
f 7971 7969 7966
f 7969 7971 7972
f 7970 7969 7972
f 7920 7973 7930
f 7973 7974 7948
f 7973 7975 7974
f 7975 7920 7916
f 7916 7918 7975
f 7976 7975 7918
f 7958 7918 7956
f 7958 7976 7918
f 7975 7973 7920
f 7977 7975 7976
f 7975 7977 7974
f 7976 7958 7960
f 7957 7963 7960
f 7978 7977 7976
f 7976 7960 7978
f 7978 7960 7963
f 7963 7962 7979
f 7930 7973 7948
f 7951 7947 7948
f 7974 7951 7948
f 7980 7951 7974
f 7981 7980 7974
f 7981 7982 7980
f 7982 7981 7983
f 7982 7984 7980
f 7984 7982 7985
f 7985 7983 7986
f 7986 7987 7985
f 7988 7987 7986
f 7988 7989 7987
f 7984 7950 7951
f 7980 7984 7951
f 7953 7950 7984
f 7952 7953 7954
f 7990 7955 7954
f 7990 7954 7953
f 7987 7990 7953
f 7984 7985 7953
f 7990 7987 7989
f 7987 7953 7985
f 7977 7981 7974
f 7991 7981 7977
f 7991 7983 7981
f 7991 7992 7983
f 7993 7994 7995
f 7995 7992 7993
f 7991 7993 7992
f 7978 7991 7977
f 7978 7963 7996
f 7978 7993 7991
f 7978 7996 7993
f 7979 7996 7963
f 7979 7997 7996
f 7979 7998 7999
f 7996 7994 7993
f 7997 7994 7996
f 7997 7995 7994
f 7997 7979 7999
f 7997 7999 8000
f 7999 8001 8000
f 8001 7999 7970
f 8001 7997 8000
f 7983 7985 7982
f 8002 7983 7992
f 8002 7986 7983
f 8003 8002 7992
f 7992 7995 8003
f 7986 8002 8004
f 7988 7986 8004
f 8002 8003 8004
f 7995 7997 8001
f 7995 8001 8005
f 8003 7995 8005
f 7972 8001 7970
f 8001 7972 8005
f 8005 7972 8006
f 8006 7972 8007
f 8006 8003 8005
f 8003 8006 8008
f 8009 6063 7470
f 8010 6063 8009
f 8009 7470 7471
f 8011 7471 7472
f 8012 8009 8011
f 8011 8009 7471
f 8010 6064 6063
f 8010 8009 8012
f 6068 6064 8010
f 8012 8011 8013
f 8014 8012 8013
f 8011 7472 8015
f 8015 7472 7476
f 7476 7475 7477
f 7477 8016 7476
f 8015 7476 8017
f 8017 7476 8016
f 8011 8015 8013
f 6073 6066 6068
f 6068 8010 8014
f 8014 6073 6068
f 8014 8010 8012
f 6075 6073 8014
f 8015 8017 8013
f 8018 8013 8017
f 8019 8018 8017
f 8014 8013 8018
f 8020 8014 8018
f 8016 7477 7381
f 8016 7381 7681
f 7681 7381 7382
f 8017 8016 7681
f 8017 7681 8019
f 7681 7682 7685
f 8019 7681 8021
f 8021 7681 7685
f 8018 8019 8022
f 8022 8019 8021
f 8023 8022 8021
f 8021 7686 8023
f 7685 7686 8021
f 8023 7686 7690
f 7690 7686 7687
f 7690 7691 8023
f 7753 8023 7691
f 8020 6075 8014
f 6087 6074 6075
f 6087 6075 8020
f 6087 8020 8024
f 8018 8025 8020
f 8020 8025 8026
f 8026 8024 8020
f 6089 6086 6087
f 6089 6087 8024
f 6090 6089 8027
f 6089 8024 8027
f 8025 8018 8022
f 8022 8028 8025
f 8025 8028 8029
f 8026 8025 8029
f 8028 8022 8023
f 8028 8023 7753
f 8029 8028 8030
f 8029 8031 8026
f 8024 8026 8031
f 8024 8031 8032
f 8029 8030 8031
f 7775 8028 7753
f 8028 7775 8030
f 7778 8030 7775
f 8030 7778 8033
f 6132 6090 8027
f 8034 6132 8035
f 6132 8027 8036
f 8036 8035 6132
f 8024 8037 8027
f 8035 8036 8038
f 8036 8027 8037
f 8039 8036 8037
f 8039 8038 8036
f 6118 7834 6119
f 7834 6118 6121
f 8040 6121 6122
f 6122 8041 8042
f 8040 6122 8042
f 8040 8043 6121
f 7834 6121 8043
f 7838 7834 8043
f 7838 8044 8045
f 8041 8035 8046
f 8038 8046 8035
f 8046 8042 8041
f 8042 8047 8040
f 8042 8046 8047
f 8046 8048 8047
f 8046 8038 8048
f 8038 8039 8049
f 8048 8038 8050
f 8047 8048 8051
f 8051 8048 8050
f 8043 8044 7838
f 8047 8043 8040
f 8043 8047 8044
f 8044 8047 8052
f 8051 8052 8047
f 6133 6130 6131
f 6131 6132 8034
f 6133 6131 8034
f 8041 6133 8034
f 8041 6122 6133
f 8041 8034 8035
f 8037 8024 8032
f 8032 8053 8037
f 8054 8053 8032
f 8054 8032 8031
f 8054 8031 8033
f 8055 8039 8037
f 8055 8037 8053
f 8049 8039 8055
f 8050 8038 8049
f 8050 8056 8051
f 8057 8049 8055
f 8058 8049 8057
f 8050 8049 8058
f 8056 8050 8058
f 8055 8053 8059
f 8055 8059 8057
f 8044 8052 8060
f 8052 8051 8056
f 8056 8060 8052
f 8060 8061 8044
f 8058 8062 8056
f 8062 8058 8063
f 8060 8056 8062
f 8054 8064 8053
f 8057 8059 8065
f 8059 8053 8064
f 8059 8064 8066
f 8058 8057 8065
f 8063 8058 8065
f 8065 8059 8067
f 8067 8063 8065
f 8068 8063 8067
f 8063 8069 8062
f 8061 8060 8070
f 8062 8070 8060
f 8070 8062 8069
f 8069 8063 8068
f 8059 8066 8067
f 8067 8066 8071
f 8068 8072 8069
f 8072 8068 8073
f 8073 8068 8067
f 8071 8073 8067
f 7838 7833 7834
f 7839 7838 8045
f 8045 8044 8061
f 8045 7849 7839
f 8045 8061 8074
f 8061 8075 8074
f 8045 8074 7854
f 8045 7854 7849
f 8070 8069 8072
f 8070 8072 8076
f 8073 8077 8072
f 8070 8075 8061
f 8033 8031 8030
f 8033 7778 8078
f 8079 8054 8033
f 8079 8033 8078
f 7921 8078 7778
f 8080 8078 7921
f 8081 8054 8079
f 8064 8054 8081
f 8079 8078 8082
f 8083 8079 8082
f 8083 8081 8079
f 8066 8064 8084
f 8084 8064 8081
f 8085 8083 8086
f 8084 8081 8085
f 8083 8085 8081
f 8066 8087 8071
f 8087 8066 8084
f 8078 8080 8082
f 8080 7921 8088
f 8082 8080 8088
f 8083 8082 8086
f 8089 8086 8088
f 8086 8082 8088
f 8088 7921 7932
f 7946 7955 7932
f 7932 8090 8088
f 8090 7932 7955
f 8091 8087 8084
f 8085 8091 8084
f 7854 8074 7967
f 8092 8075 8093
f 8094 8092 8093
f 8074 8075 7967
f 8092 7967 8075
f 8092 8095 7967
f 8073 8071 8077
f 8076 8072 8077
f 8077 8096 8076
f 8077 8071 8087
f 8075 8070 8076
f 8075 8076 8093
f 8093 8076 8096
f 8077 8087 8097
f 8077 8097 8096
f 8091 8097 8087
f 8094 8096 8097
f 8094 8093 8096
f 8085 8098 8091
f 8091 8098 8097
f 8098 8085 8099
f 8097 8098 8100
f 8085 8086 8099
f 8099 8086 8101
f 8101 8086 8089
f 8099 8102 8098
f 8100 8098 8102
f 8103 8094 8097
f 8092 8094 8103
f 8103 8097 8100
f 8104 8092 8103
f 8104 8103 8105
f 8102 8106 8100
f 8103 8100 8105
f 8105 8100 8107
f 8107 8100 8106
f 8108 8107 8106
f 8095 8092 8104
f 8104 8105 8107
f 8107 8109 8104
f 7966 7967 8095
f 7971 7966 8095
f 7971 8095 8110
f 8095 8104 8109
f 8099 8101 8102
f 8089 8088 8090
f 8111 8089 8090
f 7955 8111 8090
f 8089 8111 8101
f 8111 8106 8101
f 8111 8112 8106
f 8106 8102 8101
f 8109 8107 8108
f 8108 8113 8109
f 8112 8108 8106
f 8112 8111 8114
f 8114 8111 7955
f 7955 7990 8114
f 8115 8114 7990
f 8115 7990 7989
f 8116 8112 8114
f 8116 8114 8115
f 8113 8108 8112
f 8113 8112 8116
f 7971 8110 7972
f 8117 8110 8095
f 8110 8117 8118
f 8117 8095 8109
f 8117 8109 8113
f 8116 8119 8113
f 8118 8113 8119
f 7989 7988 8115
f 8004 8115 7988
f 8119 8116 8115
f 8004 8119 8115
f 8120 8119 8004
f 8004 8003 8008
f 8008 8007 8110
f 8119 8120 8118
f 8118 8120 8008
f 8110 8118 8008
f 8120 8004 8008
f 8117 8113 8118
f 8007 7972 8110
f 8008 8006 8007
f 7697 7623 7622
f 7623 7697 7667
f 7702 7667 7697
f 7667 7702 7669
f 7669 7672 7668
f 7672 7669 8121
f 7673 7672 8121
f 8122 8121 7669
f 8123 8122 7669
f 7702 7761 7763
f 7763 7669 7702
f 7763 8123 7669
f 7763 7764 8123
f 7769 7677 7679
f 7680 7679 7676
f 7679 7680 8124
f 7678 7677 7769
f 8125 7673 8121
f 8125 7680 7673
f 8126 8121 8122
f 8126 8125 8121
f 8123 8126 8122
f 8125 8124 7680
f 8124 8125 8127
f 7769 7679 8128
f 8127 7679 8124
f 8129 8128 8127
f 8127 8128 7679
f 8125 8126 8127
f 8126 8123 8130
f 8130 8127 8126
f 7772 7769 8128
f 8131 8128 8129
f 8128 7774 7772
f 8131 7774 8128
f 8130 8129 8127
f 8123 7764 8130
f 7805 8130 7764
f 8130 8132 8129
f 8129 8132 8131
f 8132 8130 7805
f 7801 7774 8131
f 7801 8131 8132
f 7800 7805 7764
f 7804 8132 7805
f 7804 7801 8132
f 6920 4071 6135
f 6135 6136 6920
f 6920 6136 8133
f 8133 6136 6137
f 6138 8134 6137
f 8134 6138 6139
f 8133 6137 8135
f 8133 6924 6920
f 6137 8134 8135
f 6139 8136 8134
f 6924 8133 8135
f 6139 5977 7820
f 8137 6924 8135
f 8138 8135 8134
f 8138 8134 8136
f 8137 8135 8138
f 8137 6929 6924
f 8139 8137 8138
f 8140 8138 8136
f 8141 8140 8136
f 8139 8138 8140
f 8136 6139 7820
f 7820 8141 8136
f 7820 7821 8142
f 8141 7820 8142
f 8141 8142 8143
f 7821 7820 5978
f 8142 7821 8144
f 7821 7823 8144
f 6940 6929 8137
f 8139 6940 8137
f 8140 8145 8139
f 8146 8139 8145
f 8146 8145 8147
f 8141 8145 8140
f 8145 8141 8143
f 8148 8145 8143
f 8148 8147 8145
f 8148 8149 8147
f 8150 6940 8139
f 6940 8150 6950
f 6950 8150 6960
f 8146 8150 8139
f 8146 6960 8150
f 6959 6960 8146
f 6954 6950 6960
f 8147 6959 8146
f 8151 6959 8147
f 8143 8142 8144
f 8152 8143 8144
f 8148 8143 8152
f 7823 8152 8144
f 8152 7823 7824
f 8148 8152 8153
f 8154 8148 8153
f 8153 8152 7824
f 7906 6916 6963
f 7906 6963 6968
f 6977 6968 6967
f 8155 6968 6977
f 8155 8156 6968
f 6977 6974 8157
f 8158 8147 8149
f 6977 8157 8155
f 8157 8159 8155
f 8159 8160 8155
f 8160 8159 8161
f 8162 8163 8159
f 8163 8161 8159
f 6917 6916 7906
f 6968 8156 7906
f 8156 7910 7906
f 8156 7913 7910
f 8160 8156 8155
f 8160 8164 8156
f 6974 6977 6969
f 8165 6961 6959
f 6976 6961 8165
f 8151 8165 6959
f 6974 6973 6976
f 6976 8166 6974
f 8165 8166 6976
f 8166 8167 6974
f 8166 8168 8167
f 8166 8165 8151
f 8168 8166 8151
f 8168 8169 8167
f 8157 6974 8167
f 6961 6976 6975
f 8151 8147 8158
f 8158 8168 8151
f 8169 8157 8167
f 8169 8168 8158
f 8162 8159 8157
f 8162 8157 8169
f 8162 8169 8158
f 8162 8158 8149
f 8149 8170 8162
f 8163 8162 8170
f 8154 8149 8148
f 8170 8149 8154
f 8170 8154 8171
f 8163 8172 8161
f 8170 8172 8163
f 8172 8173 8174
f 8172 8170 8171
f 8173 8172 8171
f 8175 8171 8154
f 8173 8171 8175
f 8176 8153 7824
f 8177 8176 8178
f 8154 8153 8176
f 8154 8176 8175
f 8164 7914 7913
f 8156 8164 7913
f 8164 8179 7914
f 8179 8174 8180
f 7914 7908 7913
f 8164 8160 8161
f 8164 8161 8174
f 8161 8172 8174
f 8175 8181 8173
f 8174 8173 8181
f 8179 8164 8174
f 8180 8182 8183
f 8184 8180 8183
f 8179 7915 7914
f 8179 8185 7915
f 8180 8185 8179
f 8185 7917 7915
f 7917 8185 7956
f 8184 8185 8180
f 8180 8174 8181
f 8180 8181 8182
f 8182 8181 8175
f 8175 8176 8177
f 8182 8175 8177
f 8177 8183 8182
f 8176 7824 7844
f 8176 7844 8178
f 8186 8177 8178
f 8178 7844 7845
f 8178 7845 8187
f 8186 8178 8187
f 7848 8187 7845
f 8177 8186 8183
f 8188 8183 8186
f 8186 8189 8188
f 8189 8186 8190
f 8186 8187 8190
f 8184 8191 8185
f 8191 7956 8185
f 8184 8183 8188
f 8191 8184 8188
f 8189 8192 7959
f 8192 7957 7959
f 7959 7958 7956
f 7956 8191 7959
f 8188 7959 8191
f 7959 8188 8189
f 8187 7848 8193
f 8190 8187 8193
f 7968 8193 7848
f 8190 7961 8192
f 7961 7957 8192
f 8190 8192 8189
f 7961 8190 8193
f 8193 7962 7961
f 7963 7957 7961
f 7962 8193 7968
f 7998 7979 7962
f 7998 7962 7968
f 7968 7999 7998
f 7999 7968 7970
f 7482 6721 7484
f 7488 7484 6732
f 7482 7484 7490
f 7482 7490 7483
f 7483 7502 7481
f 7483 8194 7502
f 7492 8194 7483
f 7502 8194 7503
f 8194 7492 7509
f 7503 8194 7506
f 8194 7509 7506
f 7509 7492 7493
