v -0.01610443 0.02749886 -0.05049589
v -0.01515855 0.02702458 -0.05080146
v -0.01754415 0.02617566 -0.05075765
v -0.01845966 0.02639502 -0.04986757
v -0.01387484 0.02858385 -0.05061346
v -0.009292498 0.02708256 -0.04796034
v -0.01203376 0.02604097 -0.04811516
v -0.01179643 0.02700193 -0.04980883
v -0.01123388 0.02561244 -0.04739711
v -0.00637801 0.02802193 -0.04811686
v -0.009049773 0.02836967 -0.05023962
v -0.006946564 0.02701126 -0.04740807
v -0.00940682 0.026149 -0.04738343
v -0.008160606 0.02570617 -0.04762042
v -0.005802453 0.02652657 -0.04753512
v -0.004736021 0.02763788 -0.04737678
v -0.004300535 0.02849127 -0.0480904
v -0.006198972 0.02925999 -0.05033806
v -0.006281614 0.02499788 -0.0483709
v -0.003972694 0.02572565 -0.04824859
v -0.003652513 0.02485751 -0.04859972
v -0.002899617 0.02721386 -0.04748106
v -0.03017792 -0.005723417 -0.05074385
v -0.02879456 -0.006984055 -0.05043748
v -0.02980296 -0.007305622 -0.05086756
v -0.02965248 -0.004696041 -0.05057094
v -0.02881803 -0.009153455 -0.05073678
v -0.02985507 -0.009012789 -0.05066082
v -0.02778131 -0.009453237 -0.05025944
v -0.02880329 -0.0111492 -0.05079123
v -0.02747194 -0.01109895 -0.05052698
v -0.02747674 0.01713549 -0.04850256
v -0.02789004 0.01578754 -0.04991755
v -0.02783555 0.0169649 -0.04730505
v -0.03038587 0.01198836 -0.04739776
v -0.02984305 0.0122267 -0.04860288
v -0.03064178 0.01025487 -0.04858154
v -0.02487743 0.02214423 -0.04285887
v -0.0256004 0.02111037 -0.04487538
v -0.02613123 0.02051114 -0.04198542
v -0.02365147 0.02355427 -0.04109561
v -0.02514915 0.02191275 -0.03976202
v -0.02418657 0.0231044 -0.03757319
v -0.02696338 0.01909612 -0.04476434
v -0.02744113 0.01858009 -0.04206452
v -0.02809204 0.01713257 -0.04483604
v -0.02869532 0.0163251 -0.04238084
v -0.02852653 0.01674123 -0.04036322
v -0.02972698 0.01390773 -0.04446918
v -0.02956566 0.01441325 -0.04129291
v -0.03025264 0.01267149 -0.04323471
v -0.03045493 0.01241818 -0.04008585
v -0.03085347 0.01100965 -0.04067063
v -0.02722575 0.01909807 -0.03989714
v -0.02667217 0.02004996 -0.03758481
v -0.02891317 0.01631016 -0.03759629
v -0.02931896 0.0152541 -0.03969303
v -0.02966286 0.01459561 -0.03677341
v -0.03095315 0.01068035 -0.04464123
v -0.03130409 0.009088039 -0.04316658
v -0.03169876 0.007201284 -0.0446144
v -0.03170657 0.006945491 -0.04271093
v -0.0320902 0.002411515 -0.04209492
v -0.03209673 0.004319668 -0.04420111
v -0.03226739 0.001828551 -0.04476884
v -0.03187622 0.005232483 -0.04220951
v -0.03187463 0.0038881 -0.04079553
v -0.03217614 0.0002214015 -0.04316929
v -0.03196289 -0.001577199 -0.04154286
v -0.0320527 -0.001620471 -0.04307884
v -0.03214437 0.0005497932 -0.04082984
v -0.03194447 0.001672924 -0.04072985
v -0.03173122 -0.001217604 -0.04060876
v -0.03125523 0.00911814 -0.04117069
v -0.03092569 0.01029918 -0.03890032
v -0.03158639 0.006786197 -0.03999719
v -0.03179762 0.005884588 -0.04023078
v -0.03173491 0.005360812 -0.03872854
v -0.03186364 0.004173249 -0.03958103
v -0.03195633 0.00344047 -0.03898978
v -0.03149574 0.006516546 -0.0380154
v -0.03145076 0.007890731 -0.03847322
v -0.03178266 0.003360569 -0.03820005
v -0.03161538 0.00469327 -0.03698975
v -0.03028038 0.01283121 -0.03818214
v -0.03068125 0.01183701 -0.03821498
v -0.03082982 0.01097789 -0.03612539
v -0.03109661 0.01007509 -0.03697217
v -0.02973889 0.0145762 -0.03421158
v -0.03039072 0.0127334 -0.03531113
v -0.03102149 0.009881705 -0.03423256
v -0.03113449 0.009068578 -0.036511
v -0.0306982 0.01142481 -0.03363204
v -0.03138691 0.007724345 -0.03590468
v -0.03145517 0.006345987 -0.03614578
v -0.03153446 0.004325867 -0.03597352
v -0.0314488 0.006249398 -0.03431356
v -0.03117974 0.008356601 -0.0334827
v -0.03131901 0.006989539 -0.03223586
v -0.03136921 0.004870296 -0.03207532
v -0.03150952 0.004305005 -0.03410649
v -0.03177559 0.003239959 -0.03593469
v -0.03169577 0.00159815 -0.03615096
v -0.03170502 0.002104968 -0.03833103
v -0.03181548 0.0009696484 -0.03681687
v -0.03187944 -0.0006519556 -0.03890952
v -0.03155351 -0.0002504885 -0.03584352
v -0.03155988 -0.001998216 -0.03737077
v -0.03175263 -0.002621979 -0.04016373
v -0.0313548 -0.003079355 -0.03827375
v -0.03126003 -0.002449185 -0.03565785
v -0.03141129 -0.001026869 -0.03463745
v -0.03110261 -0.003085226 -0.03466821
v -0.03104293 -0.004522562 -0.03566471
v -0.0315181 0.001738459 -0.03409776
v -0.03146435 0.002917022 -0.03438333
v -0.03122798 0.000120908 -0.03226352
v -0.03113313 -0.001434505 -0.03347078
v -0.03141062 0.002802253 -0.03241688
v -0.0313137 0.004296899 -0.03027102
v -0.0311453 0.001341015 -0.03056386
v -0.0306887 -0.004024655 -0.03238282
v -0.03105426 -0.002007693 -0.03268829
v -0.03057145 -0.002898157 -0.03099799
v -0.0303891 -0.001577973 -0.02803949
v -0.03024827 -0.005098283 -0.03110233
v -0.03002469 -0.004300773 -0.02886742
v -0.02895088 0.01211591 -0.0507032
v -0.02764274 0.01313689 -0.05085805
v -0.02857392 0.01085368 -0.05081952
v -0.02671921 0.01283586 -0.05034918
v -0.02744392 0.01112518 -0.05038622
v -0.02980211 0.009365857 -0.0506894
v -0.02909561 0.008973777 -0.05073261
v -0.02850725 0.007851616 -0.05025169
v -0.02709554 0.008300394 -0.0479309
v -0.02662548 0.01531486 -0.05084425
v -0.02648997 0.01754096 -0.05048081
v -0.02565326 0.01679298 -0.05084521
v -0.02579057 0.01511559 -0.05055371
v -0.024758 0.0171416 -0.05067545
v -0.02488746 0.01837958 -0.05088252
v -0.02529517 0.01520701 -0.05015162
v -0.02678238 0.01776421 -0.04997405
v -0.02361946 0.0186379 -0.05064082
v -0.02309301 0.01818492 -0.04989624
v -0.02326882 0.01478162 -0.04735327
v -0.02501267 0.01343179 -0.04802892
v -0.023424 0.01601492 -0.04797336
v -0.02615638 0.01103094 -0.04795548
v -0.02414882 0.01275127 -0.04727122
v -0.02255636 0.01485057 -0.04745167
v -0.02495579 0.01123415 -0.04733297
v -0.02581765 0.009689212 -0.0473946
v -0.02524348 0.009036481 -0.04757577
v -0.02397934 0.01092537 -0.04782763
v -0.02113926 0.01427655 -0.04840678
v -0.02012227 0.01383059 -0.04865012
v -0.02212106 0.01221362 -0.04852262
v -0.02065444 0.01216342 -0.04856974
v -0.01964821 0.0131755 -0.04844636
v -0.02326664 0.009343237 -0.04855421
v -0.0216815 0.01012713 -0.04858395
v -0.02096322 0.01072463 -0.04834944
v -0.01867832 0.01233146 -0.04720894
v -0.02007939 0.009328455 -0.04708192
v -0.02207486 0.008370191 -0.048471
v -0.02301967 0.007719219 -0.04856318
v -0.0208672 0.007392764 -0.04706573
v -0.01964793 0.00843513 -0.04677591
v -0.01733463 0.008972019 -0.04754001
v -0.01841038 0.006678253 -0.04754791
v -0.01444228 0.02470994 -0.04809746
v -0.01708888 0.02306721 -0.04822376
v -0.01618271 0.02467938 -0.04991385
v -0.01614365 0.02292104 -0.04756278
v -0.01482421 0.02301274 -0.04741365
v -0.01736012 0.02089244 -0.04736656
v -0.02202974 0.01805134 -0.04807046
v -0.02037916 0.02024744 -0.04832688
v -0.02024715 0.01910199 -0.04750618
v -0.01869535 0.0208903 -0.04754597
v -0.01918146 0.01904944 -0.04739615
v -0.017159 0.01933187 -0.04828548
v -0.01922686 0.01700383 -0.04835376
v -0.01809967 0.01687951 -0.04864261
v -0.01644002 0.01870024 -0.04867741
v -0.01877357 0.02209321 -0.04890689
v -0.01535468 0.02204326 -0.04759088
v -0.01933606 0.0269812 -0.0436691
v -0.01870508 0.02715731 -0.04532284
v -0.02025387 0.0262759 -0.04506484
v -0.02159567 0.02530378 -0.04490834
v -0.02150278 0.02545679 -0.04271033
v -0.0203279 0.02637537 -0.04038626
v -0.02190939 0.02514541 -0.04072168
v -0.02351183 0.02357332 -0.0447154
v -0.01669353 0.02854155 -0.04323569
v -0.01723765 0.02819137 -0.04496437
v -0.02196664 0.01687522 -0.04741564
v -0.02097392 0.01712236 -0.0473845
v -0.02088577 0.01607154 -0.04791793
v -0.01924852 0.01544371 -0.04863048
v -0.01846536 0.01505965 -0.04845557
v -0.01797521 0.01467465 -0.04802334
v -0.01345056 0.02439243 -0.04745117
v -0.01121831 0.02339685 -0.04825011
v -0.01227368 0.02188829 -0.04860166
v -0.01377413 0.02175491 -0.04833612
v -0.01648131 0.0168929 -0.04829648
v -0.01528768 0.01991907 -0.04858202
v -0.01404148 0.01986809 -0.04857272
v -0.01460418 0.01844656 -0.04820898
v -0.01501933 0.01636547 -0.0469965
v -0.01289418 0.01964991 -0.04811129
v -0.0110292 0.0215023 -0.04850748
v -0.01177327 0.01904494 -0.047115
v -0.01303443 0.01770148 -0.04687926
v -0.0139686 0.01624434 -0.04682243
v -0.01166759 0.01785432 -0.0468711
v -0.009545356 0.0224908 -0.04858997
v -0.009833485 0.01698534 -0.04765648
v -0.01251696 0.01529273 -0.04758662
v -0.01283777 0.02512534 -0.04764414
v -0.01219091 0.02404343 -0.04755202
v -0.01017201 0.02507114 -0.04754415
v -0.008869216 0.02383399 -0.04855812
v -0.006460354 0.02407642 -0.04860535
v -0.007595867 0.02275448 -0.04844531
v -0.009122178 0.02179369 -0.04824919
v -0.009132758 0.02024645 -0.04701689
v -0.007569402 0.02102275 -0.04698139
v -0.005141348 0.02324969 -0.04839018
v -0.005099788 0.02201906 -0.04719925
v -0.005226716 0.02118854 -0.0468426
v -0.007143199 0.02036624 -0.04681894
v -0.01010209 0.01926902 -0.04681718
v -0.009812534 0.01856829 -0.0470348
v -0.008421615 0.01975991 -0.04683888
v -0.007607892 0.01824376 -0.04761449
v -0.005640656 0.01912895 -0.04754826
v -0.007426873 0.01702714 -0.04751822
v -0.009616852 0.01587196 -0.04753336
v -0.008641869 0.01517431 -0.04699621
v -0.006219059 0.0163648 -0.04694965
v -0.004266545 0.02058071 -0.04708782
v -0.01711909 0.01459114 -0.04723391
v -0.01712929 0.01351127 -0.04686964
v -0.01482283 0.0128254 -0.04759109
v -0.01362796 0.01323199 -0.04760188
v -0.01414709 0.01184821 -0.04751626
v -0.01580137 0.01464947 -0.04680967
v -0.01683369 0.01298524 -0.04683065
v -0.01537867 0.01379557 -0.04714474
v -0.01794131 0.01163319 -0.04674965
v -0.01885624 0.01001778 -0.04673219
v -0.01774172 0.01018488 -0.04717588
v -0.01651607 0.01065829 -0.04756975
v -0.01697718 0.00768742 -0.04756236
v -0.01535672 0.01079968 -0.04760805
v -0.01611158 0.009245455 -0.04753652
v -0.01310705 0.01136971 -0.0469974
v -0.01403186 0.009584248 -0.04688594
v -0.0160535 0.00616008 -0.0469535
v -0.0124912 0.0135709 -0.04750076
v -0.01129481 0.0148908 -0.04758057
v -0.01126677 0.01314226 -0.04694161
v -0.01150234 0.01075596 -0.04687712
v -0.00931862 0.01348361 -0.0468753
v -0.01496983 0.006051064 -0.04684556
v -0.01236621 0.006100625 -0.04685596
v -0.007990181 0.01186624 -0.04688627
v -0.009196892 0.007745564 -0.04687318
v -0.02955648 0.006407142 -0.05066109
v -0.03007439 0.004446954 -0.0506711
v -0.03072827 0.004274189 -0.05072549
v -0.0289783 0.005350769 -0.05020827
v -0.0301794 0.007197946 -0.05070645
v -0.03021528 0.002554506 -0.05068332
v -0.03084822 0.0004745126 -0.05079141
v -0.0297568 0.001058817 -0.05043489
v -0.029853 -0.002185106 -0.05055988
v -0.02934104 0.0004003942 -0.05003628
v -0.02793173 0.002493918 -0.04767713
v -0.0284977 0.0003829598 -0.048199
v -0.02852038 0.002667725 -0.0484722
v -0.02920558 0.00294897 -0.05007455
v -0.02760538 0.0007398427 -0.0474115
v -0.02747682 -0.001457036 -0.04735127
v -0.02682619 -0.0003761649 -0.04738897
v -0.02516747 0.001343042 -0.04843259
v -0.02535845 -0.002058268 -0.04831353
v -0.02460732 -0.0001453161 -0.0485568
v -0.02654907 0.00684309 -0.04735631
v -0.02717137 0.003779978 -0.04736623
v -0.02783886 0.004685521 -0.04782787
v -0.02791749 0.006474525 -0.04843214
v -0.02630213 0.005420804 -0.04746851
v -0.02653858 0.002243608 -0.04755908
v -0.02715872 0.001823634 -0.04728174
v -0.02438599 0.006422967 -0.04848278
v -0.02361885 0.005156159 -0.04853201
v -0.02490287 0.003952563 -0.04850373
v -0.02275099 0.006310284 -0.04833546
v -0.02342528 0.003373682 -0.04839069
v -0.02189997 0.004054546 -0.04717907
v -0.02024209 0.00644654 -0.0467751
v -0.02106066 0.003863692 -0.04674253
v -0.02428676 0.002173811 -0.04855618
v -0.02368361 0.001106679 -0.04835621
v -0.02208833 0.0001242459 -0.04699782
v -0.02353927 -0.001398027 -0.04827929
v -0.03113593 -0.00148654 -0.05080283
v -0.02917457 -0.003246218 -0.05008981
v -0.03073061 -0.004184812 -0.05067685
v -0.02835239 -0.002233297 -0.04799402
v -0.03206946 -0.003801674 -0.04499805
v -0.03191245 -0.005695313 -0.0449335
v -0.03189097 -0.004414052 -0.04318622
v -0.031212 -0.007895708 -0.04539177
v -0.03119831 -0.00837633 -0.04452458
v -0.02813984 -0.004274935 -0.04808682
v -0.02674176 -0.001963168 -0.04731637
v -0.02707054 -0.003281146 -0.04726613
v -0.02629928 -0.004446924 -0.04744968
v -0.02693735 -0.00570935 -0.04733354
v -0.02746068 -0.006908745 -0.04792714
v -0.02376138 -0.004004449 -0.04842213
v -0.02437529 -0.002353102 -0.04851031
v -0.02464643 -0.004718482 -0.04843679
v -0.02556297 -0.007057399 -0.04755193
v -0.02615502 -0.00794965 -0.04726741
v -0.02674626 -0.009217143 -0.04787523
v -0.02501178 -0.01037687 -0.04715329
v -0.03217478 -0.001573175 -0.04563424
v -0.03179957 -0.003527045 -0.04160392
v -0.03164931 -0.00607878 -0.04251778
v -0.0306965 -0.008578867 -0.04018477
v -0.03151128 -0.004755676 -0.0398775
v -0.03112184 -0.006484926 -0.0387516
v -0.01888144 0.00462839 -0.04754654
v -0.01765351 0.005799651 -0.04751089
v -0.01939449 0.001807064 -0.0475246
v -0.0202512 0.00360024 -0.04703397
v -0.01816252 0.002651155 -0.04744625
v -0.01665241 0.003682345 -0.04688156
v -0.01720069 0.0008396208 -0.04692176
v -0.01632507 0.001978695 -0.04685491
v -0.02198982 -0.002002835 -0.04699093
v -0.02121253 -0.0008421242 -0.04669231
v -0.0195051 -0.0006095171 -0.04744053
v -0.02055524 -0.002002656 -0.04692417
v -0.01935178 -0.002470493 -0.04741594
v -0.01850054 -0.0002898276 -0.0474616
v -0.01810509 -0.003049672 -0.04737949
v -0.02127267 0.001403958 -0.04673165
v -0.0170051 -0.001066089 -0.046855
v -0.01542263 -0.0008692741 -0.04677135
v -0.01665065 -0.004204541 -0.04682818
v -0.01576039 -0.004178256 -0.04672492
v -0.0135085 -0.002441078 -0.04675195
v -0.01248054 0.0008976758 -0.04678968
v -0.02278578 -0.003991693 -0.04787651
v -0.02353618 -0.00592649 -0.04844013
v -0.02395217 -0.007565171 -0.04838061
v -0.02265848 -0.007852823 -0.04842371
v -0.02217565 -0.006602049 -0.04789928
v -0.02299224 -0.01017141 -0.04836041
v -0.02535039 -0.01220077 -0.04773811
v -0.02127075 -0.0103263 -0.04828462
v -0.02074742 -0.008317351 -0.04709974
v -0.01976283 -0.01023734 -0.0470539
v -0.02361687 -0.01221856 -0.04739156
v -0.02139264 -0.01314062 -0.04830977
v -0.0201558 -0.01299492 -0.04828489
v -0.01948935 -0.01295415 -0.04795817
v -0.01828854 -0.01232746 -0.0467394
v -0.02172719 -0.004884332 -0.04714087
v -0.0211744 -0.002925962 -0.04668373
v -0.0207599 -0.004918844 -0.04661328
v -0.01893985 -0.004612595 -0.04741323
v -0.02027424 -0.006691486 -0.04655993
v -0.01847047 -0.006500632 -0.0473409
v -0.0196528 -0.008365721 -0.04651672
v -0.01763456 -0.005781263 -0.04735431
v -0.01627338 -0.008774906 -0.04727906
v -0.01738827 -0.008986056 -0.04728153
v -0.01545316 -0.007241368 -0.04674941
v -0.01387452 -0.00789094 -0.04664493
v -0.01872516 -0.01019552 -0.04647428
v -0.01587223 -0.01100853 -0.04728615
v -0.01749693 -0.01187694 -0.0464845
v -0.01515704 -0.01264453 -0.0471496
v -0.01654099 -0.01327142 -0.04642293
v -0.03099726 -0.005689621 -0.03659993
v -0.03031619 -0.006246746 -0.03271204
v -0.009755656 0.00372833 -0.04680577
v -0.01601729 0.02897203 -0.0410409
v -0.01472485 0.02950998 -0.04488376
v -0.01347597 0.03014745 -0.04222393
v -0.01153277 0.03093056 -0.04485166
v -0.01092671 0.03116374 -0.04129547
v -0.01295961 0.03044924 -0.03847525
v -0.009625867 0.03157182 -0.03815404
v -0.01134433 0.03106771 -0.03600645
v -0.008916408 0.0317778 -0.04309565
v -0.009503528 0.03159618 -0.04491583
v -0.009102255 0.03173265 -0.04067311
v -0.007433116 0.03207962 -0.04470456
v -0.006594926 0.03232889 -0.04259786
v -0.001831651 0.0328014 -0.04727468
v -0.003486782 0.03255495 -0.04717249
v -0.001865342 0.0328408 -0.04580083
v -0.004147381 0.03266416 -0.04328132
v -0.005215853 0.03265335 -0.04476002
v -0.004165918 0.03275369 -0.04495353
v -0.009236738 0.03169461 -0.03531626
v -0.007006422 0.0322201 -0.03553763
v -0.00735043 0.03211296 -0.03747037
v -0.004612267 0.03258909 -0.04172847
v -0.01104553 0.03116475 -0.03313574
v -0.007611305 0.03208597 -0.03167695
v -0.009781852 0.03156106 -0.02894136
v -0.005568698 0.03242418 -0.03731847
v -0.003936991 0.0326876 -0.03538871
v -0.004542053 0.03260355 -0.032415
v -0.003592193 0.03275533 -0.03770602
v -0.001644015 0.03283297 -0.03786215
v -0.001181543 0.03286724 -0.03528193
v 0.0005158484 0.03295763 -0.03785586
v 0.0008092821 0.03292988 -0.03437096
v -0.005100012 0.03255457 -0.02876145
v -0.001998454 0.03284422 -0.02801809
v -0.0008696169 0.03287622 -0.03130215
v 0.001546621 0.03287199 -0.03207088
v 0.001042455 0.03287059 -0.02890214
v -0.00462836 0.03258312 -0.02578327
v -0.001702219 0.03283131 -0.02512527
v -0.0008776337 0.03284879 -0.02219489
v 0.000392288 0.03285146 -0.0239718
v -0.000211224 0.03281087 -0.02728933
v 0.002013475 0.03282322 -0.0261406
v 0.003612638 0.03270733 -0.02962726
v 0.001357749 0.03283927 -0.02065036
v 0.003079429 0.03270826 -0.02016163
v 0.004986569 0.03248259 -0.02418903
v -0.02210625 0.02505527 -0.03811809
v -0.02259529 0.02475515 -0.03444055
v -0.02426 0.02324885 -0.03206757
v -0.0227574 0.02469249 -0.0316599
v -0.02039008 0.02653976 -0.03282875
v -0.02155764 0.02573703 -0.02927318
v -0.02933757 0.01587166 -0.03239352
v -0.02873422 0.01731879 -0.02856505
v -0.02804618 0.0182762 -0.03282833
v -0.02958494 0.015489 -0.02957511
v -0.02596416 0.02123834 -0.03391361
v -0.02582118 0.02122776 -0.0369322
v -0.02741607 0.0191368 -0.03476781
v -0.02849361 0.01723796 -0.0357272
v -0.02919114 0.0159439 -0.03509715
v -0.02634153 0.02095157 -0.03030688
v -0.02770434 0.01909873 -0.02866027
v -0.02849127 0.01795499 -0.02540478
v -0.02529563 0.0223773 -0.02671923
v -0.0234883 0.02412388 -0.02876163
v -0.02704631 0.02017501 -0.026857
v -0.01952204 0.02721673 -0.02915508
v -0.02017307 0.02687156 -0.02545795
v -0.01780419 0.02829549 -0.02634192
v -0.01832245 0.02805686 -0.02297072
v -0.02046323 0.02670904 -0.02256942
v -0.01914635 0.02762014 -0.01977007
v -0.02627949 0.021373 -0.0244766
v -0.02727322 0.01999977 -0.02426317
v -0.0254093 0.0224617 -0.02238177
v -0.02705507 0.02046259 -0.02174166
v -0.02856059 0.01790909 -0.02269986
v -0.02331755 0.0243976 -0.02607143
v -0.02383406 0.02398385 -0.02362105
v -0.0231642 0.02476244 -0.02004805
v -0.02527891 0.02276255 -0.01989201
v -0.02479129 0.02331561 -0.01746203
v -0.02736883 0.02007975 -0.0195436
v -0.02821547 0.01860595 -0.02061237
v -0.02631563 0.0216165 -0.01863006
v -0.02746435 0.02005224 -0.01623558
v -0.02592334 0.02220353 -0.01576643
v -0.02218832 0.02544294 -0.02229203
v -0.02104685 0.02631952 -0.02002801
v -0.03099729 0.01004553 -0.0320158
v -0.03037672 0.01308498 -0.03093091
v -0.03062414 0.01151183 -0.03032604
v -0.0304126 0.01304814 -0.02819803
v -0.03089714 0.008997679 -0.03008127
v -0.03089499 0.01032212 -0.0284071
v -0.0310438 0.008266598 -0.02836704
v -0.03108004 0.006678998 -0.02997249
v -0.03092407 0.00857982 -0.02696538
v -0.02936965 0.01616555 -0.02502307
v -0.03076626 0.01075971 -0.02694675
v -0.03083479 0.01037744 -0.02474108
v -0.03098686 0.007973611 -0.02427411
v -0.03106228 0.005835146 -0.02609569
v -0.03024618 0.01345181 -0.02458949
v -0.0308754 0.009198695 -0.02253765
v -0.03117678 0.005800664 -0.02824584
v -0.03104678 0.002827018 -0.02786893
v -0.03083278 0.003246427 -0.02546337
v -0.02926874 -0.004892141 -0.02525818
v -0.03016944 -0.0005954802 -0.02538404
v -0.03085299 0.005991697 -0.02303553
v -0.03088425 0.00757125 -0.02227595
v -0.03053264 0.004952013 -0.02135026
v -0.03021768 0.00248763 -0.02314705
v -0.02957304 -0.0008699894 -0.02320278
v -0.02936558 -0.001398176 -0.02116615
v -0.03022832 0.002478808 -0.02118605
v -0.02980673 0.000891149 -0.01988739
v -0.03028575 0.01335353 -0.02149305
v -0.03074923 0.01090482 -0.02157602
v -0.0307039 0.00988397 -0.02057272
v -0.03041257 0.01269892 -0.01947494
v -0.0297841 0.01473454 -0.01907009
v -0.03065956 0.01062003 -0.01912022
v -0.03043886 0.01190951 -0.01874839
v -0.03070861 0.009853691 -0.01751453
v -0.02831984 0.01854968 -0.01625164
v -0.02968279 0.01500034 -0.01758432
v -0.03035766 0.01205811 -0.01700053
v -0.02958897 0.01429859 -0.01599154
v -0.02884208 0.01727369 -0.01585506
v -0.02997407 0.01352283 -0.01390767
v -0.03053521 0.01042685 -0.01561233
v -0.0303158 0.01202053 -0.01212531
v -0.03035188 0.00744319 -0.01950437
v -0.03012292 0.00505209 -0.0195283
v -0.03016181 0.003343642 -0.02017066
v -0.03078158 0.008100182 -0.01600493
v -0.03026092 0.005064905 -0.01772586
v -0.0299391 0.002703309 -0.01801088
v -0.02955736 0.00147897 -0.01652902
v -0.02983923 0.003225952 -0.01608169
v -0.02933888 -0.0006892681 -0.01828164
v -0.03035975 0.005668759 -0.01615642
v -0.03069596 0.0071823 -0.01473665
v -0.03066806 0.008581907 -0.01424861
v -0.03058581 0.01024669 -0.01359916
v -0.03027581 0.005691946 -0.01287217
v -0.03065437 0.008956701 -0.0123973
v -0.03018454 0.004033953 -0.01422431
v -0.02977608 0.001407325 -0.01381847
v -0.03050518 0.006373465 -0.01135127
v -0.02990004 0.00215885 -0.01248856
v -0.03027736 0.004334956 -0.01167221
v -0.03019074 0.001620531 -0.010768
v -0.01851597 0.02763774 -0.03902733
v -0.01756078 0.02820615 -0.03721428
v -0.02033873 0.02646394 -0.03607047
v -0.01926512 0.02720968 -0.03532749
v -0.01691107 0.02863696 -0.03398952
v -0.01485869 0.02966934 -0.03541332
v -0.01781781 0.02821538 -0.03143483
v -0.01324728 0.03038153 -0.03224075
v -0.01517008 0.02956904 -0.03093997
v -0.01454748 0.02993333 -0.02845013
v -0.01194711 0.03089979 -0.02860156
v -0.01364 0.03032178 -0.02459863
v -0.01644856 0.02904353 -0.02447216
v -0.0174078 0.0286037 -0.01949564
v -0.009435132 0.03166822 -0.02493668
v -0.01097153 0.03124231 -0.02256574
v -0.007975072 0.03200664 -0.02732164
v -0.01468243 0.03001165 -0.01120466
v -0.01485139 0.02986263 -0.01456368
v -0.01738694 0.02871677 -0.01366778
v -0.02334757 0.02474272 -0.01649542
v -0.02171281 0.02609684 -0.01421207
v -0.02158248 0.02602361 -0.01781185
v -0.02660166 0.02138992 -0.01277752
v -0.02520885 0.02310288 -0.01341464
v -0.0234448 0.02475095 -0.01379561
v -0.02028577 0.02691421 -0.01889831
v -0.02068724 0.02676661 -0.01578805
v -0.01878592 0.02791262 -0.01673356
v -0.02124245 0.02651487 -0.01154482
v -0.01980987 0.0273872 -0.01281005
v -0.02610651 0.02211168 -0.009729743
v -0.02423601 0.02408689 -0.01072735
v -0.02310124 0.0251639 -0.01032357
v -0.02479003 0.02357852 -0.008907557
v -0.02598824 0.02228221 -0.006799787
v -0.01890978 0.02799252 -0.01028305
v -0.01278566 0.03075175 -0.008886307
v -0.01503272 0.02991405 -0.008430272
v -0.02087475 0.02686532 -0.007757574
v -0.0190274 0.02799757 -0.007377297
v -0.02395199 0.02440777 -0.006424174
v -0.02493048 0.02347401 -0.005446717
v -0.02247527 0.02571318 -0.007082209
v -0.0235364 0.02483481 -0.004289165
v -0.02061041 0.02709638 -0.004396409
v -0.01670261 0.0291421 -0.009007782
v -0.0181872 0.02851751 -0.004996344
v -0.02242899 0.0258241 -0.002936453
v -0.02100036 0.02687904 -0.001360059
v -0.02505547 0.02341732 -0.00317286
v -0.02415724 0.02425796 -5.325675e-05
v -0.01875983 0.02827869 -0.001831219
v -0.02274768 0.02553767 1.849234e-05
v -0.0157503 0.0296329 -0.005620465
v -0.01384962 0.03042708 -0.005474165
v -0.0163241 0.02947736 -0.002288595
v -0.01431361 0.03032193 -0.002240285
v -0.0121672 0.0310279 -0.002867207
v -0.01135039 0.03123853 -0.005576596
v -0.02839577 0.01813012 -0.01147185
v -0.0293535 0.01561111 -0.01181978
v -0.02872604 0.01723012 -0.009355843
v -0.02987283 0.01387486 -0.009703308
v -0.02714269 0.02055115 -0.01077993
v -0.02724908 0.02035838 -0.007837787
v -0.02790177 0.01924887 -0.0133101
v -0.02959087 0.01507646 -0.007445186
v -0.02885255 0.01707658 -0.006117657
v -0.02812749 0.01858112 -0.006456137
v -0.02992286 0.01368156 -0.006883994
v -0.02962963 0.0147815 -0.004645482
v -0.0289578 0.01633182 -0.003504202
v -0.03026842 0.01161042 -0.00920926
v -0.03051169 0.01033282 -0.01155727
v -0.0305147 0.009069353 -0.0096872
v -0.03019048 0.01172593 -0.007444233
v -0.03034 0.008818328 -0.007238224
v -0.02988888 0.01014146 -0.005390033
v -0.0299549 0.007791787 -0.005547956
v -0.0298423 0.01277021 -0.004921615
v -0.03004126 0.01261145 -0.003388941
v -0.03027608 0.01100636 -0.002950013
v -0.03034185 0.007461101 -0.003562272
v -0.03048444 0.009346873 -0.002125725
v -0.02998294 0.005298883 -0.005473495
v -0.03041832 0.006060988 -0.002670422
v -0.03026871 0.004041553 -0.003611445
v -0.03054994 0.005769044 -0.0003479421
v -0.03056563 0.008519024 -0.01121821
v -0.03039998 0.004026949 -0.0103969
v -0.03052695 0.006435305 -0.009846464
v -0.03020792 0.003841072 -0.008515984
v -0.03002958 0.002222359 -0.009158835
v -0.03039467 0.005944848 -0.007395059
v -0.03018464 0.003340662 -0.007173717
v -0.025976 0.0222303 -0.004701555
v -0.02707618 0.02050012 -0.005134463
v -0.0279181 0.01884761 -0.003945142
v -0.02652876 0.0215373 -0.002635494
v -0.02876031 0.0161559 -0.001853347
v -0.029273 0.01507017 -0.0001002103
v -0.02838327 0.01760453 0.0004115105
v -0.0275643 0.01934922 -0.001665339
v -0.02680761 0.02086085 -0.0006866157
v -0.02775565 0.01907754 -0.0001351535
v -0.0251628 0.02320993 -0.001740545
v -0.0253378 0.02304441 -0.0004847944
v -0.02620085 0.02171221 0.002004027
v -0.0236259 0.02474788 0.00216794
v -0.02468157 0.02362159 0.002697721
v -0.02735078 0.01978728 0.001513168
v -0.02700019 0.02030134 0.004903153
v -0.02806877 0.01826093 0.003583714
v -0.02918695 0.01547951 0.00269495
v -0.02973969 0.01331249 -0.001907587
v -0.0302041 0.0117811 -0.0006762892
v -0.02961992 0.014016 0.001715064
v -0.03021631 0.01156169 0.003686011
v -0.03058943 0.008047909 0.000499934
v -0.03061433 0.008793712 0.002732038
v -0.03039502 0.01013923 0.0009937882
v -0.03074653 0.007475764 0.004860789
v -0.02881929 0.01655582 0.005423665
v -0.02962582 0.01389661 0.005536467
v -0.03060146 0.009399563 0.005874902
v -0.03018686 0.01170301 0.007286757
v -0.01339105 0.03038618 -0.02095006
v -0.01601188 0.02928908 -0.02020647
v -0.0145649 0.03000563 -0.01887929
v -0.006686121 0.03230867 -0.02401498
v -0.008821025 0.03185587 -0.02124643
v -0.01146348 0.03113705 -0.01941869
v -0.004410356 0.03261133 -0.02211487
v -0.005908236 0.0324695 -0.01987919
v -0.009051487 0.03183512 -0.01806296
v -0.006635681 0.03237291 -0.01588199
v -0.004798457 0.03266239 -0.01680581
v -8.833408e-05 0.03283736 -0.0201079
v -0.002613589 0.03285526 -0.02104568
v -0.01303439 0.03062524 -0.01219971
v -0.01257293 0.03080176 -0.01528396
v -0.009852752 0.03157687 -0.01411548
v -0.009835884 0.03167415 -0.01604871
v -0.0104748 0.03143108 -0.0116128
v -0.008205727 0.0320026 -0.01195121
v -0.008917317 0.03182158 -0.009641722
v -0.01044635 0.03138924 -0.00930956
v -0.00857909 0.031927 -0.01453301
v -0.006360903 0.03239019 -0.01427227
v -0.003623739 0.03271499 -0.01555087
v -0.005130306 0.03260544 -0.01270056
v -0.003754988 0.03272599 -0.01203828
v -0.01076844 0.03135671 -0.007389382
v -0.00779517 0.03210105 -0.007771343
v -0.009866729 0.03161977 -0.004378572
v -0.007504761 0.03212394 -0.005703539
v -0.00463815 0.03264245 -0.009869263
v -0.001656383 0.03285562 -0.009906113
v -0.006506011 0.03228962 -0.0095274
v -0.004847765 0.03266293 -0.007218882
v -0.002240688 0.03281312 -0.007850558
v -0.003089994 0.03275611 -0.01937264
v -5.427003e-05 0.03283288 -0.01730505
v -0.001825199 0.032859 -0.01797864
v -0.001419872 0.03285754 -0.0140585
v 0.0005993843 0.03278312 -0.0152151
v 0.001941323 0.03277862 -0.01843661
v 0.002175584 0.03275029 -0.01652893
v 0.004044279 0.03258842 -0.01842573
v 0.004916281 0.03245467 -0.02011105
v 0.004801065 0.03244752 -0.01683149
v 0.003282905 0.03263704 -0.01382789
v -6.265938e-05 0.03284749 -0.01216888
v 0.002054736 0.03270632 -0.01095903
v 0.0001357645 0.03280751 -0.007794335
v 0.006669909 0.03212625 -0.01363191
v 0.004879683 0.03237113 -0.009376943
v -0.0159191 0.02799007 -0.04999751
v -0.01609291 0.02819966 -0.04871446
v -0.01446676 0.02893272 -0.04961976
v -0.01346025 0.02952015 -0.04857144
v -0.01732463 0.02778868 -0.0474748
v -0.01603079 0.02838518 -0.04589066
v -0.01618648 0.02862312 -0.0473597
v -0.01406133 0.02963421 -0.04732138
v -0.01355641 0.02970751 -0.04578614
v -0.01146379 0.0305303 -0.04583248
v -0.01223108 0.02991426 -0.05005816
v -0.0114653 0.02952971 -0.05062729
v -0.01268101 0.02836558 -0.05082592
v -0.01289624 0.02729684 -0.05062518
v -0.01492782 0.02636366 -0.05067945
v -0.01440631 0.02586295 -0.05015996
v -0.01122588 0.0285054 -0.05076447
v -0.00964053 0.02973749 -0.05083713
v -0.008921683 0.02946876 -0.05085066
v -0.01042469 0.02817486 -0.05054876
v -0.008663505 0.03083858 -0.05044603
v -0.008702651 0.03125654 -0.04997689
v -0.01011638 0.03060737 -0.05024126
v -0.009981275 0.03089727 -0.04869345
v -0.008370221 0.03162344 -0.047167
v -0.01028176 0.03121312 -0.04737502
v -0.00827013 0.03135331 -0.04859614
v -0.009667456 0.03117529 -0.0460273
v -0.007045269 0.03204165 -0.04734653
v -0.01182207 0.03060624 -0.0471077
v -0.006698832 0.0301699 -0.05076057
v -0.006775692 0.03164372 -0.05008087
v -0.005633309 0.03192221 -0.05025256
v -0.005107194 0.03104007 -0.05077419
v -0.003997937 0.03044547 -0.05077597
v -0.003176555 0.0299426 -0.05049583
v -0.004943594 0.03211512 -0.04844508
v -0.005749732 0.0323094 -0.04697669
v -0.004372433 0.03210546 -0.04989666
v -0.003551871 0.03155629 -0.05062827
v -0.002430528 0.03220057 -0.05024084
v -0.002679884 0.03242527 -0.04968607
v -0.002228826 0.03235728 -0.04840568
v -0.002587125 0.02960326 -0.04989758
v -0.03125565 -0.00299114 -0.05047676
v -0.03149612 -0.004718393 -0.04994038
v -0.03080204 -0.006591648 -0.05038556
v -0.03113754 -0.007003218 -0.04902649
v -0.03081086 -0.008472413 -0.04933044
v -0.03027841 -0.009313792 -0.05004022
v -0.02810448 -0.007793695 -0.04989395
v -0.02947314 -0.0112274 -0.05042687
v -0.03062657 -0.009580046 -0.04796544
v -0.03036602 -0.01034844 -0.0488871
v -0.02660631 -0.01210225 -0.05003354
v -0.03077975 0.008743271 -0.04967251
v -0.02997388 0.01059981 -0.05030939
v -0.02916352 0.01468968 -0.04755449
v -0.02870423 0.01493397 -0.04584068
v -0.02773529 0.0167705 -0.04578325
v -0.02919328 0.01306911 -0.0501059
v -0.02956547 0.01346736 -0.04761678
v -0.02932872 0.01365145 -0.04644957
v -0.02991036 0.01240009 -0.04585433
v -0.03040245 0.01086755 -0.04599035
v -0.02646653 0.01856972 -0.04593191
v -0.02572797 0.01995276 -0.04576817
v -0.02775006 0.01809064 -0.03925827
v -0.02763863 0.01856005 -0.03806594
v -0.03147329 0.008155465 -0.04740489
v -0.0317561 0.005794138 -0.04801637
v -0.03117399 0.006564409 -0.05037567
v -0.03189576 0.003477782 -0.04881078
v -0.03227016 0.003664106 -0.04703715
v -0.03222477 0.002243221 -0.0477798
v -0.03200838 0.004790932 -0.04703197
v -0.03221714 0.001397341 -0.04589
v -0.03119496 0.009525612 -0.04713035
v -0.03104538 0.008641586 -0.04584399
v -0.03191628 0.00688538 -0.04724234
v -0.03149454 0.007245719 -0.04595813
v -0.0318327 0.005235732 -0.04566541
v -0.03184472 0.003602922 -0.04557589
v -0.0323661 0.0007291436 -0.04555479
v -0.03140283 0.008801311 -0.03986531
v -0.0322175 0.00102374 -0.03950906
v -0.03196882 0.002351046 -0.03955236
v -0.03189099 0.0004432201 -0.03843603
v -0.02452397 0.0196971 -0.05067757
v -0.02425736 0.02079989 -0.05029425
v -0.02463479 0.02087769 -0.04954731
v -0.02530709 0.02068813 -0.04718363
v -0.02596423 0.01945858 -0.04871669
v -0.02655514 0.01914009 -0.04727754
v -0.02296233 0.02105726 -0.05086648
v -0.02263802 0.02300583 -0.04975599
v -0.02191724 0.02278027 -0.05063549
v -0.02242136 0.0197005 -0.05054605
v -0.0205719 0.02360539 -0.05081889
v -0.02068996 0.02179934 -0.05060318
v -0.02121153 0.02055258 -0.05008677
v -0.02783123 0.01497646 -0.05054551
v -0.02021793 0.02488023 -0.0499548
v -0.02151211 0.02461685 -0.04760349
v -0.02258091 0.02324708 -0.04878423
v -0.01958546 0.0262236 -0.04727718
v -0.02082467 0.02502236 -0.04596668
v -0.01977342 0.02585685 -0.04589978
v -0.02412456 0.02159265 -0.04885569
v -0.02379481 0.02248065 -0.04749072
v -0.02462548 0.0213989 -0.04583454
v -0.02265908 0.02352268 -0.04579327
v -0.01898059 0.02507918 -0.05075702
v -0.01757443 0.02538918 -0.05077904
v -0.01957236 0.02401787 -0.05082619
v -0.01873799 0.02309157 -0.05035111
v -0.01797473 0.02732193 -0.04580536
v -0.03139874 0.00254178 -0.05054545
v -0.03068684 0.007626832 -0.05045876
v -0.03171496 0.004245251 -0.04985589
v -0.03185795 0.002210468 -0.0500558
v -0.03159045 -0.0007064641 -0.05043674
v -0.03196195 0.0002126694 -0.04987651
v -0.03210191 7.31349e-05 -0.04810867
v -0.03206652 0.0001752079 -0.04676497
v -0.03174293 -0.00191763 -0.04995555
v -0.03212699 -0.001944542 -0.04764137
v -0.03185163 -0.004211426 -0.04735148
v -0.03192414 -0.00343433 -0.04612353
v -0.03141268 -0.006792694 -0.04774871
v -0.0316465 -0.005011261 -0.04734626
v -0.03104508 -0.007937372 -0.04798126
v -0.03099951 -0.007691443 -0.04651678
v -0.03056067 -0.009075701 -0.04622746
v -0.0315097 -0.005528331 -0.04603669
v -0.03070016 -0.0101245 -0.04534149
v -0.02865659 -0.00568682 -0.04987302
v -0.03030251 -0.01033774 -0.04641595
v -0.02571464 -0.01270044 -0.04866189
v -0.008129075 0.03157736 -0.04617122
v -0.005193442 0.03238714 -0.0459905
v -0.002711609 0.03287821 -0.04278296
v -0.0004315972 0.03299731 -0.04464754
v -0.007055506 0.03216772 -0.04073265
v -0.004167378 0.03271516 -0.03998056
v -0.0006766468 0.03287922 -0.04353374
v -0.002049208 0.03288817 -0.04096434
v 0.0002227873 0.03295262 -0.0421156
v 3.7238e-05 0.03292082 -0.03991398
v -0.02929626 0.01637235 -0.02141739
v -0.02896251 0.01707324 -0.01917298
v -0.0272772 -0.01241401 -0.05073562
v -0.02787834 -0.01330236 -0.05078721
v -0.02666801 -0.01448414 -0.05076346
v -0.02578321 -0.01473892 -0.05054453
v -0.02524924 -0.01467496 -0.05002436
v -0.02702877 -0.01551679 -0.05074203
v -0.0259876 -0.01617464 -0.05084878
v -0.02471478 -0.01660565 -0.05069566
v -0.02374361 -0.01816109 -0.05069357
v -0.02459538 -0.01890445 -0.0508422
v -0.02320349 -0.0177907 -0.05013216
v -0.02231081 -0.02007544 -0.05079362
v -0.02181476 -0.01825735 -0.04788151
v -0.02085708 -0.02041855 -0.05006522
v -0.02955198 -0.005991608 -0.0278936
v -0.03007357 -0.01214814 -0.04411349
v -0.03046946 -0.01029718 -0.04262352
v -0.02968298 -0.0131219 -0.04521424
v -0.02875409 -0.01518732 -0.04278234
v -0.02790405 -0.01698852 -0.04489413
v -0.02747621 -0.01798093 -0.04113677
v -0.03030187 -0.01055411 -0.04087147
v -0.02996412 -0.01107055 -0.03857252
v -0.02926248 -0.013594 -0.03955117
v -0.02980512 -0.01245692 -0.04237813
v -0.02843758 -0.01584217 -0.04074702
v -0.02833466 -0.01599082 -0.03845346
v -0.02755842 -0.01783258 -0.03776923
v -0.02646078 -0.01997808 -0.03854367
v -0.02703123 -0.0190402 -0.0358291
v -0.02385871 -0.01543826 -0.04798594
v -0.02419388 -0.01294178 -0.04727244
v -0.0229249 -0.01510197 -0.04719031
v -0.02287206 -0.01410395 -0.04720938
v -0.02181131 -0.01522338 -0.04728422
v -0.02532381 -0.02110982 -0.04489237
v -0.02665032 -0.01907128 -0.04487213
v -0.02540661 -0.02041647 -0.0464372
v -0.02091941 -0.01749203 -0.04705486
v -0.02075629 -0.01555258 -0.04774961
v -0.01992017 -0.01486042 -0.0482921
v -0.01985304 -0.01753831 -0.04721394
v -0.01866117 -0.01441234 -0.04807076
v -0.01868308 -0.01630849 -0.04831558
v -0.01689029 -0.01642972 -0.0479508
v -0.01658554 -0.01460209 -0.04671508
v -0.01826757 -0.01765835 -0.0480167
v -0.01925865 -0.01942071 -0.04693118
v -0.01904951 -0.02092656 -0.04762536
v -0.01960635 -0.02100486 -0.04843673
v -0.01747535 -0.02002281 -0.04710725
v -0.01812115 -0.02074605 -0.04701853
v -0.02485971 -0.02198169 -0.04273006
v -0.02542771 -0.02145153 -0.04030398
v -0.02404897 -0.02274469 -0.04531243
v -0.0230791 -0.02415276 -0.04264075
v -0.02132221 -0.02576029 -0.0429495
v -0.02237315 -0.02466211 -0.04527676
v -0.02023669 -0.02653199 -0.04526109
v -0.01935561 -0.02735904 -0.04318795
v -0.02375935 -0.02367795 -0.03869051
v -0.02587512 -0.02118391 -0.03605357
v -0.02332276 -0.02436516 -0.03499678
v -0.02179967 -0.02556098 -0.0389562
v -0.01991548 -0.02705225 -0.03959414
v -0.02123299 -0.02614751 -0.03543746
v -0.01832823 -0.02816248 -0.03625143
v -0.01836202 -0.0280641 -0.0400449
v -0.03031082 -0.008473545 -0.03611201
v -0.02942047 -0.01201853 -0.03532887
v -0.0297218 -0.009940028 -0.03369132
v -0.02866206 -0.01457208 -0.03535137
v -0.02888292 -0.01372185 -0.03370276
v -0.02909848 -0.01226419 -0.03255251
v -0.02815373 -0.01572749 -0.0321995
v -0.02848078 -0.01412049 -0.03110877
v -0.02779609 -0.01718715 -0.03483829
v -0.0294919 -0.008335769 -0.03048921
v -0.02895033 -0.01163465 -0.03053856
v -0.0290748 -0.007654369 -0.02741078
v -0.02855286 -0.01203942 -0.02841765
v -0.02801524 -0.01513284 -0.02868435
v -0.02769931 -0.01429307 -0.02671233
v -0.02625133 -0.02073708 -0.03202438
v -0.02760355 -0.0174042 -0.02918619
v -0.02751513 -0.01778153 -0.03218523
v -0.02703229 -0.01916334 -0.03225785
v -0.02528238 -0.02233306 -0.03188637
v -0.02704722 -0.01917538 -0.02860385
v -0.02738006 -0.01600805 -0.02679268
v -0.02716985 -0.0175792 -0.02679077
v -0.02690025 -0.01913273 -0.02553153
v -0.02639765 -0.02067983 -0.02909291
v -0.02532336 -0.02258062 -0.02879098
v -0.02477509 -0.02271184 -0.03511816
v -0.02234973 -0.02539012 -0.033252
v -0.02380702 -0.02410892 -0.03187066
v -0.02447262 -0.02331892 -0.0308511
v -0.02302535 -0.02484125 -0.0304209
v -0.022569 -0.02538866 -0.03005052
v -0.01981933 -0.02727953 -0.03443423
v -0.0214583 -0.02602479 -0.03291124
v -0.02103584 -0.02655184 -0.03160292
v -0.01986323 -0.02733803 -0.0309692
v -0.01835224 -0.02819216 -0.03277245
v -0.02390525 -0.02425596 -0.02878946
v -0.02156626 -0.02603456 -0.03008252
v -0.02461517 -0.02349368 -0.02565411
v -0.02400339 -0.02430919 -0.02573654
v -0.02311468 -0.02502537 -0.02564058
v -0.0215006 -0.02619749 -0.02784699
v -0.02096103 -0.02671412 -0.02798244
v -0.01792979 -0.02842674 -0.03081679
v -0.01652934 -0.02914879 -0.03321353
v -0.01835886 -0.02827543 -0.02831915
v -0.02000006 -0.027363 -0.02561364
v -0.01614563 -0.02939543 -0.02955911
v -0.01718971 -0.02886829 -0.0271329
v -0.02883156 -0.004308134 -0.0230144
v -0.02856807 -0.006038666 -0.02349284
v -0.02890162 -0.003209084 -0.01882699
v -0.02853271 -0.005617708 -0.02016568
v -0.02825569 -0.006979704 -0.02223784
v -0.02830382 -0.007372499 -0.01887819
v -0.02874807 -0.005215138 -0.01745722
v -0.0293916 -5.653501e-05 -0.01603922
v -0.02920979 -0.001522988 -0.01711851
v -0.0292332 -0.002321094 -0.01577282
v -0.02932745 -0.006299555 -0.01429218
v -0.02886268 -0.008725673 -0.01535267
v -0.02840167 -0.009699404 -0.01783025
v -0.02931319 -0.00814411 -0.01297006
v -0.02950519 -0.001411945 -0.01439548
v -0.02965121 -0.00193119 -0.01278791
v -0.03001346 -0.002616763 -0.01061714
v -0.02996719 -3.439188e-05 -0.009006709
v -0.02990435 -0.002229482 -0.009026766
v -0.0300201 -0.004997432 -0.008520871
v -0.02992614 -0.005364627 -0.01028094
v -0.02960601 -0.006428421 -0.01213461
v -0.02947441 -0.009161174 -0.01059723
v -0.02983907 -0.007008195 -0.01006579
v -0.02833022 -0.01167578 -0.0172677
v -0.02883804 -0.01053208 -0.01417753
v -0.02896969 -0.01146555 -0.01191586
v -0.02838469 -0.01311427 -0.01508069
v -0.0284535 -0.01413015 -0.01212358
v -0.02880195 -0.01292056 -0.009939164
v -0.0296728 -0.008831799 -0.008252382
v -0.0294331 -0.01085961 -0.006668419
v -0.02823628 -0.01535216 -0.009640306
v -0.02867909 -0.01406667 -0.007983357
v -0.02847551 -0.01501799 -0.005885601
v -0.02762765 -0.01726705 -0.007862389
v -0.02831289 -0.008129269 -0.02414453
v -0.02830663 -0.01039785 -0.02622455
v -0.02814311 -0.01203582 -0.02669844
v -0.02794892 -0.01214382 -0.02503374
v -0.02789238 -0.00966838 -0.02301723
v -0.02762923 -0.01225731 -0.02338377
v -0.02813622 -0.009158313 -0.02068293
v -0.02800527 -0.01165235 -0.02103212
v -0.02811012 -0.01093227 -0.01978794
v -0.02769929 -0.01382855 -0.02488533
v -0.02741826 -0.01577201 -0.02492234
v -0.02727596 -0.01545677 -0.02338666
v -0.0274459 -0.01551381 -0.02155787
v -0.0272181 -0.01701671 -0.02379495
v -0.02702942 -0.01804969 -0.02269432
v -0.02637829 -0.02076569 -0.02659467
v -0.0262619 -0.02081442 -0.02374315
v -0.02662235 -0.01975036 -0.02251253
v -0.02707563 -0.01808622 -0.02139133
v -0.02625221 -0.02084938 -0.02163219
v -0.02547863 -0.02236411 -0.01954073
v -0.02533747 -0.02277026 -0.02404451
v -0.02743775 -0.01495129 -0.02064115
v -0.02710797 -0.0164516 -0.02015108
v -0.0277077 -0.01370081 -0.01961273
v -0.0274757 -0.01666355 -0.01767054
v -0.02795146 -0.01425517 -0.01760912
v -0.02659377 -0.01877269 -0.01982358
v -0.0269614 -0.01867712 -0.01802874
v -0.02697487 -0.01880774 -0.01543543
v -0.02598603 -0.02130157 -0.01916647
v -0.0261191 -0.02069411 -0.01991001
v -0.02795057 -0.0156225 -0.01441699
v -0.02554354 -0.02195066 -0.01594076
v -0.02704698 -0.01842153 -0.01270354
v -0.02775156 -0.01667249 -0.01129913
v -0.02704456 -0.01863986 -0.009781033
v -0.02421519 -0.02414081 -0.0227915
v -0.02457352 -0.02369723 -0.02036345
v -0.02343485 -0.02498069 -0.0218536
v -0.02347523 -0.02500147 -0.01944178
v -0.02440357 -0.02377385 -0.0176979
v -0.02358717 -0.02483884 -0.01592445
v -0.02275774 -0.02570397 -0.01752633
v -0.02260339 -0.02558705 -0.0266352
v -0.02259523 -0.02566391 -0.0241141
v -0.02167988 -0.02616569 -0.02462259
v -0.02116165 -0.0266982 -0.02435794
v -0.02185422 -0.02628088 -0.02232462
v -0.01983494 -0.02762669 -0.02199149
v -0.01840743 -0.02831388 -0.02441031
v -0.01743034 -0.02876806 -0.02463973
v -0.01623482 -0.02938807 -0.02599233
v -0.01749545 -0.02894649 -0.02000132
v -0.01626432 -0.02944574 -0.02273124
v -0.02113585 -0.02688748 -0.01914048
v -0.01884387 -0.02826813 -0.01898646
v -0.02046333 -0.02737409 -0.01712358
v -0.01444195 -0.03026161 -0.01952672
v -0.01692216 -0.02928379 -0.01738808
v -0.01883319 -0.02835351 -0.01663432
v -0.01412289 -0.03047752 -0.01682627
v -0.02579257 -0.02135661 -0.01306179
v -0.02640757 -0.01998892 -0.009985417
v -0.02481528 -0.02308035 -0.01460135
v -0.02304153 -0.02547121 -0.01420456
v -0.0250003 -0.02263859 -0.01140586
v -0.02328171 -0.02504912 -0.01189107
v -0.02264725 -0.0257661 -0.01260173
v -0.02099374 -0.02705127 -0.01398075
v -0.02238418 -0.0259411 -0.01000369
v -0.02682203 -0.01920807 -0.007624179
v -0.0267904 -0.01921025 -0.005029947
v -0.02542987 -0.02175501 -0.005988896
v -0.02399553 -0.02390504 -0.008472353
v -0.02301417 -0.0251193 -0.006822079
v -0.02218761 -0.02597684 -0.007742167
v -0.02008332 -0.02772132 -0.008795708
v -0.02361198 -0.02435938 -0.00461337
v -0.02128132 -0.02670431 -0.005806267
v -0.02196309 -0.0260343 -0.004038513
v -0.0197437 -0.0279032 -0.006375521
v -0.02051936 -0.02743343 -0.01126856
v -0.01958033 -0.02798566 -0.01451388
v -0.01820266 -0.02883044 -0.01117355
v -0.01404817 -0.03056368 -0.01522589
v -0.01723687 -0.02920431 -0.01505521
v -0.01600496 -0.02983069 -0.01136366
v -0.01766123 -0.02914193 -0.007808447
v -0.01463605 -0.03045917 -0.007574528
v -0.01385865 -0.03067148 -0.01207021
v -0.01232594 -0.03124535 -0.009302914
v -0.01208593 -0.03124416 -0.01246437
v -0.03054191 0.004653841 -0.0007665753
v -0.03021917 0.002645403 -0.00188531
v -0.02995989 0.0017519 -0.00673452
v -0.03007723 -0.001917422 -0.007099852
v -0.0298432 0.002295971 -0.005388558
v -0.03004892 0.0002211332 -0.006828532
v -0.02993234 -0.0001203716 -0.005535409
v -0.03010994 -0.00387463 -0.00716348
v -0.02989997 -0.007768631 -0.006682396
v -0.03023115 -0.006251365 -0.004463762
v -0.02997766 -0.002124697 -0.005515128
v -0.03020656 -0.003803819 -0.003766909
v -0.0300395 0.001447767 -0.003469154
v -0.03015631 0.0009827912 -0.001795381
v -0.03032796 0.001989335 0.0001919121
v -0.03025778 -0.001559466 -0.002569094
v -0.03043465 -0.003371924 -0.0004064441
v -0.03026867 -0.006169081 -0.002566904
v -0.0303729 -0.000795126 -0.001018181
v -0.03052849 -0.0006316304 0.0004182607
v -0.02986632 -0.008779734 -0.004729122
v -0.02982108 -0.009792656 -0.00290677
v -0.02932031 -0.01193303 -0.004702806
v -0.02762501 -0.01753825 -0.003937989
v -0.02964272 -0.01112753 -0.001543283
v -0.0289285 -0.01384312 -0.002667427
v -0.02805831 -0.01644847 -0.001903415
v -0.03033939 -0.007276654 -0.001166552
v -0.02986413 -0.009524494 -0.001459152
v -0.02912532 -0.01339489 1.716614e-05
v -0.02846573 -0.01549977 0.0002714992
v -0.02968556 -0.01125371 0.001203001
v -0.02909157 -0.01339391 0.001249164
v -0.03044041 0.003109276 0.00146617
v -0.03052616 0.00129807 0.002837047
v -0.03068434 0.005206645 0.00355798
v -0.03060026 0.002976686 0.004662111
v -0.03076902 0.001134276 0.006400719
v -0.0306977 -0.0004472136 0.003296435
v -0.03093 -0.001309574 0.007362694
v -0.03069305 -0.00293991 0.002222851
v -0.03077273 0.005864441 0.005460232
v -0.03080778 0.002839178 0.007323876
v -0.03088613 0.006738842 0.007419959
v -0.03085867 0.006742388 0.01035309
v -0.03098999 0.00439322 0.009521842
v -0.03086773 0.001998007 0.008645609
v -0.03095989 0.002731979 0.01066861
v -0.03104079 -0.0001361072 0.009276852
v -0.03082727 -0.003509939 0.005374774
v -0.03087364 -0.003407568 0.007079467
v -0.03109428 -0.004246771 0.01017776
v -0.03122534 -0.003260821 0.01216032
v -0.03129674 -0.0006995201 0.01228748
v -0.02980691 -0.01121557 0.005122587
v -0.02967046 -0.01201841 0.003469616
v -0.02919628 -0.01356593 0.003642246
v -0.0272463 -0.01838064 -0.0008330345
v -0.02781281 -0.01720548 0.000943929
v -0.02681501 -0.01935366 0.000896275
v -0.02847344 -0.01578614 0.002860069
v -0.02851576 -0.01562676 0.00576666
v -0.02801499 -0.01689014 0.00379774
v -0.02742793 -0.01821095 0.003617227
v -0.02654235 -0.01985469 0.003321141
v -0.02715333 -0.01882061 0.005368233
v -0.02962507 -0.01264817 0.008341298
v -0.02951539 -0.01282141 0.006301805
v -0.0290612 -0.01425526 0.006606191
v -0.02893789 -0.0149287 0.009669989
v -0.02834342 -0.01625979 0.007511511
v -0.02784312 -0.01737729 0.006336302
v -0.02571864 -0.02121931 0.004746228
v -0.02775027 -0.01765701 0.008301049
v -0.0270354 -0.01903376 0.008938998
v -0.02665673 -0.01978609 0.007761627
v -0.0261541 -0.02049175 0.006837428
v -0.02496174 -0.02239966 0.008028954
v -0.02569513 -0.02111274 0.009945124
v -0.02922557 -0.0141378 0.0116276
v -0.02828553 -0.01633322 0.01131585
v -0.02884138 -0.0153437 0.01235901
v -0.02912992 -0.01442683 0.01343943
v -0.02947089 -0.01340047 0.01409633
v -0.02882649 -0.0154776 0.01442839
v -0.02794886 -0.01713195 0.01350749
v -0.02780476 -0.01774353 0.01274818
v -0.02814266 -0.01690757 0.01016954
v -0.02686474 -0.01925108 0.011408
v -0.02503638 -0.02212778 0.01202106
v -0.02612439 -0.0202443 0.0118371
v -0.02734464 -0.0185447 0.01358618
v -0.02672152 -0.01958114 0.01465015
v -0.02624319 -0.02029413 0.01391378
v -0.02554369 -0.02131569 0.01268896
v -0.02582943 -0.02115601 -0.000993222
v -0.02406922 -0.02368036 -0.001961082
v -0.0203362 -0.02742454 -0.004222155
v -0.022661 -0.02523687 -0.0006409287
v -0.01934601 -0.02809304 -0.003015071
v -0.02101496 -0.02679175 -0.0008352399
v -0.02572593 -0.02121189 0.001579165
v -0.02485664 -0.02246335 0.002870351
v -0.02316596 -0.0246276 0.002379447
v -0.02378346 -0.02388555 0.003224164
v -0.02465875 -0.02276987 0.004777491
v -0.02343436 -0.02429143 0.004667997
v -0.02229032 -0.02551404 0.002178729
v -0.02026844 -0.02727902 0.001576871
v -0.02100506 -0.02652264 0.002966106
v -0.01827483 -0.02874666 -0.0006817579
v -0.02158576 -0.02604452 0.005566567
v -0.02027419 -0.02719474 0.00437659
v -0.0190966 -0.028128 0.003208846
v -0.01777202 -0.02903253 -0.004845947
v -0.01520014 -0.03026417 -0.003332466
v -0.01791102 -0.02899849 -0.002523363
v -0.01249653 -0.03123721 -0.006033391
v -0.01345836 -0.03091088 -0.002011478
v -0.01144829 -0.03157026 -0.004164904
v -0.01752926 -0.02908659 0.001833737
v -0.0153994 -0.0301834 0.0001577735
v -0.01719131 -0.02921346 0.004327029
v -0.01632668 -0.0296984 0.003091246
v -0.01240501 -0.03129378 0.00037691
v -0.01046056 -0.03187823 0.0007243156
v -0.009701028 -0.0320015 -0.001351386
v -0.01405486 -0.03069523 0.002930403
v -0.0118055 -0.03148577 0.003137976
v -0.02508989 -0.02218878 0.006634027
v -0.02400607 -0.02354899 0.005554974
v -0.02364309 -0.02412999 0.007288069
v -0.02510522 -0.02211979 0.009867847
v -0.02388105 -0.02366126 0.008968472
v -0.02261741 -0.02504772 0.006704688
v -0.02254443 -0.02507013 0.008572012
v -0.02129695 -0.02625135 0.007812828
v -0.02367106 -0.02383471 0.01035935
v -0.02247266 -0.0251213 0.01054835
v -0.0188738 -0.02816394 0.005033314
v -0.02003312 -0.02732763 0.006412506
v -0.01982316 -0.02747089 0.008696407
v -0.02106102 -0.02637345 0.009426743
v -0.01765132 -0.02890894 0.006838262
v -0.0180447 -0.02862754 0.009691656
v -0.02419172 -0.02316442 0.01131666
v -0.02356219 -0.02394012 0.01216993
v -0.02035962 -0.02698115 0.01142794
v -0.023959 -0.02330691 0.01322946
v -0.02490629 -0.02226701 0.01494274
v -0.02490427 -0.02186131 0.01383686
v -0.02214417 -0.02542862 0.01342982
v -0.01861244 -0.02820894 0.01107311
v -0.01696567 -0.02924997 0.0105719
v -0.01830034 -0.02837536 0.01273939
v -0.01602551 -0.02971372 0.01281112
v -0.01560055 -0.03001896 0.004381061
v -0.008873969 -0.03222623 0.002751201
v -0.009563863 -0.03202271 0.003633976
v -0.01025358 -0.03194746 0.004812121
v -0.01361607 -0.03084081 0.004532814
v -0.01221821 -0.03133976 0.008256555
v -0.01264215 -0.03119731 0.00638032
v -0.01111412 -0.03173822 0.00661841
v -0.008509859 -0.03230515 0.006132275
v -0.009965211 -0.03203478 0.008190066
v -0.01641366 -0.02955866 0.008488864
v -0.0140589 -0.03067455 0.00979954
v -0.01536149 -0.03002951 0.01129556
v -0.01462457 -0.03040174 0.00777933
v -0.01177241 -0.03143284 0.01356512
v -0.01384032 -0.03066456 0.01387
v -0.01248844 -0.03123724 0.01135772
v -0.01094198 -0.03176102 0.01005203
v -0.009289369 -0.03215975 0.009903014
v -0.007963285 -0.03245816 0.008288354
v -0.01054704 -0.03182489 0.01256418
v -0.009132445 -0.03224355 0.01223591
v -0.007602409 -0.03252688 0.01048106
v -0.03006402 -0.01184195 -0.04771405
v -0.02944429 -0.01305157 -0.0483619
v -0.02877846 -0.01323432 -0.0502685
v -0.02792856 -0.01480955 -0.05034494
v -0.02877717 -0.01383436 -0.04886544
v -0.02775159 -0.01585695 -0.0491412
v -0.02819851 -0.01567414 -0.04800683
v -0.02673039 -0.01666149 -0.0505507
v -0.02705707 -0.01730764 -0.04908118
v -0.02687523 -0.01810089 -0.04751205
v -0.02569373 -0.01955467 -0.04799756
v -0.02550869 -0.01876664 -0.05024391
v -0.02380183 -0.02097028 -0.05026469
v -0.02374381 -0.02136371 -0.04936162
v -0.02419063 -0.02177253 -0.0479418
v -0.02239732 -0.02145818 -0.05088082
v -0.02237484 -0.02254859 -0.04988748
v -0.02128851 -0.02403572 -0.04874131
v -0.02132377 -0.02216578 -0.05084562
v -0.02118967 -0.02311516 -0.05055001
v -0.01995699 -0.02233869 -0.05070364
v -0.0197092 -0.02382991 -0.05070561
v -0.01925005 -0.0218758 -0.04994881
v -0.02223471 -0.02389708 -0.04778308
v -0.0198798 -0.02467281 -0.0499903
v -0.02098398 -0.02493036 -0.04773566
v -0.0297405 -0.01174751 -0.04627842
v -0.02911423 -0.0133979 -0.04634529
v -0.0279654 -0.01593634 -0.04637462
v -0.02675284 -0.01832628 -0.04630911
v -0.02316102 -0.02302164 -0.04649156
v -0.02188936 -0.02423635 -0.04646334
v -0.02005617 -0.02631527 -0.04606816
v -0.0200792 -0.02613249 -0.04682866
v -0.03061357 -0.005621523 0.0004920065
v -0.03002921 -0.008051306 -0.0006860346
v -0.02977309 -0.008987457 -0.000605166
v -0.03082307 -0.004791766 0.001825705
v -0.03059947 -0.00568369 0.001598299
v -0.03036092 -0.006895095 0.000546515
v -0.03006898 -0.008812159 0.001788571
v -0.03019191 -0.008521527 0.0001897216
v -0.03000043 -0.009452373 0.000475198
v -0.03012905 -0.009113699 0.003296167
v -0.02996688 -0.01056215 0.002923623
v -0.03106563 -0.004855931 0.00638321
v -0.03108416 -0.004659534 0.008481726
v -0.03075179 -0.005595177 0.007383615
v -0.03068371 -0.005495518 0.009222686
v -0.0308567 -0.006237179 0.008497849
v -0.03137603 -0.004874408 0.0126345
v -0.03073582 -0.006953239 0.009144664
v -0.0306755 -0.008069426 0.0101914
v -0.03100774 -0.005450904 0.01180878
v -0.03097704 -0.006685615 0.01222254
v -0.03069969 -0.00746122 0.01182592
v -0.03065211 -0.004195929 0.003611997
v -0.03063345 -0.006144971 0.003323108
v -0.03029111 -0.007816851 0.003385752
v -0.03075141 -0.005098015 0.004626513
v -0.03054479 -0.007548988 0.00509052
v -0.03068137 -0.005997509 0.005085632
v -0.03054042 -0.00563997 0.005855277
v -0.03067374 -0.006930381 0.006455809
v -0.02995856 -0.00976041 0.004746929
v -0.0298408 -0.008963227 0.006079435
v -0.0300927 -0.008611321 0.007627144
v -0.02995545 -0.009538829 0.007943422
v -0.03021096 -0.01056787 0.00855504
v -0.02998577 -0.01083446 0.006609172
v -0.0305912 -0.008027166 0.008768544
v -0.02997038 -0.0113655 0.009935379
v -0.03012502 -0.009001732 0.01016483
v -0.03037681 -0.01037318 0.01198417
v -0.03060667 -0.008213967 0.01205884
v -0.03012216 -0.009065032 0.01180789
v -0.0307523 -0.007952631 0.01380996
v -0.02959703 -0.01285732 0.01009762
v -0.02978386 -0.01263538 0.01126397
v -0.02990103 -0.01172137 0.0122444
v -0.03013423 -0.01136389 0.01338308
v -0.0305943 -0.01026726 0.0136214
v -0.02983622 -0.01234403 0.0129389
v -0.02370632 -0.02377623 0.01448718
v -0.02044514 -0.02686355 0.0140855
v -0.01923369 -0.02777073 0.01430452
v -0.01770872 -0.02867034 0.01392466
v -0.001435935 0.02477889 -0.0485788
v -0.003033683 0.02377971 -0.04845184
v -0.0004906207 0.0257293 -0.04842451
v -0.0009842664 0.02757517 -0.04735097
v 0.001664698 0.02522418 -0.04858184
v -0.0001221597 0.02402791 -0.04843581
v 0.001758501 0.02387288 -0.04835957
v -0.0009886175 0.02261125 -0.04710293
v -0.002983555 0.02171925 -0.0467281
v -0.001425803 0.02181797 -0.0467543
v -0.001560047 0.02055487 -0.04727295
v -0.003524944 0.01936609 -0.04762629
v -0.001580849 0.0195179 -0.04765353
v -0.005025923 0.0184437 -0.0475972
v -0.003347605 0.01816243 -0.04744616
v -0.005755499 0.01721789 -0.04734537
v -0.004219964 0.0170396 -0.0469729
v -0.006128162 0.01537228 -0.04689318
v -0.002467915 0.01670057 -0.04687151
v -0.001368344 0.01766519 -0.046969
v -0.0005596876 0.01856479 -0.04749089
v -0.001668319 0.01478159 -0.04690033
v 0.001443863 0.01983187 -0.04760239
v 0.0005378127 0.02189244 -0.04676023
v 0.001626 0.01861115 -0.04752529
v 0.003703579 0.01846597 -0.04759556
v 0.004819036 0.01936725 -0.04756865
v 7.227063e-05 0.01683319 -0.04688549
v 0.001794323 0.01755935 -0.04690135
v 0.001537472 0.01528713 -0.04688707
v 0.003311291 0.01668847 -0.04687452
v 0.003308386 0.01301146 -0.04688555
v -0.006414354 0.00894928 -0.04687086
v -0.006437048 0.005295873 -0.04680771
v -0.003043503 0.006706774 -0.04681301
v -0.004478738 0.01212829 -0.04689267
v -0.0008776486 0.01119071 -0.04686421
v 0.003254041 0.009343892 -0.04685053
v 0.0004947484 0.007619798 -0.04681283
v 0.005252868 0.01683024 -0.04686198
v 0.005136177 0.01818559 -0.04759926
v 0.004437506 0.01465359 -0.04689497
v 0.005829066 0.01159266 -0.04687682
v 0.007471234 0.01592425 -0.04685113
v 0.003430143 0.005793989 -0.04679018
v -0.0007174164 0.002608687 -0.04673794
v 0.003574997 0.001962781 -0.04673129
v 0.006186381 0.00643447 -0.04681769
v 0.009844869 0.00981456 -0.04686436
v 0.006157741 0.003130913 -0.04677016
v 0.01011574 0.004317313 -0.04681152
v 0.00762333 0.0006458461 -0.04675195
v -0.01109947 -0.005829245 -0.04668719
v -0.007759824 -0.005160391 -0.04667312
v -0.007943347 -0.009747267 -0.04661635
v -0.01004981 -0.01107964 -0.04657573
v -0.01367667 -0.01030615 -0.04669291
v -0.01431134 -0.0119991 -0.04728594
v -0.01364262 -0.0142979 -0.04709896
v -0.01259804 -0.01378328 -0.04721156
v -0.01207861 -0.01192063 -0.04657528
v -0.01056875 -0.01495701 -0.0470376
v -0.009386793 -0.01420945 -0.04652518
v -0.006551206 -0.01373139 -0.04650894
v -0.005343989 -0.009245574 -0.04661277
v -0.004978746 -0.01616123 -0.04644552
v -0.002964497 -0.01354006 -0.04653618
v -0.008314222 -0.001410961 -0.04673174
v -0.003779083 0.0003147423 -0.04672477
v -0.005056575 -0.0048666 -0.04666162
v -0.00203757 -0.004056662 -0.04665962
v 0.0001854002 -0.001463026 -0.04669657
v 0.003069997 -0.002330005 -0.04668826
v 0.001268268 -0.006014198 -0.04663381
v 0.005430073 -0.004341185 -0.04667661
v 0.0052775 -0.00838995 -0.04663014
v 0.006070212 -0.000787586 -0.0467169
v 0.007553145 -0.003160298 -0.04670268
v -0.002538085 -0.007469028 -0.04662737
v -0.001756728 -0.01063314 -0.0465973
v 0.001031116 -0.0105907 -0.04658327
v 0.0001006275 -0.0141376 -0.04653466
v 0.003081277 -0.01209742 -0.04657549
v 0.00373207 -0.01405677 -0.04654351
v -0.002000749 -0.01691344 -0.04643896
v 0.001572326 -0.01711574 -0.04645026
v 0.005678952 -0.01639393 -0.04652637
v 0.01244481 0.007296711 -0.04685014
v 0.01477075 0.00458312 -0.04682812
v 0.01408078 0.0008898973 -0.04679272
v 0.01068048 -0.002958387 -0.04673108
v 0.007963032 -0.006758124 -0.04667971
v 0.01242132 -0.005738169 -0.04671943
v 0.01131074 -0.01062831 -0.04664341
v 0.01635641 -0.004432619 -0.046731
v 0.01755106 0.001770765 -0.04679567
v 0.01741044 -0.0009657145 -0.04676208
v 0.01771815 -0.003817767 -0.04686391
v 0.01575837 -0.007672668 -0.04669154
v 0.01409812 -0.01025271 -0.04661709
v 0.007648245 -0.01147726 -0.04660714
v 0.009069607 -0.01485321 -0.04656285
v 0.01112239 -0.01334646 -0.0465771
v 0.006638378 -0.01450422 -0.04654506
v 0.002226681 -0.01872844 -0.04706302
v 0.006948069 -0.01735404 -0.04705679
v 0.01346295 -0.01184079 -0.04673424
v 0.01117733 -0.01527289 -0.04718253
v 0.01386663 -0.01337516 -0.04732066
v 0.008730233 -0.0173507 -0.04724121
v 0.00683628 -0.01847038 -0.04720169
v 0.008899584 -0.01800337 -0.04711932
v 0.01065196 -0.01683336 -0.04722738
v 0.01021536 -0.01909986 -0.0463056
v 0.008740976 -0.01994923 -0.04621354
v 0.01295038 -0.01537052 -0.04718566
v 0.01239216 -0.01793122 -0.04634956
v 0.01111807 -0.01940337 -0.0465644
v 0.01330961 -0.01831383 -0.04680431
v 0.01610996 -0.009747952 -0.04723594
v 0.01928063 -0.0007848144 -0.04744759
v 0.01894553 -0.004240125 -0.04746884
v 0.01832582 -0.000911653 -0.04698682
v 0.02010494 0.0009069145 -0.04744822
v 0.02012724 -0.002008736 -0.04737964
v 0.01930735 -0.006318241 -0.04732835
v 0.02157779 -0.003952742 -0.04663458
v 0.02085096 -0.006527603 -0.04663166
v 0.01799606 -0.006801754 -0.04740667
v 0.01698159 -0.009737968 -0.04739371
v 0.01816899 -0.007882982 -0.04740968
v 0.01780286 -0.01052886 -0.04705983
v 0.01631662 -0.01135162 -0.04736486
v 0.01993546 -0.008955508 -0.0466108
v 0.02171725 -0.005934596 -0.04678273
v 0.02107106 -0.007669657 -0.04671559
v 0.01891477 -0.01154542 -0.04652974
v 0.02022898 -0.009881943 -0.04675084
v 0.02227746 -0.003883094 -0.04680991
v 0.02313581 -0.006433427 -0.04808912
v 0.02402551 -0.00504753 -0.04835087
v 0.02382188 -0.007164955 -0.0484077
v 0.02381168 -0.003618598 -0.04795751
v 0.02485861 -0.003733337 -0.04820147
v 0.02557506 -0.004002035 -0.04812214
v 0.02483352 -0.00566569 -0.04844332
v 0.02479614 -0.007486492 -0.04830045
v 0.02576195 -0.005821794 -0.04807964
v 0.02134641 -0.01005256 -0.04777876
v 0.02169102 -0.01132852 -0.04833716
v 0.02230999 -0.009921402 -0.04824644
v 0.0230545 -0.01109594 -0.04841095
v 0.02275196 -0.008850366 -0.04798177
v 0.02168848 -0.008895397 -0.04745033
v 0.02521735 -0.01001054 -0.04749379
v 0.02368777 -0.009166658 -0.04811862
v 0.02621827 -0.008214086 -0.04733315
v 0.02459043 -0.0122419 -0.04730856
v 0.01500067 -0.01355931 -0.0471704
v 0.01404431 -0.01676491 -0.04637876
v 0.01311694 -0.02014065 -0.04806566
v 0.01484936 -0.01888677 -0.04806393
v 0.01528281 -0.0168815 -0.04687524
v 0.01661 -0.01761934 -0.0481703
v 0.01682027 -0.01532969 -0.04694572
v 0.01834325 -0.01525432 -0.04791993
v 0.01834968 -0.01670781 -0.04836679
v 0.01664506 -0.01882911 -0.04827446
v 0.0146741 -0.02065459 -0.04820955
v 0.01606661 -0.02034646 -0.04800463
v 0.01801619 -0.01863557 -0.04809341
v 0.02024736 -0.01623172 -0.04811981
v 0.01940191 -0.01535249 -0.0483751
v 0.01635571 -0.02174813 -0.04720873
v 0.01964788 -0.01901886 -0.0472534
v 0.01771611 -0.02152622 -0.04710585
v 0.01933193 -0.02002105 -0.04719281
v 0.0195633 -0.02076504 -0.04758462
v 0.02170013 -0.01906222 -0.04791293
v 0.01995338 -0.02108964 -0.04826489
v 0.01698382 -0.01316491 -0.04663512
v 0.01569127 -0.01519871 -0.04642993
v 0.01709923 -0.01401356 -0.04653487
v 0.01848078 -0.01355609 -0.04702139
v 0.01974492 -0.01396325 -0.04811516
v 0.02105172 -0.01308963 -0.04837576
v 0.02168822 -0.01376778 -0.04829758
v 0.02154808 -0.01724043 -0.04719016
v 0.02337842 -0.01436901 -0.04734585
v 0.0226505 -0.01656762 -0.04718891
v 0.02499932 -0.01312187 -0.04739353
v 0.02125943 -0.01864833 -0.04738691
v 0.02623197 -0.01040882 -0.04736423
v 0.02727222 -0.01017883 -0.048112
v 0.02592389 -0.01341191 -0.04822144
v 0.02978875 -0.01104027 -0.05062261
v 0.02879436 -0.01305366 -0.05073076
v 0.02937606 -0.01037329 -0.05077329
v 0.03047501 -0.008895874 -0.05065468
v 0.02987076 -0.01250881 -0.04990625
v 0.03076549 -0.01087549 -0.04879257
v 0.03032593 -0.01206803 -0.04893196
v 0.029936 -0.01350093 -0.0479418
v 0.0290091 -0.01438144 -0.04987326
v 0.02596705 -0.01533908 -0.05012417
v 0.02651511 -0.01564419 -0.05065507
v 0.02528627 -0.0169248 -0.05045325
v 0.02585687 -0.01767695 -0.05077314
v 0.02488342 -0.01819646 -0.05068964
v 0.02464163 -0.0149802 -0.04792935
v 0.02403015 -0.01663205 -0.04836017
v 0.0230739 -0.01805434 -0.04864052
v -0.0006534308 0.02897006 -0.04828614
v 0.001183137 0.03004925 -0.05042168
v 0.002749085 0.02909988 -0.04866558
v 0.0003845394 0.03282224 -0.04709706
v 0.003716454 0.03255364 -0.04741174
v 0.00194104 0.03240934 -0.048204
v 0.002441511 0.03271683 -0.04656336
v -0.002021968 0.02810571 -0.04746568
v 0.0002253354 0.02835794 -0.04756945
v 0.001580521 0.02734116 -0.04744169
v 0.002107918 0.02787223 -0.04736051
v 0.004450321 0.0320898 -0.04980367
v 0.0009887218 0.03240085 -0.04973346
v 0.005275518 0.03206246 -0.04861754
v 0.005300745 0.02949622 -0.05017778
v 0.003016651 0.02836503 -0.04768121
v 0.005281448 0.02851872 -0.04824868
v 0.006745055 0.03160307 -0.04995975
v 0.004325762 0.02788547 -0.04740292
v 0.006335914 0.03219153 -0.04737324
v 0.008014396 0.03184329 -0.047631
v 0.006501377 0.02739614 -0.04747009
v 0.003315046 0.02536599 -0.04854387
v 0.003880545 0.02715218 -0.04741028
v 0.005827516 0.02702011 -0.04732892
v 0.003355592 0.02403066 -0.04848772
v 0.00432238 0.02359796 -0.04839435
v 0.001310408 0.0329501 -0.04370078
v 0.001701131 0.03281 -0.04292837
v 0.00190933 0.0329524 -0.04517025
v 0.004158229 0.03272179 -0.04300499
v 0.005242705 0.03259696 -0.04501382
v 0.002561688 0.03285798 -0.04198924
v 0.001710668 0.03287494 -0.04003057
v 0.004428878 0.0327017 -0.04101202
v 0.007607028 0.03212552 -0.04162559
v 0.008475542 0.03197414 -0.04530001
v 0.01048613 0.0313461 -0.04251045
v 0.009237245 0.03129241 -0.04847258
v 0.009381816 0.03147623 -0.0466207
v 0.008499414 0.02765347 -0.04798847
v 0.0105157 0.02690443 -0.04791149
v 0.009127513 0.02662021 -0.04735041
v 0.007590696 0.02485305 -0.04832354
v 0.008212626 0.02594677 -0.04755336
v 0.00590156 0.02423924 -0.04858157
v 0.008095354 0.0235766 -0.04856753
v 0.00673075 0.02311209 -0.04842198
v 0.004203796 0.02222887 -0.04702654
v 0.0070692 0.02138533 -0.04686826
v 0.01001948 0.02378327 -0.04842889
v 0.009354949 0.02225661 -0.04843232
v 0.01016849 0.0232234 -0.04854628
v 0.007940173 0.02673222 -0.04727194
v 0.01229757 0.02466129 -0.04738212
v 0.01186584 0.02554119 -0.04740202
v 0.01168995 0.03041761 -0.04854438
v 0.01334049 0.02972014 -0.04886252
v 0.01288642 0.02980338 -0.04996583
v 0.0126546 0.03039388 -0.04710168
v 0.01283748 0.0218913 -0.04852939
v 0.01193503 0.02098289 -0.04840767
v 0.01367024 0.02001452 -0.04843205
v 0.01246481 0.02586044 -0.04769909
v 0.01377054 0.02445558 -0.0473386
v 0.01457743 0.02489085 -0.04779956
v 0.01576902 0.02332629 -0.04737306
v 0.01556581 0.02263254 -0.04743406
v 0.0134446 0.02272674 -0.0481047
v 0.01552939 0.02083543 -0.0483582
v 0.01065715 0.03115554 -0.04721954
v 0.01420076 0.02970904 -0.04752716
v 0.0159388 0.02901845 -0.04215115
v 0.01408733 0.02998985 -0.04526407
v 0.01382701 0.0300671 -0.04296696
v 0.002783552 0.03281565 -0.03864968
v 0.004750922 0.03261481 -0.03832114
v 0.002916709 0.03279778 -0.03640026
v 0.007127985 0.03218073 -0.0372259
v 0.009517774 0.03156282 -0.03815037
v 0.004328668 0.03267193 -0.03301921
v 0.007020146 0.03216818 -0.02762529
v 0.007208541 0.03212582 -0.03164172
v 0.009346232 0.03160191 -0.03408885
v 0.01158427 0.0308876 -0.03586456
v 0.01113679 0.03101119 -0.03297284
v 0.009772539 0.03143661 -0.0304625
v 0.01195256 0.0307781 -0.04016241
v 0.01344521 0.03016646 -0.03843814
v 0.01765969 0.02803044 -0.04101449
v 0.01733898 0.02835961 -0.04489508
v 0.01605685 0.02892718 -0.03821358
v 0.01403297 0.02989478 -0.03407794
v 0.01323183 0.03022362 -0.0311138
v 0.01789859 0.02786066 -0.0384405
v 0.0202648 0.02629384 -0.03767374
v 0.02015823 0.02640542 -0.04078352
v 0.01768865 0.02797845 -0.03442729
v 0.01704778 0.02336028 -0.04786178
v 0.01500233 0.02019718 -0.04852623
v 0.0187006 0.02043968 -0.04731899
v 0.01780628 0.02238014 -0.04760259
v 0.01938573 0.02144071 -0.04776746
v 0.02054 0.01960757 -0.04746839
v 0.02126056 0.02547807 -0.04311657
v 0.02014896 0.02648287 -0.04482651
v 0.0200747 0.0265163 -0.04319787
v 0.02311629 0.02392453 -0.04474646
v 0.02105655 0.02564657 -0.03963336
v 0.02299176 0.02401507 -0.0406028
v 0.02370845 0.02330211 -0.04249334
v 0.02459835 0.02234724 -0.04428995
v 0.0256518 0.02119723 -0.04274255
v 0.02523167 0.02157089 -0.0402686
v 0.02688311 0.01949611 -0.04137364
v 0.02219917 0.02466905 -0.03700224
v 0.02041563 0.02613115 -0.0343022
v 0.02694359 0.01937783 -0.04317826
v 0.02565408 0.02123046 -0.04527774
v 0.02732851 0.0188635 -0.04495114
v 0.00438942 0.03262208 -0.02673772
v 0.01010165 0.0313306 -0.02477938
v 0.01180622 0.03076422 -0.02631456
v 0.007308349 0.03205435 -0.02230808
v 0.009490043 0.03148504 -0.01941717
v 0.01298276 0.03027621 -0.02268344
v 0.01400398 0.02985519 -0.02602398
v 0.01590085 0.0289858 -0.03188607
v 0.01638216 0.02872124 -0.02945623
v 0.01952641 0.02676785 -0.032819
v 0.01737933 0.02810737 -0.03155842
v 0.01789871 0.02777994 -0.02953124
v 0.01984105 0.02654538 -0.02950865
v 0.0164668 0.02861559 -0.02606183
v 0.01554668 0.0290865 -0.02243429
v 0.01698984 0.02827311 -0.02285466
v 0.0173001 0.02805686 -0.02498028
v 0.01826417 0.02758175 -0.02720478
v 0.01834945 0.02738744 -0.02409917
v 0.007153556 0.03204085 -0.01826644
v 0.01144417 0.03086016 -0.01970479
v 0.01337965 0.03009546 -0.01876706
v 0.02172682 0.02509078 -0.03118539
v 0.02410512 0.02283999 -0.0338423
v 0.0239418 0.02306193 -0.03651616
v 0.002030075 0.0225379 -0.04703501
v 0.003441051 0.02161106 -0.04676723
v 0.005680919 0.02117002 -0.04673135
v 0.007371902 0.01873496 -0.04754278
v 0.00877133 0.01999411 -0.04680392
v 0.009767815 0.02022129 -0.04681963
v 0.007861376 0.01729929 -0.0476402
v 0.01015419 0.0172101 -0.04761305
v 0.008808762 0.01343784 -0.0468812
v 0.01083292 0.01907724 -0.0467414
v 0.01195812 0.01662067 -0.04740706
v 0.01158713 0.01938263 -0.04690716
v 0.01345685 0.01854816 -0.04713643
v 0.01279241 0.01807007 -0.04673511
v 0.01510736 0.01891333 -0.04839689
v 0.01073761 0.0156377 -0.04756004
v 0.009550467 0.01493177 -0.04687858
v 0.01184674 0.01329687 -0.04686606
v 0.01250133 0.01452714 -0.04762
v 0.01387075 0.01089293 -0.04683942
v 0.01527318 0.01672855 -0.04690078
v 0.01704635 0.01831415 -0.0485557
v 0.01407205 0.01736876 -0.04673228
v 0.01512392 0.0159449 -0.04672942
v 0.01671195 0.01744679 -0.04833353
v 0.01837504 0.01854742 -0.0482707
v 0.01781875 0.01594606 -0.04807734
v 0.01671001 0.01531383 -0.04690573
v 0.01637639 0.0147095 -0.04674432
v 0.0145041 0.01414195 -0.04749912
v 0.01422691 0.01293847 -0.04759088
v 0.01540667 0.01165661 -0.04762411
v 0.01682408 0.01151851 -0.04742518
v 0.0169436 0.01001817 -0.04756567
v 0.01737478 0.008417845 -0.04754484
v 0.01782466 0.01390037 -0.04680666
v 0.017942 0.01270056 -0.0467509
v 0.01905791 0.01667225 -0.04853073
v 0.02037792 0.01671952 -0.04813448
v 0.02100879 0.01785475 -0.04737139
v 0.02056095 0.01500243 -0.0485512
v 0.01931047 0.01520866 -0.04845995
v 0.02043681 0.01325992 -0.04839864
v 0.02214272 0.01376003 -0.04829529
v 0.02293861 0.01551899 -0.04729819
v 0.0185743 0.008441657 -0.04743081
v 0.01903647 0.01213238 -0.04678673
v 0.01947272 0.01396292 -0.04811382
v 0.01955952 0.009807646 -0.04680631
v 0.02080774 0.01190567 -0.04810667
v 0.02176897 0.01239803 -0.04852733
v 0.02173799 0.01075074 -0.04833379
v 0.02009517 0.01033968 -0.04679704
v 0.02094397 0.008374333 -0.0467715
v 0.02273245 0.01687801 -0.04741469
v 0.02215429 0.01856178 -0.04777989
v 0.02429599 0.01622903 -0.0480462
v 0.01521789 0.008902282 -0.04681849
v 0.01633139 0.006629974 -0.04682267
v 0.01840298 0.006030858 -0.04755896
v 0.01958245 0.005895108 -0.04737151
v 0.02013201 0.003099948 -0.04738203
v 0.02111721 0.006858259 -0.04669085
v 0.0212834 0.00472796 -0.04683256
v 0.01710193 0.004261017 -0.04680434
v 0.01896706 0.003571361 -0.04749298
v 0.02327766 0.01145419 -0.04836822
v 0.02379735 0.009253979 -0.04851016
v 0.02414632 0.01341259 -0.0473313
v 0.02248545 0.009150237 -0.04834309
v 0.02550985 0.009506851 -0.04759619
v 0.02404001 0.00747484 -0.04851156
v 0.02502275 0.007506192 -0.04825708
v 0.0280126 0.009003282 -0.04830763
v 0.02631962 0.01083001 -0.04746395
v 0.0270749 0.0117273 -0.04827213
v 0.02631553 0.009468883 -0.04724208
v 0.02749641 0.007368356 -0.04744235
v 0.0269044 0.007758439 -0.04727367
v 0.02463011 0.013942 -0.04738227
v 0.02625686 0.01337153 -0.04824087
v 0.02562089 0.01117778 -0.04730859
v 0.02799626 0.01731041 -0.04809695
v 0.02892947 0.01517683 -0.04969984
v 0.02792676 0.01713997 -0.04939887
v 0.02875999 0.01630071 -0.04767078
v 0.02960935 0.01371354 -0.04962289
v 0.02988538 0.01402712 -0.0479418
v 0.03005303 0.01289305 -0.04874501
v 0.03082383 0.01173621 -0.04803833
v 0.02389476 0.005748659 -0.0484181
v 0.02307779 0.007254243 -0.04821345
v 0.0236546 0.004711986 -0.04818928
v 0.02506776 0.004650593 -0.04847479
v 0.02423897 0.003452063 -0.04844216
v 0.02182312 0.005958617 -0.04682487
v 0.02230291 0.002962232 -0.04672894
v 0.02211234 9.599328e-05 -0.04666504
v 0.02303249 -0.0006868839 -0.04715401
v 0.02426389 0.0003988743 -0.04821134
v 0.02206802 -0.001998335 -0.04664463
v 0.02506615 0.001675934 -0.04857004
v 0.02568726 0.004341245 -0.04829136
v 0.02689128 0.005475491 -0.04743069
v 0.02748385 0.004568666 -0.04734713
v 0.02753858 0.001287729 -0.04736876
v 0.0284342 0.004957765 -0.04774457
v 0.02800655 0.002593309 -0.04727453
v 0.02860661 0.001476854 -0.04757839
v 0.02494685 0.0001514256 -0.04852793
v 0.02612311 0.0007491708 -0.0482803
v 0.0249234 -0.001787215 -0.04851767
v 0.02405773 -0.001807392 -0.04814786
v 0.02763906 -0.0008409023 -0.04729569
v 0.02610776 -0.002154678 -0.04825184
v 0.02755135 -0.002803653 -0.04729167
v 0.02870142 -0.0003022552 -0.04758224
v 0.02951461 0.01527467 -0.04337752
v 0.03027391 0.01380378 -0.0424903
v 0.03032418 0.0136115 -0.04499665
v 0.02961197 0.01517704 -0.04103607
v 0.03120923 0.01155293 -0.04504201
v 0.03094915 0.01224947 -0.04100925
v 0.03142975 0.01107717 -0.04007831
v 0.03144959 0.01091725 -0.04281685
v 0.03097799 0.01193014 -0.04017428
v 0.03093833 0.01202729 -0.03828758
v 0.03158471 0.01071662 -0.03757408
v 0.03129819 0.01135772 -0.03588524
v 0.03091696 0.01233897 -0.03295335
v 0.03176193 0.01008534 -0.03253415
v 0.03233154 0.008134454 -0.03502628
v 0.03227527 0.00833258 -0.03073204
v 0.03295699 0.005485684 -0.0319809
v 0.03289297 0.005322516 -0.03469366
v 0.02706188 -0.00541237 -0.04730409
v 0.009750471 0.03137007 -0.01414016
v 0.007316351 0.0319508 -0.009079814
v 0.01351729 0.03003246 -0.01539049
v 0.01576428 0.02897525 -0.01806727
v 0.01208933 0.03060284 -0.01199147
v 0.01524116 0.02927595 -0.0119563
v 0.01695716 0.02828291 -0.0203177
v 0.01858777 0.02726889 -0.02192733
v 0.0180831 0.027614 -0.01769629
v 0.01888837 0.02706382 -0.01986304
v 0.02066839 0.02575129 -0.0219225
v 0.02010453 0.02622265 -0.01805502
v 0.02164802 0.0249342 -0.0194172
v 0.01774819 0.02786854 -0.01462179
v 0.01742651 0.02804694 -0.01187095
v 0.01934764 0.02676904 -0.01513216
v 0.0193705 0.02676064 -0.01292208
v 0.02132688 0.02517378 -0.01524159
v 0.02285765 0.02383533 -0.01729649
v 0.0229366 0.02376762 -0.01519114
v 0.02348112 0.02314612 -0.01353744
v 0.02618201 0.02034429 -0.03490332
v 0.02649121 0.02005836 -0.03293389
v 0.02419204 0.02278498 -0.0315547
v 0.02505083 0.02164251 -0.03051627
v 0.02650329 0.01987463 -0.03032047
v 0.02798672 0.01794118 -0.0307264
v 0.02777651 0.01823649 -0.03523046
v 0.0291038 0.01605207 -0.03687721
v 0.02970797 0.01495996 -0.03319225
v 0.03026457 0.01388747 -0.03589061
v 0.0301735 0.01407969 -0.03034317
v 0.02907565 0.01614577 -0.02966252
v 0.03020425 0.01412305 -0.02837008
v 0.02968368 0.01489249 -0.02910334
v 0.02974316 0.01519945 -0.0282777
v 0.02978659 0.01463333 -0.02660528
v 0.02987128 0.01469073 -0.02323815
v 0.02987637 0.01468542 -0.02474314
v 0.02970175 0.01567009 -0.02490777
v 0.03187039 0.009635776 -0.02674177
v 0.0320963 0.009712905 -0.02806348
v 0.03149985 0.01047391 -0.02789474
v 0.03136991 0.01103207 -0.0261583
v 0.03190528 0.009845495 -0.02571729
v 0.02375792 0.02304974 -0.02053446
v 0.02529319 0.02131858 -0.02030072
v 0.02602895 0.02063051 -0.02186629
v 0.02472192 0.02195925 -0.01713836
v 0.02671792 0.01965386 -0.0182724
v 0.02530959 0.0212791 -0.01324251
v 0.02741218 0.01870313 -0.01393041
v 0.02874339 0.01669332 -0.01545662
v 0.02820376 0.01759577 -0.01892594
v 0.02904251 0.01623887 -0.02044177
v 0.03023852 0.01400411 -0.01831076
v 0.02991855 0.01454404 -0.02146569
v 0.03031939 0.01385105 -0.01510417
v 0.02942586 0.01546448 -0.011733
v 0.03051105 0.01333925 -0.02405366
v 0.03072993 0.01275533 -0.02113983
v 0.03132184 0.01154497 -0.01782644
v 0.03130797 0.01139483 -0.02119923
v 0.03195724 0.009704828 -0.01961875
v 0.03237922 0.008329064 -0.02104953
v 0.03220668 0.009054869 -0.0219917
v 0.03288302 0.006115377 -0.02038339
v 0.03272404 0.006942958 -0.01807162
v 0.03299998 0.005080402 -0.01739281
v 0.03217591 0.009005666 -0.01553956
v 0.03280929 0.006499469 -0.01457739
v 0.03150047 0.01104644 -0.01255378
v 0.03136937 -0.01110947 -0.02156508
v 0.03080854 -0.0125089 -0.01870462
v 0.03050074 -0.0132511 -0.02272883
v 0.03199884 -0.009319127 -0.0209085
v 0.0325021 -0.007554263 -0.01856726
v 0.03182496 -0.009885341 -0.01629764
v 0.03341407 0.001184046 -0.02058509
v 0.03325874 0.001680315 -0.02146655
v 0.03338023 0.002863973 -0.02006474
v 0.03338328 0.001587868 -0.01816514
v 0.03349565 -0.0003237724 -0.0195325
v 0.03300318 0.005081654 -0.01992184
v 0.03327389 0.003369451 -0.01671025
v 0.03350464 -0.0001368225 -0.01706791
v 0.033492 -0.0007050633 -0.02125779
v 0.0333502 -0.003203958 -0.02087554
v 0.03329904 -0.003236026 -0.01808262
v 0.03294712 -0.005507559 -0.01608738
v 0.03339164 0.00167039 -0.01456037
v 0.03302743 0.005010933 -0.0135456
v 0.03352433 -0.0003917217 -0.01334113
v 0.03333439 -0.003323078 -0.01154223
v 0.03329176 -0.003435522 -0.01470232
v 0.03324899 0.00349915 -0.01041356
v 0.033453 0.0009491444 -0.0105125
v 0.03355631 -0.001119375 -0.009557545
v 0.03346398 -0.002530426 -0.00972864
v 0.03297517 -0.005262971 -0.02195007
v 0.03241764 -0.007964045 -0.0128963
v 0.03145435 -0.01094729 -0.01360416
v 0.03066057 -0.01283935 -0.01417807
v 0.03300245 -0.005448967 -0.01225352
v 0.03298408 -0.00556612 -0.009441197
v 0.03155454 -0.01067099 -0.009207636
v 0.03246319 -0.007951558 -0.008945316
v 0.02930394 0.002195984 -0.04849213
v 0.02862129 -0.002522022 -0.04770443
v 0.02953786 -0.001094401 -0.04890424
v 0.03281268 0.00548026 -0.04332528
v 0.03308041 0.004327565 -0.04390812
v 0.03276895 0.005861163 -0.0449844
v 0.03277402 0.006183386 -0.04151899
v 0.03314003 0.003726065 -0.04178259
v 0.03328432 0.002128124 -0.03643459
v 0.03334923 0.0009522736 -0.03438383
v 0.0335335 0.000371933 -0.03559506
v 0.03336017 0.002550423 -0.03479424
v 0.03329274 0.002673179 -0.03140482
v 0.02771045 -0.005126029 -0.04738101
v 0.02884172 -0.003854305 -0.048013
v 0.02810407 -0.006193966 -0.04775381
v 0.02696401 -0.008382022 -0.04738784
v 0.02835912 -0.007276714 -0.04821873
v 0.03255777 -0.006650269 -0.04350126
v 0.03320611 -0.003905296 -0.04425749
v 0.03316733 -0.003626764 -0.04271635
v 0.02818201 -0.01744261 -0.04494265
v 0.02936704 -0.01542214 -0.04210499
v 0.02808803 -0.017555 -0.04241362
v 0.03039242 -0.01358271 -0.04187039
v 0.03100789 -0.01226676 -0.04320461
v 0.02690116 -0.01923034 -0.04172006
v 0.02646482 -0.01975998 -0.045068
v 0.02521053 -0.02130228 -0.04263866
v 0.02537368 -0.02107137 -0.03965291
v 0.02645986 -0.0198324 -0.03820774
v 0.02786207 -0.01791269 -0.04041946
v 0.03006946 -0.01418081 -0.0452649
v 0.03068911 -0.01295173 -0.03997096
v 0.0289903 -0.01603308 -0.03900254
v 0.03044918 -0.01352975 -0.03837541
v 0.02772382 -0.01807046 -0.03795549
v 0.02771242 -0.01810807 -0.03416237
v 0.02893117 -0.01616362 -0.03535342
v 0.03049588 -0.01335189 -0.03649759
v 0.03312136 -0.004834145 -0.03805968
v 0.03330079 -0.003388077 -0.0354923
v 0.0328446 -0.005496085 -0.03628898
v 0.03344788 -0.0003359914 -0.03255963
v 0.03336011 -0.001578271 -0.03466514
v 0.03338566 0.0002999306 -0.03048238
v 0.03039932 -0.01340458 -0.03370965
v 0.03162181 -0.01040629 -0.03084603
v 0.0316022 -0.01040268 -0.03382024
v 0.02894269 -0.01624438 -0.03137121
v 0.03243089 -0.007625043 -0.03233436
v 0.02963908 -0.01498672 -0.02958816
v 0.0309514 -0.0122225 -0.03007191
v 0.02867708 -0.01657656 -0.02953327
v 0.03130323 -0.01173455 -0.02407607
v 0.03089221 -0.01205364 -0.0233494
v 0.03046179 -0.01290253 -0.02467668
v -0.0002412796 0.03122813 -0.05087107
v -0.001650602 0.03072323 -0.05076262
v -0.0007989407 0.03234585 -0.04843712
v -0.0009750128 0.03249142 -0.0498068
v 0.00100325 0.03189713 -0.0505113
v 0.003249615 0.03124872 -0.05076608
v 0.003596514 0.03004842 -0.05056652
v 0.005741909 0.03043833 -0.05074683
v 0.02129562 -0.02084833 -0.04990306
v 0.02073972 -0.02202168 -0.05048969
v 0.01860204 -0.02319989 -0.04994282
v 0.03008786 -0.002822042 -0.05026108
v 0.03066503 -0.001901448 -0.05060866
v 0.03069778 -0.004501045 -0.05076578
v 0.03152773 -0.001898766 -0.05073836
v 0.02977946 -0.00531289 -0.05023038
v 0.03172731 -0.004353404 -0.05066738
v 0.03078443 -0.00592795 -0.05074352
v 0.02945198 -0.008090079 -0.05049598
v 0.02896403 -0.007496178 -0.04966557
v 0.02827121 -0.009861559 -0.04986906
v 0.02823374 -0.01180714 -0.05054805
v 0.02701682 -0.01284406 -0.04986688
v 0.02788554 -0.01390067 -0.05074912
v 0.03163497 -0.005920589 -0.05046213
v 0.0315841 -0.007096261 -0.05020872
v 0.03095901 -0.009381682 -0.05007327
v 0.03156471 -0.008562565 -0.04895359
v 0.0309827 -0.01134866 -0.04735872
v 0.02371526 -0.01862538 -0.05029261
v 0.02398191 -0.01968768 -0.05077854
v 0.0268575 -0.01669887 -0.05067366
v 0.02563034 -0.01940367 -0.05024499
v 0.02704169 -0.01768908 -0.04992005
v 0.02062775 -0.02337939 -0.05079105
v 0.02234749 -0.0210194 -0.05073279
v 0.02322379 -0.0218938 -0.05045456
v 0.02204321 -0.02335167 -0.0501886
v 0.02320543 -0.02263537 -0.04945904
v 0.02463256 -0.02069476 -0.0503397
v 0.02526781 -0.02064282 -0.0481731
v 0.02458949 -0.02111226 -0.04985678
v 0.02632301 -0.01907274 -0.04894081
v 0.02776128 -0.01566979 -0.0505127
v 0.02783778 -0.01732638 -0.04757878
v 0.02830671 -0.01633182 -0.04910281
v 0.02606021 -0.01957905 -0.04710329
v 0.02553847 -0.02025065 -0.04615438
v 0.02442558 -0.02156055 -0.0467892
v 0.02713306 -0.01871374 -0.0460766
v 0.02844837 -0.01672465 -0.04563051
v 0.02842247 -0.01693597 -0.04625607
v 0.02539185 -0.02096772 -0.04535612
v 0.02944136 -0.01445273 -0.047463
v 0.02879 -0.01596636 -0.04691228
v 0.003675103 0.03186724 -0.05034044
v 0.007211357 0.03076363 -0.05066666
v 0.008481011 0.02901612 -0.0504505
v 0.009840727 0.03003255 -0.05073828
v 0.01008572 0.03089154 -0.04984653
v 0.01156494 0.03005144 -0.05028975
v 0.0108722 0.02929643 -0.05073401
v 0.01238611 0.02757183 -0.0503763
v 0.01230259 0.02929348 -0.0506193
v 0.0130949 0.02818638 -0.05068272
v 0.01492052 0.02821898 -0.05059412
v 0.01542561 0.0287986 -0.04858205
v 0.01494668 0.02893239 -0.04956654
v 0.01353568 0.02614033 -0.04886714
v 0.01477011 0.02628696 -0.05025116
v 0.0158197 0.02814168 -0.05029353
v 0.01627372 0.02644823 -0.05064464
v 0.01695274 0.02684677 -0.05061072
v 0.0173243 0.02743267 -0.05016509
v 0.01610839 0.02479291 -0.04905653
v 0.01647219 0.02526143 -0.05031154
v 0.01135312 0.0310891 -0.04512963
v 0.0112596 0.0309618 -0.04571956
v 0.01640107 0.02861148 -0.04745612
v 0.01582325 0.02893201 -0.04599935
v 0.01762652 0.02781714 -0.0458681
v 0.01920253 0.0256599 -0.05050036
v 0.01810879 0.02421726 -0.05035889
v 0.01885492 0.02533437 -0.05066448
v 0.02102576 0.02364263 -0.0505771
v 0.02106996 0.02235848 -0.0505552
v 0.0201527 0.02240878 -0.05011573
v 0.02046256 0.02527063 -0.05018923
v 0.02017844 0.02569367 -0.04945275
v 0.02259757 0.02340135 -0.05033249
v 0.02249202 0.02390951 -0.04976091
v 0.02325371 0.021258 -0.05064908
v 0.02218345 0.02058208 -0.05030942
v 0.0214292 0.0199016 -0.04829174
v 0.02406232 0.02114254 -0.05052456
v 0.0238422 0.02253759 -0.0500153
v 0.02447601 0.02150866 -0.05008948
v 0.02392249 0.018511 -0.05006325
v 0.01743445 0.02772734 -0.04833341
v 0.01852632 0.02741575 -0.04736388
v 0.02038476 0.02595519 -0.04727879
v 0.01947536 0.0266017 -0.04615974
v 0.02118453 0.02540448 -0.04576859
v 0.02197723 0.02434137 -0.04854709
v 0.02253117 0.02423686 -0.04715455
v 0.02452394 0.02163708 -0.04887563
v 0.02377988 0.02301624 -0.04589653
v 0.02522853 0.02133393 -0.04757917
v 0.02620576 0.0202364 -0.04604399
v 0.02428533 0.01904133 -0.05058151
v 0.02529617 0.02062872 -0.05018839
v 0.02544759 0.01927978 -0.05058491
v 0.02547131 0.01750553 -0.05063593
v 0.02712896 0.01784497 -0.05007455
v 0.02706288 0.01676705 -0.05058822
v 0.02553318 0.02028561 -0.04901588
v 0.02671124 0.01901901 -0.04899019
v 0.02634457 0.02003929 -0.0475252
v 0.02734117 0.01858363 -0.04585454
v 0.02560954 0.02113295 -0.03747553
v 0.01924427 0.0267891 -0.02630451
v 0.02042966 0.02634239 -0.02786052
v 0.02166311 0.02524829 -0.02965787
v 0.02518857 0.01617676 -0.04986677
v 0.02632634 0.01491725 -0.05014205
v 0.02683792 0.0151605 -0.05052927
v 0.02774091 0.0148091 -0.05070215
v 0.02671169 0.01327157 -0.0492236
v 0.02737923 0.01354909 -0.0503113
v 0.02834384 0.01455507 -0.050607
v 0.02950834 0.01278219 -0.05038604
v 0.02827847 0.01245528 -0.05053762
v 0.02776185 0.01137531 -0.04971647
v 0.02912274 0.01199004 -0.05072138
v 0.03038247 0.01018691 -0.0505611
v 0.03086615 0.01074624 -0.04972506
v 0.02943851 0.01024228 -0.05061269
v 0.02895419 0.008913726 -0.05006
v 0.03020167 0.008174866 -0.05067316
v 0.02973849 0.006549448 -0.05036065
v 0.02846731 0.01686743 -0.04573578
v 0.02816285 0.01757938 -0.04256409
v 0.03101756 0.01152951 -0.04653335
v 0.03033736 0.01350155 -0.04644653
v 0.03032619 0.01325098 -0.04561388
v 0.03178212 0.008643717 -0.04845205
v 0.0318379 0.009267211 -0.04775926
v 0.03147525 0.01042548 -0.04566872
v 0.0321666 0.008521438 -0.0450967
v 0.02985935 0.004429668 -0.05011266
v 0.02729484 0.01899844 -0.04010344
v 0.02738614 0.01889563 -0.03736606
v 0.02766551 0.01816058 -0.04104766
v 0.0284318 0.01714662 -0.04033145
v 0.02950898 0.01564577 -0.03852132
v 0.02986093 0.01477751 -0.03803164
v 0.03215902 0.008657217 -0.04337913
v 0.03212498 0.00864616 -0.04121089
v 0.03213309 0.00900948 -0.03867081
v 0.02805455 0.01771668 -0.03746176
v 0.03214656 0.008085161 -0.04003385
v 0.03203991 0.009259492 -0.03647164
v 0.03217936 0.008280605 -0.03725719
v 0.0325311 0.007132947 -0.03948566
v 0.03257157 0.006868571 -0.03715795
v 0.03277974 0.005711734 -0.03830796
v 0.0326304 0.006038845 -0.03670403
v 0.01938193 0.0264577 -0.02398139
v 0.02015406 0.02633384 -0.02481017
v 0.02059977 0.02585912 -0.02624995
v 0.02134563 0.02544436 -0.02448711
v 0.02070165 0.02614731 -0.02418929
v 0.0211872 0.02558818 -0.02332881
v 0.02226807 0.0247502 -0.02257517
v 0.02253267 0.02426091 -0.0210444
v 0.02327456 0.02358726 -0.02993593
v 0.02384722 0.02318197 -0.02865177
v 0.02603565 0.02081412 -0.02873075
v 0.02668524 0.01972187 -0.02919766
v 0.02764145 0.0180749 -0.02881151
v 0.02296303 0.02377453 -0.02778724
v 0.02488044 0.02215412 -0.02765056
v 0.02509367 0.02137059 -0.02627733
v 0.02459757 0.0221808 -0.02611145
v 0.02324964 0.0235076 -0.02466911
v 0.02457771 0.02213484 -0.02363747
v 0.02727938 0.01915744 -0.02688378
v 0.02732229 0.0189642 -0.02841118
v 0.026235 0.02038035 -0.02382711
v 0.02855505 0.01713499 -0.027951
v 0.02756536 0.01813635 -0.02711776
v 0.02860333 0.01705724 -0.02585471
v 0.02720007 0.01934764 -0.02398145
v 0.02755091 0.0183908 -0.02503636
v 0.03127886 0.0115445 -0.03012067
v 0.03079763 0.01291496 -0.02930191
v 0.02910796 0.01617396 -0.02698454
v 0.03044617 0.01379254 -0.02701664
v 0.03097709 0.0119043 -0.0295932
v 0.03103204 0.01225892 -0.0279938
v 0.03171246 0.01046649 -0.02920416
v 0.03211074 0.009353459 -0.02963269
v 0.03231224 0.008305162 -0.02834675
v 0.03263256 0.00690347 -0.03004086
v 0.03292638 0.005783737 -0.03028464
v 0.03305316 0.004337639 -0.03047517
v 0.03341854 0.002034664 -0.029304
v 0.03304842 0.00630033 -0.02914742
v 0.03244986 0.007309556 -0.02809426
v 0.03296982 0.005334377 -0.02921754
v 0.03277348 0.005034089 -0.02699438
v 0.03321856 0.003234953 -0.02840427
v 0.03313299 0.004078299 -0.0268333
v 0.03054009 0.01364008 -0.02501902
v 0.03108476 0.01219627 -0.02513653
v 0.03105077 0.01176897 -0.02462065
v 0.03083698 0.01284274 -0.02334672
v 0.03151403 0.01105043 -0.02316585
v 0.03210703 0.009228557 -0.02384448
v 0.03233984 0.008338064 -0.02664271
v 0.03282879 0.00603044 -0.02521238
v 0.03285563 0.006302476 -0.02739781
v 0.0332153 0.003416657 -0.02505565
v 0.03320102 0.00231266 -0.02583912
v 0.03246439 0.008273005 -0.02440631
v 0.03273013 0.006813496 -0.02403033
v 0.03243178 0.007811546 -0.02276921
v 0.03269082 0.006997526 -0.02178481
v 0.03301638 0.005986333 -0.02438489
v 0.03309965 0.004879087 -0.02353215
v 0.03296575 0.005194038 -0.02229509
v 0.03326789 0.003926545 -0.02286354
v 0.02320436 0.0234274 -0.02235091
v 0.02721567 0.01914853 -0.02292186
v 0.02835591 0.01717234 -0.02202961
v 0.02718042 0.01923937 -0.02074724
v 0.02838042 0.01715922 -0.02325252
v 0.02900429 0.01624918 -0.0232999
v 0.02751285 0.01850024 -0.02079579
v 0.02823375 0.01757285 -0.02062687
v 0.03102858 0.01265848 -0.02168569
v 0.03271577 0.006039798 -0.02176872
v 0.03310791 0.002383977 -0.02794662
v 0.03352454 0.001298189 -0.02770615
v 0.03348286 0.001231909 -0.02504307
v 0.03347164 4.738569e-06 -0.02599949
v 0.03322189 -0.002654582 -0.02485219
v 0.03318319 -0.002781689 -0.02735201
v 0.03366616 0.0002328753 -0.02346116
v 0.03320433 0.002447903 -0.02328438
v 0.03348231 -0.001418054 -0.02364028
v 0.03328688 -0.002270907 -0.02285188
v 0.03327756 -0.003717661 -0.02497166
v 0.02961099 -0.01495758 -0.02042323
v 0.02938591 -0.01542374 -0.02175784
v 0.03237613 -0.007784218 -0.02246806
v 0.02973136 -0.01468381 -0.01878259
v 0.03044261 0.005424201 -0.05061841
v 0.03108691 0.007443279 -0.05066922
v 0.03136772 0.00487265 -0.05076775
v 0.03124377 0.008468628 -0.05020502
v 0.03181097 0.007437319 -0.04964536
v 0.03214759 0.004933357 -0.05014291
v 0.03233637 0.005508631 -0.04883972
v 0.03177312 0.009010553 -0.04587382
v 0.03254876 0.006313086 -0.04779175
v 0.03219827 0.007372648 -0.04689321
v 0.03272027 0.004709929 -0.04591393
v 0.03099555 0.002957135 -0.05069947
v 0.03023477 0.002159059 -0.05024466
v 0.03039286 -3.448129e-05 -0.05038747
v 0.03211384 0.003034949 -0.05042678
v 0.03129266 0.0007521808 -0.0507668
v 0.0323776 0.0004208982 -0.05036336
v 0.03258738 0.003009707 -0.0494895
v 0.03293864 0.003047138 -0.04759681
v 0.03272404 -0.0007972121 -0.04922378
v 0.03232627 -0.0009813011 -0.05030823
v 0.03314903 -0.0003655553 -0.04733655
v 0.03292374 -0.002583355 -0.04593325
v 0.03298175 -0.002839088 -0.04746652
v 0.03235167 -0.002135187 -0.05042869
v 0.03260311 -0.003392369 -0.0488233
v 0.03241472 -0.00417456 -0.05010796
v 0.03253797 -0.004899085 -0.04791808
v 0.03264619 -0.004227996 -0.04598629
v 0.03281207 0.004884988 -0.04717803
v 0.03317802 0.0002628267 -0.04601288
v 0.03327528 0.002868891 -0.04481241
v 0.03326623 0.001947939 -0.0440394
v 0.03336205 6.16014e-05 -0.04467589
v 0.0332936 -0.00198704 -0.04489654
v 0.03326678 -0.0001945496 -0.04339764
v 0.03337871 0.0007874668 -0.04205951
v 0.03333381 -0.0007990897 -0.04218116
v 0.03335844 -0.002626956 -0.04122096
v 0.03292887 -0.00492537 -0.04509214
v 0.03287177 0.00538528 -0.04098397
v 0.03324623 0.004598647 -0.03964627
v 0.03316765 0.00355795 -0.03956801
v 0.03316464 0.004180253 -0.03735632
v 0.03330989 0.002584428 -0.04066446
v 0.03330602 0.0008833408 -0.03941879
v 0.03345241 -0.0002175272 -0.04017609
v 0.03327085 -0.001254767 -0.03980327
v 0.03329188 0.002388358 -0.03819916
v 0.03308052 0.003539592 -0.03811124
v 0.03348558 7.31051e-05 -0.03744158
v 0.03220358 -0.006626964 -0.04820913
v 0.03164396 -0.009094208 -0.04751804
v 0.03226432 -0.007561564 -0.04598486
v 0.03252979 -0.007268757 -0.04502091
v 0.03029224 -0.01311505 -0.04600275
v 0.03139813 -0.01009759 -0.04593658
v 0.03154117 -0.01064751 -0.04504293
v 0.0320587 -0.009194672 -0.04373196
v 0.03322604 -0.004481912 -0.0398542
v 0.03284204 -0.005598724 -0.0399957
v 0.03245059 -0.007822663 -0.04242173
v 0.03243369 -0.007441133 -0.04081079
v 0.03128529 -0.01130098 -0.03859305
v 0.03146727 -0.01076257 -0.04048887
v 0.03210314 -0.009059668 -0.04042909
v 0.03155945 -0.01057589 -0.042862
v 0.03074108 -0.01243636 -0.03762001
v 0.03310759 -0.003782988 -0.03848612
v 0.03274539 -0.005693734 -0.03819269
v 0.03259608 -0.006912529 -0.03720734
v 0.03214999 -0.00855881 -0.03780386
v 0.03196807 -0.009401172 -0.03619158
v 0.03220363 -0.008329421 -0.03535324
v 0.03310549 -0.004343778 -0.03388685
v 0.03321126 -0.003227204 -0.03088498
v 0.03292508 -0.005304933 -0.03169012
v 0.03194822 -0.009459555 -0.03038639
v 0.0327813 -0.006173402 -0.02936751
v 0.0323561 -0.008374244 -0.02946675
v 0.03158875 -0.009982497 -0.02968416
v 0.03184485 -0.00975281 -0.02819911
v 0.03127566 -0.0112555 -0.02904525
v 0.03123771 -0.01168397 -0.02692735
v 0.03074452 -0.01290059 -0.02849087
v 0.02768587 -0.01820716 -0.03076911
v 0.02887812 -0.01609534 -0.02750954
v 0.02863257 -0.01692876 -0.02850145
v 0.03026463 -0.01373056 -0.02787134
v 0.03069879 -0.01264629 -0.02734259
v 0.03039522 -0.01369336 -0.02690902
v 0.02955294 -0.01521105 -0.0267739
v 0.03362921 0.001238018 -0.02877665
v 0.03332804 -0.001956999 -0.02917239
v 0.03326385 -0.003808826 -0.02915549
v 0.03263134 -0.006439716 -0.02693519
v 0.03320071 -0.00485158 -0.02795827
v 0.03311656 -0.004790992 -0.02436066
v 0.03271528 -0.006179482 -0.02418461
v 0.03223585 -0.007912278 -0.0279921
v 0.0320161 -0.00934574 -0.02573252
v 0.03142329 -0.01068258 -0.02643701
v 0.03247431 -0.007811248 -0.02381763
v 0.03161173 -0.01048082 -0.02395803
v 0.03228705 -0.008938342 -0.02325672
v 0.03180645 -0.010212 -0.02276614
v 0.03014244 -0.0139451 -0.02509215
v 0.02953212 -0.01533452 -0.02493161
v 0.03202499 -0.009669155 -0.02167678
v -0.0180562 -0.02355665 -0.05058405
v -0.01770452 -0.02487841 -0.0506762
v -0.01810144 -0.02588338 -0.04981402
v -0.01886247 -0.02652612 -0.04791158
v -0.01632625 -0.02734339 -0.04931316
v -0.01562142 -0.02697012 -0.05014318
v -0.01475501 -0.0284262 -0.04907072
v -0.0134811 -0.02846128 -0.04992032
v -0.01231948 -0.02944967 -0.04958317
v -0.009748131 -0.02974212 -0.0503788
v -0.01268436 -0.0277583 -0.05051184
v -0.01169342 -0.02777436 -0.05047318
v -0.009625211 -0.02893016 -0.05043927
v -0.01640992 -0.01843789 -0.04816195
v -0.01438135 -0.0167861 -0.04660541
v -0.01459251 -0.01859638 -0.04786989
v -0.0168846 -0.02202702 -0.04701835
v -0.01694337 -0.0228689 -0.04771161
v -0.01583712 -0.02004412 -0.04784507
v -0.01423134 -0.02024549 -0.04808447
v -0.01316273 -0.02146646 -0.04798499
v -0.01531963 -0.02271995 -0.04681966
v -0.01516305 -0.02189186 -0.04692411
v -0.01416475 -0.02450201 -0.04741484
v -0.01181184 -0.02050427 -0.04775858
v -0.01086727 -0.02221605 -0.04793948
v -0.0112029 -0.02275938 -0.04778209
v -0.0121216 -0.01914731 -0.0469726
v -0.0135078 -0.02313921 -0.04673713
v -0.009014145 -0.02254793 -0.04789087
v -0.008953914 -0.02135715 -0.0473243
v -0.008627445 -0.02382243 -0.04778799
v -0.01538585 -0.01454064 -0.04633296
v -0.01371826 -0.01625749 -0.04630491
v -0.01112744 -0.01575914 -0.0472264
v -0.01168349 -0.01795343 -0.04620588
v -0.009860173 -0.01693407 -0.04713836
v -0.008108273 -0.01644048 -0.046987
v -0.009524673 -0.01903716 -0.04616594
v -0.007874742 -0.01790625 -0.04714507
v -0.008162498 -0.01959577 -0.04613519
v -0.009012267 -0.02013841 -0.04645917
v -0.01837669 -0.02786088 -0.04547223
v -0.01770493 -0.02839613 -0.04411933
v -0.01379944 -0.02985477 -0.047676
v -0.01319301 -0.02399072 -0.04671323
v -0.01585093 -0.02931267 -0.04546854
v -0.01620309 -0.02918619 -0.04229173
v -0.01392952 -0.03016973 -0.0453527
v -0.01403239 -0.03014672 -0.041307
v -0.01657136 -0.02908885 -0.03749868
v -0.01381652 -0.03025985 -0.03824207
v -0.01226641 -0.03085238 -0.04333475
v -0.01231736 -0.03088158 -0.04096586
v -0.007105559 -0.02495682 -0.04719248
v -0.008993492 -0.02538565 -0.04657945
v -0.007659182 -0.02275729 -0.04779479
v -0.007626921 -0.02375498 -0.04781449
v -0.004691496 -0.01812357 -0.04706547
v -0.006613627 -0.02026871 -0.04613259
v -0.005070522 -0.01902592 -0.0470593
v -0.001452804 -0.0185504 -0.04702723
v -0.004635006 -0.02087808 -0.04610127
v -0.002492905 -0.01925936 -0.04706514
v -0.002059579 -0.01998773 -0.04687235
v -0.002759516 -0.02127546 -0.0460763
v -0.006551832 -0.0214133 -0.04656887
v -0.006099463 -0.02282462 -0.04733863
v -0.005403146 -0.02125058 -0.04625612
v -0.002893388 -0.02183649 -0.04633042
v -0.004177213 -0.02344561 -0.04767233
v -0.006415293 -0.02419072 -0.04758441
v -0.004198536 -0.02464002 -0.04779664
v -0.004698843 -0.02529651 -0.0475156
v -0.005462945 -0.02624482 -0.04666841
v -2.411008e-05 -0.01969239 -0.04705977
v -0.001387104 -0.02149251 -0.04605734
v 0.0001557171 -0.0214904 -0.04609829
v 0.002558574 -0.01967952 -0.04706413
v 0.001430631 -0.02052623 -0.04665717
v 0.001547173 -0.02148581 -0.04609275
v -0.002418622 -0.02354917 -0.04751953
v -0.002002731 -0.02537841 -0.04764736
v -0.002766773 -0.02419519 -0.04781893
v -0.003136218 -0.02644235 -0.04673597
v -0.0008495301 -0.02448928 -0.04784131
v -0.0004497468 -0.02382585 -0.04756072
v -0.0005877912 -0.02673864 -0.04669967
v 0.001067623 -0.02553532 -0.04764012
v 0.001465887 -0.02242801 -0.04658481
v -0.009175032 -0.02716997 -0.04732296
v -0.007650718 -0.02635899 -0.04649478
v -0.005930394 -0.02707079 -0.04660788
v -0.005748406 -0.02804685 -0.04715708
v -0.006222486 -0.03053623 -0.0503659
v -0.004245266 -0.029452 -0.05001017
v -0.004622638 -0.03049839 -0.05008486
v -0.005991563 -0.03148094 -0.04969123
v -0.004686177 -0.03183529 -0.04880106
v -0.002976656 -0.03007913 -0.04986548
v -0.002822921 -0.03147817 -0.04859096
v -0.003670394 -0.02846646 -0.04740474
v -0.004739434 -0.02871391 -0.04815301
v -0.0007035285 -0.02966481 -0.04981464
v -0.002528295 -0.02866897 -0.04918644
v -0.002133027 -0.03097847 -0.0490844
v -0.002376944 -0.03269276 -0.04810312
v -0.01023036 -0.03173488 -0.04193261
v -0.01031582 -0.03171524 -0.04356781
v -0.009252205 -0.0318231 -0.0422518
v -0.007626593 -0.03241861 -0.04235035
v -0.007542714 -0.03228649 -0.04390147
v -0.006178483 -0.03259355 -0.04153118
v -0.002826855 -0.02773893 -0.0465942
v -0.002527729 -0.02720404 -0.04650566
v -0.0004318208 -0.02834916 -0.04698476
v -0.0003973097 -0.0277257 -0.046469
v -0.01429898 -0.0301064 -0.03492275
v -0.01258048 -0.03078988 -0.03625977
v -0.01150872 -0.03108051 -0.03583929
v -0.01084365 -0.0313499 -0.03759205
v -0.008710355 -0.03212845 -0.0375087
v -0.01051843 -0.03152499 -0.03541687
v -0.01322331 -0.03052431 -0.03336596
v -0.01209646 -0.0309867 -0.03400907
v -0.01498805 -0.02987128 -0.03121498
v -0.01319429 -0.03054532 -0.03071085
v -0.01333936 -0.03055021 -0.0283002
v -0.01240888 -0.0309673 -0.0287008
v -0.01254764 -0.03087714 -0.03152552
v -0.004559293 -0.03279641 -0.03598651
v -0.006616637 -0.03252441 -0.03728244
v -0.005604401 -0.03255635 -0.03751186
v 0.003036872 -0.02150837 -0.04619488
v 0.004959628 -0.02200362 -0.04665065
v 0.001444489 -0.0244486 -0.04786962
v 0.002746239 -0.02516305 -0.04779547
v 0.002902538 -0.02343661 -0.04748499
v 0.003367007 -0.02427337 -0.04791692
v 0.005813032 -0.02322304 -0.04778081
v 0.006653249 -0.02397248 -0.04798606
v 0.004800066 -0.02482983 -0.04790393
v 0.00465773 -0.02561995 -0.04749662
v 0.002908722 -0.02656147 -0.04686192
v 0.004903272 -0.0265907 -0.04671472
v 0.008332431 -0.02270338 -0.04794154
v 0.00953275 -0.02329642 -0.04809004
v 0.009321466 -0.02420172 -0.0477986
v 0.006922111 -0.02474314 -0.0478026
v 0.007375494 -0.02600536 -0.04683557
v 0.004971653 -0.02743793 -0.04666784
v 0.007199988 -0.02701339 -0.04685387
v 0.00751625 -0.02783903 -0.04775822
v 0.009643748 -0.02532646 -0.04700112
v 1.990795e-05 -0.03017744 -0.04982063
v -0.0002447814 -0.03130853 -0.04905263
v -0.0007770956 -0.032098 -0.04835126
v -0.0001182705 -0.0292542 -0.04971287
v 0.00236772 -0.03030953 -0.05006716
v 0.00160791 -0.03103349 -0.04960141
v 0.004381195 -0.03002679 -0.05021149
v 0.0008970648 -0.03193495 -0.04854324
v -1.358986e-05 -0.03307983 -0.04807809
v 0.001848027 -0.03256419 -0.04839152
v 0.001852661 -0.02775449 -0.04656604
v 0.00354448 -0.02863508 -0.04750764
v 0.001260132 -0.02729869 -0.04655853
v 0.006678566 -0.03210548 -0.04388297
v 0.004470617 -0.03278628 -0.04497811
v 0.00603582 -0.03241244 -0.04504508
v 0.01147664 -0.03055671 -0.04791892
v 0.008825779 -0.03148538 -0.04802877
v 0.01209506 -0.02975973 -0.04949519
v 0.004832864 -0.01874912 -0.04715127
v 0.004923522 -0.01958412 -0.04692814
v 0.003490523 -0.02086636 -0.04636005
v 0.004975051 -0.0209434 -0.04615399
v 0.007281601 -0.02031106 -0.04625234
v 0.006110772 -0.02081582 -0.04619038
v 0.007632136 -0.02096912 -0.04653016
v 0.009634405 -0.02195114 -0.04791173
v 0.01125123 -0.02133456 -0.04804695
v 0.01183498 -0.02213591 -0.04815271
v 0.0119385 -0.02283964 -0.04795372
v 0.01191764 -0.02451989 -0.04701522
v 0.009180754 -0.02623403 -0.04690841
v 0.00241226 -0.03289276 -0.03364313
v 0.00176546 -0.03298485 -0.03703162
v 0.0039673 -0.03272229 -0.03547552
v 0.01357007 -0.02364179 -0.04707581
v 0.01202179 -0.02515799 -0.04700956
v 0.01448984 -0.02209675 -0.04767287
v 0.01453154 -0.02379778 -0.04705396
v 0.01563381 -0.02420557 -0.04787928
v 0.01217555 -0.02602303 -0.04768419
v 0.01627685 -0.02265984 -0.04712591
v 0.01083241 -0.02643412 -0.04755273
v 0.01783982 -0.02257362 -0.04783902
v 0.01653922 -0.02842247 -0.04622361
v 0.01581234 -0.02879101 -0.04307353
v 0.0143006 -0.02959225 -0.04505771
v 0.01866776 -0.02711302 -0.04485282
v 0.0199149 -0.0261547 -0.04274681
v 0.02175397 -0.02479884 -0.04334196
v 0.02260311 -0.02399987 -0.04164758
v 0.02137239 -0.02502027 -0.03998941
v 0.01774549 -0.02768454 -0.03979102
v 0.0213937 -0.02517316 -0.04462707
v 0.01210259 -0.03059256 -0.04496518
v 0.01031965 -0.03114176 -0.04284769
v 0.01007119 -0.03133002 -0.04478881
v 0.01060492 -0.03102988 -0.04030913
v 0.01336339 -0.02993789 -0.04202038
v 0.01263572 -0.03025341 -0.03879556
v 0.01513994 -0.02908573 -0.03980866
v 0.01022832 -0.03108242 -0.0371739
v 0.01107664 -0.03081572 -0.03493235
v 0.01483993 -0.02920464 -0.03518629
v 0.02252828 -0.02405125 -0.04467261
v 0.02185641 -0.02472565 -0.04602396
v 0.02386566 -0.02282774 -0.04467893
v 0.02406654 -0.02259839 -0.04070985
v -0.01314549 -0.0306524 -0.02612951
v -0.01317753 -0.03068003 -0.02334642
v -0.0127448 -0.03091213 -0.02188978
v -0.01216221 -0.03119522 -0.02406064
v -0.0109245 -0.03148571 -0.01933977
v -0.01279296 -0.03091717 -0.01859587
v -0.009096146 -0.03195447 -0.01923206
v -0.008352011 -0.03213769 -0.02160674
v -0.006231353 -0.03257102 -0.0200642
v 0.0002480447 -0.03293458 -0.02752259
v 0.001128569 -0.03295758 -0.0308373
v 0.001528934 -0.03299272 -0.02847531
v 0.0007054955 -0.03280661 -0.02598381
v 0.001871422 -0.03289568 -0.02661461
v -0.0003506839 -0.03318647 -0.02539074
v 0.001368746 -0.0328421 -0.02438992
v 0.0002823025 -0.03280845 -0.02361774
v 0.001690134 -0.03290454 -0.02323484
v -0.01202308 -0.03116354 -0.01614031
v -0.01002623 -0.03175387 -0.01592585
v -0.008577898 -0.03216484 -0.013787
v -0.007281944 -0.03239185 -0.01791346
v -0.004711866 -0.03277799 -0.01856983
v -0.004728645 -0.03278702 -0.01694989
v -0.007608399 -0.03230408 -0.01527742
v -0.009775162 -0.03187218 -0.01205188
v -0.009095028 -0.03201872 -0.00974676
v -0.006913587 -0.03241229 -0.01092324
v -0.006264761 -0.03256047 -0.01369837
v -0.005638763 -0.03259769 -0.01192755
v -0.003644541 -0.0328835 -0.01363069
v -0.003776163 -0.03279915 -0.01559925
v -0.007548049 -0.03226498 -0.00953123
v -0.004177064 -0.03273728 -0.009347469
v -0.002415553 -0.03285757 -0.0125457
v -0.00217177 -0.03292674 -0.01028088
v -0.004724815 -0.03280124 -0.02152699
v -0.002324194 -0.0328939 -0.02088836
v -0.002514899 -0.03285316 -0.01763204
v -0.0008600354 -0.03289264 -0.01593047
v 6.946921e-05 -0.03290838 -0.01890901
v 0.004474416 -0.0324755 -0.0198276
v 0.00176242 -0.03274637 -0.02022806
v 0.004167035 -0.03259394 -0.02104726
v 0.005667686 -0.03227448 -0.01870117
v 0.002620891 -0.03266835 -0.01720107
v 0.0008287877 -0.03274715 -0.01696652
v 0.0005214512 -0.03282589 -0.01396012
v 0.001555562 -0.03278953 -0.01143152
v 0.005539805 -0.03224102 -0.01633838
v 0.005798176 -0.03220198 -0.01377386
v 0.008092329 -0.03166142 -0.01528198
v 0.003220841 -0.03262317 -0.01483572
v 0.01034142 -0.03102422 -0.03429973
v 0.009790137 -0.03116 -0.03223693
v 0.01158005 -0.03062579 -0.0309585
v 0.01391087 -0.02967408 -0.03310049
v 0.01036489 -0.03104275 -0.02871257
v 0.009862557 -0.03113312 -0.03030676
v 0.01342532 -0.02988273 -0.02841023
v 0.009465918 -0.03131935 -0.02665037
v 0.01129296 -0.03069085 -0.02619001
v 0.02258378 -0.0240337 -0.0390484
v 0.0204573 -0.02574879 -0.03591731
v 0.02209844 -0.02438787 -0.03550985
v 0.02397315 -0.02265796 -0.03664395
v 0.02480829 -0.02179679 -0.03332373
v 0.0230971 -0.02353838 -0.03340125
v 0.0216205 -0.02479365 -0.0309622
v 0.02137682 -0.02506876 -0.03286234
v 0.01785389 -0.02750105 -0.03551209
v 0.01563188 -0.02879605 -0.03138995
v 0.01383924 -0.02966878 -0.03103271
v 0.01887761 -0.02686307 -0.0307968
v 0.01733984 -0.02787769 -0.02818051
v 0.01524572 -0.02894372 -0.0264166
v 0.01017337 -0.03108135 -0.02333191
v 0.01341131 -0.02984935 -0.02365631
v 0.01242791 -0.03024906 -0.01874793
v 0.01575685 -0.02871189 -0.02170485
v 0.01562469 -0.02871165 -0.01767009
v 0.01766305 -0.02762499 -0.02056313
v 0.01221165 -0.03030837 -0.0163663
v 0.02575178 -0.02080464 -0.03062031
v 0.02332047 -0.02335307 -0.03020507
v 0.02563615 -0.02102727 -0.02842721
v 0.02727582 -0.01890588 -0.02968374
v 0.02191031 -0.02462015 -0.02823895
v 0.02374741 -0.02299491 -0.02820966
v 0.02307712 -0.02359298 -0.02599418
v 0.02709401 -0.01910329 -0.0273487
v 0.0256771 -0.02089855 -0.02564934
v 0.02504933 -0.02161601 -0.02407643
v 0.02308021 -0.02351463 -0.0214633
v 0.02194265 -0.02451417 -0.02214006
v 0.02667968 -0.01956213 -0.0227837
v 0.01600784 -0.02858591 -0.02475441
v 0.02078454 -0.02539703 -0.02403203
v 0.0200019 -0.02607498 -0.0214687
v 0.01949242 -0.02643633 -0.01929802
v 0.02130258 -0.02508539 -0.01868442
v 0.0175468 -0.02767923 -0.02342537
v 0.01715176 -0.02789661 -0.01683173
v 0.02120078 -0.02511367 -0.02556956
v 0.003193378 -0.03272757 -0.0320155
v 0.003174394 -0.03275001 -0.02977243
v 0.007975027 -0.03184059 -0.02373204
v 0.008312479 -0.03168553 -0.02532953
v 0.008664787 -0.03146783 -0.02335602
v 0.007604539 -0.03186247 -0.0221349
v 0.00664115 -0.03198165 -0.0238671
v 0.006493092 -0.03209946 -0.02080312
v 0.009021729 -0.03145254 -0.02027613
v 0.008417472 -0.0316298 -0.01683536
v 0.01094232 -0.03077811 -0.01502961
v -0.006519467 -0.03248945 -0.007561028
v -0.00374274 -0.0327526 -0.007616282
v -0.002270564 -0.03287423 -0.008714229
v -0.002605855 -0.03287792 -0.006212115
v -0.009515822 -0.03194606 -0.007243037
v -0.008623451 -0.03211623 -0.005135357
v -0.006753623 -0.03249028 -0.00437662
v -0.008380786 -0.03218186 -0.002560526
v -0.004725292 -0.03265107 -0.005273014
v -0.003295437 -0.03286734 -0.003508866
v -0.006801665 -0.03248289 -0.0008977354
v -0.008409351 -0.03223249 0.001067638
v -0.006164208 -0.03262922 0.001214176
v -0.004867509 -0.03272995 -0.0006732643
v -0.00513947 -0.03265706 -0.003200144
v -0.001285017 -0.03281614 -0.004718751
v -0.003337488 -0.03291073 -0.0009578764
v -0.001021713 -0.03285339 -0.001920015
v -0.001647413 -0.03287366 0.0009154677
v 0.001211435 -0.03279981 -0.008966386
v 0.003388718 -0.03258735 -0.008880198
v 0.0001151264 -0.03281546 -0.005619138
v 0.00122416 -0.03281224 -0.007089317
v 0.005071506 -0.0323523 -0.01094037
v 0.008400142 -0.03157777 -0.01264054
v 0.002617672 -0.0326528 -0.004999101
v 0.005300805 -0.03226408 -0.006576061
v 0.007635936 -0.03173292 -0.008860052
v 0.007708028 -0.0317297 -0.004482895
v 0.00440675 -0.03236529 -0.002760053
v 0.01063697 -0.03090167 -0.0070301
v 0.0003923476 -0.03283969 -0.003432423
v 0.001397073 -0.03270608 -0.001579136
v -0.004338831 -0.03281865 0.002268285
v -0.006070927 -0.03265688 0.003139615
v -0.004365891 -0.03290048 0.004088461
v -0.004694462 -0.03290001 0.00614959
v -0.002639294 -0.03290635 0.00542897
v -0.005441725 -0.03277865 0.008608401
v -0.003618494 -0.03288651 0.008618474
v -0.007644698 -0.03253508 0.01229432
v -0.005574763 -0.03286707 0.01201338
v -0.005136341 -0.03290296 0.01044452
v -0.0005738139 -0.0328432 0.006055176
v 0.001654163 -0.03273526 0.004788727
v 0.001209259 -0.03280002 0.006217718
v 0.001477718 -0.03269529 0.007156163
v -0.001785234 -0.03297582 0.008412272
v -0.001615286 -0.03295478 0.01132581
v 0.006969035 -0.03183481 -0.001818538
v 0.005423352 -0.03220406 -0.0003927052
v 0.01095659 -0.03076312 -0.003813595
v 0.01064324 -0.03089327 -0.000931114
v 0.007567793 -0.03175932 0.0006817877
v 0.006466299 -0.03197071 0.002862483
v 0.009960368 -0.03107888 0.001197547
v 0.008448154 -0.03145558 0.003305495
v 0.01026103 -0.03096211 0.003079087
v 0.009231403 -0.03126144 0.004816085
v 0.0001704544 -0.03280565 0.0004660487
v 0.002590582 -0.03262848 0.000656873
v 0.0007314086 -0.03270039 0.002052188
v 0.002754509 -0.03261015 0.002878308
v 0.00217624 -0.03257862 0.003635675
v 0.004087463 -0.03242454 0.002401322
v 0.004413873 -0.03241438 0.004559338
v 0.003333151 -0.03257719 0.005897731
v 0.006353676 -0.031977 0.005169272
v 0.004601672 -0.03235471 0.007074594
v 0.007351518 -0.03183413 0.007172525
v 0.01470913 -0.02914563 -0.01465839
v 0.01692006 -0.0280458 -0.01199621
v 0.01961268 -0.02640384 -0.01420885
v 0.01523535 -0.02887878 -0.01157662
v 0.02012084 -0.02601963 -0.009812444
v 0.01888978 -0.02684397 -0.01171467
v 0.01692617 -0.02805823 -0.007889092
v 0.02452925 -0.02203616 -0.02091491
v 0.02558732 -0.0208655 -0.02175477
v 0.02551778 -0.02098778 -0.0200265
v 0.02661777 -0.01966631 -0.02117962
v 0.02471225 -0.02185559 -0.01796073
v 0.02665466 -0.01919359 -0.0206376
v 0.02642384 -0.02009246 -0.0206821
v 0.02880287 -0.01638427 -0.01592517
v 0.0285771 -0.01673001 -0.01878703
v 0.02748936 -0.01838607 -0.01849917
v 0.02438134 -0.02217713 -0.01444176
v 0.02608216 -0.02025092 -0.0157477
v 0.02626181 -0.02001843 -0.01845574
v 0.02824861 -0.017234 -0.01334783
v 0.02307154 -0.02349067 -0.01789623
v 0.02023514 -0.02596924 -0.01642004
v 0.02220918 -0.02428469 -0.01643887
v 0.02147499 -0.02500311 -0.01472911
v 0.02381727 -0.02273679 -0.009553015
v 0.02470773 -0.02182353 -0.01221365
v 0.0225483 -0.02393842 -0.01275468
v 0.02075127 -0.02556914 -0.01305962
v 0.02210534 -0.02441439 -0.01051784
v 0.01988597 -0.02617121 -0.007218599
v 0.02086158 -0.02534881 -0.004394799
v 0.0193646 -0.02647489 -0.003834277
v 0.02271213 -0.02385235 -0.004958421
v 0.02139787 -0.02491972 -0.002622545
v 0.02981283 -0.0144681 -0.01172176
v 0.03062253 -0.01283982 -0.009078354
v 0.02916062 -0.01563731 -0.008324891
v 0.02655731 -0.01960859 -0.01218975
v 0.02761389 -0.01809552 -0.01034746
v 0.0258493 -0.02045256 -0.009751678
v 0.0262797 -0.01989698 -0.007239908
v 0.03018661 -0.01374215 -0.004317284
v 0.02826044 -0.01711944 -0.006698906
v 0.02207763 -0.02443078 -0.007683903
v 0.02449317 -0.02210829 -0.006083578
v 0.02512345 -0.02137569 -0.004061699
v 0.02514049 -0.02120605 -0.00145781
v 0.02374631 -0.02273607 -0.001297116
v 0.0275763 -0.01807812 -0.004023522
v 0.02345802 -0.02320972 -0.003669888
v 0.010482 -0.03092766 -0.01155943
v 0.01283228 -0.03008276 -0.01410738
v 0.01048808 -0.03083882 -0.009080797
v 0.01305875 -0.02995494 -0.00909096
v 0.01384017 -0.02959812 -0.006820679
v 0.0151111 -0.02897239 -0.009131819
v 0.01371926 -0.02965036 -0.01137805
v 0.01312691 -0.02993038 -0.002744734
v 0.01536298 -0.02883568 -0.004835486
v 0.01572688 -0.02871433 -0.001884758
v 0.01348604 -0.02971104 -0.0006703734
v 0.01702477 -0.02797294 -0.005174071
v 0.01756643 -0.02763748 -0.001999319
v 0.01215255 -0.0302754 0.001868457
v 0.01316974 -0.02994066 0.003397375
v 0.01217748 -0.03022578 0.004815519
v 0.01998556 -0.02592275 -0.001428843
v 0.02579118 -0.0207299 -0.03566363
v 0.02624302 -0.02016136 -0.03345156
v -0.01777659 -0.02263626 -0.04833829
v -0.01710987 -0.0232777 -0.04965615
v -0.01627296 -0.02419838 -0.05029404
v -0.01526263 -0.02449265 -0.04979476
v -0.01760793 -0.02548617 -0.05045751
v -0.01580122 -0.02543992 -0.05058703
v -0.01472998 -0.02674285 -0.05051735
v -0.01482752 -0.02525157 -0.05024397
v -0.01348987 -0.02673113 -0.05050409
v -0.01290181 -0.02594772 -0.04987532
v -0.008999199 -0.03068331 -0.05000082
v -0.01520889 -0.02426517 -0.04813805
v -0.01669875 -0.02136046 -0.04683831
v -0.01130936 -0.02456871 -0.04658225
v -0.01798539 -0.02729967 -0.04649249
v -0.01690316 -0.02815771 -0.0475989
v -0.01657243 -0.02833501 -0.04644161
v -0.01064947 -0.02721453 -0.04972166
v -0.01154687 -0.02617025 -0.04757932
v -0.01200554 -0.02543211 -0.04709217
v -0.01031184 -0.02543211 -0.04660076
v -0.01423322 -0.0294863 -0.04641002
v -0.01109071 -0.03073519 -0.04838097
v -0.01161455 -0.03065291 -0.0463666
v -0.01031505 -0.03131735 -0.04760167
v -0.01106192 -0.03118399 -0.04552695
v -0.01072919 -0.03131446 -0.04289985
v -0.01097554 -0.03136876 -0.04092833
v -0.01137067 -0.03111851 -0.03896883
v -0.008997679 -0.02837402 -0.04995787
v -0.008685425 -0.02798653 -0.04887092
v -0.006780073 -0.02873304 -0.04963925
v -0.007749274 -0.0295397 -0.05044994
v -0.007030264 -0.02834788 -0.0484249
v -0.008641317 -0.03182223 -0.04764417
v -0.006843925 -0.03183186 -0.0489327
v -0.007710755 -0.03215045 -0.04721224
v -0.009974808 -0.03147909 -0.04643154
v -0.009925053 -0.0318616 -0.04549956
v -0.01043412 -0.03161067 -0.04473346
v -0.00884445 -0.03182003 -0.04608971
v -0.008581161 -0.03188735 -0.04495806
v -0.009445116 -0.03160945 -0.04419485
v -0.007709801 -0.03242034 -0.04583159
v -0.006469592 -0.03241211 -0.04614726
v -0.004290417 -0.02879372 -0.04944074
v -0.00115189 -0.02862978 -0.04786193
v -0.0006660968 -0.02868742 -0.04860568
v -0.006066054 -0.03255996 -0.04802001
v -0.0035173 -0.0330779 -0.04693323
v -0.003850102 -0.0326854 -0.04795697
v -0.004978746 -0.03283367 -0.04568958
v -0.009017482 -0.03193527 -0.04032096
v -0.007916555 -0.03216416 -0.04079267
v -0.008174881 -0.03228247 -0.03961405
v -0.00587298 -0.0326499 -0.04010734
v -0.005664185 -0.03277725 -0.0443944
v -0.004573494 -0.03268766 -0.04473671
v -0.00521411 -0.03266072 -0.04299754
v -0.004458994 -0.0325979 -0.04331875
v -0.003411204 -0.03304672 -0.04528701
v -0.001692176 -0.03316361 -0.04596621
v -0.003303841 -0.03291544 -0.043172
v -0.004948229 -0.03283337 -0.0415743
v -0.003992692 -0.03285775 -0.0412969
v -0.001782835 -0.03329441 -0.04329926
v -0.002469257 -0.0329853 -0.04266962
v -0.00178887 -0.03325346 -0.0406034
v -0.001810521 -0.03328055 -0.04204628
v -0.0010961 -0.03317627 -0.04215074
v -0.008079633 -0.03252664 -0.03830528
v -0.006944686 -0.03257543 -0.03975925
v -0.00509496 -0.03278127 -0.03916883
v -0.003785864 -0.032922 -0.03765926
v -0.002636969 -0.033243 -0.03970352
v -0.003012255 -0.03290129 -0.0387533
v -0.001305699 -0.03314379 -0.0391143
v -4.74751e-05 -0.03312695 -0.03843793
v -0.002779752 -0.03297725 -0.03717253
v -0.001916438 -0.03322926 -0.03794563
v -0.002045929 -0.03333196 -0.03686079
v -0.001173317 -0.03313333 -0.03587914
v -4.559755e-06 -0.03308731 -0.03572196
v -0.01123555 -0.03116605 -0.03322631
v -0.008479819 -0.03205615 -0.03579429
v -0.008555397 -0.03217781 -0.03412428
v -0.008896619 -0.0318749 -0.03265572
v -0.01036368 -0.03153804 -0.03196931
v -0.01141076 -0.03114194 -0.02947792
v -0.009639084 -0.03167963 -0.02988601
v -0.008299604 -0.03222299 -0.0298045
v -0.006428257 -0.03250718 -0.03402194
v -0.007758215 -0.03227514 -0.03198987
v -0.005146071 -0.03273189 -0.03262207
v -0.005040079 -0.03263992 -0.03409904
v -0.002690852 -0.03303334 -0.03442419
v -0.005312338 -0.03264597 -0.03082582
v -0.007267967 -0.03234211 -0.02956745
v -0.00330402 -0.03283814 -0.03208712
v -0.003810555 -0.03310317 -0.03036901
v -0.00254266 -0.03308785 -0.03097156
v -0.002068162 -0.03334659 -0.03466487
v -0.001984909 -0.03318641 -0.03354383
v -0.0003760457 -0.03315312 -0.03357893
v -0.00134398 -0.03310296 -0.03171045
v -0.0004955232 -0.03318411 -0.03108108
v 0.006075442 -0.02899116 -0.04969147
v 0.006958842 -0.02970424 -0.05033153
v 0.00815621 -0.028458 -0.04979524
v 0.008525759 -0.03024283 -0.05045724
v 0.009403944 -0.02908373 -0.05043748
v 0.004371479 -0.02900127 -0.04832277
v 0.01014699 -0.02711922 -0.04814902
v 0.0006586164 -0.02865681 -0.04901221
v 0.002090052 -0.02896333 -0.04943579
v 0.00426285 -0.02921137 -0.04946357
v 0.003100589 -0.03173715 -0.04954901
v -0.0003835708 -0.03333303 -0.04740849
v 0.005243242 -0.03095764 -0.05036318
v 0.004107296 -0.0320901 -0.0492326
v 0.005990505 -0.03128883 -0.05013752
v 0.00182128 -0.02877411 -0.04795772
v 0.00185664 -0.03317711 -0.04742813
v 0.003218561 -0.03278953 -0.04796651
v -0.0009854734 -0.03319231 -0.04457748
v 0.0008488744 -0.03301951 -0.04572904
v 0.003264427 -0.0329065 -0.04686707
v 0.003152311 -0.03272179 -0.04593876
v 0.002431527 -0.03300431 -0.04504511
v 0.0008143634 -0.03300557 -0.04443517
v 0.001611918 -0.03306955 -0.04256293
v 0.001880988 -0.03280869 -0.04378879
v 0.001169071 -0.0330593 -0.04044706
v 0.003604203 -0.0327509 -0.04382735
v 0.006527677 -0.03170243 -0.04935929
v 0.006026596 -0.03230414 -0.04791504
v 0.004665732 -0.03257713 -0.04759419
v 0.004917517 -0.03276455 -0.045937
v 0.008981988 -0.03155494 -0.0460532
v 0.007827386 -0.03215283 -0.04538482
v 0.01006365 -0.02967036 -0.05048645
v 0.0116906 -0.0289323 -0.05055299
v 0.01085462 -0.02747494 -0.04977924
v 0.0124004 -0.02761322 -0.05047801
v 0.01274163 -0.02917448 -0.05008566
v 0.01381634 -0.02802452 -0.0506255
v 0.01337671 -0.02658823 -0.0500339
v 0.01485328 -0.026317 -0.05049449
v 0.01324895 -0.02984464 -0.04780394
v 0.01626275 -0.02502561 -0.05023062
v 0.01631543 -0.02622145 -0.05073297
v 0.01744242 -0.0253109 -0.05068913
v 0.01841904 -0.02594781 -0.05039912
v 0.01640545 -0.0271754 -0.05037051
v 0.01768024 -0.02692842 -0.04992387
v 0.01577398 -0.02795991 -0.05004352
v 0.01594642 -0.02835128 -0.04815915
v 0.01807961 -0.02699739 -0.04833063
v 0.009047329 -0.03058442 -0.04994115
v 0.01112412 -0.03092155 -0.04641807
v 0.01324308 -0.02993447 -0.04629689
v 0.004154384 -0.03267279 -0.04127526
v 0.003944188 -0.03273472 -0.03885058
v 0.004748031 -0.03257498 -0.03824192
v 0.007511526 -0.03204402 -0.04289088
v 0.009537235 -0.03151771 -0.04256886
v 0.007447675 -0.03195137 -0.04049322
v 0.009369642 -0.03156742 -0.03849912
v 0.005583495 -0.03247216 -0.04269898
v 0.006623268 -0.0323227 -0.04144952
v 0.006330028 -0.03251538 -0.03946489
v 0.00451386 -0.03285316 -0.03672782
v 0.005861849 -0.03247774 -0.03715515
v 0.004380837 -0.03266189 -0.03393748
v 0.004986554 -0.03269896 -0.03440893
v 0.007247999 -0.0320361 -0.03846061
v 0.006942123 -0.0320178 -0.03721431
v 0.008318976 -0.03173485 -0.03682664
v 0.006867304 -0.03219819 -0.03585616
v 0.005936071 -0.03243199 -0.03305411
v 0.007386148 -0.03190491 -0.03416336
v 0.009509236 -0.03143942 -0.03597704
v 0.009298876 -0.03147224 -0.03390053
v 0.01854861 -0.02378291 -0.05045253
v 0.01911166 -0.02452046 -0.05077258
v 0.01963538 -0.02537897 -0.05017111
v 0.02066028 -0.02495968 -0.04886851
v 0.01951928 -0.02635258 -0.04642743
v 0.02072817 -0.02535549 -0.04738149
v 0.01451056 -0.029367 -0.04737276
v 0.011124 -0.03085196 -0.04572332
v 0.02170165 -0.02401593 -0.04933286
v 0.02342428 -0.02287915 -0.04749286
v 0.0232636 -0.02303329 -0.04616103
v -0.01092117 -0.0314678 -0.0264439
v -0.01178612 -0.03111821 -0.02535293
v -0.0109273 -0.03175649 -0.02352321
v -0.009743467 -0.03178859 -0.02758107
v -0.008062735 -0.03223938 -0.02674872
v -0.009647757 -0.03186068 -0.02579072
v -0.01001894 -0.03168142 -0.02324814
v -0.007753298 -0.0323005 -0.0248948
v -0.0103659 -0.03158966 -0.02168515
v -0.007787555 -0.03235421 -0.02337694
v -0.006520763 -0.03249925 -0.02320918
v -0.00554961 -0.03268063 -0.02436331
v -0.006567419 -0.03236726 -0.02178946
v -0.005639985 -0.03273171 -0.02318135
v -0.005188376 -0.03287065 -0.02838084
v -0.006146267 -0.03260079 -0.02679098
v -0.00371781 -0.03291789 -0.02896193
v -0.004906014 -0.03269765 -0.02663746
v -0.00458695 -0.03256613 -0.02512202
v -0.003035322 -0.03297162 -0.026357
v -0.001931354 -0.03303874 -0.02488708
v -0.001651168 -0.03303942 -0.02723134
v -0.001786709 -0.03308222 -0.02964544
v -0.004640698 -0.03258091 -0.02341008
v -0.003804862 -0.03283837 -0.02315754
v -0.003276885 -0.03274897 -0.02456817
v -0.003189757 -0.03274596 -0.02266106
v -0.001833901 -0.03287348 -0.02348819
v -0.0004129857 -0.03300044 -0.0227924
v -0.000941664 -0.03287917 -0.0237729
v -0.0005962104 -0.03278705 -0.02068207
v 0.0009103566 -0.0327836 -0.02224725
v 0.00343813 -0.03264725 -0.02653912
v 0.003793105 -0.03261161 -0.02411017
v 0.003447279 -0.0325433 -0.02314311
v 0.005436942 -0.03233618 -0.02200359
v 0.00420393 -0.03271729 -0.03216991
v 0.005944386 -0.03234354 -0.03035727
v 0.004402861 -0.03280953 -0.02969813
v 0.006913215 -0.03187677 -0.03069976
v 0.007028475 -0.03205517 -0.03286508
v 0.00612317 -0.03226906 -0.02869987
v 0.007782876 -0.03181529 -0.02838868
v 0.008268684 -0.03173158 -0.03082159
v 0.006353602 -0.03204527 -0.02767181
v 0.007690534 -0.0318926 -0.02727461
v 0.009170577 -0.0315856 -0.02882656
v 0.009553 -0.0313603 -0.02304301
v 0.02011326 -0.02600768 -0.02799052
v 0.02787748 -0.01829052 -0.02437839
v 0.02799398 -0.01839769 -0.02600589
v 0.02811956 -0.01743984 -0.02580562
v 0.02687944 -0.01938125 -0.02525747
v 0.01777391 -0.0275251 -0.02647924
v 0.01703778 -0.02811086 -0.02451393
v 0.01898816 -0.02665851 -0.02597311
v 0.01969913 -0.02631772 -0.02495593
v 0.02068987 -0.02541927 -0.02670029
v 0.004951105 -0.0326733 -0.02747101
v 0.006312475 -0.03201208 -0.02567104
v 0.004791781 -0.03273532 -0.02578938
v 0.004481494 -0.03240177 -0.02398694
v 0.00557074 -0.03232586 -0.02321121
v 0.006338105 -0.03203097 -0.02166075
v -0.006652638 -0.03257176 0.004973829
v -0.0006498843 -0.03284022 0.003617138
v -0.004252106 -0.03287974 0.01106972
v 0.0006469488 -0.03280416 0.009063393
v 0.02815029 -0.0173597 -0.02314484
v 0.02849115 -0.01691404 -0.02496588
v 0.02883315 -0.0161255 -0.0243738
v 0.02871647 -0.01684865 -0.02306935
v 0.02793816 -0.01819262 -0.02306151
v 0.02748652 -0.01856822 -0.02103677
v 0.02737863 -0.01895189 -0.02152222
v 0.02858223 -0.01679939 -0.02162293
v 0.02828212 -0.01716182 -0.02109376
v 0.02870396 -0.01663697 -0.01958394
v 0.02077439 -0.02517742 -0.00175944
v 0.02203014 -0.02428767 -0.001357168
v 0.02058828 -0.02542987 0.0006065965
v 0.01489915 -0.02908295 -0.0003769994
v 0.01513192 -0.02911183 0.002178639
v 0.01728107 -0.02781335 0.001095474
v 0.0169262 -0.02801988 0.002711862
v 0.01404655 -0.02959502 0.001301914
v 0.01458608 -0.02932 0.002983689
v 0.01422587 -0.02965051 0.003475428
v 0.01736054 -0.0279111 -0.0002642274
v 0.01901035 -0.026757 -0.0002976656
v 0.01861088 -0.02696416 0.001226962
v 0.02809227 -0.0175426 -0.02921745
v 0.02808975 -0.01835138 -0.02849483
v -0.02827631 0.01700428 0.03128119
v -0.02840412 0.01669496 0.03383662
v -0.02740896 0.01851362 0.03318912
v -0.0263638 0.02026743 0.03335899
v -0.02694152 0.01938945 0.03178142
v -0.02782808 0.01771945 0.03512898
v -0.02661116 0.01978064 0.03555939
v -0.02658328 0.01990834 0.03722532
v -0.02582903 0.02093956 0.036378
v -0.02732359 0.01858857 0.03728825
v -0.02540869 0.02140844 0.03839102
v -0.02458254 0.02258754 0.03655536
v -0.02631372 0.02003404 0.03907764
v -0.02710341 0.01888657 0.03989817
v -0.02429363 0.02282408 0.03884865
v -0.02490258 0.0219436 0.04055601
v -0.02601814 0.02055919 0.04106827
v -0.0268072 0.01921043 0.04136413
v -0.02414009 0.02276453 0.04218821
v -0.02566315 0.02086845 0.04329555
v -0.02488884 0.02175218 0.04461469
v -0.01921417 0.02805775 0.0009182543
v -0.02149287 0.0265528 0.001873553
v -0.02006507 0.02752823 0.004102111
v -0.02130419 0.02664286 0.004969776
v -0.0184848 0.02850583 0.004043013
v -0.01735875 0.02903795 0.001664713
v -0.0149249 0.03016111 0.0001205206
v -0.01237777 0.03102913 8.73059e-05
v -0.01474716 0.03028557 0.003496841
v -0.0207447 0.02704033 0.008348465
v -0.01902014 0.02822793 0.008351251
v -0.01659316 0.02950644 0.005272686
v -0.01445681 0.0304721 0.006292164
v -0.01590535 0.02986935 0.008852646
v -0.01287436 0.03098243 0.004798084
v -0.01107085 0.03149101 0.002599686
v -0.01051116 0.0317052 0.004968718
v -0.01691049 0.02940232 0.01139222
v -0.01875553 0.02835771 0.0133356
v -0.01674882 0.02946419 0.01513733
v -0.01525827 0.03016126 0.01129961
v -0.01311527 0.03097227 0.008860379
v -0.01005583 0.03185502 0.007395506
v -0.01149298 0.03149864 0.01038156
v -0.009045273 0.03213441 0.009843379
v -0.008452863 0.0321779 0.008544907
v -0.01204436 0.03136215 0.01290548
v -0.01457912 0.03049693 0.01475084
v -0.01483078 0.03034228 0.01845539
v -0.01281983 0.03109697 0.01779808
v -0.0116237 0.0314613 0.01507843
v -0.008087426 0.03226453 0.01167278
v -0.009059936 0.03205508 0.0138516
v -0.01064584 0.03171238 0.01696634
v -0.02332363 0.02493367 0.004958287
v -0.02553572 0.02250177 0.004221126
v -0.02481459 0.02334037 0.005344108
v -0.02310921 0.0250968 0.006773546
v -0.02609977 0.02158454 0.006754667
v -0.02777046 0.01881525 0.006948426
v -0.0266363 0.02068245 0.008606225
v -0.02718741 0.01973459 0.01031293
v -0.02448668 0.02356017 0.009919494
v -0.02208328 0.02591848 0.01035927
v -0.02586213 0.02173379 0.01148188
v -0.02392438 0.02406159 0.01318373
v -0.0260025 0.02145591 0.01346815
v -0.02883625 0.01653948 0.00764069
v -0.02915002 0.01562163 0.01048078
v -0.02831885 0.01766008 0.01024653
v -0.03013355 0.01217493 0.01085201
v -0.02961843 0.01413658 0.01154892
v -0.02957864 0.01433861 0.008321553
v -0.03042167 0.01013312 0.00963372
v -0.03052644 0.01020443 0.01378323
v -0.02776352 0.01863497 0.01324379
v -0.02892695 0.0162538 0.01260504
v -0.02882819 0.0164474 0.01543196
v -0.03004348 0.01259407 0.01438729
v -0.02966012 0.014108 0.01534893
v -0.03043601 0.01137015 0.01740013
v -0.02444164 0.02330419 0.01903516
v -0.02497464 0.02276561 0.015692
v -0.02589191 0.02148777 0.01761152
v -0.02041814 0.0272086 0.01276287
v -0.02185091 0.02602607 0.01360889
v -0.02103998 0.02671257 0.01559447
v -0.02319628 0.02470982 0.01678729
v -0.02677076 0.0202249 0.01516889
v -0.02534924 0.02211133 0.02118646
v -0.02347669 0.02423847 0.02231856
v -0.01865166 0.02838936 0.01613684
v -0.01991674 0.02747753 0.0193017
v -0.02228048 0.02554077 0.01939084
v -0.02120551 0.02647012 0.02030748
v -0.0177957 0.02888992 0.018452
v -0.02746344 0.01902518 0.01667376
v -0.02846189 0.01699883 0.01925074
v -0.02660225 0.02033949 0.01915209
v -0.02912447 0.01570576 0.01715179
v -0.02944393 0.01470566 0.01862319
v -0.03040273 0.01162753 0.01966052
v -0.02964668 0.01404572 0.02113716
v -0.02674769 0.02006617 0.02148733
v -0.02789296 0.01787344 0.02244219
v -0.02665353 0.02018091 0.0239484
v -0.02531244 0.02205488 0.02315381
v -0.02902153 0.01546916 0.02250569
v -0.02975211 0.01372206 0.0232656
v -0.02791375 0.01790404 0.02434202
v -0.02850704 0.01661426 0.02527443
v -0.02949031 0.01389894 0.0252059
v -0.02946919 0.0141395 0.02648738
v -0.007465646 0.03219528 -0.003493533
v -0.009376734 0.03178102 -0.002259731
v -0.007718742 0.03223021 -3.635883e-05
v -0.009775028 0.03172667 -3.556907e-05
v -0.004625157 0.03270176 -0.005086496
v -0.005274132 0.03256291 -0.003495753
v -0.001340345 0.0327633 -0.004746154
v -0.003139243 0.03267224 -0.002844527
v -0.004111335 0.03260428 -0.0005298406
v -0.007721379 0.03227395 0.002482638
v -0.005092576 0.03252938 0.0007328689
v -0.00386557 0.03262305 0.002152801
v -0.003207877 0.03262007 0.003229484
v -0.005779892 0.03249681 0.00424619
v -0.002015829 0.03268012 -0.001703575
v -0.0005766004 0.03278372 -0.002765089
v -0.001872554 0.03271312 -0.0001822412
v 0.0006966293 0.03272647 -0.001089692
v -0.001198411 0.03272465 0.001293421
v -0.008287072 0.03219932 0.005143255
v 0.002951086 0.03258505 -0.006239429
v 0.0005199164 0.0327411 -0.005385146
v 0.005664483 0.03223759 -0.005934671
v 0.00786604 0.03181094 -0.00435707
v 0.004360333 0.03243172 -0.003791481
v 0.001418203 0.03271258 -0.002959833
v 0.002167895 0.03263012 0.002251416
v 0.004136965 0.0324268 -0.001177996
v 0.006732479 0.03202221 -0.00142847
v 0.01077512 0.03102615 -0.002369732
v -0.003152445 0.03267327 0.005615517
v -0.0003738105 0.03274471 0.0057825
v -0.005564481 0.0325152 0.006220639
v -0.005731478 0.03255165 0.007811159
v -0.002680063 0.03276551 0.007521525
v -0.003817171 0.03273863 0.01001276
v -0.006012112 0.03256434 0.01021534
v -0.005083188 0.03270599 0.01218641
v -0.005274758 0.03270042 0.01369296
v -0.003146261 0.03283665 0.01218028
v 0.0005271286 0.0327206 0.008683041
v -0.001599714 0.03279299 0.01039043
v 0.002084538 0.0326046 0.006647319
v -0.0008027554 0.03282276 0.01341231
v 0.002446532 0.03263319 0.01112318
v 0.00489819 0.03229713 0.0004231781
v 0.004267097 0.03229484 0.002365723
v 0.003382966 0.03243485 0.005696908
v 0.006266296 0.03221893 0.000892967
v 0.007811368 0.03163633 -0.0003276765
v 0.006084427 0.03214878 0.002843603
v 0.008658841 0.03173238 0.001625359
v 0.004205301 0.03237388 0.00885728
v 0.005598575 0.03236607 0.009529963
v 0.006802872 0.03203204 0.01019685
v 0.005655363 0.03230429 0.007631287
v 0.005833134 0.0322147 0.004472926
v 0.005795866 0.03234136 0.006132439
v 0.008864075 0.03161737 0.004541978
v 0.004381642 0.03236905 0.01044679
v -0.01233013 0.03125465 0.02005003
v -0.01416568 0.03056842 0.02252069
v -0.007752508 0.03230789 0.01638538
v -0.009331211 0.03202373 0.01829016
v -0.0101565 0.03188717 0.02149519
v -0.006975725 0.03250286 0.01970616
v -0.005019173 0.03278077 0.0172455
v -0.01221187 0.03123572 0.02419335
v -0.009463623 0.03196031 0.02513982
v -0.01202534 0.03135505 0.02570349
v -0.01006526 0.031881 0.02626748
v -0.008253187 0.03229347 0.02299719
v -0.006127328 0.03266943 0.02319483
v -0.004947335 0.03276092 0.02072273
v -0.004221082 0.03284264 0.02331761
v -0.009111598 0.03223905 0.02888817
v -0.008165836 0.03244746 0.02616915
v -0.006162733 0.03259176 0.02509506
v -0.007407412 0.03258777 0.02948484
v -0.007270589 0.03267109 0.02858491
v -0.005117491 0.03291196 0.02960406
v -0.004852086 0.03288603 0.02819487
v -0.007713437 0.03253776 0.03095715
v -0.006277949 0.03280446 0.03170526
v -0.008832172 0.03241152 0.03179356
v -0.004316509 0.03291115 0.03092623
v -0.003100425 0.03297493 0.03036012
v -0.004132658 0.03300479 0.03389837
v -0.00367564 0.03309274 0.0324634
v -0.005876005 0.03277338 0.03494556
v -0.02426727 0.0233413 0.02404052
v -0.02219903 0.02555567 0.02299702
v -0.02341132 0.02416265 0.02544893
v -0.02107243 0.02642179 0.02452607
v -0.02209674 0.02544662 0.02551557
v -0.02264357 0.02504474 0.02743995
v -0.02038676 0.02708271 0.02327238
v -0.01831682 0.02854556 0.02341945
v -0.01580939 0.02987531 0.02195497
v -0.01786068 0.02883068 0.02109997
v -0.02100337 0.02653682 0.02665599
v -0.01882128 0.02809358 0.02515712
v -0.02089627 0.02657458 0.02895218
v -0.02270825 0.02495867 0.02963801
v -0.01985809 0.0272848 0.03135015
v -0.01931386 0.02769211 0.02995081
v -0.02206309 0.02546296 0.03173257
v -0.01692511 0.02918115 0.02502558
v -0.01789449 0.02866805 0.02783631
v -0.0163876 0.02953079 0.02658029
v -0.01466657 0.03028527 0.02583912
v -0.01421301 0.03053281 0.02859767
v -0.01957586 0.02762333 0.0271823
v -0.02525014 0.0221664 0.02642477
v -0.02505355 0.02232179 0.02472587
v -0.02643575 0.02046955 0.02606329
v -0.02694757 0.01946729 0.02524908
v -0.02743603 0.01864141 0.02606475
v -0.02456015 0.02287972 0.02921283
v -0.02577524 0.0214504 0.02810274
v -0.02687696 0.01961958 0.02830601
v -0.02856471 0.01655233 0.02705447
v -0.02768663 0.01807868 0.02930537
v -0.02842376 0.01667586 0.02878861
v -0.02951185 0.0142256 0.02925113
v -0.02595785 0.02104327 0.03018023
v -0.02368166 0.02381754 0.03221814
v -0.02523613 0.02197936 0.03237212
v -0.02518693 0.0219647 0.03441331
v -0.01357445 0.03062069 0.0250503
v -0.01511663 0.03020871 0.02438012
v -0.0208825 0.02644041 0.03305741
v -0.01927669 0.02763864 0.03372097
v -0.02079059 0.02640411 0.03517294
v -0.01963815 0.02727908 0.03627598
v -0.01606242 0.02962413 0.03014292
v -0.01301442 0.03098962 0.03124192
v -0.01544949 0.02995357 0.03331177
v -0.01794817 0.02858764 0.03146845
v -0.01400633 0.03059202 0.03321925
v -0.01681736 0.02922145 0.03418897
v -0.01761363 0.02866724 0.03628512
v -0.01859401 0.02797341 0.03851905
v -0.01753943 0.02865279 0.04031932
v -0.01976296 0.0270246 0.04048206
v -0.01457761 0.0303838 0.03577423
v -0.01206495 0.0313099 0.03443156
v -0.01202522 0.03137314 0.03614363
v -0.01352966 0.03078899 0.03846498
v -0.01620038 0.02949208 0.037303
v -0.02449659 0.02290437 0.03383806
v -0.02461182 0.02257982 0.03436443
v -0.02354492 0.02377957 0.03560846
v -0.02238348 0.0250853 0.03372964
v -0.02215727 0.02516633 0.035852
v -0.02350263 0.02370754 0.03761579
v -0.02244925 0.02482492 0.03763607
v -0.02258365 0.02454916 0.03959934
v -0.02145873 0.02559391 0.04001091
v -0.02040508 0.02659616 0.03817448
v -0.02110483 0.02572536 0.04197457
v -0.02257183 0.02444956 0.04135063
v -0.02265686 0.02421457 0.04343385
v -0.01092803 0.0317378 0.03016356
v -0.01184602 0.03139567 0.02786499
v -0.01029451 0.03191289 0.03467186
v -0.01065531 0.03180042 0.03272617
v -0.008247167 0.03243488 0.03356104
v -0.01057003 0.0318144 0.03723642
v -0.008611336 0.03231567 0.03584833
v -0.004677147 0.03276357 0.01518656
v -0.00286743 0.0328469 0.01457196
v -0.003331169 0.03286386 0.01652972
v -0.0001316667 0.0328193 0.01670615
v -0.001949489 0.03286555 0.01888238
v 0.001931846 0.03270531 0.01515277
v -0.002636284 0.03286099 0.02150054
v -0.0003118813 0.03290996 0.02159134
v -0.001354367 0.03298834 0.02375852
v 0.001994595 0.03278777 0.0201578
v 0.003496557 0.03255343 0.01869108
v 0.00358206 0.03253284 0.01556137
v 0.003505304 0.03256765 0.02173722
v 0.003830463 0.03236219 0.01281628
v 0.01195528 0.03076711 0.01173195
v 0.01011644 0.03128558 0.01115006
v 0.01250556 0.03048253 0.01360504
v 0.01039569 0.03116128 0.01419102
v 0.005491093 0.03230691 0.01752377
v 0.006932363 0.03201985 0.01531708
v 0.005831674 0.03231436 0.01569775
v 0.007826596 0.03197309 0.01678465
v 0.006862506 0.03204811 0.01806696
v 0.009580001 0.0314675 0.01534235
v 0.005785495 0.03239483 0.01956236
v 0.008063212 0.0318611 0.0187735
v 0.009665176 0.03137615 0.01752472
v 0.008433253 0.03179702 0.0132907
v 0.01101846 0.03099975 0.01643705
v 0.01307771 0.03020248 0.01669632
v 0.01046903 0.03110284 0.01958846
v 0.0116601 0.03082323 0.01929311
v 0.01339617 0.03002125 0.01885737
v 0.0144036 0.02944595 0.01774536
v -0.00242649 0.03287771 0.02504808
v 0.001394957 0.03283983 0.02485815
v 0.003349125 0.03263223 0.02414253
v 0.001828849 0.03269872 0.02591754
v 0.002500132 0.03287432 0.02699783
v 0.002639517 0.03274938 0.02512643
v -0.001109764 0.03305048 0.02875009
v -0.003187865 0.03304979 0.02759883
v -0.001296848 0.03309679 0.03055754
v 0.0009049475 0.03289941 0.02876164
v -0.000203222 0.03310752 0.0268514
v -0.0002975017 0.0330525 0.03160319
v -0.001641259 0.03314981 0.03436773
v 0.001535669 0.03309882 0.03249995
v 0.00199984 0.03295064 0.02997935
v 0.004062936 0.03257552 0.02589548
v 0.006282464 0.03232583 0.02760181
v 0.005297542 0.03243759 0.02523918
v 0.003477469 0.03284472 0.03171742
v 0.004280984 0.03264529 0.03023705
v 0.006298855 0.03231043 0.03162204
v 0.007233873 0.03206438 0.02974701
v 0.007203862 0.03206819 0.02092569
v 0.00605078 0.03232849 0.02187231
v 0.008434966 0.03172451 0.02182181
v 0.01021168 0.03128487 0.02219336
v 0.006683245 0.03224507 0.02486019
v 0.005656928 0.03244457 0.02381618
v 0.008280501 0.03176421 0.02545738
v 0.007748574 0.03197321 0.02351645
v 0.01018412 0.03125861 0.02552538
v 0.01205137 0.03064439 0.0223047
v 0.01348072 0.02993461 0.02177684
v 0.01457126 0.02951753 0.02179766
v 0.01141597 0.03070906 0.02430978
v 0.01474281 0.02941212 0.02362026
v 0.008023307 0.03186154 0.02866039
v 0.009720191 0.03133801 0.02636085
v 0.01139903 0.03083313 0.02755247
v 0.009773627 0.03144932 0.02963503
v 0.01052523 0.03112474 0.02882972
v 0.01060167 0.03081319 0.02538256
v 0.01309375 0.03015766 0.02439828
v 0.01379907 0.02989358 0.0253208
v 0.01505132 0.02942002 0.02422303
v 0.01281972 0.03025898 0.02870938
v 0.01369755 0.03003913 0.02687624
v 0.01448262 0.02960518 0.02767324
v -0.0233689 0.02337357 0.04461689
v -0.02198933 0.02473769 0.0451915
v -0.02642663 0.01979551 0.04430693
v -0.02511013 0.02138832 0.0464308
v -0.02321342 0.02347448 0.0463541
v -0.02341634 0.02302858 0.04749455
v -0.02167939 0.02487502 0.04672304
v -0.02139543 0.02449867 0.04715352
v -0.02249399 0.02379191 0.04714821
v -0.02237374 0.02435204 0.04806447
v -0.02250786 0.02379817 0.04784913
v -0.02367815 0.02368343 0.04831438
v -0.004120216 0.03300405 0.0364846
v -0.002372772 0.03308716 0.03800489
v -0.0003439933 0.03306857 0.03712106
v -0.01651652 0.02926707 0.04209168
v -0.01850493 0.02787608 0.0420185
v -0.01716325 0.02883029 0.04409599
v -0.01090524 0.03175518 0.0391577
v -0.009504333 0.03208247 0.0409836
v -0.01158902 0.03153452 0.04083732
v -0.01095979 0.03165919 0.0420717
v -0.01527856 0.0299713 0.0403692
v -0.0129858 0.03101847 0.04298498
v -0.01461446 0.0303829 0.04286118
v -0.0151497 0.0300585 0.04480435
v -0.01593159 0.02961019 0.04628545
v -0.01390249 0.03068626 0.04634528
v -0.01046917 0.03179857 0.04423967
v -0.009070382 0.03213012 0.04279763
v -0.01084079 0.03177169 0.04632789
v -0.009018123 0.03216776 0.04502961
v -0.01211622 0.02812308 0.04549861
v -0.01058029 0.02869651 0.04547833
v -0.01137552 0.02910385 0.04512833
v -0.01967779 0.02693737 0.04312855
v -0.02141067 0.02542841 0.04400346
v -0.02053742 0.02603793 0.04522642
v -0.01833831 0.02790675 0.04620092
v -0.01966576 0.0267311 0.04640906
v -0.01739712 0.02394202 0.04559018
v -0.01733692 0.02564615 0.04535756
v -0.01897445 0.02463099 0.04518957
v -0.01856478 0.02327397 0.04561561
v -0.02113871 0.02093041 0.04560211
v -0.02259032 0.02033627 0.04538456
v -0.02235268 0.01969472 0.04558867
v -0.02116205 0.02423573 0.04670084
v -0.02227792 0.02346006 0.04694244
v -0.02084816 0.02220759 0.04537901
v -0.02207662 0.02248096 0.04519328
v -0.01991741 0.0223093 0.04561023
v -0.01997547 0.02367452 0.04532191
v -0.01841667 0.02171668 0.04542449
v -0.02109934 0.018668 0.04537117
v -0.01904579 0.01996672 0.04532473
v -0.0176204 0.0201751 0.04518193
v -0.01603726 0.02375299 0.04546528
v -0.01555425 0.0210731 0.0451263
v -0.01453987 0.02174917 0.04509938
v -0.01910138 0.01773342 0.04511157
v -0.01798758 0.01868185 0.04514122
v -0.01638873 0.02021265 0.04514511
v -0.01667693 0.0185003 0.04576205
v -0.01488249 0.01982898 0.04573384
v -0.01472802 0.01817054 0.04555897
v -0.01351774 0.01865575 0.04559506
v -0.02086753 0.02530068 0.04718523
v -0.01935998 0.02656534 0.0471203
v -0.01747106 0.02772835 0.04727848
v -0.01938264 0.02668524 0.0478211
v -0.01424848 0.02633375 0.04561304
v -0.01547582 0.02524063 0.04558225
v -0.01394811 0.02732024 0.04549862
v -0.01238167 0.02723745 0.04555087
v -0.0113544 0.0264549 0.04542716
v -0.01271749 0.02459398 0.04532692
v -0.01297873 0.02263355 0.04512149
v -0.01101653 0.02741033 0.04557297
v -0.01338199 0.02094644 0.04576825
v -0.0125462 0.02145287 0.0457084
v -0.008968949 0.0321579 0.03913486
v -0.00617221 0.03271607 0.03846078
v -0.007472306 0.03245634 0.04107703
v -0.005452409 0.03278747 0.04095244
v -0.0040185 0.03299305 0.03947183
v -0.006945178 0.0325591 0.04339609
v -0.006301805 0.0325889 0.0458158
v -0.004310772 0.03285974 0.04556338
v -0.008144721 0.03229144 0.04638577
v -0.009497851 0.02812108 0.04554234
v -0.008378208 0.02888247 0.04554157
v -0.008893877 0.02959779 0.04514278
v -0.008021608 0.02750358 0.04541153
v -0.005805075 0.03021219 0.04539035
v -0.005930811 0.03070581 0.04503091
v -0.006338254 0.02917054 0.04555513
v -0.007586673 0.02952138 0.04547122
v -0.005189672 0.02704877 0.04529893
v -0.005198762 0.02955526 0.0455205
v -0.003121421 0.03296575 0.0423532
v -0.001761824 0.03302976 0.04080866
v -0.0005122125 0.03308603 0.04006463
v -0.0005729496 0.03302911 0.04305874
v -0.003837168 0.02594817 0.04513997
v -0.003152862 0.0283564 0.04539631
v -0.0114533 0.02330863 0.04513402
v -0.00952813 0.02568546 0.04528654
v -0.009503767 0.02437907 0.04511975
v -0.01041149 0.02267727 0.045733
v -0.008787543 0.0235042 0.0456724
v -0.008019686 0.0247868 0.04513367
v -0.006697029 0.02513638 0.04514828
v -0.006667465 0.023918 0.04575218
v -0.007415906 0.02296305 0.04571418
v -0.00803563 0.02167881 0.04556854
v -0.01167475 0.02192646 0.04577141
v -0.009637088 0.02131355 0.04561403
v -0.01095393 0.01973242 0.0455021
v -0.011868 0.01752147 0.0454457
v -0.008486688 0.02001572 0.04552005
v -0.009316221 0.01730916 0.04543482
v -0.007752329 0.01857981 0.04545914
v -0.005345181 0.02551085 0.04513493
v -0.004855096 0.02444214 0.04580057
v -0.005412742 0.02227002 0.04554503
v -0.006150156 0.02102536 0.04553688
v -0.00229083 0.02576277 0.04524326
v -0.002964616 0.02471232 0.04576401
v -0.003788233 0.02275622 0.04555397
v -0.00423336 0.02074811 0.04548828
v -0.002298251 0.02179518 0.04550916
v -0.001499489 0.02343917 0.04558945
v -0.006343946 0.01849884 0.04544991
v -0.004330963 0.01897705 0.04545493
v -0.008197069 0.0177123 0.0453929
v -0.008421123 0.01644337 0.04486202
v -0.006578639 0.01693723 0.04480772
v -0.0058036 0.01559034 0.04500665
v -0.003986627 0.01636434 0.0449577
v -0.005194962 0.01767287 0.04480872
v -0.003927186 0.01782778 0.04482073
v -0.002108037 0.0194639 0.04543972
v -0.008185089 0.03207579 0.04713301
v -0.002843827 0.03298393 0.04476687
v -0.002077281 0.0329667 0.04641598
v -0.0005723536 0.03307465 0.04506063
v 0.0004348457 0.03297567 0.0444444
v 0.001769409 0.03292567 0.04192887
v 0.001611114 0.03315222 0.04512003
v -0.0005970001 0.03272864 0.04717232
v -0.000244081 0.03306293 0.04636143
v 0.0008892417 0.03288129 0.04629275
v 4.49419e-05 0.03272143 0.04706705
v -0.004357129 0.0310505 0.04518017
v -0.003006518 0.02987391 0.04549332
v -0.001368865 0.02975222 0.04553893
v -0.001317844 0.03085479 0.04528655
v -0.002452284 0.03110659 0.04490104
v 0.0002022833 0.03005257 0.04556718
v -0.001379415 0.02672759 0.04519457
v -0.000488013 0.02589518 0.04525672
v -0.0008616 0.02494219 0.04569183
v 0.0006088316 0.03294545 0.03452292
v 0.002196133 0.033059 0.03447682
v 0.002221033 0.03308007 0.03588578
v 0.003989175 0.03268543 0.03510217
v 0.002232686 0.0330058 0.03732577
v 0.006658465 0.03233305 0.0343539
v 0.007903755 0.03193963 0.03340596
v 0.008056626 0.03195643 0.0320943
v 0.005938068 0.03244466 0.03571165
v 0.007795721 0.03194863 0.03487168
v 0.002259955 0.03308561 0.03862396
v 0.001624808 0.03292638 0.03932565
v 0.003696382 0.03282708 0.03756012
v 0.004672453 0.03267938 0.03840101
v 0.003564849 0.03286853 0.04002973
v 0.004469976 0.03283483 0.04050109
v 0.007181183 0.03228679 0.03753041
v 0.008247763 0.03194156 0.03739683
v 0.006452486 0.03237319 0.03937343
v 0.007718235 0.03220272 0.03983206
v 0.009450302 0.0317159 0.03947157
v 0.00943172 0.03168806 0.03722155
v 0.00951843 0.03145269 0.03153436
v 0.01041964 0.03122416 0.03176816
v 0.01233138 0.03053096 0.03011866
v 0.01257139 0.03046182 0.03295743
v 0.01021203 0.03134477 0.03395741
v 0.01443587 0.02963778 0.03114504
v 0.01315942 0.0301331 0.03157566
v 0.01472603 0.02942252 0.03019024
v 0.01514861 0.02943531 0.0282333
v 0.01558876 0.02904314 0.02882124
v 0.01378551 0.02985591 0.03349885
v 0.0148941 0.02960551 0.03265928
v 0.009865224 0.03144246 0.03544028
v 0.01161222 0.03092161 0.03706896
v 0.01273723 0.03047261 0.03533189
v 0.01328121 0.03022331 0.03694786
v 0.01050778 0.03126478 0.03864428
v 0.01143588 0.03102645 0.03981617
v 0.01329537 0.03017345 0.03949501
v 0.008312732 0.03198558 0.04085501
v 0.002451777 0.03299975 0.04093452
v 0.004993081 0.0326848 0.04125084
v 1.385808e-06 0.02095261 0.04547395
v -0.002533063 0.01838174 0.04491901
v -0.002396241 0.01743343 0.04484057
v -0.001841858 0.01652569 0.04500292
v -0.002790451 0.01530215 0.04482511
v 0.0002258867 0.01561305 0.04498829
v -0.001079977 0.01814902 0.04490431
v 0.0002588779 0.01953393 0.04547483
v 0.0004816651 0.01856524 0.04494438
v -7.908046e-05 0.01707706 0.04491721
v 0.00177075 0.0193662 0.04543811
v 0.002625838 0.0183993 0.04496042
v 0.004016712 0.01912123 0.0454253
v 0.001951098 0.01656109 0.04491259
v 0.003906339 0.01789388 0.04490478
v 0.0009214133 0.01399708 0.04467066
v 0.002167955 0.01411355 0.0448896
v 0.005488634 0.01762253 0.04494146
v 0.005041659 0.01578665 0.04497437
v 0.006522089 0.01624817 0.0449582
v 0.003859043 0.01428792 0.0449456
v 0.005593076 0.01358488 0.04495683
v 0.01407158 0.02997816 0.03841648
v 0.01753139 0.02800772 0.03545178
v 0.0166875 0.02827635 0.03628288
v 0.0171618 0.02817306 0.03712933
v 0.007220089 0.01356962 0.04495803
v 0.0008452535 0.03109428 0.04513076
v 0.001085371 0.03061736 0.04547931
v 0.002355486 0.03314459 0.04602715
v 0.002579182 0.03311813 0.04414468
v 0.00346671 0.03288373 0.04623953
v 0.001610205 0.03263655 0.04670726
v 0.002842769 0.03259161 0.0469515
v 0.001941875 0.03218561 0.04578103
v 0.002774909 0.03179228 0.0452441
v 0.002589315 0.03255042 0.04595098
v 0.002556548 0.03240541 0.04688424
v 0.001754075 0.03219593 0.04673161
v 0.004997075 0.03265828 0.04486789
v 0.003512174 0.03104565 0.04507482
v 0.002344072 0.03107464 0.04491663
v 0.002512723 0.02982077 0.04557885
v 0.004958197 0.02962333 0.04553574
v 0.0008511841 0.0282616 0.04533097
v 0.0003739446 0.0261429 0.0451185
v 0.0004957765 0.02511269 0.04569703
v 0.001717657 0.02655536 0.04513994
v 0.004965052 0.0270595 0.04527222
v 0.003709167 0.02595937 0.04516545
v 0.002249628 0.02515328 0.04558146
v 0.00275825 0.02448931 0.04573524
v 0.004175574 0.0247297 0.04569532
v 0.005980104 0.03258434 0.04239862
v 0.006872267 0.03245407 0.04447722
v 0.00841102 0.03206742 0.04331617
v 0.01009436 0.03149447 0.04231673
v 0.006078824 0.0325914 0.04634292
v 0.007735297 0.03219506 0.04545908
v 0.007086575 0.03022701 0.04504785
v 0.005296066 0.03103399 0.04486339
v 0.007987514 0.02901396 0.04562673
v 0.008902594 0.03201813 0.04614648
v 0.009613991 0.03171417 0.04436511
v 0.01025262 0.02815413 0.04559164
v 0.0096156 0.02967665 0.0449114
v 0.006266207 0.02529714 0.04517642
v 0.005415425 0.02433735 0.0457205
v 0.007788405 0.02737713 0.04535685
v 0.006392896 0.0237956 0.04568924
v 0.007833555 0.02369776 0.04575413
v 0.008500695 0.02531603 0.04517025
v 0.007685512 0.02483147 0.04522321
v 0.01098269 0.03126758 0.04508954
v 0.00177668 0.0230684 0.04557589
v 0.002141193 0.02137393 0.04547948
v 0.003946498 0.0223799 0.04554097
v 0.005682558 0.02255633 0.04556994
v 0.00701271 0.022351 0.04560803
v 0.005884483 0.02027538 0.04547076
v 0.006374955 0.01835358 0.04541421
v 0.007410154 0.01963791 0.04549606
v 0.01231086 0.03072521 0.04134625
v 0.01351014 0.03009728 0.04213558
v 0.01208451 0.03075886 0.04303961
v 0.01311462 0.03039744 0.044092
v 0.01454689 0.029719 0.04278728
v 0.0112797 0.02572465 0.04536054
v 0.009729683 0.02431282 0.04508971
v 0.009234712 0.02323821 0.04572384
v 0.0115395 0.02275759 0.04547386
v 0.0118186 0.02333069 0.04509626
v 0.01404063 0.02398717 0.04532051
v 0.01322569 0.02271345 0.04509233
v 0.01557384 0.02912715 0.04121119
v 0.01544514 0.02913007 0.03985082
v 0.01624194 0.02885211 0.03996351
v 0.01640926 0.02857387 0.03894456
v 0.01677662 0.02843016 0.04068877
v 0.01759733 0.02805224 0.04089788
v 0.01807381 0.02755642 0.04021007
v 0.0163478 0.02877036 0.04386513
v 0.01749344 0.02809101 0.04309145
v 0.01893662 0.0270465 0.04080954
v 0.01866989 0.02732158 0.04444036
v 0.01410753 0.02211982 0.04511395
v 0.01684806 0.02302969 0.04537395
v 0.01528127 0.02125025 0.04517968
v 0.01326458 0.0304414 0.04636221
v 0.0113859 0.03122804 0.04638575
v 0.01203409 0.02846205 0.04511248
v 0.01203342 0.02739158 0.04558393
v 0.01462284 0.02971488 0.04524747
v 0.01344872 0.02819854 0.04484567
v 0.01391932 0.02645808 0.04562092
v 0.01508524 0.0270679 0.04515249
v 0.01620436 0.02903152 0.04629098
v 0.01793347 0.02798459 0.0465007
v 0.01919721 0.02713811 0.04622902
v 0.01606892 0.02532381 0.04561202
v 0.01578507 0.02415583 0.04537366
v 0.01705433 0.02618822 0.04478151
v 0.01728526 0.02475771 0.04562923
v 0.01928362 0.02285853 0.04569481
v 0.01828043 0.02216309 0.04544467
v 0.01665415 0.02028969 0.04514766
v 0.009108678 0.02130103 0.04557167
v 0.008852318 0.01939586 0.04549329
v 0.01051661 0.01800823 0.0454867
v 0.01066111 0.01981372 0.04552604
v 0.008903384 0.01750848 0.04547159
v 0.01032917 0.02249798 0.04571325
v 0.01179683 0.02183977 0.04569057
v 0.01238972 0.01987997 0.04557647
v 0.007415041 0.01712373 0.04501572
v 0.007729605 0.01819003 0.04542708
v 0.00880307 0.01606053 0.04493748
v 0.01061983 0.01672477 0.0454919
v 0.01066613 0.01509747 0.04499251
v 0.009645998 0.01511237 0.04497781
v 0.008673459 0.01256168 0.04496396
v 0.01024815 0.01240492 0.04495543
v 0.01366459 0.02108374 0.04566413
v 0.01497552 0.01991305 0.04569799
v 0.01371065 0.0189448 0.04555388
v 0.01291123 0.01712975 0.04544885
v 0.01634596 0.01902771 0.0457046
v 0.01568529 0.01742277 0.04553832
v 0.01218089 0.01509362 0.04540031
v 0.01161845 0.01407665 0.04494728
v 0.01146157 0.01206061 0.04492225
v 0.01349905 0.01427954 0.04538961
v 0.01302679 0.01303509 0.04492708
v 0.01350684 0.01103503 0.04488985
v 0.01420094 0.01187018 0.04490685
v 0.01453111 0.01330045 0.04540455
v 0.01534431 0.01174784 0.04530901
v 0.01566796 0.01526994 0.04543005
v 0.01056659 0.03110895 -0.0008984804
v 0.004720703 0.03229901 0.004491746
v 0.01065962 0.03121829 0.0005415827
v 0.01043622 0.03101212 -0.0003345758
v 0.007389948 0.03195739 0.003661484
v 0.007103711 0.03197524 0.00705874
v 0.008678839 0.03174496 0.007753283
v 0.01026118 0.03128895 0.00764139
v 0.01108317 0.03093877 0.004713222
v 0.01123728 0.0308753 0.009376854
v 0.00923878 0.03151366 0.009606272
v -0.005090937 0.03286541 0.02596718
v -0.004163951 0.03266925 0.02500208
v 0.005180031 0.03223294 0.01915723
v 0.005188629 0.03241399 0.0203198
v 0.008303344 0.03182161 0.01053426
v 0.005435199 0.03242868 0.01162338
v 0.005196214 0.03242543 0.01431975
v 0.00521037 0.03222457 0.01600431
v 0.006608263 0.03207162 0.01305832
v 0.0009513348 0.03281957 0.02725405
v 0.005224228 0.03233707 0.02257715
v 0.00444895 0.03237349 0.02410296
v 0.01187156 0.03055826 0.02561232
v 0.01605718 0.02872509 0.02637523
v -0.02326144 0.02183852 0.04563262
v -0.02420551 0.02014482 0.04508801
v -0.02328742 0.02129254 0.0452677
v -0.02519175 0.02121523 0.04758003
v -0.02622376 0.0211474 0.04866047
v -0.02491905 0.02277604 0.04865319
v -0.02265808 0.02358133 0.04744436
v -0.02334994 0.02174973 0.04659063
v -0.02465622 0.02071169 0.0466716
v -0.02302162 0.02259269 0.0475145
v -0.02412337 0.02173942 0.04825664
v -0.02251084 0.0232265 0.04778463
v -0.02439262 0.0232183 0.0502446
v -0.02380852 0.02390581 0.04887357
v -0.02377293 0.02317542 0.05058533
v -0.02329533 0.0241996 0.05042446
v -0.02509935 0.02214944 0.05052112
v -0.02170624 0.02561104 0.04865843
v -0.02185974 0.02432635 0.04771586
v -0.02204601 0.02398723 0.04806402
v -0.02264856 0.02495804 0.04990931
v -0.02111907 0.02505961 0.04758097
v -0.02358319 0.02226213 0.04977992
v -0.02230667 0.02358919 0.05000821
v -0.02345668 0.0227738 0.05039708
v -0.0209682 0.0246051 0.04975453
v -0.02200282 0.02515176 0.05057773
v -0.02183999 0.02450797 0.05072743
v -0.02126849 0.02613831 0.05016413
v -0.0204522 0.02658272 0.04868747
v -0.02051222 0.0261344 0.05073628
v -0.01994725 0.02708593 0.05048357
v -0.02073321 0.02511758 0.05059893
v -0.02241266 0.02380422 0.05051452
v -0.01463605 0.02830622 0.04545565
v -0.01322275 0.0285396 0.04507284
v -0.01218472 0.02963477 0.04557414
v -0.01474284 0.02969924 0.04708336
v -0.01433429 0.03031433 0.0484471
v -0.01601921 0.02911592 0.04790941
v -0.0131896 0.03038043 0.04717588
v -0.01347141 0.02940047 0.0473192
v -0.0106263 0.02983281 0.04520173
v -0.009398893 0.03041062 0.0452617
v -0.01151979 0.03118673 0.0470174
v -0.009136915 0.03110984 0.04775763
v -0.01917535 0.02559754 0.04620683
v -0.02040696 0.02456686 0.04589802
v -0.01837339 0.02559221 0.04561996
v -0.02135092 0.02367428 0.04566342
v -0.01772687 0.02762049 0.04772711
v -0.01896763 0.0261113 0.04795831
v -0.02033262 0.02526692 0.04740661
v -0.01623712 0.02740127 0.04529762
v -0.01709104 0.02644181 0.04515341
v -0.01612109 0.0270372 0.04506457
v -0.01658198 0.02763525 0.04778908
v -0.01766288 0.02649063 0.0459398
v -0.01764485 0.02641514 0.04724507
v -0.01963615 0.02747703 0.04967248
v -0.01856272 0.02795216 0.04856735
v -0.01866084 0.02640542 0.05037737
v -0.01981282 0.02562112 0.04992735
v -0.01814514 0.02845207 0.05009925
v -0.01722538 0.02908534 0.04887517
v -0.01732555 0.02734303 0.04914978
v -0.01647042 0.02859691 0.04721741
v -0.0149478 0.02836102 0.04699974
v -0.01385705 0.02924827 0.04857454
v -0.01748569 0.02698609 0.04841314
v -0.01683229 0.02770016 0.05027232
v -0.02102701 0.02478781 0.0473799
v -0.02099793 0.02466744 0.04767331
v -0.02100693 0.0244953 0.0482437
v -0.01964869 0.02616814 0.05063343
v -0.01474173 0.02784094 0.04515858
v -0.007923812 0.03104478 0.04558299
v -0.007658795 0.03058466 0.04501672
v -0.005803436 0.03125837 0.04518701
v -0.01300962 0.03118581 0.04908653
v -0.01489834 0.03025779 0.05023074
v -0.01164141 0.03123888 0.04784694
v -0.01300581 0.02977246 0.05009367
v -0.01157823 0.03042987 0.05027992
v -0.01313199 0.03084654 0.05067596
v -0.01157694 0.03176367 0.05029804
v -0.00998272 0.03176171 0.04774508
v -0.01007579 0.03154859 0.04720739
v -0.01005493 0.03232896 0.04870167
v -0.00840883 0.03277746 0.04864895
v -0.007083625 0.0323236 0.0476923
v -0.009044573 0.03124213 0.04918867
v -0.01478145 0.02984425 0.0506779
v -0.01307116 0.03021514 0.05068856
v -0.01209697 0.0306969 0.050741
v -0.01128434 0.03151792 0.05080029
v -0.009291649 0.03249058 0.05030827
v -0.009577215 0.03199828 0.05066872
v -0.007214054 0.03258783 0.05082536
v -0.008735552 0.03164726 0.05056362
v -0.009916171 0.03091773 0.0505172
v -0.008152097 0.03147376 0.0502816
v -0.01721407 0.02857971 0.0507175
v -0.01614971 0.02945805 0.05050722
v -0.01847905 0.02793035 0.05054657
v -0.01898605 0.02697274 0.05084832
v -0.01810077 0.02735859 0.05085184
v -0.01713589 0.02796587 0.05068809
v -0.01488832 0.02889708 0.05005267
v -0.01607683 0.02886671 0.05080284
v -0.0146862 0.02937073 0.05049323
v -0.004873604 0.03270334 0.04695234
v -0.00500156 0.03280979 0.04761286
v -0.006426349 0.03321278 0.04860719
v -0.003448933 0.03369984 0.04847698
v -0.003622115 0.0327549 0.04756635
v -0.006679863 0.03175703 0.0476957
v -0.005160227 0.03157961 0.04557782
v -0.004279733 0.03207541 0.04733123
v -0.007299244 0.03302628 0.05028622
v -0.007065699 0.03184429 0.05045642
v -0.004736632 0.03230232 0.04957953
v -0.003542334 0.03142124 0.04519749
v -0.002070516 0.03191113 0.04542138
v -0.0009211749 0.0314593 0.04520215
v -0.0009385347 0.03208753 0.04581989
v 0.0006758273 0.03219596 0.04578467
v -0.001977652 0.03241909 0.04709041
v -0.002479896 0.03302366 0.04754567
v -0.0017097 0.03375411 0.04839113
v -0.002472684 0.03236777 0.04805619
v -0.00243102 0.03263193 0.04968585
v -0.00123249 0.03289285 0.04763433
v -0.001373366 0.0323014 0.04818523
v -0.001385197 0.03233305 0.04731818
v 0.0004075617 0.03231785 0.04672387
v -0.0002191663 0.03251344 0.04724665
v 4.224479e-05 0.03317678 0.04802893
v -0.0001418293 0.03268126 0.04779857
v 0.0001628399 0.03254381 0.04820278
v 0.000594005 0.03254333 0.04693782
v -0.004720673 0.03361043 0.04999873
v -0.005949259 0.03317547 0.05026844
v -0.00429225 0.03337279 0.05049525
v -0.001258135 0.03380674 0.05036226
v -0.002402619 0.03331798 0.05049843
v -0.003456265 0.03293782 0.05047642
v -0.005873248 0.03254718 0.05055708
v -0.004992887 0.03296292 0.05054943
v -0.001838118 0.03393078 0.04952723
v 9.930134e-05 0.03347629 0.04829548
v -0.0003439337 0.03267863 0.04942106
v 0.0004952252 0.03385332 0.04886965
v -0.0001016408 0.03335699 0.05049816
v 0.001444548 0.03269482 0.04780774
v 0.001913086 0.03369242 0.04839866
v 0.002490059 0.03245595 0.04838584
v 0.000709638 0.03388125 0.05032912
v 0.002197042 0.03299078 0.05044894
v 0.003301263 0.03379586 0.0496981
v 0.002793103 0.03334177 0.05050676
v 0.004449308 0.03269398 0.03385448
v 0.01569329 0.0290882 0.03124544
v 0.0154682 0.0290378 0.03344302
v 0.01673438 0.0283806 0.03268483
v 0.0156178 0.02918521 0.03494407
v 0.01484483 0.02937737 0.03720872
v 0.002450794 0.03310338 0.04250537
v 0.003462151 0.03285676 0.04202059
v 0.01631516 0.02867317 0.03503701
v 0.01806986 0.02759039 0.03855908
v 0.0013946 0.03154248 0.04503408
v 0.002718657 0.03234929 0.0467838
v 0.004128799 0.03164208 0.04544695
v 0.004802614 0.03152019 0.04636489
v 0.0065016 0.03123105 0.04588011
v 0.005929947 0.03138226 0.04499625
v 0.007172093 0.03085467 0.04493459
v 0.00893189 0.03038251 0.0449371
v 0.0114536 0.02970478 0.04521519
v 0.002585649 0.03292397 0.04790916
v 0.002536684 0.03257316 0.04789685
v 0.003680229 0.03254136 0.04757476
v 0.003093213 0.03247336 0.04743846
v 0.003397331 0.03218037 0.0476009
v 0.003076375 0.03254855 0.04764517
v 0.003070727 0.03259796 0.04965122
v 0.004776493 0.03354827 0.04855947
v 0.00369525 0.03208742 0.04837885
v 0.00549379 0.03241429 0.04724371
v 0.007171601 0.03315824 0.04863945
v 0.004557654 0.03207877 0.04768807
v 0.005854845 0.03182167 0.04790196
v 0.004947022 0.03210655 0.04925916
v 0.00621444 0.03188246 0.04980986
v 0.003669038 0.03350267 0.05031368
v 0.003586948 0.03293172 0.05027263
v 0.005632073 0.03305095 0.05037579
v 0.006065041 0.03338853 0.0498291
v 0.005384579 0.03262466 0.05022509
v 0.008271098 0.0324958 0.05061084
v 0.007400736 0.03211832 0.05052638
v 0.007128403 0.03226319 0.04721838
v 0.009722516 0.03244469 0.04858075
v 0.008855909 0.03183296 0.04717784
v 0.00746581 0.03143594 0.04786114
v 0.01016301 0.03136295 0.04726727
v 0.01157095 0.03100282 0.04728259
v 0.009784475 0.03092766 0.04725228
v 0.008361086 0.03289005 0.04977719
v 0.008735985 0.03150335 0.05039416
v 0.01262632 0.03154656 0.0496732
v 0.009219259 0.03115553 0.04914825
v 0.01137899 0.03029516 0.04804473
v 0.0106594 0.03076601 0.04983382
v 0.01263171 0.02890962 0.04500507
v 0.01307781 0.0301936 0.04732142
v 0.01257867 0.02974293 0.04694016
v 0.01393569 0.02864316 0.04533291
v 0.01529101 0.02782613 0.04490019
v 0.01275194 0.03136188 0.04857291
v 0.0133734 0.02974993 0.04831609
v 0.012362 0.03023374 0.05014633
v 0.01417832 0.02972162 0.04724929
v 0.01454224 0.02912265 0.04766347
v 0.01639453 0.02854607 0.04712659
v 0.01564445 0.02852795 0.0468398
v 0.0145486 0.03038162 0.04816383
v 0.01609485 0.02984503 0.04868694
v 0.01373677 0.02971488 0.05027814
v 0.01550172 0.02885917 0.05013859
v 0.01547155 0.02734625 0.04476383
v 0.01728539 0.02648571 0.04478851
v 0.01690069 0.02725333 0.04536965
v 0.01833999 0.0263806 0.04569642
v 0.01661019 0.02780029 0.0470558
v 0.01696441 0.02775046 0.048834
v 0.01799193 0.02869087 0.04830647
v 0.01797293 0.02710813 0.04767802
v 0.0184277 0.02761418 0.04750496
v 0.02107224 0.02546614 0.04719056
v 0.02054183 0.02618167 0.04622957
v 0.01863891 0.02502617 0.04476443
v 0.01915422 0.02515611 0.04463732
v 0.02019396 0.02465793 0.04482727
v 0.01898997 0.02612856 0.04727669
v 0.01836057 0.02714798 0.05018193
v 0.009514064 0.03155264 0.05071005
v 0.01050323 0.03193703 0.05041182
v 0.01213336 0.03094697 0.05063131
v 0.01422392 0.03047273 0.05042289
v 0.01546179 0.03012496 0.04984766
v 0.01548338 0.02941585 0.05054331
v 0.01679464 0.02930751 0.05038697
v 0.0176487 0.0291039 0.04987273
v 0.01925169 0.02801862 0.04942714
v 0.01715602 0.02797952 0.05052382
v 0.0182164 0.02846691 0.05048761
v 0.02054326 0.02684522 0.0485342
v 0.02017315 0.02730891 0.05028918
v 0.01682141 0.02783599 0.05010429
v 0.02041875 0.02540702 0.04910593
v 0.01992795 0.0270417 0.05051823
v 0.02113304 0.02586603 0.05056375
v -0.0305682 0.01121342 0.02813408
v -0.03056584 0.0111059 0.03049137
v -0.02965529 0.01390082 0.03221437
v -0.02898608 0.01544842 0.03094478
v -0.03024442 0.01223862 0.03223658
v -0.03125921 0.008296788 0.03046875
v -0.03128318 0.008546114 0.03257401
v -0.03091797 0.0101108 0.03330462
v -0.03174482 0.006613225 0.03328325
v -0.03125803 0.009049356 0.03534515
v -0.02918668 0.01506093 0.03394914
v -0.02995342 0.01296508 0.03358278
v -0.02847026 0.01642308 0.03566699
v -0.03058128 0.01115811 0.0351391
v -0.03015661 0.01274893 0.03548485
v -0.03033525 0.01236621 0.03768517
v -0.03093985 0.01026914 0.03800635
v -0.03176366 0.005717546 0.0304261
v -0.03211193 0.004118025 0.03089976
v -0.03244583 0.00264889 0.03398617
v -0.0323464 0.002394199 0.03143807
v -0.03196181 0.005933434 0.03610921
v -0.03252615 0.003004998 0.03719717
v -0.03257047 -7.596612e-05 0.03193086
v -0.03265277 0.0007108152 0.03496782
v -0.03182043 0.007159561 0.03781584
v -0.03183658 0.007520437 0.04053201
v -0.03142324 0.009003758 0.03954872
v -0.03127287 0.009190023 0.0371079
v -0.03231861 0.004926205 0.04017255
v -0.03286543 -0.0003392398 0.0363827
v -0.03280805 0.0002881289 0.03907944
v -0.03269267 0.002657861 0.04126158
v -0.03292842 -0.0001180768 0.04028624
v -0.02909437 0.01549062 0.03765446
v -0.02949406 0.01445463 0.03683469
v -0.02967593 0.01405159 0.03936601
v -0.02887262 0.01571843 0.03888354
v -0.02831492 0.01693922 0.03789629
v -0.02935365 0.01495531 0.04118894
v -0.02882092 0.01587641 0.04030649
v -0.02839896 0.01664066 0.04233979
v -0.02759512 0.01800808 0.0386938
v -0.02773666 0.01772621 0.04076698
v -0.03070167 0.01141566 0.04002436
v -0.030169 0.01298326 0.04186717
v -0.03101674 0.01063353 0.0418113
v -0.03079508 0.01143578 0.04352008
v -0.0273636 0.01831454 0.04310881
v -0.02696559 0.01906839 0.04529509
v -0.02832051 0.01679349 0.04466872
v -0.02541845 0.01779377 0.0451089
v -0.02663918 0.0156644 0.04503663
v -0.02535774 0.01607469 0.04550683
v -0.02956988 0.0144091 0.04367483
v -0.03020291 0.01294747 0.04581138
v -0.02922051 0.01512787 0.04611902
v -0.02788125 0.01747373 0.04651329
v -0.02864318 0.01590955 0.04752283
v -0.02959967 0.01420233 0.04691607
v -0.03035556 0.01280513 0.04660726
v -0.03027844 0.0129374 0.0477134
v -0.02612536 0.01490426 0.04554266
v -0.02509303 0.01517051 0.04546271
v -0.02637273 0.01379085 0.0455194
v -0.02713682 0.01407024 0.04511382
v -0.02838127 0.01198727 0.04513708
v -0.02809225 0.01132688 0.04550034
v -0.02725883 0.01240274 0.0455711
v -0.02693857 0.01125985 0.04544847
v -0.02565879 0.01199791 0.04532826
v -0.0316249 0.008811742 0.04367369
v -0.03217903 0.00593847 0.04246062
v -0.03207685 0.006930232 0.04473273
v -0.03244627 0.00488475 0.04477547
v -0.03302349 -0.0003223419 0.04323238
v -0.03279425 0.002344072 0.04497504
v -0.03265832 0.00399828 0.04635262
v -0.03160204 0.009611249 0.04771702
v -0.03161521 0.00881964 0.04691169
v -0.03207059 0.006905258 0.04734693
v -0.03128664 0.01028368 0.04645838
v -0.03187937 0.007882386 0.04625122
v -0.02925986 0.006238848 0.04556946
v -0.02947628 0.009158671 0.04513763
v -0.03048153 0.006137013 0.04483959
v -0.02896643 0.009488612 0.04555021
v -0.02900195 0.007876694 0.04551059
v -0.02829933 0.008701116 0.04552279
v -0.02715431 0.007326752 0.04528455
v -0.03085506 0.01113433 0.04764168
v -0.02738544 0.009714901 0.04541376
v -0.03239161 0.005785793 0.04648149
v -0.03146566 0.007106364 0.04736599
v -0.03154705 0.004934222 0.04625258
v -0.03099878 0.00794217 0.04587127
v -0.03230952 0.005632669 0.047543
v -0.03260539 0.003875554 0.04751013
v -0.03272964 0.002046227 0.04727995
v -0.03215398 0.00392282 0.04758023
v -0.03170727 0.003638446 0.04657899
v -0.03005417 0.00526312 0.04535478
v -0.02927068 0.004259378 0.0454869
v -0.02837564 0.005271703 0.04534501
v -0.03082061 0.005403131 0.0448264
v -0.02980196 0.00256601 0.04547337
v -0.02858585 0.003041893 0.04532926
v -0.02863112 0.0007493794 0.04531141
v -0.03284432 -0.001217693 0.04084587
v -0.03294431 0.0005311966 0.04443076
v -0.03313209 -0.00207749 0.04420598
v -0.03302978 -0.002967179 0.04523112
v -0.03346275 -0.001315802 0.04448843
v -0.03295349 0.001234084 0.04653199
v -0.03314571 -0.0004080534 0.04593322
v -0.03298061 0.0004299283 0.04743074
v -0.03331725 -0.001744658 0.04570176
v -0.03314196 -0.003013641 0.04624398
v -0.03055494 -8.583069e-06 0.04515505
v -0.03088188 0.002264053 0.0450251
v -0.02990256 -0.0006826818 0.04549426
v -0.03034396 -0.002117902 0.0452304
v -0.03072052 0.008097529 0.01214939
v -0.03086215 0.004929513 0.01125909
v -0.03111422 0.003510743 0.0133675
v -0.03127258 0.001262486 0.01319912
v -0.03104658 0.006437123 0.01412033
v -0.03132847 0.002126336 0.01557411
v -0.03056155 0.009448379 0.01614682
v -0.03086857 0.007372469 0.01599865
v -0.03073534 0.009770066 0.01791777
v -0.03103724 0.007431418 0.0174641
v -0.03115986 0.004435986 0.01604851
v -0.03155428 0.002200067 0.01848446
v -0.03144664 0.00365591 0.01846737
v -0.03128169 0.005529523 0.01860879
v -0.03147393 0.005009055 0.02156837
v -0.03141694 -0.002476007 0.01494609
v -0.03152636 -0.0004165471 0.01570933
v -0.03155684 -0.004833072 0.01517095
v -0.03154297 -0.002946943 0.01723985
v -0.03149982 -0.004914194 0.01696825
v -0.03188361 0.0008254647 0.02132961
v -0.03173839 -0.000402689 0.01865469
v -0.03166166 0.003027976 0.02101514
v -0.03185414 -0.001625359 0.02096722
v -0.03176878 -0.002888948 0.01988117
v -0.0318628 -0.003370374 0.02193697
v -0.03089181 0.009012371 0.02031402
v -0.03055575 0.01099482 0.02114351
v -0.03122629 0.007892013 0.02281578
v -0.03075159 0.01035443 0.02464548
v -0.03120098 0.007201344 0.02101035
v -0.03172065 0.004616469 0.02431367
v -0.03154124 0.006277263 0.02535538
v -0.03127901 0.007853776 0.02514769
v -0.03033341 0.01139319 0.02559331
v -0.03106506 0.008989066 0.02694064
v -0.03163429 0.006457239 0.02832288
v -0.03194594 0.004458606 0.02750544
v -0.03194664 0.002143472 0.02400954
v -0.03203553 -0.0002360642 0.02376062
v -0.03191262 0.00306952 0.02560961
v -0.03218532 0.00112164 0.02626114
v -0.03202243 -0.002975404 0.02398655
v -0.03213295 0.002671689 0.02788882
v -0.03233558 0.001626521 0.02950159
v -0.03244452 -0.0003721714 0.02891089
v -0.03230838 -0.0008835793 0.03043833
v -0.02985761 -0.01302877 0.02351153
v -0.02981 -0.01326984 0.0211612
v -0.02928467 -0.01445711 0.02284417
v -0.02960955 -0.01307553 0.0154383
v -0.02928308 -0.01436004 0.01497473
v -0.02994314 -0.01236099 0.01704778
v -0.02997325 -0.01248178 0.01584509
v -0.02897643 -0.01519179 0.0167726
v -0.02945036 -0.01386476 0.01729345
v -0.0296445 -0.01327524 0.0182786
v -0.02982229 -0.0123283 0.01873007
v -0.02828158 -0.01666579 0.01551455
v -0.02856943 -0.01583263 0.01574817
v -0.02940583 -0.01420674 0.01934025
v -0.0283857 -0.01655319 0.01798412
v -0.02779925 -0.01767659 0.02001812
v -0.0276413 -0.01765472 0.01740049
v -0.02743821 -0.01831213 0.01806843
v -0.02690482 -0.01918811 0.01578468
v -0.0256092 -0.02105632 0.01596522
v -0.02765733 -0.0177584 0.01517068
v -0.02884474 -0.01561269 0.01981184
v -0.02883697 -0.01558635 0.02118182
v -0.0280111 -0.01743349 0.02123904
v -0.02852197 -0.01625234 0.02275804
v -0.02898377 -0.01541236 0.02405001
v -0.02620676 -0.02001372 0.01666535
v -0.02454703 -0.02260372 0.01592043
v -0.02483256 -0.02227569 0.01713905
v -0.02342042 -0.02396667 0.01572526
v -0.02434155 -0.02310732 0.01691106
v -0.02540377 -0.02132562 0.02039142
v -0.02671129 -0.01957333 0.01923326
v -0.02596004 -0.02065805 0.01808149
v -0.02494377 -0.02190384 0.01893491
v -0.0239585 -0.0231871 0.01826537
v -0.02300993 -0.02443403 0.01787838
v -0.02421781 -0.02296832 0.01998205
v -0.02658939 -0.01973715 0.02251695
v -0.02671948 -0.01963022 0.0207561
v -0.02784441 -0.0177207 0.02459113
v -0.02719852 -0.01859558 0.02299577
v -0.0267424 -0.01941222 0.02405375
v -0.02720609 -0.0187121 0.02544396
v -0.0248481 -0.02208167 0.02171057
v -0.02281019 -0.02471399 0.01911682
v -0.02365085 -0.02354297 0.02213497
v -0.02459539 -0.02218249 0.02270535
v -0.02553977 -0.02088031 0.02320407
v -0.02567588 -0.02069867 0.02487846
v -0.02520415 -0.02159917 0.0240256
v -0.02491531 -0.02176803 0.02500062
v -0.02345462 -0.02375662 0.02355601
v -0.0219256 -0.02535003 0.02295934
v -0.02984601 -0.01306814 0.02538972
v -0.02973819 -0.01288646 0.0263627
v -0.03013335 -0.01195905 0.02563646
v -0.02934697 -0.01397339 0.02479993
v -0.02950902 -0.01421222 0.02578098
v -0.02973825 -0.01366618 0.02661523
v -0.02880874 -0.01564607 0.02575903
v -0.0314742 -0.006893933 0.0297997
v -0.0312781 -0.007540405 0.02794771
v -0.03125116 -0.008190811 0.02881628
v -0.0318028 -0.00679478 0.03078882
v -0.03126426 -0.008253336 0.03009737
v -0.03085703 -0.01051179 0.02793843
v -0.03053531 -0.01150671 0.02859853
v -0.03088707 -0.01054591 0.03000037
v -0.03046995 -0.01179361 0.03124024
v -0.03100498 -0.0103941 0.03279981
v -0.02980436 -0.01363105 0.03021806
v -0.02967937 -0.01402649 0.02795032
v -0.02973174 -0.01393285 0.03246799
v -0.02900326 -0.01539803 0.02802394
v -0.02830417 -0.01678932 0.02907181
v -0.02885731 -0.01569194 0.03134112
v -0.03006758 -0.01335225 0.03543484
v -0.0284598 -0.01650137 0.03370892
v -0.02805673 -0.01733851 0.03184061
v -0.02815455 -0.01699898 0.02626473
v -0.02728342 -0.0186986 0.02811384
v -0.02641842 -0.01976171 0.02563432
v -0.0266266 -0.01937237 0.0267579
v -0.02596761 -0.02073544 0.02805172
v -0.02665104 -0.01959834 0.02974723
v -0.02513756 -0.02169317 0.02926396
v -0.02540989 -0.021458 0.02601767
v -0.02478909 -0.02210626 0.02673586
v -0.02365264 -0.02346525 0.02502172
v -0.02333269 -0.02384752 0.02629441
v -0.02598791 -0.02048352 0.02694224
v -0.02406545 -0.02312648 0.02746189
v -0.02237335 -0.02498916 0.02582136
v -0.02178605 -0.02531418 0.02703857
v -0.02471928 -0.02248436 0.02802281
v -0.02388997 -0.0231162 0.02870342
v -0.02391942 -0.02315646 0.03022735
v -0.02185433 -0.02520865 0.0290294
v -0.02646707 -0.01979303 0.03224544
v -0.02743171 -0.01836163 0.03433459
v -0.0255747 -0.02102616 0.03208442
v -0.02621903 -0.02017584 0.03422187
v -0.02449919 -0.02231437 0.03416505
v -0.02402975 -0.02291578 0.03245655
v -0.02546115 -0.02111322 0.03614293
v -0.02314283 -0.02391848 0.03161007
v -0.02124734 -0.02565923 0.03240791
v -0.02323337 -0.02370992 0.03438157
v -0.02185638 -0.02499554 0.03475676
v -0.02208349 -0.02531841 0.01570883
v -0.02245334 -0.02518755 0.01674461
v -0.02164941 -0.02564022 0.01823565
v -0.02161287 -0.02571672 0.020143
v -0.02124213 -0.02616903 0.01683894
v -0.01995201 -0.02713168 0.01788431
v -0.02078436 -0.02650744 0.01920778
v -0.01918152 -0.0276219 0.01915836
v -0.01774709 -0.0287354 0.01484054
v -0.01902525 -0.02779037 0.01642203
v -0.01746531 -0.02884811 0.01639467
v -0.01633292 -0.02935827 0.01407066
v -0.01656066 -0.02923813 0.01597381
v -0.01620531 -0.02959469 0.01518148
v -0.01719797 -0.0289754 0.01788571
v -0.02225357 -0.02515486 0.02129799
v -0.02014963 -0.02684805 0.02164525
v -0.0192463 -0.02752736 0.0206691
v -0.01878887 -0.02776155 0.02267277
v -0.01980063 -0.02703643 0.02287361
v -0.0172168 -0.02884477 0.02098334
v -0.01692976 -0.02900222 0.02218831
v -0.01529683 -0.0299544 0.01921368
v -0.01705994 -0.02895689 0.02405697
v -0.01565351 -0.02977985 0.02163455
v -0.01580881 -0.02964616 0.0236257
v -0.0148057 -0.03008369 0.02325514
v -0.01223707 -0.0313217 0.01513457
v -0.01463993 -0.03030804 0.01746222
v -0.01218152 -0.03130436 0.01705986
v -0.01118101 -0.03160089 0.01594013
v -0.008532465 -0.03239623 0.01467258
v -0.0106976 -0.03183839 0.01490676
v -0.006568238 -0.03269687 0.01428735
v -0.006871209 -0.03276607 0.01269272
v -0.009575829 -0.0320347 0.01686016
v -0.01064308 -0.03177282 0.01822788
v -0.008806989 -0.0322493 0.0157645
v -0.006994441 -0.03264138 0.01599312
v -0.006757021 -0.03260663 0.0182277
v -0.01359083 -0.03072023 0.01842883
v -0.01432042 -0.03032464 0.02068707
v -0.0132809 -0.03081772 0.02092084
v -0.01186995 -0.0313831 0.01947975
v -0.009123743 -0.03218377 0.01948372
v -0.01120675 -0.03159735 0.02139995
v -0.008467793 -0.03232113 0.01821566
v -0.00695537 -0.0325577 0.02046621
v -0.0055141 -0.03281116 0.01985639
v -0.005132049 -0.03274158 0.02100027
v -0.0206877 -0.02626219 0.02663063
v -0.01983322 -0.02677655 0.02544186
v -0.01971219 -0.02702406 0.02623275
v -0.01851639 -0.02791345 0.02601075
v -0.01855461 -0.02789447 0.02698889
v -0.02026232 -0.02652961 0.02987723
v -0.01907574 -0.02746153 0.03002559
v -0.02020459 -0.02673382 0.02815802
v -0.01733628 -0.02871165 0.02621976
v -0.01722617 -0.02873427 0.02528712
v -0.005537689 -0.03277689 0.02198914
v -0.02396922 0.01360556 0.04530197
v -0.02560802 0.009814382 0.0452181
v -0.02326907 0.01168311 0.04510406
v -0.02375643 0.01056725 0.04509023
v -0.02262048 0.01361936 0.04511055
v -0.02238798 0.01273736 0.04520403
v -0.02183002 0.0117164 0.04568669
v -0.02286084 0.009716183 0.0456835
v -0.02592 0.006266505 0.04511818
v -0.02507137 0.007901669 0.04501773
v -0.02563556 0.005118459 0.04498243
v -0.02427192 0.006028831 0.04555798
v -0.02453688 0.004838169 0.04561487
v -0.02430266 0.009420544 0.04504639
v -0.0238177 0.00814712 0.04548155
v -0.02322432 0.007462502 0.04559749
v -0.02064756 0.008860379 0.04544702
v -0.0233883 0.004718781 0.04553027
v -0.02654201 0.004021943 0.04510653
v -0.02734119 0.001835078 0.04519229
v -0.02595198 0.002893478 0.04495564
v -0.02601613 0.001202494 0.04496419
v -0.02470271 0.003646374 0.04562008
v -0.02465144 0.002337307 0.04560222
v -0.02689888 -0.0003974736 0.04510343
v -0.02601725 -0.0003951192 0.04498161
v -0.02480188 0.0007497966 0.04558921
v -0.02135944 0.005913675 0.0454199
v -0.01854058 0.006604135 0.04541577
v -0.02006346 0.004374415 0.04536854
v -0.01904032 0.004063427 0.04541288
v -0.01820812 0.005128384 0.04526266
v -0.02168138 0.002683848 0.04535133
v -0.02283601 0.0009590387 0.04539192
v -0.02342319 -0.00115332 0.04541904
v -0.0216431 -0.0001624525 0.04531957
v -0.01936002 0.0008275509 0.04531826
v -0.02031314 -0.001896679 0.04527175
v -0.01921245 0.002089709 0.0453357
v -0.01789281 0.002545059 0.04482332
v -0.01673035 0.006986827 0.04484737
v -0.01747832 0.004544139 0.04485086
v -0.01559611 0.005463541 0.04487871
v -0.01451971 0.003324181 0.04489627
v -0.01654147 0.002490491 0.0448509
v -0.01907989 -0.001506805 0.04534115
v -0.01813407 0.0007297397 0.04481463
v -0.0156502 0.00112173 0.04485521
v -0.01814193 -0.0007762909 0.04480693
v -0.01659897 -0.0007538795 0.04486886
v -0.01407863 0.001839101 0.04480051
v -0.01487409 -0.001048058 0.04573889
v -0.017997 -0.002304494 0.04478161
v -0.01599234 -0.002176523 0.04490648
v -0.01433508 -0.0002999902 0.04569174
v -0.01262198 0.002532244 0.04490386
v -0.01216088 0.000852555 0.0447648
v -0.01351929 0.0007237196 0.04508656
v -0.01207536 0.001430899 0.04496083
v -0.01254599 -0.0001983345 0.04507609
v -0.01391509 -0.0008837283 0.04580499
v -0.01377639 -0.002414793 0.04515179
v -0.01243301 -0.001816958 0.04492395
v -0.01201452 -0.0004171729 0.04491898
v -0.01172657 -0.001653641 0.04495859
v -0.01182164 -0.002485067 0.04495604
v -0.01160318 -0.002080411 0.04563276
v -0.03101142 -0.01053801 0.03599523
v -0.03225626 -0.007396638 0.04467
v -0.03206716 -0.007095575 0.04291579
v -0.03172503 -0.008285522 0.04417633
v -0.03100221 -0.01074129 0.03802359
v -0.02988581 -0.01389319 0.03832851
v -0.03026246 -0.01304236 0.04019168
v -0.02972241 -0.01417437 0.03651859
v -0.02871083 -0.01613906 0.03630149
v -0.02958117 -0.01464081 0.0418628
v -0.02847071 -0.01660383 0.03934902
v -0.02688323 -0.01916838 0.03715101
v -0.02679767 -0.0193249 0.03887647
v -0.03110991 -0.0106031 0.04129709
v -0.03069587 -0.01190606 0.04204883
v -0.02822183 -0.01707217 0.04203483
v -0.02649973 -0.01972535 0.04074411
v -0.02931197 -0.01490507 0.04470217
v -0.02884261 -0.01552597 0.04324269
v -0.028329 -0.0163056 0.04443787
v -0.02773397 -0.01675647 0.04344553
v -0.02798928 -0.01736698 0.04552804
v -0.02722643 -0.01772124 0.04339486
v -0.02745549 -0.01833883 0.04551357
v -0.02718295 -0.01875016 0.04486123
v -0.02347715 -0.02343583 0.03678717
v -0.02442299 -0.02233911 0.03840925
v -0.02539293 -0.02119172 0.03937124
v -0.02384512 -0.02291939 0.04017608
v -0.0249439 -0.02168575 0.04205555
v -0.02650972 -0.01954383 0.04240474
v -0.02910598 -0.001306444 0.04535167
v -0.03032412 -0.004144728 0.04502074
v -0.03101237 -0.002423316 0.04503423
v -0.02965559 -0.002789855 0.04562642
v -0.029512 -0.004284918 0.04565829
v -0.02873476 -0.003617883 0.04536271
v -0.02723609 -0.003211319 0.04517162
v -0.02594581 -0.002476126 0.04491247
v -0.02472125 -0.001794964 0.04559411
v -0.02629735 -0.003300399 0.04499435
v -0.02459151 -0.003065407 0.04561228
v -0.02600043 -0.005093783 0.04504111
v -0.03182583 -0.008596689 0.04559483
v -0.02847694 -0.005002707 0.04527949
v -0.02925159 -0.005782753 0.04553013
v -0.02828498 -0.006342381 0.04532489
v -0.02657522 -0.007541686 0.04518203
v -0.02871467 -0.007876933 0.04552419
v -0.0276608 -0.008640915 0.0453447
v -0.02837391 -0.009694964 0.04563634
v -0.02541117 -0.00435403 0.04504599
v -0.02535112 -0.006323218 0.04495348
v -0.02495135 -0.007536292 0.04499605
v -0.02471153 -0.005568177 0.04529457
v -0.02434193 -0.004355311 0.04556867
v -0.02387495 -0.006573915 0.04547994
v -0.02291957 -0.005158573 0.04538918
v -0.02557082 -0.01048264 0.04518907
v -0.02457111 -0.008779049 0.04497904
v -0.02311926 -0.007470906 0.04545686
v -0.02308704 -0.008985609 0.04542015
v -0.02413811 -0.01040426 0.04499169
v -0.02309482 -0.01132494 0.04505336
v -0.02227785 -0.01048809 0.04548475
v -0.02461113 -0.0006798208 0.04560205
v -0.02280158 -0.003050089 0.04535574
v -0.0215124 -0.003954381 0.04530625
v -0.02113234 -0.005894333 0.04527663
v -0.02132078 -0.008285373 0.04532935
v -0.03137402 -0.00985226 0.04463363
v -0.03132243 -0.009243637 0.04365252
v -0.03142513 -0.009939998 0.04416583
v -0.03093405 -0.01121211 0.0441989
v -0.03123219 -0.01091787 0.04487544
v -0.03142284 -0.009678423 0.04559022
v -0.03126948 -0.01011869 0.04662658
v -0.03086825 -0.01117757 0.04623602
v -0.03082807 -0.0119513 0.04585867
v -0.03039174 -0.0123513 0.04484682
v -0.02996753 -0.01299191 0.04325739
v -0.03060399 -0.01278472 0.04551423
v -0.02989008 -0.01382369 0.04468431
v -0.03012858 -0.01378229 0.04592654
v -0.02789922 -0.01034555 0.04555289
v -0.02937533 -0.01502401 0.04516219
v -0.02803184 -0.01168686 0.04538947
v -0.02718334 -0.01066393 0.04536444
v -0.02706076 -0.01206532 0.04548696
v -0.0238709 -0.0119766 0.04505588
v -0.02511968 -0.01345193 0.04524985
v -0.02637856 -0.01343375 0.04547854
v -0.02540274 -0.0152041 0.04549006
v -0.02753238 -0.01357225 0.04531282
v -0.02336152 -0.01534596 0.04520559
v -0.02876447 -0.01634103 0.04540488
v -0.02631749 -0.01585713 0.04499404
v -0.02461277 -0.01643211 0.04541974
v -0.02641164 -0.0195224 0.04652599
v -0.02627818 -0.01995394 0.04540221
v -0.01954214 -0.009159327 0.04521199
v -0.02076434 -0.01232374 0.04538666
v -0.01907149 -0.003213346 0.04533795
v -0.01835442 -0.004043102 0.04506367
v -0.01908217 -0.004907697 0.0452906
v -0.01821469 -0.006605476 0.04526064
v -0.01544742 -0.003080189 0.04481897
v -0.01719096 -0.005414963 0.04473464
v -0.01613134 -0.004921466 0.04481924
v -0.01805317 -0.005366981 0.04518232
v -0.01794311 -0.008056551 0.04529859
v -0.01647459 -0.00772953 0.04486765
v -0.01706302 -0.009546816 0.04528497
v -0.01831014 -0.01259246 0.04523577
v -0.01414336 -0.005622536 0.04483308
v -0.01547952 -0.007107139 0.04480888
v -0.0137829 -0.003525198 0.04485627
v -0.01263422 -0.00330025 0.04479063
v -0.01229218 -0.0049932 0.04485744
v -0.01143272 -0.003751636 0.04488498
v -0.01144436 -0.004336447 0.04485418
v -0.01103157 -0.004778326 0.0445593
v -0.01128639 -0.004391611 0.04523873
v -0.01144192 -0.005852073 0.04484355
v -0.01096842 -0.003967911 0.0463526
v -0.01199794 -0.007098168 0.04483192
v -0.01546489 -0.009070575 0.04477111
v -0.01587623 -0.01027852 0.04507583
v -0.01365788 -0.009170145 0.04477602
v -0.01579157 -0.01142609 0.04522149
v -0.01453431 -0.01067153 0.04476114
v -0.01141553 -0.009213984 0.04480414
v -0.01453595 -0.01263833 0.04520662
v -0.01299372 -0.01254341 0.0446714
v -0.02247827 -0.01298657 0.04498085
v -0.0215591 -0.01265973 0.04535328
v -0.02155535 -0.01428232 0.04500204
v -0.02012227 -0.01416767 0.04537448
v -0.02074213 -0.01590863 0.04501168
v -0.01940028 -0.0154967 0.04533534
v -0.01837622 -0.01516145 0.04534803
v -0.02355154 -0.01796046 0.04548486
v -0.02450223 -0.01780584 0.04521401
v -0.02303965 -0.01726344 0.04531164
v -0.02119158 -0.01812047 0.04521346
v -0.02218492 -0.01974064 0.04543544
v -0.02125029 -0.02044487 0.04539949
v -0.01932044 -0.01725188 0.04501633
v -0.01600741 -0.01583794 0.04523583
v -0.01592283 -0.0136494 0.0451782
v -0.01767401 -0.01710638 0.04538518
v -0.01347284 -0.01802671 0.04524806
v -0.01398291 -0.01549765 0.04517315
v -0.01585035 -0.01853603 0.04533805
v -0.01818545 -0.01867095 0.04499634
v -0.01823004 -0.02058405 0.04517047
v -0.02026834 -0.02161577 0.04539858
v -0.01678635 -0.02012378 0.0450422
v -0.01635383 -0.02286831 0.04526754
v -0.01350813 -0.0136027 0.04520446
v -0.007704958 -0.003121316 0.0446322
v -0.006900594 -0.002852052 0.04413573
v -0.0077288 -0.001985282 0.04434052
v -0.006690457 -0.003579319 0.04435986
v -0.007507741 -0.004388094 0.0448724
v -0.0106802 -0.005578905 0.0449079
v -0.01048858 -0.006666988 0.0447149
v -0.01083161 -0.006304055 0.04535
v -0.01096237 -0.006924272 0.04493015
v -0.01005207 -0.007415652 0.04516861
v -0.01040691 -0.00826484 0.04484156
v -0.0102095 -0.008128256 0.04544181
v -0.009688616 -0.008480519 0.04486494
v -0.009978518 -0.008030325 0.04665634
v -0.007414505 -0.005069613 0.04487622
v -0.007428661 -0.005458921 0.04584508
v -0.006380156 -0.006438822 0.04492193
v -0.006794557 -0.007042915 0.04493923
v -0.007075876 -0.007176638 0.04509678
v -0.007062063 -0.006763816 0.04557486
v -0.00674817 -0.007910401 0.04607327
v -0.006649494 -0.008737177 0.04496334
v -0.01218079 -0.01135898 0.04482374
v -0.01071241 -0.01080078 0.04480144
v -0.009820342 -0.009929448 0.04476379
v -0.01158312 -0.01376259 0.04474951
v -0.01050429 -0.01250213 0.04482378
v -0.009247169 -0.01103631 0.04469253
v -0.008782804 -0.01318857 0.04481369
v -0.00863795 -0.01236418 0.04458213
v -0.01008432 -0.0148823 0.04473907
v -0.009566098 -0.008843035 0.04518299
v -0.009691134 -0.009368747 0.04535885
v -0.0089176 -0.01021031 0.0469777
v -0.009134755 -0.009755492 0.0445202
v -0.009005487 -0.009422272 0.04506174
v -0.008992136 -0.01037943 0.04490969
v -0.009181634 -0.01025105 0.04511918
v -0.00855346 -0.01150647 0.04486239
v -0.008231834 -0.01149073 0.04646324
v -0.008056164 -0.01122317 0.04727317
v -0.004986465 -0.005336106 0.04425408
v -0.005661428 -0.00416553 0.04431176
v -0.005629122 -0.007706016 0.04492773
v -0.006180286 -0.00829795 0.04470868
v -0.005974591 -0.009335428 0.04502931
v -0.005403325 -0.00952366 0.04495932
v -0.005247459 -0.008441895 0.0451353
v -0.003791124 -0.01005247 0.04500765
v -0.003899679 -0.008427262 0.04486479
v -0.00769484 -0.01389235 0.044659
v -0.007427052 -0.01265857 0.04452199
v -0.006466776 -0.01475561 0.04492411
v -0.006973058 -0.01344493 0.04488496
v -0.006405339 -0.01450607 0.04512376
v -0.007513478 -0.01267502 0.04724985
v -0.007861942 -0.01234543 0.04565533
v -0.004522696 -0.0106428 0.0449011
v -0.003331587 -0.0113878 0.04493678
v -0.004685909 -0.01017809 0.04477063
v -0.005046606 -0.01000723 0.04518025
v -0.003018349 -0.01104206 0.04487374
v -0.01451232 -0.0197348 0.04538414
v -0.01557685 -0.02078941 0.04504968
v -0.01326241 -0.02063212 0.04538259
v -0.01457743 -0.02187553 0.04504882
v -0.01132651 -0.01931107 0.04524454
v -0.01239105 -0.02278751 0.04507852
v -0.01076071 -0.02208552 0.0453852
v -0.009476706 -0.02402401 0.04507387
v -0.008809015 -0.02301082 0.04541919
v -0.01194035 -0.01510841 0.04524072
v -0.01207219 -0.01632527 0.04517524
v -0.01016048 -0.01576346 0.04503787
v -0.01064463 -0.01641864 0.04518779
v -0.008841947 -0.01932254 0.04521091
v -0.008398682 -0.01721925 0.04527254
v -0.007448718 -0.01509359 0.04489215
v -0.008601516 -0.01584634 0.04477203
v -0.007181585 -0.01665622 0.04482552
v -0.006288871 -0.01575431 0.04503673
v -0.005902588 -0.01670593 0.04490989
v -0.006283075 -0.01813194 0.0452331
v -0.005386338 -0.01811561 0.04532334
v -0.005155697 -0.01758993 0.04581977
v -0.00503321 -0.01964235 0.04527262
v -0.006847739 -0.0137901 0.0470691
v -0.00715299 -0.0137389 0.04564917
v -0.006176665 -0.0151917 0.04712082
v -0.006311983 -0.01552409 0.04540537
v -0.005254865 -0.01677546 0.04676865
v -0.004272118 -0.01900101 0.04533808
v -0.004128471 -0.01790425 0.04697813
v -0.004627377 -0.01663533 0.04732606
v -0.007352486 -0.02167994 0.0453032
v -0.006255522 -0.02031597 0.04527405
v -0.004495487 -0.02145037 0.04530402
v -0.00699003 -0.02468243 0.04511571
v -0.005962864 -0.02386326 0.04544061
v -0.002188981 -0.01160756 0.04473333
v -0.001580894 -0.01081291 0.04490511
v -0.0008118898 -0.01186591 0.04458937
v -0.003616676 -0.02026668 0.04510461
v -0.002069965 -0.0151287 0.04602925
v -0.003192112 -0.01477221 0.04619975
v -0.0020805 -0.01644957 0.04603526
v -0.001171127 -0.01787132 0.04585177
v -0.003063366 -0.01608938 0.04686998
v -0.002946511 -0.02009979 0.0467571
v -0.003289431 -0.01905513 0.04715589
v -0.001499087 -0.01855299 0.04667433
v -0.001652271 -0.01942217 0.04716893
v -0.0007806569 -0.0201368 0.04687284
v -6.464124e-05 -0.0197469 0.04576577
v 0.001138657 -0.01880002 0.04560983
v -0.002986982 -0.02149725 0.04524004
v -0.003285453 -0.02258599 0.04535177
v -0.004172876 -0.02393505 0.04545549
v -0.004726395 -0.02559295 0.04513554
v -0.002436027 -0.02221757 0.04518405
v -0.002289966 -0.02220452 0.04538648
v -0.002138734 -0.02243856 0.04510935
v -0.002767131 -0.02371493 0.04511258
v -0.002265573 -0.02435568 0.04499117
v -0.001173586 -0.02458301 0.04525357
v -0.002086371 -0.02001473 0.04728603
v -0.002119198 -0.02129519 0.04694188
v -0.001658514 -0.02247968 0.04676673
v -0.0008934736 -0.02163544 0.04716678
v -0.001330778 -0.02337041 0.04608153
v 0.001082286 -0.0166606 0.0457589
v 0.002285376 -0.01933774 0.045469
v 0.001506239 -0.02162188 0.04560994
v 0.004309118 -0.02014622 0.04572791
v 0.004358575 -0.02155572 0.04556325
v 0.00342381 -0.02274299 0.04542151
v -0.001057759 -0.02568322 0.04513238
v 3.299117e-05 -0.02647024 0.04527691
v 0.0005248338 -0.02123183 0.04586878
v 0.000300929 -0.02200747 0.04667568
v 0.0005389601 -0.02352813 0.04692383
v 0.001958698 -0.02332857 0.04567695
v 0.001779318 -0.02431688 0.04647563
v -0.0003637522 -0.02445632 0.04667944
v 0.0006023198 -0.0260264 0.04648751
v 0.0003049672 -0.02433372 0.04699287
v 0.001509935 -0.02519751 0.04692294
v 0.003076151 -0.02463713 0.04568979
v 0.003000945 -0.02660882 0.0468109
v 0.003354684 -0.02597484 0.04663238
v -0.02004831 -0.02661586 0.03339307
v -0.01243 -0.03111711 0.02320072
v -0.009657457 -0.03200206 0.02224198
v -0.008195654 -0.0322924 0.02227229
v -0.01682331 -0.02901444 0.02848768
v -0.01632865 -0.0293659 0.02554363
v -0.01524389 -0.02972776 0.02518636
v -0.01465942 -0.03014201 0.02511582
v -0.01562691 -0.02957988 0.02644104
v -0.01439857 -0.03029263 0.02868381
v -0.01335584 -0.03072935 0.02691132
v -0.01725478 -0.02863768 0.03108484
v -0.01805054 -0.02805716 0.03467143
v -0.01529323 -0.02972871 0.03289634
v -0.01384379 -0.03046626 0.03138161
v -0.0124162 -0.03109375 0.0297167
v -0.01208754 -0.03114727 0.03413972
v -0.01113684 -0.03147244 0.02418879
v -0.01019321 -0.03192887 0.02383429
v -0.009300306 -0.03204083 0.02391985
v -0.009962276 -0.03178132 0.02530971
v -0.01247312 -0.03109446 0.02534848
v -0.01120748 -0.03139597 0.02670157
v -0.01126698 -0.03132641 0.02556726
v -0.01044431 -0.03180712 0.02632138
v -0.006782919 -0.03254843 0.02262163
v -0.006060109 -0.03275141 0.02412879
v -0.007616937 -0.03236619 0.02493599
v -0.004575327 -0.03283605 0.02280602
v -0.008981586 -0.03228217 0.02825332
v -0.007997647 -0.03232214 0.03052494
v -0.009953752 -0.03188443 0.02954596
v -0.007154256 -0.03260639 0.02814069
v -0.01013921 -0.03181931 0.03206927
v -0.007598385 -0.03243372 0.03228623
v -0.006468743 -0.03259885 0.0303756
v -0.00497438 -0.03283235 0.02941179
v -0.005775243 -0.0326947 0.02709839
v -0.004218206 -0.0328781 0.02533388
v -0.004739732 -0.03292981 0.02647373
v -0.004763424 -0.03299719 0.02839592
v -0.005284086 -0.0328047 0.03216815
v -0.003475621 -0.03297156 0.03111804
v -0.02124925 -0.02555254 0.03617263
v -0.02112542 -0.02560535 0.03850402
v -0.02230696 -0.02447101 0.04104747
v -0.01883845 -0.02744371 0.03678621
v -0.02318017 -0.02352011 0.04224718
v -0.02385689 -0.02253535 0.04325925
v -0.02531438 -0.02106389 0.04389921
v -0.02501871 -0.02139691 0.04471476
v -0.02435775 -0.0225406 0.04480594
v -0.02325957 -0.02315015 0.04496312
v -0.02221327 -0.0238564 0.04385343
v -0.02212788 -0.02437809 0.04509676
v -0.01990916 -0.02644098 0.04145908
v -0.0180174 -0.02789626 0.03980121
v -0.02075167 -0.02559468 0.04329909
v -0.02103581 -0.02444518 0.04412681
v -0.01863442 -0.02737543 0.04191644
v -0.01947807 -0.02658722 0.0433446
v -0.02525853 -0.02146479 0.04586117
v -0.02558564 -0.02087933 0.04648606
v -0.02485995 -0.02208981 0.04667072
v -0.02294214 -0.0211404 0.04488255
v -0.02311151 -0.0236446 0.04636151
v -0.02282818 -0.02373594 0.04542251
v -0.01912098 -0.02334332 0.04514121
v -0.01839696 -0.02309698 0.04542661
v -0.02131335 -0.02509966 0.04564661
v -0.02133237 -0.02489558 0.04671909
v -0.02059044 -0.02522048 0.04412764
v -0.0205083 -0.02563065 0.04525192
v -0.019502 -0.02604112 0.04408333
v -0.01724111 -0.025401 0.0449577
v -0.01662733 -0.02469027 0.04542384
v -0.01956953 -0.02662292 0.0451564
v -0.01880898 -0.02696854 0.04462788
v -0.01896219 -0.0269191 0.04600061
v -0.01824917 -0.02763417 0.04550602
v -0.01598768 -0.02930224 0.0355536
v -0.01729108 -0.02845386 0.03758417
v -0.01563175 -0.02946341 0.03886481
v -0.01384832 -0.03036317 0.03628847
v -0.01164387 -0.03126013 0.03812814
v -0.01348443 -0.03050366 0.03932267
v -0.009691909 -0.03191364 0.03675961
v -0.0165471 -0.02876765 0.04239498
v -0.01449399 -0.02997527 0.04229285
v -0.01276694 -0.03081661 0.0423893
v -0.0116073 -0.03127071 0.04047924
v -0.0113001 -0.03139284 0.04195939
v -0.01147647 -0.03132281 0.04044071
v -0.01029743 -0.03171054 0.03983861
v -0.008717284 -0.03218359 0.03447485
v -0.006428644 -0.03262481 0.03465265
v -0.007118151 -0.03253073 0.03708664
v -0.004499987 -0.03288931 0.03602931
v -0.001862898 -0.03305209 0.0333764
v -0.002813056 -0.03298321 0.03753597
v -0.008417651 -0.03225395 0.04115582
v -0.006001368 -0.03270918 0.03957197
v -0.004950598 -0.03283715 0.03789395
v -0.006863967 -0.0325059 0.04270339
v -0.004144117 -0.03292617 0.04176939
v -0.003218845 -0.03299361 0.04028177
v -0.0007718354 -0.0330309 0.04044035
v 0.0008412898 -0.03302622 0.03870445
v -0.01438476 -0.0267888 0.04514118
v -0.01422067 -0.0260438 0.04541804
v -0.01538478 -0.02525881 0.04539028
v -0.01394527 -0.02466768 0.04528368
v -0.01226123 -0.02457994 0.04524791
v -0.01227649 -0.0265933 0.04538335
v -0.01249985 -0.02756295 0.0452569
v -0.01771842 -0.02772704 0.0440907
v -0.01696302 -0.02842203 0.04521106
v -0.01706596 -0.02800474 0.0462999
v -0.01668604 -0.02836895 0.04413161
v -0.0158215 -0.02924722 0.04507989
v -0.01509266 -0.02945989 0.04357524
v -0.01453228 -0.02976909 0.04463036
v -0.01411752 -0.03019196 0.04522747
v -0.01322268 -0.03036356 0.04369608
v -0.01453967 -0.0296624 0.04582912
v -0.01545613 -0.02885213 0.04692905
v -0.01055048 -0.02636516 0.04530716
v -0.008614644 -0.02578372 0.045221
v -0.010206 -0.02807423 0.04534592
v -0.008526787 -0.02831659 0.04543278
v -0.01272987 -0.03060725 0.04453202
v -0.01219012 -0.03103033 0.0455592
v -0.0119039 -0.03104731 0.04342414
v -0.01353945 -0.03031564 0.0457532
v -0.01292334 -0.03081864 0.04493795
v -0.01282413 -0.03083238 0.04581416
v -0.01058732 -0.03204477 0.0455116
v -0.01078771 -0.03151563 0.0442529
v -0.009933159 -0.03200531 0.04508021
v -0.009604499 -0.02930173 0.0450532
v -0.009325817 -0.0320732 0.045541
v -0.006427601 -0.02831796 0.04536122
v -0.007557556 -0.0292201 0.04530527
v -0.005623505 -0.02936235 0.0453676
v -0.003509656 -0.0278818 0.0452989
v -0.00393717 -0.02954251 0.04547143
v -0.008109495 -0.03238615 0.04558982
v -0.008273944 -0.0320617 0.04404271
v -0.007293537 -0.03210086 0.04415047
v -0.006832644 -0.02994469 0.04487871
v -0.005462453 -0.03055927 0.04481372
v -0.006947204 -0.03269616 0.04551452
v -0.004006162 -0.03060016 0.04500949
v -0.001561955 -0.02988377 0.04534429
v -0.002399877 -0.03060225 0.0449006
v -0.003051177 -0.03285512 0.04468611
v -0.003444448 -0.03307763 0.04508755
v -0.004678145 -0.03284124 0.04418275
v -0.002206162 -0.03314087 0.04601279
v -0.0008173436 -0.03319266 0.04464659
v -0.0006271452 -0.03288129 0.04388842
v 1.849234e-05 -0.03294349 0.04453325
v -0.002028123 -0.03303695 0.04437116
v 1.315773e-05 -0.02819175 0.04521051
v 0.001693442 -0.02799097 0.0452745
v 0.001286075 -0.0269382 0.04614416
v 0.001988932 -0.02976844 0.04534328
v 0.0003023893 -0.02977112 0.04539275
v 0.0001944155 -0.03112701 0.04500362
v 0.001903757 -0.02639601 0.04682261
v 0.002916858 -0.02757582 0.04653898
v -0.0002748221 -0.03301275 0.04585153
v -0.02589209 0.02022791 0.0475834
v -0.02671704 0.01926342 0.04665951
v -0.02685052 0.01898518 0.04752161
v -0.02735381 0.01786986 0.04712082
v -0.02762747 0.01776779 0.04778731
v -0.02431481 0.01723617 0.04561202
v -0.02489083 0.02075979 0.04820478
v -0.02556574 0.02018216 0.04805736
v -0.02545039 0.02000639 0.04973489
v -0.02968135 0.01438171 0.04772754
v -0.02318624 0.01851723 0.04558218
v -0.02159825 0.01684514 0.0452621
v -0.02298711 0.01528314 0.04528981
v -0.02019066 0.0161556 0.04511009
v -0.02119857 0.01585391 0.04507318
v -0.0215916 0.01449996 0.04511116
v -0.02051386 0.014128 0.04573777
v -0.01981673 0.01535419 0.04566601
v -0.02117971 0.01312444 0.0456681
v -0.01906678 0.01189953 0.04551153
v -0.01893337 0.01608232 0.04573356
v -0.01920652 0.0139215 0.04561868
v -0.01698378 0.01289716 0.0454416
v -0.01691572 0.01544267 0.04555222
v -0.01802528 0.01712027 0.04573268
v -0.01591249 0.01679072 0.04558685
v -0.01534121 0.01523066 0.04545866
v -0.01372597 0.01617873 0.04545183
v -0.01496956 0.01240891 0.0454179
v -0.01871309 0.009328216 0.04543208
v -0.01641452 0.01072687 0.04542702
v -0.01750134 0.009005994 0.04545093
v -0.01777028 0.007692009 0.04542516
v -0.01093523 0.01639009 0.04542866
v -0.01270677 0.01468366 0.04539777
v -0.01398125 0.01346433 0.04544613
v -0.01190864 0.01387706 0.04486962
v -0.01342273 0.0126074 0.04493049
v -0.01055677 0.01514217 0.04496042
v -0.01164629 0.01275459 0.04482892
v -0.009750202 0.01447293 0.04485281
v -0.01516174 0.01021543 0.04489441
v -0.01451717 0.01142228 0.0449113
v -0.01345445 0.01120028 0.04485545
v -0.01587678 0.008989483 0.04486017
v -0.01442115 0.009124041 0.04485968
v -0.01144205 0.009580731 0.04493842
v -0.01176642 0.01121417 0.04489598
v -0.0139368 0.006689191 0.04491623
v -0.01174612 0.007050991 0.04495518
v -0.01026273 0.0126543 0.04493657
v -0.008138075 0.0155808 0.04485166
v -0.008302301 0.01388124 0.04498601
v -0.007360682 0.01505929 0.04499291
v -0.008923128 0.0124447 0.04481155
v -0.01028982 0.01154289 0.04493803
v -0.006063834 0.01408854 0.04464936
v -0.007572412 0.0111199 0.04416403
v -0.005974531 0.01252151 0.04419905
v -0.007097557 0.01224139 0.04428083
v -0.006538615 0.01010701 0.04429682
v -0.01061992 0.008204192 0.04466848
v -0.009850696 0.007307053 0.04434547
v -0.008585915 0.009649307 0.04416963
v -0.008805305 0.007550687 0.04419369
v -0.009190038 0.006183952 0.04425973
v -0.007189617 0.007759541 0.04437147
v -0.007924676 0.00650996 0.0443393
v -0.009527847 0.01071543 0.04462981
v -0.004392222 0.01557022 0.04492648
v -0.01194626 0.005553842 0.04492994
v -0.01314734 0.004070699 0.04492508
v -0.009748101 0.00549832 0.04433493
v -0.01071419 0.004352093 0.04460175
v -0.01189189 0.003726572 0.04484726
v -0.01116538 0.003683448 0.04489909
v -0.01182444 0.00255236 0.04497586
v -0.01111332 0.002617568 0.04582475
v -0.0093887 0.004831046 0.04424922
v -0.009263635 0.004719526 0.04443972
v -0.007948324 0.005613446 0.04419936
v -0.007292911 0.005644768 0.04459575
v -0.008055151 0.00579983 0.04493955
v -0.009937733 0.004666448 0.04500215
v -0.009498537 0.004648447 0.04596224
v -0.01032579 0.003613442 0.04615456
v -0.01050168 0.002738535 0.04618302
v -0.007376894 0.005782276 0.04594432
v -0.007087111 0.005368531 0.04646294
v -0.008664563 0.004513353 0.04632087
v -0.008879751 0.002343386 0.04631014
v -0.01139513 0.001353532 0.04591766
v -0.01154438 -0.0004242659 0.04589424
v -0.01090549 -0.0003842413 0.0463278
v -0.008732632 -0.001939237 0.046692
v -0.01119307 -0.001832128 0.04623117
v -0.01028097 -0.003558248 0.04675558
v -0.004127488 0.01341182 0.04418293
v -0.004957736 0.01166925 0.04433064
v -0.002971545 0.01310784 0.0442325
v -0.003425345 0.01039475 0.04440634
v -0.005481601 0.006455094 0.04422982
v -0.006383047 0.005904734 0.04430559
v -0.004397273 0.007528126 0.04448724
v -0.00586839 0.00696668 0.04444461
v -0.002613172 0.008161306 0.04444644
v -0.0009556115 0.009868771 0.044385
v -0.002819926 0.007563949 0.04422529
v -0.004369617 0.006851047 0.04428469
v -0.003287435 0.007224798 0.04453872
v -0.004953831 0.006614804 0.0460169
v -0.002910465 0.007378072 0.04598038
v -0.004189968 0.007080108 0.04519777
v -0.001212925 0.008622229 0.044459
v -0.000859946 0.008294731 0.0442798
v -0.001370981 0.007723838 0.04452868
v -0.0002234131 0.004780561 0.04454686
v 0.00124301 0.004839897 0.04475084
v -0.0006053895 0.004986107 0.04472956
v 0.001059338 0.00413546 0.04459089
v -0.00192757 0.01401228 0.04434223
v -0.0005392283 0.0132961 0.04423444
v -0.001691744 0.01175553 0.04432185
v -0.002753377 0.00694108 0.04661976
v -0.003849953 0.006302714 0.04665332
v -0.001603723 0.007413208 0.04662165
v -0.001901045 0.005642682 0.04685773
v 0.001490086 0.01229009 0.0442349
v 0.0005107224 0.01160645 0.04438187
v 0.0005077869 0.009339303 0.04441498
v 0.001849726 0.009838551 0.04439934
v 0.003597543 0.01290879 0.0448171
v 0.003151089 0.01148096 0.04436907
v 0.0008573234 0.008802414 0.04414906
v 0.002071962 0.009296089 0.04434605
v 0.003479347 0.00995028 0.04426129
v 0.004930407 0.01030448 0.0445172
v 0.002133965 0.009318203 0.0456831
v 0.001972973 0.009438485 0.04497151
v 0.005918846 0.01173711 0.04497059
v -0.0002386272 0.008181691 0.04453647
v 0.00128828 0.008808821 0.04455395
v -0.0001417547 0.008525044 0.04500705
v -0.0006028116 0.008366108 0.0457201
v 0.0007102191 0.008769453 0.04579367
v -0.0002284348 0.008051127 0.04640381
v 0.000272736 0.007588208 0.04665422
v 0.00190337 0.008631438 0.04648215
v -0.00216794 0.007779688 0.0452393
v -0.0002913475 0.005802333 0.04689667
v 0.001721278 0.006106198 0.04684021
v 0.00077869 0.008874148 0.04507767
v 0.0005108267 0.004829943 0.04520492
v 0.001871467 0.004873157 0.04544523
v 0.002579466 0.004260957 0.04450959
v 0.0002918988 0.005177021 0.04637367
v 0.001958102 0.005384356 0.04642752
v 0.003589004 0.004989386 0.04609548
v 0.004069835 0.00941667 0.0460951
v 0.004804075 0.009016931 0.04628977
v 0.003303334 0.007595778 0.04649794
v -0.006055146 0.001384467 0.0445856
v -0.006095096 0.0009875596 0.04438822
v -0.00584361 0.001545876 0.04447663
v -0.005526468 0.001536131 0.04461356
v -0.005643621 0.0003317595 0.04455493
v -0.005362347 0.001728058 0.04533559
v -0.004902259 0.002135158 0.04473385
v -0.006235182 0.0001954138 0.04510775
v -0.006709933 0.006137878 0.04527029
v -0.00565733 0.005809546 0.04655673
v -0.005347729 0.006659001 0.04496858
v -0.003941968 0.00474757 0.0468525
v -0.006301627 0.002916247 0.04674155
v -0.007148415 0.001522243 0.04675943
v -0.005290329 0.002745688 0.04659341
v -0.006132305 0.001285911 0.04627253
v -0.003200948 0.003463149 0.04471947
v -0.00323832 0.002724111 0.04450774
v -0.003926665 0.003310144 0.0459538
v -0.003306568 0.004092455 0.04663172
v -0.008116499 -0.0001139045 0.0467075
v -0.007194668 -0.000939846 0.04568866
v -0.006885007 0.0002088547 0.0463149
v -0.007607639 -0.001627862 0.04622023
v -0.0088581 -0.003701419 0.04690342
v -0.008041665 -0.002710134 0.04653734
v -0.006472871 -0.0001398623 0.04434377
v -0.006942585 -0.0002130866 0.04461758
v -0.006459057 -0.001331717 0.04451239
v -0.007366195 -0.001566082 0.04411061
v -0.007500932 -0.001808316 0.04503173
v -0.004108131 0.0005347431 0.04450041
v -0.007522136 -0.003908068 0.04538047
v -0.001975328 0.004033655 0.04472911
v -0.001973197 0.002958864 0.04454468
v -0.0008824021 0.003998756 0.04464506
v -0.002469778 0.003837496 0.04529732
v -0.0007922798 0.004411668 0.04504943
v -0.001032546 0.004415095 0.04460876
v -0.001098141 0.004255593 0.044845
v -0.001597211 0.0005044937 0.04456705
v -0.002845421 -0.0004671514 0.04455678
v -0.0002566129 0.001523942 0.04458316
v -7.44611e-05 0.003029108 0.04453133
v 0.001917288 0.002973378 0.04452665
v -0.0006069988 -0.0004381239 0.04450777
v 0.00135842 -1.034141e-05 0.04453281
v 0.0004338026 -0.00157398 0.04455984
v -0.00444369 -0.001917958 0.04448888
v -0.002830923 -0.003133953 0.0445289
v -0.004352301 -0.00361222 0.04437988
v -0.003688186 -0.004989952 0.04446268
v -0.001694322 -0.001472592 0.04453905
v -0.001511231 -0.003262669 0.04457945
v -0.001885071 -0.005501807 0.04443254
v -0.000279665 -0.005110234 0.0444809
v -0.001571596 0.004643679 0.04648781
v 0.005715698 0.009558797 0.04587597
v 0.006362811 0.01009098 0.04491644
v 0.00646995 0.008730859 0.04625365
v 0.008393794 0.009867609 0.04493919
v 0.0101047 0.01066336 0.04488882
v 0.009253711 0.008520514 0.04477336
v 0.007591501 0.009153426 0.04505377
v 0.00836584 0.008377343 0.04514451
v 0.007257238 0.008966446 0.04579112
v 0.003211975 0.004592031 0.04462941
v 0.003561854 0.003364146 0.04451899
v 0.004957885 0.003914654 0.04472744
v 0.004786938 0.004541427 0.04599667
v 0.006073028 0.003408462 0.04483752
v 0.00627321 0.00357759 0.04429762
v 0.006417453 0.003674805 0.04458086
v 0.005966008 0.003147185 0.04447174
v 0.006967187 0.002967387 0.04444189
v 0.006508425 0.003718257 0.04607192
v 0.005986616 0.007099122 0.04635917
v 0.00410451 0.005789697 0.04678009
v 0.007687435 0.00793758 0.04626054
v 0.0092033 0.006222546 0.04646136
v 0.005698219 0.005349189 0.04675119
v 0.006354719 0.004308671 0.04650019
v 0.007930771 0.004061192 0.0467259
v 0.009364501 0.007709235 0.04464757
v 0.009483427 0.009548366 0.04484664
v 0.01027514 0.009599 0.04527968
v 0.01086318 0.008249223 0.04588918
v 0.01081063 0.006742656 0.04496244
v 0.009554312 0.007193446 0.0448591
v 0.01028718 0.006317675 0.04480603
v 0.00880523 0.007371813 0.04565181
v 0.01053821 0.005565703 0.0449992
v 0.01028855 0.003973275 0.0467702
v 0.01031218 0.004746467 0.0464264
v 0.01015925 0.002263874 0.04702352
v 0.01159288 0.005602419 0.04487692
v 0.01074411 0.004872561 0.04533242
v 0.01055367 0.004849613 0.04498383
v 0.01080438 0.004995495 0.04489513
v 0.01193339 0.007059723 0.04527545
v 0.01258749 0.006391257 0.04500166
v 0.01207085 0.00850606 0.04586667
v 0.01108879 0.004067779 0.04483996
v 0.01211929 0.003743052 0.04489243
v 0.01112695 0.004026949 0.04526313
v 0.01163824 0.003108323 0.04477052
v 0.01165329 0.002583027 0.04495178
v 0.01190691 0.002608567 0.04563628
v 0.01140244 0.003122896 0.04647091
v 0.004476875 0.002041042 0.0444964
v 0.002180204 0.001214147 0.04458539
v 0.003923893 0.0002389848 0.04452688
v 0.002807498 -0.001327604 0.0445375
v 0.005178675 -0.001711786 0.04444633
v 0.005624697 0.0002112091 0.04450737
v 0.000805974 -0.004123896 0.04448055
v 0.00172852 -0.006165028 0.04443337
v 0.001875177 -0.002611518 0.04453789
v 0.00411886 -0.003329813 0.04453127
v 0.003166184 -0.005238771 0.04441202
v 0.007317364 -0.0009246767 0.0444072
v 0.005910963 -0.004352361 0.04437919
v 0.006858259 -0.002620965 0.04439589
v 0.007919043 -0.004702002 0.04473412
v 0.005043939 -0.005386174 0.0443462
v 0.00476259 -0.006470054 0.04444595
v 0.006160468 -0.006590962 0.04466973
v 0.00869894 -0.002967596 0.04476538
v 0.00741747 -0.006655276 0.04489413
v 0.009065807 -0.005947143 0.04502198
v 0.00825645 -0.007413208 0.04493508
v 0.006734014 0.002401561 0.04438037
v 0.007367238 0.002678752 0.04533243
v 0.007676378 0.002123624 0.04467237
v 0.007247433 0.0008619726 0.04436113
v 0.008879974 0.0007680357 0.04482956
v 0.008876875 0.001072556 0.04549702
v 0.009435505 -0.0009032488 0.04487675
v 0.01009706 -0.001783848 0.04496238
v 0.00943321 -0.003969669 0.04496348
v 0.009531349 -0.0003075302 0.04507864
v 0.01026694 -0.001468837 0.04511505
v 0.01016551 -0.003362536 0.04493704
v 0.01012863 -0.001927078 0.04573375
v 0.009999245 -0.0003874302 0.04662789
v 0.008158043 0.003350049 0.046721
v 0.008785307 0.001973212 0.04637262
v 0.009279981 0.002368122 0.0468902
v 0.01043645 8.46386e-05 0.04707617
v 0.01162402 0.001559228 0.04702784
v 0.01149537 4.833937e-05 0.04735793
v 0.0105914 -0.002548188 0.04692343
v 0.01141126 -0.001877069 0.0474961
v 0.01163153 0.01055253 0.04505211
v 0.01150317 0.009193629 0.04584174
v 0.01253085 0.01059917 0.04491837
v 0.01230352 0.009600073 0.04552698
v 0.01329693 0.00924623 0.04518117
v 0.01356553 0.00768137 0.04503843
v -0.01027559 -0.004943699 0.04680356
v -0.008006573 -0.004675835 0.04668772
v -0.008637354 -0.006044 0.04718931
v -0.01005182 -0.006474197 0.04687151
v -0.009099796 -0.007387161 0.04728398
v -0.007538319 -0.007062644 0.04695226
v -0.006077662 -0.009135157 0.04649372
v -0.007811427 -0.007867634 0.04738243
v -0.009244993 -0.008364201 0.04717563
v -0.008355886 -0.009627193 0.0475339
v -0.007339239 -0.01121274 0.04770023
v -0.00733307 -0.00936076 0.04762906
v -0.006068587 -0.01061061 0.04774499
v -0.006295592 -0.009233057 0.04726331
v -0.003088415 -0.006238073 0.04434501
v -0.003344461 -0.007052183 0.04444514
v -0.00101842 -0.007454723 0.04436517
v -0.002372086 -0.009578854 0.04495922
v -0.0009407103 -0.008447558 0.04451843
v -0.005105406 -0.01018336 0.04691455
v -0.004673332 -0.01135767 0.04762809
v -0.006359085 -0.01302814 0.04768649
v -0.004541233 -0.01323649 0.04760978
v -0.002994299 -0.01167816 0.04720631
v -0.003190607 -0.01124448 0.04665081
v -0.00364618 -0.01351553 0.04720971
v -0.003926441 -0.01438329 0.04696399
v -0.002984688 -0.01271439 0.04757269
v -0.002556488 -0.01330104 0.04729527
v -0.005205587 -0.01473489 0.04763234
v -0.004578039 -0.01528668 0.04756124
v -0.003663808 -0.01632196 0.04743585
v 0.0005654991 -0.007520318 0.04434548
v -0.0004448295 -0.009702832 0.04486063
v 0.002159536 -0.007561356 0.0443695
v 0.001825705 -0.008868903 0.04464075
v 0.003756195 -0.007145137 0.04437774
v 0.002606511 -0.009221137 0.04484342
v 0.003745452 -0.00927034 0.04492143
v 0.001158953 -0.01012763 0.04496253
v 0.0004045516 -0.0109207 0.04490057
v 0.002316132 -0.01059765 0.04496072
v -0.001015112 -0.012142 0.04695547
v -0.001025632 -0.01191282 0.04588786
v 0.0002285093 -0.01201215 0.04608344
v -0.00265722 -0.01421914 0.0462898
v -0.0008018613 -0.01460463 0.04609141
v -0.001397699 -0.01258519 0.04742144
v 0.000248 -0.01309979 0.04747385
v -0.0002686381 -0.01390743 0.04700238
v 0.001385435 -0.01207396 0.04477456
v 0.002174005 -0.01162139 0.04464355
v 0.001560941 -0.01226729 0.04702953
v 0.001702264 -0.01192868 0.04663402
v 0.0007582605 -0.01466322 0.04590762
v 0.001666456 -0.01371101 0.04693581
v 0.002841324 -0.01418966 0.04595201
v 0.002283141 -0.01286924 0.0473697
v 0.003509611 -0.01159286 0.04705299
v 0.00337936 -0.01224568 0.04732119
v 0.004148901 -0.01045641 0.04485612
v 0.003809392 -0.01106793 0.0446344
v 0.004981026 -0.01076365 0.04479891
v 0.005487427 -0.008153439 0.04487255
v 0.005563363 -0.009050339 0.04494666
v 0.004949927 -0.010732 0.04685788
v 0.005679935 -0.01037255 0.04524805
v 0.003783301 -0.01101148 0.04559946
v 0.007325903 -0.008116603 0.04497819
v 0.007457331 -0.009482592 0.04474171
v 0.00845851 -0.008723408 0.04495254
v 0.007674307 -0.009631306 0.04503846
v 0.005815431 -0.01019508 0.04491788
v 0.00625807 -0.01025251 0.04699704
v 0.004903316 -0.011801 0.04729223
v 0.006584272 -0.01113889 0.04731593
v 0.007563919 -0.009164125 0.04611708
v 0.006397888 -0.01001388 0.04573196
v 0.00342086 -0.01164982 0.04484884
v 0.002816707 -0.01509771 0.0455981
v 0.004834995 -0.01438862 0.0454426
v 0.002524957 -0.01625085 0.04545276
v 0.005654842 -0.0152024 0.04540956
v 0.005653679 -0.0131914 0.04588726
v 0.007025674 -0.01373971 0.04545383
v 0.004076198 -0.01729167 0.04552203
v 0.006267548 -0.01697034 0.04574113
v 0.002890542 -0.01130229 0.04614286
v 0.003841102 -0.01309758 0.04691526
v 0.00750868 -0.01234454 0.046031
v 0.006068066 -0.01214126 0.04707189
v 0.008005813 -0.011208 0.04704987
v 0.008832619 -0.01155761 0.0460898
v 0.0073203 -0.00970757 0.04711165
v 0.008366197 -0.008252919 0.04599829
v 0.009060055 -0.007925868 0.04689634
v 0.009159043 -0.008926988 0.04742078
v 0.008028969 -0.01018527 0.04737465
v -0.002709582 -0.01735607 0.04722662
v -0.002980828 -0.01794049 0.04738319
v 0.004609346 -0.01858789 0.04577751
v -0.03252058 -0.001387507 0.03914186
v -0.02638759 0.0174914 0.04514004
v -0.02788949 0.01469857 0.04499736
v -0.02764316 0.01599228 0.04552218
v -0.02872236 0.01341742 0.04518797
v -0.02841291 0.01534596 0.04728457
v -0.02904686 0.01394111 0.04719318
v -0.02948913 0.01206234 0.04549719
v -0.02905679 0.01177403 0.04510273
v -0.03005472 0.01176971 0.04768534
v -0.03149083 0.004529595 0.04528356
v -0.03132094 0.003379673 0.04499772
v -0.03186269 0.002286732 0.04565668
v -0.03175403 0.0006161034 0.04511355
v -0.03212713 0.01052031 0.04906362
v -0.03120779 0.012541 0.04858269
v -0.03217062 0.009626091 0.04844053
v -0.03298418 0.007026881 0.04865815
v -0.03286193 0.00796929 0.04917055
v -0.03218749 0.01041886 0.05010562
v -0.03344388 0.00501895 0.0487925
v -0.03333046 0.005135119 0.04997045
v -0.0326231 0.008560538 0.05024272
v -0.0325778 0.007647842 0.05042182
v -0.03260408 0.005985647 0.05052565
v -0.03318082 0.002765119 0.05016813
v -0.03248926 0.004343003 0.05038235
v -0.03200819 0.005099952 0.05017197
v -0.03018688 0.00979504 0.04524426
v -0.03055668 0.01033875 0.04745421
v -0.0294808 0.01023972 0.0450221
v -0.03076024 0.007013768 0.0448851
v -0.03130414 0.008428216 0.04867449
v -0.03094462 0.009300828 0.04991947
v -0.0320216 0.005141139 0.04864673
v -0.03199868 0.002762586 0.04686625
v -0.03337581 0.0037404 0.0483484
v -0.03138654 0.008193851 0.04968873
v -0.03229703 0.003233165 0.04978152
v -0.03271727 -0.001955181 0.03689185
v -0.03296861 -0.002579838 0.0384154
v -0.03285329 -0.004015297 0.03739586
v -0.03301941 -0.004044205 0.04061158
v -0.03272171 -0.005885243 0.0382563
v -0.03299518 -0.002644569 0.04020362
v -0.03287844 -0.005127251 0.03977138
v -0.03319485 -0.001956731 0.04099552
v -0.03283454 -0.001365989 0.04235891
v -0.03301741 -0.002842396 0.04237697
v -0.03299202 -0.001972944 0.04289921
v -0.03306444 -0.00367716 0.04287145
v -0.03306349 -0.005460799 0.04117154
v -0.03263132 -0.006276965 0.04064253
v -0.03305937 -0.00514105 0.04233789
v -0.03281434 -0.005893171 0.04258402
v -0.03328718 -0.005435437 0.04391983
v -0.03285937 -0.001448452 0.04646724
v -0.03275602 -0.002937883 0.04737788
v -0.03274177 -0.001161426 0.04742581
v -0.0329697 -0.002096772 0.04750644
v -0.03218471 -0.0006210208 0.04597519
v -0.03193943 -0.001081109 0.04534085
v -0.03146143 -0.0002445877 0.0449532
v -0.0315371 -0.002158254 0.0451903
v -0.03115039 -0.003957421 0.04505321
v -0.03182508 -0.003223926 0.04604179
v -0.03221099 -0.001573414 0.04679215
v -0.03239371 -0.002444953 0.04836668
v -0.03334694 -0.004807472 0.04468955
v -0.03330703 -0.005239129 0.04605244
v -0.03283106 -0.006841451 0.04504928
v -0.03291263 -0.006117731 0.04585451
v -0.03193782 -0.007638901 0.04674844
v -0.03268038 -0.005529076 0.0472187
v -0.03146468 -0.004609138 0.04526281
v -0.03151198 -0.005753428 0.04644527
v -0.03201179 -0.00485605 0.04753898
v -0.03211923 -0.006904155 0.0472423
v -0.03288276 -0.007264912 0.04826197
v -0.03354169 -0.00488928 0.04872003
v -0.03148456 -0.007882476 0.04736298
v -0.03173576 -0.00649935 0.04966445
v -0.0336559 0.00190872 0.04970281
v -0.03356607 0.001812011 0.04862309
v -0.03377871 0.0001342595 0.04979448
v -0.03362079 0.0005485415 0.05026296
v -0.03239532 -0.0004313588 0.04821804
v -0.03363551 -0.0001814365 0.04849859
v -0.03249277 0.001209229 0.04942925
v -0.03357078 -0.002072781 0.04828174
v -0.03382863 -0.002393454 0.04899484
v -0.03242762 -0.001597524 0.05011164
v -0.03283681 0.001362443 0.05024518
v -0.03315969 7.346272e-05 0.05062009
v -0.03265209 -0.0003584623 0.05038248
v -0.03357612 -0.002313554 0.05024146
v -0.03283043 -0.001839399 0.05054818
v -0.03363656 -0.003889441 0.04973377
v -0.03232579 -0.003310651 0.04998481
v -0.03311251 -0.003486216 0.05039111
v -0.03329922 -0.006568342 0.04921445
v -0.03298195 -0.00551331 0.05033186
v -0.03288652 -0.00716573 0.05008791
v -0.0322393 -0.005012721 0.05034479
v -0.03193508 -0.006882638 0.05019474
v -0.03245147 -0.006385058 0.0503953
v -0.03228025 -0.009320825 0.04832119
v -0.03135096 -0.008767396 0.04660243
v -0.03276764 -0.008172542 0.04918833
v -0.03159402 -0.01168382 0.04864822
v -0.0317616 -0.0112462 0.04983579
v -0.03238161 -0.008908987 0.05002807
v -0.03119291 -0.008754283 0.04803173
v -0.03206973 -0.008064002 0.050358
v -0.03179999 -0.009920716 0.05022478
v -0.03140046 -0.008319855 0.05005223
v -0.03098658 -0.005982399 0.01357192
v -0.03112616 -0.005724758 0.01614204
v -0.03096865 -0.008841038 0.01416028
v -0.03074843 -0.007198095 0.01556917
v -0.03094336 -0.008403301 0.01619241
v -0.03079192 -0.007268101 0.01746432
v -0.03177536 -0.004366875 0.01944344
v -0.03126624 -0.006654054 0.01900572
v -0.03135763 -0.005898446 0.02078576
v -0.0319012 -0.004837871 0.02167618
v -0.0311963 -0.00705421 0.02198477
v -0.0321452 -0.004760623 0.02422927
v -0.03150959 -0.005651265 0.0228699
v -0.03215414 -0.0005220473 0.02587479
v -0.03194952 -0.002765685 0.02503429
v -0.03208423 -0.001353234 0.02676076
v -0.03204171 -0.002964944 0.02715656
v -0.03191794 -0.005315214 0.02627926
v -0.03235599 -0.003821462 0.02834369
v -0.03190377 -0.001842171 0.02835047
v -0.03232726 -0.003473312 0.03008407
v -0.03219949 -0.001752228 0.03061558
v -0.03247753 -0.002739698 0.03091596
v -0.03059632 -0.01022482 0.01468334
v -0.0305883 -0.009578943 0.01654506
v -0.03046776 -0.01054591 0.01772955
v -0.03014798 -0.01120785 0.01575668
v -0.03074652 -0.008324593 0.0177058
v -0.03043926 -0.009130359 0.01775441
v -0.03094827 -0.007820189 0.01961213
v -0.03067519 -0.009585351 0.02014886
v -0.0309478 -0.008050144 0.02189766
v -0.03044066 -0.01090026 0.02122733
v -0.03011902 -0.01169294 0.01977581
v -0.03064293 -0.009254247 0.0214572
v -0.03055261 -0.008930147 0.02322763
v -0.03077766 -0.01010761 0.02242164
v -0.03016002 -0.0115591 0.02327143
v -0.03072546 -0.01050067 0.02525574
v -0.02995142 -0.01263103 0.01418731
v -0.03166546 -0.006288081 0.02435789
v -0.03169346 -0.006399155 0.02568811
v -0.03220327 -0.005343437 0.02788752
v -0.03172898 -0.006589204 0.02831246
v -0.03114033 -0.007571191 0.02484211
v -0.03107363 -0.008501023 0.02419645
v -0.03123088 -0.007311791 0.0261884
v -0.03070462 -0.009407431 0.02443929
v -0.03114794 -0.008967996 0.02574322
v -0.03132568 -0.008791655 0.02741534
v -0.03087159 -0.009618282 0.0285963
v -0.03023405 -0.01259837 0.02744359
v -0.03214857 -0.005381674 0.02967066
v -0.03220174 -0.005796462 0.03050633
v -0.03247136 -0.003622741 0.03186305
v -0.03225596 -0.004515678 0.03179255
v -0.03224607 -0.004609793 0.03330363
v -0.03234661 -0.005708247 0.03216398
v -0.0314994 -0.007992417 0.03196613
v -0.03096931 -0.008642375 0.03181899
v -0.03165159 -0.007019013 0.03226061
v -0.03150825 -0.007861912 0.0339309
v -0.03115451 -0.00893724 0.03355625
v -0.0308575 -0.008653671 0.02928925
v -0.03072074 -0.00944674 0.03018126
v -0.02314426 -0.02423629 0.02780285
v -0.02031112 -0.02690548 0.01544493
v -0.02035423 -0.02705926 0.01659709
v -0.02106439 -0.02608246 0.02462229
v -0.01867867 -0.02789465 0.02465943
v -0.01479828 -0.03023142 0.01503161
v -0.01345702 -0.03085116 0.01571938
v -0.0325907 -0.001315832 0.03432268
v -0.03234692 -0.001756996 0.03276925
v -0.03262725 -0.002673239 0.0335604
v -0.03255637 -0.004928827 0.03460668
v -0.03281493 -0.00326404 0.03552321
v -0.032263 -0.005610913 0.03382479
v -0.03249933 -0.004420966 0.0358405
v -0.03245731 -0.005868167 0.03594598
v -0.03167441 -0.00698933 0.03457548
v -0.03099753 -0.009037763 0.03566383
v -0.03156336 -0.008039922 0.03651389
v -0.03178041 -0.006976694 0.03674118
v -0.0320058 -0.007025301 0.03871676
v -0.03133933 -0.008603126 0.03918108
v -0.03118424 -0.008689165 0.03747649
v -0.0312532 -0.009790152 0.03960289
v -0.03186782 -0.00802514 0.03968231
v -0.03223135 -0.006888628 0.04155283
v -0.03131868 -0.009133995 0.0411962
v -0.03126843 -0.009902477 0.04229319
v -0.03186484 -0.008139372 0.04266766
v -0.03070773 -0.01076284 0.04330043
v -0.02652092 -0.01911548 0.04356179
v -0.02535708 -0.02081773 0.0427146
v -0.03073208 -0.005735695 0.04487728
v -0.03117667 -0.006461054 0.04526173
v -0.03061192 -0.007594675 0.0449267
v -0.0317962 -0.008021086 0.04613659
v -0.03084783 -0.008542329 0.04630414
v -0.03067218 -0.008306414 0.04511514
v -0.03000744 -0.006295085 0.04495746
v -0.02987267 -0.009443462 0.0448958
v -0.03018035 -0.009737641 0.0451927
v -0.03110878 -0.01117092 0.04711436
v -0.03043784 -0.01246187 0.04699701
v -0.02932267 -0.01171011 0.04503818
v -0.02892281 -0.01115453 0.044925
v -0.02825977 -0.01274821 0.0450341
v -0.0292104 -0.01258209 0.04540348
v -0.02998315 -0.01336518 0.04694003
v -0.02890892 -0.01434806 0.04735309
v -0.02827699 -0.01436007 0.04525864
v -0.03037147 -0.01091653 0.04756857
v -0.03095867 -0.009943783 0.04964207
v -0.03025077 -0.01180768 0.04918693
v -0.03102602 -0.01315349 0.04922785
v -0.03040396 -0.01400918 0.04801635
v -0.02946182 -0.01372039 0.04935317
v -0.02983771 -0.01413211 0.04557706
v -0.02961408 -0.01453546 0.04680356
v -0.02889518 -0.01566669 0.04674092
v -0.03040658 -0.01356468 0.04991269
v -0.0291362 -0.01640093 0.04794016
v -0.02823786 -0.01600233 0.04937345
v -0.02967741 -0.01400128 0.04983827
v -0.02861975 -0.01570964 0.04998089
v -0.03028147 -0.01473081 0.04932037
v -0.02886777 -0.01742631 0.04905295
v -0.02963088 -0.01532274 0.05017038
v -0.0294504 -0.01606932 0.04978347
v -0.028982 -0.01635894 0.05013631
v -0.02839471 -0.01364905 0.04505189
v -0.02766375 -0.01481083 0.04494229
v -0.02741863 -0.0161927 0.04547493
v -0.02778621 -0.01648536 0.04767181
v -0.02750133 -0.01832217 0.0463315
v -0.02832226 -0.01693335 0.04675031
v -0.02851404 -0.01811054 0.04781039
v -0.02736495 -0.0197098 0.04758793
v -0.02620868 -0.01721555 0.04493541
v -0.02635638 -0.01766101 0.04513294
v -0.02631988 -0.01840064 0.04622999
v -0.02519681 -0.01863003 0.04487513
v -0.02516817 -0.01930755 0.04513566
v -0.02567123 -0.01971346 0.04649331
v -0.02632891 -0.01893005 0.04723801
v -0.02690475 -0.01813745 0.04951462
v -0.02768336 -0.01762334 0.04999755
v -0.02809845 -0.01866156 0.04968068
v -0.03104506 -0.01143128 0.05006902
v -0.03054751 -0.01203427 0.04989268
v -0.02400194 -0.0199849 0.04494514
v -0.0242929 -0.02046624 0.04529759
v -0.00832288 -0.0107657 0.04494148
v -0.008696273 -0.0108971 0.04551487
v -0.008332074 -0.01157391 0.0451301
v -0.00756374 -0.01220137 0.04506266
v -0.004461721 -0.01043338 0.04596081
v -0.0022064 -0.01181355 0.04506157
v -0.003410533 -0.01115301 0.04544409
v -0.001069084 -0.01229283 0.04477364
v -0.00909777 -0.03192315 0.02545413
v -0.01020193 -0.03185838 0.0277023
v -0.008413807 -0.03220692 0.02632061
v -0.006776989 -0.03258568 0.02633062
v -0.004447937 -0.03288707 0.02412924
v -0.003065795 -0.03314713 0.02754232
v -0.02459802 -0.02157158 0.04309316
v -0.02186219 -0.02438858 0.04299554
v -0.0261309 -0.02062732 0.04689418
v -0.02517618 -0.02024344 0.04723574
v -0.02680929 -0.02080339 0.04874875
v -0.02692015 -0.02034053 0.0497226
v -0.02707134 -0.0194777 0.05014801
v -0.02646168 -0.01917467 0.05012915
v -0.02585484 -0.01946598 0.04956923
v -0.02508952 -0.0206106 0.0495179
v -0.02549855 -0.02084559 0.04997838
v -0.02544944 -0.02202916 0.04885197
v -0.02531387 -0.02161363 0.04977848
v -0.0235572 -0.02126002 0.04511629
v -0.0230384 -0.02266279 0.04683459
v -0.02544679 -0.02203074 0.04769193
v -0.02268381 -0.02199304 0.04512717
v -0.02193601 -0.02316144 0.04552172
v -0.02124171 -0.02308688 0.04499933
v -0.02381857 -0.02368012 0.04747088
v -0.02244313 -0.02469563 0.04743864
v -0.02151667 -0.02410671 0.04727782
v -0.02416627 -0.02154091 0.04925328
v -0.02436323 -0.02166548 0.04999599
v -0.02420016 -0.02239308 0.05030511
v -0.02463575 -0.02292284 0.04986705
v -0.02306484 -0.02268505 0.05008659
v -0.02346806 -0.02381301 0.05017208
v -0.02225037 -0.02548635 0.04946299
v -0.02220504 -0.02340752 0.05012843
v -0.02074467 -0.02472267 0.04957022
v -0.02370112 -0.02402931 0.04853606
v -0.0219198 -0.02567121 0.04849331
v -0.02174373 -0.02531552 0.05033991
v -0.02013244 -0.02412099 0.04484932
v -0.02020575 -0.02471673 0.0452335
v -0.02068688 -0.0260281 0.04756625
v -0.01938392 -0.02564135 0.04700378
v -0.0196823 -0.02603909 0.04692785
v -0.01843061 -0.02561191 0.04510911
v -0.01762767 -0.02660763 0.0453814
v -0.01869257 -0.02681258 0.04688205
v -0.01778598 -0.02722567 0.04678935
v -0.01801901 -0.0266673 0.04779157
v -0.02028851 -0.02701643 0.04870552
v -0.01881884 -0.02766338 0.04802169
v -0.01940496 -0.02754223 0.04996485
v -0.0192527 -0.02582711 0.04885948
v -0.01711898 -0.02825007 0.0473413
v -0.01816709 -0.02837861 0.04879898
v -0.01896782 -0.02622399 0.04994012
v -0.01767544 -0.02691364 0.04995196
v -0.01752515 -0.02868706 0.04994728
v -0.01537304 -0.02999422 0.04912476
v -0.0223247 -0.02376541 0.05046406
v -0.02176477 -0.02481747 0.05049494
v -0.0205849 -0.02511358 0.05014946
v -0.02029432 -0.02582297 0.05044377
v -0.01965202 -0.02687061 0.05035871
v -0.01871543 -0.02694139 0.05038747
v -0.01770867 -0.02710798 0.05037932
v -0.01690151 -0.02795756 0.05068336
v -0.01653285 -0.02777961 0.05032201
v -0.01812641 -0.0279583 0.0504812
v -0.009619847 -0.03179079 0.04357368
v -0.01629494 -0.02673399 0.0449841
v -0.01505922 -0.0276725 0.04507734
v -0.01395844 -0.0282979 0.04483265
v -0.01266502 -0.02830014 0.04492702
v -0.01664208 -0.02750856 0.04699892
v -0.01561435 -0.02775177 0.04556212
v -0.01420341 -0.02867955 0.04668696
v -0.01234891 -0.02924919 0.04521602
v -0.01331918 -0.02997464 0.04659012
v -0.01647852 -0.0292922 0.04830937
v -0.01503102 -0.02842525 0.04717809
v -0.01463936 -0.02867222 0.04928972
v -0.01538332 -0.02967864 0.04815108
v -0.01418056 -0.02965555 0.04697721
v -0.01285158 -0.02937886 0.04699591
v -0.01325281 -0.03089899 0.04841039
v -0.0124274 -0.03013018 0.04681566
v -0.01114325 -0.02876726 0.04474297
v -0.01136802 -0.02917123 0.04485029
v -0.01117285 -0.03153953 0.04565702
v -0.01104255 -0.03015342 0.04664841
v -0.01068772 -0.0312939 0.04664388
v -0.01117609 -0.03110683 0.04716305
v -0.01077725 -0.03175443 0.04822361
v -0.00958018 -0.03001729 0.0450338
v -0.00911881 -0.03042549 0.04528101
v -0.008841082 -0.0309273 0.04694076
v -0.007853583 -0.03163257 0.04654796
v -0.01264925 -0.02979565 0.04966639
v -0.01563708 -0.02968532 0.0504134
v -0.01432748 -0.02912462 0.05022658
v -0.01415895 -0.03040811 0.05011581
v -0.01378499 -0.03028214 0.05057156
v -0.01464371 -0.02956289 0.05053489
v -0.01304998 -0.02999654 0.05044194
v -0.01177235 -0.03149524 0.04998645
v -0.01063524 -0.03066596 0.0501605
v -0.01192959 -0.03121099 0.0504085
v -0.01168565 -0.03075826 0.05046505
v -0.00926517 -0.03181306 0.05035658
v -0.008749887 -0.03145221 0.05021113
v -0.007674649 -0.03276426 0.04841773
v -0.008529201 -0.03241417 0.05002098
v -0.008157685 -0.03124741 0.0489362
v -0.007430807 -0.03237689 0.05040067
v -0.004500046 -0.03278011 0.043042
v -0.006214514 -0.03253517 0.04422805
v -0.00716351 -0.03066626 0.04499161
v -0.006520733 -0.03153524 0.04725315
v -0.005447194 -0.03138891 0.04542363
v -0.006857321 -0.03240231 0.04630132
v -0.006490394 -0.03231052 0.04687878
v -0.003827319 -0.03130078 0.04513165
v -0.004130289 -0.03186563 0.04727611
v -0.002279148 -0.03165871 0.04543537
v -0.005087331 -0.03264543 0.04491416
v -0.00395532 -0.03297356 0.04684696
v -0.00123544 -0.0329887 0.04283506
v -0.002066448 -0.03125316 0.04492307
v -0.00330694 -0.03322083 0.04623416
v 0.0009770244 -0.03302571 0.04278073
v 0.0008639842 -0.03308272 0.04469189
v -0.006386116 -0.03171828 0.04977697
v -0.005993709 -0.03312504 0.04962514
v -0.002232477 -0.03393075 0.04834649
v -0.003991321 -0.03339887 0.04774073
v -0.005833313 -0.03285956 0.05025201
v -0.004892454 -0.03228816 0.05012204
v -0.004226074 -0.03218248 0.04992759
v -0.004348919 -0.03311288 0.04994726
v -0.003149763 -0.03199509 0.04896277
v -0.003369406 -0.03345656 0.04982856
v -0.002378717 -0.03321561 0.05026382
v -0.002426758 -0.03255227 0.05001098
v -0.00242351 -0.0319941 0.04694873
v -0.0002259165 -0.03164977 0.04527768
v -0.0001756996 -0.0323087 0.04701531
v -0.002562866 -0.03270134 0.04709285
v -0.001169488 -0.03288651 0.04678294
v -0.001218542 -0.0330191 0.04723117
v 0.001608714 -0.03173363 0.04564947
v 0.001646742 -0.0327321 0.04688302
v -9.439886e-05 -0.03241399 0.04704887
v 0.000136748 -0.03340065 0.04779252
v -0.001237407 -0.03236562 0.04974467
v -0.001321599 -0.03347978 0.05016491
v 0.0001702756 -0.03384662 0.04868954
v -0.001134381 -0.03289711 0.05043203
v -0.0002259463 -0.03271917 0.05017808
v -0.0001652688 -0.03327668 0.05010152
v 0.001560643 -0.03225461 0.04731476
v 0.00020881 -0.03220332 0.04795912
v 0.002296314 -0.03228313 0.0483717
v -0.0001063198 -0.03233275 0.04957253
v 0.001049921 -0.03332275 0.05047971
v 0.002510712 -0.03245267 0.0499506
v -0.02869241 0.01741362 0.04837333
v -0.0289627 0.01723537 0.05023512
v -0.02782509 0.01891562 0.04842807
v -0.02949637 0.01614225 0.04852104
v -0.02991997 0.01500446 0.04851849
v -0.03000376 0.01552984 0.05019607
v -0.03073071 0.013897 0.05007683
v -0.02965078 0.01549214 0.05075812
v -0.02798833 0.01876879 0.05030134
v -0.02843104 0.01738182 0.05062412
v -0.02881531 0.01592004 0.05058831
v -0.03033863 0.01400304 0.05037758
v -0.02941717 0.01436883 0.05026905
v -0.02992329 0.01390687 0.0503729
v -0.03029549 0.01243371 0.05038215
v -0.02686147 0.01749605 0.04662082
v -0.02813554 0.01707911 0.04756247
v -0.02777901 0.0165956 0.04785351
v -0.02666198 0.01851794 0.0475831
v -0.02498068 0.01964581 0.04527308
v -0.02688977 0.02033779 0.0502425
v -0.02658544 0.01842985 0.05005564
v -0.0280588 0.01625362 0.04997557
v -0.0292573 0.01394317 0.04925853
v -0.02768427 0.01772046 0.05061024
v -0.02667105 0.01872861 0.0505296
v -0.02596882 0.02151018 0.0502414
v -0.02595134 0.02123052 0.05062205
v -0.02643129 0.020201 0.05064087
v -0.02515112 0.02057412 0.05019057
v -0.0246489 0.02175251 0.05062824
v -0.02727699 0.01891807 0.0507357
v -0.03150041 0.01204845 0.04976392
v -0.03151901 0.01147875 0.05032511
v -0.03076971 0.01056552 0.05019709
v -0.03093976 0.0113644 0.05056593
v -0.03201598 0.009341776 0.05058956
v -0.03150944 0.008621275 0.05022565
v -0.0320044 0.007516891 0.05042458
v -0.005012289 0.006448656 0.04464197
v -0.007626429 -0.001298308 0.04446632
v -0.002373293 -0.01143655 0.0454924
v 7.426739e-05 -0.01230162 0.04500264
v 0.0003527254 -0.01219523 0.0448052
v 0.0005403608 -0.01186901 0.04486477
v 0.000815928 -0.01207343 0.04483102
v 0.0009788871 -0.01230332 0.044958
v 0.001111329 -0.01207072 0.04516292
v 0.0007794797 -0.01206556 0.04496098
v 0.0006931871 -0.01214379 0.04517692
v 0.001926124 -0.01209077 0.04482406
v 0.004841104 -0.01100671 0.04501924
v 0.008553505 -0.008650899 0.04524259
v 0.006798759 -0.009943783 0.04463984
v 0.007019415 -0.01036549 0.04484929
v 0.001195267 -0.03262112 0.05037862
v 0.002422199 -0.03306732 0.05023369
v -0.02633052 -0.02126941 0.0480161
v 0.001677617 -0.03390622 0.04837966
v 0.00965786 0.03135705 -0.009437412
v 0.01204622 0.03060055 -0.008046538
v 0.01018405 0.031216 -0.005246699
v 0.01496923 0.02937508 -0.007748187
v 0.01313481 0.03020117 -0.005074888
v 0.01755825 0.02801958 -0.009408504
v 0.01262684 0.03037965 -0.001063526
v 0.0155675 0.02909553 -0.004288018
v 0.01741479 0.02807337 -0.006712049
v 0.01516238 0.0292604 -0.001522571
v 0.01835304 0.02747372 -0.004406184
v 0.01716833 0.02817449 -0.001127839
v 0.01937532 0.02678666 -0.01084998
v 0.0189742 0.02709708 -0.008360893
v 0.0210797 0.0253503 -0.01302943
v 0.02172959 0.02482352 -0.01112372
v 0.02402742 0.02261797 -0.01180586
v 0.02152987 0.02494067 -0.007130504
v 0.02232984 0.02415848 -0.00878346
v 0.02342436 0.02318504 -0.009774595
v 0.02392593 0.02272898 -0.007763356
v 0.02522154 0.02135992 -0.008679926
v 0.01888551 0.02716914 -0.006597191
v 0.01985148 0.02640405 -0.004435003
v 0.02184801 0.02457806 -0.004665792
v 0.0212547 0.02522537 -0.002711773
v 0.0231096 0.02348545 -0.005353123
v 0.02510205 0.02144903 -0.005260408
v 0.02320799 0.02347195 -0.002560854
v 0.01309569 0.03018576 0.002680093
v 0.01378664 0.02999237 0.004869357
v 0.01346658 0.0300447 0.008507445
v 0.01243986 0.03049642 0.006513774
v 0.0189521 0.0270288 -0.001936674
v 0.02602251 0.02037326 -0.002227664
v 0.02649227 0.01983619 0.005852908
v 0.02731755 0.01875949 0.004561365
v 0.02569374 0.02082241 0.004397511
v 0.02664198 0.01964977 -0.01074156
v 0.02799448 0.01782641 -0.01065293
v 0.02717018 0.01893339 -0.007021517
v 0.03032781 0.01375276 -0.01045185
v 0.02924125 0.01580855 -0.006657273
v 0.03133431 0.01147291 -0.008002251
v 0.03093746 0.01242602 -0.004467368
v 0.02741116 0.01856834 -0.002010018
v 0.02930954 0.01562807 -0.002543718
v 0.03142919 0.01119506 -0.005672276
v 0.03050253 0.01335111 -0.003024429
v 0.03224491 0.008796185 -0.009255946
v 0.02802739 0.01787925 0.001020133
v 0.02893335 0.01645198 0.001527637
v 0.02863631 0.01699901 0.0006606579
v 0.02990633 0.01457566 0.0007172525
v 0.02854273 0.0165922 -0.0004958808
v 0.03021389 0.01389599 0.001593769
v 0.02980579 0.01478633 0.002733707
v 0.02776249 0.01824024 0.002804607
v 0.02895319 0.01652801 0.003388494
v 0.02828623 0.0173007 0.003559113
v 0.02924185 0.01581806 0.004456878
v 0.02763554 0.01833811 0.007161111
v 0.02867174 0.01679131 0.006988138
v 0.03048308 0.01359189 0.004493088
v 0.0298606 0.01483506 0.00664261
v 0.03172112 0.01046914 -0.002907842
v 0.03276256 0.006881177 -0.01070327
v 0.03290918 0.005820423 -0.00884971
v 0.03358102 -0.000221312 -0.00744158
v 0.03271106 0.007341087 -0.007910579
v 0.03211175 0.00930348 -0.006098419
v 0.03347872 -0.002911389 -0.007689923
v 0.03304723 -0.005525649 -0.00485009
v 0.03334691 -0.003605872 -0.005066544
v 0.03348078 -0.001997858 -0.005928814
v 0.03238195 -0.008220345 -0.00593695
v 0.03238222 -0.008232921 -0.002718955
v 0.03310058 -0.005448371 -0.001574069
v 0.03098555 0.01242226 0.0006717741
v 0.03040567 0.01361251 -0.0007303357
v 0.03225327 0.008995533 0.0007536709
v 0.0327878 0.006970137 -0.002761453
v 0.03120779 0.01183233 0.004344761
v 0.03041266 0.0136719 0.002871603
v 0.03108382 0.0122793 0.00632751
v 0.0322631 0.008864015 0.005276054
v 0.03166537 0.01066196 0.006465524
v 0.03289661 0.006192088 0.004196644
v 0.03288709 0.006579727 0.002753675
v 0.03325948 0.004833847 0.007295579
v 0.03308815 0.004807293 0.004968047
v 0.03340992 0.00343439 0.002707154
v 0.03354241 0.001334578 0.003618956
v 0.03365101 0.0001505613 0.0006358624
v 0.03350958 0.001330286 1.588464e-05
v 0.03370646 -0.0001526773 0.004223704
v 0.03361262 -0.001867592 0.003245384
v 0.03343278 0.001852334 0.004908442
v 0.03360699 0.0002101958 0.006263852
v 0.03357159 -0.001259208 0.005612016
v 0.03363085 -0.0008394718 0.009819061
v 0.03361632 0.0004297793 0.008143216
v 0.03349106 0.001690924 0.00962308
v 0.03376633 -0.001152605 0.008000135
v 0.01332942 0.03016928 0.01021482
v 0.01394045 0.02979758 0.01329625
v 0.01505919 0.02924383 0.01578642
v 0.01560573 0.02882022 0.01336077
v 0.01613261 0.02853426 0.01633488
v 0.0169367 0.02826205 0.01621051
v 0.01497339 0.02923658 0.01812319
v 0.02024001 0.02604324 0.01528993
v 0.02076854 0.02587494 0.01411071
v 0.01924519 0.02684423 0.01428258
v 0.02006458 0.02634966 0.01640676
v 0.02148998 0.02519223 0.01544112
v 0.02117757 0.02543199 0.01730075
v 0.02044356 0.02593467 0.01092771
v 0.02180946 0.02491179 0.01003337
v 0.02060159 0.02587783 0.008897245
v 0.02068976 0.02580753 0.01282647
v 0.02177219 0.02500576 0.01137128
v 0.02252704 0.02428862 0.01251972
v 0.02561979 0.02101281 0.009491891
v 0.02531692 0.02128705 0.007556468
v 0.02419586 0.02259794 0.008986801
v 0.02564771 0.02108559 0.00550279
v 0.02709746 0.01906309 0.009901136
v 0.02841249 0.01730895 0.009709328
v 0.0245993 0.02196816 0.01112121
v 0.02516362 0.02138636 0.01280892
v 0.02763841 0.01836658 0.011556
v 0.02240008 0.0241918 0.01568061
v 0.02371012 0.02310959 0.01230243
v 0.0249895 0.02146688 0.01494735
v 0.02591468 0.0206964 0.01232547
v 0.02615575 0.02019596 0.01417521
v 0.02665751 0.01966888 0.01177967
v 0.02735715 0.01875517 0.01391345
v 0.02657914 0.01974359 0.01576629
v 0.02649243 0.01994699 0.01710156
v 0.01547645 0.02898693 0.01975124
v 0.01634616 0.02840209 0.01856866
v 0.01662354 0.02828172 0.02032661
v 0.01716152 0.02803889 0.01914358
v 0.01616165 0.0286735 0.02247351
v 0.01787898 0.0277743 0.02310196
v 0.02016068 0.02627328 0.01895426
v 0.01909289 0.02689862 0.01960212
v 0.02121161 0.02526459 0.01897538
v 0.02260156 0.02409115 0.01841453
v 0.02063592 0.02585736 0.02088827
v 0.02043039 0.02607924 0.02228937
v 0.0192841 0.02690676 0.02180961
v 0.02020213 0.02617708 0.02313045
v 0.01912327 0.02692848 0.02304511
v 0.02009323 0.02647018 0.0237488
v 0.02163558 0.02487531 0.0235403
v 0.0206068 0.02589756 0.02441324
v 0.02257183 0.02405146 0.02150145
v 0.0251926 0.02135608 0.01709998
v 0.02389498 0.02267286 0.01743385
v 0.02462271 0.02201125 0.01873621
v 0.02503952 0.02143317 0.02056068
v 0.02540074 0.02118143 0.01928908
v 0.02853151 0.01709089 0.01248318
v 0.02844392 0.01722413 0.01419583
v 0.0276491 0.01847178 0.01635888
v 0.02879308 0.01680353 0.01583153
v 0.02312674 0.02348444 0.02712332
v 0.02311528 0.02361196 0.02528885
v 0.02143534 0.02503785 0.02820936
v 0.02598211 0.02063325 0.0209499
v 0.02663082 0.01967898 0.01957464
v 0.02509207 0.02144751 0.0220727
v 0.02664588 0.01973549 0.02315658
v 0.02733418 0.0186857 0.01793763
v 0.02595314 0.02046302 0.01821813
v 0.02746233 0.01850191 0.01937729
v 0.02809747 0.01782718 0.02150247
v 0.02860276 0.01698256 0.01924571
v 0.02927555 0.0158585 0.02076694
v 0.02953526 0.01515475 0.01968411
v 0.02551588 0.02102682 0.02311274
v 0.0244059 0.0221149 0.02367745
v 0.02856469 0.01716283 0.02419922
v 0.02875702 0.01663312 0.02276686
v 0.02898917 0.01627535 0.01010916
v 0.02956104 0.01542693 0.009287685
v 0.03067902 0.01320496 0.008880317
v 0.02989666 0.01473781 0.01132897
v 0.03222977 0.008782208 0.01235336
v 0.03257546 0.00766331 0.01052371
v 0.03206539 0.009376287 0.01018649
v 0.02980013 0.01495105 0.01362216
v 0.03098491 0.01264167 0.0117164
v 0.03105898 0.0122622 0.01402047
v 0.03147158 0.01111537 0.01222411
v 0.02981125 0.0148004 0.0158366
v 0.03052945 0.01369861 0.01459289
v 0.03033444 0.01382285 0.01607415
v 0.02955632 0.01522359 0.01800901
v 0.03188273 0.01015484 0.01310822
v 0.03150658 0.0113728 0.01541558
v 0.03177035 0.01027322 0.01528373
v 0.03218363 0.009075493 0.01703137
v 0.03267787 0.007632047 0.01470989
v 0.03238475 0.007965356 0.01616037
v 0.033198 0.004973173 0.0121491
v 0.03347604 0.003415197 0.0104363
v 0.03296785 0.006088972 0.01017302
v 0.03343759 0.003365606 0.01243839
v 0.03309515 0.005717039 0.0142532
v 0.03329754 0.004668146 0.01565808
v 0.03310026 0.005361617 0.01667503
v 0.03335777 0.002591819 0.01561487
v 0.03349008 0.0008133054 0.01655799
v 0.03361796 0.001113027 0.01330978
v 0.03363222 -0.001032084 0.01482549
v 0.03350642 -0.001375437 0.01820508
v 0.03356005 7.56979e-05 0.01895395
v 0.03331886 -0.001493484 0.01949194
v 0.03352176 -0.002312064 0.01187506
v 0.03340648 -0.003532261 0.01399451
v 0.0333862 -0.003552616 0.01671034
v 0.0311539 0.01192349 0.01945853
v 0.03131941 0.01156077 0.01780578
v 0.03074038 0.01296186 0.01854318
v 0.03226957 0.008698463 0.01976562
v 0.03216597 0.009383798 0.01862171
v 0.03040068 0.01378521 0.02008751
v 0.0309024 0.01254222 0.02181563
v 0.02958149 0.01521969 0.02201128
v 0.03034279 0.01404586 0.0215627
v 0.03136209 0.01156622 0.02270576
v 0.03185371 0.01018706 0.02057213
v 0.03056914 0.01353407 0.02347836
v 0.03171895 0.01047498 0.02281722
v 0.03237122 0.008582175 0.02094716
v 0.0322912 0.008949995 0.02316999
v 0.03273268 0.007321835 0.02179056
v 0.03287423 0.00629732 0.02248544
v 0.03312933 0.00527969 0.02241141
v 0.03314924 0.005302131 0.0201771
v 0.03270769 0.007412583 0.02504468
v 0.03290986 0.006809741 0.02460638
v 0.03222924 0.008192658 0.02579463
v 0.0323592 0.008300215 0.02683961
v 0.0331897 0.005050778 0.02905008
v 0.03306986 0.004553378 0.02758488
v 0.03294523 0.005630404 0.02953216
v 0.03322497 0.003416985 0.02820766
v 0.01789069 0.02766398 0.0289785
v 0.01959269 0.026375 0.02743353
v 0.01892696 0.02699649 0.02704641
v 0.01933916 0.02681026 0.03133997
v 0.02013113 0.0260374 0.0307947
v 0.02041933 0.02607071 0.02959158
v 0.01862666 0.02729285 0.03293903
v 0.02333264 0.02331933 0.03082804
v 0.02433117 0.02226752 0.02844195
v 0.02359149 0.02333459 0.02954566
v 0.02264342 0.02404076 0.02978063
v 0.02247386 0.0243254 0.03234559
v 0.02246551 0.02405465 0.03302012
v 0.01836778 0.02740178 0.03423819
v 0.02067493 0.02589458 0.03667653
v 0.02160518 0.02502757 0.03450796
v 0.02025224 0.02605814 0.03643999
v 0.02161679 0.02486494 0.0350122
v 0.01995003 0.02629793 0.03866878
v 0.02362715 0.02306464 0.03350836
v 0.02269384 0.02399203 0.03535792
v 0.02461785 0.02240115 0.03565644
v 0.02362226 0.02324936 0.03742801
v 0.02496698 0.02171034 0.03629391
v 0.02612156 0.02050442 0.0365997
v 0.02540122 0.02100196 0.03477462
v 0.02645297 0.01969197 0.03034119
v 0.02593121 0.02055863 0.02927291
v 0.02580525 0.02075514 0.03114809
v 0.02819431 0.01731685 0.03187895
v 0.0278237 0.01812404 0.03071024
v 0.02729419 0.01886564 0.03197528
v 0.02874811 0.01669097 0.02791983
v 0.02810843 0.01772574 0.02680779
v 0.02793339 0.01755029 0.0277397
v 0.02724364 0.01929703 0.02881312
v 0.02761382 0.01836145 0.02889615
v 0.02868097 0.01665592 0.03277975
v 0.02822585 0.01763397 0.03406243
v 0.02802259 0.01765791 0.03545679
v 0.0289332 0.01586956 0.03372803
v 0.02806741 0.01724097 0.03629297
v 0.02675264 0.01976746 0.03558186
v 0.02715124 0.01898068 0.0360107
v 0.02687071 0.01916876 0.0342325
v 0.02889879 0.01633215 0.03570408
v 0.02782139 0.01830828 0.03691192
v 0.03086433 0.0130437 0.02947232
v 0.0310234 0.01225835 0.02897555
v 0.03097573 0.01212385 0.02732259
v 0.02965949 0.01500896 0.03296766
v 0.03079195 0.01266876 0.03309599
v 0.03000107 0.01418877 0.03226259
v 0.0300739 0.01408875 0.03476191
v 0.03123376 0.01195174 0.0350357
v 0.03172107 0.01023379 0.03448683
v 0.03136963 0.01063493 0.03358802
v 0.03129813 0.01172218 0.03616044
v 0.03140515 0.01098356 0.0385623
v 0.03084059 0.01255524 0.03746051
v 0.03222117 0.008896917 0.03846696
v 0.03169477 0.01002991 0.03714621
v 0.02026796 0.02589029 0.03945544
v 0.02140263 0.02515113 0.0406161
v 0.0198704 0.02644542 0.04302125
v 0.02161056 0.02503803 0.04252283
v 0.02143662 0.02503726 0.03925844
v 0.02257025 0.02430609 0.03962296
v 0.0231384 0.02363548 0.04087999
v 0.02290294 0.02394736 0.0426627
v 0.02232295 0.02443442 0.04442398
v 0.02359033 0.02315781 0.03929311
v 0.02497338 0.02187726 0.03884062
v 0.02502771 0.02178884 0.0418089
v 0.02647252 0.01986852 0.0398009
v 0.02685329 0.01952189 0.04232071
v 0.02600348 0.02054965 0.04439723
v 0.02019875 0.02621594 0.04532358
v 0.01981167 0.02363059 0.04533732
v 0.01936992 0.01978263 0.04531485
v 0.02088545 0.02145275 0.04562499
v 0.02081883 0.02242154 0.0453437
v 0.02342203 0.02351129 0.04614696
v 0.02401465 0.02283391 0.04410687
v 0.02196203 0.02494472 0.04631315
v 0.02483852 0.02209541 0.04631481
v 0.02612817 0.02041262 0.04621793
v 0.0175308 0.01967686 0.04513428
v 0.01779629 0.01766643 0.04568535
v 0.0191123 0.01808548 0.04508981
v 0.01803993 0.0152984 0.04551712
v 0.01896551 0.01640534 0.0456873
v 0.0200858 0.01677635 0.04517625
v 0.02113742 0.01559153 0.04509458
v 0.02015108 0.01481158 0.04565077
v 0.01626083 0.01263604 0.04535151
v 0.01673967 0.01044589 0.04536547
v 0.01894253 0.01376686 0.04547696
v 0.02040121 0.01337844 0.04558963
v 0.01900984 0.0119389 0.04543109
v 0.02122782 0.01372743 0.04553208
v 0.02187961 0.01453924 0.04511996
v 0.02167539 0.01270938 0.04570033
v 0.02243032 0.01213509 0.04543452
v 0.02273455 0.01312029 0.04510221
v 0.02183817 0.01139045 0.04555956
v 0.02046052 0.008682668 0.04542115
v 0.02213214 0.009037316 0.04546063
v 0.02349713 0.01180944 0.04506597
v 0.02413262 0.01229897 0.04522868
v 0.02280627 0.0105308 0.04564711
v 0.02427173 0.0101999 0.04507773
v 0.02167831 0.01905802 0.04545029
v 0.0225462 0.02024886 0.04555494
v 0.02323098 0.01910114 0.04573119
v 0.02121955 0.01660669 0.04519661
v 0.02385445 0.01807988 0.04562308
v 0.02420723 0.01504904 0.04539968
v 0.02516524 0.01792875 0.04510678
v 0.02436312 0.01916915 0.0450619
v 0.02498828 0.0163748 0.04569782
v 0.02636549 0.01693723 0.04489414
v 0.0263738 0.01483092 0.04549974
v 0.0255578 0.01415104 0.04553424
v 0.0270842 0.01904994 0.03753331
v 0.02681199 0.01916659 0.03930934
v 0.02791855 0.01793629 0.0426559
v 0.02753218 0.0184432 0.04122697
v 0.02795948 0.01789838 0.04002419
v 0.02850254 0.01676166 0.03987397
v 0.02889536 0.01636904 0.04091284
v 0.02913363 0.01588976 0.04329458
v 0.02956268 0.01499087 0.04377377
v 0.0298574 0.01452649 0.04059359
v 0.0247186 0.008589 0.04502425
v 0.02645504 0.008444011 0.04534705
v 0.02602084 0.0111928 0.04537888
v 0.03027177 0.0136506 0.03867845
v 0.03022566 0.01430148 0.03817892
v 0.02953613 0.01541159 0.03917266
v 0.03076375 0.01275289 0.03925978
v 0.03073038 0.01258323 0.04068597
v 0.03170706 0.01027945 0.04102165
v 0.03268674 0.007255286 0.04007992
v 0.03136651 0.01083916 0.04415655
v 0.03120549 0.0115875 0.04286966
v 0.03211258 0.009136558 0.04327554
v 0.03285165 0.006226927 0.0414286
v 0.02725439 0.01890564 0.04644313
v 0.02847549 0.01714659 0.0458502
v 0.02874584 0.01634675 0.04457259
v 0.0280689 0.01763844 0.04471207
v 0.02691625 0.01327851 0.04564968
v 0.0268358 0.01571468 0.04496016
v 0.02753121 0.01434338 0.04484996
v 0.02957278 0.01511079 0.04621747
v 0.0303579 0.01334828 0.04482843
v 0.0302148 0.01373449 0.04282226
v 0.02893487 0.01604977 0.04640688
v 0.02700466 0.0120565 0.04559863
v 0.02823602 0.01201466 0.04540895
v 0.02787989 0.01050431 0.04563537
v 0.02870236 0.01071423 0.04526001
v 0.0285117 0.008947134 0.04561831
v 0.02913313 0.009545147 0.04526266
v 0.03089325 0.01196152 0.04534394
v 0.03060478 0.01333433 0.04628809
v 0.03103465 0.01193532 0.04636024
v 0.0318968 0.009744078 0.04631026
v 0.03186102 0.009460419 0.04528789
v 0.02929455 0.007538736 0.04552361
v 0.02977149 0.009063929 0.04485843
v 0.03258298 0.00721103 0.04488179
v 0.03254882 0.007224441 0.04631475
v 0.03192788 0.009558052 0.03153193
v 0.03201696 0.009238094 0.02950978
v 0.03157224 0.01069021 0.02876157
v 0.03277159 0.006198853 0.03109437
v 0.03289063 0.006420016 0.02990022
v 0.03313445 0.004381627 0.0298993
v 0.03198442 0.009527862 0.03327301
v 0.03239678 0.008140624 0.03612715
v 0.03270528 0.007512659 0.03468442
v 0.03213985 0.008577496 0.03381553
v 0.0326263 0.00695008 0.03607434
v 0.03299458 0.005574644 0.0372484
v 0.0332243 0.005016983 0.03524315
v 0.03327768 0.003708571 0.03904131
v 0.03322703 0.004163057 0.03637615
v 0.01268137 0.03019726 -0.0001869202
v 0.01240879 0.03057715 0.0008254349
v 0.01400292 0.02959043 -0.0001621246
v 0.01153368 0.03086531 0.00228563
v 0.01428507 0.02974033 0.001538366
v 0.01434644 0.02982676 0.003123254
v 0.01553424 0.02899423 -0.0005078912
v 0.01860631 0.02729037 -0.000588119
v 0.0178961 0.02763426 0.0002643168
v 0.01645139 0.02863684 0.001278281
v 0.01598793 0.02879015 0.004596651
v 0.0161804 0.02888244 0.002954006
v 0.01828754 0.02752149 0.001543552
v 0.01812457 0.02758589 0.003057957
v 0.01515949 0.0293594 0.006336316
v 0.01823997 0.02748942 0.004911542
v 0.01723626 0.0281066 0.007615447
v 0.01970547 0.02646375 0.002678543
v 0.01607119 0.02853957 0.007674575
v 0.01856799 0.02722457 0.007893085
v 0.02086647 0.02572754 0.006908268
v 0.02059236 0.02582055 0.004528224
v 0.02056214 0.02569589 -0.000977397
v 0.01883267 0.02681851 0.0004044771
v 0.01968034 0.02631715 0.0001548231
v 0.02091008 0.02542689 0.0008508861
v 0.02194132 0.02442473 -6.139278e-06
v 0.02307612 0.02329481 -0.001214772
v 0.02473648 0.02174196 -0.001190901
v 0.02316958 0.02316415 0.0002487898
v 0.02424106 0.02235854 -9.655952e-06
v 0.02293767 0.02373567 0.001804084
v 0.0245783 0.02222571 0.001162559
v 0.02503678 0.02132788 -6.428361e-05
v 0.02660364 0.01940686 -0.0004850626
v 0.026784 0.0194954 0.0007102191
v 0.02173667 0.024941 0.003248155
v 0.02237761 0.02415287 0.002867639
v 0.02304471 0.02370054 0.003795385
v 0.02198249 0.02464649 0.005438447
v 0.02223204 0.02455464 0.006446391
v 0.02340268 0.02320009 0.004968286
v 0.02440082 0.02233446 0.004335046
v 0.0250228 0.02161893 0.002700895
v 0.0262174 0.02031535 0.003008991
v 0.02428378 0.02259922 0.00618881
v 0.02894728 0.01632208 -0.001231045
v 0.03328575 0.00333032 -0.008256137
v 0.03298178 0.005345047 -0.006387353
v 0.03344312 0.002851099 -0.005147636
v 0.03263995 0.007349491 -0.006349713
v 0.03315212 0.005053669 -0.004037201
v 0.03358512 0.0005126297 -0.005109161
v 0.03348751 0.001361251 -0.002742201
v 0.0336871 -2.491474e-05 -0.003093362
v 0.03308299 0.005240262 -0.001535743
v 0.03345071 0.00280419 -0.001251549
v 0.03350538 -0.002239048 -0.002823055
v 0.03355098 -0.001793832 0.0005348623
v 0.03331941 -0.003525764 -0.0007308722
v 0.03284755 -0.005992889 -0.0004025996
v 0.03329803 -0.004629403 0.000816524
v 0.03241415 -0.007546216 -0.0004622042
v 0.03267403 -0.00686723 0.0007059872
v 0.03290667 -0.006099612 0.002476931
v 0.03222817 -0.008918792 -0.001701713
v 0.03270112 0.007232219 0.0005897582
v 0.03175887 0.01058945 0.008036017
v 0.03274967 0.006961793 0.00849238
v 0.03313512 0.004424512 0.008907169
v 0.03319073 0.003283173 0.008214861
v 0.03294748 0.00559023 0.0002351403
v 0.03320722 0.00470677 0.001450717
v 0.03339817 0.003375053 0.004910111
v 0.03332239 -0.00355649 0.002837181
v 0.033416 -0.004445046 0.003712445
v 0.03347731 -0.002711803 0.003903776
v 0.03356619 -0.002959728 0.005413502
v 0.03322741 -0.004101396 0.005179286
v 0.03310104 -0.005206913 0.004737318
v 0.03283526 -0.006821722 0.005271226
v 0.0330981 -0.005630672 0.007591277
v 0.0334688 0.001937479 0.006636411
v 0.0338285 -0.0006490052 0.006829113
v 0.03342144 -0.00298816 0.008081228
v 0.03329054 -0.00449127 0.00924632
v 0.01609394 0.02863812 0.008878484
v 0.01555716 0.0288693 0.01016349
v 0.01449282 0.02968088 0.01117705
v 0.01656112 0.02849701 0.01383495
v 0.01727924 0.02804324 0.01080884
v 0.01866806 0.02725232 0.009895116
v 0.0181648 0.0276176 0.01289396
v 0.0172842 0.02797443 0.01251709
v 0.01872025 0.02727428 0.01787923
v 0.02275605 0.02392131 0.008042097
v 0.02349679 0.0232541 0.01493758
v 0.01823378 0.02753675 0.02029043
v 0.01728153 0.02825347 0.02475353
v 0.01872592 0.02753025 0.02431092
v 0.01885882 0.02709869 0.02540907
v 0.01620448 0.02857658 0.02770911
v 0.02288625 0.02364913 0.02325512
v 0.02210003 0.02466479 0.02446377
v 0.0211703 0.02520502 0.02620827
v 0.02363887 0.02309436 0.02367727
v 0.02819623 0.01757923 0.01755634
v 0.02436444 0.02262306 0.0251053
v 0.02622746 0.02044639 0.02472088
v 0.02465843 0.02203718 0.02646627
v 0.02560905 0.020955 0.02676022
v 0.02670917 0.01966384 0.02588403
v 0.02656056 0.01969349 0.02732638
v 0.02773878 0.01820129 0.02583072
v 0.02744262 0.01897892 0.02523431
v 0.02880478 0.01659065 0.02533206
v 0.02933484 0.01591644 0.02468494
v 0.02925356 0.01581424 0.028382
v 0.03020029 0.0142934 0.02503484
v 0.03027681 0.01382735 0.02621308
v 0.03156085 0.01106024 0.009245366
v 0.03243086 0.008601665 0.008990079
v 0.03274611 0.006854028 0.01791984
v 0.03319892 0.004096955 0.01747319
v 0.03344691 0.00304836 0.01748705
v 0.03360505 -0.002451539 0.01746157
v 0.03330308 0.003325313 0.01942602
v 0.03355487 0.001318246 0.02067623
v 0.03361273 -0.0003640652 0.0206221
v 0.03100249 0.01285401 0.02511612
v 0.03173123 0.01075804 0.02476156
v 0.0302517 0.01387975 0.02718088
v 0.03276324 0.006843597 0.02002579
v 0.03346919 0.002361655 0.02144852
v 0.03335316 0.001556605 0.02185929
v 0.03339434 0.003734589 0.02299845
v 0.03339384 0.001885921 0.02313253
v 0.03329329 0.004957467 0.02406946
v 0.03238066 0.009274989 0.02450562
v 0.03204302 0.0093638 0.02553555
v 0.03283419 0.006127536 0.02575767
v 0.03183986 0.01009873 0.02679044
v 0.03127994 0.01103473 0.02774289
v 0.03271604 0.007059634 0.02893734
v 0.03337294 0.003077149 0.02496794
v 0.03351834 0.0003036261 0.02518135
v 0.03334767 0.002118737 0.02666795
v 0.03341182 0.002303183 0.02863169
v 0.02503413 0.02165896 0.03221723
v 0.02462862 0.02200454 0.03395236
v 0.02341676 0.02321109 0.0356876
v 0.02277933 0.02378216 0.03735968
v 0.02499066 0.02165666 0.03000107
v 0.02599248 0.02038047 0.03224051
v 0.02867831 0.01698083 0.03017494
v 0.03015228 0.01409116 0.02950525
v 0.02905305 0.01586074 0.02958131
v 0.02957465 0.01523691 0.03091618
v 0.03055567 0.01365086 0.03088316
v 0.02883962 0.01642469 0.03061971
v 0.02593932 0.02057537 0.03380992
v 0.02746998 0.01853237 0.03342354
v 0.02825728 0.01746604 0.03757088
v 0.02899538 0.01598889 0.03734797
v 0.03081134 0.01234373 0.02989271
v 0.03044742 0.01321307 0.03172496
v 0.03150278 0.01104569 0.03159845
v 0.03102884 0.01199675 0.03398108
v 0.03040694 0.01340312 0.0362075
v 0.03062008 0.0132871 0.03723225
v 0.0203862 0.02373227 0.0447707
v 0.02106999 0.02429956 0.04590218
v 0.02097005 0.0236086 0.04484336
v 0.02134848 0.02278179 0.0447582
v 0.02212715 0.0228118 0.0450242
v 0.0223439 0.02314067 0.0457951
v 0.02263562 0.0217821 0.04498862
v 0.02353095 0.02197602 0.0461816
v 0.02119999 0.02457377 0.04719377
v 0.02140769 0.02538273 0.04768358
v 0.02126965 0.02457899 0.04853113
v 0.02176829 0.02453372 0.04732645
v 0.02217445 0.02342373 0.04681803
v 0.02229913 0.02383131 0.04746337
v 0.0232437 0.02423912 0.04834282
v 0.02268168 0.02405113 0.04777783
v 0.02234301 0.02387759 0.04783449
v 0.02252807 0.02394134 0.04740779
v 0.02275595 0.02372247 0.04739875
v 0.02256143 0.02403218 0.04769363
v 0.02259967 0.02362671 0.04746862
v 0.02295762 0.02371424 0.04765634
v 0.02262191 0.02372912 0.04777151
v 0.0229467 0.02327248 0.04752722
v 0.02414586 0.02206573 0.04723398
v 0.02465743 0.02192083 0.04731773
v 0.02388486 0.0211657 0.04528828
v 0.02357751 0.02024764 0.04483762
v 0.02532347 0.01890147 0.04530415
v 0.02487423 0.02000943 0.04584549
v 0.02487475 0.02081439 0.04749571
v 0.02411477 0.02191225 0.04919536
v 0.02662012 0.01755163 0.04537162
v 0.02587077 0.01937357 0.04730962
v 0.02654706 0.01866177 0.04709274
v 0.02743655 0.01703957 0.04734576
v 0.02668534 0.01949903 0.04725933
v 0.02711026 0.01798898 0.0483018
v 0.02754901 0.01869166 0.03856841
v 0.0271045 0.01635259 0.04508938
v 0.02830875 0.01450074 0.04523453
v 0.0281785 0.01743889 0.04733486
v 0.02817449 0.01546559 0.04680912
v 0.02890047 0.0146943 0.04742068
v 0.02883989 0.01565751 0.04720445
v 0.02861427 0.01547393 0.04928133
v 0.02966115 0.01450768 0.04724908
v 0.02946496 0.01662204 0.04878002
v 0.03047183 0.01288196 0.04711084
v 0.02906859 0.0112367 0.04472785
v 0.02897443 0.01228061 0.0448782
v 0.02951065 0.01046607 0.04474869
v 0.02989322 0.01115084 0.0453402
v 0.02973501 0.01234382 0.04678705
v 0.03031848 0.009904176 0.04565807
v 0.02995034 0.01258102 0.04781626
v 0.0307574 0.01400828 0.04878698
v 0.03038819 0.01120707 0.04826628
v 0.03021391 0.00907433 0.04503763
v 0.03013708 0.00794363 0.04478879
v 0.03052929 0.007338405 0.04473428
v 0.0311498 0.007249475 0.04538697
v 0.0312589 0.007866323 0.0467979
v 0.03107592 0.01093593 0.04714367
v 0.03203943 0.01050386 0.0484831
v 0.03158659 0.009241641 0.04698171
v 0.03089349 0.00982365 0.04761973
v 0.03172518 0.009059072 0.04743752
v 0.03103738 0.00962007 0.04935245
v 0.03285277 0.007754236 0.0485394
v 0.03159016 0.008209825 0.04726911
v 0.03306222 0.004972756 0.03297594
v 0.03243326 0.007822782 0.03358197
v 0.03271246 0.006252736 0.03441724
v 0.03318202 0.003696769 0.033492
v 0.03338256 0.002062291 0.03257117
v 0.03342578 0.001368672 0.03007194
v 0.03330736 0.003263593 0.03477243
v 0.02233741 0.02542186 0.04861292
v 0.02169533 0.02615908 0.04938765
v 0.02139622 0.02616018 0.05048005
v 0.02277325 0.02504629 0.05028981
v 0.02189285 0.02471775 0.05036527
v 0.02254073 0.02370021 0.0489354
v 0.02398512 0.02391788 0.04996854
v 0.02420408 0.0234873 0.04858617
v 0.02539185 0.02245101 0.04987341
v 0.02269995 0.02409765 0.05032788
v 0.02381404 0.02231094 0.05005859
v 0.02293043 0.0244627 0.05064359
v 0.02409928 0.02338839 0.050504
v 0.02683227 0.02052486 0.04846543
v 0.02526501 0.02056774 0.04977828
v 0.02713129 0.02028576 0.04956475
v 0.02492146 0.0227986 0.05037349
v 0.02523586 0.02106747 0.05036613
v 0.02566639 0.02170888 0.05058084
v 0.02683301 0.02048993 0.05023253
v 0.02624403 0.01963463 0.05004092
v 0.02648903 0.01893011 0.04965714
v 0.02727842 0.01757267 0.05027911
v 0.02882528 0.0176098 0.05015913
v 0.02632013 0.02058351 0.0504849
v 0.02738838 0.01921242 0.05052078
v 0.0270209 0.01897657 0.0504595
v 0.02781534 0.01754931 0.05068153
v 0.02812454 0.01622093 0.05008626
v 0.02946132 0.01386917 0.050285
v 0.03058776 0.01440889 0.0499907
v 0.02916892 0.01597223 0.05088234
v 0.02862306 0.01568255 0.05069982
v 0.02979249 0.01507717 0.05077711
v 0.0296801 0.01418829 0.05085082
v 0.03027764 0.01185971 0.05033441
v 0.03141609 0.01178563 0.05048373
v 0.03171712 0.01153892 0.050016
v 0.03043473 0.01229313 0.05084993
v 0.03122492 0.01110074 0.05066271
v 0.03108646 0.01033533 0.05036503
v 0.03059463 0.0131605 0.05086842
v 0.03244042 0.009566337 0.0495273
v 0.03220326 0.00976193 0.05035317
v 0.03176793 0.009558648 0.05050543
v -0.005722404 -0.03270042 0.01337466
v -0.004271671 -0.03296769 0.01234382
v -0.005275995 -0.0328843 0.01440305
v 0.002990484 -0.03258884 0.008991867
v 0.0006177574 -0.03289723 0.01029146
v 0.001180485 -0.03284237 0.01255789
v 0.003120691 -0.03263956 0.01080742
v 0.0003272295 -0.03295022 0.01425889
v -0.004841059 -0.03283745 0.0179182
v -0.004201338 -0.03288585 0.01956499
v -0.004180476 -0.03295833 0.02168527
v 0.003306732 -0.03265905 0.0146049
v 0.00265868 -0.03291327 0.01646984
v 0.002769247 -0.03262699 0.01544243
v 0.003581494 -0.03292724 0.01568323
v 0.006191343 -0.03202528 0.00947091
v 0.004600957 -0.03244969 0.01016971
v 0.004007176 -0.0324744 0.01107031
v 0.004661351 -0.03262684 0.01108032
v 0.00662151 -0.0320853 0.01016417
v 0.005869642 -0.0320932 0.01088634
v 0.006960705 -0.03195781 0.01097289
v 0.008263707 -0.03157708 0.01040536
v 0.01058829 -0.03074518 0.01031056
v 0.01060632 -0.03088018 0.009198815
v 0.007775277 -0.03168529 0.0174484
v 0.006702855 -0.03211209 0.01521146
v 0.008293882 -0.0316287 0.01542553
v 0.004627258 -0.03260267 0.01590717
v 0.004927322 -0.03250584 0.01439974
v 0.009209037 -0.03125644 0.01210612
v 0.0106636 -0.03094995 0.01158032
v 0.01260176 -0.03014421 0.01499251
v 0.01152258 -0.0305959 0.01332161
v 0.01292448 -0.02991632 0.01264882
v 0.01312588 -0.0298548 0.01533306
v -0.00288929 -0.03299806 0.01993361
v -0.001053602 -0.0331609 0.02369776
v -0.002271757 -0.03298271 0.02245623
v -7.463992e-05 -0.03301316 0.02198592
v 0.0001288652 -0.03298959 0.02514538
v 0.00356032 -0.0326055 0.01970553
v 0.00276792 -0.03282475 0.02085394
v 0.00231038 -0.03289521 0.01906294
v 0.002282038 -0.03291148 0.02412876
v 0.001753211 -0.03281969 0.02558234
v 0.00492692 -0.03250399 0.02477092
v 0.004188925 -0.03252399 0.02575591
v 0.004759714 -0.03249472 0.02280453
v 0.004332483 -0.03250471 0.02728823
v 0.002952948 -0.03269601 0.02642319
v 0.005687013 -0.03238398 0.02660257
v 0.007134452 -0.0319933 0.02499545
v 0.007350221 -0.03200018 0.02643991
v 0.005014077 -0.03254998 0.02848613
v 0.008824468 -0.03148526 0.0174787
v 0.008713007 -0.03148013 0.01949733
v 0.009874642 -0.03116858 0.01997864
v 0.008920074 -0.03129637 0.02004254
v 0.00521408 -0.03241685 0.02052733
v 0.004677743 -0.03245279 0.01787701
v 0.006526366 -0.03198254 0.0200398
v 0.008005857 -0.03174287 0.02108604
v 0.007600188 -0.03186283 0.01963428
v 0.009424537 -0.03130633 0.0148887
v 0.009914204 -0.03106251 0.01810759
v 0.01093175 -0.03085402 0.01704672
v 0.01270634 -0.03016531 0.01698771
v 0.01329 -0.02974442 0.01758447
v 0.01180235 -0.03048781 0.01998919
v 0.01478566 -0.02927896 0.01815423
v 0.01473208 -0.02941945 0.0157114
v 0.0148965 -0.02941602 0.0167208
v 0.01052669 -0.03118005 0.02261958
v 0.01014405 -0.0309805 0.02191889
v 0.01066571 -0.03104344 0.02140445
v 0.006792918 -0.03202406 0.02315462
v 0.005670831 -0.03240559 0.02179858
v 0.008739576 -0.03154618 0.02177358
v 0.008825958 -0.03158078 0.02598593
v 0.01296213 -0.0299162 0.01956987
v 0.013146 -0.02998868 0.0221585
v 0.01218492 -0.03031221 0.02202779
v 0.0150494 -0.02925944 0.02045578
v 0.01660447 -0.02832282 0.01899379
v 0.01684636 -0.02824795 0.02129027
v 0.01497146 -0.02930251 0.0224708
v 0.01681575 -0.02813387 0.02258813
v 0.02378976 -0.02273852 0.009682059
v 0.02310763 -0.02347219 0.007981867
v 0.0245579 -0.0220108 0.005900443
v 0.02767852 -0.01786131 -0.001597792
v 0.02906339 -0.01574647 -0.001401961
v 0.0314938 -0.01086712 -0.004505336
v 0.03052813 -0.01301938 -0.002301157
v 0.03038485 -0.01336297 0.00205332
v 0.02991414 -0.01435453 0.0006724298
v 0.03083442 -0.01242411 0.0009233952
v 0.02954888 -0.01464561 -0.0004380345
v 0.02873597 -0.0162572 0.001550317
v 0.03090724 -0.01250654 0.00321573
v 0.02969794 -0.01472825 0.003791898
v 0.02853641 -0.01655236 0.002999574
v 0.02850819 -0.01673961 0.004172891
v 0.0265691 -0.01941061 -0.00151816
v 0.02659427 -0.01953179 0.0007361174
v 0.02559435 -0.02077919 0.001398355
v 0.02599172 -0.02018592 -0.000567019
v 0.02601741 -0.02006131 0.003208756
v 0.02617444 -0.02003253 0.004875183
v 0.02645324 -0.01949978 0.004338771
v 0.0275636 -0.01810324 0.0009575486
v 0.02826825 -0.01713228 0.000246197
v 0.02770483 -0.01783672 0.003525347
v 0.02813265 -0.01728147 0.005514354
v 0.02712695 -0.01876202 0.004524946
v 0.02923316 -0.01573879 0.006200761
v 0.02542569 -0.02093953 0.004006118
v 0.02800521 -0.01746845 0.01471734
v 0.02710715 -0.01865724 0.01382861
v 0.02797028 -0.01763698 0.01325655
v 0.02716389 -0.01877892 0.01626408
v 0.03198199 -0.009281963 0.005586624
v 0.03185287 -0.01025158 0.003301293
v 0.03253174 -0.007832676 0.004433721
v 0.03255726 -0.008049279 0.006517172
v 0.03035554 -0.01359177 0.00700587
v 0.0291656 -0.01566121 0.00780046
v 0.03025931 -0.0136658 0.009126723
v 0.02949427 -0.01487491 0.009350419
v 0.03095853 -0.0120644 0.005580962
v 0.03184175 -0.01043606 0.007329702
v 0.03292759 -0.0061239 0.009923965
v 0.03198947 -0.009755999 0.01164669
v 0.03158939 -0.01067868 0.009185553
v 0.03249948 -0.007927686 0.00968501
v 0.03269906 -0.007146508 0.01168764
v 0.03268458 -0.007536471 0.008461416
v 0.02803178 -0.01733297 0.008014053
v 0.02746525 -0.01825944 0.006598592
v 0.02654618 -0.01928693 0.007290423
v 0.02588186 -0.02030912 0.006494135
v 0.02859452 -0.01669091 0.009787977
v 0.03012002 -0.01411855 0.01086542
v 0.02750656 -0.01802057 0.009839237
v 0.02713944 -0.0186013 0.009025633
v 0.02818561 -0.01718423 0.01142025
v 0.02671601 -0.01912233 0.01046154
v 0.02895847 -0.01612043 0.0119268
v 0.0293417 -0.01540881 0.01338229
v 0.03045194 -0.01338521 0.01418263
v 0.02884443 -0.01630822 0.01617998
v 0.02932453 -0.01533952 0.01500213
v 0.01514405 -0.02915144 0.01135784
v 0.01413266 -0.02957183 0.009377152
v 0.01504363 -0.02931544 0.00836876
v 0.01431949 -0.02943072 0.01205429
v 0.01511124 -0.02924225 0.01361391
v 0.02044769 -0.02571002 0.009082913
v 0.02148649 -0.02491474 0.006627917
v 0.0218159 -0.02460197 0.008948952
v 0.01930591 -0.02654159 0.01112789
v 0.01785582 -0.02748197 0.009066135
v 0.01770733 -0.0274666 0.01341388
v 0.01633866 -0.0285137 0.01490459
v 0.01610018 -0.02849004 0.01315385
v 0.0177343 -0.02759379 0.01612806
v 0.01639259 -0.02835247 0.01721534
v 0.0193036 -0.0265488 0.01447377
v 0.02017447 -0.02608478 0.0129742
v 0.02084136 -0.02546766 0.01341438
v 0.02232637 -0.02419999 0.01144448
v 0.02098145 -0.02532524 0.01122549
v 0.02232362 -0.02427575 0.01465577
v 0.02364399 -0.02282166 0.01380384
v 0.01887558 -0.02685851 0.02137944
v 0.02351011 -0.02296156 0.01661283
v 0.02242132 -0.02408448 0.01559055
v 0.01772237 -0.02774292 0.02275744
v 0.006116152 -0.03232852 0.0327166
v 0.005428538 -0.03243697 0.03100109
v 0.008325696 -0.03173006 0.030992
v 0.008784369 -0.03164601 0.02819785
v 0.009599417 -0.03128618 0.02700526
v 0.01105231 -0.03076661 0.02648386
v 0.01072505 -0.03099549 0.02579156
v 0.01253977 -0.03033292 0.02554581
v 0.0115709 -0.03077054 0.02684715
v 0.006736428 -0.03216639 0.02945986
v 0.01265483 -0.03027916 0.02732497
v 0.01309597 -0.02994928 0.02643737
v 0.01771909 -0.02763808 0.02710727
v 0.01609311 -0.02854577 0.02738112
v 0.01738614 -0.02786997 0.02554694
v 0.01048157 -0.03107026 0.032381
v 0.01094523 -0.03090632 0.03023788
v 0.008729577 -0.03167 0.03636691
v 0.01056094 -0.03107044 0.03628439
v 0.01287311 -0.03010982 0.03187016
v 0.01328088 -0.03003168 0.02945298
v 0.01294297 -0.03014505 0.03432441
v 0.0183181 -0.02716589 0.0293138
v 0.01690762 -0.02799878 0.02962092
v 0.01773764 -0.02765089 0.02905437
v 0.01761188 -0.02765357 0.03093597
v 0.0188738 -0.02678898 0.03080848
v 0.01531501 -0.02909899 0.03013426
v 0.01741467 -0.02770808 0.0324837
v 0.01572615 -0.02871236 0.03170243
v 0.01838441 -0.02720383 0.03281903
v 0.004446015 -0.02383697 0.0451875
v 0.005972102 -0.02168685 0.04575574
v 0.004568607 -0.02525908 0.04555705
v 0.00431712 -0.02584857 0.04631665
v 0.006716192 -0.02519625 0.04537639
v 0.006026432 -0.0263966 0.04658437
v 0.007436693 -0.02594084 0.04627404
v 0.008129328 -0.02501968 0.04539979
v 0.0131148 -0.03015208 0.03809088
v 0.0172929 -0.02789924 0.03511289
v 0.01580918 -0.02868584 0.0330016
v 0.01863499 -0.02697396 0.03496525
v 0.02022856 -0.02578998 0.03347769
v 0.02132384 -0.02512357 0.03518605
v 0.01988432 -0.02621114 0.03592774
v 0.01872492 -0.02701336 0.03660557
v 0.01810032 -0.02750838 0.03776199
v 0.01706371 -0.02804318 0.03693849
v 0.01576684 -0.02872607 0.03477359
v 0.01788472 -0.02766031 0.04304162
v 0.01596963 -0.02877679 0.04430243
v 0.01666293 -0.02823657 0.04231617
v 0.02068339 -0.02549645 0.03789431
v 0.021229 -0.02488455 0.03768033
v 0.01961832 -0.02637351 0.03819448
v 0.01791374 -0.02753365 0.03946561
v 0.02319542 -0.02322337 0.04063386
v 0.0212007 -0.02531931 0.04000419
v 0.0216165 -0.02471125 0.03902987
v 0.02231297 -0.02423504 0.04170576
v 0.01909325 -0.02671477 0.04048678
v 0.02027701 -0.02593455 0.04216832
v 0.01624666 -0.02852833 0.03770545
v 0.01642719 -0.02846643 0.0394868
v 0.01748474 -0.02789927 0.04118139
v 0.01941498 -0.02666926 0.04243952
v 0.03313817 -0.005084157 0.02024728
v 0.03280617 -0.006003171 0.01928142
v 0.03295942 -0.005583256 0.01837695
v 0.03282182 -0.006572396 0.02126876
v 0.0327848 -0.006961852 0.01864055
v 0.03223337 -0.008930475 0.0201675
v 0.03315917 -0.004860997 0.02260882
v 0.03211363 -0.009165913 0.02252567
v 0.03171101 -0.01021782 0.01912689
v 0.03138782 -0.01136807 0.02149081
v 0.03268448 -0.007329315 0.02289614
v 0.02908173 -0.01600382 0.01874995
v 0.02992569 -0.01432124 0.01715043
v 0.02825139 -0.01715925 0.0183574
v 0.02980039 -0.01462257 0.01973379
v 0.02987351 -0.01424372 0.01895308
v 0.02994774 -0.01433176 0.02236244
v 0.02792338 -0.0178327 0.01755002
v 0.02797438 -0.01781014 0.01931509
v 0.02665725 -0.01955792 0.01858243
v 0.02668627 -0.01962924 0.0198257
v 0.0256215 -0.02059308 0.01847515
v 0.0307045 -0.0126684 0.02101278
v 0.03037633 -0.0134995 0.01938066
v 0.03109041 -0.01215053 0.01939765
v 0.03040868 -0.01374599 0.02145639
v 0.03078486 -0.01269656 0.02281719
v 0.02880996 -0.01630634 0.02276096
v 0.02777982 -0.01791587 0.02114075
v 0.02931686 -0.01570153 0.02170283
v 0.02827489 -0.01749691 0.02353024
v 0.0272354 -0.01879406 0.02177826
v 0.02975422 -0.01504284 0.02418956
v 0.03321169 -0.004670173 0.01211551
v 0.03301445 -0.005928785 0.01353574
v 0.03270571 -0.007358819 0.01367322
v 0.03313516 -0.004775792 0.01557347
v 0.03315167 -0.005266517 0.0168027
v 0.03250815 -0.007627696 0.01520038
v 0.03231223 -0.008688539 0.01643413
v 0.03218967 -0.008946478 0.01426935
v 0.03161216 -0.01069441 0.01422465
v 0.03143929 -0.01127088 0.01259261
v 0.03206241 -0.009113133 0.01835638
v 0.03233381 -0.008089125 0.01787782
v 0.03140232 -0.01099581 0.01785785
v 0.03118908 -0.01187775 0.01534036
v 0.03071013 -0.01262668 0.01549357
v 0.0302344 -0.01383603 0.01637706
v 0.03352977 -0.001833171 0.02333412
v 0.03338464 -0.00226289 0.02159369
v 0.0334232 -0.00211978 0.02155247
v 0.03337003 -0.002381146 0.0216749
v 0.03341216 -0.003210306 0.02122676
v 0.03345402 -0.002810508 0.02354315
v 0.02958249 -0.01488593 0.03518179
v 0.02895364 -0.01594609 0.0335066
v 0.02967809 -0.01445353 0.03356212
v 0.02257074 -0.02382264 0.02047434
v 0.02171752 -0.02471921 0.01928207
v 0.02246821 -0.0239082 0.01897427
v 0.02246331 -0.02425736 0.0224959
v 0.02293022 -0.0235543 0.02300969
v 0.02456054 -0.02208036 0.02398986
v 0.02417599 -0.0223521 0.02152124
v 0.02533326 -0.02107129 0.02239344
v 0.01873182 -0.02685159 0.02636215
v 0.01805641 -0.02751473 0.02477184
v 0.01855792 -0.02703783 0.02428809
v 0.01912428 -0.02676478 0.02437687
v 0.02621637 -0.01987296 0.03377509
v 0.02547073 -0.02050242 0.03300056
v 0.02611642 -0.01995224 0.03242615
v 0.02702542 -0.01899508 0.0333983
v 0.02841678 -0.01706222 0.03489861
v 0.02694026 -0.0190348 0.03510121
v 0.02742384 -0.01827121 0.03342277
v 0.02414644 -0.02214178 0.03772879
v 0.02347814 -0.02297193 0.0369401
v 0.02374327 -0.02276742 0.03561816
v 0.0238491 -0.02260578 0.03406319
v 0.02560019 -0.02067232 0.03654349
v -0.00316453 -0.03311279 0.02378327
v -0.002923682 -0.03312021 0.02598983
v -0.001499265 -0.03312719 0.02659062
v -0.001924008 -0.03302959 0.02479926
v -0.00035429 -0.03303471 0.02645734
v -0.001544505 -0.03304562 0.02962828
v -0.00101918 -0.03312668 0.02861276
v 0.001883313 -0.0329639 0.029396
v 0.001556367 -0.03291351 0.02787486
v -0.0002795607 -0.03301477 0.03149953
v 0.002325431 -0.03290358 0.03220302
v 0.00144814 -0.03298056 0.03545389
v 0.003984064 -0.03271648 0.03354782
v -0.0005272925 -0.03305757 0.03669107
v 0.003538325 -0.03273222 0.03713578
v 0.001345351 -0.03297234 0.04046366
v 0.006126255 -0.03232619 0.03576657
v 0.004478157 -0.03261051 0.03902608
v 0.00689964 -0.03215981 0.03843722
v 0.004577979 -0.03260902 0.04307324
v 0.005312875 -0.03245676 0.04099888
v 0.002829775 -0.03257748 0.0440495
v 0.007472187 -0.03204846 0.04252353
v 0.00941205 -0.03146383 0.03888324
v 0.003399685 -0.02867585 0.04530156
v 0.003051817 -0.03052804 0.04514468
v 0.001949802 -0.03128082 0.04515347
v 0.003685713 -0.02995348 0.04530707
v 0.004643574 -0.03129941 0.0452283
v 0.00479652 -0.03004518 0.04514915
v 0.005520567 -0.02811688 0.04632884
v 0.004115909 -0.02778623 0.04658136
v 0.005368456 -0.02877411 0.04538292
v 0.005480796 -0.0272859 0.04665193
v 0.006083399 -0.02945226 0.0452553
v 0.006869435 -0.02868512 0.04538459
v 0.007566288 -0.0279226 0.04640469
v 0.006625786 -0.03224456 0.04536679
v 0.00539048 -0.0323194 0.04614878
v 0.005338714 -0.03228885 0.04448444
v 0.007867038 -0.03193772 0.04527429
v 0.006881192 -0.0319759 0.04424185
v 0.009965107 -0.03132245 0.04277951
v 0.007846445 -0.0293892 0.04520664
v 0.007746533 -0.03055647 0.04539305
v 0.008313283 -0.02847564 0.04549792
v 0.0099511 -0.02892748 0.04511902
v 0.01034112 -0.0279626 0.04557601
v 0.009221092 -0.02780911 0.04620174
v 0.006900102 -0.03213385 0.04632831
v 0.007344604 -0.03135011 0.04559475
v 0.00577122 -0.03185999 0.04581076
v 0.006778792 -0.03182009 0.04645634
v 0.00842087 -0.03158009 0.04658905
v 0.007240891 -0.03160021 0.04658592
v 0.008163065 -0.03123835 0.04735461
v 0.008753091 -0.03103974 0.04652655
v 0.008566678 -0.03095549 0.04564795
v 0.01048176 -0.03125471 0.0461176
v 0.009732783 -0.03143474 0.04505503
v 0.0114934 -0.03057176 0.04432371
v 0.009432003 -0.03147951 0.0462403
v 0.009977952 -0.03073403 0.04663807
v 0.009806693 -0.03063598 0.04586455
v 0.01127487 -0.03014353 0.04595414
v 0.009377733 -0.03044724 0.04544804
v 0.01166904 -0.03089818 0.04534671
v 0.006007805 -0.03211445 0.04597673
v 0.01298706 -0.03023437 0.04016989
v 0.01317111 -0.03027135 0.0451135
v 0.01443532 -0.02966598 0.04445332
v 0.01386152 0.006673068 0.0448585
v 0.01321661 0.004671752 0.04490814
v 0.01445155 0.004598528 0.04495156
v 0.01238622 0.001269877 0.04475255
v 0.01359642 0.002097607 0.04496573
v 0.01628941 0.005977601 0.0448783
v 0.01545136 0.003629416 0.04494032
v 0.01486896 0.001556158 0.04495035
v 0.01638098 0.002161592 0.04487288
v 0.01712769 0.003937989 0.04492809
v 0.01808339 0.002915055 0.04481865
v 0.01832415 0.00177303 0.04486789
v 0.01821005 0.0007211566 0.04485983
v 0.01637219 -0.0001177192 0.04492907
v 0.008983746 -0.007402748 0.04485005
v 0.009532169 -0.006311238 0.04474501
v 0.009382203 -0.007196724 0.04501761
v 0.01030673 -0.002765745 0.04543509
v 0.01216178 0.001137108 0.04492827
v 0.01193823 0.001070797 0.04475376
v 0.01185207 0.0008898377 0.04464704
v 0.01208749 0.0008201301 0.04466881
v 0.01197329 0.0009930432 0.04490604
v 0.01225124 0.000472039 0.04509002
v 0.01192948 0.000890702 0.04493931
v 0.01238336 0.00046736 0.0447244
v 0.01435325 -0.000343889 0.04495329
v 0.01241255 0.0009196699 0.04657352
v 0.01252136 0.0009049177 0.04564171
v 0.01291479 -0.0009181798 0.04717484
v 0.01242796 -0.002726167 0.04766355
v 0.01340683 -0.001502335 0.04617827
v 0.01248418 -0.0003200173 0.0447344
v 0.0131039 -0.00130555 0.04487315
v 0.01407 -0.002758324 0.04480483
v 0.01352449 -0.0027619 0.04497048
v 0.01325671 -0.001581252 0.04522812
v 0.01574858 -0.003014714 0.04493263
v 0.01357344 -0.003332108 0.04736385
v 0.0101108 -0.005340517 0.04481116
v 0.0103257 -0.004008383 0.04509783
v 0.01017483 -0.005653858 0.04513818
v 0.009997472 -0.005203128 0.04561263
v 0.01031367 -0.004779667 0.04708165
v 0.009427503 -0.006316096 0.0454067
v 0.009105816 -0.007138342 0.04589069
v 0.009767741 -0.00639239 0.04713663
v 0.01376964 -0.003756791 0.04500234
v 0.01450835 -0.005098581 0.04488717
v 0.0111835 -0.004677027 0.04766755
v 0.01302525 -0.005030572 0.04772913
v 0.01069248 -0.006437361 0.04761627
v 0.01368518 -0.005325377 0.04752353
v 0.0141719 -0.0056687 0.04692252
v 0.01314639 -0.007551998 0.04765214
v 0.0122194 -0.007793069 0.04728022
v 0.01423387 -0.007884741 0.04742964
v 0.01675966 -0.001500249 0.04490812
v 0.01821814 -0.0008164346 0.04489444
v 0.0181082 -0.00283584 0.04488251
v 0.01949933 0.0005381107 0.04524668
v 0.01963052 -0.001640886 0.04526187
v 0.01733463 -0.005381465 0.04482409
v 0.01904929 -0.004382461 0.04520628
v 0.01946788 -0.003001541 0.04531434
v 0.02082539 -0.001903504 0.04525539
v 0.02089189 -0.003803134 0.04527482
v 0.01658829 -0.007429659 0.04489078
v 0.01451848 -0.006897956 0.04494016
v 0.01462293 -0.007834315 0.0448945
v 0.0161777 -0.008793145 0.04487756
v 0.01473723 -0.008698374 0.0448138
v 0.01776272 -0.008159459 0.04526734
v 0.01634809 -0.01008061 0.0453099
v 0.01853494 -0.006364316 0.04524651
v 0.02172011 -0.006898791 0.04533193
v 0.02305397 -0.005792379 0.0453659
v 0.01977593 -0.008330435 0.04531094
v 0.01884027 -0.01081988 0.04531118
v 0.02411182 -0.005872071 0.04547766
v 0.02377205 -0.007579595 0.04545072
v 0.02087168 -0.01054895 0.04540575
v 0.0221151 -0.009042293 0.04537344
v 0.02222237 -0.01116484 0.04548958
v 0.02339204 -0.009056211 0.0454708
v 0.02450798 -0.008943975 0.04510868
v 0.02522139 -0.008125156 0.04521564
v 0.02383769 -0.01056901 0.04505149
v 0.02391361 -0.01166269 0.04519907
v 0.02718121 -0.01198277 0.04557917
v 0.02793382 -0.01039246 0.04557464
v 0.01474233 0.009599835 0.0448052
v 0.0149523 0.01106933 0.04493062
v 0.01575072 0.010077 0.04496185
v 0.01630969 0.008560538 0.0448866
v 0.01514886 0.007986009 0.04494494
v 0.01767915 0.008104324 0.04542211
v 0.01853809 0.009528905 0.04535522
v 0.01707308 0.006988615 0.04487006
v 0.01808514 0.007135481 0.04533949
v 0.0188953 0.007684886 0.04530616
v 0.01774102 0.005087554 0.04488112
v 0.01868637 0.005692542 0.04535814
v 0.02065298 0.005926102 0.04533562
v 0.02326739 0.009002209 0.04564051
v 0.02388155 0.007822692 0.04561481
v 0.02423809 0.005868882 0.04555711
v 0.02211787 0.004198283 0.04536924
v 0.01914825 0.004143208 0.04528582
v 0.01923034 0.002799124 0.04532091
v 0.02124543 0.002188712 0.04529753
v 0.02080694 -0.0004813671 0.04525533
v 0.02523763 0.007248729 0.04509293
v 0.02461763 0.004258126 0.04561052
v 0.02558951 0.005340695 0.04504079
v 0.02657025 0.005671024 0.04529753
v 0.0281623 0.007239193 0.04549737
v 0.02588964 0.003914177 0.04497872
v 0.02690282 0.003608465 0.04526204
v 0.02382672 0.002686232 0.04544114
v 0.02314696 0.0008508265 0.04536927
v 0.02406028 -0.0006141961 0.04545306
v 0.0249607 0.00102818 0.04563366
v 0.02503575 -0.0003112555 0.04558998
v 0.02487962 0.002432525 0.04568432
v 0.02609158 0.001801729 0.0450739
v 0.02605833 8.565187e-05 0.04502574
v 0.02911106 0.006197602 0.04564506
v 0.02860259 0.004621446 0.04543249
v 0.02838191 0.002951741 0.04541737
v 0.02969864 0.003373623 0.04562381
v 0.02960785 0.004636705 0.04572979
v 0.02878292 0.0004621148 0.04541582
v 0.02980854 0.002131671 0.04572499
v 0.02697377 -9.027123e-05 0.04523441
v 0.02851224 -0.002265722 0.04544717
v 0.03049807 0.001636177 0.04537675
v 0.03124049 0.002658874 0.04494151
v 0.02990228 -9.742379e-05 0.04571217
v 0.03102422 -0.0005943179 0.04501104
v 0.03069666 0.006165504 0.04492021
v 0.03296515 0.005825669 0.04457688
v 0.02323924 -0.002089858 0.04536122
v 0.02488488 -0.002293974 0.04555494
v 0.0260876 -0.001998454 0.04502028
v 0.02463198 -0.004115015 0.0454492
v 0.02586316 -0.004388452 0.04511407
v 0.02846639 -0.004706353 0.04545742
v 0.02612157 -0.00610587 0.04523945
v 0.02881211 -0.007447749 0.04555535
v 0.02916883 -0.00619176 0.04561469
v 0.02952354 -0.004740715 0.04567227
v 0.02968071 -0.002695978 0.04561922
v 0.03034128 -0.003590792 0.04515395
v 0.02537106 -0.006954968 0.04515842
v 0.02701525 -0.008424789 0.04538897
v 0.02846073 -0.008814156 0.04559359
v 0.008079588 -0.01671964 0.04571512
v 0.008602306 -0.01286426 0.04573619
v 0.009599358 -0.01452449 0.04544824
v 0.009841949 -0.01118913 0.04595046
v 0.008855864 -0.01647264 0.04552659
v 0.01061925 -0.01661175 0.04543763
v 0.0108165 -0.01398459 0.0457143
v 0.01104264 -0.0110946 0.04591538
v 0.01275462 -0.01361847 0.04584953
v 0.00921163 -0.01842523 0.04571882
v 0.01284161 -0.01542985 0.04573169
v 0.01354089 -0.01550379 0.04627976
v 0.01250574 -0.0191538 0.04547611
v 0.01352847 -0.01742631 0.0457218
v 0.01419653 -0.01679385 0.04673642
v 0.01049604 -0.007671267 0.04756644
v 0.009768143 -0.009598017 0.04712988
v 0.01124401 -0.008067012 0.04713508
v 0.01093577 -0.00944671 0.04610574
v 0.01239939 -0.01113892 0.04604407
v 0.01195826 -0.008741826 0.04634559
v 0.01305799 -0.01047352 0.04715233
v 0.01280597 -0.008725226 0.04723379
v 0.01359697 -0.009315908 0.04757915
v 0.01548995 -0.009741277 0.04491308
v 0.01489711 -0.009313554 0.04616147
v 0.01499207 -0.01048818 0.04657036
v 0.0155637 -0.01115108 0.04552832
v 0.01344047 -0.01289108 0.04696469
v 0.01385143 -0.01152346 0.04746367
v 0.01480728 -0.01182333 0.04714876
v 0.01533812 -0.01256642 0.04660773
v 0.01424147 -0.01313323 0.04734215
v 0.01496217 -0.01409736 0.04723519
v 0.01676576 -0.01179227 0.04533181
v 0.01559782 -0.01232895 0.0454171
v 0.01560467 -0.01306298 0.04499364
v 0.0153233 -0.01277635 0.04514229
v 0.01561771 -0.01284161 0.04580528
v 0.01654975 -0.01360911 0.0452452
v 0.01771446 -0.01298493 0.045398
v 0.01611452 -0.01485053 0.04516485
v 0.01582503 -0.01411885 0.04533255
v 0.01563948 -0.01428357 0.04675943
v 0.01444121 -0.009788811 0.04718128
v 0.0142512 -0.01499236 0.04714736
v 0.01680702 -0.01506346 0.04540011
v 0.01626052 -0.01487508 0.04558438
v 0.01595578 -0.01569399 0.04640943
v 0.01648039 -0.01621085 0.04553083
v 0.01546256 -0.01584202 0.04702121
v 0.01489152 -0.0170694 0.04711562
v 0.01447062 -0.01832515 0.04666236
v 0.01542385 -0.01831439 0.0470579
v 0.01623067 -0.01868913 0.04677272
v 0.01622698 -0.01704988 0.04652902
v 0.005812868 -0.01989499 0.04574937
v 0.007337198 -0.01934582 0.04583806
v 0.008820996 -0.02110046 0.04576084
v 0.01056451 -0.01940936 0.04555163
v 0.007831991 -0.02197197 0.04570621
v 0.007733822 -0.02306122 0.04540038
v 0.009504333 -0.0220564 0.04540873
v 0.009492233 -0.02383974 0.04534465
v 0.008945093 -0.02640828 0.04659882
v 0.007028371 -0.02734458 0.04663
v 0.01031372 -0.02119949 0.04543391
v 0.01224756 -0.02082935 0.04520199
v 0.01136628 -0.02211723 0.04534966
v 0.01267853 -0.02263302 0.04550621
v 0.01091853 -0.02386501 0.04541343
v 0.01380673 -0.01969102 0.04565552
v 0.01355454 -0.02109864 0.04564804
v 0.01457933 -0.02056527 0.04649648
v 0.01515685 -0.01990193 0.04691949
v 0.01365992 -0.02260229 0.04637185
v 0.01441754 -0.02238476 0.04672217
v 0.01294023 -0.02428585 0.04671663
v 0.009448141 -0.02474412 0.0454616
v 0.009811997 -0.02545017 0.04638302
v 0.01188369 -0.02408883 0.04632446
v 0.01145805 -0.02673823 0.04643416
v 0.009444147 -0.02715799 0.04653901
v 0.01188177 -0.02520931 0.04671088
v 0.01150003 -0.02844277 0.04508123
v 0.01251321 -0.02789187 0.04502439
v 0.01233074 -0.02711117 0.04544818
v 0.01340458 -0.02553689 0.04637566
v 0.01448673 -0.02347308 0.04671085
v 0.01744144 -0.01773244 0.04514578
v 0.01671998 -0.01616806 0.04524547
v 0.01664633 -0.01764622 0.04515952
v 0.01664054 -0.01867989 0.04603788
v 0.01703186 -0.01935971 0.04527923
v 0.01952408 -0.01996708 0.04530108
v 0.02077998 -0.0132179 0.0454753
v 0.01944555 -0.01495248 0.0455099
v 0.02065909 -0.01556551 0.04524022
v 0.02205658 -0.01360399 0.04517651
v 0.02209535 -0.01562056 0.04526508
v 0.016224 -0.01525599 0.04530004
v 0.01834568 -0.01571327 0.04549748
v 0.01743132 -0.01604953 0.04531789
v 0.01871149 -0.01688322 0.04515216
v 0.01980983 -0.0176841 0.04521886
v 0.02289316 -0.01163566 0.04522541
v 0.02343805 -0.01341629 0.04527077
v 0.02656536 -0.01368219 0.0455195
v 0.02400541 -0.01566628 0.04540828
v 0.0256487 -0.01502052 0.04553798
v 0.0271854 -0.01403457 0.04517788
v 0.02297454 -0.01821679 0.04546514
v 0.02242742 -0.01981866 0.04547125
v 0.02457368 -0.01676604 0.04552704
v 0.02412517 -0.01802191 0.0453746
v 0.02432142 -0.0188812 0.04491702
v 0.0254342 -0.01763511 0.04478818
v 0.02342202 -0.02057511 0.04490754
v 0.026224 -0.01685575 0.04489556
v 0.01545958 -0.02195665 0.04680988
v 0.0166679 -0.02005711 0.04632488
v 0.01692441 -0.02116504 0.04524484
v 0.01651615 -0.02171218 0.04609901
v 0.01517431 -0.02414411 0.04620305
v 0.01645912 -0.02306798 0.04547003
v 0.01587516 -0.02289909 0.04641405
v 0.0162922 -0.02086738 0.04668066
v 0.01742186 -0.02241623 0.04525998
v 0.0201301 -0.02230385 0.04543886
v 0.01813512 -0.02370316 0.0453718
v 0.01564938 -0.02448627 0.04535803
v 0.01630661 -0.02489695 0.04536462
v 0.01371923 -0.02605516 0.04546049
v 0.0138483 -0.02726778 0.04505751
v 0.01553686 -0.02618411 0.04521334
v 0.01700617 -0.026564 0.04494017
v 0.01668137 -0.02851647 0.0460377
v 0.01753813 -0.02784756 0.0455204
v 0.01562153 -0.02900717 0.04592606
v 0.01428099 -0.0244925 0.04652551
v 0.01770435 -0.0258159 0.04484424
v 0.02366748 -0.02299407 0.04303035
v 0.02199617 -0.02445602 0.04434341
v 0.01971802 -0.02635559 0.04374471
v 0.01915073 -0.02433887 0.0448938
v 0.02047959 -0.02318978 0.04481959
v 0.02021278 -0.02400827 0.0449498
v 0.02173123 -0.02491772 0.04598069
v 0.02297914 -0.02360934 0.04633003
v 0.0231185 -0.02345547 0.04429302
v 0.01813439 -0.02752569 0.04470915
v 0.01959093 -0.02644807 0.04486862
v 0.02026191 -0.02593991 0.04618508
v 0.01884007 -0.02709645 0.04639411
v 0.02127255 -0.02121264 0.04542834
v 0.02164294 -0.02266246 0.04468337
v 0.02253312 -0.02103832 0.04488125
v 0.02421966 -0.02227893 0.04454732
v 0.03356415 0.001055539 0.03694993
v 0.0334703 0.0002371073 0.03430247
v 0.03339007 0.001691997 0.03413901
v 0.03343169 -0.001340955 0.03467086
v 0.0333219 0.001202315 0.0331369
v 0.03324509 -0.001653343 0.03364107
v 0.03290021 -0.005411655 0.03644544
v 0.0325218 -0.007219464 0.03412667
v 0.03309803 -0.004842252 0.03553295
v 0.03355038 0.002166063 0.03928846
v 0.03352344 0.0005128384 0.039933
v 0.03339735 -0.002120197 0.03694561
v 0.03350118 -0.001402587 0.04001623
v 0.03255543 -0.007912785 0.03292212
v 0.03207847 -0.00875321 0.03333068
v 0.03161848 -0.01032263 0.03446493
v 0.03210458 -0.009036899 0.03525636
v 0.03222883 -0.00823912 0.03640401
v 0.03268246 -0.006935507 0.03586429
v 0.03274609 -0.00643304 0.03813547
v 0.03112645 -0.01161519 0.03690675
v 0.03038703 -0.01308319 0.03377694
v 0.031003 -0.01209691 0.03477535
v 0.03023967 -0.01375827 0.03591207
v 0.03040466 -0.01309973 0.03808206
v 0.03007685 -0.01346004 0.03767705
v 0.0298069 -0.01422814 0.03757808
v 0.03087778 -0.01194158 0.03922179
v 0.03135851 -0.01100233 0.03962585
v 0.03325522 -0.003796369 0.03918877
v 0.03297564 -0.005231053 0.04042327
v 0.03323197 -0.003621936 0.04145944
v 0.03244486 -0.00772655 0.04229838
v 0.03219731 -0.008149326 0.04020879
v 0.03273541 -0.006490558 0.04068738
v 0.03205542 -0.00907442 0.0400984
v 0.03275411 -0.006315559 0.04258803
v 0.03101026 -0.01186952 0.04093692
v 0.0317623 -0.009868443 0.0416424
v 0.03114663 -0.01119748 0.04159775
v 0.03101057 -0.01256806 0.03959623
v 0.03197651 -0.00890553 0.04234979
v 0.03217688 -0.008498907 0.04423255
v 0.031214 -0.01131254 0.04365224
v 0.03060418 -0.01254788 0.04258531
v 0.03000869 -0.0140084 0.04335108
v 0.03076531 -0.01231271 0.04481724
v 0.03164011 -0.009852558 0.0446071
v 0.03204361 -0.009014428 0.03809813
v 0.03335598 0.003169835 0.04164582
v 0.0331029 0.004909098 0.04262027
v 0.03333777 0.003390998 0.04452616
v 0.03352079 0.001848429 0.04389906
v 0.03352021 -0.0004021823 0.0415079
v 0.0334872 -0.0009287298 0.04485413
v 0.0334411 0.0001172721 0.04300675
v 0.03337592 -0.00266993 0.0427497
v 0.03350914 0.002444804 0.04622576
v 0.03360079 0.001123607 0.04255888
v 0.03353974 0.0005459487 0.04495782
v 0.03331666 -0.002970546 0.04421309
v 0.03288034 0.005643129 0.04643214
v 0.0332754 0.004100233 0.04622936
v 0.03068425 -0.00553599 0.04477927
v 0.03312221 -0.004083782 0.04617518
v 0.03301395 -0.005297691 0.04396352
v 0.03245705 -0.007423103 0.04444292
v 0.03297389 -0.005144298 0.04602611
v 0.03346786 -0.002524972 0.04620257
v 0.03273784 -0.006723821 0.04579589
v 0.02952765 -0.009887069 0.04484385
v 0.03001872 -0.009019166 0.04483497
v 0.03013413 -0.007742256 0.04472357
v 0.03228325 -0.008524328 0.0460698
v 0.03180547 -0.009511381 0.04624185
v 0.03149024 -0.01068383 0.04494166
v 0.028946 -0.01600283 0.03801876
v 0.02873631 -0.01605362 0.03882933
v 0.02830055 -0.01704082 0.03790343
v 0.02934094 -0.01514596 0.03899187
v 0.02942689 -0.01497766 0.04048964
v 0.03007616 -0.01446989 0.04013622
v 0.0252126 -0.02093378 0.03992391
v 0.02469246 -0.0218198 0.03937057
v 0.02554573 -0.02074495 0.03875852
v 0.02681592 -0.01919916 0.04237422
v 0.02641951 -0.01963851 0.04111925
v 0.0269831 -0.01868555 0.04073751
v 0.02585429 -0.02045515 0.0413965
v 0.02481169 -0.02174503 0.04197964
v 0.02581324 -0.02043372 0.04473045
v 0.02782272 -0.01773661 0.04119971
v 0.02923317 -0.01530164 0.04282582
v 0.02941263 -0.01471251 0.04162902
v 0.03006485 -0.01382709 0.04183686
v 0.02875687 -0.01227313 0.04488996
v 0.0283459 -0.01373625 0.04516309
v 0.02704765 -0.01575708 0.04504111
v 0.02983575 -0.01444399 0.0447256
v 0.03014979 -0.01363826 0.04624853
v 0.02887227 -0.01593617 0.04459238
v 0.02829234 -0.01693243 0.04255605
v 0.02836081 -0.01701853 0.04421446
v 0.0292827 -0.01535946 0.04608515
v 0.02720515 -0.01869887 0.04448211
v 0.02759866 -0.0179916 0.04432157
v 0.0279516 -0.01768622 0.04616085
v 0.02457471 -0.02201983 0.04578769
v 0.02620649 -0.02018934 0.04604495
v 0.01274224 -0.02979425 0.04690325
v 0.009199604 -0.03114763 0.04665411
v 0.009349003 -0.03110659 0.04675138
v 0.01000172 -0.03109109 0.046785
v 0.009245768 -0.03120768 0.04685217
v 0.008955494 -0.03112602 0.04710734
v 0.009090558 -0.03130439 0.04693508
v 0.01216879 -0.03062248 0.04612562
v 0.01204051 -0.02951431 0.04555178
v 0.01347388 -0.0298956 0.04686236
v 0.01497523 -0.02901927 0.04680923
v -0.002605751 -0.03305238 0.01371437
v -0.003813714 -0.03294927 0.01457599
v -0.005212396 -0.03279102 0.01579213
v -0.003474399 -0.03295594 0.01742697
v -0.002672166 -0.03294384 0.01614815
v -0.000473693 -0.03299752 0.01548284
v -0.001708344 -0.03325096 0.0169872
v -0.003203988 -0.03312016 0.01853117
v -0.001944378 -0.03311092 0.01841432
v -0.0007082671 -0.03326422 0.01891997
v -0.001330167 -0.0328576 0.01969236
v 0.000857532 -0.03298837 0.01788533
v 0.0009561479 -0.033032 0.01622161
v -0.0002419055 -0.03303018 0.0203346
v 0.001338437 -0.03307104 0.01984569
v 0.01001 -0.03106183 0.006710708
v 0.0125868 -0.03016734 0.00770843
v 0.01224427 -0.03035915 0.009404033
v 0.01320411 -0.02974492 0.0107331
v 0.01198688 -0.03042033 0.01068237
v 0.01431827 -0.02929899 0.013706
v 0.008600399 -0.0314174 0.008266866
v 0.004319936 -0.03249925 0.01202017
v 0.004559845 -0.03233588 0.01317242
v 0.006456003 -0.03202745 0.0131706
v 0.008000135 -0.03165305 0.01315278
v 0.006260812 -0.03217104 0.01740339
v 0.01032595 -0.03117746 0.0129509
v -0.001557767 -0.03304696 0.02144808
v 0.001082316 -0.03308117 0.02153504
v 0.001921281 -0.03285661 0.02288076
v 0.009487838 -0.03137264 0.02440017
v 0.009266391 -0.03131559 0.02263853
v 0.01151076 -0.03064567 0.0240798
v 0.009589314 -0.03121114 0.02539414
v 0.01324625 -0.02987564 0.02420449
v 0.01399173 -0.02983546 0.0228523
v 0.01484974 -0.02940843 0.02371573
v 0.0225262 -0.02405244 -0.0002324283
v 0.02375554 -0.02294838 0.002429307
v 0.02139775 -0.02508244 0.001848936
v 0.02265221 -0.02403405 0.004301757
v 0.02139819 -0.02488351 0.003962576
v 0.02441032 -0.02206093 0.003943145
v 0.02339442 -0.02304646 0.005595624
v 0.0228226 -0.02370057 0.006047726
v 0.03072748 -0.01275975 -0.001318097
v 0.02869566 -0.01611614 -0.0005378723
v 0.03138679 -0.01128677 0.0006513596
v 0.03082672 -0.01206049 -0.0005165935
v 0.0317042 -0.01009366 -0.0007645488
v 0.0320674 -0.009456217 0.0008041561
v 0.03254224 -0.008190244 0.00238955
v 0.03143398 -0.01111659 0.004462123
v 0.0248127 -0.02147573 -0.0002331734
v 0.02727127 -0.01832509 -0.0001986623
v 0.02315786 -0.0230743 0.0001930296
v 0.02550787 -0.02076077 0.008840084
v 0.02527592 -0.02117658 0.01000664
v 0.02517135 -0.02129453 0.01277146
v 0.02598816 -0.02037019 0.01464957
v 0.02483767 -0.02161109 0.01580435
v 0.02631527 -0.01990572 0.01640421
v 0.01351675 -0.02965862 0.004348725
v 0.01428305 -0.02950341 0.004426301
v 0.01469527 -0.02943787 0.005564362
v 0.01338264 -0.02994269 0.006692022
v 0.01703179 -0.02805346 0.004104197
v 0.01406942 -0.02948976 0.007220715
v 0.01641303 -0.02840206 0.00619337
v 0.01741458 -0.02768999 0.007326454
v 0.01656879 -0.02837127 0.00797987
v 0.02008176 -0.02601305 0.003637522
v 0.01896799 -0.02693132 0.003588736
v 0.01822725 -0.02726865 0.006739765
v 0.01872969 -0.02683899 0.005273998
v 0.0197877 -0.02621183 0.006058156
v 0.02053362 -0.02572769 0.004977256
v 0.01657537 -0.02829948 0.01122856
v 0.01689352 -0.0280236 0.009827822
v 0.01793425 -0.02735919 0.01181319
v 0.01869808 -0.02681959 0.01243088
v 0.02010766 -0.02605021 0.008041769
v 0.01824342 -0.02739722 0.01892194
v 0.02038905 -0.02589834 0.01762125
v 0.02083951 -0.02552158 0.01520845
v 0.02021819 -0.02592081 0.01973483
v 0.02071618 -0.02557495 0.02152851
v 0.02141528 -0.02496353 0.01598892
v 0.02150245 -0.02488899 0.01625997
v 0.02145875 -0.02492484 0.01613081
v 0.02238162 -0.02429098 0.01723278
v 0.02376787 -0.0226424 0.01876983
v 0.01041135 -0.03118926 0.02802914
v 0.01421511 -0.02955499 0.02605534
v 0.01504423 -0.02922958 0.02489588
v 0.01605295 -0.02854416 0.02378589
v 0.01657008 -0.02853337 0.02534229
v 0.01485947 -0.02949408 0.02680594
v 0.01383737 -0.02982143 0.02716106
v 0.01410761 -0.0294857 0.02935508
v 0.01405403 -0.02944604 0.03301579
v 0.01429784 -0.02966398 0.03547797
v 0.01499252 -0.02934852 0.03216794
v 0.01424263 -0.02954245 0.03162047
v 0.01503704 -0.02927136 0.03381202
v 0.01429769 -0.02930734 0.03782922
v 0.01518562 -0.02936631 0.03753555
v 0.01424819 -0.02939418 0.03985816
v 0.0151455 -0.02938142 0.03975445
v 0.02022521 -0.02598748 0.03162411
v 0.01946974 -0.02644879 0.03265226
v 0.01507862 -0.02937973 0.03569829
v 0.01492849 -0.02952829 0.04148516
v 0.01434529 -0.02963805 0.04127404
v 0.01432481 -0.02953669 0.04261678
v 0.01300159 -0.03023329 0.04309282
v 0.01575014 -0.02883875 0.04122385
v 0.01504637 -0.02936947 0.04281121
v 0.03338432 -0.002543837 0.01953626
v 0.03336173 -0.003512621 0.01882035
v 0.03349635 -0.001840919 0.02088004
v 0.03317811 -0.004184842 0.01786354
v 0.0318418 -0.01047868 0.02403885
v 0.03053385 -0.01323166 0.02418956
v 0.02789131 -0.01774001 0.02479282
v 0.02690199 -0.0192216 0.02447337
v 0.02856374 -0.01684049 0.02744558
v 0.02876586 -0.01636577 0.02625495
v 0.02924278 -0.01584506 0.02469501
v 0.02861917 -0.01675624 0.02424461
v 0.03074229 -0.01254109 0.01748863
v 0.03340426 -0.001035541 0.02475503
v 0.03311624 -0.004987687 0.02463999
v 0.03332366 -0.00380519 0.02519086
v 0.03313056 -0.004306883 0.02595177
v 0.03288384 -0.006032467 0.02338165
v 0.03277001 -0.007508993 0.02453384
v 0.0320484 -0.009194672 0.02572754
v 0.03273712 -0.006800056 0.02566102
v 0.03292298 -0.006126314 0.02766213
v 0.03239422 -0.007701486 0.02601716
v 0.03335838 -0.001721293 0.02649829
v 0.03343605 0.0001408458 0.02769354
v 0.03340995 -0.001942128 0.02939424
v 0.03344537 -0.0004188716 0.03132278
v 0.03333573 -0.002125829 0.03056726
v 0.03312124 -0.003603339 0.02877998
v 0.03297004 -0.005204767 0.02925622
v 0.03261653 -0.006761283 0.02894789
v 0.03225103 -0.008494258 0.0290994
v 0.03243652 -0.007932335 0.0307748
v 0.03299166 -0.004728049 0.03265023
v 0.03259654 -0.006316632 0.03330559
v 0.03160711 -0.01120424 0.0249238
v 0.03148274 -0.01047379 0.02669188
v 0.03093877 -0.01216853 0.02584216
v 0.03050722 -0.01316926 0.0264394
v 0.0317267 -0.01020962 0.02864808
v 0.03112523 -0.0115515 0.02752051
v 0.03092396 -0.01233101 0.0289616
v 0.03156964 -0.01019892 0.02976263
v 0.02900714 -0.01601568 0.02980182
v 0.02951437 -0.01472208 0.02684221
v 0.02731568 -0.01840785 0.0268167
v 0.02788693 -0.01753169 0.03022122
v 0.02745651 -0.01848033 0.02815023
v 0.02975795 -0.01464263 0.02850574
v 0.03029975 -0.01386544 0.0284844
v 0.03058819 -0.01276559 0.02983779
v 0.02991515 -0.01386815 0.0294674
v 0.02986547 -0.01459005 0.03078794
v 0.03180014 -0.009260565 0.03176919
v 0.03234239 -0.008920878 0.0307748
v 0.03139623 -0.01093417 0.03262374
v 0.03069067 -0.01277298 0.03136194
v 0.02934232 -0.01535124 0.03232619
v 0.02828799 -0.01660892 0.03151116
v 0.03089951 -0.01224294 0.03278938
v 0.02397466 -0.02253541 0.02470621
v 0.01999418 -0.02609351 0.02301577
v 0.02164614 -0.02480468 0.0236221
v 0.02121936 -0.02523053 0.02436104
v 0.0199374 -0.02615583 0.02532971
v 0.02147983 -0.02457124 0.02559346
v 0.02070031 -0.02517781 0.02608356
v 0.01995209 -0.02623624 0.02718696
v 0.02238154 -0.02369398 0.0241096
v 0.02550238 -0.02084467 0.0199233
v 0.02648933 -0.01987034 0.02202183
v 0.02482182 -0.02133211 0.02605972
v 0.02375458 -0.02316913 0.02657196
v 0.02470058 -0.02165678 0.02707613
v 0.02452987 -0.02176133 0.02817193
v 0.02551274 -0.02081716 0.02859539
v 0.0206545 -0.02540463 0.03076786
v 0.02046785 -0.02542761 0.02806354
v 0.0225714 -0.02388808 0.02856946
v 0.0199243 -0.02622393 0.02852091
v 0.02253194 -0.02385011 0.02636635
v 0.02397214 -0.02313894 0.02760947
v 0.02398576 -0.0224739 0.02949703
v 0.02587578 -0.02090701 0.02465549
v 0.02629642 -0.02062133 0.02484775
v 0.02692369 -0.01859537 0.02588823
v 0.02632692 -0.02024567 0.02639818
v 0.02667508 -0.0195204 0.02684751
v 0.02613519 -0.02033874 0.02813572
v 0.02504671 -0.02162245 0.02981308
v 0.02462502 -0.02149364 0.03152466
v 0.02546029 -0.02103245 0.03104573
v 0.02673444 -0.01923636 0.03119609
v 0.02182645 -0.02448314 0.0322389
v 0.02360669 -0.02283257 0.03141284
v 0.02263175 -0.02371398 0.03423837
v 0.02191631 -0.0245727 0.03343534
v 0.02498263 -0.02148068 0.03279653
v 0.02564307 -0.02074215 0.03428063
v 0.02657597 -0.01937363 0.02940494
v 0.02722205 -0.01863548 0.02954897
v 0.0257781 -0.02030236 0.02963001
v 0.02805401 -0.01756078 0.03140575
v 0.02879757 -0.01614839 0.03720272
v 0.02921991 -0.01579508 0.03590298
v 0.02713524 -0.01885086 0.03807533
v 0.02643932 -0.01949096 0.03590783
v 0.02737781 -0.01819873 0.03727546
v 0.02216697 -0.02427486 0.03508335
v 0.02231237 -0.02421695 0.03656071
v 0.02301799 -0.02355602 0.03940606
v 0.02860929 -0.01674622 0.03352231
v 0.0210457 -0.02497718 0.03296107
v 0.004096165 -0.03170604 0.04552901
v 0.006051704 -0.0309431 0.0453555
v 0.003582403 -0.03269503 0.04535478
v 0.003250554 -0.0321168 0.04682174
v 0.004660144 -0.03198564 0.04638299
v 0.002653226 -0.03275281 0.04673368
v 0.004617736 -0.03259665 0.04616734
v 0.00370042 -0.03243667 0.04771069
v 0.003126338 -0.03331488 0.04786316
v 0.003340617 -0.03257298 0.04690999
v 0.004087046 -0.03243303 0.04669675
v 0.003787294 -0.03277829 0.04764256
v 0.004069999 -0.03219327 0.04850307
v 0.003759041 -0.03209925 0.04924703
v 0.002654508 -0.0335027 0.05000228
v 0.004606381 -0.03317723 0.04837167
v 0.006242052 -0.03183994 0.04769194
v 0.005605146 -0.03226325 0.04762617
v 0.004415706 -0.03253907 0.04789063
v 0.005985811 -0.03285781 0.0480665
v 0.009298176 -0.03133175 0.04392475
v 0.007282987 -0.03173372 0.04664844
v 0.00743635 -0.03165576 0.0471285
v 0.0074047 -0.03147763 0.0471811
v 0.01181881 0.0007047355 0.04473138
v 0.0117739 0.0008564293 0.04472488
v 0.01201163 -0.0001604259 0.04482175
v 0.01198456 0.000420779 0.04471937
v 0.01200765 0.0007056892 0.04477274
v 0.01219629 0.0003305674 0.04479907
v 0.01278429 -0.0006475747 0.0451829
v 0.01410882 -0.005108565 0.04510608
v 0.01438914 -0.006780714 0.04596752
v 0.01410249 -0.006535411 0.04511635
v 0.01394604 -0.007538229 0.04495819
v 0.01397131 -0.007644117 0.04466742
v 0.0140814 -0.007475108 0.04489534
v 0.01402409 -0.007729769 0.04498371
v 0.01433426 -0.007654458 0.04484034
v 0.01424548 -0.007952273 0.04487689
v 0.0143334 -0.007950455 0.04494004
v 0.01407965 -0.007557124 0.04499149
v 0.01434858 -0.007562131 0.04515125
v 0.0143989 -0.007696688 0.04517072
v 0.01448987 -0.008173168 0.04514298
v 0.01443453 -0.007834017 0.04500096
v 0.0306256 0.003913671 0.04508796
v 0.03067677 0.004786283 0.04492533
v 0.03104165 0.00127697 0.04493284
v 0.03152081 0.0005669594 0.04506156
v 0.03027533 -0.00215441 0.04549545
v 0.03189804 0.006264627 0.04726508
v 0.03110053 0.005711496 0.04513931
v 0.03166442 0.003300697 0.04544017
v 0.03170194 0.004547894 0.04564837
v 0.03198436 0.005156368 0.04709584
v 0.03203309 0.004586846 0.04672617
v 0.03214738 0.004875422 0.04708096
v 0.03235784 0.004647464 0.04693687
v 0.03258522 0.005158663 0.0468584
v 0.03249843 0.004063338 0.04684952
v 0.03192279 0.003053039 0.04645517
v 0.03220281 0.004293442 0.04692122
v 0.03227872 0.00436011 0.04697749
v 0.03231111 0.00430128 0.04718047
v 0.03224464 0.003645897 0.04716963
v 0.03150642 0.008194447 0.04733591
v 0.0316094 0.007732809 0.04794617
v 0.03158177 0.008157045 0.04965016
v 0.03206319 0.00773561 0.04684815
v 0.03196846 0.007651806 0.0473932
v 0.03216544 0.006503403 0.04703732
v 0.03221591 0.004250616 0.0490033
v 0.03245769 0.005137712 0.04725617
v 0.03220408 0.004826754 0.04736903
v 0.03352435 0.003755361 0.0485459
v 0.03246398 0.004609764 0.04739624
v 0.03230336 0.004358888 0.04748535
v 0.03240471 0.004461914 0.04735351
v 0.03270292 0.004181474 0.04758394
v 0.03292538 0.002628803 0.04769176
v 0.03235023 0.004615992 0.0499679
v 0.03324942 0.006047517 0.04891919
v 0.03360353 0.003884226 0.05004585
v 0.03242406 0.002627403 0.04775244
v 0.03219062 0.001369298 0.04719773
v 0.03215455 0.002394915 0.05038932
v 0.03249109 0.0008984506 0.04898748
v 0.03246923 -0.0009534061 0.04972348
v 0.03260444 -0.0009360015 0.05023196
v 0.03272563 0.0005147755 0.05077896
v 0.02445854 -0.01955515 0.04495087
v 0.02377349 -0.02085501 0.04506901
v 0.02562514 -0.01903674 0.04528886
v 0.02484536 -0.02002752 0.04577598
v 0.02402869 -0.02110544 0.04579931
v 0.0248791 -0.02096644 0.0472191
v 0.02533562 -0.01990923 0.04747495
v 0.01336764 -0.02823457 0.04536226
v 0.01565027 -0.02766913 0.04529005
v 0.01444058 -0.02850997 0.04543775
v 0.01499906 -0.02849129 0.04593217
v 0.01394315 -0.02926534 0.04616317
v 0.01640789 -0.02747563 0.04553959
v 0.01663473 -0.02768433 0.04783762
v 0.01792648 -0.02643791 0.04545733
v 0.01878937 -0.02614087 0.04707286
v 0.01677175 -0.02813128 0.04701409
v 0.01634021 -0.02796581 0.04950559
v 0.01467808 -0.0288296 0.04809618
v 0.01890881 -0.02524701 0.0449371
v 0.02163631 -0.02362257 0.04538256
v 0.02005443 -0.02489185 0.04572538
v 0.02297571 -0.02228069 0.04547718
v 0.01873596 -0.02698812 0.04705754
v 0.01750311 -0.02866888 0.04818004
v 0.01867694 -0.02669555 0.0497728
v 0.01801801 -0.02737182 0.05006245
v 0.01640494 -0.02855361 0.05021802
v 0.01735355 -0.02849874 0.05024439
v 0.01853879 -0.02800062 0.0501453
v 0.01899821 -0.02718279 0.05020666
v 0.0212834 -0.02452654 0.04734179
v 0.02273536 -0.02187338 0.04488963
v 0.02252348 -0.02290389 0.04646635
v 0.02318405 -0.02213627 0.04715946
v 0.02397899 -0.02252588 0.04703125
v 0.02274039 -0.02365005 0.04711959
v 0.02104557 -0.025282 0.04713675
v 0.02208649 -0.02458918 0.0474529
v 0.02244771 -0.0234302 0.05012631
v 0.02220441 -0.02383205 0.04919848
v 0.02124512 -0.02466184 0.04993096
v 0.02504306 -0.02141637 0.04689258
v 0.02349646 -0.02228957 0.04894537
v 0.02502052 -0.02093208 0.04987359
v 0.02358934 -0.02214009 0.04996935
v 0.02478579 -0.02094996 0.04831585
v 0.0253519 -0.01996067 0.04881623
v 0.02302344 -0.02467978 0.04837555
v 0.02386883 -0.02383238 0.04859683
v 0.02409247 -0.0237914 0.04984131
v 0.02611046 -0.02132997 0.04825413
v 0.02015445 -0.02551457 0.04990914
v 0.02147909 -0.02591723 0.04857734
v 0.01979014 -0.02732277 0.04858696
v 0.01788886 -0.02868995 0.04899514
v 0.019447 -0.0275304 0.0499655
v 0.02166493 -0.02602342 0.04994696
v 0.02238847 -0.02403247 0.05052146
v 0.0212542 -0.02530387 0.05036539
v 0.02208076 -0.02519259 0.05050939
v 0.01993343 -0.02655861 0.05049491
v 0.02114271 -0.02605107 0.05024669
v 0.02316251 -0.02449459 0.05043644
v 0.02644514 -0.01838738 0.04801354
v 0.02629434 -0.01899391 0.04952061
v 0.02677056 -0.01849756 0.05008364
v 0.02608457 -0.01994568 0.05006403
v 0.02371787 -0.02238837 0.05041832
v 0.0250123 -0.02177435 0.05043131
v 0.02637045 -0.02066374 0.05034652
v 0.02561098 -0.02159372 0.05042556
v 0.02433363 -0.02304313 0.05046445
v 0.02533697 -0.022273 0.05012238
v 0.0333492 -0.002321154 0.03194994
v 0.03322944 -0.003344476 0.0351097
v 0.02996509 -0.01396763 0.03911787
v 0.03052959 -0.01321691 0.04074568
v 0.03213228 0.0002455711 0.04577205
v 0.03087457 -0.002283305 0.04480147
v 0.03138351 -0.002150416 0.04479641
v 0.03189616 -0.001226276 0.04546967
v 0.03172356 -0.003027648 0.04542619
v 0.03246464 -0.0007012486 0.04722086
v 0.03204754 -0.001918703 0.0468497
v 0.03278251 0.002374321 0.04681402
v 0.0323447 0.0003262758 0.04664835
v 0.03360999 0.0002786815 0.04621086
v 0.03333186 0.001224965 0.04636696
v 0.03250666 0.0009425879 0.04705754
v 0.0325446 0.0008912981 0.04727668
v 0.03264864 0.0001756847 0.04669151
v 0.0327245 0.00104329 0.04743388
v 0.03240225 -0.001623422 0.04729682
v 0.03251317 -0.001303703 0.04734039
v 0.03276423 -0.001239657 0.04697296
v 0.03254327 0.0007614493 0.047418
v 0.0327131 -0.0004794896 0.04711324
v 0.03259502 0.000350982 0.04787204
v 0.03273551 0.0002317429 0.04765558
v 0.03295316 -0.0001455545 0.04768804
v 0.0327718 -0.0004851222 0.0473533
v 0.03255624 -0.0006173551 0.04756099
v 0.0325938 -0.001246601 0.04758728
v 0.03246665 -0.001500785 0.0480077
v 0.03290732 -0.0009415448 0.04760069
v 0.0328159 -0.001466781 0.04755455
v 0.03279567 -0.00278753 0.04736856
v 0.03360239 0.002296537 0.04838333
v 0.03374955 -0.0003999472 0.04851362
v 0.0338271 0.001390785 0.04991296
v 0.03355023 -0.0008214414 0.05063412
v 0.03334144 0.0003147423 0.05073613
v 0.03373665 -0.002066612 0.05009833
v 0.03365582 0.001158416 0.05045298
v 0.03100972 -0.003381491 0.0448401
v 0.03119338 -0.004779279 0.04494667
v 0.03146352 -0.005647242 0.04578137
v 0.03069627 -0.006432921 0.04480323
v 0.03085652 -0.008262008 0.04558751
v 0.03226659 -0.003860116 0.04715848
v 0.03131801 -0.007860541 0.04723203
v 0.03156993 -0.007199228 0.04858309
v 0.03194863 -0.005182773 0.04798761
v 0.03264879 -0.003078282 0.0469048
v 0.03238454 -0.004953444 0.0468761
v 0.03240232 -0.007551849 0.04623982
v 0.03201582 -0.006931663 0.04701975
v 0.03255349 -0.005225003 0.04750523
v 0.03025712 -0.01016298 0.04547015
v 0.02940515 -0.01100013 0.04495889
v 0.02925673 -0.01235682 0.04528031
v 0.02981552 -0.01141402 0.0460318
v 0.02942553 -0.01365361 0.04723173
v 0.03106084 -0.01173696 0.04618979
v 0.03057624 -0.01202303 0.04713109
v 0.03114255 -0.01033041 0.0471389
v 0.03039177 -0.01120791 0.04824796
v 0.03105874 -0.009481043 0.04919571
v 0.03166181 -0.008413345 0.047088
v 0.03248964 -0.008656532 0.04836866
v 0.03135754 -0.01185977 0.04831988
v 0.03248212 -0.009329766 0.04903096
v 0.03229468 -0.002518594 0.04752067
v 0.03271304 -0.001716554 0.04738384
v 0.03246093 -0.003777862 0.04720169
v 0.03338601 -0.004028082 0.04844862
v 0.03219721 -0.004185528 0.0497129
v 0.03181368 -0.006227314 0.0502525
v 0.03322266 -0.006151706 0.04914197
v 0.03242654 -0.003466696 0.05027595
v 0.03341055 -0.004419297 0.05035567
v 0.03307216 -0.00254935 0.05061266
v 0.03352614 -0.002188146 0.05053204
v 0.03292269 -0.004172653 0.05066779
v 0.03213799 -0.005749166 0.05061549
v 0.03246336 -0.006151944 0.05073717
v 0.03298341 -0.006685853 0.05030075
v 0.03141311 -0.007778823 0.05018005
v 0.03093457 -0.009715825 0.05013698
v 0.03124696 -0.01002577 0.0507406
v 0.03232436 -0.008215606 0.05056134
v 0.03178859 -0.008278102 0.05070606
v 0.03162043 -0.01053274 0.05059159
v 0.03208783 -0.0101198 0.05015182
v 0.03161982 -0.01180953 0.0492335
v 0.02833471 -0.01714626 0.03950968
v 0.0242783 -0.02227023 0.04100046
v 0.02793659 -0.01436555 0.04504761
v 0.02724387 -0.01674572 0.0453628
v 0.02881779 -0.01443124 0.04711896
v 0.02792035 -0.01575121 0.04568952
v 0.02641201 -0.01768419 0.045362
v 0.02638696 -0.01797941 0.04658854
v 0.02804795 -0.01585025 0.04745823
v 0.02747293 -0.01809821 0.04711449
v 0.0255013 -0.02044407 0.04711264
v 0.02648483 -0.01950029 0.04731625
v 0.02679931 -0.02046922 0.04854009
v 0.02980182 -0.01375777 0.04728302
v 0.02888486 -0.01551679 0.04709545
v 0.02958828 -0.01590419 0.04833111
v 0.03006749 -0.0123215 0.04824048
v 0.02916138 -0.01437628 0.05022976
v 0.03017278 -0.01200283 0.05016515
v 0.02986592 -0.01325902 0.05059618
v 0.02948244 -0.01472646 0.05070132
v 0.02872717 -0.01584685 0.05061892
v 0.0293127 -0.01584858 0.05058637
v 0.03028245 -0.01355898 0.05062187
v 0.02990554 -0.0154447 0.05014002
v 0.03069748 -0.01388833 0.04840156
v 0.03004287 -0.01540306 0.04904625
v 0.03108345 -0.01299492 0.05009168
v 0.02739638 -0.01718339 0.04787937
v 0.02847654 -0.01809922 0.04865929
v 0.02795883 -0.01650336 0.05008632
v 0.02714317 -0.01864296 0.05053878
v 0.02702582 -0.02021357 0.04995209
v 0.02857746 -0.01784414 0.04992187
v 0.02817751 -0.01773739 0.05043966
v 0.02780502 -0.01721299 0.05038351
v 0.03072535 -0.01122591 0.05065572
v 0.03205363 0.006799906 0.05038436
v 0.03191881 0.008496225 0.05025923
v 0.03249845 0.008276582 0.05045624
v 0.03235988 0.007225275 0.05064425
v 0.03300379 0.007064909 0.04998522
v 0.03276387 0.005578667 0.05050692
v 0.03334299 0.004658461 0.05048548
v 0.03300495 0.006064504 0.05047052
v 0.03290087 0.00393483 0.05070789
v 0.03242801 0.002804607 0.05077624
v 0.03337497 0.002278835 0.05074081
v 0.004095808 -0.03267601 0.05057219
v 0.004228547 -0.0333738 0.05026105
v 0.006092146 -0.03314501 0.04913145
v 0.00772427 -0.03269795 0.04859865
v 0.006613061 -0.03303778 0.04994258
v 0.004200354 -0.03208023 0.04977316
v 0.005677149 -0.03226551 0.05004939
v 0.005560383 -0.03280079 0.05024424
v 0.007062182 -0.03266042 0.05044681
v 0.007178411 -0.03196049 0.05041862
v 0.00682573 -0.03145632 0.04993558
v 0.007067293 -0.03151488 0.04768828
v 0.007084861 -0.03189909 0.04750118
v 0.008292049 -0.03175744 0.04743108
v 0.008062735 -0.031066 0.04929283
v 0.008992985 -0.03128734 0.04691884
v 0.008924708 -0.03119797 0.04670444
v 0.01087219 -0.0302045 0.04802635
v 0.01247488 -0.02974528 0.04799843
v 0.01186395 -0.03049734 0.04684955
v 0.01130484 -0.03178862 0.04854894
v 0.009620041 -0.03081256 0.04866847
v 0.009252951 -0.03216806 0.04807544
v 0.0117083 -0.03016359 0.04964834
v 0.009372622 -0.03110316 0.05004141
v 0.01042612 -0.03188822 0.05025688
v 0.01240394 -0.03145996 0.04901311
v 0.0111112 -0.0307644 0.05022621
v 0.01042123 -0.03129762 0.05041358
v 0.01160942 -0.03136015 0.05019575
v 0.01280168 -0.03021866 0.05041325
v 0.01393893 -0.02945146 0.05009958
v 0.01327388 -0.03080976 0.05020288
v 0.01200287 -0.03087988 0.05041975
v 0.006153509 -0.03152031 0.04866898
v 0.008722112 -0.03260395 0.04893202
v 0.009079859 -0.03238744 0.04990852
v 0.008218184 -0.03170201 0.05028871
v 0.009134844 -0.03199661 0.0502786
v 0.01355499 -0.03084323 0.04830477
v 0.01512752 -0.02870983 0.0496721
v 0.01459272 -0.03050488 0.04912171
v 0.01568015 -0.02983436 0.04964378
v 0.01503481 -0.02912146 0.05033672
v 0.01437443 -0.03001761 0.05034083
v 0.01624914 -0.02923965 0.05026621
v 0.01755887 -0.02873909 0.04995221
v 0.00539951 -0.03196856 0.0494031
f 1 2 3
f 4 1 3
f 5 2 1
f 6 7 8
f 7 6 9
f 10 6 11
f 6 12 13
f 6 10 12
f 14 13 12
f 12 15 14
f 16 10 17
f 17 10 18
f 10 16 12
f 15 19 14
f 20 21 19
f 15 20 19
f 15 12 16
f 22 15 16
f 23 24 25
f 26 24 23
f 27 28 25
f 25 24 27
f 29 27 24
f 30 27 31
f 29 31 27
f 32 33 34
f 35 36 37
f 38 39 40
f 41 38 42
f 41 42 43
f 40 39 44
f 45 40 44
f 45 44 46
f 45 46 47
f 48 45 47
f 49 47 46
f 47 49 50
f 50 49 51
f 52 51 53
f 50 51 52
f 40 45 54
f 55 42 40
f 42 38 40
f 45 48 54
f 55 40 54
f 56 57 58
f 51 59 60
f 61 60 59
f 60 61 62
f 63 64 65
f 62 61 64
f 62 64 66
f 63 66 64
f 67 66 63
f 68 63 65
f 69 68 70
f 63 71 72
f 63 68 71
f 73 71 69
f 74 60 62
f 74 53 60
f 53 51 60
f 53 74 75
f 76 74 62
f 76 62 77
f 78 77 79
f 62 66 77
f 67 77 66
f 77 67 79
f 80 79 67
f 81 82 76
f 76 77 78
f 81 76 78
f 78 79 83
f 78 83 84
f 78 84 81
f 83 79 80
f 85 52 86
f 87 75 88
f 89 58 90
f 91 88 92
f 87 93 90
f 93 87 91
f 94 92 82
f 94 82 95
f 84 95 81
f 95 84 96
f 94 95 97
f 96 97 95
f 91 92 94
f 91 94 98
f 98 94 97
f 98 97 99
f 100 97 101
f 100 99 97
f 102 84 83
f 103 104 105
f 105 106 107
f 107 103 105
f 108 109 110
f 111 112 107
f 108 110 111
f 113 111 114
f 102 96 84
f 102 103 115
f 101 96 102
f 101 97 96
f 116 102 115
f 101 102 116
f 115 103 107
f 115 107 112
f 117 115 118
f 116 119 101
f 119 116 115
f 100 101 119
f 100 119 120
f 117 119 115
f 121 119 117
f 112 111 118
f 118 111 113
f 112 118 115
f 122 113 114
f 123 118 113
f 122 123 113
f 117 118 123
f 117 123 124
f 125 117 124
f 122 124 123
f 124 122 126
f 124 126 127
f 128 129 130
f 131 132 129
f 130 133 128
f 130 132 134
f 132 130 129
f 134 132 135
f 136 135 132
f 137 138 139
f 137 140 129
f 141 139 142
f 137 139 140
f 139 141 140
f 140 141 143
f 129 140 131
f 140 143 131
f 32 144 33
f 142 145 141
f 141 145 143
f 143 145 146
f 147 148 149
f 143 148 131
f 132 148 150
f 136 132 150
f 147 151 148
f 151 147 152
f 148 151 150
f 150 151 153
f 154 136 150
f 153 154 150
f 155 153 156
f 154 153 155
f 153 151 156
f 157 158 159
f 160 158 161
f 151 152 159
f 159 152 157
f 156 151 159
f 156 162 155
f 162 156 159
f 162 159 163
f 160 163 159
f 160 159 158
f 160 164 163
f 161 164 160
f 165 164 161
f 166 164 165
f 167 168 162
f 163 167 162
f 163 164 167
f 169 167 164
f 169 164 166
f 170 169 166
f 171 172 170
f 173 174 175
f 176 174 173
f 176 177 178
f 179 146 180
f 181 179 180
f 180 182 181
f 183 184 185
f 186 185 187
f 185 184 187
f 181 182 183
f 188 174 182
f 182 174 176
f 184 178 189
f 182 176 178
f 189 178 177
f 182 178 183
f 178 184 183
f 190 191 192
f 190 192 193
f 193 194 190
f 195 194 196
f 195 190 194
f 194 197 41
f 197 194 193
f 38 197 39
f 41 197 38
f 196 194 41
f 190 198 199
f 179 200 149
f 200 147 149
f 152 201 202
f 179 181 200
f 200 181 201
f 202 201 185
f 201 183 185
f 181 183 201
f 152 147 200
f 152 200 201
f 202 157 152
f 157 185 203
f 185 186 203
f 186 204 203
f 157 202 185
f 203 158 157
f 158 203 204
f 204 161 158
f 205 161 204
f 205 165 161
f 206 176 173
f 176 206 177
f 207 208 209
f 186 187 210
f 211 184 209
f 209 208 211
f 212 211 208
f 212 187 211
f 184 189 209
f 211 187 184
f 187 212 213
f 187 213 210
f 210 213 214
f 213 212 215
f 208 216 212
f 215 212 216
f 217 213 215
f 218 214 213
f 218 213 217
f 219 218 220
f 216 208 221
f 222 223 220
f 206 173 224
f 173 7 224
f 177 206 225
f 209 177 225
f 177 209 189
f 9 224 7
f 9 206 224
f 9 225 206
f 226 225 9
f 13 9 6
f 13 226 9
f 225 226 207
f 209 225 207
f 218 217 220
f 221 227 228
f 14 227 226
f 226 13 14
f 207 226 227
f 19 228 227
f 227 14 19
f 227 208 207
f 208 227 221
f 229 230 221
f 230 216 221
f 231 216 230
f 232 230 229
f 221 228 229
f 229 228 233
f 229 233 232
f 233 234 232
f 235 236 232
f 235 232 234
f 231 217 216
f 217 231 237
f 238 237 239
f 230 232 231
f 239 237 231
f 231 232 239
f 237 220 217
f 238 220 237
f 222 220 238
f 240 238 239
f 232 236 239
f 240 239 236
f 236 241 240
f 240 222 238
f 222 242 243
f 222 240 242
f 244 243 242
f 242 245 244
f 235 246 236
f 210 204 186
f 204 210 205
f 205 210 247
f 205 247 165
f 248 165 247
f 249 250 251
f 247 210 214
f 247 214 252
f 247 252 248
f 252 253 248
f 253 252 254
f 214 219 252
f 254 252 219
f 219 223 254
f 214 218 219
f 220 223 219
f 223 249 254
f 223 250 249
f 248 255 165
f 248 253 255
f 165 255 256
f 257 255 258
f 253 254 258
f 255 253 258
f 256 166 165
f 170 166 256
f 257 256 255
f 257 170 256
f 171 170 257
f 171 259 172
f 258 260 261
f 249 260 258
f 258 254 249
f 251 260 249
f 262 260 251
f 260 263 261
f 260 262 263
f 258 171 257
f 171 258 261
f 259 171 261
f 264 259 261
f 264 261 263
f 265 250 223
f 223 266 265
f 222 266 223
f 266 222 243
f 266 267 265
f 265 251 250
f 251 265 262
f 262 265 267
f 268 262 267
f 267 266 243
f 267 243 244
f 267 244 269
f 269 268 267
f 263 270 264
f 270 263 271
f 268 263 262
f 269 272 268
f 272 273 268
f 268 271 263
f 271 268 273
f 274 275 276
f 274 277 275
f 134 278 133
f 278 134 274
f 135 274 134
f 276 278 274
f 135 277 274
f 275 279 276
f 280 279 281
f 282 281 283
f 284 285 286
f 283 287 286
f 286 285 283
f 284 288 285
f 288 289 285
f 290 289 288
f 291 292 290
f 293 292 291
f 294 136 154
f 295 296 294
f 136 296 297
f 296 136 294
f 298 294 155
f 298 295 294
f 155 294 154
f 284 286 296
f 299 295 298
f 295 284 296
f 295 300 284
f 300 288 284
f 162 301 155
f 301 298 155
f 168 301 162
f 302 301 168
f 301 303 298
f 303 301 302
f 168 304 302
f 305 302 304
f 168 167 304
f 169 304 167
f 169 306 304
f 307 169 170
f 169 307 306
f 306 307 308
f 303 299 298
f 300 295 299
f 291 299 303
f 299 290 300
f 290 288 300
f 299 291 290
f 303 309 291
f 309 303 302
f 305 309 302
f 310 309 305
f 293 291 309
f 310 293 309
f 306 310 305
f 306 311 310
f 293 310 312
f 311 312 310
f 313 280 282
f 282 280 281
f 314 282 283
f 313 282 315
f 315 282 26
f 282 314 26
f 316 314 283
f 285 316 283
f 289 316 285
f 317 318 319
f 320 321 318
f 322 314 316
f 289 290 323
f 316 289 324
f 292 323 290
f 289 323 324
f 325 324 323
f 326 327 322
f 324 322 316
f 324 326 322
f 325 326 324
f 312 328 329
f 329 292 293
f 312 329 293
f 329 330 292
f 329 328 330
f 325 330 331
f 325 323 292
f 330 325 292
f 326 332 327
f 331 332 325
f 332 326 325
f 332 333 327
f 334 333 332
f 68 335 70
f 317 70 335
f 70 317 319
f 336 69 70
f 69 336 109
f 337 319 318
f 336 70 319
f 321 337 318
f 321 338 337
f 336 319 339
f 110 109 336
f 337 339 319
f 340 337 338
f 340 339 337
f 307 170 172
f 172 341 307
f 341 172 342
f 343 344 341
f 308 307 344
f 341 344 307
f 172 259 342
f 345 341 342
f 345 342 346
f 264 346 342
f 347 345 346
f 347 346 348
f 311 349 312
f 350 351 352
f 353 352 351
f 351 354 353
f 355 353 354
f 356 306 308
f 308 344 356
f 306 356 311
f 343 356 344
f 311 356 350
f 343 350 356
f 351 350 343
f 343 341 345
f 354 343 345
f 354 345 347
f 354 351 343
f 357 354 347
f 348 357 347
f 358 357 348
f 354 357 355
f 359 355 357
f 359 357 360
f 357 358 360
f 360 358 361
f 358 362 361
f 363 328 312
f 330 364 365
f 366 364 367
f 328 364 330
f 367 328 363
f 367 364 328
f 365 331 330
f 331 365 334
f 366 365 364
f 368 334 365
f 365 366 368
f 334 332 331
f 333 334 369
f 370 368 366
f 370 366 367
f 371 370 367
f 371 372 370
f 373 334 368
f 374 368 370
f 374 370 375
f 376 375 370
f 372 376 370
f 372 377 376
f 349 363 312
f 349 378 363
f 311 350 349
f 349 350 379
f 352 379 350
f 379 378 349
f 379 380 378
f 352 353 381
f 380 379 352
f 381 380 352
f 380 382 378
f 378 382 371
f 381 382 380
f 383 382 381
f 371 367 378
f 384 371 382
f 384 372 371
f 355 381 353
f 355 385 381
f 359 385 355
f 384 382 383
f 385 383 381
f 385 386 383
f 386 387 383
f 359 388 385
f 385 388 386
f 360 388 359
f 388 360 389
f 387 384 383
f 390 372 384
f 387 390 384
f 390 377 372
f 387 386 391
f 387 392 390
f 392 377 390
f 391 392 387
f 393 392 391
f 392 393 394
f 395 339 340
f 114 110 339
f 395 114 339
f 111 110 114
f 122 114 396
f 342 259 264
f 346 264 270
f 348 346 270
f 270 362 348
f 362 271 397
f 270 271 362
f 348 362 358
f 398 399 198
f 399 398 400
f 401 399 400
f 402 400 403
f 404 402 403
f 403 405 404
f 406 407 401
f 402 401 400
f 402 406 401
f 406 402 408
f 406 409 407
f 406 410 409
f 411 412 413
f 410 414 415
f 416 415 414
f 408 402 404
f 417 404 405
f 404 418 419
f 420 414 410
f 421 417 405
f 422 417 421
f 423 422 421
f 417 418 404
f 422 418 417
f 424 419 418
f 425 424 418
f 426 418 422
f 426 425 418
f 425 427 424
f 425 428 427
f 429 428 425
f 430 428 429
f 431 430 429
f 432 426 422
f 433 426 432
f 426 434 425
f 434 429 425
f 433 434 426
f 434 431 429
f 431 434 435
f 436 435 434
f 437 433 432
f 438 433 437
f 439 440 438
f 433 436 434
f 433 441 436
f 438 441 433
f 442 436 441
f 442 443 436
f 441 438 440
f 442 441 440
f 444 440 439
f 445 442 440
f 445 440 444
f 445 446 442
f 447 41 43
f 448 447 43
f 448 43 449
f 450 448 449
f 450 451 448
f 450 452 451
f 453 454 455
f 456 454 453
f 457 458 55
f 459 457 55
f 458 43 42
f 458 42 55
f 457 43 458
f 457 449 43
f 55 460 459
f 89 461 58
f 89 453 461
f 460 455 459
f 455 462 459
f 461 453 455
f 463 455 454
f 463 454 464
f 462 457 459
f 462 449 457
f 462 465 449
f 466 449 465
f 450 449 466
f 463 462 455
f 462 463 467
f 451 452 468
f 468 452 469
f 469 470 468
f 471 470 469
f 472 471 469
f 473 471 472
f 467 474 465
f 463 464 467
f 475 467 464
f 467 475 474
f 465 474 476
f 475 477 474
f 478 475 464
f 477 475 478
f 479 466 465
f 452 450 466
f 466 479 452
f 476 480 465
f 452 479 469
f 465 462 467
f 481 480 476
f 481 482 483
f 476 474 477
f 482 476 477
f 484 477 485
f 486 477 484
f 487 486 484
f 487 488 486
f 477 486 482
f 483 482 486
f 488 483 486
f 489 479 480
f 489 480 481
f 469 479 489
f 472 469 489
f 490 472 489
f 490 489 481
f 472 490 473
f 491 492 93
f 492 491 493
f 456 453 492
f 493 494 492
f 495 493 491
f 496 493 495
f 494 493 496
f 496 495 497
f 497 495 498
f 496 497 499
f 492 89 90
f 492 90 93
f 453 89 492
f 98 491 91
f 491 98 99
f 491 99 495
f 498 99 120
f 495 99 498
f 500 454 456
f 494 496 501
f 501 496 499
f 502 501 499
f 503 499 504
f 505 494 502
f 501 502 494
f 499 503 502
f 506 502 503
f 498 507 497
f 120 99 100
f 498 120 507
f 120 119 121
f 507 120 508
f 121 508 120
f 504 507 508
f 504 508 509
f 121 117 125
f 508 121 125
f 125 124 127
f 127 510 125
f 511 508 125
f 509 508 511
f 504 497 507
f 504 499 497
f 512 503 504
f 513 503 512
f 506 503 513
f 504 509 512
f 514 512 509
f 515 514 509
f 509 511 515
f 516 515 511
f 516 517 515
f 518 515 517
f 518 517 519
f 478 464 500
f 478 485 477
f 520 505 502
f 521 520 502
f 502 506 521
f 522 521 506
f 521 523 520
f 520 523 524
f 523 521 525
f 522 525 521
f 526 523 525
f 526 525 527
f 485 528 484
f 523 529 524
f 530 531 529
f 530 529 523
f 530 523 526
f 530 526 527
f 529 531 532
f 532 531 533
f 531 530 534
f 533 531 534
f 534 535 533
f 522 506 513
f 536 522 513
f 513 512 514
f 513 514 536
f 537 536 514
f 537 514 538
f 525 522 536
f 525 536 527
f 539 527 536
f 537 540 536
f 539 536 540
f 518 514 515
f 538 514 518
f 537 538 541
f 541 540 537
f 542 540 541
f 543 540 542
f 538 518 519
f 519 541 538
f 541 519 544
f 542 541 544
f 530 527 534
f 534 527 539
f 539 540 545
f 545 546 539
f 534 539 547
f 535 534 548
f 547 548 534
f 547 539 546
f 546 549 547
f 550 548 547
f 550 547 549
f 545 540 543
f 546 545 551
f 543 551 545
f 552 543 542
f 551 543 552
f 553 550 549
f 549 546 551
f 551 554 549
f 551 552 554
f 555 549 554
f 555 554 556
f 557 198 190
f 557 190 195
f 558 398 557
f 557 195 559
f 41 447 196
f 447 195 196
f 559 195 447
f 447 448 559
f 398 198 557
f 403 400 398
f 560 557 559
f 558 557 560
f 560 561 558
f 561 562 558
f 451 559 448
f 560 559 451
f 563 560 451
f 561 560 563
f 398 558 562
f 562 403 398
f 405 403 562
f 564 405 562
f 563 565 561
f 566 565 563
f 565 562 561
f 468 563 451
f 468 470 563
f 566 563 470
f 565 564 562
f 421 405 564
f 567 421 564
f 566 564 565
f 567 564 566
f 423 421 567
f 568 566 569
f 567 566 568
f 470 569 566
f 569 470 471
f 570 569 471
f 571 423 567
f 572 567 568
f 572 571 567
f 571 573 423
f 422 423 573
f 432 422 573
f 473 570 471
f 574 575 576
f 481 483 577
f 578 579 577
f 488 487 580
f 581 488 580
f 581 483 488
f 577 582 578
f 579 583 490
f 579 490 481
f 583 473 490
f 584 583 579
f 585 583 584
f 579 578 584
f 583 585 473
f 585 570 473
f 578 586 587
f 588 581 580
f 588 589 581
f 589 582 581
f 582 586 578
f 582 590 586
f 590 582 589
f 591 589 588
f 592 591 588
f 591 590 589
f 587 585 584
f 576 585 587
f 584 578 587
f 593 576 587
f 594 574 595
f 593 586 596
f 593 587 586
f 597 593 596
f 598 591 592
f 590 591 598
f 599 598 592
f 600 590 598
f 596 586 590
f 600 596 590
f 598 601 600
f 598 599 601
f 602 596 600
f 593 603 576
f 593 597 603
f 603 574 576
f 574 603 595
f 604 597 602
f 600 605 602
f 606 602 605
f 605 601 607
f 601 605 600
f 608 605 607
f 602 597 596
f 609 604 602
f 610 606 605
f 610 605 608
f 609 602 606
f 604 603 597
f 611 603 604
f 612 594 595
f 612 595 611
f 611 613 612
f 613 604 609
f 611 604 613
f 614 612 613
f 614 615 612
f 616 612 615
f 617 618 619
f 620 533 535
f 533 620 618
f 621 622 588
f 621 623 617
f 617 622 621
f 622 617 619
f 618 624 619
f 619 625 626
f 625 619 624
f 624 618 620
f 620 627 624
f 628 624 627
f 628 625 624
f 629 625 628
f 630 535 631
f 620 535 630
f 630 631 632
f 633 630 632
f 630 633 620
f 633 627 620
f 633 632 634
f 635 633 634
f 635 634 636
f 628 627 637
f 637 627 633
f 637 633 635
f 628 637 638
f 637 639 638
f 635 639 637
f 635 636 640
f 635 641 639
f 641 635 640
f 642 643 640
f 643 642 644
f 641 640 643
f 641 643 645
f 623 487 528
f 528 532 623
f 532 617 623
f 623 580 487
f 621 580 623
f 618 532 533
f 618 617 532
f 621 588 580
f 592 588 622
f 631 535 548
f 631 548 550
f 631 550 646
f 646 550 553
f 632 631 646
f 553 549 555
f 553 647 648
f 648 646 553
f 632 646 648
f 553 555 647
f 647 555 556
f 648 647 649
f 649 647 650
f 632 648 651
f 651 634 632
f 651 648 649
f 651 649 652
f 636 634 651
f 636 651 642
f 642 651 652
f 640 636 642
f 599 592 653
f 654 626 655
f 622 654 592
f 653 592 654
f 654 622 626
f 653 607 599
f 601 599 607
f 607 653 656
f 654 656 653
f 625 655 626
f 629 655 625
f 629 657 655
f 657 658 659
f 654 655 656
f 655 660 656
f 660 655 657
f 656 660 661
f 662 660 657
f 663 607 656
f 608 607 663
f 608 663 664
f 663 656 661
f 664 663 661
f 664 661 665
f 666 610 608
f 666 608 667
f 664 665 667
f 608 664 667
f 668 662 659
f 660 662 661
f 661 662 668
f 662 657 659
f 669 665 668
f 668 659 670
f 669 668 670
f 670 659 671
f 665 661 668
f 672 628 638
f 629 628 672
f 672 657 629
f 639 673 638
f 638 673 672
f 658 657 672
f 674 671 658
f 673 675 674
f 673 639 641
f 676 641 645
f 676 677 678
f 675 673 678
f 678 677 675
f 678 673 641
f 678 641 676
f 677 676 679
f 658 671 659
f 674 675 671
f 671 680 670
f 681 671 675
f 680 671 681
f 682 677 679
f 675 677 682
f 675 683 681
f 683 675 682
f 572 568 684
f 570 685 569
f 685 568 569
f 685 684 568
f 686 684 685
f 570 686 685
f 687 573 571
f 572 688 571
f 688 572 689
f 688 687 571
f 688 690 687
f 690 688 691
f 692 688 689
f 693 694 691
f 687 437 573
f 437 432 573
f 437 687 690
f 437 690 438
f 439 438 690
f 695 439 696
f 444 439 695
f 444 695 445
f 575 574 697
f 697 698 575
f 699 700 698
f 701 699 698
f 701 698 697
f 594 697 574
f 594 701 697
f 702 699 701
f 703 701 704
f 703 702 701
f 594 704 701
f 705 693 700
f 706 693 705
f 694 693 707
f 706 707 693
f 707 706 708
f 709 707 708
f 705 700 699
f 702 705 699
f 702 706 705
f 708 706 702
f 710 704 594
f 612 710 594
f 703 704 710
f 616 710 612
f 711 703 710
f 711 710 616
f 712 711 616
f 713 711 712
f 714 709 708
f 715 709 714
f 716 702 703
f 708 702 716
f 716 714 708
f 703 711 716
f 717 716 711
f 717 714 716
f 713 717 711
f 714 718 715
f 718 714 717
f 707 719 694
f 720 721 707
f 722 720 707
f 722 723 720
f 720 724 695
f 695 724 445
f 725 724 720
f 726 727 445
f 445 724 726
f 726 728 727
f 723 725 720
f 729 725 723
f 725 729 728
f 725 728 724
f 728 726 724
f 709 730 722
f 709 715 730
f 722 730 723
f 731 723 730
f 715 718 732
f 715 731 730
f 723 731 729
f 728 729 733
f 729 731 734
f 729 734 733
f 1 4 735
f 736 735 4
f 735 5 1
f 737 5 735
f 738 737 736
f 736 737 735
f 739 740 741
f 742 738 736
f 739 741 736
f 742 736 741
f 741 740 742
f 199 198 399
f 743 740 399
f 399 740 199
f 743 742 740
f 399 401 743
f 401 744 743
f 745 5 737
f 746 747 5
f 745 746 5
f 2 748 749
f 748 750 749
f 747 2 5
f 2 747 748
f 747 751 748
f 8 750 748
f 7 750 8
f 746 752 751
f 747 746 751
f 753 751 752
f 751 753 754
f 754 748 751
f 748 754 8
f 752 755 753
f 756 755 757
f 757 758 756
f 759 758 760
f 761 756 758
f 758 759 761
f 762 759 760
f 761 759 763
f 738 745 737
f 738 742 764
f 738 764 758
f 757 746 745
f 752 746 757
f 752 757 755
f 758 745 738
f 758 757 745
f 11 8 754
f 8 11 6
f 744 742 743
f 744 764 742
f 760 758 764
f 744 760 764
f 762 760 744
f 755 765 753
f 766 755 756
f 767 768 755
f 767 755 766
f 765 755 768
f 769 765 768
f 765 769 18
f 770 18 769
f 761 766 756
f 771 766 761
f 766 771 767
f 763 771 761
f 772 771 763
f 773 774 767
f 775 774 773
f 771 776 773
f 776 775 773
f 777 776 771
f 774 768 767
f 771 773 767
f 753 18 11
f 11 754 753
f 18 753 765
f 10 11 18
f 18 770 778
f 778 17 18
f 315 779 313
f 23 315 26
f 315 780 779
f 780 315 781
f 781 315 23
f 782 780 781
f 783 782 781
f 781 23 25
f 781 25 28
f 781 28 784
f 783 781 784
f 785 29 24
f 30 28 27
f 786 28 30
f 786 784 28
f 783 784 787
f 787 784 788
f 788 784 786
f 789 31 29
f 790 37 791
f 792 34 33
f 793 34 792
f 794 34 793
f 792 795 36
f 792 36 796
f 37 36 795
f 796 36 35
f 796 797 792
f 793 792 797
f 798 35 799
f 35 798 796
f 798 797 796
f 798 793 797
f 49 793 798
f 798 59 49
f 59 798 799
f 800 34 794
f 44 801 800
f 46 800 794
f 46 44 800
f 44 39 801
f 46 793 49
f 794 793 46
f 51 49 59
f 47 57 48
f 57 47 50
f 85 50 52
f 48 802 54
f 460 55 803
f 54 803 55
f 803 54 802
f 56 48 57
f 57 50 85
f 58 57 85
f 56 802 48
f 803 802 56
f 460 803 56
f 58 461 56
f 56 461 460
f 804 790 805
f 806 805 790
f 805 806 807
f 807 808 805
f 808 807 809
f 810 805 808
f 808 809 811
f 37 790 804
f 812 37 804
f 35 37 812
f 799 35 812
f 812 804 813
f 805 814 804
f 814 805 810
f 815 814 816
f 59 799 813
f 815 61 813
f 59 813 61
f 61 815 816
f 816 814 810
f 816 810 817
f 817 810 808
f 816 817 64
f 808 811 817
f 811 65 817
f 64 817 65
f 816 64 61
f 65 811 818
f 818 68 65
f 71 68 69
f 109 73 69
f 86 52 53
f 86 53 75
f 75 74 819
f 819 82 75
f 819 74 76
f 82 819 76
f 86 87 85
f 90 85 87
f 88 75 92
f 92 75 82
f 86 75 87
f 90 58 85
f 91 87 88
f 95 82 81
f 67 63 72
f 820 72 71
f 821 72 820
f 821 67 72
f 67 821 80
f 104 821 820
f 106 71 73
f 820 71 106
f 822 820 106
f 106 73 109
f 83 80 821
f 821 104 83
f 103 83 104
f 820 822 104
f 103 102 83
f 105 104 822
f 105 822 106
f 107 106 108
f 109 108 106
f 111 107 108
f 138 823 142
f 824 138 144
f 825 824 144
f 138 824 823
f 826 827 828
f 829 823 824
f 830 824 825
f 824 831 829
f 824 830 831
f 829 142 823
f 145 142 829
f 832 145 829
f 145 832 146
f 833 829 831
f 834 829 833
f 834 832 829
f 835 832 834
f 146 832 835
f 835 180 146
f 836 128 795
f 130 134 133
f 791 128 133
f 795 128 791
f 795 791 37
f 144 138 33
f 138 142 139
f 836 795 33
f 137 836 138
f 137 129 836
f 129 128 836
f 33 138 836
f 792 33 795
f 825 144 827
f 827 144 32
f 32 828 827
f 32 34 828
f 149 143 146
f 146 179 149
f 149 148 143
f 131 148 132
f 837 831 830
f 838 830 839
f 838 837 830
f 840 837 838
f 838 841 840
f 842 840 841
f 826 825 827
f 826 843 825
f 844 843 826
f 845 826 801
f 844 826 845
f 825 843 830
f 839 830 843
f 844 839 843
f 838 839 844
f 193 846 197
f 197 846 845
f 39 845 801
f 846 844 845
f 197 845 39
f 846 193 841
f 837 847 833
f 848 849 847
f 3 847 4
f 837 4 847
f 837 833 831
f 847 849 833
f 834 833 849
f 849 848 850
f 850 834 849
f 3 848 847
f 2 848 3
f 848 175 850
f 2 749 848
f 848 749 175
f 175 188 850
f 739 837 840
f 739 4 837
f 736 4 739
f 750 175 749
f 174 188 175
f 835 834 850
f 180 835 850
f 188 180 850
f 180 188 182
f 841 193 192
f 192 842 841
f 191 842 192
f 851 840 842
f 840 851 739
f 851 842 191
f 740 739 851
f 191 190 199
f 199 851 191
f 851 199 740
f 826 828 800
f 800 828 34
f 801 826 800
f 173 175 750
f 7 173 750
f 215 216 217
f 276 806 278
f 852 806 276
f 853 133 278
f 133 853 791
f 790 791 853
f 790 853 806
f 806 853 278
f 854 807 806
f 275 277 287
f 297 277 135
f 297 286 277
f 286 287 277
f 852 276 279
f 852 854 806
f 855 854 852
f 855 807 854
f 856 855 852
f 856 857 855
f 852 279 280
f 852 280 856
f 313 856 280
f 807 855 857
f 807 857 858
f 275 287 279
f 281 279 287
f 283 281 287
f 809 807 858
f 809 858 811
f 811 858 859
f 135 136 297
f 297 296 286
f 304 306 305
f 857 856 860
f 860 858 857
f 858 860 861
f 861 860 780
f 862 861 780
f 313 860 856
f 779 860 313
f 779 780 860
f 859 858 861
f 859 861 335
f 811 859 818
f 818 859 335
f 863 861 862
f 863 335 861
f 863 317 335
f 780 782 864
f 862 780 865
f 865 780 864
f 866 782 783
f 864 782 866
f 867 864 866
f 867 866 868
f 863 862 865
f 869 863 865
f 863 869 317
f 317 869 318
f 865 864 867
f 867 869 865
f 869 867 320
f 318 869 320
f 320 867 868
f 868 870 320
f 320 870 321
f 871 26 314
f 871 24 26
f 322 871 314
f 871 322 327
f 24 871 785
f 866 783 787
f 868 866 787
f 868 787 872
f 327 785 871
f 785 327 333
f 333 29 785
f 333 789 29
f 873 789 333
f 873 333 369
f 818 335 68
f 110 336 339
f 378 367 363
f 762 874 759
f 874 763 759
f 407 762 744
f 407 744 401
f 407 874 762
f 409 874 407
f 410 406 408
f 772 763 874
f 409 772 874
f 772 409 875
f 416 413 412
f 772 412 771
f 412 777 771
f 416 412 875
f 875 412 772
f 415 875 409
f 409 410 415
f 875 415 416
f 876 877 416
f 416 414 876
f 877 413 416
f 878 410 408
f 879 410 878
f 878 408 404
f 419 878 404
f 424 878 419
f 424 879 878
f 414 420 876
f 876 420 879
f 880 877 876
f 876 881 882
f 881 876 879
f 428 881 879
f 881 428 883
f 410 879 420
f 427 879 424
f 427 428 879
f 430 883 428
f 461 455 460
f 480 479 465
f 476 482 481
f 91 491 93
f 494 456 492
f 494 500 456
f 454 500 464
f 500 494 505
f 884 500 505
f 500 884 478
f 884 485 478
f 505 520 884
f 884 520 524
f 884 885 485
f 528 485 885
f 884 524 885
f 524 529 885
f 528 487 484
f 885 532 528
f 532 885 529
f 576 570 585
f 576 686 570
f 579 481 577
f 577 483 581
f 577 581 582
f 611 595 603
f 619 626 622
f 673 674 672
f 672 674 658
f 686 689 684
f 689 572 684
f 575 686 576
f 686 575 698
f 689 686 698
f 689 698 700
f 692 689 700
f 688 692 691
f 700 693 692
f 692 693 691
f 691 696 690
f 696 439 690
f 691 694 719
f 719 696 691
f 695 696 719
f 721 695 719
f 720 695 721
f 721 719 707
f 709 722 707
f 813 799 812
f 814 813 804
f 813 814 815
f 838 846 841
f 844 846 838
f 31 886 30
f 30 886 887
f 887 886 888
f 889 888 886
f 886 789 889
f 889 789 890
f 873 890 789
f 887 888 891
f 888 889 892
f 891 888 892
f 889 893 892
f 893 889 890
f 894 895 893
f 896 894 893
f 896 897 894
f 898 899 896
f 899 897 896
f 127 126 900
f 321 870 901
f 902 321 901
f 901 870 903
f 901 903 904
f 904 903 905
f 904 905 906
f 338 321 902
f 338 902 907
f 908 338 907
f 907 909 908
f 902 901 910
f 907 902 910
f 901 904 910
f 910 904 909
f 909 904 911
f 909 911 912
f 906 911 904
f 907 910 909
f 906 912 911
f 906 913 912
f 913 906 914
f 914 915 913
f 916 369 917
f 918 916 917
f 898 916 918
f 369 334 917
f 373 917 334
f 919 917 373
f 373 368 374
f 374 919 373
f 918 917 919
f 919 920 918
f 921 922 923
f 906 905 922
f 924 898 918
f 925 919 374
f 374 375 926
f 926 925 374
f 925 920 919
f 918 920 924
f 927 920 925
f 920 927 924
f 928 926 375
f 376 928 375
f 926 928 929
f 928 930 929
f 377 928 376
f 931 930 928
f 377 931 928
f 929 925 926
f 927 925 932
f 925 929 932
f 933 934 898
f 934 935 898
f 933 898 924
f 933 924 927
f 936 927 932
f 927 936 933
f 937 934 933
f 392 931 377
f 392 394 931
f 938 922 921
f 938 939 922
f 938 921 940
f 938 940 941
f 942 943 944
f 941 940 943
f 941 943 942
f 942 944 945
f 939 906 922
f 939 914 906
f 939 938 941
f 946 939 941
f 914 939 947
f 939 946 947
f 948 946 949
f 949 941 942
f 941 949 946
f 950 942 945
f 950 949 942
f 950 951 949
f 952 950 953
f 395 340 954
f 954 340 338
f 338 908 954
f 954 908 955
f 114 395 396
f 395 954 396
f 956 954 955
f 908 957 955
f 958 955 957
f 959 956 955
f 959 955 958
f 960 961 958
f 957 908 909
f 957 909 912
f 912 913 962
f 912 962 957
f 958 957 960
f 126 122 396
f 396 954 956
f 396 956 963
f 963 956 964
f 126 396 963
f 900 126 963
f 900 963 965
f 964 956 959
f 961 959 958
f 964 959 961
f 965 963 964
f 964 961 966
f 966 961 967
f 968 966 967
f 962 913 915
f 915 914 947
f 969 915 947
f 960 957 962
f 970 960 962
f 970 962 971
f 962 915 972
f 915 969 972
f 973 969 947
f 971 962 972
f 967 961 960
f 967 960 970
f 970 971 972
f 974 970 972
f 972 969 974
f 975 967 970
f 970 976 975
f 974 976 970
f 976 974 977
f 978 969 973
f 973 979 978
f 973 947 980
f 947 946 980
f 980 946 948
f 981 948 951
f 948 973 980
f 982 983 973
f 948 982 973
f 948 984 982
f 981 984 948
f 981 985 984
f 951 948 949
f 951 950 986
f 986 950 952
f 987 981 951
f 988 987 951
f 988 951 986
f 989 988 986
f 952 990 986
f 986 990 989
f 979 973 983
f 979 983 991
f 983 982 991
f 982 984 991
f 987 985 981
f 987 992 985
f 993 979 991
f 994 993 991
f 995 994 991
f 992 987 988
f 996 992 997
f 992 988 997
f 988 989 997
f 998 990 999
f 990 998 989
f 1000 989 998
f 989 1000 1001
f 997 989 1001
f 1000 998 1002
f 1002 1003 1000
f 127 900 510
f 511 125 510
f 1004 511 510
f 511 1004 516
f 1004 510 1005
f 517 516 1004
f 1006 517 1004
f 1006 1004 1007
f 1007 1004 1008
f 1009 1007 1008
f 519 517 544
f 1006 544 517
f 1006 1007 1010
f 1011 544 1012
f 1012 544 1006
f 542 544 1011
f 1011 1012 1013
f 1013 1006 1010
f 1012 1006 1013
f 1013 1010 1014
f 1007 1009 1010
f 1010 1009 1015
f 1009 1016 1015
f 1015 1014 1010
f 1017 1014 1015
f 552 542 1011
f 1018 552 1011
f 1018 1019 552
f 554 552 1019
f 554 1019 556
f 1019 1020 556
f 1021 556 1020
f 1022 1020 1023
f 1023 1020 1024
f 1013 1018 1011
f 1018 1013 1014
f 1014 1019 1018
f 1019 1014 1025
f 1025 1014 1017
f 1026 1025 1017
f 1027 1025 1026
f 1025 1020 1019
f 1020 1025 1024
f 1027 1024 1025
f 1015 1016 1028
f 1029 1015 1028
f 1015 1029 1017
f 1030 1029 1031
f 1030 1031 1032
f 1026 1017 1030
f 1030 1017 1029
f 1026 1030 1033
f 1034 1027 1026
f 1034 1026 1035
f 1032 1033 1030
f 1033 1032 1036
f 1033 1036 1037
f 1035 1033 1037
f 1038 1037 1036
f 1038 1036 1039
f 510 900 965
f 510 965 1040
f 964 966 965
f 1041 965 966
f 1041 966 1042
f 966 968 1042
f 1043 1041 1042
f 968 1043 1042
f 965 1041 1040
f 1044 1040 1041
f 1044 1041 1045
f 1041 1043 1045
f 510 1040 1005
f 1008 1005 1040
f 1008 1004 1005
f 1040 1044 1008
f 1008 1044 1046
f 1047 1044 1045
f 1047 1046 1044
f 1009 1008 1046
f 1046 1047 1048
f 1046 1016 1009
f 1046 1048 1016
f 968 967 975
f 1043 968 1049
f 1049 968 1050
f 968 975 1050
f 1045 1043 1049
f 1049 1050 1051
f 1045 1051 1052
f 1045 1049 1051
f 1051 1050 1053
f 1051 1053 1054
f 1052 1051 1054
f 976 1050 975
f 1053 1050 976
f 1053 976 977
f 1054 1053 977
f 1055 1056 977
f 1057 977 1056
f 1054 1057 1058
f 1058 1057 1059
f 1057 1056 1059
f 1060 1059 1061
f 1045 1052 1047
f 1047 1052 1062
f 1052 1054 1058
f 1058 1063 1052
f 1064 1062 1063
f 1062 1052 1063
f 1048 1047 1064
f 1028 1048 1064
f 1064 1047 1062
f 1063 1065 1064
f 1066 1064 1065
f 1063 1058 1067
f 1067 1065 1063
f 1065 1067 1068
f 1065 1068 1069
f 1068 1067 1070
f 1069 1068 1070
f 1059 1071 1058
f 1071 1059 1060
f 1058 1071 1067
f 1067 1071 1070
f 1070 1071 1060
f 1016 1048 1028
f 1028 1064 1066
f 1031 1028 1066
f 1031 1066 1072
f 1031 1029 1028
f 1072 1032 1031
f 1066 1065 1072
f 1072 1065 1069
f 1069 1070 1073
f 1072 1069 1074
f 1075 1072 1074
f 1075 1032 1072
f 1036 1032 1075
f 1076 1075 1074
f 1039 1036 1075
f 1039 1075 1076
f 1061 993 1077
f 1078 1061 1077
f 1060 1061 1078
f 1078 1077 1079
f 1078 1079 1080
f 1080 1081 1078
f 1073 1070 1060
f 1073 1060 1081
f 1081 1060 1078
f 1081 1080 1082
f 1082 1080 1083
f 993 994 1077
f 995 1084 1085
f 1086 996 997
f 1086 997 1087
f 1085 1084 1086
f 1001 1087 997
f 1079 995 1085
f 1079 1085 1088
f 1088 1085 1086
f 1088 1086 1087
f 1089 1087 1001
f 1088 1087 1089
f 1001 1090 1089
f 1001 1000 1090
f 1000 1003 1090
f 1091 1090 1003
f 1003 1092 1091
f 1089 1090 1093
f 1093 1090 1094
f 1094 1091 1092
f 1091 1094 1090
f 1080 1079 1088
f 1095 1080 1088
f 1089 1095 1088
f 1096 1095 1089
f 1095 1083 1080
f 1083 1095 1097
f 1097 1095 1096
f 1096 1089 1093
f 1098 1093 1094
f 1099 1096 1093
f 1100 1097 1096
f 1098 1099 1093
f 1099 1098 1101
f 1074 1069 1102
f 1103 1074 1102
f 1082 1073 1081
f 1104 1073 1082
f 1069 1073 1102
f 1102 1073 1104
f 1105 1104 1082
f 1104 1106 1102
f 1106 1104 1105
f 1107 1106 1105
f 1108 1107 1105
f 1108 1105 1109
f 1110 1107 1108
f 1076 1074 1103
f 1102 1106 1103
f 1039 1076 1111
f 1112 1039 1111
f 1111 1076 1103
f 1103 1106 1113
f 1113 1111 1103
f 1112 1111 1113
f 1106 1107 1114
f 1114 1113 1106
f 1107 1110 1114
f 1115 1114 1110
f 1116 1110 1117
f 1118 1113 1114
f 1118 1114 1115
f 1116 1115 1110
f 1116 1117 1119
f 1115 1116 1120
f 1120 1116 1119
f 1121 1119 1117
f 1108 1109 1122
f 1123 1122 1109
f 1124 1122 1123
f 1099 1101 1125
f 1124 1123 1126
f 1126 1127 1124
f 1108 1122 1110
f 1117 1110 1122
f 1122 1124 1117
f 1128 1117 1124
f 1124 1127 1128
f 1121 1117 1128
f 1129 1127 1130
f 1127 1129 1128
f 1131 1129 1130
f 1131 1130 1132
f 1133 643 644
f 1133 644 1134
f 647 556 650
f 650 556 1021
f 1135 650 1021
f 1021 1020 1022
f 1136 1021 1022
f 652 649 1135
f 649 650 1135
f 652 1135 1137
f 1135 1138 1139
f 1139 1137 1135
f 1021 1138 1135
f 1138 1021 1136
f 1140 1022 1023
f 1140 1136 1022
f 1023 1024 1027
f 1023 1027 1141
f 1140 1023 1142
f 1141 1142 1023
f 1139 1136 1143
f 1143 1136 1140
f 1138 1136 1139
f 1142 1144 1140
f 1143 1140 1144
f 642 652 1137
f 1137 644 642
f 1145 644 1137
f 1145 1137 1139
f 1145 1134 644
f 1145 1146 1134
f 1147 1134 1146
f 1133 1134 1147
f 1148 1145 1139
f 1144 1149 1148
f 1143 1148 1139
f 1148 1143 1144
f 1144 1142 1150
f 1149 1144 1150
f 1148 1146 1145
f 1151 1146 1148
f 1151 1152 1146
f 1151 1148 1149
f 1149 1152 1151
f 1153 1142 1141
f 1027 1034 1141
f 1035 1153 1034
f 1034 1153 1141
f 1154 1153 1035
f 1155 1154 1035
f 1035 1037 1155
f 1038 1155 1037
f 1038 1039 1156
f 1154 1155 1157
f 1158 1157 1155
f 1155 1038 1158
f 1159 1158 1038
f 1150 1142 1160
f 1161 1154 1157
f 1157 1158 1162
f 1162 1158 1163
f 1164 1157 1162
f 1164 1162 1165
f 645 643 1133
f 1133 1166 645
f 1166 1133 1147
f 1166 1147 1167
f 676 645 1168
f 1168 645 1166
f 679 676 1168
f 1168 1166 1169
f 1169 1166 1167
f 1170 1167 1171
f 1172 1171 1173
f 1174 679 1168
f 1174 1168 1169
f 1174 1169 1175
f 682 679 1176
f 679 1174 1176
f 1176 1174 1175
f 1177 1176 1178
f 1176 1175 1178
f 1170 1169 1167
f 1169 1170 1175
f 1170 1179 1175
f 1170 1171 1172
f 1178 1175 1179
f 1180 1178 1179
f 1179 1170 1181
f 1181 1170 1172
f 1172 1173 1182
f 1182 1183 1172
f 1183 1184 1172
f 1184 1185 1172
f 1185 1181 1172
f 1185 1186 1181
f 1152 1147 1146
f 1147 1152 1167
f 1167 1152 1171
f 1152 1149 1173
f 1171 1152 1173
f 1187 1188 1189
f 1038 1156 1159
f 1159 1156 1190
f 1162 1163 1165
f 1163 1158 1159
f 1163 1159 1191
f 1191 1159 1190
f 1191 1190 1192
f 1193 1163 1191
f 1193 1165 1163
f 1189 1165 1193
f 1194 1189 1193
f 1193 1191 1195
f 1192 1196 1191
f 1197 1198 1196
f 1199 1200 1201
f 1202 1201 1203
f 1194 1201 1189
f 1194 1193 1195
f 1195 1198 1204
f 1203 1201 1194
f 1203 1194 1204
f 1198 1197 1205
f 1204 1206 1203
f 1207 1206 1208
f 1208 1204 1198
f 1208 1206 1204
f 1208 1198 1209
f 1208 1209 1210
f 1211 1208 1210
f 1207 1208 1211
f 1212 1202 1213
f 1212 1213 1214
f 1214 1215 1212
f 1216 1212 1215
f 1214 1217 1215
f 1217 1214 1218
f 1219 1218 1214
f 1202 1203 1206
f 1220 1202 1206
f 1221 1220 1206
f 1220 1213 1202
f 1222 1221 1211
f 1223 1221 1222
f 1224 1219 1221
f 1224 1218 1219
f 1225 1224 1226
f 1226 1221 1223
f 1226 1223 1227
f 1112 1156 1039
f 1228 1112 1113
f 1112 1190 1156
f 1190 1112 1228
f 1113 1118 1229
f 1229 1228 1113
f 1115 1120 1118
f 1230 1120 1119
f 1231 1229 1118
f 1231 1118 1120
f 1232 1233 1230
f 1120 1230 1233
f 1231 1120 1233
f 1192 1190 1228
f 1234 1192 1228
f 1234 1228 1235
f 1229 1235 1228
f 1236 1229 1231
f 1236 1235 1229
f 1197 1192 1234
f 1205 1197 1234
f 1235 1205 1234
f 1235 1236 1237
f 1238 1235 1237
f 1239 1237 1236
f 1236 1231 1240
f 1240 1231 1233
f 1239 1236 1240
f 1241 1240 1233
f 1241 1242 1240
f 1241 1233 1243
f 1244 1240 1242
f 1245 1242 1241
f 1241 1246 1245
f 1230 1119 1121
f 1232 1230 1121
f 1232 1121 1247
f 1247 1121 1128
f 1128 1248 1247
f 1243 1233 1232
f 1243 1232 1249
f 1249 1232 1247
f 1249 1247 1248
f 1131 1250 1129
f 1250 1248 1129
f 1251 1248 1250
f 1252 1251 1250
f 1246 1241 1243
f 1253 1246 1243
f 1253 1243 1254
f 1254 1249 1248
f 1249 1254 1243
f 1246 1253 1255
f 1253 1256 1255
f 1253 1254 1256
f 1254 1248 1251
f 1257 1254 1251
f 1251 1252 1257
f 1258 1252 1259
f 1260 1254 1257
f 1260 1257 1261
f 1258 1257 1252
f 1261 1257 1258
f 1205 1235 1238
f 1209 1205 1262
f 1262 1205 1238
f 1262 1238 1263
f 1262 1263 1264
f 1263 1238 1237
f 1263 1237 1239
f 1210 1209 1262
f 1265 1211 1210
f 1265 1210 1266
f 1263 1239 1267
f 1264 1263 1267
f 1264 1210 1262
f 1266 1210 1264
f 1268 1264 1267
f 1269 1268 1267
f 1266 1264 1268
f 1270 1266 1268
f 1270 1268 1271
f 1244 1239 1240
f 1244 1242 1245
f 1272 1245 1246
f 1246 1255 1272
f 1245 1272 1273
f 1269 1273 1274
f 1268 1269 1275
f 1276 1274 1273
f 1276 1277 1274
f 1278 1265 1270
f 1265 1266 1270
f 1265 1222 1211
f 1222 1265 1278
f 1278 1270 1271
f 1279 1278 1271
f 1271 1268 1275
f 1271 1275 1280
f 1279 1222 1278
f 1281 1222 1279
f 1282 1283 1281
f 1271 1284 1279
f 1284 1271 1280
f 1274 1275 1269
f 1280 1275 1274
f 1280 1274 1285
f 1285 1274 1277
f 1285 1277 1286
f 1287 1280 1285
f 1285 1286 1287
f 1288 1287 1286
f 1256 1289 1255
f 1276 1272 1255
f 1255 1289 1276
f 1260 1289 1256
f 1261 1258 1290
f 1291 1261 1290
f 1292 1261 1291
f 1261 1292 1293
f 1294 1295 1296
f 1292 1297 1296
f 1298 1296 1297
f 1277 1276 1299
f 1299 1286 1277
f 1286 1299 1300
f 1301 1286 1300
f 1302 1300 1299
f 1288 1286 1301
f 1303 1304 1305
f 1298 1294 1296
f 1300 1294 1306
f 1306 1294 1307
f 1297 1308 1298
f 1307 1294 1298
f 1307 1298 1308
f 1300 1306 1305
f 1309 1305 1306
f 1305 1309 1303
f 1306 1307 1309
f 1310 1309 1307
f 1308 1311 1307
f 1310 1307 1311
f 1312 788 786
f 1312 786 1313
f 786 30 1314
f 887 1314 30
f 1314 887 1315
f 786 1314 1313
f 1314 1316 1313
f 1314 1315 1316
f 1316 1315 1317
f 1316 1317 1318
f 1318 1313 1316
f 31 789 886
f 891 1315 887
f 1319 1315 891
f 1317 1315 1319
f 1317 1319 1320
f 892 1319 891
f 890 896 893
f 1320 1318 1317
f 1321 1320 1322
f 895 1323 1319
f 1319 892 895
f 892 893 895
f 1323 1320 1319
f 1322 1320 1323
f 1323 895 1324
f 1324 1322 1323
f 1322 1324 1325
f 1326 1322 1325
f 897 895 894
f 895 897 1327
f 895 1327 1324
f 1324 1327 1328
f 1325 1324 1328
f 1325 1328 1329
f 897 1330 1327
f 1331 1328 1327
f 1330 897 1332
f 899 1332 897
f 1327 1330 1331
f 1333 1331 1330
f 1330 1332 1333
f 935 1334 899
f 1326 1325 1335
f 1335 1325 1329
f 1328 1331 1336
f 1329 1328 1336
f 1329 1337 1335
f 870 868 872
f 1312 787 788
f 872 787 1312
f 1338 1312 1313
f 1312 1338 872
f 1313 1339 1338
f 1339 1313 1318
f 1340 1339 1318
f 1340 903 1339
f 1338 870 872
f 870 1338 903
f 1339 903 1338
f 903 1340 905
f 916 890 873
f 369 916 873
f 916 896 890
f 896 916 898
f 1320 1321 1318
f 1340 1318 1321
f 1341 1340 1321
f 905 1340 1341
f 1341 1321 1322
f 922 905 1341
f 923 1341 1322
f 923 922 1341
f 1322 1326 923
f 935 899 898
f 923 1326 1342
f 921 923 940
f 940 923 1342
f 1335 1342 1326
f 1342 1335 1343
f 1342 943 940
f 943 1342 1343
f 1343 1335 1337
f 1344 1343 1337
f 1344 1337 1345
f 943 1343 1344
f 944 943 1344
f 974 969 978
f 978 977 974
f 1055 977 978
f 979 1055 978
f 1061 1055 979
f 1061 979 993
f 995 991 984
f 1084 984 985
f 1084 995 984
f 1084 985 996
f 996 985 992
f 1026 1033 1035
f 1055 1061 1056
f 1054 977 1057
f 1061 1059 1056
f 995 1077 994
f 1086 1084 996
f 1079 1077 995
f 1096 1099 1100
f 1105 1082 1083
f 1083 1097 1105
f 1109 1105 1097
f 1109 1097 1123
f 1123 1097 1100
f 1126 1123 1100
f 1100 1099 1126
f 1099 1125 1126
f 1126 1125 1127
f 1130 1127 1125
f 1346 1150 1160
f 1160 1142 1153
f 1160 1153 1154
f 1160 1154 1161
f 1347 1160 1161
f 1347 1161 1348
f 1150 1346 1149
f 1173 1149 1346
f 1173 1346 1349
f 1349 1346 1350
f 1350 1346 1351
f 1350 1351 1352
f 1351 1346 1160
f 1351 1160 1347
f 1351 1347 1353
f 1352 1353 1354
f 1348 1353 1347
f 1348 1354 1353
f 1351 1353 1352
f 1348 1161 1354
f 1354 1161 1157
f 1164 1354 1157
f 1352 1354 1164
f 1355 1352 1356
f 1356 1352 1164
f 1356 1164 1188
f 1189 1188 1164
f 1187 1356 1188
f 1165 1189 1164
f 1182 1357 1183
f 1183 1357 1358
f 1359 1358 1357
f 1184 1183 1358
f 1360 1358 1359
f 1360 1359 1361
f 1184 1358 1360
f 1184 1362 1185
f 1360 1361 1363
f 1360 1363 1364
f 1184 1360 1365
f 1360 1366 1365
f 1365 1362 1184
f 1360 1364 1366
f 1366 1364 1367
f 1349 1368 1173
f 1349 1350 1369
f 1369 1368 1349
f 1350 1352 1370
f 1369 1350 1370
f 1371 1368 1369
f 1372 1369 1370
f 1373 1369 1372
f 1370 1352 1355
f 1368 1182 1173
f 1182 1368 1371
f 1371 1369 1373
f 1374 1371 1373
f 1375 1373 1372
f 1371 1357 1182
f 1357 1371 1374
f 1357 1374 1359
f 1374 1373 1375
f 1359 1374 1375
f 1372 1370 1355
f 1372 1355 1376
f 1376 1356 1187
f 1187 1189 1200
f 1377 1372 1376
f 1377 1378 1375
f 1378 1377 1379
f 1380 1379 1381
f 1376 1187 1381
f 1377 1376 1381
f 1381 1187 1200
f 1379 1377 1381
f 1359 1375 1361
f 1378 1361 1375
f 1363 1361 1378
f 1363 1378 1382
f 1199 1380 1381
f 1383 1380 1199
f 1382 1378 1384
f 1384 1378 1379
f 1384 1379 1380
f 1385 1384 1380
f 1363 1382 1364
f 1384 1364 1382
f 1364 1386 1367
f 1384 1386 1364
f 1387 1384 1385
f 1386 1384 1387
f 1387 1388 1386
f 1195 1191 1196
f 1196 1192 1197
f 1200 1189 1201
f 1200 1199 1381
f 1202 1199 1201
f 1204 1194 1195
f 1198 1195 1196
f 1205 1209 1198
f 1383 1389 1390
f 1383 1199 1389
f 1202 1389 1199
f 1212 1389 1202
f 1385 1380 1383
f 1391 1385 1383
f 1383 1390 1391
f 1392 1393 1391
f 1391 1393 1385
f 1391 1390 1394
f 1392 1391 1394
f 1394 1390 1212
f 1389 1212 1390
f 1216 1394 1212
f 1214 1213 1219
f 1221 1206 1207
f 1213 1220 1221
f 1211 1221 1207
f 1223 1222 1227
f 1219 1213 1221
f 1221 1226 1224
f 1227 1222 1283
f 1226 1227 1283
f 1248 1128 1129
f 1256 1254 1260
f 1245 1273 1244
f 1267 1239 1244
f 1272 1276 1273
f 1267 1244 1269
f 1269 1244 1273
f 1283 1222 1281
f 1395 1281 1284
f 1281 1279 1284
f 1284 1280 1396
f 1396 1280 1287
f 1397 1396 1287
f 1287 1398 1397
f 1398 1287 1288
f 1260 1293 1289
f 1302 1289 1293
f 1276 1289 1302
f 1295 1302 1293
f 1299 1276 1302
f 1261 1293 1260
f 1292 1296 1293
f 1295 1293 1296
f 1294 1302 1295
f 1294 1300 1302
f 1301 1300 1305
f 1304 1301 1305
f 1288 1301 1304
f 1376 1355 1356
f 1372 1377 1375
f 21 1399 1400
f 20 15 22
f 20 1401 21
f 20 22 1401
f 21 1401 1399
f 1402 1401 22
f 1403 1399 1401
f 1404 1399 1403
f 1405 1404 1403
f 1400 233 228
f 228 19 21
f 21 1400 228
f 233 1400 234
f 1406 234 1400
f 1407 234 1406
f 1407 235 234
f 235 1407 246
f 1404 1406 1400
f 1404 1400 1399
f 1406 1408 1407
f 1409 1410 246
f 1410 1409 1411
f 1407 1409 246
f 1407 1408 1409
f 236 246 241
f 242 240 1412
f 1412 240 241
f 1410 1412 241
f 1413 1414 1412
f 242 1414 245
f 242 1412 1414
f 1415 245 1414
f 1413 1415 1414
f 1410 1413 1412
f 1415 1416 245
f 1417 1416 1415
f 1410 241 246
f 1413 1418 1415
f 1410 1419 1413
f 1419 1410 1411
f 1417 1415 1418
f 1418 1413 1419
f 1416 1417 1420
f 1409 1421 1411
f 1419 1411 1421
f 1408 1422 1409
f 1421 1423 1419
f 1421 1424 1423
f 1424 1421 1425
f 1418 1426 1417
f 1419 1427 1418
f 1423 1427 1419
f 1418 1427 1426
f 1420 1417 1426
f 1420 1426 1428
f 1423 1424 1427
f 1427 1429 1428
f 1420 1428 1430
f 1426 1427 1428
f 272 1431 273
f 1432 397 273
f 1431 1432 273
f 1433 1432 1431
f 1416 244 245
f 1416 269 244
f 269 1416 272
f 272 1416 1434
f 1416 1420 1434
f 1434 1433 1431
f 272 1434 1431
f 1435 1434 1420
f 1420 1430 1435
f 1435 1430 1436
f 1434 1435 1433
f 1433 1435 1437
f 1424 1438 1427
f 1439 1438 1424
f 1427 1438 1429
f 1438 1440 1429
f 1440 1428 1429
f 1440 1430 1428
f 1441 1430 1440
f 1442 1441 1440
f 1436 1437 1435
f 1436 1430 1441
f 1443 1437 1436
f 1444 1433 1437
f 1437 1443 1444
f 1444 1443 1445
f 1443 1436 1446
f 1436 1441 1446
f 1446 1441 1447
f 1443 1446 1448
f 1448 1445 1443
f 1446 1449 1448
f 1447 1449 1446
f 1448 1449 1450
f 360 361 1451
f 1451 389 360
f 1451 1452 1453
f 1451 1454 389
f 1455 386 388
f 1455 1456 386
f 391 386 1456
f 391 1456 393
f 393 1456 1457
f 1456 1458 1457
f 1459 1456 1455
f 1459 1458 1456
f 1460 1458 1461
f 1458 1459 1461
f 388 389 1455
f 1454 1459 389
f 1459 1455 389
f 1451 1453 1454
f 1454 1461 1459
f 1462 1453 1463
f 1453 1462 1454
f 1454 1462 1461
f 1464 1462 1465
f 271 273 397
f 397 1432 1466
f 1466 362 397
f 1466 361 362
f 1466 1451 361
f 1452 1451 1466
f 1433 1467 1432
f 1444 1467 1433
f 1432 1467 1466
f 1468 1452 1466
f 1467 1468 1466
f 1469 1468 1467
f 1463 1452 1468
f 1452 1463 1453
f 1444 1470 1467
f 1471 1470 1444
f 1469 1467 1470
f 1472 1469 1470
f 1472 1470 1471
f 1473 1472 1471
f 1474 1472 1473
f 1444 1445 1471
f 1445 1448 1475
f 1475 1471 1445
f 1448 1450 1475
f 1471 1475 1473
f 1473 1475 1476
f 1468 1469 1477
f 1463 1468 1477
f 1463 1477 1478
f 1477 1472 1479
f 1477 1479 1478
f 1472 1477 1469
f 1465 1462 1463
f 1465 1463 1478
f 1480 1465 1478
f 1479 1474 1481
f 1474 1479 1472
f 1478 1479 1480
f 1480 1479 1481
f 1482 1480 1481
f 1465 1480 1483
f 1480 1482 1484
f 1485 1484 1482
f 1486 1449 1447
f 1487 1449 1486
f 1449 1487 1488
f 1489 1476 1450
f 1476 1475 1450
f 1450 1449 1489
f 1488 1489 1449
f 1490 1473 1476
f 1473 1490 1474
f 1476 1489 1490
f 1491 1490 1489
f 1492 1490 1491
f 1489 1488 1493
f 1493 1491 1489
f 1488 1494 1495
f 1488 1495 1493
f 1493 1495 1496
f 1497 1492 1491
f 1492 1497 1498
f 1497 1491 1493
f 1490 1499 1474
f 1474 1499 1481
f 1499 1482 1481
f 1500 1499 1501
f 1502 1485 1482
f 1484 1485 1503
f 1500 1504 1485
f 1502 1482 1499
f 1500 1502 1499
f 1500 1485 1502
f 1501 1505 1506
f 1507 1506 1505
f 1508 1509 1504
f 1509 1508 1510
f 1508 1506 1511
f 1500 1501 1506
f 1506 1504 1500
f 1508 1504 1506
f 1508 1511 1510
f 1512 1513 1510
f 1511 1506 1514
f 1507 1514 1506
f 1515 1511 1514
f 1512 1510 1511
f 1511 1515 1512
f 1515 1516 1512
f 1516 1515 1517
f 1490 1492 1499
f 1501 1499 1492
f 1505 1518 1507
f 1492 1498 1501
f 1501 1498 1505
f 1519 1520 1521
f 1496 1495 1521
f 1520 1496 1521
f 1522 1523 1519
f 1519 1523 1520
f 1523 1524 1520
f 1523 1525 1524
f 1524 1525 1526
f 1527 1528 1518
f 1528 1527 1529
f 1528 1529 1530
f 1530 1531 1528
f 1497 1493 1496
f 1496 1520 1527
f 1524 1527 1520
f 1527 1524 1529
f 1529 1524 1532
f 1533 1534 1526
f 1532 1524 1526
f 1534 1532 1526
f 1529 1532 1530
f 1530 1532 1535
f 1535 1532 1536
f 1536 1532 1534
f 1537 1538 1533
f 1538 1539 1540
f 1539 1541 1542
f 1539 1542 1543
f 1543 1544 1539
f 1544 1540 1539
f 1545 1540 1544
f 1545 1544 1546
f 1536 1547 1548
f 1549 1550 1548
f 1538 1540 1551
f 1538 1534 1533
f 1552 1536 1534
f 1551 1534 1538
f 1552 1534 1551
f 1536 1552 1547
f 1551 1549 1552
f 1553 1550 1554
f 1540 1545 1551
f 1551 1545 1554
f 1554 1545 1553
f 1555 1553 1545
f 1549 1551 1554
f 1554 1550 1549
f 1553 1556 1550
f 1514 1507 1557
f 1558 1515 1514
f 1517 1559 1516
f 1517 1560 1559
f 1517 1515 1558
f 1517 1558 1561
f 1517 1561 1560
f 1561 1562 1560
f 1561 1563 1562
f 1562 1564 1565
f 1566 1562 1565
f 1566 1560 1562
f 1566 1567 1560
f 1560 1567 1559
f 1568 1567 1566
f 1565 1569 1566
f 1570 1565 1571
f 1569 1565 1570
f 1568 1566 1569
f 1572 1568 1569
f 1573 1572 1569
f 1572 1573 1574
f 1574 1573 1575
f 1574 1575 1576
f 1577 1578 1576
f 1531 1507 1518
f 1528 1531 1518
f 1531 1530 1579
f 1507 1531 1557
f 1531 1579 1557
f 1580 1514 1557
f 1579 1580 1557
f 1530 1535 1579
f 1581 1579 1535
f 1582 1581 1535
f 1581 1580 1579
f 1582 1564 1563
f 1581 1582 1563
f 1580 1558 1514
f 1580 1561 1558
f 1561 1580 1563
f 1581 1563 1580
f 1563 1564 1562
f 1535 1583 1582
f 1583 1548 1584
f 1564 1582 1583
f 1571 1564 1583
f 1571 1565 1564
f 1571 1583 1584
f 1571 1584 1585
f 1585 1570 1571
f 1585 1584 1548
f 1550 1585 1548
f 1585 1586 1570
f 1585 1587 1586
f 1588 1586 1587
f 1556 1585 1550
f 1587 1585 1556
f 1589 1588 1587
f 1569 1570 1573
f 1586 1573 1570
f 1586 1590 1573
f 1586 1588 1590
f 1590 1588 1577
f 1590 1575 1573
f 1576 1575 1577
f 1575 1590 1577
f 1591 1553 1555
f 1591 1556 1553
f 1591 1589 1556
f 1591 1592 1589
f 1592 1593 1589
f 1594 1595 1596
f 1594 1596 1597
f 1598 1599 1600
f 1601 1598 1600
f 1601 1602 1598
f 1603 1604 1605
f 1606 1607 1605
f 1605 1604 1606
f 1608 1588 1589
f 1588 1608 1609
f 1609 1610 1588
f 1556 1589 1587
f 1588 1610 1577
f 777 412 411
f 1611 1612 1613
f 877 1614 413
f 1615 1616 1617
f 17 1618 16
f 22 16 1618
f 1618 17 1611
f 1402 22 1618
f 1619 1402 1618
f 1620 1402 1619
f 1619 1621 1620
f 1616 1622 1623
f 1624 1622 1616
f 1613 1612 1625
f 1626 1611 1613
f 1613 1627 1626
f 1624 1628 1622
f 1627 1629 1626
f 1624 1616 1615
f 1630 1624 1615
f 1624 1630 1631
f 1627 1632 1629
f 1401 1402 1620
f 1401 1620 1633
f 1611 1621 1619
f 1621 1611 1626
f 1629 1621 1626
f 1620 1621 1634
f 1634 1633 1620
f 1633 1403 1401
f 1621 1629 1634
f 1635 1633 1634
f 1633 1636 1403
f 1403 1636 1405
f 1637 1405 1636
f 1636 1633 1637
f 1629 1635 1634
f 1629 1632 1635
f 880 1638 877
f 882 1639 880
f 1639 1638 880
f 1638 1640 877
f 1639 1641 1638
f 1641 1640 1638
f 1640 1641 1642
f 1639 882 1643
f 882 881 883
f 1644 882 883
f 1644 1643 882
f 1643 1641 1639
f 1645 1641 1643
f 1645 1643 1644
f 1642 1617 1640
f 1641 1645 1646
f 1646 1642 1641
f 1647 1642 1646
f 1648 1647 1646
f 1631 1649 1624
f 1650 1649 1631
f 1651 1632 1627
f 1652 1653 1651
f 1635 1654 1633
f 1655 1654 1635
f 1654 1656 1633
f 1656 1637 1633
f 1656 1654 1657
f 1658 1637 1656
f 1659 1637 1658
f 1660 1659 1658
f 1657 1658 1656
f 1654 1661 1657
f 1662 1658 1657
f 1657 1661 1663
f 1663 1662 1657
f 1632 1651 1664
f 1664 1635 1632
f 1653 1664 1651
f 1635 1664 1655
f 1653 1655 1664
f 1655 1661 1654
f 1661 1655 1665
f 1653 1665 1655
f 1666 1665 1653
f 1667 1668 1669
f 1670 1668 1667
f 1671 1662 1663
f 1672 1662 1671
f 1673 1672 1671
f 1653 1652 1666
f 1674 1666 1652
f 1665 1666 1674
f 1661 1671 1663
f 1675 1674 1676
f 1674 1675 1665
f 1677 1675 1676
f 1675 1678 1665
f 1678 1675 1677
f 1679 1671 1661
f 1665 1679 1661
f 1679 1680 1671
f 1665 1678 1679
f 1680 1679 1678
f 1649 1650 1681
f 1681 1667 1649
f 1681 1670 1667
f 1682 1668 1670
f 1683 1684 1685
f 1644 883 430
f 1686 1645 1644
f 1687 1645 1686
f 1686 430 1688
f 430 431 1688
f 1688 1687 1686
f 1687 1689 1645
f 1646 1645 1689
f 1646 1689 1690
f 1646 1690 1648
f 431 1691 1688
f 1688 1691 1687
f 431 435 1691
f 443 1691 435
f 443 435 436
f 1692 1691 443
f 1689 1687 1691
f 1693 1689 1691
f 1689 1694 1690
f 1695 1690 1694
f 1694 1689 1693
f 1695 1694 1696
f 1697 1696 1694
f 1685 1648 1698
f 1699 1685 1698
f 1690 1698 1648
f 1699 1698 1690
f 1699 1690 1695
f 1699 1683 1685
f 1700 1701 1683
f 1702 1683 1699
f 1700 1683 1702
f 1703 1695 1696
f 1703 1696 1704
f 1703 1699 1695
f 1703 1702 1699
f 1705 1700 1702
f 1706 1707 1705
f 1708 1706 1705
f 1702 1703 1708
f 1709 1677 1676
f 1671 1680 1710
f 1680 1678 1711
f 1709 1712 1677
f 1677 1712 1711
f 1711 1678 1677
f 1711 1712 1713
f 1711 1713 1714
f 1715 1716 1717
f 1717 1700 1707
f 1715 1718 1716
f 1715 1717 1707
f 1707 1700 1705
f 1707 1719 1715
f 1719 1720 1715
f 1720 1718 1715
f 1721 1718 1720
f 1722 1718 1721
f 1723 1722 1721
f 1724 1721 1720
f 1721 1724 1723
f 1723 1724 1725
f 1719 1707 1706
f 1726 1719 1706
f 1727 1706 1708
f 1727 1726 1706
f 1723 1728 1729
f 1729 1728 1730
f 1723 1729 1722
f 1728 1723 1725
f 1692 443 1731
f 1692 1693 1691
f 442 1731 443
f 1693 1697 1694
f 1697 1693 1692
f 1692 1732 1697
f 1733 1697 1732
f 1733 1704 1697
f 446 1731 442
f 1692 1731 446
f 446 1734 1692
f 727 446 445
f 727 1734 446
f 1734 1732 1692
f 1735 1732 1734
f 1732 1736 1733
f 1733 1736 1737
f 1696 1697 1704
f 1704 1738 1703
f 1737 1704 1733
f 1739 1738 1704
f 1739 1704 1737
f 1738 1708 1703
f 1740 1741 1742
f 1740 1742 1743
f 1739 1741 1738
f 1742 1741 1739
f 1744 1739 1737
f 1739 1744 1742
f 1745 1744 1737
f 1744 1746 1747
f 1746 1744 1745
f 1748 1742 1744
f 1744 1747 1748
f 1748 1747 1749
f 727 1750 1734
f 1734 1750 1735
f 1751 1732 1735
f 1736 1732 1751
f 1751 1752 1736
f 1745 1737 1736
f 1753 1727 1740
f 1753 1726 1727
f 1726 1754 1755
f 1753 1754 1726
f 1743 1753 1740
f 1422 1408 1406
f 1404 1756 1406
f 1404 1405 1756
f 1756 1405 1637
f 1756 1422 1406
f 1757 1422 1756
f 1409 1422 1421
f 1659 1756 1637
f 1421 1422 1757
f 1757 1756 1659
f 1659 1758 1757
f 1757 1425 1421
f 1660 1758 1659
f 1758 1425 1757
f 1424 1425 1439
f 1759 1425 1758
f 1662 1660 1658
f 1760 1758 1660
f 1660 1662 1761
f 1425 1759 1762
f 1439 1425 1762
f 1762 1759 1763
f 1759 1758 1760
f 1760 1763 1759
f 1761 1760 1660
f 1762 1438 1439
f 1438 1442 1440
f 1762 1442 1438
f 1764 1441 1442
f 1761 1662 1672
f 1765 1763 1760
f 1765 1766 1763
f 1765 1760 1761
f 1767 1761 1672
f 1761 1767 1765
f 1673 1767 1672
f 1768 1767 1673
f 1768 1769 1767
f 1673 1671 1710
f 1768 1673 1770
f 1766 1765 1769
f 1769 1765 1767
f 1762 1763 1771
f 1772 1771 1773
f 1772 1764 1442
f 1774 1771 1763
f 1774 1763 1766
f 1771 1774 1773
f 1773 1764 1772
f 1447 1764 1773
f 1764 1447 1441
f 1773 1775 1447
f 1673 1710 1770
f 1776 1768 1770
f 1710 1777 1770
f 1680 1777 1710
f 1778 1768 1776
f 1768 1778 1769
f 1769 1779 1766
f 1779 1769 1778
f 1778 1776 1779
f 1770 1777 1780
f 1781 1777 1680
f 1781 1680 1711
f 1782 1776 1780
f 1782 1783 1776
f 1779 1776 1783
f 1779 1783 1784
f 1785 1774 1766
f 1774 1785 1786
f 1774 1786 1773
f 1775 1773 1786
f 1785 1787 1786
f 1787 1785 1788
f 1786 1787 1775
f 1787 1789 1790
f 1788 1789 1787
f 1779 1785 1766
f 1784 1785 1779
f 1784 1783 1791
f 1784 1791 1792
f 1784 1788 1785
f 1781 1793 1777
f 1777 1793 1780
f 1793 1781 1794
f 1795 1781 1711
f 1795 1794 1781
f 1794 1796 1793
f 1793 1797 1780
f 1797 1782 1780
f 1783 1782 1791
f 1796 1797 1793
f 1796 1798 1797
f 1794 1799 1796
f 1795 1800 1794
f 1800 1799 1794
f 1801 1789 1788
f 1802 1791 1803
f 1802 1792 1791
f 1792 1788 1784
f 1804 1792 1802
f 1801 1788 1804
f 1788 1792 1804
f 1797 1798 1803
f 1802 1803 1805
f 1806 1798 1796
f 1796 1799 1806
f 1805 1798 1806
f 1807 1805 1806
f 1808 1804 1802
f 1808 1802 1805
f 1808 1805 1807
f 1807 1809 1808
f 1711 1714 1795
f 1810 1795 1714
f 1811 1810 1714
f 1811 1812 1810
f 1810 1800 1795
f 1447 1775 1486
f 1813 1486 1775
f 1487 1813 1814
f 1486 1813 1487
f 1801 1790 1789
f 1801 1815 1790
f 1816 1815 1801
f 1817 1815 1816
f 1818 1801 1804
f 1804 1808 1809
f 1801 1818 1816
f 1816 1818 1819
f 1809 1818 1804
f 1487 1814 1820
f 1494 1488 1487
f 1487 1820 1494
f 1494 1820 1821
f 1494 1521 1495
f 1799 1822 1806
f 1823 1806 1822
f 1799 1824 1822
f 1823 1807 1806
f 1807 1823 1825
f 1826 1822 1824
f 1822 1826 1823
f 1825 1823 1827
f 1826 1828 1823
f 1829 1830 1831
f 1832 1830 1833
f 1834 1826 1832
f 1833 1834 1832
f 1830 1829 1833
f 1835 1800 1810
f 1812 1835 1810
f 1824 1799 1800
f 1835 1824 1800
f 1812 1836 1835
f 1837 1824 1835
f 1830 1837 1835
f 1836 1830 1835
f 1837 1826 1824
f 1830 1836 1831
f 1826 1837 1832
f 1830 1832 1837
f 1838 1839 1840
f 1839 1838 1841
f 1842 1839 1841
f 1843 1842 1841
f 1842 1843 1844
f 1845 1844 1843
f 1816 1819 1817
f 1846 1847 1827
f 1846 1848 1847
f 1846 1827 1849
f 1848 1846 1849
f 1850 1848 1849
f 1851 1809 1825
f 1807 1825 1809
f 1851 1818 1809
f 1851 1819 1818
f 1852 1819 1851
f 1827 1847 1825
f 1827 1823 1828
f 1849 1827 1828
f 1852 1851 1848
f 1817 1821 1815
f 1522 1821 1817
f 1853 1522 1817
f 1817 1819 1853
f 1519 1521 1494
f 1519 1494 1821
f 1522 1519 1821
f 1852 1853 1819
f 1854 1852 1855
f 1853 1523 1522
f 1854 1853 1852
f 1854 1856 1853
f 1857 1850 1849
f 1849 1858 1857
f 1858 1849 1828
f 1859 1858 1828
f 1826 1859 1828
f 1859 1826 1834
f 1833 1859 1834
f 1860 1859 1833
f 1859 1861 1858
f 1829 1862 1833
f 1833 1862 1860
f 1859 1860 1861
f 1863 1862 1864
f 1862 1863 1860
f 1863 1861 1860
f 1857 1865 1855
f 1857 1855 1850
f 1858 1866 1857
f 1867 1868 1855
f 1855 1865 1867
f 1865 1857 1866
f 1861 1869 1866
f 1865 1866 1870
f 1865 1870 1867
f 1869 1870 1866
f 1871 1870 1869
f 1861 1866 1858
f 1864 1861 1863
f 1864 1872 1861
f 1872 1869 1861
f 1873 1874 1875
f 1876 1874 1873
f 1874 1877 1875
f 1878 1879 1880
f 1881 1879 1878
f 1882 1879 1881
f 1883 1879 1882
f 1884 1885 1886
f 1886 1887 1884
f 1888 1887 1886
f 1889 1890 1887
f 1853 1856 1523
f 1523 1856 1525
f 1525 1856 1537
f 1525 1537 1533
f 1533 1526 1525
f 1854 1537 1856
f 1541 1537 1854
f 1542 1541 1867
f 1867 1541 1868
f 1870 1542 1867
f 1543 1542 1870
f 1871 1543 1870
f 1546 1544 1543
f 1891 1546 1543
f 1555 1545 1546
f 1750 727 728
f 733 1750 728
f 1892 1735 1750
f 733 1892 1750
f 733 1893 1892
f 1892 1751 1735
f 1894 1752 1751
f 1751 1892 1894
f 1895 1752 1894
f 1894 1892 1896
f 1897 1895 1894
f 1897 1894 1896
f 1752 1745 1736
f 1745 1752 1895
f 1898 1746 1745
f 1898 1899 1746
f 1898 1745 1895
f 1898 1895 1900
f 1900 1901 1898
f 1749 1747 1746
f 1746 1899 1749
f 1899 1898 1901
f 1902 1899 1901
f 1903 1901 1900
f 1901 1903 1902
f 1904 1902 1903
f 1905 1895 1897
f 1906 1905 1897
f 1900 1895 1905
f 1907 1900 1905
f 1908 1905 1906
f 1908 1907 1905
f 1903 1900 1907
f 1903 1909 1904
f 1909 1910 1904
f 1907 1909 1903
f 1909 1907 1908
f 1911 1910 1909
f 1912 1911 1909
f 1913 1755 1754
f 1913 1754 1914
f 1915 1914 1754
f 1916 1917 1914
f 1916 1914 1915
f 1917 1918 1914
f 1919 1913 1914
f 1914 1918 1919
f 1918 1920 1919
f 1918 1921 1920
f 1885 1922 1921
f 1923 1921 1924
f 1918 1924 1921
f 1885 1921 1923
f 1925 1926 1927
f 1928 1925 1927
f 1887 1888 1889
f 1929 1930 1931
f 1932 1933 1934
f 1935 1932 1934
f 1936 1932 1935
f 1937 1938 1939
f 1904 1910 1937
f 1940 1938 1937
f 1910 1940 1937
f 1941 1938 1940
f 1911 1940 1910
f 1911 1942 1940
f 1912 1942 1911
f 1942 1941 1940
f 1943 1941 1942
f 1941 1944 1945
f 1941 1943 1944
f 1946 1947 1948
f 1946 1945 1944
f 1944 1947 1946
f 1949 1947 1944
f 1950 1949 1944
f 1930 1929 1951
f 1952 1948 1947
f 1953 1954 1952
f 1953 1952 1947
f 1955 1954 1953
f 1955 1956 1957
f 1958 1956 1955
f 1955 1959 1958
f 1960 1958 1959
f 1949 1953 1947
f 1961 1955 1953
f 1961 1959 1955
f 1962 1959 1961
f 1963 1953 1949
f 1953 1963 1961
f 1964 1965 1966
f 1967 1965 1964
f 1968 1969 1967
f 1965 1967 1969
f 1970 1971 1972
f 1970 1972 1973
f 1973 1974 1970
f 1975 1958 1960
f 1960 1976 1975
f 1977 1974 1973
f 1978 1970 1974
f 1974 1979 1978
f 1980 1979 1974
f 1981 1979 1980
f 1982 1977 1973
f 1962 1960 1959
f 1962 1983 1960
f 1982 1973 1976
f 1984 1977 1982
f 1985 1986 1984
f 1987 1988 1982
f 1988 1984 1982
f 1989 1985 1984
f 1989 1984 1988
f 1985 1989 1990
f 1981 1991 1979
f 1986 1981 1980
f 1992 1968 1981
f 1993 1965 1969
f 1994 1965 1993
f 1992 1969 1968
f 1993 1969 1992
f 1995 1981 1986
f 1985 1995 1986
f 1996 1995 1985
f 1995 1996 1992
f 1997 1994 1993
f 1998 1993 1992
f 1997 1993 1998
f 1998 1992 1996
f 1999 1864 1862
f 2000 1871 1872
f 1872 2001 2000
f 1864 1999 1872
f 1872 1871 1869
f 2002 2003 2004
f 2005 2006 2002
f 2007 2008 2009
f 2008 2010 2011
f 2007 2010 2008
f 2012 1871 2000
f 2013 2012 2000
f 1543 1871 1891
f 1871 2012 1891
f 2014 2012 2013
f 1891 2012 2015
f 1546 1891 1555
f 1891 2015 1555
f 2012 2014 2015
f 2015 1591 1555
f 2015 2016 1592
f 2016 2015 2014
f 1592 1591 2015
f 2017 2018 2019
f 2020 2021 2022
f 2023 2021 2024
f 2022 2025 2020
f 2025 2026 2020
f 2025 2027 2026
f 2027 2025 2028
f 2029 2028 2025
f 2030 2025 2022
f 2030 2022 2021
f 2021 2031 2024
f 2021 2023 2032
f 2033 2021 2032
f 2033 2032 2034
f 2035 2029 2030
f 2036 2029 2035
f 2033 2030 2021
f 2035 2030 2033
f 2030 2029 2025
f 2037 2036 2035
f 2037 2035 2033
f 2033 2038 2037
f 2039 2040 2041
f 2008 2042 2043
f 2008 2044 2042
f 2037 2038 2045
f 2046 2045 2047
f 2048 2036 2037
f 2045 2048 2037
f 2046 2047 2049
f 2050 2048 2045
f 2051 2050 2045
f 2052 2048 2050
f 2044 2008 2011
f 2053 2054 2055
f 1966 2055 2054
f 775 2056 774
f 2057 774 2056
f 2058 776 777
f 2059 776 2058
f 2059 2060 775
f 2056 775 2060
f 2059 775 776
f 768 774 769
f 774 2057 769
f 770 769 2057
f 1611 778 1612
f 1612 2057 2056
f 1623 2060 2059
f 2060 2061 2056
f 1612 770 2057
f 778 770 1612
f 17 778 1611
f 2056 2061 2062
f 2062 1612 2056
f 2061 2063 2062
f 2062 1625 1612
f 1498 1497 1518
f 1527 1518 1497
f 1497 1496 1527
f 1539 1538 1541
f 1541 1538 1537
f 1549 1547 1552
f 1548 1547 1549
f 2064 2065 2066
f 1578 2064 2066
f 1498 1518 1505
f 1535 1536 1548
f 1583 1535 1548
f 2067 2068 2069
f 2069 2068 2070
f 2067 2069 2071
f 2072 2069 2070
f 2072 2073 2069
f 2074 2071 2069
f 2074 2069 2073
f 2075 2074 2076
f 1596 2074 2073
f 2074 2075 2071
f 2074 1596 2077
f 2077 2078 2076
f 2077 1596 1595
f 1595 2079 2077
f 2076 2074 2077
f 2016 2075 2076
f 2016 2076 1592
f 2076 2078 1592
f 1592 2078 1593
f 2080 2073 2072
f 1597 1596 2073
f 2073 2080 1597
f 2081 1597 2080
f 2082 1597 2081
f 2083 2082 2081
f 1598 1595 1594
f 1595 1598 1602
f 1597 2082 1594
f 1598 1594 2082
f 1599 1598 2082
f 1599 2082 2083
f 1599 2084 1600
f 2085 1603 1605
f 1605 1607 2085
f 1607 1606 2086
f 1604 2087 1606
f 2088 2086 1606
f 1606 2087 2088
f 2089 2088 2087
f 2090 2065 2091
f 2092 2090 2091
f 2090 2092 2093
f 2085 2091 2064
f 2085 2086 2091
f 1577 2085 2064
f 1610 2085 1577
f 2065 2064 2091
f 2092 2091 2086
f 2094 2093 2092
f 1577 2064 1578
f 2085 1607 2086
f 2088 2095 2086
f 2096 2097 2088
f 2088 2097 2095
f 2096 2088 2098
f 2086 2095 2092
f 2097 2092 2095
f 2092 2097 2094
f 2096 2094 2097
f 1609 1593 1603
f 1603 2085 1609
f 1609 2085 1610
f 1608 1593 1609
f 1604 1603 2078
f 1604 2078 2077
f 1604 2077 2079
f 2079 2087 1604
f 2087 2079 2099
f 2078 1603 1593
f 2087 2099 2089
f 1608 1589 1593
f 2100 2098 2101
f 2098 2088 2089
f 2102 2096 2098
f 2096 2102 2103
f 2096 2103 2104
f 2102 2098 2100
f 2026 2102 2105
f 2106 2105 2107
f 2020 2105 2106
f 2105 2020 2026
f 2103 2102 2026
f 2104 2103 2108
f 2103 2026 2108
f 1595 2099 2079
f 1602 2099 1595
f 2101 2089 2099
f 2099 1602 2101
f 2101 2098 2089
f 1601 2101 1602
f 2109 2101 1601
f 2100 2101 2110
f 411 2058 777
f 1614 2058 411
f 2058 1623 2059
f 1616 1623 2058
f 2111 2060 1623
f 1623 1622 2111
f 1616 2058 1614
f 411 413 1614
f 1640 1614 877
f 1616 1614 1617
f 1617 1614 1640
f 1611 1619 1618
f 2111 2061 2060
f 2063 2061 2112
f 2111 2112 2061
f 1628 2112 2111
f 2111 1622 1628
f 1625 2062 2063
f 2063 2113 1625
f 1627 1613 1625
f 1615 1617 1642
f 1642 1630 1615
f 880 876 882
f 1630 1642 1647
f 1647 1631 1630
f 2114 2063 2112
f 2113 2063 2114
f 2115 2112 1628
f 2115 2114 2112
f 1627 1625 2113
f 1651 1627 2113
f 2115 2116 2114
f 2114 2117 2113
f 2116 2117 2114
f 2118 2113 2117
f 1651 2113 2118
f 2118 1652 1651
f 1624 1649 1628
f 1649 2115 1628
f 1649 1667 2115
f 2117 2116 2119
f 2120 2118 2117
f 2117 2119 2120
f 1669 2116 2115
f 1669 2119 2116
f 2119 2121 2120
f 1667 1669 2115
f 2122 2123 1668
f 1668 2123 1669
f 2118 2124 1652
f 2124 2118 2125
f 1674 1652 2124
f 1669 2121 2119
f 2126 2121 1669
f 2120 2127 2118
f 2121 2127 2120
f 2121 2128 2127
f 2126 2128 2121
f 2123 2126 1669
f 2129 2126 2123
f 2125 2118 2127
f 2125 2130 2124
f 2130 2125 2131
f 1676 2124 2130
f 1674 2124 1676
f 1647 1650 1631
f 2132 1650 1647
f 2132 2133 1650
f 2133 1681 1650
f 2133 1670 1681
f 2132 1647 1648
f 1684 2133 2132
f 1685 2132 1648
f 1684 2132 1685
f 1684 1670 2133
f 1670 1684 1682
f 1682 2122 1668
f 2122 1682 2134
f 1682 2135 2134
f 1684 2135 1682
f 1701 2135 1684
f 1701 2136 2135
f 1683 1701 1684
f 430 1686 1644
f 1702 1708 1705
f 1708 1740 1727
f 2129 2128 2126
f 2122 2129 2123
f 2131 2125 2127
f 2137 2128 2129
f 2130 2131 2138
f 2127 2128 2139
f 2137 2139 2128
f 2138 2131 2127
f 2127 2139 2138
f 2137 2140 2139
f 2139 2140 2141
f 2139 2141 2138
f 2141 2142 2138
f 2137 2129 2143
f 2144 2143 2129
f 2130 1709 1676
f 2138 1709 2130
f 1713 1712 1709
f 2138 1713 1709
f 2142 1713 2138
f 2143 2140 2137
f 2145 2140 2143
f 2146 2143 2144
f 2146 2145 2143
f 2145 2147 2140
f 2148 2149 2142
f 1713 2142 2149
f 2147 2141 2140
f 2141 2147 2148
f 2142 2141 2148
f 2147 2145 2150
f 2151 2150 2145
f 2152 2150 2151
f 2149 2148 2153
f 2154 2129 2122
f 2134 2154 2122
f 2155 2154 2134
f 2136 2134 2135
f 2136 2155 2134
f 2144 2129 2154
f 2155 2144 2154
f 2156 2144 2155
f 2157 2155 2136
f 2157 2136 1701
f 1716 2157 1701
f 1717 1716 1701
f 2157 2156 2155
f 2158 2156 2157
f 2158 2157 1716
f 2144 2156 2159
f 2159 2146 2144
f 2156 2160 2159
f 2146 2151 2145
f 2158 2160 2156
f 1713 2149 1714
f 2159 2151 2146
f 2161 2151 2159
f 2160 2161 2159
f 1714 2149 1811
f 2162 2160 2158
f 1718 2158 1716
f 1718 2162 2158
f 2163 2160 2162
f 1722 2162 1718
f 2164 2162 1729
f 2165 2148 2147
f 2152 2166 2150
f 2167 2147 2150
f 2166 2167 2150
f 2153 2148 2165
f 2153 2165 2168
f 2167 2165 2147
f 2165 2167 2168
f 2169 2167 2166
f 2167 2169 2170
f 2170 2168 2167
f 2161 2152 2151
f 2161 2166 2152
f 2171 2166 2161
f 2163 2171 2161
f 2161 2160 2163
f 2171 2172 2166
f 2173 2172 2171
f 2163 2173 2171
f 2172 2169 2166
f 2169 2172 1840
f 2173 1838 2172
f 1838 1840 2172
f 2163 2162 2164
f 2164 2173 2163
f 2164 1729 1730
f 1730 2174 2164
f 2174 2173 2164
f 2174 1838 2173
f 1717 1701 1700
f 1722 1729 2162
f 1726 1720 1719
f 1755 1724 1720
f 1755 1720 1726
f 2175 1724 1755
f 1708 1738 1741
f 1708 1741 1740
f 1748 1743 1742
f 2176 1748 1749
f 1748 2177 1743
f 2176 2177 1748
f 2178 1753 1743
f 2177 2178 1743
f 1772 1442 1762
f 1772 1762 1771
f 1770 1780 1776
f 1813 1775 1787
f 1803 1782 1797
f 1791 1782 1803
f 1805 1803 1798
f 1811 2149 2153
f 1811 2153 1812
f 1787 1790 1813
f 1790 1814 1813
f 1814 1790 1815
f 1821 1820 1815
f 1815 1820 1814
f 2168 2179 2153
f 2179 1812 2153
f 2180 2179 2168
f 2168 2181 2180
f 2168 2170 2181
f 2170 2182 2181
f 2180 1836 2179
f 1812 2179 1836
f 2183 2180 2184
f 2169 2185 2170
f 1839 2185 2169
f 2185 2182 2170
f 1839 2186 2185
f 2184 2180 2181
f 2182 2184 2181
f 2184 2187 2188
f 2184 2182 2187
f 2182 2185 2187
f 2189 2187 2185
f 2183 2184 2188
f 2186 2189 2185
f 2190 2189 2186
f 1842 2186 1839
f 2191 2186 1842
f 2186 2191 2190
f 1831 1836 2183
f 1831 2188 1829
f 2189 2192 2187
f 2188 2187 2193
f 2192 2193 2187
f 1829 2188 2193
f 2192 2190 2194
f 2192 2189 2190
f 2194 2193 2192
f 2195 2193 2194
f 2195 1829 2193
f 2196 1841 1838
f 1838 2174 2196
f 1730 2196 2174
f 2197 2196 1730
f 1840 1839 2169
f 1845 1842 1844
f 1845 2191 1842
f 1843 2198 1845
f 2196 2199 1841
f 2200 2199 2196
f 2199 1843 1841
f 1873 2196 2197
f 1875 2196 1873
f 1875 2200 2196
f 2199 2198 1843
f 1877 2200 1875
f 1845 2201 2191
f 2202 2201 1845
f 2202 1845 2198
f 2203 2202 2198
f 2200 2198 2199
f 2200 2203 2198
f 2203 2200 1877
f 2204 2203 1877
f 1851 1847 1848
f 1851 1825 1847
f 1855 1852 1850
f 1848 1850 1852
f 1862 2195 2205
f 2205 1999 1862
f 1829 2195 1862
f 1854 1855 1868
f 2175 2206 1724
f 2206 1725 1724
f 1755 1913 2175
f 1913 2207 2175
f 1728 2197 1730
f 1725 2197 1728
f 2208 2197 1725
f 2206 2208 1725
f 2206 2209 2208
f 2208 2209 2197
f 2209 1873 2197
f 1876 1873 2209
f 2210 1876 2209
f 2211 1876 2210
f 1876 2211 1874
f 1880 1877 1874
f 1880 1874 1878
f 1880 2204 1877
f 1880 2212 2204
f 1879 2212 1880
f 1878 1874 2211
f 2213 2212 1879
f 2214 2213 1879
f 2214 1879 1883
f 2215 2209 2206
f 2206 2175 2207
f 2207 2215 2206
f 2209 1920 2210
f 2215 1920 2209
f 1919 2215 2207
f 1919 2207 1913
f 1920 2215 1919
f 1920 2211 2210
f 1922 2211 1920
f 1920 1921 1922
f 2211 1882 1878
f 1922 1882 2211
f 1881 1878 1882
f 1884 1882 1922
f 1884 1883 1882
f 1885 1884 1922
f 2216 2213 2214
f 2217 2218 2214
f 2218 2216 2214
f 2219 2216 2218
f 2217 2214 1883
f 2218 1887 2220
f 2218 2217 1887
f 2220 2221 2219
f 2220 2219 2218
f 2222 2221 2220
f 1890 2222 2220
f 2217 1883 1884
f 1887 2217 1884
f 1887 1890 2220
f 1541 1854 1868
f 1749 2223 2176
f 2177 2176 2224
f 2225 2177 2224
f 2224 2176 2223
f 2226 2225 2224
f 2227 2226 2224
f 1899 2223 1749
f 1902 2223 1899
f 2227 2224 2223
f 1902 2227 2223
f 2228 2226 2227
f 2229 2226 2228
f 2228 2227 1902
f 1902 2229 2228
f 1904 2230 1902
f 1915 1754 1753
f 2231 1915 1753
f 2231 1753 2178
f 2231 2178 2232
f 2232 1915 2231
f 2232 1916 1915
f 2232 2233 1916
f 1916 2233 1917
f 1917 2234 1918
f 2235 1918 2234
f 2225 2178 2177
f 2225 2236 2178
f 2236 2232 2178
f 2236 2237 2232
f 2238 2237 2239
f 2226 2236 2225
f 2236 2226 2240
f 2240 2239 2236
f 2236 2239 2237
f 2240 2241 2239
f 2238 2239 2241
f 2237 2233 2232
f 2234 1917 2233
f 2238 2233 2237
f 2234 2233 2242
f 2234 2242 2243
f 2244 2242 2233
f 2244 2233 2238
f 2241 2244 2238
f 2235 2234 2243
f 2245 1918 2235
f 2243 2246 2235
f 2245 2235 2246
f 2245 2246 2247
f 2242 2244 2248
f 2246 2243 2242
f 2249 2246 2242
f 2249 2247 2246
f 2248 2249 2242
f 1931 2247 2249
f 1924 1918 2245
f 1923 1924 1926
f 1923 2250 1885
f 2251 1923 1925
f 2252 1924 2245
f 1927 1926 1924
f 2252 1927 1924
f 1928 1927 2252
f 1926 1925 1923
f 2253 1925 1928
f 2247 2252 2245
f 2252 2247 1931
f 1931 1928 2252
f 1931 1930 1928
f 2251 2250 1923
f 2251 2254 2250
f 2255 2254 2251
f 2256 2254 2255
f 2250 1886 1885
f 2254 2256 2250
f 1888 1886 2250
f 2257 1888 2250
f 2257 2250 2256
f 1933 2257 2256
f 2258 1888 2257
f 2259 1889 1888
f 2260 1889 2259
f 1889 2260 2261
f 2261 2011 1889
f 2261 2262 2011
f 2258 2259 1888
f 2263 2259 2258
f 2264 2263 2258
f 2263 2260 2259
f 2260 2263 2265
f 2263 2266 2265
f 2265 2261 2260
f 2261 2265 2262
f 2267 2262 2265
f 2268 2265 2266
f 2267 2265 2268
f 2253 2255 1925
f 2255 2251 1925
f 1935 1934 2255
f 1930 2269 1928
f 1930 1951 2269
f 1928 2270 2253
f 2253 2270 2255
f 2269 2270 1928
f 2270 1935 2255
f 1951 2270 2269
f 1951 2271 2270
f 2271 1935 2270
f 2271 1936 1935
f 2271 1951 2272
f 2272 2273 2271
f 2273 1936 2271
f 2274 1936 2273
f 1934 2256 2255
f 2256 1934 1933
f 2258 1933 1932
f 1932 2275 2258
f 2258 2257 1933
f 2275 1932 1936
f 2264 2258 2275
f 2275 2276 2264
f 2276 2277 2264
f 2264 2277 2263
f 2277 2266 2263
f 2278 2279 2268
f 2267 2268 2279
f 2276 2266 2277
f 2268 2266 2276
f 2278 2268 2276
f 2280 2275 1936
f 2274 2280 1936
f 2280 2281 2275
f 2281 2276 2275
f 2282 2281 2280
f 2282 2280 2274
f 2283 2281 2282
f 2276 2281 2284
f 2276 2284 2285
f 2286 2285 2281
f 2281 2285 2284
f 2283 2286 2281
f 2285 2278 2276
f 2287 2278 2285
f 2229 2240 2226
f 2288 2240 2229
f 2288 2241 2240
f 2288 2229 2230
f 1937 2241 2288
f 2229 1902 2230
f 2288 2230 1937
f 1904 1937 2230
f 1939 2241 1937
f 2248 2289 2249
f 2244 2241 1939
f 2289 2248 2244
f 1939 2289 2244
f 2290 2249 2289
f 2291 2290 2289
f 2292 1931 2249
f 2293 1931 2292
f 2290 2292 2249
f 2293 2292 2290
f 2291 1939 1938
f 2291 2289 1939
f 1941 2291 1938
f 2294 2290 2291
f 1941 2294 2291
f 1945 2295 2294
f 2294 1941 1945
f 2295 2290 2294
f 2290 2295 2293
f 2295 1946 2293
f 2295 1945 1946
f 1929 1931 2293
f 1929 2272 1951
f 1946 1929 2293
f 1946 1948 1929
f 1948 2272 1929
f 2296 2272 1948
f 1952 2296 1948
f 2296 2273 2272
f 1952 1954 2296
f 1954 2273 2296
f 1957 2274 2273
f 1957 2273 1954
f 1954 1955 1957
f 1957 2282 2274
f 1956 2282 1957
f 2286 2283 2297
f 1975 2286 2297
f 2283 2282 1956
f 1958 2283 1956
f 1958 2297 2283
f 2297 1958 1975
f 2298 2262 2267
f 2299 2262 2298
f 2279 2299 2298
f 2300 2299 2279
f 2300 2301 2299
f 2302 2303 2301
f 2301 2300 2304
f 2300 2279 2305
f 2304 2302 2301
f 2305 2278 2287
f 2305 2279 2278
f 2304 2300 2305
f 1971 2304 2305
f 2302 2304 2306
f 2306 2307 2302
f 2307 2308 2302
f 2306 2304 2307
f 2307 2304 1978
f 2307 1978 1979
f 2307 1979 1991
f 2309 2310 1966
f 2311 1991 1968
f 1991 1981 1968
f 1965 2309 1966
f 2312 2309 1965
f 2287 2285 2286
f 2286 1972 2287
f 1972 2286 1975
f 2287 1972 2305
f 2305 1972 1971
f 1970 2304 1971
f 2304 1970 1978
f 1975 1976 1972
f 1973 1972 1976
f 1974 1977 1980
f 1980 1977 1986
f 1976 1960 1983
f 1987 1982 1976
f 1983 1987 1976
f 1977 1984 1986
f 1995 1992 1981
f 2194 2313 2195
f 2194 2314 2315
f 2313 2194 2315
f 2194 2190 2314
f 2316 2314 2190
f 2190 2191 2316
f 2316 2191 2317
f 2201 2317 2191
f 2317 2314 2316
f 2314 2317 2318
f 2319 2318 2317
f 2201 2319 2317
f 2320 2202 2203
f 2319 2201 2321
f 2321 2201 2322
f 2322 2201 2202
f 2320 2322 2202
f 2204 2322 2320
f 2204 2320 2203
f 2323 2322 2204
f 2204 2004 2323
f 2195 2313 2205
f 2324 2205 2313
f 2315 2324 2313
f 2324 2325 2205
f 1999 2325 2326
f 2318 2327 2315
f 2325 2328 2326
f 2328 2325 2324
f 2327 2324 2315
f 2324 2327 2328
f 2329 2328 2327
f 2330 2329 2327
f 2325 1999 2205
f 2318 2315 2314
f 2330 2327 2318
f 2318 2319 2330
f 2331 2330 2319
f 2330 2332 2329
f 1999 2326 2001
f 2001 1872 1999
f 2001 2067 2013
f 2001 2013 2000
f 2068 2326 2328
f 2068 2067 2326
f 2070 2068 2328
f 2328 2329 2070
f 2333 2070 2329
f 2329 2332 2333
f 2326 2067 2001
f 2330 2331 2334
f 2332 2330 2334
f 2335 2336 2334
f 2337 2070 2333
f 2332 2337 2333
f 2332 2338 2337
f 2070 2337 2072
f 2339 2072 2337
f 2080 2072 2339
f 2338 2339 2337
f 2338 2332 2334
f 2334 2336 2338
f 2338 2336 2340
f 2341 2340 2336
f 2335 2341 2336
f 2322 2342 2321
f 2319 2321 2342
f 2342 2331 2319
f 2323 2342 2322
f 2323 2331 2342
f 2323 2343 2331
f 2343 2323 2344
f 2212 2004 2204
f 2002 2004 2212
f 2004 2344 2323
f 2003 2344 2004
f 2344 2003 2345
f 2343 2334 2331
f 2335 2334 2343
f 2346 2347 2343
f 2347 2335 2343
f 2345 2343 2344
f 2345 2346 2343
f 2345 2348 2346
f 2349 2348 2345
f 2348 2347 2346
f 2349 2350 2348
f 2350 2347 2348
f 2347 2350 2351
f 2335 2347 2352
f 2005 2002 2212
f 2213 2005 2212
f 2002 2006 2003
f 2353 2006 2005
f 2354 2006 2353
f 2006 2354 2355
f 2219 2213 2216
f 2219 2005 2213
f 2221 2353 2005
f 2219 2221 2005
f 2221 2354 2353
f 2221 2356 2354
f 2355 2357 2006
f 2003 2006 2345
f 2006 2357 2345
f 2357 2349 2345
f 2349 2357 2358
f 2359 2350 2349
f 2360 2350 2359
f 2358 2359 2349
f 2357 2355 2361
f 2361 2358 2357
f 2362 2355 2354
f 2361 2355 2362
f 2356 2362 2354
f 2007 2361 2362
f 2007 2363 2361
f 2358 2361 2363
f 2358 2363 2360
f 2359 2358 2360
f 2356 2221 2222
f 2362 2356 2007
f 1890 2356 2222
f 2007 2009 2363
f 2007 2356 2010
f 1890 2010 2356
f 1890 1889 2010
f 1889 2011 2010
f 2013 2016 2014
f 2013 2067 2071
f 2016 2071 2075
f 2013 2071 2016
f 2339 2081 2080
f 2340 2081 2339
f 2081 2340 2364
f 2364 2083 2081
f 2338 2340 2339
f 2364 2365 2083
f 2364 2340 2366
f 2352 2367 2341
f 2366 2340 2367
f 2366 2365 2364
f 2341 2367 2340
f 1599 2083 2365
f 1599 2365 2084
f 1600 2084 1601
f 2368 1601 2084
f 2365 2369 2084
f 2369 2368 2084
f 2369 2365 2366
f 2369 2366 2370
f 2367 2370 2366
f 2370 2367 2371
f 2370 2368 2369
f 2370 2031 2368
f 2024 2031 2370
f 2024 2370 2371
f 2351 2019 2347
f 2351 2372 2019
f 2373 2019 2372
f 2019 2373 2374
f 2373 2375 2374
f 2376 2377 2378
f 2352 2341 2335
f 2352 2347 2018
f 2019 2018 2347
f 2018 2367 2352
f 2367 2018 2017
f 2017 2019 2374
f 2367 2017 2371
f 2374 2379 2371
f 2374 2371 2017
f 2379 2024 2371
f 2377 2024 2379
f 2378 2374 2375
f 2378 2379 2374
f 2379 2378 2377
f 2368 2109 1601
f 2109 2368 2031
f 2109 2031 2110
f 2031 2106 2110
f 2106 2107 2110
f 2020 2106 2031
f 2020 2031 2021
f 2032 2023 2377
f 2032 2377 2376
f 2032 2376 2034
f 2380 2034 2376
f 2034 2038 2033
f 2377 2023 2024
f 2350 2360 2351
f 2372 2351 2360
f 2372 2360 2381
f 2039 2373 2372
f 2372 2381 2039
f 2382 2373 2039
f 2041 2382 2039
f 2381 2360 2363
f 2039 2381 2040
f 2375 2373 2382
f 2375 2382 2383
f 2375 2383 2378
f 2384 2378 2383
f 2382 2041 2383
f 2384 2376 2378
f 2385 2376 2384
f 2385 2384 2383
f 2383 2041 2386
f 2386 2385 2383
f 2009 2043 2363
f 2009 2008 2043
f 2381 2363 2043
f 2381 2043 2040
f 2043 2387 2040
f 2387 2041 2040
f 2042 2387 2043
f 2388 2387 2042
f 2386 2041 2387
f 2049 2386 2387
f 2049 2047 2386
f 2387 2388 2389
f 2049 2389 2390
f 2390 2046 2049
f 2391 2390 2389
f 2390 2391 2392
f 2389 2049 2387
f 2380 2376 2385
f 2038 2380 2385
f 2038 2034 2380
f 2047 2385 2386
f 2047 2038 2385
f 2045 2038 2047
f 2051 2045 2046
f 2393 2046 2390
f 2392 2393 2390
f 2394 2393 2392
f 2046 2393 2395
f 2395 2051 2046
f 2395 2393 2394
f 2396 2397 2395
f 2051 2397 2050
f 2398 2048 2052
f 2399 2052 2050
f 2400 2052 2399
f 2397 2051 2395
f 2397 2401 2050
f 2401 2397 2402
f 2403 2401 2402
f 2404 2399 2050
f 2404 2050 2401
f 2403 2404 2401
f 2262 2044 2011
f 2405 2044 2262
f 2044 2388 2042
f 2388 2044 2406
f 2406 2407 2388
f 2299 2405 2262
f 2405 2406 2044
f 2299 2406 2405
f 2299 2301 2406
f 2406 2301 2303
f 2389 2388 2407
f 2389 2407 2391
f 2407 2406 2303
f 2408 2392 2391
f 2409 2391 2407
f 2408 2391 2409
f 2308 2407 2303
f 2308 2409 2407
f 2302 2308 2303
f 2410 2409 2308
f 2411 2408 2410
f 2410 2408 2409
f 1991 2410 2308
f 1991 2308 2307
f 1991 2411 2410
f 2392 2412 2394
f 2392 2408 2412
f 2408 2413 2412
f 2413 2394 2412
f 2395 2394 2414
f 2414 2396 2395
f 2053 2396 2414
f 2413 2414 2394
f 2413 2408 2415
f 2411 2415 2408
f 2416 2414 2413
f 2414 2416 2053
f 2413 2415 2416
f 2416 2415 2417
f 2418 2416 2417
f 2055 2402 2396
f 2055 2403 2402
f 2402 2397 2396
f 2053 2055 2396
f 2419 2404 2403
f 2420 2404 2419
f 2055 2419 2403
f 2416 2418 2053
f 2053 2418 2054
f 1966 2419 2055
f 1966 2420 2419
f 2420 1966 2310
f 2311 2415 2411
f 2411 1991 2311
f 2417 2415 2311
f 2417 2311 2418
f 2421 2418 2311
f 1967 2311 1968
f 1967 2421 2311
f 1964 2054 2418
f 2421 1964 2418
f 1964 1966 2054
f 1967 1964 2421
f 2105 2100 2107
f 2105 2102 2100
f 2101 2109 2110
f 2107 2100 2110
f 1836 2180 2183
f 1831 2183 2188
f 2298 2267 2279
f 2422 1333 1332
f 1333 2422 2423
f 2424 2425 1336
f 2425 2424 2426
f 2427 2428 2426
f 2428 2427 2429
f 2429 2430 2428
f 2431 2429 2432
f 2433 2431 2432
f 2433 2434 2431
f 2435 929 930
f 932 929 2435
f 930 931 2436
f 2435 930 2437
f 2436 2437 930
f 934 2438 2439
f 936 932 2440
f 933 936 937
f 2435 2440 932
f 937 2438 934
f 2441 2440 2435
f 2435 2437 2441
f 2441 2442 2440
f 2438 2443 2439
f 2444 2440 2442
f 2439 2443 2445
f 2441 2437 2446
f 2446 2442 2441
f 2447 2448 2442
f 2449 2446 2437
f 2442 2446 2447
f 2442 2448 2450
f 2451 2447 2446
f 2451 2446 2452
f 2448 2447 2453
f 2447 2451 2453
f 931 394 2454
f 2454 394 393
f 931 2454 2436
f 393 1457 2454
f 2436 2454 2455
f 2455 2454 1457
f 1457 1458 2456
f 2456 2455 1457
f 2457 2436 2455
f 2436 2449 2437
f 2456 1458 1460
f 2458 2455 2456
f 2456 1460 2459
f 2436 2457 2449
f 2457 2455 2458
f 2460 2457 2458
f 1460 1461 2459
f 2456 2459 2458
f 2458 2459 2461
f 2460 2458 2461
f 2462 2460 2461
f 2459 1461 1464
f 1462 1464 1461
f 2463 2446 2449
f 2463 2449 2457
f 2460 2463 2457
f 2452 2446 2463
f 2462 2463 2460
f 945 944 2464
f 945 2464 2465
f 2430 2466 2428
f 2445 2443 2467
f 2468 2469 2465
f 2470 2469 2468
f 2470 2471 2469
f 950 945 953
f 953 945 2465
f 953 2465 2469
f 2472 953 2469
f 953 2472 952
f 2472 2469 2471
f 2472 2471 2473
f 2471 2470 2474
f 2475 2471 2474
f 2471 2475 2473
f 2476 2477 2453
f 2451 2478 2479
f 2451 2479 2453
f 2479 2476 2453
f 2480 2461 2459
f 2481 2462 2461
f 2481 2461 2482
f 2461 2480 2482
f 1464 2480 2459
f 2480 1464 1483
f 1464 1465 1483
f 2480 1483 2483
f 2481 2482 2484
f 2485 2482 2480
f 2486 2482 2485
f 2485 2480 2483
f 2486 2484 2482
f 2486 2487 2484
f 2478 2451 2452
f 2488 2452 2463
f 2478 2452 2488
f 2488 2489 2478
f 2462 2481 2463
f 2463 2481 2488
f 2489 2479 2478
f 2490 2489 2488
f 2489 2490 2491
f 2491 2492 2489
f 2489 2493 2479
f 2493 2476 2479
f 2492 2493 2489
f 2494 2493 2492
f 2495 2476 2493
f 2495 2496 2476
f 2494 2495 2493
f 2484 2490 2481
f 2490 2488 2481
f 2484 2491 2490
f 1484 2483 1483
f 2483 1484 1503
f 2485 2497 2486
f 2485 2483 2497
f 2498 2487 2486
f 1503 2497 2483
f 2499 2486 2497
f 2498 2486 2499
f 2500 2497 1503
f 2501 2499 2497
f 2501 2497 2500
f 2501 2502 2499
f 2492 2491 2503
f 2504 2495 2494
f 2494 2492 2505
f 2503 2505 2492
f 2494 2505 2504
f 2506 2495 2504
f 2505 2503 2507
f 2508 2507 2503
f 2507 2504 2505
f 2506 2504 2509
f 2510 2504 2507
f 2510 2509 2504
f 2491 2484 2487
f 2498 2491 2487
f 2508 2491 2498
f 2503 2491 2508
f 2508 2498 2511
f 2499 2511 2498
f 2502 2511 2499
f 2512 2513 2514
f 2514 2515 2512
f 2516 2517 2518
f 2519 2518 2520
f 2521 2518 2517
f 2522 2518 2521
f 2523 2524 2515
f 2525 2521 2517
f 2525 2517 2526
f 2522 2520 2518
f 2521 2527 2522
f 2522 2528 2520
f 2513 2477 2496
f 2496 2514 2513
f 2529 2530 2531
f 2532 2531 2533
f 2534 2532 2533
f 2506 2496 2495
f 2535 2523 2515
f 2535 2515 2514
f 2496 2536 2514
f 2535 2514 2536
f 2535 2537 2523
f 2536 2509 2538
f 2538 2537 2535
f 2538 2535 2536
f 2472 999 952
f 2539 999 2472
f 2539 2472 2473
f 990 952 999
f 2473 2540 2539
f 1484 1483 1480
f 2541 2540 2542
f 2542 2543 2544
f 2545 2539 2540
f 2540 2546 2545
f 2541 2542 2544
f 1002 998 999
f 2547 1002 999
f 999 2539 2547
f 2539 2545 2547
f 2545 2548 2547
f 2549 1092 1002
f 1002 2547 2548
f 2550 2548 2551
f 2549 2548 2550
f 2549 1002 2548
f 2551 2545 2546
f 2545 2551 2548
f 2552 2553 2554
f 2502 2501 2500
f 2555 2511 2502
f 2511 2555 2556
f 2557 2510 2507
f 2508 2557 2507
f 2557 2558 2510
f 2511 2559 2508
f 2559 2557 2508
f 2560 2557 2559
f 2560 2558 2557
f 2556 2559 2511
f 2561 2560 2559
f 2562 2563 2561
f 2563 2558 2560
f 2561 2563 2560
f 2563 2564 2558
f 2559 2556 2561
f 2510 2558 2564
f 2564 2565 2510
f 2566 2565 2564
f 2561 2567 2562
f 2568 2562 2567
f 2562 2568 2569
f 2562 2570 2563
f 2570 2564 2563
f 2562 2569 2570
f 2564 2570 2571
f 2572 2573 2574
f 2564 2571 2566
f 2566 2571 2572
f 2571 2573 2572
f 2575 2570 2569
f 2576 2527 2521
f 2576 2521 2525
f 2527 2576 2577
f 2578 2522 2527
f 2527 2577 2578
f 2525 2579 2576
f 2580 2576 2579
f 2580 2581 2576
f 2582 2580 2579
f 2576 2581 2577
f 2581 2583 2577
f 2577 2583 2578
f 2578 2583 2584
f 2583 2581 2585
f 2585 2584 2583
f 2522 2578 2528
f 2528 2578 2584
f 2538 2586 2537
f 2586 2587 2537
f 2586 2538 2588
f 2589 2590 2591
f 2592 2593 2594
f 1504 1503 1485
f 1503 1504 2595
f 2595 2500 1503
f 2596 2500 2595
f 2500 2597 2502
f 2502 2597 2555
f 2597 2500 2596
f 2596 2598 2597
f 2597 2598 2555
f 2595 1504 1509
f 2595 1509 2596
f 2599 2596 1509
f 2596 2599 2598
f 2598 2599 2600
f 2556 2555 2598
f 2600 2556 2598
f 2600 2601 2556
f 2600 2599 2601
f 1513 2599 1509
f 1513 1509 1510
f 2601 2599 1513
f 2601 1513 2602
f 2601 2561 2556
f 2601 2567 2561
f 2602 2567 2601
f 2602 1513 1516
f 1559 2603 1516
f 1516 2603 2602
f 2568 2567 2602
f 2568 2602 2603
f 2568 2603 2604
f 2568 2604 2605
f 2568 2605 2569
f 2605 2606 2569
f 1512 1516 1513
f 2570 2575 2571
f 2571 2575 2607
f 2571 2607 2573
f 2608 2609 2610
f 1559 2604 2603
f 1567 2604 1559
f 2604 1567 2605
f 2605 2611 2606
f 2612 2606 2611
f 2613 2605 1567
f 2613 2611 2605
f 2614 2615 2616
f 2616 2612 2614
f 2612 2611 2614
f 1567 1568 2613
f 1572 2613 1568
f 2614 1572 2617
f 2613 1572 2611
f 2611 1572 2614
f 2615 2614 2617
f 2569 2606 2575
f 2607 2575 2612
f 2607 2612 2618
f 2618 2612 2616
f 2612 2575 2606
f 1572 1574 2617
f 2619 2617 1574
f 1576 2619 1574
f 2617 2619 2615
f 2620 2621 2622
f 2621 2620 2623
f 2624 2625 2626
f 2627 2624 2626
f 2621 2623 2628
f 2629 2625 2624
f 2627 2628 2624
f 2630 2631 2632
f 2631 2630 2633
f 2634 2633 2630
f 2630 2622 2634
f 2634 2622 2621
f 2635 2633 2634
f 2636 2621 2628
f 2634 2621 2636
f 2635 2637 2633
f 2638 2637 2635
f 2638 2635 2639
f 2635 2634 2636
f 2635 2636 2639
f 2640 2629 2641
f 2642 2026 2027
f 2643 2642 2027
f 2640 2625 2629
f 2626 2640 2642
f 2626 2625 2640
f 2626 2642 2643
f 2026 2642 2108
f 1092 1003 1002
f 2549 2644 1092
f 2550 2644 2549
f 2645 1092 2644
f 1092 2645 1094
f 1094 2645 2646
f 2644 2647 2645
f 2646 1098 1094
f 2648 1098 2646
f 1098 2649 1101
f 2649 1098 2648
f 2650 2648 2651
f 2652 2650 2651
f 2653 2654 2655
f 2653 2655 2656
f 2657 2656 2655
f 2658 2653 2656
f 2659 2656 2657
f 2660 2659 2661
f 1101 2649 2662
f 2648 2662 2649
f 2663 2648 2650
f 2663 2662 2648
f 1130 1125 1132
f 2662 1132 1125
f 1132 2662 2663
f 1132 2663 2664
f 2650 2665 2663
f 2665 2650 2652
f 2665 2652 2666
f 2667 2665 2666
f 2665 2668 2663
f 2664 2663 2668
f 2669 1132 2664
f 1131 1132 2669
f 2669 2670 1131
f 2671 2670 2669
f 2664 2668 2672
f 2669 2664 2671
f 2671 2664 2673
f 2673 2664 2672
f 2674 2672 2675
f 2673 2672 2674
f 2676 2670 2671
f 2677 2676 2671
f 2673 2674 2678
f 2677 2671 2673
f 2678 2679 2673
f 2666 2652 2680
f 2666 2680 2681
f 2666 2681 2682
f 2667 2666 2682
f 2675 2667 2682
f 2683 2682 2684
f 2685 2686 2687
f 2685 2688 2689
f 2689 2686 2685
f 2689 2684 2686
f 2690 2684 2689
f 2678 2674 2675
f 2679 2678 2691
f 2691 2692 2679
f 2693 2689 2688
f 2694 2693 2695
f 2690 2689 2696
f 2683 2690 2696
f 2691 2696 2692
f 2696 2689 2693
f 2694 2696 2693
f 2697 2638 2698
f 2699 2698 2638
f 2699 2638 2700
f 2701 2702 2699
f 2703 2701 2699
f 2704 2701 2705
f 2705 2701 2703
f 2706 2627 2626
f 2706 2707 2627
f 2708 2707 2706
f 2709 2710 2711
f 2709 2708 2706
f 2708 2709 2711
f 2711 2712 2713
f 2700 2638 2639
f 2628 2639 2636
f 2714 2639 2628
f 2639 2714 2715
f 2700 2639 2715
f 2715 2716 2700
f 2714 2717 2715
f 2716 2715 2703
f 2718 2719 2715
f 2699 2700 2716
f 2703 2699 2716
f 2715 2719 2703
f 2705 2720 2704
f 2705 2721 2720
f 2721 2703 2719
f 2705 2703 2721
f 2722 2720 2721
f 2721 2723 2722
f 2724 2723 2725
f 2722 2724 2726
f 2710 2727 2728
f 2729 2727 2730
f 2711 2728 2712
f 2731 2732 2733
f 2732 2728 2727
f 2729 2732 2727
f 2728 2732 2731
f 2734 2729 2730
f 2735 2729 2734
f 2735 2733 2732
f 2729 2735 2732
f 2733 2735 2736
f 2737 2733 2736
f 2733 2737 2738
f 2735 2739 2736
f 2718 2740 2719
f 2741 2738 2742
f 2743 2725 2742
f 2742 2738 2744
f 2725 2723 2745
f 2746 2724 2725
f 2743 2746 2725
f 2747 2733 2738
f 2654 2608 2748
f 2655 2654 2749
f 2750 2751 2752
f 2750 2753 2754
f 2750 2752 2753
f 2685 2687 2755
f 2688 2685 2755
f 2688 2755 2756
f 2756 2720 2722
f 2693 2688 2757
f 2757 2688 2756
f 2693 2757 2695
f 2758 2757 2756
f 2758 2756 2722
f 2695 2757 2758
f 2722 2726 2758
f 2676 2677 2759
f 2677 2673 2679
f 2677 2760 2759
f 2760 2677 2761
f 2762 2760 2761
f 2763 1250 1131
f 2670 2763 1131
f 1252 1250 2763
f 2763 2670 2676
f 2763 2676 2759
f 2759 2764 2763
f 2764 1252 2763
f 1259 1252 2764
f 2759 2765 2764
f 2766 2764 2765
f 2767 2759 2760
f 2765 2759 2767
f 2767 2760 2762
f 2768 2767 2762
f 1259 2764 2766
f 2769 2766 2765
f 2770 1258 1259
f 2770 1259 2769
f 1259 2766 2769
f 2771 2770 2769
f 2771 2769 2772
f 2765 2767 2773
f 2773 2767 2768
f 2769 2765 2773
f 2774 2768 2762
f 2773 2772 2769
f 2772 2773 2775
f 2768 2775 2773
f 2776 2775 2768
f 2777 2775 2776
f 2677 2679 2761
f 2778 2679 2692
f 2761 2679 2778
f 2778 2692 2779
f 2762 2761 2780
f 2774 2762 2780
f 2780 2761 2781
f 2781 2761 2778
f 2781 2778 2779
f 2692 2696 2782
f 2779 2692 2782
f 2694 2782 2696
f 2782 2694 2783
f 2781 2784 2780
f 2784 2781 2779
f 2784 2779 2785
f 2782 2785 2779
f 2785 2782 2786
f 2785 2786 2787
f 2785 2787 2788
f 2788 2784 2785
f 2787 2786 2789
f 2790 2774 2780
f 2790 2768 2774
f 2776 2768 2790
f 2791 2776 2790
f 2784 2790 2780
f 2791 2790 2784
f 2788 2791 2784
f 1258 2770 1290
f 1290 2770 2771
f 2792 2793 2771
f 1292 1291 1297
f 2792 2771 2772
f 2792 2772 2775
f 2792 2775 2777
f 2793 2792 2794
f 2795 2794 2796
f 2797 1308 2795
f 2798 2797 2795
f 1311 1308 2797
f 1311 2799 1310
f 2800 1311 2801
f 2801 2797 2798
f 2802 2803 2804
f 2804 2805 2802
f 2798 2795 2796
f 2798 2806 2807
f 2788 2787 2808
f 2809 2788 2808
f 2787 2810 2811
f 2811 2808 2787
f 2808 2812 2809
f 2813 2809 2812
f 2808 2811 2812
f 2812 2814 2815
f 2812 2815 2813
f 2814 2816 2815
f 2815 2816 2817
f 2791 2818 2776
f 2777 2776 2818
f 2819 2818 2791
f 2820 2818 2819
f 2819 2791 2788
f 2788 2809 2819
f 2821 2820 2819
f 2820 2821 2822
f 2823 2819 2809
f 2823 2821 2819
f 2813 2823 2809
f 2803 2820 2822
f 2824 2803 2822
f 2803 2824 2825
f 2824 2822 2821
f 2821 2823 2824
f 2804 2803 2825
f 2824 2813 2826
f 2826 2825 2824
f 2827 2825 2826
f 2828 2827 2826
f 2824 2823 2813
f 2826 2813 2815
f 2826 2815 2817
f 2746 2829 2724
f 2829 2746 2830
f 2746 2831 2830
f 2832 2829 2830
f 2833 2830 2834
f 2835 2830 2833
f 2836 2737 2736
f 2836 2736 2837
f 2838 2836 2837
f 2837 2736 2739
f 2839 2837 2739
f 2840 2737 2836
f 2836 2838 2840
f 2841 2842 2839
f 2842 2837 2839
f 2838 2837 2842
f 2843 2844 2312
f 2843 2312 1994
f 2312 1965 1994
f 2843 2845 2844
f 2846 2840 2847
f 2847 2840 2848
f 2848 2845 2847
f 2849 2845 2843
f 2849 2847 2845
f 2737 2744 2738
f 2744 2737 2850
f 2744 2743 2742
f 2744 2851 2743
f 2852 2744 2850
f 2744 2852 2851
f 2853 2851 2852
f 2831 2746 2851
f 2851 2746 2743
f 2840 2850 2737
f 2846 2852 2850
f 2853 2852 2846
f 2854 2846 2855
f 2846 2856 2853
f 2856 2857 2853
f 2858 2857 2856
f 2854 2856 2846
f 2831 2851 2853
f 2831 2857 2834
f 2853 2857 2831
f 2834 2830 2831
f 2857 2833 2834
f 2858 2833 2857
f 2846 2850 2840
f 2833 2859 2835
f 2860 2861 2859
f 2862 2863 2860
f 2863 2861 2860
f 2864 2849 2843
f 2843 1994 2864
f 2865 2864 1994
f 2849 2864 2866
f 2849 2867 2847
f 2867 2849 2868
f 2855 2846 2867
f 2867 2846 2847
f 2849 2866 2868
f 2869 2867 2868
f 2870 2869 2868
f 1997 2865 1994
f 2865 2866 2864
f 2865 2871 2866
f 2872 2868 2866
f 2870 2868 2872
f 2872 2866 2871
f 2869 2855 2867
f 2856 2854 2858
f 2858 2854 2873
f 2869 2854 2855
f 2854 2869 2874
f 2870 2874 2869
f 2874 2873 2854
f 2859 2833 2873
f 2873 2833 2858
f 2860 2859 2862
f 2862 2859 2873
f 2862 2873 2874
f 2875 2862 2874
f 2875 2874 2870
f 2875 2876 2877
f 2878 2870 2872
f 2878 2875 2870
f 2862 2875 2879
f 2863 2862 2879
f 2875 2877 2879
f 2783 2694 2695
f 2758 2783 2695
f 2783 2758 2880
f 2786 2783 2880
f 2880 2758 2881
f 2782 2783 2786
f 2882 2786 2880
f 2883 2882 2880
f 2789 2882 2883
f 2883 2884 2789
f 2884 2883 2885
f 2882 2789 2786
f 2789 2810 2787
f 2883 2886 2885
f 2886 2832 2885
f 2885 2832 2830
f 2835 2885 2830
f 2810 2884 2887
f 2884 2888 2887
f 2889 2887 2888
f 2890 2887 2889
f 2890 2811 2810
f 2810 2887 2890
f 2884 2885 2835
f 2835 2888 2884
f 2835 2891 2888
f 2891 2835 2859
f 2888 2891 2889
f 2892 2889 2891
f 2861 2891 2859
f 2892 2891 2861
f 2811 2893 2814
f 2893 2816 2814
f 2894 2816 2893
f 2895 2816 2894
f 2896 2892 2861
f 2706 2626 2643
f 2643 2027 2028
f 2028 2029 2897
f 2028 2897 2709
f 2710 2709 2897
f 2036 2897 2029
f 2897 2036 2898
f 2710 2897 2898
f 2710 2898 2727
f 2398 2898 2036
f 2398 2727 2898
f 2048 2398 2036
f 2730 2727 2398
f 899 1334 1332
f 1332 1334 2422
f 2899 2900 1334
f 2422 1334 2900
f 2900 2901 2422
f 2902 2901 2900
f 1331 1333 1336
f 2903 1336 1333
f 2423 2903 1333
f 2425 1329 1336
f 2425 1337 1329
f 2904 2423 2422
f 2903 2424 1336
f 2905 2423 2904
f 2901 2904 2422
f 2903 2426 2424
f 2906 2904 2901
f 2903 2427 2426
f 2902 2906 2901
f 2423 2905 2903
f 2903 2905 2427
f 2904 2907 2905
f 2904 2906 2907
f 2905 2429 2427
f 2907 2432 2905
f 2906 2908 2907
f 2908 2433 2907
f 2907 2433 2432
f 2429 2905 2432
f 2430 2429 2431
f 2909 2430 2431
f 2899 1334 935
f 935 934 2899
f 2439 2899 934
f 2899 2910 2900
f 2910 2902 2900
f 2910 2899 2439
f 2911 937 936
f 2444 2911 936
f 2438 937 2911
f 2440 2444 936
f 2444 2443 2911
f 2911 2443 2438
f 2450 2444 2442
f 2450 2443 2444
f 2443 2450 2467
f 2450 2448 2912
f 2453 2912 2448
f 1345 1337 2425
f 1344 2464 944
f 1344 1345 2425
f 1344 2425 2913
f 2464 1344 2913
f 2910 2439 2445
f 2426 2914 2425
f 2914 2913 2425
f 2913 2914 2915
f 2915 2464 2913
f 2464 2915 2468
f 2468 2465 2464
f 2908 2906 2902
f 2910 2908 2902
f 2428 2914 2426
f 2428 2466 2914
f 2916 2433 2908
f 2917 2908 2910
f 2917 2916 2908
f 2917 2910 2445
f 2918 2445 2467
f 2467 2450 2912
f 2918 2917 2445
f 2918 2512 2917
f 2912 2918 2467
f 2919 2918 2912
f 2919 2512 2918
f 2477 2919 2912
f 2914 2920 2915
f 2468 2915 2920
f 2920 2914 2466
f 2466 2430 2921
f 2466 2922 2920
f 2922 2466 2923
f 2920 2470 2468
f 2470 2920 2922
f 2924 2470 2922
f 2470 2924 2474
f 2924 2925 2474
f 2926 2474 2925
f 2474 2926 2475
f 2925 2529 2926
f 2475 2540 2473
f 2927 2475 2926
f 2540 2475 2927
f 2434 2433 2916
f 2928 2434 2916
f 2928 2916 2929
f 2928 2929 2930
f 2434 2931 2431
f 2928 2931 2434
f 2516 2431 2931
f 2431 2516 2909
f 2930 2931 2928
f 2929 2916 2917
f 2512 2929 2917
f 2453 2477 2912
f 2512 2919 2513
f 2513 2919 2477
f 2932 2929 2512
f 2515 2932 2512
f 2932 2930 2929
f 2921 2430 2909
f 2921 2933 2923
f 2933 2921 2909
f 2923 2466 2921
f 2909 2934 2933
f 2934 2935 2933
f 2922 2923 2936
f 2936 2923 2933
f 2924 2922 2937
f 2937 2922 2936
f 2924 2937 2938
f 2937 2936 2939
f 2940 2937 2939
f 2941 2938 2937
f 2941 2937 2940
f 2936 2933 2939
f 2933 2935 2939
f 2939 2935 2942
f 2940 2939 2942
f 2943 2942 2935
f 2944 2517 2930
f 2517 2516 2931
f 2516 2519 2909
f 2930 2517 2931
f 2516 2518 2519
f 2524 2930 2932
f 2524 2944 2930
f 2944 2524 2526
f 2515 2524 2932
f 2944 2526 2517
f 2945 2526 2524
f 2946 2526 2945
f 2934 2909 2519
f 2947 2935 2934
f 2934 2519 2520
f 2520 2947 2934
f 2943 2935 2947
f 2948 2943 2947
f 2947 2520 2949
f 2949 2948 2947
f 2943 2948 2950
f 2949 2520 2528
f 2476 2496 2477
f 2924 2938 2530
f 2925 2924 2530
f 2925 2530 2529
f 2941 2530 2938
f 2941 2531 2530
f 2531 2941 2533
f 2941 2940 2533
f 2533 2940 2942
f 2951 2529 2531
f 2951 2531 2952
f 2951 2926 2529
f 2542 2926 2951
f 2953 2951 2952
f 2952 2531 2532
f 2952 2532 2534
f 2954 2952 2534
f 2496 2506 2536
f 2945 2524 2523
f 2537 2945 2523
f 2506 2509 2536
f 2943 2955 2942
f 2955 2943 2950
f 2533 2942 2955
f 2955 2950 2956
f 2957 2533 2955
f 2956 2957 2955
f 2957 2956 2958
f 2948 2956 2950
f 2959 2956 2948
f 2959 2948 2960
f 2958 2956 2959
f 2959 2961 2958
f 2961 2959 2960
f 2533 2957 2534
f 2534 2957 2962
f 2954 2534 2962
f 2963 2962 2957
f 2964 2961 2960
f 2965 2961 2964
f 2961 2965 2966
f 2965 2964 2967
f 2967 2964 2968
f 2927 2926 2542
f 2927 2542 2540
f 2543 2542 2951
f 2543 2951 2953
f 2969 2543 2953
f 2952 2970 2953
f 2952 2954 2970
f 2554 2970 2954
f 2553 2953 2970
f 2554 2553 2970
f 2971 2554 2954
f 2971 2972 2554
f 2963 2954 2962
f 2971 2954 2963
f 2971 2963 2973
f 2966 2963 2961
f 2973 2963 2966
f 2971 2974 2972
f 2974 2971 2973
f 2966 2965 2967
f 2966 2967 2968
f 2973 2966 2975
f 2976 2975 2968
f 2975 2966 2968
f 2977 2972 2974
f 2974 2978 2977
f 2979 2977 2978
f 2975 2978 2973
f 2973 2978 2974
f 2980 2979 2978
f 2978 2975 2976
f 2981 2978 2976
f 2980 2978 2981
f 2546 2540 2541
f 2546 2541 2982
f 2541 2544 2982
f 2983 2984 2544
f 2546 2982 2551
f 2982 2544 2984
f 2982 2984 2985
f 2986 2982 2985
f 2987 2551 2982
f 2987 2982 2986
f 2987 2986 2988
f 2551 2987 2550
f 2988 2986 2985
f 2988 2985 2989
f 2553 2969 2953
f 2543 2969 2553
f 2983 2544 2543
f 2990 2984 2983
f 2543 2553 2983
f 2983 2553 2990
f 2990 2553 2552
f 2552 2554 2972
f 2977 2552 2972
f 2985 2984 2990
f 2991 2985 2990
f 2991 2990 2992
f 2990 2552 2993
f 2992 2990 2993
f 2993 2552 2994
f 2989 2985 2991
f 2995 2991 2992
f 2989 2991 2996
f 2996 2991 2995
f 2992 2993 2994
f 2992 2994 2997
f 2995 2992 2998
f 2998 2992 2997
f 2998 2997 2999
f 2994 2552 2977
f 2979 2994 2977
f 3000 2994 2979
f 3001 2994 3000
f 3000 2979 2980
f 2980 2981 3002
f 3001 3000 2980
f 3002 3001 2980
f 3001 2997 2994
f 3001 2999 2997
f 3003 2999 3001
f 3002 3003 3001
f 3004 3003 3002
f 3002 2981 2608
f 2588 2509 2510
f 2588 2510 2565
f 2588 2565 2586
f 2586 2565 2566
f 2586 2566 2572
f 3005 3006 2582
f 3007 3006 3005
f 3008 3006 3009
f 3007 3009 3006
f 3010 3007 3005
f 3007 3010 2574
f 2572 2574 2587
f 2574 3011 3007
f 2618 2574 2573
f 2573 2607 2618
f 2618 3011 2574
f 3012 2579 2946
f 2526 2579 2525
f 2946 2579 2526
f 3012 3013 2579
f 3013 2582 2579
f 3014 2582 3013
f 3015 2585 2581
f 2528 3016 2949
f 2528 2584 3016
f 2949 3016 2948
f 2960 2948 3016
f 3015 2580 3017
f 3017 2580 2582
f 3015 2581 2580
f 3018 2585 3015
f 3015 3017 3018
f 3018 3017 3019
f 2945 3012 2946
f 2945 3020 3012
f 2945 2537 3020
f 3020 3013 3012
f 3013 3020 3010
f 2587 3020 2537
f 3010 3020 2587
f 3021 2585 3022
f 2538 2509 2588
f 2572 2587 2586
f 2964 2960 3023
f 3024 3023 2960
f 3024 2960 3016
f 3021 2584 2585
f 3016 2584 3021
f 3024 3016 3021
f 3025 3021 3022
f 3026 3021 3025
f 3026 3024 3021
f 3026 3027 3024
f 3023 3024 3028
f 3029 3028 3030
f 3031 2968 3029
f 3029 2968 3028
f 2968 2964 3023
f 2968 3023 3028
f 3028 3024 3027
f 3030 3028 3027
f 3032 3030 3027
f 3032 3029 3030
f 3013 3010 3014
f 3010 3005 3014
f 3005 2582 3014
f 3022 2585 3018
f 3033 3034 3018
f 3035 3018 3034
f 3035 3022 3018
f 3025 3022 3035
f 3006 3017 2582
f 3008 3017 3006
f 3017 3008 3019
f 3033 3019 3008
f 3033 3018 3019
f 3034 3033 2593
f 2587 2574 3010
f 3036 3035 3034
f 2591 3036 3034
f 3034 2593 3037
f 3037 3038 3034
f 3034 3038 2591
f 2590 3027 3026
f 3036 3026 3025
f 2590 3026 3036
f 3035 3036 3025
f 3032 3027 2590
f 2590 3036 2591
f 3009 3039 3008
f 3009 3040 3039
f 3041 3042 3007
f 3009 3007 3042
f 3040 3009 3042
f 3043 3039 3040
f 3040 3044 3043
f 2618 2616 3011
f 2616 3041 3011
f 3011 3041 3007
f 3045 3042 3041
f 3046 3042 3045
f 3044 3040 3042
f 2616 3045 3041
f 3047 2592 2594
f 3047 2594 3043
f 3045 3048 3046
f 3048 3049 3046
f 3048 3050 3049
f 3051 3049 3050
f 3049 3051 3052
f 3052 3051 3053
f 3046 3044 3042
f 3046 3049 3044
f 3049 3052 3044
f 3054 3044 3052
f 3053 3054 3052
f 3055 3054 3056
f 3054 3053 3056
f 3043 3044 3054
f 3055 3043 3054
f 3055 3047 3043
f 3057 3033 3008
f 3008 3039 3057
f 2593 3033 3057
f 3043 3057 3039
f 3057 3043 2594
f 2593 3057 2594
f 3037 2593 3058
f 3058 2593 2592
f 3059 2592 3047
f 3058 2592 3059
f 2976 2968 3031
f 3029 3032 3060
f 3031 3029 3060
f 2609 2976 3031
f 3060 3061 3031
f 3062 3061 3060
f 2609 3031 3061
f 3038 2589 2591
f 3038 3063 2589
f 3064 3063 3038
f 3065 3063 3064
f 3065 3064 3066
f 3067 3032 2590
f 3032 3067 3060
f 3067 2590 2589
f 2589 3068 3067
f 3068 2589 3063
f 3068 3060 3067
f 3069 3062 3060
f 3069 3068 3065
f 3069 3060 3068
f 3065 3068 3063
f 2609 2981 2976
f 3070 3061 3062
f 2609 3061 2610
f 2610 3061 3070
f 3062 3071 3070
f 2608 2981 2609
f 2610 3070 3071
f 3072 2610 3073
f 3073 2610 3071
f 2608 2610 3072
f 3064 2633 3066
f 2637 3066 2633
f 3071 3062 3069
f 3074 3069 3065
f 3069 3074 3071
f 3075 3071 3074
f 3075 3074 3076
f 3066 3074 3065
f 3077 3071 3075
f 3077 3075 3076
f 3071 3077 3073
f 3078 3073 3077
f 3079 3078 3077
f 3066 3076 3074
f 3080 3076 3066
f 3081 3076 3080
f 3080 3066 2637
f 3045 2615 3048
f 2616 2615 3045
f 2066 3082 3048
f 2619 2066 2615
f 3048 2615 2066
f 3083 3050 3082
f 3083 3082 2090
f 3083 2090 3084
f 2066 2065 3082
f 3082 2065 2090
f 3048 3082 3050
f 3051 3050 3083
f 3083 3084 3051
f 3053 3051 3084
f 3085 3056 3084
f 3084 3056 3053
f 2619 1578 2066
f 2619 1576 1578
f 3086 3056 3087
f 3088 3047 3055
f 3088 3059 3047
f 3088 2620 3059
f 2620 3088 3055
f 2620 3055 3056
f 2622 3059 2620
f 2623 3056 3086
f 2623 2620 3056
f 2629 3086 2641
f 2623 2624 2628
f 2629 2623 3086
f 2623 2629 2624
f 3058 3089 3037
f 2630 2632 3089
f 3038 3037 2632
f 3089 2632 3037
f 3038 2632 3064
f 3059 3089 3058
f 2630 3089 3059
f 2630 3059 2622
f 2631 3064 2632
f 2631 2633 3064
f 2090 2093 3084
f 3090 3084 2093
f 3085 3084 3090
f 2094 3090 2093
f 3090 2094 3091
f 3090 3091 2641
f 2641 3085 3090
f 3087 3056 3085
f 2641 3087 3085
f 3091 2094 2096
f 3091 2104 3092
f 3092 2641 3091
f 3092 2642 2640
f 2642 3092 2104
f 3086 3087 2641
f 2640 2641 3092
f 2104 3091 2096
f 2642 2104 2108
f 3093 2644 2550
f 3093 3094 2644
f 2647 2644 3094
f 3094 3095 2647
f 2987 3093 2550
f 2987 3096 3093
f 2987 2988 3096
f 3096 2988 2989
f 2996 3097 2989
f 3097 3096 2989
f 3095 3094 3093
f 3095 3093 3098
f 3093 3096 3098
f 3099 3095 3098
f 3098 3096 3097
f 3100 3098 3097
f 2645 2647 3095
f 2646 2645 3095
f 3095 3101 2646
f 2648 2646 3101
f 3100 3099 3098
f 3099 3100 3102
f 3103 3100 3104
f 3102 3100 3103
f 3101 3095 3099
f 2648 3101 2651
f 2651 3101 3099
f 2651 3099 3102
f 2651 3105 2652
f 3105 3103 3106
f 2680 3105 3106
f 3105 2680 2652
f 2995 3107 2996
f 3097 2996 3108
f 3108 2996 3107
f 2998 3109 2995
f 3109 2998 2999
f 3107 2995 3109
f 3110 3107 3109
f 3100 3097 3108
f 3104 3100 3108
f 3110 3104 3108
f 3111 3104 3110
f 3110 3108 3107
f 3109 3112 3110
f 3113 3112 3114
f 2999 3003 3115
f 3109 2999 3115
f 3115 3003 3004
f 2654 3004 3002
f 2654 3002 2608
f 2653 3004 2654
f 2653 3115 3004
f 3114 3109 3115
f 3112 3109 3114
f 2653 3114 3115
f 3103 3104 3106
f 2680 3106 3104
f 3116 3104 3111
f 3116 3111 3117
f 3104 3116 2680
f 3118 3111 3112
f 3118 3112 3113
f 3117 3111 3118
f 3118 3119 3117
f 3120 3118 3113
f 3119 3118 3120
f 3117 2680 3116
f 3117 3119 2680
f 3121 3119 3120
f 3121 3120 3122
f 2681 3119 3121
f 2680 3119 2681
f 2653 2658 3114
f 3113 3114 2658
f 2658 3122 3113
f 3122 3120 3113
f 2659 2658 2656
f 3121 3122 2660
f 2658 2660 3122
f 2660 2658 2659
f 3123 2681 3121
f 3123 3121 3124
f 3124 2660 2661
f 3121 2660 3124
f 2659 2657 3125
f 2659 3125 3126
f 3127 2661 2659
f 3127 2659 3126
f 1125 1101 2662
f 2665 2667 2668
f 2668 2667 2675
f 2672 2668 2675
f 2684 2682 2681
f 2684 2681 3123
f 2683 2675 2682
f 2690 2683 2684
f 2686 3123 3124
f 3123 2686 2684
f 3127 3124 2661
f 3124 3127 2686
f 3127 3128 2687
f 2686 3127 2687
f 2678 2675 2683
f 2691 2678 2683
f 2691 2683 2696
f 3072 3129 2608
f 3129 2748 2608
f 3129 3072 3073
f 3129 3073 3078
f 3129 3078 3130
f 3130 3131 3129
f 3132 3078 3133
f 3132 3130 3078
f 3134 3130 3132
f 3135 3132 3136
f 3079 3077 3076
f 3076 3081 3079
f 3078 3079 3133
f 3079 3081 3133
f 3133 3081 3136
f 2697 3080 2637
f 3081 3080 2697
f 2697 2637 2638
f 2698 3081 2697
f 3081 2698 3136
f 3132 3133 3136
f 2702 3136 2698
f 2702 2698 2699
f 3135 3134 3132
f 3137 3134 3135
f 3135 3138 3137
f 3135 3136 3139
f 3139 3136 2702
f 2704 3135 3139
f 2702 2701 3139
f 3135 2704 3138
f 2701 2704 3139
f 2751 3138 2704
f 2707 2628 2627
f 2707 2714 2628
f 2717 2714 2707
f 2707 2713 2717
f 2713 2707 2708
f 2712 2717 2713
f 2708 2711 2713
f 2717 2718 2715
f 3140 2751 2704
f 2704 2720 3140
f 2723 2724 2722
f 2712 2728 2731
f 2731 3141 2712
f 2710 2728 2711
f 3142 3143 3144
f 3143 3145 2734
f 2734 3145 2735
f 3142 3145 3143
f 2735 3145 2739
f 2733 2747 2731
f 3146 2740 2718
f 2718 2717 3141
f 3146 2718 3141
f 3147 2740 3146
f 3148 3146 3141
f 3149 3148 3141
f 2741 3149 3150
f 3146 2745 3147
f 2719 2740 2721
f 2721 2740 2723
f 2745 2740 3147
f 2717 2712 3141
f 3150 3141 2731
f 2747 3150 2731
f 3141 3150 3149
f 2741 3150 2747
f 3149 3146 3148
f 2745 3146 3149
f 2742 3149 2741
f 3149 2742 2745
f 2745 2742 2725
f 2738 2741 2747
f 2745 2723 2740
f 2748 2749 2654
f 3131 2748 3129
f 2749 2748 3131
f 2657 2655 3125
f 2749 3125 2655
f 3125 2749 3131
f 3151 3125 3131
f 3152 3151 3134
f 3153 3125 3151
f 3151 3152 3153
f 3134 3151 3131
f 3134 3131 3130
f 3152 3134 3137
f 3153 3126 3125
f 3126 3153 3154
f 3153 3152 2754
f 3154 3153 3155
f 2754 3155 3153
f 3127 3126 3154
f 3152 3137 3138
f 3138 2751 3152
f 2754 3152 2750
f 2750 3152 2751
f 3128 3155 2753
f 2753 3155 2754
f 3156 3128 2753
f 3128 3127 3154
f 3128 3154 3155
f 2751 3140 2752
f 2755 2687 3128
f 2755 3128 3156
f 2755 3156 2753
f 2753 2752 3140
f 2756 2753 3140
f 2753 2756 2755
f 2756 3140 2720
f 2793 1290 2771
f 3157 1291 1290
f 1297 1291 3157
f 3157 1290 2793
f 2793 2794 3157
f 2795 3157 2794
f 2794 2792 2777
f 2796 2794 2777
f 2818 2820 2777
f 2796 2777 3158
f 3158 2777 2820
f 1308 1297 3157
f 1308 3157 2795
f 2797 2801 1311
f 2801 2798 3159
f 2796 3158 2802
f 2806 2796 2802
f 2806 2802 2805
f 3160 2806 2805
f 2798 2796 2806
f 2814 2812 2811
f 2816 2895 2817
f 2803 3158 2820
f 2802 3158 2803
f 2805 2804 2825
f 2827 2805 2825
f 2829 2726 2724
f 3161 3144 3162
f 2420 2310 3163
f 3162 3164 3161
f 3162 3163 3164
f 3165 2739 3142
f 3165 3142 3144
f 3144 3161 3165
f 2739 3145 3142
f 3166 3165 3161
f 2739 3165 3167
f 2310 3168 3163
f 3161 3164 3168
f 3168 3164 3163
f 3166 3167 3165
f 3169 3161 3168
f 3166 3161 3169
f 2845 3166 3169
f 3170 3169 3168
f 2839 2739 3167
f 2848 2838 2842
f 2848 2840 2838
f 2841 2839 3166
f 3166 2839 3167
f 2845 2841 3166
f 2841 2845 2848
f 2848 2842 2841
f 2309 3168 2310
f 3170 3168 2309
f 3170 2309 2312
f 2844 3170 2312
f 2845 3169 3170
f 3170 2844 2845
f 2863 3171 2896
f 3172 3171 2863
f 3173 3171 3172
f 3173 2896 3171
f 3172 2863 2879
f 2877 3172 2879
f 2881 2758 2726
f 2829 2881 2726
f 2829 2886 2881
f 2881 2886 2880
f 2832 2886 2829
f 2810 2789 2884
f 2883 2880 2886
f 3174 2890 2889
f 3175 3176 3177
f 2811 2890 3178
f 2811 3178 2893
f 3178 2890 3174
f 2893 3178 2894
f 3178 3175 3179
f 3178 3174 3175
f 3179 2894 3178
f 3180 2894 3179
f 3181 2892 2896
f 3181 2889 2892
f 3174 2889 3181
f 2861 2863 2896
f 3182 3181 2896
f 3183 3181 3182
f 3176 3174 3181
f 3175 3174 3176
f 3181 3183 3176
f 3173 3182 2896
f 2709 2643 2028
f 2709 2706 2643
f 2398 2052 3184
f 3184 2730 2398
f 3185 2730 3184
f 2400 3184 2052
f 2734 2730 3185
f 3144 3185 3184
f 3185 3143 2734
f 3185 3144 3143
f 3162 2400 2399
f 2400 3144 3184
f 3162 3144 2400
f 2404 3162 2399
f 3163 3162 2404
f 2404 2420 3163
f 2958 2963 2957
f 2963 2958 2961
f 2651 3102 3103
f 3105 2651 3103
f 3110 3112 3111
f 3186 3187 3188
f 3189 3190 3188
f 3191 3188 3187
f 3192 3189 3188
f 3192 3188 3191
f 3193 3194 3192
f 3195 3192 3191
f 3196 3197 3194
f 3193 3192 3195
f 3196 3194 3193
f 3198 3196 3193
f 3198 3193 3195
f 3195 3199 3198
f 3200 3196 3201
f 3202 3198 3203
f 3203 3198 3199
f 3196 3198 3202
f 3196 3202 3201
f 3200 3201 3204
f 3205 3201 3202
f 3205 3204 3201
f 3205 3206 3204
f 3207 606 3208
f 3207 3208 3209
f 3208 606 610
f 666 3208 610
f 606 3207 609
f 3210 3209 3208
f 3211 3207 3209
f 3212 609 3207
f 3211 3212 3207
f 3213 613 609
f 3212 3213 609
f 3213 614 613
f 3214 615 614
f 3215 3213 3212
f 3213 3214 614
f 3210 3216 3209
f 3216 3217 3209
f 3217 3211 3209
f 3218 3212 3211
f 3218 3211 3217
f 3218 3219 3215
f 3220 3218 3217
f 3220 3219 3218
f 3218 3215 3212
f 3214 3213 3215
f 3215 3221 3214
f 3222 3214 3221
f 3215 3219 3221
f 3223 3222 3221
f 3217 3224 3220
f 3217 3225 3224
f 3226 3224 3225
f 3227 3220 3224
f 3227 3228 3220
f 3228 3221 3219
f 3228 3223 3221
f 3229 3223 3228
f 3229 3228 3230
f 3231 3232 3229
f 3231 3229 3230
f 3228 3219 3220
f 3233 3228 3227
f 3230 3228 3233
f 3226 3227 3224
f 3234 3233 3227
f 3227 3226 3234
f 3235 3234 3226
f 3236 3237 3234
f 3236 3234 3235
f 3238 3231 3230
f 3238 3230 3233
f 3237 3233 3234
f 3239 3238 3233
f 3239 3233 3237
f 3240 3239 3237
f 3241 3208 666
f 667 3241 666
f 667 665 3242
f 667 3243 3241
f 3241 3210 3208
f 3210 3241 3244
f 3243 667 3242
f 3244 3241 3243
f 669 3242 665
f 3242 3245 3243
f 3242 669 3245
f 3246 670 680
f 3246 669 670
f 3246 3247 669
f 3247 3245 669
f 3246 3248 3247
f 3249 3244 3243
f 3216 3210 3244
f 3250 3216 3244
f 3250 3244 3249
f 3249 3243 3245
f 3249 3245 3247
f 3249 3247 3251
f 3251 3247 3248
f 3252 3249 3251
f 3251 3248 3253
f 3254 3255 3256
f 3257 3258 3259
f 683 3257 3259
f 3258 3255 3259
f 3260 3261 3257
f 3254 3246 680
f 3259 680 681
f 680 3259 3254
f 3246 3254 3256
f 3248 3246 3256
f 3255 3254 3259
f 3259 681 683
f 3257 683 3260
f 682 3260 683
f 3262 3248 3256
f 3263 3262 3256
f 3256 3255 3263
f 3258 3263 3255
f 3262 3253 3248
f 3262 3263 3264
f 3257 3265 3258
f 3258 3266 3263
f 3265 3266 3258
f 3265 3257 3261
f 3263 3266 3264
f 3265 3267 3266
f 3268 3269 3270
f 3252 3250 3249
f 3250 3271 3216
f 3271 3217 3216
f 3272 3250 3252
f 3271 3250 3272
f 3273 3272 3274
f 3273 3271 3272
f 3271 3273 3225
f 3252 3251 3253
f 3269 3252 3253
f 3275 3269 3253
f 3274 3252 3269
f 3274 3272 3252
f 3268 3270 3276
f 3277 3268 3276
f 3278 3225 3273
f 3279 3273 3280
f 3281 3279 3280
f 3273 3279 3278
f 3282 3278 3279
f 3280 3273 3274
f 3274 3269 3268
f 3274 3268 3280
f 3280 3268 3277
f 3275 3253 3262
f 3262 3283 3275
f 3270 3275 3283
f 3264 3283 3262
f 3264 3284 3283
f 3269 3275 3270
f 3285 3270 3283
f 3285 3283 3284
f 3286 3264 3266
f 3284 3264 3286
f 3266 3287 3286
f 3266 3267 3287
f 3287 3288 3289
f 3284 3287 3289
f 3284 3286 3287
f 3276 3270 3285
f 3290 3276 3285
f 3290 3285 3284
f 3291 3292 3290
f 3276 3293 3277
f 3293 3276 3290
f 3293 3290 3292
f 3290 3284 3291
f 3284 3294 3291
f 3294 3284 3289
f 3294 3289 3295
f 3294 3296 3291
f 3292 3291 3296
f 3297 3294 3295
f 3298 3299 3297
f 3225 3217 3271
f 3278 3226 3225
f 3282 3226 3278
f 713 712 3300
f 3300 712 3301
f 3302 3301 3303
f 3302 3300 3301
f 713 3304 717
f 3300 3304 713
f 3305 3304 3300
f 3304 3306 717
f 3306 718 717
f 3305 3307 3304
f 3305 3300 3302
f 3308 3305 3302
f 3308 3307 3305
f 3306 3304 3307
f 3309 3310 3302
f 3310 3309 3311
f 3312 3311 3313
f 3308 3302 3310
f 3314 3315 3307
f 3316 3317 3314
f 3316 3307 3308
f 3314 3307 3316
f 3311 3308 3310
f 3318 3316 3308
f 3308 3311 3318
f 712 616 615
f 3301 712 615
f 3214 3301 615
f 3303 3301 3214
f 3222 3303 3214
f 3223 3309 3222
f 3309 3303 3222
f 3309 3302 3303
f 3319 3309 3223
f 3313 3309 3319
f 3313 3311 3309
f 732 731 715
f 732 3320 731
f 3320 732 3321
f 732 718 3321
f 3306 3321 718
f 3315 3321 3306
f 3307 3315 3306
f 3320 734 731
f 1893 733 734
f 734 3320 3322
f 3322 1893 734
f 3323 1893 3322
f 3322 3320 3324
f 3325 3321 3315
f 3317 3315 3314
f 3317 3325 3315
f 3320 3321 3325
f 3324 3320 3325
f 3316 3318 3317
f 3326 3317 3318
f 3327 3325 3317
f 3327 3324 3325
f 3326 3327 3317
f 3327 3328 3324
f 3328 3322 3324
f 3323 3322 3328
f 3329 3323 3328
f 3330 3312 3313
f 3331 3312 3330
f 3318 3311 3312
f 3331 3326 3318
f 3331 3318 3312
f 3229 3319 3223
f 3332 3313 3319
f 3332 3330 3313
f 3232 3319 3229
f 3333 3319 3232
f 3332 3319 3333
f 3330 3332 3333
f 3334 3333 3335
f 3334 3330 3333
f 3331 3330 3334
f 3232 3231 3333
f 3231 3336 3333
f 3238 3336 3231
f 3238 3337 3336
f 3335 3333 3336
f 3337 3238 3338
f 3338 3238 3239
f 3337 3335 3336
f 3335 3337 3339
f 3337 3338 3339
f 3334 3340 3331
f 3341 3334 3335
f 3340 3334 3341
f 3342 3331 3340
f 3339 3341 3335
f 3339 3343 3341
f 3341 3344 3340
f 3343 3344 3341
f 3327 3326 3345
f 3346 3345 3326
f 3346 3326 3347
f 3326 3331 3342
f 3326 3342 3347
f 3348 3349 3345
f 3348 3345 3350
f 3348 3350 3351
f 3340 3352 3342
f 3342 3352 3347
f 3353 3354 3355
f 3356 3357 3358
f 3344 3352 3340
f 3359 3352 3344
f 3360 3236 3235
f 3240 3236 3360
f 3360 3235 3361
f 3239 3362 3338
f 3240 3237 3236
f 3363 3362 3240
f 3362 3239 3240
f 3240 3360 3363
f 3364 3363 3360
f 3365 3362 3363
f 3364 3365 3363
f 3365 3366 3362
f 3367 3360 3361
f 3367 3364 3360
f 3364 3367 3368
f 3368 3369 3370
f 3364 3371 3365
f 3365 3371 3372
f 3368 3371 3364
f 3365 3372 3373
f 3374 3373 3372
f 3375 3376 3370
f 3376 3368 3370
f 3377 3368 3376
f 3375 3378 3379
f 3379 3380 3381
f 3382 3378 3375
f 3382 3383 3378
f 3380 3379 3378
f 3380 3378 3383
f 3383 3382 3384
f 3385 3386 3380
f 3383 3385 3380
f 3387 3388 3383
f 3389 3387 3383
f 3388 3385 3383
f 3388 3386 3385
f 3390 3277 3293
f 3391 3277 3390
f 3392 3391 3390
f 3393 3391 3394
f 3394 3391 3392
f 3395 3394 3392
f 3279 3396 3397
f 3398 3282 3399
f 3399 3282 3279
f 3397 3399 3279
f 3397 3398 3399
f 3391 3281 3280
f 3391 3280 3277
f 3391 3396 3281
f 3281 3396 3279
f 3396 3391 3393
f 3400 3393 3394
f 3396 3401 3397
f 3396 3393 3401
f 3400 3394 3395
f 3400 3395 3402
f 3403 3402 3395
f 3402 3404 3405
f 3406 3402 3403
f 3406 3404 3402
f 3407 3397 3401
f 3408 3407 3401
f 3409 3410 3407
f 3409 3407 3408
f 3411 3410 3409
f 3401 3393 3400
f 3402 3412 3400
f 3412 3401 3400
f 3412 3408 3401
f 3412 3405 3408
f 3405 3412 3402
f 3413 3414 3415
f 3415 3416 3417
f 3414 3390 3293
f 3293 3292 3414
f 3392 3390 3414
f 3418 3413 3419
f 3413 3415 3419
f 3420 3419 3415
f 3395 3392 3413
f 3417 3416 3297
f 3420 3415 3417
f 3421 3297 3299
f 3417 3297 3421
f 3417 3421 3422
f 3423 3422 3421
f 3424 3421 3299
f 3420 3417 3422
f 3425 3419 3420
f 3423 3186 3422
f 3426 3403 3418
f 3419 3425 3418
f 3395 3413 3418
f 3403 3395 3418
f 3426 3418 3427
f 3418 3425 3427
f 3406 3403 3426
f 3420 3422 3425
f 3190 3425 3422
f 3190 3422 3186
f 3190 3186 3188
f 3189 3427 3190
f 3427 3189 3428
f 3428 3189 3192
f 3398 3235 3282
f 3235 3226 3282
f 3361 3235 3398
f 3429 3430 3410
f 3410 3430 3407
f 3367 3361 3430
f 3369 3429 3410
f 3369 3367 3429
f 3369 3410 3411
f 3431 3404 3406
f 3432 3404 3431
f 3431 3433 3432
f 3433 3434 3432
f 3409 3408 3435
f 3411 3409 3435
f 3435 3436 3411
f 3437 3435 3438
f 3439 3436 3435
f 3437 3439 3435
f 3404 3438 3405
f 3405 3438 3408
f 3435 3408 3438
f 3438 3432 3440
f 3432 3441 3440
f 3437 3438 3440
f 3404 3432 3438
f 3441 3432 3434
f 3442 3441 3434
f 3443 3442 3444
f 3445 3439 3437
f 3445 3446 3439
f 3447 3445 3448
f 3447 3446 3445
f 3449 3441 3442
f 3449 3442 3443
f 3448 3445 3449
f 3450 3427 3451
f 3428 3197 3451
f 3452 3450 3451
f 3453 3406 3426
f 3431 3406 3453
f 3197 3452 3451
f 3452 3454 3453
f 3455 3452 3197
f 3454 3452 3456
f 3455 3456 3452
f 3431 3453 3433
f 3454 3433 3453
f 3451 3427 3428
f 3197 3428 3194
f 3192 3194 3428
f 3455 3197 3200
f 3196 3200 3197
f 3457 3456 3455
f 3457 3455 3200
f 3458 3456 3457
f 3433 3459 3434
f 3454 3456 3433
f 3459 3433 3456
f 3459 3456 3458
f 3460 3444 3458
f 3458 3457 3461
f 3460 3458 3461
f 3442 3434 3459
f 3444 3459 3458
f 3459 3444 3442
f 3457 3200 3204
f 3204 3461 3457
f 3462 3461 3204
f 3463 3370 3464
f 3463 3464 3411
f 3436 3463 3411
f 3370 3463 3375
f 3384 3375 3463
f 3465 3466 3446
f 3446 3436 3439
f 3466 3436 3446
f 3466 3384 3463
f 3382 3375 3384
f 3466 3467 3384
f 3468 3469 3465
f 3447 3465 3446
f 3467 3466 3465
f 3467 3465 3469
f 3389 3467 3469
f 3384 3467 3383
f 3389 3383 3467
f 3470 3338 3362
f 3471 3343 3339
f 3338 3470 3471
f 3471 3339 3338
f 3366 3470 3362
f 3470 3472 3471
f 3472 3470 3366
f 3473 3471 3472
f 3474 3473 3472
f 3475 3344 3343
f 3473 3343 3471
f 3475 3343 3473
f 3373 3366 3365
f 3373 3474 3366
f 3476 3474 3373
f 3474 3472 3366
f 3477 3474 3476
f 3374 3476 3373
f 3478 3476 3374
f 3474 3477 3473
f 3477 3479 3473
f 3480 3481 3475
f 3473 3479 3475
f 3479 3480 3475
f 3479 3482 3480
f 3344 3481 3483
f 3475 3481 3344
f 3484 3485 3486
f 3486 3485 3487
f 3488 3489 3490
f 3491 3488 3492
f 3489 3491 3493
f 3491 3489 3488
f 3494 3492 3488
f 3495 3491 3492
f 3491 3495 3496
f 3493 3487 3497
f 3496 3493 3491
f 3496 3498 3493
f 3493 3498 3487
f 3498 3486 3487
f 3498 3499 3486
f 3500 3496 3495
f 3500 3498 3496
f 3498 3500 3501
f 3501 3499 3498
f 3502 3503 3499
f 3476 3478 3477
f 3504 3505 3478
f 3505 3477 3478
f 3479 3477 3505
f 3505 3482 3479
f 3505 3506 3482
f 3507 3508 3509
f 3381 3510 3511
f 3386 3510 3381
f 3512 3510 3386
f 3513 3514 3510
f 3513 3510 3515
f 3388 3515 3386
f 3388 3516 3515
f 3386 3515 3512
f 3515 3517 3518
f 3508 3519 3509
f 3518 3508 3513
f 3519 3520 3521
f 3508 3520 3519
f 3522 3518 3517
f 3523 3518 3522
f 3524 3525 3523
f 3526 3494 3527
f 3526 3527 3528
f 3528 3500 3495
f 3529 3500 3528
f 3521 3530 3531
f 3532 3529 3533
f 3534 3529 3532
f 3535 3500 3529
f 3535 3501 3500
f 3535 3536 3501
f 3536 3502 3501
f 3502 3536 3537
f 3538 3535 3529
f 3534 3538 3529
f 3537 3536 3539
f 3521 3520 3530
f 3532 3533 3530
f 3530 3520 3532
f 3540 3532 3520
f 3541 3532 3540
f 3532 3541 3534
f 3542 3534 3541
f 3543 3540 3525
f 3544 3541 3540
f 3541 3544 3542
f 3544 3540 3543
f 3534 3545 3538
f 3546 3539 3536
f 3539 3546 3547
f 3539 3547 3548
f 3549 3542 3544
f 3550 3542 3549
f 3550 3549 3551
f 3552 3462 3204
f 3552 3204 3206
f 3553 3462 3552
f 3206 3205 3554
f 3555 3206 3554
f 3555 3556 3206
f 3557 3556 3555
f 3206 3556 3552
f 3558 3553 3556
f 3552 3556 3553
f 3559 3558 3560
f 3560 3558 3556
f 3560 3556 3557
f 3561 3562 3563
f 3388 3387 3516
f 3564 3516 3387
f 3565 3516 3564
f 3565 3566 3516
f 3567 3443 3568
f 3569 3567 3568
f 3468 3447 3448
f 3570 3468 3448
f 3571 3570 3572
f 3573 3571 3572
f 3574 3448 3449
f 3574 3449 3443
f 3575 3448 3576
f 3443 3567 3574
f 3567 3569 3576
f 3570 3448 3572
f 3448 3575 3572
f 3577 3576 3569
f 3577 3578 3579
f 3575 3576 3577
f 3573 3572 3575
f 3580 3573 3575
f 3580 3581 3573
f 3575 3577 3579
f 3580 3575 3582
f 3580 3582 3583
f 3584 3585 3586
f 3460 3587 3444
f 3461 3462 3460
f 3588 3460 3462
f 3460 3588 3587
f 3444 3568 3443
f 3568 3444 3587
f 3587 3589 3590
f 3553 3589 3588
f 3588 3589 3587
f 3558 3589 3553
f 3591 3590 3589
f 3569 3568 3587
f 3587 3590 3569
f 3592 3593 3594
f 3592 3594 3595
f 3553 3588 3462
f 3596 3597 3598
f 3599 3559 3600
f 3601 3602 3597
f 3596 3601 3597
f 3603 3604 3601
f 3604 3595 3594
f 3603 3595 3604
f 3595 3603 3605
f 3605 3592 3595
f 3596 3603 3601
f 3605 3603 3596
f 3596 3606 3607
f 3605 3607 3608
f 3596 3607 3605
f 3609 3592 3605
f 3610 3609 3605
f 3611 3609 3610
f 3607 3612 3613
f 3608 3607 3613
f 3613 3614 3608
f 3613 3615 3614
f 3614 3610 3605
f 3614 3605 3608
f 3614 3616 3610
f 3616 3614 3615
f 3617 3618 3616
f 3591 3589 3558
f 3558 3619 3591
f 3620 3591 3619
f 3591 3620 3590
f 3621 3590 3620
f 3620 3622 3621
f 3558 3559 3619
f 3623 3593 3624
f 3592 3624 3593
f 3624 3592 3609
f 3584 3625 3626
f 3626 3625 3623
f 3627 3626 3623
f 3627 3623 3628
f 3609 3611 3624
f 3624 3611 3629
f 3629 3628 3624
f 3624 3628 3623
f 3626 3630 3584
f 3627 3630 3626
f 3585 3584 3630
f 3610 3631 3611
f 3611 3631 3629
f 3632 3629 3631
f 3631 3610 3616
f 3616 3618 3631
f 3468 3465 3447
f 3633 3468 3570
f 3633 3469 3468
f 3469 3634 3389
f 3570 3571 3633
f 3635 3633 3571
f 3634 3469 3633
f 3633 3635 3634
f 3636 3634 3635
f 3564 3387 3389
f 3564 3389 3634
f 3637 3634 3636
f 3565 3564 3634
f 3637 3565 3634
f 3581 3571 3573
f 3581 3635 3571
f 3638 3635 3581
f 3638 3636 3635
f 3583 3638 3581
f 3639 3638 3583
f 3639 3640 3638
f 3640 3636 3638
f 3581 3580 3583
f 3641 3583 3582
f 3642 3585 3630
f 3585 3642 3643
f 3585 3643 3644
f 3645 3643 3642
f 3646 3647 3648
f 3645 3648 3643
f 3648 3649 3643
f 3650 3648 3645
f 3651 3648 3650
f 3652 3637 3636
f 3652 3653 3637
f 3653 3565 3637
f 3565 3654 3566
f 3653 3654 3565
f 3640 3652 3636
f 3652 3655 3653
f 3656 3657 3650
f 3658 3628 3629
f 3658 3659 3628
f 3627 3628 3659
f 3658 3660 3659
f 3660 3658 3661
f 3661 3662 3660
f 3663 3660 3662
f 3627 3659 3630
f 3630 3659 3642
f 3645 3642 3659
f 3645 3659 3664
f 3663 3659 3660
f 3664 3659 3663
f 3650 3645 3664
f 3664 3663 3665
f 3665 3663 3662
f 3665 3662 3666
f 3666 3662 3667
f 3629 3668 3658
f 3632 3668 3629
f 3669 3668 3670
f 3661 3658 3668
f 3669 3661 3668
f 3632 3631 3670
f 3618 3670 3631
f 3670 3668 3632
f 3671 3670 3618
f 3662 3661 3669
f 3667 3662 3669
f 3669 3670 3672
f 3667 3669 3672
f 3670 3671 3673
f 3672 3670 3673
f 3674 3672 3673
f 3675 3664 3676
f 3650 3664 3675
f 3665 3676 3664
f 3675 3656 3650
f 3675 3676 3656
f 3666 3677 3665
f 3678 3677 3666
f 3665 3677 3676
f 3679 3656 3680
f 3656 3676 3680
f 3677 3681 3676
f 3677 3682 3681
f 3680 3676 3681
f 3680 3681 3683
f 3684 3680 3683
f 3682 3683 3681
f 3678 3667 3672
f 3674 3678 3672
f 3685 3678 3674
f 3686 3678 3685
f 3674 3673 3687
f 3687 3673 3688
f 3688 3689 3687
f 3685 3674 3687
f 3685 3687 3689
f 3689 3690 3691
f 3692 3685 3689
f 3685 3692 3686
f 3686 3692 3693
f 3689 3691 3692
f 3692 3691 3693
f 3667 3678 3666
f 3677 3678 3682
f 3682 3678 3686
f 3682 3686 3694
f 3641 3639 3583
f 3641 3582 3695
f 3646 3651 3647
f 3651 3646 3648
f 3652 3640 3696
f 3696 3655 3652
f 3696 3640 3697
f 3698 3696 3697
f 3655 3699 3700
f 3655 3698 3699
f 3698 3701 3699
f 3698 3655 3696
f 3702 3703 3697
f 3698 3697 3703
f 3704 3698 3703
f 3702 3705 3703
f 3704 3703 3705
f 3706 3647 3651
f 3707 3706 3651
f 3707 3651 3657
f 3650 3657 3651
f 3708 3707 3657
f 3709 3710 3707
f 3709 3707 3708
f 3711 3709 3708
f 3712 3657 3656
f 3679 3712 3656
f 3712 3708 3657
f 3713 3712 3679
f 3714 3679 3680
f 3566 3715 3516
f 3716 3517 3715
f 3717 3718 3716
f 3717 3719 3718
f 3524 3523 3522
f 3720 3721 3524
f 3721 3722 3524
f 3720 3723 3724
f 3720 3724 3721
f 3725 3719 3726
f 3727 3719 3725
f 3728 3727 3729
f 3730 3728 3729
f 3718 3719 3727
f 3727 3723 3718
f 3731 3723 3728
f 3724 3723 3731
f 3732 3724 3731
f 3728 3730 3733
f 3733 3731 3728
f 3734 3731 3733
f 3735 3732 3731
f 3736 3732 3735
f 3734 3735 3731
f 3525 3524 3722
f 3525 3722 3737
f 3737 3543 3525
f 3722 3721 3737
f 3543 3737 3738
f 3543 3738 3544
f 3544 3738 3739
f 3740 3739 3738
f 3721 3741 3737
f 3741 3721 3724
f 3741 3738 3737
f 3741 3740 3738
f 3739 3549 3544
f 3742 3739 3743
f 3551 3549 3744
f 3551 3744 3745
f 3745 3744 3746
f 3744 3549 3739
f 3742 3744 3739
f 3740 3743 3739
f 3743 3747 3742
f 3747 3743 3740
f 3747 3748 3742
f 3749 3741 3724
f 3732 3749 3724
f 3736 3749 3732
f 3749 3736 3750
f 3751 3740 3741
f 3750 3741 3749
f 3750 3751 3741
f 3752 3751 3750
f 3753 3736 3735
f 3750 3736 3753
f 3754 3750 3753
f 3755 3752 3750
f 3750 3754 3755
f 3751 3747 3740
f 3752 3747 3751
f 3756 3735 3734
f 3726 3566 3654
f 3653 3655 3654
f 3729 3725 3757
f 3733 3730 3758
f 3759 3684 3683
f 3759 3683 3694
f 3760 3693 3761
f 3761 3693 3691
f 3691 3762 3761
f 3763 3762 3691
f 3764 3762 3763
f 3682 3694 3683
f 3760 3686 3693
f 3760 3694 3686
f 3760 3765 3694
f 3761 3765 3760
f 3759 3694 3766
f 3694 3767 3766
f 3765 3767 3694
f 3768 3767 3765
f 3766 3767 3769
f 3769 3759 3766
f 3761 3762 3765
f 3768 3765 3762
f 3762 3764 3768
f 3769 3767 3770
f 3771 3769 3770
f 3770 3767 3772
f 3773 3771 3770
f 3773 3770 3772
f 3772 3767 3768
f 3764 3772 3768
f 3764 3774 3775
f 3772 3764 3775
f 3776 3773 3777
f 3778 3776 3777
f 3775 3779 3772
f 3777 3773 3772
f 3779 3777 3772
f 3779 3780 3777
f 3752 3755 3781
f 3782 3783 3784
f 3778 3777 3780
f 3780 3785 3778
f 3786 3709 3711
f 3786 3711 3787
f 3788 3789 3701
f 3789 3788 3790
f 3791 3701 3704
f 3788 3701 3791
f 3788 3792 3790
f 3793 3794 3795
f 3788 3791 3792
f 3792 3791 3796
f 3795 3797 3793
f 3790 3798 3789
f 3799 3800 3801
f 3802 3799 3801
f 3711 3708 3803
f 3803 3801 3711
f 3712 3803 3708
f 3803 3712 3804
f 3804 3712 3713
f 3805 3804 3713
f 3804 3806 3803
f 3806 3801 3803
f 3806 3807 3801
f 3807 3806 3808
f 3804 3809 3808
f 3809 3804 3805
f 3806 3804 3808
f 3810 3811 3809
f 3787 3711 3801
f 3807 3802 3801
f 3812 3733 3758
f 3733 3812 3734
f 3798 3813 3812
f 3756 3734 3812
f 3812 3813 3756
f 3814 3756 3813
f 3756 3815 3735
f 3815 3756 3814
f 3798 3816 3813
f 3817 3814 3813
f 3818 3819 3802
f 3820 3818 3802
f 3821 3822 3814
f 3815 3814 3822
f 3820 3823 3824
f 3808 3809 3811
f 3807 3808 3825
f 3808 3811 3825
f 3811 3826 3825
f 3807 3820 3802
f 3807 3827 3820
f 3823 3820 3827
f 3825 3827 3807
f 3825 3826 3828
f 3829 3825 3828
f 3830 3825 3831
f 3825 3830 3827
f 3825 3829 3831
f 3816 3817 3813
f 3821 3817 3816
f 3814 3817 3821
f 3822 3821 3832
f 3713 3679 3714
f 3805 3713 3714
f 3684 3714 3680
f 3805 3714 3684
f 3759 3805 3684
f 3759 3833 3805
f 3834 3835 3833
f 3809 3805 3810
f 3810 3805 3833
f 3835 3810 3833
f 3834 3833 3759
f 3834 3759 3769
f 3811 3810 3835
f 3826 3811 3835
f 3836 3826 3835
f 3769 3771 3834
f 3771 3835 3834
f 3836 3828 3826
f 3836 3837 3828
f 3837 3836 3838
f 3838 3771 3839
f 3835 3771 3838
f 3838 3836 3835
f 3838 3840 3837
f 3840 3838 3839
f 3829 3828 3837
f 3771 3773 3776
f 3771 3776 3839
f 3754 3753 3735
f 3815 3754 3735
f 3841 3755 3754
f 3842 3755 3841
f 3843 3754 3815
f 3843 3841 3754
f 3841 3843 3842
f 3844 3845 3842
f 3823 3827 3830
f 3823 3830 3846
f 3847 3846 3830
f 3830 3831 3847
f 3831 3829 3847
f 3847 3829 3848
f 3848 3849 3847
f 3850 3846 3847
f 3850 3847 3849
f 3851 3846 3850
f 3851 3850 3852
f 3850 3849 3852
f 3853 3854 3755
f 3855 3854 3853
f 3855 3856 3854
f 3857 3855 3853
f 3858 3859 3857
f 3845 3853 3842
f 3860 3853 3845
f 3860 3857 3853
f 3861 3857 3860
f 3857 3861 3858
f 3862 3859 3858
f 3861 3862 3858
f 3863 3862 3861
f 3864 3851 3852
f 3864 3865 3851
f 3865 3864 3866
f 3844 3843 3832
f 3867 3844 3832
f 3867 3832 3868
f 3869 3823 3870
f 3867 3871 3844
f 3845 3844 3871
f 3872 3873 3874
f 3870 3823 3846
f 3872 3869 3870
f 3870 3873 3872
f 3873 3870 3846
f 3873 3846 3851
f 3860 3845 3871
f 3871 3875 3860
f 3860 3863 3861
f 3875 3863 3860
f 3875 3876 3863
f 3877 3863 3876
f 3873 3878 3874
f 3851 3878 3873
f 3878 3851 3879
f 3880 3874 3878
f 3865 3879 3851
f 3880 3878 3881
f 3879 3865 3878
f 3882 3865 3883
f 3883 3865 3884
f 3865 3881 3878
f 3881 3865 3882
f 3885 3837 3840
f 3886 3885 3840
f 3886 3887 3888
f 3887 3886 3889
f 3829 3837 3885
f 3885 3848 3829
f 3849 3848 3890
f 3885 3890 3848
f 3885 3891 3890
f 3885 3888 3891
f 3892 3891 3888
f 3849 3890 3891
f 3886 3888 3885
f 3887 3892 3888
f 3839 3776 3893
f 3893 3894 3839
f 3893 3776 3778
f 3889 3894 3893
f 3893 3778 3895
f 3840 3839 3894
f 3886 3840 3894
f 3889 3886 3894
f 3785 3895 3778
f 3889 3893 3895
f 3889 3896 3887
f 3889 3895 3896
f 3896 3895 3897
f 3898 3897 3895
f 3895 3785 3899
f 3898 3895 3899
f 3900 3897 3898
f 3900 3898 3899
f 3849 3891 3852
f 3891 3901 3852
f 3852 3901 3864
f 3901 3891 3892
f 3866 3864 3901
f 3902 3901 3903
f 3904 3892 3887
f 3904 3903 3892
f 3901 3892 3903
f 3866 3901 3902
f 3902 3884 3866
f 3866 3884 3865
f 3884 3902 3905
f 3906 3903 3904
f 3905 3902 3903
f 3905 3903 3906
f 3896 3897 3907
f 3896 3907 3904
f 3908 3897 3900
f 3909 3908 3900
f 3908 3907 3897
f 3907 3908 3910
f 3908 3909 3911
f 3912 3913 3911
f 3911 3910 3908
f 3911 3914 3910
f 3913 3914 3911
f 3915 3914 3913
f 3896 3904 3887
f 3906 3904 3916
f 3907 3910 3904
f 3916 3904 3910
f 3910 3914 3916
f 3296 3297 3416
f 3416 3292 3296
f 3297 3296 3294
f 3327 3345 3328
f 3349 3328 3345
f 3329 3328 3917
f 3918 3346 3347
f 3350 3345 3346
f 3349 3917 3328
f 3349 3348 3351
f 3919 3920 3351
f 3351 3920 3349
f 3350 3346 3918
f 3356 3350 3918
f 3356 3921 3350
f 3351 3350 3921
f 3358 3351 3921
f 3352 3355 3347
f 3918 3347 3357
f 3918 3357 3356
f 3355 3357 3347
f 3352 3353 3355
f 3354 3922 3355
f 3358 3921 3356
f 3357 3355 3922
f 3357 3922 3358
f 3358 3922 3923
f 3924 3358 3923
f 3924 3925 3358
f 3922 3354 3923
f 3926 3924 3923
f 3923 3927 3926
f 3353 3352 3359
f 3367 3369 3368
f 3377 3371 3368
f 3372 3371 3377
f 3374 3372 3377
f 3375 3379 3376
f 3376 3928 3377
f 3928 3376 3379
f 3929 3374 3377
f 3381 3928 3379
f 3381 3511 3928
f 3386 3381 3380
f 3397 3430 3398
f 3397 3407 3430
f 3414 3416 3415
f 3292 3416 3414
f 3392 3414 3413
f 3421 3424 3423
f 3425 3190 3427
f 3430 3361 3398
f 3367 3430 3429
f 3411 3464 3369
f 3441 3449 3440
f 3445 3440 3449
f 3440 3445 3437
f 3426 3427 3450
f 3452 3426 3450
f 3453 3426 3452
f 3464 3370 3369
f 3463 3436 3466
f 3930 3480 3931
f 3480 3482 3931
f 3932 3923 3354
f 3927 3923 3932
f 3485 3926 3927
f 3359 3344 3483
f 3483 3933 3359
f 3934 3933 3483
f 3933 3353 3359
f 3353 3933 3354
f 3481 3934 3483
f 3934 3481 3935
f 3490 3934 3935
f 3934 3936 3933
f 3933 3936 3354
f 3936 3934 3489
f 3934 3490 3489
f 3489 3497 3936
f 3497 3932 3354
f 3497 3485 3932
f 3485 3927 3932
f 3354 3936 3497
f 3497 3487 3485
f 3488 3935 3481
f 3488 3490 3935
f 3488 3481 3480
f 3488 3480 3930
f 3494 3488 3930
f 3931 3494 3930
f 3494 3526 3492
f 3493 3497 3489
f 3502 3499 3501
f 3504 3374 3929
f 3478 3374 3504
f 3928 3929 3377
f 3504 3929 3928
f 3511 3504 3928
f 3511 3514 3504
f 3514 3505 3504
f 3937 3505 3514
f 3482 3938 3931
f 3939 3482 3506
f 3482 3939 3938
f 3531 3938 3939
f 3521 3531 3939
f 3509 3506 3505
f 3509 3505 3507
f 3519 3506 3509
f 3521 3939 3506
f 3506 3519 3521
f 3511 3510 3514
f 3513 3937 3514
f 3515 3510 3512
f 3513 3515 3518
f 3507 3505 3937
f 3508 3507 3937
f 3513 3508 3937
f 3518 3523 3508
f 3523 3520 3508
f 3525 3520 3523
f 3520 3525 3540
f 3527 3494 3931
f 3938 3527 3931
f 3492 3526 3495
f 3495 3526 3528
f 3531 3527 3938
f 3528 3527 3533
f 3530 3533 3527
f 3530 3527 3531
f 3529 3528 3533
f 3546 3536 3535
f 3545 3940 3538
f 3546 3535 3538
f 3940 3546 3538
f 3534 3940 3545
f 3550 3547 3546
f 3550 3546 3940
f 3534 3542 3940
f 3542 3550 3940
f 3551 3547 3550
f 3551 3941 3547
f 3942 3943 3944
f 3945 3946 3947
f 3557 3948 3560
f 3948 3600 3560
f 3559 3560 3600
f 3555 3945 3557
f 3949 3942 3600
f 3949 3950 3942
f 3947 3557 3945
f 3951 3952 3950
f 3563 3557 3947
f 3951 3949 3600
f 3562 3948 3557
f 3953 3600 3948
f 3953 3948 3562
f 3953 3951 3600
f 3951 3950 3949
f 3954 3955 3947
f 3954 3956 3957
f 3958 3956 3954
f 3955 3561 3563
f 3959 3561 3955
f 3960 3562 3561
f 3960 3961 3562
f 3962 3959 3955
f 3561 3959 3963
f 3563 3562 3557
f 3947 3955 3563
f 3964 3952 3951
f 3562 3961 3953
f 3965 3951 3953
f 3965 3964 3951
f 3957 3955 3954
f 3957 3962 3955
f 3966 3964 3965
f 3965 3953 3961
f 3961 3967 3965
f 3968 3962 3957
f 3957 3969 3968
f 3970 3959 3962
f 3970 3971 3959
f 3970 3962 3968
f 3968 3972 3970
f 3970 3972 3973
f 3972 3968 3969
f 3974 3972 3969
f 3969 3957 3956
f 3969 3956 3975
f 3975 3965 3967
f 3567 3576 3574
f 3576 3448 3574
f 3569 3578 3577
f 3976 3977 3978
f 3977 3586 3978
f 3582 3575 3579
f 3979 3579 3578
f 3980 3979 3981
f 3979 3980 3982
f 3982 3579 3979
f 3579 3982 3582
f 3983 3976 3978
f 3984 3978 3586
f 3978 3984 3985
f 3977 3584 3586
f 3986 3582 3982
f 3978 3987 3983
f 3987 3978 3985
f 3988 3989 3594
f 3594 3990 3988
f 3593 3990 3594
f 3943 3597 3944
f 3597 3602 3944
f 3602 3604 3991
f 3604 3602 3601
f 3599 3991 3989
f 3600 3991 3599
f 3989 3991 3604
f 3991 3942 3602
f 3942 3944 3602
f 3600 3942 3991
f 3989 3604 3594
f 3622 3619 3963
f 3963 3971 3622
f 3992 3621 3622
f 3622 3620 3619
f 3993 3994 3988
f 3995 3996 3997
f 3578 3569 3590
f 3998 3999 3995
f 3999 3988 3990
f 3999 4000 3988
f 3996 3995 3999
f 3990 3593 3996
f 3999 3990 3996
f 3993 3988 4000
f 3999 3998 4000
f 4001 4002 3971
f 4001 3971 3970
f 4002 3622 3971
f 3992 3622 4002
f 4003 4004 3993
f 4001 4005 4006
f 3970 3973 4001
f 4005 4001 3973
f 4002 4001 4006
f 4003 3993 4007
f 3590 4008 3578
f 3621 4008 3590
f 4006 3992 4002
f 3621 3992 3981
f 3981 4008 3621
f 3981 3992 4006
f 3979 3578 4008
f 3981 3979 4008
f 3980 3981 4006
f 3998 4009 4010
f 4011 4000 3998
f 4011 4007 3993
f 4000 4011 3993
f 4007 4011 3998
f 4007 4012 4003
f 4012 4007 3998
f 3994 3559 3599
f 3963 3960 3561
f 3963 3619 4013
f 4013 3619 3559
f 4014 3960 3963
f 4014 3963 4013
f 4014 4013 3994
f 3994 4013 3559
f 3994 4015 4014
f 3961 3960 4014
f 4015 3961 4014
f 3599 3989 3988
f 3994 3599 3988
f 3971 3963 3959
f 4004 4015 3994
f 3967 4015 4004
f 3967 3961 4015
f 3994 3993 4004
f 4016 3974 4004
f 3972 3974 4016
f 4003 4016 4004
f 3997 4017 3995
f 3997 3593 3623
f 3997 3623 4017
f 3976 3995 4017
f 4009 3995 3976
f 3998 3995 4009
f 3977 4017 3625
f 3976 4017 3977
f 4017 3623 3625
f 3593 3997 3996
f 3625 3584 3977
f 3983 4009 3976
f 4010 4009 3983
f 3987 3985 4018
f 3985 4019 4018
f 3985 3644 4019
f 3985 3984 3644
f 3644 3984 3586
f 3585 3644 3586
f 3649 3644 3643
f 4018 4019 4020
f 3647 4020 4019
f 3644 3649 4019
f 3649 3648 4019
f 4019 3648 3647
f 4021 3980 4006
f 4006 4022 4021
f 4021 4023 3980
f 4023 3986 3982
f 3982 3980 4023
f 4024 4010 3983
f 4025 4024 3983
f 4026 4027 4022
f 4027 4021 4022
f 4028 4029 4023
f 4029 3582 3986
f 4029 3986 4023
f 4030 4028 4023
f 4031 4028 4030
f 4028 4031 4032
f 4025 3983 3987
f 4023 4021 4030
f 4025 3987 4033
f 4026 4022 4034
f 4026 4034 4035
f 4036 4026 4035
f 4037 4027 4026
f 4037 4026 4036
f 4030 4021 4027
f 4038 4030 4027
f 4030 4038 4031
f 4038 4039 4040
f 4041 4040 4039
f 4042 4025 4033
f 4025 4042 4036
f 4038 4027 4037
f 4037 4036 4042
f 4039 4038 4037
f 4039 4037 4042
f 4043 4041 4042
f 4039 4042 4041
f 4044 4045 4005
f 4046 4005 3973
f 3973 4047 4046
f 4047 3973 3972
f 4016 4047 3972
f 4047 4016 4003
f 4048 4003 4012
f 4046 4048 4044
f 4044 4005 4046
f 4049 4044 4048
f 4012 4049 4048
f 4048 4046 4047
f 4048 4047 4003
f 4045 4006 4005
f 4006 4045 4022
f 4050 4012 3998
f 4050 3998 4010
f 4051 4045 4044
f 4034 4045 4051
f 4050 4051 4012
f 4045 4034 4022
f 4051 4052 4034
f 4051 4050 4052
f 4049 4051 4044
f 4010 4024 4050
f 4052 4050 4024
f 4052 4035 4034
f 4035 4052 4024
f 4025 4035 4024
f 3640 3639 4053
f 4053 4032 4054
f 4055 4054 4032
f 4056 4054 4055
f 4057 4053 4054
f 4054 4056 4057
f 3582 4029 3695
f 4032 3695 4028
f 4028 3695 4029
f 3695 3639 3641
f 4053 3695 4032
f 4018 4058 3987
f 4033 3987 4058
f 4018 4020 4059
f 4058 4018 4059
f 3706 4020 3647
f 3695 4053 3639
f 4060 4058 4059
f 4031 4055 4032
f 4061 4031 4038
f 4061 4055 4031
f 4041 4043 4062
f 4062 4033 4058
f 4043 4033 4062
f 4042 4033 4043
f 4062 4058 4063
f 4059 4064 4065
f 3710 4065 4064
f 3710 4066 4065
f 4066 3710 3709
f 4067 4065 4066
f 4067 4066 4068
f 4068 4066 3786
f 4053 4057 3640
f 4060 4059 4065
f 3697 3640 4057
f 4060 4065 4069
f 4070 3697 4057
f 4069 4065 4067
f 4071 4070 4056
f 4056 4070 4057
f 4060 4072 4063
f 4072 4060 4069
f 4063 4072 4073
f 3702 3697 4070
f 4074 3702 4070
f 4071 4074 4070
f 4075 4072 4069
f 4075 4069 4076
f 4073 4072 4075
f 3704 3701 3698
f 4069 4067 4076
f 4077 4076 4067
f 4077 4067 4068
f 4078 3705 3702
f 4079 3702 4074
f 4080 4078 3702
f 3702 4079 4080
f 4076 4077 4078
f 4080 4076 4078
f 4075 4076 4081
f 4081 4076 4080
f 4078 4077 3705
f 3704 3705 4082
f 4077 4082 3705
f 3791 3704 4082
f 4059 4020 3706
f 4059 3706 4064
f 3710 4064 3706
f 3706 3707 3710
f 4063 4058 4060
f 4083 4055 4084
f 4083 4056 4055
f 4085 4086 4083
f 4087 4085 4088
f 4061 4038 4040
f 4084 4055 4061
f 4040 4084 4061
f 4084 4040 4089
f 4090 4084 4089
f 4062 4089 4040
f 4063 4089 4062
f 4084 4090 4083
f 4083 4090 4085
f 4090 4089 4063
f 4063 4088 4090
f 4088 4063 4073
f 4090 4088 4085
f 4091 4056 4083
f 4091 4071 4056
f 4074 4071 4092
f 4091 4092 4071
f 4075 4093 4073
f 4086 4091 4083
f 4087 4086 4085
f 4073 4087 4088
f 4086 4094 4091
f 4093 4095 4073
f 4095 4086 4087
f 4095 4087 4073
f 4074 4092 4079
f 4094 4092 4091
f 4093 4075 4081
f 4081 4080 4079
f 4092 4096 4079
f 4096 4081 4079
f 4092 4094 4097
f 4093 4081 4098
f 4094 4086 4099
f 4093 4100 4095
f 4086 4095 4099
f 4094 4099 4101
f 4101 4097 4094
f 4102 4099 4095
f 4100 4102 4095
f 3515 3516 3715
f 3715 3517 3515
f 3717 3715 3566
f 3716 3715 3717
f 3717 3566 3719
f 4103 3524 3522
f 3716 3522 3517
f 4103 3522 3716
f 4103 3716 3718
f 3723 4103 3718
f 3720 3524 4103
f 3723 3720 4103
f 3726 3719 3566
f 3729 3727 3725
f 3728 3723 3727
f 4104 3746 3744
f 4104 3742 3748
f 3742 4104 3744
f 3748 4105 4104
f 4104 4105 4106
f 4107 3747 3752
f 4108 4107 3752
f 4107 4105 3748
f 3748 3747 4107
f 4107 4106 4105
f 4108 3752 3781
f 3700 3654 3655
f 3700 3726 3654
f 3757 3726 3700
f 4109 3757 3700
f 3726 3757 3725
f 4110 3729 3757
f 4110 3757 4109
f 3730 3729 4110
f 3783 4111 4107
f 3783 4107 4108
f 4111 3783 3782
f 3856 3783 4108
f 3856 3784 3783
f 3856 4112 3784
f 4109 3700 3699
f 3789 4109 3699
f 3786 4113 4068
f 3786 4066 3709
f 3758 3730 4110
f 3789 4110 4109
f 4110 3789 3798
f 4110 3812 3758
f 4110 3798 3812
f 3789 3699 3701
f 4113 3793 4068
f 3793 4113 3794
f 3794 4113 3800
f 3800 4113 3786
f 3800 3786 3787
f 3801 3800 3787
f 3797 4077 3793
f 3793 4077 4068
f 4077 3797 4082
f 3791 4082 3797
f 3791 3797 3796
f 3797 3795 4114
f 3796 3797 4114
f 3794 3800 3799
f 3795 3794 4115
f 4115 3794 3799
f 3799 3819 4115
f 3819 3799 3802
f 4114 3795 4115
f 4116 4115 4117
f 3819 4118 4115
f 4117 4115 4118
f 4118 4119 4117
f 3819 4119 4118
f 4119 3819 3818
f 3818 4120 4119
f 4120 3818 3824
f 4120 3824 4121
f 3824 3818 3820
f 4097 4096 4092
f 4097 4122 4096
f 4098 4081 4096
f 4098 4096 4123
f 4123 4096 4122
f 4124 3792 4125
f 4114 4126 3796
f 4125 3792 3796
f 4125 3796 4126
f 4122 4127 4123
f 4124 4125 4127
f 4124 4127 4122
f 4122 4097 4124
f 4128 4093 4098
f 4124 4097 4129
f 4128 4098 4130
f 3798 3790 3816
f 4131 3816 3790
f 4131 3790 4124
f 4132 4131 4129
f 4130 4126 4133
f 4124 3790 3792
f 4134 4116 4117
f 4131 4124 4129
f 4135 4130 4133
f 4136 4133 4134
f 4101 4129 4097
f 4137 4101 4102
f 4102 4101 4099
f 4138 4100 4128
f 4102 4100 4138
f 4100 4093 4128
f 4128 4130 4135
f 4138 4128 4135
f 4138 4137 4102
f 4139 4137 4138
f 4129 4140 4132
f 4140 4129 4101
f 4135 4141 4138
f 4136 4135 4133
f 4141 4135 4136
f 4140 4101 4137
f 4139 4138 4141
f 4140 4137 4139
f 4140 4139 4142
f 4143 4141 4136
f 4141 4143 4139
f 4144 3816 4131
f 4132 4144 4131
f 3816 4144 3821
f 4144 4132 4145
f 4146 4144 4145
f 4120 4117 4119
f 4117 4147 4134
f 4136 4134 4147
f 4147 4117 4120
f 3821 4144 4146
f 3821 3868 3832
f 3821 4146 4148
f 4149 3868 4148
f 4148 3868 3821
f 4150 4120 4121
f 4120 4150 4147
f 4132 4140 4151
f 4142 4151 4140
f 4142 4139 4143
f 4143 4136 4152
f 4146 4145 4148
f 4149 4148 4145
f 4151 4145 4132
f 4153 4145 4151
f 4154 4147 4150
f 4155 4156 4154
f 3832 3843 3815
f 3832 3815 3822
f 4121 3824 4157
f 3869 3824 3823
f 4157 3824 3869
f 3842 3843 3844
f 3755 3854 3781
f 3856 3781 3854
f 3856 4108 3781
f 3853 3755 3842
f 3856 3855 3857
f 3859 3856 3857
f 3856 3859 4112
f 3868 4149 4158
f 3868 4158 3867
f 4150 4159 4155
f 4121 4159 4150
f 4160 4121 4157
f 4157 3869 3872
f 4157 3872 4161
f 4160 4157 4161
f 4121 4160 4159
f 4162 4149 4145
f 4153 4162 4145
f 4154 4150 4155
f 4162 4158 4149
f 4159 4163 4155
f 4156 4155 4163
f 4156 4163 4164
f 3867 4158 4165
f 4159 4166 4163
f 4166 4159 4160
f 3875 3871 3867
f 3867 4165 3875
f 4165 4167 3875
f 4168 4166 4160
f 4169 4165 4158
f 4162 4169 4158
f 4170 4169 4162
f 4167 4165 4169
f 4169 4170 4167
f 4166 4171 4163
f 4168 4172 4166
f 4161 3872 4173
f 4173 3872 3874
f 4161 4173 4174
f 4174 4173 3880
f 4161 4168 4160
f 4168 4161 4175
f 4175 4161 4174
f 4174 4176 4175
f 3875 4167 3876
f 4177 4168 4175
f 4177 4175 4176
f 4172 4168 4178
f 4170 4179 4167
f 4178 4168 4177
f 4177 4180 4178
f 4179 4181 4167
f 4180 4177 4176
f 3877 4182 4183
f 4181 3876 4167
f 3876 4181 3877
f 4182 3877 4181
f 4173 3874 3880
f 3881 4184 3880
f 4174 3880 4185
f 4185 3880 4184
f 4176 4174 4185
f 4176 4185 4186
f 4180 4176 4187
f 4178 4180 4188
f 4143 4189 4142
f 4189 4143 4152
f 4151 4142 4190
f 4190 4153 4151
f 4190 4142 4189
f 4189 4191 4190
f 4153 4190 4192
f 4191 4192 4190
f 4153 4170 4162
f 4153 4192 4193
f 4164 4163 4171
f 4191 4164 4171
f 4192 4191 4194
f 4171 4194 4191
f 4193 4170 4153
f 4171 4166 4172
f 4192 4195 4193
f 4195 4192 4194
f 4196 4179 4170
f 4197 4179 4196
f 4170 4193 4196
f 4195 4196 4193
f 4194 4172 4198
f 4194 4199 4195
f 4199 4196 4195
f 4198 4199 4194
f 4196 4199 4197
f 4200 4181 4179
f 4197 4200 4179
f 4201 4197 4199
f 4202 4172 4178
f 4202 4178 4188
f 4198 4172 4202
f 4198 4202 4188
f 4188 4180 4187
f 4188 4187 4203
f 4199 4198 4204
f 4188 4204 4198
f 4188 4203 4205
f 4204 4188 4205
f 4204 4201 4199
f 3975 3967 3969
f 3967 3974 3969
f 3965 3975 3966
f 3975 3956 3966
f 4004 3974 3967
f 4036 4035 4025
f 4051 4049 4012
f 4040 4041 4062
f 4116 4114 4115
f 4098 4123 4126
f 4123 4127 4126
f 4127 4125 4126
f 4130 4098 4126
f 4126 4114 4133
f 4114 4116 4133
f 4116 4134 4133
f 4147 4154 4136
f 4152 4136 4154
f 4156 4152 4154
f 4189 4152 4156
f 4156 4164 4189
f 4189 4164 4191
f 4194 4171 4172
f 4206 4207 3424
f 3424 4208 4209
f 4207 4210 3424
f 4208 3424 4210
f 4211 4212 4207
f 4207 4212 4213
f 4210 4207 4213
f 4212 4211 4214
f 4215 4213 4212
f 4215 4212 4214
f 3187 3186 4209
f 3187 4209 4216
f 4216 4209 4208
f 4208 4210 4217
f 4208 4217 4216
f 4218 3187 4216
f 4218 3191 3187
f 4215 4219 4213
f 4220 4219 4221
f 4221 4219 4222
f 4223 4214 4211
f 4224 4214 4223
f 4225 4224 4226
f 4224 4225 4214
f 4214 4225 4227
f 4228 4227 4225
f 4225 4229 4230
f 4228 4225 4230
f 4214 4227 4215
f 4215 4227 4231
f 4231 4232 4233
f 4215 4231 4234
f 4231 4233 4234
f 4228 4235 4227
f 4231 4227 4235
f 4236 4228 4230
f 4228 4236 4237
f 4235 4228 4238
f 4228 4237 4238
f 4238 4237 4239
f 4218 3195 3191
f 4240 4241 4242
f 4243 4244 4240
f 4243 4240 4242
f 4245 4243 4242
f 4246 4243 4245
f 4246 4245 4247
f 4248 3199 3195
f 4248 4249 3199
f 4244 4249 4248
f 4244 4243 4246
f 4246 4249 4244
f 4250 4242 4221
f 4221 4222 4250
f 4241 4221 4242
f 4251 4245 4242
f 4251 4242 4250
f 4251 4250 4252
f 4253 4251 4252
f 3203 3199 4249
f 4249 4254 3203
f 4249 4247 4254
f 3554 3203 4254
f 4249 4246 4247
f 4254 4255 3554
f 4256 4254 4247
f 4256 4255 4254
f 3203 3554 3202
f 3205 3202 3554
f 4257 4258 4259
f 4260 4247 4245
f 4260 4245 4251
f 4253 4260 4251
f 4256 4247 4260
f 4260 4253 4261
f 4262 4256 4260
f 4261 4262 4260
f 4263 4256 4262
f 4263 4262 4264
f 4264 4262 4265
f 4262 4261 4266
f 4265 4262 4266
f 4267 4265 4266
f 4268 4259 4258
f 4269 4259 4268
f 4270 4268 4271
f 4268 4270 4269
f 4272 4273 4274
f 4274 4273 4275
f 4276 4274 4275
f 4270 4271 4274
f 4274 4276 4270
f 4222 4233 4250
f 4277 4233 4232
f 4233 4277 4252
f 4232 4231 4235
f 4232 4235 4278
f 4232 4278 4277
f 4253 4252 4277
f 4278 4279 4277
f 4235 4238 4278
f 4280 4278 4238
f 4239 4281 4238
f 4278 4280 4279
f 4282 4280 4238
f 4282 4283 4280
f 4284 4285 4286
f 4287 4253 4277
f 4261 4253 4266
f 4266 4253 4287
f 4277 4288 4287
f 4279 4288 4277
f 4285 4287 4288
f 4285 4288 4286
f 4289 4290 4291
f 4292 4293 4294
f 4290 4289 4293
f 4295 4294 4293
f 4296 4266 4287
f 4296 4287 4285
f 4284 4296 4285
f 4297 4273 4292
f 4292 4294 4297
f 4275 4273 4297
f 4298 4288 4280
f 4288 4279 4280
f 4298 4280 4283
f 4286 4288 4298
f 4299 4300 4301
f 4286 4298 4302
f 4302 4298 4303
f 4303 4298 4283
f 4303 4283 4304
f 4305 4306 4300
f 4307 4308 4289
f 4289 4308 4309
f 4293 4289 4309
f 4295 4293 4309
f 4310 4311 4307
f 4308 4307 4311
f 4308 4311 4312
f 4312 4311 4313
f 4281 4239 4314
f 4282 4238 4281
f 4282 4281 4315
f 4316 4317 4318
f 4319 4282 4315
f 4319 4315 4320
f 4320 4321 4319
f 4322 4318 4317
f 4322 4317 4323
f 4324 4311 4325
f 4324 4326 4311
f 4326 4324 4327
f 3260 4328 3261
f 1177 3260 682
f 1176 1177 682
f 1178 4329 1177
f 1177 4328 3260
f 4328 1177 4329
f 4329 1178 1180
f 4329 1180 4330
f 4331 1180 1179
f 4331 1179 1181
f 4331 1181 1186
f 4330 1180 4331
f 4329 4332 4328
f 4329 4330 4332
f 4333 4330 4331
f 3261 4334 3265
f 3261 4328 4332
f 3261 4332 4335
f 4334 3261 4335
f 3265 4334 3267
f 4336 3267 4334
f 4337 4334 4335
f 4336 4334 4337
f 4338 4332 4330
f 4338 4335 4332
f 4338 4333 4339
f 4339 4340 4338
f 4337 4338 4341
f 4337 4335 4338
f 4341 4338 4340
f 4342 4341 4340
f 4333 4338 4330
f 4343 1186 1185
f 4344 1186 4343
f 4331 1186 4344
f 4331 4344 4333
f 4345 4343 1185
f 4346 4343 4345
f 4346 4345 4347
f 4348 4339 4349
f 4340 4339 4350
f 4350 4339 4348
f 4348 4349 4351
f 4352 4353 4351
f 4339 4333 4344
f 4349 4339 4344
f 4343 4346 4344
f 4344 4346 4349
f 4351 4349 4352
f 4352 4349 4346
f 4354 3288 4336
f 4355 3288 4354
f 3267 3288 3287
f 3288 3267 4336
f 4337 4354 4336
f 3289 3288 3295
f 3295 3288 4355
f 4355 4354 4356
f 4357 4355 4356
f 4354 4337 4341
f 4358 4354 4341
f 4358 4341 4342
f 4342 4340 4350
f 4358 4356 4354
f 4342 4356 4358
f 4356 4342 4359
f 4360 4361 4356
f 4356 4359 4360
f 3295 4357 4362
f 4357 3295 4355
f 3295 3298 3297
f 3295 4362 3298
f 4362 3299 3298
f 4357 4363 4362
f 4362 4206 3299
f 4363 4357 4361
f 4364 4361 4360
f 4365 4364 4360
f 4206 4362 4363
f 4363 4361 4364
f 4366 4342 4350
f 4366 4350 4348
f 4348 4351 4367
f 4367 4366 4348
f 4366 4368 4359
f 4368 4366 4369
f 4366 4359 4342
f 4370 4351 4353
f 4351 4370 4367
f 4360 4359 4365
f 4365 4359 4368
f 4365 4368 4371
f 4368 4369 4371
f 4364 4365 4223
f 4365 4224 4223
f 4365 4371 4372
f 4365 4372 4224
f 4224 4372 4226
f 4226 4372 4229
f 4372 4373 4229
f 4229 4373 4374
f 4375 4376 4377
f 4378 1216 4379
f 1216 1215 4379
f 4380 4381 4378
f 4379 4382 4378
f 4380 4378 4383
f 4382 4383 4378
f 4384 4380 4383
f 4384 4385 4380
f 4379 1215 1217
f 1217 1218 4386
f 4387 4382 4379
f 1217 4387 4379
f 4387 1217 4386
f 4382 4387 4386
f 4388 4384 4383
f 4388 4383 4389
f 4389 4383 4382
f 4390 4389 4391
f 4390 4391 4392
f 1225 4393 1224
f 4393 1225 4394
f 4391 4395 4393
f 4388 4396 4397
f 4376 4388 4397
f 4390 4397 4396
f 4390 4398 4397
f 4377 4376 4397
f 4377 4397 4399
f 4377 4399 4400
f 4375 4377 4400
f 4399 4397 4398
f 4401 4393 4394
f 1226 1283 1282
f 4394 1226 1282
f 4402 1282 1395
f 4394 1282 4402
f 4403 4394 4402
f 4402 1395 4404
f 4402 4404 4405
f 4405 4403 4402
f 4406 4407 4408
f 4406 4408 4409
f 4409 4408 4403
f 4410 4409 4403
f 4410 4405 4411
f 4409 4410 4412
f 4413 4398 4390
f 4413 4390 4414
f 4400 4399 4415
f 4416 4398 4413
f 4415 4417 4418
f 4415 4416 4417
f 4407 4414 4390
f 4414 4406 4419
f 4406 4409 4412
f 4419 4406 4412
f 4412 4410 4420
f 4421 4419 4412
f 4422 4423 4419
f 4424 4413 4423
f 4424 4423 4425
f 4425 4423 4422
f 4424 4425 4426
f 4425 4422 4427
f 4421 4427 4422
f 4421 4422 4419
f 4427 4421 4428
f 4429 4430 4431
f 4429 4432 4433
f 4434 4429 4433
f 4430 4429 4434
f 4433 4432 4435
f 4436 4437 4438
f 4439 4436 4438
f 4440 4439 4438
f 4441 4442 4443
f 4443 4444 4445
f 4444 4443 4442
f 4444 4442 4446
f 4442 4447 4446
f 4445 4444 4448
f 4449 4446 4447
f 4446 4449 4450
f 4451 4446 4450
f 4448 4444 4446
f 4448 4446 4451
f 4452 4445 4448
f 4451 4453 4448
f 4451 4454 4453
f 4435 4432 4400
f 4435 4449 4433
f 4455 4435 4400
f 4455 4400 4415
f 4415 4418 4455
f 4455 4418 4456
f 4457 4418 4417
f 4458 4418 4457
f 4459 4460 4456
f 4460 4459 4461
f 4426 4462 4424
f 4463 4426 4464
f 4465 4463 4464
f 4462 4426 4463
f 4463 4466 4462
f 4463 4465 4467
f 4465 4468 4469
f 4470 4471 4461
f 4472 4461 4471
f 4472 4471 4473
f 4450 4456 4460
f 4454 4450 4460
f 4454 4451 4450
f 4474 4454 4460
f 4454 4474 4475
f 4453 4454 4475
f 4460 4476 4474
f 4460 4461 4476
f 4477 4475 4474
f 4477 4474 4476
f 4478 4476 4479
f 4478 4477 4476
f 4478 4480 4477
f 4476 4461 4472
f 4479 4476 4472
f 4479 4472 4481
f 4481 4472 4473
f 4482 4481 4473
f 4483 4479 4481
f 4478 4479 4483
f 4483 4481 4482
f 4484 4483 4482
f 4404 1395 1284
f 4485 4404 1284
f 4486 4404 4485
f 4420 4410 4411
f 4411 4487 4420
f 4420 4487 4488
f 4487 4489 4490
f 4487 4490 4491
f 4487 4491 4488
f 4491 4490 4492
f 4493 4494 1397
f 4493 4495 4494
f 4493 1397 1398
f 1288 4496 1398
f 4493 1398 4496
f 4493 4496 4497
f 4495 4493 4497
f 4497 4496 4498
f 4492 4494 4499
f 4488 4412 4420
f 4500 4421 4412
f 4500 4412 4488
f 4501 4500 4488
f 4428 4500 4501
f 4488 4491 4502
f 4501 4488 4502
f 4501 4502 4503
f 4428 4421 4500
f 4504 4428 4501
f 4504 4501 4503
f 4505 4502 4492
f 4506 4502 4505
f 4499 4505 4492
f 4505 4499 4507
f 4506 4503 4502
f 4503 4506 4508
f 4506 4505 4509
f 4508 4506 4510
f 4506 4509 4510
f 4510 4509 4511
f 4512 1304 1303
f 4507 4499 4513
f 4514 4512 4515
f 1310 4516 1309
f 1303 4517 4512
f 4515 4512 4517
f 1303 1309 4516
f 2799 4516 1310
f 4516 2799 4518
f 4519 4518 2799
f 4520 4515 4517
f 4521 4515 4520
f 4521 4514 4515
f 4520 4517 4522
f 4516 4518 4523
f 4522 4516 4523
f 4523 4524 4522
f 4513 4525 4507
f 4526 4525 4527
f 4514 4521 4525
f 4525 4521 4528
f 4529 4528 4521
f 4527 4528 4530
f 4520 4531 4521
f 4524 4531 4522
f 4531 4520 4522
f 4529 4531 4532
f 4532 4531 4524
f 4532 4524 4533
f 4532 4533 4534
f 4535 4536 4537
f 4538 4539 4537
f 4540 4473 4469
f 4541 4540 4542
f 4542 4535 4537
f 4537 4539 4542
f 4543 4538 4544
f 4482 4473 4540
f 4545 4532 4534
f 3424 3299 4206
f 3424 4209 3423
f 4209 3186 3423
f 4363 4207 4206
f 4364 4211 4363
f 4364 4223 4211
f 4225 4226 4229
f 4270 4276 4546
f 4270 4546 4269
f 4276 4275 4547
f 4276 4548 4546
f 4549 4548 4276
f 4550 4546 4548
f 4550 4548 4551
f 4552 4551 4548
f 4548 4549 4553
f 4552 4548 4553
f 4295 4297 4294
f 4554 4295 4309
f 4555 4295 4554
f 4556 4555 4554
f 4557 4555 4556
f 4558 4557 4556
f 4547 4275 4297
f 4276 4547 4549
f 4559 4549 4547
f 4297 4555 4547
f 4555 4559 4547
f 4297 4295 4555
f 4559 4555 4560
f 4553 4549 4559
f 4553 4559 4560
f 4553 4560 4561
f 4562 4553 4561
f 4560 4555 4557
f 4561 4560 4557
f 4563 4557 4558
f 4563 4561 4557
f 4312 4309 4308
f 4309 4312 4564
f 4554 4309 4564
f 4564 4556 4554
f 4565 4312 4313
f 4565 4564 4312
f 4566 4564 4565
f 4567 4566 4565
f 4566 4556 4564
f 4566 4568 4556
f 4556 4568 4558
f 4568 4566 4569
f 4558 4568 4563
f 4567 4565 4570
f 4571 4567 4570
f 4566 4572 4569
f 4572 4566 4567
f 4573 4562 4561
f 4563 4573 4561
f 4574 4562 4573
f 4575 4574 4573
f 4574 4575 4576
f 4574 4576 4577
f 4563 4568 4569
f 4578 4569 4579
f 4579 4572 4580
f 4579 4569 4572
f 4581 4579 4580
f 4581 4578 4579
f 4582 4581 4583
f 4563 4578 4573
f 4578 4563 4569
f 4578 4575 4573
f 4584 4578 4582
f 4575 4578 4584
f 4585 4576 4584
f 4576 4575 4584
f 4582 4578 4581
f 4586 4574 4577
f 4587 4586 4577
f 4588 4586 4587
f 4587 4589 4588
f 4587 4590 4589
f 4582 4583 4591
f 4590 4587 4585
f 4584 4582 4585
f 4592 4585 4582
f 4592 4590 4585
f 4593 4590 4592
f 4576 4585 4577
f 4587 4577 4585
f 4594 4582 4591
f 4594 4592 4582
f 4595 4592 4594
f 4593 4589 4590
f 4593 4596 4589
f 4593 4592 4595
f 4593 4595 4597
f 4598 4595 4594
f 4597 4595 4599
f 4600 4593 4597
f 4601 4589 4596
f 4601 4596 4602
f 4593 4603 4596
f 4593 4600 4603
f 4603 4602 4596
f 4601 4602 4604
f 4605 4602 4603
f 4605 4603 4600
f 4600 4606 4605
f 4606 4597 4607
f 4597 4606 4600
f 4608 4606 4607
f 4606 4608 4605
f 4609 4602 4605
f 4605 4608 4609
f 4609 4608 4610
f 4611 4610 4608
f 4610 4611 4612
f 4613 4445 4452
f 4614 4615 4616
f 4617 4618 4619
f 4620 4452 4621
f 4617 4613 4452
f 4448 4453 4452
f 4453 4621 4452
f 4618 4452 4620
f 4617 4452 4618
f 4618 4620 4621
f 4622 4619 4618
f 4623 4622 4618
f 4618 4621 4623
f 4624 4621 4475
f 4624 4623 4621
f 4623 4624 4625
f 4626 4617 4619
f 4626 4619 4627
f 4622 4627 4619
f 4628 4622 4623
f 4623 4625 4628
f 4629 4628 4625
f 4630 4631 4632
f 4632 4631 4633
f 4634 4632 4635
f 4636 4635 4637
f 4453 4475 4621
f 4477 4624 4475
f 4624 4477 4480
f 4638 4480 4478
f 4639 4480 4638
f 4625 4624 4480
f 4480 4640 4625
f 4640 4629 4625
f 4639 4640 4480
f 4639 4641 4640
f 4478 4483 4638
f 4629 4640 4642
f 4642 4643 4629
f 4313 4311 4326
f 4313 4326 4644
f 4570 4313 4644
f 4645 4327 4646
f 4647 4327 4645
f 4645 4648 4647
f 4647 4326 4327
f 4644 4326 4647
f 4649 4644 4647
f 4650 4644 4649
f 4650 4570 4644
f 4651 4570 4650
f 4651 4571 4570
f 4652 4571 4651
f 4653 4651 4650
f 4651 4654 4652
f 4655 4653 4650
f 4656 4614 4616
f 4647 4648 4649
f 4648 4657 4649
f 4657 4648 4658
f 4645 4658 4648
f 4658 4659 4657
f 4650 4657 4659
f 4650 4659 4655
f 4655 4659 4660
f 4657 4650 4649
f 4659 4658 4661
f 4661 4662 4659
f 4659 4662 4660
f 4662 4661 4663
f 4653 4655 4664
f 4651 4653 4664
f 4654 4651 4664
f 4665 4655 4660
f 4665 4660 4666
f 4664 4655 4665
f 4667 4664 4665
f 4667 4668 4664
f 4668 4667 4669
f 4670 4668 4669
f 4667 4665 4669
f 4669 4665 4666
f 4671 4660 4662
f 4660 4671 4672
f 4672 4666 4660
f 4670 4669 4673
f 4669 4666 4672
f 4674 4672 4675
f 4675 4676 4674
f 4669 4672 4673
f 4673 4672 4674
f 4677 4674 4676
f 4570 4565 4313
f 4572 4567 4571
f 4572 4571 4678
f 4678 4571 4652
f 4652 4580 4678
f 4580 4572 4678
f 4679 4654 4668
f 4652 4654 4679
f 4679 4580 4652
f 4668 4654 4664
f 4583 4581 4580
f 4583 4580 4679
f 4680 4583 4679
f 4670 4679 4668
f 4670 4680 4679
f 4681 4680 4670
f 4670 4673 4681
f 4681 4673 4682
f 4656 4616 4683
f 4683 4616 4684
f 4684 4685 4683
f 4685 4686 4683
f 4687 4683 4686
f 4688 4683 4687
f 4688 4687 4689
f 4688 4656 4683
f 4690 4689 4687
f 4691 4690 4687
f 4692 4687 4686
f 4693 4692 4686
f 4691 4687 4692
f 4691 4692 4694
f 4694 4692 4695
f 4696 4694 4695
f 4663 4697 4662
f 4695 4630 4698
f 4699 4700 4697
f 4699 4701 4700
f 4702 4701 4703
f 4701 4704 4703
f 4705 4704 4706
f 4705 4703 4704
f 4703 4705 4707
f 4700 4662 4697
f 4671 4662 4700
f 4671 4700 4701
f 4675 4672 4671
f 4671 4702 4675
f 4702 4671 4701
f 4676 4675 4702
f 4698 4630 4632
f 4708 4698 4632
f 4708 4632 4634
f 4705 4709 4710
f 4634 4635 4636
f 4711 4636 4637
f 4712 4711 4637
f 4673 4674 4677
f 4682 4673 4677
f 4682 4677 4713
f 4714 4713 4677
f 4583 4715 4591
f 4598 4594 4591
f 4598 4591 4715
f 4715 4716 4598
f 4681 4717 4680
f 4717 4681 4718
f 4715 4583 4680
f 4680 4717 4715
f 4717 4716 4715
f 4598 4719 4599
f 4720 4719 4598
f 4721 4719 4720
f 4722 4716 4717
f 4598 4716 4720
f 4717 4718 4722
f 4722 4720 4716
f 4718 4720 4722
f 4599 4595 4598
f 4718 4681 4713
f 4681 4682 4713
f 4723 4718 4713
f 4724 4718 4723
f 4718 4724 4720
f 4713 4725 4723
f 4713 4726 4725
f 4727 4719 4721
f 4728 4727 4721
f 4721 4720 4728
f 4599 4719 4597
f 4597 4719 4607
f 4607 4719 4729
f 4607 4729 4730
f 4730 4608 4607
f 4729 4719 4727
f 4731 4729 4727
f 4730 4729 4731
f 4730 4731 4732
f 4733 4732 4731
f 4733 4734 4735
f 4733 4731 4736
f 4734 4733 4736
f 4611 4608 4730
f 4611 4730 4732
f 4732 4735 4611
f 4612 4611 4735
f 4737 4612 4735
f 4732 4733 4735
f 4731 4727 4738
f 4736 4731 4738
f 4725 4724 4723
f 4724 4725 4739
f 4725 4740 4739
f 4728 4720 4724
f 4739 4728 4724
f 4728 4739 4741
f 4742 4725 4726
f 4743 4739 4740
f 4740 4725 4742
f 4741 4739 4743
f 4741 4727 4728
f 4738 4727 4741
f 4744 4738 4741
f 4742 4743 4740
f 4742 4745 4743
f 4746 4743 4745
f 4707 4747 4703
f 4677 4676 4748
f 4747 4676 4702
f 4676 4747 4748
f 4714 4677 4748
f 4747 4702 4703
f 4748 4747 4749
f 4747 4707 4749
f 4726 4713 4714
f 4714 4748 4750
f 4726 4714 4750
f 4749 4750 4748
f 4751 4749 4707
f 4750 4749 4751
f 4751 4752 4750
f 4726 4750 4753
f 4753 4750 4752
f 4710 4707 4705
f 4754 4710 4755
f 4756 4707 4710
f 4756 4710 4754
f 4756 4751 4707
f 4751 4756 4757
f 4756 4754 4758
f 4756 4758 4757
f 4759 4757 4758
f 4752 4751 4760
f 4751 4757 4760
f 4726 4761 4762
f 4763 4753 4752
f 4761 4726 4753
f 4761 4753 4763
f 4764 4765 4761
f 4766 4764 4761
f 4767 4757 4759
f 4759 4768 4767
f 4769 4768 4759
f 4752 4760 4763
f 4767 4760 4757
f 4760 4767 4763
f 4767 4766 4763
f 4770 4766 4767
f 4761 4763 4766
f 4770 4767 4768
f 4770 4768 4771
f 4762 4742 4726
f 4762 4745 4742
f 4772 4745 4762
f 4765 4772 4762
f 4765 4762 4761
f 4773 4774 4775
f 4774 4773 4776
f 4777 4776 4773
f 4735 4734 4778
f 4734 4736 4779
f 4734 4779 4778
f 4780 4735 4778
f 4781 4736 4738
f 4781 4779 4736
f 4779 4782 4778
f 4782 4780 4778
f 4781 4738 4783
f 4783 4779 4781
f 4782 4784 4780
f 4782 4779 4785
f 4785 4779 4783
f 4737 4735 4780
f 4737 4780 4786
f 4786 4780 4784
f 4776 4777 4787
f 4787 4777 4788
f 4789 4787 4790
f 4790 4787 4791
f 4788 4791 4787
f 4792 4791 4788
f 4793 4791 4792
f 4791 4793 4794
f 4741 4795 4744
f 4744 4795 4796
f 4797 4744 4796
f 4795 4746 4798
f 4795 4741 4743
f 4746 4795 4743
f 4796 4795 4799
f 4798 4799 4795
f 4800 4796 4799
f 4800 4799 4801
f 4802 4800 4801
f 4801 4799 4803
f 4783 4738 4744
f 4797 4783 4744
f 4782 4804 4784
f 4784 4804 4805
f 4785 4804 4782
f 4805 4786 4784
f 4806 4786 4805
f 4785 4783 4797
f 4785 4797 4807
f 4785 4807 4808
f 4808 4804 4785
f 4805 4804 4808
f 4808 4807 4809
f 4800 4797 4796
f 4809 4807 4797
f 4809 4797 4800
f 4810 4805 4808
f 4809 4810 4808
f 4800 4802 4811
f 4806 4812 4813
f 4814 4815 4787
f 4814 4787 4789
f 4789 4816 4814
f 4789 4790 4816
f 4817 4790 4794
f 4817 4794 4818
f 4790 4791 4794
f 4816 4790 4817
f 4817 4818 4819
f 4816 4817 4820
f 4819 4820 4817
f 4820 4821 4822
f 4802 4801 4823
f 4823 4824 4802
f 4825 4824 4823
f 4826 4824 4825
f 4826 4825 4827
f 4828 4812 4829
f 4830 4831 4832
f 4820 4819 4832
f 4832 4819 4833
f 4820 4832 4821
f 4833 4830 4832
f 4821 4832 4834
f 4832 4831 4834
f 4835 4764 4766
f 4835 4766 4770
f 4836 4835 4770
f 4837 4764 4835
f 4836 4770 4771
f 4771 4838 4836
f 4837 4836 4838
f 4836 4837 4835
f 4839 4764 4837
f 4840 4837 4838
f 4839 4837 4841
f 4841 4837 4840
f 4842 4841 4840
f 4843 4841 4842
f 4772 4746 4745
f 4844 4772 4765
f 4798 4746 4844
f 4772 4844 4746
f 4844 4765 4845
f 4845 4765 4764
f 4803 4798 4844
f 4844 4846 4803
f 4799 4798 4803
f 4847 4846 4844
f 4847 4844 4845
f 4839 4845 4764
f 4839 4847 4845
f 4848 4847 4839
f 4847 4848 4849
f 4850 4803 4851
f 4803 4850 4801
f 4850 4823 4801
f 4803 4846 4851
f 4825 4823 4850
f 4852 4850 4851
f 4852 4825 4850
f 4849 4846 4847
f 4846 4849 4851
f 4849 4852 4851
f 4853 4825 4852
f 4854 4853 4852
f 4849 4855 4852
f 4852 4855 4854
f 4855 4849 4848
f 4855 4856 4854
f 4857 4854 4856
f 4856 4855 4858
f 4859 4860 4861
f 4827 4825 4853
f 4827 4853 4862
f 4862 4853 4854
f 4863 4862 4854
f 4863 4854 4857
f 4857 4856 4864
f 4865 4863 4857
f 4863 4866 4861
f 4866 4863 4865
f 4867 4848 4843
f 4848 4839 4841
f 4843 4848 4841
f 4868 4848 4867
f 4868 4855 4848
f 4868 4858 4855
f 4869 4868 4867
f 4870 4871 4843
f 4843 4871 4867
f 4834 4872 4873
f 4873 4872 4874
f 4875 4864 4858
f 4876 4877 4878
f 4879 4876 4878
f 4878 4877 4880
f 4878 4880 4879
f 4864 4856 4858
f 4881 4864 4875
f 4882 4864 4881
f 4865 4857 4864
f 4865 4864 4882
f 4883 4879 4880
f 4883 4884 4885
f 4886 4887 4879
f 4883 4886 4879
f 4886 4883 4885
f 4868 4869 4858
f 4875 4858 4869
f 4875 4869 4888
f 4889 4888 4869
f 4871 4869 4867
f 4890 4869 4871
f 4890 4889 4869
f 4891 4890 4871
f 4892 4888 4889
f 4893 4888 4892
f 4892 4889 4894
f 4894 4893 4892
f 4895 4889 4890
f 4896 4895 4890
f 4891 4896 4890
f 4895 4896 4894
f 4894 4889 4895
f 4897 4894 4896
f 4881 4898 4882
f 4881 4875 4888
f 4899 4881 4888
f 4900 4888 4893
f 4899 4888 4900
f 4900 4893 4894
f 4898 4881 4899
f 4884 4898 4901
f 4898 4899 4901
f 4901 4899 4900
f 4900 4894 4902
f 4887 4903 4879
f 4904 4887 4886
f 4904 4886 4905
f 4906 4904 4907
f 4908 4907 4904
f 4902 4894 4897
f 4897 4896 4909
f 4910 4897 4909
f 4911 4886 4885
f 4885 4912 4911
f 4901 4912 4885
f 4912 4901 4913
f 4905 4886 4911
f 4914 4905 4911
f 4911 4912 4914
f 4914 4912 4915
f 4902 4916 4900
f 4916 4902 4897
f 4910 4917 4897
f 4917 4916 4897
f 4918 4900 4916
f 4918 4901 4900
f 4913 4901 4918
f 4915 4912 4913
f 4913 4919 4915
f 4919 4913 4918
f 4904 4905 4908
f 4908 4905 4914
f 4914 4915 4920
f 4915 4919 4921
f 4922 4920 4915
f 4921 4922 4915
f 4923 4484 4482
f 4527 4530 4924
f 4530 4925 4924
f 4925 4530 4529
f 4926 4925 4529
f 4926 4529 4532
f 4539 4538 4927
f 4544 4928 4543
f 4929 4510 4511
f 4928 4510 4929
f 4929 4511 4930
f 4931 4928 4929
f 4930 4931 4929
f 4932 4931 4930
f 4933 4932 4930
f 4923 4482 4540
f 4540 4541 4923
f 4541 4927 4934
f 4923 4541 4935
f 4541 4934 4935
f 4936 4935 4934
f 4934 4927 4932
f 4932 4936 4934
f 4937 4936 4932
f 4938 4937 4932
f 4936 4937 4939
f 4940 4924 4941
f 4941 4924 4925
f 4941 4925 4942
f 4940 4941 4943
f 4933 4944 4945
f 4945 4944 4946
f 4947 4946 4943
f 4945 4946 4947
f 4942 4925 4926
f 4948 4926 4532
f 4948 4532 4545
f 4949 4950 4948
f 4948 4545 4951
f 4949 4948 4951
f 4952 4953 4954
f 4953 4952 4955
f 4937 4938 4939
f 4938 4956 4939
f 4954 4956 4938
f 4956 4954 4953
f 4956 4953 4957
f 4958 4955 4959
f 4960 4961 4962
f 4959 4955 4963
f 4958 4953 4955
f 4958 4957 4953
f 4964 4958 4959
f 4964 4959 4965
f 4641 4639 4638
f 4638 4483 4966
f 4966 4483 4484
f 4966 4484 4923
f 4967 4638 4966
f 4968 4638 4967
f 4641 4638 4968
f 4967 4966 4969
f 4642 4640 4641
f 4642 4641 4970
f 4971 4642 4970
f 4968 4970 4641
f 4712 4972 4973
f 4973 4972 4974
f 4975 4974 4971
f 4975 4976 4977
f 4968 4967 4978
f 4978 4967 4979
f 4980 4968 4978
f 4977 4976 4981
f 4982 4983 4978
f 4984 4712 4973
f 4984 4985 4712
f 4974 4984 4973
f 4986 4984 4974
f 4759 4987 4769
f 4988 4975 4989
f 4975 4977 4989
f 4769 4990 4991
f 4991 4768 4769
f 4992 4977 4981
f 4993 4977 4992
f 4994 4995 4981
f 4995 4992 4981
f 4996 4995 4994
f 4993 4992 4995
f 4771 4768 4991
f 4997 4991 4990
f 4991 4997 4998
f 4771 4991 4998
f 4996 4999 4995
f 5000 4999 4996
f 5001 4995 4999
f 4999 5000 5001
f 5001 5000 5002
f 4969 4966 4923
f 4969 4923 4935
f 4936 5003 4935
f 5004 4935 5003
f 4967 4969 4979
f 4969 5004 4979
f 4969 4935 5004
f 5005 5004 5003
f 4979 5004 5005
f 5006 5003 4936
f 5006 4936 4939
f 5005 5003 5006
f 5006 4939 5007
f 5006 5008 5005
f 5007 5008 5006
f 4939 5009 5007
f 4978 4979 4982
f 4982 4979 5010
f 5005 5010 4979
f 5010 5005 5011
f 5005 5008 5011
f 5011 5008 5012
f 5008 5007 5013
f 5008 5013 5014
f 5007 5015 5013
f 5007 5016 5015
f 5014 5013 5015
f 5014 5015 5016
f 5014 5012 5008
f 5009 4956 5017
f 4939 4956 5009
f 5017 4956 4957
f 5017 4957 5018
f 5009 5017 5018
f 5019 5009 5018
f 4957 4958 4964
f 5018 4957 4964
f 5018 4964 5020
f 5020 4964 4965
f 5021 5020 4965
f 5021 5022 5020
f 5019 5018 5020
f 5016 5007 5009
f 5019 5023 5009
f 5016 5009 5023
f 5024 5023 5019
f 5024 5019 5025
f 5026 5023 5024
f 5026 5024 5027
f 5025 5019 5020
f 5022 5025 5020
f 5028 5024 5025
f 5028 5027 5024
f 5025 5022 5028
f 5029 5028 5022
f 5029 5022 5030
f 5031 5032 5033
f 5034 4838 4771
f 5033 4771 4998
f 5034 4771 5033
f 4838 5034 4840
f 5032 5034 5033
f 5035 4840 5034
f 5034 5036 5035
f 5036 5034 5032
f 5036 5032 5037
f 5000 5038 5002
f 5002 5038 5039
f 5040 5002 5039
f 5038 5041 5039
f 5042 5039 5041
f 5042 5043 5044
f 5045 5044 5046
f 5042 5044 5047
f 5048 5042 5047
f 5047 5044 5045
f 5035 4842 4840
f 5049 4842 5035
f 4842 5049 5050
f 5036 5049 5035
f 5051 5049 5036
f 5036 5037 5051
f 5050 4870 4842
f 5050 5049 5051
f 5052 5050 5051
f 5045 5046 5053
f 5054 5053 5055
f 5056 5045 5053
f 5056 5053 5057
f 5053 5054 5057
f 5058 5057 5054
f 5059 5060 5061
f 5051 5062 5052
f 5063 5059 5061
f 4842 4870 4843
f 4870 5050 5052
f 4870 5052 5064
f 5052 5065 5064
f 5065 5066 5064
f 5064 5066 5067
f 5067 5066 5068
f 5069 5063 5070
f 5069 5070 5071
f 5065 5052 5062
f 5065 5072 5066
f 5066 5072 5073
f 5069 5071 5074
f 5073 5068 5066
f 5027 5028 5029
f 5075 5076 5068
f 5077 5076 5075
f 5078 5079 5080
f 5081 5079 5078
f 5082 5083 5084
f 5082 5078 5085
f 5081 5078 5082
f 4871 4870 4891
f 5064 4891 4870
f 5064 5067 4891
f 4896 4891 5067
f 4909 4896 5067
f 4910 4909 5086
f 4909 5067 5086
f 5076 5086 5067
f 5068 5076 5067
f 5087 4910 5086
f 5087 5088 4910
f 5089 5087 5086
f 5086 5076 5090
f 5076 5077 5091
f 5091 5090 5076
f 5090 5091 5089
f 5089 5086 5090
f 4917 4910 5088
f 4916 4917 4918
f 4917 5088 5092
f 5093 5088 5087
f 4918 4917 5092
f 5092 4919 4918
f 4921 4919 5092
f 5093 5092 5088
f 5093 4921 5092
f 5094 5082 5084
f 5095 5096 5097
f 4263 4255 4256
f 5096 4255 4263
f 4263 5098 5096
f 5097 5096 5098
f 5097 5098 5099
f 3555 3554 5096
f 4257 4259 5100
f 5096 3945 3555
f 5096 5095 3945
f 3946 3945 5095
f 5101 5102 3950
f 3952 5101 3950
f 5103 5102 5101
f 5098 4263 4264
f 5104 4264 4265
f 3943 5105 3597
f 5105 3598 3597
f 5100 5105 3943
f 3596 3598 3606
f 3606 5105 5106
f 3606 3598 5105
f 4269 5100 4259
f 5107 5100 4269
f 5100 5106 5105
f 5107 5106 5100
f 3612 3606 5106
f 5108 3612 5106
f 5109 5106 5107
f 5110 5109 5107
f 5109 5110 5108
f 5110 5111 5108
f 5108 5106 5109
f 5108 5111 5112
f 3606 3612 3607
f 4269 4546 5107
f 4546 4550 5107
f 5110 5107 4550
f 5110 4550 4551
f 5111 5110 5113
f 5113 5110 4551
f 5113 4551 4552
f 4552 5114 5113
f 5108 5112 3612
f 5112 5115 3612
f 5115 5112 5116
f 5117 5115 5116
f 5115 5117 5118
f 3613 3612 5119
f 3615 3613 5119
f 3615 5119 5120
f 5119 3612 5115
f 5115 5118 5119
f 5120 5119 5118
f 5120 5121 5122
f 3617 3616 3615
f 3615 5120 3617
f 3617 5120 5122
f 5120 5118 5121
f 5123 5121 5118
f 5112 5111 5116
f 5113 5116 5111
f 5114 5116 5113
f 5117 5116 5114
f 4562 4552 4553
f 5114 4552 4562
f 5114 4562 5124
f 5114 5125 5117
f 5123 5118 5117
f 5117 5125 5123
f 5124 5125 5114
f 5126 5125 5124
f 4574 5124 4562
f 5127 5124 4574
f 5127 5126 5124
f 4574 4586 5127
f 5122 3618 3617
f 5122 3671 3618
f 5128 3671 5122
f 5121 5129 5122
f 5123 5130 5121
f 5129 5121 5130
f 5131 5130 5132
f 5129 5128 5122
f 5128 5129 5133
f 3673 5128 5133
f 3673 5133 3688
f 5132 5134 5131
f 5129 5130 5131
f 5131 5134 5135
f 5131 5133 5129
f 5133 5131 5135
f 5125 5136 5123
f 5137 5123 5136
f 5138 5132 5137
f 5136 5138 5137
f 5139 5125 5126
f 5139 5140 5136
f 5139 5136 5125
f 5140 5138 5136
f 5138 5141 5142
f 5138 5140 5141
f 5141 5140 5143
f 5144 5141 5143
f 5132 5130 5123
f 5123 5137 5132
f 5134 5132 5138
f 5134 5138 5142
f 5145 5134 5142
f 3688 5133 5135
f 5146 3688 5135
f 5147 5146 5135
f 5148 5146 5147
f 5147 5135 5145
f 5134 5145 5135
f 5149 5147 5145
f 5150 5149 5145
f 5148 5147 5151
f 5152 5153 5154
f 5153 5152 5155
f 5151 5147 5154
f 5147 5149 5154
f 5154 5149 5152
f 5153 5151 5154
f 5156 5141 5144
f 5156 5157 5158
f 5158 5157 5159
f 5159 5157 5160
f 5159 5161 5158
f 5161 5159 5162
f 5142 5150 5145
f 5150 5142 5141
f 5141 5163 5150
f 5150 5163 5149
f 5156 5158 5163
f 5163 5141 5156
f 5152 5149 5163
f 5152 5163 5158
f 5155 5152 5158
f 5161 5155 5158
f 3673 3671 5128
f 3689 3688 5146
f 5148 3689 5146
f 3690 3689 5148
f 3690 5148 5151
f 3691 3690 5164
f 5151 5164 3690
f 5126 5127 5139
f 4586 5139 5127
f 5140 5139 5143
f 4586 5143 5139
f 5143 4586 4588
f 5143 4588 5165
f 5144 5143 5165
f 5166 4588 4589
f 5165 4588 5166
f 5167 5165 5168
f 5165 5157 5144
f 5157 5156 5144
f 5157 5165 5167
f 5169 5165 5166
f 4601 5166 4589
f 4601 5169 5166
f 5168 5169 5170
f 5168 5165 5169
f 4601 5171 5169
f 5170 5169 5171
f 5172 5170 5171
f 5173 5167 5168
f 5174 5173 5168
f 5157 5167 5160
f 5160 5167 5173
f 5175 5160 5173
f 5162 5160 5175
f 5159 5160 5162
f 5176 5174 5177
f 5176 5175 5174
f 5175 5173 5174
f 5177 5174 5178
f 5179 5177 5178
f 5178 5174 5168
f 5168 5170 5178
f 5179 5178 5170
f 5180 5170 5172
f 5179 5170 5180
f 5181 5180 5172
f 5182 5177 5179
f 5183 5182 5179
f 5179 5184 5183
f 5184 5179 5180
f 5184 5180 5185
f 5180 5181 5185
f 5171 4601 4604
f 4604 5186 5171
f 5172 5171 5186
f 5186 4604 4602
f 5186 4602 4609
f 4609 5187 5186
f 5181 5172 5186
f 5181 5186 5188
f 5188 5185 5181
f 5185 5188 5189
f 4609 4610 5187
f 5187 4610 4612
f 5187 4612 5190
f 5188 5186 5187
f 5188 5187 5190
f 5190 5191 5188
f 5189 5188 5191
f 5190 4612 4737
f 5190 4737 5191
f 5192 5151 5153
f 5193 5192 5153
f 5193 5153 5155
f 5193 5194 5192
f 5194 5193 5195
f 5196 5175 5197
f 5198 5155 5161
f 5195 5193 5155
f 5195 5155 5198
f 5199 5161 5162
f 5175 5199 5162
f 5199 5198 5161
f 5199 5175 5196
f 5198 5199 5196
f 5195 5198 5200
f 5200 5201 5195
f 5202 5203 5204
f 5203 5198 5196
f 5198 5202 5200
f 5203 5202 5198
f 5205 5206 5207
f 5200 5208 5201
f 5208 5200 5209
f 5202 5209 5200
f 5209 5202 5210
f 5211 5212 5213
f 5214 5212 5211
f 5192 5164 5151
f 5164 5192 3763
f 3763 5192 5215
f 3691 5164 3763
f 5215 5192 5194
f 5216 5215 5194
f 5194 5217 5216
f 3763 5215 3764
f 5217 5194 5195
f 5217 5195 5201
f 5218 5206 5219
f 5205 5219 5206
f 5220 5206 5218
f 5218 5219 5221
f 5215 5216 3764
f 5216 3774 3764
f 5216 5222 3774
f 5223 5222 5216
f 3775 3774 5222
f 5216 5217 5223
f 5201 5223 5217
f 5201 5224 5223
f 5224 5225 5223
f 3775 5222 5226
f 5222 5227 5226
f 5225 5228 5229
f 5222 5223 5225
f 5227 5222 5230
f 5230 5222 5225
f 5231 5227 5230
f 5229 5230 5225
f 5232 5229 5233
f 5232 5230 5229
f 3779 3775 5226
f 5226 3780 3779
f 5234 3780 5226
f 5201 5208 5224
f 5208 5209 5224
f 5228 5209 5235
f 5228 5224 5209
f 5236 5235 5237
f 5238 5239 5237
f 5239 5238 5240
f 5240 5241 5242
f 5239 5240 5242
f 5243 5206 5238
f 5238 5206 5220
f 5240 5238 5220
f 5241 5240 5220
f 5218 5221 5220
f 5244 5220 5221
f 5220 5244 5241
f 5244 5245 5241
f 5225 5224 5228
f 5233 5236 5237
f 5229 5228 5236
f 5233 5229 5236
f 5246 5233 5237
f 5233 5246 5239
f 5232 5233 5239
f 5247 5213 5212
f 5248 5247 5212
f 5249 5212 5214
f 5245 5244 5250
f 5251 5245 5250
f 5251 5250 5248
f 5248 5252 5251
f 5242 5232 5239
f 5242 5253 5232
f 5253 5242 5254
f 5242 5255 5254
f 5242 5241 5245
f 5255 5242 5245
f 5176 5197 5175
f 5256 5257 5258
f 5258 5257 5259
f 5256 5258 5259
f 5260 5259 5257
f 5261 5259 5262
f 5261 5256 5259
f 5263 5256 5261
f 5262 5259 5260
f 5264 5177 5182
f 5265 5182 5183
f 5264 5205 5266
f 5182 5205 5264
f 5182 5265 5205
f 5267 5265 5183
f 5267 5183 5268
f 5184 5185 5183
f 5268 5185 5269
f 5185 5268 5183
f 5268 5269 5270
f 5270 5271 5261
f 5272 5262 5273
f 5274 5262 5272
f 5274 5261 5262
f 5270 5267 5268
f 5270 5275 5267
f 5271 5270 5269
f 5270 5261 5274
f 5270 5274 5275
f 5276 5185 5189
f 5277 5278 5279
f 5280 5189 5191
f 5279 5278 5276
f 5279 5276 5189
f 5279 5189 5281
f 5280 5281 5189
f 5282 5257 5283
f 5282 5260 5257
f 5260 5282 5284
f 5285 5284 5282
f 5256 5283 5257
f 5283 5256 5263
f 5263 5277 5286
f 5263 5278 5277
f 5287 5262 5260
f 5260 5284 5287
f 5284 5285 4774
f 5288 4777 4773
f 5288 5286 5279
f 5284 4774 4776
f 5284 4776 4815
f 4815 4776 4787
f 5279 5286 5277
f 5269 5185 5276
f 5271 5269 5278
f 5269 5276 5278
f 5271 5278 5261
f 5263 5261 5278
f 5262 5287 5273
f 5273 5289 5272
f 5289 5273 5290
f 5290 5291 5289
f 5274 5272 5292
f 5292 5275 5274
f 5292 5272 5289
f 5275 5292 5293
f 5293 5294 5213
f 5213 5294 5211
f 5295 5289 5291
f 5293 5295 5294
f 5294 5295 5291
f 5293 5292 5289
f 5293 5289 5295
f 5296 5290 5273
f 5296 5273 5287
f 5296 5287 5297
f 5290 5298 5299
f 5294 5291 5211
f 5211 5291 5299
f 5214 5211 5299
f 5299 5291 5290
f 5299 5300 5214
f 5249 5214 5300
f 5296 5298 5290
f 5301 5298 5296
f 5298 5301 5302
f 5303 5302 5301
f 5300 5299 5298
f 5302 5300 5298
f 5297 5287 5304
f 5304 5287 5284
f 5304 5305 5297
f 5306 5305 5304
f 5306 5304 5284
f 5306 5284 4815
f 4814 5306 4815
f 5305 5306 5307
f 5305 5308 5297
f 5308 5305 5309
f 5310 5305 5307
f 5309 5305 5310
f 5311 5309 5310
f 5308 5296 5297
f 5301 5296 5308
f 5301 5308 5303
f 5309 5303 5308
f 5205 5265 5219
f 5267 5219 5265
f 5221 5219 5267
f 5221 5267 5275
f 5221 5275 5312
f 5244 5221 5312
f 5312 5275 5293
f 5250 5244 5312
f 5247 5293 5213
f 5293 5250 5312
f 5250 5293 5247
f 5248 5250 5247
f 5227 5234 5226
f 3780 5234 3785
f 5227 5231 5234
f 5231 5230 5232
f 5253 5231 5232
f 5253 5313 5231
f 5314 5234 5231
f 5314 5231 5313
f 5254 5313 5253
f 5254 5315 5313
f 5234 3899 3785
f 3899 5234 5316
f 5317 3899 5316
f 3899 5317 3900
f 5318 5319 5320
f 5314 5313 5321
f 5315 5321 5313
f 5321 5319 5314
f 5316 5234 5314
f 5319 5316 5314
f 5320 5319 5321
f 5316 5319 5318
f 5212 5249 5322
f 5248 5212 5322
f 5322 5252 5248
f 5323 5322 5249
f 5322 5323 5324
f 5322 5325 5252
f 5325 5322 5324
f 5326 5327 5328
f 5326 5329 5327
f 5327 5330 5328
f 5331 5325 5324
f 5326 5331 5324
f 5328 5330 5326
f 5255 5332 5254
f 5332 5255 5333
f 5333 5255 5245
f 5252 5333 5251
f 5245 5251 5333
f 5333 5252 5325
f 5315 5334 5321
f 5332 5315 5254
f 5334 5315 5332
f 5320 5321 5334
f 5334 5332 5335
f 5332 5333 5336
f 5333 5325 5337
f 5336 5333 5337
f 5337 5325 5331
f 5332 5336 5338
f 5337 5338 5336
f 5339 5318 5320
f 5317 5316 5340
f 5316 5318 5340
f 5341 5317 5340
f 5341 5340 5318
f 5342 5318 5339
f 5342 5339 5343
f 5342 5341 5318
f 5320 5344 5339
f 5339 5344 5345
f 5346 5320 5334
f 5344 5320 5346
f 5335 5346 5334
f 5345 5344 5346
f 5345 5343 5339
f 5347 5345 5346
f 5335 5347 5346
f 5335 5332 5338
f 5348 5335 5338
f 5335 5349 5347
f 5349 5335 5348
f 5348 5338 5350
f 5345 5347 5351
f 5352 5353 5347
f 5347 5353 5354
f 5351 5347 5354
f 5342 5343 5355
f 5345 5351 5343
f 5351 5356 5343
f 5343 5356 5355
f 5356 5357 5355
f 5358 5354 5353
f 5354 5358 5359
f 5360 5358 5353
f 5352 5360 5353
f 5351 5354 5359
f 5361 5359 5358
f 5362 5361 5358
f 5358 5360 5362
f 5363 5362 5360
f 5349 5352 5347
f 5349 5364 5352
f 5352 5364 5360
f 5364 5349 5348
f 5364 5363 5360
f 5365 5300 5366
f 5300 5302 5366
f 5366 5367 5365
f 5302 5368 5367
f 5366 5302 5367
f 5368 5369 5367
f 5369 5370 5367
f 5311 5371 5309
f 5371 5311 5372
f 5303 5309 5371
f 5303 5371 5373
f 5373 5302 5303
f 5373 5368 5302
f 5368 5373 5374
f 5373 5375 5374
f 5369 5368 5374
f 5371 5375 5373
f 5375 5371 5372
f 5376 5370 5369
f 5369 5374 5377
f 5378 5369 5377
f 5379 5378 5377
f 5380 5377 5374
f 5375 5380 5374
f 5380 5375 5381
f 5381 5382 5380
f 5382 5377 5380
f 5383 5378 5379
f 5382 5379 5377
f 5379 5382 5384
f 5379 5384 5385
f 5385 5384 5386
f 5323 5249 5300
f 5300 5365 5323
f 5323 5365 5324
f 5329 5365 5387
f 5329 5326 5324
f 5329 5324 5365
f 5327 5329 5387
f 5370 5365 5367
f 5331 5326 5388
f 5330 5327 5387
f 5330 5387 5389
f 5387 5365 5370
f 5389 5387 5390
f 5370 5390 5387
f 5391 5389 5390
f 5388 5326 5330
f 5388 5330 5389
f 5388 5389 5392
f 5392 5389 5391
f 5390 5370 5376
f 5376 5391 5390
f 5378 5376 5369
f 5376 5393 5391
f 5383 5393 5376
f 5393 5383 5394
f 5383 5395 5394
f 5396 5391 5393
f 5396 5392 5391
f 5396 5393 5394
f 5394 5397 5396
f 5394 5395 5398
f 5397 5399 5396
f 5400 5396 5399
f 5337 5331 5401
f 5401 5338 5337
f 5401 5331 5402
f 5402 5331 5388
f 5402 5388 5392
f 5338 5401 5403
f 5402 5403 5401
f 5350 5338 5403
f 5392 5400 5402
f 5404 5402 5400
f 5404 5350 5403
f 5404 5403 5402
f 5405 5348 5350
f 5348 5405 5364
f 5350 5404 5406
f 5405 5350 5406
f 5396 5400 5392
f 5400 5399 5407
f 5404 5408 5406
f 5408 5404 5400
f 5376 5378 5383
f 5395 5383 5379
f 5385 5395 5379
f 3909 3900 5317
f 5409 5317 5341
f 5409 5341 5410
f 5410 5341 5342
f 3911 3909 3912
f 5411 3912 3909
f 5409 3909 5317
f 5411 3909 5409
f 5412 5409 5410
f 5411 5409 5412
f 3912 5411 5413
f 5357 5412 5410
f 5357 5342 5355
f 5357 5410 5342
f 5414 5413 5357
f 5411 5412 5413
f 5413 5412 5357
f 5191 4737 5415
f 5416 5281 5280
f 5191 5417 5280
f 5415 5417 5191
f 5416 5280 5417
f 5418 5415 4737
f 5418 4737 4786
f 5415 5418 5419
f 5419 5417 5415
f 5281 5288 5279
f 4788 4777 5288
f 5416 4788 5288
f 5288 5281 5416
f 5420 4792 4788
f 5416 5420 4788
f 5420 4793 4792
f 5420 5421 4793
f 5416 5417 5420
f 5422 5417 5419
f 5420 5417 5422
f 5423 5418 4786
f 5423 5419 5418
f 4786 4806 5423
f 5419 5423 5424
f 5422 5419 5424
f 5424 5423 4806
f 5424 5425 5426
f 5426 5425 5427
f 5426 5422 5424
f 5422 5428 5420
f 5428 5422 5426
f 5420 5428 5421
f 5424 4806 4813
f 5424 4813 5425
f 4813 4812 4828
f 5307 5306 4814
f 5429 5307 4814
f 5430 4814 4816
f 4822 4816 4820
f 5430 5429 4814
f 5307 5429 5310
f 5431 5310 5429
f 5430 5431 5429
f 5430 4816 4822
f 5432 5430 4822
f 5430 5433 5431
f 5433 5430 5432
f 5432 4822 4821
f 5421 5428 5434
f 5428 5426 5427
f 5435 5428 5427
f 5434 5428 5435
f 5436 5427 5425
f 5425 4813 4828
f 4828 5436 5425
f 5435 5427 5437
f 5437 5427 5436
f 4834 5432 4821
f 5435 5438 5434
f 5434 5438 5439
f 5440 5437 5441
f 5442 5435 5437
f 5435 5442 5438
f 5442 5437 5440
f 5442 5440 5443
f 4828 4859 5436
f 4861 5436 4859
f 5436 4861 5444
f 5437 5436 5444
f 4866 5444 4861
f 5441 4877 5440
f 5445 5441 5437
f 5437 5444 5445
f 4866 5445 5444
f 5446 5445 4866
f 5441 5445 5446
f 5433 5447 5431
f 5431 5311 5310
f 5311 5431 5447
f 5447 5372 5311
f 5448 5433 5432
f 5448 5432 4873
f 5372 5447 5449
f 5450 5449 5447
f 5375 5372 5449
f 5375 5449 5451
f 5452 5449 5450
f 5451 5449 5452
f 5451 5452 5453
f 5447 5433 5448
f 5454 5448 5455
f 5450 5447 5448
f 5450 5448 5454
f 5450 5454 5456
f 5452 5450 5456
f 5432 4834 4873
f 4874 5455 4873
f 4873 5455 5448
f 5457 5439 5438
f 5457 5458 5439
f 5459 5458 5457
f 5443 5440 5460
f 5460 5440 4877
f 5461 5460 4876
f 5443 5460 5461
f 5462 5438 5442
f 5438 5462 5457
f 5443 5462 5442
f 5462 5443 5463
f 5464 5443 5461
f 5463 5443 5464
f 5454 5455 5465
f 5456 5454 5465
f 5456 5465 5466
f 5467 5459 5457
f 5459 5467 5468
f 5464 5461 5469
f 5464 5469 5470
f 5470 5469 5471
f 5464 5470 5463
f 5472 5467 5463
f 5468 5467 5473
f 5473 5467 5474
f 5474 5467 5472
f 5457 5462 5463
f 5457 5463 5467
f 5463 5470 5472
f 5475 5456 5476
f 5452 5456 5453
f 5453 5456 5475
f 5477 5475 5476
f 5375 5451 5381
f 5478 5451 5453
f 5381 5451 5478
f 5382 5381 5478
f 5478 5453 5479
f 5479 5453 5475
f 5480 5481 5482
f 5483 5382 5478
f 5384 5382 5483
f 5483 5478 5479
f 5483 5479 5484
f 5483 5484 5485
f 5486 5485 5484
f 5386 5384 5483
f 5487 5479 5475
f 5487 5475 5477
f 5479 5487 5484
f 5488 5481 5480
f 5488 5480 5489
f 5489 5490 5488
f 5488 5491 5492
f 5476 5456 5466
f 5493 5476 5466
f 5469 4903 5494
f 5469 5494 5471
f 5494 5495 5471
f 5496 5497 5494
f 5498 5495 5499
f 5497 5496 5500
f 5495 5494 5497
f 5498 5471 5495
f 5495 5497 5499
f 5501 5497 5500
f 5468 5473 5502
f 5502 5473 5480
f 5480 5482 5502
f 5503 5471 5498
f 5480 5473 5489
f 5489 5473 5474
f 5503 5489 5474
f 5472 5470 5503
f 5503 5470 5471
f 5474 5472 5503
f 5504 5505 5498
f 5489 5503 5505
f 5490 5489 5505
f 5503 5498 5505
f 5505 5504 5506
f 5506 5504 5507
f 5491 5508 5509
f 5509 5508 5510
f 5508 5511 5510
f 5508 5488 5490
f 5508 5491 5488
f 5508 5512 5511
f 5508 5490 5512
f 5490 5506 5512
f 5506 5490 5505
f 5441 4880 4877
f 5460 4877 4876
f 4880 5441 5446
f 5513 4880 5446
f 5513 5446 5514
f 4866 5514 5446
f 4866 4865 4882
f 4882 5514 4866
f 5513 4883 4880
f 4883 5513 4884
f 4898 5514 4882
f 5513 5514 4884
f 4898 4884 5514
f 5469 4876 4879
f 5469 5461 4876
f 4903 5469 4879
f 4901 4885 4884
f 4903 5496 5494
f 4903 4887 5496
f 4904 5496 4887
f 5500 5496 4904
f 5500 4906 5515
f 5501 5500 5515
f 4904 4906 5500
f 4220 4217 4219
f 4216 4217 4220
f 4241 4216 4220
f 4218 4216 4241
f 4219 4217 4210
f 4213 4219 4210
f 4241 4220 4221
f 4222 4215 4234
f 4219 4215 4222
f 4234 4233 4222
f 5516 4237 4236
f 4218 4241 4240
f 4244 3195 4218
f 4244 4218 4240
f 4248 3195 4244
f 4252 4250 4233
f 4258 4257 5517
f 5518 5519 5520
f 5521 5522 5519
f 5519 5522 5520
f 5523 5524 5520
f 5520 5524 4272
f 5522 5523 5520
f 5525 5523 5522
f 4258 5518 4271
f 5518 4272 4271
f 5517 5518 4258
f 5519 5518 5517
f 4258 4271 4268
f 5520 4272 5518
f 4271 4272 4274
f 5526 5527 4310
f 5527 5526 5528
f 4310 5527 4325
f 4311 4310 4325
f 5528 5529 5527
f 4325 5527 5529
f 5530 5531 5532
f 4296 5532 5531
f 4286 5532 4284
f 5532 4286 5533
f 5530 5534 5535
f 4284 5532 4296
f 5534 5532 5533
f 5530 5532 5534
f 5533 4286 4302
f 5533 4302 5536
f 5534 5533 5537
f 5538 5534 5539
f 5539 5534 5537
f 5537 5533 5536
f 5537 5540 5539
f 5541 5540 5537
f 5541 5542 5540
f 5543 5540 5542
f 4301 5544 5545
f 5524 5523 5544
f 5544 5546 5524
f 5544 4290 5546
f 4290 5544 5547
f 5547 5544 4301
f 5546 4292 4272
f 5546 4272 5524
f 4292 5546 4290
f 4290 5547 4291
f 4292 4290 4293
f 5545 5523 5525
f 5545 5544 5523
f 4267 4266 4296
f 5545 5548 4301
f 5548 4299 4301
f 5549 5548 5545
f 4273 4272 4292
f 4291 5547 4310
f 5547 5526 4310
f 4301 5526 5547
f 5526 4301 4300
f 5550 4305 4300
f 4299 5550 4300
f 4282 4319 4283
f 4319 4304 4283
f 4300 4306 5526
f 4306 5528 5526
f 4306 5551 5528
f 4303 5552 4302
f 5552 5536 4302
f 4306 4305 5551
f 4291 4310 4307
f 4291 4307 4289
f 5553 4299 5548
f 5553 5550 4299
f 5543 4305 5550
f 4305 5543 5554
f 5543 5550 5553
f 5542 5554 5543
f 5516 4236 5555
f 5556 5555 5557
f 4239 4237 5516
f 5555 5556 5516
f 5558 5556 5559
f 5516 5556 5560
f 5560 5556 5558
f 5558 5559 5561
f 4314 4239 5516
f 5562 5516 5560
f 4314 5516 5562
f 5562 5563 4314
f 5563 4281 4314
f 5562 5560 5564
f 5564 5560 5558
f 5562 5565 5563
f 5565 5562 5564
f 5564 5558 5566
f 5558 5561 5567
f 5567 5561 5568
f 5569 5558 5567
f 5570 5567 5568
f 5569 5567 5570
f 5566 5569 5571
f 5566 5558 5569
f 5571 5569 5570
f 4320 4281 4318
f 4320 4315 4281
f 4318 5563 5565
f 4281 5563 4318
f 4318 5565 4316
f 4316 5565 5564
f 4316 5564 5566
f 4317 4316 5566
f 4322 4320 4318
f 5572 4322 4323
f 4323 5573 5572
f 4320 4322 5572
f 4321 4320 5574
f 5574 4320 5572
f 5575 5572 5573
f 5574 5572 5575
f 5576 5577 5529
f 5578 5529 5577
f 5528 5576 5529
f 4325 5529 4324
f 5578 4324 5529
f 5577 5579 5578
f 5578 5579 4646
f 5578 4327 4324
f 4327 5578 4646
f 5579 5580 4646
f 5581 5579 5577
f 5577 5576 5582
f 5582 5581 5577
f 5583 5581 5582
f 5584 5566 5571
f 5571 5570 4615
f 4317 5566 5584
f 4323 4317 5584
f 4323 5584 5585
f 5571 4615 5586
f 4614 5586 4615
f 5585 5584 5587
f 5584 5571 5586
f 5587 5584 5586
f 5586 5588 5587
f 5588 5586 4614
f 4323 5589 5573
f 5589 4323 5585
f 5580 5579 5581
f 5580 5581 5590
f 5590 5581 5591
f 5592 5591 5581
f 5592 5581 5583
f 5589 5585 5587
f 5587 5593 5589
f 5593 5587 5588
f 5588 5594 5593
f 5573 5589 5595
f 5595 5589 5594
f 5592 5596 5591
f 5597 5596 5592
f 5593 5594 5589
f 5598 5552 5599
f 5536 5552 5598
f 5598 5599 5600
f 5537 5536 5598
f 5541 5537 5598
f 5541 5598 5601
f 5598 5600 5601
f 5551 5576 5528
f 4304 4319 4321
f 5602 5576 5551
f 5552 4303 4304
f 4304 5599 5552
f 4321 5599 4304
f 5599 4321 5603
f 5604 5551 4305
f 5551 5604 5602
f 5605 5603 5574
f 5574 5603 4321
f 5605 5606 5603
f 5602 5582 5576
f 5575 5605 5574
f 5600 5599 5603
f 5600 5603 5606
f 5604 5607 5602
f 5607 5583 5602
f 5582 5602 5583
f 5604 4305 5554
f 5541 5608 5554
f 5541 5601 5609
f 5609 5608 5541
f 5604 5554 5608
f 5554 5542 5541
f 5608 5610 5604
f 5609 5610 5608
f 5600 5611 5601
f 5601 5611 5609
f 5609 5611 5612
f 5610 5609 5612
f 5604 5610 5607
f 5573 5605 5575
f 5573 5606 5605
f 5595 5606 5573
f 5613 5606 5595
f 5600 5606 5611
f 5611 5606 5613
f 5614 5583 5607
f 5614 5612 5615
f 5613 5595 5616
f 5595 5594 5616
f 5613 5616 5617
f 5617 5616 5618
f 5611 5613 5617
f 5615 5611 5617
f 5615 5619 5614
f 5619 5615 5617
f 5597 5592 5614
f 5592 5583 5614
f 5597 5614 5619
f 5597 5619 5620
f 5620 5619 5621
f 5617 5621 5619
f 5615 5612 5611
f 5607 5610 5612
f 5622 5588 5623
f 5594 5588 5622
f 5624 5616 5594
f 5622 5624 5594
f 5624 5622 5625
f 5624 5625 5626
f 5618 5616 5624
f 5618 5624 5627
f 5597 5628 5596
f 5618 5627 5629
f 5630 5629 5627
f 5618 5621 5617
f 5620 5621 5629
f 5629 5621 5618
f 5597 5620 5631
f 5631 5620 5629
f 5630 5631 5629
f 5627 5624 5626
f 5630 5627 5626
f 1366 5632 1365
f 1185 1362 4345
f 1362 1365 5632
f 5632 4345 1362
f 5633 4345 5632
f 1386 1388 1367
f 1388 1366 1367
f 1393 5634 1388
f 5635 5632 1388
f 5635 1388 5634
f 4345 5633 4347
f 5633 5632 5635
f 5636 5635 5634
f 5633 5635 5637
f 5637 5635 5636
f 4346 4347 5638
f 4346 5638 4352
f 5639 5638 4347
f 5640 5638 5639
f 5639 4347 5633
f 5637 5639 5633
f 5638 5641 4352
f 5641 4353 4352
f 5640 5641 5638
f 5642 5640 5639
f 5643 4353 5641
f 5640 5644 5641
f 5642 5644 5640
f 1387 1393 1388
f 4356 4361 4357
f 4367 4369 4366
f 4370 4353 5643
f 5645 4367 4370
f 5645 4370 5646
f 5647 5645 5646
f 4369 4367 5645
f 5646 5648 5647
f 5646 4370 5643
f 5648 5643 5649
f 5650 5648 5649
f 5643 5641 5644
f 4372 4371 4369
f 4373 5645 5647
f 4373 4372 4369
f 4369 5645 4373
f 5647 5651 4373
f 4374 4373 5651
f 5647 5648 5651
f 5648 5650 5651
f 5650 5652 5651
f 5653 4374 5651
f 5653 5651 5652
f 5652 5654 5653
f 5634 1393 5655
f 5636 5634 5656
f 5656 5634 5655
f 5657 5656 5655
f 5657 5655 5658
f 5659 5637 5636
f 5659 5636 5656
f 5656 5660 5659
f 5642 5639 5661
f 5661 5637 5659
f 5662 5659 5660
f 5639 5637 5661
f 5661 5659 5662
f 5663 5661 5662
f 5664 5657 5665
f 5662 5660 5657
f 5662 5657 5664
f 5642 5661 5663
f 5662 5666 5663
f 5666 5667 5663
f 5666 5662 5664
f 5668 5666 5664
f 5664 5665 4376
f 5667 5666 5668
f 5669 5668 5664
f 5670 5668 5669
f 4376 4375 5664
f 5669 5664 4375
f 1393 1387 1385
f 5658 1393 1392
f 5655 1393 5658
f 5658 1392 5671
f 5658 5671 4381
f 1392 1394 5671
f 1216 5671 1394
f 4381 5671 4378
f 5671 1216 4378
f 4380 5658 4381
f 4385 5657 5658
f 4385 5658 4380
f 4385 5665 5657
f 4395 4386 1218
f 4391 4386 4395
f 4391 4389 4382
f 4382 4386 4391
f 1224 4395 1218
f 4393 4395 1224
f 4392 4391 4393
f 4392 4393 4401
f 4384 5665 4385
f 4376 5665 4384
f 4376 4384 4388
f 4396 4388 4389
f 4390 4396 4389
f 4390 4392 4407
f 1226 4394 1225
f 4401 4394 4403
f 4392 4401 4408
f 4407 4392 4408
f 4408 4401 4403
f 4410 4403 4405
f 4398 4416 4399
f 4415 4399 4416
f 4413 4417 4416
f 4406 4414 4407
f 4413 4414 4419
f 4423 4413 4419
f 4424 4417 4413
f 4464 4427 4428
f 5649 5643 5672
f 5649 5672 5673
f 5649 5674 5650
f 5649 5673 5675
f 5649 5675 5674
f 5643 5644 5672
f 5642 5672 5644
f 5672 5642 5676
f 5667 5677 5663
f 5676 5642 5663
f 5676 5663 5677
f 5676 5673 5672
f 5678 5673 5676
f 5679 5677 5667
f 5670 5679 5667
f 5679 5680 5677
f 5676 5677 5680
f 5680 5679 5670
f 5670 5667 5668
f 5675 5673 5678
f 5678 5676 5680
f 4437 5678 5680
f 5680 5681 4437
f 5675 5678 4437
f 5681 5680 5682
f 4438 4437 5681
f 5681 5682 4438
f 5670 5669 4431
f 4375 4431 5669
f 4431 4375 4429
f 4375 4432 4429
f 4375 4400 4432
f 4441 5680 5670
f 4441 5670 4431
f 4442 4431 5683
f 5682 5680 4441
f 4441 4431 4442
f 5683 4431 4430
f 5683 4430 4434
f 4447 5683 4434
f 4433 4447 4434
f 4449 4447 4433
f 4447 4442 5683
f 5650 5674 5684
f 5684 5674 5675
f 5684 5652 5650
f 4436 5685 5684
f 4436 5684 5675
f 4436 5675 4437
f 4439 5685 4436
f 5654 5652 5686
f 5686 5652 5687
f 5688 5687 5689
f 5687 5652 5684
f 5687 5684 5685
f 5685 5689 5687
f 4439 5689 5685
f 4439 4440 5690
f 5691 5690 4440
f 5692 4439 5690
f 5689 4439 5692
f 5693 5692 5690
f 5690 5691 5694
f 5690 5694 5693
f 4445 5694 5691
f 5695 4440 4438
f 5695 4438 5682
f 5682 4441 4443
f 5696 5682 4443
f 5696 4440 5695
f 5696 5695 5682
f 5696 5691 4440
f 4443 4445 5696
f 5691 5696 4445
f 4424 4457 4417
f 4458 4456 4418
f 4466 4458 4457
f 4435 4455 4449
f 4450 4449 4455
f 4450 4455 4456
f 4459 4456 4458
f 4459 4458 4466
f 4457 4424 4466
f 4466 4424 4462
f 4427 4464 4425
f 4426 4425 4464
f 4468 4465 4464
f 4459 4466 4463
f 4459 4463 4470
f 4461 4459 4470
f 4470 4463 4467
f 4467 4471 4470
f 4467 4465 5697
f 4471 4467 5697
f 5697 4465 4469
f 4473 5697 4469
f 5697 4473 4471
f 1282 1281 1395
f 4411 4404 4486
f 4405 4404 4411
f 4485 1284 5698
f 1284 1396 5698
f 4486 4485 4489
f 4489 4485 5698
f 5698 5699 4489
f 4487 4411 4486
f 4486 4489 4487
f 4489 5699 4490
f 5698 1396 1397
f 4494 5698 1397
f 4494 5699 5698
f 5699 4494 4490
f 4490 4494 4492
f 4499 4494 4495
f 4497 4499 4495
f 4502 4491 4492
f 4464 4428 5700
f 4428 4504 5700
f 5700 4504 5701
f 4504 4503 5701
f 4505 4507 4509
f 4526 4509 4507
f 5702 4498 4496
f 1304 4496 1288
f 4496 1304 5702
f 1304 5703 5702
f 5703 1304 4512
f 5702 4497 4498
f 5703 4497 5702
f 4499 4497 5703
f 4499 5703 4513
f 4512 4514 5703
f 5703 4514 4513
f 4513 4514 4525
f 4522 1303 4516
f 1303 4522 4517
f 4525 4526 4507
f 4525 4528 4527
f 4529 4530 4528
f 4526 4527 4509
f 4527 4511 4509
f 4531 4529 4521
f 4464 5700 4468
f 4469 4468 5700
f 5700 4535 4469
f 4536 4535 5700
f 4536 5700 5701
f 4538 4536 5701
f 4538 4537 4536
f 4469 4535 4542
f 4540 4469 4542
f 5701 4503 4508
f 4544 5701 4508
f 4538 5701 4544
f 4207 4363 4211
f 5704 4229 5705
f 5705 5654 5706
f 4229 5704 4230
f 4236 4230 5704
f 5706 5654 5686
f 5686 5687 5688
f 5688 5706 5686
f 5706 5688 5707
f 5704 5705 5706
f 5708 5706 5707
f 5709 5688 5689
f 5707 5688 5709
f 5710 5708 5707
f 5710 5707 5711
f 5707 5709 5711
f 5709 5689 5692
f 5709 5692 5712
f 5693 5712 5692
f 5712 5711 5709
f 5708 5704 5706
f 5708 5555 5704
f 4236 5704 5555
f 5557 5555 5708
f 5557 5708 5710
f 5557 5710 5711
f 5557 5711 5559
f 5713 5694 4445
f 5712 5693 5714
f 5714 5693 5713
f 5694 5713 5693
f 5713 4445 4613
f 5715 5711 5712
f 5559 5711 5716
f 5716 5711 5715
f 5716 5715 5714
f 5717 5716 5714
f 5715 5712 5714
f 5713 5718 5714
f 5718 5713 4613
f 5717 5714 5718
f 4617 5718 4613
f 5717 5718 4617
f 5717 4617 5719
f 5559 5556 5557
f 5716 5717 5720
f 5561 5559 5568
f 5568 5559 5716
f 5568 5716 5721
f 5721 5716 5720
f 5722 5720 5717
f 5721 5720 5722
f 5719 4617 4626
f 4626 5717 5719
f 5722 5717 4626
f 5723 5722 4626
f 5570 5568 5721
f 5724 5721 5722
f 5723 5724 5722
f 4615 5570 5721
f 4615 5721 5724
f 4616 4615 5724
f 4616 5724 4684
f 5724 5723 4684
f 5723 5725 4684
f 5725 4685 4684
f 4686 4685 5725
f 5723 4626 4627
f 5723 4627 5725
f 5725 4627 4693
f 4622 4693 4627
f 4631 4693 4622
f 4686 5725 4693
f 4695 4692 4693
f 4631 4695 4693
f 4643 4628 4629
f 4631 4622 4628
f 4628 4633 4631
f 4630 4695 4631
f 4633 4628 4635
f 4635 4632 4633
f 4635 4628 4643
f 5726 4635 4643
f 4637 4635 5726
f 4712 4637 5726
f 5727 4643 4642
f 5726 4643 5727
f 5726 5727 4972
f 4972 4712 5726
f 4645 5580 5728
f 5590 5728 5580
f 5728 5590 5729
f 5728 5729 5730
f 5731 4614 4656
f 5588 4614 5731
f 5732 5733 5729
f 5734 5728 5730
f 4661 5734 5730
f 5735 5730 5733
f 5733 5730 5729
f 5733 5732 5736
f 4661 5730 5735
f 4645 4646 5580
f 5734 4645 5728
f 4658 4645 5734
f 5729 5590 5591
f 5596 5732 5591
f 5729 5591 5732
f 5734 4661 4658
f 4656 5623 5731
f 5623 4656 4688
f 5623 4688 4689
f 5735 5733 5736
f 5737 4689 4690
f 5738 5737 4690
f 5735 5739 5740
f 4661 5735 4663
f 5736 5739 5735
f 4663 5735 5740
f 4663 5740 4699
f 4697 4663 4699
f 5740 5739 5741
f 5742 5739 5736
f 4694 5738 4691
f 4691 5738 4690
f 5738 4694 4696
f 4696 5743 5738
f 5744 5742 5736
f 5744 5745 5742
f 5588 5731 5623
f 4689 5622 5623
f 5628 5732 5596
f 5736 5732 5628
f 5628 5746 5736
f 5746 5628 5747
f 5622 4689 5737
f 5625 5622 5737
f 5737 5738 5625
f 5748 5746 5747
f 5626 5625 5749
f 5738 5750 5625
f 5746 5744 5736
f 5751 5744 5746
f 5746 5748 5751
f 4696 4695 5752
f 4695 4698 5752
f 4698 4696 5752
f 4696 4698 5753
f 5753 4698 5754
f 4696 5753 5743
f 5625 5750 5749
f 5626 5749 5755
f 5743 5750 5738
f 5743 5753 5750
f 5754 5756 5753
f 5757 5744 5751
f 5758 5759 5751
f 5759 5757 5751
f 5760 5756 5761
f 5762 5760 5763
f 5763 5764 5762
f 5763 5760 5761
f 5765 5739 5742
f 5742 5745 5765
f 5741 5739 5765
f 4706 5741 5765
f 4706 5765 5766
f 5766 5765 5745
f 4699 5740 5741
f 4706 4699 5741
f 4699 4706 4701
f 4704 4701 4706
f 4708 5754 4698
f 5767 5766 5745
f 5745 5744 5767
f 5768 5767 5744
f 4636 5769 4634
f 5754 4708 5770
f 5770 5756 5754
f 4634 5770 4708
f 5770 4634 5769
f 5771 5770 5769
f 5771 5769 5772
f 4709 5766 5773
f 5773 5766 5774
f 5774 5766 5767
f 4710 4709 4755
f 5773 4755 4709
f 4705 4706 5766
f 4709 4705 5766
f 5767 5775 5774
f 5769 4636 4711
f 5773 5774 5776
f 5777 5776 5774
f 5773 5776 4755
f 5778 5774 5775
f 5778 5777 5774
f 5775 5767 5768
f 5779 5778 5775
f 5744 5757 5768
f 5779 5775 5768
f 5780 5779 5768
f 5768 5757 5780
f 5757 5759 5780
f 5764 5763 5761
f 5780 5759 5781
f 5782 5781 5764
f 5631 5628 5597
f 5628 5631 5747
f 5747 5631 5783
f 5783 5631 5630
f 5630 5626 5783
f 5748 5747 5784
f 5747 5783 5784
f 5783 5626 5755
f 5783 5755 5784
f 5748 5784 5751
f 5751 5784 5758
f 5758 5784 5755
f 5759 5758 5762
f 5762 5764 5759
f 5781 5759 5764
f 5785 4755 5776
f 5785 5776 5777
f 5786 5785 5777
f 5777 5778 5786
f 4755 5785 4758
f 4758 4754 4755
f 4758 5785 4987
f 4987 4759 4758
f 4775 4774 5285
f 4800 5787 4809
f 5787 4800 4811
f 4809 5788 4810
f 4809 5787 5788
f 4810 4806 4805
f 4806 4810 5788
f 5789 5787 4811
f 5789 5788 5787
f 5789 4829 5788
f 4812 5788 4829
f 4806 5788 4812
f 4793 4818 4794
f 4833 4819 4818
f 4811 4802 4824
f 5790 5789 4824
f 4824 5789 4811
f 4826 5790 4824
f 5790 4829 5789
f 5790 4826 4860
f 4860 4829 5790
f 4860 4859 4829
f 4859 4828 4829
f 4833 5791 4830
f 4826 4827 4860
f 4827 4862 4860
f 4861 4860 4862
f 4861 4862 4863
f 4834 4831 4872
f 5792 4831 5793
f 5792 4872 4831
f 4874 4872 5792
f 5792 5794 4874
f 4511 4527 4924
f 4541 4542 4539
f 4541 4539 4927
f 4544 4508 4928
f 4928 4508 4510
f 4927 4538 4543
f 4928 4931 4543
f 4927 4543 4931
f 4931 4932 4927
f 4924 4930 4511
f 4924 4944 4930
f 4930 4944 4933
f 4944 4924 4940
f 4946 4944 4940
f 4946 4940 4943
f 5795 4941 4942
f 4943 4941 5795
f 4943 5795 4947
f 5796 4945 4947
f 4947 5795 5796
f 5795 5797 5796
f 4950 4926 4948
f 4950 4942 4926
f 5795 4942 4950
f 5797 5795 4950
f 5797 4950 5798
f 5799 4961 4949
f 5798 4950 4961
f 4960 5798 4961
f 4961 4950 4949
f 4938 4932 4933
f 4933 4945 4938
f 4938 4945 5796
f 4938 5796 4954
f 4952 5796 5797
f 4954 5796 4952
f 4952 5797 4955
f 4955 5797 5798
f 4955 5798 4960
f 4963 4955 4960
f 4963 4960 4962
f 4963 4962 5800
f 5801 5727 4642
f 5727 5801 4972
f 4971 4972 5801
f 4972 4971 4974
f 4971 5801 4642
f 4976 4971 4970
f 4975 4971 4976
f 4980 5802 4968
f 4968 5802 4970
f 4970 5802 4976
f 4980 4981 5802
f 5802 4981 4976
f 4981 4980 4994
f 4983 4980 4978
f 5000 4983 4982
f 4994 4980 4996
f 4983 4996 4980
f 4983 5000 4996
f 4711 4712 4985
f 5803 4711 4985
f 5772 5769 4711
f 5772 4711 5803
f 5804 5778 5779
f 5771 5782 5761
f 5782 5771 5805
f 5782 5805 5806
f 5764 5761 5782
f 5782 5807 5781
f 5780 5781 5808
f 5808 5781 5807
f 5806 5807 5782
f 5780 5804 5779
f 5804 5780 5809
f 5809 5810 5804
f 5780 5808 5809
f 5811 5808 5807
f 5809 5808 5811
f 5807 5806 5811
f 5809 5811 5810
f 5806 5805 5812
f 5812 5813 5806
f 5811 5806 5813
f 5786 5814 5785
f 5786 5815 5814
f 4985 5816 5803
f 4986 4985 4984
f 5816 4985 4986
f 5778 5804 5786
f 5786 5804 5815
f 5785 5814 4987
f 5814 5817 4987
f 5818 5817 5814
f 5818 5814 5815
f 4987 5817 5819
f 5817 5818 5819
f 4986 4974 4975
f 4988 4986 4975
f 4988 5820 4986
f 4988 5821 5820
f 5815 5822 5818
f 4988 4989 4993
f 5821 4988 4993
f 5823 5804 5810
f 5815 5804 5823
f 5810 5824 5823
f 5811 5824 5810
f 5813 5824 5811
f 5824 5813 5825
f 5825 5813 5826
f 5823 5827 5815
f 5827 5823 5824
f 5825 5826 5828
f 5828 5826 5829
f 5827 5822 5815
f 5830 5822 5827
f 5831 5822 5830
f 5829 5832 5833
f 5829 5834 5828
f 4987 5819 4769
f 4769 5819 5835
f 4769 5835 4990
f 5835 5819 5818
f 4977 4993 4989
f 5818 5836 5835
f 5818 5822 5836
f 5837 5821 4993
f 5838 5836 5822
f 5839 4993 4995
f 5836 5840 5835
f 4997 5835 5840
f 5838 5840 5836
f 5841 5840 5838
f 4997 4990 5835
f 5838 5822 5831
f 5839 4995 5001
f 5839 5001 5842
f 5843 5001 5002
f 5844 5841 5838
f 5842 5001 5843
f 5837 5845 5833
f 5833 5845 5829
f 5839 5837 4993
f 5837 5846 5845
f 5834 5829 5847
f 5838 5831 5848
f 5847 5829 5845
f 5842 5837 5839
f 5837 5842 5846
f 5844 5838 5848
f 5846 5842 5843
f 5849 5846 5843
f 5846 5849 5850
f 5848 5851 5844
f 5846 5850 5845
f 5852 5844 5851
f 5847 5845 5850
f 5853 5847 5850
f 5853 5850 5854
f 5827 5824 5825
f 5855 5827 5825
f 5825 5828 5855
f 5830 5827 5855
f 5855 5828 5856
f 5856 5828 5834
f 5830 5855 5857
f 5857 5855 5856
f 5857 5831 5830
f 5856 5858 5857
f 5856 5834 5858
f 5847 5859 5834
f 5859 5858 5834
f 5831 5857 5848
f 5857 5858 5851
f 5848 5857 5851
f 5851 5858 5859
f 5859 5860 5851
f 5861 5852 5851
f 5851 5860 5861
f 5860 5862 5861
f 5863 5852 5861
f 5859 5847 5864
f 5864 5847 5853
f 5859 5864 5860
f 5864 5862 5860
f 5000 4982 5038
f 5038 4982 5010
f 5041 5038 5010
f 5010 5011 5043
f 5041 5010 5043
f 5042 5041 5043
f 5043 5046 5044
f 5046 5043 5011
f 5046 5011 5012
f 5055 5012 5014
f 5016 5023 5014
f 5865 5055 5014
f 5865 5014 5023
f 5026 5865 5023
f 4997 5840 5866
f 5841 5866 5840
f 4998 4997 5033
f 5866 5033 4997
f 5841 5867 5866
f 5033 5866 5031
f 5031 5866 5867
f 5868 5031 5867
f 5031 5868 5869
f 5032 5031 5037
f 5031 5869 5037
f 5040 5843 5002
f 5870 5841 5844
f 5841 5871 5867
f 5870 5871 5841
f 5039 5042 5040
f 5048 5040 5042
f 5868 5867 5871
f 5872 5868 5871
f 5873 5868 5872
f 5047 5045 5056
f 5874 5047 5056
f 5852 5870 5844
f 5849 5843 5040
f 5849 5040 5048
f 5850 5849 5875
f 5876 5871 5870
f 5849 5048 5875
f 5863 5870 5852
f 5877 5876 5870
f 5048 5878 5875
f 5854 5850 5875
f 5872 5871 5876
f 5879 5048 5047
f 5047 5874 5879
f 5880 5872 5876
f 5877 5880 5876
f 5878 5048 5879
f 5854 5875 5878
f 5854 5878 5881
f 5881 5878 5879
f 5882 5881 5879
f 5869 5051 5037
f 5869 5883 5051
f 5055 5046 5012
f 5055 5053 5046
f 5884 5869 5868
f 5884 5868 5873
f 5869 5884 5883
f 5058 5874 5056
f 5057 5058 5056
f 5060 5055 5865
f 5055 5060 5054
f 5054 5060 5885
f 5059 5885 5060
f 5865 5061 5060
f 5880 5873 5872
f 5886 5873 5880
f 5874 5058 5882
f 5874 5882 5879
f 5058 5054 5882
f 5887 5888 5882
f 5882 5888 5881
f 5881 5888 5889
f 5883 5884 5062
f 5051 5883 5062
f 5873 5890 5884
f 5062 5884 5890
f 5886 5891 5873
f 5891 5890 5873
f 5892 5891 5886
f 5887 5054 5885
f 5887 5882 5054
f 5885 5059 5887
f 5887 5059 5063
f 5063 5893 5887
f 5893 5063 5069
f 5892 5886 5894
f 5888 5887 5893
f 5893 5889 5888
f 5863 5877 5870
f 5853 5854 5895
f 5862 5864 5895
f 5864 5853 5895
f 5896 5877 5863
f 5897 5898 5895
f 5896 5863 5862
f 5899 5862 5895
f 5896 5862 5899
f 5898 5899 5895
f 5897 5854 5881
f 5897 5895 5854
f 5877 5896 5894
f 5894 5880 5877
f 5899 5900 5896
f 5894 5896 5900
f 5898 5900 5899
f 5894 5886 5880
f 5881 5901 5897
f 5901 5881 5889
f 5902 5894 5900
f 5898 5897 5903
f 5903 5897 5901
f 5904 5900 5898
f 5902 5900 5904
f 5903 5904 5898
f 5905 5903 5901
f 5905 5904 5903
f 5906 5902 5904
f 5902 5892 5894
f 5901 5889 5907
f 5905 5901 5908
f 5892 5902 5909
f 5908 5901 5907
f 5906 5909 5902
f 5905 5906 5904
f 5905 5908 5910
f 5070 5865 5026
f 5071 5070 5026
f 5865 5063 5061
f 5063 5865 5070
f 5911 5026 5027
f 5911 5080 5026
f 5912 5071 5026
f 5074 5071 5912
f 5026 5080 5912
f 5913 5062 5890
f 5065 5062 5072
f 5072 5062 5913
f 5913 5890 5891
f 5914 5915 5891
f 5915 5913 5891
f 5891 5892 5914
f 5916 5069 5074
f 5916 5893 5069
f 5916 5917 5893
f 5073 5072 5913
f 5073 5913 5915
f 5068 5073 5075
f 5918 5075 5073
f 5918 5073 5915
f 5919 5920 5915
f 5921 5074 5912
f 5912 5080 5921
f 5916 5074 5917
f 5074 5922 5917
f 5922 5074 5921
f 5922 5921 5079
f 5911 5027 5085
f 5085 5027 5923
f 5029 5923 5027
f 5085 5078 5080
f 5924 5075 5918
f 5077 5075 5924
f 5918 5920 5924
f 5920 5918 5915
f 5080 5911 5085
f 5921 5080 5079
f 5079 5925 5922
f 5925 5079 5081
f 5923 5083 5085
f 5926 5083 5923
f 5085 5083 5082
f 5084 5083 5927
f 5909 5914 5892
f 5893 5907 5889
f 5928 5909 5906
f 5928 5914 5909
f 5908 5907 5929
f 5919 5915 5914
f 5907 5930 5929
f 5930 5907 5931
f 5905 5910 5906
f 5910 5929 5932
f 5906 5933 5928
f 5933 5906 5910
f 5910 5932 5933
f 5914 5928 5934
f 5934 5919 5914
f 5932 5929 5935
f 5933 5934 5928
f 5935 5933 5932
f 5936 5919 5934
f 5929 5930 5937
f 5929 5937 5935
f 5938 5934 5933
f 5935 5938 5933
f 5939 5934 5938
f 5937 5938 5935
f 5940 5920 5919
f 5940 5941 5920
f 5942 5941 5940
f 5925 5943 5922
f 5931 5922 5943
f 5943 5925 5081
f 5081 5944 5943
f 5919 5936 5940
f 5944 5945 5943
f 5941 5924 5920
f 5091 5077 5924
f 5941 5091 5924
f 5941 5946 5091
f 5942 5946 5941
f 5094 5084 5927
f 5927 5947 5094
f 5094 5947 5948
f 5094 5081 5082
f 5944 5081 5094
f 5944 5094 5948
f 5945 5944 5948
f 5949 5945 5948
f 5949 5930 5945
f 5950 5940 5936
f 5950 5942 5940
f 5951 5937 5930
f 5952 5951 5930
f 5936 5934 5939
f 5939 5950 5936
f 5953 5939 5938
f 5950 5953 5954
f 5938 5937 5951
f 5938 5951 5953
f 5955 5953 5951
f 5956 5942 5957
f 5956 5957 5958
f 5959 5942 5950
f 5957 5942 5959
f 5949 5948 5947
f 5954 5959 5950
f 5951 5952 5955
f 5954 5953 5955
f 5952 5960 5955
f 5959 5958 5957
f 5958 5959 5961
f 5910 5908 5929
f 5962 5963 5964
f 5965 5966 5967
f 5966 4264 5104
f 5531 5104 4267
f 5967 5966 5531
f 5531 5966 5104
f 5967 5531 5968
f 5965 5963 5962
f 5965 5967 5963
f 5963 5967 5969
f 5970 5963 5971
f 5969 5971 5963
f 5971 5969 5972
f 5967 5973 5969
f 5974 5972 5969
f 5973 5967 5968
f 5974 5975 5976
f 5975 5969 5973
f 5096 3554 4255
f 5977 5521 5519
f 5098 5978 5099
f 5962 5099 5978
f 5962 5964 5099
f 5979 5977 5980
f 3943 5981 4257
f 4257 5100 3943
f 5980 5517 5981
f 5981 3950 5980
f 3942 3950 5981
f 3942 5981 3943
f 4257 5981 5517
f 5519 5517 5977
f 5980 5977 5517
f 5095 5964 3946
f 5099 5964 5097
f 5982 5964 5970
f 5097 5964 5095
f 5983 5979 5980
f 3946 5964 5982
f 5970 5964 5963
f 5103 5980 5102
f 5983 5980 5103
f 5102 5980 3950
f 4264 5978 5098
f 5979 5521 5977
f 5962 5978 5965
f 4264 5966 5965
f 4264 5965 5978
f 5984 5521 5979
f 5104 4265 4267
f 5985 5522 5521
f 5985 5521 5984
f 5972 5986 5971
f 5986 5972 5984
f 5986 5984 5987
f 5987 5984 5983
f 5983 5984 5979
f 5974 5985 5984
f 5972 5974 5984
f 5988 3946 5982
f 5989 5988 5990
f 5990 5988 5982
f 5988 3947 3946
f 3954 3947 5988
f 5991 5992 5990
f 5991 5103 3964
f 3954 5988 3958
f 3958 5988 5989
f 5992 3958 5989
f 3956 3958 5992
f 5992 5989 5990
f 5970 5993 5982
f 5982 5993 5990
f 5990 5993 5987
f 5971 5993 5970
f 5986 5993 5971
f 5993 5986 5987
f 5987 5103 5991
f 5987 5983 5103
f 5991 5990 5987
f 3964 5101 3952
f 3964 5103 5101
f 5992 3964 3966
f 5992 5991 3964
f 5992 3966 3956
f 5531 4267 4296
f 5994 5531 5530
f 5995 5994 5535
f 5994 5968 5531
f 5968 5994 5995
f 5995 5973 5968
f 5976 5985 5974
f 5976 5996 5985
f 5973 5976 5975
f 5995 5997 5973
f 5976 5973 5997
f 5997 5996 5976
f 5994 5530 5535
f 5534 5538 5535
f 5998 5535 5538
f 5999 5553 5549
f 5998 5999 5996
f 6000 5999 5998
f 5549 5996 5999
f 5535 5998 5995
f 5998 5997 5995
f 5997 5998 5996
f 5539 5998 5538
f 5539 6000 5998
f 6000 5553 5999
f 6000 5543 5553
f 5540 5543 6000
f 5985 5525 5522
f 5996 5545 5525
f 5985 5996 5525
f 5996 5549 5545
f 5549 5553 5548
f 5197 6001 5196
f 6001 5203 5196
f 5204 5203 6001
f 5207 5266 5205
f 6001 5266 5207
f 5204 6001 5207
f 5206 5243 5204
f 5207 5206 5204
f 5210 5202 5204
f 5243 5210 5204
f 5235 5210 5243
f 5235 5209 5210
f 5237 5235 5243
f 5238 5237 5243
f 5235 5236 5228
f 5237 5239 5246
f 5264 5176 5177
f 5176 6001 5197
f 5264 6001 5176
f 5264 5266 6001
f 5283 5285 5282
f 5283 6002 5285
f 5286 6002 5283
f 5286 5283 5263
f 4775 5285 6002
f 5286 4775 6002
f 4773 4775 5286
f 5286 5288 4773
f 4793 5421 4818
f 4818 5791 4833
f 5421 5791 4818
f 5791 5421 5434
f 5791 4831 4830
f 5791 5434 5439
f 5793 4831 5791
f 5439 5793 5791
f 6003 5793 5439
f 6003 5792 5793
f 5458 6003 5439
f 5458 5792 6003
f 5458 5794 5792
f 6004 4874 5794
f 6004 6005 4874
f 6005 5455 4874
f 6004 5794 5458
f 6005 6006 5455
f 6006 6005 6007
f 5459 6004 5458
f 6006 5465 5455
f 6007 6005 6008
f 6008 6005 6004
f 6009 5465 6010
f 5465 6006 6010
f 6006 6007 6010
f 6007 6008 6010
f 6008 6011 6010
f 6011 6009 6010
f 6011 6008 6004
f 6011 6004 5459
f 6011 5459 6009
f 6012 5465 6009
f 5493 6012 6009
f 5502 6009 5468
f 5468 6009 5459
f 5493 6013 5476
f 5477 5476 6013
f 5482 6013 5493
f 5481 6013 5482
f 6014 5486 5491
f 6014 5491 5509
f 5487 5477 5481
f 5481 5477 6013
f 6015 5484 5487
f 5487 6016 6015
f 5481 6016 5487
f 6016 5481 5492
f 6016 5484 6015
f 5486 6016 5492
f 5486 5484 6016
f 5481 5488 5492
f 5491 5486 5492
f 5465 6012 5466
f 5493 5466 6012
f 5502 5493 6009
f 5482 5493 5502
f 5954 6017 5959
f 5954 5960 6017
f 5955 5960 5954
f 6017 5961 5959
f 6017 6018 5961
f 6018 6017 5960
f 5614 5607 5612
f 1388 5632 1366
f 5643 5648 5646
f 5705 4229 5653
f 4229 4374 5653
f 5657 5660 5656
f 5653 5654 5705
f 5749 5760 5755
f 5760 5749 5750
f 5750 5756 5760
f 5750 5753 5756
f 5762 5755 5760
f 5771 5756 5770
f 5761 5756 5771
f 5755 5762 5758
f 5772 5803 6019
f 6019 5803 5816
f 5771 5772 5805
f 5805 5772 6019
f 5805 6019 5812
f 5816 4986 5820
f 5832 5820 5821
f 5812 6019 5816
f 5812 5816 5832
f 5826 5812 5832
f 5820 5832 5816
f 5812 5826 5813
f 5826 5832 5829
f 5832 5821 5833
f 5821 5837 5833
f 5863 5861 5862
f 5907 5893 5917
f 5931 5907 5917
f 5917 5922 5931
f 5943 5930 5931
f 5945 5930 5943
f 5939 5953 5950
f 5930 5949 5952
f 6020 5952 5949
f 5969 5975 5974
f 6000 5539 5540
f 6021 1892 1893
f 1892 6021 1896
f 6021 6022 1896
f 3323 6023 1893
f 6023 6021 1893
f 6022 6021 6023
f 1896 6022 1897
f 6024 1897 6022
f 6024 6022 6025
f 1897 6024 6026
f 6025 6022 6023
f 3329 6023 3323
f 3329 6025 6023
f 6027 6025 3329
f 6028 6024 6025
f 6028 6029 6024
f 6028 6025 6027
f 6030 6028 6027
f 6028 6031 6029
f 6031 6028 6032
f 6026 1906 1897
f 1906 6033 1908
f 1906 6026 6033
f 6029 6026 6024
f 6026 6034 6033
f 6035 1909 1908
f 6033 6035 1908
f 6036 6035 6033
f 6035 1912 1909
f 6036 1912 6035
f 6037 1912 6036
f 6036 6033 6034
f 6034 6038 6036
f 6038 6039 6036
f 6039 6040 6036
f 6037 6036 6040
f 6041 6042 6040
f 6029 6034 6026
f 6043 6034 6029
f 6043 6029 6031
f 6043 6038 6034
f 6044 6038 6043
f 6031 6044 6043
f 6045 6044 6046
f 6041 6040 6039
f 6041 6039 6038
f 6047 6041 6038
f 6047 6048 6041
f 6045 6038 6044
f 6045 6047 6038
f 6045 6046 6049
f 6049 6047 6045
f 6049 6048 6047
f 6030 6032 6028
f 6050 3925 6051
f 3926 6052 6053
f 6031 6032 6054
f 6054 6044 6031
f 6046 6044 6054
f 6049 6055 6048
f 6056 6057 6058
f 1912 6037 1942
f 6059 1943 1942
f 6037 6042 1942
f 6042 6037 6040
f 1943 6059 6060
f 6059 1942 6042
f 6061 6060 6059
f 1944 1943 1950
f 6060 1950 1943
f 6062 1949 1950
f 6061 6063 6060
f 6063 1950 6060
f 6063 6062 1950
f 6064 1963 6062
f 6065 6064 6062
f 6061 6059 6042
f 6048 6042 6041
f 6042 6048 6061
f 6048 6055 6061
f 6055 6066 6061
f 6063 6061 6066
f 6066 6067 6063
f 6065 6062 6063
f 6065 6068 6064
f 6067 6069 6063
f 6065 6063 6069
f 1949 6062 1963
f 6070 1961 1963
f 6070 1963 6064
f 6071 6072 6073
f 6073 6074 6075
f 6072 6074 6073
f 6076 6074 6077
f 6072 6071 6078
f 6079 6072 6078
f 6080 6079 6078
f 6078 6057 6080
f 6077 6074 6072
f 6081 6077 6079
f 6082 6057 6056
f 6080 6057 6082
f 6082 6079 6080
f 6083 6081 6082
f 6081 6079 6082
f 6084 6077 6081
f 6085 6084 6081
f 6085 6081 6083
f 6086 6068 6065
f 6087 1962 1961
f 6087 1983 1962
f 6087 1961 6070
f 1987 1983 6087
f 1987 6087 6088
f 6070 6088 6087
f 6089 1989 1988
f 6090 6070 6091
f 6091 6068 6086
f 1989 6092 1990
f 1996 1985 1990
f 1990 6092 1996
f 6093 1996 6092
f 6092 6094 6093
f 6092 6095 6094
f 1998 1996 6093
f 6096 1998 6093
f 6096 1997 1998
f 6096 6093 6097
f 6098 6097 6093
f 6069 6086 6065
f 6099 6069 6100
f 6099 6086 6069
f 6101 6086 6099
f 6102 6086 6101
f 6099 6103 6101
f 6084 6104 6077
f 6105 6084 6085
f 6104 6103 6099
f 6106 6103 6107
f 6108 6109 6106
f 6108 6106 6110
f 6110 6111 6108
f 6102 6091 6086
f 6111 6112 6108
f 6113 6114 6115
f 6116 6117 6114
f 6116 6114 6113
f 6118 6116 6113
f 6119 6120 6116
f 6121 6122 6123
f 6122 6121 6124
f 6125 6052 3926
f 3484 3926 3485
f 6126 3484 3486
f 6126 6125 3484
f 6127 6128 6126
f 6129 6130 6127
f 6129 6127 6131
f 6131 6127 3503
f 6132 6133 6134
f 6132 6134 6135
f 6136 6133 6132
f 6135 6136 6132
f 6137 6136 6135
f 6138 6139 6140
f 6141 6142 6138
f 6142 6139 6138
f 6142 6143 6139
f 6144 6145 6146
f 6145 6056 6147
f 6144 6056 6145
f 6056 6144 6082
f 6144 6148 6082
f 6149 6082 6148
f 6150 6144 6146
f 6151 6144 6150
f 6152 6149 6148
f 6141 6143 6142
f 6133 6143 6141
f 6153 6143 6136
f 6136 6143 6133
f 6154 6151 6150
f 6154 6155 6151
f 6153 6136 6137
f 6156 6151 6157
f 6156 6157 6158
f 6158 6152 6148
f 6159 6152 6158
f 6157 6159 6158
f 6155 6157 6151
f 6160 6157 6155
f 6160 6159 6157
f 6160 6155 6161
f 6162 3503 3502
f 6131 3503 6162
f 6163 6131 6162
f 6162 3502 3537
f 6163 6162 6164
f 6164 6165 6163
f 6162 3537 6164
f 3537 3539 6166
f 6166 6164 3537
f 6167 6164 6166
f 6168 6135 6169
f 6137 6135 6168
f 6170 6137 6168
f 6170 6171 6137
f 6172 6168 6169
f 6173 6172 6174
f 6172 6170 6168
f 6175 6173 6174
f 6174 6176 6175
f 6175 6176 6177
f 6178 6175 6179
f 6172 6173 6178
f 6178 6180 6172
f 6175 6178 6173
f 6181 6182 6183
f 6184 6185 6183
f 6159 6186 6152
f 6186 6159 6187
f 6159 6188 6187
f 6188 6159 6160
f 6189 6187 6188
f 6190 6191 6192
f 6193 6185 6184
f 6193 6194 6185
f 6193 6184 6195
f 6196 6193 6195
f 6197 6161 6198
f 6194 6197 6198
f 6197 6194 6199
f 6200 6199 6194
f 6196 6194 6193
f 6200 6194 6196
f 6201 6199 6200
f 6202 6201 6200
f 6203 6201 6202
f 6196 6195 6204
f 6205 6204 6195
f 6206 6200 6196
f 6207 6202 6200
f 6083 6082 6149
f 6083 6149 6208
f 6083 6208 6209
f 6210 6209 6211
f 6209 6208 6211
f 6208 6149 6152
f 6186 6208 6152
f 6186 6211 6208
f 6212 6213 6214
f 6186 6215 6211
f 6189 6215 6187
f 6187 6215 6186
f 6215 6216 6211
f 6217 6218 6216
f 6219 6215 6189
f 6220 6219 6221
f 6222 6221 6219
f 6221 6217 6220
f 6223 6218 6217
f 6224 6223 6217
f 6224 6225 6223
f 6217 6221 6224
f 6225 6226 6223
f 6227 6223 6226
f 6228 6227 6226
f 6229 6230 6231
f 6230 6229 6232
f 6231 6233 6229
f 6233 6232 6229
f 6234 6232 6233
f 6227 6235 6233
f 6235 6234 6233
f 6236 6237 6238
f 6237 6239 6238
f 6240 6241 6242
f 6123 6230 6232
f 6121 6123 6238
f 6238 6243 6121
f 6244 6239 6245
f 6203 6222 6201
f 6246 6247 6248
f 6249 6250 6246
f 6251 6203 6202
f 6252 6246 6251
f 6253 6251 6202
f 6254 6251 6253
f 6254 6252 6251
f 6252 6255 6246
f 6255 6256 6246
f 6255 6252 6257
f 6256 6258 6259
f 6260 6261 6259
f 6262 6263 6264
f 6260 6262 6261
f 6265 6262 6260
f 6266 6262 6265
f 6265 6267 6268
f 6269 6270 6271
f 6269 6272 6270
f 6266 6263 6262
f 6273 6274 6275
f 6276 6277 6278
f 6277 6192 6278
f 6277 6276 6279
f 6280 6281 6282
f 6282 6283 6284
f 6280 6282 6284
f 6284 6285 6280
f 3782 6286 4111
f 6287 6288 6289
f 6287 6290 6288
f 6287 6289 6291
f 6291 6290 6287
f 6285 6284 6288
f 6288 6290 6285
f 6290 6292 6285
f 6293 6292 6290
f 6294 6295 6296
f 6297 6298 6296
f 6299 6300 6301
f 6302 6303 6304
f 6305 6306 6307
f 6307 6306 6308
f 6309 6307 6308
f 6307 6309 6305
f 6310 6302 6311
f 6312 6313 6311
f 6313 6312 6314
f 6297 6315 6298
f 6316 6317 6315
f 6297 6316 6315
f 6312 6317 6316
f 6318 6313 6314
f 6319 6312 6316
f 6311 6313 6310
f 6320 6321 6322
f 6323 6324 6325
f 6323 6326 6324
f 6327 6328 6329
f 6330 6328 6327
f 6331 6330 6332
f 6333 6334 6331
f 3862 6335 6291
f 6336 6335 3862
f 3863 6337 3862
f 6336 3862 6337
f 6338 6336 6337
f 6336 6339 6335
f 6340 6336 6341
f 6341 6336 6338
f 6342 6341 6338
f 6343 6342 6338
f 6344 6295 6340
f 6344 6296 6295
f 6341 6344 6340
f 6296 6344 6345
f 6345 6297 6296
f 6346 6341 6342
f 6346 6345 6341
f 6346 6347 6345
f 6348 6347 6346
f 6349 6348 6346
f 6350 6338 6337
f 3877 6350 3863
f 6337 3863 6350
f 4183 6350 3877
f 3882 6351 3881
f 6352 6353 3883
f 6354 6351 3882
f 3883 6353 3882
f 6343 6338 6350
f 6355 6356 6343
f 6353 6354 3882
f 4183 6343 6350
f 6357 6343 4183
f 6355 6343 6357
f 6356 6346 6342
f 6356 6342 6343
f 6358 6349 6356
f 6349 6346 6356
f 6358 6356 6355
f 6349 6358 6359
f 6360 3884 3905
f 3905 6361 6360
f 6362 6360 6361
f 3916 6361 3906
f 6363 6361 3916
f 3906 6361 3905
f 6364 6361 6363
f 6365 6362 6364
f 6361 6364 6362
f 6366 6365 6367
f 3914 3915 6368
f 3916 3914 6368
f 6363 3916 6368
f 6369 6368 3915
f 6364 6363 6367
f 6363 6368 6370
f 6367 6363 6370
f 6364 6367 6365
f 6371 6367 6370
f 6372 6370 6368
f 6369 6372 6368
f 6371 6370 6372
f 6366 6367 6373
f 6366 6373 6374
f 6371 6373 6367
f 6373 6371 6375
f 6376 6373 6375
f 6374 6373 6376
f 6377 6374 6376
f 6378 6372 6379
f 6372 6378 6371
f 6375 6371 6378
f 6378 6376 6375
f 6380 6378 6379
f 6381 6382 6377
f 6381 6377 6376
f 6383 6381 6376
f 6383 6378 6380
f 6378 6383 6376
f 6384 6382 6381
f 6384 6381 6383
f 6360 3883 3884
f 6360 6352 3883
f 6362 6352 6360
f 6353 6352 6385
f 6352 6362 6385
f 6386 6353 6387
f 6385 6387 6353
f 6388 6362 6365
f 6385 6362 6388
f 6366 6388 6365
f 6387 6385 6389
f 6389 6385 6388
f 6374 6388 6366
f 6389 6388 6374
f 6390 6389 6374
f 6391 6392 6389
f 6391 6389 6393
f 6390 6393 6389
f 6394 6393 6395
f 6396 6395 6393
f 6396 6393 6390
f 6377 6390 6374
f 6382 6390 6377
f 6390 6382 6396
f 6347 6397 6297
f 6347 6297 6345
f 6398 6397 6347
f 6348 6398 6347
f 6399 6400 6348
f 6399 6401 6400
f 6349 6399 6348
f 6401 6399 6402
f 6402 6399 6403
f 6399 6404 6403
f 6405 6406 6403
f 6404 6405 6403
f 6384 6407 6408
f 6384 6408 6409
f 6410 6411 6412
f 6331 6413 6414
f 6331 6332 6413
f 6415 6331 6414
f 6415 6333 6331
f 6416 6333 6415
f 6417 6415 6418
f 6417 6419 6415
f 6416 6415 6419
f 6416 6419 6420
f 6421 6399 6349
f 6422 6423 6424
f 6425 6395 6396
f 6426 6394 6395
f 6426 6395 6427
f 6423 6399 6424
f 6423 6404 6399
f 6405 6404 6423
f 6428 6405 6423
f 6405 6429 6430
f 6429 6405 6428
f 6421 6424 6399
f 6421 6422 6424
f 6431 6423 6422
f 6409 6396 6382
f 6409 6432 6396
f 6432 6425 6396
f 6433 6425 6432
f 6384 6409 6382
f 6408 6434 6409
f 6433 6432 6434
f 6409 6434 6432
f 6433 6434 6435
f 6408 6436 6434
f 6437 6434 6436
f 6434 6437 6435
f 6417 6418 6430
f 6438 6430 6429
f 6439 6438 6429
f 6417 6430 6438
f 6440 6417 6438
f 6441 6442 6417
f 6443 6444 6437
f 6442 6419 6417
f 6445 6419 6442
f 6441 6445 6442
f 6441 6446 6445
f 6447 6448 6449
f 6450 6271 6451
f 6452 6269 6271
f 6450 6452 6271
f 6328 6453 6329
f 6454 6455 6456
f 6457 6455 6454
f 6458 6459 6457
f 6333 6328 6334
f 6328 6333 6454
f 6333 6457 6454
f 6416 6458 6457
f 6460 6458 6416
f 6458 6461 6459
f 6416 6457 6333
f 3349 3920 3917
f 6462 3920 3919
f 6463 6462 3919
f 3917 6027 3329
f 6462 3917 3920
f 6462 6027 3917
f 6462 6030 6027
f 6464 6030 6462
f 6463 6464 6462
f 3919 3351 6465
f 3351 3358 6465
f 6465 6463 3919
f 3925 6465 3358
f 6463 6465 6050
f 6466 6463 6050
f 6467 6466 6050
f 6468 6030 6464
f 6032 6030 6468
f 6469 6032 6470
f 6466 6464 6463
f 6464 6466 6468
f 6471 6468 6466
f 6472 6466 6467
f 6473 6471 6466
f 6471 6032 6468
f 6470 6032 6471
f 6474 6470 6471
f 6474 6471 6475
f 6465 3925 6050
f 6051 3925 6053
f 6051 6467 6050
f 6051 6476 6472
f 3924 6053 3925
f 3926 6053 3924
f 6052 6051 6053
f 6051 6052 6476
f 6473 6466 6472
f 6472 6467 6051
f 6473 6475 6471
f 6475 6473 6472
f 6472 6477 6475
f 6478 6477 6472
f 6479 6475 6477
f 6480 6478 6472
f 6476 6480 6472
f 6481 6477 6478
f 6482 6477 6481
f 6482 6483 6477
f 6054 6032 6484
f 6032 6469 6484
f 6054 6484 6046
f 6484 6049 6046
f 6469 6470 6485
f 6485 6486 6469
f 6469 6486 6484
f 6485 6470 6474
f 6474 6486 6485
f 6479 6486 6474
f 6486 6479 6487
f 6475 6479 6474
f 6484 6488 6049
f 6049 6488 6489
f 6488 6484 6486
f 6487 6488 6486
f 6049 6489 6490
f 6049 6490 6055
f 6488 6491 6489
f 6492 6490 6489
f 6492 6489 6491
f 6488 6493 6491
f 6491 6494 6492
f 6492 6495 6490
f 6496 6490 6495
f 6494 6495 6492
f 6497 6495 6494
f 6497 6496 6495
f 6479 6483 6498
f 6483 6479 6477
f 6498 6487 6479
f 6498 6488 6487
f 6493 6488 6498
f 6499 6493 6498
f 6498 6500 6499
f 6501 6498 6483
f 6498 6501 6500
f 6502 6501 6483
f 6503 6500 6501
f 6502 6503 6501
f 6493 6494 6491
f 6500 6493 6499
f 6493 6504 6494
f 6505 6494 6504
f 6500 6504 6493
f 6504 6500 6503
f 6506 6494 6505
f 6506 6497 6494
f 6058 6505 6504
f 6058 6506 6505
f 6507 6504 6503
f 6502 6507 6503
f 6147 6504 6507
f 6147 6058 6504
f 6147 6056 6058
f 6058 6057 6506
f 6068 6091 6064
f 6055 6490 6496
f 6496 6066 6055
f 6508 6066 6496
f 6066 6508 6067
f 6071 6496 6497
f 6075 6496 6071
f 6075 6508 6496
f 6075 6071 6073
f 6508 6100 6067
f 6100 6069 6067
f 6100 6508 6075
f 6074 6100 6075
f 6100 6074 6076
f 6071 6497 6078
f 6506 6057 6497
f 6078 6497 6057
f 6072 6079 6077
f 6076 6077 6104
f 6088 6070 6090
f 6509 1988 1987
f 6088 6509 1987
f 6510 6509 6090
f 6509 6088 6090
f 6509 6089 1988
f 6511 6089 6509
f 6070 6064 6091
f 6512 6090 6091
f 6513 6510 6512
f 6510 6090 6512
f 6102 6512 6091
f 6102 6513 6512
f 6511 6509 6510
f 6513 6511 6510
f 6514 6089 6511
f 6515 6514 6511
f 6514 6515 6516
f 6102 6517 6513
f 6513 6518 6511
f 6517 6518 6513
f 6515 6511 6518
f 1989 6089 6092
f 6095 6092 6089
f 6095 6089 6514
f 6516 6095 6514
f 6114 6515 6115
f 6515 6114 6516
f 6114 6519 6516
f 6519 6520 6521
f 6522 6098 6521
f 6523 6522 6521
f 6524 6098 6522
f 6525 6524 6522
f 6525 6522 6523
f 6526 6525 6523
f 6519 6095 6516
f 6519 6094 6095
f 6094 6519 6098
f 6098 6519 6521
f 6098 6093 6094
f 6527 6097 6098
f 6524 6527 6098
f 6100 6076 6099
f 6109 6528 6101
f 6104 6099 6076
f 6101 6103 6106
f 6103 6104 6084
f 6105 6103 6084
f 6107 6103 6105
f 6529 6107 6105
f 6101 6106 6109
f 6110 6106 6530
f 6530 6531 6110
f 6531 6532 6110
f 6101 6528 6102
f 6528 6517 6102
f 6528 6533 6517
f 6534 6517 6533
f 6534 6518 6517
f 6115 6515 6518
f 6112 6115 6518
f 6534 6533 6528
f 6109 6534 6528
f 6534 6109 6108
f 6518 6534 6112
f 6108 6112 6534
f 6111 6535 6112
f 6111 6110 6535
f 6520 6519 6114
f 6113 6115 6112
f 6112 6535 6113
f 6114 6117 6520
f 6120 6117 6116
f 6520 6523 6521
f 6536 6523 6520
f 6520 6117 6536
f 6536 6537 6523
f 6537 6526 6523
f 6536 6117 6538
f 6536 6538 6537
f 6120 6538 6117
f 6120 6539 6538
f 6540 6537 6538
f 6538 6539 6540
f 6541 6526 6537
f 6526 6541 6542
f 6537 6540 6541
f 6541 6540 6542
f 6543 6542 6540
f 6535 6118 6113
f 6544 6535 6110
f 6118 6535 6544
f 6118 6119 6116
f 6544 6119 6118
f 6545 6120 6119
f 6532 6544 6110
f 6122 6119 6544
f 6122 6545 6119
f 6532 6122 6544
f 6532 6123 6122
f 6545 6124 6120
f 6539 6120 6124
f 6546 6539 6124
f 6546 6540 6539
f 6543 6540 6546
f 6543 6546 6547
f 6124 6545 6122
f 6121 6546 6124
f 3484 6125 3926
f 6548 6476 6052
f 6549 6052 6125
f 6550 6549 6125
f 6549 6548 6052
f 6126 6550 6125
f 6128 6550 6126
f 6128 6549 6550
f 6551 6549 6128
f 6551 6552 6549
f 6548 6480 6476
f 6478 6480 6548
f 6548 6549 6478
f 6552 6553 6478
f 6553 6481 6478
f 6481 6553 6140
f 6552 6478 6549
f 6554 6552 6555
f 6553 6138 6140
f 6138 6553 6554
f 6554 6553 6552
f 3486 3499 6126
f 6130 6128 6127
f 6551 6128 6130
f 3503 6126 3499
f 6126 3503 6127
f 6131 6163 6129
f 6129 6163 6130
f 6552 6551 6555
f 6554 6555 6551
f 6130 6134 6551
f 6134 6554 6551
f 6134 6138 6554
f 6134 6141 6138
f 6133 6141 6134
f 6556 6130 6165
f 6556 6135 6130
f 6130 6135 6134
f 6481 6140 6482
f 6483 6482 6502
f 6139 6482 6140
f 6139 6557 6482
f 6557 6502 6482
f 6557 6507 6502
f 6557 6139 6146
f 6154 6146 6139
f 6154 6150 6146
f 6146 6507 6557
f 6145 6147 6507
f 6507 6146 6145
f 6151 6156 6144
f 6158 6144 6156
f 6158 6148 6144
f 6153 6558 6143
f 6154 6139 6143
f 6558 6154 6143
f 6558 6155 6154
f 6171 6182 6153
f 6153 6182 6558
f 6182 6181 6558
f 6181 6155 6558
f 6181 6161 6155
f 6165 6130 6163
f 6559 6165 6164
f 6167 6559 6164
f 6174 6559 6167
f 6174 6169 6559
f 6556 6169 6135
f 6169 6556 6165
f 6559 6169 6165
f 6172 6169 6174
f 6171 6170 6172
f 3548 6166 3539
f 6560 6166 3548
f 3548 3941 6560
f 6560 6167 6166
f 6176 6174 6167
f 6561 6167 6560
f 6561 6176 6167
f 6562 6561 6560
f 3941 3548 3547
f 3745 3941 3551
f 3745 6563 3941
f 6563 3745 3746
f 6562 6560 3941
f 6275 6562 3941
f 6561 6177 6176
f 6179 6177 6561
f 6561 6562 6179
f 6175 6177 6179
f 6564 6180 6178
f 6565 6178 6179
f 6565 6564 6178
f 6191 6564 6565
f 6275 6179 6562
f 6566 6179 6275
f 6566 6275 6274
f 6179 6566 6565
f 6191 6565 6566
f 6192 6191 6566
f 6171 6153 6137
f 6185 6181 6183
f 6185 6198 6181
f 6172 6180 6171
f 6183 6182 6171
f 6180 6183 6171
f 6184 6183 6180
f 6567 6184 6180
f 6198 6161 6181
f 6188 6160 6161
f 6180 6564 6567
f 6567 6564 6191
f 6197 6188 6161
f 6197 6189 6188
f 6568 6189 6197
f 6197 6199 6568
f 6568 6199 6201
f 6568 6222 6189
f 6222 6568 6201
f 6185 6194 6198
f 6253 6202 6207
f 6195 6184 6567
f 6205 6195 6567
f 6205 6567 6569
f 6205 6569 6204
f 6570 6196 6204
f 6569 6567 6191
f 6571 6569 6191
f 6571 6570 6569
f 6571 6191 6190
f 6281 6572 6571
f 6204 6569 6570
f 6570 6571 6572
f 6573 6570 6572
f 6572 6574 6573
f 6575 6573 6574
f 6196 6576 6206
f 6200 6206 6207
f 6570 6576 6196
f 6576 6570 6573
f 6575 6576 6573
f 6575 6206 6576
f 6577 6206 6575
f 6306 6575 6574
f 6578 6207 6206
f 6578 6253 6207
f 6578 6257 6253
f 6306 6577 6575
f 6306 6579 6577
f 6578 6206 6577
f 6580 6578 6577
f 6577 6579 6580
f 6581 6580 6579
f 6209 6085 6083
f 6209 6210 6085
f 6105 6085 6210
f 6210 6582 6105
f 6210 6211 6582
f 6216 6582 6211
f 6582 6216 6218
f 6105 6582 6529
f 6107 6529 6106
f 6214 6529 6582
f 6214 6583 6529
f 6213 6583 6214
f 6530 6106 6529
f 6583 6530 6529
f 6213 6231 6530
f 6213 6530 6583
f 6223 6582 6218
f 6214 6582 6223
f 6212 6214 6223
f 6231 6213 6212
f 6227 6233 6231
f 6216 6215 6217
f 6215 6220 6217
f 6215 6219 6220
f 6247 6224 6221
f 6226 6225 6224
f 6226 6224 6247
f 6223 6227 6212
f 6227 6231 6212
f 6531 6530 6231
f 6531 6231 6230
f 6531 6230 6532
f 6236 6232 6234
f 6236 6238 6232
f 6584 6227 6228
f 6227 6584 6235
f 6226 6250 6584
f 6584 6228 6226
f 6264 6235 6584
f 6264 6585 6235
f 6235 6585 6234
f 6585 6236 6234
f 6586 6236 6585
f 6239 6237 6587
f 6240 6587 6237
f 6586 6237 6236
f 6237 6586 6241
f 6586 6585 6588
f 6586 6588 6241
f 6240 6237 6241
f 6589 6241 6588
f 6241 6590 6242
f 6123 6532 6230
f 6232 6238 6123
f 6243 6546 6121
f 6547 6546 6243
f 6239 6243 6238
f 6243 6239 6244
f 6587 6245 6239
f 6189 6222 6219
f 6222 6248 6221
f 6248 6247 6221
f 6248 6222 6251
f 6203 6251 6222
f 6246 6248 6251
f 6246 6250 6247
f 6247 6250 6226
f 6256 6249 6246
f 6258 6256 6255
f 6257 6254 6253
f 6252 6254 6257
f 6580 6257 6578
f 6591 6257 6580
f 6258 6255 6592
f 6591 6255 6257
f 6591 6592 6255
f 6581 6591 6580
f 6593 6591 6581
f 6593 6322 6591
f 6322 6592 6591
f 6256 6259 6249
f 6259 6258 6260
f 6250 6249 6584
f 6249 6594 6584
f 6259 6594 6249
f 6259 6264 6594
f 6264 6584 6594
f 6585 6264 6588
f 6263 6588 6264
f 6259 6261 6264
f 6262 6264 6261
f 6263 6595 6588
f 6595 6589 6588
f 6241 6589 6590
f 6590 6589 6596
f 6589 6595 6596
f 6595 6597 6598
f 6595 6263 6597
f 6599 6597 6263
f 6598 6596 6595
f 6598 6590 6596
f 6600 6260 6258
f 6592 6600 6258
f 6600 6592 6601
f 6600 6601 6267
f 6600 6265 6260
f 6267 6265 6600
f 6602 6266 6265
f 6599 6266 6602
f 6603 6592 6322
f 6603 6601 6592
f 6604 6603 6322
f 6603 6448 6268
f 6268 6601 6603
f 6267 6601 6268
f 6265 6268 6602
f 6605 6602 6268
f 6605 6268 6448
f 6270 6599 6602
f 6605 6270 6602
f 6271 6270 6605
f 6599 6263 6266
f 6606 6597 6599
f 6597 6606 6598
f 6607 6598 6606
f 6608 6607 6606
f 6272 6608 6606
f 6599 6270 6606
f 6272 6606 6270
f 6609 6608 6272
f 3746 6273 6563
f 4104 6273 3746
f 6563 6273 3941
f 6275 3941 6273
f 6274 6273 6278
f 6276 6278 6273
f 4106 6273 4104
f 4106 6276 6273
f 6276 4106 6279
f 6278 6566 6274
f 6566 6278 6192
f 4111 4106 4107
f 4106 4111 6286
f 4106 6286 6279
f 6279 6284 6277
f 6190 6192 6283
f 6282 6190 6283
f 6284 6192 6277
f 6284 6283 6192
f 6292 6280 6285
f 6292 6610 6280
f 6288 6279 6286
f 6284 6279 6288
f 6286 3782 3784
f 4112 6286 3784
f 6291 6286 4112
f 6291 6289 6286
f 6289 6288 6286
f 6611 6610 6292
f 6612 6611 6292
f 6611 6612 6294
f 6612 6292 6293
f 6293 6290 6291
f 6291 6613 6293
f 6613 6612 6293
f 6294 6296 6611
f 6296 6298 6611
f 6295 6294 6612
f 6295 6612 6613
f 6190 6282 6571
f 6282 6281 6571
f 6614 6572 6281
f 6614 6300 6572
f 6574 6572 6300
f 6306 6574 6308
f 6300 6308 6574
f 6308 6299 6309
f 6281 6280 6614
f 6610 6614 6280
f 6301 6614 6610
f 6614 6301 6300
f 6610 6615 6301
f 6615 6304 6301
f 6299 6308 6300
f 6301 6304 6299
f 6303 6309 6299
f 6616 6309 6303
f 6299 6304 6303
f 6305 6579 6306
f 6305 6309 6616
f 6616 6579 6305
f 6579 6593 6581
f 6593 6617 6322
f 6593 6579 6618
f 6617 6593 6619
f 6618 6619 6593
f 6322 6617 6320
f 6620 6320 6617
f 6621 6616 6303
f 6579 6621 6618
f 6616 6621 6579
f 6302 6621 6303
f 6618 6621 6619
f 6302 6619 6621
f 6302 6310 6619
f 6617 6325 6620
f 6323 6617 6619
f 6325 6617 6323
f 6615 6610 6622
f 6611 6298 6610
f 6622 6610 6298
f 6622 6304 6615
f 6317 6304 6622
f 6298 6317 6622
f 6304 6623 6302
f 6311 6302 6623
f 6304 6317 6623
f 6623 6317 6311
f 6311 6317 6312
f 6315 6317 6298
f 6316 6297 6397
f 6397 6319 6316
f 6319 6314 6312
f 6319 6624 6314
f 6625 6318 6314
f 6624 6625 6314
f 6310 6313 6619
f 6323 6619 6313
f 6326 6323 6313
f 6620 6626 6320
f 6321 6320 6626
f 6627 6628 6626
f 6626 6620 6627
f 6627 6620 6325
f 6628 6627 6324
f 6325 6324 6627
f 6324 6329 6628
f 6629 6324 6326
f 6629 6630 6327
f 6329 6324 6629
f 6327 6329 6629
f 6313 6318 6326
f 6630 6629 6326
f 6326 6318 6625
f 6625 6630 6326
f 6630 6625 6631
f 6631 6625 6411
f 6630 6631 6327
f 6332 6330 6327
f 6328 6330 6334
f 6327 6631 6332
f 6334 6330 6331
f 3862 4112 3859
f 4112 3862 6291
f 6335 6339 6291
f 6291 6339 6613
f 6339 6336 6340
f 6340 6613 6339
f 6295 6613 6340
f 6344 6341 6345
f 6632 4185 4184
f 6633 4176 4186
f 6351 4184 3881
f 6632 4184 6351
f 4186 4185 6632
f 4186 6632 6634
f 6632 6351 6354
f 6634 6632 6635
f 6634 6635 6636
f 6634 6633 4186
f 6637 6634 6636
f 6635 6632 6354
f 6636 6635 6638
f 6635 6354 6638
f 6638 6639 6636
f 6638 6354 6353
f 6386 6638 6353
f 4187 4176 6633
f 6633 6640 4187
f 6641 4182 4181
f 4203 4187 6640
f 4203 6640 6642
f 4182 6357 4183
f 4182 6641 6643
f 6634 6637 6633
f 6644 6640 6633
f 6633 6637 6644
f 6643 6357 4182
f 6644 6645 6640
f 6646 6643 6641
f 6646 6647 6643
f 6642 6640 6648
f 6649 6650 6643
f 6649 6645 6650
f 6648 6640 6645
f 6651 6649 6643
f 6643 6647 6651
f 6648 6645 6651
f 6651 6645 6649
f 6355 6357 6643
f 6643 6650 6355
f 6652 6650 6645
f 6653 6650 6652
f 6652 6654 6653
f 6637 6636 6639
f 6644 6637 6639
f 6652 6645 6655
f 6655 6645 6644
f 6655 6644 6639
f 6654 6652 6655
f 6655 6639 6656
f 6650 6657 6355
f 6639 6638 6658
f 6659 6638 6386
f 6659 6658 6638
f 6660 6658 6659
f 6661 6658 6660
f 6658 6661 6639
f 6656 6639 6661
f 6657 6358 6355
f 6653 6657 6650
f 6661 6662 6656
f 6663 6656 6662
f 6349 6359 6421
f 6657 6359 6358
f 6659 6386 6387
f 6392 6659 6387
f 6392 6387 6389
f 6392 6660 6659
f 6391 6660 6392
f 6394 6660 6391
f 6664 6660 6394
f 6393 6394 6391
f 6662 6661 6665
f 6661 6660 6664
f 6666 6661 6664
f 6666 6664 6667
f 6668 6359 6657
f 6665 6661 6666
f 6668 6421 6359
f 6669 6665 6666
f 6397 6398 6670
f 6401 6670 6398
f 6670 6319 6397
f 6670 6624 6319
f 6670 6401 6624
f 6625 6624 6401
f 6348 6400 6398
f 6400 6401 6398
f 6402 6412 6625
f 6625 6401 6402
f 6402 6403 6412
f 6412 6411 6625
f 6631 6411 6410
f 6403 6406 6412
f 6410 6332 6631
f 6332 6410 6413
f 6414 6413 6410
f 6414 6410 6406
f 6412 6406 6410
f 6430 6414 6406
f 6430 6406 6405
f 6430 6418 6414
f 6418 6415 6414
f 6664 6394 6671
f 6671 6394 6426
f 6426 6427 6671
f 6672 6671 6427
f 6669 6666 6667
f 6421 6673 6422
f 6668 6673 6421
f 6671 6674 6664
f 6664 6674 6667
f 6674 6671 6672
f 6674 6672 6675
f 6431 6422 6673
f 6673 6676 6431
f 6667 6674 6675
f 6677 6667 6675
f 6428 6423 6431
f 6429 6428 6439
f 6428 6431 6676
f 6678 6428 6676
f 6679 6678 6676
f 6678 6439 6428
f 6680 6439 6678
f 6427 6395 6425
f 6433 6681 6682
f 6683 6682 6681
f 6682 6427 6425
f 6682 6425 6433
f 6672 6427 6682
f 6684 6672 6682
f 6681 6433 6435
f 6684 6685 6672
f 6685 6684 6686
f 6672 6687 6675
f 6687 6672 6685
f 6678 6688 6680
f 6685 6689 6687
f 6684 6682 6683
f 6683 6681 6435
f 6437 6444 6683
f 6683 6435 6437
f 6444 6690 6683
f 6686 6684 6683
f 6686 6683 6690
f 6690 6444 6691
f 6690 6691 6692
f 6690 6692 6693
f 6686 6690 6693
f 6694 6686 6693
f 6440 6438 6439
f 6695 6440 6680
f 6440 6441 6417
f 6439 6680 6440
f 6695 6680 6696
f 6689 6685 6686
f 6441 6440 6695
f 6441 6695 6697
f 6698 6686 6694
f 6699 6697 6695
f 6686 6698 6689
f 6700 6689 6698
f 6696 6699 6695
f 6701 6699 6696
f 6441 6697 6702
f 6449 6604 6322
f 6321 6449 6322
f 6449 6603 6604
f 6449 6448 6603
f 6321 6626 6449
f 6628 6449 6626
f 6447 6449 6628
f 6448 6447 6605
f 6453 6447 6628
f 6453 6456 6447
f 6451 6271 6605
f 6450 6451 6605
f 6272 6269 6452
f 6450 6703 6452
f 6704 6605 6447
f 6447 6456 6704
f 6704 6705 6703
f 6450 6605 6704
f 6703 6450 6704
f 6706 6707 6703
f 6703 6707 6452
f 6452 6609 6272
f 6708 6609 6452
f 6453 6628 6329
f 6456 6453 6328
f 6455 6704 6456
f 6455 6705 6704
f 6328 6454 6456
f 6457 6705 6455
f 6705 6457 6459
f 6459 6703 6705
f 6703 6459 6706
f 6709 6706 6459
f 6709 6459 6461
f 4200 6641 4181
f 6710 6641 4200
f 4201 4200 4197
f 4201 6711 4200
f 6712 6711 4201
f 6711 6710 4200
f 6713 6710 6711
f 4203 6642 6714
f 4205 4203 6714
f 6710 6646 6641
f 6715 6642 6648
f 6651 6647 6654
f 6651 6654 6648
f 6647 6653 6654
f 6646 6653 6647
f 6716 6646 6710
f 6713 6716 6710
f 6646 6716 6717
f 6716 6718 6717
f 6715 6648 6654
f 6715 6654 6655
f 6663 6715 6655
f 6717 6653 6646
f 6655 6656 6663
f 6642 6715 6714
f 6714 6715 6719
f 6719 6715 6663
f 6719 6663 6720
f 6712 4201 4204
f 6712 4204 4205
f 6711 6712 6713
f 6713 6712 4205
f 6713 4205 6721
f 6714 6721 4205
f 6719 6721 6714
f 6716 6713 6722
f 6722 6713 6721
f 6721 6719 6720
f 6722 6721 6720
f 6717 6657 6653
f 6723 6657 6717
f 6663 6662 6724
f 6723 6717 6718
f 6720 6663 6724
f 6718 6725 6723
f 6723 6668 6657
f 6726 6718 6716
f 6716 6722 6726
f 6722 6720 6727
f 6728 6726 6722
f 6727 6728 6722
f 6726 6728 6718
f 6729 6725 6718
f 6729 6718 6728
f 6727 6720 6724
f 6727 6724 6730
f 6662 6665 6724
f 6731 6724 6665
f 6723 6673 6668
f 6669 6667 6677
f 6730 6724 6731
f 6731 6665 6669
f 6725 6679 6723
f 6730 6731 6732
f 6725 6733 6679
f 6669 6732 6731
f 6732 6669 6677
f 6728 6727 6734
f 6729 6728 6734
f 6734 6727 6730
f 6734 6735 6729
f 6730 6736 6734
f 6736 6735 6734
f 6736 6730 6732
f 6733 6725 6729
f 6733 6729 6735
f 6736 6732 6737
f 6737 6735 6736
f 6673 6723 6679
f 6673 6679 6676
f 6732 6677 6738
f 6738 6677 6739
f 6688 6678 6679
f 6679 6740 6688
f 6740 6679 6733
f 6733 6735 6741
f 6741 6735 6737
f 6742 6741 6737
f 6733 6741 6743
f 6733 6743 6740
f 6742 6738 6739
f 6739 6744 6742
f 6677 6675 6687
f 6677 6687 6739
f 6745 6739 6687
f 6746 6747 6740
f 6687 6689 6745
f 6689 6700 6745
f 6748 6749 6746
f 6745 6749 6748
f 6750 6745 6700
f 6743 6741 6742
f 6744 6743 6742
f 6751 6740 6743
f 6751 6743 6744
f 6744 6748 6751
f 6751 6746 6740
f 6748 6746 6751
f 6680 6688 6696
f 6740 6747 6688
f 6747 6696 6688
f 6696 6752 6701
f 6696 6747 6752
f 6746 6749 6753
f 6749 6750 6754
f 6749 6754 6753
f 6753 6752 6747
f 6747 6746 6753
f 6742 6732 6738
f 6732 6742 6737
f 6748 6744 6739
f 6745 6748 6739
f 6745 6750 6749
f 2799 1311 2800
f 4519 2799 2800
f 2800 4518 4519
f 4518 2800 6755
f 2800 2801 3159
f 6756 2800 3159
f 6757 6755 2800
f 6758 3160 2805
f 6759 3160 6758
f 6759 2807 2806
f 6759 2806 3160
f 6760 2807 6759
f 6760 6759 6761
f 6760 6762 2807
f 6763 4524 4523
f 6764 4533 4524
f 6764 4524 6763
f 4534 4533 6764
f 6764 6765 4534
f 6766 6762 6760
f 6767 6768 6769
f 6758 2805 2827
f 6758 6761 6759
f 6770 2827 2828
f 6771 6772 6761
f 6773 6772 6771
f 6774 6775 6770
f 6773 6771 6775
f 6774 6776 6775
f 6776 6774 6777
f 6778 6777 6779
f 6780 6781 6782
f 6783 6769 6784
f 6769 6766 6784
f 6776 6777 6785
f 6777 6786 6785
f 6786 6777 6778
f 6787 6788 6789
f 6790 6787 6789
f 6791 6765 6764
f 6792 6793 6794
f 6794 6795 6792
f 6796 6797 6798
f 6795 6799 6800
f 6801 6802 6799
f 6801 6799 6803
f 6804 6805 6802
f 6806 6802 6807
f 6804 6802 6806
f 6808 6809 6806
f 6810 6811 6780
f 6812 6811 6810
f 6811 6812 6813
f 6814 6796 6815
f 6816 6814 6815
f 6811 6817 6818
f 6813 6817 6811
f 6810 6782 6819
f 6820 6810 6819
f 6819 6821 6820
f 6821 6819 6787
f 6821 6787 6822
f 6787 6790 6822
f 6790 6823 6822
f 6812 6810 6820
f 6820 6824 6812
f 6825 6826 6827
f 6828 6829 6830
f 6831 6803 6832
f 6830 6829 6833
f 6828 6833 6829
f 6807 6802 6801
f 6806 6807 6808
f 6834 6808 6807
f 6824 6830 6812
f 6835 6836 6824
f 6837 6828 6830
f 6838 6825 6839
f 6840 6841 6838
f 6842 6841 6840
f 6843 6844 6845
f 6846 2878 6847
f 6848 1997 6096
f 6848 2865 1997
f 2871 2865 6848
f 6096 6097 6848
f 6848 6097 6527
f 6849 6848 6527
f 6848 6849 2871
f 6847 2872 2871
f 6847 2878 2872
f 6850 6851 6852
f 6853 6851 6854
f 6855 6850 6852
f 6856 6857 6854
f 6857 6856 6858
f 6859 2878 6846
f 2878 6859 2875
f 2876 2875 6859
f 6860 6861 6862
f 6861 6860 6863
f 6864 6863 6865
f 6866 6867 6854
f 6857 6868 6866
f 6857 6866 6854
f 6858 6869 6868
f 6868 6869 6870
f 6858 6868 6857
f 6871 6858 6856
f 6863 6864 6872
f 6873 6874 6875
f 6876 6874 6873
f 6877 6878 6879
f 6880 6879 6542
f 6881 6856 6855
f 6882 6883 6884
f 6885 6886 6881
f 6880 6542 6543
f 6887 6880 6543
f 6888 6889 6890
f 6891 6890 6887
f 6888 6890 6891
f 6547 6887 6543
f 6890 6892 6887
f 6882 6871 6881
f 6893 6871 6882
f 6894 6895 6896
f 6897 6893 6882
f 6898 6884 6883
f 6897 6882 6884
f 6897 6899 6893
f 6899 6900 6893
f 6901 6902 6899
f 6901 6899 6897
f 6903 6897 6898
f 6898 6904 6903
f 6901 6897 6903
f 6875 6901 6903
f 6905 6904 6898
f 6875 6903 6904
f 6875 6906 6873
f 6875 6904 6906
f 6906 6904 6907
f 6874 6902 6875
f 6902 6901 6875
f 6908 6909 6910
f 6909 6908 6911
f 6908 6912 6911
f 6913 6914 6915
f 6916 6917 6913
f 6918 6919 6920
f 6919 6921 6922
f 6923 6921 6918
f 6923 6924 6925
f 6915 6926 6927
f 6926 6915 6843
f 6928 6925 6926
f 6928 6926 6929
f 6840 6839 6930
f 6929 6931 6932
f 6932 6928 6929
f 6825 6827 6922
f 6839 6825 6922
f 6840 6838 6839
f 6933 6842 6840
f 6933 6840 6930
f 6934 6935 6936
f 6937 6808 6834
f 6834 6938 6937
f 6939 6940 6941
f 6942 6939 6941
f 6936 6943 6937
f 6935 6943 6936
f 6944 6941 6945
f 6946 6947 6948
f 6941 6944 6942
f 6949 6936 6950
f 6951 6936 6949
f 6952 6951 6949
f 6953 6950 6954
f 6949 6950 6953
f 6955 6952 6949
f 6955 6949 6953
f 6956 6957 6958
f 6959 6956 6960
f 6959 6957 6956
f 6961 6957 6959
f 6962 6963 6959
f 6959 6964 6962
f 6965 4907 4908
f 6965 6966 4907
f 6965 4908 4914
f 6965 4914 4920
f 4920 6967 6965
f 6967 4920 4922
f 6967 4922 6968
f 6969 6965 6967
f 6968 4922 6970
f 6970 6967 6968
f 6970 6969 6967
f 6970 6971 6969
f 6972 6969 6971
f 6952 6955 6973
f 6964 6974 6962
f 6974 6975 6962
f 6964 6976 6974
f 6977 6978 6979
f 6980 6974 6976
f 6980 6976 6979
f 6981 6974 6980
f 6982 6983 6974
f 6981 6982 6974
f 6984 6985 6986
f 6987 6979 6978
f 6987 6978 6988
f 6981 6980 6989
f 6989 6980 6979
f 6987 6989 6979
f 6990 6981 6989
f 6991 6992 6993
f 6994 6992 6991
f 6995 6990 6989
f 6992 6989 6987
f 6995 6989 6992
f 6993 6987 6988
f 6992 6987 6993
f 6996 6995 6992
f 6990 6997 6982
f 6981 6990 6982
f 6990 6998 6997
f 6999 6998 6990
f 6999 6990 6995
f 6984 6986 6999
f 7000 6999 6995
f 7000 6995 6996
f 7001 7002 7003
f 7002 7001 7004
f 7004 7005 7002
f 7004 7006 7005
f 7007 7004 7001
f 7008 7009 7006
f 7008 7006 7004
f 7008 7010 7009
f 7011 7008 7004
f 7012 6906 7013
f 7014 6906 7012
f 7015 7012 7016
f 7017 7012 7015
f 7018 6876 6873
f 7018 6873 6906
f 7014 7018 6906
f 7014 7019 7018
f 7020 6876 7018
f 7021 7022 7020
f 7019 7020 7018
f 7023 7024 7025
f 7023 7025 7010
f 7015 7016 7024
f 7026 7024 7023
f 7024 7026 7015
f 7017 7015 7026
f 7023 7027 7026
f 7028 7029 7030
f 7031 7029 7028
f 7029 7031 7032
f 7033 7030 7017
f 7034 6887 6547
f 6243 7034 6547
f 7035 6891 6887
f 7034 6243 6244
f 7036 6891 7035
f 6244 6245 7037
f 7036 7037 7038
f 7039 7036 7038
f 7039 7038 7040
f 7041 6888 7036
f 7042 7043 6888
f 7041 7042 6888
f 7039 7041 7036
f 6905 7043 7042
f 7040 7041 7039
f 7003 7002 7005
f 7044 7045 7005
f 7009 7025 7046
f 7047 7048 6905
f 7049 6907 6904
f 7049 6904 6905
f 7048 7049 6905
f 7050 7051 7052
f 7050 7053 7051
f 7054 7053 7050
f 7055 7054 7050
f 7056 7057 7058
f 7059 7060 7061
f 7062 7059 7063
f 7064 7065 7066
f 7067 6948 7068
f 7067 7068 7069
f 7067 7069 7070
f 6946 6948 7067
f 7071 7072 7073
f 7073 7074 7071
f 7075 7076 7077
f 7076 7074 7077
f 7071 7074 7076
f 7078 7079 7080
f 7080 7081 7082
f 6765 4545 4534
f 4951 4545 6765
f 4951 6765 6793
f 5799 4949 4951
f 7083 5799 4951
f 7083 4951 6793
f 6792 7083 6793
f 5800 4962 7084
f 7085 7084 7086
f 7085 7086 7087
f 7088 4965 4959
f 7088 7089 7090
f 7090 7089 7091
f 7091 6800 6805
f 4965 7088 7092
f 5021 4965 7092
f 7092 7088 7090
f 7093 7092 7090
f 7092 7094 5021
f 7094 7092 7093
f 6809 7093 7090
f 6935 7093 6809
f 6935 6809 6943
f 6935 7095 7093
f 6935 6934 7095
f 7096 5022 5021
f 7094 7096 5021
f 7093 7095 7094
f 5030 7096 7094
f 5030 7094 7097
f 7098 5030 7097
f 5030 5022 7096
f 7099 7095 6934
f 7097 7094 7095
f 6951 6934 6936
f 7099 6934 6951
f 7097 7095 7099
f 7097 7099 7100
f 7100 7099 7101
f 7101 7099 6951
f 7100 7098 7097
f 7098 7100 7102
f 7102 7100 7103
f 7098 5029 5030
f 5926 5029 7098
f 5926 5923 5029
f 5926 7098 7102
f 7104 5926 7102
f 7103 7100 7101
f 7103 7101 7105
f 7101 6951 7106
f 7102 7103 7105
f 7106 7105 7101
f 7107 5087 5089
f 7108 5089 7109
f 7110 7107 5089
f 7108 7110 5089
f 7111 7110 7108
f 7111 7112 7110
f 5087 7107 5093
f 7107 7113 7114
f 7113 7107 7115
f 7116 4922 4921
f 7114 4921 5093
f 7114 7116 4921
f 5093 7107 7114
f 6970 4922 7116
f 7114 7113 7116
f 7107 7112 7115
f 7117 7118 7115
f 7118 7113 7115
f 7118 7119 7113
f 7107 7110 7112
f 7112 7117 7115
f 7120 7121 7122
f 7123 7120 7124
f 7125 7105 7106
f 7126 7117 7127
f 7118 7117 7126
f 7119 7118 7128
f 7126 7128 7118
f 7129 7128 7126
f 7130 7131 7128
f 7132 7120 7123
f 7133 7134 7135
f 7136 7132 7123
f 7133 7135 7137
f 7138 7133 7137
f 7139 7140 7138
f 7141 7142 7143
f 7144 7142 7141
f 7145 7140 7139
f 7145 7146 7140
f 7147 7148 7146
f 7136 7123 7142
f 7144 7136 7142
f 7141 7143 7149
f 7134 7150 7135
f 7135 7150 7132
f 7132 7150 7120
f 6951 6952 7106
f 6973 7106 6952
f 7151 7106 6973
f 7125 7106 7151
f 7152 7143 7153
f 5414 5357 5356
f 7154 5414 5356
f 7155 7154 5356
f 5351 7155 5356
f 7156 7154 7155
f 5362 7157 5361
f 5359 5361 7158
f 7158 5361 7157
f 5359 7155 5351
f 7158 7155 5359
f 7156 7155 7158
f 7159 7156 7160
f 7156 7158 7160
f 7161 7160 7158
f 7160 7161 7162
f 7163 7160 7162
f 7164 7163 7162
f 7165 7164 7162
f 7166 7165 7162
f 7167 7166 7162
f 5385 7168 7169
f 7168 5385 5386
f 7169 7168 7170
f 7171 5394 5398
f 5394 5399 5397
f 5399 5394 7171
f 5362 7172 7157
f 7173 7174 7175
f 7173 7175 7176
f 7157 7172 7175
f 7177 7178 7176
f 7175 7172 7176
f 7172 7177 7176
f 5363 7172 5362
f 7179 7158 7157
f 7158 7179 7180
f 7157 7175 7179
f 5363 7181 7182
f 7181 5363 5364
f 7181 5364 5405
f 5405 7183 7181
f 7183 5405 5406
f 7183 5406 7184
f 5408 5400 5407
f 5406 5408 7184
f 7185 7181 7183
f 7161 7158 7180
f 7186 7180 7179
f 7187 7180 7186
f 7180 7167 7161
f 7188 7180 7187
f 7189 7187 7190
f 7188 7187 7189
f 7190 7185 7189
f 7180 7188 7191
f 7183 7192 7185
f 5398 5395 7193
f 7194 5398 7193
f 7193 7195 7194
f 7196 7194 7195
f 7171 5398 7194
f 5407 5399 7171
f 7196 7171 7194
f 5407 7171 7196
f 5407 7196 7197
f 5395 5385 7193
f 5385 7169 7193
f 7193 7169 7195
f 7198 7170 7199
f 7198 7195 7170
f 7195 7169 7170
f 7196 7198 7199
f 7199 7200 7196
f 7197 7196 7200
f 7201 7202 7188
f 5408 5407 7203
f 7197 7203 5407
f 7184 5408 7203
f 7192 7183 7184
f 7184 7203 7204
f 7203 7197 7200
f 7200 7205 7203
f 7192 7184 7204
f 7206 7192 7204
f 7206 7207 7192
f 7208 7205 7209
f 7205 7204 7203
f 7204 7205 7208
f 7206 7210 7207
f 7208 7206 7204
f 7206 7208 7210
f 7180 7211 7167
f 7162 7161 7167
f 7166 7167 7212
f 7212 7167 7211
f 7211 7180 7191
f 7213 7211 7191
f 7212 7214 7166
f 7214 7212 7215
f 7191 7216 7213
f 7216 7217 7213
f 7212 7211 7213
f 7215 7212 7213
f 7213 7218 7215
f 7219 7215 7218
f 7217 7218 7213
f 7218 7217 7220
f 7202 7191 7188
f 7221 7216 7222
f 7216 7202 7222
f 7221 7222 7223
f 7221 7223 7224
f 7224 7223 7225
f 7226 7221 7224
f 7227 7226 7224
f 7191 7202 7216
f 7216 7221 7226
f 7228 7216 7226
f 7216 7228 7217
f 7219 7218 7220
f 7229 7217 7228
f 7229 7220 7217
f 7220 7229 7230
f 7231 7229 7228
f 7231 7228 7226
f 7232 7231 7226
f 7233 7230 7229
f 7234 7233 7229
f 7235 7236 7231
f 7236 7235 7237
f 7236 7229 7231
f 7234 7229 7236
f 7238 7234 7236
f 7238 7236 7237
f 7234 7239 7240
f 7241 7239 7238
f 7234 7238 7239
f 7241 7242 7239
f 7242 7243 7239
f 7243 7244 7239
f 7245 3912 5413
f 7245 7246 3912
f 7247 7246 7245
f 7247 7245 7248
f 7246 3913 3912
f 3915 3913 7246
f 6369 3915 7246
f 7247 6369 7246
f 5413 5414 7249
f 5413 7249 7245
f 7248 7245 7249
f 7249 5414 7154
f 7247 7248 6369
f 7250 6369 7248
f 7251 6369 7250
f 7248 7249 7252
f 7154 7159 7249
f 7252 7249 7159
f 7253 7248 7252
f 7250 7248 7253
f 7251 7250 7254
f 7255 7253 7252
f 7251 6372 6369
f 7156 7159 7154
f 7159 7163 7255
f 7159 7255 7252
f 7159 7160 7163
f 7254 7250 7253
f 7253 7255 7256
f 7254 7253 7256
f 7257 7254 7256
f 6379 6372 7251
f 7251 7254 6379
f 6379 7254 7257
f 6380 7258 6383
f 7258 6384 6383
f 7259 7258 6380
f 6380 6379 7257
f 6380 7260 7259
f 7260 6380 7257
f 7261 7260 7257
f 7256 7255 7262
f 7255 7164 7262
f 7164 7263 7262
f 7163 7164 7255
f 7263 7164 7165
f 7256 7262 7257
f 7262 7261 7257
f 7261 7262 7264
f 7264 7262 7263
f 7214 7263 7165
f 7165 7166 7214
f 7214 7264 7263
f 7264 7214 7265
f 7215 7219 7265
f 7215 7265 7214
f 6384 7259 6407
f 6384 7258 7259
f 6407 7259 7266
f 7266 6408 6407
f 7260 7261 7267
f 7268 7260 7267
f 7266 7259 7260
f 7260 7268 7266
f 7266 7269 6408
f 6408 7269 7270
f 7268 7271 7269
f 7272 7269 7271
f 7269 7266 7268
f 7273 7261 7264
f 7273 7264 7274
f 7265 7274 7264
f 7275 7274 7265
f 7273 7274 7276
f 7275 7277 7276
f 7275 7276 7274
f 7267 7261 7273
f 7271 7278 7279
f 7267 7271 7268
f 7271 7267 7278
f 7273 7278 7267
f 7272 7271 7279
f 7279 7278 7276
f 7273 7276 7278
f 7276 7280 7279
f 7280 7276 7277
f 7270 7269 7281
f 7281 7269 7282
f 7269 7272 7283
f 7283 7282 7269
f 7284 7282 7283
f 7285 7282 7284
f 7283 7279 7286
f 7279 7283 7272
f 7283 7287 7284
f 7286 7287 7283
f 7279 7280 7288
f 7279 7288 7286
f 7289 7286 7288
f 7287 7290 7291
f 7290 7287 7292
f 7287 7286 7292
f 7293 7290 7292
f 6436 6408 7270
f 6443 6437 6436
f 7281 6443 7270
f 7270 6443 6436
f 7294 7281 7285
f 7281 7282 7285
f 7295 6419 6445
f 7219 7296 7265
f 7275 7265 7296
f 7219 7220 7296
f 7297 7275 7296
f 7275 7297 7277
f 7280 7277 7297
f 7280 7297 7298
f 7296 7220 7299
f 7296 7299 7297
f 7299 7220 7230
f 7233 7299 7230
f 7280 7298 7288
f 7300 7298 7297
f 7288 7298 7289
f 7298 7300 7289
f 7299 7233 7300
f 7300 7297 7299
f 7289 7300 7301
f 7302 7301 7300
f 7301 7302 7303
f 7303 7304 7301
f 7304 7305 7301
f 7289 7306 7286
f 7306 7292 7286
f 7306 7289 7301
f 7306 7301 7305
f 7307 7306 7305
f 7300 7233 7308
f 7308 7233 7234
f 7240 7308 7234
f 7302 7300 7308
f 7308 7240 7302
f 7240 7309 7302
f 7303 7302 7309
f 7310 7303 7309
f 7309 7240 7244
f 7239 7244 7240
f 7244 7310 7309
f 5483 5485 5386
f 7168 5386 5485
f 7170 6014 5509
f 5485 6014 7168
f 7168 6014 7170
f 6014 5485 5486
f 7311 5497 5501
f 7312 5504 5499
f 5504 5498 5499
f 5499 5497 7313
f 7313 7312 5499
f 7312 5507 5504
f 7314 5507 7312
f 7313 5497 7315
f 7315 7316 7313
f 7311 7315 5497
f 7317 7314 7312
f 7318 7314 7317
f 7313 7317 7312
f 7319 7318 7317
f 7315 7311 7320
f 7313 7321 7317
f 7319 7317 7321
f 7319 7321 7322
f 7323 7324 7316
f 7313 7316 7321
f 7324 7321 7316
f 7322 7321 7324
f 7325 7322 7324
f 7199 7170 5509
f 5510 7199 5509
f 5510 7200 7199
f 5510 5511 7200
f 7326 7200 5511
f 7326 5511 7327
f 7328 7327 7329
f 7327 7328 7326
f 5506 7327 5512
f 7327 5506 5507
f 7327 7314 7329
f 5507 7314 7327
f 5512 7327 5511
f 7330 7331 7329
f 7331 7209 7328
f 7328 7329 7331
f 7332 7331 7330
f 7331 7333 7209
f 7333 7331 7332
f 7329 7314 7318
f 7329 7318 7330
f 7330 7318 7319
f 7200 7326 7205
f 7328 7209 7326
f 7209 7205 7326
f 7208 7209 7333
f 7208 7333 7334
f 7334 7210 7208
f 7334 7333 7332
f 7225 7335 7224
f 7336 7335 7225
f 7335 7336 7337
f 7337 7338 7335
f 7319 7339 7330
f 7332 7330 7339
f 7339 7340 7332
f 7341 7342 7337
f 7339 7343 7340
f 7341 7340 7343
f 7343 7344 7341
f 7227 7224 7335
f 7227 7335 7338
f 7345 7227 7338
f 7345 7232 7227
f 7232 7226 7227
f 7345 7338 7346
f 7347 7346 7348
f 7349 7348 7346
f 7347 7350 7345
f 7347 7345 7346
f 7345 7350 7351
f 7352 7347 7353
f 7347 7352 7350
f 7349 7354 7353
f 7342 7338 7337
f 7342 7346 7338
f 7346 7342 7349
f 7344 7342 7341
f 7210 7336 7207
f 7210 7355 7336
f 7355 7210 7334
f 7336 7355 7337
f 7334 7332 7340
f 7355 7334 7341
f 7340 7341 7334
f 7355 7341 7337
f 7322 7339 7319
f 7339 7322 7356
f 7343 7339 7356
f 7356 7344 7343
f 7350 7352 7357
f 7353 7354 7358
f 7358 7354 7359
f 7358 7359 7360
f 7354 7349 7342
f 7342 7344 7354
f 7361 7356 7362
f 7344 7356 7361
f 7354 7344 7361
f 7359 7354 7361
f 7322 7325 7356
f 7356 7325 7362
f 7363 7325 7324
f 7325 7363 7362
f 7361 7362 7364
f 7365 7361 7364
f 7359 7361 7366
f 5501 5515 7367
f 7368 5501 7367
f 7320 5501 7368
f 4906 7367 5515
f 4907 6966 4906
f 6966 7367 4906
f 7311 5501 7320
f 7320 7368 7369
f 7370 7320 7369
f 7371 7367 6966
f 7371 7372 7373
f 7369 7368 7367
f 7367 7371 7369
f 7371 7373 7369
f 7316 7315 7320
f 7372 6966 6965
f 7372 7371 6966
f 6965 6969 7372
f 6969 6972 7372
f 6972 7374 7372
f 6970 7375 6971
f 7375 6970 7376
f 7377 7370 7369
f 7377 7369 7373
f 7377 7378 7370
f 7378 7377 7379
f 7377 7373 7379
f 7379 7380 7378
f 7379 7381 7380
f 7316 7320 7370
f 7370 7323 7316
f 7323 7370 7378
f 7324 7323 7382
f 7323 7378 7382
f 7383 7384 7382
f 7363 7324 7382
f 7385 7382 7384
f 7363 7382 7385
f 7378 7380 7383
f 7382 7378 7383
f 7380 7386 7383
f 7386 7384 7383
f 7387 7386 7388
f 7387 7384 7386
f 7373 7372 7374
f 6972 7389 7374
f 7381 7374 7389
f 7390 7381 7389
f 7374 7379 7373
f 7381 7379 7374
f 7381 7390 7391
f 6971 7390 6972
f 7389 6972 7390
f 7375 7390 6971
f 7131 7392 7393
f 7394 7390 7375
f 7391 7380 7381
f 7394 7391 7390
f 7130 7395 7396
f 7392 7130 7397
f 7130 7396 7397
f 7393 7394 7375
f 7393 7392 7394
f 7392 7397 7398
f 7394 7392 7398
f 7388 7391 7394
f 7386 7380 7391
f 7386 7391 7388
f 7399 7387 7388
f 7398 7388 7394
f 7362 7363 7364
f 7364 7363 7385
f 7400 7401 7402
f 7403 7404 7402
f 7400 7402 7404
f 7400 7404 7405
f 7351 7350 7357
f 7351 7232 7345
f 7406 7351 7407
f 7406 7232 7351
f 7406 7407 7408
f 7409 7408 7410
f 7409 7406 7408
f 7231 7232 7235
f 7235 7232 7406
f 7237 7235 7406
f 7406 7409 7237
f 7411 7358 7360
f 7351 7357 7412
f 7357 7413 7412
f 7357 7352 7401
f 7401 7352 7411
f 7401 7411 7360
f 7357 7401 7413
f 7414 7412 7413
f 7407 7351 7412
f 7366 7402 7360
f 7360 7402 7401
f 7359 7366 7360
f 7403 7402 7366
f 7365 7403 7366
f 7366 7361 7365
f 7413 7401 7414
f 7414 7401 7400
f 7408 7412 7414
f 7408 7414 7415
f 7412 7408 7407
f 7415 7414 7400
f 7415 7400 7405
f 7241 7237 7416
f 7242 7241 7416
f 7416 7237 7409
f 7409 7242 7416
f 7417 7242 7409
f 7237 7241 7238
f 7418 7242 7417
f 7410 7417 7409
f 7410 7419 7417
f 7418 7243 7242
f 7418 7417 7419
f 7418 7419 7420
f 7418 7420 7421
f 7410 7408 7415
f 7415 7422 7410
f 7422 7419 7410
f 7423 7422 7415
f 7423 7415 7405
f 7424 7419 7422
f 7425 7424 7422
f 7425 7426 7427
f 7425 7422 7423
f 7425 7423 7426
f 7423 7428 7426
f 7424 7420 7419
f 7429 7420 7424
f 7425 7429 7424
f 7425 7427 7429
f 7385 7384 7387
f 7385 7387 7430
f 7431 7404 7403
f 7431 7432 7404
f 7432 7431 7433
f 7434 7435 7436
f 7387 7399 7430
f 7399 7436 7430
f 7433 7435 7432
f 7433 7436 7435
f 7433 7437 7436
f 7436 7437 7430
f 7432 7405 7404
f 7438 7405 7432
f 7439 7405 7438
f 7439 7438 7440
f 7435 7441 7438
f 7441 7440 7438
f 7440 7441 7442
f 7438 7432 7435
f 7443 7444 7445
f 7442 7441 7443
f 7442 7443 7445
f 7444 7397 7396
f 7398 7397 7443
f 7443 7397 7444
f 7446 7442 7445
f 7447 6985 7448
f 7447 7449 6985
f 7399 7388 7450
f 7434 7399 7450
f 7399 7434 7436
f 7434 7398 7443
f 7441 7434 7443
f 7450 7398 7434
f 7450 7388 7398
f 7434 7441 7435
f 7446 7451 7442
f 7440 7442 7451
f 6991 7452 6994
f 7453 7454 6996
f 7440 7451 7455
f 7456 7455 7457
f 7455 7439 7440
f 7439 7455 7456
f 7454 7453 7458
f 7459 7453 7460
f 6999 7000 7454
f 6999 7454 6984
f 7461 6984 7454
f 7454 7462 7461
f 7454 7000 6996
f 7463 7462 7454
f 7458 7463 7454
f 7464 7448 7461
f 7464 7461 7462
f 7437 7365 7385
f 7431 7365 7437
f 7364 7385 7365
f 7437 7385 7430
f 7431 7403 7365
f 7439 7465 7405
f 7405 7465 7423
f 7466 7465 7439
f 7465 7466 7467
f 7423 7465 7467
f 7428 7423 7467
f 7459 7460 7468
f 7459 7458 7453
f 6709 6707 6706
f 7469 7470 7471
f 7470 7469 7472
f 7473 6708 6707
f 7474 7470 7472
f 7475 7476 7477
f 7469 6709 6460
f 6460 6461 6458
f 7478 7479 7469
f 7479 7480 7469
f 7481 7480 7479
f 7482 7476 7483
f 7484 7485 7486
f 7486 7485 7487
f 7488 7486 7487
f 7489 7490 7491
f 7490 7489 7492
f 7056 7058 7492
f 7493 7492 7489
f 7493 7494 7492
f 7494 7495 7492
f 7496 7489 7497
f 7498 7488 7475
f 7499 7488 7498
f 7499 7498 7500
f 7501 7502 7503
f 7501 7504 7502
f 7505 7501 7503
f 7506 7496 7497
f 7507 7497 7504
f 7507 7506 7497
f 7507 7508 7506
f 7506 7509 7496
f 7504 7510 7507
f 7510 7504 7501
f 7511 7507 7510
f 7512 7513 7508
f 7507 7512 7508
f 7514 7513 7515
f 7516 7512 7507
f 7515 7513 7512
f 7497 7489 7517
f 7517 7504 7497
f 6420 6460 6416
f 7518 7478 6460
f 7519 7520 7518
f 7519 7295 7520
f 7520 7521 7518
f 7522 7481 7479
f 7523 7522 7524
f 7481 7522 7500
f 7525 7500 7522
f 7526 7521 7520
f 7524 7527 7528
f 7528 7523 7524
f 7525 7523 7529
f 7530 7295 6445
f 7530 7531 7295
f 7531 7520 7295
f 7531 7526 7520
f 7528 7521 7526
f 7532 7304 7303
f 7529 7533 7534
f 7511 7501 7535
f 7511 7510 7501
f 7535 7501 7505
f 7533 7536 7534
f 7529 7523 7537
f 7537 7533 7529
f 7538 7535 7534
f 7539 7540 7310
f 7310 7541 7303
f 7310 7244 7539
f 7516 7507 7511
f 7542 7516 7511
f 7543 7516 7542
f 7516 7543 7544
f 7512 7516 7544
f 7544 7515 7512
f 7545 7546 7547
f 7545 7548 7546
f 7549 7546 7548
f 7550 7549 7548
f 7551 7552 7553
f 7554 7555 7556
f 7554 7557 7555
f 7558 7559 7468
f 7554 7556 7560
f 7514 7561 7562
f 7514 7562 7563
f 7243 7421 7564
f 7421 7565 7564
f 7243 7418 7421
f 7421 7420 7566
f 7514 7567 7561
f 7514 7563 7513
f 7515 7567 7514
f 7568 7567 7515
f 7569 7570 7561
f 7567 7569 7561
f 7571 7570 7569
f 7572 7569 7567
f 7573 7554 7570
f 7574 7573 7570
f 7570 7554 7560
f 7574 7570 7571
f 7575 7574 7571
f 7575 7573 7574
f 7575 7571 7569
f 7452 7558 7468
f 7468 7460 7452
f 7576 7468 7559
f 7577 7576 7559
f 7243 7564 7244
f 7116 7376 6970
f 7116 7113 7376
f 7113 7119 7376
f 7119 7128 7131
f 7376 7393 7375
f 7119 7393 7376
f 7119 7131 7393
f 7131 7130 7392
f 7130 7129 7395
f 7578 7147 7145
f 7145 7139 7579
f 7580 7145 7579
f 7580 7579 7144
f 7144 7581 7580
f 7145 7582 7583
f 7582 7584 7583
f 7145 7580 7582
f 7582 7580 7581
f 7584 7582 7581
f 7585 7149 7143
f 7143 7152 7585
f 7578 7586 7147
f 7587 7152 7153
f 7588 7587 7153
f 7589 6756 3159
f 6756 7589 7590
f 7589 3159 2807
f 6757 4518 6755
f 4518 6757 4523
f 4523 6757 7591
f 6757 7590 7591
f 7591 7590 7592
f 6757 2800 6756
f 6757 6756 7590
f 7593 7590 7589
f 2807 3159 2798
f 6762 7589 2807
f 6763 4523 7591
f 7592 6763 7591
f 7592 7590 7593
f 7594 7595 7593
f 7596 6763 7592
f 6764 6763 7596
f 7596 7592 7597
f 7593 7597 7592
f 7597 7593 7595
f 7597 7595 7598
f 6791 6764 7596
f 6791 7596 7597
f 6791 7597 7599
f 7594 7593 7589
f 7594 7589 6762
f 7600 7594 7601
f 7594 6762 7601
f 7594 7600 7595
f 7601 6762 6768
f 6766 6769 6768
f 6766 6768 6762
f 7598 7595 7600
f 7599 7597 7598
f 7602 7599 7598
f 7603 7598 7600
f 7600 6798 7603
f 7600 7601 6767
f 6767 7601 6768
f 6798 6767 6815
f 6798 7600 6767
f 7604 2817 2895
f 7605 7606 6779
f 7607 7608 7606
f 7607 6789 7608
f 7607 6911 6789
f 6911 7609 6789
f 6771 6761 6758
f 7610 6770 2828
f 2827 6770 6758
f 6770 6771 6758
f 7611 6761 6772
f 6772 6773 7611
f 6771 6770 6775
f 7611 6773 6775
f 6760 6761 7611
f 7611 7612 6760
f 2817 2828 2826
f 2817 7604 2828
f 7610 2828 7604
f 6770 7610 6774
f 6777 6774 7610
f 6777 7610 6779
f 7604 7605 7610
f 6779 7610 7605
f 6784 7612 7613
f 7613 6775 6776
f 7612 7611 6775
f 6775 7613 7612
f 7614 7613 6776
f 7614 6784 7613
f 6784 7614 6781
f 7614 6782 6781
f 6766 6760 7612
f 7612 6784 6766
f 6767 6769 6783
f 7615 6767 6783
f 6815 6767 7615
f 7615 6784 6781
f 7615 6783 6784
f 6781 6780 7615
f 6785 6786 7616
f 7614 6776 6785
f 6819 7614 6785
f 6786 6778 7608
f 6778 6779 7606
f 7608 6778 7606
f 7608 6789 6786
f 6788 6786 6789
f 6786 6788 7616
f 7616 6787 6819
f 6788 6787 7616
f 7616 6819 6785
f 6819 6782 7614
f 6791 7617 6765
f 6793 6765 7617
f 7599 7617 6791
f 7617 7599 7602
f 6794 7617 7602
f 6793 7617 6794
f 7602 7598 7603
f 7602 7603 7618
f 6794 7602 7618
f 7603 6797 7618
f 6798 6815 6796
f 6797 7603 6798
f 7619 6794 7618
f 7618 6797 7619
f 7619 6795 6794
f 6795 7619 6799
f 6814 6797 6796
f 6803 6797 6814
f 7619 6797 6803
f 6832 6803 6814
f 6802 6800 6799
f 6800 6802 6805
f 6799 7619 6803
f 6810 6780 6782
f 6815 7615 6816
f 7615 6818 6816
f 6818 7615 6780
f 6818 6780 6811
f 6832 6814 6816
f 6817 6832 6816
f 6817 6816 6818
f 6813 6833 6817
f 6812 6833 6813
f 6790 6789 7609
f 6790 7609 6826
f 6824 6820 6821
f 6824 6821 6835
f 6822 6823 6835
f 6823 6790 6826
f 6825 6823 6826
f 6835 6823 6825
f 6821 6822 6835
f 6831 6832 6817
f 6817 6833 6831
f 6833 7620 6831
f 6807 6831 7620
f 6801 6803 6831
f 6807 6801 6831
f 6833 6812 6830
f 7620 6833 7621
f 6833 6828 7621
f 7620 7621 6828
f 6834 6807 7620
f 7620 6828 7622
f 7623 6834 7620
f 6940 6834 7623
f 6940 7620 7622
f 6940 7623 7620
f 6830 6824 6836
f 6837 6830 6836
f 6838 6835 6825
f 6841 6836 6838
f 6836 6835 6838
f 7622 6828 6837
f 6836 7624 6837
f 7624 7625 7626
f 7624 7622 6837
f 7625 7624 6836
f 7625 6836 6841
f 7626 7625 6841
f 7627 3173 3172
f 7627 7628 7629
f 7629 3173 7627
f 7629 7630 7631
f 7628 7630 7629
f 7632 7633 7628
f 7633 7630 7628
f 7633 7634 7630
f 6845 7633 7632
f 6844 7634 7633
f 6844 7633 6845
f 6849 6847 2871
f 6849 7635 6847
f 6853 6847 7635
f 6853 7636 6847
f 6867 6846 7636
f 7636 6846 6847
f 7637 7638 7639
f 7638 7637 6852
f 7640 7639 6524
f 6524 6525 7640
f 6525 7641 7640
f 7640 7637 7639
f 6878 7637 7640
f 6853 7635 7638
f 6853 7638 6851
f 7638 6852 6851
f 6854 6867 6853
f 6867 7636 6853
f 6856 6854 6851
f 7637 6855 6852
f 6855 7637 7642
f 6856 6851 6850
f 6850 6855 6856
f 6524 7639 6527
f 7639 7635 6527
f 7635 6849 6527
f 7638 7635 7639
f 7643 2877 2876
f 2876 6862 7643
f 6862 2876 6859
f 6861 7643 6862
f 7644 6862 6859
f 7644 6859 6846
f 6867 7644 6846
f 7644 6867 6866
f 7644 6866 6860
f 6862 7644 6860
f 7645 7627 2877
f 2877 7643 7645
f 7628 7645 7643
f 7627 3172 2877
f 7628 7627 7645
f 6861 7628 7643
f 7632 7628 6861
f 6860 6866 6863
f 6863 6866 6868
f 6865 6863 6870
f 6870 6863 6868
f 6865 6896 6864
f 6894 6896 6865
f 6870 6894 6865
f 6869 6894 6870
f 6872 7632 6861
f 6872 6861 6863
f 6845 7632 6872
f 6872 6864 6896
f 6896 6845 6872
f 7646 6896 6895
f 7646 6845 6896
f 7646 6843 6845
f 7647 6843 7646
f 6902 7647 7646
f 6900 6902 7646
f 7648 7647 6902
f 7648 6843 7647
f 6929 6843 7648
f 7649 6902 6874
f 7650 6929 7648
f 7649 7648 6902
f 7650 7648 7649
f 6874 7651 7649
f 7651 7650 7649
f 6874 6876 7651
f 7022 7650 7651
f 6525 6526 7641
f 7640 7641 6878
f 7641 6526 6879
f 6526 6542 6879
f 6878 7641 6879
f 6878 7642 7637
f 6877 7642 6878
f 6886 7642 6877
f 6880 6877 6879
f 6886 6877 6880
f 6892 6886 6880
f 6885 6855 7642
f 6885 6881 6855
f 6881 6871 6856
f 6881 6883 6882
f 6886 6885 7642
f 6886 6889 6881
f 6883 6881 6889
f 6892 6880 6887
f 6890 6886 6892
f 6889 6886 6890
f 6889 6898 6883
f 6898 6889 7043
f 7043 6889 6888
f 7043 6905 6898
f 6893 6894 6869
f 6871 6869 6858
f 6893 6869 6871
f 6900 6895 6894
f 6900 6894 6893
f 7646 6895 6900
f 6902 6900 6899
f 6897 6884 6898
f 2895 2894 7652
f 3180 7652 2894
f 7653 7652 3180
f 7654 7652 7653
f 2895 7605 7604
f 7605 2895 7655
f 7655 2895 7652
f 7654 7655 7652
f 3179 7653 3180
f 7653 3179 3175
f 3175 3177 7656
f 7653 3175 7656
f 6910 7657 7654
f 7657 7605 7655
f 7657 7655 7654
f 6909 7605 7657
f 7658 7654 7653
f 7653 7656 7658
f 7656 7659 7658
f 6910 7654 7658
f 7660 7658 7659
f 3183 7629 7661
f 7661 7662 3183
f 7662 3176 3183
f 3176 7662 3177
f 3177 7662 7656
f 3173 3183 3182
f 7629 3183 3173
f 7663 7656 7664
f 7656 7663 7659
f 7656 7662 7664
f 7665 7664 7662
f 7665 7663 7664
f 7665 7662 7661
f 7666 7665 7661
f 7661 7629 7631
f 7631 7666 7661
f 7605 6909 7606
f 7607 7606 6909
f 6909 7657 6910
f 6911 7607 6909
f 7667 6910 7668
f 6908 6910 7667
f 7660 6910 7658
f 6917 7659 7663
f 7668 6910 7660
f 7660 6917 7668
f 6917 7660 7659
f 6911 6912 7609
f 6908 6920 6912
f 6908 7667 6920
f 7667 7668 6916
f 7669 7667 6916
f 6916 7668 6917
f 6916 7670 7669
f 6914 7665 7666
f 6914 7666 7631
f 7671 7663 7665
f 6917 7663 7671
f 7671 6913 6917
f 7671 7665 6914
f 7630 6914 7631
f 6914 7630 7634
f 6913 7671 6914
f 6915 6914 7634
f 6915 7634 6844
f 6915 6844 6843
f 6826 7609 6912
f 6919 6826 6912
f 6919 6912 6920
f 6918 7667 7669
f 6924 7670 6916
f 6918 7669 7670
f 6920 7667 6918
f 6827 6826 6919
f 6922 6827 6919
f 6919 6918 6921
f 6921 7672 6922
f 6923 7670 6924
f 6923 6918 7670
f 6923 7673 6921
f 7674 6923 6925
f 7673 6923 7674
f 6927 6913 6915
f 6916 6913 6927
f 6927 6924 6916
f 6924 6927 6925
f 6927 6926 6925
f 6929 6926 6843
f 6925 6928 7674
f 7672 6839 6922
f 7672 6921 7673
f 7675 7672 7673
f 6930 6839 7672
f 7675 7673 7060
f 7676 7672 7675
f 6930 7672 7676
f 6931 6929 7650
f 7674 6928 6932
f 7677 7674 6932
f 7673 7674 7678
f 7678 7674 7677
f 7678 7677 7679
f 7677 6932 7679
f 6932 7678 7679
f 7680 7673 7678
f 7680 7678 6932
f 7650 7681 6931
f 7681 7650 7022
f 7061 6931 7681
f 6931 7680 6932
f 7061 7060 7680
f 7061 7680 6931
f 7061 7681 7059
f 7680 7060 7673
f 6804 6806 6809
f 6937 6943 6808
f 6943 6809 6808
f 6834 6940 6938
f 7622 6941 6940
f 6939 6938 6940
f 6937 6938 7682
f 6938 6942 7682
f 6942 6938 6939
f 6937 6950 6936
f 7682 6942 6944
f 6950 7682 6944
f 6950 6944 6954
f 6937 7682 6950
f 6941 7624 7683
f 7624 7684 7683
f 6945 6941 7683
f 7685 6841 6842
f 6948 7685 7068
f 7686 7685 6948
f 7626 7684 7624
f 6841 7685 7626
f 7684 7626 7685
f 7687 7683 7684
f 7686 7684 7685
f 7688 6945 7683
f 7688 7683 7687
f 7689 7688 7687
f 7687 6961 7689
f 7686 6948 6947
f 7684 6947 7687
f 7686 6947 7684
f 6961 7687 6947
f 6941 7622 7624
f 7688 6944 6945
f 6954 6944 7688
f 7689 6954 7688
f 6955 6953 7690
f 6955 7690 7691
f 6956 6946 7067
f 6958 6946 6956
f 6947 6957 6961
f 6947 6958 6957
f 6958 6947 6946
f 6963 7692 6961
f 6963 6961 6959
f 6975 6963 6962
f 6964 6959 6960
f 7693 6954 7689
f 6954 7693 6953
f 7693 7689 6961
f 7692 7693 6961
f 7690 7693 7692
f 7690 6953 7693
f 7694 7690 7692
f 6975 7692 6963
f 7694 7692 6975
f 7690 7694 7691
f 6973 6955 7691
f 7695 6973 7691
f 7695 7691 7696
f 7697 6973 7695
f 7151 6973 7697
f 7697 7695 7696
f 7698 7697 7696
f 6974 6983 6975
f 7699 7700 6960
f 7700 6964 6960
f 6976 6964 7700
f 7700 6977 6976
f 6977 6979 6976
f 6983 7694 6975
f 7694 6983 7691
f 7701 7691 6983
f 6982 6997 6983
f 6983 6997 7701
f 7691 7701 7696
f 7696 7701 6997
f 7697 7698 7702
f 7703 7151 7697
f 7697 7702 7703
f 7703 7704 7705
f 6998 7706 7698
f 7698 7706 7702
f 7704 7703 7702
f 7707 7704 7702
f 7707 7706 6986
f 7702 7706 7707
f 7153 7704 7707
f 6985 7707 6986
f 7153 7707 6985
f 6998 7698 6997
f 7698 7696 6997
f 6999 7706 6998
f 7706 6999 6986
f 6587 6240 6242
f 6587 6242 7708
f 6587 7708 7709
f 7710 7708 6242
f 7710 7054 7708
f 7001 7711 7709
f 7003 7711 7001
f 7709 7708 7001
f 7708 7054 7001
f 6906 6907 7013
f 7012 7013 7016
f 7013 7024 7016
f 7022 7651 7020
f 7020 7651 6876
f 7019 7030 7029
f 7012 7019 7014
f 7030 7019 7012
f 7019 7021 7020
f 7032 7021 7019
f 7029 7032 7019
f 7009 7010 7025
f 7010 7027 7023
f 7008 7712 7010
f 7010 7712 7027
f 7026 7027 7017
f 7713 7017 7027
f 7030 7012 7017
f 7714 7715 7031
f 7716 7714 7717
f 7713 7033 7017
f 7033 7028 7030
f 7028 7718 7719
f 7028 7033 7718
f 7719 7031 7028
f 7714 7031 7719
f 7717 7719 7718
f 7717 7714 7719
f 7035 6887 7034
f 6888 6891 7036
f 7037 7035 6244
f 7034 6244 7035
f 7035 7037 7036
f 7047 6905 7042
f 7040 7045 7044
f 7040 7042 7041
f 7040 7047 7042
f 7046 7047 7040
f 7046 7720 7047
f 7046 7040 7044
f 7038 7037 6245
f 7038 6245 7711
f 7709 6245 6587
f 6245 7709 7711
f 7005 7040 7038
f 7003 7005 7038
f 7038 7711 7003
f 7005 7045 7040
f 7006 7044 7005
f 7009 7046 7044
f 7044 7006 7009
f 7047 7049 7048
f 7013 6907 7049
f 7720 7049 7047
f 7720 7013 7049
f 7024 7013 7720
f 7046 7025 7720
f 7025 7024 7720
f 7710 6242 6590
f 7710 7052 7054
f 7052 7053 7054
f 7050 7710 6590
f 7050 7052 7710
f 7053 7052 7051
f 7007 7001 7054
f 7054 7055 7007
f 7721 6598 6607
f 6598 7050 6590
f 6598 7721 7050
f 7050 7721 7055
f 7007 7055 7722
f 7055 7723 7722
f 7055 7721 7723
f 7724 7722 7723
f 7004 7007 7725
f 7004 7725 7011
f 7722 7725 7007
f 7725 7726 7011
f 7726 7008 7011
f 7712 7008 7726
f 7727 7712 7726
f 7726 7722 7728
f 7722 7726 7725
f 7724 7728 7722
f 7729 7728 7724
f 7730 7726 7728
f 7730 7727 7726
f 7730 7728 7729
f 6607 7731 7721
f 6607 6608 7732
f 7732 7731 6607
f 7733 7724 7731
f 7721 7731 7723
f 7723 7731 7724
f 6609 7732 6608
f 6609 6708 7732
f 7732 6708 7734
f 7732 7733 7731
f 7733 7735 7736
f 7734 7733 7732
f 7735 7733 7734
f 7724 7733 7736
f 7724 7736 7737
f 7737 7729 7724
f 7738 7730 7729
f 7730 7738 7727
f 7738 7739 7727
f 7737 7738 7729
f 7739 7738 7740
f 7736 7735 7737
f 7738 7737 7741
f 7740 7738 7741
f 7742 7740 7741
f 7712 7743 7027
f 7727 7744 7712
f 7744 7743 7712
f 7745 7713 7743
f 7746 7713 7745
f 7713 7027 7743
f 7745 7743 7744
f 7739 7744 7727
f 7747 7748 7744
f 7748 7745 7744
f 7745 7748 7746
f 7749 7746 7748
f 7750 7748 7747
f 7751 7717 7752
f 7753 7714 7716
f 7751 7716 7717
f 7754 7755 7716
f 7752 7718 7033
f 7746 7033 7713
f 7752 7717 7718
f 7752 7033 7746
f 7756 7752 7757
f 7756 7751 7752
f 7758 7757 7749
f 7759 7756 7757
f 7757 7758 7759
f 7751 7754 7716
f 7760 7751 7756
f 7749 7752 7746
f 7757 7752 7749
f 7761 7750 7762
f 7758 7749 7763
f 7763 7749 7750
f 7739 7747 7744
f 7739 7740 7762
f 7762 7747 7739
f 7762 7750 7747
f 7749 7748 7750
f 7482 7762 7740
f 7482 7761 7762
f 7483 7761 7482
f 7763 7750 7761
f 7483 7763 7761
f 7764 7759 7758
f 7760 7756 7759
f 7764 7760 7759
f 7751 7765 7766
f 7765 7751 7760
f 7057 7766 7765
f 7763 7764 7758
f 7767 7764 7763
f 7058 7764 7767
f 7058 7760 7764
f 7490 7058 7767
f 7490 7767 7763
f 7484 7490 7763
f 7058 7057 7765
f 7063 7064 7768
f 6933 6930 7070
f 7070 6930 7769
f 7070 7069 6933
f 7059 7676 7060
f 7675 7060 7676
f 7676 7059 7062
f 7676 7062 7770
f 7676 7769 6930
f 7676 7771 7769
f 7771 7676 7770
f 7772 7070 7769
f 7772 7773 7774
f 7070 7772 7775
f 7776 7770 7062
f 7776 7062 7063
f 7771 7770 7773
f 7773 7770 7776
f 7768 7776 7063
f 7771 7772 7769
f 7773 7772 7771
f 7777 7681 7022
f 7022 7021 7777
f 7065 7059 7681
f 7777 7065 7681
f 7065 7063 7059
f 7778 7777 7021
f 7066 7065 7777
f 7778 7066 7777
f 7065 7064 7063
f 7778 7021 7032
f 7779 7780 7768
f 7781 7780 7779
f 7782 7780 7781
f 7782 7781 7783
f 7772 7774 7775
f 7784 7785 7786
f 7785 7775 7774
f 7787 7775 7785
f 7788 7776 7768
f 7776 7788 7773
f 7788 7768 7780
f 7773 7785 7774
f 7786 7773 7788
f 7786 7785 7773
f 7784 7787 7785
f 7786 7788 7789
f 7782 7789 7780
f 7789 7788 7780
f 7789 7790 7786
f 7790 7789 7782
f 7778 7715 7066
f 7715 7778 7032
f 7032 7031 7715
f 7066 7715 7791
f 7792 7791 7715
f 7791 7064 7066
f 7791 7792 7779
f 7714 7793 7715
f 7794 7792 7715
f 7793 7794 7715
f 7793 7795 7794
f 7753 7793 7714
f 7753 7795 7793
f 7794 7779 7792
f 7781 7779 7794
f 7781 7796 7783
f 7796 7781 7794
f 7685 6842 6933
f 7068 7685 6933
f 7068 6933 7069
f 7070 7775 7067
f 7775 7787 7067
f 6956 7067 7787
f 7699 7787 7784
f 6960 6956 7787
f 7699 6960 7787
f 7797 7782 7783
f 7798 7799 7073
f 7073 7799 7800
f 7801 7784 7786
f 7786 7802 7801
f 7802 7786 7790
f 7790 7782 7797
f 7790 7798 7802
f 7798 7790 7799
f 7803 7801 7081
f 7081 7801 7802
f 7803 7081 7080
f 7803 7804 7801
f 7805 7802 7798
f 7798 7072 7805
f 7081 7802 7805
f 7806 7081 7805
f 7072 7798 7073
f 7755 7807 7795
f 7753 7716 7755
f 7755 7795 7753
f 7755 7754 7808
f 7808 7807 7755
f 7809 7783 7796
f 7796 7807 7809
f 7766 7754 7751
f 7810 7754 7766
f 7810 7808 7754
f 7799 7807 7800
f 7800 7807 7808
f 7799 7809 7807
f 7074 7800 7808
f 7074 7073 7800
f 7811 7075 7812
f 7813 7814 7815
f 7815 7814 7076
f 7815 7076 7075
f 7803 7080 7816
f 7817 7816 7080
f 7079 7817 7080
f 7805 7072 7806
f 7072 7071 7806
f 7806 7071 7076
f 7814 7806 7076
f 7806 7082 7081
f 7806 7814 7082
f 7078 7080 7082
f 7079 7078 7818
f 7078 7553 7552
f 7552 6991 7078
f 7814 7813 7082
f 7078 7082 7553
f 7819 7810 7766
f 7074 7808 7810
f 7077 7074 7810
f 7766 7057 7819
f 7819 7077 7810
f 7075 7077 7819
f 7819 7057 7075
f 7056 7075 7057
f 7812 7075 7056
f 6977 7699 7820
f 7820 7784 7801
f 7699 7784 7820
f 6977 7700 7699
f 7804 7820 7801
f 7816 7820 7804
f 6978 7820 7816
f 6978 6977 7820
f 7804 7803 7816
f 6988 6978 7816
f 7817 6988 7816
f 7818 7817 7079
f 7818 6988 7817
f 6993 6988 7818
f 6991 7818 7078
f 6993 7818 6991
f 4961 5799 7083
f 7086 7083 6792
f 4961 7083 7086
f 7084 4961 7086
f 6795 7086 6792
f 4962 4961 7084
f 5800 7084 7085
f 7086 6795 7087
f 7091 7087 6795
f 4963 5800 4959
f 5800 7088 4959
f 7089 5800 7085
f 7088 5800 7089
f 7089 7085 7087
f 7089 7087 7091
f 7091 6795 6800
f 7091 6805 7090
f 6809 7090 6805
f 6804 6809 6805
f 5926 5927 5083
f 5926 7104 5927
f 7109 5089 5091
f 7108 7109 7111
f 7821 7111 7109
f 7134 7111 7821
f 7822 7112 7111
f 7117 7112 7822
f 7127 7117 7822
f 7111 7134 7822
f 7109 5091 5946
f 7823 5927 7104
f 5956 5946 5942
f 5946 5956 7824
f 5946 7821 7109
f 7825 7821 5946
f 7824 7825 5946
f 5947 5927 7826
f 7823 7826 5927
f 7104 7122 7823
f 7104 7102 7122
f 7122 7827 7823
f 7121 7827 7122
f 5958 7828 5956
f 7829 5947 7826
f 7830 7826 7831
f 7831 7826 7823
f 7828 7824 5956
f 7832 7830 7828
f 7828 7830 7824
f 7824 7830 7831
f 7832 7826 7830
f 7833 7828 5958
f 7834 7833 5958
f 5947 6020 5949
f 7829 6020 5947
f 7835 5960 5952
f 7835 5952 6020
f 6020 7829 7836
f 7824 7831 7825
f 7827 7121 7831
f 7831 7121 7825
f 7831 7823 7827
f 7825 7134 7821
f 7120 7150 7121
f 7825 7150 7134
f 7825 7121 7150
f 7837 7838 7833
f 7839 7832 7828
f 7836 7829 7832
f 7832 7839 7836
f 7836 7839 7838
f 7839 7833 7838
f 7838 7840 7836
f 7124 7122 7102
f 7122 7124 7120
f 7124 7102 7105
f 7105 7841 7124
f 7841 7123 7124
f 7841 7125 7705
f 7841 7105 7125
f 7127 7148 7126
f 7129 7126 7148
f 7127 7822 7133
f 7133 7822 7134
f 7140 7127 7133
f 7132 7842 7135
f 7842 7137 7135
f 7842 7132 7136
f 7842 7843 7137
f 7843 7842 7136
f 7137 7844 7138
f 7844 7137 7843
f 7127 7140 7148
f 7138 7140 7133
f 7128 7129 7130
f 7586 7129 7148
f 7148 7147 7586
f 7142 7123 7841
f 7143 7142 7841
f 7148 7140 7146
f 7151 7705 7125
f 7151 7703 7705
f 7841 7705 7143
f 7153 7143 7705
f 7705 7704 7153
f 7845 7174 7846
f 7175 7174 7845
f 7847 7186 7179
f 7201 7188 7189
f 7176 7178 7846
f 7174 7173 7846
f 7173 7176 7846
f 5363 7182 7172
f 7172 7182 7177
f 7846 7178 7845
f 7177 7848 7849
f 7848 7179 7849
f 7179 7175 7849
f 7175 7845 7849
f 7845 7178 7849
f 7178 7177 7849
f 7177 7847 7850
f 7847 7179 7850
f 7179 7848 7850
f 7848 7177 7850
f 7851 7186 7847
f 7851 7847 7177
f 7177 7182 7851
f 7190 7851 7182
f 7186 7851 7187
f 7185 7190 7182
f 7185 7182 7181
f 7190 7187 7851
f 7201 7185 7192
f 7198 7196 7195
f 7201 7852 7202
f 7201 7189 7185
f 7207 7201 7192
f 7207 7852 7201
f 7852 7207 7853
f 7854 7222 7202
f 7852 7854 7202
f 7853 7854 7852
f 7855 7856 7857
f 7858 7856 7855
f 7857 7856 7859
f 7860 7859 7858
f 7858 7859 7856
f 7861 7859 7860
f 7857 7862 7855
f 7855 7862 7858
f 7863 7862 7859
f 7863 7859 7222
f 7863 7222 7854
f 7859 7862 7857
f 7864 7860 7858
f 7864 7858 7863
f 7863 7858 7862
f 7859 7223 7222
f 7865 7223 7866
f 7223 7859 7866
f 7859 7861 7866
f 7861 7860 7866
f 7860 7864 7866
f 7864 7865 7866
f 7853 7863 7854
f 7853 7864 7863
f 7853 7865 7864
f 7865 7225 7223
f 7207 7336 7853
f 6419 7295 6420
f 7285 7867 7868
f 7867 7285 7284
f 7287 7291 7284
f 7291 7867 7284
f 7868 7867 7291
f 7290 7869 7291
f 7293 7869 7290
f 7291 7869 7870
f 7870 7869 7293
f 7292 7871 7293
f 7292 7306 7871
f 6691 6444 6443
f 6692 6691 6443
f 7294 6443 7281
f 6692 6443 7294
f 7872 6694 6693
f 7873 6692 7294
f 7873 6693 6692
f 7873 7872 6693
f 7530 6445 6446
f 7868 7294 7285
f 7868 7873 7294
f 7873 7868 7874
f 7875 7873 7874
f 7876 7873 7875
f 7874 7868 7291
f 7872 7873 7876
f 7875 7877 7876
f 7878 7876 7877
f 7878 7877 7879
f 7878 7879 7880
f 7881 7531 7530
f 7880 7881 7530
f 7879 7881 7880
f 7877 7875 7874
f 7877 7874 7882
f 7883 7884 7879
f 7879 7877 7883
f 7885 7884 7883
f 7886 7885 7883
f 7882 7883 7877
f 7881 7879 7884
f 7885 7881 7884
f 7886 7883 7882
f 6694 7887 6698
f 6699 6702 6697
f 6694 7888 7887
f 6700 6698 7887
f 6700 7887 7888
f 7889 6700 7888
f 6441 6702 7890
f 7890 6446 6441
f 7891 6702 6699
f 7891 7890 6702
f 6446 7890 7892
f 7888 6694 7872
f 7891 7892 7890
f 7892 7530 6446
f 7892 7880 7530
f 7891 6699 6701
f 7893 7872 7876
f 7880 7892 7894
f 7892 7891 7894
f 7876 7878 7895
f 7894 7895 7878
f 7894 7878 7880
f 7893 7876 7895
f 6701 7894 7891
f 7896 7897 7894
f 7895 7894 7898
f 7894 7897 7898
f 7897 7899 7898
f 7898 7899 7885
f 7898 7885 7886
f 7895 7898 7893
f 7900 7899 7897
f 7900 7881 7885
f 7900 7885 7899
f 7901 7881 7900
f 7893 7898 7886
f 7896 7900 7897
f 7900 7896 7901
f 7893 7888 7872
f 7889 7888 7902
f 7888 7893 7902
f 6701 7896 7894
f 7903 7896 6701
f 7904 7896 7903
f 7886 7882 7905
f 7905 7882 7906
f 7893 7886 7905
f 7893 7905 7907
f 7907 7905 7908
f 7907 7908 7909
f 7907 7909 7910
f 7911 7907 7910
f 7307 7871 7306
f 7853 7336 7865
f 7865 7336 7225
f 7348 7353 7347
f 7353 7348 7349
f 7411 7352 7353
f 7411 7353 7358
f 7912 7428 7913
f 7427 7426 7912
f 7912 7914 7427
f 7915 7914 7912
f 7428 7912 7426
f 7915 7912 7913
f 7915 7913 7916
f 7915 7916 7917
f 7917 7918 7915
f 7431 7437 7433
f 7395 7919 7396
f 7396 7919 7444
f 7920 7444 7921
f 7921 7444 7919
f 7922 7921 7923
f 7449 7153 6985
f 6984 7448 6985
f 7444 7920 7445
f 7446 7445 7920
f 7924 7446 7920
f 7920 7921 7922
f 7924 7920 7922
f 7922 7925 7924
f 7926 7446 7924
f 7927 7926 7924
f 7924 7925 7927
f 7588 7449 7447
f 7447 7928 7588
f 7928 7447 7448
f 7929 7925 7930
f 6994 6996 6992
f 6996 6994 7453
f 7439 7456 7466
f 7931 7455 7451
f 7931 7457 7455
f 7466 7456 7457
f 7932 7457 7933
f 7466 7457 7932
f 7453 6994 7452
f 7452 7460 7453
f 7934 7466 7932
f 7448 6984 7461
f 7931 7451 7926
f 7457 7931 7933
f 7933 7931 7926
f 7926 7451 7446
f 7927 7933 7926
f 7462 7463 7464
f 7935 7464 7463
f 7464 7928 7448
f 7935 7928 7464
f 7936 7928 7935
f 7925 7937 7927
f 7925 7929 7937
f 7938 7929 7939
f 7938 7937 7929
f 7939 7940 7938
f 7941 7938 7940
f 7938 7942 7937
f 7941 7942 7938
f 7943 7932 7933
f 7944 7428 7467
f 7944 7467 7466
f 7934 7944 7466
f 7945 7934 7932
f 7913 7428 7944
f 7944 7934 7913
f 7934 7916 7913
f 7946 7916 7934
f 7945 7946 7934
f 7468 7947 7459
f 7947 7468 7576
f 7459 7948 7458
f 7458 7948 7949
f 7945 7932 7943
f 7950 7949 7948
f 7946 7945 7943
f 7948 7459 7947
f 7951 7952 7953
f 7946 7917 7916
f 7576 7954 7947
f 7955 7917 7946
f 7956 7955 7957
f 7958 7917 7955
f 7917 7958 7918
f 7958 7959 7918
f 7955 7956 7958
f 7955 7946 7952
f 7952 7946 7943
f 7950 7948 7960
f 7961 7948 7947
f 7961 7960 7948
f 7957 7955 7951
f 7951 7955 7952
f 7961 7962 7960
f 7963 7962 7961
f 7927 7937 7964
f 7943 7933 7927
f 7949 7935 7463
f 7964 7943 7927
f 7949 7950 7965
f 7966 7949 7965
f 7953 7943 7964
f 7966 7936 7935
f 7949 7966 7935
f 7966 7967 7936
f 7968 7967 7966
f 7941 7967 7968
f 7949 7463 7458
f 7960 7965 7950
f 7943 7953 7952
f 7969 7966 7965
f 7970 7951 7953
f 7970 7953 7971
f 7970 7971 7972
f 7964 7971 7953
f 7971 7964 7973
f 7973 7974 7971
f 7972 7974 7969
f 7971 7974 7972
f 7973 7964 7937
f 7942 7973 7937
f 7968 7942 7941
f 7968 7973 7942
f 7966 7969 7968
f 7969 7974 7973
f 7973 7968 7969
f 7969 7965 7960
f 7975 7969 7960
f 7975 7960 7962
f 7972 7969 7975
f 7970 7972 7975
f 7918 7959 7976
f 7977 7976 7959
f 7977 7959 7956
f 7978 7977 7979
f 7958 7956 7959
f 7957 7980 7956
f 7980 7981 7956
f 7979 7977 7956
f 7979 7956 7981
f 7981 7982 7979
f 7982 7981 7983
f 7980 7957 7951
f 7951 7970 7980
f 7984 7970 7975
f 7984 7980 7970
f 7981 7980 7984
f 7984 7962 7985
f 7985 7981 7984
f 7984 7975 7962
f 7985 7983 7981
f 6452 6707 6708
f 7471 7473 6707
f 6709 7471 6707
f 7471 7470 7473
f 6708 7473 7734
f 7734 7986 7735
f 7474 7986 7734
f 7734 7473 7470
f 7470 7474 7734
f 7735 7986 7741
f 7735 7741 7737
f 7474 7741 7986
f 7741 7477 7742
f 7476 7742 7477
f 7741 7474 7987
f 7472 7987 7474
f 7987 7477 7741
f 7471 6709 7469
f 6709 6461 6460
f 6460 7478 7469
f 7987 7472 7480
f 7472 7469 7480
f 7498 7987 7480
f 7481 7498 7480
f 7498 7481 7500
f 7987 7498 7477
f 7498 7475 7477
f 7493 7495 7494
f 7493 7988 7495
f 7509 7988 7493
f 7740 7742 7482
f 7482 7742 7476
f 7476 7485 7483
f 7476 7487 7485
f 7484 7763 7483
f 7485 7484 7483
f 7475 7487 7476
f 7486 7517 7484
f 7488 7517 7486
f 7491 7490 7484
f 7484 7489 7491
f 7492 7058 7490
f 7489 7484 7517
f 7496 7493 7489
f 7493 7496 7509
f 7505 7499 7500
f 7505 7503 7499
f 7509 7989 7988
f 7989 7550 7988
f 7506 7508 7513
f 7513 7989 7506
f 7989 7509 7506
f 7563 7989 7513
f 7487 7475 7488
f 7488 7499 7503
f 7517 7488 7503
f 7502 7517 7503
f 7517 7502 7504
f 6420 7519 6460
f 7519 7518 6460
f 7479 7478 7518
f 7479 7518 7527
f 7527 7518 7521
f 7295 7519 6420
f 7527 7522 7479
f 7524 7522 7527
f 7522 7523 7525
f 7521 7528 7527
f 7291 7870 7990
f 7874 7291 7990
f 7293 7991 7992
f 7293 7993 7870
f 7990 7870 7993
f 7993 7293 7992
f 7993 7992 7994
f 7993 7995 7990
f 7995 7993 7996
f 7526 7531 7997
f 7531 7881 7997
f 7882 7874 7990
f 7882 7990 7906
f 7906 7990 7998
f 7526 7999 7528
f 8000 7999 7526
f 7997 8000 7526
f 7997 7881 7901
f 7906 7998 8001
f 7906 8001 8002
f 8001 7998 8003
f 8001 8003 7997
f 8000 7997 8003
f 8004 8002 8001
f 8004 8001 7997
f 7901 8004 7997
f 7998 7990 7995
f 7995 8003 7998
f 7996 8005 7995
f 7995 8005 8006
f 7528 7999 7523
f 7999 7537 7523
f 8003 7999 8000
f 7999 8003 8007
f 8007 7537 7999
f 8007 8006 8005
f 7906 8002 8008
f 8008 8002 8004
f 7995 8009 8003
f 8010 7906 8008
f 8004 8011 8008
f 8010 8008 8011
f 8012 8011 8004
f 8013 8009 7995
f 8013 7995 8014
f 8010 8011 8014
f 8014 8011 8013
f 8013 8011 8012
f 8014 7995 8015
f 8015 7995 8006
f 8016 8014 8015
f 8016 8010 8014
f 8017 8007 8013
f 8013 8007 8009
f 8009 8007 8003
f 8012 8017 8013
f 8018 8015 8017
f 8017 8015 8007
f 8007 8015 8006
f 8016 8015 8018
f 8017 8019 8018
f 8020 7901 7896
f 7901 8020 8004
f 7908 7905 7906
f 8021 8004 8020
f 8022 8020 7904
f 7908 7906 8010
f 7909 7908 8016
f 8010 8016 7908
f 8021 8012 8004
f 8012 8021 8017
f 8022 8021 8020
f 7911 8023 8024
f 8021 8022 8025
f 8022 8026 8023
f 8023 8025 8022
f 8027 7307 7532
f 7532 8028 8027
f 7532 7305 7304
f 7541 7532 7303
f 8029 8028 7532
f 7541 8030 7532
f 8029 7532 8030
f 8031 8029 8030
f 7525 7534 7500
f 7534 7505 7500
f 7529 7534 7525
f 7535 7505 7534
f 7307 8027 7991
f 7992 7991 8027
f 7994 7992 8027
f 7293 7871 7991
f 7991 7871 7307
f 7994 8027 8028
f 8028 8029 7994
f 7993 7994 7996
f 7996 7994 8032
f 8032 7994 8029
f 7532 7307 7305
f 8031 8033 8029
f 8029 8034 8035
f 7533 8036 8037
f 7538 8038 7535
f 7534 7536 7538
f 8037 7536 7533
f 7536 8037 8039
f 8039 8038 7536
f 7538 7536 8038
f 8040 8039 8037
f 7310 7540 7541
f 7541 8031 8030
f 7541 7540 8031
f 7540 8041 8031
f 7244 7564 8042
f 7244 8042 7539
f 8042 7540 7539
f 8041 7540 8042
f 8042 8043 8044
f 8041 8042 8044
f 8043 8045 8044
f 8046 7515 7544
f 8047 8046 8048
f 7543 8046 7544
f 8048 8046 7543
f 8033 8031 8041
f 8034 8029 8033
f 8041 8049 8033
f 8049 8041 8044
f 8050 8033 8049
f 7511 7535 7542
f 7535 8038 7542
f 8051 7542 8038
f 8051 7543 7542
f 8048 7543 8051
f 8038 8039 8051
f 8052 8051 8039
f 8053 8047 8048
f 8052 8048 8051
f 8052 8053 8048
f 8054 8053 8052
f 8055 7996 8032
f 7537 8007 8036
f 8036 7533 7537
f 8019 8036 8007
f 8056 8007 8005
f 8056 8005 8055
f 8055 8005 7996
f 8019 8007 8056
f 8057 8037 8036
f 8019 8057 8036
f 8058 8057 8019
f 8016 8018 8055
f 8055 8018 8056
f 8018 8019 8056
f 8021 8019 8017
f 8058 8019 8021
f 8057 8040 8037
f 8029 8035 8032
f 8059 8032 8035
f 8040 8057 8058
f 8060 8035 8034
f 8059 8055 8032
f 8059 8035 8060
f 8052 8039 8040
f 8058 8052 8040
f 8061 8052 8058
f 8059 7909 8016
f 8059 8016 8055
f 7909 8059 8062
f 8025 8058 8021
f 8058 8025 8063
f 7911 7910 8023
f 7910 8064 8023
f 7910 7909 8062
f 7910 8062 8064
f 8025 8023 8065
f 8065 8023 8064
f 8064 8066 8065
f 8065 8063 8025
f 8059 8067 8062
f 8067 8059 8060
f 8066 8062 8067
f 8067 8068 8066
f 8063 8066 8068
f 8063 8068 8069
f 8064 8062 8066
f 8066 8063 8065
f 8058 8063 8061
f 8069 8061 8063
f 8060 8034 8070
f 8034 8033 8050
f 8050 8071 8034
f 8070 8034 8071
f 8072 8073 8074
f 8073 8072 8075
f 8061 8054 8052
f 8069 8054 8061
f 8073 8076 8069
f 8077 8054 8076
f 8076 8054 8069
f 8073 8075 8076
f 8073 8069 8068
f 8073 8068 8074
f 7545 7811 7495
f 7811 7545 7547
f 7811 7815 7075
f 7547 7815 7811
f 7815 7547 7813
f 8078 7813 7547
f 7495 7548 7545
f 7495 7988 7548
f 7550 7548 7988
f 8078 7546 7549
f 7560 7813 8078
f 8078 7547 7546
f 7570 7560 8078
f 7553 7555 7551
f 8079 6991 7552
f 8079 7551 7557
f 7557 7551 7555
f 7552 7551 8079
f 7082 7813 7553
f 7556 7553 7813
f 7556 7555 7553
f 7558 8079 7557
f 7554 7558 7557
f 7813 7560 7556
f 7492 7812 7056
f 7811 7492 7495
f 7492 7811 7812
f 7562 7549 7563
f 7563 7549 7550
f 7563 7550 7989
f 7570 8078 7549
f 7562 7570 7549
f 7561 7570 7562
f 7421 8080 7565
f 8043 7564 7565
f 8080 7421 7566
f 7429 7566 7420
f 8081 7566 7429
f 8080 7566 8081
f 7565 8080 8082
f 8082 8080 8083
f 8083 8080 8081
f 7575 7569 7572
f 7427 7914 7429
f 7554 7559 7558
f 7559 7554 7573
f 7573 7577 7559
f 8081 7429 8084
f 8084 7429 7914
f 7914 8085 8084
f 8085 8081 8084
f 7575 7577 7573
f 8086 8081 8085
f 8087 7575 7572
f 7914 7976 8085
f 7976 7914 7915
f 8088 7577 8087
f 8088 7954 7577
f 8089 8088 8087
f 7976 7915 7918
f 8090 8088 8089
f 8087 7577 7575
f 8079 7452 6991
f 7452 8079 7558
f 7954 7576 7577
f 7963 8088 8090
f 7963 7954 8088
f 8043 8042 7564
f 8082 8045 7565
f 8045 8043 7565
f 8083 8086 8082
f 8086 8083 8081
f 8091 8092 7572
f 8092 8091 8093
f 8045 8082 8086
f 8046 7568 7515
f 8046 8047 7568
f 8091 7568 8047
f 7568 8091 7572
f 7568 7572 7567
f 8044 8094 8049
f 8094 8044 8045
f 8094 8095 8096
f 8094 8096 8049
f 8045 8095 8094
f 8095 8045 8086
f 8095 8097 8096
f 8098 8095 8099
f 8098 8100 8101
f 8102 8101 8100
f 8091 8047 8053
f 8091 8053 8103
f 8053 8054 8077
f 8077 8103 8053
f 8091 8103 8093
f 8093 8103 8104
f 8105 8103 8077
f 8105 8104 8103
f 8102 8104 8105
f 8085 8106 8086
f 8106 8085 7976
f 8092 8087 7572
f 8087 8092 8093
f 8107 8087 8093
f 8086 8106 8108
f 7977 8108 8106
f 8106 7976 7977
f 8090 8089 8087
f 8107 8090 8087
f 8108 7977 7978
f 8109 7978 7979
f 7979 7982 8109
f 8110 8090 8107
f 8095 8086 8108
f 8104 8107 8093
f 8111 8107 8104
f 8104 8102 8111
f 8100 8111 8102
f 8098 8099 8100
f 8099 8112 8100
f 8111 8100 8112
f 8112 8113 8109
f 8112 8110 8111
f 7982 8112 8109
f 8110 8112 7982
f 8111 8110 8107
f 8071 8050 8049
f 8114 8097 8075
f 8075 8097 8101
f 8075 8101 8105
f 8075 8072 8114
f 8101 8102 8105
f 8095 8098 8097
f 8097 8098 8101
f 8075 8105 8076
f 8077 8076 8105
f 8110 7963 8090
f 7985 7962 7963
f 7985 7963 8110
f 7983 7985 7982
f 7982 7985 8110
f 6750 6700 7889
f 7889 8115 8116
f 7889 8116 6750
f 6754 6750 8116
f 6753 6754 8117
f 8117 6754 8116
f 8118 8116 8115
f 8117 8116 8118
f 8119 6701 6752
f 8119 7903 6701
f 8117 6752 6753
f 6752 8117 8119
f 8115 7889 7902
f 8115 7902 8120
f 7904 7903 8121
f 8122 8121 8119
f 8119 8121 7903
f 8122 8120 8121
f 8123 8120 7902
f 8123 8121 8120
f 8118 8122 8117
f 8117 8122 8119
f 8115 8120 8118
f 8118 8120 8122
f 7902 7893 7907
f 8124 7902 7907
f 8123 7902 8124
f 8121 8125 7904
f 8121 8123 8125
f 8124 8125 8123
f 7911 8124 7907
f 8124 7911 8125
f 8125 7911 8024
f 7896 7904 8020
f 8022 7904 8125
f 8125 8026 8022
f 8026 8125 8024
f 8024 8023 8026
f 7834 5958 5961
f 5960 7835 6018
f 6018 8126 5961
f 8126 6018 7835
f 7835 6020 8127
f 8127 8126 7835
f 8128 7836 7840
f 8128 7840 8129
f 8130 7836 8128
f 8131 8126 8132
f 8133 8132 8126
f 8129 8130 8128
f 8133 8130 8134
f 8134 8132 8133
f 8127 6020 7836
f 7836 8130 8127
f 8127 8133 8126
f 8133 8127 8130
f 8132 8135 8136
f 8132 8134 8135
f 7138 7844 8137
f 8137 7844 8138
f 8138 7844 7843
f 7136 8139 7843
f 8140 7138 8137
f 8141 7136 8142
f 7136 7144 8142
f 7144 7579 8142
f 7579 7139 8142
f 7139 7138 8142
f 7138 8141 8142
f 8139 7136 8141
f 7584 8141 7583
f 8141 7138 7583
f 8141 7584 8139
f 8140 7583 7138
f 8140 7145 7583
f 7129 7586 7395
f 7145 8143 7578
f 8144 7578 8143
f 8139 7584 7581
f 7145 7147 7146
f 7141 7581 7144
f 7141 8145 7581
f 7149 7585 7141
f 8145 7141 7585
f 8146 7581 8145
f 8147 8143 7145
f 8147 7145 8140
f 8146 8148 7581
f 8149 8143 8147
f 8149 8147 8150
f 8149 8144 8143
f 8151 8146 8152
f 8153 8154 8155
f 8151 8155 8154
f 8149 8156 8157
f 8158 8155 8152
f 8152 8155 8151
f 8156 8153 8159
f 8155 8159 8153
f 8159 8155 8158
f 8137 8138 7837
f 7837 8138 7838
f 7838 8138 7840
f 8138 7843 8139
f 8129 7840 8138
f 8140 8137 8160
f 8139 8129 8138
f 8139 8148 8129
f 8139 7581 8148
f 8130 8129 8161
f 8148 8161 8129
f 8130 8161 8162
f 8162 8161 8146
f 8146 8161 8148
f 8136 8135 8163
f 8163 8135 8134
f 8164 8163 8134
f 8163 8164 8150
f 8162 8134 8130
f 8164 8134 8162
f 8150 8164 8154
f 8151 8162 8146
f 8162 8151 8164
f 8154 8164 8151
f 8158 8156 8159
f 7919 7395 7586
f 7921 7919 7586
f 7923 7586 7578
f 7921 7586 7923
f 7587 7585 7152
f 8145 7585 7587
f 7923 7578 8144
f 8146 8145 8165
f 8145 7587 8165
f 7449 7588 7153
f 7930 7923 8144
f 7922 7923 7930
f 7587 7588 8165
f 8165 7588 7936
f 7930 8144 8149
f 8157 7930 8149
f 8166 7930 8157
f 8152 8146 8165
f 8152 8165 8167
f 8158 8152 8167
f 8158 8167 8168
f 7922 7930 7925
f 7930 8166 7929
f 7936 7588 7928
f 8167 8165 7936
f 7929 8166 8169
f 8169 8157 8170
f 8166 8157 8169
f 8170 8168 8171
f 8169 8170 8171
f 8169 8171 7939
f 8158 8170 8156
f 8157 8156 8170
f 8170 8158 8168
f 8168 8167 7936
f 8168 7936 7967
f 8168 8172 8171
f 8172 8168 7967
f 8171 7940 7939
f 8172 7940 8171
f 8172 7941 7940
f 7941 8172 7967
f 7058 7765 7760
f 7791 7768 7064
f 7779 7768 7791
f 7794 7795 7796
f 7797 7783 7799
f 7783 7809 7799
f 7797 7799 7790
f 7807 7796 7795
f 7829 7826 7832
f 7828 7833 7839
f 7954 7963 7947
f 7963 7961 7947
f 8074 8060 8070
f 8072 8074 8070
f 8072 8070 8071
f 8071 8114 8072
f 8067 8060 8068
f 8068 8060 8074
f 8108 8099 8095
f 8108 8113 8099
f 8112 8099 8113
f 7978 8113 8108
f 8109 8113 7978
f 8096 8071 8049
f 8114 8071 8096
f 8114 8096 8097
f 5961 8131 7834
f 5961 8126 8131
f 8160 7837 7833
f 7834 8160 7833
f 8173 8160 7834
f 8173 7834 8131
f 8160 8137 7837
f 8132 8173 8131
f 8173 8136 8160
f 8173 8132 8136
f 8147 8140 8150
f 8153 8150 8154
f 8149 8150 8153
f 8153 8156 8149
f 8136 8140 8160
f 8163 8140 8136
f 8163 8150 8140
f 8169 7939 7929
