label,variant,seed,attempt,success,pgc,conditions,unmet,hc_violations,planner_calls,planner_time_s,trial_time_s,termination_reason
holo2-8b,FINAL.G0,0,1,0,0.3333,3,2,0,10,105.85,225.9,plan_completed
holo2-8b,FINAL.G0,1,1,0,0.6667,3,1,0,1,4.95,78.6,plan_completed
holo2-8b,FINAL.G0,2,1,0,0.0,3,3,0,11,143.09,239.32,replan_budget_exhausted
holo2-8b,FINAL.G0,3,1,0,0.0,3,3,0,11,194.7,232.26,replan_budget_exhausted
holo2-8b,FINAL.G0,4,1,0,0.3333,3,2,0,11,142.79,281.62,replan_budget_exhausted
holo2-8b,FINAL.G0,5,1,0,0.3333,3,2,0,11,101.5,182.2,replan_budget_exhausted
holo2-8b,FINAL.G0,6,1,0,0.0,3,3,0,11,137.15,175.8,replan_budget_exhausted
holo2-8b,FINAL.G0,7,1,0,0.6667,3,1,0,1,4.24,80.97,plan_completed
holo2-8b,FINAL.G0,8,1,0,0.6667,3,1,0,1,6.05,83.02,plan_completed
holo2-8b,FINAL.G0,9,1,0,0.0,3,3,0,11,60.15,103.67,replan_budget_exhausted
holo2-8b,FINAL.G1,0,1,0,0.8571,7,1,0,2,5.81,102.17,plan_completed
holo2-8b,FINAL.G1,1,1,0,0.2857,7,5,0,11,212.21,257.16,replan_budget_exhausted
holo2-8b,FINAL.G1,2,1,0,0.5714,7,3,0,11,215.3,345.2,replan_budget_exhausted
holo2-8b,FINAL.G1,3,1,0,0.2857,7,5,0,11,73.6,118.41,replan_budget_exhausted
holo2-8b,FINAL.G1,4,1,0,0.4286,7,4,0,11,125.36,184.19,replan_budget_exhausted
holo2-8b,FINAL.G1,5,1,0,0.8571,7,1,0,10,171.5,268.08,plan_completed
holo2-8b,FINAL.G1,6,1,0,0.2857,7,5,0,11,432.69,480.59,replan_budget_exhausted
holo2-8b,FINAL.G1,7,1,0,0.8571,7,1,0,4,15.82,108.12,plan_completed
holo2-8b,FINAL.G1,8,1,0,0.4286,7,4,0,11,515.06,595.85,replan_budget_exhausted
holo2-8b,FINAL.G1,9,1,0,0.5714,7,3,0,11,84.11,167.23,replan_budget_exhausted
holo2-8b,FINAL.G1-n1,0,1,0,0.2,5,4,0,11,162.8,215.92,replan_budget_exhausted
holo2-8b,FINAL.G1-n1,1,1,0,0.6,5,2,1,11,159.39,239.7,replan_budget_exhausted
holo2-8b,FINAL.G1-n1,2,1,0,0.4,5,3,0,11,66.56,166.91,replan_budget_exhausted
holo2-8b,FINAL.G1-n1,3,1,0,0.4,5,3,0,11,179.24,278.01,replan_budget_exhausted
holo2-8b,FINAL.G1-n1,4,1,0,0.8,5,1,0,7,85.66,151.0,plan_completed
holo2-8b,FINAL.G1-n1,5,1,0,0.2,5,4,0,11,48.68,106.33,replan_budget_exhausted
holo2-8b,FINAL.G1-n1,6,1,0,0.4,5,3,0,11,34.26,90.64,replan_budget_exhausted
holo2-8b,FINAL.G1-n1,7,1,1,1.0,5,0,0,7,31.92,146.74,plan_completed
holo2-8b,FINAL.G1-n1,8,1,0,0.2,5,4,0,11,83.89,129.33,replan_budget_exhausted
holo2-8b,FINAL.G1-n1,9,1,0,0.2,5,4,0,11,52.09,90.23,replan_budget_exhausted
holo2-8b,FINAL.G2,0,1,0,0.5714,7,3,0,11,94.92,183.76,replan_budget_exhausted
holo2-8b,FINAL.G2,1,1,0,0.8571,7,1,0,6,88.6,182.57,plan_completed
holo2-8b,FINAL.G2,2,1,0,0.2857,7,5,0,11,161.38,255.59,replan_budget_exhausted
holo2-8b,FINAL.G2,3,1,0,0.4286,7,4,0,11,80.02,238.12,plan_completed
holo2-8b,FINAL.G2,4,1,0,0.2857,7,5,0,11,159.99,217.4,replan_budget_exhausted
holo2-8b,FINAL.G2,5,1,0,0.1429,7,6,0,11,129.77,172.78,replan_budget_exhausted
holo2-8b,FINAL.G2,6,1,0,0.1429,7,6,0,11,120.4,160.71,replan_budget_exhausted
holo2-8b,FINAL.G2,7,1,0,0.1429,7,6,0,11,156.59,197.25,replan_budget_exhausted
holo2-8b,FINAL.G2,8,1,0,0.2857,7,5,0,11,153.39,208.65,replan_budget_exhausted
holo2-8b,FINAL.G2,9,1,0,0.1429,7,6,1,11,135.07,186.87,replan_budget_exhausted
holo2-8b,FINAL.G3,0,1,0,0.2857,7,5,0,11,188.49,317.62,replan_budget_exhausted
holo2-8b,FINAL.G3,1,1,0,0.2857,7,5,0,11,143.48,217.57,replan_budget_exhausted
holo2-8b,FINAL.G3,2,1,0,0.4286,7,4,0,11,156.13,221.46,replan_budget_exhausted
holo2-8b,FINAL.G3,3,1,0,0.5714,7,3,0,10,95.2,180.44,plan_completed
holo2-8b,FINAL.G3,4,1,0,0.4286,7,4,0,11,123.4,189.88,replan_budget_exhausted
holo2-8b,FINAL.G3,5,1,0,0.1429,7,6,0,11,112.45,160.34,replan_budget_exhausted
holo2-8b,FINAL.G3,6,1,0,0.1429,7,6,0,11,100.68,159.97,replan_budget_exhausted
holo2-8b,FINAL.G3,7,1,0,0.2857,7,5,0,11,195.45,257.65,replan_budget_exhausted
holo2-8b,FINAL.G3,8,1,0,0.0,7,7,0,11,84.65,121.42,replan_budget_exhausted
holo2-8b,FINAL.G3,9,1,0,0.1429,7,6,0,11,242.76,288.05,replan_budget_exhausted
holo2-8b,FINAL.K0,0,1,0,0.2,5,4,0,11,94.38,124.06,replan_budget_exhausted
holo2-8b,FINAL.K0,1,1,0,0.0,5,5,0,11,179.83,199.14,replan_budget_exhausted
holo2-8b,FINAL.K0,2,1,1,1.0,5,0,0,6,64.53,154.07,plan_completed
holo2-8b,FINAL.K0,3,1,1,1.0,5,0,0,5,86.8,164.51,plan_completed
holo2-8b,FINAL.K0,4,1,1,1.0,5,0,0,8,144.95,223.3,plan_completed
holo2-8b,FINAL.K0,5,1,0,0.8,5,1,0,11,217.99,305.96,replan_budget_exhausted
holo2-8b,FINAL.K0,6,1,1,1.0,5,0,0,5,85.24,165.07,plan_completed
holo2-8b,FINAL.K0,7,1,0,0.0,5,5,0,5,30.59,32.25,replan_loop
holo2-8b,FINAL.K0,8,1,1,1.0,5,0,0,8,66.37,186.94,plan_completed
holo2-8b,FINAL.K0,9,1,0,0.2,5,4,0,11,228.52,261.74,replan_budget_exhausted
holo2-8b,FINAL.K1,0,1,0,0.1667,6,5,1,11,116.12,155.0,replan_budget_exhausted
holo2-8b,FINAL.K1,1,1,0,0.1667,6,5,1,11,121.92,157.83,replan_budget_exhausted
holo2-8b,FINAL.K1,2,1,0,0.1667,6,5,1,11,70.02,108.76,replan_budget_exhausted
holo2-8b,FINAL.K1,3,1,0,0.0,6,6,1,11,181.18,208.03,replan_budget_exhausted
holo2-8b,FINAL.K1,4,1,0,0.0,6,6,1,11,144.69,179.21,replan_budget_exhausted
holo2-8b,FINAL.K1,5,1,0,0.3333,6,4,1,11,201.33,248.96,replan_budget_exhausted
holo2-8b,FINAL.K1,6,1,0,0.1667,6,5,1,8,99.73,119.58,replan_loop
holo2-8b,FINAL.K1,7,1,0,0.0,6,6,1,9,156.22,158.65,replan_loop
holo2-8b,FINAL.K1,8,1,1,1.0,6,0,0,7,52.39,169.61,plan_completed
holo2-8b,FINAL.K1,9,1,0,0.1667,6,5,1,9,59.07,89.02,replan_loop
holo2-8b,FINAL.K1-w1,0,1,0,0.0,7,7,1,11,68.12,91.58,replan_budget_exhausted
holo2-8b,FINAL.K1-w1,1,1,0,0.0,7,7,1,11,63.6,87.86,replan_budget_exhausted
holo2-8b,FINAL.K1-w1,2,1,0,0.0,7,7,1,11,131.3,154.61,replan_budget_exhausted
holo2-8b,FINAL.K1-w1,3,1,0,0.0,7,7,1,11,164.33,185.73,replan_budget_exhausted
holo2-8b,FINAL.K1-w1,4,1,0,0.1429,7,6,1,11,124.42,175.85,replan_budget_exhausted
holo2-8b,FINAL.K1-w1,5,1,0,0.1429,7,6,1,11,76.56,117.25,replan_budget_exhausted
holo2-8b,FINAL.K1-w1,6,1,1,1.0,7,0,0,9,107.11,225.89,plan_completed
holo2-8b,FINAL.K1-w1,7,1,0,0.0,7,7,1,11,154.35,192.28,replan_budget_exhausted
holo2-8b,FINAL.K1-w1,8,1,0,0.0,7,7,1,11,111.73,122.99,replan_budget_exhausted
holo2-8b,FINAL.K1-w1,9,1,0,0.0,7,7,1,11,99.99,123.91,replan_budget_exhausted
holo2-8b,FINAL.K1-w2,0,1,0,0.0,8,8,1,11,121.43,146.86,replan_budget_exhausted
holo2-8b,FINAL.K1-w2,1,1,0,0.0,8,8,1,10,111.7,122.1,replan_loop
holo2-8b,FINAL.K1-w2,2,1,0,0.0,8,8,1,11,129.16,140.11,replan_budget_exhausted
holo2-8b,FINAL.K1-w2,3,1,1,1.0,8,0,0,8,121.44,270.98,plan_completed
holo2-8b,FINAL.K1-w2,4,1,0,0.0,8,8,1,11,340.33,363.8,replan_budget_exhausted
holo2-8b,FINAL.K1-w2,5,1,0,0.125,8,7,1,11,152.2,181.0,replan_budget_exhausted
holo2-8b,FINAL.K1-w2,6,1,1,1.0,8,0,0,10,166.08,318.31,plan_completed
holo2-8b,FINAL.K1-w2,7,1,1,1.0,8,0,0,3,92.48,260.79,plan_completed
holo2-8b,FINAL.K1-w2,8,1,1,1.0,8,0,0,7,183.39,316.66,plan_completed
holo2-8b,FINAL.K1-w2,9,1,0,0.0,8,8,1,11,198.97,227.57,replan_budget_exhausted
holo2-8b,FINAL.K2,0,1,1,1.0,6,0,0,3,59.61,134.67,plan_completed
holo2-8b,FINAL.K2,1,1,0,0.1667,6,5,0,11,147.11,156.85,replan_budget_exhausted
holo2-8b,FINAL.K2,2,1,0,0.1667,6,5,0,11,232.65,250.4,replan_budget_exhausted
holo2-8b,FINAL.K2,3,1,0,0.1667,6,5,0,7,176.57,184.62,replan_loop
holo2-8b,FINAL.K2,4,1,0,0.1667,6,5,0,11,163.09,172.64,replan_budget_exhausted
holo2-8b,FINAL.K2,5,1,1,1.0,6,0,0,9,99.91,177.35,plan_completed
holo2-8b,FINAL.K2,6,1,0,0.1667,6,5,0,8,149.34,151.54,replan_loop
holo2-8b,FINAL.K2,7,1,0,0.6667,6,2,0,11,128.59,199.12,replan_budget_exhausted
holo2-8b,FINAL.K2,8,1,0,0.3333,6,4,0,11,138.97,202.12,replan_budget_exhausted
holo2-8b,FINAL.K2,9,1,0,0.3333,6,4,0,11,213.84,244.69,replan_budget_exhausted
holo2-8b,FINAL.K3,0,1,1,1.0,6,0,0,11,150.37,252.97,plan_completed
holo2-8b,FINAL.K3,1,1,1,1.0,6,0,0,11,99.54,199.53,plan_completed
holo2-8b,FINAL.K3,2,1,0,0.6667,6,2,0,11,124.7,232.53,replan_budget_exhausted
holo2-8b,FINAL.K3,3,1,0,0.1667,6,5,0,11,143.82,195.05,replan_budget_exhausted
holo2-8b,FINAL.K3,4,1,0,0.0,6,6,1,11,158.44,205.01,replan_budget_exhausted
holo2-8b,FINAL.K3,5,1,1,1.0,6,0,0,8,142.84,244.14,plan_completed
holo2-8b,FINAL.K3,6,1,0,0.0,6,6,1,11,112.66,134.5,replan_budget_exhausted
holo2-8b,FINAL.K3,7,1,1,1.0,6,0,0,5,66.56,176.14,plan_completed
holo2-8b,FINAL.K3,8,1,0,0.3333,6,4,1,11,93.36,150.29,replan_budget_exhausted
holo2-8b,FINAL.K3,9,1,0,0.0,6,6,1,11,121.5,142.45,replan_budget_exhausted
holo2-8b,FINAL.K3-n2,0,1,0,0.2857,7,5,0,11,177.24,252.12,replan_budget_exhausted
holo2-8b,FINAL.K3-n2,1,1,0,0.2857,7,5,2,11,180.82,236.36,replan_budget_exhausted
holo2-8b,FINAL.K3-n2,2,1,0,0.0,7,7,2,11,195.52,220.34,replan_budget_exhausted
holo2-8b,FINAL.K3-n2,3,1,0,0.0,7,7,2,11,220.31,243.42,replan_budget_exhausted
holo2-8b,FINAL.K3-n2,4,1,1,1.0,7,0,0,8,59.8,184.88,plan_completed
holo2-8b,FINAL.K3-n2,5,1,0,0.0,7,7,2,11,190.81,221.99,replan_budget_exhausted
holo2-8b,FINAL.K3-n2,6,1,1,1.0,7,0,0,7,91.88,209.47,plan_completed
holo2-8b,FINAL.K3-n2,7,1,1,1.0,7,0,0,9,85.2,224.3,plan_completed
holo2-8b,FINAL.K3-n2,8,1,0,0.4286,7,4,0,11,161.0,227.18,replan_budget_exhausted
holo2-8b,FINAL.K3-n2,9,1,0,0.0,7,7,2,11,110.56,133.09,replan_budget_exhausted
holo2-8b,FINAL.K3-n3,0,1,1,1.0,8,0,0,6,118.46,276.85,plan_completed
holo2-8b,FINAL.K3-n3,1,1,0,0.25,8,6,1,11,247.64,317.44,replan_budget_exhausted
holo2-8b,FINAL.K3-n3,2,1,0,0.0,8,8,3,11,95.17,121.13,replan_budget_exhausted
holo2-8b,FINAL.K3-n3,3,1,1,1.0,8,0,0,3,117.79,267.24,plan_completed
holo2-8b,FINAL.K3-n3,4,1,0,0.0,8,8,3,11,181.35,206.13,replan_budget_exhausted
holo2-8b,FINAL.K3-n3,5,1,1,1.0,8,0,0,7,149.67,310.78,plan_completed
holo2-8b,FINAL.K3-n3,6,1,1,1.0,8,0,0,7,150.18,302.52,plan_completed
holo2-8b,FINAL.K3-n3,7,1,0,0.5,8,4,1,11,214.46,312.44,replan_budget_exhausted
holo2-8b,FINAL.K3-n3,8,1,0,0.0,8,8,3,11,171.8,190.01,replan_budget_exhausted
holo2-8b,FINAL.K3-n3,9,1,0,0.125,8,7,2,11,128.17,168.13,replan_budget_exhausted
holo2-8b,FINAL.K4,0,1,1,1.0,6,0,0,11,119.79,236.68,plan_completed
holo2-8b,FINAL.K4,1,1,0,0.3333,6,4,0,11,157.15,239.82,replan_budget_exhausted
holo2-8b,FINAL.K4,2,1,0,0.8333,6,1,0,11,156.41,249.97,plan_completed
holo2-8b,FINAL.K4,3,1,1,1.0,6,0,0,7,66.45,168.21,plan_completed
holo2-8b,FINAL.K4,4,1,0,0.1667,6,5,0,11,428.58,496.89,replan_budget_exhausted
holo2-8b,FINAL.K4,5,1,1,1.0,6,0,0,9,124.6,202.22,plan_completed
holo2-8b,FINAL.K4,6,1,0,0.0,6,6,0,8,83.78,93.27,replan_loop
holo2-8b,FINAL.K4,7,1,1,1.0,6,0,0,7,188.77,303.31,plan_completed
holo2-8b,FINAL.K4,8,1,0,0.1667,6,5,0,11,203.18,231.44,replan_budget_exhausted
holo2-8b,FINAL.K4,9,1,0,0.0,6,6,0,10,168.46,177.56,replan_loop
llama-3.1-8b-instruct,FINAL.G0,0,1,0,0.0,3,3,0,11,24.51,61.84,replan_budget_exhausted
llama-3.1-8b-instruct,FINAL.G0,1,1,0,0.3333,3,2,0,11,24.09,68.13,replan_budget_exhausted
llama-3.1-8b-instruct,FINAL.G0,2,1,0,0.0,3,3,0,11,441.44,484.07,replan_budget_exhausted
llama-3.1-8b-instruct,FINAL.G0,3,1,0,0.0,3,3,0,11,61.4,104.7,replan_budget_exhausted
llama-3.1-8b-instruct,FINAL.G0,4,1,0,0.0,3,3,0,11,71.65,76.86,replan_budget_exhausted
llama-3.1-8b-instruct,FINAL.G0,5,1,0,0.6667,3,1,0,11,44.02,90.28,replan_budget_exhausted
llama-3.1-8b-instruct,FINAL.G0,6,1,0,0.3333,3,2,0,11,42.65,83.37,replan_budget_exhausted
llama-3.1-8b-instruct,FINAL.G0,7,1,0,0.3333,3,2,0,11,41.87,85.52,replan_budget_exhausted
llama-3.1-8b-instruct,FINAL.G0,8,1,0,0.3333,3,2,0,11,25.55,79.16,replan_budget_exhausted
llama-3.1-8b-instruct,FINAL.G0,9,1,0,0.0,3,3,0,11,185.29,230.18,replan_budget_exhausted
llama-3.1-8b-instruct,FINAL.G1,0,1,0,0.2857,7,5,0,11,371.02,397.86,replan_budget_exhausted
llama-3.1-8b-instruct,FINAL.G1,1,1,0,0.2857,7,5,0,10,30.86,61.69,replan_loop
llama-3.1-8b-instruct,FINAL.G1,2,1,0,0.2857,7,5,0,11,803.21,837.49,replan_budget_exhausted
llama-3.1-8b-instruct,FINAL.G1,3,1,0,0.4286,7,4,0,11,60.01,101.53,replan_budget_exhausted
llama-3.1-8b-instruct,FINAL.G1,4,1,0,0.2857,7,5,0,11,384.28,414.06,replan_budget_exhausted
llama-3.1-8b-instruct,FINAL.G1,5,1,0,0.2857,7,5,0,10,41.99,74.1,replan_loop
llama-3.1-8b-instruct,FINAL.G1,6,1,0,0.2857,7,5,0,11,58.92,60.81,replan_budget_exhausted
llama-3.1-8b-instruct,FINAL.G1,7,1,0,0.2857,7,5,0,11,27.89,66.79,replan_budget_exhausted
llama-3.1-8b-instruct,FINAL.G1,8,1,0,0.2857,7,5,0,11,44.89,83.29,replan_loop
llama-3.1-8b-instruct,FINAL.G1,9,1,0,0.2857,7,5,0,7,21.92,57.09,replan_loop
llama-3.1-8b-instruct,FINAL.G1-n1,0,1,0,0.2,5,4,0,11,396.16,397.85,replan_budget_exhausted
llama-3.1-8b-instruct,FINAL.G1-n1,1,1,0,0.2,5,4,0,11,809.34,847.01,replan_budget_exhausted
llama-3.1-8b-instruct,FINAL.G1-n1,2,1,0,0.2,5,4,0,11,36.4,69.67,replan_budget_exhausted
llama-3.1-8b-instruct,FINAL.G1-n1,3,1,0,0.4,5,3,0,11,37.6,70.98,replan_budget_exhausted
llama-3.1-8b-instruct,FINAL.G1-n1,4,1,0,0.2,5,4,0,11,34.52,67.83,replan_budget_exhausted
llama-3.1-8b-instruct,FINAL.G1-n1,5,1,0,0.2,5,4,0,11,448.95,450.7,replan_budget_exhausted
llama-3.1-8b-instruct,FINAL.G1-n1,6,1,0,0.2,5,4,0,11,34.55,67.83,replan_budget_exhausted
llama-3.1-8b-instruct,FINAL.G1-n1,7,1,0,0.2,5,4,0,11,29.91,67.92,replan_budget_exhausted
llama-3.1-8b-instruct,FINAL.G1-n1,8,1,0,0.2,5,4,0,8,19.68,56.22,replan_loop
llama-3.1-8b-instruct,FINAL.G1-n1,9,1,0,0.2,5,4,0,11,35.45,70.18,replan_budget_exhausted
llama-3.1-8b-instruct,FINAL.G2,0,1,0,0.1429,7,6,0,11,31.53,58.25,replan_budget_exhausted
llama-3.1-8b-instruct,FINAL.G2,1,1,0,0.1429,7,6,0,11,430.67,463.6,replan_loop
llama-3.1-8b-instruct,FINAL.G2,2,1,0,0.1429,7,6,0,11,49.34,82.41,replan_budget_exhausted
llama-3.1-8b-instruct,FINAL.G2,3,1,0,0.1429,7,6,0,11,74.77,76.63,replan_budget_exhausted
llama-3.1-8b-instruct,FINAL.G2,4,1,0,0.4286,7,4,0,11,53.52,114.28,replan_budget_exhausted
llama-3.1-8b-instruct,FINAL.G2,5,1,0,0.1429,7,6,0,11,433.38,467.22,replan_budget_exhausted
llama-3.1-8b-instruct,FINAL.G2,6,1,0,0.1429,7,6,0,11,55.95,106.87,replan_budget_exhausted
llama-3.1-8b-instruct,FINAL.G2,7,1,0,0.1429,7,6,0,11,42.85,82.03,replan_budget_exhausted
llama-3.1-8b-instruct,FINAL.G2,8,1,0,0.1429,7,6,0,11,381.61,422.42,replan_budget_exhausted
llama-3.1-8b-instruct,FINAL.G2,9,1,0,0.4286,7,4,0,11,48.96,100.35,replan_budget_exhausted
llama-3.1-8b-instruct,FINAL.G3,0,1,0,0.0,7,7,0,11,34.12,61.1,replan_budget_exhausted
llama-3.1-8b-instruct,FINAL.G3,1,1,0,0.0,7,7,0,11,443.91,471.96,replan_budget_exhausted
llama-3.1-8b-instruct,FINAL.G3,2,1,0,0.0,7,7,0,11,50.88,82.79,replan_budget_exhausted
llama-3.1-8b-instruct,FINAL.G3,3,1,0,0.0,7,7,0,11,412.43,448.8,replan_budget_exhausted
llama-3.1-8b-instruct,FINAL.G3,4,1,0,0.0,7,7,0,11,1126.61,1154.93,replan_budget_exhausted
llama-3.1-8b-instruct,FINAL.G3,5,1,0,0.0,7,7,0,11,46.98,81.67,replan_budget_exhausted
llama-3.1-8b-instruct,FINAL.G3,6,1,0,0.0,7,7,0,11,34.38,69.07,replan_budget_exhausted
llama-3.1-8b-instruct,FINAL.G3,7,1,0,0.0,7,7,0,11,27.41,66.5,replan_budget_exhausted
llama-3.1-8b-instruct,FINAL.G3,8,1,0,0.1429,7,6,0,11,40.01,79.47,replan_budget_exhausted
llama-3.1-8b-instruct,FINAL.G3,9,1,0,0.0,7,7,0,11,46.36,83.0,replan_budget_exhausted
llama-3.1-8b-instruct,FINAL.K0,0,1,0,0.4,5,3,0,11,44.71,76.71,replan_budget_exhausted
llama-3.1-8b-instruct,FINAL.K0,1,1,1,1.0,5,0,0,2,7.56,70.63,plan_completed
llama-3.1-8b-instruct,FINAL.K0,2,1,0,0.0,5,5,0,11,427.72,442.06,replan_budget_exhausted
llama-3.1-8b-instruct,FINAL.K0,3,1,0,0.0,5,5,0,11,67.66,69.83,replan_budget_exhausted
llama-3.1-8b-instruct,FINAL.K0,4,1,0,0.4,5,3,0,11,49.35,89.45,replan_budget_exhausted
llama-3.1-8b-instruct,FINAL.K0,5,1,0,0.4,5,3,0,11,45.03,97.34,replan_budget_exhausted
llama-3.1-8b-instruct,FINAL.K0,6,1,0,0.0,5,5,0,11,34.86,49.3,replan_budget_exhausted
llama-3.1-8b-instruct,FINAL.K0,7,1,0,0.0,5,5,0,11,59.29,67.52,replan_budget_exhausted
llama-3.1-8b-instruct,FINAL.K0,8,1,0,0.8,5,1,0,11,38.08,117.45,replan_budget_exhausted
llama-3.1-8b-instruct,FINAL.K0,9,1,0,0.0,5,5,0,11,35.17,51.83,replan_budget_exhausted
llama-3.1-8b-instruct,FINAL.K1,0,1,0,0.0,6,6,1,11,26.53,45.11,replan_budget_exhausted
llama-3.1-8b-instruct,FINAL.K1,1,1,0,0.0,6,6,1,11,430.95,438.94,replan_budget_exhausted
llama-3.1-8b-instruct,FINAL.K1,2,1,0,0.0,6,6,1,11,51.53,66.53,replan_budget_exhausted
llama-3.1-8b-instruct,FINAL.K1,3,1,0,0.1667,6,5,1,11,42.29,70.3,replan_budget_exhausted
llama-3.1-8b-instruct,FINAL.K1,4,1,0,0.0,6,6,1,11,56.15,64.25,replan_budget_exhausted
llama-3.1-8b-instruct,FINAL.K1,5,1,0,0.0,6,6,1,11,431.18,449.47,replan_budget_exhausted
llama-3.1-8b-instruct,FINAL.K1,6,1,0,0.0,6,6,1,11,37.65,56.07,replan_budget_exhausted
llama-3.1-8b-instruct,FINAL.K1,7,1,0,0.0,6,6,1,11,60.32,80.22,replan_budget_exhausted
llama-3.1-8b-instruct,FINAL.K1,8,1,0,0.0,6,6,1,11,46.75,89.81,replan_budget_exhausted
llama-3.1-8b-instruct,FINAL.K1,9,1,0,0.0,6,6,1,11,67.76,85.62,replan_budget_exhausted
llama-3.1-8b-instruct,FINAL.K1-w1,0,1,0,0.1429,7,6,1,11,24.13,59.05,replan_budget_exhausted
llama-3.1-8b-instruct,FINAL.K1-w1,1,1,0,0.0,7,7,1,11,51.16,69.96,replan_budget_exhausted
llama-3.1-8b-instruct,FINAL.K1-w1,2,1,0,0.0,7,7,1,11,426.34,449.23,replan_budget_exhausted
llama-3.1-8b-instruct,FINAL.K1-w1,3,1,0,0.0,7,7,1,11,39.51,67.05,replan_budget_exhausted
llama-3.1-8b-instruct,FINAL.K1-w1,4,1,0,0.0,7,7,1,11,814.9,831.08,replan_budget_exhausted
llama-3.1-8b-instruct,FINAL.K1-w1,5,1,0,0.0,7,7,1,11,70.46,90.14,replan_budget_exhausted
llama-3.1-8b-instruct,FINAL.K1-w1,6,1,0,0.0,7,7,1,11,61.68,70.95,replan_budget_exhausted
llama-3.1-8b-instruct,FINAL.K1-w1,7,1,0,0.0,7,7,1,11,351.85,353.93,replan_budget_exhausted
llama-3.1-8b-instruct,FINAL.K1-w1,8,1,0,0.0,7,7,1,11,51.72,92.59,replan_budget_exhausted
llama-3.1-8b-instruct,FINAL.K1-w1,9,1,0,0.0,7,7,1,11,27.2,51.42,replan_budget_exhausted
llama-3.1-8b-instruct,FINAL.K1-w2,0,1,0,0.0,8,8,1,11,63.61,72.86,replan_budget_exhausted
llama-3.1-8b-instruct,FINAL.K1-w2,1,1,0,0.0,8,8,1,11,33.53,53.39,replan_budget_exhausted
llama-3.1-8b-instruct,FINAL.K1-w2,2,1,0,0.125,8,7,1,11,59.35,96.44,replan_budget_exhausted
llama-3.1-8b-instruct,FINAL.K1-w2,3,1,0,0.0,8,8,1,11,66.51,104.05,replan_budget_exhausted
llama-3.1-8b-instruct,FINAL.K1-w2,4,1,0,0.0,8,8,1,11,65.33,67.68,replan_budget_exhausted
llama-3.1-8b-instruct,FINAL.K1-w2,5,1,0,0.0,8,8,1,11,428.48,445.84,replan_budget_exhausted
llama-3.1-8b-instruct,FINAL.K1-w2,6,1,0,0.0,8,8,1,11,38.05,59.53,replan_budget_exhausted
llama-3.1-8b-instruct,FINAL.K1-w2,7,1,0,0.0,8,8,1,11,31.33,59.78,replan_budget_exhausted
llama-3.1-8b-instruct,FINAL.K1-w2,8,1,0,0.0,8,8,1,11,45.11,68.41,replan_budget_exhausted
llama-3.1-8b-instruct,FINAL.K1-w2,9,1,0,0.0,8,8,1,11,72.3,74.32,replan_budget_exhausted
llama-3.1-8b-instruct,FINAL.K2,0,1,0,0.1667,6,5,0,11,38.03,46.12,replan_budget_exhausted
llama-3.1-8b-instruct,FINAL.K2,1,1,1,1.0,6,0,0,9,39.57,113.35,plan_completed
llama-3.1-8b-instruct,FINAL.K2,2,1,1,1.0,6,0,0,5,27.8,103.5,plan_completed
llama-3.1-8b-instruct,FINAL.K2,3,1,0,0.1667,6,5,0,11,53.57,71.98,replan_budget_exhausted
llama-3.1-8b-instruct,FINAL.K2,4,1,0,0.1667,6,5,0,11,62.82,79.54,replan_budget_exhausted
llama-3.1-8b-instruct,FINAL.K2,5,1,0,0.6667,6,2,0,11,34.2,95.67,replan_budget_exhausted
llama-3.1-8b-instruct,FINAL.K2,6,1,1,1.0,6,0,0,3,17.62,91.7,plan_completed
llama-3.1-8b-instruct,FINAL.K2,7,1,1,1.0,6,0,0,9,45.99,134.51,plan_completed
llama-3.1-8b-instruct,FINAL.K2,8,1,0,0.1667,6,5,0,11,34.99,50.47,replan_budget_exhausted
llama-3.1-8b-instruct,FINAL.K2,9,1,1,1.0,6,0,0,4,20.73,98.99,plan_completed
llama-3.1-8b-instruct,FINAL.K3,0,1,0,0.0,6,6,1,11,39.72,47.92,replan_budget_exhausted
llama-3.1-8b-instruct,FINAL.K3,1,1,0,0.0,6,6,1,11,29.93,45.65,replan_budget_exhausted
llama-3.1-8b-instruct,FINAL.K3,2,1,0,0.0,6,6,1,11,63.58,85.41,replan_budget_exhausted
llama-3.1-8b-instruct,FINAL.K3,3,1,0,0.0,6,6,1,11,53.52,55.06,replan_budget_exhausted
llama-3.1-8b-instruct,FINAL.K3,4,1,0,0.0,6,6,1,11,59.14,82.67,replan_budget_exhausted
llama-3.1-8b-instruct,FINAL.K3,5,1,0,0.0,6,6,1,11,45.28,67.7,replan_budget_exhausted
llama-3.1-8b-instruct,FINAL.K3,6,1,0,0.0,6,6,1,11,65.56,68.18,replan_budget_exhausted
llama-3.1-8b-instruct,FINAL.K3,7,1,0,0.0,6,6,1,11,51.29,52.87,replan_budget_exhausted
llama-3.1-8b-instruct,FINAL.K3,8,1,0,0.0,6,6,1,11,35.23,51.43,replan_budget_exhausted
llama-3.1-8b-instruct,FINAL.K3,9,1,0,0.0,6,6,1,11,409.09,410.7,replan_budget_exhausted
llama-3.1-8b-instruct,FINAL.K3-n2,0,1,0,0.0,7,7,2,8,20.1,41.85,replan_loop
llama-3.1-8b-instruct,FINAL.K3-n2,1,1,0,0.0,7,7,2,7,31.27,51.6,replan_loop
llama-3.1-8b-instruct,FINAL.K3-n2,2,1,0,0.0,7,7,2,7,24.96,48.27,replan_loop
llama-3.1-8b-instruct,FINAL.K3-n2,3,1,0,0.0,7,7,2,11,58.89,67.89,replan_budget_exhausted
llama-3.1-8b-instruct,FINAL.K3-n2,4,1,0,0.0,7,7,2,7,18.83,37.32,replan_loop
llama-3.1-8b-instruct,FINAL.K3-n2,5,1,0,0.0,7,7,2,11,54.04,71.44,replan_budget_exhausted
llama-3.1-8b-instruct,FINAL.K3-n2,6,1,0,0.0,7,7,2,11,63.74,84.36,replan_budget_exhausted
llama-3.1-8b-instruct,FINAL.K3-n2,7,1,0,0.0,7,7,2,11,46.63,49.51,replan_budget_exhausted
llama-3.1-8b-instruct,FINAL.K3-n2,8,1,0,0.0,7,7,2,11,29.54,50.02,replan_budget_exhausted
llama-3.1-8b-instruct,FINAL.K3-n2,9,1,0,0.0,7,7,2,11,35.04,55.06,replan_budget_exhausted
llama-3.1-8b-instruct,FINAL.K3-n3,0,1,0,0.0,8,8,3,11,45.96,48.07,replan_budget_exhausted
llama-3.1-8b-instruct,FINAL.K3-n3,1,1,0,0.0,8,8,3,11,73.92,82.79,replan_loop
llama-3.1-8b-instruct,FINAL.K3-n3,2,1,0,0.0,8,8,3,11,43.96,72.67,replan_budget_exhausted
llama-3.1-8b-instruct,FINAL.K3-n3,3,1,0,0.0,8,8,3,11,49.53,73.96,replan_budget_exhausted
llama-3.1-8b-instruct,FINAL.K3-n3,4,1,0,0.0,8,8,3,11,43.14,52.99,replan_budget_exhausted
llama-3.1-8b-instruct,FINAL.K3-n3,5,1,0,0.0,8,8,3,11,47.58,71.44,replan_budget_exhausted
llama-3.1-8b-instruct,FINAL.K3-n3,6,1,0,0.0,8,8,3,11,41.36,67.99,replan_budget_exhausted
llama-3.1-8b-instruct,FINAL.K3-n3,7,1,0,0.25,8,6,3,11,37.05,102.94,replan_loop
llama-3.1-8b-instruct,FINAL.K3-n3,8,1,0,0.0,8,8,3,7,24.54,41.55,replan_loop
llama-3.1-8b-instruct,FINAL.K3-n3,9,1,0,0.0,8,8,3,11,58.28,59.88,replan_budget_exhausted
llama-3.1-8b-instruct,FINAL.K4,0,1,0,0.0,6,6,0,11,38.72,41.15,replan_budget_exhausted
llama-3.1-8b-instruct,FINAL.K4,1,1,0,0.1667,6,5,0,11,32.96,61.03,replan_budget_exhausted
llama-3.1-8b-instruct,FINAL.K4,2,1,0,0.1667,6,5,0,11,424.71,458.02,replan_budget_exhausted
llama-3.1-8b-instruct,FINAL.K4,3,1,0,0.3333,6,4,0,11,408.54,430.05,replan_budget_exhausted
llama-3.1-8b-instruct,FINAL.K4,4,1,0,0.0,6,6,0,11,61.34,70.39,replan_budget_exhausted
llama-3.1-8b-instruct,FINAL.K4,5,1,0,0.0,6,6,0,11,74.63,76.5,replan_budget_exhausted
llama-3.1-8b-instruct,FINAL.K4,6,1,0,0.1667,6,5,0,11,38.14,69.35,replan_budget_exhausted
llama-3.1-8b-instruct,FINAL.K4,7,1,0,0.0,6,6,0,11,49.24,58.56,replan_budget_exhausted
llama-3.1-8b-instruct,FINAL.K4,8,1,0,0.1667,6,5,0,11,43.15,108.36,replan_budget_exhausted
llama-3.1-8b-instruct,FINAL.K4,9,1,0,0.0,6,6,0,11,648.2,663.13,replan_budget_exhausted
ministral-3-8b-instruct,FINAL.G0,0,1,0,0.3333,3,2,0,11,60.08,177.35,replan_budget_exhausted
ministral-3-8b-instruct,FINAL.G0,1,1,0,0.3333,3,2,0,11,67.57,170.89,replan_budget_exhausted
ministral-3-8b-instruct,FINAL.G0,2,1,0,0.0,3,3,0,11,74.24,197.53,replan_budget_exhausted
ministral-3-8b-instruct,FINAL.G0,3,1,0,0.3333,3,2,0,2,10.55,141.11,plan_completed
ministral-3-8b-instruct,FINAL.G0,4,1,0,0.6667,3,1,0,1,6.99,87.92,plan_completed
ministral-3-8b-instruct,FINAL.G0,5,1,0,0.6667,3,1,0,2,15.15,97.03,plan_completed
ministral-3-8b-instruct,FINAL.G0,6,1,0,0.3333,3,2,0,11,64.62,135.9,replan_budget_exhausted
ministral-3-8b-instruct,FINAL.G0,7,1,0,0.6667,3,1,0,6,35.41,141.28,plan_completed
ministral-3-8b-instruct,FINAL.G0,8,1,0,0.3333,3,2,0,3,15.14,118.45,plan_completed
ministral-3-8b-instruct,FINAL.G0,9,1,0,0.6667,3,1,0,1,2.53,82.39,plan_completed
ministral-3-8b-instruct,FINAL.G1,0,1,0,0.5714,7,3,0,11,55.24,123.91,replan_budget_exhausted
ministral-3-8b-instruct,FINAL.G1,1,1,0,0.7143,7,2,0,11,50.83,141.15,replan_budget_exhausted
ministral-3-8b-instruct,FINAL.G1,2,1,0,0.4286,7,4,0,11,86.78,140.97,replan_budget_exhausted
ministral-3-8b-instruct,FINAL.G1,3,1,0,0.8571,7,1,0,2,4.75,109.61,plan_completed
ministral-3-8b-instruct,FINAL.G1,4,1,0,0.7143,7,2,0,11,66.7,159.89,replan_budget_exhausted
ministral-3-8b-instruct,FINAL.G1,5,1,0,0.7143,7,2,0,11,110.27,289.95,replan_budget_exhausted
ministral-3-8b-instruct,FINAL.G1,6,1,0,0.4286,7,4,0,11,82.09,138.39,replan_budget_exhausted
ministral-3-8b-instruct,FINAL.G1,7,1,0,0.4286,7,4,0,11,72.96,128.69,replan_budget_exhausted
ministral-3-8b-instruct,FINAL.G1,8,1,0,0.8571,7,1,0,2,4.73,111.57,plan_completed
ministral-3-8b-instruct,FINAL.G1,9,1,0,0.8571,7,1,0,2,4.95,110.43,plan_completed
ministral-3-8b-instruct,FINAL.G1-n1,0,1,0,0.8,5,1,0,2,6.81,85.28,plan_completed
ministral-3-8b-instruct,FINAL.G1-n1,1,1,0,0.6,5,2,0,7,44.35,181.79,plan_completed
ministral-3-8b-instruct,FINAL.G1-n1,2,1,0,0.4,5,3,0,10,62.02,215.53,plan_completed
ministral-3-8b-instruct,FINAL.G1-n1,3,1,0,0.8,5,1,0,2,4.24,96.4,plan_completed
ministral-3-8b-instruct,FINAL.G1-n1,4,1,0,0.6,5,2,0,11,70.03,214.37,plan_completed
ministral-3-8b-instruct,FINAL.G1-n1,5,1,0,0.8,5,1,0,9,48.03,155.56,plan_completed
ministral-3-8b-instruct,FINAL.G1-n1,6,1,1,1.0,5,0,0,3,28.45,125.24,plan_completed
ministral-3-8b-instruct,FINAL.G1-n1,7,1,0,0.4,5,3,0,7,29.31,98.43,plan_completed
ministral-3-8b-instruct,FINAL.G1-n1,8,1,0,0.8,5,1,0,2,4.64,96.02,plan_completed
ministral-3-8b-instruct,FINAL.G1-n1,9,1,0,0.8,5,1,0,2,5.4,94.82,plan_completed
ministral-3-8b-instruct,FINAL.G2,0,1,0,0.7143,7,2,0,11,78.61,162.14,replan_budget_exhausted
ministral-3-8b-instruct,FINAL.G2,1,1,0,0.7143,7,2,0,11,59.58,156.94,replan_budget_exhausted
ministral-3-8b-instruct,FINAL.G2,2,1,0,0.4286,7,4,0,11,77.64,154.88,replan_budget_exhausted
ministral-3-8b-instruct,FINAL.G2,3,1,0,0.7143,7,2,0,4,9.81,123.77,plan_completed
ministral-3-8b-instruct,FINAL.G2,4,1,0,0.7143,7,2,0,5,28.86,122.86,plan_completed
ministral-3-8b-instruct,FINAL.G2,5,1,0,0.1429,7,6,0,11,65.22,140.54,replan_budget_exhausted
ministral-3-8b-instruct,FINAL.G2,6,1,0,0.4286,7,4,0,11,59.75,163.93,replan_budget_exhausted
ministral-3-8b-instruct,FINAL.G2,7,1,0,0.7143,7,2,0,7,36.23,154.53,plan_completed
ministral-3-8b-instruct,FINAL.G2,8,1,0,0.7143,7,2,0,4,14.77,111.86,plan_completed
ministral-3-8b-instruct,FINAL.G2,9,1,0,0.5714,7,3,0,11,83.86,191.32,replan_budget_exhausted
ministral-3-8b-instruct,FINAL.G3,0,1,0,0.0,7,7,0,11,58.85,159.97,replan_budget_exhausted
ministral-3-8b-instruct,FINAL.G3,1,1,0,0.1429,7,6,0,8,40.49,160.76,plan_completed
ministral-3-8b-instruct,FINAL.G3,2,1,0,0.0,7,7,0,11,74.69,123.97,replan_budget_exhausted
ministral-3-8b-instruct,FINAL.G3,3,1,0,0.4286,7,4,0,7,32.57,167.42,plan_completed
ministral-3-8b-instruct,FINAL.G3,4,1,0,0.7143,7,2,0,6,36.39,176.46,plan_completed
ministral-3-8b-instruct,FINAL.G3,5,1,0,0.0,7,7,0,11,77.94,115.15,replan_budget_exhausted
ministral-3-8b-instruct,FINAL.G3,6,1,0,0.1429,7,6,0,11,60.48,112.45,replan_budget_exhausted
ministral-3-8b-instruct,FINAL.G3,7,1,0,0.4286,7,4,0,6,29.72,161.55,plan_completed
ministral-3-8b-instruct,FINAL.G3,8,1,0,0.4286,7,4,0,11,54.75,135.4,replan_budget_exhausted
ministral-3-8b-instruct,FINAL.G3,9,1,0,0.2857,7,5,0,11,57.86,151.12,replan_budget_exhausted
ministral-3-8b-instruct,FINAL.K0,0,1,0,0.0,5,5,0,8,41.26,49.45,replan_loop
ministral-3-8b-instruct,FINAL.K0,1,1,0,0.8,5,1,0,4,18.0,89.04,plan_completed
ministral-3-8b-instruct,FINAL.K0,2,1,0,0.0,5,5,0,7,46.0,61.9,replan_loop
ministral-3-8b-instruct,FINAL.K0,3,1,0,0.8,5,1,0,7,35.41,115.06,plan_completed
ministral-3-8b-instruct,FINAL.K0,4,1,0,0.2,5,4,0,11,38.49,87.3,replan_budget_exhausted
ministral-3-8b-instruct,FINAL.K0,5,1,0,0.8,5,1,0,3,11.82,95.54,plan_completed
ministral-3-8b-instruct,FINAL.K0,6,1,1,1.0,5,0,0,5,23.85,109.88,plan_completed
ministral-3-8b-instruct,FINAL.K0,7,1,0,0.8,5,1,0,3,10.59,92.03,plan_completed
ministral-3-8b-instruct,FINAL.K0,8,1,0,0.8,5,1,0,3,11.99,88.75,plan_completed
ministral-3-8b-instruct,FINAL.K0,9,1,0,0.0,5,5,0,11,74.4,90.05,replan_loop
ministral-3-8b-instruct,FINAL.K1,0,1,0,0.3333,6,4,1,11,40.88,83.22,replan_budget_exhausted
ministral-3-8b-instruct,FINAL.K1,1,1,0,0.8333,6,1,0,10,36.85,125.62,plan_completed
ministral-3-8b-instruct,FINAL.K1,2,1,0,0.8333,6,1,0,7,28.35,118.33,plan_completed
ministral-3-8b-instruct,FINAL.K1,3,1,0,0.3333,6,4,1,11,38.29,92.12,replan_budget_exhausted
ministral-3-8b-instruct,FINAL.K1,4,1,0,0.5,6,3,0,11,53.58,118.8,replan_budget_exhausted
ministral-3-8b-instruct,FINAL.K1,5,1,0,0.8333,6,1,0,11,36.86,139.41,plan_completed
ministral-3-8b-instruct,FINAL.K1,6,1,0,0.1667,6,5,1,11,45.41,82.09,replan_budget_exhausted
ministral-3-8b-instruct,FINAL.K1,7,1,0,0.0,6,6,1,11,79.76,117.7,replan_budget_exhausted
ministral-3-8b-instruct,FINAL.K1,8,1,0,0.1667,6,5,1,11,47.62,89.43,replan_budget_exhausted
ministral-3-8b-instruct,FINAL.K1,9,1,0,0.8333,6,1,0,8,31.1,130.08,plan_completed
ministral-3-8b-instruct,FINAL.K1-w1,0,1,0,0.1429,7,6,1,11,64.62,102.58,replan_budget_exhausted
ministral-3-8b-instruct,FINAL.K1-w1,1,1,0,0.4286,7,4,0,11,56.93,155.45,replan_budget_exhausted
ministral-3-8b-instruct,FINAL.K1-w1,2,1,0,0.8571,7,1,0,8,46.47,180.17,plan_completed
ministral-3-8b-instruct,FINAL.K1-w1,3,1,1,1.0,7,0,0,7,35.66,166.79,plan_completed
ministral-3-8b-instruct,FINAL.K1-w1,4,1,0,0.4286,7,4,0,11,56.37,125.02,replan_budget_exhausted
ministral-3-8b-instruct,FINAL.K1-w1,5,1,0,0.0,7,7,1,6,33.48,43.39,replan_loop
ministral-3-8b-instruct,FINAL.K1-w1,6,1,0,0.8571,7,1,0,6,28.34,142.72,plan_completed
ministral-3-8b-instruct,FINAL.K1-w1,7,1,0,0.1429,7,6,1,11,79.14,138.05,replan_budget_exhausted
ministral-3-8b-instruct,FINAL.K1-w1,8,1,0,0.5714,7,3,0,11,45.54,143.14,replan_budget_exhausted
ministral-3-8b-instruct,FINAL.K1-w1,9,1,0,0.4286,7,4,1,11,56.35,126.88,replan_budget_exhausted
ministral-3-8b-instruct,FINAL.K1-w2,0,1,0,0.125,8,7,1,11,80.08,188.41,replan_budget_exhausted
ministral-3-8b-instruct,FINAL.K1-w2,1,1,0,0.125,8,7,1,10,85.0,142.95,replan_loop
ministral-3-8b-instruct,FINAL.K1-w2,2,1,1,1.0,8,0,0,9,43.0,203.79,plan_completed
ministral-3-8b-instruct,FINAL.K1-w2,3,1,0,0.375,8,5,0,11,55.76,133.44,replan_budget_exhausted
ministral-3-8b-instruct,FINAL.K1-w2,4,1,0,0.0,8,8,1,11,66.55,99.83,replan_budget_exhausted
ministral-3-8b-instruct,FINAL.K1-w2,5,1,0,0.875,8,1,0,8,47.82,216.26,plan_completed
ministral-3-8b-instruct,FINAL.K1-w2,6,1,0,0.125,8,7,1,11,42.03,90.97,replan_budget_exhausted
ministral-3-8b-instruct,FINAL.K1-w2,7,1,0,0.25,8,6,1,11,57.52,129.58,replan_budget_exhausted
ministral-3-8b-instruct,FINAL.K1-w2,8,1,0,0.25,8,6,1,11,72.21,145.36,replan_budget_exhausted
ministral-3-8b-instruct,FINAL.K1-w2,9,1,0,0.125,8,7,1,11,69.83,118.86,replan_budget_exhausted
ministral-3-8b-instruct,FINAL.K2,0,1,1,1.0,6,0,0,10,57.51,140.54,plan_completed
ministral-3-8b-instruct,FINAL.K2,1,1,0,0.1667,6,5,0,7,41.91,56.32,replan_loop
ministral-3-8b-instruct,FINAL.K2,2,1,0,0.8333,6,1,0,9,52.56,136.81,plan_completed
ministral-3-8b-instruct,FINAL.K2,3,1,0,0.8333,6,1,0,5,18.99,105.2,plan_completed
ministral-3-8b-instruct,FINAL.K2,4,1,0,0.1667,6,5,0,11,70.28,119.03,replan_budget_exhausted
ministral-3-8b-instruct,FINAL.K2,5,1,0,0.8333,6,1,0,6,28.75,114.06,plan_completed
ministral-3-8b-instruct,FINAL.K2,6,1,0,0.8333,6,1,0,4,16.33,98.22,plan_completed
ministral-3-8b-instruct,FINAL.K2,7,1,0,0.8333,6,1,0,4,16.5,98.2,plan_completed
ministral-3-8b-instruct,FINAL.K2,8,1,1,1.0,6,0,0,10,58.49,150.39,plan_completed
ministral-3-8b-instruct,FINAL.K2,9,1,1,1.0,6,0,0,7,33.55,116.92,plan_completed
ministral-3-8b-instruct,FINAL.K3,0,1,0,0.0,6,6,1,11,77.81,99.17,replan_budget_exhausted
ministral-3-8b-instruct,FINAL.K3,1,1,0,0.8333,6,1,0,10,53.02,159.11,plan_completed
ministral-3-8b-instruct,FINAL.K3,2,1,0,0.8333,6,1,0,10,51.94,154.45,plan_completed
ministral-3-8b-instruct,FINAL.K3,3,1,0,0.5,6,3,0,11,45.73,120.33,replan_budget_exhausted
ministral-3-8b-instruct,FINAL.K3,4,1,0,0.0,6,6,1,11,62.67,80.25,replan_budget_exhausted
ministral-3-8b-instruct,FINAL.K3,5,1,0,0.1667,6,5,1,11,100.53,155.74,replan_budget_exhausted
ministral-3-8b-instruct,FINAL.K3,6,1,1,1.0,6,0,0,8,30.43,137.47,plan_completed
ministral-3-8b-instruct,FINAL.K3,7,1,0,0.8333,6,1,1,10,40.79,146.07,plan_completed
ministral-3-8b-instruct,FINAL.K3,8,1,0,0.8333,6,1,0,5,19.72,120.35,plan_completed
ministral-3-8b-instruct,FINAL.K3,9,1,0,0.8333,6,1,0,6,22.97,129.57,plan_completed
ministral-3-8b-instruct,FINAL.K3-n2,0,1,0,0.1429,7,6,1,11,73.27,122.62,replan_budget_exhausted
ministral-3-8b-instruct,FINAL.K3-n2,1,1,1,1.0,7,0,2,8,43.57,172.31,plan_completed
ministral-3-8b-instruct,FINAL.K3-n2,2,1,0,0.8571,7,1,0,9,43.06,179.39,plan_completed
ministral-3-8b-instruct,FINAL.K3-n2,3,1,0,0.8571,7,1,0,8,46.72,175.82,plan_completed
ministral-3-8b-instruct,FINAL.K3-n2,4,1,1,1.0,7,0,2,11,63.66,202.7,plan_completed
ministral-3-8b-instruct,FINAL.K3-n2,5,1,0,0.7143,7,2,0,11,65.58,202.39,replan_budget_exhausted
ministral-3-8b-instruct,FINAL.K3-n2,6,1,0,0.0,7,7,2,11,46.53,76.95,replan_budget_exhausted
ministral-3-8b-instruct,FINAL.K3-n2,7,1,0,0.0,7,7,1,11,62.4,130.03,replan_budget_exhausted
ministral-3-8b-instruct,FINAL.K3-n2,8,1,1,1.0,7,0,0,4,15.86,143.74,plan_completed
ministral-3-8b-instruct,FINAL.K3-n2,9,1,0,0.0,7,7,2,7,36.02,46.7,replan_loop
ministral-3-8b-instruct,FINAL.K3-n3,0,1,0,0.0,8,8,3,6,41.87,59.05,replan_loop
ministral-3-8b-instruct,FINAL.K3-n3,1,1,0,0.5,8,4,1,11,65.41,162.46,replan_budget_exhausted
ministral-3-8b-instruct,FINAL.K3-n3,2,1,0,0.0,8,8,3,8,54.11,74.25,replan_loop
ministral-3-8b-instruct,FINAL.K3-n3,3,1,0,0.75,8,2,1,11,46.11,191.25,replan_budget_exhausted
ministral-3-8b-instruct,FINAL.K3-n3,4,1,1,1.0,8,0,2,9,56.24,233.33,plan_completed
ministral-3-8b-instruct,FINAL.K3-n3,5,1,1,1.0,8,0,1,10,52.27,220.1,plan_completed
ministral-3-8b-instruct,FINAL.K3-n3,6,1,0,0.5,8,4,1,11,65.25,168.55,replan_budget_exhausted
ministral-3-8b-instruct,FINAL.K3-n3,7,1,1,1.0,8,0,1,11,122.44,298.48,plan_completed
ministral-3-8b-instruct,FINAL.K3-n3,8,1,1,1.0,8,0,1,9,44.97,208.04,plan_completed
ministral-3-8b-instruct,FINAL.K3-n3,9,1,1,1.0,8,0,2,11,73.78,233.54,plan_completed
ministral-3-8b-instruct,FINAL.K4,0,1,0,0.0,6,6,0,7,46.95,61.88,replan_loop
ministral-3-8b-instruct,FINAL.K4,1,1,0,0.0,6,6,0,9,100.78,110.02,replan_loop
ministral-3-8b-instruct,FINAL.K4,2,1,0,0.8333,6,1,0,7,33.49,124.78,plan_completed
ministral-3-8b-instruct,FINAL.K4,3,1,0,0.5,6,3,0,11,54.27,126.06,replan_budget_exhausted
ministral-3-8b-instruct,FINAL.K4,4,1,0,0.6667,6,2,0,5,23.09,109.72,plan_completed
ministral-3-8b-instruct,FINAL.K4,5,1,0,0.6667,6,2,0,4,14.01,98.33,plan_completed
ministral-3-8b-instruct,FINAL.K4,6,1,0,0.6667,6,2,0,5,21.17,106.1,plan_completed
ministral-3-8b-instruct,FINAL.K4,7,1,0,0.6667,6,2,0,4,14.99,105.95,plan_completed
ministral-3-8b-instruct,FINAL.K4,8,1,0,0.8333,6,1,0,5,29.7,136.67,plan_completed
ministral-3-8b-instruct,FINAL.K4,9,1,0,0.1667,6,5,0,11,56.29,92.16,replan_budget_exhausted
ministral-3-8b-reasoning,FINAL.G0,0,1,1,1.0,3,0,0,1,59.39,139.53,plan_completed
ministral-3-8b-reasoning,FINAL.G0,1,1,1,1.0,3,0,0,1,74.85,157.5,plan_completed
ministral-3-8b-reasoning,FINAL.G0,2,1,1,1.0,3,0,0,1,92.98,164.66,plan_completed
ministral-3-8b-reasoning,FINAL.G0,3,1,1,1.0,3,0,0,1,81.94,162.44,plan_completed
ministral-3-8b-reasoning,FINAL.G0,4,1,1,1.0,3,0,0,1,45.76,121.35,plan_completed
ministral-3-8b-reasoning,FINAL.G0,5,1,1,1.0,3,0,0,1,69.47,143.76,plan_completed
ministral-3-8b-reasoning,FINAL.G0,6,1,1,1.0,3,0,0,1,56.35,130.56,plan_completed
ministral-3-8b-reasoning,FINAL.G0,7,1,1,1.0,3,0,0,1,91.38,165.1,plan_completed
ministral-3-8b-reasoning,FINAL.G0,8,1,1,1.0,3,0,0,1,70.68,142.62,plan_completed
ministral-3-8b-reasoning,FINAL.G0,9,1,1,1.0,3,0,0,1,87.71,160.44,plan_completed
ministral-3-8b-reasoning,FINAL.G1,0,1,1,1.0,7,0,0,3,183.53,272.02,plan_completed
ministral-3-8b-reasoning,FINAL.G1,1,1,1,1.0,7,0,0,2,113.07,200.22,plan_completed
ministral-3-8b-reasoning,FINAL.G1,2,1,1,1.0,7,0,0,6,412.57,510.15,plan_completed
ministral-3-8b-reasoning,FINAL.G1,3,1,0,0.8571,7,1,0,4,225.22,351.69,plan_completed
ministral-3-8b-reasoning,FINAL.G1,4,1,1,1.0,7,0,0,3,138.09,225.08,plan_completed
ministral-3-8b-reasoning,FINAL.G1,5,1,1,1.0,7,0,0,5,268.36,353.46,plan_completed
ministral-3-8b-reasoning,FINAL.G1,6,1,1,1.0,7,0,0,3,175.19,259.68,plan_completed
ministral-3-8b-reasoning,FINAL.G1,7,1,1,1.0,7,0,0,2,108.33,198.42,plan_completed
ministral-3-8b-reasoning,FINAL.G1,8,1,1,1.0,7,0,0,4,264.08,341.25,plan_completed
ministral-3-8b-reasoning,FINAL.G1,9,1,0,0.8571,7,1,0,11,1087.36,1210.86,replan_budget_exhausted
ministral-3-8b-reasoning,FINAL.G1-n1,0,1,1,1.0,5,0,0,6,373.79,452.93,plan_completed
ministral-3-8b-reasoning,FINAL.G1-n1,1,1,0,0.2,5,4,0,11,1401.74,1461.75,replan_budget_exhausted
ministral-3-8b-reasoning,FINAL.G1-n1,2,1,0,0.8,5,1,0,6,774.7,900.14,plan_completed
ministral-3-8b-reasoning,FINAL.G1-n1,3,1,0,0.4,5,3,0,11,935.09,1026.41,replan_budget_exhausted
ministral-3-8b-reasoning,FINAL.G1-n1,4,1,1,1.0,5,0,0,2,140.46,214.66,plan_completed
ministral-3-8b-reasoning,FINAL.G1-n1,5,1,1,1.0,5,0,0,8,648.95,728.4,plan_completed
ministral-3-8b-reasoning,FINAL.G1-n1,6,1,1,1.0,5,0,0,7,405.68,483.99,plan_completed
ministral-3-8b-reasoning,FINAL.G1-n1,7,1,0,0.6,5,2,0,7,439.3,551.5,plan_completed
ministral-3-8b-reasoning,FINAL.G1-n1,8,1,0,0.8,5,1,0,11,1177.14,1264.55,replan_budget_exhausted
ministral-3-8b-reasoning,FINAL.G1-n1,9,1,0,0.6,5,2,0,11,996.97,1037.1,replan_budget_exhausted
ministral-3-8b-reasoning,FINAL.G2,0,1,0,0.8571,7,1,0,2,116.61,195.28,plan_completed
ministral-3-8b-reasoning,FINAL.G2,1,1,1,1.0,7,0,0,3,280.21,369.59,plan_completed
ministral-3-8b-reasoning,FINAL.G2,2,1,0,0.8571,7,1,0,6,540.42,614.96,plan_completed
ministral-3-8b-reasoning,FINAL.G2,3,1,1,1.0,7,0,0,2,143.84,230.38,plan_completed
ministral-3-8b-reasoning,FINAL.G2,4,1,1,1.0,7,0,0,2,138.96,227.22,plan_completed
ministral-3-8b-reasoning,FINAL.G2,5,1,1,1.0,7,0,0,3,330.34,426.34,plan_completed
ministral-3-8b-reasoning,FINAL.G2,6,1,0,0.4286,7,4,1,11,1341.95,1414.07,replan_budget_exhausted
ministral-3-8b-reasoning,FINAL.G2,7,1,0,0.5714,7,3,0,11,1197.88,1233.67,replan_budget_exhausted
ministral-3-8b-reasoning,FINAL.G2,8,1,0,0.2857,7,5,0,11,774.7,830.33,replan_budget_exhausted
ministral-3-8b-reasoning,FINAL.G2,9,1,1,1.0,7,0,0,2,161.13,250.36,plan_completed
ministral-3-8b-reasoning,FINAL.G3,0,1,1,1.0,7,0,0,5,557.44,647.57,plan_completed
ministral-3-8b-reasoning,FINAL.G3,1,1,1,1.0,7,0,0,2,165.24,251.78,plan_completed
ministral-3-8b-reasoning,FINAL.G3,2,1,1,1.0,7,0,0,3,288.03,375.9,plan_completed
ministral-3-8b-reasoning,FINAL.G3,3,1,1,1.0,7,0,0,3,221.66,325.68,plan_completed
ministral-3-8b-reasoning,FINAL.G3,4,1,1,1.0,7,0,0,5,518.2,617.8,plan_completed
ministral-3-8b-reasoning,FINAL.G3,5,1,0,0.8571,7,1,0,4,283.3,364.34,plan_completed
ministral-3-8b-reasoning,FINAL.G3,6,1,1,1.0,7,0,0,3,312.49,391.31,plan_completed
ministral-3-8b-reasoning,FINAL.G3,7,1,0,0.5714,7,3,0,4,437.6,614.09,plan_completed
ministral-3-8b-reasoning,FINAL.G3,8,1,1,1.0,7,0,0,2,157.56,234.2,plan_completed
ministral-3-8b-reasoning,FINAL.G3,9,1,1,1.0,7,0,0,2,164.29,242.06,plan_completed
ministral-3-8b-reasoning,FINAL.K0,0,1,0,0.0,5,5,0,11,674.84,676.57,replan_budget_exhausted
ministral-3-8b-reasoning,FINAL.K0,1,1,1,1.0,5,0,0,2,109.47,178.77,plan_completed
ministral-3-8b-reasoning,FINAL.K0,2,1,0,0.0,5,5,0,11,803.74,805.4,replan_budget_exhausted
ministral-3-8b-reasoning,FINAL.K0,3,1,1,1.0,5,0,0,2,109.09,183.43,plan_completed
ministral-3-8b-reasoning,FINAL.K0,4,1,0,0.0,5,5,0,11,725.68,727.35,replan_budget_exhausted
ministral-3-8b-reasoning,FINAL.K0,5,1,0,0.0,5,5,0,11,723.07,724.72,replan_loop
ministral-3-8b-reasoning,FINAL.K0,6,1,1,1.0,5,0,0,1,57.97,128.07,plan_completed
ministral-3-8b-reasoning,FINAL.K0,7,1,1,1.0,5,0,0,9,521.01,600.07,plan_completed
ministral-3-8b-reasoning,FINAL.K0,8,1,1,1.0,5,0,0,2,99.89,166.56,plan_completed
ministral-3-8b-reasoning,FINAL.K0,9,1,0,0.0,5,5,0,11,762.11,763.81,replan_budget_exhausted
ministral-3-8b-reasoning,FINAL.K1,0,1,0,0.0,6,6,1,11,628.07,645.87,replan_budget_exhausted
ministral-3-8b-reasoning,FINAL.K1,1,1,0,0.0,6,6,1,11,611.14,612.86,replan_budget_exhausted
ministral-3-8b-reasoning,FINAL.K1,2,1,0,0.0,6,6,1,11,695.6,697.27,replan_budget_exhausted
ministral-3-8b-reasoning,FINAL.K1,3,1,0,0.0,6,6,1,11,653.57,655.24,replan_budget_exhausted
ministral-3-8b-reasoning,FINAL.K1,4,1,0,0.0,6,6,1,7,426.26,427.42,replan_loop
ministral-3-8b-reasoning,FINAL.K1,5,1,1,1.0,6,0,0,11,800.94,894.77,plan_completed
ministral-3-8b-reasoning,FINAL.K1,6,1,0,0.0,6,6,1,11,693.37,695.01,replan_budget_exhausted
ministral-3-8b-reasoning,FINAL.K1,7,1,1,1.0,6,0,0,6,285.15,380.78,plan_completed
ministral-3-8b-reasoning,FINAL.K1,8,1,0,0.0,6,6,1,11,676.79,696.18,replan_budget_exhausted
ministral-3-8b-reasoning,FINAL.K1,9,1,0,0.0,6,6,1,11,685.48,702.69,replan_budget_exhausted
ministral-3-8b-reasoning,FINAL.K1-w1,0,1,0,0.0,7,7,1,11,473.46,493.6,replan_budget_exhausted
ministral-3-8b-reasoning,FINAL.K1-w1,1,1,0,0.0,7,7,1,11,680.68,682.4,replan_budget_exhausted
ministral-3-8b-reasoning,FINAL.K1-w1,2,1,0,0.0,7,7,1,11,772.59,774.28,replan_loop
ministral-3-8b-reasoning,FINAL.K1-w1,3,1,0,0.0,7,7,1,11,683.88,685.6,replan_budget_exhausted
ministral-3-8b-reasoning,FINAL.K1-w1,4,1,0,0.0,7,7,1,11,680.53,682.21,replan_budget_exhausted
ministral-3-8b-reasoning,FINAL.K1-w1,5,1,0,0.0,7,7,1,11,527.1,547.5,replan_budget_exhausted
ministral-3-8b-reasoning,FINAL.K1-w1,6,1,1,1.0,7,0,0,4,191.92,299.29,plan_completed
ministral-3-8b-reasoning,FINAL.K1-w1,7,1,0,0.0,7,7,1,11,762.79,764.45,replan_budget_exhausted
ministral-3-8b-reasoning,FINAL.K1-w1,8,1,0,0.0,7,7,1,11,737.88,739.6,replan_budget_exhausted
ministral-3-8b-reasoning,FINAL.K1-w1,9,1,0,0.0,7,7,1,11,673.76,694.43,replan_budget_exhausted
ministral-3-8b-reasoning,FINAL.K1-w2,0,1,0,0.875,8,1,1,11,582.91,643.77,replan_budget_exhausted
ministral-3-8b-reasoning,FINAL.K1-w2,1,1,1,1.0,8,0,0,6,334.43,474.79,plan_completed
ministral-3-8b-reasoning,FINAL.K1-w2,2,1,0,0.0,8,8,1,11,741.27,743.03,replan_budget_exhausted
ministral-3-8b-reasoning,FINAL.K1-w2,3,1,0,0.0,8,8,1,11,771.27,793.42,replan_budget_exhausted
ministral-3-8b-reasoning,FINAL.K1-w2,4,1,1,1.0,8,0,0,6,281.53,412.9,plan_completed
ministral-3-8b-reasoning,FINAL.K1-w2,5,1,0,0.125,8,7,0,11,680.46,724.77,replan_budget_exhausted
ministral-3-8b-reasoning,FINAL.K1-w2,6,1,1,1.0,8,0,0,7,446.1,589.18,plan_completed
ministral-3-8b-reasoning,FINAL.K1-w2,7,1,0,0.0,8,8,1,11,691.86,693.57,replan_budget_exhausted
ministral-3-8b-reasoning,FINAL.K1-w2,8,1,1,1.0,8,0,0,5,195.51,332.69,plan_completed
ministral-3-8b-reasoning,FINAL.K1-w2,9,1,1,1.0,8,0,0,6,401.89,554.19,plan_completed
ministral-3-8b-reasoning,FINAL.K2,0,1,1,1.0,6,0,0,2,83.55,154.29,plan_completed
ministral-3-8b-reasoning,FINAL.K2,1,1,0,0.1667,6,5,0,11,778.22,779.94,replan_budget_exhausted
ministral-3-8b-reasoning,FINAL.K2,2,1,1,1.0,6,0,0,6,415.33,493.81,plan_completed
ministral-3-8b-reasoning,FINAL.K2,3,1,0,0.1667,6,5,0,11,708.38,710.03,replan_budget_exhausted
ministral-3-8b-reasoning,FINAL.K2,4,1,1,1.0,6,0,0,1,63.15,138.8,plan_completed
ministral-3-8b-reasoning,FINAL.K2,5,1,1,1.0,6,0,0,4,264.68,338.52,plan_completed
ministral-3-8b-reasoning,FINAL.K2,6,1,0,0.1667,6,5,0,8,498.16,499.43,replan_loop
ministral-3-8b-reasoning,FINAL.K2,7,1,1,1.0,6,0,0,1,74.53,145.72,plan_completed
ministral-3-8b-reasoning,FINAL.K2,8,1,0,0.1667,6,5,0,11,738.23,739.85,replan_budget_exhausted
ministral-3-8b-reasoning,FINAL.K2,9,1,1,1.0,6,0,0,2,121.89,193.1,plan_completed
ministral-3-8b-reasoning,FINAL.K3,0,1,0,0.0,6,6,1,11,771.81,773.61,replan_budget_exhausted
ministral-3-8b-reasoning,FINAL.K3,1,1,1,1.0,6,0,0,9,522.13,620.91,plan_completed
ministral-3-8b-reasoning,FINAL.K3,2,1,1,1.0,6,0,0,7,467.3,560.22,plan_completed
ministral-3-8b-reasoning,FINAL.K3,3,1,1,1.0,6,0,0,4,338.24,427.3,plan_completed
ministral-3-8b-reasoning,FINAL.K3,4,1,1,1.0,6,0,0,5,307.84,397.93,plan_completed
ministral-3-8b-reasoning,FINAL.K3,5,1,0,0.0,6,6,1,11,645.86,647.54,replan_budget_exhausted
ministral-3-8b-reasoning,FINAL.K3,6,1,0,0.0,6,6,1,11,635.33,636.98,replan_budget_exhausted
ministral-3-8b-reasoning,FINAL.K3,7,1,1,1.0,6,0,0,5,297.48,401.96,plan_completed
ministral-3-8b-reasoning,FINAL.K3,8,1,0,0.0,6,6,1,11,706.53,708.14,replan_budget_exhausted
ministral-3-8b-reasoning,FINAL.K3,9,1,0,0.0,6,6,1,11,683.79,685.47,replan_budget_exhausted
ministral-3-8b-reasoning,FINAL.K3-n2,0,1,1,1.0,7,0,0,4,246.15,356.54,plan_completed
ministral-3-8b-reasoning,FINAL.K3-n2,1,1,0,0.0,7,7,2,11,760.9,762.61,replan_budget_exhausted
ministral-3-8b-reasoning,FINAL.K3-n2,2,1,1,1.0,7,0,0,4,281.54,402.24,plan_completed
ministral-3-8b-reasoning,FINAL.K3-n2,3,1,1,1.0,7,0,0,11,504.35,587.58,replan_budget_exhausted
ministral-3-8b-reasoning,FINAL.K3-n2,4,1,0,0.0,7,7,2,11,750.73,752.46,replan_budget_exhausted
ministral-3-8b-reasoning,FINAL.K3-n2,5,1,1,1.0,7,0,0,2,175.24,284.34,plan_completed
ministral-3-8b-reasoning,FINAL.K3-n2,6,1,1,1.0,7,0,0,6,287.78,397.87,plan_completed
ministral-3-8b-reasoning,FINAL.K3-n2,7,1,0,0.0,7,7,2,8,500.58,501.87,replan_loop
ministral-3-8b-reasoning,FINAL.K3-n2,8,1,1,1.0,7,0,0,4,246.28,351.25,plan_completed
ministral-3-8b-reasoning,FINAL.K3-n2,9,1,1,1.0,7,0,0,10,1120.81,1222.11,plan_completed
ministral-3-8b-reasoning,FINAL.K3-n3,0,1,1,1.0,8,0,0,10,582.36,719.44,plan_completed
ministral-3-8b-reasoning,FINAL.K3-n3,1,1,0,0.0,8,8,3,11,712.83,727.85,replan_budget_exhausted
ministral-3-8b-reasoning,FINAL.K3-n3,2,1,1,1.0,8,0,0,3,195.1,334.44,plan_completed
ministral-3-8b-reasoning,FINAL.K3-n3,3,1,1,1.0,8,0,1,6,400.79,561.73,plan_completed
ministral-3-8b-reasoning,FINAL.K3-n3,4,1,0,0.0,8,8,3,11,646.15,647.84,replan_budget_exhausted
ministral-3-8b-reasoning,FINAL.K3-n3,5,1,1,1.0,8,0,0,9,623.38,750.6,plan_completed
ministral-3-8b-reasoning,FINAL.K3-n3,6,1,1,1.0,8,0,0,2,141.86,270.66,plan_completed
ministral-3-8b-reasoning,FINAL.K3-n3,7,1,0,0.0,8,8,3,11,724.6,726.3,replan_budget_exhausted
ministral-3-8b-reasoning,FINAL.K3-n3,8,1,0,0.5,8,4,1,11,895.56,1057.32,replan_budget_exhausted
ministral-3-8b-reasoning,FINAL.K3-n3,9,1,0,0.0,8,8,3,11,858.22,859.91,replan_budget_exhausted
ministral-3-8b-reasoning,FINAL.K4,0,1,1,1.0,6,0,0,4,229.67,297.65,plan_completed
ministral-3-8b-reasoning,FINAL.K4,1,1,1,1.0,6,0,0,4,235.99,331.01,plan_completed
ministral-3-8b-reasoning,FINAL.K4,2,1,1,1.0,6,0,0,4,201.8,283.17,plan_completed
ministral-3-8b-reasoning,FINAL.K4,3,1,1,1.0,6,0,0,7,510.48,587.84,plan_completed
ministral-3-8b-reasoning,FINAL.K4,4,1,1,1.0,6,0,0,7,546.3,636.58,plan_completed
ministral-3-8b-reasoning,FINAL.K4,5,1,1,1.0,6,0,0,11,789.75,861.29,plan_completed
ministral-3-8b-reasoning,FINAL.K4,6,1,0,0.0,6,6,0,11,716.56,718.25,replan_budget_exhausted
ministral-3-8b-reasoning,FINAL.K4,7,1,0,0.5,6,3,0,11,579.16,620.6,replan_budget_exhausted
ministral-3-8b-reasoning,FINAL.K4,8,1,1,1.0,6,0,0,8,566.98,642.77,plan_completed
ministral-3-8b-reasoning,FINAL.K4,9,1,1,1.0,6,0,0,3,191.83,262.27,plan_completed
qwen3-8b,FINAL.G0,0,1,0,0.6667,3,1,0,3,114.83,215.05,plan_completed
qwen3-8b,FINAL.G0,1,1,0,0.6667,3,1,0,9,322.91,464.47,plan_completed
qwen3-8b,FINAL.G0,2,1,1,1.0,3,0,0,1,77.38,154.93,plan_completed
qwen3-8b,FINAL.G0,3,1,0,0.6667,3,1,0,11,293.34,429.83,replan_budget_exhausted
qwen3-8b,FINAL.G0,4,1,0,0.6667,3,1,0,10,400.8,536.63,plan_completed
qwen3-8b,FINAL.G0,5,1,0,0.0,3,3,0,11,430.61,773.5,replan_budget_exhausted
qwen3-8b,FINAL.G0,6,1,0,0.6667,3,1,0,4,136.1,258.87,plan_completed
qwen3-8b,FINAL.G0,7,1,0,0.6667,3,1,0,11,241.12,412.13,replan_budget_exhausted
qwen3-8b,FINAL.G0,8,1,0,0.0,3,3,0,11,422.44,553.37,replan_budget_exhausted
qwen3-8b,FINAL.G0,9,1,0,0.6667,3,1,0,11,484.9,545.03,replan_budget_exhausted
qwen3-8b,FINAL.G1,0,1,0,0.2857,7,5,0,11,667.33,696.53,replan_budget_exhausted
qwen3-8b,FINAL.G1,1,1,0,0.2857,7,5,0,11,647.14,677.63,replan_budget_exhausted
qwen3-8b,FINAL.G1,2,1,0,0.4286,7,4,0,11,681.95,736.06,replan_budget_exhausted
qwen3-8b,FINAL.G1,3,1,0,0.2857,7,5,0,11,462.76,501.44,replan_budget_exhausted
qwen3-8b,FINAL.G1,4,1,0,0.4286,7,4,0,11,449.43,505.51,replan_budget_exhausted
qwen3-8b,FINAL.G1,5,1,0,0.4286,7,4,0,5,230.33,259.98,replan_loop
qwen3-8b,FINAL.G1,6,1,0,0.5714,7,3,0,9,439.54,495.2,replan_loop
qwen3-8b,FINAL.G1,7,1,0,0.5714,7,3,0,11,353.96,393.29,replan_budget_exhausted
qwen3-8b,FINAL.G1,8,1,0,0.4286,7,4,0,11,516.05,547.37,replan_budget_exhausted
qwen3-8b,FINAL.G1,9,1,0,0.5714,7,3,0,10,667.54,728.42,plan_completed
qwen3-8b,FINAL.G1-n1,0,1,0,0.2,5,4,0,11,716.52,758.3,replan_budget_exhausted
qwen3-8b,FINAL.G1-n1,1,1,0,0.8,5,1,0,11,421.02,511.38,replan_budget_exhausted
qwen3-8b,FINAL.G1-n1,2,1,0,0.4,5,3,0,7,336.23,365.66,replan_loop
qwen3-8b,FINAL.G1-n1,3,1,0,0.4,5,3,0,11,411.39,440.94,replan_loop
qwen3-8b,FINAL.G1-n1,4,1,0,0.8,5,1,0,9,367.82,468.44,plan_completed
qwen3-8b,FINAL.G1-n1,5,1,0,0.4,5,3,0,11,605.24,651.03,replan_budget_exhausted
qwen3-8b,FINAL.G1-n1,6,1,0,0.4,5,3,0,11,470.15,499.53,replan_budget_exhausted
qwen3-8b,FINAL.G1-n1,7,1,0,0.2,5,4,0,11,624.53,667.06,replan_budget_exhausted
qwen3-8b,FINAL.G1-n1,8,1,0,0.2,5,4,0,11,614.35,664.2,replan_budget_exhausted
qwen3-8b,FINAL.G1-n1,9,1,0,0.4,5,3,0,11,542.03,606.24,replan_budget_exhausted
qwen3-8b,FINAL.G2,0,1,0,0.4286,7,4,1,11,905.43,1009.86,replan_budget_exhausted
qwen3-8b,FINAL.G2,1,1,0,0.5714,7,3,0,11,496.64,539.74,replan_budget_exhausted
qwen3-8b,FINAL.G2,2,1,0,0.5714,7,3,0,11,497.97,559.67,replan_budget_exhausted
qwen3-8b,FINAL.G2,3,1,0,0.2857,7,5,0,11,677.76,716.06,replan_budget_exhausted
qwen3-8b,FINAL.G2,4,1,0,0.4286,7,4,0,11,937.23,992.46,replan_budget_exhausted
qwen3-8b,FINAL.G2,5,1,1,1.0,7,0,0,6,474.32,561.08,plan_completed
qwen3-8b,FINAL.G2,6,1,0,0.4286,7,4,0,11,764.55,827.84,replan_budget_exhausted
qwen3-8b,FINAL.G2,7,1,0,0.4286,7,4,0,11,481.47,536.09,replan_budget_exhausted
qwen3-8b,FINAL.G2,8,1,0,0.2857,7,5,0,11,567.01,614.09,replan_budget_exhausted
qwen3-8b,FINAL.G2,9,1,0,0.2857,7,5,0,11,573.56,625.42,replan_budget_exhausted
qwen3-8b,FINAL.G3,0,1,0,0.0,7,7,0,11,620.89,650.21,replan_budget_exhausted
qwen3-8b,FINAL.G3,1,1,0,0.2857,7,5,0,11,492.39,530.39,replan_budget_exhausted
qwen3-8b,FINAL.G3,2,1,0,0.1429,7,6,0,11,600.02,630.42,replan_budget_exhausted
qwen3-8b,FINAL.G3,3,1,0,0.0,7,7,0,11,695.99,725.5,replan_budget_exhausted
qwen3-8b,FINAL.G3,4,1,0,0.1429,7,6,0,10,544.56,573.4,replan_loop
qwen3-8b,FINAL.G3,5,1,0,0.1429,7,6,0,8,345.06,376.15,replan_loop
qwen3-8b,FINAL.G3,6,1,0,0.1429,7,6,0,11,532.84,562.55,replan_budget_exhausted
qwen3-8b,FINAL.G3,7,1,0,0.0,7,7,0,11,565.8,595.76,replan_budget_exhausted
qwen3-8b,FINAL.G3,8,1,0,0.2857,7,5,0,11,426.25,474.07,replan_budget_exhausted
qwen3-8b,FINAL.G3,9,1,0,0.1429,7,6,0,6,241.4,278.94,replan_loop
qwen3-8b,FINAL.K0,0,1,1,1.0,5,0,0,6,225.22,307.66,plan_completed
qwen3-8b,FINAL.K0,1,1,0,0.0,5,5,0,7,273.93,285.67,replan_loop
qwen3-8b,FINAL.K0,2,1,1,1.0,5,0,0,6,292.64,383.86,plan_completed
qwen3-8b,FINAL.K0,3,1,0,0.0,5,5,0,5,193.82,206.48,replan_loop
qwen3-8b,FINAL.K0,4,1,1,1.0,5,0,0,2,77.84,149.87,plan_completed
qwen3-8b,FINAL.K0,5,1,1,1.0,5,0,0,2,154.17,227.07,plan_completed
qwen3-8b,FINAL.K0,6,1,1,1.0,5,0,0,1,51.26,127.21,plan_completed
qwen3-8b,FINAL.K0,7,1,1,1.0,5,0,0,2,105.72,184.99,plan_completed
qwen3-8b,FINAL.K0,8,1,1,1.0,5,0,0,1,54.96,126.55,plan_completed
qwen3-8b,FINAL.K0,9,1,1,1.0,5,0,0,3,108.27,184.12,plan_completed
qwen3-8b,FINAL.K1,0,1,0,0.1667,6,5,1,11,373.83,410.58,replan_budget_exhausted
qwen3-8b,FINAL.K1,1,1,0,0.0,6,6,1,8,541.52,543.46,replan_loop
qwen3-8b,FINAL.K1,2,1,1,1.0,6,0,0,3,159.79,254.62,plan_completed
qwen3-8b,FINAL.K1,3,1,1,1.0,6,0,0,8,251.31,354.73,plan_completed
qwen3-8b,FINAL.K1,4,1,1,1.0,6,0,0,9,293.33,384.88,plan_completed
qwen3-8b,FINAL.K1,5,1,1,1.0,6,0,0,5,175.82,264.79,plan_completed
qwen3-8b,FINAL.K1,6,1,1,1.0,6,0,0,6,251.2,342.36,plan_completed
qwen3-8b,FINAL.K1,7,1,1,1.0,6,0,0,2,66.59,165.55,plan_completed
qwen3-8b,FINAL.K1,8,1,1,1.0,6,0,0,6,241.23,327.87,plan_completed
qwen3-8b,FINAL.K1,9,1,1,1.0,6,0,0,7,236.38,326.3,plan_completed
qwen3-8b,FINAL.K1-w1,0,1,0,0.1429,7,6,1,11,374.46,413.22,replan_budget_exhausted
qwen3-8b,FINAL.K1-w1,1,1,1,1.0,7,0,0,9,289.43,413.63,plan_completed
qwen3-8b,FINAL.K1-w1,2,1,1,1.0,7,0,0,11,344.31,473.13,plan_completed
qwen3-8b,FINAL.K1-w1,3,1,0,0.2857,7,5,1,11,407.23,430.12,replan_loop
qwen3-8b,FINAL.K1-w1,4,1,0,0.0,7,7,1,11,443.58,460.24,replan_budget_exhausted
qwen3-8b,FINAL.K1-w1,5,1,1,1.0,7,0,0,9,292.12,422.63,plan_completed
qwen3-8b,FINAL.K1-w1,6,1,1,1.0,7,0,0,6,231.18,344.26,plan_completed
qwen3-8b,FINAL.K1-w1,7,1,1,1.0,7,0,0,10,330.27,442.17,plan_completed
qwen3-8b,FINAL.K1-w1,8,1,1,1.0,7,0,0,11,386.18,472.79,plan_completed
qwen3-8b,FINAL.K1-w1,9,1,0,0.0,7,7,1,11,366.47,388.01,replan_budget_exhausted
qwen3-8b,FINAL.K1-w2,0,1,0,0.125,8,7,1,11,464.01,505.96,replan_budget_exhausted
qwen3-8b,FINAL.K1-w2,1,1,1,1.0,8,0,0,4,135.38,269.46,plan_completed
qwen3-8b,FINAL.K1-w2,2,1,1,1.0,8,0,0,7,235.64,392.04,plan_completed
qwen3-8b,FINAL.K1-w2,3,1,0,0.625,8,3,0,11,394.18,448.22,replan_budget_exhausted
qwen3-8b,FINAL.K1-w2,4,1,0,0.125,8,7,0,11,475.15,509.79,replan_budget_exhausted
qwen3-8b,FINAL.K1-w2,5,1,1,1.0,8,0,0,4,127.18,271.94,plan_completed
qwen3-8b,FINAL.K1-w2,6,1,1,1.0,8,0,0,7,321.32,458.19,plan_completed
qwen3-8b,FINAL.K1-w2,7,1,0,0.0,8,8,1,11,403.76,424.82,replan_budget_exhausted
qwen3-8b,FINAL.K1-w2,8,1,1,1.0,8,0,0,11,311.77,450.89,plan_completed
qwen3-8b,FINAL.K1-w2,9,1,1,1.0,8,0,0,6,222.85,380.17,plan_completed
qwen3-8b,FINAL.K2,0,1,1,1.0,6,0,0,3,132.65,207.77,plan_completed
qwen3-8b,FINAL.K2,1,1,0,0.5,6,3,0,11,302.16,344.45,replan_budget_exhausted
qwen3-8b,FINAL.K2,2,1,1,1.0,6,0,0,2,101.07,188.37,plan_completed
qwen3-8b,FINAL.K2,3,1,1,1.0,6,0,0,5,247.12,331.07,plan_completed
qwen3-8b,FINAL.K2,4,1,1,1.0,6,0,0,3,100.79,174.94,plan_completed
qwen3-8b,FINAL.K2,5,1,1,1.0,6,0,0,3,152.57,230.51,plan_completed
qwen3-8b,FINAL.K2,6,1,1,1.0,6,0,0,1,42.24,121.36,plan_completed
qwen3-8b,FINAL.K2,7,1,1,1.0,6,0,0,3,124.29,216.49,plan_completed
qwen3-8b,FINAL.K2,8,1,1,1.0,6,0,0,1,56.66,130.09,plan_completed
qwen3-8b,FINAL.K2,9,1,1,1.0,6,0,0,4,128.94,206.95,plan_completed
qwen3-8b,FINAL.K3,0,1,1,1.0,6,0,0,8,305.96,399.35,plan_completed
qwen3-8b,FINAL.K3,1,1,1,1.0,6,0,0,7,278.98,378.49,plan_completed
qwen3-8b,FINAL.K3,2,1,1,1.0,6,0,0,8,331.63,430.69,plan_completed
qwen3-8b,FINAL.K3,3,1,1,1.0,6,0,0,3,135.71,236.1,plan_completed
qwen3-8b,FINAL.K3,4,1,1,1.0,6,0,0,9,345.04,439.77,plan_completed
qwen3-8b,FINAL.K3,5,1,1,1.0,6,0,0,3,99.82,192.92,plan_completed
qwen3-8b,FINAL.K3,6,1,0,0.0,6,6,1,11,536.68,554.56,replan_budget_exhausted
qwen3-8b,FINAL.K3,7,1,1,1.0,6,0,0,2,71.2,182.34,plan_completed
qwen3-8b,FINAL.K3,8,1,1,1.0,6,0,0,4,121.29,214.66,plan_completed
qwen3-8b,FINAL.K3,9,1,1,1.0,6,0,0,5,235.8,334.3,plan_completed
qwen3-8b,FINAL.K3-n2,0,1,1,1.0,7,0,0,6,222.46,339.17,plan_completed
qwen3-8b,FINAL.K3-n2,1,1,0,0.0,7,7,2,11,438.72,459.35,replan_budget_exhausted
qwen3-8b,FINAL.K3-n2,2,1,1,1.0,7,0,0,5,172.55,291.27,plan_completed
qwen3-8b,FINAL.K3-n2,3,1,1,1.0,7,0,0,11,293.88,377.48,replan_budget_exhausted
qwen3-8b,FINAL.K3-n2,4,1,1,1.0,7,0,1,6,323.49,443.43,plan_completed
qwen3-8b,FINAL.K3-n2,5,1,1,1.0,7,0,0,4,203.32,327.85,plan_completed
qwen3-8b,FINAL.K3-n2,6,1,1,1.0,7,0,0,4,147.43,256.74,plan_completed
qwen3-8b,FINAL.K3-n2,7,1,1,1.0,7,0,0,2,60.82,181.1,plan_completed
qwen3-8b,FINAL.K3-n2,8,1,1,1.0,7,0,0,7,223.96,334.75,plan_completed
qwen3-8b,FINAL.K3-n2,9,1,1,1.0,7,0,0,6,197.2,310.95,plan_completed
qwen3-8b,FINAL.K3-n3,0,1,1,1.0,8,0,0,3,104.17,238.73,plan_completed
qwen3-8b,FINAL.K3-n3,1,1,1,1.0,8,0,1,9,391.14,531.22,plan_completed
qwen3-8b,FINAL.K3-n3,2,1,1,1.0,8,0,0,7,259.13,402.05,plan_completed
qwen3-8b,FINAL.K3-n3,3,1,1,1.0,8,0,0,7,275.63,414.71,plan_completed
qwen3-8b,FINAL.K3-n3,4,1,1,1.0,8,0,0,4,178.13,315.26,plan_completed
qwen3-8b,FINAL.K3-n3,5,1,1,1.0,8,0,0,4,168.14,305.4,plan_completed
qwen3-8b,FINAL.K3-n3,6,1,1,1.0,8,0,0,4,221.99,356.89,plan_completed
qwen3-8b,FINAL.K3-n3,7,1,1,1.0,8,0,0,10,401.93,547.75,plan_completed
qwen3-8b,FINAL.K3-n3,8,1,0,0.5,8,4,1,11,423.27,496.65,replan_budget_exhausted
qwen3-8b,FINAL.K3-n3,9,1,1,1.0,8,0,0,4,214.72,352.96,plan_completed
qwen3-8b,FINAL.K4,0,1,1,1.0,6,0,0,4,167.12,245.88,plan_completed
qwen3-8b,FINAL.K4,1,1,1,1.0,6,0,0,4,137.37,217.94,plan_completed
qwen3-8b,FINAL.K4,2,1,1,1.0,6,0,0,3,89.78,187.67,plan_completed
qwen3-8b,FINAL.K4,3,1,1,1.0,6,0,0,6,176.01,251.45,plan_completed
qwen3-8b,FINAL.K4,4,1,1,1.0,6,0,0,2,124.06,220.34,plan_completed
qwen3-8b,FINAL.K4,5,1,1,1.0,6,0,0,3,160.9,236.34,plan_completed
qwen3-8b,FINAL.K4,6,1,1,1.0,6,0,0,6,177.96,261.75,plan_completed
qwen3-8b,FINAL.K4,7,1,1,1.0,6,0,0,8,256.1,346.83,plan_completed
qwen3-8b,FINAL.K4,8,1,1,1.0,6,0,0,2,94.79,177.22,plan_completed
qwen3-8b,FINAL.K4,9,1,0,0.0,6,6,0,11,372.45,386.92,replan_budget_exhausted
qwen3-vl-8b-thinking,FINAL.G0,0,1,0,0.6667,3,1,0,2,182.33,253.7,plan_completed
qwen3-vl-8b-thinking,FINAL.G0,1,1,0,0.0,3,3,0,11,1220.59,1535.23,replan_budget_exhausted
qwen3-vl-8b-thinking,FINAL.G0,2,1,0,0.6667,3,1,0,1,95.16,177.35,plan_completed
qwen3-vl-8b-thinking,FINAL.G0,3,1,0,0.6667,3,1,0,2,181.49,254.4,plan_completed
qwen3-vl-8b-thinking,FINAL.G0,4,1,0,0.0,3,3,0,11,1331.64,1776.67,replan_budget_exhausted
qwen3-vl-8b-thinking,FINAL.G0,5,1,1,1.0,3,0,0,1,91.42,166.79,plan_completed
qwen3-vl-8b-thinking,FINAL.G0,6,1,0,0.6667,3,1,0,1,96.49,167.19,plan_completed
qwen3-vl-8b-thinking,FINAL.G0,7,1,1,1.0,3,0,0,1,159.94,235.12,plan_completed
qwen3-vl-8b-thinking,FINAL.G0,8,1,0,0.6667,3,1,0,1,91.31,160.83,plan_completed
qwen3-vl-8b-thinking,FINAL.G0,9,1,1,1.0,3,0,0,1,67.38,141.52,plan_completed
qwen3-vl-8b-thinking,FINAL.G1,0,1,1,1.0,7,0,0,8,958.07,1030.8,plan_completed
qwen3-vl-8b-thinking,FINAL.G1,1,1,1,1.0,7,0,0,3,324.66,421.4,plan_completed
qwen3-vl-8b-thinking,FINAL.G1,2,1,0,0.7143,7,2,0,6,932.28,992.24,plan_completed
qwen3-vl-8b-thinking,FINAL.G1,3,1,0,0.8571,7,1,1,4,649.53,728.41,plan_completed
qwen3-vl-8b-thinking,FINAL.G1,4,1,0,0.8571,7,1,0,4,415.37,509.37,plan_completed
qwen3-vl-8b-thinking,FINAL.G1,5,1,1,1.0,7,0,0,3,436.86,524.59,plan_completed
qwen3-vl-8b-thinking,FINAL.G1,6,1,0,0.8571,7,1,0,7,1083.31,1188.09,plan_completed
qwen3-vl-8b-thinking,FINAL.G1,7,1,0,0.5714,7,3,0,11,1085.92,1182.28,replan_budget_exhausted
qwen3-vl-8b-thinking,FINAL.G1,8,1,1,1.0,7,0,0,3,387.8,472.95,plan_completed
qwen3-vl-8b-thinking,FINAL.G1,9,1,0,0.5714,7,3,2,5,562.7,686.23,plan_completed
qwen3-vl-8b-thinking,FINAL.G1-n1,0,1,1,1.0,5,0,0,2,285.29,368.65,plan_completed
qwen3-vl-8b-thinking,FINAL.G1-n1,1,1,0,0.6,5,2,0,11,898.08,1053.64,replan_budget_exhausted
qwen3-vl-8b-thinking,FINAL.G1-n1,2,1,1,1.0,5,0,0,3,407.78,477.73,plan_completed
qwen3-vl-8b-thinking,FINAL.G1-n1,3,1,0,0.6,5,2,0,11,1040.91,1119.9,replan_budget_exhausted
qwen3-vl-8b-thinking,FINAL.G1-n1,4,1,0,0.8,5,1,0,5,621.13,706.03,plan_completed
qwen3-vl-8b-thinking,FINAL.G1-n1,5,1,0,0.6,5,2,0,9,1014.82,1100.97,plan_completed
qwen3-vl-8b-thinking,FINAL.G1-n1,6,1,0,0.6,5,2,0,4,534.08,616.04,plan_completed
qwen3-vl-8b-thinking,FINAL.G1-n1,7,1,0,0.8,5,1,1,2,245.27,322.32,plan_completed
qwen3-vl-8b-thinking,FINAL.G1-n1,8,1,0,0.6,5,2,0,7,766.0,850.21,plan_completed
qwen3-vl-8b-thinking,FINAL.G1-n1,9,1,0,0.8,5,1,0,4,447.31,527.84,plan_completed
qwen3-vl-8b-thinking,FINAL.G2,0,1,0,0.5714,7,3,0,11,1189.15,1310.15,replan_budget_exhausted
qwen3-vl-8b-thinking,FINAL.G2,1,1,0,0.4286,7,4,0,6,844.5,950.98,plan_completed
qwen3-vl-8b-thinking,FINAL.G2,2,1,0,0.7143,7,2,0,5,623.16,719.72,plan_completed
qwen3-vl-8b-thinking,FINAL.G2,3,1,0,0.7143,7,2,1,6,1013.68,1116.94,plan_completed
qwen3-vl-8b-thinking,FINAL.G2,4,1,0,0.1429,7,6,1,11,1806.56,1923.31,replan_budget_exhausted
qwen3-vl-8b-thinking,FINAL.G2,5,1,0,0.4286,7,4,0,5,817.12,876.75,plan_completed
qwen3-vl-8b-thinking,FINAL.G2,6,1,0,0.8571,7,1,1,3,662.46,750.19,plan_completed
qwen3-vl-8b-thinking,FINAL.G2,7,1,0,0.8571,7,1,0,3,436.38,518.06,plan_completed
qwen3-vl-8b-thinking,FINAL.G2,8,1,0,0.5714,7,3,1,8,1188.91,1342.22,plan_completed
qwen3-vl-8b-thinking,FINAL.G2,9,1,1,1.0,7,0,0,4,580.01,658.19,plan_completed
qwen3-vl-8b-thinking,FINAL.G3,0,1,0,0.5714,7,3,0,8,998.56,1250.61,plan_completed
qwen3-vl-8b-thinking,FINAL.G3,1,1,0,0.2857,7,5,0,11,1227.64,1314.84,replan_budget_exhausted
qwen3-vl-8b-thinking,FINAL.G3,2,1,0,0.2857,7,5,0,11,1301.46,1376.12,replan_budget_exhausted
qwen3-vl-8b-thinking,FINAL.G3,3,1,0,0.5714,7,3,0,11,1565.81,1632.01,replan_budget_exhausted
qwen3-vl-8b-thinking,FINAL.G3,4,1,1,1.0,7,0,0,2,339.67,429.55,plan_completed
qwen3-vl-8b-thinking,FINAL.G3,5,1,0,0.2857,7,5,0,11,1286.87,1384.5,replan_budget_exhausted
qwen3-vl-8b-thinking,FINAL.G3,6,1,0,0.5714,7,3,0,10,1272.83,1472.56,plan_completed
qwen3-vl-8b-thinking,FINAL.G3,7,1,0,0.2857,7,5,0,11,1267.55,1384.31,replan_budget_exhausted
qwen3-vl-8b-thinking,FINAL.G3,8,1,0,0.5714,7,3,0,10,1678.72,1892.21,plan_completed
qwen3-vl-8b-thinking,FINAL.G3,9,1,0,0.2857,7,5,0,11,1295.77,1403.34,replan_budget_exhausted
qwen3-vl-8b-thinking,FINAL.K0,0,1,1,1.0,5,0,0,3,299.65,354.87,plan_completed
qwen3-vl-8b-thinking,FINAL.K0,1,1,1,1.0,5,0,0,3,404.23,478.37,plan_completed
qwen3-vl-8b-thinking,FINAL.K0,2,1,1,1.0,5,0,0,2,129.47,218.52,plan_completed
qwen3-vl-8b-thinking,FINAL.K0,3,1,1,1.0,5,0,0,3,352.97,400.37,plan_completed
qwen3-vl-8b-thinking,FINAL.K0,4,1,1,1.0,5,0,0,2,219.09,287.61,plan_completed
qwen3-vl-8b-thinking,FINAL.K0,5,1,1,1.0,5,0,0,1,115.7,187.62,plan_completed
qwen3-vl-8b-thinking,FINAL.K0,6,1,1,1.0,5,0,0,1,93.02,160.66,plan_completed
qwen3-vl-8b-thinking,FINAL.K0,7,1,1,1.0,5,0,0,2,250.31,329.89,plan_completed
qwen3-vl-8b-thinking,FINAL.K0,8,1,1,1.0,5,0,0,2,119.52,187.81,plan_completed
qwen3-vl-8b-thinking,FINAL.K0,9,1,1,1.0,5,0,0,3,305.52,378.43,plan_completed
qwen3-vl-8b-thinking,FINAL.K1,0,1,0,0.3333,6,4,1,11,1028.64,1075.83,replan_budget_exhausted
qwen3-vl-8b-thinking,FINAL.K1,1,1,1,1.0,6,0,0,6,477.27,570.92,plan_completed
qwen3-vl-8b-thinking,FINAL.K1,2,1,1,1.0,6,0,0,5,447.26,540.19,plan_completed
qwen3-vl-8b-thinking,FINAL.K1,3,1,1,1.0,6,0,0,8,677.23,777.76,plan_completed
qwen3-vl-8b-thinking,FINAL.K1,4,1,1,1.0,6,0,0,3,250.69,339.3,plan_completed
qwen3-vl-8b-thinking,FINAL.K1,5,1,1,1.0,6,0,0,4,314.57,407.29,plan_completed
qwen3-vl-8b-thinking,FINAL.K1,6,1,1,1.0,6,0,0,5,467.32,528.18,plan_completed
qwen3-vl-8b-thinking,FINAL.K1,7,1,1,1.0,6,0,0,5,358.58,418.89,plan_completed
qwen3-vl-8b-thinking,FINAL.K1,8,1,1,1.0,6,0,0,3,201.88,283.77,plan_completed
qwen3-vl-8b-thinking,FINAL.K1,9,1,1,1.0,6,0,0,7,581.71,663.21,plan_completed
qwen3-vl-8b-thinking,FINAL.K1-w1,0,1,1,1.0,7,0,1,11,883.7,1022.25,plan_completed
qwen3-vl-8b-thinking,FINAL.K1-w1,1,1,1,1.0,7,0,0,5,302.67,448.27,plan_completed
qwen3-vl-8b-thinking,FINAL.K1-w1,2,1,0,0.8571,7,1,0,11,1093.74,1243.86,replan_budget_exhausted
qwen3-vl-8b-thinking,FINAL.K1-w1,3,1,1,1.0,7,0,0,10,893.71,1019.67,plan_completed
qwen3-vl-8b-thinking,FINAL.K1-w1,4,1,1,1.0,7,0,0,8,686.27,796.93,plan_completed
qwen3-vl-8b-thinking,FINAL.K1-w1,5,1,1,1.0,7,0,0,8,706.74,827.1,plan_completed
qwen3-vl-8b-thinking,FINAL.K1-w1,6,1,1,1.0,7,0,0,3,300.88,362.27,plan_completed
qwen3-vl-8b-thinking,FINAL.K1-w1,7,1,1,1.0,7,0,0,10,802.29,910.65,plan_completed
qwen3-vl-8b-thinking,FINAL.K1-w1,8,1,1,1.0,7,0,0,5,378.71,483.63,plan_completed
qwen3-vl-8b-thinking,FINAL.K1-w1,9,1,1,1.0,7,0,0,6,505.61,620.38,plan_completed
qwen3-vl-8b-thinking,FINAL.K1-w2,0,1,1,1.0,8,0,1,8,604.28,766.2,plan_completed
qwen3-vl-8b-thinking,FINAL.K1-w2,1,1,1,1.0,8,0,0,5,415.49,565.51,plan_completed
qwen3-vl-8b-thinking,FINAL.K1-w2,2,1,1,1.0,8,0,0,11,891.85,1043.28,plan_completed
qwen3-vl-8b-thinking,FINAL.K1-w2,3,1,1,1.0,8,0,0,5,397.87,532.94,plan_completed
qwen3-vl-8b-thinking,FINAL.K1-w2,4,1,0,0.375,8,5,0,11,717.05,798.57,replan_budget_exhausted
qwen3-vl-8b-thinking,FINAL.K1-w2,5,1,1,1.0,8,0,0,5,429.25,572.16,plan_completed
qwen3-vl-8b-thinking,FINAL.K1-w2,6,1,1,1.0,8,0,0,4,330.23,470.44,plan_completed
qwen3-vl-8b-thinking,FINAL.K1-w2,7,1,1,1.0,8,0,0,3,204.77,344.72,plan_completed
qwen3-vl-8b-thinking,FINAL.K1-w2,8,1,1,1.0,8,0,0,4,337.5,464.28,plan_completed
qwen3-vl-8b-thinking,FINAL.K1-w2,9,1,1,1.0,8,0,1,8,822.63,922.24,plan_completed
qwen3-vl-8b-thinking,FINAL.K2,0,1,1,1.0,6,0,0,2,119.91,187.51,plan_completed
qwen3-vl-8b-thinking,FINAL.K2,1,1,0,0.5,6,3,0,11,819.21,868.19,replan_budget_exhausted
qwen3-vl-8b-thinking,FINAL.K2,2,1,1,1.0,6,0,0,6,557.52,642.35,plan_completed
qwen3-vl-8b-thinking,FINAL.K2,3,1,1,1.0,6,0,0,11,721.18,768.34,replan_budget_exhausted
qwen3-vl-8b-thinking,FINAL.K2,4,1,1,1.0,6,0,0,2,259.6,332.41,plan_completed
qwen3-vl-8b-thinking,FINAL.K2,5,1,1,1.0,6,0,0,1,100.36,171.78,plan_completed
qwen3-vl-8b-thinking,FINAL.K2,6,1,1,1.0,6,0,0,1,116.15,188.81,plan_completed
qwen3-vl-8b-thinking,FINAL.K2,7,1,1,1.0,6,0,0,4,364.5,447.02,plan_completed
qwen3-vl-8b-thinking,FINAL.K2,8,1,1,1.0,6,0,0,1,113.92,183.7,plan_completed
qwen3-vl-8b-thinking,FINAL.K2,9,1,1,1.0,6,0,0,1,105.5,178.27,plan_completed
qwen3-vl-8b-thinking,FINAL.K3,0,1,1,1.0,6,0,0,4,447.92,541.53,plan_completed
qwen3-vl-8b-thinking,FINAL.K3,1,1,1,1.0,6,0,0,9,904.3,1008.9,plan_completed
qwen3-vl-8b-thinking,FINAL.K3,2,1,1,1.0,6,0,0,3,314.77,416.35,plan_completed
qwen3-vl-8b-thinking,FINAL.K3,3,1,1,1.0,6,0,0,4,422.15,515.17,plan_completed
qwen3-vl-8b-thinking,FINAL.K3,4,1,1,1.0,6,0,0,5,574.69,663.54,plan_completed
qwen3-vl-8b-thinking,FINAL.K3,5,1,1,1.0,6,0,0,2,167.55,259.78,plan_completed
qwen3-vl-8b-thinking,FINAL.K3,6,1,1,1.0,6,0,0,2,179.98,268.07,plan_completed
qwen3-vl-8b-thinking,FINAL.K3,7,1,1,1.0,6,0,0,2,148.12,249.26,plan_completed
qwen3-vl-8b-thinking,FINAL.K3,8,1,1,1.0,6,0,0,4,407.0,492.25,plan_completed
qwen3-vl-8b-thinking,FINAL.K3,9,1,1,1.0,6,0,0,3,288.18,382.79,plan_completed
qwen3-vl-8b-thinking,FINAL.K3-n2,0,1,1,1.0,7,0,0,5,440.97,566.55,plan_completed
qwen3-vl-8b-thinking,FINAL.K3-n2,1,1,1,1.0,7,0,0,7,839.76,968.78,plan_completed
qwen3-vl-8b-thinking,FINAL.K3-n2,2,1,1,1.0,7,0,0,6,550.49,664.69,plan_completed
qwen3-vl-8b-thinking,FINAL.K3-n2,3,1,1,1.0,7,0,0,3,340.51,427.86,plan_completed
qwen3-vl-8b-thinking,FINAL.K3-n2,4,1,0,0.8571,7,1,0,2,234.17,349.97,plan_completed
qwen3-vl-8b-thinking,FINAL.K3-n2,5,1,1,1.0,7,0,0,2,225.0,338.66,plan_completed
qwen3-vl-8b-thinking,FINAL.K3-n2,6,1,1,1.0,7,0,0,4,456.68,537.05,plan_completed
qwen3-vl-8b-thinking,FINAL.K3-n2,7,1,1,1.0,7,0,0,3,333.78,450.45,plan_completed
qwen3-vl-8b-thinking,FINAL.K3-n2,8,1,1,1.0,7,0,0,3,285.53,391.17,plan_completed
qwen3-vl-8b-thinking,FINAL.K3-n2,9,1,1,1.0,7,0,0,4,418.45,528.8,plan_completed
qwen3-vl-8b-thinking,FINAL.K3-n3,0,1,1,1.0,8,0,0,3,332.72,476.82,plan_completed
qwen3-vl-8b-thinking,FINAL.K3-n3,1,1,1,1.0,8,0,1,8,953.84,1114.52,plan_completed
qwen3-vl-8b-thinking,FINAL.K3-n3,2,1,1,1.0,8,0,0,3,286.79,422.58,plan_completed
qwen3-vl-8b-thinking,FINAL.K3-n3,3,1,1,1.0,8,0,0,5,544.24,677.72,plan_completed
qwen3-vl-8b-thinking,FINAL.K3-n3,4,1,1,1.0,8,0,1,4,462.67,604.25,plan_completed
qwen3-vl-8b-thinking,FINAL.K3-n3,5,1,1,1.0,8,0,0,3,421.63,556.64,plan_completed
qwen3-vl-8b-thinking,FINAL.K3-n3,6,1,1,1.0,8,0,0,2,214.89,341.93,plan_completed
qwen3-vl-8b-thinking,FINAL.K3-n3,7,1,1,1.0,8,0,0,2,159.88,300.4,plan_completed
qwen3-vl-8b-thinking,FINAL.K3-n3,8,1,1,1.0,8,0,1,6,610.35,744.43,plan_completed
qwen3-vl-8b-thinking,FINAL.K3-n3,9,1,1,1.0,8,0,0,4,434.0,562.69,plan_completed
qwen3-vl-8b-thinking,FINAL.K4,0,1,1,1.0,6,0,0,5,511.83,576.05,plan_completed
qwen3-vl-8b-thinking,FINAL.K4,1,1,1,1.0,6,0,0,3,387.68,472.97,plan_completed
qwen3-vl-8b-thinking,FINAL.K4,2,1,1,1.0,6,0,0,3,260.28,347.82,plan_completed
qwen3-vl-8b-thinking,FINAL.K4,3,1,1,1.0,6,0,0,3,329.89,401.21,plan_completed
qwen3-vl-8b-thinking,FINAL.K4,4,1,1,1.0,6,0,0,2,256.87,325.38,plan_completed
qwen3-vl-8b-thinking,FINAL.K4,5,1,1,1.0,6,0,0,3,204.04,286.68,plan_completed
qwen3-vl-8b-thinking,FINAL.K4,6,1,1,1.0,6,0,0,3,225.4,293.82,plan_completed
qwen3-vl-8b-thinking,FINAL.K4,7,1,1,1.0,6,0,0,3,335.93,418.29,plan_completed
qwen3-vl-8b-thinking,FINAL.K4,8,1,1,1.0,6,0,0,2,226.89,290.7,plan_completed
qwen3-vl-8b-thinking,FINAL.K4,9,1,1,1.0,6,0,0,4,420.44,488.56,plan_completed
r1-distill-llama-8b,FINAL.G0,0,1,0,0.0,3,3,0,11,219.81,221.45,replan_budget_exhausted
r1-distill-llama-8b,FINAL.G0,1,1,0,0.0,3,3,0,11,377.14,378.75,replan_budget_exhausted
r1-distill-llama-8b,FINAL.G0,2,1,0,0.0,3,3,0,11,307.11,308.71,replan_budget_exhausted
r1-distill-llama-8b,FINAL.G0,3,1,0,0.0,3,3,0,11,305.21,306.82,replan_budget_exhausted
r1-distill-llama-8b,FINAL.G0,4,1,0,0.0,3,3,0,11,384.4,386.01,replan_budget_exhausted
r1-distill-llama-8b,FINAL.G0,5,1,0,0.0,3,3,0,11,212.77,214.41,replan_budget_exhausted
r1-distill-llama-8b,FINAL.G0,6,1,0,0.0,3,3,0,11,237.01,238.65,replan_budget_exhausted
r1-distill-llama-8b,FINAL.G0,7,1,0,0.0,3,3,0,11,292.99,294.59,replan_budget_exhausted
r1-distill-llama-8b,FINAL.G0,8,1,0,0.0,3,3,0,11,302.33,303.94,replan_budget_exhausted
r1-distill-llama-8b,FINAL.G0,9,1,0,0.0,3,3,0,11,336.39,337.99,replan_budget_exhausted
r1-distill-llama-8b,FINAL.G1,0,1,0,0.2857,7,5,0,11,363.13,364.83,replan_budget_exhausted
r1-distill-llama-8b,FINAL.G1,1,1,0,0.2857,7,5,0,11,329.64,331.31,replan_budget_exhausted
r1-distill-llama-8b,FINAL.G1,2,1,0,0.2857,7,5,0,11,318.28,319.95,replan_budget_exhausted
r1-distill-llama-8b,FINAL.G1,3,1,0,0.2857,7,5,0,11,316.29,317.97,replan_budget_exhausted
r1-distill-llama-8b,FINAL.G1,4,1,0,0.2857,7,5,0,11,256.69,258.37,replan_budget_exhausted
r1-distill-llama-8b,FINAL.G1,5,1,0,0.2857,7,5,0,11,353.03,354.76,replan_budget_exhausted
r1-distill-llama-8b,FINAL.G1,6,1,0,0.2857,7,5,0,11,374.72,376.41,replan_budget_exhausted
r1-distill-llama-8b,FINAL.G1,7,1,0,0.2857,7,5,0,11,249.26,250.94,replan_budget_exhausted
r1-distill-llama-8b,FINAL.G1,8,1,0,0.2857,7,5,0,11,314.66,316.34,replan_budget_exhausted
r1-distill-llama-8b,FINAL.G1,9,1,0,0.2857,7,5,0,11,376.06,377.75,replan_budget_exhausted
r1-distill-llama-8b,FINAL.G1-n1,0,1,0,0.2,5,4,0,11,231.63,233.29,replan_budget_exhausted
r1-distill-llama-8b,FINAL.G1-n1,1,1,0,0.2,5,4,0,11,306.21,307.86,replan_budget_exhausted
r1-distill-llama-8b,FINAL.G1-n1,2,1,0,0.2,5,4,0,11,259.04,260.67,replan_budget_exhausted
r1-distill-llama-8b,FINAL.G1-n1,3,1,0,0.2,5,4,0,11,330.85,332.49,replan_budget_exhausted
r1-distill-llama-8b,FINAL.G1-n1,4,1,0,0.2,5,4,0,11,215.54,217.19,replan_budget_exhausted
r1-distill-llama-8b,FINAL.G1-n1,5,1,0,0.2,5,4,0,11,323.67,325.29,replan_budget_exhausted
r1-distill-llama-8b,FINAL.G1-n1,6,1,0,0.2,5,4,0,11,301.22,302.89,replan_budget_exhausted
r1-distill-llama-8b,FINAL.G1-n1,7,1,0,0.2,5,4,0,11,258.07,259.74,replan_budget_exhausted
r1-distill-llama-8b,FINAL.G1-n1,8,1,0,0.2,5,4,0,11,186.3,187.96,replan_budget_exhausted
r1-distill-llama-8b,FINAL.G1-n1,9,1,0,0.2,5,4,0,11,283.47,285.14,replan_budget_exhausted
r1-distill-llama-8b,FINAL.G2,0,1,0,0.1429,7,6,0,11,260.68,262.4,replan_budget_exhausted
r1-distill-llama-8b,FINAL.G2,1,1,0,0.1429,7,6,0,11,325.54,327.22,replan_budget_exhausted
r1-distill-llama-8b,FINAL.G2,2,1,0,0.1429,7,6,0,11,293.22,294.89,replan_budget_exhausted
r1-distill-llama-8b,FINAL.G2,3,1,0,0.1429,7,6,0,11,209.59,211.28,replan_budget_exhausted
r1-distill-llama-8b,FINAL.G2,4,1,0,0.1429,7,6,0,11,272.36,274.03,replan_budget_exhausted
r1-distill-llama-8b,FINAL.G2,5,1,0,0.1429,7,6,0,11,283.33,284.99,replan_budget_exhausted
r1-distill-llama-8b,FINAL.G2,6,1,0,0.1429,7,6,0,11,271.58,273.27,replan_budget_exhausted
r1-distill-llama-8b,FINAL.G2,7,1,0,0.1429,7,6,0,11,303.75,305.43,replan_budget_exhausted
r1-distill-llama-8b,FINAL.G2,8,1,0,0.1429,7,6,0,11,630.72,632.42,replan_budget_exhausted
r1-distill-llama-8b,FINAL.G2,9,1,0,0.1429,7,6,0,11,322.04,323.75,replan_budget_exhausted
r1-distill-llama-8b,FINAL.G3,0,1,0,0.0,7,7,0,11,263.79,265.49,replan_budget_exhausted
r1-distill-llama-8b,FINAL.G3,1,1,0,0.0,7,7,0,11,290.98,292.69,replan_budget_exhausted
r1-distill-llama-8b,FINAL.G3,2,1,0,0.0,7,7,0,11,363.05,364.73,replan_budget_exhausted
r1-distill-llama-8b,FINAL.G3,3,1,0,0.0,7,7,0,11,222.56,224.27,replan_budget_exhausted
r1-distill-llama-8b,FINAL.G3,4,1,0,0.0,7,7,0,11,289.7,291.38,replan_budget_exhausted
r1-distill-llama-8b,FINAL.G3,5,1,0,0.0,7,7,0,11,364.93,366.6,replan_budget_exhausted
r1-distill-llama-8b,FINAL.G3,6,1,0,0.0,7,7,0,11,262.03,263.7,replan_budget_exhausted
r1-distill-llama-8b,FINAL.G3,7,1,0,0.0,7,7,0,11,332.97,334.63,replan_budget_exhausted
r1-distill-llama-8b,FINAL.G3,8,1,0,0.0,7,7,0,11,310.4,312.09,replan_budget_exhausted
r1-distill-llama-8b,FINAL.G3,9,1,0,0.0,7,7,0,11,204.77,206.48,replan_budget_exhausted
r1-distill-llama-8b,FINAL.K0,0,1,0,0.0,5,5,0,11,362.06,363.49,replan_budget_exhausted
r1-distill-llama-8b,FINAL.K0,1,1,0,0.0,5,5,0,11,1030.19,1031.61,replan_budget_exhausted
r1-distill-llama-8b,FINAL.K0,2,1,0,0.0,5,5,0,11,788.63,790.06,replan_budget_exhausted
r1-distill-llama-8b,FINAL.K0,3,1,0,0.0,5,5,0,11,696.85,698.27,replan_budget_exhausted
r1-distill-llama-8b,FINAL.K0,4,1,0,0.0,5,5,0,11,672.7,674.12,replan_budget_exhausted
r1-distill-llama-8b,FINAL.K0,5,1,0,0.0,5,5,0,11,1085.12,1086.54,replan_budget_exhausted
r1-distill-llama-8b,FINAL.K0,6,1,0,0.0,5,5,0,11,626.85,628.26,replan_budget_exhausted
r1-distill-llama-8b,FINAL.K0,7,1,0,0.0,5,5,0,11,402.85,404.28,replan_budget_exhausted
r1-distill-llama-8b,FINAL.K0,8,1,0,0.0,5,5,0,11,469.16,470.62,replan_budget_exhausted
r1-distill-llama-8b,FINAL.K0,9,1,0,0.0,5,5,0,11,1055.88,1057.32,replan_budget_exhausted
r1-distill-llama-8b,FINAL.K1,0,1,0,0.0,6,6,1,11,975.2,976.68,replan_budget_exhausted
r1-distill-llama-8b,FINAL.K1,1,1,0,0.0,6,6,1,11,919.28,920.71,replan_budget_exhausted
r1-distill-llama-8b,FINAL.K1,2,1,0,0.0,6,6,1,11,298.34,299.75,replan_budget_exhausted
r1-distill-llama-8b,FINAL.K1,3,1,0,0.0,6,6,1,11,376.98,378.44,replan_budget_exhausted
r1-distill-llama-8b,FINAL.K1,4,1,0,0.0,6,6,1,11,774.42,775.83,replan_budget_exhausted
r1-distill-llama-8b,FINAL.K1,5,1,0,0.0,6,6,1,11,747.22,748.66,replan_budget_exhausted
r1-distill-llama-8b,FINAL.K1,6,1,0,0.0,6,6,1,11,382.75,384.17,replan_budget_exhausted
r1-distill-llama-8b,FINAL.K1,7,1,0,0.0,6,6,1,11,705.92,707.35,replan_budget_exhausted
r1-distill-llama-8b,FINAL.K1,8,1,0,0.0,6,6,1,11,1073.07,1074.53,replan_budget_exhausted
r1-distill-llama-8b,FINAL.K1,9,1,0,0.0,6,6,1,9,625.81,627.04,replan_loop
r1-distill-llama-8b,FINAL.K1-w1,0,1,0,0.0,7,7,1,11,1052.47,1053.92,replan_budget_exhausted
r1-distill-llama-8b,FINAL.K1-w1,1,1,0,0.0,7,7,1,11,284.02,285.49,replan_budget_exhausted
r1-distill-llama-8b,FINAL.K1-w1,2,1,0,0.0,7,7,1,11,286.83,288.29,replan_budget_exhausted
r1-distill-llama-8b,FINAL.K1-w1,3,1,0,0.0,7,7,1,11,255.32,256.8,replan_budget_exhausted
r1-distill-llama-8b,FINAL.K1-w1,4,1,0,0.0,7,7,1,11,1338.13,1339.56,replan_budget_exhausted
r1-distill-llama-8b,FINAL.K1-w1,5,1,0,0.0,7,7,1,11,279.64,281.05,replan_budget_exhausted
r1-distill-llama-8b,FINAL.K1-w1,6,1,0,0.0,7,7,1,11,610.86,612.33,replan_budget_exhausted
r1-distill-llama-8b,FINAL.K1-w1,7,1,0,0.0,7,7,1,11,637.57,639.03,replan_budget_exhausted
r1-distill-llama-8b,FINAL.K1-w1,8,1,0,0.0,7,7,1,11,677.95,679.42,replan_budget_exhausted
r1-distill-llama-8b,FINAL.K1-w1,9,1,0,0.0,7,7,1,11,269.16,270.64,replan_budget_exhausted
r1-distill-llama-8b,FINAL.K1-w2,0,1,0,0.0,8,8,1,11,363.13,364.64,replan_budget_exhausted
r1-distill-llama-8b,FINAL.K1-w2,1,1,0,0.0,8,8,1,11,386.52,388.01,replan_budget_exhausted
r1-distill-llama-8b,FINAL.K1-w2,2,1,0,0.0,8,8,1,11,307.71,309.19,replan_budget_exhausted
r1-distill-llama-8b,FINAL.K1-w2,3,1,0,0.0,8,8,1,11,783.48,784.97,replan_budget_exhausted
r1-distill-llama-8b,FINAL.K1-w2,4,1,0,0.0,8,8,1,11,756.61,758.09,replan_budget_exhausted
r1-distill-llama-8b,FINAL.K1-w2,5,1,0,0.0,8,8,1,11,327.9,329.37,replan_budget_exhausted
r1-distill-llama-8b,FINAL.K1-w2,6,1,0,0.0,8,8,1,11,402.34,403.83,replan_budget_exhausted
r1-distill-llama-8b,FINAL.K1-w2,7,1,0,0.0,8,8,1,11,707.28,708.81,replan_budget_exhausted
r1-distill-llama-8b,FINAL.K1-w2,8,1,0,0.0,8,8,1,11,754.99,756.49,replan_budget_exhausted
r1-distill-llama-8b,FINAL.K1-w2,9,1,0,0.0,8,8,1,11,386.78,388.27,replan_budget_exhausted
r1-distill-llama-8b,FINAL.K2,0,1,0,0.1667,6,5,0,11,407.35,408.84,replan_budget_exhausted
r1-distill-llama-8b,FINAL.K2,1,1,0,0.1667,6,5,0,11,551.62,553.05,replan_budget_exhausted
r1-distill-llama-8b,FINAL.K2,2,1,0,0.1667,6,5,0,11,1055.44,1056.87,replan_budget_exhausted
r1-distill-llama-8b,FINAL.K2,3,1,0,0.1667,6,5,0,11,680.04,681.44,replan_budget_exhausted
r1-distill-llama-8b,FINAL.K2,4,1,0,0.1667,6,5,0,11,612.87,614.28,replan_budget_exhausted
r1-distill-llama-8b,FINAL.K2,5,1,0,0.1667,6,5,0,11,1024.75,1026.16,replan_budget_exhausted
r1-distill-llama-8b,FINAL.K2,6,1,0,0.1667,6,5,0,11,325.94,327.36,replan_budget_exhausted
r1-distill-llama-8b,FINAL.K2,7,1,0,0.1667,6,5,0,11,582.22,583.65,replan_budget_exhausted
r1-distill-llama-8b,FINAL.K2,8,1,0,0.1667,6,5,0,11,457.57,459.01,replan_budget_exhausted
r1-distill-llama-8b,FINAL.K2,9,1,0,0.1667,6,5,0,11,679.43,680.88,replan_budget_exhausted
r1-distill-llama-8b,FINAL.K3,0,1,0,0.0,6,6,1,11,384.38,385.87,replan_budget_exhausted
r1-distill-llama-8b,FINAL.K3,1,1,0,0.0,6,6,1,11,442.57,443.99,replan_budget_exhausted
r1-distill-llama-8b,FINAL.K3,2,1,0,0.0,6,6,1,11,639.89,641.3,replan_budget_exhausted
r1-distill-llama-8b,FINAL.K3,3,1,0,0.0,6,6,1,11,276.3,277.71,replan_budget_exhausted
r1-distill-llama-8b,FINAL.K3,4,1,0,0.0,6,6,1,11,528.09,529.49,replan_budget_exhausted
r1-distill-llama-8b,FINAL.K3,5,1,0,0.0,6,6,1,11,417.95,419.37,replan_budget_exhausted
r1-distill-llama-8b,FINAL.K3,6,1,0,0.0,6,6,1,11,324.7,326.12,replan_budget_exhausted
r1-distill-llama-8b,FINAL.K3,7,1,0,0.0,6,6,1,11,714.28,715.68,replan_budget_exhausted
r1-distill-llama-8b,FINAL.K3,8,1,0,0.0,6,6,1,11,1127.85,1129.28,replan_budget_exhausted
r1-distill-llama-8b,FINAL.K3,9,1,0,0.0,6,6,1,11,688.17,689.62,replan_budget_exhausted
r1-distill-llama-8b,FINAL.K3-n2,0,1,0,0.0,7,7,2,11,641.68,643.1,replan_budget_exhausted
r1-distill-llama-8b,FINAL.K3-n2,1,1,0,0.0,7,7,2,11,1090.24,1091.68,replan_budget_exhausted
r1-distill-llama-8b,FINAL.K3-n2,2,1,0,0.0,7,7,2,11,352.03,353.46,replan_budget_exhausted
r1-distill-llama-8b,FINAL.K3-n2,3,1,0,0.0,7,7,2,11,734.46,735.88,replan_budget_exhausted
r1-distill-llama-8b,FINAL.K3-n2,4,1,0,0.0,7,7,2,11,392.31,393.77,replan_budget_exhausted
r1-distill-llama-8b,FINAL.K3-n2,5,1,0,0.0,7,7,2,11,410.77,412.18,replan_budget_exhausted
r1-distill-llama-8b,FINAL.K3-n2,6,1,0,0.0,7,7,2,11,1014.78,1016.21,replan_budget_exhausted
r1-distill-llama-8b,FINAL.K3-n2,7,1,0,0.0,7,7,2,11,620.15,621.58,replan_budget_exhausted
r1-distill-llama-8b,FINAL.K3-n2,8,1,0,0.0,7,7,2,11,397.12,398.53,replan_budget_exhausted
r1-distill-llama-8b,FINAL.K3-n2,9,1,0,0.0,7,7,2,11,645.0,646.43,replan_budget_exhausted
r1-distill-llama-8b,FINAL.K3-n3,0,1,0,0.0,8,8,3,11,999.48,1000.9,replan_budget_exhausted
r1-distill-llama-8b,FINAL.K3-n3,1,1,0,0.0,8,8,3,11,381.74,383.18,replan_budget_exhausted
r1-distill-llama-8b,FINAL.K3-n3,2,1,0,0.0,8,8,3,11,438.61,440.06,replan_budget_exhausted
r1-distill-llama-8b,FINAL.K3-n3,3,1,0,0.0,8,8,3,11,690.85,692.31,replan_budget_exhausted
r1-distill-llama-8b,FINAL.K3-n3,4,1,0,0.0,8,8,3,11,518.57,520.02,replan_budget_exhausted
r1-distill-llama-8b,FINAL.K3-n3,5,1,0,0.0,8,8,3,11,420.01,421.48,replan_budget_exhausted
r1-distill-llama-8b,FINAL.K3-n3,6,1,0,0.0,8,8,3,11,682.46,683.9,replan_budget_exhausted
r1-distill-llama-8b,FINAL.K3-n3,7,1,0,0.0,8,8,3,11,420.98,422.42,replan_budget_exhausted
r1-distill-llama-8b,FINAL.K3-n3,8,1,0,0.0,8,8,3,11,786.45,787.87,replan_budget_exhausted
r1-distill-llama-8b,FINAL.K3-n3,9,1,0,0.0,8,8,3,11,531.47,532.93,replan_budget_exhausted
r1-distill-llama-8b,FINAL.K4,0,1,0,0.0,6,6,0,11,425.94,427.43,replan_budget_exhausted
r1-distill-llama-8b,FINAL.K4,1,1,0,0.0,6,6,0,11,793.91,795.35,replan_budget_exhausted
r1-distill-llama-8b,FINAL.K4,2,1,0,0.0,6,6,0,11,776.05,777.48,replan_budget_exhausted
r1-distill-llama-8b,FINAL.K4,3,1,0,0.0,6,6,0,11,684.56,685.97,replan_budget_exhausted
r1-distill-llama-8b,FINAL.K4,4,1,0,0.0,6,6,0,11,370.7,372.13,replan_budget_exhausted
r1-distill-llama-8b,FINAL.K4,5,1,0,0.0,6,6,0,11,608.51,609.95,replan_budget_exhausted
r1-distill-llama-8b,FINAL.K4,6,1,0,0.0,6,6,0,11,368.62,370.04,replan_budget_exhausted
r1-distill-llama-8b,FINAL.K4,7,1,0,0.0,6,6,0,11,879.94,881.37,replan_budget_exhausted
r1-distill-llama-8b,FINAL.K4,8,1,0,0.0,6,6,0,11,750.48,751.91,replan_budget_exhausted
r1-distill-llama-8b,FINAL.K4,9,1,0,0.0,6,6,0,11,378.69,380.14,replan_budget_exhausted
r1-distill-qwen-7b,FINAL.G0,0,1,0,0.6667,3,1,0,11,528.62,562.1,replan_budget_exhausted
r1-distill-qwen-7b,FINAL.G0,1,1,0,0.0,3,3,0,1,35.37,35.92,planner_returned_no_actions
r1-distill-qwen-7b,FINAL.G0,2,1,0,0.0,3,3,0,2,94.55,95.18,planner_returned_no_actions
r1-distill-qwen-7b,FINAL.G0,3,1,0,0.0,3,3,0,11,210.86,212.49,replan_budget_exhausted
r1-distill-qwen-7b,FINAL.G0,4,1,0,0.3333,3,2,0,11,1058.39,1097.44,replan_budget_exhausted
r1-distill-qwen-7b,FINAL.G0,5,1,0,0.0,3,3,0,11,379.8,381.41,replan_budget_exhausted
r1-distill-qwen-7b,FINAL.G0,6,1,0,0.6667,3,1,0,11,620.15,665.25,replan_budget_exhausted
r1-distill-qwen-7b,FINAL.G0,7,1,0,0.0,3,3,0,11,844.35,845.97,replan_budget_exhausted
r1-distill-qwen-7b,FINAL.G0,8,1,0,0.0,3,3,0,11,475.82,483.29,replan_budget_exhausted
r1-distill-qwen-7b,FINAL.G0,9,1,0,0.3333,3,2,0,11,1376.49,1378.36,replan_budget_exhausted
r1-distill-qwen-7b,FINAL.G1,0,1,0,0.2857,7,5,0,11,307.21,308.94,planner_returned_no_actions
r1-distill-qwen-7b,FINAL.G1,1,1,0,0.2857,7,5,0,11,636.93,664.47,replan_budget_exhausted
r1-distill-qwen-7b,FINAL.G1,2,1,0,0.2857,7,5,0,11,811.95,813.72,replan_budget_exhausted
r1-distill-qwen-7b,FINAL.G1,3,1,0,0.2857,7,5,0,11,477.43,479.13,replan_budget_exhausted
r1-distill-qwen-7b,FINAL.G1,4,1,0,0.2857,7,5,0,11,1101.74,1129.0,replan_budget_exhausted
r1-distill-qwen-7b,FINAL.G1,5,1,0,0.4286,7,4,0,7,172.44,199.15,planner_returned_no_actions
r1-distill-qwen-7b,FINAL.G1,6,1,0,0.2857,7,5,0,11,269.42,271.15,replan_budget_exhausted
r1-distill-qwen-7b,FINAL.G1,7,1,0,0.2857,7,5,0,11,261.64,263.38,replan_budget_exhausted
r1-distill-qwen-7b,FINAL.G1,8,1,0,0.2857,7,5,0,11,799.58,801.28,replan_budget_exhausted
r1-distill-qwen-7b,FINAL.G1,9,1,0,0.4286,7,4,0,11,807.23,816.58,replan_budget_exhausted
r1-distill-qwen-7b,FINAL.G1-n1,0,1,0,0.2,5,4,0,11,275.66,277.35,replan_budget_exhausted
r1-distill-qwen-7b,FINAL.G1-n1,1,1,0,0.4,5,3,0,11,1077.67,1104.61,replan_budget_exhausted
r1-distill-qwen-7b,FINAL.G1-n1,2,1,0,0.2,5,4,0,11,1367.61,1394.65,replan_budget_exhausted
r1-distill-qwen-7b,FINAL.G1-n1,3,1,0,0.2,5,4,0,11,504.65,510.06,replan_budget_exhausted
r1-distill-qwen-7b,FINAL.G1-n1,4,1,0,0.2,5,4,0,11,312.57,339.48,replan_budget_exhausted
r1-distill-qwen-7b,FINAL.G1-n1,5,1,0,0.2,5,4,0,2,68.09,68.77,planner_returned_no_actions
r1-distill-qwen-7b,FINAL.G1-n1,6,1,0,0.2,5,4,0,11,509.33,511.02,replan_budget_exhausted
r1-distill-qwen-7b,FINAL.G1-n1,7,1,0,0.6,5,2,0,11,339.37,347.94,replan_budget_exhausted
r1-distill-qwen-7b,FINAL.G1-n1,8,1,0,0.2,5,4,0,11,488.7,490.38,replan_budget_exhausted
r1-distill-qwen-7b,FINAL.G1-n1,9,1,0,0.2,5,4,0,11,929.78,931.4,replan_budget_exhausted
r1-distill-qwen-7b,FINAL.G2,0,1,0,0.1429,7,6,0,9,1018.49,1020.05,planner_returned_no_actions
r1-distill-qwen-7b,FINAL.G2,1,1,0,0.1429,7,6,0,11,301.89,303.59,replan_budget_exhausted
r1-distill-qwen-7b,FINAL.G2,2,1,0,0.1429,7,6,0,11,333.6,335.32,replan_budget_exhausted
r1-distill-qwen-7b,FINAL.G2,3,1,0,0.1429,7,6,0,11,317.42,319.13,replan_budget_exhausted
r1-distill-qwen-7b,FINAL.G2,4,1,0,0.1429,7,6,0,11,180.33,182.04,replan_budget_exhausted
r1-distill-qwen-7b,FINAL.G2,5,1,0,0.1429,7,6,0,11,483.03,484.75,replan_budget_exhausted
r1-distill-qwen-7b,FINAL.G2,6,1,0,0.1429,7,6,0,4,122.95,123.9,planner_returned_no_actions
r1-distill-qwen-7b,FINAL.G2,7,1,0,0.1429,7,6,0,11,791.12,792.82,replan_budget_exhausted
r1-distill-qwen-7b,FINAL.G2,8,1,0,0.1429,7,6,0,11,1123.46,1125.19,replan_budget_exhausted
r1-distill-qwen-7b,FINAL.G2,9,1,0,0.1429,7,6,0,11,504.8,531.84,replan_budget_exhausted
r1-distill-qwen-7b,FINAL.G3,0,1,0,0.0,7,7,0,11,293.79,320.79,replan_budget_exhausted
r1-distill-qwen-7b,FINAL.G3,1,1,0,0.1429,7,6,0,11,870.81,898.2,replan_budget_exhausted
r1-distill-qwen-7b,FINAL.G3,2,1,0,0.1429,7,6,0,11,1298.22,1328.16,replan_budget_exhausted
r1-distill-qwen-7b,FINAL.G3,3,1,0,0.0,7,7,0,11,296.99,298.74,replan_budget_exhausted
r1-distill-qwen-7b,FINAL.G3,4,1,0,0.1429,7,6,0,11,529.67,556.8,replan_budget_exhausted
r1-distill-qwen-7b,FINAL.G3,5,1,0,0.0,7,7,0,7,216.77,218.08,planner_returned_no_actions
r1-distill-qwen-7b,FINAL.G3,6,1,0,0.0,7,7,0,11,217.37,223.27,replan_budget_exhausted
r1-distill-qwen-7b,FINAL.G3,7,1,0,0.1429,7,6,0,11,466.84,494.19,replan_budget_exhausted
r1-distill-qwen-7b,FINAL.G3,8,1,0,0.1429,7,6,0,11,1648.11,1682.83,replan_budget_exhausted
r1-distill-qwen-7b,FINAL.G3,9,1,0,0.1429,7,6,0,11,465.52,492.82,replan_budget_exhausted
r1-distill-qwen-7b,FINAL.K0,0,1,0,0.0,5,5,0,3,76.48,77.45,planner_returned_no_actions
r1-distill-qwen-7b,FINAL.K0,1,1,0,0.0,5,5,0,11,779.4,782.43,replan_budget_exhausted
r1-distill-qwen-7b,FINAL.K0,2,1,0,0.0,5,5,0,11,773.06,796.11,replan_budget_exhausted
r1-distill-qwen-7b,FINAL.K0,3,1,0,0.0,5,5,0,11,479.78,483.06,replan_budget_exhausted
r1-distill-qwen-7b,FINAL.K0,4,1,0,0.0,5,5,0,7,673.91,675.9,replan_loop
r1-distill-qwen-7b,FINAL.K0,5,1,0,0.0,5,5,0,11,466.32,482.6,replan_budget_exhausted
r1-distill-qwen-7b,FINAL.K0,6,1,0,0.0,5,5,0,11,1330.53,1333.73,replan_budget_exhausted
r1-distill-qwen-7b,FINAL.K0,7,1,0,0.0,5,5,0,10,834.91,837.19,planner_returned_no_actions
r1-distill-qwen-7b,FINAL.K0,8,1,0,0.0,5,5,0,11,1058.64,1061.94,replan_budget_exhausted
r1-distill-qwen-7b,FINAL.K0,9,1,0,0.0,5,5,0,11,1313.51,1316.81,replan_budget_exhausted
r1-distill-qwen-7b,FINAL.K1,0,1,0,0.0,6,6,1,11,720.38,723.6,replan_budget_exhausted
r1-distill-qwen-7b,FINAL.K1,1,1,0,0.0,6,6,1,11,535.97,544.5,replan_budget_exhausted
r1-distill-qwen-7b,FINAL.K1,2,1,0,0.0,6,6,1,11,1323.51,1326.81,replan_budget_exhausted
r1-distill-qwen-7b,FINAL.K1,3,1,0,0.0,6,6,1,11,874.12,877.77,planner_returned_no_actions
r1-distill-qwen-7b,FINAL.K1,4,1,0,0.0,6,6,1,11,847.27,850.28,replan_budget_exhausted
r1-distill-qwen-7b,FINAL.K1,5,1,0,0.0,6,6,1,8,438.96,442.02,planner_returned_no_actions
r1-distill-qwen-7b,FINAL.K1,6,1,0,0.0,6,6,1,1,50.6,50.98,planner_returned_no_actions
r1-distill-qwen-7b,FINAL.K1,7,1,0,0.0,6,6,1,11,741.38,745.02,replan_budget_exhausted
r1-distill-qwen-7b,FINAL.K1,8,1,0,0.0,6,6,1,11,833.11,836.08,replan_budget_exhausted
r1-distill-qwen-7b,FINAL.K1,9,1,0,0.0,6,6,1,2,91.22,91.7,planner_returned_no_actions
r1-distill-qwen-7b,FINAL.K1-w1,0,1,0,0.0,7,7,1,11,213.59,220.23,replan_budget_exhausted
r1-distill-qwen-7b,FINAL.K1-w1,1,1,0,0.0,7,7,1,11,549.32,563.54,replan_budget_exhausted
r1-distill-qwen-7b,FINAL.K1-w1,2,1,0,0.0,7,7,1,11,1078.93,1082.28,replan_budget_exhausted
r1-distill-qwen-7b,FINAL.K1-w1,3,1,0,0.0,7,7,1,5,384.2,385.39,planner_returned_no_actions
r1-distill-qwen-7b,FINAL.K1-w1,4,1,0,0.0,7,7,1,11,507.17,516.03,replan_budget_exhausted
r1-distill-qwen-7b,FINAL.K1-w1,5,1,0,0.2857,7,5,1,11,802.22,839.66,replan_budget_exhausted
r1-distill-qwen-7b,FINAL.K1-w1,6,1,0,0.0,7,7,1,3,87.37,87.98,planner_returned_no_actions
r1-distill-qwen-7b,FINAL.K1-w1,7,1,0,0.0,7,7,1,11,1355.38,1358.47,replan_budget_exhausted
r1-distill-qwen-7b,FINAL.K1-w1,8,1,0,0.0,7,7,1,11,791.54,795.9,replan_budget_exhausted
r1-distill-qwen-7b,FINAL.K1-w1,9,1,0,0.0,7,7,1,5,116.73,117.88,planner_returned_no_actions
r1-distill-qwen-7b,FINAL.K1-w2,0,1,0,0.0,8,8,1,11,746.37,749.25,replan_budget_exhausted
r1-distill-qwen-7b,FINAL.K1-w2,1,1,0,0.0,8,8,1,4,359.66,360.72,planner_returned_no_actions
r1-distill-qwen-7b,FINAL.K1-w2,2,1,0,0.0,8,8,1,11,476.89,480.09,replan_budget_exhausted
r1-distill-qwen-7b,FINAL.K1-w2,3,1,0,0.0,8,8,1,3,145.55,146.18,planner_returned_no_actions
r1-distill-qwen-7b,FINAL.K1-w2,4,1,0,0.0,8,8,1,1,25.1,25.51,planner_returned_no_actions
r1-distill-qwen-7b,FINAL.K1-w2,5,1,0,0.0,8,8,1,11,189.08,209.78,replan_budget_exhausted
r1-distill-qwen-7b,FINAL.K1-w2,6,1,0,0.0,8,8,1,8,248.38,250.53,planner_returned_no_actions
r1-distill-qwen-7b,FINAL.K1-w2,7,1,0,0.0,8,8,1,11,266.77,269.55,replan_budget_exhausted
r1-distill-qwen-7b,FINAL.K1-w2,8,1,0,0.0,8,8,1,11,781.85,785.33,replan_budget_exhausted
r1-distill-qwen-7b,FINAL.K1-w2,9,1,0,0.0,8,8,1,1,277.81,278.21,planner_returned_no_actions
r1-distill-qwen-7b,FINAL.K2,0,1,0,0.1667,6,5,0,11,484.59,492.55,replan_budget_exhausted
r1-distill-qwen-7b,FINAL.K2,1,1,0,0.1667,6,5,0,11,825.52,828.82,replan_budget_exhausted
r1-distill-qwen-7b,FINAL.K2,2,1,0,0.1667,6,5,0,11,1041.26,1044.3,replan_budget_exhausted
r1-distill-qwen-7b,FINAL.K2,3,1,0,0.1667,6,5,0,7,403.64,405.56,planner_returned_no_actions
r1-distill-qwen-7b,FINAL.K2,4,1,0,0.1667,6,5,0,11,781.01,784.03,replan_budget_exhausted
r1-distill-qwen-7b,FINAL.K2,5,1,0,0.5,6,3,0,11,1052.02,1068.61,replan_budget_exhausted
r1-distill-qwen-7b,FINAL.K2,6,1,0,0.1667,6,5,0,11,1296.07,1299.1,replan_budget_exhausted
r1-distill-qwen-7b,FINAL.K2,7,1,0,0.1667,6,5,0,2,28.71,29.5,planner_returned_no_actions
r1-distill-qwen-7b,FINAL.K2,8,1,0,0.1667,6,5,0,11,1043.57,1046.56,replan_budget_exhausted
r1-distill-qwen-7b,FINAL.K2,9,1,0,0.1667,6,5,0,11,499.95,503.31,replan_budget_exhausted
r1-distill-qwen-7b,FINAL.K3,0,1,0,0.0,6,6,1,4,82.03,83.13,planner_returned_no_actions
r1-distill-qwen-7b,FINAL.K3,1,1,0,0.0,6,6,1,11,850.65,853.32,replan_budget_exhausted
r1-distill-qwen-7b,FINAL.K3,2,1,0,0.0,6,6,1,11,529.55,543.43,planner_returned_no_actions
r1-distill-qwen-7b,FINAL.K3,3,1,0,0.0,6,6,1,11,454.99,458.62,replan_budget_exhausted
r1-distill-qwen-7b,FINAL.K3,4,1,0,0.0,6,6,1,11,247.78,250.76,replan_budget_exhausted
r1-distill-qwen-7b,FINAL.K3,5,1,0,0.0,6,6,1,11,507.67,515.94,replan_budget_exhausted
r1-distill-qwen-7b,FINAL.K3,6,1,0,0.0,6,6,1,8,169.86,177.43,planner_returned_no_actions
r1-distill-qwen-7b,FINAL.K3,7,1,0,0.0,6,6,1,11,544.11,546.81,replan_budget_exhausted
r1-distill-qwen-7b,FINAL.K3,8,1,0,0.0,6,6,1,11,531.1,533.45,replan_budget_exhausted
r1-distill-qwen-7b,FINAL.K3,9,1,0,0.0,6,6,1,7,704.93,706.68,planner_returned_no_actions
r1-distill-qwen-7b,FINAL.K3-n2,0,1,0,0.0,7,7,2,11,518.48,533.98,replan_budget_exhausted
r1-distill-qwen-7b,FINAL.K3-n2,1,1,0,0.0,7,7,2,11,849.86,859.88,replan_budget_exhausted
r1-distill-qwen-7b,FINAL.K3-n2,2,1,0,0.0,7,7,2,11,200.97,210.09,replan_budget_exhausted
r1-distill-qwen-7b,FINAL.K3-n2,3,1,0,0.0,7,7,2,2,111.22,111.72,planner_returned_no_actions
r1-distill-qwen-7b,FINAL.K3-n2,4,1,0,0.0,7,7,2,11,801.62,805.24,replan_budget_exhausted
r1-distill-qwen-7b,FINAL.K3-n2,5,1,0,0.0,7,7,2,11,862.17,865.14,replan_budget_exhausted
r1-distill-qwen-7b,FINAL.K3-n2,6,1,0,0.0,7,7,2,11,1027.79,1030.79,replan_budget_exhausted
r1-distill-qwen-7b,FINAL.K3-n2,7,1,0,0.0,7,7,2,9,766.82,769.34,planner_returned_no_actions
r1-distill-qwen-7b,FINAL.K3-n2,8,1,0,0.0,7,7,2,11,1330.05,1333.08,replan_budget_exhausted
r1-distill-qwen-7b,FINAL.K3-n2,9,1,0,0.0,7,7,2,11,592.64,612.28,replan_budget_exhausted
r1-distill-qwen-7b,FINAL.K3-n3,0,1,0,0.0,8,8,3,11,756.4,759.76,replan_budget_exhausted
r1-distill-qwen-7b,FINAL.K3-n3,1,1,0,0.0,8,8,3,11,809.5,812.82,replan_budget_exhausted
r1-distill-qwen-7b,FINAL.K3-n3,2,1,0,0.0,8,8,3,3,86.04,87.29,planner_returned_no_actions
r1-distill-qwen-7b,FINAL.K3-n3,3,1,0,0.0,8,8,3,5,132.59,134.38,planner_returned_no_actions
r1-distill-qwen-7b,FINAL.K3-n3,4,1,0,0.0,8,8,3,11,432.68,435.41,replan_budget_exhausted
r1-distill-qwen-7b,FINAL.K3-n3,5,1,0,0.0,8,8,3,11,826.91,837.1,replan_budget_exhausted
r1-distill-qwen-7b,FINAL.K3-n3,6,1,0,0.0,8,8,3,11,1054.36,1064.78,replan_budget_exhausted
r1-distill-qwen-7b,FINAL.K3-n3,7,1,0,0.0,8,8,3,11,804.77,813.82,replan_budget_exhausted
r1-distill-qwen-7b,FINAL.K3-n3,8,1,0,0.0,8,8,3,11,473.35,477.27,replan_budget_exhausted
r1-distill-qwen-7b,FINAL.K3-n3,9,1,0,0.0,8,8,3,11,520.45,528.74,replan_budget_exhausted
r1-distill-qwen-7b,FINAL.K4,0,1,0,0.0,6,6,0,10,733.09,735.77,planner_returned_no_actions
r1-distill-qwen-7b,FINAL.K4,1,1,0,0.0,6,6,0,11,559.09,562.1,replan_budget_exhausted
r1-distill-qwen-7b,FINAL.K4,2,1,0,0.0,6,6,0,11,540.91,544.53,replan_budget_exhausted
r1-distill-qwen-7b,FINAL.K4,3,1,0,0.0,6,6,0,4,147.27,148.27,planner_returned_no_actions
r1-distill-qwen-7b,FINAL.K4,4,1,0,0.0,6,6,0,2,121.14,121.62,planner_returned_no_actions
r1-distill-qwen-7b,FINAL.K4,5,1,0,0.0,6,6,0,11,453.49,461.31,replan_budget_exhausted
r1-distill-qwen-7b,FINAL.K4,6,1,0,0.0,6,6,0,3,86.91,88.14,planner_returned_no_actions
r1-distill-qwen-7b,FINAL.K4,7,1,0,0.0,6,6,0,11,1621.89,1624.58,replan_budget_exhausted
r1-distill-qwen-7b,FINAL.K4,8,1,0,0.0,6,6,0,11,1085.62,1088.95,replan_budget_exhausted
r1-distill-qwen-7b,FINAL.K4,9,1,0,0.0,6,6,0,11,988.0,991.01,replan_budget_exhausted
qwen3-8b_icl_grill,FINAL.G1,0,1,0,0.4286,7,4,0,11,286.01,326.24,replan_budget_exhausted
qwen3-8b_icl_grill,FINAL.G1,1,1,0,0.4286,7,4,0,9,246.29,285.78,replan_loop
qwen3-8b_icl_grill,FINAL.G1,2,1,0,0.4286,7,4,0,11,261.85,298.09,replan_budget_exhausted
qwen3-8b_icl_grill,FINAL.G1,3,1,0,0.4286,7,4,0,8,309.96,337.28,replan_loop
qwen3-8b_icl_grill,FINAL.G1,4,1,0,0.4286,7,4,0,7,250.8,278.26,replan_loop
qwen3-8b_icl_grill,FINAL.G1,5,1,0,0.4286,7,4,0,11,274.07,310.26,replan_loop
qwen3-8b_icl_grill,FINAL.G1,6,1,0,0.4286,7,4,0,11,266.26,302.11,replan_loop
qwen3-8b_icl_grill,FINAL.G1,7,1,0,0.4286,7,4,0,11,355.97,384.62,replan_budget_exhausted
qwen3-8b_icl_grill,FINAL.G1,8,1,0,0.4286,7,4,0,11,274.76,311.54,replan_budget_exhausted
qwen3-8b_icl_grill,FINAL.G1,9,1,0,0.4286,7,4,0,10,242.02,270.66,replan_loop
qwen3-8b_icl_grill,FINAL.G2,0,1,0,0.2857,7,5,0,11,521.01,560.16,replan_budget_exhausted
qwen3-8b_icl_grill,FINAL.G2,1,1,0,0.8571,7,1,0,5,232.42,315.27,plan_completed
qwen3-8b_icl_grill,FINAL.G2,2,1,1,1.0,7,0,0,4,216.74,304.74,plan_completed
qwen3-8b_icl_grill,FINAL.G2,3,1,0,0.5714,7,3,0,11,585.13,711.19,replan_budget_exhausted
qwen3-8b_icl_grill,FINAL.G2,4,1,0,0.2857,7,5,0,11,573.34,602.18,replan_budget_exhausted
qwen3-8b_icl_grill,FINAL.G2,5,1,1,1.0,7,0,0,11,580.55,669.41,plan_completed
qwen3-8b_icl_grill,FINAL.G2,6,1,0,0.2857,7,5,0,11,606.93,644.13,replan_budget_exhausted
qwen3-8b_icl_grill,FINAL.G2,7,1,1,1.0,7,0,0,11,582.4,669.36,plan_completed
qwen3-8b_icl_grill,FINAL.G2,8,1,0,0.1429,7,6,0,11,794.27,822.61,replan_budget_exhausted
qwen3-8b_icl_grill,FINAL.G2,9,1,1,1.0,7,0,0,3,111.82,198.35,plan_completed
qwen3-8b_icl_grill,FINAL.G3,0,1,1,1.0,7,0,0,3,140.79,229.93,plan_completed
qwen3-8b_icl_grill,FINAL.G3,1,1,0,0.1429,7,6,0,10,411.88,451.77,replan_loop
qwen3-8b_icl_grill,FINAL.G3,2,1,0,0.1429,7,6,0,9,410.3,438.13,replan_loop
qwen3-8b_icl_grill,FINAL.G3,3,1,1,1.0,7,0,0,11,504.27,592.11,plan_completed
qwen3-8b_icl_grill,FINAL.G3,4,1,0,0.1429,7,6,0,11,413.85,450.32,replan_budget_exhausted
qwen3-8b_icl_grill,FINAL.G3,5,1,0,0.1429,7,6,0,11,413.59,449.9,replan_budget_exhausted
qwen3-8b_icl_grill,FINAL.G3,6,1,0,0.1429,7,6,0,8,304.4,332.49,replan_loop
qwen3-8b_icl_grill,FINAL.G3,7,1,0,0.2857,7,5,0,11,472.96,516.64,replan_budget_exhausted
qwen3-8b_icl_grill,FINAL.G3,8,1,1,1.0,7,0,0,3,116.34,202.54,plan_completed
qwen3-8b_icl_grill,FINAL.G3,9,1,0,0.1429,7,6,0,11,482.06,518.22,replan_budget_exhausted
qwen3-8b_icl_grill,FINAL.G0,0,1,1,1.0,3,0,0,10,279.56,350.73,replan_loop
qwen3-8b_icl_grill,FINAL.G0,1,1,1,1.0,3,0,0,1,63.76,139.89,plan_completed
qwen3-8b_icl_grill,FINAL.G0,2,1,1,1.0,3,0,0,1,52.89,129.23,plan_completed
qwen3-8b_icl_grill,FINAL.G0,3,1,1,1.0,3,0,0,1,30.79,102.91,plan_completed
qwen3-8b_icl_grill,FINAL.G0,4,1,1,1.0,3,0,0,2,151.15,227.13,plan_completed
qwen3-8b_icl_grill,FINAL.G0,5,1,0,0.6667,3,1,0,5,176.34,246.79,replan_loop
qwen3-8b_icl_grill,FINAL.G0,6,1,1,1.0,3,0,0,1,33.96,110.52,plan_completed
qwen3-8b_icl_grill,FINAL.G0,7,1,1,1.0,3,0,0,1,41.69,117.44,plan_completed
qwen3-8b_icl_grill,FINAL.G0,8,1,1,1.0,3,0,0,2,88.68,167.09,plan_completed
qwen3-8b_icl_grill,FINAL.G0,9,1,1,1.0,3,0,0,1,43.01,121.53,plan_completed
qwen3-8b_icl_grill,FINAL.G1-n1,0,1,0,0.4,5,3,0,11,379.74,409.08,replan_budget_exhausted
qwen3-8b_icl_grill,FINAL.G1-n1,1,1,0,0.4,5,3,0,11,299.69,337.35,replan_budget_exhausted
qwen3-8b_icl_grill,FINAL.G1-n1,2,1,0,0.4,5,3,0,11,213.74,247.9,replan_budget_exhausted
qwen3-8b_icl_grill,FINAL.G1-n1,3,1,0,0.4,5,3,0,11,241.55,276.95,replan_budget_exhausted
qwen3-8b_icl_grill,FINAL.G1-n1,4,1,0,0.4,5,3,0,8,138.37,172.45,replan_loop
qwen3-8b_icl_grill,FINAL.G1-n1,5,1,0,0.4,5,3,0,11,199.06,234.24,replan_budget_exhausted
qwen3-8b_icl_grill,FINAL.G1-n1,6,1,1,1.0,5,0,0,7,214.78,296.39,plan_completed
qwen3-8b_icl_grill,FINAL.G1-n1,7,1,0,0.4,5,3,0,10,267.5,295.98,replan_loop
qwen3-8b_icl_grill,FINAL.G1-n1,8,1,0,0.4,5,3,0,11,230.69,266.56,replan_budget_exhausted
qwen3-8b_icl_grill,FINAL.G1-n1,9,1,0,0.4,5,3,0,11,315.66,345.91,replan_budget_exhausted
qwen3-vl-8b-instruct,FINAL.G0,0,1,0,0.6667,3,1,0,4,437.35,507.69,plan_completed
qwen3-vl-8b-instruct,FINAL.G0,1,1,0,0.0,3,3,0,11,159.3,319.59,replan_budget_exhausted
qwen3-vl-8b-instruct,FINAL.G0,2,1,1,1.0,3,0,0,11,282.33,423.04,replan_budget_exhausted
qwen3-vl-8b-instruct,FINAL.G0,3,1,0,0.3333,3,2,0,11,69.76,144.46,replan_budget_exhausted
qwen3-vl-8b-instruct,FINAL.G0,4,1,0,0.6667,3,1,0,3,89.06,154.22,plan_completed
qwen3-vl-8b-instruct,FINAL.G0,5,1,0,0.0,3,3,0,11,75.23,108.2,replan_budget_exhausted
qwen3-vl-8b-instruct,FINAL.G0,6,1,0,0.0,3,3,0,11,602.17,718.96,replan_budget_exhausted
qwen3-vl-8b-instruct,FINAL.G0,7,1,0,0.0,3,3,0,11,113.93,187.27,replan_budget_exhausted
qwen3-vl-8b-instruct,FINAL.G0,8,1,0,0.3333,3,2,0,11,47.04,113.25,replan_budget_exhausted
qwen3-vl-8b-instruct,FINAL.G0,9,1,0,0.0,3,3,0,11,48.33,238.67,replan_budget_exhausted
qwen3-vl-8b-instruct,FINAL.G1,0,1,0,0.2857,7,5,0,11,56.38,125.81,replan_budget_exhausted
qwen3-vl-8b-instruct,FINAL.G1,1,1,0,0.2857,7,5,0,11,134.01,162.54,replan_budget_exhausted
qwen3-vl-8b-instruct,FINAL.G1,2,1,0,0.5714,7,3,0,10,78.79,139.66,replan_loop
qwen3-vl-8b-instruct,FINAL.G1,3,1,0,0.2857,7,5,2,11,493.26,535.57,replan_budget_exhausted
qwen3-vl-8b-instruct,FINAL.G1,4,1,0,0.2857,7,5,0,11,176.01,215.92,replan_budget_exhausted
qwen3-vl-8b-instruct,FINAL.G1,5,1,0,0.2857,7,5,0,11,57.79,89.01,replan_budget_exhausted
qwen3-vl-8b-instruct,FINAL.G1,6,1,0,0.4286,7,4,0,11,352.81,393.76,replan_budget_exhausted
qwen3-vl-8b-instruct,FINAL.G1,7,1,0,0.1429,7,6,2,8,608.15,686.57,plan_completed
qwen3-vl-8b-instruct,FINAL.G1,8,1,0,0.4286,7,4,0,11,159.47,226.75,replan_budget_exhausted
qwen3-vl-8b-instruct,FINAL.G1,9,1,0,0.2857,7,5,0,11,94.08,134.16,replan_budget_exhausted
qwen3-vl-8b-instruct,FINAL.G1-n1,0,1,0,0.4,5,3,0,11,549.21,632.0,replan_budget_exhausted
qwen3-vl-8b-instruct,FINAL.G1-n1,1,1,0,0.4,5,3,0,11,562.82,635.49,replan_budget_exhausted
qwen3-vl-8b-instruct,FINAL.G1-n1,2,1,0,0.2,5,4,0,11,94.97,134.44,replan_budget_exhausted
qwen3-vl-8b-instruct,FINAL.G1-n1,3,1,0,0.4,5,3,0,11,567.27,633.72,replan_budget_exhausted
qwen3-vl-8b-instruct,FINAL.G1-n1,4,1,0,0.2,5,4,0,9,48.33,77.17,replan_loop
qwen3-vl-8b-instruct,FINAL.G1-n1,5,1,0,0.2,5,4,0,11,35.67,74.92,replan_budget_exhausted
qwen3-vl-8b-instruct,FINAL.G1-n1,6,1,0,0.2,5,4,1,11,464.58,529.47,replan_budget_exhausted
qwen3-vl-8b-instruct,FINAL.G1-n1,7,1,0,0.4,5,3,0,11,59.35,106.31,replan_budget_exhausted
qwen3-vl-8b-instruct,FINAL.G1-n1,8,1,0,0.2,5,4,0,11,63.68,92.84,replan_budget_exhausted
qwen3-vl-8b-instruct,FINAL.G1-n1,9,1,0,0.2,5,4,0,11,52.09,86.93,replan_budget_exhausted
qwen3-vl-8b-instruct,FINAL.G2,0,1,0,0.1429,7,6,0,11,1330.99,1369.48,replan_budget_exhausted
qwen3-vl-8b-instruct,FINAL.G2,1,1,0,0.1429,7,6,0,11,523.92,581.16,replan_budget_exhausted
qwen3-vl-8b-instruct,FINAL.G2,2,1,0,0.1429,7,6,0,11,928.78,955.8,replan_budget_exhausted
qwen3-vl-8b-instruct,FINAL.G2,3,1,0,0.4286,7,4,0,11,577.86,643.14,replan_budget_exhausted
qwen3-vl-8b-instruct,FINAL.G2,4,1,0,0.1429,7,6,0,11,315.01,350.89,replan_budget_exhausted
qwen3-vl-8b-instruct,FINAL.G2,5,1,0,0.2857,7,5,0,11,115.64,207.53,replan_budget_exhausted
qwen3-vl-8b-instruct,FINAL.G2,6,1,0,0.1429,7,6,1,11,505.63,536.47,replan_budget_exhausted
qwen3-vl-8b-instruct,FINAL.G2,7,1,0,0.1429,7,6,0,11,924.73,968.23,replan_budget_exhausted
qwen3-vl-8b-instruct,FINAL.G2,8,1,0,0.1429,7,6,0,11,128.74,166.0,replan_budget_exhausted
qwen3-vl-8b-instruct,FINAL.G2,9,1,0,0.4286,7,4,0,11,704.31,769.57,replan_budget_exhausted
qwen3-vl-8b-instruct,FINAL.G3,0,1,0,0.4286,7,4,0,11,488.49,586.7,replan_budget_exhausted
qwen3-vl-8b-instruct,FINAL.G3,1,1,0,0.0,7,7,0,11,484.76,515.63,replan_budget_exhausted
qwen3-vl-8b-instruct,FINAL.G3,2,1,0,0.0,7,7,0,11,2025.89,2058.62,replan_budget_exhausted
qwen3-vl-8b-instruct,FINAL.G3,3,1,0,0.0,7,7,0,11,816.79,846.08,replan_budget_exhausted
qwen3-vl-8b-instruct,FINAL.G3,4,1,0,0.0,7,7,0,11,137.38,174.38,replan_budget_exhausted
qwen3-vl-8b-instruct,FINAL.G3,5,1,0,0.1429,7,6,0,11,1063.01,1130.79,replan_budget_exhausted
qwen3-vl-8b-instruct,FINAL.G3,6,1,0,0.0,7,7,0,11,45.61,72.92,replan_budget_exhausted
qwen3-vl-8b-instruct,FINAL.G3,7,1,0,0.0,7,7,0,8,489.43,519.89,replan_loop
qwen3-vl-8b-instruct,FINAL.G3,8,1,0,0.0,7,7,0,11,103.44,131.97,replan_budget_exhausted
qwen3-vl-8b-instruct,FINAL.G3,9,1,0,0.4286,7,4,0,11,428.0,501.8,replan_budget_exhausted
qwen3-vl-8b-instruct,FINAL.K0,0,1,0,0.0,5,5,0,8,43.99,52.23,replan_loop
qwen3-vl-8b-instruct,FINAL.K0,1,1,0,0.0,5,5,0,6,18.76,26.12,replan_loop
qwen3-vl-8b-instruct,FINAL.K0,2,1,0,0.0,5,5,0,6,19.48,26.8,replan_loop
qwen3-vl-8b-instruct,FINAL.K0,3,1,0,0.0,5,5,0,8,33.36,40.91,replan_loop
qwen3-vl-8b-instruct,FINAL.K0,4,1,0,0.0,5,5,0,6,70.98,77.8,replan_loop
qwen3-vl-8b-instruct,FINAL.K0,5,1,0,0.0,5,5,0,6,21.39,28.39,replan_loop
qwen3-vl-8b-instruct,FINAL.K0,6,1,0,0.0,5,5,0,6,19.44,26.63,replan_loop
qwen3-vl-8b-instruct,FINAL.K0,7,1,0,0.0,5,5,0,8,25.83,32.87,replan_loop
qwen3-vl-8b-instruct,FINAL.K0,8,1,0,0.0,5,5,0,8,27.27,34.68,replan_loop
qwen3-vl-8b-instruct,FINAL.K0,9,1,0,0.0,5,5,0,8,27.06,34.51,replan_loop
qwen3-vl-8b-instruct,FINAL.K1,0,1,0,0.0,6,6,1,8,20.95,29.36,replan_loop
qwen3-vl-8b-instruct,FINAL.K1,1,1,0,0.0,6,6,1,8,23.21,31.38,replan_loop
qwen3-vl-8b-instruct,FINAL.K1,2,1,0,0.0,6,6,1,11,52.36,75.75,replan_budget_exhausted
qwen3-vl-8b-instruct,FINAL.K1,3,1,0,0.0,6,6,1,6,45.87,53.45,replan_loop
qwen3-vl-8b-instruct,FINAL.K1,4,1,0,0.0,6,6,1,8,25.56,32.92,replan_loop
qwen3-vl-8b-instruct,FINAL.K1,5,1,0,0.0,6,6,1,8,25.86,33.58,replan_loop
qwen3-vl-8b-instruct,FINAL.K1,6,1,0,0.0,6,6,1,8,24.43,32.05,replan_loop
qwen3-vl-8b-instruct,FINAL.K1,7,1,0,0.0,6,6,1,8,80.27,87.8,replan_loop
qwen3-vl-8b-instruct,FINAL.K1,8,1,0,0.0,6,6,1,8,18.32,26.3,replan_loop
qwen3-vl-8b-instruct,FINAL.K1,9,1,0,0.0,6,6,1,8,30.52,38.59,replan_loop
qwen3-vl-8b-instruct,FINAL.K1-w1,0,1,0,0.0,7,7,1,8,23.41,32.84,replan_loop
qwen3-vl-8b-instruct,FINAL.K1-w1,1,1,0,0.0,7,7,1,8,29.44,37.99,replan_loop
qwen3-vl-8b-instruct,FINAL.K1-w1,2,1,0,0.0,7,7,1,8,29.41,38.12,replan_loop
qwen3-vl-8b-instruct,FINAL.K1-w1,3,1,0,0.0,7,7,1,8,32.69,40.72,replan_loop
qwen3-vl-8b-instruct,FINAL.K1-w1,4,1,0,0.0,7,7,1,8,31.22,39.72,replan_loop
qwen3-vl-8b-instruct,FINAL.K1-w1,5,1,0,0.0,7,7,1,8,22.38,30.82,replan_loop
qwen3-vl-8b-instruct,FINAL.K1-w1,6,1,0,0.0,7,7,1,8,27.51,35.59,replan_loop
qwen3-vl-8b-instruct,FINAL.K1-w1,7,1,0,0.0,7,7,1,8,24.39,32.62,replan_loop
qwen3-vl-8b-instruct,FINAL.K1-w1,8,1,0,0.0,7,7,1,8,27.93,36.33,replan_loop
qwen3-vl-8b-instruct,FINAL.K1-w1,9,1,0,0.0,7,7,1,7,28.18,36.86,replan_loop
qwen3-vl-8b-instruct,FINAL.K1-w2,0,1,0,0.0,8,8,1,7,24.63,34.23,replan_loop
qwen3-vl-8b-instruct,FINAL.K1-w2,1,1,0,0.0,8,8,1,7,32.36,41.44,replan_loop
qwen3-vl-8b-instruct,FINAL.K1-w2,2,1,0,0.0,8,8,1,11,41.63,51.42,replan_budget_exhausted
qwen3-vl-8b-instruct,FINAL.K1-w2,3,1,0,0.0,8,8,1,6,25.65,33.99,replan_loop
qwen3-vl-8b-instruct,FINAL.K1-w2,4,1,0,0.0,8,8,1,7,24.85,33.79,replan_loop
qwen3-vl-8b-instruct,FINAL.K1-w2,5,1,0,0.0,8,8,1,7,24.36,33.28,replan_loop
qwen3-vl-8b-instruct,FINAL.K1-w2,6,1,0,0.0,8,8,1,6,23.51,32.13,replan_loop
qwen3-vl-8b-instruct,FINAL.K1-w2,7,1,0,0.0,8,8,1,11,35.31,44.56,replan_budget_exhausted
qwen3-vl-8b-instruct,FINAL.K1-w2,8,1,0,0.0,8,8,1,11,37.41,46.94,replan_loop
qwen3-vl-8b-instruct,FINAL.K1-w2,9,1,0,0.0,8,8,1,6,29.97,38.68,replan_loop
qwen3-vl-8b-instruct,FINAL.K2,0,1,0,0.1667,6,5,0,9,31.96,40.58,replan_loop
qwen3-vl-8b-instruct,FINAL.K2,1,1,0,0.1667,6,5,0,6,17.98,25.67,replan_loop
qwen3-vl-8b-instruct,FINAL.K2,2,1,0,0.1667,6,5,0,9,197.55,205.92,replan_loop
qwen3-vl-8b-instruct,FINAL.K2,3,1,1,1.0,6,0,0,8,64.64,142.89,plan_completed
qwen3-vl-8b-instruct,FINAL.K2,4,1,0,0.1667,6,5,0,8,49.93,57.43,replan_loop
qwen3-vl-8b-instruct,FINAL.K2,5,1,0,0.1667,6,5,0,6,20.89,28.36,replan_loop
qwen3-vl-8b-instruct,FINAL.K2,6,1,0,0.1667,6,5,0,8,38.45,46.09,replan_loop
qwen3-vl-8b-instruct,FINAL.K2,7,1,0,0.1667,6,5,0,10,33.99,41.98,replan_loop
qwen3-vl-8b-instruct,FINAL.K2,8,1,0,0.1667,6,5,0,10,65.56,73.74,replan_loop
qwen3-vl-8b-instruct,FINAL.K2,9,1,0,0.1667,6,5,0,11,30.33,39.02,replan_loop
qwen3-vl-8b-instruct,FINAL.K3,0,1,0,0.0,6,6,1,8,24.59,33.34,replan_loop
qwen3-vl-8b-instruct,FINAL.K3,1,1,0,0.0,6,6,1,6,24.38,32.24,replan_loop
qwen3-vl-8b-instruct,FINAL.K3,2,1,0,0.0,6,6,1,8,34.0,42.33,replan_loop
qwen3-vl-8b-instruct,FINAL.K3,3,1,0,0.0,6,6,1,11,1068.21,1093.22,replan_budget_exhausted
qwen3-vl-8b-instruct,FINAL.K3,4,1,0,0.0,6,6,1,8,25.88,33.52,replan_loop
qwen3-vl-8b-instruct,FINAL.K3,5,1,0,0.0,6,6,1,8,28.46,36.7,replan_loop
qwen3-vl-8b-instruct,FINAL.K3,6,1,0,0.0,6,6,1,6,22.87,30.64,replan_loop
qwen3-vl-8b-instruct,FINAL.K3,7,1,0,0.0,6,6,1,6,32.37,40.05,replan_loop
qwen3-vl-8b-instruct,FINAL.K3,8,1,0,0.0,6,6,1,8,24.5,32.6,replan_loop
qwen3-vl-8b-instruct,FINAL.K3,9,1,0,0.0,6,6,1,11,91.64,111.99,replan_budget_exhausted
qwen3-vl-8b-instruct,FINAL.K3-n2,0,1,0,0.0,7,7,2,7,19.27,28.62,replan_loop
qwen3-vl-8b-instruct,FINAL.K3-n2,1,1,0,0.0,7,7,2,8,30.41,38.91,replan_loop
qwen3-vl-8b-instruct,FINAL.K3-n2,2,1,0,0.0,7,7,2,8,31.66,40.13,replan_loop
qwen3-vl-8b-instruct,FINAL.K3-n2,3,1,0,0.0,7,7,2,8,37.36,45.37,replan_loop
qwen3-vl-8b-instruct,FINAL.K3-n2,4,1,0,0.0,7,7,2,6,22.17,30.1,replan_loop
qwen3-vl-8b-instruct,FINAL.K3-n2,5,1,0,0.1429,7,6,2,9,29.95,63.89,replan_loop
qwen3-vl-8b-instruct,FINAL.K3-n2,6,1,0,0.0,7,7,2,8,27.63,35.86,replan_loop
qwen3-vl-8b-instruct,FINAL.K3-n2,7,1,0,0.0,7,7,2,8,24.91,33.58,replan_loop
qwen3-vl-8b-instruct,FINAL.K3-n2,8,1,0,0.0,7,7,2,8,25.32,33.67,replan_loop
qwen3-vl-8b-instruct,FINAL.K3-n2,9,1,0,0.0,7,7,2,6,18.95,27.49,replan_loop
qwen3-vl-8b-instruct,FINAL.K3-n3,0,1,0,0.0,8,8,3,11,28.14,38.8,replan_budget_exhausted
qwen3-vl-8b-instruct,FINAL.K3-n3,1,1,0,0.0,8,8,3,6,21.83,30.61,replan_loop
qwen3-vl-8b-instruct,FINAL.K3-n3,2,1,0,0.0,8,8,3,6,68.0,76.67,replan_loop
qwen3-vl-8b-instruct,FINAL.K3-n3,3,1,0,0.0,8,8,3,8,90.1,98.57,replan_loop
qwen3-vl-8b-instruct,FINAL.K3-n3,4,1,0,0.0,8,8,3,8,25.46,34.17,replan_loop
qwen3-vl-8b-instruct,FINAL.K3-n3,5,1,0,0.0,8,8,3,6,16.51,25.07,replan_loop
qwen3-vl-8b-instruct,FINAL.K3-n3,6,1,0,0.0,8,8,3,8,29.13,37.77,replan_loop
qwen3-vl-8b-instruct,FINAL.K3-n3,7,1,0,0.0,8,8,3,8,25.48,34.52,replan_loop
qwen3-vl-8b-instruct,FINAL.K3-n3,8,1,0,0.0,8,8,3,6,20.87,29.48,replan_loop
qwen3-vl-8b-instruct,FINAL.K3-n3,9,1,0,0.0,8,8,3,8,26.42,35.8,replan_loop
qwen3-vl-8b-instruct,FINAL.K4,0,1,0,0.0,6,6,0,8,25.75,34.48,replan_loop
qwen3-vl-8b-instruct,FINAL.K4,1,1,0,0.0,6,6,0,6,104.46,112.53,replan_loop
qwen3-vl-8b-instruct,FINAL.K4,2,1,0,0.0,6,6,0,6,20.14,28.17,replan_loop
qwen3-vl-8b-instruct,FINAL.K4,3,1,0,0.0,6,6,0,8,24.89,33.4,replan_loop
qwen3-vl-8b-instruct,FINAL.K4,4,1,0,0.0,6,6,0,8,23.48,31.24,replan_loop
qwen3-vl-8b-instruct,FINAL.K4,5,1,0,0.0,6,6,0,10,413.5,422.11,replan_loop
qwen3-vl-8b-instruct,FINAL.K4,6,1,0,0.0,6,6,0,6,137.08,144.6,replan_loop
qwen3-vl-8b-instruct,FINAL.K4,7,1,0,0.0,6,6,0,7,123.89,131.83,replan_loop
qwen3-vl-8b-instruct,FINAL.K4,8,1,0,0.0,6,6,0,8,26.05,34.02,replan_loop
qwen3-vl-8b-instruct,FINAL.K4,9,1,0,0.0,6,6,0,8,24.41,32.85,replan_loop
qwen3-8b-nothink,FINAL.G0,0,1,0,0.6667,3,1,0,7,16.6,65.12,replan_loop
qwen3-8b-nothink,FINAL.G0,1,1,0,0.3333,3,2,0,7,13.33,125.26,plan_completed
qwen3-8b-nothink,FINAL.G0,2,1,0,0.6667,3,1,0,1,2.53,72.23,plan_completed
qwen3-8b-nothink,FINAL.G0,3,1,0,0.3333,3,2,0,11,39.04,153.39,replan_budget_exhausted
qwen3-8b-nothink,FINAL.G0,4,1,0,0.0,3,3,0,5,22.29,23.37,replan_loop
qwen3-8b-nothink,FINAL.G0,5,1,1,1.0,3,0,0,2,6.96,87.22,plan_completed
qwen3-8b-nothink,FINAL.G0,6,1,1,1.0,3,0,0,2,6.25,87.27,plan_completed
qwen3-8b-nothink,FINAL.G0,7,1,0,0.3333,3,2,0,11,25.24,190.51,replan_budget_exhausted
qwen3-8b-nothink,FINAL.G0,8,1,1,1.0,3,0,0,7,20.99,103.22,plan_completed
qwen3-8b-nothink,FINAL.G0,9,1,0,0.0,3,3,0,5,9.48,45.78,replan_loop
qwen3-8b-nothink,FINAL.G1,0,1,0,0.2857,7,5,0,8,25.45,58.0,replan_loop
qwen3-8b-nothink,FINAL.G1,1,1,0,0.2857,7,5,0,10,31.55,66.24,replan_loop
qwen3-8b-nothink,FINAL.G1,2,1,0,0.2857,7,5,0,8,336.33,366.17,replan_loop
qwen3-8b-nothink,FINAL.G1,3,1,0,0.2857,7,5,0,8,26.24,61.18,replan_loop
qwen3-8b-nothink,FINAL.G1,4,1,0,0.2857,7,5,0,8,29.26,64.86,replan_loop
qwen3-8b-nothink,FINAL.G1,5,1,0,0.4286,7,4,0,7,18.39,64.09,replan_loop
qwen3-8b-nothink,FINAL.G1,6,1,0,0.8571,7,1,0,5,14.66,109.05,plan_completed
qwen3-8b-nothink,FINAL.G1,7,1,0,0.5714,7,3,0,11,29.39,81.07,replan_loop
qwen3-8b-nothink,FINAL.G1,8,1,0,0.2857,7,5,0,7,17.29,54.46,replan_loop
qwen3-8b-nothink,FINAL.G1,9,1,0,0.2857,7,5,0,11,32.65,69.17,replan_budget_exhausted
qwen3-8b-nothink,FINAL.G1-n1,0,1,0,0.6,5,2,1,10,23.91,74.24,replan_loop
qwen3-8b-nothink,FINAL.G1-n1,1,1,0,0.4,5,3,0,8,26.3,68.02,replan_loop
qwen3-8b-nothink,FINAL.G1-n1,2,1,0,0.2,5,4,0,6,14.88,47.29,replan_loop
qwen3-8b-nothink,FINAL.G1-n1,3,1,0,0.2,5,4,0,7,23.14,56.41,replan_loop
qwen3-8b-nothink,FINAL.G1-n1,4,1,0,0.2,5,4,0,5,13.9,47.17,replan_loop
qwen3-8b-nothink,FINAL.G1-n1,5,1,0,0.2,5,4,0,5,12.54,46.84,replan_loop
qwen3-8b-nothink,FINAL.G1-n1,6,1,0,0.2,5,4,0,8,24.36,60.0,replan_loop
qwen3-8b-nothink,FINAL.G1-n1,7,1,0,0.2,5,4,0,7,19.02,55.98,replan_loop
qwen3-8b-nothink,FINAL.G1-n1,8,1,0,0.4,5,3,0,5,14.47,58.1,replan_loop
qwen3-8b-nothink,FINAL.G1-n1,9,1,0,0.2,5,4,0,7,24.5,25.89,replan_loop
qwen3-8b-nothink,FINAL.G2,0,1,0,0.1429,7,6,0,6,19.13,20.33,replan_loop
qwen3-8b-nothink,FINAL.G2,1,1,0,0.2857,7,5,1,9,23.8,66.78,replan_loop
qwen3-8b-nothink,FINAL.G2,2,1,0,0.1429,7,6,0,11,32.27,68.41,replan_budget_exhausted
qwen3-8b-nothink,FINAL.G2,3,1,0,0.1429,7,6,0,11,43.26,45.14,replan_budget_exhausted
qwen3-8b-nothink,FINAL.G2,4,1,0,0.1429,7,6,0,11,40.83,74.48,replan_loop
qwen3-8b-nothink,FINAL.G2,5,1,0,0.1429,7,6,0,4,11.37,12.48,replan_loop
qwen3-8b-nothink,FINAL.G2,6,1,0,0.1429,7,6,0,9,20.9,59.77,replan_loop
qwen3-8b-nothink,FINAL.G2,7,1,0,0.4286,7,4,0,6,12.13,65.8,replan_loop
qwen3-8b-nothink,FINAL.G2,8,1,0,0.1429,7,6,0,10,22.44,67.15,replan_loop
qwen3-8b-nothink,FINAL.G2,9,1,0,0.1429,7,6,0,5,17.36,18.56,replan_loop
qwen3-8b-nothink,FINAL.G3,0,1,0,0.0,7,7,0,5,16.18,17.35,replan_loop
qwen3-8b-nothink,FINAL.G3,1,1,0,0.0,7,7,0,6,14.52,49.11,replan_loop
qwen3-8b-nothink,FINAL.G3,2,1,0,0.1429,7,6,0,11,28.65,71.68,replan_budget_exhausted
qwen3-8b-nothink,FINAL.G3,3,1,0,0.0,7,7,0,9,31.54,66.92,replan_loop
qwen3-8b-nothink,FINAL.G3,4,1,0,0.0,7,7,0,7,23.29,58.2,replan_loop
qwen3-8b-nothink,FINAL.G3,5,1,0,0.0,7,7,0,7,17.07,54.04,replan_loop
qwen3-8b-nothink,FINAL.G3,6,1,0,0.1429,7,6,0,11,27.86,71.8,replan_budget_exhausted
qwen3-8b-nothink,FINAL.G3,7,1,0,0.0,7,7,0,11,34.84,70.73,replan_loop
qwen3-8b-nothink,FINAL.G3,8,1,0,0.0,7,7,0,5,14.49,15.75,replan_loop
qwen3-8b-nothink,FINAL.G3,9,1,0,0.0,7,7,0,6,14.07,50.32,replan_loop
qwen3-8b-nothink,FINAL.K0,0,1,0,0.0,5,5,0,11,34.17,42.39,replan_budget_exhausted
qwen3-8b-nothink,FINAL.K0,1,1,0,0.0,5,5,0,6,15.34,22.77,replan_loop
qwen3-8b-nothink,FINAL.K0,2,1,0,0.0,5,5,0,8,21.73,29.74,replan_loop
qwen3-8b-nothink,FINAL.K0,3,1,0,0.0,5,5,0,11,35.82,43.75,replan_loop
qwen3-8b-nothink,FINAL.K0,4,1,0,0.0,5,5,0,7,23.07,30.71,replan_loop
qwen3-8b-nothink,FINAL.K0,5,1,0,0.0,5,5,0,8,22.24,30.14,replan_loop
qwen3-8b-nothink,FINAL.K0,6,1,0,0.0,5,5,0,11,31.12,40.05,replan_loop
qwen3-8b-nothink,FINAL.K0,7,1,0,0.0,5,5,0,6,16.12,24.06,replan_loop
qwen3-8b-nothink,FINAL.K0,8,1,0,0.0,5,5,0,9,25.67,34.37,replan_loop
qwen3-8b-nothink,FINAL.K0,9,1,0,0.0,5,5,0,6,18.97,27.33,replan_loop
qwen3-8b-nothink,FINAL.K1,0,1,0,0.0,6,6,1,9,32.69,63.74,replan_loop
qwen3-8b-nothink,FINAL.K1,1,1,0,0.0,6,6,1,6,15.63,23.34,replan_loop
qwen3-8b-nothink,FINAL.K1,2,1,0,0.0,6,6,1,8,24.38,32.63,replan_loop
qwen3-8b-nothink,FINAL.K1,3,1,0,0.0,6,6,1,10,29.72,38.39,replan_loop
qwen3-8b-nothink,FINAL.K1,4,1,0,0.0,6,6,1,7,18.26,36.85,replan_loop
qwen3-8b-nothink,FINAL.K1,5,1,0,0.0,6,6,1,11,21.3,42.16,replan_budget_exhausted
qwen3-8b-nothink,FINAL.K1,6,1,0,0.0,6,6,1,7,20.13,28.72,replan_loop
qwen3-8b-nothink,FINAL.K1,7,1,0,0.0,6,6,1,7,17.4,25.95,replan_loop
qwen3-8b-nothink,FINAL.K1,8,1,0,0.0,6,6,1,7,20.57,29.06,replan_loop
qwen3-8b-nothink,FINAL.K1,9,1,0,0.0,6,6,1,8,25.31,34.19,replan_loop
qwen3-8b-nothink,FINAL.K1-w1,0,1,0,0.0,7,7,1,10,30.62,39.45,replan_loop
qwen3-8b-nothink,FINAL.K1-w1,1,1,0,0.0,7,7,1,7,19.19,27.89,replan_loop
qwen3-8b-nothink,FINAL.K1-w1,2,1,0,0.0,7,7,1,9,26.4,35.73,replan_loop
qwen3-8b-nothink,FINAL.K1-w1,3,1,0,0.0,7,7,1,7,23.8,32.79,replan_loop
qwen3-8b-nothink,FINAL.K1-w1,4,1,0,0.0,7,7,1,9,26.38,35.48,replan_loop
qwen3-8b-nothink,FINAL.K1-w1,5,1,0,0.0,7,7,1,8,21.79,31.16,replan_loop
qwen3-8b-nothink,FINAL.K1-w1,6,1,0,0.0,7,7,1,7,22.06,31.28,replan_loop
qwen3-8b-nothink,FINAL.K1-w1,7,1,0,0.0,7,7,1,7,18.6,27.84,replan_loop
qwen3-8b-nothink,FINAL.K1-w1,8,1,0,0.1429,7,6,1,6,12.44,45.78,replan_loop
qwen3-8b-nothink,FINAL.K1-w1,9,1,0,0.0,7,7,1,8,24.27,33.47,replan_loop
qwen3-8b-nothink,FINAL.K1-w2,0,1,0,0.0,8,8,1,11,38.13,47.67,replan_loop
qwen3-8b-nothink,FINAL.K1-w2,1,1,0,0.0,8,8,1,8,21.05,30.56,replan_loop
qwen3-8b-nothink,FINAL.K1-w2,2,1,0,0.0,8,8,1,7,25.3,34.47,replan_loop
qwen3-8b-nothink,FINAL.K1-w2,3,1,0,0.0,8,8,1,7,26.61,35.87,replan_loop
qwen3-8b-nothink,FINAL.K1-w2,4,1,0,0.0,8,8,1,11,42.3,52.4,replan_loop
qwen3-8b-nothink,FINAL.K1-w2,5,1,0,0.0,8,8,1,7,21.67,39.42,replan_loop
qwen3-8b-nothink,FINAL.K1-w2,6,1,0,0.0,8,8,1,11,37.4,48.8,replan_budget_exhausted
qwen3-8b-nothink,FINAL.K1-w2,7,1,0,0.0,8,8,1,6,17.2,26.93,replan_loop
qwen3-8b-nothink,FINAL.K1-w2,8,1,0,0.25,8,6,1,11,30.49,87.48,replan_budget_exhausted
qwen3-8b-nothink,FINAL.K1-w2,9,1,0,0.0,8,8,1,9,26.81,36.38,replan_loop
qwen3-8b-nothink,FINAL.K2,0,1,0,0.1667,6,5,0,10,26.82,43.12,replan_loop
qwen3-8b-nothink,FINAL.K2,1,1,0,0.1667,6,5,0,6,13.87,21.61,replan_loop
qwen3-8b-nothink,FINAL.K2,2,1,0,0.1667,6,5,0,7,18.83,27.0,replan_loop
qwen3-8b-nothink,FINAL.K2,3,1,0,0.1667,6,5,0,7,22.83,30.76,replan_loop
qwen3-8b-nothink,FINAL.K2,4,1,0,0.1667,6,5,0,8,29.81,38.23,replan_loop
qwen3-8b-nothink,FINAL.K2,5,1,0,0.1667,6,5,0,6,16.62,24.88,replan_loop
qwen3-8b-nothink,FINAL.K2,6,1,0,0.1667,6,5,0,6,16.16,24.46,replan_loop
qwen3-8b-nothink,FINAL.K2,7,1,0,0.1667,6,5,0,11,30.94,64.11,replan_budget_exhausted
qwen3-8b-nothink,FINAL.K2,8,1,0,0.1667,6,5,0,6,16.0,24.25,replan_loop
qwen3-8b-nothink,FINAL.K2,9,1,0,0.1667,6,5,0,8,23.41,32.04,replan_loop
qwen3-8b-nothink,FINAL.K3,0,1,0,0.0,6,6,1,9,25.85,34.53,replan_loop
qwen3-8b-nothink,FINAL.K3,1,1,0,0.0,6,6,1,9,23.75,32.2,replan_loop
qwen3-8b-nothink,FINAL.K3,2,1,0,0.0,6,6,1,9,22.41,31.25,replan_loop
qwen3-8b-nothink,FINAL.K3,3,1,0,0.0,6,6,1,9,25.78,34.39,replan_loop
qwen3-8b-nothink,FINAL.K3,4,1,0,0.0,6,6,1,11,35.3,56.84,replan_budget_exhausted
qwen3-8b-nothink,FINAL.K3,5,1,0,0.0,6,6,1,10,29.8,39.01,replan_loop
qwen3-8b-nothink,FINAL.K3,6,1,0,0.1667,6,5,1,8,17.79,48.33,replan_loop
qwen3-8b-nothink,FINAL.K3,7,1,0,0.0,6,6,1,10,24.94,34.33,replan_loop
qwen3-8b-nothink,FINAL.K3,8,1,0,0.0,6,6,1,10,27.5,36.72,replan_loop
qwen3-8b-nothink,FINAL.K3,9,1,0,0.0,6,6,1,6,14.55,23.14,replan_loop
qwen3-8b-nothink,FINAL.K3-n2,0,1,0,0.0,7,7,2,10,29.04,37.86,replan_loop
qwen3-8b-nothink,FINAL.K3-n2,1,1,0,0.1429,7,6,2,11,27.52,61.04,replan_loop
qwen3-8b-nothink,FINAL.K3-n2,2,1,0,0.0,7,7,2,6,15.45,24.5,replan_loop
qwen3-8b-nothink,FINAL.K3-n2,3,1,0,0.0,7,7,2,7,18.91,27.8,replan_loop
qwen3-8b-nothink,FINAL.K3-n2,4,1,1,1.0,7,0,0,8,29.42,152.2,plan_completed
qwen3-8b-nothink,FINAL.K3-n2,5,1,0,0.0,7,7,2,11,30.54,40.67,replan_budget_exhausted
qwen3-8b-nothink,FINAL.K3-n2,6,1,0,0.0,7,7,2,6,16.32,25.85,replan_loop
qwen3-8b-nothink,FINAL.K3-n2,7,1,0,0.0,7,7,2,10,25.4,35.29,replan_loop
qwen3-8b-nothink,FINAL.K3-n2,8,1,0,0.0,7,7,2,8,20.33,29.9,replan_loop
qwen3-8b-nothink,FINAL.K3-n2,9,1,0,0.0,7,7,2,7,17.3,26.72,replan_loop
qwen3-8b-nothink,FINAL.K3-n3,0,1,0,0.0,8,8,3,7,22.01,30.8,replan_loop
qwen3-8b-nothink,FINAL.K3-n3,1,1,0,0.0,8,8,3,8,20.17,29.95,replan_loop
qwen3-8b-nothink,FINAL.K3-n3,2,1,0,0.0,8,8,3,9,23.35,33.71,replan_loop
qwen3-8b-nothink,FINAL.K3-n3,3,1,0,0.0,8,8,3,7,23.18,32.57,replan_loop
qwen3-8b-nothink,FINAL.K3-n3,4,1,0,0.0,8,8,3,11,37.54,47.79,replan_budget_exhausted
qwen3-8b-nothink,FINAL.K3-n3,5,1,0,0.125,8,7,3,8,18.64,54.88,replan_loop
qwen3-8b-nothink,FINAL.K3-n3,6,1,0,0.0,8,8,3,10,26.95,37.39,replan_loop
qwen3-8b-nothink,FINAL.K3-n3,7,1,0,0.0,8,8,3,7,18.38,28.43,replan_loop
qwen3-8b-nothink,FINAL.K3-n3,8,1,0,0.0,8,8,3,6,14.47,24.05,replan_loop
qwen3-8b-nothink,FINAL.K3-n3,9,1,0,0.0,8,8,3,8,22.47,32.37,replan_loop
qwen3-8b-nothink,FINAL.K4,0,1,0,0.0,6,6,0,8,19.79,27.86,replan_loop
qwen3-8b-nothink,FINAL.K4,1,1,0,0.0,6,6,0,8,21.94,30.45,replan_loop
qwen3-8b-nothink,FINAL.K4,2,1,0,0.0,6,6,0,11,29.5,39.03,replan_budget_exhausted
qwen3-8b-nothink,FINAL.K4,3,1,0,0.6667,6,2,0,11,26.4,102.29,replan_loop
qwen3-8b-nothink,FINAL.K4,4,1,0,0.0,6,6,0,9,30.95,39.62,replan_loop
qwen3-8b-nothink,FINAL.K4,5,1,0,0.0,6,6,0,7,19.25,28.12,replan_loop
qwen3-8b-nothink,FINAL.K4,6,1,0,0.0,6,6,0,11,37.04,52.27,replan_loop
qwen3-8b-nothink,FINAL.K4,7,1,0,0.0,6,6,0,10,29.53,39.0,replan_loop
qwen3-8b-nothink,FINAL.K4,8,1,0,0.0,6,6,0,8,21.28,30.04,replan_loop
qwen3-8b-nothink,FINAL.K4,9,1,0,0.0,6,6,0,8,19.0,27.79,replan_loop
qwen3-32b-fp8,FINAL.G0,0,1,0,0.6667,3,1,0,11,722.54,799.72,replan_budget_exhausted
qwen3-32b-fp8,FINAL.G0,1,1,0,0.3333,3,2,0,11,811.37,883.92,replan_budget_exhausted
qwen3-32b-fp8,FINAL.G0,2,1,1,1.0,3,0,0,1,100.25,157.03,plan_completed
qwen3-32b-fp8,FINAL.G0,3,1,0,0.6667,3,1,0,3,250.37,324.0,plan_completed
qwen3-32b-fp8,FINAL.G0,4,1,0,0.6667,3,1,0,11,769.61,872.18,replan_budget_exhausted
qwen3-32b-fp8,FINAL.G0,5,1,0,0.6667,3,1,0,9,657.07,753.47,plan_completed
qwen3-32b-fp8,FINAL.G0,6,1,0,0.3333,3,2,0,11,967.23,1065.49,replan_budget_exhausted
qwen3-32b-fp8,FINAL.G0,7,1,0,0.6667,3,1,0,6,493.79,584.76,plan_completed
qwen3-32b-fp8,FINAL.G0,8,1,0,0.6667,3,1,0,3,245.96,319.26,plan_completed
qwen3-32b-fp8,FINAL.G0,9,1,0,0.6667,3,1,0,6,475.88,565.39,plan_completed
qwen3-32b-fp8,FINAL.G1,0,1,0,0.8571,7,1,0,6,359.99,432.48,plan_completed
qwen3-32b-fp8,FINAL.G1,1,1,1,1.0,7,0,0,3,178.37,243.85,plan_completed
qwen3-32b-fp8,FINAL.G1,2,1,0,0.8571,7,1,0,11,739.96,834.12,plan_completed
qwen3-32b-fp8,FINAL.G1,3,1,0,0.7143,7,2,0,11,831.63,884.88,replan_budget_exhausted
qwen3-32b-fp8,FINAL.G1,4,1,0,0.8571,7,1,0,6,344.57,415.53,plan_completed
qwen3-32b-fp8,FINAL.G1,5,1,0,0.8571,7,1,0,6,556.72,628.62,plan_completed
qwen3-32b-fp8,FINAL.G1,6,1,1,1.0,7,0,0,2,186.98,252.5,plan_completed
qwen3-32b-fp8,FINAL.G1,7,1,1,1.0,7,0,0,3,227.92,293.33,plan_completed
qwen3-32b-fp8,FINAL.G1,8,1,1,1.0,7,0,0,2,140.95,206.54,plan_completed
qwen3-32b-fp8,FINAL.G1,9,1,0,0.8571,7,1,0,9,809.75,880.91,plan_completed
qwen3-32b-fp8,FINAL.G1-n1,0,1,0,0.6,5,2,0,11,715.1,753.42,replan_budget_exhausted
qwen3-32b-fp8,FINAL.G1-n1,1,1,0,0.6,5,2,0,11,1153.58,1214.08,replan_budget_exhausted
qwen3-32b-fp8,FINAL.G1-n1,2,1,0,0.8,5,1,0,5,311.28,380.56,plan_completed
qwen3-32b-fp8,FINAL.G1-n1,3,1,0,0.6,5,2,0,11,1043.47,1079.19,replan_budget_exhausted
qwen3-32b-fp8,FINAL.G1-n1,4,1,0,0.8,5,1,0,6,516.79,580.25,plan_completed
qwen3-32b-fp8,FINAL.G1-n1,5,1,0,0.6,5,2,0,11,812.0,872.8,replan_budget_exhausted
qwen3-32b-fp8,FINAL.G1-n1,6,1,0,0.8,5,1,0,11,965.51,1007.8,replan_budget_exhausted
qwen3-32b-fp8,FINAL.G1-n1,7,1,0,0.8,5,1,0,7,557.38,621.63,plan_completed
qwen3-32b-fp8,FINAL.G1-n1,8,1,0,0.8,5,1,0,11,1082.19,1123.46,replan_budget_exhausted
qwen3-32b-fp8,FINAL.G1-n1,9,1,0,0.8,5,1,0,6,511.2,575.11,plan_completed
qwen3-32b-fp8,FINAL.G2,0,1,0,0.8571,7,1,1,2,232.87,293.4,plan_completed
qwen3-32b-fp8,FINAL.G2,1,1,0,0.5714,7,3,0,11,1414.48,1476.12,replan_budget_exhausted
qwen3-32b-fp8,FINAL.G2,2,1,0,0.7143,7,2,0,10,1035.7,1101.94,plan_completed
qwen3-32b-fp8,FINAL.G2,3,1,0,0.7143,7,2,0,9,818.06,885.86,plan_completed
qwen3-32b-fp8,FINAL.G2,4,1,1,1.0,7,0,0,2,185.45,246.64,plan_completed
qwen3-32b-fp8,FINAL.G2,5,1,0,0.4286,7,4,0,11,1233.55,1284.35,replan_budget_exhausted
qwen3-32b-fp8,FINAL.G2,6,1,0,0.4286,7,4,0,11,1288.86,1329.24,replan_budget_exhausted
qwen3-32b-fp8,FINAL.G2,7,1,0,0.4286,7,4,1,11,1302.85,1350.11,replan_budget_exhausted
qwen3-32b-fp8,FINAL.G2,8,1,1,1.0,7,0,0,2,247.54,308.59,plan_completed
qwen3-32b-fp8,FINAL.G2,9,1,1,1.0,7,0,0,5,584.36,646.47,plan_completed
qwen3-32b-fp8,FINAL.G3,0,1,0,0.1429,7,6,0,11,857.53,910.94,replan_budget_exhausted
qwen3-32b-fp8,FINAL.G3,1,1,0,0.2857,7,5,0,11,903.18,951.97,replan_budget_exhausted
qwen3-32b-fp8,FINAL.G3,2,1,0,0.2857,7,5,0,11,951.63,1019.14,replan_budget_exhausted
qwen3-32b-fp8,FINAL.G3,3,1,1,1.0,7,0,0,3,211.32,271.95,plan_completed
qwen3-32b-fp8,FINAL.G3,4,1,0,0.8571,7,1,0,10,695.85,777.8,plan_completed
qwen3-32b-fp8,FINAL.G3,5,1,0,0.1429,7,6,0,11,1091.97,1164.78,replan_budget_exhausted
qwen3-32b-fp8,FINAL.G3,6,1,0,0.8571,7,1,0,11,706.41,777.99,plan_completed
qwen3-32b-fp8,FINAL.G3,7,1,0,0.2857,7,5,0,11,1152.98,1231.57,replan_budget_exhausted
qwen3-32b-fp8,FINAL.G3,8,1,0,0.8571,7,1,0,11,840.88,941.57,plan_completed
qwen3-32b-fp8,FINAL.G3,9,1,0,0.2857,7,5,0,11,698.05,767.26,replan_budget_exhausted
qwen3-32b-fp8,FINAL.K0,0,1,1,1.0,5,0,0,4,163.5,218.51,plan_completed
qwen3-32b-fp8,FINAL.K0,1,1,1,1.0,5,0,0,4,237.12,284.75,plan_completed
qwen3-32b-fp8,FINAL.K0,2,1,1,1.0,5,0,0,1,62.94,113.71,plan_completed
qwen3-32b-fp8,FINAL.K0,3,1,1,1.0,5,0,0,2,104.38,151.8,plan_completed
qwen3-32b-fp8,FINAL.K0,4,1,1,1.0,5,0,0,3,187.61,232.93,plan_completed
qwen3-32b-fp8,FINAL.K0,5,1,1,1.0,5,0,0,1,68.63,113.5,plan_completed
qwen3-32b-fp8,FINAL.K0,6,1,1,1.0,5,0,0,1,62.47,107.95,plan_completed
qwen3-32b-fp8,FINAL.K0,7,1,1,1.0,5,0,0,1,47.34,98.65,plan_completed
qwen3-32b-fp8,FINAL.K0,8,1,1,1.0,5,0,0,1,46.16,91.59,plan_completed
qwen3-32b-fp8,FINAL.K0,9,1,1,1.0,5,0,0,4,338.39,382.06,plan_completed
qwen3-32b-fp8,FINAL.K1,0,1,1,1.0,6,0,0,3,130.31,188.91,plan_completed
qwen3-32b-fp8,FINAL.K1,1,1,1,1.0,6,0,0,6,203.63,258.98,plan_completed
qwen3-32b-fp8,FINAL.K1,2,1,1,1.0,6,0,0,3,104.33,159.11,plan_completed
qwen3-32b-fp8,FINAL.K1,3,1,1,1.0,6,0,0,11,611.68,676.55,plan_completed
qwen3-32b-fp8,FINAL.K1,4,1,1,1.0,6,0,0,4,131.68,186.58,plan_completed
qwen3-32b-fp8,FINAL.K1,5,1,1,1.0,6,0,0,3,82.95,146.3,plan_completed
qwen3-32b-fp8,FINAL.K1,6,1,1,1.0,6,0,0,3,105.96,162.11,plan_completed
qwen3-32b-fp8,FINAL.K1,7,1,1,1.0,6,0,0,2,107.36,164.05,plan_completed
qwen3-32b-fp8,FINAL.K1,8,1,1,1.0,6,0,0,3,96.51,150.42,plan_completed
qwen3-32b-fp8,FINAL.K1,9,1,1,1.0,6,0,0,7,314.34,372.88,plan_completed
qwen3-32b-fp8,FINAL.K1-w1,0,1,1,1.0,7,0,0,4,189.46,230.72,plan_completed
qwen3-32b-fp8,FINAL.K1-w1,1,1,1,1.0,7,0,0,3,105.81,174.04,plan_completed
qwen3-32b-fp8,FINAL.K1-w1,2,1,1,1.0,7,0,0,4,137.31,217.54,plan_completed
qwen3-32b-fp8,FINAL.K1-w1,3,1,1,1.0,7,0,0,11,495.9,547.96,replan_budget_exhausted
qwen3-32b-fp8,FINAL.K1-w1,4,1,1,1.0,7,0,0,2,122.47,202.0,plan_completed
qwen3-32b-fp8,FINAL.K1-w1,5,1,1,1.0,7,0,0,6,319.03,392.51,plan_completed
qwen3-32b-fp8,FINAL.K1-w1,6,1,0,0.2857,7,5,0,9,244.46,276.3,replan_loop
qwen3-32b-fp8,FINAL.K1-w1,7,1,1,1.0,7,0,0,6,305.18,380.84,plan_completed
qwen3-32b-fp8,FINAL.K1-w1,8,1,1,1.0,7,0,0,4,167.28,238.56,plan_completed
qwen3-32b-fp8,FINAL.K1-w1,9,1,1,1.0,7,0,0,3,140.41,217.61,plan_completed
qwen3-32b-fp8,FINAL.K1-w2,0,1,1,1.0,8,0,1,8,341.77,432.67,plan_completed
qwen3-32b-fp8,FINAL.K1-w2,1,1,1,1.0,8,0,0,3,101.05,183.52,plan_completed
qwen3-32b-fp8,FINAL.K1-w2,2,1,1,1.0,8,0,0,5,194.73,280.54,plan_completed
qwen3-32b-fp8,FINAL.K1-w2,3,1,1,1.0,8,0,0,7,363.14,458.57,plan_completed
qwen3-32b-fp8,FINAL.K1-w2,4,1,0,0.25,8,6,0,11,571.84,604.08,replan_budget_exhausted
qwen3-32b-fp8,FINAL.K1-w2,5,1,1,1.0,8,0,0,6,349.3,450.7,plan_completed
qwen3-32b-fp8,FINAL.K1-w2,6,1,1,1.0,8,0,0,6,329.07,411.15,plan_completed
qwen3-32b-fp8,FINAL.K1-w2,7,1,0,0.0,8,8,1,11,747.13,756.93,replan_budget_exhausted
qwen3-32b-fp8,FINAL.K1-w2,8,1,1,1.0,8,0,0,6,457.04,541.87,plan_completed
qwen3-32b-fp8,FINAL.K1-w2,9,1,1,1.0,8,0,0,4,186.82,282.68,plan_completed
qwen3-32b-fp8,FINAL.K2,0,1,1,1.0,6,0,0,2,143.58,192.47,plan_completed
qwen3-32b-fp8,FINAL.K2,1,1,1,1.0,6,0,0,3,163.39,215.51,plan_completed
qwen3-32b-fp8,FINAL.K2,2,1,1,1.0,6,0,0,3,227.96,285.4,plan_completed
qwen3-32b-fp8,FINAL.K2,3,1,0,0.8333,6,1,0,11,523.99,549.58,replan_budget_exhausted
qwen3-32b-fp8,FINAL.K2,4,1,1,1.0,6,0,0,2,86.63,133.83,plan_completed
qwen3-32b-fp8,FINAL.K2,5,1,1,1.0,6,0,0,1,53.93,106.32,plan_completed
qwen3-32b-fp8,FINAL.K2,6,1,1,1.0,6,0,0,1,75.46,124.1,plan_completed
qwen3-32b-fp8,FINAL.K2,7,1,1,1.0,6,0,0,3,169.46,224.04,plan_completed
qwen3-32b-fp8,FINAL.K2,8,1,1,1.0,6,0,0,1,66.2,111.75,plan_completed
qwen3-32b-fp8,FINAL.K2,9,1,1,1.0,6,0,0,2,156.77,204.28,plan_completed
qwen3-32b-fp8,FINAL.K3,0,1,1,1.0,6,0,0,2,71.25,131.0,plan_completed
qwen3-32b-fp8,FINAL.K3,1,1,1,1.0,6,0,0,5,267.56,332.87,plan_completed
qwen3-32b-fp8,FINAL.K3,2,1,1,1.0,6,0,0,3,103.74,167.0,plan_completed
qwen3-32b-fp8,FINAL.K3,3,1,1,1.0,6,0,0,2,90.91,151.7,plan_completed
qwen3-32b-fp8,FINAL.K3,4,1,0,0.0,6,6,1,11,998.57,1008.31,replan_budget_exhausted
qwen3-32b-fp8,FINAL.K3,5,1,1,1.0,6,0,0,2,79.09,137.7,plan_completed
qwen3-32b-fp8,FINAL.K3,6,1,1,1.0,6,0,0,2,57.73,118.58,plan_completed
qwen3-32b-fp8,FINAL.K3,7,1,1,1.0,6,0,0,2,102.31,167.09,plan_completed
qwen3-32b-fp8,FINAL.K3,8,1,1,1.0,6,0,0,2,116.65,176.66,plan_completed
qwen3-32b-fp8,FINAL.K3,9,1,1,1.0,6,0,0,4,224.31,286.62,plan_completed
qwen3-32b-fp8,FINAL.K3-n2,0,1,1,1.0,7,0,0,3,102.26,175.06,plan_completed
qwen3-32b-fp8,FINAL.K3-n2,1,1,1,1.0,7,0,0,7,583.93,661.33,plan_completed
qwen3-32b-fp8,FINAL.K3-n2,2,1,1,1.0,7,0,0,3,133.63,206.44,plan_completed
qwen3-32b-fp8,FINAL.K3-n2,3,1,1,1.0,7,0,0,4,491.83,564.71,plan_completed
qwen3-32b-fp8,FINAL.K3-n2,4,1,0,0.0,7,7,2,11,796.44,806.66,replan_budget_exhausted
qwen3-32b-fp8,FINAL.K3-n2,5,1,1,1.0,7,0,0,2,116.23,192.69,plan_completed
qwen3-32b-fp8,FINAL.K3-n2,6,1,1,1.0,7,0,0,2,99.36,169.69,plan_completed
qwen3-32b-fp8,FINAL.K3-n2,7,1,1,1.0,7,0,0,2,112.57,191.01,plan_completed
qwen3-32b-fp8,FINAL.K3-n2,8,1,1,1.0,7,0,0,2,69.44,139.68,plan_completed
qwen3-32b-fp8,FINAL.K3-n2,9,1,1,1.0,7,0,0,4,216.81,287.24,plan_completed
qwen3-32b-fp8,FINAL.K3-n3,0,1,1,1.0,8,0,0,3,207.41,293.66,plan_completed
qwen3-32b-fp8,FINAL.K3-n3,1,1,0,0.375,8,5,1,11,860.97,938.5,replan_budget_exhausted
qwen3-32b-fp8,FINAL.K3-n3,2,1,1,1.0,8,0,0,3,153.9,236.75,plan_completed
qwen3-32b-fp8,FINAL.K3-n3,3,1,1,1.0,8,0,0,4,189.85,277.13,plan_completed
qwen3-32b-fp8,FINAL.K3-n3,4,1,0,0.0,8,8,3,11,863.75,874.46,replan_budget_exhausted
qwen3-32b-fp8,FINAL.K3-n3,5,1,1,1.0,8,0,0,2,101.44,191.23,plan_completed
qwen3-32b-fp8,FINAL.K3-n3,6,1,1,1.0,8,0,0,3,139.29,227.28,plan_completed
qwen3-32b-fp8,FINAL.K3-n3,7,1,1,1.0,8,0,0,2,100.86,186.48,plan_completed
qwen3-32b-fp8,FINAL.K3-n3,8,1,1,1.0,8,0,1,3,224.24,308.92,plan_completed
qwen3-32b-fp8,FINAL.K3-n3,9,1,1,1.0,8,0,0,4,225.74,307.55,plan_completed
qwen3-32b-fp8,FINAL.K4,0,1,1,1.0,6,0,0,2,102.87,151.35,plan_completed
qwen3-32b-fp8,FINAL.K4,1,1,1,1.0,6,0,0,6,591.55,643.94,plan_completed
qwen3-32b-fp8,FINAL.K4,2,1,1,1.0,6,0,0,3,132.91,177.53,plan_completed
qwen3-32b-fp8,FINAL.K4,3,1,1,1.0,6,0,0,3,173.57,218.04,plan_completed
qwen3-32b-fp8,FINAL.K4,4,1,1,1.0,6,0,0,5,358.57,424.28,plan_completed
qwen3-32b-fp8,FINAL.K4,5,1,1,1.0,6,0,0,2,90.9,134.93,plan_completed
qwen3-32b-fp8,FINAL.K4,6,1,1,1.0,6,0,0,2,66.76,110.49,plan_completed
qwen3-32b-fp8,FINAL.K4,7,1,1,1.0,6,0,0,2,68.24,121.94,plan_completed
qwen3-32b-fp8,FINAL.K4,8,1,1,1.0,6,0,0,2,90.27,147.23,plan_completed
qwen3-32b-fp8,FINAL.K4,9,1,1,1.0,6,0,0,4,217.91,261.84,plan_completed
qwen3-4b-fp8,FINAL.G0,0,1,0,0.6667,3,1,0,5,132.28,163.05,replan_loop
qwen3-4b-fp8,FINAL.G0,1,1,0,0.6667,3,1,0,9,238.25,269.47,replan_loop
qwen3-4b-fp8,FINAL.G0,2,1,0,0.0,3,3,0,11,367.34,368.77,replan_budget_exhausted
qwen3-4b-fp8,FINAL.G0,3,1,0,0.6667,3,1,0,8,174.2,241.36,plan_completed
qwen3-4b-fp8,FINAL.G0,4,1,0,0.6667,3,1,0,11,261.18,296.71,replan_budget_exhausted
qwen3-4b-fp8,FINAL.G0,5,1,0,0.6667,3,1,0,5,182.98,212.8,replan_loop
qwen3-4b-fp8,FINAL.G0,6,1,0,0.6667,3,1,0,5,133.46,164.12,replan_loop
qwen3-4b-fp8,FINAL.G0,7,1,0,0.6667,3,1,0,7,215.18,251.83,replan_loop
qwen3-4b-fp8,FINAL.G0,8,1,0,0.6667,3,1,0,6,120.11,151.34,replan_loop
qwen3-4b-fp8,FINAL.G0,9,1,0,0.6667,3,1,0,5,151.88,181.94,replan_loop
qwen3-4b-fp8,FINAL.G1,0,1,0,0.4286,7,4,0,10,269.71,292.54,replan_loop
qwen3-4b-fp8,FINAL.G1,1,1,0,0.4286,7,4,0,7,172.48,195.24,replan_loop
qwen3-4b-fp8,FINAL.G1,2,1,0,0.4286,7,4,0,6,159.59,182.06,replan_loop
qwen3-4b-fp8,FINAL.G1,3,1,0,0.4286,7,4,0,6,110.04,132.74,replan_loop
qwen3-4b-fp8,FINAL.G1,4,1,0,0.8571,7,1,0,11,574.33,623.61,replan_loop
qwen3-4b-fp8,FINAL.G1,5,1,0,0.4286,7,4,0,9,289.22,312.32,replan_loop
qwen3-4b-fp8,FINAL.G1,6,1,0,0.4286,7,4,2,11,333.64,387.4,replan_budget_exhausted
qwen3-4b-fp8,FINAL.G1,7,1,0,0.4286,7,4,0,6,125.26,147.78,replan_loop
qwen3-4b-fp8,FINAL.G1,8,1,0,0.4286,7,4,0,8,260.1,283.57,replan_loop
qwen3-4b-fp8,FINAL.G1,9,1,0,0.4286,7,4,0,7,155.0,178.25,replan_loop
qwen3-4b-fp8,FINAL.G1-n1,0,1,0,0.4,5,3,0,5,137.56,159.79,replan_loop
qwen3-4b-fp8,FINAL.G1-n1,1,1,0,0.4,5,3,0,5,116.74,139.2,replan_loop
qwen3-4b-fp8,FINAL.G1-n1,2,1,0,0.4,5,3,0,5,160.34,182.76,replan_loop
qwen3-4b-fp8,FINAL.G1-n1,3,1,0,0.4,5,3,0,7,278.18,300.49,replan_loop
qwen3-4b-fp8,FINAL.G1-n1,4,1,0,0.4,5,3,0,7,881.83,904.22,replan_loop
qwen3-4b-fp8,FINAL.G1-n1,5,1,0,0.4,5,3,0,8,258.26,280.8,replan_loop
qwen3-4b-fp8,FINAL.G1-n1,6,1,0,0.4,5,3,0,6,193.12,215.65,replan_loop
qwen3-4b-fp8,FINAL.G1-n1,7,1,0,0.6,5,2,0,11,293.6,304.88,replan_budget_exhausted
qwen3-4b-fp8,FINAL.G1-n1,8,1,0,0.4,5,3,0,9,263.43,286.13,replan_loop
qwen3-4b-fp8,FINAL.G1-n1,9,1,0,0.4,5,3,0,11,327.25,356.65,replan_loop
qwen3-4b-fp8,FINAL.G2,0,1,0,0.2857,7,5,0,6,228.87,251.4,replan_loop
qwen3-4b-fp8,FINAL.G2,1,1,0,0.2857,7,5,0,6,172.72,195.65,replan_loop
qwen3-4b-fp8,FINAL.G2,2,1,0,0.4286,7,4,1,11,483.54,508.44,replan_budget_exhausted
qwen3-4b-fp8,FINAL.G2,3,1,0,0.1429,7,6,0,11,545.01,546.51,replan_budget_exhausted
qwen3-4b-fp8,FINAL.G2,4,1,0,0.2857,7,5,0,9,339.77,362.64,replan_loop
qwen3-4b-fp8,FINAL.G2,5,1,0,0.1429,7,6,0,7,257.17,279.67,replan_loop
qwen3-4b-fp8,FINAL.G2,6,1,0,0.1429,7,6,0,11,395.39,418.21,replan_loop
qwen3-4b-fp8,FINAL.G2,7,1,0,0.2857,7,5,0,7,213.92,236.74,replan_loop
qwen3-4b-fp8,FINAL.G2,8,1,0,0.1429,7,6,0,11,709.61,711.1,replan_budget_exhausted
qwen3-4b-fp8,FINAL.G2,9,1,0,0.2857,7,5,0,5,160.45,183.21,replan_loop
qwen3-4b-fp8,FINAL.G3,0,1,0,0.2857,7,5,0,11,360.62,385.86,replan_loop
qwen3-4b-fp8,FINAL.G3,1,1,0,0.7143,7,2,0,11,417.8,476.91,replan_budget_exhausted
qwen3-4b-fp8,FINAL.G3,2,1,0,0.1429,7,6,0,5,144.05,166.8,replan_loop
qwen3-4b-fp8,FINAL.G3,3,1,0,0.0,7,7,0,11,544.23,567.48,replan_budget_exhausted
qwen3-4b-fp8,FINAL.G3,4,1,0,0.7143,7,2,0,7,310.98,427.6,plan_completed
qwen3-4b-fp8,FINAL.G3,5,1,0,0.5714,7,3,0,11,437.24,488.95,replan_budget_exhausted
qwen3-4b-fp8,FINAL.G3,6,1,0,0.1429,7,6,0,10,399.24,421.94,replan_loop
qwen3-4b-fp8,FINAL.G3,7,1,0,0.7143,7,2,0,11,360.9,413.28,replan_budget_exhausted
qwen3-4b-fp8,FINAL.G3,8,1,0,0.0,7,7,0,8,519.51,542.35,replan_loop
qwen3-4b-fp8,FINAL.G3,9,1,0,0.1429,7,6,0,8,260.73,283.35,replan_loop
qwen3-4b-fp8,FINAL.K0,0,1,0,0.4,5,3,0,7,125.03,136.33,replan_loop
qwen3-4b-fp8,FINAL.K0,1,1,0,0.4,5,3,0,7,101.66,120.25,replan_loop
qwen3-4b-fp8,FINAL.K0,2,1,0,0.0,5,5,0,8,471.26,480.02,replan_loop
qwen3-4b-fp8,FINAL.K0,3,1,0,0.0,5,5,0,8,197.03,209.12,replan_loop
qwen3-4b-fp8,FINAL.K0,4,1,0,0.0,5,5,0,7,162.12,173.39,replan_loop
qwen3-4b-fp8,FINAL.K0,5,1,1,1.0,5,0,0,1,51.09,96.62,plan_completed
qwen3-4b-fp8,FINAL.K0,6,1,0,0.0,5,5,0,8,308.67,318.85,replan_loop
qwen3-4b-fp8,FINAL.K0,7,1,1,1.0,5,0,0,4,125.47,175.22,plan_completed
qwen3-4b-fp8,FINAL.K0,8,1,1,1.0,5,0,0,1,36.33,80.76,plan_completed
qwen3-4b-fp8,FINAL.K0,9,1,0,0.4,5,3,0,6,162.46,173.17,replan_loop
qwen3-4b-fp8,FINAL.K1,0,1,0,0.0,6,6,1,11,513.78,526.18,replan_budget_exhausted
qwen3-4b-fp8,FINAL.K1,1,1,0,0.0,6,6,1,6,177.35,187.55,replan_loop
qwen3-4b-fp8,FINAL.K1,2,1,0,0.0,6,6,1,10,224.22,237.02,replan_loop
qwen3-4b-fp8,FINAL.K1,3,1,0,0.0,6,6,1,9,121.25,134.05,replan_loop
qwen3-4b-fp8,FINAL.K1,4,1,0,0.3333,6,4,1,7,145.92,157.55,replan_loop
qwen3-4b-fp8,FINAL.K1,5,1,0,0.0,6,6,1,6,412.01,425.4,replan_loop
qwen3-4b-fp8,FINAL.K1,6,1,0,0.0,6,6,1,9,190.56,203.88,replan_loop
qwen3-4b-fp8,FINAL.K1,7,1,0,0.0,6,6,1,6,140.44,151.3,replan_loop
qwen3-4b-fp8,FINAL.K1,8,1,0,0.0,6,6,1,7,109.15,120.88,replan_loop
qwen3-4b-fp8,FINAL.K1,9,1,0,0.3333,6,4,1,8,168.53,184.53,replan_loop
qwen3-4b-fp8,FINAL.K1-w1,0,1,0,0.0,7,7,1,7,160.2,173.64,replan_loop
qwen3-4b-fp8,FINAL.K1-w1,1,1,0,0.1429,7,6,1,7,120.7,134.29,replan_loop
qwen3-4b-fp8,FINAL.K1-w1,2,1,0,0.0,7,7,1,6,144.19,157.6,replan_loop
qwen3-4b-fp8,FINAL.K1-w1,3,1,0,0.2857,7,5,1,9,199.16,221.17,replan_loop
qwen3-4b-fp8,FINAL.K1-w1,4,1,0,0.0,7,7,1,5,444.41,445.66,planner_returned_no_actions
qwen3-4b-fp8,FINAL.K1-w1,5,1,0,0.0,7,7,1,8,155.38,169.08,replan_loop
qwen3-4b-fp8,FINAL.K1-w1,6,1,0,0.0,7,7,1,5,120.65,135.02,replan_loop
qwen3-4b-fp8,FINAL.K1-w1,7,1,0,0.0,7,7,1,6,175.25,187.84,replan_loop
qwen3-4b-fp8,FINAL.K1-w1,8,1,0,0.0,7,7,1,5,160.48,169.97,replan_loop
qwen3-4b-fp8,FINAL.K1-w1,9,1,0,0.0,7,7,1,10,199.6,214.09,replan_loop
qwen3-4b-fp8,FINAL.K1-w2,0,1,0,0.0,8,8,1,8,176.3,190.49,replan_loop
qwen3-4b-fp8,FINAL.K1-w2,1,1,0,0.0,8,8,1,6,137.06,146.57,replan_loop
qwen3-4b-fp8,FINAL.K1-w2,2,1,0,0.0,8,8,1,10,230.74,245.78,replan_loop
qwen3-4b-fp8,FINAL.K1-w2,3,1,0,0.0,8,8,1,11,292.8,303.35,replan_budget_exhausted
qwen3-4b-fp8,FINAL.K1-w2,4,1,0,0.0,8,8,1,10,308.59,323.23,replan_loop
qwen3-4b-fp8,FINAL.K1-w2,5,1,0,0.0,8,8,1,9,418.93,433.45,replan_loop
qwen3-4b-fp8,FINAL.K1-w2,6,1,0,0.0,8,8,1,8,169.87,183.14,replan_loop
qwen3-4b-fp8,FINAL.K1-w2,7,1,0,0.0,8,8,1,11,291.69,302.55,replan_budget_exhausted
qwen3-4b-fp8,FINAL.K1-w2,8,1,0,0.0,8,8,1,6,217.88,229.42,replan_loop
qwen3-4b-fp8,FINAL.K1-w2,9,1,0,0.0,8,8,1,6,95.62,110.1,replan_loop
qwen3-4b-fp8,FINAL.K2,0,1,1,1.0,6,0,0,2,54.2,106.01,plan_completed
qwen3-4b-fp8,FINAL.K2,1,1,1,1.0,6,0,0,3,89.27,135.94,plan_completed
qwen3-4b-fp8,FINAL.K2,2,1,1,1.0,6,0,0,6,388.32,446.57,plan_completed
qwen3-4b-fp8,FINAL.K2,3,1,1,1.0,6,0,0,6,69.54,107.75,replan_loop
qwen3-4b-fp8,FINAL.K2,4,1,1,1.0,6,0,0,5,145.12,205.4,plan_completed
qwen3-4b-fp8,FINAL.K2,5,1,1,1.0,6,0,0,6,244.54,294.19,plan_completed
qwen3-4b-fp8,FINAL.K2,6,1,1,1.0,6,0,0,1,34.11,81.79,plan_completed
qwen3-4b-fp8,FINAL.K2,7,1,1,1.0,6,0,0,1,63.77,120.42,plan_completed
qwen3-4b-fp8,FINAL.K2,8,1,1,1.0,6,0,0,1,23.0,69.92,plan_completed
qwen3-4b-fp8,FINAL.K2,9,1,1,1.0,6,0,0,5,127.12,175.15,plan_completed
qwen3-4b-fp8,FINAL.K3,0,1,0,0.0,6,6,1,7,209.48,222.4,replan_loop
qwen3-4b-fp8,FINAL.K3,1,1,0,0.0,6,6,1,10,215.31,228.02,replan_loop
qwen3-4b-fp8,FINAL.K3,2,1,0,0.0,6,6,1,8,174.11,186.93,replan_loop
qwen3-4b-fp8,FINAL.K3,3,1,0,0.0,6,6,1,7,111.35,125.07,replan_loop
qwen3-4b-fp8,FINAL.K3,4,1,0,0.0,6,6,1,6,89.55,101.94,replan_loop
qwen3-4b-fp8,FINAL.K3,5,1,0,0.0,6,6,1,6,137.42,151.6,replan_loop
qwen3-4b-fp8,FINAL.K3,6,1,0,0.0,6,6,1,2,114.45,114.87,planner_returned_no_actions
qwen3-4b-fp8,FINAL.K3,7,1,0,0.0,6,6,1,7,128.33,139.25,replan_loop
qwen3-4b-fp8,FINAL.K3,8,1,0,0.3333,6,4,1,7,107.33,123.9,replan_loop
qwen3-4b-fp8,FINAL.K3,9,1,0,0.0,6,6,1,9,164.27,177.46,replan_loop
qwen3-4b-fp8,FINAL.K3-n2,0,1,0,0.0,7,7,2,6,168.68,182.04,replan_loop
qwen3-4b-fp8,FINAL.K3-n2,1,1,0,0.0,7,7,2,6,115.55,128.68,replan_loop
qwen3-4b-fp8,FINAL.K3-n2,2,1,0,0.0,7,7,2,9,451.11,465.75,replan_loop
qwen3-4b-fp8,FINAL.K3-n2,3,1,0,0.0,7,7,2,8,258.1,272.08,replan_loop
qwen3-4b-fp8,FINAL.K3-n2,4,1,0,0.0,7,7,2,9,493.91,507.86,replan_loop
qwen3-4b-fp8,FINAL.K3-n2,5,1,0,0.0,7,7,2,5,130.28,144.91,replan_loop
qwen3-4b-fp8,FINAL.K3-n2,6,1,0,0.0,7,7,2,7,219.62,230.89,replan_loop
qwen3-4b-fp8,FINAL.K3-n2,7,1,0,0.0,7,7,2,10,240.81,253.97,replan_loop
qwen3-4b-fp8,FINAL.K3-n2,8,1,0,0.0,7,7,2,11,311.62,322.75,replan_budget_exhausted
qwen3-4b-fp8,FINAL.K3-n2,9,1,0,0.0,7,7,2,8,285.32,298.26,replan_loop
qwen3-4b-fp8,FINAL.K3-n3,0,1,0,0.0,8,8,3,8,238.82,253.48,replan_loop
qwen3-4b-fp8,FINAL.K3-n3,1,1,0,0.0,8,8,3,7,138.24,152.15,replan_loop
qwen3-4b-fp8,FINAL.K3-n3,2,1,0,0.0,8,8,3,8,211.75,226.59,replan_loop
qwen3-4b-fp8,FINAL.K3-n3,3,1,0,0.0,8,8,3,8,321.18,332.2,replan_loop
qwen3-4b-fp8,FINAL.K3-n3,4,1,0,0.0,8,8,3,8,339.32,353.56,replan_loop
qwen3-4b-fp8,FINAL.K3-n3,5,1,0,0.0,8,8,3,7,378.36,390.48,replan_loop
qwen3-4b-fp8,FINAL.K3-n3,6,1,0,0.0,8,8,3,7,381.4,393.52,replan_loop
qwen3-4b-fp8,FINAL.K3-n3,7,1,0,0.0,8,8,3,5,88.23,103.23,replan_loop
qwen3-4b-fp8,FINAL.K3-n3,8,1,0,0.25,8,6,3,8,296.2,306.76,replan_loop
qwen3-4b-fp8,FINAL.K3-n3,9,1,0,0.0,8,8,3,8,182.34,196.24,replan_loop
qwen3-4b-fp8,FINAL.K4,0,1,0,0.0,6,6,0,7,142.94,156.12,replan_loop
qwen3-4b-fp8,FINAL.K4,1,1,0,0.0,6,6,0,2,55.27,55.68,planner_returned_no_actions
qwen3-4b-fp8,FINAL.K4,2,1,0,0.0,6,6,0,11,619.32,625.14,replan_budget_exhausted
qwen3-4b-fp8,FINAL.K4,3,1,0,0.1667,6,5,0,11,300.74,314.77,replan_budget_exhausted
qwen3-4b-fp8,FINAL.K4,4,1,0,0.0,6,6,0,7,215.59,228.23,replan_loop
qwen3-4b-fp8,FINAL.K4,5,1,0,0.0,6,6,0,8,229.6,240.99,replan_loop
qwen3-4b-fp8,FINAL.K4,6,1,0,0.0,6,6,0,11,760.81,772.78,replan_loop
qwen3-4b-fp8,FINAL.K4,7,1,0,0.1667,6,5,0,11,230.33,245.07,replan_budget_exhausted
qwen3-4b-fp8,FINAL.K4,8,1,0,0.0,6,6,0,5,108.15,117.25,replan_loop
qwen3-4b-fp8,FINAL.K4,9,1,0,0.0,6,6,0,9,560.6,566.0,replan_loop
qwen3-vl-32b-thinking-fp8,FINAL.G0,0,1,0,0.6667,3,1,0,5,1136.19,1233.97,planner_returned_no_actions
qwen3-vl-32b-thinking-fp8,FINAL.G0,1,1,1,1.0,3,0,0,1,201.46,258.24,plan_completed
qwen3-vl-32b-thinking-fp8,FINAL.G0,2,1,1,1.0,3,0,0,1,309.34,366.11,plan_completed
qwen3-vl-32b-thinking-fp8,FINAL.G0,3,1,1,1.0,3,0,0,1,252.36,308.43,plan_completed
qwen3-vl-32b-thinking-fp8,FINAL.G0,4,1,1,1.0,3,0,0,1,247.21,303.41,plan_completed
qwen3-vl-32b-thinking-fp8,FINAL.G0,5,1,0,0.6667,3,1,0,7,1737.08,1840.2,plan_completed
qwen3-vl-32b-thinking-fp8,FINAL.G0,6,1,1,1.0,3,0,0,1,342.77,403.53,plan_completed
qwen3-vl-32b-thinking-fp8,FINAL.G0,7,1,0,0.6667,3,1,0,9,2092.01,2199.62,plan_completed
qwen3-vl-32b-thinking-fp8,FINAL.G0,8,1,0,0.6667,3,1,0,11,2131.47,2240.59,replan_budget_exhausted
qwen3-vl-32b-thinking-fp8,FINAL.G0,9,1,1,1.0,3,0,0,1,281.76,337.98,plan_completed
qwen3-vl-32b-thinking-fp8,FINAL.G1,0,1,0,0.7143,7,2,0,5,1888.79,1946.8,plan_completed
qwen3-vl-32b-thinking-fp8,FINAL.G1,1,1,0,0.8571,7,1,0,7,2018.44,2110.82,plan_completed
qwen3-vl-32b-thinking-fp8,FINAL.G1,2,1,0,0.7143,7,2,0,11,3498.4,3609.58,replan_budget_exhausted
qwen3-vl-32b-thinking-fp8,FINAL.G1,3,1,1,1.0,7,0,0,3,672.22,737.52,plan_completed
qwen3-vl-32b-thinking-fp8,FINAL.G1,4,1,1,1.0,7,0,0,2,517.4,578.19,plan_completed
qwen3-vl-32b-thinking-fp8,FINAL.G1,5,1,0,0.7143,7,2,0,11,3201.96,3253.19,replan_budget_exhausted
qwen3-vl-32b-thinking-fp8,FINAL.G1,6,1,0,0.7143,7,2,0,11,4472.68,4551.71,replan_budget_exhausted
qwen3-vl-32b-thinking-fp8,FINAL.G1,7,1,0,0.7143,7,2,0,9,2949.77,3053.1,planner_returned_no_actions
qwen3-vl-32b-thinking-fp8,FINAL.G1,8,1,0,0.8571,7,1,0,11,3262.9,3379.71,plan_completed
qwen3-vl-32b-thinking-fp8,FINAL.G1,9,1,0,0.7143,7,2,2,2,589.04,654.39,plan_completed
qwen3-vl-32b-thinking-fp8,FINAL.G1-n1,0,1,0,0.8,5,1,0,11,3643.37,3762.82,plan_completed
qwen3-vl-32b-thinking-fp8,FINAL.G1-n1,1,1,0,0.8,5,1,1,2,565.15,623.64,plan_completed
qwen3-vl-32b-thinking-fp8,FINAL.G1-n1,2,1,0,0.6,5,2,0,11,3468.24,3513.13,replan_budget_exhausted
qwen3-vl-32b-thinking-fp8,FINAL.G1-n1,3,1,1,1.0,5,0,0,3,691.26,749.99,plan_completed
qwen3-vl-32b-thinking-fp8,FINAL.G1-n1,4,1,1,1.0,5,0,0,2,385.75,445.88,plan_completed
qwen3-vl-32b-thinking-fp8,FINAL.G1-n1,5,1,0,0.8,5,1,0,8,2982.51,3083.98,plan_completed
qwen3-vl-32b-thinking-fp8,FINAL.G1-n1,6,1,0,0.8,5,1,0,11,3901.68,3994.66,replan_budget_exhausted
qwen3-vl-32b-thinking-fp8,FINAL.G1-n1,7,1,0,0.8,5,1,1,3,789.45,848.2,plan_completed
qwen3-vl-32b-thinking-fp8,FINAL.G1-n1,8,1,1,1.0,5,0,0,3,763.56,821.77,plan_completed
qwen3-vl-32b-thinking-fp8,FINAL.G1-n1,9,1,0,0.8,5,1,1,2,646.89,700.34,plan_completed
qwen3-vl-32b-thinking-fp8,FINAL.G2,0,1,1,1.0,7,0,0,2,525.04,590.1,plan_completed
qwen3-vl-32b-thinking-fp8,FINAL.G2,1,1,0,0.5714,7,3,0,11,3817.98,3882.84,replan_budget_exhausted
qwen3-vl-32b-thinking-fp8,FINAL.G2,2,1,0,0.7143,7,2,0,7,2338.86,2404.26,plan_completed
qwen3-vl-32b-thinking-fp8,FINAL.G2,3,1,0,0.7143,7,2,0,6,1922.36,1988.93,plan_completed
qwen3-vl-32b-thinking-fp8,FINAL.G2,4,1,0,0.7143,7,2,0,6,1711.09,1781.92,plan_completed
qwen3-vl-32b-thinking-fp8,FINAL.G2,5,1,0,0.4286,7,4,0,11,3545.59,3603.93,replan_budget_exhausted
qwen3-vl-32b-thinking-fp8,FINAL.G2,6,1,0,0.5714,7,3,0,6,2428.11,2516.72,plan_completed
qwen3-vl-32b-thinking-fp8,FINAL.G2,7,1,0,0.7143,7,2,0,7,2444.47,2510.69,plan_completed
qwen3-vl-32b-thinking-fp8,FINAL.G2,8,1,0,0.7143,7,2,0,7,2669.88,2774.2,plan_completed
qwen3-vl-32b-thinking-fp8,FINAL.G2,9,1,0,0.4286,7,4,0,11,3110.35,3159.82,replan_budget_exhausted
qwen3-vl-32b-thinking-fp8,FINAL.G3,0,1,0,0.2857,7,5,0,11,3866.87,3946.15,replan_budget_exhausted
qwen3-vl-32b-thinking-fp8,FINAL.G3,1,1,1,1.0,7,0,0,2,578.62,644.52,plan_completed
qwen3-vl-32b-thinking-fp8,FINAL.G3,2,1,0,0.2857,7,5,0,11,4301.76,4385.89,replan_budget_exhausted
qwen3-vl-32b-thinking-fp8,FINAL.G3,3,1,0,0.5714,7,3,0,5,1758.67,1868.23,plan_completed
qwen3-vl-32b-thinking-fp8,FINAL.G3,4,1,0,0.5714,7,3,0,11,3389.25,3486.84,replan_budget_exhausted
qwen3-vl-32b-thinking-fp8,FINAL.G3,5,1,0,0.8571,7,1,0,4,1371.27,1481.63,plan_completed
qwen3-vl-32b-thinking-fp8,FINAL.G3,6,1,1,1.0,7,0,0,2,815.12,875.16,plan_completed
qwen3-vl-32b-thinking-fp8,FINAL.G3,7,1,0,0.8571,7,1,0,6,2225.13,2306.4,plan_completed
qwen3-vl-32b-thinking-fp8,FINAL.G3,8,1,0,0.1429,7,6,0,11,3317.53,3406.41,replan_budget_exhausted
qwen3-vl-32b-thinking-fp8,FINAL.G3,9,1,1,1.0,7,0,0,2,459.15,519.27,plan_completed
qwen3-vl-32b-thinking-fp8,FINAL.K0,0,1,1,1.0,5,0,0,1,162.13,207.48,plan_completed
qwen3-vl-32b-thinking-fp8,FINAL.K0,1,1,1,1.0,5,0,0,2,348.66,395.65,plan_completed
qwen3-vl-32b-thinking-fp8,FINAL.K0,2,1,1,1.0,5,0,0,1,154.17,209.0,plan_completed
qwen3-vl-32b-thinking-fp8,FINAL.K0,3,1,1,1.0,5,0,0,1,234.32,279.14,plan_completed
qwen3-vl-32b-thinking-fp8,FINAL.K0,4,1,1,1.0,5,0,0,1,168.94,214.85,plan_completed
qwen3-vl-32b-thinking-fp8,FINAL.K0,5,1,1,1.0,5,0,0,1,150.0,194.53,plan_completed
qwen3-vl-32b-thinking-fp8,FINAL.K0,6,1,1,1.0,5,0,0,1,233.73,278.99,plan_completed
qwen3-vl-32b-thinking-fp8,FINAL.K0,7,1,1,1.0,5,0,0,1,200.06,243.62,plan_completed
qwen3-vl-32b-thinking-fp8,FINAL.K0,8,1,1,1.0,5,0,0,1,173.17,218.56,plan_completed
qwen3-vl-32b-thinking-fp8,FINAL.K0,9,1,1,1.0,5,0,0,1,125.64,175.27,plan_completed
qwen3-vl-32b-thinking-fp8,FINAL.K1,0,1,1,1.0,6,0,0,10,1614.25,1679.24,plan_completed
qwen3-vl-32b-thinking-fp8,FINAL.K1,1,1,1,1.0,6,0,0,5,586.03,642.1,plan_completed
qwen3-vl-32b-thinking-fp8,FINAL.K1,2,1,1,1.0,6,0,0,3,468.3,524.05,plan_completed
qwen3-vl-32b-thinking-fp8,FINAL.K1,3,1,1,1.0,6,0,0,5,962.54,1017.15,plan_completed
qwen3-vl-32b-thinking-fp8,FINAL.K1,4,1,0,0.0,6,6,1,9,1404.57,1416.37,replan_loop
qwen3-vl-32b-thinking-fp8,FINAL.K1,5,1,1,1.0,6,0,0,9,1388.37,1432.62,plan_completed
qwen3-vl-32b-thinking-fp8,FINAL.K1,6,1,1,1.0,6,0,0,4,615.19,670.16,plan_completed
qwen3-vl-32b-thinking-fp8,FINAL.K1,7,1,1,1.0,6,0,0,4,602.07,663.9,plan_completed
qwen3-vl-32b-thinking-fp8,FINAL.K1,8,1,1,1.0,6,0,0,4,531.75,586.52,plan_completed
qwen3-vl-32b-thinking-fp8,FINAL.K1,9,1,1,1.0,6,0,0,4,749.45,800.98,plan_completed
qwen3-vl-32b-thinking-fp8,FINAL.K1-w1,0,1,0,0.1429,7,6,1,11,1927.04,1954.39,replan_budget_exhausted
qwen3-vl-32b-thinking-fp8,FINAL.K1-w1,1,1,1,1.0,7,0,0,5,800.37,872.53,plan_completed
qwen3-vl-32b-thinking-fp8,FINAL.K1-w1,2,1,1,1.0,7,0,0,7,1543.84,1615.73,plan_completed
qwen3-vl-32b-thinking-fp8,FINAL.K1-w1,3,1,1,1.0,7,0,0,8,1498.5,1584.08,plan_completed
qwen3-vl-32b-thinking-fp8,FINAL.K1-w1,4,1,0,0.2857,7,5,0,11,1844.09,1881.62,replan_budget_exhausted
qwen3-vl-32b-thinking-fp8,FINAL.K1-w1,5,1,1,1.0,7,0,0,3,785.62,862.32,plan_completed
qwen3-vl-32b-thinking-fp8,FINAL.K1-w1,6,1,1,1.0,7,0,0,3,544.36,614.88,plan_completed
qwen3-vl-32b-thinking-fp8,FINAL.K1-w1,7,1,1,1.0,7,0,0,6,1126.48,1196.47,plan_completed
qwen3-vl-32b-thinking-fp8,FINAL.K1-w1,8,1,1,1.0,7,0,0,3,575.42,645.03,plan_completed
qwen3-vl-32b-thinking-fp8,FINAL.K1-w1,9,1,1,1.0,7,0,0,3,418.8,496.35,plan_completed
qwen3-vl-32b-thinking-fp8,FINAL.K1-w2,0,1,0,0.625,8,3,1,11,2556.69,2581.55,replan_budget_exhausted
qwen3-vl-32b-thinking-fp8,FINAL.K1-w2,1,1,1,1.0,8,0,0,3,564.14,658.37,plan_completed
qwen3-vl-32b-thinking-fp8,FINAL.K1-w2,2,1,0,0.125,8,7,0,11,1827.02,1860.51,replan_budget_exhausted
qwen3-vl-32b-thinking-fp8,FINAL.K1-w2,3,1,1,1.0,8,0,0,5,913.21,998.02,plan_completed
qwen3-vl-32b-thinking-fp8,FINAL.K1-w2,4,1,0,0.0,8,8,1,7,662.44,678.56,replan_loop
qwen3-vl-32b-thinking-fp8,FINAL.K1-w2,5,1,1,1.0,8,0,0,5,1037.22,1122.51,plan_completed
qwen3-vl-32b-thinking-fp8,FINAL.K1-w2,6,1,1,1.0,8,0,0,3,586.0,672.05,plan_completed
qwen3-vl-32b-thinking-fp8,FINAL.K1-w2,7,1,1,1.0,8,0,0,9,1384.54,1435.02,plan_completed
qwen3-vl-32b-thinking-fp8,FINAL.K1-w2,8,1,1,1.0,8,0,0,7,1186.78,1272.17,plan_completed
qwen3-vl-32b-thinking-fp8,FINAL.K1-w2,9,1,1,1.0,8,0,0,6,736.46,832.49,plan_completed
qwen3-vl-32b-thinking-fp8,FINAL.K2,0,1,1,1.0,6,0,0,1,172.44,222.11,plan_completed
qwen3-vl-32b-thinking-fp8,FINAL.K2,1,1,1,1.0,6,0,0,1,250.13,304.83,plan_completed
qwen3-vl-32b-thinking-fp8,FINAL.K2,2,1,1,1.0,6,0,0,2,393.89,459.49,plan_completed
qwen3-vl-32b-thinking-fp8,FINAL.K2,3,1,1,1.0,6,0,0,1,133.68,184.33,plan_completed
qwen3-vl-32b-thinking-fp8,FINAL.K2,4,1,1,1.0,6,0,0,1,193.41,242.0,plan_completed
qwen3-vl-32b-thinking-fp8,FINAL.K2,5,1,1,1.0,6,0,0,1,131.16,182.82,plan_completed
qwen3-vl-32b-thinking-fp8,FINAL.K2,6,1,1,1.0,6,0,0,1,156.51,205.2,plan_completed
qwen3-vl-32b-thinking-fp8,FINAL.K2,7,1,1,1.0,6,0,0,1,278.63,326.44,plan_completed
qwen3-vl-32b-thinking-fp8,FINAL.K2,8,1,1,1.0,6,0,0,1,161.72,208.99,plan_completed
qwen3-vl-32b-thinking-fp8,FINAL.K2,9,1,0,0.8333,6,1,0,9,1317.58,1441.3,replan_loop
qwen3-vl-32b-thinking-fp8,FINAL.K3,0,1,1,1.0,6,0,0,5,579.17,638.53,plan_completed
qwen3-vl-32b-thinking-fp8,FINAL.K3,1,1,1,1.0,6,0,0,4,1187.83,1253.47,plan_completed
qwen3-vl-32b-thinking-fp8,FINAL.K3,2,1,1,1.0,6,0,0,2,287.42,351.87,plan_completed
qwen3-vl-32b-thinking-fp8,FINAL.K3,3,1,1,1.0,6,0,0,2,238.57,298.34,plan_completed
qwen3-vl-32b-thinking-fp8,FINAL.K3,4,1,1,1.0,6,0,0,2,222.02,284.83,plan_completed
qwen3-vl-32b-thinking-fp8,FINAL.K3,5,1,1,1.0,6,0,0,2,327.46,389.4,plan_completed
qwen3-vl-32b-thinking-fp8,FINAL.K3,6,1,1,1.0,6,0,0,2,253.34,311.39,plan_completed
qwen3-vl-32b-thinking-fp8,FINAL.K3,7,1,1,1.0,6,0,0,2,258.8,318.78,plan_completed
qwen3-vl-32b-thinking-fp8,FINAL.K3,8,1,1,1.0,6,0,0,2,269.19,325.07,plan_completed
qwen3-vl-32b-thinking-fp8,FINAL.K3,9,1,1,1.0,6,0,0,5,857.82,924.63,plan_completed
qwen3-vl-32b-thinking-fp8,FINAL.K3-n2,0,1,1,1.0,7,0,0,2,418.69,492.59,plan_completed
qwen3-vl-32b-thinking-fp8,FINAL.K3-n2,1,1,1,1.0,7,0,0,2,443.49,515.06,plan_completed
qwen3-vl-32b-thinking-fp8,FINAL.K3-n2,2,1,1,1.0,7,0,0,3,547.75,617.37,plan_completed
qwen3-vl-32b-thinking-fp8,FINAL.K3-n2,3,1,1,1.0,7,0,0,4,805.19,877.88,plan_completed
qwen3-vl-32b-thinking-fp8,FINAL.K3-n2,4,1,1,1.0,7,0,1,3,725.1,805.92,plan_completed
qwen3-vl-32b-thinking-fp8,FINAL.K3-n2,5,1,1,1.0,7,0,0,2,575.55,650.75,plan_completed
qwen3-vl-32b-thinking-fp8,FINAL.K3-n2,6,1,1,1.0,7,0,0,2,544.71,615.85,plan_completed
qwen3-vl-32b-thinking-fp8,FINAL.K3-n2,7,1,1,1.0,7,0,0,2,584.93,657.54,plan_completed
qwen3-vl-32b-thinking-fp8,FINAL.K3-n2,8,1,1,1.0,7,0,0,2,460.06,532.82,plan_completed
qwen3-vl-32b-thinking-fp8,FINAL.K3-n2,9,1,1,1.0,7,0,0,2,346.4,425.64,plan_completed
qwen3-vl-32b-thinking-fp8,FINAL.K3-n3,0,1,1,1.0,8,0,0,2,385.27,470.52,plan_completed
qwen3-vl-32b-thinking-fp8,FINAL.K3-n3,1,1,1,1.0,8,0,1,5,1359.36,1445.88,plan_completed
qwen3-vl-32b-thinking-fp8,FINAL.K3-n3,2,1,1,1.0,8,0,0,2,316.64,406.83,plan_completed
qwen3-vl-32b-thinking-fp8,FINAL.K3-n3,3,1,1,1.0,8,0,0,3,568.47,662.35,plan_completed
qwen3-vl-32b-thinking-fp8,FINAL.K3-n3,4,1,1,1.0,8,0,0,2,379.16,463.85,plan_completed
qwen3-vl-32b-thinking-fp8,FINAL.K3-n3,5,1,1,1.0,8,0,0,2,502.75,592.62,plan_completed
qwen3-vl-32b-thinking-fp8,FINAL.K3-n3,6,1,1,1.0,8,0,0,3,724.65,808.33,plan_completed
qwen3-vl-32b-thinking-fp8,FINAL.K3-n3,7,1,1,1.0,8,0,0,2,354.89,437.99,plan_completed
qwen3-vl-32b-thinking-fp8,FINAL.K3-n3,8,1,0,0.5,8,4,1,11,2900.55,3042.11,replan_budget_exhausted
qwen3-vl-32b-thinking-fp8,FINAL.K3-n3,9,1,1,1.0,8,0,0,4,701.94,789.51,plan_completed
qwen3-vl-32b-thinking-fp8,FINAL.K4,0,1,1,1.0,6,0,0,3,297.04,338.69,plan_completed
qwen3-vl-32b-thinking-fp8,FINAL.K4,1,1,1,1.0,6,0,0,3,956.15,1007.11,plan_completed
qwen3-vl-32b-thinking-fp8,FINAL.K4,2,1,1,1.0,6,0,0,2,346.85,394.27,plan_completed
qwen3-vl-32b-thinking-fp8,FINAL.K4,3,1,1,1.0,6,0,0,2,419.97,466.04,plan_completed
qwen3-vl-32b-thinking-fp8,FINAL.K4,4,1,1,1.0,6,0,0,2,208.75,256.29,plan_completed
qwen3-vl-32b-thinking-fp8,FINAL.K4,5,1,1,1.0,6,0,0,2,438.95,481.6,plan_completed
qwen3-vl-32b-thinking-fp8,FINAL.K4,6,1,1,1.0,6,0,0,2,407.55,465.74,plan_completed
qwen3-vl-32b-thinking-fp8,FINAL.K4,7,1,1,1.0,6,0,0,2,335.06,391.33,plan_completed
qwen3-vl-32b-thinking-fp8,FINAL.K4,8,1,1,1.0,6,0,0,2,191.68,235.0,plan_completed
qwen3-vl-32b-thinking-fp8,FINAL.K4,9,1,1,1.0,6,0,0,2,464.0,507.53,plan_completed
