model,variant,seed_index,termination,decisive_cause,planner_calls,missing_conditions,failure_codes
qwen3-4b-fp8,FINAL.K0,0,replan_loop,loop <- Corrective block: invalid_corrective_block,7,"mug3 is in cupboard_shelf, expected inside_box | spam is in pantry_area, expected cupboard_shelf | sugar is in pantry_area, expected cupboard_shelf",invalid_corrective_block:2 repeated_planner_output:2 missing_post_pick_place:1 placement_failed:1
qwen3-4b-fp8,FINAL.K0,1,replan_loop,loop <- Corrective block: invalid_corrective_block,7,"mug1 is in pantry_area, expected inside_box | mug2 is in pantry_area, expected inside_box | mug3 is in cupboard_shelf, expected inside_box",invalid_corrective_block:2 repeated_planner_output:2 box_lid_obstructed:1 placement_failed:1
qwen3-4b-fp8,FINAL.K0,2,replan_loop,loop <- Plan rules: missing_post_pick_place,8,"mug1 is in pantry_area, expected inside_box | mug2 is in pantry_area, expected inside_box | mug3 is in cupboard_shelf, expected inside_box | spam is in pantry_area, expected cupboard_shelf | sugar is in pantry_area, expected cupboard_shelf",missing_post_pick_place:2 orphan_place:2 repeated_planner_output:2 planner_output_not_parseable:1 placement_failed:1
qwen3-4b-fp8,FINAL.K0,3,replan_loop,loop <- Corrective block: invalid_corrective_block,8,"mug1 is in pantry_area, expected inside_box | mug2 is in pantry_area, expected inside_box | mug3 is in cupboard_shelf, expected inside_box | spam is in pantry_area, expected cupboard_shelf | sugar is in pantry_area, expected cupboard_shelf",invalid_corrective_block:2 repeated_planner_output:2 missing_post_pick_place:1 box_lid_obstructed:1 placement_failed:1
qwen3-4b-fp8,FINAL.K0,4,replan_loop,loop <- Corrective block: invalid_corrective_block,7,"mug1 is in pantry_area, expected inside_box | mug2 is in pantry_area, expected inside_box | mug3 is in cupboard_shelf, expected inside_box | spam is in pantry_area, expected cupboard_shelf | sugar is in pantry_area, expected cupboard_shelf",invalid_corrective_block:2 repeated_planner_output:2 box_lid_obstructed:1 placement_failed:1
qwen3-4b-fp8,FINAL.K0,6,replan_loop,loop <- Corrective block: invalid_corrective_block,8,"mug1 is in pantry_area, expected inside_box | mug2 is in pantry_area, expected inside_box | mug3 is in cupboard_shelf, expected inside_box | spam is in pantry_area, expected cupboard_shelf | sugar is in pantry_area, expected cupboard_shelf",invalid_corrective_block:2 repeated_planner_output:2 orphan_place:1 missing_post_pick_place:1 box_lid_obstructed:1
qwen3-4b-fp8,FINAL.K0,9,replan_loop,loop <- Corrective block: invalid_corrective_block,6,"mug3 is in cupboard_shelf, expected inside_box | spam is in pantry_area, expected cupboard_shelf | sugar is in pantry_area, expected cupboard_shelf",invalid_corrective_block:2 repeated_planner_output:2 placement_failed:1
qwen3-4b-fp8,FINAL.K1,0,replan_budget_exhausted,budget <- Plan rules: orphan_place,11,"mug1 is in pantry_area, expected inside_box | mug2 is in pantry_area, expected inside_box | mug3 is in cupboard_shelf, expected inside_box | spam is in pantry_area, expected cupboard_shelf | sugar is in pantry_area, expected cupboard_shelf | phone is in the inside_box placement area | HC-box violated: phone never cleared from the box placement area",orphan_place:4 missing_post_pick_place:3 hc_violation:1 planner_output_not_parseable:1 placement_failed:1 invalid_corrective_block:1
qwen3-4b-fp8,FINAL.K1,1,replan_loop,loop <- Corrective block: invalid_corrective_block,6,"mug1 is in cupboard_shelf, expected inside_box | mug2 is in box_lid_top, expected inside_box | mug3 is in cupboard_shelf, expected inside_box | spam is in pantry_area, expected cupboard_shelf | sugar is in pantry_area, expected cupboard_shelf | phone is in the inside_box placement area | HC-box violated: phone never cleared from the box placement area",invalid_corrective_block:3 repeated_planner_output:2 hc_violation:1
qwen3-4b-fp8,FINAL.K1,2,replan_loop,loop <- Scene precondition: box_lid_obstructed,10,"mug1 is in pantry_area, expected inside_box | mug2 is in pantry_area, expected inside_box | mug3 is in cupboard_shelf, expected inside_box | spam is in pantry_area, expected cupboard_shelf | sugar is in pantry_area, expected cupboard_shelf | phone is in the inside_box placement area | HC-box violated: phone never cleared from the box placement area",box_lid_obstructed:2 invalid_corrective_block:2 repeated_planner_output:2 hc_violation:1 missing_post_pick_place:1 placement_failed:1 insertion_too_late:1
qwen3-4b-fp8,FINAL.K1,3,replan_loop,loop <- Corrective block: invalid_corrective_block,9,"mug1 is in pantry_area, expected inside_box | mug2 is in pantry_area, expected inside_box | mug3 is in cupboard_shelf, expected inside_box | spam is in pantry_area, expected cupboard_shelf | sugar is in pantry_area, expected cupboard_shelf | phone is in the inside_box placement area | HC-box violated: phone never cleared from the box placement area",invalid_corrective_block:3 repeated_planner_output:2 hc_violation:1 placement_failed:1 orphan_place:1 insertion_too_late:1
qwen3-4b-fp8,FINAL.K1,4,replan_loop,loop <- Corrective block: invalid_corrective_block,7,"mug1 is in pantry_area, expected inside_box | mug2 is in pantry_area, expected inside_box | mug3 is in cupboard_shelf, expected inside_box | phone is in the inside_box placement area | HC-box violated: phone never cleared from the box placement area",invalid_corrective_block:2 repeated_planner_output:2 hc_violation:1 planner_output_not_parseable:1 placement_failed:1
qwen3-4b-fp8,FINAL.K1,5,replan_loop,loop <- Corrective block: invalid_corrective_block,6,"mug1 is in pantry_area, expected inside_box | mug2 is in pantry_area, expected inside_box | mug3 is in cupboard_shelf, expected inside_box | spam is in pantry_area, expected cupboard_shelf | sugar is in pantry_area, expected cupboard_shelf | phone is in the inside_box placement area | HC-box violated: phone never cleared from the box placement area",invalid_corrective_block:2 repeated_planner_output:2 hc_violation:1 planner_output_not_parseable:1
qwen3-4b-fp8,FINAL.K1,6,replan_loop,loop <- Corrective block: invalid_corrective_block,9,"mug1 is in pantry_area, expected inside_box | mug2 is in pantry_area, expected inside_box | mug3 is in cupboard_shelf, expected inside_box | spam is in pantry_area, expected cupboard_shelf | sugar is in pantry_area, expected cupboard_shelf | phone is in the inside_box placement area | HC-box violated: phone never cleared from the box placement area",invalid_corrective_block:4 repeated_planner_output:3 hc_violation:1 insertion_too_late:1
qwen3-4b-fp8,FINAL.K1,7,replan_loop,loop <- Corrective block: invalid_corrective_block,6,"mug1 is in pantry_area, expected inside_box | mug2 is in pantry_area, expected inside_box | mug3 is in cupboard_shelf, expected inside_box | spam is in pantry_area, expected cupboard_shelf | sugar is in pantry_area, expected cupboard_shelf | phone is in the inside_box placement area | HC-box violated: phone never cleared from the box placement area",invalid_corrective_block:2 repeated_planner_output:2 hc_violation:1 box_lid_obstructed:1
qwen3-4b-fp8,FINAL.K1,8,replan_loop,loop <- Corrective block: invalid_corrective_block,7,"mug1 is in pantry_area, expected inside_box | mug2 is in pantry_area, expected inside_box | mug3 is in cupboard_shelf, expected inside_box | spam is in pantry_area, expected cupboard_shelf | sugar is in pantry_area, expected cupboard_shelf | phone is in the inside_box placement area | HC-box violated: phone never cleared from the box placement area",invalid_corrective_block:2 repeated_planner_output:2 hc_violation:1 orphan_place:1 insertion_too_late:1
qwen3-4b-fp8,FINAL.K1,9,replan_loop,loop <- Corrective block: invalid_corrective_block,8,"mug1 is in pantry_area, expected inside_box | mug2 is in pantry_area, expected inside_box | mug3 is in cupboard_shelf, expected inside_box | phone is in the inside_box placement area | HC-box violated: phone never cleared from the box placement area",invalid_corrective_block:2 repeated_planner_output:2 hc_violation:1 missing_post_pick_place:1 box_lid_obstructed:1 placement_failed:1
qwen3-4b-fp8,FINAL.K3,0,replan_loop,loop <- Corrective block: invalid_corrective_block,7,"can_of_beans is in inside_box, expected cupboard_shelf | mug1 is in pantry_area, expected inside_box | mug2 is in pantry_area, expected inside_box | mug3 is in cupboard_shelf, expected inside_box | spam is in pantry_area, expected cupboard_shelf | sugar is in pantry_area, expected cupboard_shelf | HC-box violated: can_of_beans never cleared from the box placement area",invalid_corrective_block:2 repeated_planner_output:2 hc_violation:1 missing_post_pick_place:1 placement_failed:1
qwen3-4b-fp8,FINAL.K3,1,replan_loop,loop <- Plan rules: orphan_place,10,"can_of_beans is in inside_box, expected cupboard_shelf | mug1 is in pantry_area, expected inside_box | mug2 is in pantry_area, expected inside_box | mug3 is in cupboard_shelf, expected inside_box | spam is in pantry_area, expected cupboard_shelf | sugar is in pantry_area, expected cupboard_shelf | HC-box violated: can_of_beans never cleared from the box placement area",orphan_place:2 invalid_corrective_block:2 repeated_planner_output:2 hc_violation:1 missing_post_pick_place:1 box_lid_obstructed:1 placement_failed:1
qwen3-4b-fp8,FINAL.K3,2,replan_loop,loop <- Plan rules: orphan_place,8,"can_of_beans is in inside_box, expected cupboard_shelf | mug1 is in pantry_area, expected inside_box | mug2 is in pantry_area, expected inside_box | mug3 is in cupboard_shelf, expected inside_box | spam is in pantry_area, expected cupboard_shelf | sugar is in pantry_area, expected cupboard_shelf | HC-box violated: can_of_beans never cleared from the box placement area",orphan_place:2 invalid_corrective_block:2 repeated_planner_output:2 hc_violation:1 placement_failed:1
qwen3-4b-fp8,FINAL.K3,3,replan_loop,loop <- Corrective block: invalid_corrective_block,7,"can_of_beans is in inside_box, expected cupboard_shelf | mug1 is in pantry_area, expected inside_box | mug2 is in pantry_area, expected inside_box | mug3 is in cupboard_shelf, expected inside_box | spam is in pantry_area, expected cupboard_shelf | sugar is in pantry_area, expected cupboard_shelf | HC-box violated: can_of_beans never cleared from the box placement area",invalid_corrective_block:2 repeated_planner_output:2 hc_violation:1 box_lid_obstructed:1 placement_failed:1
qwen3-4b-fp8,FINAL.K3,4,replan_loop,loop <- Corrective block: invalid_corrective_block,6,"can_of_beans is in inside_box, expected cupboard_shelf | mug1 is in pantry_area, expected inside_box | mug2 is in pantry_area, expected inside_box | mug3 is in cupboard_shelf, expected inside_box | spam is in pantry_area, expected cupboard_shelf | sugar is in pantry_area, expected cupboard_shelf | HC-box violated: can_of_beans never cleared from the box placement area",invalid_corrective_block:2 repeated_planner_output:2 hc_violation:1 placement_failed:1
qwen3-4b-fp8,FINAL.K3,5,replan_loop,loop <- Corrective block: invalid_corrective_block,6,"can_of_beans is in inside_box, expected cupboard_shelf | mug1 is in pantry_area, expected inside_box | mug2 is in pantry_area, expected inside_box | mug3 is in cupboard_shelf, expected inside_box | spam is in pantry_area, expected cupboard_shelf | sugar is in pantry_area, expected cupboard_shelf | HC-box violated: can_of_beans never cleared from the box placement area",invalid_corrective_block:2 repeated_planner_output:2 hc_violation:1 box_lid_obstructed:1
qwen3-4b-fp8,FINAL.K3,6,planner_returned_no_actions,Task plan,2,"can_of_beans is in inside_box, expected cupboard_shelf | mug1 is in pantry_area, expected inside_box | mug2 is in box_lid_top, expected inside_box | mug3 is in cupboard_shelf, expected inside_box | spam is in pantry_area, expected cupboard_shelf | sugar is in pantry_area, expected cupboard_shelf | HC-box violated: can_of_beans never cleared from the box placement area",hc_violation:1 missing_post_pick_place:1
qwen3-4b-fp8,FINAL.K3,7,replan_loop,loop <- Corrective block: invalid_corrective_block,7,"can_of_beans is in inside_box, expected cupboard_shelf | mug1 is in pantry_area, expected inside_box | mug2 is in pantry_area, expected inside_box | mug3 is in cupboard_shelf, expected inside_box | spam is in pantry_area, expected cupboard_shelf | sugar is in pantry_area, expected cupboard_shelf | HC-box violated: can_of_beans never cleared from the box placement area",invalid_corrective_block:2 repeated_planner_output:2 hc_violation:1 missing_post_pick_place:1 box_lid_obstructed:1
qwen3-4b-fp8,FINAL.K3,8,replan_loop,loop <- Corrective block: invalid_corrective_block,7,"can_of_beans is in inside_box, expected cupboard_shelf | mug1 is in pantry_area, expected inside_box | mug2 is in pantry_area, expected inside_box | mug3 is in cupboard_shelf, expected inside_box | HC-box violated: can_of_beans never cleared from the box placement area",invalid_corrective_block:2 repeated_planner_output:2 hc_violation:1 missing_post_pick_place:1 box_lid_obstructed:1
qwen3-4b-fp8,FINAL.K3,9,replan_loop,loop <- Scene precondition: box_lid_obstructed,9,"can_of_beans is in inside_box, expected cupboard_shelf | mug1 is in pantry_area, expected inside_box | mug2 is in pantry_area, expected inside_box | mug3 is in cupboard_shelf, expected inside_box | spam is in pantry_area, expected cupboard_shelf | sugar is in pantry_area, expected cupboard_shelf | HC-box violated: can_of_beans never cleared from the box placement area",box_lid_obstructed:2 invalid_corrective_block:2 repeated_planner_output:2 hc_violation:1 missing_post_pick_place:1 placement_failed:1
qwen3-4b-fp8,FINAL.K4,0,replan_loop,loop <- Corrective block: invalid_corrective_block,7,"can_of_beans is in inside_box, expected cupboard_shelf | mug1 is in pantry_area, expected inside_box | mug2 is in pantry_area, expected inside_box | mug3 is in cupboard_shelf, expected inside_box | spam is in pantry_area, expected cupboard_shelf | sugar is in pantry_area, expected cupboard_shelf",invalid_corrective_block:2 repeated_planner_output:2 missing_post_pick_place:1 placement_failed:1
qwen3-4b-fp8,FINAL.K4,1,planner_returned_no_actions,Task plan,2,"can_of_beans is in inside_box, expected cupboard_shelf | mug1 is in pantry_area, expected inside_box | mug2 is in box_lid_top, expected inside_box | mug3 is in cupboard_shelf, expected inside_box | spam is in pantry_area, expected cupboard_shelf | sugar is in pantry_area, expected cupboard_shelf",orphan_place:1
qwen3-4b-fp8,FINAL.K4,2,replan_budget_exhausted,budget <- Plan rules: orphan_place,11,"can_of_beans is in inside_box, expected cupboard_shelf | mug1 is in pantry_area, expected inside_box | mug2 is in table, expected inside_box | mug3 is in cupboard_shelf, expected inside_box | spam is in pantry_area, expected cupboard_shelf | sugar is in pantry_area, expected cupboard_shelf",orphan_place:4 missing_post_pick_place:4 box_lid_closed:2 planner_output_not_parseable:1
qwen3-4b-fp8,FINAL.K4,3,replan_budget_exhausted,budget <- Plan rules: missing_post_pick_place,11,"can_of_beans is in inside_box, expected cupboard_shelf | mug1 is in pantry_area, expected inside_box | mug3 is in cupboard_shelf, expected inside_box | spam is in pantry_area, expected cupboard_shelf | sugar is in pantry_area, expected cupboard_shelf",missing_post_pick_place:3 box_lid_obstructed:2 orphan_place:2 placement_failed:1 planner_output_not_parseable:1 invalid_corrective_block:1
qwen3-4b-fp8,FINAL.K4,4,replan_loop,loop <- Corrective block: invalid_corrective_block,7,"can_of_beans is in inside_box, expected cupboard_shelf | mug1 is in pantry_area, expected inside_box | mug2 is in pantry_area, expected inside_box | mug3 is in cupboard_shelf, expected inside_box | spam is in pantry_area, expected cupboard_shelf | sugar is in pantry_area, expected cupboard_shelf",invalid_corrective_block:3 repeated_planner_output:2 placement_failed:1
qwen3-4b-fp8,FINAL.K4,5,replan_loop,loop <- Corrective block: invalid_corrective_block,8,"can_of_beans is in inside_box, expected cupboard_shelf | mug1 is in pantry_area, expected inside_box | mug2 is in pantry_area, expected inside_box | mug3 is in cupboard_shelf, expected inside_box | spam is in pantry_area, expected cupboard_shelf | sugar is in pantry_area, expected cupboard_shelf",invalid_corrective_block:2 repeated_planner_output:2 orphan_place:1 missing_post_pick_place:1 box_lid_obstructed:1
qwen3-4b-fp8,FINAL.K4,6,replan_loop,loop <- Plan format: planner_output_not_parseable,11,"can_of_beans is in inside_box, expected cupboard_shelf | mug1 is in pantry_area, expected inside_box | mug2 is in pantry_area, expected inside_box | mug3 is in cupboard_shelf, expected inside_box | spam is in pantry_area, expected cupboard_shelf | sugar is in pantry_area, expected cupboard_shelf",planner_output_not_parseable:2 box_lid_obstructed:2 invalid_corrective_block:2 repeated_planner_output:2 orphan_place:1 missing_post_pick_place:1
qwen3-4b-fp8,FINAL.K4,7,replan_budget_exhausted,budget <- Plan rules: orphan_place,11,"can_of_beans is in inside_box, expected cupboard_shelf | mug1 is in pantry_area, expected inside_box | mug3 is in cupboard_shelf, expected inside_box | spam is in pantry_area, expected cupboard_shelf | sugar is in pantry_area, expected cupboard_shelf",orphan_place:3 box_lid_obstructed:2 repeated_planner_output:2 invalid_corrective_block:2 missing_post_pick_place:1
qwen3-4b-fp8,FINAL.K4,8,replan_loop,loop <- Corrective block: invalid_corrective_block,5,"can_of_beans is in inside_box, expected cupboard_shelf | mug1 is in pantry_area, expected inside_box | mug2 is in pantry_area, expected inside_box | mug3 is in cupboard_shelf, expected inside_box | spam is in pantry_area, expected cupboard_shelf | sugar is in pantry_area, expected cupboard_shelf",invalid_corrective_block:2 repeated_planner_output:2
qwen3-4b-fp8,FINAL.K4,9,replan_loop,loop <- Plan rules: orphan_place,9,"can_of_beans is in inside_box, expected cupboard_shelf | mug1 is in pantry_area, expected inside_box | mug2 is in table, expected inside_box | mug3 is in cupboard_shelf, expected inside_box | spam is in pantry_area, expected cupboard_shelf | sugar is in pantry_area, expected cupboard_shelf",orphan_place:3 repeated_planner_output:2 planner_output_not_parseable:2 box_lid_closed:1 missing_post_pick_place:1
qwen3-4b-fp8,FINAL.K3-n2,0,replan_loop,loop <- Other: hc_violation,6,"can_of_beans is in inside_box, expected cupboard_shelf | can_of_beans_2 is in inside_box, expected cupboard_shelf | mug1 is in pantry_area, expected inside_box | mug2 is in pantry_area, expected inside_box | mug3 is in cupboard_shelf, expected inside_box | spam is in pantry_area, expected cupboard_shelf | sugar is in pantry_area, expected cupboard_shelf | HC-box violated: can_of_beans never cleared from the box placement area | HC-box violated: can_of_beans_2 never cleared from the box placement area",hc_violation:2 invalid_corrective_block:2 repeated_planner_output:2 placement_failed:1
qwen3-4b-fp8,FINAL.K3-n2,1,replan_loop,loop <- Other: hc_violation,6,"can_of_beans is in inside_box, expected cupboard_shelf | can_of_beans_2 is in inside_box, expected cupboard_shelf | mug1 is in pantry_area, expected inside_box | mug2 is in pantry_area, expected inside_box | mug3 is in cupboard_shelf, expected inside_box | spam is in pantry_area, expected cupboard_shelf | sugar is in pantry_area, expected cupboard_shelf | HC-box violated: can_of_beans never cleared from the box placement area | HC-box violated: can_of_beans_2 never cleared from the box placement area",hc_violation:2 invalid_corrective_block:2 repeated_planner_output:2 placement_failed:1
qwen3-4b-fp8,FINAL.K3-n2,2,replan_loop,loop <- Other: hc_violation,9,"can_of_beans is in inside_box, expected cupboard_shelf | can_of_beans_2 is in inside_box, expected cupboard_shelf | mug1 is in pantry_area, expected inside_box | mug2 is in pantry_area, expected inside_box | mug3 is in cupboard_shelf, expected inside_box | spam is in pantry_area, expected cupboard_shelf | sugar is in pantry_area, expected cupboard_shelf | HC-box violated: can_of_beans never cleared from the box placement area | HC-box violated: can_of_beans_2 never cleared from the box placement area",hc_violation:2 box_lid_obstructed:2 invalid_corrective_block:2 repeated_planner_output:2 planner_output_not_parseable:1 placement_failed:1
qwen3-4b-fp8,FINAL.K3-n2,3,replan_loop,loop <- Other: hc_violation,8,"can_of_beans is in inside_box, expected cupboard_shelf | can_of_beans_2 is in inside_box, expected cupboard_shelf | mug1 is in pantry_area, expected inside_box | mug2 is in pantry_area, expected inside_box | mug3 is in cupboard_shelf, expected inside_box | spam is in pantry_area, expected cupboard_shelf | sugar is in pantry_area, expected cupboard_shelf | HC-box violated: can_of_beans never cleared from the box placement area | HC-box violated: can_of_beans_2 never cleared from the box placement area",hc_violation:2 invalid_corrective_block:2 repeated_planner_output:2 missing_post_pick_place:1 placement_failed:1 planner_output_not_parseable:1
qwen3-4b-fp8,FINAL.K3-n2,4,replan_loop,loop <- Other: hc_violation,9,"can_of_beans is in inside_box, expected cupboard_shelf | can_of_beans_2 is in inside_box, expected cupboard_shelf | mug1 is in pantry_area, expected inside_box | mug2 is in pantry_area, expected inside_box | mug3 is in cupboard_shelf, expected inside_box | spam is in pantry_area, expected cupboard_shelf | sugar is in pantry_area, expected cupboard_shelf | HC-box violated: can_of_beans never cleared from the box placement area | HC-box violated: can_of_beans_2 never cleared from the box placement area",hc_violation:2 invalid_corrective_block:2 repeated_planner_output:2 missing_post_pick_place:1 box_lid_obstructed:1 planner_output_not_parseable:1 placement_failed:1
qwen3-4b-fp8,FINAL.K3-n2,5,replan_loop,loop <- Other: hc_violation,5,"can_of_beans is in inside_box, expected cupboard_shelf | can_of_beans_2 is in inside_box, expected cupboard_shelf | mug1 is in pantry_area, expected inside_box | mug2 is in pantry_area, expected inside_box | mug3 is in cupboard_shelf, expected inside_box | spam is in pantry_area, expected cupboard_shelf | sugar is in pantry_area, expected cupboard_shelf | HC-box violated: can_of_beans never cleared from the box placement area | HC-box violated: can_of_beans_2 never cleared from the box placement area",hc_violation:2 invalid_corrective_block:2 repeated_planner_output:2
qwen3-4b-fp8,FINAL.K3-n2,6,replan_loop,loop <- Other: hc_violation,7,"can_of_beans is in inside_box, expected cupboard_shelf | can_of_beans_2 is in inside_box, expected cupboard_shelf | mug1 is in pantry_area, expected inside_box | mug2 is in pantry_area, expected inside_box | mug3 is in cupboard_shelf, expected inside_box | spam is in pantry_area, expected cupboard_shelf | sugar is in pantry_area, expected cupboard_shelf | HC-box violated: can_of_beans never cleared from the box placement area | HC-box violated: can_of_beans_2 never cleared from the box placement area",hc_violation:2 invalid_corrective_block:2 repeated_planner_output:2 missing_post_pick_place:1 box_lid_obstructed:1
qwen3-4b-fp8,FINAL.K3-n2,7,replan_loop,loop <- Other: hc_violation,10,"can_of_beans is in inside_box, expected cupboard_shelf | can_of_beans_2 is in inside_box, expected cupboard_shelf | mug1 is in pantry_area, expected inside_box | mug2 is in pantry_area, expected inside_box | mug3 is in cupboard_shelf, expected inside_box | spam is in pantry_area, expected cupboard_shelf | sugar is in pantry_area, expected cupboard_shelf | HC-box violated: can_of_beans never cleared from the box placement area | HC-box violated: can_of_beans_2 never cleared from the box placement area",hc_violation:2 orphan_place:2 missing_post_pick_place:2 invalid_corrective_block:2 repeated_planner_output:2 box_lid_closed:1
qwen3-4b-fp8,FINAL.K3-n2,8,replan_budget_exhausted,budget <- Scene precondition: box_lid_obstructed,11,"can_of_beans is in inside_box, expected cupboard_shelf | can_of_beans_2 is in inside_box, expected cupboard_shelf | mug1 is in pantry_area, expected inside_box | mug2 is in pantry_area, expected inside_box | mug3 is in cupboard_shelf, expected inside_box | spam is in pantry_area, expected cupboard_shelf | sugar is in pantry_area, expected cupboard_shelf | HC-box violated: can_of_beans never cleared from the box placement area | HC-box violated: can_of_beans_2 never cleared from the box placement area",box_lid_obstructed:3 hc_violation:2 missing_post_pick_place:2 invalid_corrective_block:2 orphan_place:1 planner_output_not_parseable:1 repeated_planner_output:1
qwen3-4b-fp8,FINAL.K3-n2,9,replan_loop,loop <- Other: hc_violation,8,"can_of_beans is in inside_box, expected cupboard_shelf | can_of_beans_2 is in inside_box, expected cupboard_shelf | mug1 is in pantry_area, expected inside_box | mug2 is in pantry_area, expected inside_box | mug3 is in cupboard_shelf, expected inside_box | spam is in pantry_area, expected cupboard_shelf | sugar is in pantry_area, expected cupboard_shelf | HC-box violated: can_of_beans never cleared from the box placement area | HC-box violated: can_of_beans_2 never cleared from the box placement area",hc_violation:2 orphan_place:2 invalid_corrective_block:2 repeated_planner_output:2 placement_failed:1
qwen3-4b-fp8,FINAL.K3-n3,0,replan_loop,loop <- Other: hc_violation,8,"can_of_beans is in inside_box, expected cupboard_shelf | can_of_beans_2 is in inside_box, expected cupboard_shelf | can_of_beans_3 is in inside_box, expected cupboard_shelf | mug1 is in pantry_area, expected inside_box | mug2 is in pantry_area, expected inside_box | mug3 is in cupboard_shelf, expected inside_box | spam is in pantry_area, expected cupboard_shelf | sugar is in pantry_area, expected cupboard_shelf | HC-box violated: can_of_beans never cleared from the box placement area | HC-box violated: can_of_beans_2 never cleared from the box placement area | HC-box violated: can_of_beans_3 never cleared from the box placement area",hc_violation:3 invalid_corrective_block:2 repeated_planner_output:2 missing_post_pick_place:1 box_lid_obstructed:1 placement_failed:1
qwen3-4b-fp8,FINAL.K3-n3,1,replan_loop,loop <- Other: hc_violation,7,"can_of_beans is in inside_box, expected cupboard_shelf | can_of_beans_2 is in inside_box, expected cupboard_shelf | can_of_beans_3 is in inside_box, expected cupboard_shelf | mug1 is in pantry_area, expected inside_box | mug2 is in pantry_area, expected inside_box | mug3 is in cupboard_shelf, expected inside_box | spam is in pantry_area, expected cupboard_shelf | sugar is in pantry_area, expected cupboard_shelf | HC-box violated: can_of_beans never cleared from the box placement area | HC-box violated: can_of_beans_2 never cleared from the box placement area | HC-box violated: can_of_beans_3 never cleared from the box placement area",hc_violation:3 invalid_corrective_block:2 repeated_planner_output:2 orphan_place:1 placement_failed:1
qwen3-4b-fp8,FINAL.K3-n3,2,replan_loop,loop <- Other: hc_violation,8,"can_of_beans is in inside_box, expected cupboard_shelf | can_of_beans_2 is in inside_box, expected cupboard_shelf | can_of_beans_3 is in inside_box, expected cupboard_shelf | mug1 is in pantry_area, expected inside_box | mug2 is in pantry_area, expected inside_box | mug3 is in cupboard_shelf, expected inside_box | spam is in pantry_area, expected cupboard_shelf | sugar is in pantry_area, expected cupboard_shelf | HC-box violated: can_of_beans never cleared from the box placement area | HC-box violated: can_of_beans_2 never cleared from the box placement area | HC-box violated: can_of_beans_3 never cleared from the box placement area",hc_violation:3 invalid_corrective_block:2 repeated_planner_output:2 box_lid_obstructed:1 missing_post_pick_place:1 placement_failed:1
qwen3-4b-fp8,FINAL.K3-n3,3,replan_loop,loop <- Other: hc_violation,8,"can_of_beans is in inside_box, expected cupboard_shelf | can_of_beans_2 is in inside_box, expected cupboard_shelf | can_of_beans_3 is in inside_box, expected cupboard_shelf | mug1 is in pantry_area, expected inside_box | mug2 is in pantry_area, expected inside_box | mug3 is in cupboard_shelf, expected inside_box | spam is in pantry_area, expected cupboard_shelf | sugar is in pantry_area, expected cupboard_shelf | HC-box violated: can_of_beans never cleared from the box placement area | HC-box violated: can_of_beans_2 never cleared from the box placement area | HC-box violated: can_of_beans_3 never cleared from the box placement area",hc_violation:3 invalid_corrective_block:2 repeated_planner_output:2 missing_post_pick_place:1 placement_failed:1 orphan_place:1
qwen3-4b-fp8,FINAL.K3-n3,4,replan_loop,loop <- Other: hc_violation,8,"can_of_beans is in inside_box, expected cupboard_shelf | can_of_beans_2 is in inside_box, expected cupboard_shelf | can_of_beans_3 is in inside_box, expected cupboard_shelf | mug1 is in pantry_area, expected inside_box | mug2 is in pantry_area, expected inside_box | mug3 is in cupboard_shelf, expected inside_box | spam is in pantry_area, expected cupboard_shelf | sugar is in pantry_area, expected cupboard_shelf | HC-box violated: can_of_beans never cleared from the box placement area | HC-box violated: can_of_beans_2 never cleared from the box placement area | HC-box violated: can_of_beans_3 never cleared from the box placement area",hc_violation:3 invalid_corrective_block:2 repeated_planner_output:2 missing_post_pick_place:1 box_lid_obstructed:1 placement_failed:1
qwen3-4b-fp8,FINAL.K3-n3,5,replan_loop,loop <- Other: hc_violation,7,"can_of_beans is in inside_box, expected cupboard_shelf | can_of_beans_2 is in inside_box, expected cupboard_shelf | can_of_beans_3 is in inside_box, expected cupboard_shelf | mug1 is in pantry_area, expected inside_box | mug2 is in pantry_area, expected inside_box | mug3 is in cupboard_shelf, expected inside_box | spam is in pantry_area, expected cupboard_shelf | sugar is in pantry_area, expected cupboard_shelf | HC-box violated: can_of_beans never cleared from the box placement area | HC-box violated: can_of_beans_2 never cleared from the box placement area | HC-box violated: can_of_beans_3 never cleared from the box placement area",hc_violation:3 invalid_corrective_block:3 repeated_planner_output:2 box_lid_obstructed:1
qwen3-4b-fp8,FINAL.K3-n3,6,replan_loop,loop <- Other: hc_violation,7,"can_of_beans is in inside_box, expected cupboard_shelf | can_of_beans_2 is in inside_box, expected cupboard_shelf | can_of_beans_3 is in inside_box, expected cupboard_shelf | mug1 is in pantry_area, expected inside_box | mug2 is in pantry_area, expected inside_box | mug3 is in cupboard_shelf, expected inside_box | spam is in pantry_area, expected cupboard_shelf | sugar is in pantry_area, expected cupboard_shelf | HC-box violated: can_of_beans never cleared from the box placement area | HC-box violated: can_of_beans_2 never cleared from the box placement area | HC-box violated: can_of_beans_3 never cleared from the box placement area",hc_violation:3 invalid_corrective_block:2 repeated_planner_output:2 box_lid_obstructed:1 planner_output_not_parseable:1
qwen3-4b-fp8,FINAL.K3-n3,7,replan_loop,loop <- Other: hc_violation,5,"can_of_beans is in inside_box, expected cupboard_shelf | can_of_beans_2 is in inside_box, expected cupboard_shelf | can_of_beans_3 is in inside_box, expected cupboard_shelf | mug1 is in pantry_area, expected inside_box | mug2 is in pantry_area, expected inside_box | mug3 is in cupboard_shelf, expected inside_box | spam is in pantry_area, expected cupboard_shelf | sugar is in pantry_area, expected cupboard_shelf | HC-box violated: can_of_beans never cleared from the box placement area | HC-box violated: can_of_beans_2 never cleared from the box placement area | HC-box violated: can_of_beans_3 never cleared from the box placement area",hc_violation:3 invalid_corrective_block:2 repeated_planner_output:2
qwen3-4b-fp8,FINAL.K3-n3,8,replan_loop,loop <- Other: hc_violation,8,"can_of_beans is in inside_box, expected cupboard_shelf | can_of_beans_2 is in inside_box, expected cupboard_shelf | can_of_beans_3 is in inside_box, expected cupboard_shelf | mug3 is in cupboard_shelf, expected inside_box | spam is in pantry_area, expected cupboard_shelf | sugar is in pantry_area, expected cupboard_shelf | HC-box violated: mug1 placed into the box before can_of_beans was cleared | HC-box violated: mug1 placed into the box before can_of_beans_2 was cleared | HC-box violated: mug1 placed into the box before can_of_beans_3 was cleared",hc_violation:3 missing_post_pick_place:2 invalid_corrective_block:2 repeated_planner_output:2 planner_output_not_parseable:1
qwen3-4b-fp8,FINAL.K3-n3,9,replan_loop,loop <- Other: hc_violation,8,"can_of_beans is in inside_box, expected cupboard_shelf | can_of_beans_2 is in inside_box, expected cupboard_shelf | can_of_beans_3 is in inside_box, expected cupboard_shelf | mug1 is in pantry_area, expected inside_box | mug2 is in pantry_area, expected inside_box | mug3 is in cupboard_shelf, expected inside_box | spam is in pantry_area, expected cupboard_shelf | sugar is in pantry_area, expected cupboard_shelf | HC-box violated: can_of_beans never cleared from the box placement area | HC-box violated: can_of_beans_2 never cleared from the box placement area | HC-box violated: can_of_beans_3 never cleared from the box placement area",hc_violation:3 invalid_corrective_block:2 repeated_planner_output:2 box_lid_obstructed:1 placement_failed:1 orphan_place:1
qwen3-4b-fp8,FINAL.K1-w1,0,replan_loop,loop <- Corrective block: invalid_corrective_block,7,"can_of_beans is in pantry_area, expected cupboard_shelf | mug1 is in pantry_area, expected inside_box | mug2 is in pantry_area, expected inside_box | mug3 is in cupboard_shelf, expected inside_box | spam is in pantry_area, expected cupboard_shelf | sugar is in pantry_area, expected cupboard_shelf | phone is in the inside_box placement area | HC-box violated: phone never cleared from the box placement area",invalid_corrective_block:2 repeated_planner_output:2 hc_violation:1 orphan_place:1 placement_failed:1
qwen3-4b-fp8,FINAL.K1-w1,1,replan_loop,loop <- Corrective block: invalid_corrective_block,7,"mug1 is in pantry_area, expected inside_box | mug2 is in pantry_area, expected inside_box | mug3 is in cupboard_shelf, expected inside_box | spam is in pantry_area, expected cupboard_shelf | sugar is in pantry_area, expected cupboard_shelf | phone is in the inside_box placement area | HC-box violated: phone never cleared from the box placement area",invalid_corrective_block:2 repeated_planner_output:2 hc_violation:1 missing_post_pick_place:1 box_lid_obstructed:1
qwen3-4b-fp8,FINAL.K1-w1,2,replan_loop,loop <- Corrective block: invalid_corrective_block,6,"can_of_beans is in pantry_area, expected cupboard_shelf | mug1 is in pantry_area, expected inside_box | mug2 is in pantry_area, expected inside_box | mug3 is in cupboard_shelf, expected inside_box | spam is in pantry_area, expected cupboard_shelf | sugar is in pantry_area, expected cupboard_shelf | phone is in the inside_box placement area | HC-box violated: phone never cleared from the box placement area",invalid_corrective_block:2 repeated_planner_output:2 hc_violation:1 placement_failed:1
qwen3-4b-fp8,FINAL.K1-w1,3,replan_loop,loop <- Corrective block: invalid_corrective_block,9,"mug1 is in pantry_area, expected inside_box | mug2 is in pantry_area, expected inside_box | mug3 is in cupboard_shelf, expected inside_box | sugar is in pantry_area, expected cupboard_shelf | phone is in the inside_box placement area | HC-box violated: phone never cleared from the box placement area",invalid_corrective_block:3 repeated_planner_output:2 hc_violation:1 missing_post_pick_place:1 placement_failed:1 orphan_place:1
qwen3-4b-fp8,FINAL.K1-w1,4,planner_returned_no_actions,Task plan,5,"can_of_beans is in pantry_area, expected cupboard_shelf | mug1 is in pantry_area, expected inside_box | mug2 is in box_lid_top, expected inside_box | mug3 is in cupboard_shelf, expected inside_box | spam is in pantry_area, expected cupboard_shelf | sugar is in pantry_area, expected cupboard_shelf | phone is in the inside_box placement area | HC-box violated: phone never cleared from the box placement area",box_lid_obstructed:2 hc_violation:1 planner_output_not_parseable:1 missing_post_pick_place:1
qwen3-4b-fp8,FINAL.K1-w1,5,replan_loop,loop <- Corrective block: invalid_corrective_block,8,"can_of_beans is in pantry_area, expected cupboard_shelf | mug1 is in pantry_area, expected inside_box | mug2 is in table_staging_area, expected inside_box | mug3 is in cupboard_shelf, expected inside_box | spam is in pantry_area, expected cupboard_shelf | sugar is in pantry_area, expected cupboard_shelf | phone is in the inside_box placement area | HC-box violated: phone never cleared from the box placement area",invalid_corrective_block:3 repeated_planner_output:2 hc_violation:1 box_lid_obstructed:1 placement_failed:1
qwen3-4b-fp8,FINAL.K1-w1,6,replan_loop,loop <- Corrective block: invalid_corrective_block,5,"can_of_beans is in pantry_area, expected cupboard_shelf | mug1 is in pantry_area, expected inside_box | mug2 is in pantry_area, expected inside_box | mug3 is in cupboard_shelf, expected inside_box | spam is in pantry_area, expected cupboard_shelf | sugar is in pantry_area, expected cupboard_shelf | phone is in the inside_box placement area | HC-box violated: phone never cleared from the box placement area",invalid_corrective_block:2 repeated_planner_output:2 hc_violation:1
qwen3-4b-fp8,FINAL.K1-w1,7,replan_loop,loop <- Corrective block: invalid_corrective_block,6,"can_of_beans is in pantry_area, expected cupboard_shelf | mug1 is in pantry_area, expected inside_box | mug2 is in pantry_area, expected inside_box | mug3 is in cupboard_shelf, expected inside_box | spam is in pantry_area, expected cupboard_shelf | sugar is in pantry_area, expected cupboard_shelf | phone is in the inside_box placement area | HC-box violated: phone never cleared from the box placement area",invalid_corrective_block:2 repeated_planner_output:2 hc_violation:1 box_lid_closed:1
qwen3-4b-fp8,FINAL.K1-w1,8,replan_loop,loop <- Corrective block: invalid_corrective_block,5,"can_of_beans is in pantry_area, expected cupboard_shelf | mug1 is in pantry_area, expected inside_box | mug2 is in pantry_area, expected inside_box | mug3 is in cupboard_shelf, expected inside_box | spam is in pantry_area, expected cupboard_shelf | sugar is in pantry_area, expected cupboard_shelf | phone is in the inside_box placement area | HC-box violated: phone never cleared from the box placement area",invalid_corrective_block:2 repeated_planner_output:2 hc_violation:1
qwen3-4b-fp8,FINAL.K1-w1,9,replan_loop,loop <- Scene precondition: box_lid_obstructed,10,"can_of_beans is in pantry_area, expected cupboard_shelf | mug1 is in pantry_area, expected inside_box | mug2 is in table_staging_area, expected inside_box | mug3 is in cupboard_shelf, expected inside_box | spam is in pantry_area, expected cupboard_shelf | sugar is in pantry_area, expected cupboard_shelf | phone is in the inside_box placement area | HC-box violated: phone never cleared from the box placement area",box_lid_obstructed:2 invalid_corrective_block:2 repeated_planner_output:2 hc_violation:1 missing_post_pick_place:1 placement_failed:1 orphan_place:1
qwen3-4b-fp8,FINAL.K1-w2,0,replan_loop,loop <- Corrective block: invalid_corrective_block,8,"can_of_beans is in pantry_area, expected cupboard_shelf | can_of_beans_2 is in pantry_area, expected cupboard_shelf | mug1 is in pantry_area, expected inside_box | mug2 is in pantry_area, expected inside_box | mug3 is in cupboard_shelf, expected inside_box | spam is in pantry_area, expected cupboard_shelf | sugar is in pantry_area, expected cupboard_shelf | phone is in the inside_box placement area | HC-box violated: phone never cleared from the box placement area",invalid_corrective_block:2 repeated_planner_output:2 hc_violation:1 planner_output_not_parseable:1 unknown_action_token:1 placement_failed:1
qwen3-4b-fp8,FINAL.K1-w2,1,replan_loop,loop <- Corrective block: invalid_corrective_block,6,"can_of_beans is in pantry_area, expected cupboard_shelf | can_of_beans_2 is in pantry_area, expected cupboard_shelf | mug1 is in pantry_area, expected inside_box | mug2 is in pantry_area, expected inside_box | mug3 is in cupboard_shelf, expected inside_box | spam is in pantry_area, expected cupboard_shelf | sugar is in pantry_area, expected cupboard_shelf | phone is in the inside_box placement area | HC-box violated: phone never cleared from the box placement area",invalid_corrective_block:3 repeated_planner_output:2 hc_violation:1
qwen3-4b-fp8,FINAL.K1-w2,2,replan_loop,loop <- Corrective block: invalid_corrective_block,10,"can_of_beans is in pantry_area, expected cupboard_shelf | can_of_beans_2 is in pantry_area, expected cupboard_shelf | mug1 is in pantry_area, expected inside_box | mug2 is in table_staging_area, expected inside_box | mug3 is in cupboard_shelf, expected inside_box | spam is in pantry_area, expected cupboard_shelf | sugar is in pantry_area, expected cupboard_shelf | phone is in the inside_box placement area | HC-box violated: phone never cleared from the box placement area",invalid_corrective_block:3 repeated_planner_output:2 hc_violation:1 planner_output_not_parseable:1 missing_post_pick_place:1 box_lid_obstructed:1 placement_failed:1
qwen3-4b-fp8,FINAL.K1-w2,3,replan_budget_exhausted,budget <- Plan rules: orphan_place,11,"can_of_beans is in pantry_area, expected cupboard_shelf | can_of_beans_2 is in pantry_area, expected cupboard_shelf | mug1 is in pantry_area, expected inside_box | mug2 is in pantry_area, expected inside_box | mug3 is in cupboard_shelf, expected inside_box | spam is in pantry_area, expected cupboard_shelf | sugar is in pantry_area, expected cupboard_shelf | phone is in the inside_box placement area | HC-box violated: phone never cleared from the box placement area",orphan_place:5 repeated_planner_output:3 hc_violation:1 missing_post_pick_place:1 box_lid_obstructed:1 placement_failed:1
qwen3-4b-fp8,FINAL.K1-w2,4,replan_loop,loop <- Plan rules: orphan_place,10,"can_of_beans is in pantry_area, expected cupboard_shelf | can_of_beans_2 is in pantry_area, expected cupboard_shelf | mug1 is in pantry_area, expected inside_box | mug2 is in pantry_area, expected inside_box | mug3 is in cupboard_shelf, expected inside_box | spam is in pantry_area, expected cupboard_shelf | sugar is in pantry_area, expected cupboard_shelf | phone is in the inside_box placement area | HC-box violated: phone never cleared from the box placement area",orphan_place:2 invalid_corrective_block:2 repeated_planner_output:2 hc_violation:1 missing_post_pick_place:1 box_lid_obstructed:1 placement_failed:1
qwen3-4b-fp8,FINAL.K1-w2,5,replan_loop,loop <- Corrective block: invalid_corrective_block,9,"can_of_beans is in pantry_area, expected cupboard_shelf | can_of_beans_2 is in pantry_area, expected cupboard_shelf | mug1 is in pantry_area, expected inside_box | mug2 is in table_staging_area, expected inside_box | mug3 is in cupboard_shelf, expected inside_box | spam is in pantry_area, expected cupboard_shelf | sugar is in pantry_area, expected cupboard_shelf | phone is in the inside_box placement area | HC-box violated: phone never cleared from the box placement area",invalid_corrective_block:3 repeated_planner_output:2 hc_violation:1 box_lid_obstructed:1 placement_failed:1 insertion_too_late:1
qwen3-4b-fp8,FINAL.K1-w2,6,replan_loop,loop <- Corrective block: invalid_corrective_block,8,"can_of_beans is in pantry_area, expected cupboard_shelf | can_of_beans_2 is in pantry_area, expected cupboard_shelf | mug1 is in pantry_area, expected inside_box | mug2 is in pantry_area, expected inside_box | mug3 is in cupboard_shelf, expected inside_box | spam is in pantry_area, expected cupboard_shelf | sugar is in pantry_area, expected cupboard_shelf | phone is in the inside_box placement area | HC-box violated: phone never cleared from the box placement area",invalid_corrective_block:2 repeated_planner_output:2 hc_violation:1 box_lid_obstructed:1 placement_failed:1 orphan_place:1
qwen3-4b-fp8,FINAL.K1-w2,7,replan_budget_exhausted,budget <- Scene precondition: box_lid_obstructed,11,"can_of_beans is in pantry_area, expected cupboard_shelf | can_of_beans_2 is in pantry_area, expected cupboard_shelf | mug1 is in pantry_area, expected inside_box | mug2 is in pantry_area, expected inside_box | mug3 is in cupboard_shelf, expected inside_box | spam is in pantry_area, expected cupboard_shelf | sugar is in pantry_area, expected cupboard_shelf | phone is in the inside_box placement area | HC-box violated: phone never cleared from the box placement area",box_lid_obstructed:3 missing_post_pick_place:3 invalid_corrective_block:2 hc_violation:1 orphan_place:1 repeated_planner_output:1
qwen3-4b-fp8,FINAL.K1-w2,8,replan_loop,loop <- Corrective block: invalid_corrective_block,6,"can_of_beans is in pantry_area, expected cupboard_shelf | can_of_beans_2 is in pantry_area, expected cupboard_shelf | mug1 is in pantry_area, expected inside_box | mug2 is in table_staging_area, expected inside_box | mug3 is in cupboard_shelf, expected inside_box | spam is in pantry_area, expected cupboard_shelf | sugar is in pantry_area, expected cupboard_shelf | phone is in the inside_box placement area | HC-box violated: phone never cleared from the box placement area",invalid_corrective_block:2 repeated_planner_output:2 hc_violation:1 planner_output_not_parseable:1
qwen3-4b-fp8,FINAL.K1-w2,9,replan_loop,loop <- Corrective block: invalid_corrective_block,6,"can_of_beans is in pantry_area, expected cupboard_shelf | can_of_beans_2 is in pantry_area, expected cupboard_shelf | mug1 is in pantry_area, expected inside_box | mug2 is in table_staging_area, expected inside_box | mug3 is in cupboard_shelf, expected inside_box | spam is in pantry_area, expected cupboard_shelf | sugar is in pantry_area, expected cupboard_shelf | phone is in the inside_box placement area | HC-box violated: phone never cleared from the box placement area",invalid_corrective_block:2 repeated_planner_output:2 hc_violation:1 placement_failed:1
qwen3-4b-fp8,FINAL.G0,0,replan_loop,loop <- Corrective block: invalid_corrective_block,5,raw_meat_1 placed on plate_top before completing a cooking cycle,invalid_corrective_block:2 repeated_planner_output:2
qwen3-4b-fp8,FINAL.G0,1,replan_loop,loop <- Plan rules: pick_place_mismatch,9,raw_meat_1 never completed a cooking cycle,pick_place_mismatch:2 invalid_corrective_block:2 repeated_planner_output:2 missing_post_pick_place:1 orphan_place:1
qwen3-4b-fp8,FINAL.G0,2,replan_budget_exhausted,budget <- Plan rules: pick_place_mismatch,11,"raw_meat_1 is in table, expected plate_top | plate is in dish_rack, expected serving_area | raw_meat_1 never completed a cooking cycle",pick_place_mismatch:6 unknown_action_token:3 orphan_place:1 repeated_planner_output:1
qwen3-4b-fp8,FINAL.G0,3,plan_completed,Insertion,8,raw_meat_1 placed on plate_top before completing a cooking cycle,invalid_corrective_block:2 pick_place_mismatch:1 repeated_planner_output:1 pick_object_missing:1 missing_post_pick_place:1
qwen3-4b-fp8,FINAL.G0,4,replan_budget_exhausted,budget <- Plan rules: pick_place_mismatch,11,raw_meat_1 placed on plate_top before completing a cooking cycle,pick_place_mismatch:5 invalid_corrective_block:2 missing_post_pick_place:1 orphan_place:1 unknown_action_token:1
qwen3-4b-fp8,FINAL.G0,5,replan_loop,loop <- Corrective block: invalid_corrective_block,5,raw_meat_1 placed on plate_top before completing a cooking cycle,invalid_corrective_block:2 repeated_planner_output:2
qwen3-4b-fp8,FINAL.G0,6,replan_loop,loop <- Corrective block: invalid_corrective_block,5,raw_meat_1 placed on plate_top before completing a cooking cycle,invalid_corrective_block:2 repeated_planner_output:2
qwen3-4b-fp8,FINAL.G0,7,replan_loop,loop <- Plan rules: pick_place_mismatch,7,raw_meat_1 placed on plate_top before completing a cooking cycle,pick_place_mismatch:2 invalid_corrective_block:2 repeated_planner_output:2
qwen3-4b-fp8,FINAL.G0,8,replan_loop,loop <- Corrective block: invalid_corrective_block,6,raw_meat_1 placed on plate_top before completing a cooking cycle,invalid_corrective_block:2 repeated_planner_output:2 unknown_action_token:1
qwen3-4b-fp8,FINAL.G0,9,replan_loop,loop <- Corrective block: invalid_corrective_block,5,raw_meat_1 placed on plate_top before completing a cooking cycle,invalid_corrective_block:2 repeated_planner_output:2
qwen3-4b-fp8,FINAL.G1,0,replan_loop,loop <- Plan rules: pick_place_mismatch,10,"cooked_meat_1 is in inside_grill, expected plate_top | cooked_meat_2 is in inside_grill, expected plate_top | raw_meat_1 is in inside_grill, expected plate_top | raw_meat_1 never completed a cooking cycle",pick_place_mismatch:3 invalid_corrective_block:2 repeated_planner_output:2 orphan_place:1 missing_post_pick_place:1
qwen3-4b-fp8,FINAL.G1,1,replan_loop,loop <- Plan rules: pick_place_mismatch,7,"cooked_meat_1 is in inside_grill, expected plate_top | cooked_meat_2 is in inside_grill, expected plate_top | raw_meat_1 is in table, expected plate_top | raw_meat_1 never completed a cooking cycle",pick_place_mismatch:2 invalid_corrective_block:2 repeated_planner_output:2
qwen3-4b-fp8,FINAL.G1,2,replan_loop,loop <- Corrective block: invalid_corrective_block,6,"cooked_meat_1 is in inside_grill, expected plate_top | cooked_meat_2 is in inside_grill, expected plate_top | raw_meat_1 is in dish_rack, expected plate_top | raw_meat_1 never completed a cooking cycle",invalid_corrective_block:2 repeated_planner_output:2 pick_place_mismatch:1
qwen3-4b-fp8,FINAL.G1,3,replan_loop,loop <- Corrective block: invalid_corrective_block,6,"cooked_meat_1 is in inside_grill, expected plate_top | cooked_meat_2 is in inside_grill, expected plate_top | raw_meat_1 is in inside_grill, expected plate_top | raw_meat_1 never completed a cooking cycle",invalid_corrective_block:2 repeated_planner_output:2 missing_post_pick_place:1
qwen3-4b-fp8,FINAL.G1,4,replan_loop,loop <- Motion / grasp: placement_failed,11,raw_meat_1 placed on plate_top before completing a cooking cycle,placement_failed:4 invalid_corrective_block:3 repeated_planner_output:2 unknown_action_token:1
qwen3-4b-fp8,FINAL.G1,5,replan_loop,loop <- Plan rules: pick_place_mismatch,9,"cooked_meat_1 is in inside_grill, expected plate_top | cooked_meat_2 is in inside_grill, expected plate_top | raw_meat_1 is in inside_grill, expected plate_top | raw_meat_1 never completed a cooking cycle",pick_place_mismatch:2 invalid_corrective_block:2 repeated_planner_output:2 unknown_action_token:1 missing_post_pick_place:1
qwen3-4b-fp8,FINAL.G1,6,replan_budget_exhausted,budget <- Corrective block: invalid_corrective_block,11,"cooked_meat_2 is in inside_grill, expected plate_top | cooked_meat_1 overcooked: inside the grill during a close->reopen cycle after it was cooked | cooked_meat_2 overcooked: inside the grill during a close->reopen cycle after it was cooked | raw_meat_1 never completed a cooking cycle | HC-grill violated: cooked_meat_1 inside the grill at close(grill_lid) after it was cooked | HC-grill violated: cooked_meat_2 inside the grill at close(grill_lid) after it was cooked",invalid_corrective_block:5 hc_violation:2 placement_failed:2 unknown_action_token:1 orphan_place:1 pick_object_missing:1
qwen3-4b-fp8,FINAL.G1,7,replan_loop,loop <- Corrective block: invalid_corrective_block,6,"cooked_meat_1 is in inside_grill, expected plate_top | cooked_meat_2 is in inside_grill, expected plate_top | raw_meat_1 is in inside_grill, expected plate_top | raw_meat_1 never completed a cooking cycle",invalid_corrective_block:2 repeated_planner_output:2 unknown_action_token:1
qwen3-4b-fp8,FINAL.G1,8,replan_loop,loop <- Plan rules: pick_place_mismatch,8,"cooked_meat_1 is in inside_grill, expected plate_top | cooked_meat_2 is in inside_grill, expected plate_top | raw_meat_1 is in inside_grill, expected plate_top | raw_meat_1 never completed a cooking cycle",pick_place_mismatch:2 invalid_corrective_block:2 repeated_planner_output:2 unknown_action_token:1
qwen3-4b-fp8,FINAL.G1,9,replan_loop,loop <- Corrective block: invalid_corrective_block,7,"cooked_meat_1 is in inside_grill, expected plate_top | cooked_meat_2 is in inside_grill, expected plate_top | raw_meat_1 is in inside_grill, expected plate_top | raw_meat_1 never completed a cooking cycle",invalid_corrective_block:2 repeated_planner_output:2 pick_place_mismatch:1 missing_post_pick_place:1
qwen3-4b-fp8,FINAL.G2,0,replan_loop,loop <- Corrective block: invalid_corrective_block,6,"cooked_meat_1 is in inside_grill, expected plate_top | raw_meat_1 is in inside_grill, expected plate_top | raw_meat_2 is in inside_grill, expected plate_top | raw_meat_1 never completed a cooking cycle | raw_meat_2 never completed a cooking cycle",invalid_corrective_block:2 repeated_planner_output:2 unknown_action_token:1
qwen3-4b-fp8,FINAL.G2,1,replan_loop,loop <- Corrective block: invalid_corrective_block,6,"cooked_meat_1 is in inside_grill, expected plate_top | raw_meat_1 is in inside_grill, expected plate_top | raw_meat_2 is in inside_grill, expected plate_top | raw_meat_1 never completed a cooking cycle | raw_meat_2 never completed a cooking cycle",invalid_corrective_block:2 repeated_planner_output:2 pick_place_mismatch:1
qwen3-4b-fp8,FINAL.G2,2,replan_budget_exhausted,budget <- Plan rules: pick_place_mismatch,11,"cooked_meat_1 is in inside_grill, expected plate_top | raw_meat_2 is in inside_grill, expected plate_top | raw_meat_1 never completed a cooking cycle | raw_meat_2 never completed a cooking cycle | HC-grill violated: cooked_meat_1 inside the grill at close(grill_lid) after it was cooked",pick_place_mismatch:3 unknown_action_token:2 invalid_corrective_block:2 hc_violation:1 orphan_place:1 placement_failed:1 planner_output_not_parseable:1 pick_object_missing:1
qwen3-4b-fp8,FINAL.G2,3,replan_budget_exhausted,budget <- Plan rules: pick_place_mismatch,11,"cooked_meat_1 is in inside_grill, expected plate_top | raw_meat_1 is in table, expected plate_top | raw_meat_2 is in inside_grill, expected plate_top | plate is in dish_rack, expected serving_area | raw_meat_1 never completed a cooking cycle | raw_meat_2 never completed a cooking cycle",pick_place_mismatch:4 unknown_action_token:3 missing_post_pick_place:2 planner_output_not_parseable:1 orphan_place:1
qwen3-4b-fp8,FINAL.G2,4,replan_loop,loop <- Plan rules: pick_place_mismatch,9,"cooked_meat_1 is in inside_grill, expected plate_top | raw_meat_1 is in inside_grill, expected plate_top | raw_meat_2 is in inside_grill, expected plate_top | raw_meat_1 never completed a cooking cycle | raw_meat_2 never completed a cooking cycle",pick_place_mismatch:3 repeated_planner_output:3 invalid_corrective_block:2
qwen3-4b-fp8,FINAL.G2,5,replan_loop,loop <- Plan format: unknown_action_token,7,"cooked_meat_1 is in inside_grill, expected plate_top | raw_meat_1 is in inside_grill, expected plate_top | raw_meat_2 is in inside_grill, expected plate_top | plate is in dish_rack, expected serving_area | raw_meat_1 never completed a cooking cycle | raw_meat_2 never completed a cooking cycle",unknown_action_token:2 invalid_corrective_block:2 repeated_planner_output:2
qwen3-4b-fp8,FINAL.G2,6,replan_loop,loop <- Plan format: unknown_action_token,11,"cooked_meat_1 is in inside_grill, expected plate_top | raw_meat_1 is in inside_grill, expected plate_top | raw_meat_2 is in inside_grill, expected plate_top | plate is in dish_rack, expected serving_area | raw_meat_1 never completed a cooking cycle | raw_meat_2 never completed a cooking cycle",unknown_action_token:2 pick_place_mismatch:2 invalid_corrective_block:2 repeated_planner_output:2 missing_post_pick_place:1 orphan_place:1
qwen3-4b-fp8,FINAL.G2,7,replan_loop,loop <- Corrective block: invalid_corrective_block,7,"cooked_meat_1 is in inside_grill, expected plate_top | raw_meat_1 is in inside_grill, expected plate_top | raw_meat_2 is in inside_grill, expected plate_top | raw_meat_1 never completed a cooking cycle | raw_meat_2 never completed a cooking cycle",invalid_corrective_block:2 repeated_planner_output:2 unknown_action_token:1 pick_place_mismatch:1
qwen3-4b-fp8,FINAL.G2,8,replan_budget_exhausted,budget <- Plan rules: missing_post_pick_place,11,"cooked_meat_1 is in inside_grill, expected plate_top | raw_meat_1 is in table, expected plate_top | raw_meat_2 is in inside_grill, expected plate_top | plate is in dish_rack, expected serving_area | raw_meat_1 never completed a cooking cycle | raw_meat_2 never completed a cooking cycle",missing_post_pick_place:5 pick_place_mismatch:4 planner_output_not_parseable:2
qwen3-4b-fp8,FINAL.G2,9,replan_loop,loop <- Corrective block: invalid_corrective_block,5,"cooked_meat_1 is in inside_grill, expected plate_top | raw_meat_1 is in inside_grill, expected plate_top | raw_meat_2 is in inside_grill, expected plate_top | raw_meat_1 never completed a cooking cycle | raw_meat_2 never completed a cooking cycle",invalid_corrective_block:2 repeated_planner_output:2
qwen3-4b-fp8,FINAL.G3,0,replan_loop,loop <- Corrective block: invalid_corrective_block,11,"raw_meat_2 is in inside_grill, expected plate_top | raw_meat_3 is in inside_grill, expected plate_top | raw_meat_1 never completed a cooking cycle | raw_meat_2 never completed a cooking cycle | raw_meat_3 never completed a cooking cycle",invalid_corrective_block:3 pick_place_mismatch:2 repeated_planner_output:2 orphan_place:1 unknown_action_token:1 placement_failed:1
qwen3-4b-fp8,FINAL.G3,1,replan_budget_exhausted,budget <- Corrective block: invalid_corrective_block,11,"raw_meat_2 is in inside_grill, expected plate_top | raw_meat_3 is in inside_grill, expected plate_top",invalid_corrective_block:3 orphan_place:3 placement_failed:2 pick_place_mismatch:1 repeated_planner_output:1
qwen3-4b-fp8,FINAL.G3,2,replan_loop,loop <- Corrective block: invalid_corrective_block,5,"raw_meat_1 is in inside_grill, expected plate_top | raw_meat_2 is in inside_grill, expected plate_top | raw_meat_3 is in inside_grill, expected plate_top | raw_meat_1 never completed a cooking cycle | raw_meat_2 never completed a cooking cycle | raw_meat_3 never completed a cooking cycle",invalid_corrective_block:2 repeated_planner_output:2
qwen3-4b-fp8,FINAL.G3,3,replan_budget_exhausted,budget <- Plan format: unknown_action_token,11,"raw_meat_1 is in table, expected plate_top | raw_meat_2 is in inside_grill, expected plate_top | raw_meat_3 is in inside_grill, expected plate_top | plate is in dish_rack, expected serving_area | raw_meat_1 never completed a cooking cycle | raw_meat_2 never completed a cooking cycle | raw_meat_3 never completed a cooking cycle",unknown_action_token:3 missing_post_pick_place:2 orphan_place:2 pick_place_mismatch:2 planner_output_not_parseable:1
qwen3-4b-fp8,FINAL.G3,4,plan_completed,Insertion,7,raw_meat_2 overcooked: inside the grill during a close->reopen cycle after it was cooked | raw_meat_3 overcooked: inside the grill during a close->reopen cycle after it was cooked,orphan_place:3 unknown_action_token:1 placement_failed:1 invalid_corrective_block:1
qwen3-4b-fp8,FINAL.G3,5,replan_budget_exhausted,budget <- Plan rules: orphan_place,11,"raw_meat_2 is in inside_grill, expected plate_top | raw_meat_3 is in inside_grill, expected plate_top | raw_meat_1 never completed a cooking cycle",orphan_place:3 planner_output_not_parseable:2 unknown_action_token:2 placement_failed:2 missing_post_pick_place:1 invalid_corrective_block:1
qwen3-4b-fp8,FINAL.G3,6,replan_loop,loop <- Plan format: unknown_action_token,10,"raw_meat_1 is in inside_grill, expected plate_top | raw_meat_2 is in inside_grill, expected plate_top | raw_meat_3 is in inside_grill, expected plate_top | raw_meat_1 never completed a cooking cycle | raw_meat_2 never completed a cooking cycle | raw_meat_3 never completed a cooking cycle",unknown_action_token:2 pick_place_mismatch:2 invalid_corrective_block:2 repeated_planner_output:2 missing_post_pick_place:1
qwen3-4b-fp8,FINAL.G3,7,replan_budget_exhausted,budget <- Plan rules: orphan_place,11,"raw_meat_3 is in inside_grill, expected plate_top | raw_meat_1 never completed a cooking cycle",orphan_place:4 unknown_action_token:2 placement_failed:2 pick_place_mismatch:1 invalid_corrective_block:1 planner_output_not_parseable:1
qwen3-4b-fp8,FINAL.G3,8,replan_loop,loop <- Corrective block: invalid_corrective_block,8,"raw_meat_1 is in serving_area, expected plate_top | raw_meat_2 is in inside_grill, expected plate_top | raw_meat_3 is in inside_grill, expected plate_top | plate is in dish_rack, expected serving_area | raw_meat_1 never completed a cooking cycle | raw_meat_2 never completed a cooking cycle | raw_meat_3 never completed a cooking cycle",invalid_corrective_block:3 repeated_planner_output:2 pick_place_mismatch:1 unknown_action_token:1
qwen3-4b-fp8,FINAL.G3,9,replan_loop,loop <- Corrective block: invalid_corrective_block,8,"raw_meat_1 is in inside_grill, expected plate_top | raw_meat_2 is in inside_grill, expected plate_top | raw_meat_3 is in inside_grill, expected plate_top | raw_meat_1 never completed a cooking cycle | raw_meat_2 never completed a cooking cycle | raw_meat_3 never completed a cooking cycle",invalid_corrective_block:2 repeated_planner_output:2 orphan_place:1 pick_place_mismatch:1 missing_post_pick_place:1
qwen3-4b-fp8,FINAL.G1-n1,0,replan_loop,loop <- Corrective block: invalid_corrective_block,5,"cooked_meat_1 is in inside_grill, expected plate_top | raw_meat_1 is in inside_grill, expected plate_top | raw_meat_1 never completed a cooking cycle",invalid_corrective_block:2 repeated_planner_output:2
qwen3-4b-fp8,FINAL.G1-n1,1,replan_loop,loop <- Corrective block: invalid_corrective_block,5,"cooked_meat_1 is in inside_grill, expected plate_top | raw_meat_1 is in inside_grill, expected plate_top | raw_meat_1 never completed a cooking cycle",invalid_corrective_block:2 repeated_planner_output:2
qwen3-4b-fp8,FINAL.G1-n1,2,replan_loop,loop <- Corrective block: invalid_corrective_block,5,"cooked_meat_1 is in inside_grill, expected plate_top | raw_meat_1 is in inside_grill, expected plate_top | raw_meat_1 never completed a cooking cycle",invalid_corrective_block:2 repeated_planner_output:2
qwen3-4b-fp8,FINAL.G1-n1,3,replan_loop,loop <- Corrective block: invalid_corrective_block,7,"cooked_meat_1 is in inside_grill, expected plate_top | raw_meat_1 is in inside_grill, expected plate_top | raw_meat_1 never completed a cooking cycle",invalid_corrective_block:2 repeated_planner_output:2 unknown_action_token:1 pick_place_mismatch:1
qwen3-4b-fp8,FINAL.G1-n1,4,replan_loop,loop <- Corrective block: invalid_corrective_block,7,"cooked_meat_1 is in inside_grill, expected plate_top | raw_meat_1 is in inside_grill, expected plate_top | raw_meat_1 never completed a cooking cycle",invalid_corrective_block:4 repeated_planner_output:2
qwen3-4b-fp8,FINAL.G1-n1,5,replan_loop,loop <- Corrective block: invalid_corrective_block,8,"cooked_meat_1 is in inside_grill, expected plate_top | raw_meat_1 is in inside_grill, expected plate_top | raw_meat_1 never completed a cooking cycle",invalid_corrective_block:2 repeated_planner_output:2 unknown_action_token:1 pick_place_mismatch:1 missing_post_pick_place:1
qwen3-4b-fp8,FINAL.G1-n1,6,replan_loop,loop <- Corrective block: invalid_corrective_block,6,"cooked_meat_1 is in inside_grill, expected plate_top | raw_meat_1 is in inside_grill, expected plate_top | raw_meat_1 never completed a cooking cycle",invalid_corrective_block:2 repeated_planner_output:2 pick_place_mismatch:1
qwen3-4b-fp8,FINAL.G1-n1,7,replan_budget_exhausted,budget <- Plan rules: orphan_place,11,"cooked_meat_1 is in inside_grill, expected plate_top | raw_meat_1 never completed a cooking cycle",orphan_place:6 pick_place_mismatch:2 missing_post_pick_place:2 placement_failed:1
qwen3-4b-fp8,FINAL.G1-n1,8,replan_loop,loop <- Corrective block: invalid_corrective_block,9,"cooked_meat_1 is in inside_grill, expected plate_top | raw_meat_1 is in inside_grill, expected plate_top | raw_meat_1 never completed a cooking cycle",repeated_planner_output:3 invalid_corrective_block:3 pick_place_mismatch:2
qwen3-4b-fp8,FINAL.G1-n1,9,replan_loop,loop <- Corrective block: invalid_corrective_block,11,"cooked_meat_1 is in inside_grill, expected plate_top | raw_meat_1 is in inside_grill, expected plate_top | raw_meat_1 never completed a cooking cycle",invalid_corrective_block:3 pick_place_mismatch:2 repeated_planner_output:2 unknown_action_token:1 placement_failed:1 orphan_place:1
qwen3-8b-fp8,FINAL.K1,0,replan_budget_exhausted,budget <- Plan rules: missing_post_pick_place,11,"mug1 is in pantry_area, expected inside_box | mug2 is in pantry_area, expected inside_box | mug3 is in cupboard_shelf, expected inside_box | spam is in pantry_area, expected cupboard_shelf | sugar is in pantry_area, expected cupboard_shelf",missing_post_pick_place:3 box_lid_obstructed:2 insertion_too_late:2 orphan_place:1 box_lid_closed:1 placement_failed:1
qwen3-8b-fp8,FINAL.K1,3,replan_budget_exhausted,budget <- Plan rules: orphan_place,11,"mug2 is in pantry_area, expected inside_box | mug3 is in cupboard_shelf, expected inside_box | spam is in pantry_area, expected cupboard_shelf | sugar is in pantry_area, expected cupboard_shelf",orphan_place:4 placement_failed:2 insertion_too_late:2 repeated_planner_output:1
qwen3-8b-fp8,FINAL.K1,8,replan_loop,loop <- Plan rules: orphan_place,5,"mug1 is in pantry_area, expected inside_box | mug2 is in box_lid_top, expected inside_box | mug3 is in cupboard_shelf, expected inside_box | spam is in pantry_area, expected cupboard_shelf | sugar is in pantry_area, expected cupboard_shelf | phone is in the inside_box placement area | HC-box violated: phone never cleared from the box placement area",orphan_place:2 repeated_planner_output:2 hc_violation:1 missing_post_pick_place:1
qwen3-8b-fp8,FINAL.K3,4,replan_budget_exhausted,budget <- Plan rules: missing_post_pick_place,11,"can_of_beans is in inside_box, expected cupboard_shelf | mug1 is in pantry_area, expected inside_box | mug2 is in box_lid_top, expected inside_box | mug3 is in cupboard_shelf, expected inside_box | spam is in pantry_area, expected cupboard_shelf | sugar is in pantry_area, expected cupboard_shelf | HC-box violated: can_of_beans never cleared from the box placement area",missing_post_pick_place:5 box_lid_obstructed:3 repeated_planner_output:2 hc_violation:1 planner_output_not_parseable:1
qwen3-8b-fp8,FINAL.K4,3,replan_budget_exhausted,budget <- Plan rules: missing_post_pick_place,11,"can_of_beans is in inside_box, expected cupboard_shelf | mug1 is in pantry_area, expected inside_box | mug2 is in pantry_area, expected inside_box | mug3 is in cupboard_shelf, expected inside_box | spam is in pantry_area, expected cupboard_shelf | sugar is in pantry_area, expected cupboard_shelf",missing_post_pick_place:3 box_lid_obstructed:2 repeated_planner_output:2 orphan_place:2 planner_output_not_parseable:1 placement_failed:1
qwen3-8b-fp8,FINAL.K1-w1,0,plan_completed,Task plan,5,"mug1 is in pantry_area, expected inside_box",placement_failed:1 orphan_place:1 insertion_too_late:1
qwen3-8b-fp8,FINAL.K1-w1,1,replan_budget_exhausted,budget <- Insertion: insertion_too_late,11,"can_of_beans is in pantry_area, expected cupboard_shelf | mug1 is in pantry_area, expected inside_box | mug2 is in pantry_area, expected inside_box | mug3 is in cupboard_shelf, expected inside_box | spam is in pantry_area, expected cupboard_shelf | sugar is in pantry_area, expected cupboard_shelf | phone is in the inside_box placement area | HC-box violated: phone never cleared from the box placement area",insertion_too_late:5 invalid_corrective_block:2 hc_violation:1 orphan_place:1 missing_post_pick_place:1 repeated_planner_output:1
qwen3-8b-fp8,FINAL.K1-w1,2,replan_budget_exhausted,budget <- Plan rules: missing_post_pick_place,11,"can_of_beans is in pantry_area, expected cupboard_shelf | mug1 is in pantry_area, expected inside_box | mug2 is in pantry_area, expected inside_box | mug3 is in cupboard_shelf, expected inside_box | spam is in pantry_area, expected cupboard_shelf | sugar is in pantry_area, expected cupboard_shelf | phone is in the inside_box placement area | HC-box violated: phone never cleared from the box placement area",missing_post_pick_place:5 orphan_place:2 box_lid_obstructed:2 hc_violation:1 repeated_planner_output:1 placement_failed:1
qwen3-8b-fp8,FINAL.K1-w1,3,replan_budget_exhausted,budget <- Plan rules: orphan_place,11,"can_of_beans is in pantry_area, expected cupboard_shelf | mug1 is in pantry_area, expected inside_box | mug2 is in pantry_area, expected inside_box | mug3 is in cupboard_shelf, expected inside_box | spam is in pantry_area, expected cupboard_shelf | sugar is in pantry_area, expected cupboard_shelf",orphan_place:3 missing_post_pick_place:2 placement_failed:2 insertion_too_late:2 box_lid_obstructed:1
qwen3-8b-fp8,FINAL.K1-w1,6,replan_loop,loop <- Plan rules: missing_post_pick_place,8,"can_of_beans is in pantry_area, expected cupboard_shelf | mug1 is in pantry_area, expected inside_box | mug2 is in box_lid_top, expected inside_box | mug3 is in cupboard_shelf, expected inside_box | spam is in pantry_area, expected cupboard_shelf | sugar is in pantry_area, expected cupboard_shelf | phone is in the inside_box placement area | HC-box violated: phone never cleared from the box placement area",missing_post_pick_place:3 box_lid_obstructed:3 repeated_planner_output:2 hc_violation:1
qwen3-8b-fp8,FINAL.K1-w1,7,replan_loop,loop <- Plan rules: missing_post_pick_place,8,"can_of_beans is in pantry_area, expected cupboard_shelf | mug1 is in pantry_area, expected inside_box | mug2 is in box_lid_top, expected inside_box | mug3 is in cupboard_shelf, expected inside_box | spam is in pantry_area, expected cupboard_shelf | sugar is in pantry_area, expected cupboard_shelf | phone is in the inside_box placement area | HC-box violated: phone never cleared from the box placement area",missing_post_pick_place:3 box_lid_obstructed:2 repeated_planner_output:2 hc_violation:1 planner_output_not_parseable:1
qwen3-8b-fp8,FINAL.K1-w1,9,replan_budget_exhausted,budget <- Plan rules: missing_post_pick_place,11,"can_of_beans is in pantry_area, expected cupboard_shelf | mug1 is in pantry_area, expected inside_box | mug2 is in table_staging_area, expected inside_box | mug3 is in cupboard_shelf, expected inside_box | spam is in pantry_area, expected cupboard_shelf | sugar is in pantry_area, expected cupboard_shelf | phone is in the inside_box placement area | HC-box violated: phone never cleared from the box placement area",missing_post_pick_place:3 box_lid_obstructed:3 hc_violation:1 planner_output_not_parseable:1 box_lid_closed:1 placement_failed:1 orphan_place:1
qwen3-8b-fp8,FINAL.K1-w2,0,replan_budget_exhausted,budget <- Insertion: insertion_too_late,11,"can_of_beans is in pantry_area, expected cupboard_shelf | can_of_beans_2 is in pantry_area, expected cupboard_shelf | mug1 is in pantry_area, expected inside_box | mug2 is in pantry_area, expected inside_box | mug3 is in cupboard_shelf, expected inside_box | spam is in pantry_area, expected cupboard_shelf | sugar is in pantry_area, expected cupboard_shelf | phone is in the inside_box placement area | HC-box violated: phone never cleared from the box placement area",insertion_too_late:4 orphan_place:2 hc_violation:1 missing_post_pick_place:1 placement_failed:1 invalid_corrective_block:1 grasp_failed:1
qwen3-8b-fp8,FINAL.K1-w2,4,replan_budget_exhausted,budget <- Insertion: insertion_too_late,11,"can_of_beans is in pantry_area, expected cupboard_shelf | can_of_beans_2 is in pantry_area, expected cupboard_shelf | mug2 is in pantry_area, expected inside_box | mug3 is in cupboard_shelf, expected inside_box | spam is in pantry_area, expected cupboard_shelf | sugar is in pantry_area, expected cupboard_shelf",insertion_too_late:3 placement_failed:2 orphan_place:2 missing_post_pick_place:1 invalid_corrective_block:1
qwen3-8b-fp8,FINAL.K1-w2,8,replan_budget_exhausted,budget <- Insertion: insertion_too_late,11,"can_of_beans is in pantry_area, expected cupboard_shelf | can_of_beans_2 is in pantry_area, expected cupboard_shelf | mug1 is in pantry_area, expected inside_box | mug2 is in table_staging_area, expected inside_box | mug3 is in cupboard_shelf, expected inside_box | spam is in pantry_area, expected cupboard_shelf | sugar is in pantry_area, expected cupboard_shelf | phone is in the inside_box placement area | HC-box violated: phone never cleared from the box placement area",insertion_too_late:5 invalid_corrective_block:4 hc_violation:1 placement_failed:1
qwen3-8b-fp8,FINAL.K1-w2,9,replan_budget_exhausted,budget <- Insertion: insertion_too_late,11,"can_of_beans is in pantry_area, expected cupboard_shelf | can_of_beans_2 is in pantry_area, expected cupboard_shelf | mug1 is in pantry_area, expected inside_box | mug2 is in table_staging_area, expected inside_box | mug3 is in cupboard_shelf, expected inside_box | spam is in pantry_area, expected cupboard_shelf | sugar is in pantry_area, expected cupboard_shelf | phone is in the inside_box placement area | HC-box violated: phone never cleared from the box placement area",insertion_too_late:4 missing_post_pick_place:2 invalid_corrective_block:2 hc_violation:1 placement_failed:1 orphan_place:1
qwen3-8b-fp8,FINAL.G0,0,replan_budget_exhausted,budget <- Corrective block: invalid_corrective_block,11,raw_meat_1 placed on plate_top before completing a cooking cycle,invalid_corrective_block:2 placement_failed:2 orphan_place:2
qwen3-8b-fp8,FINAL.G0,2,replan_budget_exhausted,budget <- Corrective block: invalid_corrective_block,11,"raw_meat_1 is in serving_area, expected plate_top | plate is in dish_rack, expected serving_area | raw_meat_1 overcooked: inside the grill during a close->reopen cycle after it was cooked",invalid_corrective_block:3
qwen3-8b-fp8,FINAL.G0,3,replan_budget_exhausted,budget <- Corrective block: invalid_corrective_block,11,"raw_meat_1 is in dish_rack, expected plate_top | plate is in dish_rack, expected serving_area | raw_meat_1 never completed a cooking cycle",invalid_corrective_block:3 orphan_place:1 missing_post_pick_place:1
qwen3-8b-fp8,FINAL.G0,4,plan_completed,Insertion,4,raw_meat_1 placed on plate_top before completing a cooking cycle,
qwen3-8b-fp8,FINAL.G0,5,replan_budget_exhausted,budget <- Corrective block: invalid_corrective_block,11,"raw_meat_1 is in dish_rack, expected plate_top | plate is in dish_rack, expected serving_area | raw_meat_1 overcooked: inside the grill during a close->reopen cycle after it was cooked",invalid_corrective_block:1
qwen3-8b-fp8,FINAL.G0,6,plan_completed,Insertion,4,raw_meat_1 placed on plate_top before completing a cooking cycle,invalid_corrective_block:1
qwen3-8b-fp8,FINAL.G0,7,replan_budget_exhausted,budget <- Corrective block: invalid_corrective_block,11,raw_meat_1 placed on plate_top before completing a cooking cycle,invalid_corrective_block:2 pick_place_mismatch:1 repeated_planner_output:1
qwen3-8b-fp8,FINAL.G0,8,plan_completed,Insertion,5,"plate is in dish_rack, expected serving_area | raw_meat_1 placed on plate_top before completing a cooking cycle",orphan_place:1 invalid_corrective_block:1
qwen3-8b-fp8,FINAL.G0,9,replan_budget_exhausted,budget <- Motion / grasp: placement_failed,11,raw_meat_1 placed on plate_top before completing a cooking cycle,placement_failed:1
qwen3-8b-fp8,FINAL.G1,0,replan_budget_exhausted,budget <- Corrective block: invalid_corrective_block,11,raw_meat_1 placed on plate_top before completing a cooking cycle,invalid_corrective_block:3 unknown_action_token:2 repeated_planner_output:1
qwen3-8b-fp8,FINAL.G1,1,replan_loop,loop <- Plan rules: orphan_place,9,"cooked_meat_1 is in inside_grill, expected plate_top | cooked_meat_2 is in inside_grill, expected plate_top | raw_meat_1 never completed a cooking cycle",orphan_place:3 placement_failed:2 invalid_corrective_block:2 repeated_planner_output:2
qwen3-8b-fp8,FINAL.G1,2,replan_budget_exhausted,budget <- Corrective block: invalid_corrective_block,11,raw_meat_1 placed on plate_top before completing a cooking cycle,invalid_corrective_block:4 pick_place_mismatch:1
qwen3-8b-fp8,FINAL.G1,3,replan_budget_exhausted,budget <- Corrective block: invalid_corrective_block,11,"cooked_meat_1 is in inside_grill, expected plate_top | cooked_meat_2 is in inside_grill, expected plate_top | raw_meat_1 is in dish_rack, expected plate_top | plate is in dish_rack, expected serving_area | raw_meat_1 never completed a cooking cycle",invalid_corrective_block:10
qwen3-8b-fp8,FINAL.G1,4,plan_completed,Insertion,9,"plate is in dish_rack, expected serving_area | raw_meat_1 placed on plate_top before completing a cooking cycle",invalid_corrective_block:4
qwen3-8b-fp8,FINAL.G1,5,replan_budget_exhausted,budget <- Corrective block: invalid_corrective_block,11,"cooked_meat_1 is in inside_grill, expected plate_top | cooked_meat_2 is in inside_grill, expected plate_top | raw_meat_1 is in inside_grill, expected plate_top | raw_meat_1 never completed a cooking cycle",invalid_corrective_block:10
qwen3-8b-fp8,FINAL.G1,6,replan_budget_exhausted,budget <- Corrective block: invalid_corrective_block,11,"cooked_meat_1 is in inside_grill, expected plate_top | cooked_meat_2 is in inside_grill, expected plate_top | raw_meat_1 is in inside_grill, expected plate_top | raw_meat_1 never completed a cooking cycle",invalid_corrective_block:9 placement_failed:1
qwen3-8b-fp8,FINAL.G1,7,replan_budget_exhausted,budget <- Corrective block: invalid_corrective_block,11,"cooked_meat_2 is in inside_grill, expected plate_top | raw_meat_1 is in dish_rack, expected plate_top | plate is in dish_rack, expected serving_area | raw_meat_1 never completed a cooking cycle",invalid_corrective_block:9
qwen3-8b-fp8,FINAL.G1,8,replan_budget_exhausted,budget <- Corrective block: invalid_corrective_block,11,"cooked_meat_1 is in dish_rack, expected plate_top | cooked_meat_2 is in inside_grill, expected plate_top | raw_meat_1 is in inside_grill, expected plate_top | plate is in dish_rack, expected serving_area | raw_meat_1 never completed a cooking cycle",invalid_corrective_block:9
qwen3-8b-fp8,FINAL.G1,9,plan_completed,Insertion,8,raw_meat_1 placed on plate_top before completing a cooking cycle,placement_failed:2 invalid_corrective_block:2
qwen3-8b-fp8,FINAL.G2,0,plan_completed,Insertion,5,"raw_meat_2 is in inside_grill, expected plate_top | raw_meat_1 placed on plate_top before completing a cooking cycle",invalid_corrective_block:2
qwen3-8b-fp8,FINAL.G2,1,replan_budget_exhausted,budget <- Corrective block: invalid_corrective_block,11,"raw_meat_2 is in inside_grill, expected plate_top | raw_meat_1 placed on plate_top before completing a cooking cycle | raw_meat_2 never completed a cooking cycle",invalid_corrective_block:6 placement_failed:1 orphan_place:1 remembered_object_inaccessible:1
qwen3-8b-fp8,FINAL.G2,2,replan_budget_exhausted,budget <- Corrective block: invalid_corrective_block,11,"raw_meat_1 is in inside_grill, expected plate_top | raw_meat_2 is in inside_grill, expected plate_top | raw_meat_1 never completed a cooking cycle | raw_meat_2 placed on plate_top before completing a cooking cycle",invalid_corrective_block:8
qwen3-8b-fp8,FINAL.G2,3,replan_budget_exhausted,budget <- Corrective block: invalid_corrective_block,11,"cooked_meat_1 is in serving_area, expected plate_top | raw_meat_1 is in dish_rack, expected plate_top | raw_meat_2 is in serving_area, expected plate_top | plate is in dish_rack, expected serving_area | raw_meat_1 never completed a cooking cycle | raw_meat_2 never completed a cooking cycle",invalid_corrective_block:9
qwen3-8b-fp8,FINAL.G2,4,replan_budget_exhausted,budget <- Corrective block: invalid_corrective_block,11,"raw_meat_2 is in inside_grill, expected plate_top | raw_meat_1 placed on plate_top before completing a cooking cycle | raw_meat_2 placed on plate_top before completing a cooking cycle",invalid_corrective_block:3
qwen3-8b-fp8,FINAL.G2,5,replan_budget_exhausted,budget <- Corrective block: invalid_corrective_block,11,"raw_meat_2 is in inside_grill, expected plate_top | raw_meat_1 never completed a cooking cycle | raw_meat_2 never completed a cooking cycle",invalid_corrective_block:9 placement_failed:1
qwen3-8b-fp8,FINAL.G2,6,replan_budget_exhausted,budget <- Corrective block: invalid_corrective_block,11,"cooked_meat_1 is in dish_rack, expected plate_top | raw_meat_1 is in dish_rack, expected plate_top | raw_meat_2 is in dish_rack, expected plate_top | plate is in dish_rack, expected serving_area | raw_meat_1 never completed a cooking cycle | raw_meat_2 never completed a cooking cycle",invalid_corrective_block:5 orphan_place:3 placement_failed:1
qwen3-8b-fp8,FINAL.G2,7,replan_budget_exhausted,budget <- Corrective block: invalid_corrective_block,11,"raw_meat_1 is in inside_grill, expected plate_top | raw_meat_1 never completed a cooking cycle | raw_meat_2 placed on plate_top before completing a cooking cycle",invalid_corrective_block:9
qwen3-8b-fp8,FINAL.G2,8,replan_budget_exhausted,budget <- Corrective block: invalid_corrective_block,11,"cooked_meat_1 is in dish_rack, expected plate_top | raw_meat_1 is in inside_grill, expected plate_top | raw_meat_2 is in dish_rack, expected plate_top | plate is in dish_rack, expected serving_area | raw_meat_1 never completed a cooking cycle | raw_meat_2 never completed a cooking cycle",invalid_corrective_block:5 placement_failed:1 orphan_place:1
qwen3-8b-fp8,FINAL.G2,9,plan_completed,Insertion,7,"raw_meat_2 is in inside_grill, expected plate_top | raw_meat_1 placed on plate_top before completing a cooking cycle",placement_failed:1
qwen3-8b-fp8,FINAL.G3,0,replan_budget_exhausted,budget <- Corrective block: invalid_corrective_block,11,"raw_meat_1 is in inside_grill, expected plate_top | raw_meat_2 is in inside_grill, expected plate_top | raw_meat_3 is in inside_grill, expected plate_top | plate is in dish_rack, expected serving_area | raw_meat_1 never completed a cooking cycle | raw_meat_2 never completed a cooking cycle | raw_meat_3 never completed a cooking cycle",invalid_corrective_block:10
qwen3-8b-fp8,FINAL.G3,1,replan_budget_exhausted,budget <- Corrective block: invalid_corrective_block,11,"raw_meat_2 is in inside_grill, expected plate_top | raw_meat_3 is in inside_grill, expected plate_top | raw_meat_1 placed on plate_top before completing a cooking cycle | raw_meat_2 never completed a cooking cycle | raw_meat_3 never completed a cooking cycle",invalid_corrective_block:7 pick_place_mismatch:2
qwen3-8b-fp8,FINAL.G3,2,replan_budget_exhausted,budget <- Corrective block: invalid_corrective_block,11,"raw_meat_1 is in inside_grill, expected plate_top | raw_meat_2 is in inside_grill, expected plate_top | raw_meat_3 is in inside_grill, expected plate_top | raw_meat_1 never completed a cooking cycle | raw_meat_2 never completed a cooking cycle | raw_meat_3 never completed a cooking cycle",invalid_corrective_block:7 placement_failed:1 orphan_place:1
qwen3-8b-fp8,FINAL.G3,3,replan_budget_exhausted,budget <- Corrective block: invalid_corrective_block,11,"raw_meat_1 is in inside_grill, expected plate_top | raw_meat_2 is in inside_grill, expected plate_top | raw_meat_3 is in inside_grill, expected plate_top | plate is in dish_rack, expected serving_area | raw_meat_1 never completed a cooking cycle | raw_meat_2 never completed a cooking cycle | raw_meat_3 never completed a cooking cycle",invalid_corrective_block:9 pick_place_mismatch:1
qwen3-8b-fp8,FINAL.G3,4,replan_budget_exhausted,budget <- Corrective block: invalid_corrective_block,11,"raw_meat_1 is in inside_grill, expected plate_top | raw_meat_3 is in inside_grill, expected plate_top | raw_meat_1 never completed a cooking cycle | raw_meat_2 placed on plate_top before completing a cooking cycle | raw_meat_3 never completed a cooking cycle",invalid_corrective_block:8 placement_failed:1
qwen3-8b-fp8,FINAL.G3,5,replan_budget_exhausted,budget <- Corrective block: invalid_corrective_block,11,"raw_meat_1 is in inside_grill, expected plate_top | raw_meat_2 is in inside_grill, expected plate_top | raw_meat_3 is in inside_grill, expected plate_top | plate is in dish_rack, expected serving_area | raw_meat_1 never completed a cooking cycle | raw_meat_2 never completed a cooking cycle | raw_meat_3 never completed a cooking cycle",invalid_corrective_block:10
qwen3-8b-fp8,FINAL.G3,6,replan_budget_exhausted,budget <- Corrective block: invalid_corrective_block,11,"raw_meat_1 is in inside_grill, expected plate_top | raw_meat_2 is in serving_area, expected plate_top | raw_meat_3 is in serving_area, expected plate_top | plate is in dish_rack, expected serving_area | raw_meat_1 never completed a cooking cycle | raw_meat_2 never completed a cooking cycle | raw_meat_3 never completed a cooking cycle",invalid_corrective_block:6 insertion_too_late:2
qwen3-8b-fp8,FINAL.G3,7,replan_budget_exhausted,budget <- Plan rules: orphan_place,11,"raw_meat_1 is in inside_grill, expected plate_top | raw_meat_2 is in inside_grill, expected plate_top | raw_meat_3 is in inside_grill, expected plate_top | raw_meat_1 never completed a cooking cycle | raw_meat_2 never completed a cooking cycle | raw_meat_3 never completed a cooking cycle",orphan_place:4 placement_failed:3 invalid_corrective_block:3
qwen3-8b-fp8,FINAL.G3,8,replan_budget_exhausted,budget <- Plan rules: orphan_place,11,"raw_meat_1 is in dish_rack, expected plate_top | raw_meat_2 is in dish_rack, expected plate_top | raw_meat_3 is in dish_rack, expected plate_top | plate is in dish_rack, expected serving_area | raw_meat_1 never completed a cooking cycle | raw_meat_2 never completed a cooking cycle | raw_meat_3 never completed a cooking cycle",orphan_place:3 placement_failed:1 invalid_corrective_block:1
qwen3-8b-fp8,FINAL.G3,9,replan_budget_exhausted,budget <- Corrective block: invalid_corrective_block,11,"raw_meat_1 is in dish_rack, expected plate_top | raw_meat_3 is in inside_grill, expected plate_top | plate is in dish_rack, expected serving_area | raw_meat_1 never completed a cooking cycle | raw_meat_2 never completed a cooking cycle | raw_meat_3 never completed a cooking cycle",invalid_corrective_block:5 orphan_place:4 placement_failed:1
qwen3-8b-fp8,FINAL.G1-n1,1,replan_budget_exhausted,budget <- Corrective block: invalid_corrective_block,11,"cooked_meat_1 is in inside_grill, expected plate_top | raw_meat_1 is in inside_grill, expected plate_top | plate is in dish_rack, expected serving_area | raw_meat_1 never completed a cooking cycle",invalid_corrective_block:9 unobserved_object:1
qwen3-8b-fp8,FINAL.G1-n1,2,plan_completed,Insertion,10,raw_meat_1 overcooked: inside the grill during a close->reopen cycle after it was cooked,invalid_corrective_block:3 placement_failed:2 orphan_place:1
qwen3-8b-fp8,FINAL.G1-n1,3,replan_budget_exhausted,budget <- Corrective block: invalid_corrective_block,11,raw_meat_1 placed on plate_top before completing a cooking cycle,invalid_corrective_block:9
qwen3-8b-fp8,FINAL.G1-n1,4,replan_budget_exhausted,budget <- Corrective block: invalid_corrective_block,11,raw_meat_1 placed on plate_top before completing a cooking cycle,invalid_corrective_block:4 placement_failed:2
qwen3-8b-fp8,FINAL.G1-n1,6,plan_completed,Insertion,10,"plate is in dish_rack, expected serving_area | raw_meat_1 placed on plate_top before completing a cooking cycle",invalid_corrective_block:5
qwen3-8b-fp8,FINAL.G1-n1,7,replan_budget_exhausted,budget <- Corrective block: invalid_corrective_block,11,raw_meat_1 placed on plate_top before completing a cooking cycle,invalid_corrective_block:2
qwen3-8b-fp8,FINAL.G1-n1,8,replan_budget_exhausted,budget <- Corrective block: invalid_corrective_block,11,"cooked_meat_1 is in table, expected plate_top | raw_meat_1 never completed a cooking cycle",invalid_corrective_block:4 placement_failed:3 no_ik_solution:2 orphan_place:1
qwen3-8b-fp8,FINAL.G1-n1,9,replan_budget_exhausted,budget <- Corrective block: invalid_corrective_block,11,"cooked_meat_1 is in serving_area, expected plate_top | raw_meat_1 is in dish_rack, expected plate_top | plate is in dish_rack, expected serving_area",invalid_corrective_block:6
qwen3-vl-4b-thinking-fp8,FINAL.K1,0,replan_budget_exhausted,budget <- Insertion: insertion_too_late,11,"mug1 is in pantry_area, expected inside_box | mug2 is in pantry_area, expected inside_box | mug3 is in cupboard_shelf, expected inside_box | spam is in pantry_area, expected cupboard_shelf | sugar is in pantry_area, expected cupboard_shelf | phone is in the inside_box placement area | HC-box violated: phone never cleared from the box placement area",insertion_too_late:4 invalid_corrective_block:4 hc_violation:1 placement_failed:1 repeated_planner_output:1
qwen3-vl-4b-thinking-fp8,FINAL.K1,2,replan_budget_exhausted,budget <- Corrective block: invalid_corrective_block,11,"mug1 is in pantry_area, expected inside_box | mug2 is in pantry_area, expected inside_box | mug3 is in cupboard_shelf, expected inside_box | spam is in pantry_area, expected cupboard_shelf | sugar is in pantry_area, expected cupboard_shelf | phone is in the inside_box placement area | HC-box violated: phone never cleared from the box placement area",invalid_corrective_block:4 insertion_too_late:3 orphan_place:2 hc_violation:1 placement_failed:1
qwen3-vl-4b-thinking-fp8,FINAL.K1,3,replan_budget_exhausted,budget <- Corrective block: invalid_corrective_block,11,"mug1 is in pantry_area, expected inside_box | mug2 is in pantry_area, expected inside_box | mug3 is in cupboard_shelf, expected inside_box | spam is in pantry_area, expected cupboard_shelf | sugar is in pantry_area, expected cupboard_shelf | phone is in the inside_box placement area | HC-box violated: phone never cleared from the box placement area",invalid_corrective_block:4 orphan_place:3 hc_violation:1 placement_failed:1 repeated_planner_output:1 insertion_too_late:1
qwen3-vl-4b-thinking-fp8,FINAL.K1,4,replan_budget_exhausted,budget <- Corrective block: invalid_corrective_block,11,"mug1 is in pantry_area, expected inside_box | mug2 is in pantry_area, expected inside_box | mug3 is in cupboard_shelf, expected inside_box | spam is in pantry_area, expected cupboard_shelf | sugar is in pantry_area, expected cupboard_shelf | phone is in the inside_box placement area | HC-box violated: phone never cleared from the box placement area",invalid_corrective_block:6 box_lid_obstructed:2 hc_violation:1 missing_post_pick_place:1 placement_failed:1
qwen3-vl-4b-thinking-fp8,FINAL.K1,5,replan_budget_exhausted,budget <- Insertion: insertion_too_late,11,"mug1 is in pantry_area, expected inside_box | mug2 is in pantry_area, expected inside_box | mug3 is in cupboard_shelf, expected inside_box | spam is in pantry_area, expected cupboard_shelf | sugar is in pantry_area, expected cupboard_shelf | phone is in the inside_box placement area | HC-box violated: phone never cleared from the box placement area",insertion_too_late:5 invalid_corrective_block:3 missing_post_pick_place:2 hc_violation:1
qwen3-vl-4b-thinking-fp8,FINAL.K1,6,replan_budget_exhausted,budget <- Insertion: insertion_too_late,11,"mug1 is in pantry_area, expected inside_box | mug2 is in pantry_area, expected inside_box | mug3 is in cupboard_shelf, expected inside_box | spam is in pantry_area, expected cupboard_shelf | sugar is in pantry_area, expected cupboard_shelf | phone is in the inside_box placement area | HC-box violated: phone never cleared from the box placement area",insertion_too_late:4 invalid_corrective_block:3 box_lid_obstructed:2 hc_violation:1 missing_post_pick_place:1
qwen3-vl-4b-thinking-fp8,FINAL.K1,7,replan_loop,loop <- Corrective block: invalid_corrective_block,5,"mug1 is in pantry_area, expected inside_box | mug2 is in pantry_area, expected inside_box | mug3 is in cupboard_shelf, expected inside_box | spam is in pantry_area, expected cupboard_shelf | sugar is in pantry_area, expected cupboard_shelf | phone is in the inside_box placement area | HC-box violated: phone never cleared from the box placement area",invalid_corrective_block:2 repeated_planner_output:2 hc_violation:1
qwen3-vl-4b-thinking-fp8,FINAL.K1,8,replan_loop,loop <- Insertion: insertion_too_late,10,"mug1 is in pantry_area, expected inside_box | mug2 is in pantry_area, expected inside_box | mug3 is in cupboard_shelf, expected inside_box | spam is in pantry_area, expected cupboard_shelf | sugar is in pantry_area, expected cupboard_shelf | phone is in the inside_box placement area | HC-box violated: phone never cleared from the box placement area",insertion_too_late:4 invalid_corrective_block:3 repeated_planner_output:2 hc_violation:1
qwen3-vl-4b-thinking-fp8,FINAL.K1,9,replan_budget_exhausted,budget <- Insertion: insertion_too_late,11,"mug1 is in pantry_area, expected inside_box | mug2 is in pantry_area, expected inside_box | mug3 is in cupboard_shelf, expected inside_box | spam is in pantry_area, expected cupboard_shelf | sugar is in pantry_area, expected cupboard_shelf | phone is in the inside_box placement area | HC-box violated: phone never cleared from the box placement area",insertion_too_late:4 invalid_corrective_block:3 hc_violation:1 placement_failed:1 orphan_place:1 repeated_planner_output:1
qwen3-vl-4b-thinking-fp8,FINAL.K2,8,plan_completed,Task plan,2,"mug2 is in box_lid_top, expected inside_box",executor_failure:1
qwen3-vl-4b-thinking-fp8,FINAL.K3,6,replan_loop,loop <- Corrective block: invalid_corrective_block,6,"can_of_beans is in inside_box, expected cupboard_shelf | mug1 is in pantry_area, expected inside_box | mug2 is in pantry_area, expected inside_box | mug3 is in cupboard_shelf, expected inside_box | spam is in pantry_area, expected cupboard_shelf | sugar is in pantry_area, expected cupboard_shelf | HC-box violated: can_of_beans never cleared from the box placement area",invalid_corrective_block:2 repeated_planner_output:2 hc_violation:1 orphan_place:1
qwen3-vl-4b-thinking-fp8,FINAL.K3,8,replan_loop,loop <- Corrective block: invalid_corrective_block,9,"can_of_beans is in inside_box, expected cupboard_shelf | mug1 is in pantry_area, expected inside_box | mug2 is in pantry_area, expected inside_box | mug3 is in cupboard_shelf, expected inside_box | spam is in pantry_area, expected cupboard_shelf | sugar is in pantry_area, expected cupboard_shelf | HC-box violated: can_of_beans never cleared from the box placement area",invalid_corrective_block:5 repeated_planner_output:2 hc_violation:1 orphan_place:1
qwen3-vl-4b-thinking-fp8,FINAL.K4,2,replan_loop,loop <- Plan rules: orphan_place,9,"can_of_beans is in inside_box, expected cupboard_shelf | mug3 is in cupboard_shelf, expected inside_box | spam is in pantry_area, expected cupboard_shelf | sugar is in pantry_area, expected cupboard_shelf",orphan_place:2 invalid_corrective_block:2 repeated_planner_output:2 missing_post_pick_place:1 placement_failed:1
qwen3-vl-4b-thinking-fp8,FINAL.K3-n2,1,replan_budget_exhausted,budget <- Plan rules: orphan_place,11,"can_of_beans is in inside_box, expected cupboard_shelf | can_of_beans_2 is in inside_box, expected cupboard_shelf | mug1 is in pantry_area, expected inside_box | mug2 is in pantry_area, expected inside_box | mug3 is in cupboard_shelf, expected inside_box | spam is in pantry_area, expected cupboard_shelf | sugar is in pantry_area, expected cupboard_shelf | HC-box violated: can_of_beans never cleared from the box placement area | HC-box violated: can_of_beans_2 never cleared from the box placement area",orphan_place:4 hc_violation:2 repeated_planner_output:2 invalid_corrective_block:2 missing_post_pick_place:1 placement_failed:1
qwen3-vl-4b-thinking-fp8,FINAL.K3-n2,6,plan_completed,Task plan,10,"mug2 is in pantry_area, expected inside_box",box_lid_obstructed:2 repeated_planner_output:2 invalid_corrective_block:2 missing_post_pick_place:1
qwen3-vl-4b-thinking-fp8,FINAL.K3-n3,1,replan_budget_exhausted,budget <- Corrective block: invalid_corrective_block,11,"can_of_beans_3 is in inside_box, expected cupboard_shelf | mug2 is in pantry_area, expected inside_box | HC-box violated: mug3 placed into the box before can_of_beans_3 was cleared",invalid_corrective_block:2 pddl_no_plan:2 hc_violation:1 placement_failed:1 repeated_planner_output:1
qwen3-vl-4b-thinking-fp8,FINAL.K3-n3,4,replan_loop,loop <- Other: hc_violation,8,"can_of_beans is in inside_box, expected cupboard_shelf | can_of_beans_2 is in inside_box, expected cupboard_shelf | can_of_beans_3 is in inside_box, expected cupboard_shelf | mug1 is in pantry_area, expected inside_box | mug2 is in pantry_area, expected inside_box | mug3 is in cupboard_shelf, expected inside_box | spam is in pantry_area, expected cupboard_shelf | sugar is in pantry_area, expected cupboard_shelf | HC-box violated: can_of_beans never cleared from the box placement area | HC-box violated: can_of_beans_2 never cleared from the box placement area | HC-box violated: can_of_beans_3 never cleared from the box placement area",hc_violation:3 invalid_corrective_block:2 repeated_planner_output:2 missing_post_pick_place:1 placement_failed:1 orphan_place:1
qwen3-vl-4b-thinking-fp8,FINAL.K3-n3,8,replan_loop,loop <- Other: hc_violation,7,"can_of_beans is in inside_box, expected cupboard_shelf | can_of_beans_2 is in box_lid_top, expected cupboard_shelf | can_of_beans_3 is in box_lid_top, expected cupboard_shelf | mug1 is in pantry_area, expected inside_box | mug2 is in table, expected inside_box | mug3 is in cupboard_shelf, expected inside_box | spam is in pantry_area, expected cupboard_shelf | sugar is in pantry_area, expected cupboard_shelf | HC-box violated: can_of_beans never cleared from the box placement area | HC-box violated: can_of_beans_2 never cleared from the box placement area | HC-box violated: can_of_beans_3 never cleared from the box placement area",hc_violation:3 invalid_corrective_block:3 repeated_planner_output:2 missing_post_pick_place:1
qwen3-vl-4b-thinking-fp8,FINAL.K1-w1,0,replan_budget_exhausted,budget <- Corrective block: invalid_corrective_block,11,"can_of_beans is in pantry_area, expected cupboard_shelf | mug1 is in pantry_area, expected inside_box | mug2 is in pantry_area, expected inside_box | mug3 is in cupboard_shelf, expected inside_box | spam is in pantry_area, expected cupboard_shelf | sugar is in pantry_area, expected cupboard_shelf | phone is in the inside_box placement area | HC-box violated: phone never cleared from the box placement area",invalid_corrective_block:4 insertion_too_late:4 hc_violation:1 missing_post_pick_place:1 placement_failed:1
qwen3-vl-4b-thinking-fp8,FINAL.K1-w1,1,replan_budget_exhausted,budget <- Corrective block: invalid_corrective_block,11,"can_of_beans is in pantry_area, expected cupboard_shelf | mug1 is in table, expected inside_box | mug2 is in table, expected inside_box | mug3 is in cupboard_shelf, expected inside_box | spam is in pantry_area, expected cupboard_shelf | sugar is in pantry_area, expected cupboard_shelf | phone is in the inside_box placement area | HC-box violated: phone never cleared from the box placement area",invalid_corrective_block:6 insertion_too_late:3 hc_violation:1 missing_post_pick_place:1
qwen3-vl-4b-thinking-fp8,FINAL.K1-w1,3,replan_budget_exhausted,budget <- Corrective block: invalid_corrective_block,11,"can_of_beans is in pantry_area, expected cupboard_shelf | mug1 is in pantry_area, expected inside_box | mug2 is in pantry_area, expected inside_box | mug3 is in cupboard_shelf, expected inside_box | spam is in pantry_area, expected cupboard_shelf | sugar is in pantry_area, expected cupboard_shelf | phone is in the inside_box placement area | HC-box violated: phone never cleared from the box placement area",invalid_corrective_block:4 insertion_too_late:4 hc_violation:1 placement_failed:1 orphan_place:1
qwen3-vl-4b-thinking-fp8,FINAL.K1-w1,4,replan_budget_exhausted,budget <- Corrective block: invalid_corrective_block,11,"can_of_beans is in pantry_area, expected cupboard_shelf | mug1 is in pantry_area, expected inside_box | mug2 is in pantry_area, expected inside_box | mug3 is in cupboard_shelf, expected inside_box | spam is in pantry_area, expected cupboard_shelf | sugar is in pantry_area, expected cupboard_shelf | phone is in the inside_box placement area | HC-box violated: phone never cleared from the box placement area",invalid_corrective_block:5 insertion_too_late:2 hc_violation:1 box_lid_obstructed:1 placement_failed:1 orphan_place:1
qwen3-vl-4b-thinking-fp8,FINAL.K1-w1,5,replan_budget_exhausted,budget <- Insertion: insertion_too_late,11,"can_of_beans is in pantry_area, expected cupboard_shelf | mug1 is in pantry_area, expected inside_box | mug2 is in pantry_area, expected inside_box | mug3 is in cupboard_shelf, expected inside_box | spam is in pantry_area, expected cupboard_shelf | sugar is in pantry_area, expected cupboard_shelf | phone is in the inside_box placement area | HC-box violated: phone never cleared from the box placement area",insertion_too_late:5 invalid_corrective_block:3 hc_violation:1 orphan_place:1 repeated_planner_output:1
qwen3-vl-4b-thinking-fp8,FINAL.K1-w1,6,replan_budget_exhausted,budget <- Insertion: insertion_too_late,11,"can_of_beans is in pantry_area, expected cupboard_shelf | mug1 is in pantry_area, expected inside_box | mug3 is in cupboard_shelf, expected inside_box | spam is in pantry_area, expected cupboard_shelf | sugar is in pantry_area, expected cupboard_shelf",insertion_too_late:5 invalid_corrective_block:2 orphan_place:1 placement_failed:1
qwen3-vl-4b-thinking-fp8,FINAL.K1-w1,7,replan_budget_exhausted,budget <- Corrective block: invalid_corrective_block,11,"can_of_beans is in pantry_area, expected cupboard_shelf | mug1 is in pantry_area, expected inside_box | mug2 is in pantry_area, expected inside_box | mug3 is in cupboard_shelf, expected inside_box | spam is in pantry_area, expected cupboard_shelf | sugar is in table, expected cupboard_shelf | phone is in the inside_box placement area | HC-box violated: phone never cleared from the box placement area",invalid_corrective_block:7 insertion_too_late:2 hc_violation:1 placement_failed:1
qwen3-vl-4b-thinking-fp8,FINAL.K1-w1,8,replan_budget_exhausted,budget <- Corrective block: invalid_corrective_block,11,"can_of_beans is in pantry_area, expected cupboard_shelf | mug1 is in pantry_area, expected inside_box | mug2 is in pantry_area, expected inside_box | mug3 is in cupboard_shelf, expected inside_box | spam is in pantry_area, expected cupboard_shelf | sugar is in pantry_area, expected cupboard_shelf | phone is in the inside_box placement area | HC-box violated: phone never cleared from the box placement area",invalid_corrective_block:6 insertion_too_late:4 hc_violation:1
qwen3-vl-4b-thinking-fp8,FINAL.K1-w1,9,replan_budget_exhausted,budget <- Corrective block: invalid_corrective_block,11,"can_of_beans is in pantry_area, expected cupboard_shelf | mug1 is in pantry_area, expected inside_box | mug2 is in table_staging_area, expected inside_box | mug3 is in cupboard_shelf, expected inside_box | spam is in pantry_area, expected cupboard_shelf | sugar is in pantry_area, expected cupboard_shelf | phone is in the inside_box placement area | HC-box violated: phone never cleared from the box placement area",invalid_corrective_block:6 insertion_too_late:2 hc_violation:1 placement_failed:1 orphan_place:1
qwen3-vl-4b-thinking-fp8,FINAL.K1-w2,0,replan_budget_exhausted,budget <- Corrective block: invalid_corrective_block,11,"can_of_beans is in pantry_area, expected cupboard_shelf | can_of_beans_2 is in pantry_area, expected cupboard_shelf | mug1 is in pantry_area, expected inside_box | mug2 is in table, expected inside_box | mug3 is in cupboard_shelf, expected inside_box | spam is in pantry_area, expected cupboard_shelf | sugar is in pantry_area, expected cupboard_shelf | phone is in the inside_box placement area | HC-box violated: phone never cleared from the box placement area",invalid_corrective_block:6 orphan_place:2 hc_violation:1 repeated_planner_output:1 insertion_too_late:1
qwen3-vl-4b-thinking-fp8,FINAL.K1-w2,1,replan_budget_exhausted,budget <- Corrective block: invalid_corrective_block,11,"can_of_beans is in pantry_area, expected cupboard_shelf | can_of_beans_2 is in pantry_area, expected cupboard_shelf | mug1 is in pantry_area, expected inside_box | mug2 is in pantry_area, expected inside_box | mug3 is in cupboard_shelf, expected inside_box | spam is in pantry_area, expected cupboard_shelf | sugar is in pantry_area, expected cupboard_shelf | phone is in the inside_box placement area | HC-box violated: phone never cleared from the box placement area",invalid_corrective_block:6 insertion_too_late:4 hc_violation:1
qwen3-vl-4b-thinking-fp8,FINAL.K1-w2,2,replan_budget_exhausted,budget <- Insertion: insertion_too_late,11,"can_of_beans is in pantry_area, expected cupboard_shelf | can_of_beans_2 is in pantry_area, expected cupboard_shelf | mug1 is in pantry_area, expected inside_box | mug2 is in table, expected inside_box | mug3 is in cupboard_shelf, expected inside_box | spam is in pantry_area, expected cupboard_shelf | sugar is in pantry_area, expected cupboard_shelf | phone is in the inside_box placement area | HC-box violated: phone never cleared from the box placement area",insertion_too_late:6 invalid_corrective_block:4 hc_violation:1
qwen3-vl-4b-thinking-fp8,FINAL.K1-w2,3,replan_budget_exhausted,budget <- Corrective block: invalid_corrective_block,11,"can_of_beans is in pantry_area, expected cupboard_shelf | can_of_beans_2 is in pantry_area, expected cupboard_shelf | mug1 is in pantry_area, expected inside_box | mug2 is in table, expected inside_box | mug3 is in cupboard_shelf, expected inside_box | spam is in pantry_area, expected cupboard_shelf | sugar is in pantry_area, expected cupboard_shelf | phone is in the inside_box placement area | HC-box violated: phone never cleared from the box placement area",invalid_corrective_block:5 hc_violation:1 placement_failed:1 orphan_place:1 repeated_planner_output:1
qwen3-vl-4b-thinking-fp8,FINAL.K1-w2,4,replan_budget_exhausted,budget <- Insertion: insertion_too_late,11,"can_of_beans is in pantry_area, expected cupboard_shelf | can_of_beans_2 is in pantry_area, expected cupboard_shelf | mug1 is in pantry_area, expected inside_box | mug2 is in pantry_area, expected inside_box | mug3 is in cupboard_shelf, expected inside_box | spam is in pantry_area, expected cupboard_shelf | sugar is in pantry_area, expected cupboard_shelf | phone is in the inside_box placement area | HC-box violated: phone never cleared from the box placement area",insertion_too_late:3 invalid_corrective_block:3 orphan_place:2 hc_violation:1 missing_post_pick_place:1 placement_failed:1
qwen3-vl-4b-thinking-fp8,FINAL.K1-w2,5,replan_budget_exhausted,budget <- Insertion: insertion_too_late,11,"can_of_beans is in pantry_area, expected cupboard_shelf | can_of_beans_2 is in pantry_area, expected cupboard_shelf | mug1 is in pantry_area, expected inside_box | mug2 is in pantry_area, expected inside_box | mug3 is in cupboard_shelf, expected inside_box | spam is in pantry_area, expected cupboard_shelf | sugar is in pantry_area, expected cupboard_shelf | phone is in the inside_box placement area | HC-box violated: phone never cleared from the box placement area",insertion_too_late:5 invalid_corrective_block:5 hc_violation:1
qwen3-vl-4b-thinking-fp8,FINAL.K1-w2,6,replan_budget_exhausted,budget <- Corrective block: invalid_corrective_block,11,"can_of_beans is in pantry_area, expected cupboard_shelf | can_of_beans_2 is in pantry_area, expected cupboard_shelf | mug1 is in pantry_area, expected inside_box | mug2 is in table_staging_area, expected inside_box | mug3 is in cupboard_shelf, expected inside_box | spam is in pantry_area, expected cupboard_shelf | sugar is in pantry_area, expected cupboard_shelf | phone is in the inside_box placement area | HC-box violated: phone never cleared from the box placement area",invalid_corrective_block:7 insertion_too_late:2 hc_violation:1 missing_post_pick_place:1
qwen3-vl-4b-thinking-fp8,FINAL.K1-w2,7,replan_budget_exhausted,budget <- Insertion: insertion_too_late,11,"can_of_beans is in pantry_area, expected cupboard_shelf | can_of_beans_2 is in pantry_area, expected cupboard_shelf | mug1 is in pantry_area, expected inside_box | mug2 is in table, expected inside_box | mug3 is in cupboard_shelf, expected inside_box | spam is in pantry_area, expected cupboard_shelf | sugar is in pantry_area, expected cupboard_shelf | phone is in the inside_box placement area | HC-box violated: phone never cleared from the box placement area",insertion_too_late:5 invalid_corrective_block:2 hc_violation:1 placement_failed:1 orphan_place:1 repeated_planner_output:1
qwen3-vl-4b-thinking-fp8,FINAL.K1-w2,8,replan_budget_exhausted,budget <- Corrective block: invalid_corrective_block,11,"can_of_beans is in pantry_area, expected cupboard_shelf | can_of_beans_2 is in pantry_area, expected cupboard_shelf | mug1 is in pantry_area, expected inside_box | mug2 is in table_staging_area, expected inside_box | mug3 is in cupboard_shelf, expected inside_box | spam is in pantry_area, expected cupboard_shelf | sugar is in pantry_area, expected cupboard_shelf | phone is in the inside_box placement area | HC-box violated: phone never cleared from the box placement area",invalid_corrective_block:3 orphan_place:2 insertion_too_late:2 hc_violation:1 box_lid_obstructed:1 missing_post_pick_place:1 placement_failed:1
qwen3-vl-4b-thinking-fp8,FINAL.K1-w2,9,replan_budget_exhausted,budget <- Insertion: insertion_too_late,11,"can_of_beans is in pantry_area, expected cupboard_shelf | can_of_beans_2 is in pantry_area, expected cupboard_shelf | mug1 is in pantry_area, expected inside_box | mug2 is in table_staging_area, expected inside_box | mug3 is in cupboard_shelf, expected inside_box | spam is in pantry_area, expected cupboard_shelf | sugar is in pantry_area, expected cupboard_shelf | phone is in the inside_box placement area | HC-box violated: phone never cleared from the box placement area",insertion_too_late:3 box_lid_obstructed:2 missing_post_pick_place:2 hc_violation:1 orphan_place:1 placement_failed:1 invalid_corrective_block:1
qwen3-vl-4b-thinking-fp8,FINAL.G0,0,plan_completed,Insertion,9,raw_meat_1 overcooked: inside the grill during a close->reopen cycle after it was cooked,unknown_action_token:3 placement_failed:2 orphan_place:2 pick_place_mismatch:1
qwen3-vl-4b-thinking-fp8,FINAL.G0,1,replan_budget_exhausted,budget <- Corrective block: invalid_corrective_block,11,"raw_meat_1 is in serving_area, expected plate_top | plate is in dish_rack, expected serving_area | raw_meat_1 overcooked: inside the grill during a close->reopen cycle after it was cooked",invalid_corrective_block:3 placement_failed:1 repeated_planner_output:1
qwen3-vl-4b-thinking-fp8,FINAL.G0,2,plan_completed,Insertion,4,raw_meat_1 overcooked: inside the grill during a close->reopen cycle after it was cooked,orphan_place:2 placement_failed:1
qwen3-vl-4b-thinking-fp8,FINAL.G0,3,plan_completed,Insertion,5,raw_meat_1 overcooked: inside the grill during a close->reopen cycle after it was cooked,placement_failed:2 orphan_place:1 repeated_planner_output:1
qwen3-vl-4b-thinking-fp8,FINAL.G0,4,plan_completed,Insertion,7,raw_meat_1 overcooked: inside the grill during a close->reopen cycle after it was cooked,unknown_action_token:2 placement_failed:2 repeated_planner_output:1 orphan_place:1
qwen3-vl-4b-thinking-fp8,FINAL.G0,5,replan_loop,loop <- Motion / grasp: placement_failed,5,raw_meat_1 overcooked: inside the grill during a close->reopen cycle after it was cooked,placement_failed:2 repeated_planner_output:2 unknown_action_token:1
qwen3-vl-4b-thinking-fp8,FINAL.G0,6,plan_completed,Insertion,8,raw_meat_1 overcooked: inside the grill during a close->reopen cycle after it was cooked,placement_failed:3 unknown_action_token:2 orphan_place:1 repeated_planner_output:1
qwen3-vl-4b-thinking-fp8,FINAL.G0,7,replan_loop,loop <- Corrective block: invalid_corrective_block,7,"raw_meat_1 is in dish_rack, expected plate_top",invalid_corrective_block:3 repeated_planner_output:2 pick_place_mismatch:1
qwen3-vl-4b-thinking-fp8,FINAL.G0,8,plan_completed,Insertion,5,raw_meat_1 overcooked: inside the grill during a close->reopen cycle after it was cooked,invalid_corrective_block:2 pick_place_mismatch:1
qwen3-vl-4b-thinking-fp8,FINAL.G1,0,replan_loop,loop <- Corrective block: invalid_corrective_block,7,"cooked_meat_1 is in inside_grill, expected plate_top | cooked_meat_2 is in inside_grill, expected plate_top | raw_meat_1 is in inside_grill, expected plate_top | plate is in dish_rack, expected serving_area | raw_meat_1 never completed a cooking cycle",invalid_corrective_block:3 repeated_planner_output:2 missing_post_pick_place:1
qwen3-vl-4b-thinking-fp8,FINAL.G1,1,replan_loop,loop <- Corrective block: invalid_corrective_block,9,raw_meat_1 placed on plate_top before completing a cooking cycle,invalid_corrective_block:2 repeated_planner_output:2 placement_failed:1 unknown_action_token:1
qwen3-vl-4b-thinking-fp8,FINAL.G1,2,replan_loop,loop <- Corrective block: invalid_corrective_block,6,"cooked_meat_1 is in inside_grill, expected plate_top | cooked_meat_2 is in inside_grill, expected plate_top | raw_meat_1 is in inside_grill, expected plate_top | raw_meat_1 never completed a cooking cycle",invalid_corrective_block:3 repeated_planner_output:2
qwen3-vl-4b-thinking-fp8,FINAL.G1,3,replan_loop,loop <- Corrective block: invalid_corrective_block,7,raw_meat_1 placed on plate_top before completing a cooking cycle,invalid_corrective_block:2 repeated_planner_output:2 pick_place_mismatch:1
qwen3-vl-4b-thinking-fp8,FINAL.G1,4,replan_loop,loop <- Corrective block: invalid_corrective_block,6,"cooked_meat_1 is in inside_grill, expected plate_top | cooked_meat_2 is in inside_grill, expected plate_top | raw_meat_1 is in dish_rack, expected plate_top | raw_meat_1 never completed a cooking cycle",invalid_corrective_block:2 repeated_planner_output:2 pick_place_mismatch:1
qwen3-vl-4b-thinking-fp8,FINAL.G1,5,replan_loop,loop <- Corrective block: invalid_corrective_block,7,"cooked_meat_1 is in inside_grill, expected plate_top | cooked_meat_2 is in inside_grill, expected plate_top | raw_meat_1 is in inside_grill, expected plate_top | plate is in dish_rack, expected serving_area | raw_meat_1 never completed a cooking cycle",invalid_corrective_block:4 repeated_planner_output:2
qwen3-vl-4b-thinking-fp8,FINAL.G1,7,replan_loop,loop <- Corrective block: invalid_corrective_block,5,"cooked_meat_1 is in inside_grill, expected plate_top | cooked_meat_2 is in inside_grill, expected plate_top | raw_meat_1 is in inside_grill, expected plate_top | raw_meat_1 never completed a cooking cycle",invalid_corrective_block:2 repeated_planner_output:2
qwen3-vl-4b-thinking-fp8,FINAL.G1,8,plan_completed,Insertion,11,raw_meat_1 placed on plate_top before completing a cooking cycle,invalid_corrective_block:3 unknown_action_token:2 placement_failed:1 repeated_planner_output:1
qwen3-vl-4b-thinking-fp8,FINAL.G2,0,replan_loop,loop <- Corrective block: invalid_corrective_block,8,"cooked_meat_1 is in dish_rack, expected plate_top | raw_meat_1 is in dish_rack, expected plate_top | raw_meat_2 is in serving_area, expected plate_top | plate is in dish_rack, expected serving_area | raw_meat_2 never completed a cooking cycle",invalid_corrective_block:3 repeated_planner_output:2
qwen3-vl-4b-thinking-fp8,FINAL.G2,1,replan_loop,loop <- Corrective block: invalid_corrective_block,8,"cooked_meat_1 is in inside_grill, expected plate_top | raw_meat_2 is in inside_grill, expected plate_top | raw_meat_1 never completed a cooking cycle | raw_meat_2 never completed a cooking cycle | HC-grill violated: cooked_meat_1 inside the grill at close(grill_lid) after it was cooked",invalid_corrective_block:4 repeated_planner_output:2 hc_violation:1 placement_failed:1
qwen3-vl-4b-thinking-fp8,FINAL.G2,2,replan_loop,loop <- Corrective block: invalid_corrective_block,8,"cooked_meat_1 is in inside_grill, expected plate_top | raw_meat_1 is in inside_grill, expected plate_top | raw_meat_2 is in inside_grill, expected plate_top | plate is in dish_rack, expected serving_area | raw_meat_1 never completed a cooking cycle | raw_meat_2 never completed a cooking cycle",invalid_corrective_block:4 repeated_planner_output:2 unknown_action_token:1
qwen3-vl-4b-thinking-fp8,FINAL.G2,3,replan_budget_exhausted,budget <- Corrective block: invalid_corrective_block,11,"cooked_meat_1 is in dish_rack, expected plate_top | raw_meat_1 is in inside_grill, expected plate_top | plate is in dish_rack, expected serving_area",invalid_corrective_block:4 orphan_place:4 repeated_planner_output:1 placement_failed:1
qwen3-vl-4b-thinking-fp8,FINAL.G2,4,replan_budget_exhausted,budget <- Corrective block: invalid_corrective_block,11,"raw_meat_1 is in dish_rack, expected plate_top | raw_meat_2 is in dish_rack, expected plate_top",invalid_corrective_block:5 unknown_action_token:3 repeated_planner_output:1
qwen3-vl-4b-thinking-fp8,FINAL.G2,5,replan_budget_exhausted,budget <- Corrective block: invalid_corrective_block,11,"cooked_meat_1 is in inside_grill, expected plate_top | raw_meat_2 is in inside_grill, expected plate_top | raw_meat_1 never completed a cooking cycle | raw_meat_2 never completed a cooking cycle | HC-grill violated: cooked_meat_1 inside the grill at close(grill_lid) after it was cooked",invalid_corrective_block:7 hc_violation:1 missing_post_pick_place:1 unknown_action_token:1 placement_failed:1
qwen3-vl-4b-thinking-fp8,FINAL.G2,6,replan_loop,loop <- Corrective block: invalid_corrective_block,9,"cooked_meat_1 is in inside_grill, expected plate_top | raw_meat_1 is in inside_grill, expected plate_top | raw_meat_2 is in inside_grill, expected plate_top | raw_meat_1 never completed a cooking cycle | raw_meat_2 never completed a cooking cycle",invalid_corrective_block:5 repeated_planner_output:2 unknown_action_token:1
qwen3-vl-4b-thinking-fp8,FINAL.G2,7,replan_loop,loop <- Corrective block: invalid_corrective_block,7,"cooked_meat_1 is in inside_grill, expected plate_top | raw_meat_1 is in inside_grill, expected plate_top | raw_meat_2 is in inside_grill, expected plate_top | raw_meat_1 never completed a cooking cycle | raw_meat_2 never completed a cooking cycle",invalid_corrective_block:2 repeated_planner_output:2 pick_place_mismatch:1 unknown_action_token:1
qwen3-vl-4b-thinking-fp8,FINAL.G2,8,replan_loop,loop <- Corrective block: invalid_corrective_block,6,"cooked_meat_1 is in inside_grill, expected plate_top | raw_meat_1 is in inside_grill, expected plate_top | raw_meat_2 is in inside_grill, expected plate_top | raw_meat_1 never completed a cooking cycle | raw_meat_2 never completed a cooking cycle",invalid_corrective_block:2 repeated_planner_output:2 unobserved_object:1
qwen3-vl-4b-thinking-fp8,FINAL.G2,9,replan_budget_exhausted,budget <- Corrective block: invalid_corrective_block,11,"raw_meat_1 is in inside_grill, expected plate_top | raw_meat_2 is in dish_rack, expected plate_top | raw_meat_1 never completed a cooking cycle | raw_meat_2 never completed a cooking cycle",invalid_corrective_block:4 unknown_action_token:2 pick_place_mismatch:1
qwen3-vl-4b-thinking-fp8,FINAL.G3,0,replan_loop,loop <- Corrective block: invalid_corrective_block,8,"raw_meat_1 is in inside_grill, expected plate_top | raw_meat_2 is in inside_grill, expected plate_top | raw_meat_3 is in inside_grill, expected plate_top | raw_meat_1 never completed a cooking cycle | raw_meat_2 never completed a cooking cycle | raw_meat_3 never completed a cooking cycle",invalid_corrective_block:4 repeated_planner_output:2 pick_place_mismatch:1
qwen3-vl-4b-thinking-fp8,FINAL.G3,1,replan_loop,loop <- Corrective block: invalid_corrective_block,9,"raw_meat_1 is in inside_grill, expected plate_top | raw_meat_2 is in inside_grill, expected plate_top | raw_meat_3 is in inside_grill, expected plate_top | plate is in dish_rack, expected serving_area | raw_meat_1 never completed a cooking cycle | raw_meat_2 never completed a cooking cycle | raw_meat_3 never completed a cooking cycle",invalid_corrective_block:6 repeated_planner_output:2
qwen3-vl-4b-thinking-fp8,FINAL.G3,2,replan_loop,loop <- Corrective block: invalid_corrective_block,5,"raw_meat_1 is in inside_grill, expected plate_top | raw_meat_2 is in inside_grill, expected plate_top | raw_meat_3 is in inside_grill, expected plate_top | raw_meat_1 never completed a cooking cycle | raw_meat_2 never completed a cooking cycle | raw_meat_3 never completed a cooking cycle",invalid_corrective_block:2 repeated_planner_output:2
qwen3-vl-4b-thinking-fp8,FINAL.G3,3,replan_loop,loop <- Corrective block: invalid_corrective_block,9,"raw_meat_1 is in inside_grill, expected plate_top | raw_meat_2 is in inside_grill, expected plate_top | raw_meat_3 is in inside_grill, expected plate_top | plate is in dish_rack, expected serving_area | raw_meat_1 never completed a cooking cycle | raw_meat_2 never completed a cooking cycle | raw_meat_3 never completed a cooking cycle",invalid_corrective_block:6 repeated_planner_output:2
qwen3-vl-4b-thinking-fp8,FINAL.G3,4,replan_loop,loop <- Corrective block: invalid_corrective_block,7,"raw_meat_1 is in inside_grill, expected plate_top | raw_meat_2 is in inside_grill, expected plate_top | raw_meat_3 is in inside_grill, expected plate_top | raw_meat_1 never completed a cooking cycle | raw_meat_2 never completed a cooking cycle | raw_meat_3 never completed a cooking cycle",invalid_corrective_block:3 repeated_planner_output:2 unknown_action_token:1
qwen3-vl-4b-thinking-fp8,FINAL.G3,5,replan_loop,loop <- Corrective block: invalid_corrective_block,8,"raw_meat_1 is in inside_grill, expected plate_top | raw_meat_2 is in inside_grill, expected plate_top | raw_meat_3 is in inside_grill, expected plate_top | raw_meat_1 never completed a cooking cycle | raw_meat_2 never completed a cooking cycle | raw_meat_3 never completed a cooking cycle",invalid_corrective_block:5 repeated_planner_output:2
qwen3-vl-4b-thinking-fp8,FINAL.G3,7,replan_loop,loop <- Corrective block: invalid_corrective_block,7,"raw_meat_1 is in inside_grill, expected plate_top | raw_meat_2 is in inside_grill, expected plate_top | raw_meat_3 is in inside_grill, expected plate_top | plate is in dish_rack, expected serving_area | raw_meat_1 never completed a cooking cycle | raw_meat_2 never completed a cooking cycle | raw_meat_3 never completed a cooking cycle",invalid_corrective_block:4 repeated_planner_output:2
qwen3-vl-4b-thinking-fp8,FINAL.G3,8,replan_loop,loop <- Corrective block: invalid_corrective_block,6,"raw_meat_1 is in inside_grill, expected plate_top | raw_meat_2 is in inside_grill, expected plate_top | raw_meat_3 is in inside_grill, expected plate_top | raw_meat_1 never completed a cooking cycle | raw_meat_2 never completed a cooking cycle | raw_meat_3 never completed a cooking cycle",invalid_corrective_block:2 repeated_planner_output:2 pick_place_mismatch:1
qwen3-vl-4b-thinking-fp8,FINAL.G3,9,replan_loop,loop <- Corrective block: invalid_corrective_block,8,"raw_meat_1 is in inside_grill, expected plate_top | raw_meat_2 is in inside_grill, expected plate_top | raw_meat_3 is in inside_grill, expected plate_top | plate is in dish_rack, expected serving_area | raw_meat_1 never completed a cooking cycle | raw_meat_2 never completed a cooking cycle | raw_meat_3 never completed a cooking cycle",invalid_corrective_block:5 repeated_planner_output:2
qwen3-vl-4b-thinking-fp8,FINAL.G1-n1,0,replan_loop,loop <- Corrective block: invalid_corrective_block,9,raw_meat_1 never completed a cooking cycle,invalid_corrective_block:3 repeated_planner_output:2 placement_failed:1 orphan_place:1 unknown_action_token:1
qwen3-vl-4b-thinking-fp8,FINAL.G1-n1,1,plan_completed,Insertion,5,cooked_meat_1 overcooked: inside the grill during a close->reopen cycle after it was cooked | HC-grill violated: cooked_meat_1 inside the grill at close(grill_lid) after it was cooked,hc_violation:1 placement_failed:1 invalid_corrective_block:1 orphan_place:1 unknown_action_token:1
qwen3-vl-4b-thinking-fp8,FINAL.G1-n1,2,replan_budget_exhausted,budget <- Corrective block: invalid_corrective_block,11,"cooked_meat_1 is in inside_grill, expected plate_top | raw_meat_1 is in inside_grill, expected plate_top | raw_meat_1 never completed a cooking cycle",invalid_corrective_block:5 placement_failed:2 unknown_action_token:1 orphan_place:1 repeated_planner_output:1
qwen3-vl-4b-thinking-fp8,FINAL.G1-n1,3,replan_loop,loop <- Corrective block: invalid_corrective_block,7,"cooked_meat_1 is in serving_area, expected plate_top | raw_meat_1 is in dish_rack, expected plate_top | plate is in dish_rack, expected serving_area | raw_meat_1 never completed a cooking cycle",invalid_corrective_block:3 repeated_planner_output:2
qwen3-vl-4b-thinking-fp8,FINAL.G1-n1,4,replan_loop,loop <- Corrective block: invalid_corrective_block,10,raw_meat_1 placed on plate_top before completing a cooking cycle,invalid_corrective_block:3 repeated_planner_output:2 placement_failed:1
qwen3-vl-4b-thinking-fp8,FINAL.G1-n1,5,replan_loop,loop <- Corrective block: invalid_corrective_block,11,raw_meat_1 never completed a cooking cycle,invalid_corrective_block:3 placement_failed:2 orphan_place:2 repeated_planner_output:2 unknown_action_token:1
qwen3-vl-4b-thinking-fp8,FINAL.G1-n1,6,plan_completed,Insertion,7,"cooked_meat_1 is in inside_grill, expected plate_top | cooked_meat_1 overcooked: inside the grill during a close->reopen cycle after it was cooked | raw_meat_1 overcooked: inside the grill during a close->reopen cycle after it was cooked | HC-grill violated: cooked_meat_1 inside the grill at close(grill_lid) after it was cooked",invalid_corrective_block:2 hc_violation:1 repeated_planner_output:1 placement_failed:1 orphan_place:1
qwen3-vl-4b-thinking-fp8,FINAL.G1-n1,9,plan_completed,Insertion,4,raw_meat_1 overcooked: inside the grill during a close->reopen cycle after it was cooked,placement_failed:1 orphan_place:1
qwen3-vl-8b-thinking-fp8,FINAL.K1,0,replan_budget_exhausted,budget <- Insertion: insertion_too_late,11,"mug2 is in pantry_area, expected inside_box | mug3 is in cupboard_shelf, expected inside_box | spam is in pantry_area, expected cupboard_shelf | sugar is in pantry_area, expected cupboard_shelf | HC-box violated: mug1 placed into the box before phone was cleared",insertion_too_late:3 placement_failed:2 invalid_corrective_block:2 hc_violation:1 orphan_place:1 grasp_failed:1
qwen3-vl-8b-thinking-fp8,FINAL.K1,3,replan_budget_exhausted,budget <- Plan rules: orphan_place,11,"mug1 is in pantry_area, expected inside_box | mug2 is in pantry_area, expected inside_box | mug3 is in cupboard_shelf, expected inside_box",orphan_place:3 placement_failed:2 insertion_too_late:2 invalid_corrective_block:1
qwen3-vl-8b-thinking-fp8,FINAL.K3-n2,3,replan_loop,loop <- Other: hc_violation,5,"can_of_beans is in inside_box, expected cupboard_shelf | can_of_beans_2 is in inside_box, expected cupboard_shelf | mug1 is in pantry_area, expected inside_box | mug2 is in pantry_area, expected inside_box | mug3 is in cupboard_shelf, expected inside_box | spam is in pantry_area, expected cupboard_shelf | sugar is in pantry_area, expected cupboard_shelf | HC-box violated: can_of_beans never cleared from the box placement area | HC-box violated: can_of_beans_2 never cleared from the box placement area",hc_violation:2 orphan_place:2 repeated_planner_output:2 placement_failed:1
qwen3-vl-8b-thinking-fp8,FINAL.K1-w1,0,replan_loop,loop <- Plan rules: orphan_place,9,"can_of_beans is in pantry_area, expected cupboard_shelf | mug1 is in pantry_area, expected inside_box | mug2 is in pantry_area, expected inside_box | mug3 is in cupboard_shelf, expected inside_box | spam is in pantry_area, expected cupboard_shelf | sugar is in pantry_area, expected cupboard_shelf | phone is in the inside_box placement area | HC-box violated: phone never cleared from the box placement area",orphan_place:4 repeated_planner_output:3 hc_violation:1 missing_post_pick_place:1 placement_failed:1
qwen3-vl-8b-thinking-fp8,FINAL.K1-w1,4,replan_budget_exhausted,budget <- Insertion: insertion_too_late,11,"can_of_beans is in pantry_area, expected cupboard_shelf | mug1 is in pantry_area, expected inside_box | mug3 is in cupboard_shelf, expected inside_box | spam is in pantry_area, expected cupboard_shelf | sugar is in pantry_area, expected cupboard_shelf",insertion_too_late:4 placement_failed:2 invalid_corrective_block:1
qwen3-vl-8b-thinking-fp8,FINAL.K1-w2,3,replan_budget_exhausted,budget <- Plan rules: orphan_place,11,"can_of_beans is in pantry_area, expected cupboard_shelf | can_of_beans_2 is in pantry_area, expected cupboard_shelf | mug1 is in pantry_area, expected inside_box | mug3 is in cupboard_shelf, expected inside_box | spam is in pantry_area, expected cupboard_shelf | sugar is in pantry_area, expected cupboard_shelf",orphan_place:3 insertion_too_late:3 placement_failed:2 invalid_corrective_block:1
qwen3-vl-8b-thinking-fp8,FINAL.G0,0,replan_budget_exhausted,budget <- Corrective block: invalid_corrective_block,11,"raw_meat_1 is in inside_grill, expected plate_top | plate is in dish_rack, expected serving_area | raw_meat_1 overcooked: inside the grill during a close->reopen cycle after it was cooked",invalid_corrective_block:1 placement_failed:1 orphan_place:1
qwen3-vl-8b-thinking-fp8,FINAL.G0,1,replan_budget_exhausted,budget <- Corrective block: invalid_corrective_block,11,"raw_meat_1 is in inside_grill, expected plate_top | plate is in dish_rack, expected serving_area | raw_meat_1 placed on plate_top before completing a cooking cycle",invalid_corrective_block:1
qwen3-vl-8b-thinking-fp8,FINAL.G0,2,replan_budget_exhausted,budget <- Corrective block: invalid_corrective_block,11,"raw_meat_1 is in dish_rack, expected plate_top | plate is in dish_rack, expected serving_area | raw_meat_1 never completed a cooking cycle",invalid_corrective_block:2 unknown_action_token:1
qwen3-vl-8b-thinking-fp8,FINAL.G0,3,replan_budget_exhausted,budget <- Corrective block: invalid_corrective_block,11,"raw_meat_1 is in dish_rack, expected plate_top | plate is in dish_rack, expected serving_area | raw_meat_1 overcooked: inside the grill during a close->reopen cycle after it was cooked",invalid_corrective_block:2 placement_failed:1 repeated_planner_output:1
qwen3-vl-8b-thinking-fp8,FINAL.G0,4,replan_budget_exhausted,budget <- Motion / grasp: placement_failed,11,raw_meat_1 placed on plate_top before completing a cooking cycle,placement_failed:2 orphan_place:2
qwen3-vl-8b-thinking-fp8,FINAL.G0,5,replan_budget_exhausted,budget <- none,11,"raw_meat_1 is in serving_area, expected plate_top | plate is in dish_rack, expected serving_area | raw_meat_1 placed on plate_top before completing a cooking cycle",
qwen3-vl-8b-thinking-fp8,FINAL.G0,6,plan_completed,Insertion,2,raw_meat_1 overcooked: inside the grill during a close->reopen cycle after it was cooked,
qwen3-vl-8b-thinking-fp8,FINAL.G0,7,plan_completed,Task plan,2,"plate is in dish_rack, expected serving_area",
qwen3-vl-8b-thinking-fp8,FINAL.G0,9,replan_budget_exhausted,budget <- Corrective block: invalid_corrective_block,11,"raw_meat_1 is in inside_grill, expected plate_top | plate is in dish_rack, expected serving_area | raw_meat_1 overcooked: inside the grill during a close->reopen cycle after it was cooked",invalid_corrective_block:2
qwen3-vl-8b-thinking-fp8,FINAL.G1,0,replan_budget_exhausted,budget <- Motion / grasp: placement_failed,11,"cooked_meat_1 is in table, expected plate_top | cooked_meat_2 is in table, expected plate_top | raw_meat_1 is in inside_grill, expected plate_top | raw_meat_1 placed on plate_top before completing a cooking cycle",placement_failed:4 invalid_corrective_block:2 no_ik_solution:2 orphan_place:1
qwen3-vl-8b-thinking-fp8,FINAL.G1,1,plan_completed,Insertion,5,"plate is in dish_rack, expected serving_area | raw_meat_1 overcooked: inside the grill during a close->reopen cycle after it was cooked",invalid_corrective_block:2
qwen3-vl-8b-thinking-fp8,FINAL.G1,2,plan_completed,Insertion,7,raw_meat_1 overcooked: inside the grill during a close->reopen cycle after it was cooked,orphan_place:2 placement_failed:1
qwen3-vl-8b-thinking-fp8,FINAL.G1,3,plan_completed,Insertion,3,raw_meat_1 placed on plate_top before completing a cooking cycle,
qwen3-vl-8b-thinking-fp8,FINAL.G1,4,plan_completed,Insertion,3,"plate is in dish_rack, expected serving_area | raw_meat_1 overcooked: inside the grill during a close->reopen cycle after it was cooked",
qwen3-vl-8b-thinking-fp8,FINAL.G1,6,replan_budget_exhausted,budget <- Plan rules: orphan_place,11,"cooked_meat_2 is in dish_rack, expected plate_top | raw_meat_1 never completed a cooking cycle",orphan_place:6 placement_failed:4
qwen3-vl-8b-thinking-fp8,FINAL.G1,7,plan_completed,Task plan,7,"plate is in dish_rack, expected serving_area",placement_failed:1 orphan_place:1
qwen3-vl-8b-thinking-fp8,FINAL.G1,8,plan_completed,Insertion,5,"plate is in dish_rack, expected serving_area | raw_meat_1 overcooked: inside the grill during a close->reopen cycle after it was cooked",pick_place_mismatch:1
qwen3-vl-8b-thinking-fp8,FINAL.G2,0,plan_completed,Insertion,9,raw_meat_1 overcooked: inside the grill during a close->reopen cycle after it was cooked,invalid_corrective_block:4
qwen3-vl-8b-thinking-fp8,FINAL.G2,1,replan_budget_exhausted,budget <- Corrective block: invalid_corrective_block,11,"cooked_meat_1 is in serving_area, expected plate_top | raw_meat_1 is in inside_grill, expected plate_top | raw_meat_2 is in dish_rack, expected plate_top | plate is in dish_rack, expected serving_area",invalid_corrective_block:7
qwen3-vl-8b-thinking-fp8,FINAL.G2,2,plan_completed,Insertion,5,raw_meat_1 overcooked: inside the grill during a close->reopen cycle after it was cooked | raw_meat_2 overcooked: inside the grill during a close->reopen cycle after it was cooked,placement_failed:2 orphan_place:1
qwen3-vl-8b-thinking-fp8,FINAL.G2,3,replan_budget_exhausted,budget <- Corrective block: invalid_corrective_block,11,"raw_meat_1 is in dish_rack, expected plate_top | raw_meat_2 is in dish_rack, expected plate_top | plate is in dish_rack, expected serving_area | raw_meat_1 overcooked: inside the grill during a close->reopen cycle after it was cooked | raw_meat_2 overcooked: inside the grill during a close->reopen cycle after it was cooked",invalid_corrective_block:3 orphan_place:2 unknown_action_token:2 placement_failed:1
qwen3-vl-8b-thinking-fp8,FINAL.G2,5,plan_completed,Insertion,9,raw_meat_1 overcooked: inside the grill during a close->reopen cycle after it was cooked,invalid_corrective_block:5
qwen3-vl-8b-thinking-fp8,FINAL.G2,7,plan_completed,Task plan,2,"raw_meat_2 is in inside_grill, expected plate_top",
qwen3-vl-8b-thinking-fp8,FINAL.G2,8,replan_loop,loop <- Plan rules: orphan_place,8,"cooked_meat_1 is in dish_rack, expected plate_top | raw_meat_1 is in inside_grill, expected plate_top | plate is in dish_rack, expected serving_area",orphan_place:2 repeated_planner_output:2 placement_failed:1 invalid_corrective_block:1 unknown_action_token:1
qwen3-vl-8b-thinking-fp8,FINAL.G2,9,plan_completed,Insertion,6,raw_meat_1 overcooked: inside the grill during a close->reopen cycle after it was cooked | raw_meat_2 overcooked: inside the grill during a close->reopen cycle after it was cooked,placement_failed:2 missing_post_pick_place:1 invalid_corrective_block:1
qwen3-vl-8b-thinking-fp8,FINAL.G3,1,replan_budget_exhausted,budget <- Motion / grasp: placement_failed,11,"raw_meat_2 is in inside_grill, expected plate_top | raw_meat_3 is in inside_grill, expected plate_top | raw_meat_1 never completed a cooking cycle | raw_meat_2 never completed a cooking cycle | raw_meat_3 never completed a cooking cycle",placement_failed:5 orphan_place:4
qwen3-vl-8b-thinking-fp8,FINAL.G3,2,replan_budget_exhausted,budget <- Motion / grasp: placement_failed,11,"raw_meat_1 is in inside_grill, expected plate_top | raw_meat_3 is in inside_grill, expected plate_top | raw_meat_1 never completed a cooking cycle | raw_meat_2 placed on plate_top before completing a cooking cycle | raw_meat_3 never completed a cooking cycle",placement_failed:2 invalid_corrective_block:2
qwen3-vl-8b-thinking-fp8,FINAL.G3,3,replan_budget_exhausted,budget <- Motion / grasp: placement_failed,11,"raw_meat_1 is in inside_grill, expected plate_top | raw_meat_2 is in inside_grill, expected plate_top | raw_meat_1 placed on plate_top before completing a cooking cycle | raw_meat_2 placed on plate_top before completing a cooking cycle | raw_meat_3 placed on plate_top before completing a cooking cycle",placement_failed:1 invalid_corrective_block:1
qwen3-vl-8b-thinking-fp8,FINAL.G3,5,plan_completed,Insertion,8,raw_meat_1 overcooked: inside the grill during a close->reopen cycle after it was cooked | raw_meat_2 overcooked: inside the grill during a close->reopen cycle after it was cooked | raw_meat_3 overcooked: inside the grill during a close->reopen cycle after it was cooked,placement_failed:3 orphan_place:3
qwen3-vl-8b-thinking-fp8,FINAL.G3,6,plan_completed,Insertion,9,"plate is in dish_rack, expected serving_area | raw_meat_2 overcooked: inside the grill during a close->reopen cycle after it was cooked | raw_meat_3 overcooked: inside the grill during a close->reopen cycle after it was cooked",orphan_place:2 placement_failed:1 invalid_corrective_block:1
qwen3-vl-8b-thinking-fp8,FINAL.G3,7,replan_budget_exhausted,budget <- Corrective block: invalid_corrective_block,11,"raw_meat_2 is in dish_rack, expected plate_top | raw_meat_3 is in dish_rack, expected plate_top | plate is in dish_rack, expected serving_area",invalid_corrective_block:3 orphan_place:3 placement_failed:1
qwen3-vl-8b-thinking-fp8,FINAL.G3,8,replan_budget_exhausted,budget <- Corrective block: invalid_corrective_block,11,"raw_meat_1 is in table, expected plate_top | raw_meat_3 is in inside_grill, expected plate_top | raw_meat_1 never completed a cooking cycle | raw_meat_2 placed on plate_top before completing a cooking cycle | raw_meat_3 never completed a cooking cycle",invalid_corrective_block:1
qwen3-vl-8b-thinking-fp8,FINAL.G3,9,replan_budget_exhausted,budget <- Motion / grasp: placement_failed,11,"raw_meat_1 is in table, expected plate_top | raw_meat_2 is in inside_grill, expected plate_top | raw_meat_3 is in inside_grill, expected plate_top | raw_meat_1 never completed a cooking cycle | raw_meat_2 never completed a cooking cycle | raw_meat_3 never completed a cooking cycle",placement_failed:4 orphan_place:3 unknown_action_token:1 missing_post_pick_place:1 invalid_corrective_block:1
qwen3-vl-8b-thinking-fp8,FINAL.G1-n1,0,plan_completed,Insertion,7,"plate is in dish_rack, expected serving_area | cooked_meat_1 overcooked: inside the grill during a close->reopen cycle after it was cooked | raw_meat_1 overcooked: inside the grill during a close->reopen cycle after it was cooked | HC-grill violated: cooked_meat_1 inside the grill at close(grill_lid) after it was cooked",invalid_corrective_block:3 hc_violation:1
qwen3-vl-8b-thinking-fp8,FINAL.G1-n1,1,plan_completed,Insertion,2,cooked_meat_1 overcooked: inside the grill during a close->reopen cycle after it was cooked | HC-grill violated: cooked_meat_1 inside the grill at close(grill_lid) after it was cooked,hc_violation:1
qwen3-vl-8b-thinking-fp8,FINAL.G1-n1,2,plan_completed,Insertion,4,"plate is in dish_rack, expected serving_area | raw_meat_1 overcooked: inside the grill during a close->reopen cycle after it was cooked",
qwen3-vl-8b-thinking-fp8,FINAL.G1-n1,3,replan_budget_exhausted,budget <- Corrective block: invalid_corrective_block,11,"raw_meat_1 is in inside_grill, expected plate_top | raw_meat_1 placed on plate_top before completing a cooking cycle",invalid_corrective_block:1
qwen3-vl-8b-thinking-fp8,FINAL.G1-n1,4,plan_completed,Task plan,5,"raw_meat_1 is in inside_grill, expected plate_top | plate is in dish_rack, expected serving_area",unknown_action_token:1
qwen3-vl-8b-thinking-fp8,FINAL.G1-n1,5,plan_completed,Insertion,6,"plate is in dish_rack, expected serving_area | raw_meat_1 overcooked: inside the grill during a close->reopen cycle after it was cooked",unknown_action_token:1 invalid_corrective_block:1
qwen3-vl-8b-thinking-fp8,FINAL.G1-n1,6,plan_completed,Task plan,6,"raw_meat_1 is in inside_grill, expected plate_top | raw_meat_1 never completed a cooking cycle",invalid_corrective_block:2 placement_failed:1 orphan_place:1
qwen3-vl-8b-thinking-fp8,FINAL.G1-n1,7,replan_budget_exhausted,budget <- Plan format: unknown_action_token,11,raw_meat_1 placed on plate_top before completing a cooking cycle,unknown_action_token:1 placement_failed:1 orphan_place:1
qwen3-vl-8b-thinking-fp8,FINAL.G1-n1,8,plan_completed,Insertion,6,"plate is in dish_rack, expected serving_area | raw_meat_1 overcooked: inside the grill during a close->reopen cycle after it was cooked",unknown_action_token:1 invalid_corrective_block:1
qwen3-vl-8b-thinking-fp8,FINAL.G1-n1,9,plan_completed,Insertion,5,raw_meat_1 overcooked: inside the grill during a close->reopen cycle after it was cooked,invalid_corrective_block:1
