v -0.002975684 -0.0944888 0.1440601
v -0.002975754 -0.09448883 0.1372012
v -0.002976041 -0.08450538 0.1372011
v -0.002975937 -0.08450529 0.1440601
v -0.002975821 -0.0944888 0.1303418
v -0.002054971 -0.08450517 0.1303419
v -0.002976 -0.09448884 0.1234828
v 0.0004028715 -0.08473331 0.1234643
v -0.002975754 -0.09448881 0.1166236
v -0.002336394 -0.08458824 0.1165157
v -0.002975576 -0.09448881 0.1097644
v -0.002916459 -0.0845053 0.1097645
v -0.002975721 -0.09448881 0.1029054
v -0.002957482 -0.08450518 0.1029054
v -0.002975829 -0.09448881 0.09604613
v -4.306063e-05 -0.08450518 0.09604616
v -0.002975643 -0.09448881 0.08918712
v -0.002830632 -0.08450519 0.08918711
v -0.002975963 -0.09448884 0.08232788
v -0.002975684 -0.08450519 0.08232782
v -0.002975643 -0.09448881 0.07546882
v -0.00297565 -0.08450519 0.07546877
v -0.00297571 -0.09448881 0.06860974
v -0.002975859 -0.0845053 0.06860971
v -0.002975818 -0.09448881 0.0617505
v -0.002975792 -0.08450519 0.06175046
v -0.002975784 -0.09448881 0.05489143
v -0.002975751 -0.08450519 0.05489143
v -0.002975892 -0.09448884 0.04803218
v -0.00297593 -0.0845053 0.04803213
v -0.002975855 -0.09448881 0.04117308
v -0.002976146 -0.0845053 0.04117301
v -0.002975751 -0.09448881 0.03431407
v -0.002975825 -0.0845053 0.03431404
v -0.002975859 -0.09448884 0.0274548
v -0.002504006 -0.0845053 0.02745477
v -0.002975896 -0.09448881 0.02059573
v -0.002921395 -0.0845053 0.02059571
v -0.00297593 -0.09448881 0.01373643
v -0.002934083 -0.0845053 0.01373645
v -0.002975821 -0.09448881 0.006877421
v -0.002975576 -0.08450519 0.006877408
v -0.002975784 -0.09448881 1.835065e-05
v 0.0002888627 -0.08457167 0.000103358
v -0.002973214 -0.09448884 -0.006840921
v 0.002130646 -0.0844862 -0.006762718
v -0.002975821 -0.09448881 -0.0137
v -0.001539264 -0.08450519 -0.01369997
v -0.002975754 -0.09448881 -0.02055922
v -0.002975821 -0.0845053 -0.0205592
v -0.002975751 -0.09448881 -0.02741827
v -0.0001612175 -0.08497952 -0.02631846
v -0.001559079 -0.09520112 -0.03386244
v 0.002065053 -0.0848373 -0.03435508
v -0.002975859 -0.09448881 -0.04113658
v -0.002361339 -0.08452292 -0.04118925
v -0.00297568 -0.09448881 -0.04799565
v -0.001080854 -0.08453901 -0.04789262
v -0.002976064 -0.09448884 -0.05485499
v 0.001672059 -0.08468242 -0.05482587
v -0.002976 -0.09448881 -0.06171397
v -0.0005570352 -0.08449312 -0.06175981
v -0.002975885 -0.09448882 -0.06857323
v -0.002975456 -0.08450519 -0.06857329
v -0.002976 -0.09448885 -0.07543232
v -0.002975751 -0.08450519 -0.07543234
v -0.00297603 -0.09448882 -0.08229137
v -0.00297571 -0.08450519 -0.08229137
v -0.002975788 -0.09448882 -0.08915064
v -0.002975684 -0.08450519 -0.08915059
v -0.002976038 -0.09448885 -0.09600969
v -0.002975933 -0.08450519 -0.09600972
v -0.002976146 -0.09448885 -0.1028689
v -0.002975654 -0.08450531 -0.1028689
v -0.002975758 -0.09448882 -0.109728
v -0.0029759 -0.08450531 -0.109728
v -0.002975825 -0.09448882 -0.1165873
v -0.002975609 -0.08450519 -0.1165873
v -0.002975833 -0.09448882 -0.1234463
v -0.001967967 -0.08450519 -0.1234462
v -0.002975937 -0.09448882 -0.1303053
v -0.001481082 -0.08454751 -0.1301585
v -0.002522349 -0.09448897 -0.1371647
v -0.0002300292 -0.08450531 -0.1371647
v -0.002406865 -0.09460365 -0.1440436
v -0.001199916 -0.08471485 -0.1440602
v -0.002539735 -0.07452151 0.1372011
v -0.002975926 -0.07452151 0.1440602
v -0.001427257 -0.07452148 0.1303419
v -0.0001449753 -0.07453189 0.1234944
v -0.0003325921 -0.07452045 0.1166221
v -0.0004589763 -0.07452149 0.1097645
v -0.002886489 -0.07452152 0.1029054
v -0.002531078 -0.07452152 0.09604611
v 0.0002748426 -0.0745215 0.08918714
v -0.002598777 -0.0745215 0.08232781
v -0.002975613 -0.0745215 0.07546876
v -0.002975684 -0.0745215 0.06860974
v -0.002975717 -0.0745215 0.06175045
v -0.002975933 -0.07452153 0.05489141
v -0.002975713 -0.0745215 0.04803211
v -0.002976 -0.07452153 0.04117304
v -0.002727993 -0.07452153 0.03431879
v 2.060272e-05 -0.07473464 0.02796036
v -0.002944998 -0.07452153 0.02059574
v -0.001446813 -0.07454489 0.01371573
v -0.00173264 -0.07452367 0.006885049
v 0.001927834 -0.07461984 0.0002856039
v 0.000289686 -0.07453461 -0.006834469
v -0.002975322 -0.0745215 -0.01370003
v -0.002975717 -0.0745215 -0.0205592
v 0.002976185 -0.07465692 -0.02687396
v 0.001207603 -0.07459114 -0.0343437
v -0.002960838 -0.0745215 -0.0411366
v 0.001119027 -0.07448004 -0.04783935
v 0.00182963 -0.07467075 -0.05474604
v 0.0004299153 -0.07439502 -0.06211543
v -0.002948526 -0.07452153 -0.06857323
v -0.00168217 -0.0745215 -0.07543232
v -0.002405327 -0.07452153 -0.08229136
v -0.002975821 -0.0745215 -0.08915059
v -0.002973139 -0.0745215 -0.09600965
v -0.002975825 -0.0745215 -0.102869
v -0.002975617 -0.0745215 -0.109728
v -0.002975754 -0.0745215 -0.1165873
v -0.002073672 -0.07452153 -0.1234457
v -0.00278049 -0.07452106 -0.1303012
v -0.0006165486 -0.0745215 -0.1371646
v -0.0008804034 -0.07452714 -0.1440247
v -0.002975743 -0.06453785 0.1372011
v -0.002847426 -0.06453797 0.1440602
v -0.002975781 -0.06453785 0.1303418
v -0.002215136 -0.06453798 0.1234828
v -0.002950463 -0.06453798 0.1166236
v -0.002608608 -0.06453786 0.1097641
v -0.001597224 -0.06454168 0.1027238
v -0.002197266 -0.06453798 0.09604617
v -0.001019128 -0.06458814 0.08924165
v -0.002649166 -0.06458317 0.08233098
v -0.00297568 -0.06453787 0.07546879
v -0.002976067 -0.06453799 0.06860973
v -0.002147235 -0.06453799 0.06175046
v -0.001794614 -0.06453799 0.0548914
v -0.002976075 -0.06453799 0.04803215
v -0.002247185 -0.06452735 0.04137854
v -0.001872323 -0.06452735 0.03431779
v -0.002533969 -0.06453772 0.02745519
v -0.0004657283 -0.06442471 0.02055548
v -0.002975926 -0.06453799 0.01373645
v -0.002975896 -0.06453787 0.006877399
v -0.002787031 -0.06453787 1.836182e-05
v -0.002976 -0.06453799 -0.006840914
v -0.002975713 -0.06453787 -0.01369995
v -0.002975892 -0.06453799 -0.02055921
v -0.001145229 -0.06453569 -0.02741084
v -0.002557933 -0.06453799 -0.03427754
v -0.00295271 -0.06453882 -0.04113106
v -0.0009441637 -0.06434615 -0.04788535
v 0.001314292 -0.06378041 -0.05514729
v -0.002359726 -0.06449209 -0.0619589
v -0.002971344 -0.06453799 -0.06857326
v -0.002960473 -0.06453788 -0.07543228
v -0.00220526 -0.06453799 -0.08229138
v -0.002863124 -0.06453442 -0.08914233
v -0.0004683454 -0.06437992 -0.09578157
v -0.0002828743 -0.06425639 -0.1032515
v -0.002421029 -0.06453132 -0.1097275
v -0.001502851 -0.06453799 -0.1165872
v -0.001234235 -0.06453799 -0.1234463
v -0.002678659 -0.06453788 -0.1303054
v -0.001989517 -0.06453788 -0.1371646
v -0.00297593 -0.06453788 -0.1440237
v -0.002975866 -0.05455418 0.1372011
v -0.002824474 -0.05455418 0.1440602
v -0.002975889 -0.05455418 0.1303418
v -0.002975821 -0.05455418 0.1234828
v -0.002243608 -0.05455313 0.1166273
v -0.002216436 -0.05451594 0.1097993
v -0.002975676 -0.05455418 0.1029055
v -0.002846003 -0.0545548 0.09604699
v -0.002770185 -0.05455421 0.08918712
v -0.002779089 -0.05452083 0.08232825
v -0.002900828 -0.05455418 0.07546878
v -0.002211533 -0.05455418 0.06860974
v -0.001214823 -0.05455421 0.0617505
v -0.00140894 -0.05455418 0.05489141
v -0.002973173 -0.05455418 0.04803213
v -0.002773363 -0.05455418 0.0411741
v -0.002163395 -0.05455466 0.0343151
v -0.001401359 -0.05456122 0.02745353
v -0.001136569 -0.05455421 0.02059573
v -0.002975926 -0.05455418 0.01373644
v -0.002976 -0.05455421 0.006877418
v -0.002975997 -0.05455421 1.833202e-05
v -0.00296849 -0.05455421 -0.006840936
v -0.002975821 -0.05455418 -0.01370001
v -0.001672765 -0.05455419 -0.02055927
v -0.002359662 -0.05455419 -0.02741831
v -0.00297593 -0.05455422 -0.03427752
v -0.002975777 -0.05455419 -0.04113662
v -0.002973352 -0.05455419 -0.04799563
v -0.002969522 -0.05455422 -0.05485495
v -0.002976004 -0.05455422 -0.06171397
v -0.002797328 -0.05455419 -0.06857328
v -0.002379838 -0.05455422 -0.07543227
v -0.002248369 -0.05455422 -0.0822914
v -0.002975821 -0.05455419 -0.08915063
v -0.002976034 -0.05455422 -0.09600969
v -0.001625387 -0.05467996 -0.1027754
v -0.001174232 -0.05528617 -0.1091816
v 0.00136664 -0.05519307 -0.1166014
v -0.00203437 -0.05474699 -0.1236707
v -0.002933338 -0.05455419 -0.1303058
v -0.002975825 -0.05455419 -0.1371647
v -0.002975751 -0.05455419 -0.1440237
v -0.00297603 -0.0445704 0.1372011
v -0.002976075 -0.04457052 0.1440602
v -0.002975781 -0.0445704 0.1303418
v -0.002021957 -0.0445704 0.1234828
v -0.002557281 -0.0445704 0.1166236
v -0.002975423 -0.04457052 0.1097645
v -0.00280913 -0.0445754 0.1028969
v -0.0007156115 -0.04457079 0.09604577
v -0.0007952917 -0.0445704 0.0891871
v -0.00272873 -0.0445704 0.08232787
v -0.002975643 -0.0445704 0.07546879
v -0.002975676 -0.0445704 0.06860978
v -0.002909731 -0.0445704 0.06175046
v -0.0003693532 -0.04456575 0.05489013
v -0.001806583 -0.04458912 0.04817005
v -0.001623482 -0.04457079 0.04117332
v -0.001913127 -0.0445704 0.03431407
v -0.00218882 -0.04457052 0.02745477
v -0.002923567 -0.04457052 0.02059573
v -0.002975676 -0.04457041 0.01373645
v -0.002064545 -0.04457041 0.006877381
v -0.0008802619 -0.04457041 1.839908e-05
v -0.0004220996 -0.04457052 -0.006840895
v -0.002971809 -0.04457041 -0.01369996
v -0.002975564 -0.04457041 -0.02055925
v -0.001763023 -0.04457041 -0.02741827
v -0.002975639 -0.04457041 -0.0342776
v -0.002975523 -0.04457041 -0.04113666
v -0.002975959 -0.04457041 -0.04799564
v -0.002975993 -0.04457053 -0.05485496
v -0.002975717 -0.04457041 -0.06171401
v -0.002620835 -0.04457041 -0.0685732
v -0.002975825 -0.04457053 -0.07543233
v -0.002975993 -0.04457041 -0.08229136
v -0.002975609 -0.04457041 -0.08915064
v -0.002164319 -0.04457935 -0.09602068
v -0.0008389186 -0.04457259 -0.1028718
v -0.001645086 -0.04448434 -0.1098304
v -0.002402369 -0.044283 -0.1166163
v -0.002908695 -0.04454446 -0.1234525
v -0.002883736 -0.04457042 -0.1303054
v -0.002975792 -0.04457042 -0.1371646
v -0.002975672 -0.04457054 -0.1440237
v -0.002975862 -0.03458689 0.1372011
v -0.002975781 -0.03458686 0.1440601
v -0.002778478 -0.03458686 0.1303419
v -0.001658244 -0.03458686 0.1234828
v -0.002791885 -0.03459401 0.1166329
v 0.0006864686 -0.03465445 0.1096967
v 0.0005758908 -0.03463061 0.1029172
v -0.002128482 -0.03459261 0.09602292
v -0.001476645 -0.03458689 0.08918694
v -0.002976034 -0.03458689 0.08232786
v -0.002975781 -0.03458686 0.07546879
v -0.002849102 -0.03458689 0.0686097
v -0.001772217 -0.03458689 0.06175045
v -0.001522345 -0.0345871 0.05486506
v -0.002976179 -0.03458689 0.04803212
v -0.002976175 -0.03458689 0.04117305
v -0.002831623 -0.03458689 0.03431404
v -0.002336804 -0.03458687 0.02745476
v -0.00292496 -0.0345869 0.0205957
v -0.002975851 -0.03458687 0.01373644
v -0.002711993 -0.03458687 0.006877435
v -0.001622876 -0.03458809 1.981841e-05
v -0.002418347 -0.03459345 -0.006826616
v -6.931089e-05 -0.03462799 -0.01370828
v 0.000989994 -0.03452014 -0.02039607
v -0.002965305 -0.03458687 -0.02741832
v -0.00297571 -0.03458687 -0.03427759
v -0.00297581 -0.0345869 -0.04113658
v -0.002975818 -0.0345869 -0.04799567
v -0.001123123 -0.0345869 -0.05485493
v -0.0006823894 -0.03458687 -0.06171399
v -0.001328047 -0.03458687 -0.0685732
v -0.001719862 -0.0345877 -0.07543168
v -0.002837878 -0.03458687 -0.08229139
v -0.00130148 -0.03458687 -0.08915063
v -0.0007634256 -0.0345869 -0.09600971
v -0.002975896 -0.03458687 -0.102869
v -0.002621379 -0.03458413 -0.1097367
v -0.002602994 -0.03465736 -0.1164114
v -0.000509901 -0.03474844 -0.1234339
v -0.0023068 -0.03458688 -0.1303054
v -0.001554711 -0.03458688 -0.1371646
v -0.002975609 -0.03458688 -0.1440238
v -0.002975926 -0.0246032 0.1372011
v -0.002976 -0.02460308 0.1440602
v -0.002444275 -0.02460308 0.1303419
v -0.002073951 -0.02460189 0.1234878
v -0.002199154 -0.02460287 0.1166343
v 0.001058253 -0.02461741 0.1095233
v 8.916296e-05 -0.02452166 0.1028007
v -0.00297492 -0.02460308 0.09604617
v -0.002975639 -0.02460308 0.08918706
v -0.002903104 -0.02460308 0.08232788
v -0.001746397 -0.02460308 0.07546881
v -0.001897853 -0.0246032 0.06860975
v -0.002975639 -0.02460308 0.06175048
v -0.002086464 -0.02460308 0.05489141
v -0.002966195 -0.02460308 0.04803212
v -0.002771217 -0.02460308 0.04117306
v -0.00199692 -0.02460347 0.03431485
v -0.002010796 -0.0246032 0.02745479
v -0.001835983 -0.0246032 0.02059569
v -0.0002749395 -0.02460308 0.01373649
v -0.002925318 -0.02460309 0.006877404
v -0.002975747 -0.02460309 1.834879e-05
v -0.002198439 -0.02460321 -0.006840904
v -0.0004430953 -0.0246373 -0.01376879
v 4.434772e-05 -0.02467354 -0.02040374
v -0.002045486 -0.02460309 -0.02741833
v -0.002975855 -0.02460309 -0.03427756
v -0.002975706 -0.024603 -0.04113663
v -0.002975747 -0.02460309 -0.04799568
v -0.001225373 -0.02460309 -0.05485494
v -0.0002868865 -0.02460321 -0.06171396
v -0.001753222 -0.02460309 -0.06857329
v -0.002975713 -0.02460309 -0.07543232
v -0.001873922 -0.02460309 -0.08229136
v -0.0009266175 -0.02460309 -0.08915064
v 5.664863e-05 -0.02460321 -0.09600971
v -0.001912132 -0.02460309 -0.1028689
v -0.002976004 -0.02460309 -0.109728
v -0.0002473313 -0.02477193 -0.1162574
v -0.002873257 -0.02460321 -0.1234463
v -0.002975713 -0.02460309 -0.1303054
v -0.002960909 -0.02460322 -0.1371646
v -0.002975855 -0.0246031 -0.1440237
v -0.002369102 -0.01461945 0.1372011
v -0.002975956 -0.01461957 0.1440602
v -0.002408911 -0.01461918 0.1303425
v -0.002975922 -0.01461957 0.1234827
v -0.002975956 -0.01461957 0.1166235
v -0.002975497 -0.01461945 0.1097645
v -0.002954327 -0.01461918 0.102905
v -0.002975788 -0.01461945 0.09604611
v -0.002976064 -0.01461957 0.08918711
v -0.001127701 -0.01461945 0.08232787
v -0.0005775262 -0.01461957 0.07546881
v -0.0001341365 -0.01461945 0.06860971
v -0.002906721 -0.01461957 0.06175049
v -0.002975993 -0.01461957 0.05489142
v -0.002975892 -0.01461957 0.04803216
v -0.002976101 -0.01461946 0.04117307
v -0.00297571 -0.01461946 0.03431397
v -0.002218179 -0.01460002 0.02748128
v -0.0004907306 -0.01461957 0.02059571
v -0.0005607195 -0.01461946 0.01373646
v -0.0008397736 -0.01461946 0.006877385
v -0.002975818 -0.01461946 1.834879e-05
v -0.002975855 -0.01461958 -0.00684094
v -0.002975605 -0.01461946 -0.01370002
v -0.002975643 -0.01461958 -0.02055923
v -0.002975784 -0.01461946 -0.02741832
v -0.002975821 -0.01461958 -0.0342776
v -0.002975851 -0.01461958 -0.0411366
v -0.002975747 -0.01461946 -0.04799569
v -0.002975851 -0.01461946 -0.05485496
v -0.002975784 -0.01461958 -0.061714
v -0.002902433 -0.01461958 -0.06857325
v -0.002975967 -0.01461958 -0.07543232
v -0.002768677 -0.01461958 -0.08229139
v -0.0004609805 -0.01461946 -0.08915069
v -0.001818106 -0.01461946 -0.09600971
v -0.001826297 -0.01461944 -0.102869
v -0.002975784 -0.01461958 -0.109728
v -0.002929471 -0.01461958 -0.1165873
v -0.002975818 -0.01461946 -0.1234464
v -0.002975818 -0.01461959 -0.1303054
v -0.002975784 -0.01461947 -0.1371647
v -0.002975676 -0.01461947 -0.1440238
v -0.002411369 -0.004635761 0.1372011
v -0.002975669 -0.004635759 0.1440602
v -0.002790812 -0.004635761 0.1303418
v -0.002975635 -0.00463579 0.1234828
v -0.00297571 -0.00463579 0.1166235
v -0.002975713 -0.004635761 0.1097644
v -0.002975643 -0.004635762 0.1029054
v -0.002975851 -0.004635762 0.09604616
v -0.002975713 -0.004635763 0.08918712
v -0.002941769 -0.004635793 0.08232783
v -0.0009279288 -0.004635764 0.07546881
v -0.002327222 -0.004635675 0.06860971
v -0.002975892 -0.004635765 0.06175043
v -0.002975855 -0.004635765 0.05489138
v -0.002976034 -0.004635795 0.04803214
v -0.002855364 -0.004635767 0.04117302
v -0.002283022 -0.004635767 0.03431402
v -0.002968095 -0.004635767 0.02745476
v -0.001346607 -0.004635767 0.02059567
v -0.001807306 -0.004635799 0.01373646
v -0.001857232 -0.004625189 0.006888558
v -0.002975713 -0.004635769 1.83283e-05
v -0.002975926 -0.00463577 -0.006840913
v -0.002975639 -0.00463577 -0.01370002
v -0.002975784 -0.004635771 -0.02055926
v -0.002975747 -0.004635772 -0.0274183
v -0.002963126 -0.004635772 -0.0342776
v -0.002598301 -0.004635772 -0.0411366
v -0.002975784 -0.004635773 -0.04799568
v -0.002976101 -0.004635803 -0.05485499
v -0.002975639 -0.004635774 -0.06171402
v -0.002975922 -0.004635803 -0.06857329
v -0.002975781 -0.004635775 -0.07543234
v -0.002976138 -0.004635805 -0.08229141
v -0.002975859 -0.004635775 -0.08915063
v -0.002975889 -0.004635775 -0.09600968
v -0.00297568 -0.004635776 -0.102869
v -0.001016445 -0.004635777 -0.109728
v -0.002975859 -0.004635777 -0.1165873
v -0.002975717 -0.004635778 -0.1234463
v -0.002975684 -0.004635778 -0.1303055
v -0.002975889 -0.004635808 -0.1371647
v -0.002975896 -0.004635779 -0.1440238
v -0.002658643 0.00534775 0.1372011
v -0.002976101 0.005347751 0.1440602
v -0.002382264 0.00534775 0.1303418
v -0.002289779 0.005347749 0.1234828
v -0.002975956 0.005347868 0.1166235
v -0.002975855 0.005347867 0.1097645
v -0.002975889 0.005347747 0.1029054
v -0.002975784 0.005347867 0.09604614
v -0.002975676 0.005347866 0.08918712
v -0.002975818 0.005347746 0.08232785
v -0.002975788 0.005347865 0.07546881
v -0.002975684 0.005347865 0.06860971
v -0.002975713 0.005347745 0.06175049
v -0.002975889 0.005347864 0.05489139
v -0.002973534 0.005347744 0.04803214
v -0.0008852724 0.005347863 0.04117304
v -0.002975751 0.005347862 0.03431408
v -0.002599057 0.005347743 0.02745477
v -0.001255736 0.005347742 0.02059572
v -0.001607463 0.005347861 0.01373645
v -0.002945282 0.00534786 0.006877399
v -0.002975639 0.00534786 1.83283e-05
v -0.002975963 0.00534774 -0.006840953
v -0.002975889 0.005347859 -0.01369999
v -0.002975892 0.005347739 -0.02055923
v -0.00292575 0.005347739 -0.0274183
v -0.00140523 0.005342016 -0.03427114
v -0.002864592 0.005347738 -0.04113638
v -0.002975926 0.005347737 -0.04799568
v -0.002975743 0.005347856 -0.05485496
v -0.00032272 0.00516475 -0.06170487
v -0.001498811 0.005138911 -0.06871341
v -0.002976105 0.005347735 -0.07543232
v -0.002950888 0.005347854 -0.08229137
v -0.00283685 0.005347734 -0.08915064
v -0.002183639 0.005347734 -0.09600969
v -0.002478223 0.005347853 -0.102869
v -0.002887923 0.005347971 -0.109728
v -0.002422139 0.005347852 -0.1165873
v -0.002863642 0.005335692 -0.1234343
v -0.001805309 0.00523937 -0.1302712
v -0.00221676 0.005183937 -0.1371655
v -0.002975684 0.00534785 -0.1440237
v -0.002975818 0.01533162 0.1372011
v -0.002975885 0.01533162 0.1440601
v -0.0007212982 0.01533162 0.1303419
v -0.002830908 0.01533162 0.1234828
v -0.002975956 0.01533162 0.1166236
v -0.002975821 0.01533162 0.1097645
v -0.002975885 0.0153315 0.1029054
v -0.002975889 0.0153315 0.09604617
v -0.002975821 0.01533149 0.08918712
v -0.00297571 0.01533161 0.08232786
v -0.002976034 0.01533161 0.07546879
v -0.002975713 0.01533161 0.06860969
v -0.002976183 0.01533149 0.06175048
v -0.002975859 0.01533161 0.0548914
v -0.00297353 0.01533149 0.04803213
v -0.002976038 0.01533149 0.04117308
v -0.002975713 0.01533161 0.03431404
v -0.002975963 0.01533149 0.02745477
v -0.00249806 0.01533161 0.02059569
v -0.0022199 0.01534749 0.01373625
v -0.002900682 0.01533161 0.00687741
v -0.002975818 0.01533161 1.83283e-05
v -0.00297593 0.01533149 -0.006840934
v -0.002975643 0.01533161 -0.01369999
v -0.002975855 0.01533161 -0.02055925
v -0.002947174 0.01533149 -0.02741829
v -0.001884948 0.01533161 -0.03427755
v -0.0006811675 0.01533161 -0.0411366
v -0.002969634 0.0153316 -0.04799569
v -0.002380501 0.01533172 -0.05485312
v -0.002296112 0.01533569 -0.06170881
v -0.002370987 0.01533819 -0.06858466
v -0.002974216 0.0153316 -0.07543231
v -0.002160419 0.0153316 -0.08229136
v -0.0007857084 0.0153316 -0.08915066
v -0.00297593 0.0153316 -0.09600963
v -0.002975967 0.01533148 -0.102869
v -0.002975892 0.0153316 -0.109728
v -0.002976041 0.01533148 -0.1165872
v -0.001655884 0.01535043 -0.1233974
v 0.001349796 0.01500619 -0.1300846
v 0.000833597 0.01531336 -0.1369969
v -0.002975721 0.0153316 -0.1440237
v -0.002959259 0.02531531 0.1372011
v -0.002976138 0.02531531 0.1440602
v -0.00212026 0.02533876 0.1302888
v -0.002592657 0.02531802 0.1234815
v -0.002975781 0.0253153 0.1166236
v -0.001831621 0.0253153 0.1097645
v -0.0005939119 0.0253153 0.1029054
v -0.002063151 0.0253153 0.09604609
v -0.002975855 0.0253153 0.0891871
v -0.002975889 0.02531539 0.08232788
v -0.00297593 0.0253153 0.07546877
v -0.002975825 0.0253153 0.0686097
v -0.002975751 0.0253153 0.06175048
v -0.002975892 0.0253153 0.0548914
v -0.002975825 0.0253153 0.04803214
v -0.002976038 0.02531527 0.04117304
v -0.002975896 0.02531527 0.03431404
v -0.002975889 0.0253153 0.02745472
v -0.00145933 0.0253153 0.0205957
v -0.001473635 0.0253153 0.01373647
v -0.002688613 0.0253153 0.006877361
v -0.002975855 0.0253153 1.832085e-05
v -0.002975967 0.0253153 -0.006840943
v -0.001763925 0.0253153 -0.01370001
v -0.001297614 0.0253153 -0.02055924
v -0.00297571 0.0253153 -0.02741831
v -0.002481148 0.02530454 -0.03427592
v -0.002218321 0.02531529 -0.04113663
v -0.002975825 0.02531529 -0.04799571
v -0.002975993 0.02531526 -0.05485498
v -0.002744794 0.02531529 -0.06171401
v -0.002975773 0.02531529 -0.06857328
v -0.002975922 0.02531529 -0.07543236
v -0.002975993 0.02531529 -0.08229137
v -0.002975743 0.02531529 -0.08915064
v -0.002976138 0.02531526 -0.09600965
v -0.002054002 0.02531529 -0.1028689
v -0.002768651 0.02531529 -0.1097279
v -0.002122238 0.02531529 -0.1165873
v -0.002975795 0.02531529 -0.1234463
v -0.002958942 0.02531529 -0.1303054
v -0.002972461 0.02531528 -0.1371646
v -0.002974577 0.02531528 -0.1440238
v -0.002975639 0.03529894 0.1372011
v -0.002975818 0.03529894 0.1440601
v -0.00200944 0.03529894 0.1303419
v -0.002582964 0.03529893 0.1234828
v -0.002288777 0.03529893 0.1166235
v -0.0007047355 0.03529893 0.1097645
v -0.0006188415 0.03529881 0.1029054
v -0.002102278 0.03529893 0.09604617
v -0.002975959 0.03529893 0.08918709
v -0.002975497 0.03529896 0.08232778
v -0.002975788 0.03529893 0.07546877
v -0.002975751 0.03529893 0.06860967
v -0.002975825 0.03529881 0.0617504
v -0.002975713 0.03529893 0.05489137
v -0.002976038 0.03529893 0.04803208
v -0.002975855 0.03529893 0.04117303
v -0.002975747 0.03529881 0.03431401
v -0.002976067 0.03529893 0.02745472
v -0.002976034 0.03529881 0.02059569
v -0.002975788 0.03529893 0.01373637
v -0.002976004 0.03529892 0.00687738
v -0.00297593 0.03529892 1.830036e-05
v -0.002123162 0.03529892 -0.006840965
v -0.0008114558 0.03529892 -0.0137
v -0.001424504 0.03529892 -0.02055926
v -0.002412587 0.03529347 -0.02744088
v -0.001091119 0.03529892 -0.0342776
v -0.001968876 0.03529892 -0.04113666
v -0.002976 0.0352988 -0.04799572
v -0.002975851 0.03529892 -0.05485499
v -0.002975926 0.0352988 -0.06171407
v -0.00297581 0.03529892 -0.06857325
v -0.002976034 0.0352988 -0.07543232
v -0.002976101 0.0352988 -0.08229137
v -0.002976041 0.0352988 -0.08915068
v -0.002975959 0.03529892 -0.09600972
v -0.001468387 0.0352988 -0.102869
v -0.001380194 0.03530118 -0.109723
v -0.002184398 0.0352988 -0.1165873
v -0.001733821 0.03529892 -0.1234463
v -0.002976045 0.03529892 -0.1303054
v -0.001329053 0.03529891 -0.1371646
v -0.002975821 0.03529891 -0.1440237
v -0.002975963 0.04528262 0.1372011
v -0.002975848 0.04528262 0.1440602
v -0.002214421 0.04528259 0.1303418
v -0.002876826 0.04528262 0.1234828
v -0.002975777 0.04528262 0.1166236
v -0.00190638 0.04528262 0.1097645
v -0.002060145 0.04528262 0.1029054
v -0.002975855 0.04528262 0.0960461
v -0.002975825 0.04528262 0.08918709
v -0.002975751 0.04528262 0.08232786
v -0.002975862 0.04528259 0.0754688
v -0.002975676 0.04528262 0.06860969
v -0.002975784 0.04528262 0.06175042
v -0.00297568 0.04528274 0.05489143
v -0.002975825 0.04528262 0.04803211
v -0.002975821 0.04528262 0.04117304
v -0.002975747 0.04528262 0.03431403
v -0.002975889 0.04528261 0.02745479
v -0.002975825 0.04528261 0.02059572
v -0.002305482 0.04528261 0.01373639
v -0.001674121 0.04528261 0.006877387
v -0.0002523027 0.04528261 1.831153e-05
v -0.001072163 0.04540906 -0.006735831
v -0.001467779 0.04528261 -0.01369995
v -0.0008602384 0.04528261 -0.02055921
v -0.002918173 0.04528261 -0.02741833
v -0.002969347 0.04528261 -0.03427757
v -0.002849214 0.04528261 -0.04113659
v -0.002975684 0.04528261 -0.04799568
v -0.002975639 0.04528261 -0.05485496
v -0.002975713 0.04528261 -0.061714
v -0.002975706 0.04528261 -0.06857326
v -0.002975784 0.04528261 -0.07543234
v -0.002975956 0.04528258 -0.08229132
v -0.002975684 0.04528261 -0.08915064
v -0.002975743 0.04528261 -0.09600968
v -0.002975751 0.04528261 -0.102869
v -0.002975825 0.0452826 -0.109728
v -0.002975684 0.0452826 -0.1165872
v -0.002975829 0.0452826 -0.1234463
v -0.002975792 0.0452826 -0.1303055
v -0.002975713 0.0452826 -0.1371647
v -0.002975609 0.0452826 -0.1440237
v -0.002975937 0.05526625 0.1372011
v -0.002976149 0.05526613 0.1440602
v -0.002975784 0.05526625 0.1303419
v -0.002975643 0.05526625 0.1234828
v -0.002975825 0.05526625 0.1166235
v -0.002975941 0.05526625 0.1097645
v -0.002974752 0.05526625 0.1029054
v -0.002974082 0.05526625 0.09604613
v -0.002975892 0.05526625 0.08918713
v -0.002975889 0.05526625 0.08232784
v -0.002959508 0.05526625 0.07546876
v -0.002182461 0.05526541 0.06861034
v -0.0007146057 0.0552658 0.06174984
v -0.002975788 0.05526625 0.05489137
v -0.002975784 0.05526625 0.04803215
v -0.002975997 0.05526625 0.04117306
v -0.002975859 0.05526625 0.034314
v -0.00297593 0.05526624 0.02745473
v -0.002975717 0.05526624 0.02059568
v -0.002975676 0.05526624 0.01373646
v -0.002762999 0.05526624 0.006877385
v -0.001583179 0.05526624 1.813831e-05
v -0.0012572 0.05526624 -0.00684092
v -0.002975751 0.05526624 -0.01369999
v -0.002975859 0.05526624 -0.02055926
v -0.00297568 0.05526624 -0.02741833
v -0.002975609 0.05526624 -0.03427759
v -0.002975885 0.05526624 -0.04113661
v -0.002975643 0.05526624 -0.04799569
v -0.002976034 0.05526612 -0.05485497
v -0.002975922 0.05526624 -0.06171397
v -0.002975848 0.05526624 -0.06857324
v -0.002975889 0.05526624 -0.07543229
v -0.002975814 0.05526624 -0.08229139
v -0.002975967 0.05526612 -0.08915062
v -0.002975959 0.05526624 -0.09600972
v -0.002975896 0.05526624 -0.102869
v -0.002975684 0.05526623 -0.109728
v -0.002975896 0.05526623 -0.1165872
v -0.002975792 0.05526623 -0.1234463
v -0.002975572 0.05526623 -0.1303054
v -0.002976041 0.05526623 -0.1371647
v -0.00297565 0.05526623 -0.1440237
v -0.002975937 0.06524994 0.1372011
v -0.002975855 0.06524994 0.1440602
v -0.00297568 0.06525006 0.1303418
v -0.002975792 0.06524994 0.1234827
v -0.002975788 0.06524994 0.1166235
v -0.0029759 0.06524994 0.1097645
v -0.002152994 0.06522527 0.1028884
v -0.001098605 0.06523897 0.09606399
v -0.001024963 0.06523775 0.08918294
v -0.001911841 0.06524994 0.08232784
v -0.002975821 0.06524993 0.07546873
v -0.001533078 0.0651419 0.06873975
v -0.0009294059 0.06509815 0.0615551
v -0.002975818 0.06524993 0.05489132
v -0.00297593 0.06524993 0.0480321
v -0.002975967 0.06524993 0.041173
v -0.002975862 0.06524993 0.03431401
v -0.002975821 0.06524993 0.02745475
v -0.002975896 0.06524993 0.02059569
v -0.002975859 0.06524993 0.01373644
v -0.002976004 0.06524993 0.00687736
v -0.002975751 0.06524993 1.831898e-05
v -0.002976108 0.0652499 -0.006840942
v -0.002975643 0.06524993 -0.01369999
v -0.002975788 0.06524993 -0.02055928
v -0.002975643 0.06524993 -0.02741835
v -0.002817933 0.06524993 -0.0342776
v -0.002573092 0.06524993 -0.04113661
v -0.0008588433 0.06524966 -0.04799545
v -0.00143945 0.06524993 -0.05485495
v -0.002282768 0.06522358 -0.06172084
v -0.002975851 0.06524993 -0.06857328
v -0.001865815 0.06524993 -0.07543234
v -0.002204984 0.06524993 -0.08229143
v -0.002958048 0.06524993 -0.08915066
v -0.002012298 0.06524993 -0.09600969
v -0.002249409 0.06524993 -0.1028689
v -0.002975825 0.06524992 -0.109728
v -0.002975933 0.06524992 -0.1165873
v -0.002934735 0.06524187 -0.1234505
v -0.002905298 0.06524894 -0.130311
v -0.002975609 0.06525004 -0.1371647
v -0.002975721 0.06525004 -0.1440237
v -0.002976045 0.07523373 0.1372011
v -0.002975941 0.07523373 0.1440602
v -0.002975788 0.07523373 0.1303418
v -0.001736932 0.07523372 0.1234827
v -0.001237871 0.07523372 0.1166235
v -0.001525862 0.07523372 0.1097645
v -0.002976008 0.07523372 0.1029054
v -0.002562404 0.07523372 0.09604616
v -0.00223925 0.07523371 0.08918706
v -0.00201837 0.07523416 0.08228818
v -0.002540834 0.0752338 0.07546877
v -0.001471173 0.07523371 0.06860967
v -0.002065405 0.07523371 0.06175044
v -0.00297571 0.07523371 0.05489136
v -0.002976067 0.07523371 0.04803212
v -0.002975855 0.07523371 0.04117304
v -0.002975889 0.07523371 0.03431399
v -0.002976067 0.07523371 0.02745474
v -0.002975855 0.07523371 0.02059565
v -0.002976142 0.07523371 0.0137364
v -0.002975859 0.07523371 0.006877357
v -8.397177e-05 0.07523371 1.830036e-05
v -0.002975926 0.07523371 -0.006840927
v -0.002975747 0.07523371 -0.0137
v -0.002975926 0.07523371 -0.02055926
v -0.001252167 0.07523371 -0.02741836
v -0.001225447 0.07523371 -0.03427757
v -0.002323285 0.07523371 -0.04113664
v -0.002303943 0.07523371 -0.04799571
v -0.001126954 0.07523371 -0.05485498
v -0.001083372 0.07523371 -0.06171402
v -0.002975568 0.07523371 -0.06857327
v -0.00282158 0.07523359 -0.07543232
v -0.001914665 0.07523371 -0.08229141
v -0.00192669 0.07523371 -0.08915064
v -0.002975851 0.07523371 -0.09600971
v -0.002405584 0.07523287 -0.1028542
v -0.0009780433 0.07522164 -0.109699
v 0.0008793231 0.07520092 -0.1166333
v 0.001091262 0.07499123 -0.1235924
v -0.002286177 0.07519124 -0.1306009
v -0.002975788 0.07523371 -0.1371647
v -0.002975531 0.07523379 -0.1440237
v -0.002975754 0.08521727 0.1372011
v -0.00297565 0.08521727 0.1440601
v -0.002975713 0.08521727 0.1303418
v -0.001774158 0.08521726 0.1234828
v -0.002007436 0.08521726 0.1166236
v -0.002131887 0.08521726 0.1097645
v -0.002975568 0.08521726 0.1029054
v -0.002105035 0.08521726 0.09604617
v -0.002975747 0.08521725 0.08918715
v -0.002975494 0.08521737 0.08232789
v -0.002975706 0.08521737 0.07546882
v -0.002975628 0.08521737 0.06860974
v -0.002975672 0.08521725 0.06175048
v -0.002975706 0.08521737 0.05489141
v -0.002975781 0.08521725 0.04803217
v -0.002975881 0.08521725 0.04117303
v -0.00297571 0.08521725 0.03431406
v -0.002975706 0.08521725 0.02745479
v -0.002975814 0.08521725 0.0205957
v -0.002975777 0.08521725 0.01373645
v -0.002975889 0.08521725 0.006877357
v -0.002975777 0.08521725 1.833575e-05
v -0.0003689583 0.08521725 -0.00684089
v -0.002975598 0.08521725 -0.01369997
v -0.002975635 0.08521725 -0.02055922
v -0.00251551 0.08521725 -0.02741835
v -0.0006440151 0.08521725 -0.0342776
v -0.001280377 0.0852177 -0.04113001
v -0.001499821 0.08521725 -0.04799566
v -0.0008162819 0.08521725 -0.05485493
v -0.001174306 0.08521722 -0.06171401
v -0.002648294 0.08521724 -0.0685735
v -0.002056178 0.08521724 -0.07543232
v -0.001337208 0.08521724 -0.08229133
v -0.002188254 0.08521724 -0.08915064
v -0.002971381 0.08521724 -0.09600968
v -0.002030574 0.08521999 -0.1028635
v -0.001215333 0.08533109 -0.1095293
v 0.001386521 0.08497525 -0.1165425
v -0.0001789574 0.08530618 -0.1236684
v -0.002906226 0.0852196 -0.1303099
v -0.002975676 0.08521736 -0.1371646
v -0.002975889 0.08521724 -0.1440237
v -0.002976034 0.09520105 0.1372011
v -0.002975959 0.09520105 0.1440601
v -0.002975814 0.09520105 0.1303419
v -0.002975926 0.09520104 0.1234828
v -0.002975885 0.09520113 0.1166235
v -0.002976026 0.09520104 0.1097645
v -0.002975848 0.09520113 0.1029054
v -0.00297603 0.09520104 0.09604616
v -0.002975769 0.09520103 0.08918714
v -0.002975922 0.09520103 0.08232784
v -0.002975672 0.09520112 0.07546878
v -0.002975702 0.09520112 0.06860971
v -0.002975635 0.09520103 0.06175048
v -0.002975922 0.09520103 0.0548914
v -0.002975993 0.09520103 0.04803212
v -0.002975885 0.09520103 0.04117307
v -0.002975743 0.09520103 0.03431402
v -0.00297603 0.09520103 0.02745476
v -0.002975814 0.09520103 0.02059572
v -0.002975885 0.09520103 0.01373643
v -0.002975814 0.09520112 0.00687735
v -0.002975747 0.09520103 1.833016e-05
v -0.002975889 0.09520103 -0.006840952
v -0.002975702 0.09520103 -0.01369997
v -0.00297571 0.09520103 -0.02055926
v -0.002975777 0.09520112 -0.02741828
v -0.002975851 0.09520103 -0.03427765
v -0.002975632 0.09520103 -0.04113664
v -0.002975885 0.09520103 -0.04799572
v -0.002975989 0.09520103 -0.054855
v -0.002975743 0.09520103 -0.06171397
v -0.002975561 0.09520111 -0.06857329
v -0.002975781 0.09520102 -0.07543233
v -0.002975918 0.09520102 -0.08229142
v -0.002975777 0.09520111 -0.08915069
v -0.002975952 0.09520102 -0.09600969
v -0.002975892 0.09520102 -0.102869
v -0.002975855 0.09520102 -0.109728
v -0.002975747 0.09520102 -0.1165873
v -0.002975777 0.09520102 -0.1234463
v -0.002975717 0.09520102 -0.1303054
v -0.002975814 0.09520102 -0.1371647
v -0.002975848 0.09520102 -0.1440237
vt 0.9031 0.7396
vt 0.8836 0.7396
vt 0.8836 0.7112
vt 0.9031 0.7396
vt 0.8836 0.7112
vt 0.9031 0.7112
vt 0.8836 0.7396
vt 0.8641 0.7396
vt 0.8641 0.7112
vt 0.8836 0.7396
vt 0.8641 0.7112
vt 0.8836 0.7112
vt 0.8641 0.7396
vt 0.8446 0.7396
vt 0.8446 0.7112
vt 0.8641 0.7396
vt 0.8446 0.7112
vt 0.8641 0.7112
vt 0.8446 0.7396
vt 0.8251 0.7396
vt 0.8251 0.7112
vt 0.8446 0.7396
vt 0.8251 0.7112
vt 0.8446 0.7112
vt 0.8251 0.7396
vt 0.8057 0.7396
vt 0.8057 0.7112
vt 0.8251 0.7396
vt 0.8057 0.7112
vt 0.8251 0.7112
vt 0.8057 0.7396
vt 0.7862 0.7396
vt 0.7862 0.7112
vt 0.8057 0.7396
vt 0.7862 0.7112
vt 0.8057 0.7112
vt 0.7862 0.7396
vt 0.7667 0.7396
vt 0.7667 0.7112
vt 0.7862 0.7396
vt 0.7667 0.7112
vt 0.7862 0.7112
vt 0.7667 0.7396
vt 0.7472 0.7396
vt 0.7472 0.7112
vt 0.7667 0.7396
vt 0.7472 0.7112
vt 0.7667 0.7112
vt 0.7472 0.7396
vt 0.7277 0.7396
vt 0.7277 0.7112
vt 0.7472 0.7396
vt 0.7277 0.7112
vt 0.7472 0.7112
vt 0.7277 0.7396
vt 0.7082 0.7396
vt 0.7082 0.7112
vt 0.7277 0.7396
vt 0.7082 0.7112
vt 0.7277 0.7112
vt 0.7082 0.7396
vt 0.6888 0.7396
vt 0.6888 0.7112
vt 0.7082 0.7396
vt 0.6888 0.7112
vt 0.7082 0.7112
vt 0.6888 0.7396
vt 0.6693 0.7396
vt 0.6693 0.7112
vt 0.6888 0.7396
vt 0.6693 0.7112
vt 0.6888 0.7112
vt 0.6693 0.7396
vt 0.6498 0.7396
vt 0.6498 0.7112
vt 0.6693 0.7396
vt 0.6498 0.7112
vt 0.6693 0.7112
vt 0.6498 0.7396
vt 0.6303 0.7396
vt 0.6303 0.7112
vt 0.6498 0.7396
vt 0.6303 0.7112
vt 0.6498 0.7112
vt 0.6303 0.7396
vt 0.6108 0.7396
vt 0.6108 0.7112
vt 0.6303 0.7396
vt 0.6108 0.7112
vt 0.6303 0.7112
vt 0.6108 0.7396
vt 0.5913 0.7396
vt 0.5913 0.7112
vt 0.6108 0.7396
vt 0.5913 0.7112
vt 0.6108 0.7112
vt 0.5913 0.7396
vt 0.5719 0.7396
vt 0.5719 0.7112
vt 0.5913 0.7396
vt 0.5719 0.7112
vt 0.5913 0.7112
vt 0.5719 0.7396
vt 0.5524 0.7396
vt 0.5524 0.7112
vt 0.5719 0.7396
vt 0.5524 0.7112
vt 0.5719 0.7112
vt 0.5524 0.7396
vt 0.5329 0.7396
vt 0.5329 0.7112
vt 0.5524 0.7396
vt 0.5329 0.7112
vt 0.5524 0.7112
vt 0.5329 0.7396
vt 0.5134 0.7396
vt 0.5134 0.7112
vt 0.5329 0.7396
vt 0.5134 0.7112
vt 0.5329 0.7112
vt 0.5134 0.7396
vt 0.4939 0.7396
vt 0.4939 0.7112
vt 0.5134 0.7396
vt 0.4939 0.7112
vt 0.5134 0.7112
vt 0.4939 0.7396
vt 0.4744 0.7396
vt 0.4744 0.7112
vt 0.4939 0.7396
vt 0.4744 0.7112
vt 0.4939 0.7112
vt 0.4744 0.7396
vt 0.455 0.7396
vt 0.455 0.7112
vt 0.4744 0.7396
vt 0.455 0.7112
vt 0.4744 0.7112
vt 0.455 0.7396
vt 0.4355 0.7396
vt 0.4355 0.7112
vt 0.455 0.7396
vt 0.4355 0.7112
vt 0.455 0.7112
vt 0.4355 0.7396
vt 0.416 0.7396
vt 0.416 0.7112
vt 0.4355 0.7396
vt 0.416 0.7112
vt 0.4355 0.7112
vt 0.416 0.7396
vt 0.3965 0.7396
vt 0.3965 0.7112
vt 0.416 0.7396
vt 0.3965 0.7112
vt 0.416 0.7112
vt 0.3965 0.7396
vt 0.377 0.7396
vt 0.377 0.7112
vt 0.3965 0.7396
vt 0.377 0.7112
vt 0.3965 0.7112
vt 0.377 0.7396
vt 0.3575 0.7396
vt 0.3575 0.7112
vt 0.377 0.7396
vt 0.3575 0.7112
vt 0.377 0.7112
vt 0.3575 0.7396
vt 0.3381 0.7396
vt 0.3381 0.7112
vt 0.3575 0.7396
vt 0.3381 0.7112
vt 0.3575 0.7112
vt 0.3381 0.7396
vt 0.3186 0.7396
vt 0.3186 0.7112
vt 0.3381 0.7396
vt 0.3186 0.7112
vt 0.3381 0.7112
vt 0.3186 0.7396
vt 0.2991 0.7396
vt 0.2991 0.7112
vt 0.3186 0.7396
vt 0.2991 0.7112
vt 0.3186 0.7112
vt 0.2991 0.7396
vt 0.2796 0.7396
vt 0.2796 0.7112
vt 0.2991 0.7396
vt 0.2796 0.7112
vt 0.2991 0.7112
vt 0.2796 0.7396
vt 0.2601 0.7396
vt 0.2601 0.7112
vt 0.2796 0.7396
vt 0.2601 0.7112
vt 0.2796 0.7112
vt 0.2601 0.7396
vt 0.2406 0.7396
vt 0.2406 0.7112
vt 0.2601 0.7396
vt 0.2406 0.7112
vt 0.2601 0.7112
vt 0.2406 0.7396
vt 0.2212 0.7396
vt 0.2212 0.7112
vt 0.2406 0.7396
vt 0.2212 0.7112
vt 0.2406 0.7112
vt 0.2212 0.7396
vt 0.2017 0.7396
vt 0.2017 0.7112
vt 0.2212 0.7396
vt 0.2017 0.7112
vt 0.2212 0.7112
vt 0.2017 0.7396
vt 0.1822 0.7396
vt 0.1822 0.7112
vt 0.2017 0.7396
vt 0.1822 0.7112
vt 0.2017 0.7112
vt 0.1822 0.7396
vt 0.1627 0.7396
vt 0.1627 0.7112
vt 0.1822 0.7396
vt 0.1627 0.7112
vt 0.1822 0.7112
vt 0.1627 0.7396
vt 0.1432 0.7396
vt 0.1432 0.7112
vt 0.1627 0.7396
vt 0.1432 0.7112
vt 0.1627 0.7112
vt 0.1432 0.7396
vt 0.1237 0.7396
vt 0.1237 0.7112
vt 0.1432 0.7396
vt 0.1237 0.7112
vt 0.1432 0.7112
vt 0.1237 0.7396
vt 0.1043 0.7396
vt 0.1043 0.7112
vt 0.1237 0.7396
vt 0.1043 0.7112
vt 0.1237 0.7112
vt 0.1043 0.7396
vt 0.0848 0.7396
vt 0.0848 0.7112
vt 0.1043 0.7396
vt 0.0848 0.7112
vt 0.1043 0.7112
vt 0.9031 0.7112
vt 0.8836 0.7112
vt 0.8836 0.6828
vt 0.9031 0.7112
vt 0.8836 0.6828
vt 0.9031 0.6828
vt 0.8836 0.7112
vt 0.8641 0.7112
vt 0.8641 0.6828
vt 0.8836 0.7112
vt 0.8641 0.6828
vt 0.8836 0.6828
vt 0.8641 0.7112
vt 0.8446 0.7112
vt 0.8446 0.6828
vt 0.8641 0.7112
vt 0.8446 0.6828
vt 0.8641 0.6828
vt 0.8446 0.7112
vt 0.8251 0.7112
vt 0.8251 0.6828
vt 0.8446 0.7112
vt 0.8251 0.6828
vt 0.8446 0.6828
vt 0.8251 0.7112
vt 0.8057 0.7112
vt 0.8057 0.6828
vt 0.8251 0.7112
vt 0.8057 0.6828
vt 0.8251 0.6828
vt 0.8057 0.7112
vt 0.7862 0.7112
vt 0.7862 0.6828
vt 0.8057 0.7112
vt 0.7862 0.6828
vt 0.8057 0.6828
vt 0.7862 0.7112
vt 0.7667 0.7112
vt 0.7667 0.6828
vt 0.7862 0.7112
vt 0.7667 0.6828
vt 0.7862 0.6828
vt 0.7667 0.7112
vt 0.7472 0.7112
vt 0.7472 0.6828
vt 0.7667 0.7112
vt 0.7472 0.6828
vt 0.7667 0.6828
vt 0.7472 0.7112
vt 0.7277 0.7112
vt 0.7277 0.6828
vt 0.7472 0.7112
vt 0.7277 0.6828
vt 0.7472 0.6828
vt 0.7277 0.7112
vt 0.7082 0.7112
vt 0.7082 0.6828
vt 0.7277 0.7112
vt 0.7082 0.6828
vt 0.7277 0.6828
vt 0.7082 0.7112
vt 0.6888 0.7112
vt 0.6888 0.6828
vt 0.7082 0.7112
vt 0.6888 0.6828
vt 0.7082 0.6828
vt 0.6888 0.7112
vt 0.6693 0.7112
vt 0.6693 0.6828
vt 0.6888 0.7112
vt 0.6693 0.6828
vt 0.6888 0.6828
vt 0.6693 0.7112
vt 0.6498 0.7112
vt 0.6498 0.6828
vt 0.6693 0.7112
vt 0.6498 0.6828
vt 0.6693 0.6828
vt 0.6498 0.7112
vt 0.6303 0.7112
vt 0.6303 0.6828
vt 0.6498 0.7112
vt 0.6303 0.6828
vt 0.6498 0.6828
vt 0.6303 0.7112
vt 0.6108 0.7112
vt 0.6108 0.6828
vt 0.6303 0.7112
vt 0.6108 0.6828
vt 0.6303 0.6828
vt 0.6108 0.7112
vt 0.5913 0.7112
vt 0.5913 0.6828
vt 0.6108 0.7112
vt 0.5913 0.6828
vt 0.6108 0.6828
vt 0.5913 0.7112
vt 0.5719 0.7112
vt 0.5719 0.6828
vt 0.5913 0.7112
vt 0.5719 0.6828
vt 0.5913 0.6828
vt 0.5719 0.7112
vt 0.5524 0.7112
vt 0.5524 0.6828
vt 0.5719 0.7112
vt 0.5524 0.6828
vt 0.5719 0.6828
vt 0.5524 0.7112
vt 0.5329 0.7112
vt 0.5329 0.6828
vt 0.5524 0.7112
vt 0.5329 0.6828
vt 0.5524 0.6828
vt 0.5329 0.7112
vt 0.5134 0.7112
vt 0.5134 0.6828
vt 0.5329 0.7112
vt 0.5134 0.6828
vt 0.5329 0.6828
vt 0.5134 0.7112
vt 0.4939 0.7112
vt 0.4939 0.6828
vt 0.5134 0.7112
vt 0.4939 0.6828
vt 0.5134 0.6828
vt 0.4939 0.7112
vt 0.4744 0.7112
vt 0.4744 0.6828
vt 0.4939 0.7112
vt 0.4744 0.6828
vt 0.4939 0.6828
vt 0.4744 0.7112
vt 0.455 0.7112
vt 0.455 0.6828
vt 0.4744 0.7112
vt 0.455 0.6828
vt 0.4744 0.6828
vt 0.455 0.7112
vt 0.4355 0.7112
vt 0.4355 0.6828
vt 0.455 0.7112
vt 0.4355 0.6828
vt 0.455 0.6828
vt 0.4355 0.7112
vt 0.416 0.7112
vt 0.416 0.6828
vt 0.4355 0.7112
vt 0.416 0.6828
vt 0.4355 0.6828
vt 0.416 0.7112
vt 0.3965 0.7112
vt 0.3965 0.6828
vt 0.416 0.7112
vt 0.3965 0.6828
vt 0.416 0.6828
vt 0.3965 0.7112
vt 0.377 0.7112
vt 0.377 0.6828
vt 0.3965 0.7112
vt 0.377 0.6828
vt 0.3965 0.6828
vt 0.377 0.7112
vt 0.3575 0.7112
vt 0.3575 0.6828
vt 0.377 0.7112
vt 0.3575 0.6828
vt 0.377 0.6828
vt 0.3575 0.7112
vt 0.3381 0.7112
vt 0.3381 0.6828
vt 0.3575 0.7112
vt 0.3381 0.6828
vt 0.3575 0.6828
vt 0.3381 0.7112
vt 0.3186 0.7112
vt 0.3186 0.6828
vt 0.3381 0.7112
vt 0.3186 0.6828
vt 0.3381 0.6828
vt 0.3186 0.7112
vt 0.2991 0.7112
vt 0.2991 0.6828
vt 0.3186 0.7112
vt 0.2991 0.6828
vt 0.3186 0.6828
vt 0.2991 0.7112
vt 0.2796 0.7112
vt 0.2796 0.6828
vt 0.2991 0.7112
vt 0.2796 0.6828
vt 0.2991 0.6828
vt 0.2796 0.7112
vt 0.2601 0.7112
vt 0.2601 0.6828
vt 0.2796 0.7112
vt 0.2601 0.6828
vt 0.2796 0.6828
vt 0.2601 0.7112
vt 0.2406 0.7112
vt 0.2406 0.6828
vt 0.2601 0.7112
vt 0.2406 0.6828
vt 0.2601 0.6828
vt 0.2406 0.7112
vt 0.2212 0.7112
vt 0.2212 0.6828
vt 0.2406 0.7112
vt 0.2212 0.6828
vt 0.2406 0.6828
vt 0.2212 0.7112
vt 0.2017 0.7112
vt 0.2017 0.6828
vt 0.2212 0.7112
vt 0.2017 0.6828
vt 0.2212 0.6828
vt 0.2017 0.7112
vt 0.1822 0.7112
vt 0.1822 0.6828
vt 0.2017 0.7112
vt 0.1822 0.6828
vt 0.2017 0.6828
vt 0.1822 0.7112
vt 0.1627 0.7112
vt 0.1627 0.6828
vt 0.1822 0.7112
vt 0.1627 0.6828
vt 0.1822 0.6828
vt 0.1627 0.7112
vt 0.1432 0.7112
vt 0.1432 0.6828
vt 0.1627 0.7112
vt 0.1432 0.6828
vt 0.1627 0.6828
vt 0.1432 0.7112
vt 0.1237 0.7112
vt 0.1237 0.6828
vt 0.1432 0.7112
vt 0.1237 0.6828
vt 0.1432 0.6828
vt 0.1237 0.7112
vt 0.1043 0.7112
vt 0.1043 0.6828
vt 0.1237 0.7112
vt 0.1043 0.6828
vt 0.1237 0.6828
vt 0.1043 0.7112
vt 0.0848 0.7112
vt 0.0848 0.6828
vt 0.1043 0.7112
vt 0.0848 0.6828
vt 0.1043 0.6828
vt 0.9031 0.6828
vt 0.8836 0.6828
vt 0.8836 0.6545
vt 0.9031 0.6828
vt 0.8836 0.6545
vt 0.9031 0.6545
vt 0.8836 0.6828
vt 0.8641 0.6828
vt 0.8641 0.6545
vt 0.8836 0.6828
vt 0.8641 0.6545
vt 0.8836 0.6545
vt 0.8641 0.6828
vt 0.8446 0.6828
vt 0.8446 0.6545
vt 0.8641 0.6828
vt 0.8446 0.6545
vt 0.8641 0.6545
vt 0.8446 0.6828
vt 0.8251 0.6828
vt 0.8251 0.6545
vt 0.8446 0.6828
vt 0.8251 0.6545
vt 0.8446 0.6545
vt 0.8251 0.6828
vt 0.8057 0.6828
vt 0.8057 0.6545
vt 0.8251 0.6828
vt 0.8057 0.6545
vt 0.8251 0.6545
vt 0.8057 0.6828
vt 0.7862 0.6828
vt 0.7862 0.6545
vt 0.8057 0.6828
vt 0.7862 0.6545
vt 0.8057 0.6545
vt 0.7862 0.6828
vt 0.7667 0.6828
vt 0.7667 0.6545
vt 0.7862 0.6828
vt 0.7667 0.6545
vt 0.7862 0.6545
vt 0.7667 0.6828
vt 0.7472 0.6828
vt 0.7472 0.6545
vt 0.7667 0.6828
vt 0.7472 0.6545
vt 0.7667 0.6545
vt 0.7472 0.6828
vt 0.7277 0.6828
vt 0.7277 0.6545
vt 0.7472 0.6828
vt 0.7277 0.6545
vt 0.7472 0.6545
vt 0.7277 0.6828
vt 0.7082 0.6828
vt 0.7082 0.6545
vt 0.7277 0.6828
vt 0.7082 0.6545
vt 0.7277 0.6545
vt 0.7082 0.6828
vt 0.6888 0.6828
vt 0.6888 0.6545
vt 0.7082 0.6828
vt 0.6888 0.6545
vt 0.7082 0.6545
vt 0.6888 0.6828
vt 0.6693 0.6828
vt 0.6693 0.6545
vt 0.6888 0.6828
vt 0.6693 0.6545
vt 0.6888 0.6545
vt 0.6693 0.6828
vt 0.6498 0.6828
vt 0.6498 0.6545
vt 0.6693 0.6828
vt 0.6498 0.6545
vt 0.6693 0.6545
vt 0.6498 0.6828
vt 0.6303 0.6828
vt 0.6303 0.6545
vt 0.6498 0.6828
vt 0.6303 0.6545
vt 0.6498 0.6545
vt 0.6303 0.6828
vt 0.6108 0.6828
vt 0.6108 0.6545
vt 0.6303 0.6828
vt 0.6108 0.6545
vt 0.6303 0.6545
vt 0.6108 0.6828
vt 0.5913 0.6828
vt 0.5913 0.6545
vt 0.6108 0.6828
vt 0.5913 0.6545
vt 0.6108 0.6545
vt 0.5913 0.6828
vt 0.5719 0.6828
vt 0.5719 0.6545
vt 0.5913 0.6828
vt 0.5719 0.6545
vt 0.5913 0.6545
vt 0.5719 0.6828
vt 0.5524 0.6828
vt 0.5524 0.6545
vt 0.5719 0.6828
vt 0.5524 0.6545
vt 0.5719 0.6545
vt 0.5524 0.6828
vt 0.5329 0.6828
vt 0.5329 0.6545
vt 0.5524 0.6828
vt 0.5329 0.6545
vt 0.5524 0.6545
vt 0.5329 0.6828
vt 0.5134 0.6828
vt 0.5134 0.6545
vt 0.5329 0.6828
vt 0.5134 0.6545
vt 0.5329 0.6545
vt 0.5134 0.6828
vt 0.4939 0.6828
vt 0.4939 0.6545
vt 0.5134 0.6828
vt 0.4939 0.6545
vt 0.5134 0.6545
vt 0.4939 0.6828
vt 0.4744 0.6828
vt 0.4744 0.6545
vt 0.4939 0.6828
vt 0.4744 0.6545
vt 0.4939 0.6545
vt 0.4744 0.6828
vt 0.455 0.6828
vt 0.455 0.6545
vt 0.4744 0.6828
vt 0.455 0.6545
vt 0.4744 0.6545
vt 0.455 0.6828
vt 0.4355 0.6828
vt 0.4355 0.6545
vt 0.455 0.6828
vt 0.4355 0.6545
vt 0.455 0.6545
vt 0.4355 0.6828
vt 0.416 0.6828
vt 0.416 0.6545
vt 0.4355 0.6828
vt 0.416 0.6545
vt 0.4355 0.6545
vt 0.416 0.6828
vt 0.3965 0.6828
vt 0.3965 0.6545
vt 0.416 0.6828
vt 0.3965 0.6545
vt 0.416 0.6545
vt 0.3965 0.6828
vt 0.377 0.6828
vt 0.377 0.6545
vt 0.3965 0.6828
vt 0.377 0.6545
vt 0.3965 0.6545
vt 0.377 0.6828
vt 0.3575 0.6828
vt 0.3575 0.6545
vt 0.377 0.6828
vt 0.3575 0.6545
vt 0.377 0.6545
vt 0.3575 0.6828
vt 0.3381 0.6828
vt 0.3381 0.6545
vt 0.3575 0.6828
vt 0.3381 0.6545
vt 0.3575 0.6545
vt 0.3381 0.6828
vt 0.3186 0.6828
vt 0.3186 0.6545
vt 0.3381 0.6828
vt 0.3186 0.6545
vt 0.3381 0.6545
vt 0.3186 0.6828
vt 0.2991 0.6828
vt 0.2991 0.6545
vt 0.3186 0.6828
vt 0.2991 0.6545
vt 0.3186 0.6545
vt 0.2991 0.6828
vt 0.2796 0.6828
vt 0.2796 0.6545
vt 0.2991 0.6828
vt 0.2796 0.6545
vt 0.2991 0.6545
vt 0.2796 0.6828
vt 0.2601 0.6828
vt 0.2601 0.6545
vt 0.2796 0.6828
vt 0.2601 0.6545
vt 0.2796 0.6545
vt 0.2601 0.6828
vt 0.2406 0.6828
vt 0.2406 0.6545
vt 0.2601 0.6828
vt 0.2406 0.6545
vt 0.2601 0.6545
vt 0.2406 0.6828
vt 0.2212 0.6828
vt 0.2212 0.6545
vt 0.2406 0.6828
vt 0.2212 0.6545
vt 0.2406 0.6545
vt 0.2212 0.6828
vt 0.2017 0.6828
vt 0.2017 0.6545
vt 0.2212 0.6828
vt 0.2017 0.6545
vt 0.2212 0.6545
vt 0.2017 0.6828
vt 0.1822 0.6828
vt 0.1822 0.6545
vt 0.2017 0.6828
vt 0.1822 0.6545
vt 0.2017 0.6545
vt 0.1822 0.6828
vt 0.1627 0.6828
vt 0.1627 0.6545
vt 0.1822 0.6828
vt 0.1627 0.6545
vt 0.1822 0.6545
vt 0.1627 0.6828
vt 0.1432 0.6828
vt 0.1432 0.6545
vt 0.1627 0.6828
vt 0.1432 0.6545
vt 0.1627 0.6545
vt 0.1432 0.6828
vt 0.1237 0.6828
vt 0.1237 0.6545
vt 0.1432 0.6828
vt 0.1237 0.6545
vt 0.1432 0.6545
vt 0.1237 0.6828
vt 0.1043 0.6828
vt 0.1043 0.6545
vt 0.1237 0.6828
vt 0.1043 0.6545
vt 0.1237 0.6545
vt 0.1043 0.6828
vt 0.0848 0.6828
vt 0.0848 0.6545
vt 0.1043 0.6828
vt 0.0848 0.6545
vt 0.1043 0.6545
vt 0.9031 0.6545
vt 0.8836 0.6545
vt 0.8836 0.6261
vt 0.9031 0.6545
vt 0.8836 0.6261
vt 0.9031 0.6261
vt 0.8836 0.6545
vt 0.8641 0.6545
vt 0.8641 0.6261
vt 0.8836 0.6545
vt 0.8641 0.6261
vt 0.8836 0.6261
vt 0.8641 0.6545
vt 0.8446 0.6545
vt 0.8446 0.6261
vt 0.8641 0.6545
vt 0.8446 0.6261
vt 0.8641 0.6261
vt 0.8446 0.6545
vt 0.8251 0.6545
vt 0.8251 0.6261
vt 0.8446 0.6545
vt 0.8251 0.6261
vt 0.8446 0.6261
vt 0.8251 0.6545
vt 0.8057 0.6545
vt 0.8057 0.6261
vt 0.8251 0.6545
vt 0.8057 0.6261
vt 0.8251 0.6261
vt 0.8057 0.6545
vt 0.7862 0.6545
vt 0.7862 0.6261
vt 0.8057 0.6545
vt 0.7862 0.6261
vt 0.8057 0.6261
vt 0.7862 0.6545
vt 0.7667 0.6545
vt 0.7667 0.6261
vt 0.7862 0.6545
vt 0.7667 0.6261
vt 0.7862 0.6261
vt 0.7667 0.6545
vt 0.7472 0.6545
vt 0.7472 0.6261
vt 0.7667 0.6545
vt 0.7472 0.6261
vt 0.7667 0.6261
vt 0.7472 0.6545
vt 0.7277 0.6545
vt 0.7277 0.6261
vt 0.7472 0.6545
vt 0.7277 0.6261
vt 0.7472 0.6261
vt 0.7277 0.6545
vt 0.7082 0.6545
vt 0.7082 0.6261
vt 0.7277 0.6545
vt 0.7082 0.6261
vt 0.7277 0.6261
vt 0.7082 0.6545
vt 0.6888 0.6545
vt 0.6888 0.6261
vt 0.7082 0.6545
vt 0.6888 0.6261
vt 0.7082 0.6261
vt 0.6888 0.6545
vt 0.6693 0.6545
vt 0.6693 0.6261
vt 0.6888 0.6545
vt 0.6693 0.6261
vt 0.6888 0.6261
vt 0.6693 0.6545
vt 0.6498 0.6545
vt 0.6498 0.6261
vt 0.6693 0.6545
vt 0.6498 0.6261
vt 0.6693 0.6261
vt 0.6498 0.6545
vt 0.6303 0.6545
vt 0.6303 0.6261
vt 0.6498 0.6545
vt 0.6303 0.6261
vt 0.6498 0.6261
vt 0.6303 0.6545
vt 0.6108 0.6545
vt 0.6108 0.6261
vt 0.6303 0.6545
vt 0.6108 0.6261
vt 0.6303 0.6261
vt 0.6108 0.6545
vt 0.5913 0.6545
vt 0.5913 0.6261
vt 0.6108 0.6545
vt 0.5913 0.6261
vt 0.6108 0.6261
vt 0.5913 0.6545
vt 0.5719 0.6545
vt 0.5719 0.6261
vt 0.5913 0.6545
vt 0.5719 0.6261
vt 0.5913 0.6261
vt 0.5719 0.6545
vt 0.5524 0.6545
vt 0.5524 0.6261
vt 0.5719 0.6545
vt 0.5524 0.6261
vt 0.5719 0.6261
vt 0.5524 0.6545
vt 0.5329 0.6545
vt 0.5329 0.6261
vt 0.5524 0.6545
vt 0.5329 0.6261
vt 0.5524 0.6261
vt 0.5329 0.6545
vt 0.5134 0.6545
vt 0.5134 0.6261
vt 0.5329 0.6545
vt 0.5134 0.6261
vt 0.5329 0.6261
vt 0.5134 0.6545
vt 0.4939 0.6545
vt 0.4939 0.6261
vt 0.5134 0.6545
vt 0.4939 0.6261
vt 0.5134 0.6261
vt 0.4939 0.6545
vt 0.4744 0.6545
vt 0.4744 0.6261
vt 0.4939 0.6545
vt 0.4744 0.6261
vt 0.4939 0.6261
vt 0.4744 0.6545
vt 0.455 0.6545
vt 0.455 0.6261
vt 0.4744 0.6545
vt 0.455 0.6261
vt 0.4744 0.6261
vt 0.455 0.6545
vt 0.4355 0.6545
vt 0.4355 0.6261
vt 0.455 0.6545
vt 0.4355 0.6261
vt 0.455 0.6261
vt 0.4355 0.6545
vt 0.416 0.6545
vt 0.416 0.6261
vt 0.4355 0.6545
vt 0.416 0.6261
vt 0.4355 0.6261
vt 0.416 0.6545
vt 0.3965 0.6545
vt 0.3965 0.6261
vt 0.416 0.6545
vt 0.3965 0.6261
vt 0.416 0.6261
vt 0.3965 0.6545
vt 0.377 0.6545
vt 0.377 0.6261
vt 0.3965 0.6545
vt 0.377 0.6261
vt 0.3965 0.6261
vt 0.377 0.6545
vt 0.3575 0.6545
vt 0.3575 0.6261
vt 0.377 0.6545
vt 0.3575 0.6261
vt 0.377 0.6261
vt 0.3575 0.6545
vt 0.3381 0.6545
vt 0.3381 0.6261
vt 0.3575 0.6545
vt 0.3381 0.6261
vt 0.3575 0.6261
vt 0.3381 0.6545
vt 0.3186 0.6545
vt 0.3186 0.6261
vt 0.3381 0.6545
vt 0.3186 0.6261
vt 0.3381 0.6261
vt 0.3186 0.6545
vt 0.2991 0.6545
vt 0.2991 0.6261
vt 0.3186 0.6545
vt 0.2991 0.6261
vt 0.3186 0.6261
vt 0.2991 0.6545
vt 0.2796 0.6545
vt 0.2796 0.6261
vt 0.2991 0.6545
vt 0.2796 0.6261
vt 0.2991 0.6261
vt 0.2796 0.6545
vt 0.2601 0.6545
vt 0.2601 0.6261
vt 0.2796 0.6545
vt 0.2601 0.6261
vt 0.2796 0.6261
vt 0.2601 0.6545
vt 0.2406 0.6545
vt 0.2406 0.6261
vt 0.2601 0.6545
vt 0.2406 0.6261
vt 0.2601 0.6261
vt 0.2406 0.6545
vt 0.2212 0.6545
vt 0.2212 0.6261
vt 0.2406 0.6545
vt 0.2212 0.6261
vt 0.2406 0.6261
vt 0.2212 0.6545
vt 0.2017 0.6545
vt 0.2017 0.6261
vt 0.2212 0.6545
vt 0.2017 0.6261
vt 0.2212 0.6261
vt 0.2017 0.6545
vt 0.1822 0.6545
vt 0.1822 0.6261
vt 0.2017 0.6545
vt 0.1822 0.6261
vt 0.2017 0.6261
vt 0.1822 0.6545
vt 0.1627 0.6545
vt 0.1627 0.6261
vt 0.1822 0.6545
vt 0.1627 0.6261
vt 0.1822 0.6261
vt 0.1627 0.6545
vt 0.1432 0.6545
vt 0.1432 0.6261
vt 0.1627 0.6545
vt 0.1432 0.6261
vt 0.1627 0.6261
vt 0.1432 0.6545
vt 0.1237 0.6545
vt 0.1237 0.6261
vt 0.1432 0.6545
vt 0.1237 0.6261
vt 0.1432 0.6261
vt 0.1237 0.6545
vt 0.1043 0.6545
vt 0.1043 0.6261
vt 0.1237 0.6545
vt 0.1043 0.6261
vt 0.1237 0.6261
vt 0.1043 0.6545
vt 0.0848 0.6545
vt 0.0848 0.6261
vt 0.1043 0.6545
vt 0.0848 0.6261
vt 0.1043 0.6261
vt 0.9031 0.6261
vt 0.8836 0.6261
vt 0.8836 0.5978
vt 0.9031 0.6261
vt 0.8836 0.5978
vt 0.9031 0.5978
vt 0.8836 0.6261
vt 0.8641 0.6261
vt 0.8641 0.5978
vt 0.8836 0.6261
vt 0.8641 0.5978
vt 0.8836 0.5978
vt 0.8641 0.6261
vt 0.8446 0.6261
vt 0.8446 0.5978
vt 0.8641 0.6261
vt 0.8446 0.5978
vt 0.8641 0.5978
vt 0.8446 0.6261
vt 0.8251 0.6261
vt 0.8251 0.5978
vt 0.8446 0.6261
vt 0.8251 0.5978
vt 0.8446 0.5978
vt 0.8251 0.6261
vt 0.8057 0.6261
vt 0.8057 0.5978
vt 0.8251 0.6261
vt 0.8057 0.5978
vt 0.8251 0.5978
vt 0.8057 0.6261
vt 0.7862 0.6261
vt 0.7862 0.5978
vt 0.8057 0.6261
vt 0.7862 0.5978
vt 0.8057 0.5978
vt 0.7862 0.6261
vt 0.7667 0.6261
vt 0.7667 0.5978
vt 0.7862 0.6261
vt 0.7667 0.5978
vt 0.7862 0.5978
vt 0.7667 0.6261
vt 0.7472 0.6261
vt 0.7472 0.5978
vt 0.7667 0.6261
vt 0.7472 0.5978
vt 0.7667 0.5978
vt 0.7472 0.6261
vt 0.7277 0.6261
vt 0.7277 0.5978
vt 0.7472 0.6261
vt 0.7277 0.5978
vt 0.7472 0.5978
vt 0.7277 0.6261
vt 0.7082 0.6261
vt 0.7082 0.5978
vt 0.7277 0.6261
vt 0.7082 0.5978
vt 0.7277 0.5978
vt 0.7082 0.6261
vt 0.6888 0.6261
vt 0.6888 0.5978
vt 0.7082 0.6261
vt 0.6888 0.5978
vt 0.7082 0.5978
vt 0.6888 0.6261
vt 0.6693 0.6261
vt 0.6693 0.5978
vt 0.6888 0.6261
vt 0.6693 0.5978
vt 0.6888 0.5978
vt 0.6693 0.6261
vt 0.6498 0.6261
vt 0.6498 0.5978
vt 0.6693 0.6261
vt 0.6498 0.5978
vt 0.6693 0.5978
vt 0.6498 0.6261
vt 0.6303 0.6261
vt 0.6303 0.5978
vt 0.6498 0.6261
vt 0.6303 0.5978
vt 0.6498 0.5978
vt 0.6303 0.6261
vt 0.6108 0.6261
vt 0.6108 0.5978
vt 0.6303 0.6261
vt 0.6108 0.5978
vt 0.6303 0.5978
vt 0.6108 0.6261
vt 0.5913 0.6261
vt 0.5913 0.5978
vt 0.6108 0.6261
vt 0.5913 0.5978
vt 0.6108 0.5978
vt 0.5913 0.6261
vt 0.5719 0.6261
vt 0.5719 0.5978
vt 0.5913 0.6261
vt 0.5719 0.5978
vt 0.5913 0.5978
vt 0.5719 0.6261
vt 0.5524 0.6261
vt 0.5524 0.5978
vt 0.5719 0.6261
vt 0.5524 0.5978
vt 0.5719 0.5978
vt 0.5524 0.6261
vt 0.5329 0.6261
vt 0.5329 0.5978
vt 0.5524 0.6261
vt 0.5329 0.5978
vt 0.5524 0.5978
vt 0.5329 0.6261
vt 0.5134 0.6261
vt 0.5134 0.5978
vt 0.5329 0.6261
vt 0.5134 0.5978
vt 0.5329 0.5978
vt 0.5134 0.6261
vt 0.4939 0.6261
vt 0.4939 0.5978
vt 0.5134 0.6261
vt 0.4939 0.5978
vt 0.5134 0.5978
vt 0.4939 0.6261
vt 0.4744 0.6261
vt 0.4744 0.5978
vt 0.4939 0.6261
vt 0.4744 0.5978
vt 0.4939 0.5978
vt 0.4744 0.6261
vt 0.455 0.6261
vt 0.455 0.5978
vt 0.4744 0.6261
vt 0.455 0.5978
vt 0.4744 0.5978
vt 0.455 0.6261
vt 0.4355 0.6261
vt 0.4355 0.5978
vt 0.455 0.6261
vt 0.4355 0.5978
vt 0.455 0.5978
vt 0.4355 0.6261
vt 0.416 0.6261
vt 0.416 0.5978
vt 0.4355 0.6261
vt 0.416 0.5978
vt 0.4355 0.5978
vt 0.416 0.6261
vt 0.3965 0.6261
vt 0.3965 0.5978
vt 0.416 0.6261
vt 0.3965 0.5978
vt 0.416 0.5978
vt 0.3965 0.6261
vt 0.377 0.6261
vt 0.377 0.5978
vt 0.3965 0.6261
vt 0.377 0.5978
vt 0.3965 0.5978
vt 0.377 0.6261
vt 0.3575 0.6261
vt 0.3575 0.5978
vt 0.377 0.6261
vt 0.3575 0.5978
vt 0.377 0.5978
vt 0.3575 0.6261
vt 0.3381 0.6261
vt 0.3381 0.5978
vt 0.3575 0.6261
vt 0.3381 0.5978
vt 0.3575 0.5978
vt 0.3381 0.6261
vt 0.3186 0.6261
vt 0.3186 0.5978
vt 0.3381 0.6261
vt 0.3186 0.5978
vt 0.3381 0.5978
vt 0.3186 0.6261
vt 0.2991 0.6261
vt 0.2991 0.5978
vt 0.3186 0.6261
vt 0.2991 0.5978
vt 0.3186 0.5978
vt 0.2991 0.6261
vt 0.2796 0.6261
vt 0.2796 0.5978
vt 0.2991 0.6261
vt 0.2796 0.5978
vt 0.2991 0.5978
vt 0.2796 0.6261
vt 0.2601 0.6261
vt 0.2601 0.5978
vt 0.2796 0.6261
vt 0.2601 0.5978
vt 0.2796 0.5978
vt 0.2601 0.6261
vt 0.2406 0.6261
vt 0.2406 0.5978
vt 0.2601 0.6261
vt 0.2406 0.5978
vt 0.2601 0.5978
vt 0.2406 0.6261
vt 0.2212 0.6261
vt 0.2212 0.5978
vt 0.2406 0.6261
vt 0.2212 0.5978
vt 0.2406 0.5978
vt 0.2212 0.6261
vt 0.2017 0.6261
vt 0.2017 0.5978
vt 0.2212 0.6261
vt 0.2017 0.5978
vt 0.2212 0.5978
vt 0.2017 0.6261
vt 0.1822 0.6261
vt 0.1822 0.5978
vt 0.2017 0.6261
vt 0.1822 0.5978
vt 0.2017 0.5978
vt 0.1822 0.6261
vt 0.1627 0.6261
vt 0.1627 0.5978
vt 0.1822 0.6261
vt 0.1627 0.5978
vt 0.1822 0.5978
vt 0.1627 0.6261
vt 0.1432 0.6261
vt 0.1432 0.5978
vt 0.1627 0.6261
vt 0.1432 0.5978
vt 0.1627 0.5978
vt 0.1432 0.6261
vt 0.1237 0.6261
vt 0.1237 0.5978
vt 0.1432 0.6261
vt 0.1237 0.5978
vt 0.1432 0.5978
vt 0.1237 0.6261
vt 0.1043 0.6261
vt 0.1043 0.5978
vt 0.1237 0.6261
vt 0.1043 0.5978
vt 0.1237 0.5978
vt 0.1043 0.6261
vt 0.0848 0.6261
vt 0.0848 0.5978
vt 0.1043 0.6261
vt 0.0848 0.5978
vt 0.1043 0.5978
vt 0.9031 0.5978
vt 0.8836 0.5978
vt 0.8836 0.5694
vt 0.9031 0.5978
vt 0.8836 0.5694
vt 0.9031 0.5694
vt 0.8836 0.5978
vt 0.8641 0.5978
vt 0.8641 0.5694
vt 0.8836 0.5978
vt 0.8641 0.5694
vt 0.8836 0.5694
vt 0.8641 0.5978
vt 0.8446 0.5978
vt 0.8446 0.5694
vt 0.8641 0.5978
vt 0.8446 0.5694
vt 0.8641 0.5694
vt 0.8446 0.5978
vt 0.8251 0.5978
vt 0.8251 0.5694
vt 0.8446 0.5978
vt 0.8251 0.5694
vt 0.8446 0.5694
vt 0.8251 0.5978
vt 0.8057 0.5978
vt 0.8057 0.5694
vt 0.8251 0.5978
vt 0.8057 0.5694
vt 0.8251 0.5694
vt 0.8057 0.5978
vt 0.7862 0.5978
vt 0.7862 0.5694
vt 0.8057 0.5978
vt 0.7862 0.5694
vt 0.8057 0.5694
vt 0.7862 0.5978
vt 0.7667 0.5978
vt 0.7667 0.5694
vt 0.7862 0.5978
vt 0.7667 0.5694
vt 0.7862 0.5694
vt 0.7667 0.5978
vt 0.7472 0.5978
vt 0.7472 0.5694
vt 0.7667 0.5978
vt 0.7472 0.5694
vt 0.7667 0.5694
vt 0.7472 0.5978
vt 0.7277 0.5978
vt 0.7277 0.5694
vt 0.7472 0.5978
vt 0.7277 0.5694
vt 0.7472 0.5694
vt 0.7277 0.5978
vt 0.7082 0.5978
vt 0.7082 0.5694
vt 0.7277 0.5978
vt 0.7082 0.5694
vt 0.7277 0.5694
vt 0.7082 0.5978
vt 0.6888 0.5978
vt 0.6888 0.5694
vt 0.7082 0.5978
vt 0.6888 0.5694
vt 0.7082 0.5694
vt 0.6888 0.5978
vt 0.6693 0.5978
vt 0.6693 0.5694
vt 0.6888 0.5978
vt 0.6693 0.5694
vt 0.6888 0.5694
vt 0.6693 0.5978
vt 0.6498 0.5978
vt 0.6498 0.5694
vt 0.6693 0.5978
vt 0.6498 0.5694
vt 0.6693 0.5694
vt 0.6498 0.5978
vt 0.6303 0.5978
vt 0.6303 0.5694
vt 0.6498 0.5978
vt 0.6303 0.5694
vt 0.6498 0.5694
vt 0.6303 0.5978
vt 0.6108 0.5978
vt 0.6108 0.5694
vt 0.6303 0.5978
vt 0.6108 0.5694
vt 0.6303 0.5694
vt 0.6108 0.5978
vt 0.5913 0.5978
vt 0.5913 0.5694
vt 0.6108 0.5978
vt 0.5913 0.5694
vt 0.6108 0.5694
vt 0.5913 0.5978
vt 0.5719 0.5978
vt 0.5719 0.5694
vt 0.5913 0.5978
vt 0.5719 0.5694
vt 0.5913 0.5694
vt 0.5719 0.5978
vt 0.5524 0.5978
vt 0.5524 0.5694
vt 0.5719 0.5978
vt 0.5524 0.5694
vt 0.5719 0.5694
vt 0.5524 0.5978
vt 0.5329 0.5978
vt 0.5329 0.5694
vt 0.5524 0.5978
vt 0.5329 0.5694
vt 0.5524 0.5694
vt 0.5329 0.5978
vt 0.5134 0.5978
vt 0.5134 0.5694
vt 0.5329 0.5978
vt 0.5134 0.5694
vt 0.5329 0.5694
vt 0.5134 0.5978
vt 0.4939 0.5978
vt 0.4939 0.5694
vt 0.5134 0.5978
vt 0.4939 0.5694
vt 0.5134 0.5694
vt 0.4939 0.5978
vt 0.4744 0.5978
vt 0.4744 0.5694
vt 0.4939 0.5978
vt 0.4744 0.5694
vt 0.4939 0.5694
vt 0.4744 0.5978
vt 0.455 0.5978
vt 0.455 0.5694
vt 0.4744 0.5978
vt 0.455 0.5694
vt 0.4744 0.5694
vt 0.455 0.5978
vt 0.4355 0.5978
vt 0.4355 0.5694
vt 0.455 0.5978
vt 0.4355 0.5694
vt 0.455 0.5694
vt 0.4355 0.5978
vt 0.416 0.5978
vt 0.416 0.5694
vt 0.4355 0.5978
vt 0.416 0.5694
vt 0.4355 0.5694
vt 0.416 0.5978
vt 0.3965 0.5978
vt 0.3965 0.5694
vt 0.416 0.5978
vt 0.3965 0.5694
vt 0.416 0.5694
vt 0.3965 0.5978
vt 0.377 0.5978
vt 0.377 0.5694
vt 0.3965 0.5978
vt 0.377 0.5694
vt 0.3965 0.5694
vt 0.377 0.5978
vt 0.3575 0.5978
vt 0.3575 0.5694
vt 0.377 0.5978
vt 0.3575 0.5694
vt 0.377 0.5694
vt 0.3575 0.5978
vt 0.3381 0.5978
vt 0.3381 0.5694
vt 0.3575 0.5978
vt 0.3381 0.5694
vt 0.3575 0.5694
vt 0.3381 0.5978
vt 0.3186 0.5978
vt 0.3186 0.5694
vt 0.3381 0.5978
vt 0.3186 0.5694
vt 0.3381 0.5694
vt 0.3186 0.5978
vt 0.2991 0.5978
vt 0.2991 0.5694
vt 0.3186 0.5978
vt 0.2991 0.5694
vt 0.3186 0.5694
vt 0.2991 0.5978
vt 0.2796 0.5978
vt 0.2796 0.5694
vt 0.2991 0.5978
vt 0.2796 0.5694
vt 0.2991 0.5694
vt 0.2796 0.5978
vt 0.2601 0.5978
vt 0.2601 0.5694
vt 0.2796 0.5978
vt 0.2601 0.5694
vt 0.2796 0.5694
vt 0.2601 0.5978
vt 0.2406 0.5978
vt 0.2406 0.5694
vt 0.2601 0.5978
vt 0.2406 0.5694
vt 0.2601 0.5694
vt 0.2406 0.5978
vt 0.2212 0.5978
vt 0.2212 0.5694
vt 0.2406 0.5978
vt 0.2212 0.5694
vt 0.2406 0.5694
vt 0.2212 0.5978
vt 0.2017 0.5978
vt 0.2017 0.5694
vt 0.2212 0.5978
vt 0.2017 0.5694
vt 0.2212 0.5694
vt 0.2017 0.5978
vt 0.1822 0.5978
vt 0.1822 0.5694
vt 0.2017 0.5978
vt 0.1822 0.5694
vt 0.2017 0.5694
vt 0.1822 0.5978
vt 0.1627 0.5978
vt 0.1627 0.5694
vt 0.1822 0.5978
vt 0.1627 0.5694
vt 0.1822 0.5694
vt 0.1627 0.5978
vt 0.1432 0.5978
vt 0.1432 0.5694
vt 0.1627 0.5978
vt 0.1432 0.5694
vt 0.1627 0.5694
vt 0.1432 0.5978
vt 0.1237 0.5978
vt 0.1237 0.5694
vt 0.1432 0.5978
vt 0.1237 0.5694
vt 0.1432 0.5694
vt 0.1237 0.5978
vt 0.1043 0.5978
vt 0.1043 0.5694
vt 0.1237 0.5978
vt 0.1043 0.5694
vt 0.1237 0.5694
vt 0.1043 0.5978
vt 0.0848 0.5978
vt 0.0848 0.5694
vt 0.1043 0.5978
vt 0.0848 0.5694
vt 0.1043 0.5694
vt 0.9031 0.5694
vt 0.8836 0.5694
vt 0.8836 0.5411
vt 0.9031 0.5694
vt 0.8836 0.5411
vt 0.9031 0.5411
vt 0.8836 0.5694
vt 0.8641 0.5694
vt 0.8641 0.5411
vt 0.8836 0.5694
vt 0.8641 0.5411
vt 0.8836 0.5411
vt 0.8641 0.5694
vt 0.8446 0.5694
vt 0.8446 0.5411
vt 0.8641 0.5694
vt 0.8446 0.5411
vt 0.8641 0.5411
vt 0.8446 0.5694
vt 0.8251 0.5694
vt 0.8251 0.5411
vt 0.8446 0.5694
vt 0.8251 0.5411
vt 0.8446 0.5411
vt 0.8251 0.5694
vt 0.8057 0.5694
vt 0.8057 0.5411
vt 0.8251 0.5694
vt 0.8057 0.5411
vt 0.8251 0.5411
vt 0.8057 0.5694
vt 0.7862 0.5694
vt 0.7862 0.5411
vt 0.8057 0.5694
vt 0.7862 0.5411
vt 0.8057 0.5411
vt 0.7862 0.5694
vt 0.7667 0.5694
vt 0.7667 0.5411
vt 0.7862 0.5694
vt 0.7667 0.5411
vt 0.7862 0.5411
vt 0.7667 0.5694
vt 0.7472 0.5694
vt 0.7472 0.5411
vt 0.7667 0.5694
vt 0.7472 0.5411
vt 0.7667 0.5411
vt 0.7472 0.5694
vt 0.7277 0.5694
vt 0.7277 0.5411
vt 0.7472 0.5694
vt 0.7277 0.5411
vt 0.7472 0.5411
vt 0.7277 0.5694
vt 0.7082 0.5694
vt 0.7082 0.5411
vt 0.7277 0.5694
vt 0.7082 0.5411
vt 0.7277 0.5411
vt 0.7082 0.5694
vt 0.6888 0.5694
vt 0.6888 0.5411
vt 0.7082 0.5694
vt 0.6888 0.5411
vt 0.7082 0.5411
vt 0.6888 0.5694
vt 0.6693 0.5694
vt 0.6693 0.5411
vt 0.6888 0.5694
vt 0.6693 0.5411
vt 0.6888 0.5411
vt 0.6693 0.5694
vt 0.6498 0.5694
vt 0.6498 0.5411
vt 0.6693 0.5694
vt 0.6498 0.5411
vt 0.6693 0.5411
vt 0.6498 0.5694
vt 0.6303 0.5694
vt 0.6303 0.5411
vt 0.6498 0.5694
vt 0.6303 0.5411
vt 0.6498 0.5411
vt 0.6303 0.5694
vt 0.6108 0.5694
vt 0.6108 0.5411
vt 0.6303 0.5694
vt 0.6108 0.5411
vt 0.6303 0.5411
vt 0.6108 0.5694
vt 0.5913 0.5694
vt 0.5913 0.5411
vt 0.6108 0.5694
vt 0.5913 0.5411
vt 0.6108 0.5411
vt 0.5913 0.5694
vt 0.5719 0.5694
vt 0.5719 0.5411
vt 0.5913 0.5694
vt 0.5719 0.5411
vt 0.5913 0.5411
vt 0.5719 0.5694
vt 0.5524 0.5694
vt 0.5524 0.5411
vt 0.5719 0.5694
vt 0.5524 0.5411
vt 0.5719 0.5411
vt 0.5524 0.5694
vt 0.5329 0.5694
vt 0.5329 0.5411
vt 0.5524 0.5694
vt 0.5329 0.5411
vt 0.5524 0.5411
vt 0.5329 0.5694
vt 0.5134 0.5694
vt 0.5134 0.5411
vt 0.5329 0.5694
vt 0.5134 0.5411
vt 0.5329 0.5411
vt 0.5134 0.5694
vt 0.4939 0.5694
vt 0.4939 0.5411
vt 0.5134 0.5694
vt 0.4939 0.5411
vt 0.5134 0.5411
vt 0.4939 0.5694
vt 0.4744 0.5694
vt 0.4744 0.5411
vt 0.4939 0.5694
vt 0.4744 0.5411
vt 0.4939 0.5411
vt 0.4744 0.5694
vt 0.455 0.5694
vt 0.455 0.5411
vt 0.4744 0.5694
vt 0.455 0.5411
vt 0.4744 0.5411
vt 0.455 0.5694
vt 0.4355 0.5694
vt 0.4355 0.5411
vt 0.455 0.5694
vt 0.4355 0.5411
vt 0.455 0.5411
vt 0.4355 0.5694
vt 0.416 0.5694
vt 0.416 0.5411
vt 0.4355 0.5694
vt 0.416 0.5411
vt 0.4355 0.5411
vt 0.416 0.5694
vt 0.3965 0.5694
vt 0.3965 0.5411
vt 0.416 0.5694
vt 0.3965 0.5411
vt 0.416 0.5411
vt 0.3965 0.5694
vt 0.377 0.5694
vt 0.377 0.5411
vt 0.3965 0.5694
vt 0.377 0.5411
vt 0.3965 0.5411
vt 0.377 0.5694
vt 0.3575 0.5694
vt 0.3575 0.5411
vt 0.377 0.5694
vt 0.3575 0.5411
vt 0.377 0.5411
vt 0.3575 0.5694
vt 0.3381 0.5694
vt 0.3381 0.5411
vt 0.3575 0.5694
vt 0.3381 0.5411
vt 0.3575 0.5411
vt 0.3381 0.5694
vt 0.3186 0.5694
vt 0.3186 0.5411
vt 0.3381 0.5694
vt 0.3186 0.5411
vt 0.3381 0.5411
vt 0.3186 0.5694
vt 0.2991 0.5694
vt 0.2991 0.5411
vt 0.3186 0.5694
vt 0.2991 0.5411
vt 0.3186 0.5411
vt 0.2991 0.5694
vt 0.2796 0.5694
vt 0.2796 0.5411
vt 0.2991 0.5694
vt 0.2796 0.5411
vt 0.2991 0.5411
vt 0.2796 0.5694
vt 0.2601 0.5694
vt 0.2601 0.5411
vt 0.2796 0.5694
vt 0.2601 0.5411
vt 0.2796 0.5411
vt 0.2601 0.5694
vt 0.2406 0.5694
vt 0.2406 0.5411
vt 0.2601 0.5694
vt 0.2406 0.5411
vt 0.2601 0.5411
vt 0.2406 0.5694
vt 0.2212 0.5694
vt 0.2212 0.5411
vt 0.2406 0.5694
vt 0.2212 0.5411
vt 0.2406 0.5411
vt 0.2212 0.5694
vt 0.2017 0.5694
vt 0.2017 0.5411
vt 0.2212 0.5694
vt 0.2017 0.5411
vt 0.2212 0.5411
vt 0.2017 0.5694
vt 0.1822 0.5694
vt 0.1822 0.5411
vt 0.2017 0.5694
vt 0.1822 0.5411
vt 0.2017 0.5411
vt 0.1822 0.5694
vt 0.1627 0.5694
vt 0.1627 0.5411
vt 0.1822 0.5694
vt 0.1627 0.5411
vt 0.1822 0.5411
vt 0.1627 0.5694
vt 0.1432 0.5694
vt 0.1432 0.5411
vt 0.1627 0.5694
vt 0.1432 0.5411
vt 0.1627 0.5411
vt 0.1432 0.5694
vt 0.1237 0.5694
vt 0.1237 0.5411
vt 0.1432 0.5694
vt 0.1237 0.5411
vt 0.1432 0.5411
vt 0.1237 0.5694
vt 0.1043 0.5694
vt 0.1043 0.5411
vt 0.1237 0.5694
vt 0.1043 0.5411
vt 0.1237 0.5411
vt 0.1043 0.5694
vt 0.0848 0.5694
vt 0.0848 0.5411
vt 0.1043 0.5694
vt 0.0848 0.5411
vt 0.1043 0.5411
vt 0.9031 0.5411
vt 0.8836 0.5411
vt 0.8836 0.5127
vt 0.9031 0.5411
vt 0.8836 0.5127
vt 0.9031 0.5127
vt 0.8836 0.5411
vt 0.8641 0.5411
vt 0.8641 0.5127
vt 0.8836 0.5411
vt 0.8641 0.5127
vt 0.8836 0.5127
vt 0.8641 0.5411
vt 0.8446 0.5411
vt 0.8446 0.5127
vt 0.8641 0.5411
vt 0.8446 0.5127
vt 0.8641 0.5127
vt 0.8446 0.5411
vt 0.8251 0.5411
vt 0.8251 0.5127
vt 0.8446 0.5411
vt 0.8251 0.5127
vt 0.8446 0.5127
vt 0.8251 0.5411
vt 0.8057 0.5411
vt 0.8057 0.5127
vt 0.8251 0.5411
vt 0.8057 0.5127
vt 0.8251 0.5127
vt 0.8057 0.5411
vt 0.7862 0.5411
vt 0.7862 0.5127
vt 0.8057 0.5411
vt 0.7862 0.5127
vt 0.8057 0.5127
vt 0.7862 0.5411
vt 0.7667 0.5411
vt 0.7667 0.5127
vt 0.7862 0.5411
vt 0.7667 0.5127
vt 0.7862 0.5127
vt 0.7667 0.5411
vt 0.7472 0.5411
vt 0.7472 0.5127
vt 0.7667 0.5411
vt 0.7472 0.5127
vt 0.7667 0.5127
vt 0.7472 0.5411
vt 0.7277 0.5411
vt 0.7277 0.5127
vt 0.7472 0.5411
vt 0.7277 0.5127
vt 0.7472 0.5127
vt 0.7277 0.5411
vt 0.7082 0.5411
vt 0.7082 0.5127
vt 0.7277 0.5411
vt 0.7082 0.5127
vt 0.7277 0.5127
vt 0.7082 0.5411
vt 0.6888 0.5411
vt 0.6888 0.5127
vt 0.7082 0.5411
vt 0.6888 0.5127
vt 0.7082 0.5127
vt 0.6888 0.5411
vt 0.6693 0.5411
vt 0.6693 0.5127
vt 0.6888 0.5411
vt 0.6693 0.5127
vt 0.6888 0.5127
vt 0.6693 0.5411
vt 0.6498 0.5411
vt 0.6498 0.5127
vt 0.6693 0.5411
vt 0.6498 0.5127
vt 0.6693 0.5127
vt 0.6498 0.5411
vt 0.6303 0.5411
vt 0.6303 0.5127
vt 0.6498 0.5411
vt 0.6303 0.5127
vt 0.6498 0.5127
vt 0.6303 0.5411
vt 0.6108 0.5411
vt 0.6108 0.5127
vt 0.6303 0.5411
vt 0.6108 0.5127
vt 0.6303 0.5127
vt 0.6108 0.5411
vt 0.5913 0.5411
vt 0.5913 0.5127
vt 0.6108 0.5411
vt 0.5913 0.5127
vt 0.6108 0.5127
vt 0.5913 0.5411
vt 0.5719 0.5411
vt 0.5719 0.5127
vt 0.5913 0.5411
vt 0.5719 0.5127
vt 0.5913 0.5127
vt 0.5719 0.5411
vt 0.5524 0.5411
vt 0.5524 0.5127
vt 0.5719 0.5411
vt 0.5524 0.5127
vt 0.5719 0.5127
vt 0.5524 0.5411
vt 0.5329 0.5411
vt 0.5329 0.5127
vt 0.5524 0.5411
vt 0.5329 0.5127
vt 0.5524 0.5127
vt 0.5329 0.5411
vt 0.5134 0.5411
vt 0.5134 0.5127
vt 0.5329 0.5411
vt 0.5134 0.5127
vt 0.5329 0.5127
vt 0.5134 0.5411
vt 0.4939 0.5411
vt 0.4939 0.5127
vt 0.5134 0.5411
vt 0.4939 0.5127
vt 0.5134 0.5127
vt 0.4939 0.5411
vt 0.4744 0.5411
vt 0.4744 0.5127
vt 0.4939 0.5411
vt 0.4744 0.5127
vt 0.4939 0.5127
vt 0.4744 0.5411
vt 0.455 0.5411
vt 0.455 0.5127
vt 0.4744 0.5411
vt 0.455 0.5127
vt 0.4744 0.5127
vt 0.455 0.5411
vt 0.4355 0.5411
vt 0.4355 0.5127
vt 0.455 0.5411
vt 0.4355 0.5127
vt 0.455 0.5127
vt 0.4355 0.5411
vt 0.416 0.5411
vt 0.416 0.5127
vt 0.4355 0.5411
vt 0.416 0.5127
vt 0.4355 0.5127
vt 0.416 0.5411
vt 0.3965 0.5411
vt 0.3965 0.5127
vt 0.416 0.5411
vt 0.3965 0.5127
vt 0.416 0.5127
vt 0.3965 0.5411
vt 0.377 0.5411
vt 0.377 0.5127
vt 0.3965 0.5411
vt 0.377 0.5127
vt 0.3965 0.5127
vt 0.377 0.5411
vt 0.3575 0.5411
vt 0.3575 0.5127
vt 0.377 0.5411
vt 0.3575 0.5127
vt 0.377 0.5127
vt 0.3575 0.5411
vt 0.3381 0.5411
vt 0.3381 0.5127
vt 0.3575 0.5411
vt 0.3381 0.5127
vt 0.3575 0.5127
vt 0.3381 0.5411
vt 0.3186 0.5411
vt 0.3186 0.5127
vt 0.3381 0.5411
vt 0.3186 0.5127
vt 0.3381 0.5127
vt 0.3186 0.5411
vt 0.2991 0.5411
vt 0.2991 0.5127
vt 0.3186 0.5411
vt 0.2991 0.5127
vt 0.3186 0.5127
vt 0.2991 0.5411
vt 0.2796 0.5411
vt 0.2796 0.5127
vt 0.2991 0.5411
vt 0.2796 0.5127
vt 0.2991 0.5127
vt 0.2796 0.5411
vt 0.2601 0.5411
vt 0.2601 0.5127
vt 0.2796 0.5411
vt 0.2601 0.5127
vt 0.2796 0.5127
vt 0.2601 0.5411
vt 0.2406 0.5411
vt 0.2406 0.5127
vt 0.2601 0.5411
vt 0.2406 0.5127
vt 0.2601 0.5127
vt 0.2406 0.5411
vt 0.2212 0.5411
vt 0.2212 0.5127
vt 0.2406 0.5411
vt 0.2212 0.5127
vt 0.2406 0.5127
vt 0.2212 0.5411
vt 0.2017 0.5411
vt 0.2017 0.5127
vt 0.2212 0.5411
vt 0.2017 0.5127
vt 0.2212 0.5127
vt 0.2017 0.5411
vt 0.1822 0.5411
vt 0.1822 0.5127
vt 0.2017 0.5411
vt 0.1822 0.5127
vt 0.2017 0.5127
vt 0.1822 0.5411
vt 0.1627 0.5411
vt 0.1627 0.5127
vt 0.1822 0.5411
vt 0.1627 0.5127
vt 0.1822 0.5127
vt 0.1627 0.5411
vt 0.1432 0.5411
vt 0.1432 0.5127
vt 0.1627 0.5411
vt 0.1432 0.5127
vt 0.1627 0.5127
vt 0.1432 0.5411
vt 0.1237 0.5411
vt 0.1237 0.5127
vt 0.1432 0.5411
vt 0.1237 0.5127
vt 0.1432 0.5127
vt 0.1237 0.5411
vt 0.1043 0.5411
vt 0.1043 0.5127
vt 0.1237 0.5411
vt 0.1043 0.5127
vt 0.1237 0.5127
vt 0.1043 0.5411
vt 0.0848 0.5411
vt 0.0848 0.5127
vt 0.1043 0.5411
vt 0.0848 0.5127
vt 0.1043 0.5127
vt 0.9031 0.5127
vt 0.8836 0.5127
vt 0.8836 0.4843
vt 0.9031 0.5127
vt 0.8836 0.4843
vt 0.9031 0.4843
vt 0.8836 0.5127
vt 0.8641 0.5127
vt 0.8641 0.4843
vt 0.8836 0.5127
vt 0.8641 0.4843
vt 0.8836 0.4843
vt 0.8641 0.5127
vt 0.8446 0.5127
vt 0.8446 0.4843
vt 0.8641 0.5127
vt 0.8446 0.4843
vt 0.8641 0.4843
vt 0.8446 0.5127
vt 0.8251 0.5127
vt 0.8251 0.4843
vt 0.8446 0.5127
vt 0.8251 0.4843
vt 0.8446 0.4843
vt 0.8251 0.5127
vt 0.8057 0.5127
vt 0.8057 0.4843
vt 0.8251 0.5127
vt 0.8057 0.4843
vt 0.8251 0.4843
vt 0.8057 0.5127
vt 0.7862 0.5127
vt 0.7862 0.4843
vt 0.8057 0.5127
vt 0.7862 0.4843
vt 0.8057 0.4843
vt 0.7862 0.5127
vt 0.7667 0.5127
vt 0.7667 0.4843
vt 0.7862 0.5127
vt 0.7667 0.4843
vt 0.7862 0.4843
vt 0.7667 0.5127
vt 0.7472 0.5127
vt 0.7472 0.4843
vt 0.7667 0.5127
vt 0.7472 0.4843
vt 0.7667 0.4843
vt 0.7472 0.5127
vt 0.7277 0.5127
vt 0.7277 0.4843
vt 0.7472 0.5127
vt 0.7277 0.4843
vt 0.7472 0.4843
vt 0.7277 0.5127
vt 0.7082 0.5127
vt 0.7082 0.4843
vt 0.7277 0.5127
vt 0.7082 0.4843
vt 0.7277 0.4843
vt 0.7082 0.5127
vt 0.6888 0.5127
vt 0.6888 0.4843
vt 0.7082 0.5127
vt 0.6888 0.4843
vt 0.7082 0.4843
vt 0.6888 0.5127
vt 0.6693 0.5127
vt 0.6693 0.4843
vt 0.6888 0.5127
vt 0.6693 0.4843
vt 0.6888 0.4843
vt 0.6693 0.5127
vt 0.6498 0.5127
vt 0.6498 0.4843
vt 0.6693 0.5127
vt 0.6498 0.4843
vt 0.6693 0.4843
vt 0.6498 0.5127
vt 0.6303 0.5127
vt 0.6303 0.4843
vt 0.6498 0.5127
vt 0.6303 0.4843
vt 0.6498 0.4843
vt 0.6303 0.5127
vt 0.6108 0.5127
vt 0.6108 0.4843
vt 0.6303 0.5127
vt 0.6108 0.4843
vt 0.6303 0.4843
vt 0.6108 0.5127
vt 0.5913 0.5127
vt 0.5913 0.4843
vt 0.6108 0.5127
vt 0.5913 0.4843
vt 0.6108 0.4843
vt 0.5913 0.5127
vt 0.5719 0.5127
vt 0.5719 0.4843
vt 0.5913 0.5127
vt 0.5719 0.4843
vt 0.5913 0.4843
vt 0.5719 0.5127
vt 0.5524 0.5127
vt 0.5524 0.4843
vt 0.5719 0.5127
vt 0.5524 0.4843
vt 0.5719 0.4843
vt 0.5524 0.5127
vt 0.5329 0.5127
vt 0.5329 0.4843
vt 0.5524 0.5127
vt 0.5329 0.4843
vt 0.5524 0.4843
vt 0.5329 0.5127
vt 0.5134 0.5127
vt 0.5134 0.4843
vt 0.5329 0.5127
vt 0.5134 0.4843
vt 0.5329 0.4843
vt 0.5134 0.5127
vt 0.4939 0.5127
vt 0.4939 0.4843
vt 0.5134 0.5127
vt 0.4939 0.4843
vt 0.5134 0.4843
vt 0.4939 0.5127
vt 0.4744 0.5127
vt 0.4744 0.4843
vt 0.4939 0.5127
vt 0.4744 0.4843
vt 0.4939 0.4843
vt 0.4744 0.5127
vt 0.455 0.5127
vt 0.455 0.4843
vt 0.4744 0.5127
vt 0.455 0.4843
vt 0.4744 0.4843
vt 0.455 0.5127
vt 0.4355 0.5127
vt 0.4355 0.4843
vt 0.455 0.5127
vt 0.4355 0.4843
vt 0.455 0.4843
vt 0.4355 0.5127
vt 0.416 0.5127
vt 0.416 0.4843
vt 0.4355 0.5127
vt 0.416 0.4843
vt 0.4355 0.4843
vt 0.416 0.5127
vt 0.3965 0.5127
vt 0.3965 0.4843
vt 0.416 0.5127
vt 0.3965 0.4843
vt 0.416 0.4843
vt 0.3965 0.5127
vt 0.377 0.5127
vt 0.377 0.4843
vt 0.3965 0.5127
vt 0.377 0.4843
vt 0.3965 0.4843
vt 0.377 0.5127
vt 0.3575 0.5127
vt 0.3575 0.4843
vt 0.377 0.5127
vt 0.3575 0.4843
vt 0.377 0.4843
vt 0.3575 0.5127
vt 0.3381 0.5127
vt 0.3381 0.4843
vt 0.3575 0.5127
vt 0.3381 0.4843
vt 0.3575 0.4843
vt 0.3381 0.5127
vt 0.3186 0.5127
vt 0.3186 0.4843
vt 0.3381 0.5127
vt 0.3186 0.4843
vt 0.3381 0.4843
vt 0.3186 0.5127
vt 0.2991 0.5127
vt 0.2991 0.4843
vt 0.3186 0.5127
vt 0.2991 0.4843
vt 0.3186 0.4843
vt 0.2991 0.5127
vt 0.2796 0.5127
vt 0.2796 0.4843
vt 0.2991 0.5127
vt 0.2796 0.4843
vt 0.2991 0.4843
vt 0.2796 0.5127
vt 0.2601 0.5127
vt 0.2601 0.4843
vt 0.2796 0.5127
vt 0.2601 0.4843
vt 0.2796 0.4843
vt 0.2601 0.5127
vt 0.2406 0.5127
vt 0.2406 0.4843
vt 0.2601 0.5127
vt 0.2406 0.4843
vt 0.2601 0.4843
vt 0.2406 0.5127
vt 0.2212 0.5127
vt 0.2212 0.4843
vt 0.2406 0.5127
vt 0.2212 0.4843
vt 0.2406 0.4843
vt 0.2212 0.5127
vt 0.2017 0.5127
vt 0.2017 0.4843
vt 0.2212 0.5127
vt 0.2017 0.4843
vt 0.2212 0.4843
vt 0.2017 0.5127
vt 0.1822 0.5127
vt 0.1822 0.4843
vt 0.2017 0.5127
vt 0.1822 0.4843
vt 0.2017 0.4843
vt 0.1822 0.5127
vt 0.1627 0.5127
vt 0.1627 0.4843
vt 0.1822 0.5127
vt 0.1627 0.4843
vt 0.1822 0.4843
vt 0.1627 0.5127
vt 0.1432 0.5127
vt 0.1432 0.4843
vt 0.1627 0.5127
vt 0.1432 0.4843
vt 0.1627 0.4843
vt 0.1432 0.5127
vt 0.1237 0.5127
vt 0.1237 0.4843
vt 0.1432 0.5127
vt 0.1237 0.4843
vt 0.1432 0.4843
vt 0.1237 0.5127
vt 0.1043 0.5127
vt 0.1043 0.4843
vt 0.1237 0.5127
vt 0.1043 0.4843
vt 0.1237 0.4843
vt 0.1043 0.5127
vt 0.0848 0.5127
vt 0.0848 0.4843
vt 0.1043 0.5127
vt 0.0848 0.4843
vt 0.1043 0.4843
vt 0.9031 0.4843
vt 0.8836 0.4843
vt 0.8836 0.456
vt 0.9031 0.4843
vt 0.8836 0.456
vt 0.9031 0.456
vt 0.8836 0.4843
vt 0.8641 0.4843
vt 0.8641 0.456
vt 0.8836 0.4843
vt 0.8641 0.456
vt 0.8836 0.456
vt 0.8641 0.4843
vt 0.8446 0.4843
vt 0.8446 0.456
vt 0.8641 0.4843
vt 0.8446 0.456
vt 0.8641 0.456
vt 0.8446 0.4843
vt 0.8251 0.4843
vt 0.8251 0.456
vt 0.8446 0.4843
vt 0.8251 0.456
vt 0.8446 0.456
vt 0.8251 0.4843
vt 0.8057 0.4843
vt 0.8057 0.456
vt 0.8251 0.4843
vt 0.8057 0.456
vt 0.8251 0.456
vt 0.8057 0.4843
vt 0.7862 0.4843
vt 0.7862 0.456
vt 0.8057 0.4843
vt 0.7862 0.456
vt 0.8057 0.456
vt 0.7862 0.4843
vt 0.7667 0.4843
vt 0.7667 0.456
vt 0.7862 0.4843
vt 0.7667 0.456
vt 0.7862 0.456
vt 0.7667 0.4843
vt 0.7472 0.4843
vt 0.7472 0.456
vt 0.7667 0.4843
vt 0.7472 0.456
vt 0.7667 0.456
vt 0.7472 0.4843
vt 0.7277 0.4843
vt 0.7277 0.456
vt 0.7472 0.4843
vt 0.7277 0.456
vt 0.7472 0.456
vt 0.7277 0.4843
vt 0.7082 0.4843
vt 0.7082 0.456
vt 0.7277 0.4843
vt 0.7082 0.456
vt 0.7277 0.456
vt 0.7082 0.4843
vt 0.6888 0.4843
vt 0.6888 0.456
vt 0.7082 0.4843
vt 0.6888 0.456
vt 0.7082 0.456
vt 0.6888 0.4843
vt 0.6693 0.4843
vt 0.6693 0.456
vt 0.6888 0.4843
vt 0.6693 0.456
vt 0.6888 0.456
vt 0.6693 0.4843
vt 0.6498 0.4843
vt 0.6498 0.456
vt 0.6693 0.4843
vt 0.6498 0.456
vt 0.6693 0.456
vt 0.6498 0.4843
vt 0.6303 0.4843
vt 0.6303 0.456
vt 0.6498 0.4843
vt 0.6303 0.456
vt 0.6498 0.456
vt 0.6303 0.4843
vt 0.6108 0.4843
vt 0.6108 0.456
vt 0.6303 0.4843
vt 0.6108 0.456
vt 0.6303 0.456
vt 0.6108 0.4843
vt 0.5913 0.4843
vt 0.5913 0.456
vt 0.6108 0.4843
vt 0.5913 0.456
vt 0.6108 0.456
vt 0.5913 0.4843
vt 0.5719 0.4843
vt 0.5719 0.456
vt 0.5913 0.4843
vt 0.5719 0.456
vt 0.5913 0.456
vt 0.5719 0.4843
vt 0.5524 0.4843
vt 0.5524 0.456
vt 0.5719 0.4843
vt 0.5524 0.456
vt 0.5719 0.456
vt 0.5524 0.4843
vt 0.5329 0.4843
vt 0.5329 0.456
vt 0.5524 0.4843
vt 0.5329 0.456
vt 0.5524 0.456
vt 0.5329 0.4843
vt 0.5134 0.4843
vt 0.5134 0.456
vt 0.5329 0.4843
vt 0.5134 0.456
vt 0.5329 0.456
vt 0.5134 0.4843
vt 0.4939 0.4843
vt 0.4939 0.456
vt 0.5134 0.4843
vt 0.4939 0.456
vt 0.5134 0.456
vt 0.4939 0.4843
vt 0.4744 0.4843
vt 0.4744 0.456
vt 0.4939 0.4843
vt 0.4744 0.456
vt 0.4939 0.456
vt 0.4744 0.4843
vt 0.455 0.4843
vt 0.455 0.456
vt 0.4744 0.4843
vt 0.455 0.456
vt 0.4744 0.456
vt 0.455 0.4843
vt 0.4355 0.4843
vt 0.4355 0.456
vt 0.455 0.4843
vt 0.4355 0.456
vt 0.455 0.456
vt 0.4355 0.4843
vt 0.416 0.4843
vt 0.416 0.456
vt 0.4355 0.4843
vt 0.416 0.456
vt 0.4355 0.456
vt 0.416 0.4843
vt 0.3965 0.4843
vt 0.3965 0.456
vt 0.416 0.4843
vt 0.3965 0.456
vt 0.416 0.456
vt 0.3965 0.4843
vt 0.377 0.4843
vt 0.377 0.456
vt 0.3965 0.4843
vt 0.377 0.456
vt 0.3965 0.456
vt 0.377 0.4843
vt 0.3575 0.4843
vt 0.3575 0.456
vt 0.377 0.4843
vt 0.3575 0.456
vt 0.377 0.456
vt 0.3575 0.4843
vt 0.3381 0.4843
vt 0.3381 0.456
vt 0.3575 0.4843
vt 0.3381 0.456
vt 0.3575 0.456
vt 0.3381 0.4843
vt 0.3186 0.4843
vt 0.3186 0.456
vt 0.3381 0.4843
vt 0.3186 0.456
vt 0.3381 0.456
vt 0.3186 0.4843
vt 0.2991 0.4843
vt 0.2991 0.456
vt 0.3186 0.4843
vt 0.2991 0.456
vt 0.3186 0.456
vt 0.2991 0.4843
vt 0.2796 0.4843
vt 0.2796 0.456
vt 0.2991 0.4843
vt 0.2796 0.456
vt 0.2991 0.456
vt 0.2796 0.4843
vt 0.2601 0.4843
vt 0.2601 0.456
vt 0.2796 0.4843
vt 0.2601 0.456
vt 0.2796 0.456
vt 0.2601 0.4843
vt 0.2406 0.4843
vt 0.2406 0.456
vt 0.2601 0.4843
vt 0.2406 0.456
vt 0.2601 0.456
vt 0.2406 0.4843
vt 0.2212 0.4843
vt 0.2212 0.456
vt 0.2406 0.4843
vt 0.2212 0.456
vt 0.2406 0.456
vt 0.2212 0.4843
vt 0.2017 0.4843
vt 0.2017 0.456
vt 0.2212 0.4843
vt 0.2017 0.456
vt 0.2212 0.456
vt 0.2017 0.4843
vt 0.1822 0.4843
vt 0.1822 0.456
vt 0.2017 0.4843
vt 0.1822 0.456
vt 0.2017 0.456
vt 0.1822 0.4843
vt 0.1627 0.4843
vt 0.1627 0.456
vt 0.1822 0.4843
vt 0.1627 0.456
vt 0.1822 0.456
vt 0.1627 0.4843
vt 0.1432 0.4843
vt 0.1432 0.456
vt 0.1627 0.4843
vt 0.1432 0.456
vt 0.1627 0.456
vt 0.1432 0.4843
vt 0.1237 0.4843
vt 0.1237 0.456
vt 0.1432 0.4843
vt 0.1237 0.456
vt 0.1432 0.456
vt 0.1237 0.4843
vt 0.1043 0.4843
vt 0.1043 0.456
vt 0.1237 0.4843
vt 0.1043 0.456
vt 0.1237 0.456
vt 0.1043 0.4843
vt 0.0848 0.4843
vt 0.0848 0.456
vt 0.1043 0.4843
vt 0.0848 0.456
vt 0.1043 0.456
vt 0.9031 0.456
vt 0.8836 0.456
vt 0.8836 0.4276
vt 0.9031 0.456
vt 0.8836 0.4276
vt 0.9031 0.4276
vt 0.8836 0.456
vt 0.8641 0.456
vt 0.8641 0.4276
vt 0.8836 0.456
vt 0.8641 0.4276
vt 0.8836 0.4276
vt 0.8641 0.456
vt 0.8446 0.456
vt 0.8446 0.4276
vt 0.8641 0.456
vt 0.8446 0.4276
vt 0.8641 0.4276
vt 0.8446 0.456
vt 0.8251 0.456
vt 0.8251 0.4276
vt 0.8446 0.456
vt 0.8251 0.4276
vt 0.8446 0.4276
vt 0.8251 0.456
vt 0.8057 0.456
vt 0.8057 0.4276
vt 0.8251 0.456
vt 0.8057 0.4276
vt 0.8251 0.4276
vt 0.8057 0.456
vt 0.7862 0.456
vt 0.7862 0.4276
vt 0.8057 0.456
vt 0.7862 0.4276
vt 0.8057 0.4276
vt 0.7862 0.456
vt 0.7667 0.456
vt 0.7667 0.4276
vt 0.7862 0.456
vt 0.7667 0.4276
vt 0.7862 0.4276
vt 0.7667 0.456
vt 0.7472 0.456
vt 0.7472 0.4276
vt 0.7667 0.456
vt 0.7472 0.4276
vt 0.7667 0.4276
vt 0.7472 0.456
vt 0.7277 0.456
vt 0.7277 0.4276
vt 0.7472 0.456
vt 0.7277 0.4276
vt 0.7472 0.4276
vt 0.7277 0.456
vt 0.7082 0.456
vt 0.7082 0.4276
vt 0.7277 0.456
vt 0.7082 0.4276
vt 0.7277 0.4276
vt 0.7082 0.456
vt 0.6888 0.456
vt 0.6888 0.4276
vt 0.7082 0.456
vt 0.6888 0.4276
vt 0.7082 0.4276
vt 0.6888 0.456
vt 0.6693 0.456
vt 0.6693 0.4276
vt 0.6888 0.456
vt 0.6693 0.4276
vt 0.6888 0.4276
vt 0.6693 0.456
vt 0.6498 0.456
vt 0.6498 0.4276
vt 0.6693 0.456
vt 0.6498 0.4276
vt 0.6693 0.4276
vt 0.6498 0.456
vt 0.6303 0.456
vt 0.6303 0.4276
vt 0.6498 0.456
vt 0.6303 0.4276
vt 0.6498 0.4276
vt 0.6303 0.456
vt 0.6108 0.456
vt 0.6108 0.4276
vt 0.6303 0.456
vt 0.6108 0.4276
vt 0.6303 0.4276
vt 0.6108 0.456
vt 0.5913 0.456
vt 0.5913 0.4276
vt 0.6108 0.456
vt 0.5913 0.4276
vt 0.6108 0.4276
vt 0.5913 0.456
vt 0.5719 0.456
vt 0.5719 0.4276
vt 0.5913 0.456
vt 0.5719 0.4276
vt 0.5913 0.4276
vt 0.5719 0.456
vt 0.5524 0.456
vt 0.5524 0.4276
vt 0.5719 0.456
vt 0.5524 0.4276
vt 0.5719 0.4276
vt 0.5524 0.456
vt 0.5329 0.456
vt 0.5329 0.4276
vt 0.5524 0.456
vt 0.5329 0.4276
vt 0.5524 0.4276
vt 0.5329 0.456
vt 0.5134 0.456
vt 0.5134 0.4276
vt 0.5329 0.456
vt 0.5134 0.4276
vt 0.5329 0.4276
vt 0.5134 0.456
vt 0.4939 0.456
vt 0.4939 0.4276
vt 0.5134 0.456
vt 0.4939 0.4276
vt 0.5134 0.4276
vt 0.4939 0.456
vt 0.4744 0.456
vt 0.4744 0.4276
vt 0.4939 0.456
vt 0.4744 0.4276
vt 0.4939 0.4276
vt 0.4744 0.456
vt 0.455 0.456
vt 0.455 0.4276
vt 0.4744 0.456
vt 0.455 0.4276
vt 0.4744 0.4276
vt 0.455 0.456
vt 0.4355 0.456
vt 0.4355 0.4276
vt 0.455 0.456
vt 0.4355 0.4276
vt 0.455 0.4276
vt 0.4355 0.456
vt 0.416 0.456
vt 0.416 0.4276
vt 0.4355 0.456
vt 0.416 0.4276
vt 0.4355 0.4276
vt 0.416 0.456
vt 0.3965 0.456
vt 0.3965 0.4276
vt 0.416 0.456
vt 0.3965 0.4276
vt 0.416 0.4276
vt 0.3965 0.456
vt 0.377 0.456
vt 0.377 0.4276
vt 0.3965 0.456
vt 0.377 0.4276
vt 0.3965 0.4276
vt 0.377 0.456
vt 0.3575 0.456
vt 0.3575 0.4276
vt 0.377 0.456
vt 0.3575 0.4276
vt 0.377 0.4276
vt 0.3575 0.456
vt 0.3381 0.456
vt 0.3381 0.4276
vt 0.3575 0.456
vt 0.3381 0.4276
vt 0.3575 0.4276
vt 0.3381 0.456
vt 0.3186 0.456
vt 0.3186 0.4276
vt 0.3381 0.456
vt 0.3186 0.4276
vt 0.3381 0.4276
vt 0.3186 0.456
vt 0.2991 0.456
vt 0.2991 0.4276
vt 0.3186 0.456
vt 0.2991 0.4276
vt 0.3186 0.4276
vt 0.2991 0.456
vt 0.2796 0.456
vt 0.2796 0.4276
vt 0.2991 0.456
vt 0.2796 0.4276
vt 0.2991 0.4276
vt 0.2796 0.456
vt 0.2601 0.456
vt 0.2601 0.4276
vt 0.2796 0.456
vt 0.2601 0.4276
vt 0.2796 0.4276
vt 0.2601 0.456
vt 0.2406 0.456
vt 0.2406 0.4276
vt 0.2601 0.456
vt 0.2406 0.4276
vt 0.2601 0.4276
vt 0.2406 0.456
vt 0.2212 0.456
vt 0.2212 0.4276
vt 0.2406 0.456
vt 0.2212 0.4276
vt 0.2406 0.4276
vt 0.2212 0.456
vt 0.2017 0.456
vt 0.2017 0.4276
vt 0.2212 0.456
vt 0.2017 0.4276
vt 0.2212 0.4276
vt 0.2017 0.456
vt 0.1822 0.456
vt 0.1822 0.4276
vt 0.2017 0.456
vt 0.1822 0.4276
vt 0.2017 0.4276
vt 0.1822 0.456
vt 0.1627 0.456
vt 0.1627 0.4276
vt 0.1822 0.456
vt 0.1627 0.4276
vt 0.1822 0.4276
vt 0.1627 0.456
vt 0.1432 0.456
vt 0.1432 0.4276
vt 0.1627 0.456
vt 0.1432 0.4276
vt 0.1627 0.4276
vt 0.1432 0.456
vt 0.1237 0.456
vt 0.1237 0.4276
vt 0.1432 0.456
vt 0.1237 0.4276
vt 0.1432 0.4276
vt 0.1237 0.456
vt 0.1043 0.456
vt 0.1043 0.4276
vt 0.1237 0.456
vt 0.1043 0.4276
vt 0.1237 0.4276
vt 0.1043 0.456
vt 0.0848 0.456
vt 0.0848 0.4276
vt 0.1043 0.456
vt 0.0848 0.4276
vt 0.1043 0.4276
vt 0.9031 0.4276
vt 0.8836 0.4276
vt 0.8836 0.3993
vt 0.9031 0.4276
vt 0.8836 0.3993
vt 0.9031 0.3993
vt 0.8836 0.4276
vt 0.8641 0.4276
vt 0.8641 0.3993
vt 0.8836 0.4276
vt 0.8641 0.3993
vt 0.8836 0.3993
vt 0.8641 0.4276
vt 0.8446 0.4276
vt 0.8446 0.3993
vt 0.8641 0.4276
vt 0.8446 0.3993
vt 0.8641 0.3993
vt 0.8446 0.4276
vt 0.8251 0.4276
vt 0.8251 0.3993
vt 0.8446 0.4276
vt 0.8251 0.3993
vt 0.8446 0.3993
vt 0.8251 0.4276
vt 0.8057 0.4276
vt 0.8057 0.3993
vt 0.8251 0.4276
vt 0.8057 0.3993
vt 0.8251 0.3993
vt 0.8057 0.4276
vt 0.7862 0.4276
vt 0.7862 0.3993
vt 0.8057 0.4276
vt 0.7862 0.3993
vt 0.8057 0.3993
vt 0.7862 0.4276
vt 0.7667 0.4276
vt 0.7667 0.3993
vt 0.7862 0.4276
vt 0.7667 0.3993
vt 0.7862 0.3993
vt 0.7667 0.4276
vt 0.7472 0.4276
vt 0.7472 0.3993
vt 0.7667 0.4276
vt 0.7472 0.3993
vt 0.7667 0.3993
vt 0.7472 0.4276
vt 0.7277 0.4276
vt 0.7277 0.3993
vt 0.7472 0.4276
vt 0.7277 0.3993
vt 0.7472 0.3993
vt 0.7277 0.4276
vt 0.7082 0.4276
vt 0.7082 0.3993
vt 0.7277 0.4276
vt 0.7082 0.3993
vt 0.7277 0.3993
vt 0.7082 0.4276
vt 0.6888 0.4276
vt 0.6888 0.3993
vt 0.7082 0.4276
vt 0.6888 0.3993
vt 0.7082 0.3993
vt 0.6888 0.4276
vt 0.6693 0.4276
vt 0.6693 0.3993
vt 0.6888 0.4276
vt 0.6693 0.3993
vt 0.6888 0.3993
vt 0.6693 0.4276
vt 0.6498 0.4276
vt 0.6498 0.3993
vt 0.6693 0.4276
vt 0.6498 0.3993
vt 0.6693 0.3993
vt 0.6498 0.4276
vt 0.6303 0.4276
vt 0.6303 0.3993
vt 0.6498 0.4276
vt 0.6303 0.3993
vt 0.6498 0.3993
vt 0.6303 0.4276
vt 0.6108 0.4276
vt 0.6108 0.3993
vt 0.6303 0.4276
vt 0.6108 0.3993
vt 0.6303 0.3993
vt 0.6108 0.4276
vt 0.5913 0.4276
vt 0.5913 0.3993
vt 0.6108 0.4276
vt 0.5913 0.3993
vt 0.6108 0.3993
vt 0.5913 0.4276
vt 0.5719 0.4276
vt 0.5719 0.3993
vt 0.5913 0.4276
vt 0.5719 0.3993
vt 0.5913 0.3993
vt 0.5719 0.4276
vt 0.5524 0.4276
vt 0.5524 0.3993
vt 0.5719 0.4276
vt 0.5524 0.3993
vt 0.5719 0.3993
vt 0.5524 0.4276
vt 0.5329 0.4276
vt 0.5329 0.3993
vt 0.5524 0.4276
vt 0.5329 0.3993
vt 0.5524 0.3993
vt 0.5329 0.4276
vt 0.5134 0.4276
vt 0.5134 0.3993
vt 0.5329 0.4276
vt 0.5134 0.3993
vt 0.5329 0.3993
vt 0.5134 0.4276
vt 0.4939 0.4276
vt 0.4939 0.3993
vt 0.5134 0.4276
vt 0.4939 0.3993
vt 0.5134 0.3993
vt 0.4939 0.4276
vt 0.4744 0.4276
vt 0.4744 0.3993
vt 0.4939 0.4276
vt 0.4744 0.3993
vt 0.4939 0.3993
vt 0.4744 0.4276
vt 0.455 0.4276
vt 0.455 0.3993
vt 0.4744 0.4276
vt 0.455 0.3993
vt 0.4744 0.3993
vt 0.455 0.4276
vt 0.4355 0.4276
vt 0.4355 0.3993
vt 0.455 0.4276
vt 0.4355 0.3993
vt 0.455 0.3993
vt 0.4355 0.4276
vt 0.416 0.4276
vt 0.416 0.3993
vt 0.4355 0.4276
vt 0.416 0.3993
vt 0.4355 0.3993
vt 0.416 0.4276
vt 0.3965 0.4276
vt 0.3965 0.3993
vt 0.416 0.4276
vt 0.3965 0.3993
vt 0.416 0.3993
vt 0.3965 0.4276
vt 0.377 0.4276
vt 0.377 0.3993
vt 0.3965 0.4276
vt 0.377 0.3993
vt 0.3965 0.3993
vt 0.377 0.4276
vt 0.3575 0.4276
vt 0.3575 0.3993
vt 0.377 0.4276
vt 0.3575 0.3993
vt 0.377 0.3993
vt 0.3575 0.4276
vt 0.3381 0.4276
vt 0.3381 0.3993
vt 0.3575 0.4276
vt 0.3381 0.3993
vt 0.3575 0.3993
vt 0.3381 0.4276
vt 0.3186 0.4276
vt 0.3186 0.3993
vt 0.3381 0.4276
vt 0.3186 0.3993
vt 0.3381 0.3993
vt 0.3186 0.4276
vt 0.2991 0.4276
vt 0.2991 0.3993
vt 0.3186 0.4276
vt 0.2991 0.3993
vt 0.3186 0.3993
vt 0.2991 0.4276
vt 0.2796 0.4276
vt 0.2796 0.3993
vt 0.2991 0.4276
vt 0.2796 0.3993
vt 0.2991 0.3993
vt 0.2796 0.4276
vt 0.2601 0.4276
vt 0.2601 0.3993
vt 0.2796 0.4276
vt 0.2601 0.3993
vt 0.2796 0.3993
vt 0.2601 0.4276
vt 0.2406 0.4276
vt 0.2406 0.3993
vt 0.2601 0.4276
vt 0.2406 0.3993
vt 0.2601 0.3993
vt 0.2406 0.4276
vt 0.2212 0.4276
vt 0.2212 0.3993
vt 0.2406 0.4276
vt 0.2212 0.3993
vt 0.2406 0.3993
vt 0.2212 0.4276
vt 0.2017 0.4276
vt 0.2017 0.3993
vt 0.2212 0.4276
vt 0.2017 0.3993
vt 0.2212 0.3993
vt 0.2017 0.4276
vt 0.1822 0.4276
vt 0.1822 0.3993
vt 0.2017 0.4276
vt 0.1822 0.3993
vt 0.2017 0.3993
vt 0.1822 0.4276
vt 0.1627 0.4276
vt 0.1627 0.3993
vt 0.1822 0.4276
vt 0.1627 0.3993
vt 0.1822 0.3993
vt 0.1627 0.4276
vt 0.1432 0.4276
vt 0.1432 0.3993
vt 0.1627 0.4276
vt 0.1432 0.3993
vt 0.1627 0.3993
vt 0.1432 0.4276
vt 0.1237 0.4276
vt 0.1237 0.3993
vt 0.1432 0.4276
vt 0.1237 0.3993
vt 0.1432 0.3993
vt 0.1237 0.4276
vt 0.1043 0.4276
vt 0.1043 0.3993
vt 0.1237 0.4276
vt 0.1043 0.3993
vt 0.1237 0.3993
vt 0.1043 0.4276
vt 0.0848 0.4276
vt 0.0848 0.3993
vt 0.1043 0.4276
vt 0.0848 0.3993
vt 0.1043 0.3993
vt 0.9031 0.3993
vt 0.8836 0.3993
vt 0.8836 0.3709
vt 0.9031 0.3993
vt 0.8836 0.3709
vt 0.9031 0.3709
vt 0.8836 0.3993
vt 0.8641 0.3993
vt 0.8641 0.3709
vt 0.8836 0.3993
vt 0.8641 0.3709
vt 0.8836 0.3709
vt 0.8641 0.3993
vt 0.8446 0.3993
vt 0.8446 0.3709
vt 0.8641 0.3993
vt 0.8446 0.3709
vt 0.8641 0.3709
vt 0.8446 0.3993
vt 0.8251 0.3993
vt 0.8251 0.3709
vt 0.8446 0.3993
vt 0.8251 0.3709
vt 0.8446 0.3709
vt 0.8251 0.3993
vt 0.8057 0.3993
vt 0.8057 0.3709
vt 0.8251 0.3993
vt 0.8057 0.3709
vt 0.8251 0.3709
vt 0.8057 0.3993
vt 0.7862 0.3993
vt 0.7862 0.3709
vt 0.8057 0.3993
vt 0.7862 0.3709
vt 0.8057 0.3709
vt 0.7862 0.3993
vt 0.7667 0.3993
vt 0.7667 0.3709
vt 0.7862 0.3993
vt 0.7667 0.3709
vt 0.7862 0.3709
vt 0.7667 0.3993
vt 0.7472 0.3993
vt 0.7472 0.3709
vt 0.7667 0.3993
vt 0.7472 0.3709
vt 0.7667 0.3709
vt 0.7472 0.3993
vt 0.7277 0.3993
vt 0.7277 0.3709
vt 0.7472 0.3993
vt 0.7277 0.3709
vt 0.7472 0.3709
vt 0.7277 0.3993
vt 0.7082 0.3993
vt 0.7082 0.3709
vt 0.7277 0.3993
vt 0.7082 0.3709
vt 0.7277 0.3709
vt 0.7082 0.3993
vt 0.6888 0.3993
vt 0.6888 0.3709
vt 0.7082 0.3993
vt 0.6888 0.3709
vt 0.7082 0.3709
vt 0.6888 0.3993
vt 0.6693 0.3993
vt 0.6693 0.3709
vt 0.6888 0.3993
vt 0.6693 0.3709
vt 0.6888 0.3709
vt 0.6693 0.3993
vt 0.6498 0.3993
vt 0.6498 0.3709
vt 0.6693 0.3993
vt 0.6498 0.3709
vt 0.6693 0.3709
vt 0.6498 0.3993
vt 0.6303 0.3993
vt 0.6303 0.3709
vt 0.6498 0.3993
vt 0.6303 0.3709
vt 0.6498 0.3709
vt 0.6303 0.3993
vt 0.6108 0.3993
vt 0.6108 0.3709
vt 0.6303 0.3993
vt 0.6108 0.3709
vt 0.6303 0.3709
vt 0.6108 0.3993
vt 0.5913 0.3993
vt 0.5913 0.3709
vt 0.6108 0.3993
vt 0.5913 0.3709
vt 0.6108 0.3709
vt 0.5913 0.3993
vt 0.5719 0.3993
vt 0.5719 0.3709
vt 0.5913 0.3993
vt 0.5719 0.3709
vt 0.5913 0.3709
vt 0.5719 0.3993
vt 0.5524 0.3993
vt 0.5524 0.3709
vt 0.5719 0.3993
vt 0.5524 0.3709
vt 0.5719 0.3709
vt 0.5524 0.3993
vt 0.5329 0.3993
vt 0.5329 0.3709
vt 0.5524 0.3993
vt 0.5329 0.3709
vt 0.5524 0.3709
vt 0.5329 0.3993
vt 0.5134 0.3993
vt 0.5134 0.3709
vt 0.5329 0.3993
vt 0.5134 0.3709
vt 0.5329 0.3709
vt 0.5134 0.3993
vt 0.4939 0.3993
vt 0.4939 0.3709
vt 0.5134 0.3993
vt 0.4939 0.3709
vt 0.5134 0.3709
vt 0.4939 0.3993
vt 0.4744 0.3993
vt 0.4744 0.3709
vt 0.4939 0.3993
vt 0.4744 0.3709
vt 0.4939 0.3709
vt 0.4744 0.3993
vt 0.455 0.3993
vt 0.455 0.3709
vt 0.4744 0.3993
vt 0.455 0.3709
vt 0.4744 0.3709
vt 0.455 0.3993
vt 0.4355 0.3993
vt 0.4355 0.3709
vt 0.455 0.3993
vt 0.4355 0.3709
vt 0.455 0.3709
vt 0.4355 0.3993
vt 0.416 0.3993
vt 0.416 0.3709
vt 0.4355 0.3993
vt 0.416 0.3709
vt 0.4355 0.3709
vt 0.416 0.3993
vt 0.3965 0.3993
vt 0.3965 0.3709
vt 0.416 0.3993
vt 0.3965 0.3709
vt 0.416 0.3709
vt 0.3965 0.3993
vt 0.377 0.3993
vt 0.377 0.3709
vt 0.3965 0.3993
vt 0.377 0.3709
vt 0.3965 0.3709
vt 0.377 0.3993
vt 0.3575 0.3993
vt 0.3575 0.3709
vt 0.377 0.3993
vt 0.3575 0.3709
vt 0.377 0.3709
vt 0.3575 0.3993
vt 0.3381 0.3993
vt 0.3381 0.3709
vt 0.3575 0.3993
vt 0.3381 0.3709
vt 0.3575 0.3709
vt 0.3381 0.3993
vt 0.3186 0.3993
vt 0.3186 0.3709
vt 0.3381 0.3993
vt 0.3186 0.3709
vt 0.3381 0.3709
vt 0.3186 0.3993
vt 0.2991 0.3993
vt 0.2991 0.3709
vt 0.3186 0.3993
vt 0.2991 0.3709
vt 0.3186 0.3709
vt 0.2991 0.3993
vt 0.2796 0.3993
vt 0.2796 0.3709
vt 0.2991 0.3993
vt 0.2796 0.3709
vt 0.2991 0.3709
vt 0.2796 0.3993
vt 0.2601 0.3993
vt 0.2601 0.3709
vt 0.2796 0.3993
vt 0.2601 0.3709
vt 0.2796 0.3709
vt 0.2601 0.3993
vt 0.2406 0.3993
vt 0.2406 0.3709
vt 0.2601 0.3993
vt 0.2406 0.3709
vt 0.2601 0.3709
vt 0.2406 0.3993
vt 0.2212 0.3993
vt 0.2212 0.3709
vt 0.2406 0.3993
vt 0.2212 0.3709
vt 0.2406 0.3709
vt 0.2212 0.3993
vt 0.2017 0.3993
vt 0.2017 0.3709
vt 0.2212 0.3993
vt 0.2017 0.3709
vt 0.2212 0.3709
vt 0.2017 0.3993
vt 0.1822 0.3993
vt 0.1822 0.3709
vt 0.2017 0.3993
vt 0.1822 0.3709
vt 0.2017 0.3709
vt 0.1822 0.3993
vt 0.1627 0.3993
vt 0.1627 0.3709
vt 0.1822 0.3993
vt 0.1627 0.3709
vt 0.1822 0.3709
vt 0.1627 0.3993
vt 0.1432 0.3993
vt 0.1432 0.3709
vt 0.1627 0.3993
vt 0.1432 0.3709
vt 0.1627 0.3709
vt 0.1432 0.3993
vt 0.1237 0.3993
vt 0.1237 0.3709
vt 0.1432 0.3993
vt 0.1237 0.3709
vt 0.1432 0.3709
vt 0.1237 0.3993
vt 0.1043 0.3993
vt 0.1043 0.3709
vt 0.1237 0.3993
vt 0.1043 0.3709
vt 0.1237 0.3709
vt 0.1043 0.3993
vt 0.0848 0.3993
vt 0.0848 0.3709
vt 0.1043 0.3993
vt 0.0848 0.3709
vt 0.1043 0.3709
vt 0.9031 0.3709
vt 0.8836 0.3709
vt 0.8836 0.3425
vt 0.9031 0.3709
vt 0.8836 0.3425
vt 0.9031 0.3425
vt 0.8836 0.3709
vt 0.8641 0.3709
vt 0.8641 0.3425
vt 0.8836 0.3709
vt 0.8641 0.3425
vt 0.8836 0.3425
vt 0.8641 0.3709
vt 0.8446 0.3709
vt 0.8446 0.3425
vt 0.8641 0.3709
vt 0.8446 0.3425
vt 0.8641 0.3425
vt 0.8446 0.3709
vt 0.8251 0.3709
vt 0.8251 0.3425
vt 0.8446 0.3709
vt 0.8251 0.3425
vt 0.8446 0.3425
vt 0.8251 0.3709
vt 0.8057 0.3709
vt 0.8057 0.3425
vt 0.8251 0.3709
vt 0.8057 0.3425
vt 0.8251 0.3425
vt 0.8057 0.3709
vt 0.7862 0.3709
vt 0.7862 0.3425
vt 0.8057 0.3709
vt 0.7862 0.3425
vt 0.8057 0.3425
vt 0.7862 0.3709
vt 0.7667 0.3709
vt 0.7667 0.3425
vt 0.7862 0.3709
vt 0.7667 0.3425
vt 0.7862 0.3425
vt 0.7667 0.3709
vt 0.7472 0.3709
vt 0.7472 0.3425
vt 0.7667 0.3709
vt 0.7472 0.3425
vt 0.7667 0.3425
vt 0.7472 0.3709
vt 0.7277 0.3709
vt 0.7277 0.3425
vt 0.7472 0.3709
vt 0.7277 0.3425
vt 0.7472 0.3425
vt 0.7277 0.3709
vt 0.7082 0.3709
vt 0.7082 0.3425
vt 0.7277 0.3709
vt 0.7082 0.3425
vt 0.7277 0.3425
vt 0.7082 0.3709
vt 0.6888 0.3709
vt 0.6888 0.3425
vt 0.7082 0.3709
vt 0.6888 0.3425
vt 0.7082 0.3425
vt 0.6888 0.3709
vt 0.6693 0.3709
vt 0.6693 0.3425
vt 0.6888 0.3709
vt 0.6693 0.3425
vt 0.6888 0.3425
vt 0.6693 0.3709
vt 0.6498 0.3709
vt 0.6498 0.3425
vt 0.6693 0.3709
vt 0.6498 0.3425
vt 0.6693 0.3425
vt 0.6498 0.3709
vt 0.6303 0.3709
vt 0.6303 0.3425
vt 0.6498 0.3709
vt 0.6303 0.3425
vt 0.6498 0.3425
vt 0.6303 0.3709
vt 0.6108 0.3709
vt 0.6108 0.3425
vt 0.6303 0.3709
vt 0.6108 0.3425
vt 0.6303 0.3425
vt 0.6108 0.3709
vt 0.5913 0.3709
vt 0.5913 0.3425
vt 0.6108 0.3709
vt 0.5913 0.3425
vt 0.6108 0.3425
vt 0.5913 0.3709
vt 0.5719 0.3709
vt 0.5719 0.3425
vt 0.5913 0.3709
vt 0.5719 0.3425
vt 0.5913 0.3425
vt 0.5719 0.3709
vt 0.5524 0.3709
vt 0.5524 0.3425
vt 0.5719 0.3709
vt 0.5524 0.3425
vt 0.5719 0.3425
vt 0.5524 0.3709
vt 0.5329 0.3709
vt 0.5329 0.3425
vt 0.5524 0.3709
vt 0.5329 0.3425
vt 0.5524 0.3425
vt 0.5329 0.3709
vt 0.5134 0.3709
vt 0.5134 0.3425
vt 0.5329 0.3709
vt 0.5134 0.3425
vt 0.5329 0.3425
vt 0.5134 0.3709
vt 0.4939 0.3709
vt 0.4939 0.3425
vt 0.5134 0.3709
vt 0.4939 0.3425
vt 0.5134 0.3425
vt 0.4939 0.3709
vt 0.4744 0.3709
vt 0.4744 0.3425
vt 0.4939 0.3709
vt 0.4744 0.3425
vt 0.4939 0.3425
vt 0.4744 0.3709
vt 0.455 0.3709
vt 0.455 0.3425
vt 0.4744 0.3709
vt 0.455 0.3425
vt 0.4744 0.3425
vt 0.455 0.3709
vt 0.4355 0.3709
vt 0.4355 0.3425
vt 0.455 0.3709
vt 0.4355 0.3425
vt 0.455 0.3425
vt 0.4355 0.3709
vt 0.416 0.3709
vt 0.416 0.3425
vt 0.4355 0.3709
vt 0.416 0.3425
vt 0.4355 0.3425
vt 0.416 0.3709
vt 0.3965 0.3709
vt 0.3965 0.3425
vt 0.416 0.3709
vt 0.3965 0.3425
vt 0.416 0.3425
vt 0.3965 0.3709
vt 0.377 0.3709
vt 0.377 0.3425
vt 0.3965 0.3709
vt 0.377 0.3425
vt 0.3965 0.3425
vt 0.377 0.3709
vt 0.3575 0.3709
vt 0.3575 0.3425
vt 0.377 0.3709
vt 0.3575 0.3425
vt 0.377 0.3425
vt 0.3575 0.3709
vt 0.3381 0.3709
vt 0.3381 0.3425
vt 0.3575 0.3709
vt 0.3381 0.3425
vt 0.3575 0.3425
vt 0.3381 0.3709
vt 0.3186 0.3709
vt 0.3186 0.3425
vt 0.3381 0.3709
vt 0.3186 0.3425
vt 0.3381 0.3425
vt 0.3186 0.3709
vt 0.2991 0.3709
vt 0.2991 0.3425
vt 0.3186 0.3709
vt 0.2991 0.3425
vt 0.3186 0.3425
vt 0.2991 0.3709
vt 0.2796 0.3709
vt 0.2796 0.3425
vt 0.2991 0.3709
vt 0.2796 0.3425
vt 0.2991 0.3425
vt 0.2796 0.3709
vt 0.2601 0.3709
vt 0.2601 0.3425
vt 0.2796 0.3709
vt 0.2601 0.3425
vt 0.2796 0.3425
vt 0.2601 0.3709
vt 0.2406 0.3709
vt 0.2406 0.3425
vt 0.2601 0.3709
vt 0.2406 0.3425
vt 0.2601 0.3425
vt 0.2406 0.3709
vt 0.2212 0.3709
vt 0.2212 0.3425
vt 0.2406 0.3709
vt 0.2212 0.3425
vt 0.2406 0.3425
vt 0.2212 0.3709
vt 0.2017 0.3709
vt 0.2017 0.3425
vt 0.2212 0.3709
vt 0.2017 0.3425
vt 0.2212 0.3425
vt 0.2017 0.3709
vt 0.1822 0.3709
vt 0.1822 0.3425
vt 0.2017 0.3709
vt 0.1822 0.3425
vt 0.2017 0.3425
vt 0.1822 0.3709
vt 0.1627 0.3709
vt 0.1627 0.3425
vt 0.1822 0.3709
vt 0.1627 0.3425
vt 0.1822 0.3425
vt 0.1627 0.3709
vt 0.1432 0.3709
vt 0.1432 0.3425
vt 0.1627 0.3709
vt 0.1432 0.3425
vt 0.1627 0.3425
vt 0.1432 0.3709
vt 0.1237 0.3709
vt 0.1237 0.3425
vt 0.1432 0.3709
vt 0.1237 0.3425
vt 0.1432 0.3425
vt 0.1237 0.3709
vt 0.1043 0.3709
vt 0.1043 0.3425
vt 0.1237 0.3709
vt 0.1043 0.3425
vt 0.1237 0.3425
vt 0.1043 0.3709
vt 0.0848 0.3709
vt 0.0848 0.3425
vt 0.1043 0.3709
vt 0.0848 0.3425
vt 0.1043 0.3425
vt 0.9031 0.3425
vt 0.8836 0.3425
vt 0.8836 0.3142
vt 0.9031 0.3425
vt 0.8836 0.3142
vt 0.9031 0.3142
vt 0.8836 0.3425
vt 0.8641 0.3425
vt 0.8641 0.3142
vt 0.8836 0.3425
vt 0.8641 0.3142
vt 0.8836 0.3142
vt 0.8641 0.3425
vt 0.8446 0.3425
vt 0.8446 0.3142
vt 0.8641 0.3425
vt 0.8446 0.3142
vt 0.8641 0.3142
vt 0.8446 0.3425
vt 0.8251 0.3425
vt 0.8251 0.3142
vt 0.8446 0.3425
vt 0.8251 0.3142
vt 0.8446 0.3142
vt 0.8251 0.3425
vt 0.8057 0.3425
vt 0.8057 0.3142
vt 0.8251 0.3425
vt 0.8057 0.3142
vt 0.8251 0.3142
vt 0.8057 0.3425
vt 0.7862 0.3425
vt 0.7862 0.3142
vt 0.8057 0.3425
vt 0.7862 0.3142
vt 0.8057 0.3142
vt 0.7862 0.3425
vt 0.7667 0.3425
vt 0.7667 0.3142
vt 0.7862 0.3425
vt 0.7667 0.3142
vt 0.7862 0.3142
vt 0.7667 0.3425
vt 0.7472 0.3425
vt 0.7472 0.3142
vt 0.7667 0.3425
vt 0.7472 0.3142
vt 0.7667 0.3142
vt 0.7472 0.3425
vt 0.7277 0.3425
vt 0.7277 0.3142
vt 0.7472 0.3425
vt 0.7277 0.3142
vt 0.7472 0.3142
vt 0.7277 0.3425
vt 0.7082 0.3425
vt 0.7082 0.3142
vt 0.7277 0.3425
vt 0.7082 0.3142
vt 0.7277 0.3142
vt 0.7082 0.3425
vt 0.6888 0.3425
vt 0.6888 0.3142
vt 0.7082 0.3425
vt 0.6888 0.3142
vt 0.7082 0.3142
vt 0.6888 0.3425
vt 0.6693 0.3425
vt 0.6693 0.3142
vt 0.6888 0.3425
vt 0.6693 0.3142
vt 0.6888 0.3142
vt 0.6693 0.3425
vt 0.6498 0.3425
vt 0.6498 0.3142
vt 0.6693 0.3425
vt 0.6498 0.3142
vt 0.6693 0.3142
vt 0.6498 0.3425
vt 0.6303 0.3425
vt 0.6303 0.3142
vt 0.6498 0.3425
vt 0.6303 0.3142
vt 0.6498 0.3142
vt 0.6303 0.3425
vt 0.6108 0.3425
vt 0.6108 0.3142
vt 0.6303 0.3425
vt 0.6108 0.3142
vt 0.6303 0.3142
vt 0.6108 0.3425
vt 0.5913 0.3425
vt 0.5913 0.3142
vt 0.6108 0.3425
vt 0.5913 0.3142
vt 0.6108 0.3142
vt 0.5913 0.3425
vt 0.5719 0.3425
vt 0.5719 0.3142
vt 0.5913 0.3425
vt 0.5719 0.3142
vt 0.5913 0.3142
vt 0.5719 0.3425
vt 0.5524 0.3425
vt 0.5524 0.3142
vt 0.5719 0.3425
vt 0.5524 0.3142
vt 0.5719 0.3142
vt 0.5524 0.3425
vt 0.5329 0.3425
vt 0.5329 0.3142
vt 0.5524 0.3425
vt 0.5329 0.3142
vt 0.5524 0.3142
vt 0.5329 0.3425
vt 0.5134 0.3425
vt 0.5134 0.3142
vt 0.5329 0.3425
vt 0.5134 0.3142
vt 0.5329 0.3142
vt 0.5134 0.3425
vt 0.4939 0.3425
vt 0.4939 0.3142
vt 0.5134 0.3425
vt 0.4939 0.3142
vt 0.5134 0.3142
vt 0.4939 0.3425
vt 0.4744 0.3425
vt 0.4744 0.3142
vt 0.4939 0.3425
vt 0.4744 0.3142
vt 0.4939 0.3142
vt 0.4744 0.3425
vt 0.455 0.3425
vt 0.455 0.3142
vt 0.4744 0.3425
vt 0.455 0.3142
vt 0.4744 0.3142
vt 0.455 0.3425
vt 0.4355 0.3425
vt 0.4355 0.3142
vt 0.455 0.3425
vt 0.4355 0.3142
vt 0.455 0.3142
vt 0.4355 0.3425
vt 0.416 0.3425
vt 0.416 0.3142
vt 0.4355 0.3425
vt 0.416 0.3142
vt 0.4355 0.3142
vt 0.416 0.3425
vt 0.3965 0.3425
vt 0.3965 0.3142
vt 0.416 0.3425
vt 0.3965 0.3142
vt 0.416 0.3142
vt 0.3965 0.3425
vt 0.377 0.3425
vt 0.377 0.3142
vt 0.3965 0.3425
vt 0.377 0.3142
vt 0.3965 0.3142
vt 0.377 0.3425
vt 0.3575 0.3425
vt 0.3575 0.3142
vt 0.377 0.3425
vt 0.3575 0.3142
vt 0.377 0.3142
vt 0.3575 0.3425
vt 0.3381 0.3425
vt 0.3381 0.3142
vt 0.3575 0.3425
vt 0.3381 0.3142
vt 0.3575 0.3142
vt 0.3381 0.3425
vt 0.3186 0.3425
vt 0.3186 0.3142
vt 0.3381 0.3425
vt 0.3186 0.3142
vt 0.3381 0.3142
vt 0.3186 0.3425
vt 0.2991 0.3425
vt 0.2991 0.3142
vt 0.3186 0.3425
vt 0.2991 0.3142
vt 0.3186 0.3142
vt 0.2991 0.3425
vt 0.2796 0.3425
vt 0.2796 0.3142
vt 0.2991 0.3425
vt 0.2796 0.3142
vt 0.2991 0.3142
vt 0.2796 0.3425
vt 0.2601 0.3425
vt 0.2601 0.3142
vt 0.2796 0.3425
vt 0.2601 0.3142
vt 0.2796 0.3142
vt 0.2601 0.3425
vt 0.2406 0.3425
vt 0.2406 0.3142
vt 0.2601 0.3425
vt 0.2406 0.3142
vt 0.2601 0.3142
vt 0.2406 0.3425
vt 0.2212 0.3425
vt 0.2212 0.3142
vt 0.2406 0.3425
vt 0.2212 0.3142
vt 0.2406 0.3142
vt 0.2212 0.3425
vt 0.2017 0.3425
vt 0.2017 0.3142
vt 0.2212 0.3425
vt 0.2017 0.3142
vt 0.2212 0.3142
vt 0.2017 0.3425
vt 0.1822 0.3425
vt 0.1822 0.3142
vt 0.2017 0.3425
vt 0.1822 0.3142
vt 0.2017 0.3142
vt 0.1822 0.3425
vt 0.1627 0.3425
vt 0.1627 0.3142
vt 0.1822 0.3425
vt 0.1627 0.3142
vt 0.1822 0.3142
vt 0.1627 0.3425
vt 0.1432 0.3425
vt 0.1432 0.3142
vt 0.1627 0.3425
vt 0.1432 0.3142
vt 0.1627 0.3142
vt 0.1432 0.3425
vt 0.1237 0.3425
vt 0.1237 0.3142
vt 0.1432 0.3425
vt 0.1237 0.3142
vt 0.1432 0.3142
vt 0.1237 0.3425
vt 0.1043 0.3425
vt 0.1043 0.3142
vt 0.1237 0.3425
vt 0.1043 0.3142
vt 0.1237 0.3142
vt 0.1043 0.3425
vt 0.0848 0.3425
vt 0.0848 0.3142
vt 0.1043 0.3425
vt 0.0848 0.3142
vt 0.1043 0.3142
vt 0.9031 0.3142
vt 0.8836 0.3142
vt 0.8836 0.2858
vt 0.9031 0.3142
vt 0.8836 0.2858
vt 0.9031 0.2858
vt 0.8836 0.3142
vt 0.8641 0.3142
vt 0.8641 0.2858
vt 0.8836 0.3142
vt 0.8641 0.2858
vt 0.8836 0.2858
vt 0.8641 0.3142
vt 0.8446 0.3142
vt 0.8446 0.2858
vt 0.8641 0.3142
vt 0.8446 0.2858
vt 0.8641 0.2858
vt 0.8446 0.3142
vt 0.8251 0.3142
vt 0.8251 0.2858
vt 0.8446 0.3142
vt 0.8251 0.2858
vt 0.8446 0.2858
vt 0.8251 0.3142
vt 0.8057 0.3142
vt 0.8057 0.2858
vt 0.8251 0.3142
vt 0.8057 0.2858
vt 0.8251 0.2858
vt 0.8057 0.3142
vt 0.7862 0.3142
vt 0.7862 0.2858
vt 0.8057 0.3142
vt 0.7862 0.2858
vt 0.8057 0.2858
vt 0.7862 0.3142
vt 0.7667 0.3142
vt 0.7667 0.2858
vt 0.7862 0.3142
vt 0.7667 0.2858
vt 0.7862 0.2858
vt 0.7667 0.3142
vt 0.7472 0.3142
vt 0.7472 0.2858
vt 0.7667 0.3142
vt 0.7472 0.2858
vt 0.7667 0.2858
vt 0.7472 0.3142
vt 0.7277 0.3142
vt 0.7277 0.2858
vt 0.7472 0.3142
vt 0.7277 0.2858
vt 0.7472 0.2858
vt 0.7277 0.3142
vt 0.7082 0.3142
vt 0.7082 0.2858
vt 0.7277 0.3142
vt 0.7082 0.2858
vt 0.7277 0.2858
vt 0.7082 0.3142
vt 0.6888 0.3142
vt 0.6888 0.2858
vt 0.7082 0.3142
vt 0.6888 0.2858
vt 0.7082 0.2858
vt 0.6888 0.3142
vt 0.6693 0.3142
vt 0.6693 0.2858
vt 0.6888 0.3142
vt 0.6693 0.2858
vt 0.6888 0.2858
vt 0.6693 0.3142
vt 0.6498 0.3142
vt 0.6498 0.2858
vt 0.6693 0.3142
vt 0.6498 0.2858
vt 0.6693 0.2858
vt 0.6498 0.3142
vt 0.6303 0.3142
vt 0.6303 0.2858
vt 0.6498 0.3142
vt 0.6303 0.2858
vt 0.6498 0.2858
vt 0.6303 0.3142
vt 0.6108 0.3142
vt 0.6108 0.2858
vt 0.6303 0.3142
vt 0.6108 0.2858
vt 0.6303 0.2858
vt 0.6108 0.3142
vt 0.5913 0.3142
vt 0.5913 0.2858
vt 0.6108 0.3142
vt 0.5913 0.2858
vt 0.6108 0.2858
vt 0.5913 0.3142
vt 0.5719 0.3142
vt 0.5719 0.2858
vt 0.5913 0.3142
vt 0.5719 0.2858
vt 0.5913 0.2858
vt 0.5719 0.3142
vt 0.5524 0.3142
vt 0.5524 0.2858
vt 0.5719 0.3142
vt 0.5524 0.2858
vt 0.5719 0.2858
vt 0.5524 0.3142
vt 0.5329 0.3142
vt 0.5329 0.2858
vt 0.5524 0.3142
vt 0.5329 0.2858
vt 0.5524 0.2858
vt 0.5329 0.3142
vt 0.5134 0.3142
vt 0.5134 0.2858
vt 0.5329 0.3142
vt 0.5134 0.2858
vt 0.5329 0.2858
vt 0.5134 0.3142
vt 0.4939 0.3142
vt 0.4939 0.2858
vt 0.5134 0.3142
vt 0.4939 0.2858
vt 0.5134 0.2858
vt 0.4939 0.3142
vt 0.4744 0.3142
vt 0.4744 0.2858
vt 0.4939 0.3142
vt 0.4744 0.2858
vt 0.4939 0.2858
vt 0.4744 0.3142
vt 0.455 0.3142
vt 0.455 0.2858
vt 0.4744 0.3142
vt 0.455 0.2858
vt 0.4744 0.2858
vt 0.455 0.3142
vt 0.4355 0.3142
vt 0.4355 0.2858
vt 0.455 0.3142
vt 0.4355 0.2858
vt 0.455 0.2858
vt 0.4355 0.3142
vt 0.416 0.3142
vt 0.416 0.2858
vt 0.4355 0.3142
vt 0.416 0.2858
vt 0.4355 0.2858
vt 0.416 0.3142
vt 0.3965 0.3142
vt 0.3965 0.2858
vt 0.416 0.3142
vt 0.3965 0.2858
vt 0.416 0.2858
vt 0.3965 0.3142
vt 0.377 0.3142
vt 0.377 0.2858
vt 0.3965 0.3142
vt 0.377 0.2858
vt 0.3965 0.2858
vt 0.377 0.3142
vt 0.3575 0.3142
vt 0.3575 0.2858
vt 0.377 0.3142
vt 0.3575 0.2858
vt 0.377 0.2858
vt 0.3575 0.3142
vt 0.3381 0.3142
vt 0.3381 0.2858
vt 0.3575 0.3142
vt 0.3381 0.2858
vt 0.3575 0.2858
vt 0.3381 0.3142
vt 0.3186 0.3142
vt 0.3186 0.2858
vt 0.3381 0.3142
vt 0.3186 0.2858
vt 0.3381 0.2858
vt 0.3186 0.3142
vt 0.2991 0.3142
vt 0.2991 0.2858
vt 0.3186 0.3142
vt 0.2991 0.2858
vt 0.3186 0.2858
vt 0.2991 0.3142
vt 0.2796 0.3142
vt 0.2796 0.2858
vt 0.2991 0.3142
vt 0.2796 0.2858
vt 0.2991 0.2858
vt 0.2796 0.3142
vt 0.2601 0.3142
vt 0.2601 0.2858
vt 0.2796 0.3142
vt 0.2601 0.2858
vt 0.2796 0.2858
vt 0.2601 0.3142
vt 0.2406 0.3142
vt 0.2406 0.2858
vt 0.2601 0.3142
vt 0.2406 0.2858
vt 0.2601 0.2858
vt 0.2406 0.3142
vt 0.2212 0.3142
vt 0.2212 0.2858
vt 0.2406 0.3142
vt 0.2212 0.2858
vt 0.2406 0.2858
vt 0.2212 0.3142
vt 0.2017 0.3142
vt 0.2017 0.2858
vt 0.2212 0.3142
vt 0.2017 0.2858
vt 0.2212 0.2858
vt 0.2017 0.3142
vt 0.1822 0.3142
vt 0.1822 0.2858
vt 0.2017 0.3142
vt 0.1822 0.2858
vt 0.2017 0.2858
vt 0.1822 0.3142
vt 0.1627 0.3142
vt 0.1627 0.2858
vt 0.1822 0.3142
vt 0.1627 0.2858
vt 0.1822 0.2858
vt 0.1627 0.3142
vt 0.1432 0.3142
vt 0.1432 0.2858
vt 0.1627 0.3142
vt 0.1432 0.2858
vt 0.1627 0.2858
vt 0.1432 0.3142
vt 0.1237 0.3142
vt 0.1237 0.2858
vt 0.1432 0.3142
vt 0.1237 0.2858
vt 0.1432 0.2858
vt 0.1237 0.3142
vt 0.1043 0.3142
vt 0.1043 0.2858
vt 0.1237 0.3142
vt 0.1043 0.2858
vt 0.1237 0.2858
vt 0.1043 0.3142
vt 0.0848 0.3142
vt 0.0848 0.2858
vt 0.1043 0.3142
vt 0.0848 0.2858
vt 0.1043 0.2858
vt 0.9031 0.2858
vt 0.8836 0.2858
vt 0.8836 0.2575
vt 0.9031 0.2858
vt 0.8836 0.2575
vt 0.9031 0.2575
vt 0.8836 0.2858
vt 0.8641 0.2858
vt 0.8641 0.2575
vt 0.8836 0.2858
vt 0.8641 0.2575
vt 0.8836 0.2575
vt 0.8641 0.2858
vt 0.8446 0.2858
vt 0.8446 0.2575
vt 0.8641 0.2858
vt 0.8446 0.2575
vt 0.8641 0.2575
vt 0.8446 0.2858
vt 0.8251 0.2858
vt 0.8251 0.2575
vt 0.8446 0.2858
vt 0.8251 0.2575
vt 0.8446 0.2575
vt 0.8251 0.2858
vt 0.8057 0.2858
vt 0.8057 0.2575
vt 0.8251 0.2858
vt 0.8057 0.2575
vt 0.8251 0.2575
vt 0.8057 0.2858
vt 0.7862 0.2858
vt 0.7862 0.2575
vt 0.8057 0.2858
vt 0.7862 0.2575
vt 0.8057 0.2575
vt 0.7862 0.2858
vt 0.7667 0.2858
vt 0.7667 0.2575
vt 0.7862 0.2858
vt 0.7667 0.2575
vt 0.7862 0.2575
vt 0.7667 0.2858
vt 0.7472 0.2858
vt 0.7472 0.2575
vt 0.7667 0.2858
vt 0.7472 0.2575
vt 0.7667 0.2575
vt 0.7472 0.2858
vt 0.7277 0.2858
vt 0.7277 0.2575
vt 0.7472 0.2858
vt 0.7277 0.2575
vt 0.7472 0.2575
vt 0.7277 0.2858
vt 0.7082 0.2858
vt 0.7082 0.2575
vt 0.7277 0.2858
vt 0.7082 0.2575
vt 0.7277 0.2575
vt 0.7082 0.2858
vt 0.6888 0.2858
vt 0.6888 0.2575
vt 0.7082 0.2858
vt 0.6888 0.2575
vt 0.7082 0.2575
vt 0.6888 0.2858
vt 0.6693 0.2858
vt 0.6693 0.2575
vt 0.6888 0.2858
vt 0.6693 0.2575
vt 0.6888 0.2575
vt 0.6693 0.2858
vt 0.6498 0.2858
vt 0.6498 0.2575
vt 0.6693 0.2858
vt 0.6498 0.2575
vt 0.6693 0.2575
vt 0.6498 0.2858
vt 0.6303 0.2858
vt 0.6303 0.2575
vt 0.6498 0.2858
vt 0.6303 0.2575
vt 0.6498 0.2575
vt 0.6303 0.2858
vt 0.6108 0.2858
vt 0.6108 0.2575
vt 0.6303 0.2858
vt 0.6108 0.2575
vt 0.6303 0.2575
vt 0.6108 0.2858
vt 0.5913 0.2858
vt 0.5913 0.2575
vt 0.6108 0.2858
vt 0.5913 0.2575
vt 0.6108 0.2575
vt 0.5913 0.2858
vt 0.5719 0.2858
vt 0.5719 0.2575
vt 0.5913 0.2858
vt 0.5719 0.2575
vt 0.5913 0.2575
vt 0.5719 0.2858
vt 0.5524 0.2858
vt 0.5524 0.2575
vt 0.5719 0.2858
vt 0.5524 0.2575
vt 0.5719 0.2575
vt 0.5524 0.2858
vt 0.5329 0.2858
vt 0.5329 0.2575
vt 0.5524 0.2858
vt 0.5329 0.2575
vt 0.5524 0.2575
vt 0.5329 0.2858
vt 0.5134 0.2858
vt 0.5134 0.2575
vt 0.5329 0.2858
vt 0.5134 0.2575
vt 0.5329 0.2575
vt 0.5134 0.2858
vt 0.4939 0.2858
vt 0.4939 0.2575
vt 0.5134 0.2858
vt 0.4939 0.2575
vt 0.5134 0.2575
vt 0.4939 0.2858
vt 0.4744 0.2858
vt 0.4744 0.2575
vt 0.4939 0.2858
vt 0.4744 0.2575
vt 0.4939 0.2575
vt 0.4744 0.2858
vt 0.455 0.2858
vt 0.455 0.2575
vt 0.4744 0.2858
vt 0.455 0.2575
vt 0.4744 0.2575
vt 0.455 0.2858
vt 0.4355 0.2858
vt 0.4355 0.2575
vt 0.455 0.2858
vt 0.4355 0.2575
vt 0.455 0.2575
vt 0.4355 0.2858
vt 0.416 0.2858
vt 0.416 0.2575
vt 0.4355 0.2858
vt 0.416 0.2575
vt 0.4355 0.2575
vt 0.416 0.2858
vt 0.3965 0.2858
vt 0.3965 0.2575
vt 0.416 0.2858
vt 0.3965 0.2575
vt 0.416 0.2575
vt 0.3965 0.2858
vt 0.377 0.2858
vt 0.377 0.2575
vt 0.3965 0.2858
vt 0.377 0.2575
vt 0.3965 0.2575
vt 0.377 0.2858
vt 0.3575 0.2858
vt 0.3575 0.2575
vt 0.377 0.2858
vt 0.3575 0.2575
vt 0.377 0.2575
vt 0.3575 0.2858
vt 0.3381 0.2858
vt 0.3381 0.2575
vt 0.3575 0.2858
vt 0.3381 0.2575
vt 0.3575 0.2575
vt 0.3381 0.2858
vt 0.3186 0.2858
vt 0.3186 0.2575
vt 0.3381 0.2858
vt 0.3186 0.2575
vt 0.3381 0.2575
vt 0.3186 0.2858
vt 0.2991 0.2858
vt 0.2991 0.2575
vt 0.3186 0.2858
vt 0.2991 0.2575
vt 0.3186 0.2575
vt 0.2991 0.2858
vt 0.2796 0.2858
vt 0.2796 0.2575
vt 0.2991 0.2858
vt 0.2796 0.2575
vt 0.2991 0.2575
vt 0.2796 0.2858
vt 0.2601 0.2858
vt 0.2601 0.2575
vt 0.2796 0.2858
vt 0.2601 0.2575
vt 0.2796 0.2575
vt 0.2601 0.2858
vt 0.2406 0.2858
vt 0.2406 0.2575
vt 0.2601 0.2858
vt 0.2406 0.2575
vt 0.2601 0.2575
vt 0.2406 0.2858
vt 0.2212 0.2858
vt 0.2212 0.2575
vt 0.2406 0.2858
vt 0.2212 0.2575
vt 0.2406 0.2575
vt 0.2212 0.2858
vt 0.2017 0.2858
vt 0.2017 0.2575
vt 0.2212 0.2858
vt 0.2017 0.2575
vt 0.2212 0.2575
vt 0.2017 0.2858
vt 0.1822 0.2858
vt 0.1822 0.2575
vt 0.2017 0.2858
vt 0.1822 0.2575
vt 0.2017 0.2575
vt 0.1822 0.2858
vt 0.1627 0.2858
vt 0.1627 0.2575
vt 0.1822 0.2858
vt 0.1627 0.2575
vt 0.1822 0.2575
vt 0.1627 0.2858
vt 0.1432 0.2858
vt 0.1432 0.2575
vt 0.1627 0.2858
vt 0.1432 0.2575
vt 0.1627 0.2575
vt 0.1432 0.2858
vt 0.1237 0.2858
vt 0.1237 0.2575
vt 0.1432 0.2858
vt 0.1237 0.2575
vt 0.1432 0.2575
vt 0.1237 0.2858
vt 0.1043 0.2858
vt 0.1043 0.2575
vt 0.1237 0.2858
vt 0.1043 0.2575
vt 0.1237 0.2575
vt 0.1043 0.2858
vt 0.0848 0.2858
vt 0.0848 0.2575
vt 0.1043 0.2858
vt 0.0848 0.2575
vt 0.1043 0.2575
vt 0.9031 0.2575
vt 0.8836 0.2575
vt 0.8836 0.2291
vt 0.9031 0.2575
vt 0.8836 0.2291
vt 0.9031 0.2291
vt 0.8836 0.2575
vt 0.8641 0.2575
vt 0.8641 0.2291
vt 0.8836 0.2575
vt 0.8641 0.2291
vt 0.8836 0.2291
vt 0.8641 0.2575
vt 0.8446 0.2575
vt 0.8446 0.2291
vt 0.8641 0.2575
vt 0.8446 0.2291
vt 0.8641 0.2291
vt 0.8446 0.2575
vt 0.8251 0.2575
vt 0.8251 0.2291
vt 0.8446 0.2575
vt 0.8251 0.2291
vt 0.8446 0.2291
vt 0.8251 0.2575
vt 0.8057 0.2575
vt 0.8057 0.2291
vt 0.8251 0.2575
vt 0.8057 0.2291
vt 0.8251 0.2291
vt 0.8057 0.2575
vt 0.7862 0.2575
vt 0.7862 0.2291
vt 0.8057 0.2575
vt 0.7862 0.2291
vt 0.8057 0.2291
vt 0.7862 0.2575
vt 0.7667 0.2575
vt 0.7667 0.2291
vt 0.7862 0.2575
vt 0.7667 0.2291
vt 0.7862 0.2291
vt 0.7667 0.2575
vt 0.7472 0.2575
vt 0.7472 0.2291
vt 0.7667 0.2575
vt 0.7472 0.2291
vt 0.7667 0.2291
vt 0.7472 0.2575
vt 0.7277 0.2575
vt 0.7277 0.2291
vt 0.7472 0.2575
vt 0.7277 0.2291
vt 0.7472 0.2291
vt 0.7277 0.2575
vt 0.7082 0.2575
vt 0.7082 0.2291
vt 0.7277 0.2575
vt 0.7082 0.2291
vt 0.7277 0.2291
vt 0.7082 0.2575
vt 0.6888 0.2575
vt 0.6888 0.2291
vt 0.7082 0.2575
vt 0.6888 0.2291
vt 0.7082 0.2291
vt 0.6888 0.2575
vt 0.6693 0.2575
vt 0.6693 0.2291
vt 0.6888 0.2575
vt 0.6693 0.2291
vt 0.6888 0.2291
vt 0.6693 0.2575
vt 0.6498 0.2575
vt 0.6498 0.2291
vt 0.6693 0.2575
vt 0.6498 0.2291
vt 0.6693 0.2291
vt 0.6498 0.2575
vt 0.6303 0.2575
vt 0.6303 0.2291
vt 0.6498 0.2575
vt 0.6303 0.2291
vt 0.6498 0.2291
vt 0.6303 0.2575
vt 0.6108 0.2575
vt 0.6108 0.2291
vt 0.6303 0.2575
vt 0.6108 0.2291
vt 0.6303 0.2291
vt 0.6108 0.2575
vt 0.5913 0.2575
vt 0.5913 0.2291
vt 0.6108 0.2575
vt 0.5913 0.2291
vt 0.6108 0.2291
vt 0.5913 0.2575
vt 0.5719 0.2575
vt 0.5719 0.2291
vt 0.5913 0.2575
vt 0.5719 0.2291
vt 0.5913 0.2291
vt 0.5719 0.2575
vt 0.5524 0.2575
vt 0.5524 0.2291
vt 0.5719 0.2575
vt 0.5524 0.2291
vt 0.5719 0.2291
vt 0.5524 0.2575
vt 0.5329 0.2575
vt 0.5329 0.2291
vt 0.5524 0.2575
vt 0.5329 0.2291
vt 0.5524 0.2291
vt 0.5329 0.2575
vt 0.5134 0.2575
vt 0.5134 0.2291
vt 0.5329 0.2575
vt 0.5134 0.2291
vt 0.5329 0.2291
vt 0.5134 0.2575
vt 0.4939 0.2575
vt 0.4939 0.2291
vt 0.5134 0.2575
vt 0.4939 0.2291
vt 0.5134 0.2291
vt 0.4939 0.2575
vt 0.4744 0.2575
vt 0.4744 0.2291
vt 0.4939 0.2575
vt 0.4744 0.2291
vt 0.4939 0.2291
vt 0.4744 0.2575
vt 0.455 0.2575
vt 0.455 0.2291
vt 0.4744 0.2575
vt 0.455 0.2291
vt 0.4744 0.2291
vt 0.455 0.2575
vt 0.4355 0.2575
vt 0.4355 0.2291
vt 0.455 0.2575
vt 0.4355 0.2291
vt 0.455 0.2291
vt 0.4355 0.2575
vt 0.416 0.2575
vt 0.416 0.2291
vt 0.4355 0.2575
vt 0.416 0.2291
vt 0.4355 0.2291
vt 0.416 0.2575
vt 0.3965 0.2575
vt 0.3965 0.2291
vt 0.416 0.2575
vt 0.3965 0.2291
vt 0.416 0.2291
vt 0.3965 0.2575
vt 0.377 0.2575
vt 0.377 0.2291
vt 0.3965 0.2575
vt 0.377 0.2291
vt 0.3965 0.2291
vt 0.377 0.2575
vt 0.3575 0.2575
vt 0.3575 0.2291
vt 0.377 0.2575
vt 0.3575 0.2291
vt 0.377 0.2291
vt 0.3575 0.2575
vt 0.3381 0.2575
vt 0.3381 0.2291
vt 0.3575 0.2575
vt 0.3381 0.2291
vt 0.3575 0.2291
vt 0.3381 0.2575
vt 0.3186 0.2575
vt 0.3186 0.2291
vt 0.3381 0.2575
vt 0.3186 0.2291
vt 0.3381 0.2291
vt 0.3186 0.2575
vt 0.2991 0.2575
vt 0.2991 0.2291
vt 0.3186 0.2575
vt 0.2991 0.2291
vt 0.3186 0.2291
vt 0.2991 0.2575
vt 0.2796 0.2575
vt 0.2796 0.2291
vt 0.2991 0.2575
vt 0.2796 0.2291
vt 0.2991 0.2291
vt 0.2796 0.2575
vt 0.2601 0.2575
vt 0.2601 0.2291
vt 0.2796 0.2575
vt 0.2601 0.2291
vt 0.2796 0.2291
vt 0.2601 0.2575
vt 0.2406 0.2575
vt 0.2406 0.2291
vt 0.2601 0.2575
vt 0.2406 0.2291
vt 0.2601 0.2291
vt 0.2406 0.2575
vt 0.2212 0.2575
vt 0.2212 0.2291
vt 0.2406 0.2575
vt 0.2212 0.2291
vt 0.2406 0.2291
vt 0.2212 0.2575
vt 0.2017 0.2575
vt 0.2017 0.2291
vt 0.2212 0.2575
vt 0.2017 0.2291
vt 0.2212 0.2291
vt 0.2017 0.2575
vt 0.1822 0.2575
vt 0.1822 0.2291
vt 0.2017 0.2575
vt 0.1822 0.2291
vt 0.2017 0.2291
vt 0.1822 0.2575
vt 0.1627 0.2575
vt 0.1627 0.2291
vt 0.1822 0.2575
vt 0.1627 0.2291
vt 0.1822 0.2291
vt 0.1627 0.2575
vt 0.1432 0.2575
vt 0.1432 0.2291
vt 0.1627 0.2575
vt 0.1432 0.2291
vt 0.1627 0.2291
vt 0.1432 0.2575
vt 0.1237 0.2575
vt 0.1237 0.2291
vt 0.1432 0.2575
vt 0.1237 0.2291
vt 0.1432 0.2291
vt 0.1237 0.2575
vt 0.1043 0.2575
vt 0.1043 0.2291
vt 0.1237 0.2575
vt 0.1043 0.2291
vt 0.1237 0.2291
vt 0.1043 0.2575
vt 0.0848 0.2575
vt 0.0848 0.2291
vt 0.1043 0.2575
vt 0.0848 0.2291
vt 0.1043 0.2291
vt 0.9031 0.2291
vt 0.8836 0.2291
vt 0.8836 0.2007
vt 0.9031 0.2291
vt 0.8836 0.2007
vt 0.9031 0.2007
vt 0.8836 0.2291
vt 0.8641 0.2291
vt 0.8641 0.2007
vt 0.8836 0.2291
vt 0.8641 0.2007
vt 0.8836 0.2007
vt 0.8641 0.2291
vt 0.8446 0.2291
vt 0.8446 0.2007
vt 0.8641 0.2291
vt 0.8446 0.2007
vt 0.8641 0.2007
vt 0.8446 0.2291
vt 0.8251 0.2291
vt 0.8251 0.2007
vt 0.8446 0.2291
vt 0.8251 0.2007
vt 0.8446 0.2007
vt 0.8251 0.2291
vt 0.8057 0.2291
vt 0.8057 0.2007
vt 0.8251 0.2291
vt 0.8057 0.2007
vt 0.8251 0.2007
vt 0.8057 0.2291
vt 0.7862 0.2291
vt 0.7862 0.2007
vt 0.8057 0.2291
vt 0.7862 0.2007
vt 0.8057 0.2007
vt 0.7862 0.2291
vt 0.7667 0.2291
vt 0.7667 0.2007
vt 0.7862 0.2291
vt 0.7667 0.2007
vt 0.7862 0.2007
vt 0.7667 0.2291
vt 0.7472 0.2291
vt 0.7472 0.2007
vt 0.7667 0.2291
vt 0.7472 0.2007
vt 0.7667 0.2007
vt 0.7472 0.2291
vt 0.7277 0.2291
vt 0.7277 0.2007
vt 0.7472 0.2291
vt 0.7277 0.2007
vt 0.7472 0.2007
vt 0.7277 0.2291
vt 0.7082 0.2291
vt 0.7082 0.2007
vt 0.7277 0.2291
vt 0.7082 0.2007
vt 0.7277 0.2007
vt 0.7082 0.2291
vt 0.6888 0.2291
vt 0.6888 0.2007
vt 0.7082 0.2291
vt 0.6888 0.2007
vt 0.7082 0.2007
vt 0.6888 0.2291
vt 0.6693 0.2291
vt 0.6693 0.2007
vt 0.6888 0.2291
vt 0.6693 0.2007
vt 0.6888 0.2007
vt 0.6693 0.2291
vt 0.6498 0.2291
vt 0.6498 0.2007
vt 0.6693 0.2291
vt 0.6498 0.2007
vt 0.6693 0.2007
vt 0.6498 0.2291
vt 0.6303 0.2291
vt 0.6303 0.2007
vt 0.6498 0.2291
vt 0.6303 0.2007
vt 0.6498 0.2007
vt 0.6303 0.2291
vt 0.6108 0.2291
vt 0.6108 0.2007
vt 0.6303 0.2291
vt 0.6108 0.2007
vt 0.6303 0.2007
vt 0.6108 0.2291
vt 0.5913 0.2291
vt 0.5913 0.2007
vt 0.6108 0.2291
vt 0.5913 0.2007
vt 0.6108 0.2007
vt 0.5913 0.2291
vt 0.5719 0.2291
vt 0.5719 0.2007
vt 0.5913 0.2291
vt 0.5719 0.2007
vt 0.5913 0.2007
vt 0.5719 0.2291
vt 0.5524 0.2291
vt 0.5524 0.2007
vt 0.5719 0.2291
vt 0.5524 0.2007
vt 0.5719 0.2007
vt 0.5524 0.2291
vt 0.5329 0.2291
vt 0.5329 0.2007
vt 0.5524 0.2291
vt 0.5329 0.2007
vt 0.5524 0.2007
vt 0.5329 0.2291
vt 0.5134 0.2291
vt 0.5134 0.2007
vt 0.5329 0.2291
vt 0.5134 0.2007
vt 0.5329 0.2007
vt 0.5134 0.2291
vt 0.4939 0.2291
vt 0.4939 0.2007
vt 0.5134 0.2291
vt 0.4939 0.2007
vt 0.5134 0.2007
vt 0.4939 0.2291
vt 0.4744 0.2291
vt 0.4744 0.2007
vt 0.4939 0.2291
vt 0.4744 0.2007
vt 0.4939 0.2007
vt 0.4744 0.2291
vt 0.455 0.2291
vt 0.455 0.2007
vt 0.4744 0.2291
vt 0.455 0.2007
vt 0.4744 0.2007
vt 0.455 0.2291
vt 0.4355 0.2291
vt 0.4355 0.2007
vt 0.455 0.2291
vt 0.4355 0.2007
vt 0.455 0.2007
vt 0.4355 0.2291
vt 0.416 0.2291
vt 0.416 0.2007
vt 0.4355 0.2291
vt 0.416 0.2007
vt 0.4355 0.2007
vt 0.416 0.2291
vt 0.3965 0.2291
vt 0.3965 0.2007
vt 0.416 0.2291
vt 0.3965 0.2007
vt 0.416 0.2007
vt 0.3965 0.2291
vt 0.377 0.2291
vt 0.377 0.2007
vt 0.3965 0.2291
vt 0.377 0.2007
vt 0.3965 0.2007
vt 0.377 0.2291
vt 0.3575 0.2291
vt 0.3575 0.2007
vt 0.377 0.2291
vt 0.3575 0.2007
vt 0.377 0.2007
vt 0.3575 0.2291
vt 0.3381 0.2291
vt 0.3381 0.2007
vt 0.3575 0.2291
vt 0.3381 0.2007
vt 0.3575 0.2007
vt 0.3381 0.2291
vt 0.3186 0.2291
vt 0.3186 0.2007
vt 0.3381 0.2291
vt 0.3186 0.2007
vt 0.3381 0.2007
vt 0.3186 0.2291
vt 0.2991 0.2291
vt 0.2991 0.2007
vt 0.3186 0.2291
vt 0.2991 0.2007
vt 0.3186 0.2007
vt 0.2991 0.2291
vt 0.2796 0.2291
vt 0.2796 0.2007
vt 0.2991 0.2291
vt 0.2796 0.2007
vt 0.2991 0.2007
vt 0.2796 0.2291
vt 0.2601 0.2291
vt 0.2601 0.2007
vt 0.2796 0.2291
vt 0.2601 0.2007
vt 0.2796 0.2007
vt 0.2601 0.2291
vt 0.2406 0.2291
vt 0.2406 0.2007
vt 0.2601 0.2291
vt 0.2406 0.2007
vt 0.2601 0.2007
vt 0.2406 0.2291
vt 0.2212 0.2291
vt 0.2212 0.2007
vt 0.2406 0.2291
vt 0.2212 0.2007
vt 0.2406 0.2007
vt 0.2212 0.2291
vt 0.2017 0.2291
vt 0.2017 0.2007
vt 0.2212 0.2291
vt 0.2017 0.2007
vt 0.2212 0.2007
vt 0.2017 0.2291
vt 0.1822 0.2291
vt 0.1822 0.2007
vt 0.2017 0.2291
vt 0.1822 0.2007
vt 0.2017 0.2007
vt 0.1822 0.2291
vt 0.1627 0.2291
vt 0.1627 0.2007
vt 0.1822 0.2291
vt 0.1627 0.2007
vt 0.1822 0.2007
vt 0.1627 0.2291
vt 0.1432 0.2291
vt 0.1432 0.2007
vt 0.1627 0.2291
vt 0.1432 0.2007
vt 0.1627 0.2007
vt 0.1432 0.2291
vt 0.1237 0.2291
vt 0.1237 0.2007
vt 0.1432 0.2291
vt 0.1237 0.2007
vt 0.1432 0.2007
vt 0.1237 0.2291
vt 0.1043 0.2291
vt 0.1043 0.2007
vt 0.1237 0.2291
vt 0.1043 0.2007
vt 0.1237 0.2007
vt 0.1043 0.2291
vt 0.0848 0.2291
vt 0.0848 0.2007
vt 0.1043 0.2291
vt 0.0848 0.2007
vt 0.1043 0.2007
f 1/1 2/2 3/3
f 1/4 3/5 4/6
f 2/7 5/8 6/9
f 2/10 6/11 3/12
f 5/13 7/14 8/15
f 5/16 8/17 6/18
f 7/19 9/20 10/21
f 7/22 10/23 8/24
f 9/25 11/26 12/27
f 9/28 12/29 10/30
f 11/31 13/32 14/33
f 11/34 14/35 12/36
f 13/37 15/38 16/39
f 13/40 16/41 14/42
f 15/43 17/44 18/45
f 15/46 18/47 16/48
f 17/49 19/50 20/51
f 17/52 20/53 18/54
f 19/55 21/56 22/57
f 19/58 22/59 20/60
f 21/61 23/62 24/63
f 21/64 24/65 22/66
f 23/67 25/68 26/69
f 23/70 26/71 24/72
f 25/73 27/74 28/75
f 25/76 28/77 26/78
f 27/79 29/80 30/81
f 27/82 30/83 28/84
f 29/85 31/86 32/87
f 29/88 32/89 30/90
f 31/91 33/92 34/93
f 31/94 34/95 32/96
f 33/97 35/98 36/99
f 33/100 36/101 34/102
f 35/103 37/104 38/105
f 35/106 38/107 36/108
f 37/109 39/110 40/111
f 37/112 40/113 38/114
f 39/115 41/116 42/117
f 39/118 42/119 40/120
f 41/121 43/122 44/123
f 41/124 44/125 42/126
f 43/127 45/128 46/129
f 43/130 46/131 44/132
f 45/133 47/134 48/135
f 45/136 48/137 46/138
f 47/139 49/140 50/141
f 47/142 50/143 48/144
f 49/145 51/146 52/147
f 49/148 52/149 50/150
f 51/151 53/152 54/153
f 51/154 54/155 52/156
f 53/157 55/158 56/159
f 53/160 56/161 54/162
f 55/163 57/164 58/165
f 55/166 58/167 56/168
f 57/169 59/170 60/171
f 57/172 60/173 58/174
f 59/175 61/176 62/177
f 59/178 62/179 60/180
f 61/181 63/182 64/183
f 61/184 64/185 62/186
f 63/187 65/188 66/189
f 63/190 66/191 64/192
f 65/193 67/194 68/195
f 65/196 68/197 66/198
f 67/199 69/200 70/201
f 67/202 70/203 68/204
f 69/205 71/206 72/207
f 69/208 72/209 70/210
f 71/211 73/212 74/213
f 71/214 74/215 72/216
f 73/217 75/218 76/219
f 73/220 76/221 74/222
f 75/223 77/224 78/225
f 75/226 78/227 76/228
f 77/229 79/230 80/231
f 77/232 80/233 78/234
f 79/235 81/236 82/237
f 79/238 82/239 80/240
f 81/241 83/242 84/243
f 81/244 84/245 82/246
f 83/247 85/248 86/249
f 83/250 86/251 84/252
f 4/253 3/254 87/255
f 4/256 87/257 88/258
f 3/259 6/260 89/261
f 3/262 89/263 87/264
f 6/265 8/266 90/267
f 6/268 90/269 89/270
f 8/271 10/272 91/273
f 8/274 91/275 90/276
f 10/277 12/278 92/279
f 10/280 92/281 91/282
f 12/283 14/284 93/285
f 12/286 93/287 92/288
f 14/289 16/290 94/291
f 14/292 94/293 93/294
f 16/295 18/296 95/297
f 16/298 95/299 94/300
f 18/301 20/302 96/303
f 18/304 96/305 95/306
f 20/307 22/308 97/309
f 20/310 97/311 96/312
f 22/313 24/314 98/315
f 22/316 98/317 97/318
f 24/319 26/320 99/321
f 24/322 99/323 98/324
f 26/325 28/326 100/327
f 26/328 100/329 99/330
f 28/331 30/332 101/333
f 28/334 101/335 100/336
f 30/337 32/338 102/339
f 30/340 102/341 101/342
f 32/343 34/344 103/345
f 32/346 103/347 102/348
f 34/349 36/350 104/351
f 34/352 104/353 103/354
f 36/355 38/356 105/357
f 36/358 105/359 104/360
f 38/361 40/362 106/363
f 38/364 106/365 105/366
f 40/367 42/368 107/369
f 40/370 107/371 106/372
f 42/373 44/374 108/375
f 42/376 108/377 107/378
f 44/379 46/380 109/381
f 44/382 109/383 108/384
f 46/385 48/386 110/387
f 46/388 110/389 109/390
f 48/391 50/392 111/393
f 48/394 111/395 110/396
f 50/397 52/398 112/399
f 50/400 112/401 111/402
f 52/403 54/404 113/405
f 52/406 113/407 112/408
f 54/409 56/410 114/411
f 54/412 114/413 113/414
f 56/415 58/416 115/417
f 56/418 115/419 114/420
f 58/421 60/422 116/423
f 58/424 116/425 115/426
f 60/427 62/428 117/429
f 60/430 117/431 116/432
f 62/433 64/434 118/435
f 62/436 118/437 117/438
f 64/439 66/440 119/441
f 64/442 119/443 118/444
f 66/445 68/446 120/447
f 66/448 120/449 119/450
f 68/451 70/452 121/453
f 68/454 121/455 120/456
f 70/457 72/458 122/459
f 70/460 122/461 121/462
f 72/463 74/464 123/465
f 72/466 123/467 122/468
f 74/469 76/470 124/471
f 74/472 124/473 123/474
f 76/475 78/476 125/477
f 76/478 125/479 124/480
f 78/481 80/482 126/483
f 78/484 126/485 125/486
f 80/487 82/488 127/489
f 80/490 127/491 126/492
f 82/493 84/494 128/495
f 82/496 128/497 127/498
f 84/499 86/500 129/501
f 84/502 129/503 128/504
f 88/505 87/506 130/507
f 88/508 130/509 131/510
f 87/511 89/512 132/513
f 87/514 132/515 130/516
f 89/517 90/518 133/519
f 89/520 133/521 132/522
f 90/523 91/524 134/525
f 90/526 134/527 133/528
f 91/529 92/530 135/531
f 91/532 135/533 134/534
f 92/535 93/536 136/537
f 92/538 136/539 135/540
f 93/541 94/542 137/543
f 93/544 137/545 136/546
f 94/547 95/548 138/549
f 94/550 138/551 137/552
f 95/553 96/554 139/555
f 95/556 139/557 138/558
f 96/559 97/560 140/561
f 96/562 140/563 139/564
f 97/565 98/566 141/567
f 97/568 141/569 140/570
f 98/571 99/572 142/573
f 98/574 142/575 141/576
f 99/577 100/578 143/579
f 99/580 143/581 142/582
f 100/583 101/584 144/585
f 100/586 144/587 143/588
f 101/589 102/590 145/591
f 101/592 145/593 144/594
f 102/595 103/596 146/597
f 102/598 146/599 145/600
f 103/601 104/602 147/603
f 103/604 147/605 146/606
f 104/607 105/608 148/609
f 104/610 148/611 147/612
f 105/613 106/614 149/615
f 105/616 149/617 148/618
f 106/619 107/620 150/621
f 106/622 150/623 149/624
f 107/625 108/626 151/627
f 107/628 151/629 150/630
f 108/631 109/632 152/633
f 108/634 152/635 151/636
f 109/637 110/638 153/639
f 109/640 153/641 152/642
f 110/643 111/644 154/645
f 110/646 154/647 153/648
f 111/649 112/650 155/651
f 111/652 155/653 154/654
f 112/655 113/656 156/657
f 112/658 156/659 155/660
f 113/661 114/662 157/663
f 113/664 157/665 156/666
f 114/667 115/668 158/669
f 114/670 158/671 157/672
f 115/673 116/674 159/675
f 115/676 159/677 158/678
f 116/679 117/680 160/681
f 116/682 160/683 159/684
f 117/685 118/686 161/687
f 117/688 161/689 160/690
f 118/691 119/692 162/693
f 118/694 162/695 161/696
f 119/697 120/698 163/699
f 119/700 163/701 162/702
f 120/703 121/704 164/705
f 120/706 164/707 163/708
f 121/709 122/710 165/711
f 121/712 165/713 164/714
f 122/715 123/716 166/717
f 122/718 166/719 165/720
f 123/721 124/722 167/723
f 123/724 167/725 166/726
f 124/727 125/728 168/729
f 124/730 168/731 167/732
f 125/733 126/734 169/735
f 125/736 169/737 168/738
f 126/739 127/740 170/741
f 126/742 170/743 169/744
f 127/745 128/746 171/747
f 127/748 171/749 170/750
f 128/751 129/752 172/753
f 128/754 172/755 171/756
f 131/757 130/758 173/759
f 131/760 173/761 174/762
f 130/763 132/764 175/765
f 130/766 175/767 173/768
f 132/769 133/770 176/771
f 132/772 176/773 175/774
f 133/775 134/776 177/777
f 133/778 177/779 176/780
f 134/781 135/782 178/783
f 134/784 178/785 177/786
f 135/787 136/788 179/789
f 135/790 179/791 178/792
f 136/793 137/794 180/795
f 136/796 180/797 179/798
f 137/799 138/800 181/801
f 137/802 181/803 180/804
f 138/805 139/806 182/807
f 138/808 182/809 181/810
f 139/811 140/812 183/813
f 139/814 183/815 182/816
f 140/817 141/818 184/819
f 140/820 184/821 183/822
f 141/823 142/824 185/825
f 141/826 185/827 184/828
f 142/829 143/830 186/831
f 142/832 186/833 185/834
f 143/835 144/836 187/837
f 143/838 187/839 186/840
f 144/841 145/842 188/843
f 144/844 188/845 187/846
f 145/847 146/848 189/849
f 145/850 189/851 188/852
f 146/853 147/854 190/855
f 146/856 190/857 189/858
f 147/859 148/860 191/861
f 147/862 191/863 190/864
f 148/865 149/866 192/867
f 148/868 192/869 191/870
f 149/871 150/872 193/873
f 149/874 193/875 192/876
f 150/877 151/878 194/879
f 150/880 194/881 193/882
f 151/883 152/884 195/885
f 151/886 195/887 194/888
f 152/889 153/890 196/891
f 152/892 196/893 195/894
f 153/895 154/896 197/897
f 153/898 197/899 196/900
f 154/901 155/902 198/903
f 154/904 198/905 197/906
f 155/907 156/908 199/909
f 155/910 199/911 198/912
f 156/913 157/914 200/915
f 156/916 200/917 199/918
f 157/919 158/920 201/921
f 157/922 201/923 200/924
f 158/925 159/926 202/927
f 158/928 202/929 201/930
f 159/931 160/932 203/933
f 159/934 203/935 202/936
f 160/937 161/938 204/939
f 160/940 204/941 203/942
f 161/943 162/944 205/945
f 161/946 205/947 204/948
f 162/949 163/950 206/951
f 162/952 206/953 205/954
f 163/955 164/956 207/957
f 163/958 207/959 206/960
f 164/961 165/962 208/963
f 164/964 208/965 207/966
f 165/967 166/968 209/969
f 165/970 209/971 208/972
f 166/973 167/974 210/975
f 166/976 210/977 209/978
f 167/979 168/980 211/981
f 167/982 211/983 210/984
f 168/985 169/986 212/987
f 168/988 212/989 211/990
f 169/991 170/992 213/993
f 169/994 213/995 212/996
f 170/997 171/998 214/999
f 170/1000 214/1001 213/1002
f 171/1003 172/1004 215/1005
f 171/1006 215/1007 214/1008
f 174/1009 173/1010 216/1011
f 174/1012 216/1013 217/1014
f 173/1015 175/1016 218/1017
f 173/1018 218/1019 216/1020
f 175/1021 176/1022 219/1023
f 175/1024 219/1025 218/1026
f 176/1027 177/1028 220/1029
f 176/1030 220/1031 219/1032
f 177/1033 178/1034 221/1035
f 177/1036 221/1037 220/1038
f 178/1039 179/1040 222/1041
f 178/1042 222/1043 221/1044
f 179/1045 180/1046 223/1047
f 179/1048 223/1049 222/1050
f 180/1051 181/1052 224/1053
f 180/1054 224/1055 223/1056
f 181/1057 182/1058 225/1059
f 181/1060 225/1061 224/1062
f 182/1063 183/1064 226/1065
f 182/1066 226/1067 225/1068
f 183/1069 184/1070 227/1071
f 183/1072 227/1073 226/1074
f 184/1075 185/1076 228/1077
f 184/1078 228/1079 227/1080
f 185/1081 186/1082 229/1083
f 185/1084 229/1085 228/1086
f 186/1087 187/1088 230/1089
f 186/1090 230/1091 229/1092
f 187/1093 188/1094 231/1095
f 187/1096 231/1097 230/1098
f 188/1099 189/1100 232/1101
f 188/1102 232/1103 231/1104
f 189/1105 190/1106 233/1107
f 189/1108 233/1109 232/1110
f 190/1111 191/1112 234/1113
f 190/1114 234/1115 233/1116
f 191/1117 192/1118 235/1119
f 191/1120 235/1121 234/1122
f 192/1123 193/1124 236/1125
f 192/1126 236/1127 235/1128
f 193/1129 194/1130 237/1131
f 193/1132 237/1133 236/1134
f 194/1135 195/1136 238/1137
f 194/1138 238/1139 237/1140
f 195/1141 196/1142 239/1143
f 195/1144 239/1145 238/1146
f 196/1147 197/1148 240/1149
f 196/1150 240/1151 239/1152
f 197/1153 198/1154 241/1155
f 197/1156 241/1157 240/1158
f 198/1159 199/1160 242/1161
f 198/1162 242/1163 241/1164
f 199/1165 200/1166 243/1167
f 199/1168 243/1169 242/1170
f 200/1171 201/1172 244/1173
f 200/1174 244/1175 243/1176
f 201/1177 202/1178 245/1179
f 201/1180 245/1181 244/1182
f 202/1183 203/1184 246/1185
f 202/1186 246/1187 245/1188
f 203/1189 204/1190 247/1191
f 203/1192 247/1193 246/1194
f 204/1195 205/1196 248/1197
f 204/1198 248/1199 247/1200
f 205/1201 206/1202 249/1203
f 205/1204 249/1205 248/1206
f 206/1207 207/1208 250/1209
f 206/1210 250/1211 249/1212
f 207/1213 208/1214 251/1215
f 207/1216 251/1217 250/1218
f 208/1219 209/1220 252/1221
f 208/1222 252/1223 251/1224
f 209/1225 210/1226 253/1227
f 209/1228 253/1229 252/1230
f 210/1231 211/1232 254/1233
f 210/1234 254/1235 253/1236
f 211/1237 212/1238 255/1239
f 211/1240 255/1241 254/1242
f 212/1243 213/1244 256/1245
f 212/1246 256/1247 255/1248
f 213/1249 214/1250 257/1251
f 213/1252 257/1253 256/1254
f 214/1255 215/1256 258/1257
f 214/1258 258/1259 257/1260
f 217/1261 216/1262 259/1263
f 217/1264 259/1265 260/1266
f 216/1267 218/1268 261/1269
f 216/1270 261/1271 259/1272
f 218/1273 219/1274 262/1275
f 218/1276 262/1277 261/1278
f 219/1279 220/1280 263/1281
f 219/1282 263/1283 262/1284
f 220/1285 221/1286 264/1287
f 220/1288 264/1289 263/1290
f 221/1291 222/1292 265/1293
f 221/1294 265/1295 264/1296
f 222/1297 223/1298 266/1299
f 222/1300 266/1301 265/1302
f 223/1303 224/1304 267/1305
f 223/1306 267/1307 266/1308
f 224/1309 225/1310 268/1311
f 224/1312 268/1313 267/1314
f 225/1315 226/1316 269/1317
f 225/1318 269/1319 268/1320
f 226/1321 227/1322 270/1323
f 226/1324 270/1325 269/1326
f 227/1327 228/1328 271/1329
f 227/1330 271/1331 270/1332
f 228/1333 229/1334 272/1335
f 228/1336 272/1337 271/1338
f 229/1339 230/1340 273/1341
f 229/1342 273/1343 272/1344
f 230/1345 231/1346 274/1347
f 230/1348 274/1349 273/1350
f 231/1351 232/1352 275/1353
f 231/1354 275/1355 274/1356
f 232/1357 233/1358 276/1359
f 232/1360 276/1361 275/1362
f 233/1363 234/1364 277/1365
f 233/1366 277/1367 276/1368
f 234/1369 235/1370 278/1371
f 234/1372 278/1373 277/1374
f 235/1375 236/1376 279/1377
f 235/1378 279/1379 278/1380
f 236/1381 237/1382 280/1383
f 236/1384 280/1385 279/1386
f 237/1387 238/1388 281/1389
f 237/1390 281/1391 280/1392
f 238/1393 239/1394 282/1395
f 238/1396 282/1397 281/1398
f 239/1399 240/1400 283/1401
f 239/1402 283/1403 282/1404
f 240/1405 241/1406 284/1407
f 240/1408 284/1409 283/1410
f 241/1411 242/1412 285/1413
f 241/1414 285/1415 284/1416
f 242/1417 243/1418 286/1419
f 242/1420 286/1421 285/1422
f 243/1423 244/1424 287/1425
f 243/1426 287/1427 286/1428
f 244/1429 245/1430 288/1431
f 244/1432 288/1433 287/1434
f 245/1435 246/1436 289/1437
f 245/1438 289/1439 288/1440
f 246/1441 247/1442 290/1443
f 246/1444 290/1445 289/1446
f 247/1447 248/1448 291/1449
f 247/1450 291/1451 290/1452
f 248/1453 249/1454 292/1455
f 248/1456 292/1457 291/1458
f 249/1459 250/1460 293/1461
f 249/1462 293/1463 292/1464
f 250/1465 251/1466 294/1467
f 250/1468 294/1469 293/1470
f 251/1471 252/1472 295/1473
f 251/1474 295/1475 294/1476
f 252/1477 253/1478 296/1479
f 252/1480 296/1481 295/1482
f 253/1483 254/1484 297/1485
f 253/1486 297/1487 296/1488
f 254/1489 255/1490 298/1491
f 254/1492 298/1493 297/1494
f 255/1495 256/1496 299/1497
f 255/1498 299/1499 298/1500
f 256/1501 257/1502 300/1503
f 256/1504 300/1505 299/1506
f 257/1507 258/1508 301/1509
f 257/1510 301/1511 300/1512
f 260/1513 259/1514 302/1515
f 260/1516 302/1517 303/1518
f 259/1519 261/1520 304/1521
f 259/1522 304/1523 302/1524
f 261/1525 262/1526 305/1527
f 261/1528 305/1529 304/1530
f 262/1531 263/1532 306/1533
f 262/1534 306/1535 305/1536
f 263/1537 264/1538 307/1539
f 263/1540 307/1541 306/1542
f 264/1543 265/1544 308/1545
f 264/1546 308/1547 307/1548
f 265/1549 266/1550 309/1551
f 265/1552 309/1553 308/1554
f 266/1555 267/1556 310/1557
f 266/1558 310/1559 309/1560
f 267/1561 268/1562 311/1563
f 267/1564 311/1565 310/1566
f 268/1567 269/1568 312/1569
f 268/1570 312/1571 311/1572
f 269/1573 270/1574 313/1575
f 269/1576 313/1577 312/1578
f 270/1579 271/1580 314/1581
f 270/1582 314/1583 313/1584
f 271/1585 272/1586 315/1587
f 271/1588 315/1589 314/1590
f 272/1591 273/1592 316/1593
f 272/1594 316/1595 315/1596
f 273/1597 274/1598 317/1599
f 273/1600 317/1601 316/1602
f 274/1603 275/1604 318/1605
f 274/1606 318/1607 317/1608
f 275/1609 276/1610 319/1611
f 275/1612 319/1613 318/1614
f 276/1615 277/1616 320/1617
f 276/1618 320/1619 319/1620
f 277/1621 278/1622 321/1623
f 277/1624 321/1625 320/1626
f 278/1627 279/1628 322/1629
f 278/1630 322/1631 321/1632
f 279/1633 280/1634 323/1635
f 279/1636 323/1637 322/1638
f 280/1639 281/1640 324/1641
f 280/1642 324/1643 323/1644
f 281/1645 282/1646 325/1647
f 281/1648 325/1649 324/1650
f 282/1651 283/1652 326/1653
f 282/1654 326/1655 325/1656
f 283/1657 284/1658 327/1659
f 283/1660 327/1661 326/1662
f 284/1663 285/1664 328/1665
f 284/1666 328/1667 327/1668
f 285/1669 286/1670 329/1671
f 285/1672 329/1673 328/1674
f 286/1675 287/1676 330/1677
f 286/1678 330/1679 329/1680
f 287/1681 288/1682 331/1683
f 287/1684 331/1685 330/1686
f 288/1687 289/1688 332/1689
f 288/1690 332/1691 331/1692
f 289/1693 290/1694 333/1695
f 289/1696 333/1697 332/1698
f 290/1699 291/1700 334/1701
f 290/1702 334/1703 333/1704
f 291/1705 292/1706 335/1707
f 291/1708 335/1709 334/1710
f 292/1711 293/1712 336/1713
f 292/1714 336/1715 335/1716
f 293/1717 294/1718 337/1719
f 293/1720 337/1721 336/1722
f 294/1723 295/1724 338/1725
f 294/1726 338/1727 337/1728
f 295/1729 296/1730 339/1731
f 295/1732 339/1733 338/1734
f 296/1735 297/1736 340/1737
f 296/1738 340/1739 339/1740
f 297/1741 298/1742 341/1743
f 297/1744 341/1745 340/1746
f 298/1747 299/1748 342/1749
f 298/1750 342/1751 341/1752
f 299/1753 300/1754 343/1755
f 299/1756 343/1757 342/1758
f 300/1759 301/1760 344/1761
f 300/1762 344/1763 343/1764
f 303/1765 302/1766 345/1767
f 303/1768 345/1769 346/1770
f 302/1771 304/1772 347/1773
f 302/1774 347/1775 345/1776
f 304/1777 305/1778 348/1779
f 304/1780 348/1781 347/1782
f 305/1783 306/1784 349/1785
f 305/1786 349/1787 348/1788
f 306/1789 307/1790 350/1791
f 306/1792 350/1793 349/1794
f 307/1795 308/1796 351/1797
f 307/1798 351/1799 350/1800
f 308/1801 309/1802 352/1803
f 308/1804 352/1805 351/1806
f 309/1807 310/1808 353/1809
f 309/1810 353/1811 352/1812
f 310/1813 311/1814 354/1815
f 310/1816 354/1817 353/1818
f 311/1819 312/1820 355/1821
f 311/1822 355/1823 354/1824
f 312/1825 313/1826 356/1827
f 312/1828 356/1829 355/1830
f 313/1831 314/1832 357/1833
f 313/1834 357/1835 356/1836
f 314/1837 315/1838 358/1839
f 314/1840 358/1841 357/1842
f 315/1843 316/1844 359/1845
f 315/1846 359/1847 358/1848
f 316/1849 317/1850 360/1851
f 316/1852 360/1853 359/1854
f 317/1855 318/1856 361/1857
f 317/1858 361/1859 360/1860
f 318/1861 319/1862 362/1863
f 318/1864 362/1865 361/1866
f 319/1867 320/1868 363/1869
f 319/1870 363/1871 362/1872
f 320/1873 321/1874 364/1875
f 320/1876 364/1877 363/1878
f 321/1879 322/1880 365/1881
f 321/1882 365/1883 364/1884
f 322/1885 323/1886 366/1887
f 322/1888 366/1889 365/1890
f 323/1891 324/1892 367/1893
f 323/1894 367/1895 366/1896
f 324/1897 325/1898 368/1899
f 324/1900 368/1901 367/1902
f 325/1903 326/1904 369/1905
f 325/1906 369/1907 368/1908
f 326/1909 327/1910 370/1911
f 326/1912 370/1913 369/1914
f 327/1915 328/1916 371/1917
f 327/1918 371/1919 370/1920
f 328/1921 329/1922 372/1923
f 328/1924 372/1925 371/1926
f 329/1927 330/1928 373/1929
f 329/1930 373/1931 372/1932
f 330/1933 331/1934 374/1935
f 330/1936 374/1937 373/1938
f 331/1939 332/1940 375/1941
f 331/1942 375/1943 374/1944
f 332/1945 333/1946 376/1947
f 332/1948 376/1949 375/1950
f 333/1951 334/1952 377/1953
f 333/1954 377/1955 376/1956
f 334/1957 335/1958 378/1959
f 334/1960 378/1961 377/1962
f 335/1963 336/1964 379/1965
f 335/1966 379/1967 378/1968
f 336/1969 337/1970 380/1971
f 336/1972 380/1973 379/1974
f 337/1975 338/1976 381/1977
f 337/1978 381/1979 380/1980
f 338/1981 339/1982 382/1983
f 338/1984 382/1985 381/1986
f 339/1987 340/1988 383/1989
f 339/1990 383/1991 382/1992
f 340/1993 341/1994 384/1995
f 340/1996 384/1997 383/1998
f 341/1999 342/2000 385/2001
f 341/2002 385/2003 384/2004
f 342/2005 343/2006 386/2007
f 342/2008 386/2009 385/2010
f 343/2011 344/2012 387/2013
f 343/2014 387/2015 386/2016
f 346/2017 345/2018 388/2019
f 346/2020 388/2021 389/2022
f 345/2023 347/2024 390/2025
f 345/2026 390/2027 388/2028
f 347/2029 348/2030 391/2031
f 347/2032 391/2033 390/2034
f 348/2035 349/2036 392/2037
f 348/2038 392/2039 391/2040
f 349/2041 350/2042 393/2043
f 349/2044 393/2045 392/2046
f 350/2047 351/2048 394/2049
f 350/2050 394/2051 393/2052
f 351/2053 352/2054 395/2055
f 351/2056 395/2057 394/2058
f 352/2059 353/2060 396/2061
f 352/2062 396/2063 395/2064
f 353/2065 354/2066 397/2067
f 353/2068 397/2069 396/2070
f 354/2071 355/2072 398/2073
f 354/2074 398/2075 397/2076
f 355/2077 356/2078 399/2079
f 355/2080 399/2081 398/2082
f 356/2083 357/2084 400/2085
f 356/2086 400/2087 399/2088
f 357/2089 358/2090 401/2091
f 357/2092 401/2093 400/2094
f 358/2095 359/2096 402/2097
f 358/2098 402/2099 401/2100
f 359/2101 360/2102 403/2103
f 359/2104 403/2105 402/2106
f 360/2107 361/2108 404/2109
f 360/2110 404/2111 403/2112
f 361/2113 362/2114 405/2115
f 361/2116 405/2117 404/2118
f 362/2119 363/2120 406/2121
f 362/2122 406/2123 405/2124
f 363/2125 364/2126 407/2127
f 363/2128 407/2129 406/2130
f 364/2131 365/2132 408/2133
f 364/2134 408/2135 407/2136
f 365/2137 366/2138 409/2139
f 365/2140 409/2141 408/2142
f 366/2143 367/2144 410/2145
f 366/2146 410/2147 409/2148
f 367/2149 368/2150 411/2151
f 367/2152 411/2153 410/2154
f 368/2155 369/2156 412/2157
f 368/2158 412/2159 411/2160
f 369/2161 370/2162 413/2163
f 369/2164 413/2165 412/2166
f 370/2167 371/2168 414/2169
f 370/2170 414/2171 413/2172
f 371/2173 372/2174 415/2175
f 371/2176 415/2177 414/2178
f 372/2179 373/2180 416/2181
f 372/2182 416/2183 415/2184
f 373/2185 374/2186 417/2187
f 373/2188 417/2189 416/2190
f 374/2191 375/2192 418/2193
f 374/2194 418/2195 417/2196
f 375/2197 376/2198 419/2199
f 375/2200 419/2201 418/2202
f 376/2203 377/2204 420/2205
f 376/2206 420/2207 419/2208
f 377/2209 378/2210 421/2211
f 377/2212 421/2213 420/2214
f 378/2215 379/2216 422/2217
f 378/2218 422/2219 421/2220
f 379/2221 380/2222 423/2223
f 379/2224 423/2225 422/2226
f 380/2227 381/2228 424/2229
f 380/2230 424/2231 423/2232
f 381/2233 382/2234 425/2235
f 381/2236 425/2237 424/2238
f 382/2239 383/2240 426/2241
f 382/2242 426/2243 425/2244
f 383/2245 384/2246 427/2247
f 383/2248 427/2249 426/2250
f 384/2251 385/2252 428/2253
f 384/2254 428/2255 427/2256
f 385/2257 386/2258 429/2259
f 385/2260 429/2261 428/2262
f 386/2263 387/2264 430/2265
f 386/2266 430/2267 429/2268
f 389/2269 388/2270 431/2271
f 389/2272 431/2273 432/2274
f 388/2275 390/2276 433/2277
f 388/2278 433/2279 431/2280
f 390/2281 391/2282 434/2283
f 390/2284 434/2285 433/2286
f 391/2287 392/2288 435/2289
f 391/2290 435/2291 434/2292
f 392/2293 393/2294 436/2295
f 392/2296 436/2297 435/2298
f 393/2299 394/2300 437/2301
f 393/2302 437/2303 436/2304
f 394/2305 395/2306 438/2307
f 394/2308 438/2309 437/2310
f 395/2311 396/2312 439/2313
f 395/2314 439/2315 438/2316
f 396/2317 397/2318 440/2319
f 396/2320 440/2321 439/2322
f 397/2323 398/2324 441/2325
f 397/2326 441/2327 440/2328
f 398/2329 399/2330 442/2331
f 398/2332 442/2333 441/2334
f 399/2335 400/2336 443/2337
f 399/2338 443/2339 442/2340
f 400/2341 401/2342 444/2343
f 400/2344 444/2345 443/2346
f 401/2347 402/2348 445/2349
f 401/2350 445/2351 444/2352
f 402/2353 403/2354 446/2355
f 402/2356 446/2357 445/2358
f 403/2359 404/2360 447/2361
f 403/2362 447/2363 446/2364
f 404/2365 405/2366 448/2367
f 404/2368 448/2369 447/2370
f 405/2371 406/2372 449/2373
f 405/2374 449/2375 448/2376
f 406/2377 407/2378 450/2379
f 406/2380 450/2381 449/2382
f 407/2383 408/2384 451/2385
f 407/2386 451/2387 450/2388
f 408/2389 409/2390 452/2391
f 408/2392 452/2393 451/2394
f 409/2395 410/2396 453/2397
f 409/2398 453/2399 452/2400
f 410/2401 411/2402 454/2403
f 410/2404 454/2405 453/2406
f 411/2407 412/2408 455/2409
f 411/2410 455/2411 454/2412
f 412/2413 413/2414 456/2415
f 412/2416 456/2417 455/2418
f 413/2419 414/2420 457/2421
f 413/2422 457/2423 456/2424
f 414/2425 415/2426 458/2427
f 414/2428 458/2429 457/2430
f 415/2431 416/2432 459/2433
f 415/2434 459/2435 458/2436
f 416/2437 417/2438 460/2439
f 416/2440 460/2441 459/2442
f 417/2443 418/2444 461/2445
f 417/2446 461/2447 460/2448
f 418/2449 419/2450 462/2451
f 418/2452 462/2453 461/2454
f 419/2455 420/2456 463/2457
f 419/2458 463/2459 462/2460
f 420/2461 421/2462 464/2463
f 420/2464 464/2465 463/2466
f 421/2467 422/2468 465/2469
f 421/2470 465/2471 464/2472
f 422/2473 423/2474 466/2475
f 422/2476 466/2477 465/2478
f 423/2479 424/2480 467/2481
f 423/2482 467/2483 466/2484
f 424/2485 425/2486 468/2487
f 424/2488 468/2489 467/2490
f 425/2491 426/2492 469/2493
f 425/2494 469/2495 468/2496
f 426/2497 427/2498 470/2499
f 426/2500 470/2501 469/2502
f 427/2503 428/2504 471/2505
f 427/2506 471/2507 470/2508
f 428/2509 429/2510 472/2511
f 428/2512 472/2513 471/2514
f 429/2515 430/2516 473/2517
f 429/2518 473/2519 472/2520
f 432/2521 431/2522 474/2523
f 432/2524 474/2525 475/2526
f 431/2527 433/2528 476/2529
f 431/2530 476/2531 474/2532
f 433/2533 434/2534 477/2535
f 433/2536 477/2537 476/2538
f 434/2539 435/2540 478/2541
f 434/2542 478/2543 477/2544
f 435/2545 436/2546 479/2547
f 435/2548 479/2549 478/2550
f 436/2551 437/2552 480/2553
f 436/2554 480/2555 479/2556
f 437/2557 438/2558 481/2559
f 437/2560 481/2561 480/2562
f 438/2563 439/2564 482/2565
f 438/2566 482/2567 481/2568
f 439/2569 440/2570 483/2571
f 439/2572 483/2573 482/2574
f 440/2575 441/2576 484/2577
f 440/2578 484/2579 483/2580
f 441/2581 442/2582 485/2583
f 441/2584 485/2585 484/2586
f 442/2587 443/2588 486/2589
f 442/2590 486/2591 485/2592
f 443/2593 444/2594 487/2595
f 443/2596 487/2597 486/2598
f 444/2599 445/2600 488/2601
f 444/2602 488/2603 487/2604
f 445/2605 446/2606 489/2607
f 445/2608 489/2609 488/2610
f 446/2611 447/2612 490/2613
f 446/2614 490/2615 489/2616
f 447/2617 448/2618 491/2619
f 447/2620 491/2621 490/2622
f 448/2623 449/2624 492/2625
f 448/2626 492/2627 491/2628
f 449/2629 450/2630 493/2631
f 449/2632 493/2633 492/2634
f 450/2635 451/2636 494/2637
f 450/2638 494/2639 493/2640
f 451/2641 452/2642 495/2643
f 451/2644 495/2645 494/2646
f 452/2647 453/2648 496/2649
f 452/2650 496/2651 495/2652
f 453/2653 454/2654 497/2655
f 453/2656 497/2657 496/2658
f 454/2659 455/2660 498/2661
f 454/2662 498/2663 497/2664
f 455/2665 456/2666 499/2667
f 455/2668 499/2669 498/2670
f 456/2671 457/2672 500/2673
f 456/2674 500/2675 499/2676
f 457/2677 458/2678 501/2679
f 457/2680 501/2681 500/2682
f 458/2683 459/2684 502/2685
f 458/2686 502/2687 501/2688
f 459/2689 460/2690 503/2691
f 459/2692 503/2693 502/2694
f 460/2695 461/2696 504/2697
f 460/2698 504/2699 503/2700
f 461/2701 462/2702 505/2703
f 461/2704 505/2705 504/2706
f 462/2707 463/2708 506/2709
f 462/2710 506/2711 505/2712
f 463/2713 464/2714 507/2715
f 463/2716 507/2717 506/2718
f 464/2719 465/2720 508/2721
f 464/2722 508/2723 507/2724
f 465/2725 466/2726 509/2727
f 465/2728 509/2729 508/2730
f 466/2731 467/2732 510/2733
f 466/2734 510/2735 509/2736
f 467/2737 468/2738 511/2739
f 467/2740 511/2741 510/2742
f 468/2743 469/2744 512/2745
f 468/2746 512/2747 511/2748
f 469/2749 470/2750 513/2751
f 469/2752 513/2753 512/2754
f 470/2755 471/2756 514/2757
f 470/2758 514/2759 513/2760
f 471/2761 472/2762 515/2763
f 471/2764 515/2765 514/2766
f 472/2767 473/2768 516/2769
f 472/2770 516/2771 515/2772
f 475/2773 474/2774 517/2775
f 475/2776 517/2777 518/2778
f 474/2779 476/2780 519/2781
f 474/2782 519/2783 517/2784
f 476/2785 477/2786 520/2787
f 476/2788 520/2789 519/2790
f 477/2791 478/2792 521/2793
f 477/2794 521/2795 520/2796
f 478/2797 479/2798 522/2799
f 478/2800 522/2801 521/2802
f 479/2803 480/2804 523/2805
f 479/2806 523/2807 522/2808
f 480/2809 481/2810 524/2811
f 480/2812 524/2813 523/2814
f 481/2815 482/2816 525/2817
f 481/2818 525/2819 524/2820
f 482/2821 483/2822 526/2823
f 482/2824 526/2825 525/2826
f 483/2827 484/2828 527/2829
f 483/2830 527/2831 526/2832
f 484/2833 485/2834 528/2835
f 484/2836 528/2837 527/2838
f 485/2839 486/2840 529/2841
f 485/2842 529/2843 528/2844
f 486/2845 487/2846 530/2847
f 486/2848 530/2849 529/2850
f 487/2851 488/2852 531/2853
f 487/2854 531/2855 530/2856
f 488/2857 489/2858 532/2859
f 488/2860 532/2861 531/2862
f 489/2863 490/2864 533/2865
f 489/2866 533/2867 532/2868
f 490/2869 491/2870 534/2871
f 490/2872 534/2873 533/2874
f 491/2875 492/2876 535/2877
f 491/2878 535/2879 534/2880
f 492/2881 493/2882 536/2883
f 492/2884 536/2885 535/2886
f 493/2887 494/2888 537/2889
f 493/2890 537/2891 536/2892
f 494/2893 495/2894 538/2895
f 494/2896 538/2897 537/2898
f 495/2899 496/2900 539/2901
f 495/2902 539/2903 538/2904
f 496/2905 497/2906 540/2907
f 496/2908 540/2909 539/2910
f 497/2911 498/2912 541/2913
f 497/2914 541/2915 540/2916
f 498/2917 499/2918 542/2919
f 498/2920 542/2921 541/2922
f 499/2923 500/2924 543/2925
f 499/2926 543/2927 542/2928
f 500/2929 501/2930 544/2931
f 500/2932 544/2933 543/2934
f 501/2935 502/2936 545/2937
f 501/2938 545/2939 544/2940
f 502/2941 503/2942 546/2943
f 502/2944 546/2945 545/2946
f 503/2947 504/2948 547/2949
f 503/2950 547/2951 546/2952
f 504/2953 505/2954 548/2955
f 504/2956 548/2957 547/2958
f 505/2959 506/2960 549/2961
f 505/2962 549/2963 548/2964
f 506/2965 507/2966 550/2967
f 506/2968 550/2969 549/2970
f 507/2971 508/2972 551/2973
f 507/2974 551/2975 550/2976
f 508/2977 509/2978 552/2979
f 508/2980 552/2981 551/2982
f 509/2983 510/2984 553/2985
f 509/2986 553/2987 552/2988
f 510/2989 511/2990 554/2991
f 510/2992 554/2993 553/2994
f 511/2995 512/2996 555/2997
f 511/2998 555/2999 554/3000
f 512/3001 513/3002 556/3003
f 512/3004 556/3005 555/3006
f 513/3007 514/3008 557/3009
f 513/3010 557/3011 556/3012
f 514/3013 515/3014 558/3015
f 514/3016 558/3017 557/3018
f 515/3019 516/3020 559/3021
f 515/3022 559/3023 558/3024
f 518/3025 517/3026 560/3027
f 518/3028 560/3029 561/3030
f 517/3031 519/3032 562/3033
f 517/3034 562/3035 560/3036
f 519/3037 520/3038 563/3039
f 519/3040 563/3041 562/3042
f 520/3043 521/3044 564/3045
f 520/3046 564/3047 563/3048
f 521/3049 522/3050 565/3051
f 521/3052 565/3053 564/3054
f 522/3055 523/3056 566/3057
f 522/3058 566/3059 565/3060
f 523/3061 524/3062 567/3063
f 523/3064 567/3065 566/3066
f 524/3067 525/3068 568/3069
f 524/3070 568/3071 567/3072
f 525/3073 526/3074 569/3075
f 525/3076 569/3077 568/3078
f 526/3079 527/3080 570/3081
f 526/3082 570/3083 569/3084
f 527/3085 528/3086 571/3087
f 527/3088 571/3089 570/3090
f 528/3091 529/3092 572/3093
f 528/3094 572/3095 571/3096
f 529/3097 530/3098 573/3099
f 529/3100 573/3101 572/3102
f 530/3103 531/3104 574/3105
f 530/3106 574/3107 573/3108
f 531/3109 532/3110 575/3111
f 531/3112 575/3113 574/3114
f 532/3115 533/3116 576/3117
f 532/3118 576/3119 575/3120
f 533/3121 534/3122 577/3123
f 533/3124 577/3125 576/3126
f 534/3127 535/3128 578/3129
f 534/3130 578/3131 577/3132
f 535/3133 536/3134 579/3135
f 535/3136 579/3137 578/3138
f 536/3139 537/3140 580/3141
f 536/3142 580/3143 579/3144
f 537/3145 538/3146 581/3147
f 537/3148 581/3149 580/3150
f 538/3151 539/3152 582/3153
f 538/3154 582/3155 581/3156
f 539/3157 540/3158 583/3159
f 539/3160 583/3161 582/3162
f 540/3163 541/3164 584/3165
f 540/3166 584/3167 583/3168
f 541/3169 542/3170 585/3171
f 541/3172 585/3173 584/3174
f 542/3175 543/3176 586/3177
f 542/3178 586/3179 585/3180
f 543/3181 544/3182 587/3183
f 543/3184 587/3185 586/3186
f 544/3187 545/3188 588/3189
f 544/3190 588/3191 587/3192
f 545/3193 546/3194 589/3195
f 545/3196 589/3197 588/3198
f 546/3199 547/3200 590/3201
f 546/3202 590/3203 589/3204
f 547/3205 548/3206 591/3207
f 547/3208 591/3209 590/3210
f 548/3211 549/3212 592/3213
f 548/3214 592/3215 591/3216
f 549/3217 550/3218 593/3219
f 549/3220 593/3221 592/3222
f 550/3223 551/3224 594/3225
f 550/3226 594/3227 593/3228
f 551/3229 552/3230 595/3231
f 551/3232 595/3233 594/3234
f 552/3235 553/3236 596/3237
f 552/3238 596/3239 595/3240
f 553/3241 554/3242 597/3243
f 553/3244 597/3245 596/3246
f 554/3247 555/3248 598/3249
f 554/3250 598/3251 597/3252
f 555/3253 556/3254 599/3255
f 555/3256 599/3257 598/3258
f 556/3259 557/3260 600/3261
f 556/3262 600/3263 599/3264
f 557/3265 558/3266 601/3267
f 557/3268 601/3269 600/3270
f 558/3271 559/3272 602/3273
f 558/3274 602/3275 601/3276
f 561/3277 560/3278 603/3279
f 561/3280 603/3281 604/3282
f 560/3283 562/3284 605/3285
f 560/3286 605/3287 603/3288
f 562/3289 563/3290 606/3291
f 562/3292 606/3293 605/3294
f 563/3295 564/3296 607/3297
f 563/3298 607/3299 606/3300
f 564/3301 565/3302 608/3303
f 564/3304 608/3305 607/3306
f 565/3307 566/3308 609/3309
f 565/3310 609/3311 608/3312
f 566/3313 567/3314 610/3315
f 566/3316 610/3317 609/3318
f 567/3319 568/3320 611/3321
f 567/3322 611/3323 610/3324
f 568/3325 569/3326 612/3327
f 568/3328 612/3329 611/3330
f 569/3331 570/3332 613/3333
f 569/3334 613/3335 612/3336
f 570/3337 571/3338 614/3339
f 570/3340 614/3341 613/3342
f 571/3343 572/3344 615/3345
f 571/3346 615/3347 614/3348
f 572/3349 573/3350 616/3351
f 572/3352 616/3353 615/3354
f 573/3355 574/3356 617/3357
f 573/3358 617/3359 616/3360
f 574/3361 575/3362 618/3363
f 574/3364 618/3365 617/3366
f 575/3367 576/3368 619/3369
f 575/3370 619/3371 618/3372
f 576/3373 577/3374 620/3375
f 576/3376 620/3377 619/3378
f 577/3379 578/3380 621/3381
f 577/3382 621/3383 620/3384
f 578/3385 579/3386 622/3387
f 578/3388 622/3389 621/3390
f 579/3391 580/3392 623/3393
f 579/3394 623/3395 622/3396
f 580/3397 581/3398 624/3399
f 580/3400 624/3401 623/3402
f 581/3403 582/3404 625/3405
f 581/3406 625/3407 624/3408
f 582/3409 583/3410 626/3411
f 582/3412 626/3413 625/3414
f 583/3415 584/3416 627/3417
f 583/3418 627/3419 626/3420
f 584/3421 585/3422 628/3423
f 584/3424 628/3425 627/3426
f 585/3427 586/3428 629/3429
f 585/3430 629/3431 628/3432
f 586/3433 587/3434 630/3435
f 586/3436 630/3437 629/3438
f 587/3439 588/3440 631/3441
f 587/3442 631/3443 630/3444
f 588/3445 589/3446 632/3447
f 588/3448 632/3449 631/3450
f 589/3451 590/3452 633/3453
f 589/3454 633/3455 632/3456
f 590/3457 591/3458 634/3459
f 590/3460 634/3461 633/3462
f 591/3463 592/3464 635/3465
f 591/3466 635/3467 634/3468
f 592/3469 593/3470 636/3471
f 592/3472 636/3473 635/3474
f 593/3475 594/3476 637/3477
f 593/3478 637/3479 636/3480
f 594/3481 595/3482 638/3483
f 594/3484 638/3485 637/3486
f 595/3487 596/3488 639/3489
f 595/3490 639/3491 638/3492
f 596/3493 597/3494 640/3495
f 596/3496 640/3497 639/3498
f 597/3499 598/3500 641/3501
f 597/3502 641/3503 640/3504
f 598/3505 599/3506 642/3507
f 598/3508 642/3509 641/3510
f 599/3511 600/3512 643/3513
f 599/3514 643/3515 642/3516
f 600/3517 601/3518 644/3519
f 600/3520 644/3521 643/3522
f 601/3523 602/3524 645/3525
f 601/3526 645/3527 644/3528
f 604/3529 603/3530 646/3531
f 604/3532 646/3533 647/3534
f 603/3535 605/3536 648/3537
f 603/3538 648/3539 646/3540
f 605/3541 606/3542 649/3543
f 605/3544 649/3545 648/3546
f 606/3547 607/3548 650/3549
f 606/3550 650/3551 649/3552
f 607/3553 608/3554 651/3555
f 607/3556 651/3557 650/3558
f 608/3559 609/3560 652/3561
f 608/3562 652/3563 651/3564
f 609/3565 610/3566 653/3567
f 609/3568 653/3569 652/3570
f 610/3571 611/3572 654/3573
f 610/3574 654/3575 653/3576
f 611/3577 612/3578 655/3579
f 611/3580 655/3581 654/3582
f 612/3583 613/3584 656/3585
f 612/3586 656/3587 655/3588
f 613/3589 614/3590 657/3591
f 613/3592 657/3593 656/3594
f 614/3595 615/3596 658/3597
f 614/3598 658/3599 657/3600
f 615/3601 616/3602 659/3603
f 615/3604 659/3605 658/3606
f 616/3607 617/3608 660/3609
f 616/3610 660/3611 659/3612
f 617/3613 618/3614 661/3615
f 617/3616 661/3617 660/3618
f 618/3619 619/3620 662/3621
f 618/3622 662/3623 661/3624
f 619/3625 620/3626 663/3627
f 619/3628 663/3629 662/3630
f 620/3631 621/3632 664/3633
f 620/3634 664/3635 663/3636
f 621/3637 622/3638 665/3639
f 621/3640 665/3641 664/3642
f 622/3643 623/3644 666/3645
f 622/3646 666/3647 665/3648
f 623/3649 624/3650 667/3651
f 623/3652 667/3653 666/3654
f 624/3655 625/3656 668/3657
f 624/3658 668/3659 667/3660
f 625/3661 626/3662 669/3663
f 625/3664 669/3665 668/3666
f 626/3667 627/3668 670/3669
f 626/3670 670/3671 669/3672
f 627/3673 628/3674 671/3675
f 627/3676 671/3677 670/3678
f 628/3679 629/3680 672/3681
f 628/3682 672/3683 671/3684
f 629/3685 630/3686 673/3687
f 629/3688 673/3689 672/3690
f 630/3691 631/3692 674/3693
f 630/3694 674/3695 673/3696
f 631/3697 632/3698 675/3699
f 631/3700 675/3701 674/3702
f 632/3703 633/3704 676/3705
f 632/3706 676/3707 675/3708
f 633/3709 634/3710 677/3711
f 633/3712 677/3713 676/3714
f 634/3715 635/3716 678/3717
f 634/3718 678/3719 677/3720
f 635/3721 636/3722 679/3723
f 635/3724 679/3725 678/3726
f 636/3727 637/3728 680/3729
f 636/3730 680/3731 679/3732
f 637/3733 638/3734 681/3735
f 637/3736 681/3737 680/3738
f 638/3739 639/3740 682/3741
f 638/3742 682/3743 681/3744
f 639/3745 640/3746 683/3747
f 639/3748 683/3749 682/3750
f 640/3751 641/3752 684/3753
f 640/3754 684/3755 683/3756
f 641/3757 642/3758 685/3759
f 641/3760 685/3761 684/3762
f 642/3763 643/3764 686/3765
f 642/3766 686/3767 685/3768
f 643/3769 644/3770 687/3771
f 643/3772 687/3773 686/3774
f 644/3775 645/3776 688/3777
f 644/3778 688/3779 687/3780
f 647/3781 646/3782 689/3783
f 647/3784 689/3785 690/3786
f 646/3787 648/3788 691/3789
f 646/3790 691/3791 689/3792
f 648/3793 649/3794 692/3795
f 648/3796 692/3797 691/3798
f 649/3799 650/3800 693/3801
f 649/3802 693/3803 692/3804
f 650/3805 651/3806 694/3807
f 650/3808 694/3809 693/3810
f 651/3811 652/3812 695/3813
f 651/3814 695/3815 694/3816
f 652/3817 653/3818 696/3819
f 652/3820 696/3821 695/3822
f 653/3823 654/3824 697/3825
f 653/3826 697/3827 696/3828
f 654/3829 655/3830 698/3831
f 654/3832 698/3833 697/3834
f 655/3835 656/3836 699/3837
f 655/3838 699/3839 698/3840
f 656/3841 657/3842 700/3843
f 656/3844 700/3845 699/3846
f 657/3847 658/3848 701/3849
f 657/3850 701/3851 700/3852
f 658/3853 659/3854 702/3855
f 658/3856 702/3857 701/3858
f 659/3859 660/3860 703/3861
f 659/3862 703/3863 702/3864
f 660/3865 661/3866 704/3867
f 660/3868 704/3869 703/3870
f 661/3871 662/3872 705/3873
f 661/3874 705/3875 704/3876
f 662/3877 663/3878 706/3879
f 662/3880 706/3881 705/3882
f 663/3883 664/3884 707/3885
f 663/3886 707/3887 706/3888
f 664/3889 665/3890 708/3891
f 664/3892 708/3893 707/3894
f 665/3895 666/3896 709/3897
f 665/3898 709/3899 708/3900
f 666/3901 667/3902 710/3903
f 666/3904 710/3905 709/3906
f 667/3907 668/3908 711/3909
f 667/3910 711/3911 710/3912
f 668/3913 669/3914 712/3915
f 668/3916 712/3917 711/3918
f 669/3919 670/3920 713/3921
f 669/3922 713/3923 712/3924
f 670/3925 671/3926 714/3927
f 670/3928 714/3929 713/3930
f 671/3931 672/3932 715/3933
f 671/3934 715/3935 714/3936
f 672/3937 673/3938 716/3939
f 672/3940 716/3941 715/3942
f 673/3943 674/3944 717/3945
f 673/3946 717/3947 716/3948
f 674/3949 675/3950 718/3951
f 674/3952 718/3953 717/3954
f 675/3955 676/3956 719/3957
f 675/3958 719/3959 718/3960
f 676/3961 677/3962 720/3963
f 676/3964 720/3965 719/3966
f 677/3967 678/3968 721/3969
f 677/3970 721/3971 720/3972
f 678/3973 679/3974 722/3975
f 678/3976 722/3977 721/3978
f 679/3979 680/3980 723/3981
f 679/3982 723/3983 722/3984
f 680/3985 681/3986 724/3987
f 680/3988 724/3989 723/3990
f 681/3991 682/3992 725/3993
f 681/3994 725/3995 724/3996
f 682/3997 683/3998 726/3999
f 682/4000 726/4001 725/4002
f 683/4003 684/4004 727/4005
f 683/4006 727/4007 726/4008
f 684/4009 685/4010 728/4011
f 684/4012 728/4013 727/4014
f 685/4015 686/4016 729/4017
f 685/4018 729/4019 728/4020
f 686/4021 687/4022 730/4023
f 686/4024 730/4025 729/4026
f 687/4027 688/4028 731/4029
f 687/4030 731/4031 730/4032
f 690/4033 689/4034 732/4035
f 690/4036 732/4037 733/4038
f 689/4039 691/4040 734/4041
f 689/4042 734/4043 732/4044
f 691/4045 692/4046 735/4047
f 691/4048 735/4049 734/4050
f 692/4051 693/4052 736/4053
f 692/4054 736/4055 735/4056
f 693/4057 694/4058 737/4059
f 693/4060 737/4061 736/4062
f 694/4063 695/4064 738/4065
f 694/4066 738/4067 737/4068
f 695/4069 696/4070 739/4071
f 695/4072 739/4073 738/4074
f 696/4075 697/4076 740/4077
f 696/4078 740/4079 739/4080
f 697/4081 698/4082 741/4083
f 697/4084 741/4085 740/4086
f 698/4087 699/4088 742/4089
f 698/4090 742/4091 741/4092
f 699/4093 700/4094 743/4095
f 699/4096 743/4097 742/4098
f 700/4099 701/4100 744/4101
f 700/4102 744/4103 743/4104
f 701/4105 702/4106 745/4107
f 701/4108 745/4109 744/4110
f 702/4111 703/4112 746/4113
f 702/4114 746/4115 745/4116
f 703/4117 704/4118 747/4119
f 703/4120 747/4121 746/4122
f 704/4123 705/4124 748/4125
f 704/4126 748/4127 747/4128
f 705/4129 706/4130 749/4131
f 705/4132 749/4133 748/4134
f 706/4135 707/4136 750/4137
f 706/4138 750/4139 749/4140
f 707/4141 708/4142 751/4143
f 707/4144 751/4145 750/4146
f 708/4147 709/4148 752/4149
f 708/4150 752/4151 751/4152
f 709/4153 710/4154 753/4155
f 709/4156 753/4157 752/4158
f 710/4159 711/4160 754/4161
f 710/4162 754/4163 753/4164
f 711/4165 712/4166 755/4167
f 711/4168 755/4169 754/4170
f 712/4171 713/4172 756/4173
f 712/4174 756/4175 755/4176
f 713/4177 714/4178 757/4179
f 713/4180 757/4181 756/4182
f 714/4183 715/4184 758/4185
f 714/4186 758/4187 757/4188
f 715/4189 716/4190 759/4191
f 715/4192 759/4193 758/4194
f 716/4195 717/4196 760/4197
f 716/4198 760/4199 759/4200
f 717/4201 718/4202 761/4203
f 717/4204 761/4205 760/4206
f 718/4207 719/4208 762/4209
f 718/4210 762/4211 761/4212
f 719/4213 720/4214 763/4215
f 719/4216 763/4217 762/4218
f 720/4219 721/4220 764/4221
f 720/4222 764/4223 763/4224
f 721/4225 722/4226 765/4227
f 721/4228 765/4229 764/4230
f 722/4231 723/4232 766/4233
f 722/4234 766/4235 765/4236
f 723/4237 724/4238 767/4239
f 723/4240 767/4241 766/4242
f 724/4243 725/4244 768/4245
f 724/4246 768/4247 767/4248
f 725/4249 726/4250 769/4251
f 725/4252 769/4253 768/4254
f 726/4255 727/4256 770/4257
f 726/4258 770/4259 769/4260
f 727/4261 728/4262 771/4263
f 727/4264 771/4265 770/4266
f 728/4267 729/4268 772/4269
f 728/4270 772/4271 771/4272
f 729/4273 730/4274 773/4275
f 729/4276 773/4277 772/4278
f 730/4279 731/4280 774/4281
f 730/4282 774/4283 773/4284
f 733/4285 732/4286 775/4287
f 733/4288 775/4289 776/4290
f 732/4291 734/4292 777/4293
f 732/4294 777/4295 775/4296
f 734/4297 735/4298 778/4299
f 734/4300 778/4301 777/4302
f 735/4303 736/4304 779/4305
f 735/4306 779/4307 778/4308
f 736/4309 737/4310 780/4311
f 736/4312 780/4313 779/4314
f 737/4315 738/4316 781/4317
f 737/4318 781/4319 780/4320
f 738/4321 739/4322 782/4323
f 738/4324 782/4325 781/4326
f 739/4327 740/4328 783/4329
f 739/4330 783/4331 782/4332
f 740/4333 741/4334 784/4335
f 740/4336 784/4337 783/4338
f 741/4339 742/4340 785/4341
f 741/4342 785/4343 784/4344
f 742/4345 743/4346 786/4347
f 742/4348 786/4349 785/4350
f 743/4351 744/4352 787/4353
f 743/4354 787/4355 786/4356
f 744/4357 745/4358 788/4359
f 744/4360 788/4361 787/4362
f 745/4363 746/4364 789/4365
f 745/4366 789/4367 788/4368
f 746/4369 747/4370 790/4371
f 746/4372 790/4373 789/4374
f 747/4375 748/4376 791/4377
f 747/4378 791/4379 790/4380
f 748/4381 749/4382 792/4383
f 748/4384 792/4385 791/4386
f 749/4387 750/4388 793/4389
f 749/4390 793/4391 792/4392
f 750/4393 751/4394 794/4395
f 750/4396 794/4397 793/4398
f 751/4399 752/4400 795/4401
f 751/4402 795/4403 794/4404
f 752/4405 753/4406 796/4407
f 752/4408 796/4409 795/4410
f 753/4411 754/4412 797/4413
f 753/4414 797/4415 796/4416
f 754/4417 755/4418 798/4419
f 754/4420 798/4421 797/4422
f 755/4423 756/4424 799/4425
f 755/4426 799/4427 798/4428
f 756/4429 757/4430 800/4431
f 756/4432 800/4433 799/4434
f 757/4435 758/4436 801/4437
f 757/4438 801/4439 800/4440
f 758/4441 759/4442 802/4443
f 758/4444 802/4445 801/4446
f 759/4447 760/4448 803/4449
f 759/4450 803/4451 802/4452
f 760/4453 761/4454 804/4455
f 760/4456 804/4457 803/4458
f 761/4459 762/4460 805/4461
f 761/4462 805/4463 804/4464
f 762/4465 763/4466 806/4467
f 762/4468 806/4469 805/4470
f 763/4471 764/4472 807/4473
f 763/4474 807/4475 806/4476
f 764/4477 765/4478 808/4479
f 764/4480 808/4481 807/4482
f 765/4483 766/4484 809/4485
f 765/4486 809/4487 808/4488
f 766/4489 767/4490 810/4491
f 766/4492 810/4493 809/4494
f 767/4495 768/4496 811/4497
f 767/4498 811/4499 810/4500
f 768/4501 769/4502 812/4503
f 768/4504 812/4505 811/4506
f 769/4507 770/4508 813/4509
f 769/4510 813/4511 812/4512
f 770/4513 771/4514 814/4515
f 770/4516 814/4517 813/4518
f 771/4519 772/4520 815/4521
f 771/4522 815/4523 814/4524
f 772/4525 773/4526 816/4527
f 772/4528 816/4529 815/4530
f 773/4531 774/4532 817/4533
f 773/4534 817/4535 816/4536
f 776/4537 775/4538 818/4539
f 776/4540 818/4541 819/4542
f 775/4543 777/4544 820/4545
f 775/4546 820/4547 818/4548
f 777/4549 778/4550 821/4551
f 777/4552 821/4553 820/4554
f 778/4555 779/4556 822/4557
f 778/4558 822/4559 821/4560
f 779/4561 780/4562 823/4563
f 779/4564 823/4565 822/4566
f 780/4567 781/4568 824/4569
f 780/4570 824/4571 823/4572
f 781/4573 782/4574 825/4575
f 781/4576 825/4577 824/4578
f 782/4579 783/4580 826/4581
f 782/4582 826/4583 825/4584
f 783/4585 784/4586 827/4587
f 783/4588 827/4589 826/4590
f 784/4591 785/4592 828/4593
f 784/4594 828/4595 827/4596
f 785/4597 786/4598 829/4599
f 785/4600 829/4601 828/4602
f 786/4603 787/4604 830/4605
f 786/4606 830/4607 829/4608
f 787/4609 788/4610 831/4611
f 787/4612 831/4613 830/4614
f 788/4615 789/4616 832/4617
f 788/4618 832/4619 831/4620
f 789/4621 790/4622 833/4623
f 789/4624 833/4625 832/4626
f 790/4627 791/4628 834/4629
f 790/4630 834/4631 833/4632
f 791/4633 792/4634 835/4635
f 791/4636 835/4637 834/4638
f 792/4639 793/4640 836/4641
f 792/4642 836/4643 835/4644
f 793/4645 794/4646 837/4647
f 793/4648 837/4649 836/4650
f 794/4651 795/4652 838/4653
f 794/4654 838/4655 837/4656
f 795/4657 796/4658 839/4659
f 795/4660 839/4661 838/4662
f 796/4663 797/4664 840/4665
f 796/4666 840/4667 839/4668
f 797/4669 798/4670 841/4671
f 797/4672 841/4673 840/4674
f 798/4675 799/4676 842/4677
f 798/4678 842/4679 841/4680
f 799/4681 800/4682 843/4683
f 799/4684 843/4685 842/4686
f 800/4687 801/4688 844/4689
f 800/4690 844/4691 843/4692
f 801/4693 802/4694 845/4695
f 801/4696 845/4697 844/4698
f 802/4699 803/4700 846/4701
f 802/4702 846/4703 845/4704
f 803/4705 804/4706 847/4707
f 803/4708 847/4709 846/4710
f 804/4711 805/4712 848/4713
f 804/4714 848/4715 847/4716
f 805/4717 806/4718 849/4719
f 805/4720 849/4721 848/4722
f 806/4723 807/4724 850/4725
f 806/4726 850/4727 849/4728
f 807/4729 808/4730 851/4731
f 807/4732 851/4733 850/4734
f 808/4735 809/4736 852/4737
f 808/4738 852/4739 851/4740
f 809/4741 810/4742 853/4743
f 809/4744 853/4745 852/4746
f 810/4747 811/4748 854/4749
f 810/4750 854/4751 853/4752
f 811/4753 812/4754 855/4755
f 811/4756 855/4757 854/4758
f 812/4759 813/4760 856/4761
f 812/4762 856/4763 855/4764
f 813/4765 814/4766 857/4767
f 813/4768 857/4769 856/4770
f 814/4771 815/4772 858/4773
f 814/4774 858/4775 857/4776
f 815/4777 816/4778 859/4779
f 815/4780 859/4781 858/4782
f 816/4783 817/4784 860/4785
f 816/4786 860/4787 859/4788
