model,variant,seed_index,termination,decisive_cause,planner_calls,missing_conditions,failure_codes
holo2-8b,FINAL.K0,0,replan_budget_exhausted,budget <- Corrective block: invalid_corrective_block,11,"mug1 is in pantry_area, expected inside_box | mug2 is in pantry_area, expected inside_box | mug3 is in cupboard_shelf, expected inside_box | sugar is in pantry_area, expected cupboard_shelf",invalid_corrective_block:8 box_lid_obstructed:1 placement_failed:1
holo2-8b,FINAL.K0,1,replan_budget_exhausted,budget <- Scene precondition: box_lid_closed,11,"mug1 is in pantry_area, expected inside_box | mug2 is in pantry_area, expected inside_box | mug3 is in cupboard_shelf, expected inside_box | spam is in pantry_area, expected cupboard_shelf | sugar is in pantry_area, expected cupboard_shelf",box_lid_closed:4 missing_post_pick_place:4 box_lid_obstructed:1 orphan_place:1
holo2-8b,FINAL.K0,5,replan_budget_exhausted,budget <- Plan rules: missing_post_pick_place,11,"mug3 is in table_staging_area, expected inside_box",missing_post_pick_place:4 box_lid_closed:2 box_lid_obstructed:1 executor_failure:1 invalid_corrective_block:1
holo2-8b,FINAL.K0,7,replan_loop,loop <- Scene precondition: box_lid_obstructed,5,"mug1 is in pantry_area, expected inside_box | mug2 is in box_lid_top, expected inside_box | mug3 is in cupboard_shelf, expected inside_box | spam is in pantry_area, expected cupboard_shelf | sugar is in pantry_area, expected cupboard_shelf",box_lid_obstructed:2 repeated_planner_output:2 missing_post_pick_place:1
holo2-8b,FINAL.K0,9,replan_budget_exhausted,budget <- Corrective block: invalid_corrective_block,11,"mug1 is in table_staging_area, expected inside_box | mug2 is in box_lid_top, expected inside_box | mug3 is in cupboard_shelf, expected inside_box | spam is in pantry_area, expected cupboard_shelf",invalid_corrective_block:7 box_lid_obstructed:1 box_lid_closed:1
holo2-8b,FINAL.K1,0,replan_budget_exhausted,budget <- Scene precondition: box_lid_obstructed,11,"mug2 is in pantry_area, expected inside_box | mug3 is in cupboard_shelf, expected inside_box | spam is in pantry_area, expected cupboard_shelf | sugar is in pantry_area, expected cupboard_shelf | phone is in the inside_box placement area | HC-box violated: mug1 placed into the box before phone was cleared",box_lid_obstructed:2 invalid_corrective_block:2 hc_violation:1 missing_post_pick_place:1 repeated_planner_output:1 placement_failed:1 orphan_place:1 grasp_failed:1
holo2-8b,FINAL.K1,1,replan_budget_exhausted,budget <- Corrective block: invalid_corrective_block,11,"mug1 is in table, expected inside_box | mug2 is in table, expected inside_box | mug3 is in cupboard_shelf, expected inside_box | sugar is in pantry_area, expected cupboard_shelf | phone is in the inside_box placement area | HC-box violated: phone never cleared from the box placement area",invalid_corrective_block:4 insertion_too_late:2 hc_violation:1 box_lid_obstructed:1 missing_post_pick_place:1 repeated_planner_output:1
holo2-8b,FINAL.K1,2,replan_budget_exhausted,budget <- Corrective block: invalid_corrective_block,11,"mug1 is in pantry_area, expected inside_box | mug2 is in pantry_area, expected inside_box | mug3 is in cupboard_shelf, expected inside_box | sugar is in pantry_area, expected cupboard_shelf | phone is in the inside_box placement area | HC-box violated: phone never cleared from the box placement area",invalid_corrective_block:4 missing_post_pick_place:2 hc_violation:1 box_lid_obstructed:1 box_lid_closed:1 insertion_too_late:1
holo2-8b,FINAL.K1,3,replan_budget_exhausted,budget <- Corrective block: invalid_corrective_block,11,"mug1 is in pantry_area, expected inside_box | mug2 is in pantry_area, expected inside_box | mug3 is in cupboard_shelf, expected inside_box | spam is in pantry_area, expected cupboard_shelf | sugar is in pantry_area, expected cupboard_shelf | phone is in the inside_box placement area | HC-box violated: phone never cleared from the box placement area",invalid_corrective_block:3 box_lid_obstructed:2 missing_post_pick_place:2 hc_violation:1 unknown_action_token:1 box_lid_closed:1
holo2-8b,FINAL.K1,4,replan_budget_exhausted,budget <- Corrective block: invalid_corrective_block,11,"mug1 is in pantry_area, expected inside_box | mug2 is in table_staging_area, expected inside_box | mug3 is in cupboard_shelf, expected inside_box | spam is in pantry_area, expected cupboard_shelf | sugar is in pantry_area, expected cupboard_shelf | phone is in the inside_box placement area | HC-box violated: phone never cleared from the box placement area",invalid_corrective_block:5 hc_violation:1 missing_post_pick_place:1 box_lid_obstructed:1 box_lid_closed:1 block_ends_holding:1
holo2-8b,FINAL.K1,5,replan_budget_exhausted,budget <- Motion / grasp: executor_failure,11,"mug1 is in pantry_area, expected inside_box | mug2 is in pantry_area, expected inside_box | mug3 is in cupboard_shelf, expected inside_box | phone is in the inside_box placement area | HC-box violated: phone never cleared from the box placement area",executor_failure:4 missing_post_pick_place:3 hc_violation:1 box_lid_obstructed:1 box_lid_closed:1 repeated_planner_output:1
holo2-8b,FINAL.K1,6,replan_loop,loop <- Plan rules: missing_post_pick_place,8,"mug1 is in pantry_area, expected inside_box | mug2 is in box_lid_top, expected inside_box | mug3 is in cupboard_shelf, expected inside_box | spam is in pantry_area, expected cupboard_shelf | phone is in the inside_box placement area | HC-box violated: phone never cleared from the box placement area",missing_post_pick_place:3 box_lid_obstructed:2 repeated_planner_output:2 hc_violation:1 box_lid_closed:1
holo2-8b,FINAL.K1,7,replan_loop,loop <- Plan rules: missing_post_pick_place,9,"mug1 is in pantry_area, expected inside_box | mug2 is in box_lid_top, expected inside_box | mug3 is in cupboard_shelf, expected inside_box | spam is in pantry_area, expected cupboard_shelf | sugar is in pantry_area, expected cupboard_shelf | phone is in the inside_box placement area | HC-box violated: phone never cleared from the box placement area",missing_post_pick_place:5 box_lid_obstructed:2 repeated_planner_output:2 hc_violation:1
holo2-8b,FINAL.K1,9,replan_loop,loop <- Corrective block: invalid_corrective_block,9,"mug1 is in pantry_area, expected inside_box | mug2 is in table, expected inside_box | mug3 is in cupboard_shelf, expected inside_box | sugar is in pantry_area, expected cupboard_shelf | phone is in the inside_box placement area | HC-box violated: phone never cleared from the box placement area",invalid_corrective_block:5 repeated_planner_output:2 hc_violation:1 box_lid_obstructed:1
holo2-8b,FINAL.K2,1,replan_budget_exhausted,budget <- Plan rules: missing_post_pick_place,11,"mug1 is in pantry_area, expected inside_box | mug2 is in table, expected inside_box | mug3 is in cupboard_shelf, expected inside_box | spam is in pantry_area, expected cupboard_shelf | sugar is in pantry_area, expected cupboard_shelf",missing_post_pick_place:4 box_lid_obstructed:2 box_lid_closed:2 orphan_place:2 repeated_planner_output:1
holo2-8b,FINAL.K2,2,replan_budget_exhausted,budget <- Plan rules: missing_post_pick_place,11,"mug1 is in pantry_area, expected inside_box | mug2 is in table, expected inside_box | mug3 is in cupboard_shelf, expected inside_box | spam is in pantry_area, expected cupboard_shelf | sugar is in pantry_area, expected cupboard_shelf",missing_post_pick_place:3 invalid_corrective_block:3 box_lid_obstructed:2 orphan_place:1 repeated_planner_output:1
holo2-8b,FINAL.K2,3,replan_loop,loop <- Scene precondition: box_lid_closed,7,"mug1 is in pantry_area, expected inside_box | mug2 is in table, expected inside_box | mug3 is in cupboard_shelf, expected inside_box | spam is in pantry_area, expected cupboard_shelf | sugar is in pantry_area, expected cupboard_shelf",box_lid_closed:2 missing_post_pick_place:2 repeated_planner_output:2 box_lid_obstructed:1
holo2-8b,FINAL.K2,4,replan_budget_exhausted,budget <- Plan rules: missing_post_pick_place,11,"mug1 is in pantry_area, expected inside_box | mug2 is in table, expected inside_box | mug3 is in cupboard_shelf, expected inside_box | spam is in pantry_area, expected cupboard_shelf | sugar is in pantry_area, expected cupboard_shelf",missing_post_pick_place:5 box_lid_obstructed:3 orphan_place:1 repeated_planner_output:1 box_lid_closed:1
holo2-8b,FINAL.K2,6,replan_loop,loop <- Plan rules: missing_post_pick_place,8,"mug1 is in pantry_area, expected inside_box | mug2 is in box_lid_top, expected inside_box | mug3 is in cupboard_shelf, expected inside_box | spam is in pantry_area, expected cupboard_shelf | sugar is in pantry_area, expected cupboard_shelf",missing_post_pick_place:4 box_lid_obstructed:2 repeated_planner_output:2
holo2-8b,FINAL.K2,7,replan_budget_exhausted,budget <- Corrective block: invalid_corrective_block,11,"mug3 is in cupboard_shelf, expected inside_box | sugar is in pantry_area, expected cupboard_shelf",invalid_corrective_block:4 box_lid_closed:2 box_lid_obstructed:1 missing_post_pick_place:1 unknown_action_token:1
holo2-8b,FINAL.K2,8,replan_budget_exhausted,budget <- Motion / grasp: executor_failure,11,"mug1 is in table, expected inside_box | mug2 is in box_lid_top, expected inside_box | mug3 is in cupboard_shelf, expected inside_box | sugar is in pantry_area, expected cupboard_shelf",executor_failure:3 missing_post_pick_place:3 box_lid_closed:2 box_lid_obstructed:1 repeated_planner_output:1
holo2-8b,FINAL.K2,9,replan_budget_exhausted,budget <- Corrective block: invalid_corrective_block,11,"mug1 is in pantry_area, expected inside_box | mug2 is in pantry_area, expected inside_box | mug3 is in cupboard_shelf, expected inside_box | sugar is in pantry_area, expected cupboard_shelf",invalid_corrective_block:4 box_lid_closed:2 missing_post_pick_place:2 box_lid_obstructed:1 repeated_planner_output:1
holo2-8b,FINAL.K3,2,replan_budget_exhausted,budget <- Motion / grasp: placement_failed,11,"mug3 is in cupboard_shelf, expected inside_box | sugar is in table, expected cupboard_shelf",placement_failed:2 pddl_no_plan:2 box_lid_closed:1 missing_post_pick_place:1 box_lid_obstructed:1 invalid_corrective_block:1 executor_failure:1
holo2-8b,FINAL.K3,3,replan_budget_exhausted,budget <- Corrective block: invalid_corrective_block,11,"can_of_beans is in table, expected cupboard_shelf | mug1 is in pantry_area, expected inside_box | mug2 is in pantry_area, expected inside_box | spam is in pantry_area, expected cupboard_shelf | sugar is in pantry_area, expected cupboard_shelf",invalid_corrective_block:6 placement_failed:1 object_dropped:1 pddl_no_plan:1
holo2-8b,FINAL.K3,4,replan_budget_exhausted,budget <- Plan rules: missing_post_pick_place,11,"can_of_beans is in inside_box, expected cupboard_shelf | mug1 is in pantry_area, expected inside_box | mug2 is in table_staging_area, expected inside_box | mug3 is in cupboard_shelf, expected inside_box | spam is in pantry_area, expected cupboard_shelf | sugar is in pantry_area, expected cupboard_shelf | HC-box violated: can_of_beans never cleared from the box placement area",missing_post_pick_place:3 box_lid_closed:2 hc_violation:1 box_lid_obstructed:1 invalid_corrective_block:1 placement_failed:1 unknown_action_token:1
holo2-8b,FINAL.K3,6,replan_budget_exhausted,budget <- Corrective block: invalid_corrective_block,11,"can_of_beans is in inside_box, expected cupboard_shelf | mug1 is in pantry_area, expected inside_box | mug2 is in pantry_area, expected inside_box | mug3 is in cupboard_shelf, expected inside_box | spam is in pantry_area, expected cupboard_shelf | sugar is in pantry_area, expected cupboard_shelf | HC-box violated: can_of_beans never cleared from the box placement area",invalid_corrective_block:4 missing_post_pick_place:2 box_lid_closed:2 hc_violation:1 box_lid_obstructed:1 orphan_place:1
holo2-8b,FINAL.K3,8,replan_budget_exhausted,budget <- Scene precondition: box_lid_closed,11,"can_of_beans is in inside_box, expected cupboard_shelf | mug1 is in pantry_area, expected inside_box | mug2 is in pantry_area, expected inside_box | mug3 is in cupboard_shelf, expected inside_box | HC-box violated: can_of_beans never cleared from the box placement area",box_lid_closed:3 missing_post_pick_place:2 hc_violation:1 box_lid_obstructed:1 invalid_corrective_block:1 repeated_planner_output:1
holo2-8b,FINAL.K3,9,replan_budget_exhausted,budget <- Insertion: insertion_too_late,11,"can_of_beans is in inside_box, expected cupboard_shelf | mug1 is in pantry_area, expected inside_box | mug2 is in pantry_area, expected inside_box | mug3 is in cupboard_shelf, expected inside_box | spam is in pantry_area, expected cupboard_shelf | sugar is in pantry_area, expected cupboard_shelf | HC-box violated: can_of_beans never cleared from the box placement area",insertion_too_late:3 invalid_corrective_block:3 hc_violation:1 unknown_action_token:1 box_lid_obstructed:1 missing_post_pick_place:1 placement_failed:1
holo2-8b,FINAL.K4,1,replan_budget_exhausted,budget <- Scene precondition: box_lid_closed,11,"can_of_beans is in table, expected cupboard_shelf | mug3 is in cupboard_shelf, expected inside_box | spam is in pantry_area, expected cupboard_shelf | sugar is in pantry_area, expected cupboard_shelf",box_lid_closed:2 pddl_no_plan:2 box_lid_obstructed:1 missing_post_pick_place:1 placement_failed:1 orphan_place:1 invalid_corrective_block:1
holo2-8b,FINAL.K4,2,plan_completed,Task plan,11,"can_of_beans is in inside_box, expected cupboard_shelf",missing_post_pick_place:3 box_lid_obstructed:2 placement_failed:1 orphan_place:1 invalid_corrective_block:1
holo2-8b,FINAL.K4,4,replan_budget_exhausted,budget <- Corrective block: invalid_corrective_block,11,"can_of_beans is in inside_box, expected cupboard_shelf | mug1 is in pantry_area, expected inside_box | mug2 is in pantry_area, expected inside_box | mug3 is in cupboard_shelf, expected inside_box | sugar is in table, expected cupboard_shelf",invalid_corrective_block:3 box_lid_obstructed:2 unknown_action_token:1 box_lid_closed:1 placement_failed:1 orphan_place:1
holo2-8b,FINAL.K4,6,replan_loop,loop <- Scene precondition: box_lid_closed,8,"can_of_beans is in inside_box, expected cupboard_shelf | mug1 is in pantry_area, expected inside_box | mug2 is in table, expected inside_box | mug3 is in cupboard_shelf, expected inside_box | spam is in pantry_area, expected cupboard_shelf | sugar is in pantry_area, expected cupboard_shelf",box_lid_closed:2 missing_post_pick_place:2 repeated_planner_output:2 box_lid_obstructed:1 orphan_place:1
holo2-8b,FINAL.K4,8,replan_budget_exhausted,budget <- Plan rules: missing_post_pick_place,11,"can_of_beans is in inside_box, expected cupboard_shelf | mug1 is in pantry_area, expected inside_box | mug3 is in cupboard_shelf, expected inside_box | spam is in pantry_area, expected cupboard_shelf | sugar is in pantry_area, expected cupboard_shelf",missing_post_pick_place:4 box_lid_obstructed:2 box_lid_closed:2 invalid_corrective_block:2
holo2-8b,FINAL.K4,9,replan_loop,loop <- Plan rules: missing_post_pick_place,10,"can_of_beans is in inside_box, expected cupboard_shelf | mug1 is in pantry_area, expected inside_box | mug2 is in table, expected inside_box | mug3 is in cupboard_shelf, expected inside_box | spam is in pantry_area, expected cupboard_shelf | sugar is in pantry_area, expected cupboard_shelf",missing_post_pick_place:3 box_lid_closed:2 orphan_place:2 repeated_planner_output:2 unknown_action_token:1
holo2-8b,FINAL.K3-n2,0,replan_budget_exhausted,budget <- Corrective block: invalid_corrective_block,11,"can_of_beans is in table, expected cupboard_shelf | mug2 is in pantry_area, expected inside_box | mug3 is in cupboard_shelf, expected inside_box | spam is in pantry_area, expected cupboard_shelf | sugar is in pantry_area, expected cupboard_shelf",invalid_corrective_block:2 box_lid_obstructed:1 missing_post_pick_place:1 placement_failed:1 object_dropped:1 orphan_place:1 pddl_no_plan:1
holo2-8b,FINAL.K3-n2,1,replan_budget_exhausted,budget <- Plan rules: missing_post_pick_place,11,"can_of_beans is in inside_box, expected cupboard_shelf | can_of_beans_2 is in inside_box, expected cupboard_shelf | mug1 is in pantry_area, expected inside_box | mug2 is in pantry_area, expected inside_box | mug3 is in cupboard_shelf, expected inside_box | HC-box violated: can_of_beans never cleared from the box placement area | HC-box violated: can_of_beans_2 never cleared from the box placement area",missing_post_pick_place:3 invalid_corrective_block:3 hc_violation:2 box_lid_obstructed:2 box_lid_closed:1 orphan_place:1
holo2-8b,FINAL.K3-n2,2,replan_budget_exhausted,budget <- Corrective block: invalid_corrective_block,11,"can_of_beans is in inside_box, expected cupboard_shelf | can_of_beans_2 is in inside_box, expected cupboard_shelf | mug1 is in pantry_area, expected inside_box | mug2 is in pantry_area, expected inside_box | mug3 is in cupboard_shelf, expected inside_box | spam is in pantry_area, expected cupboard_shelf | sugar is in pantry_area, expected cupboard_shelf | HC-box violated: can_of_beans never cleared from the box placement area | HC-box violated: can_of_beans_2 never cleared from the box placement area",invalid_corrective_block:4 hc_violation:2 box_lid_obstructed:2 unknown_action_token:2 missing_post_pick_place:1 placement_failed:1
holo2-8b,FINAL.K3-n2,3,replan_budget_exhausted,budget <- Plan rules: missing_post_pick_place,11,"can_of_beans is in inside_box, expected cupboard_shelf | can_of_beans_2 is in inside_box, expected cupboard_shelf | mug1 is in pantry_area, expected inside_box | mug2 is in pantry_area, expected inside_box | mug3 is in cupboard_shelf, expected inside_box | spam is in pantry_area, expected cupboard_shelf | sugar is in pantry_area, expected cupboard_shelf | HC-box violated: can_of_beans never cleared from the box placement area | HC-box violated: can_of_beans_2 never cleared from the box placement area",missing_post_pick_place:3 box_lid_closed:3 hc_violation:2 box_lid_obstructed:2 planner_output_not_parseable:1 orphan_place:1
holo2-8b,FINAL.K3-n2,5,replan_budget_exhausted,budget <- Plan rules: missing_post_pick_place,11,"can_of_beans is in inside_box, expected cupboard_shelf | can_of_beans_2 is in inside_box, expected cupboard_shelf | mug1 is in pantry_area, expected inside_box | mug2 is in pantry_area, expected inside_box | mug3 is in cupboard_shelf, expected inside_box | spam is in pantry_area, expected cupboard_shelf | sugar is in pantry_area, expected cupboard_shelf | HC-box violated: can_of_beans never cleared from the box placement area | HC-box violated: can_of_beans_2 never cleared from the box placement area",missing_post_pick_place:6 hc_violation:2 box_lid_obstructed:2 box_lid_closed:2
holo2-8b,FINAL.K3-n2,8,replan_budget_exhausted,budget <- Corrective block: invalid_corrective_block,11,"mug1 is in pantry_area, expected inside_box | mug3 is in cupboard_shelf, expected inside_box | spam is in pantry_area, expected cupboard_shelf | sugar is in pantry_area, expected cupboard_shelf",invalid_corrective_block:3 box_lid_obstructed:2 executor_failure:2 missing_post_pick_place:1 insertion_too_late:1
holo2-8b,FINAL.K3-n2,9,replan_budget_exhausted,budget <- Corrective block: invalid_corrective_block,11,"can_of_beans is in inside_box, expected cupboard_shelf | can_of_beans_2 is in inside_box, expected cupboard_shelf | mug1 is in pantry_area, expected inside_box | mug2 is in pantry_area, expected inside_box | mug3 is in cupboard_shelf, expected inside_box | spam is in pantry_area, expected cupboard_shelf | sugar is in pantry_area, expected cupboard_shelf | HC-box violated: can_of_beans never cleared from the box placement area | HC-box violated: can_of_beans_2 never cleared from the box placement area",invalid_corrective_block:5 hc_violation:2 box_lid_obstructed:2 missing_post_pick_place:1 placement_failed:1 insertion_too_late:1
holo2-8b,FINAL.K3-n3,1,replan_budget_exhausted,budget <- Plan rules: missing_post_pick_place,11,"can_of_beans_3 is in inside_box, expected cupboard_shelf | mug1 is in pantry_area, expected inside_box | mug2 is in pantry_area, expected inside_box | mug3 is in cupboard_shelf, expected inside_box | spam is in pantry_area, expected cupboard_shelf | sugar is in pantry_area, expected cupboard_shelf | HC-box violated: can_of_beans_3 never cleared from the box placement area",missing_post_pick_place:4 pddl_no_plan:3 box_lid_obstructed:2 hc_violation:1 placement_failed:1
holo2-8b,FINAL.K3-n3,2,replan_budget_exhausted,budget <- Corrective block: invalid_corrective_block,11,"can_of_beans is in inside_box, expected cupboard_shelf | can_of_beans_2 is in inside_box, expected cupboard_shelf | can_of_beans_3 is in inside_box, expected cupboard_shelf | mug1 is in pantry_area, expected inside_box | mug2 is in pantry_area, expected inside_box | mug3 is in cupboard_shelf, expected inside_box | spam is in pantry_area, expected cupboard_shelf | sugar is in pantry_area, expected cupboard_shelf | HC-box violated: can_of_beans never cleared from the box placement area | HC-box violated: can_of_beans_2 never cleared from the box placement area | HC-box violated: can_of_beans_3 never cleared from the box placement area",invalid_corrective_block:5 hc_violation:3 box_lid_obstructed:2 unknown_action_token:1 missing_post_pick_place:1 placement_failed:1
holo2-8b,FINAL.K3-n3,4,replan_budget_exhausted,budget <- Corrective block: invalid_corrective_block,11,"can_of_beans is in inside_box, expected cupboard_shelf | can_of_beans_2 is in inside_box, expected cupboard_shelf | can_of_beans_3 is in inside_box, expected cupboard_shelf | mug1 is in pantry_area, expected inside_box | mug2 is in pantry_area, expected inside_box | mug3 is in cupboard_shelf, expected inside_box | spam is in pantry_area, expected cupboard_shelf | sugar is in pantry_area, expected cupboard_shelf | HC-box violated: can_of_beans never cleared from the box placement area | HC-box violated: can_of_beans_2 never cleared from the box placement area | HC-box violated: can_of_beans_3 never cleared from the box placement area",invalid_corrective_block:5 hc_violation:3 box_lid_obstructed:2 missing_post_pick_place:2 placement_failed:1
holo2-8b,FINAL.K3-n3,7,replan_budget_exhausted,budget <- Corrective block: invalid_corrective_block,11,"can_of_beans_3 is in inside_box, expected cupboard_shelf | mug2 is in pantry_area, expected inside_box | mug3 is in cupboard_shelf, expected inside_box | sugar is in pantry_area, expected cupboard_shelf | HC-box violated: mug1 placed into the box before can_of_beans_3 was cleared",invalid_corrective_block:5 pddl_no_plan:2 hc_violation:1 box_lid_obstructed:1
holo2-8b,FINAL.K3-n3,8,replan_budget_exhausted,budget <- Corrective block: invalid_corrective_block,11,"can_of_beans is in inside_box, expected cupboard_shelf | can_of_beans_2 is in inside_box, expected cupboard_shelf | can_of_beans_3 is in inside_box, expected cupboard_shelf | mug1 is in pantry_area, expected inside_box | mug2 is in pantry_area, expected inside_box | mug3 is in cupboard_shelf, expected inside_box | spam is in pantry_area, expected cupboard_shelf | sugar is in pantry_area, expected cupboard_shelf | HC-box violated: can_of_beans never cleared from the box placement area | HC-box violated: can_of_beans_2 never cleared from the box placement area | HC-box violated: can_of_beans_3 never cleared from the box placement area",invalid_corrective_block:4 hc_violation:3 box_lid_obstructed:3 missing_post_pick_place:2 orphan_place:1
holo2-8b,FINAL.K3-n3,9,replan_budget_exhausted,budget <- Other: hc_violation,11,"can_of_beans_2 is in inside_box, expected cupboard_shelf | can_of_beans_3 is in inside_box, expected cupboard_shelf | mug1 is in pantry_area, expected inside_box | mug2 is in pantry_area, expected inside_box | mug3 is in cupboard_shelf, expected inside_box | spam is in pantry_area, expected cupboard_shelf | sugar is in pantry_area, expected cupboard_shelf | HC-box violated: can_of_beans_2 never cleared from the box placement area | HC-box violated: can_of_beans_3 never cleared from the box placement area",hc_violation:2 box_lid_obstructed:2 invalid_corrective_block:2 missing_post_pick_place:1 repeated_planner_output:1 placement_failed:1 unknown_action_token:1 orphan_place:1
holo2-8b,FINAL.K1-w1,0,replan_budget_exhausted,budget <- Corrective block: invalid_corrective_block,11,"can_of_beans is in pantry_area, expected cupboard_shelf | mug1 is in pantry_area, expected inside_box | mug2 is in pantry_area, expected inside_box | mug3 is in cupboard_shelf, expected inside_box | spam is in pantry_area, expected cupboard_shelf | sugar is in pantry_area, expected cupboard_shelf | phone is in the inside_box placement area | HC-box violated: phone never cleared from the box placement area",invalid_corrective_block:7 hc_violation:1 box_lid_obstructed:1 placement_failed:1 insertion_too_late:1
holo2-8b,FINAL.K1-w1,1,replan_budget_exhausted,budget <- Scene precondition: box_lid_obstructed,11,"can_of_beans is in pantry_area, expected cupboard_shelf | mug1 is in table, expected inside_box | mug2 is in table, expected inside_box | mug3 is in cupboard_shelf, expected inside_box | spam is in pantry_area, expected cupboard_shelf | sugar is in pantry_area, expected cupboard_shelf | phone is in the inside_box placement area | HC-box violated: phone never cleared from the box placement area",box_lid_obstructed:3 invalid_corrective_block:3 missing_post_pick_place:2 insertion_too_late:2 hc_violation:1
holo2-8b,FINAL.K1-w1,2,replan_budget_exhausted,budget <- Corrective block: invalid_corrective_block,11,"can_of_beans is in pantry_area, expected cupboard_shelf | mug1 is in pantry_area, expected inside_box | mug2 is in pantry_area, expected inside_box | mug3 is in cupboard_shelf, expected inside_box | spam is in pantry_area, expected cupboard_shelf | sugar is in pantry_area, expected cupboard_shelf | phone is in the inside_box placement area | HC-box violated: phone never cleared from the box placement area",invalid_corrective_block:5 orphan_place:2 hc_violation:1 box_lid_obstructed:1 placement_failed:1 insertion_too_late:1
holo2-8b,FINAL.K1-w1,3,replan_budget_exhausted,budget <- Corrective block: invalid_corrective_block,11,"can_of_beans is in pantry_area, expected cupboard_shelf | mug1 is in pantry_area, expected inside_box | mug2 is in pantry_area, expected inside_box | mug3 is in cupboard_shelf, expected inside_box | spam is in pantry_area, expected cupboard_shelf | sugar is in pantry_area, expected cupboard_shelf | phone is in the inside_box placement area | HC-box violated: phone never cleared from the box placement area",invalid_corrective_block:6 box_lid_closed:2 hc_violation:1 missing_post_pick_place:1 block_ends_holding:1
holo2-8b,FINAL.K1-w1,4,replan_budget_exhausted,budget <- Corrective block: invalid_corrective_block,11,"mug1 is in pantry_area, expected inside_box | mug2 is in pantry_area, expected inside_box | mug3 is in cupboard_shelf, expected inside_box | spam is in pantry_area, expected cupboard_shelf | sugar is in pantry_area, expected cupboard_shelf | phone is in the inside_box placement area | HC-box violated: phone never cleared from the box placement area",invalid_corrective_block:3 missing_post_pick_place:2 box_lid_closed:2 hc_violation:1 box_lid_obstructed:1 orphan_place:1
holo2-8b,FINAL.K1-w1,5,replan_budget_exhausted,budget <- Corrective block: invalid_corrective_block,11,"mug1 is in pantry_area, expected inside_box | mug2 is in table_staging_area, expected inside_box | mug3 is in cupboard_shelf, expected inside_box | spam is in pantry_area, expected cupboard_shelf | sugar is in pantry_area, expected cupboard_shelf | phone is in the inside_box placement area | HC-box violated: phone never cleared from the box placement area",invalid_corrective_block:5 hc_violation:1 box_lid_closed:1 missing_post_pick_place:1 box_lid_obstructed:1 insertion_too_late:1
holo2-8b,FINAL.K1-w1,7,replan_budget_exhausted,budget <- Scene precondition: box_lid_closed,11,"can_of_beans is in pantry_area, expected cupboard_shelf | mug1 is in pantry_area, expected inside_box | mug2 is in table, expected inside_box | mug3 is in cupboard_shelf, expected inside_box | spam is in pantry_area, expected cupboard_shelf | sugar is in pantry_area, expected cupboard_shelf | phone is in the inside_box placement area | HC-box violated: phone never cleared from the box placement area",box_lid_closed:3 orphan_place:2 invalid_corrective_block:2 hc_violation:1 box_lid_obstructed:1 missing_post_pick_place:1 placement_failed:1
holo2-8b,FINAL.K1-w1,8,replan_budget_exhausted,budget <- Scene precondition: box_lid_obstructed,11,"can_of_beans is in pantry_area, expected cupboard_shelf | mug1 is in pantry_area, expected inside_box | mug2 is in table, expected inside_box | mug3 is in cupboard_shelf, expected inside_box | spam is in pantry_area, expected cupboard_shelf | sugar is in pantry_area, expected cupboard_shelf | phone is in the inside_box placement area | HC-box violated: phone never cleared from the box placement area",box_lid_obstructed:5 missing_post_pick_place:5 hc_violation:1 box_lid_closed:1
holo2-8b,FINAL.K1-w1,9,replan_budget_exhausted,budget <- Corrective block: invalid_corrective_block,11,"can_of_beans is in pantry_area, expected cupboard_shelf | mug1 is in pantry_area, expected inside_box | mug2 is in table_staging_area, expected inside_box | mug3 is in cupboard_shelf, expected inside_box | spam is in pantry_area, expected cupboard_shelf | sugar is in pantry_area, expected cupboard_shelf | phone is in the inside_box placement area | HC-box violated: phone never cleared from the box placement area",invalid_corrective_block:4 box_lid_obstructed:2 missing_post_pick_place:2 insertion_too_late:2 hc_violation:1
holo2-8b,FINAL.K1-w2,0,replan_budget_exhausted,budget <- Corrective block: invalid_corrective_block,11,"can_of_beans is in pantry_area, expected cupboard_shelf | can_of_beans_2 is in pantry_area, expected cupboard_shelf | mug1 is in pantry_area, expected inside_box | mug2 is in pantry_area, expected inside_box | mug3 is in cupboard_shelf, expected inside_box | spam is in pantry_area, expected cupboard_shelf | sugar is in pantry_area, expected cupboard_shelf | phone is in the inside_box placement area | HC-box violated: phone never cleared from the box placement area",invalid_corrective_block:3 box_lid_obstructed:2 hc_violation:1 missing_post_pick_place:1 repeated_planner_output:1 placement_failed:1 orphan_place:1 insertion_too_late:1
holo2-8b,FINAL.K1-w2,1,replan_loop,loop <- Plan rules: missing_post_pick_place,10,"can_of_beans is in pantry_area, expected cupboard_shelf | can_of_beans_2 is in pantry_area, expected cupboard_shelf | mug1 is in table, expected inside_box | mug2 is in box_lid_top, expected inside_box | mug3 is in cupboard_shelf, expected inside_box | spam is in pantry_area, expected cupboard_shelf | sugar is in pantry_area, expected cupboard_shelf | phone is in the inside_box placement area | HC-box violated: phone never cleared from the box placement area",missing_post_pick_place:4 box_lid_closed:3 repeated_planner_output:2 hc_violation:1 unknown_action_token:1
holo2-8b,FINAL.K1-w2,2,replan_budget_exhausted,budget <- Plan rules: missing_post_pick_place,11,"can_of_beans is in pantry_area, expected cupboard_shelf | can_of_beans_2 is in pantry_area, expected cupboard_shelf | mug1 is in pantry_area, expected inside_box | mug2 is in table, expected inside_box | mug3 is in cupboard_shelf, expected inside_box | spam is in pantry_area, expected cupboard_shelf | sugar is in pantry_area, expected cupboard_shelf | phone is in the inside_box placement area | HC-box violated: phone never cleared from the box placement area",missing_post_pick_place:4 box_lid_obstructed:3 box_lid_closed:2 hc_violation:1 orphan_place:1 repeated_planner_output:1
holo2-8b,FINAL.K1-w2,4,replan_budget_exhausted,budget <- Corrective block: invalid_corrective_block,11,"can_of_beans is in pantry_area, expected cupboard_shelf | can_of_beans_2 is in pantry_area, expected cupboard_shelf | mug1 is in pantry_area, expected inside_box | mug2 is in pantry_area, expected inside_box | mug3 is in cupboard_shelf, expected inside_box | spam is in pantry_area, expected cupboard_shelf | sugar is in pantry_area, expected cupboard_shelf | phone is in the inside_box placement area | HC-box violated: phone never cleared from the box placement area",invalid_corrective_block:5 box_lid_obstructed:2 hc_violation:1 missing_post_pick_place:1 box_lid_closed:1 orphan_place:1
holo2-8b,FINAL.K1-w2,5,replan_budget_exhausted,budget <- Corrective block: invalid_corrective_block,11,"can_of_beans_2 is in pantry_area, expected cupboard_shelf | mug1 is in pantry_area, expected inside_box | mug2 is in table_staging_area, expected inside_box | mug3 is in cupboard_shelf, expected inside_box | spam is in pantry_area, expected cupboard_shelf | sugar is in pantry_area, expected cupboard_shelf | phone is in the inside_box placement area | HC-box violated: phone never cleared from the box placement area",invalid_corrective_block:3 box_lid_obstructed:2 missing_post_pick_place:2 hc_violation:1 placement_failed:1 insertion_too_late:1 pick_place_mismatch:1
holo2-8b,FINAL.K1-w2,9,replan_budget_exhausted,budget <- Scene precondition: box_lid_closed,11,"can_of_beans is in pantry_area, expected cupboard_shelf | can_of_beans_2 is in pantry_area, expected cupboard_shelf | mug1 is in pantry_area, expected inside_box | mug2 is in table_staging_area, expected inside_box | mug3 is in cupboard_shelf, expected inside_box | spam is in pantry_area, expected cupboard_shelf | sugar is in pantry_area, expected cupboard_shelf | phone is in the inside_box placement area | HC-box violated: phone never cleared from the box placement area",box_lid_closed:3 missing_post_pick_place:2 orphan_place:2 hc_violation:1 box_lid_obstructed:1 placement_failed:1 invalid_corrective_block:1
holo2-8b,FINAL.G0,0,plan_completed,Insertion,10,"plate is in dish_rack, expected serving_area | raw_meat_1 placed on plate_top before completing a cooking cycle",invalid_corrective_block:6 unknown_action_token:1
holo2-8b,FINAL.G0,1,plan_completed,Task plan,1,"plate is in dish_rack, expected serving_area",
holo2-8b,FINAL.G0,2,replan_budget_exhausted,budget <- Corrective block: invalid_corrective_block,11,"raw_meat_1 is in serving_area, expected plate_top | plate is in dish_rack, expected serving_area | raw_meat_1 never completed a cooking cycle",invalid_corrective_block:3 orphan_place:1 unknown_action_token:1 grill_lid_closed:1
holo2-8b,FINAL.G0,3,replan_budget_exhausted,budget <- Plan format: unknown_action_token,11,"raw_meat_1 is in inside_grill, expected plate_top | plate is in dish_rack, expected serving_area | raw_meat_1 never completed a cooking cycle",unknown_action_token:7 invalid_corrective_block:2 repeated_planner_output:1
holo2-8b,FINAL.G0,4,replan_budget_exhausted,budget <- Plan rules: missing_post_pick_place,11,"raw_meat_1 is in table, expected plate_top | plate is in dish_rack, expected serving_area",missing_post_pick_place:3 grill_lid_closed:2 invalid_corrective_block:1
holo2-8b,FINAL.G0,5,replan_budget_exhausted,budget <- Corrective block: invalid_corrective_block,11,"raw_meat_1 is in inside_grill, expected plate_top | plate is in dish_rack, expected serving_area",invalid_corrective_block:4 missing_post_pick_place:1
holo2-8b,FINAL.G0,6,replan_budget_exhausted,budget <- Corrective block: invalid_corrective_block,11,"raw_meat_1 is in inside_grill, expected plate_top | plate is in dish_rack, expected serving_area | raw_meat_1 never completed a cooking cycle",invalid_corrective_block:7 unknown_action_token:1 pick_place_mismatch:1
holo2-8b,FINAL.G0,7,plan_completed,Task plan,1,"plate is in dish_rack, expected serving_area",
holo2-8b,FINAL.G0,8,plan_completed,Task plan,1,"plate is in dish_rack, expected serving_area",
holo2-8b,FINAL.G0,9,replan_budget_exhausted,budget <- Corrective block: invalid_corrective_block,11,"raw_meat_1 is in serving_area, expected plate_top | plate is in dish_rack, expected serving_area | raw_meat_1 never completed a cooking cycle",invalid_corrective_block:6 unknown_action_token:1
holo2-8b,FINAL.G1,0,plan_completed,Task plan,2,"plate is in dish_rack, expected serving_area",
holo2-8b,FINAL.G1,1,replan_budget_exhausted,budget <- Plan format: unknown_action_token,11,"cooked_meat_1 is in serving_area, expected plate_top | cooked_meat_2 is in serving_area, expected plate_top | raw_meat_1 is in inside_grill, expected plate_top | plate is in dish_rack, expected serving_area | raw_meat_1 never completed a cooking cycle",unknown_action_token:4 invalid_corrective_block:4 repeated_planner_output:1
holo2-8b,FINAL.G1,2,replan_budget_exhausted,budget <- Motion / grasp: placement_failed,11,"cooked_meat_1 is in serving_area, expected plate_top | plate is in dish_rack, expected serving_area | raw_meat_1 overcooked: inside the grill during a close->reopen cycle after it was cooked",placement_failed:2 invalid_corrective_block:2 orphan_place:2 missing_post_pick_place:1
holo2-8b,FINAL.G1,3,replan_budget_exhausted,budget <- Corrective block: invalid_corrective_block,11,"cooked_meat_1 is in serving_area, expected plate_top | cooked_meat_2 is in serving_area, expected plate_top | raw_meat_1 is in serving_area, expected plate_top | plate is in dish_rack, expected serving_area | raw_meat_1 never completed a cooking cycle",invalid_corrective_block:9
holo2-8b,FINAL.G1,4,replan_budget_exhausted,budget <- Corrective block: invalid_corrective_block,11,"cooked_meat_1 is in dish_rack, expected plate_top | cooked_meat_2 is in serving_area, expected plate_top | raw_meat_1 is in serving_area, expected plate_top | plate is in dish_rack, expected serving_area",invalid_corrective_block:7
holo2-8b,FINAL.G1,5,plan_completed,Task plan,10,"plate is in dish_rack, expected serving_area",invalid_corrective_block:5 unknown_action_token:1
holo2-8b,FINAL.G1,6,replan_budget_exhausted,budget <- Corrective block: invalid_corrective_block,11,"cooked_meat_1 is in serving_area, expected plate_top | cooked_meat_2 is in serving_area, expected plate_top | raw_meat_1 is in inside_grill, expected plate_top | plate is in dish_rack, expected serving_area | raw_meat_1 never completed a cooking cycle",invalid_corrective_block:9
holo2-8b,FINAL.G1,7,plan_completed,Task plan,4,"plate is in dish_rack, expected serving_area",invalid_corrective_block:1 pick_place_mismatch:1
holo2-8b,FINAL.G1,8,replan_budget_exhausted,budget <- Corrective block: invalid_corrective_block,11,"cooked_meat_2 is in inside_grill, expected plate_top | raw_meat_1 is in inside_grill, expected plate_top | plate is in dish_rack, expected serving_area | raw_meat_1 placed on plate_top before completing a cooking cycle",invalid_corrective_block:4 missing_post_pick_place:1
holo2-8b,FINAL.G1,9,replan_budget_exhausted,budget <- Corrective block: invalid_corrective_block,11,"cooked_meat_2 is in serving_area, expected plate_top | raw_meat_1 is in inside_grill, expected plate_top | plate is in dish_rack, expected serving_area",invalid_corrective_block:6 orphan_place:1 unknown_action_token:1
holo2-8b,FINAL.G2,0,replan_budget_exhausted,budget <- Corrective block: invalid_corrective_block,11,"raw_meat_1 is in inside_grill, expected plate_top | raw_meat_2 is in dish_rack, expected plate_top | plate is in dish_rack, expected serving_area",invalid_corrective_block:7 orphan_place:1
holo2-8b,FINAL.G2,1,plan_completed,Task plan,6,"plate is in dish_rack, expected serving_area",invalid_corrective_block:3 unknown_action_token:1
holo2-8b,FINAL.G2,2,replan_budget_exhausted,budget <- Corrective block: invalid_corrective_block,11,"cooked_meat_1 is in serving_area, expected plate_top | raw_meat_2 is in table, expected plate_top | plate is in dish_rack, expected serving_area | raw_meat_1 placed on plate_top before completing a cooking cycle | raw_meat_2 never completed a cooking cycle",invalid_corrective_block:2 grill_lid_closed:2 placement_failed:1 missing_post_pick_place:1 unknown_action_token:1
holo2-8b,FINAL.G2,3,plan_completed,Insertion,11,"cooked_meat_1 is in serving_area, expected plate_top | plate is in dish_rack, expected serving_area | raw_meat_1 overcooked: inside the grill during a close->reopen cycle after it was cooked | raw_meat_2 overcooked: inside the grill during a close->reopen cycle after it was cooked",invalid_corrective_block:6
holo2-8b,FINAL.G2,4,replan_budget_exhausted,budget <- Corrective block: invalid_corrective_block,11,"raw_meat_1 is in inside_grill, expected plate_top | raw_meat_2 is in inside_grill, expected plate_top | plate is in dish_rack, expected serving_area | raw_meat_1 placed on plate_top before completing a cooking cycle | raw_meat_2 never completed a cooking cycle",invalid_corrective_block:3 unknown_action_token:2 repeated_planner_output:1
holo2-8b,FINAL.G2,5,replan_budget_exhausted,budget <- Corrective block: invalid_corrective_block,11,"cooked_meat_1 is in inside_grill, expected plate_top | raw_meat_1 is in inside_grill, expected plate_top | raw_meat_2 is in inside_grill, expected plate_top | plate is in dish_rack, expected serving_area | raw_meat_1 never completed a cooking cycle | raw_meat_2 never completed a cooking cycle",invalid_corrective_block:8 grill_lid_closed:1 missing_post_pick_place:1
holo2-8b,FINAL.G2,6,replan_budget_exhausted,budget <- Corrective block: invalid_corrective_block,11,"cooked_meat_1 is in inside_grill, expected plate_top | raw_meat_1 is in inside_grill, expected plate_top | raw_meat_2 is in inside_grill, expected plate_top | plate is in dish_rack, expected serving_area | raw_meat_1 never completed a cooking cycle | raw_meat_2 never completed a cooking cycle",invalid_corrective_block:7 unknown_action_token:1 repeated_planner_output:1
holo2-8b,FINAL.G2,7,replan_budget_exhausted,budget <- Corrective block: invalid_corrective_block,11,"cooked_meat_1 is in inside_grill, expected plate_top | raw_meat_1 is in inside_grill, expected plate_top | raw_meat_2 is in inside_grill, expected plate_top | plate is in dish_rack, expected serving_area | raw_meat_1 never completed a cooking cycle | raw_meat_2 never completed a cooking cycle",invalid_corrective_block:8 unknown_action_token:1 orphan_place:1
holo2-8b,FINAL.G2,8,replan_budget_exhausted,budget <- Corrective block: invalid_corrective_block,11,"cooked_meat_1 is in inside_grill, expected plate_top | raw_meat_1 is in inside_grill, expected plate_top | raw_meat_2 is in inside_grill, expected plate_top | raw_meat_1 never completed a cooking cycle | raw_meat_2 never completed a cooking cycle",invalid_corrective_block:4 grill_lid_closed:2 missing_post_pick_place:2 pick_place_mismatch:1 repeated_planner_output:1
holo2-8b,FINAL.G2,9,replan_budget_exhausted,budget <- Corrective block: invalid_corrective_block,11,"cooked_meat_1 is in inside_grill, expected plate_top | raw_meat_1 is in inside_grill, expected plate_top | raw_meat_2 is in inside_grill, expected plate_top | plate is in dish_rack, expected serving_area | raw_meat_1 never completed a cooking cycle | raw_meat_2 never completed a cooking cycle | HC-grill violated: cooked_meat_1 inside the grill at close(grill_lid) after it was cooked",invalid_corrective_block:7 hc_violation:1
holo2-8b,FINAL.G3,0,replan_budget_exhausted,budget <- Corrective block: invalid_corrective_block,11,"raw_meat_1 is in serving_area, expected plate_top | raw_meat_2 is in serving_area, expected plate_top | raw_meat_3 is in inside_grill, expected plate_top | plate is in dish_rack, expected serving_area | raw_meat_3 overcooked: inside the grill during a close->reopen cycle after it was cooked",invalid_corrective_block:5 insertion_too_late:1
holo2-8b,FINAL.G3,1,replan_budget_exhausted,budget <- Corrective block: invalid_corrective_block,11,"raw_meat_1 is in inside_grill, expected plate_top | raw_meat_2 is in inside_grill, expected plate_top | raw_meat_3 is in inside_grill, expected plate_top | plate is in dish_rack, expected serving_area | raw_meat_2 never completed a cooking cycle",invalid_corrective_block:5 insertion_too_late:1
holo2-8b,FINAL.G3,2,replan_budget_exhausted,budget <- Corrective block: invalid_corrective_block,11,"raw_meat_1 is in inside_grill, expected plate_top | raw_meat_2 is in inside_grill, expected plate_top | raw_meat_3 is in inside_grill, expected plate_top | plate is in dish_rack, expected serving_area",invalid_corrective_block:8
holo2-8b,FINAL.G3,3,plan_completed,Task plan,10,"raw_meat_2 is in inside_grill, expected plate_top | raw_meat_3 is in inside_grill, expected plate_top | plate is in dish_rack, expected serving_area",invalid_corrective_block:4 missing_post_pick_place:1 block_ends_holding:1
holo2-8b,FINAL.G3,4,replan_budget_exhausted,budget <- Corrective block: invalid_corrective_block,11,"raw_meat_1 is in inside_grill, expected plate_top | raw_meat_2 is in inside_grill, expected plate_top | raw_meat_3 is in inside_grill, expected plate_top | plate is in dish_rack, expected serving_area",invalid_corrective_block:6
holo2-8b,FINAL.G3,5,replan_budget_exhausted,budget <- Corrective block: invalid_corrective_block,11,"raw_meat_2 is in inside_grill, expected plate_top | raw_meat_3 is in inside_grill, expected plate_top | plate is in dish_rack, expected serving_area | raw_meat_1 placed on plate_top before completing a cooking cycle | raw_meat_2 never completed a cooking cycle | raw_meat_3 never completed a cooking cycle",invalid_corrective_block:6 insertion_too_late:1
holo2-8b,FINAL.G3,6,replan_budget_exhausted,budget <- Corrective block: invalid_corrective_block,11,"raw_meat_1 is in inside_grill, expected plate_top | raw_meat_3 is in inside_grill, expected plate_top | plate is in dish_rack, expected serving_area | raw_meat_1 never completed a cooking cycle | raw_meat_2 placed on plate_top before completing a cooking cycle | raw_meat_3 never completed a cooking cycle",invalid_corrective_block:7
holo2-8b,FINAL.G3,7,replan_budget_exhausted,budget <- Corrective block: invalid_corrective_block,11,"raw_meat_1 is in inside_grill, expected plate_top | raw_meat_2 is in inside_grill, expected plate_top | plate is in dish_rack, expected serving_area | raw_meat_2 never completed a cooking cycle | raw_meat_3 never completed a cooking cycle",invalid_corrective_block:4 placement_failed:1 orphan_place:1
holo2-8b,FINAL.G3,8,replan_budget_exhausted,budget <- Corrective block: invalid_corrective_block,11,"raw_meat_1 is in inside_grill, expected plate_top | raw_meat_2 is in inside_grill, expected plate_top | raw_meat_3 is in inside_grill, expected plate_top | plate is in dish_rack, expected serving_area | raw_meat_1 never completed a cooking cycle | raw_meat_2 never completed a cooking cycle | raw_meat_3 never completed a cooking cycle",invalid_corrective_block:8 insertion_too_late:1
holo2-8b,FINAL.G3,9,replan_budget_exhausted,budget <- Corrective block: invalid_corrective_block,11,"raw_meat_1 is in inside_grill, expected plate_top | raw_meat_3 is in inside_grill, expected plate_top | plate is in dish_rack, expected serving_area | raw_meat_1 never completed a cooking cycle | raw_meat_2 placed on plate_top before completing a cooking cycle | raw_meat_3 never completed a cooking cycle",invalid_corrective_block:8
holo2-8b,FINAL.G1-n1,0,replan_budget_exhausted,budget <- Corrective block: invalid_corrective_block,11,"cooked_meat_1 is in dish_rack, expected plate_top | raw_meat_1 is in inside_grill, expected plate_top | plate is in dish_rack, expected serving_area | raw_meat_1 never completed a cooking cycle",invalid_corrective_block:7
holo2-8b,FINAL.G1-n1,1,replan_budget_exhausted,budget <- Corrective block: invalid_corrective_block,11,"cooked_meat_1 is in inside_grill, expected plate_top | cooked_meat_1 overcooked: inside the grill during a close->reopen cycle after it was cooked | HC-grill violated: cooked_meat_1 inside the grill at close(grill_lid) after it was cooked",invalid_corrective_block:8 hc_violation:1
holo2-8b,FINAL.G1-n1,2,replan_budget_exhausted,budget <- Corrective block: invalid_corrective_block,11,"raw_meat_1 is in serving_area, expected plate_top | plate is in dish_rack, expected serving_area | raw_meat_1 never completed a cooking cycle",invalid_corrective_block:4 grill_lid_closed:1 missing_post_pick_place:1
holo2-8b,FINAL.G1-n1,3,replan_budget_exhausted,budget <- Corrective block: invalid_corrective_block,11,"cooked_meat_1 is in serving_area, expected plate_top | raw_meat_1 is in inside_grill, expected plate_top | plate is in dish_rack, expected serving_area",invalid_corrective_block:6 placement_failed:1 grill_lid_closed:1
holo2-8b,FINAL.G1-n1,4,plan_completed,Task plan,7,"plate is in dish_rack, expected serving_area",invalid_corrective_block:4
holo2-8b,FINAL.G1-n1,5,replan_budget_exhausted,budget <- Corrective block: invalid_corrective_block,11,"cooked_meat_1 is in serving_area, expected plate_top | raw_meat_1 is in inside_grill, expected plate_top | plate is in dish_rack, expected serving_area | raw_meat_1 never completed a cooking cycle",invalid_corrective_block:6 unknown_action_token:1
holo2-8b,FINAL.G1-n1,6,replan_budget_exhausted,budget <- Corrective block: invalid_corrective_block,11,"raw_meat_1 is in inside_grill, expected plate_top | plate is in dish_rack, expected serving_area | raw_meat_1 never completed a cooking cycle",invalid_corrective_block:5 block_ends_holding:1 unknown_action_token:1
holo2-8b,FINAL.G1-n1,8,replan_budget_exhausted,budget <- Corrective block: invalid_corrective_block,11,"cooked_meat_1 is in serving_area, expected plate_top | raw_meat_1 is in inside_grill, expected plate_top | plate is in dish_rack, expected serving_area | raw_meat_1 never completed a cooking cycle",invalid_corrective_block:7 missing_post_pick_place:1
holo2-8b,FINAL.G1-n1,9,replan_budget_exhausted,budget <- Corrective block: invalid_corrective_block,11,"cooked_meat_1 is in serving_area, expected plate_top | raw_meat_1 is in inside_grill, expected plate_top | plate is in dish_rack, expected serving_area | raw_meat_1 never completed a cooking cycle",invalid_corrective_block:9
internvl3.5-8b,FINAL.K0,0,replan_budget_exhausted,budget <- Corrective block: invalid_corrective_block,11,"mug1 is in pantry_area, expected inside_box | sugar is in pantry_area, expected cupboard_shelf",invalid_corrective_block:4 box_lid_obstructed:2 repeated_planner_output:2 executor_failure:2
internvl3.5-8b,FINAL.K0,5,replan_budget_exhausted,budget <- Scene precondition: box_lid_obstructed,11,"mug1 is in pantry_area, expected inside_box | mug2 is in box_lid_top, expected inside_box | mug3 is in cupboard_shelf, expected inside_box",box_lid_obstructed:2 box_lid_closed:2 missing_post_pick_place:2 repeated_planner_output:2 placement_failed:1 orphan_place:1
internvl3.5-8b,FINAL.K0,6,replan_loop,loop <- Scene precondition: box_lid_obstructed,6,"mug1 is in pantry_area, expected inside_box | mug2 is in box_lid_top, expected inside_box | mug3 is in cupboard_shelf, expected inside_box | spam is in pantry_area, expected cupboard_shelf | sugar is in pantry_area, expected cupboard_shelf",box_lid_obstructed:3 repeated_planner_output:2 orphan_place:1
internvl3.5-8b,FINAL.K0,7,replan_budget_exhausted,budget <- Corrective block: invalid_corrective_block,11,"mug1 is in pantry_area, expected inside_box | mug2 is in pantry_area, expected inside_box | mug3 is in cupboard_shelf, expected inside_box | spam is in pantry_area, expected cupboard_shelf | sugar is in pantry_area, expected cupboard_shelf",invalid_corrective_block:5 box_lid_obstructed:2 repeated_planner_output:1 executor_failure:1
internvl3.5-8b,FINAL.K0,8,replan_loop,loop <- Plan rules: missing_post_pick_place,9,"mug1 is in pantry_area, expected inside_box | mug2 is in table, expected inside_box | mug3 is in cupboard_shelf, expected inside_box | spam is in pantry_area, expected cupboard_shelf | sugar is in pantry_area, expected cupboard_shelf",missing_post_pick_place:3 repeated_planner_output:3 box_lid_closed:2 box_lid_obstructed:1
internvl3.5-8b,FINAL.K0,9,replan_budget_exhausted,budget <- Scene precondition: box_lid_obstructed,11,"mug1 is in pantry_area, expected inside_box | mug2 is in box_lid_top, expected inside_box | mug3 is in cupboard_shelf, expected inside_box",box_lid_obstructed:6 invalid_corrective_block:2 repeated_planner_output:1 orphan_place:1
internvl3.5-8b,FINAL.K1,0,replan_budget_exhausted,budget <- Corrective block: invalid_corrective_block,11,"mug1 is in pantry_area, expected inside_box | mug2 is in pantry_area, expected inside_box | mug3 is in cupboard_shelf, expected inside_box | sugar is in pantry_area, expected cupboard_shelf | phone is in the inside_box placement area | HC-box violated: phone never cleared from the box placement area",invalid_corrective_block:5 box_lid_obstructed:2 hc_violation:1 repeated_planner_output:1 placement_failed:1 orphan_place:1
internvl3.5-8b,FINAL.K1,1,replan_loop,loop <- Scene precondition: box_lid_obstructed,6,"mug1 is in pantry_area, expected inside_box | mug2 is in box_lid_top, expected inside_box | mug3 is in cupboard_shelf, expected inside_box | spam is in pantry_area, expected cupboard_shelf | sugar is in pantry_area, expected cupboard_shelf | phone is in the inside_box placement area | HC-box violated: phone never cleared from the box placement area",box_lid_obstructed:3 repeated_planner_output:2 hc_violation:1 orphan_place:1
internvl3.5-8b,FINAL.K1,2,replan_loop,loop <- Corrective block: invalid_corrective_block,11,"mug1 is in pantry_area, expected inside_box | mug2 is in pantry_area, expected inside_box | mug3 is in cupboard_shelf, expected inside_box | spam is in pantry_area, expected cupboard_shelf | sugar is in pantry_area, expected cupboard_shelf | phone is in the inside_box placement area | HC-box violated: phone never cleared from the box placement area",invalid_corrective_block:5 box_lid_obstructed:2 repeated_planner_output:2 hc_violation:1 placement_failed:1
internvl3.5-8b,FINAL.K1,3,replan_budget_exhausted,budget <- Corrective block: invalid_corrective_block,11,"mug1 is in pantry_area, expected inside_box | mug2 is in pantry_area, expected inside_box | mug3 is in cupboard_shelf, expected inside_box | sugar is in pantry_area, expected cupboard_shelf | phone is in the inside_box placement area | HC-box violated: phone never cleared from the box placement area",invalid_corrective_block:6 box_lid_obstructed:2 hc_violation:1 repeated_planner_output:1 placement_failed:1
internvl3.5-8b,FINAL.K1,4,replan_loop,loop <- Scene precondition: box_lid_obstructed,5,"mug1 is in pantry_area, expected inside_box | mug2 is in box_lid_top, expected inside_box | mug3 is in cupboard_shelf, expected inside_box | spam is in pantry_area, expected cupboard_shelf | sugar is in pantry_area, expected cupboard_shelf | phone is in the inside_box placement area | HC-box violated: phone never cleared from the box placement area",box_lid_obstructed:2 repeated_planner_output:2 hc_violation:1 unknown_action_token:1
internvl3.5-8b,FINAL.K1,5,replan_budget_exhausted,budget <- Corrective block: invalid_corrective_block,11,"mug1 is in pantry_area, expected inside_box | mug2 is in pantry_area, expected inside_box | mug3 is in cupboard_shelf, expected inside_box | spam is in pantry_area, expected cupboard_shelf | sugar is in pantry_area, expected cupboard_shelf | phone is in the inside_box placement area | HC-box violated: phone never cleared from the box placement area",invalid_corrective_block:5 box_lid_obstructed:2 hc_violation:1 repeated_planner_output:1 missing_post_pick_place:1
internvl3.5-8b,FINAL.K1,6,replan_loop,loop <- Scene precondition: box_lid_obstructed,10,"mug1 is in pantry_area, expected inside_box | mug2 is in box_lid_top, expected inside_box | mug3 is in cupboard_shelf, expected inside_box | spam is in pantry_area, expected cupboard_shelf | sugar is in pantry_area, expected cupboard_shelf | phone is in the inside_box placement area | HC-box violated: phone never cleared from the box placement area",box_lid_obstructed:6 repeated_planner_output:3 hc_violation:1 orphan_place:1
internvl3.5-8b,FINAL.K1,7,replan_budget_exhausted,budget <- Corrective block: invalid_corrective_block,11,"mug1 is in pantry_area, expected inside_box | mug2 is in pantry_area, expected inside_box | mug3 is in cupboard_shelf, expected inside_box | phone is in the inside_box placement area | HC-box violated: phone never cleared from the box placement area",invalid_corrective_block:4 box_lid_obstructed:2 insertion_too_late:2 hc_violation:1 repeated_planner_output:1
internvl3.5-8b,FINAL.K1,8,replan_loop,loop <- Scene precondition: box_lid_obstructed,10,"mug1 is in pantry_area, expected inside_box | mug2 is in box_lid_top, expected inside_box | mug3 is in cupboard_shelf, expected inside_box | spam is in pantry_area, expected cupboard_shelf | sugar is in pantry_area, expected cupboard_shelf | phone is in the inside_box placement area | HC-box violated: phone never cleared from the box placement area",box_lid_obstructed:5 repeated_planner_output:3 hc_violation:1 unknown_action_token:1 orphan_place:1
internvl3.5-8b,FINAL.K1,9,replan_budget_exhausted,budget <- Corrective block: invalid_corrective_block,11,"mug1 is in pantry_area, expected inside_box | mug2 is in pantry_area, expected inside_box | mug3 is in cupboard_shelf, expected inside_box | phone is in the inside_box placement area | HC-box violated: phone never cleared from the box placement area",invalid_corrective_block:4 insertion_too_late:3 box_lid_obstructed:2 hc_violation:1 repeated_planner_output:1
internvl3.5-8b,FINAL.K2,0,replan_loop,loop <- Scene precondition: box_lid_obstructed,4,"mug1 is in pantry_area, expected inside_box | mug2 is in box_lid_top, expected inside_box | mug3 is in cupboard_shelf, expected inside_box | spam is in pantry_area, expected cupboard_shelf | sugar is in pantry_area, expected cupboard_shelf",box_lid_obstructed:2 repeated_planner_output:2
internvl3.5-8b,FINAL.K2,2,replan_budget_exhausted,budget <- Scene precondition: box_lid_obstructed,11,"mug1 is in pantry_area, expected inside_box | mug2 is in pantry_area, expected inside_box | mug3 is in cupboard_shelf, expected inside_box | spam is in pantry_area, expected cupboard_shelf | sugar is in pantry_area, expected cupboard_shelf",box_lid_obstructed:4 orphan_place:2 invalid_corrective_block:2 repeated_planner_output:1 placement_failed:1
internvl3.5-8b,FINAL.K2,3,replan_budget_exhausted,budget <- Scene precondition: box_lid_obstructed,11,"mug1 is in pantry_area, expected inside_box",box_lid_obstructed:4 invalid_corrective_block:2 repeated_planner_output:1 placement_failed:1
internvl3.5-8b,FINAL.K2,5,replan_budget_exhausted,budget <- Motion / grasp: executor_failure,11,"mug3 is in cupboard_shelf, expected inside_box | spam is in pantry_area, expected cupboard_shelf | sugar is in pantry_area, expected cupboard_shelf",executor_failure:4 repeated_planner_output:3 box_lid_obstructed:2
internvl3.5-8b,FINAL.K2,6,replan_loop,loop <- Scene precondition: box_lid_obstructed,11,"mug1 is in pantry_area, expected inside_box | mug2 is in table, expected inside_box | mug3 is in cupboard_shelf, expected inside_box | spam is in pantry_area, expected cupboard_shelf | sugar is in pantry_area, expected cupboard_shelf",box_lid_obstructed:5 repeated_planner_output:3 missing_post_pick_place:2 box_lid_closed:1
internvl3.5-8b,FINAL.K2,7,replan_budget_exhausted,budget <- Corrective block: invalid_corrective_block,11,"mug1 is in pantry_area, expected inside_box | mug2 is in pantry_area, expected inside_box | mug3 is in cupboard_shelf, expected inside_box | spam is in pantry_area, expected cupboard_shelf | sugar is in pantry_area, expected cupboard_shelf",invalid_corrective_block:7 box_lid_obstructed:2 repeated_planner_output:1
internvl3.5-8b,FINAL.K2,8,replan_loop,loop <- Scene precondition: box_lid_obstructed,6,"mug1 is in pantry_area, expected inside_box | mug2 is in box_lid_top, expected inside_box | mug3 is in cupboard_shelf, expected inside_box | spam is in pantry_area, expected cupboard_shelf | sugar is in pantry_area, expected cupboard_shelf",box_lid_obstructed:3 repeated_planner_output:2 orphan_place:1
internvl3.5-8b,FINAL.K2,9,replan_loop,loop <- Plan rules: missing_post_pick_place,10,"mug1 is in table, expected inside_box | mug2 is in box_lid_top, expected inside_box | mug3 is in cupboard_shelf, expected inside_box | spam is in pantry_area, expected cupboard_shelf | sugar is in pantry_area, expected cupboard_shelf",missing_post_pick_place:4 box_lid_closed:3 repeated_planner_output:2 box_lid_obstructed:1
internvl3.5-8b,FINAL.K3,0,replan_budget_exhausted,budget <- Corrective block: invalid_corrective_block,11,"can_of_beans is in inside_box, expected cupboard_shelf | mug1 is in pantry_area, expected inside_box | mug2 is in pantry_area, expected inside_box | mug3 is in cupboard_shelf, expected inside_box | spam is in pantry_area, expected cupboard_shelf | sugar is in pantry_area, expected cupboard_shelf | HC-box violated: can_of_beans never cleared from the box placement area",invalid_corrective_block:5 hc_violation:1 box_lid_obstructed:1 placement_failed:1 orphan_place:1 repeated_planner_output:1
internvl3.5-8b,FINAL.K3,1,replan_loop,loop <- Scene precondition: box_lid_obstructed,4,"can_of_beans is in inside_box, expected cupboard_shelf | mug1 is in pantry_area, expected inside_box | mug2 is in box_lid_top, expected inside_box | mug3 is in cupboard_shelf, expected inside_box | spam is in pantry_area, expected cupboard_shelf | sugar is in pantry_area, expected cupboard_shelf | HC-box violated: can_of_beans never cleared from the box placement area",box_lid_obstructed:2 repeated_planner_output:2 hc_violation:1
internvl3.5-8b,FINAL.K3,3,replan_budget_exhausted,budget <- Plan rules: missing_post_pick_place,11,"can_of_beans is in inside_box, expected cupboard_shelf | mug1 is in table, expected inside_box | mug2 is in box_lid_top, expected inside_box | mug3 is in cupboard_shelf, expected inside_box | spam is in pantry_area, expected cupboard_shelf | sugar is in pantry_area, expected cupboard_shelf | HC-box violated: can_of_beans never cleared from the box placement area",missing_post_pick_place:4 box_lid_closed:2 hc_violation:1 repeated_planner_output:1 invalid_corrective_block:1 box_lid_obstructed:1
internvl3.5-8b,FINAL.K3,4,replan_budget_exhausted,budget <- Plan rules: orphan_place,11,"can_of_beans is in inside_box, expected cupboard_shelf | mug1 is in pantry_area, expected inside_box | mug2 is in pantry_area, expected inside_box | mug3 is in cupboard_shelf, expected inside_box | spam is in pantry_area, expected cupboard_shelf | sugar is in pantry_area, expected cupboard_shelf | HC-box violated: can_of_beans never cleared from the box placement area",orphan_place:3 box_lid_obstructed:3 pddl_no_plan:2 hc_violation:1 repeated_planner_output:1 placement_failed:1
internvl3.5-8b,FINAL.K3,5,replan_loop,loop <- Scene precondition: box_lid_obstructed,4,"can_of_beans is in inside_box, expected cupboard_shelf | mug1 is in pantry_area, expected inside_box | mug2 is in box_lid_top, expected inside_box | mug3 is in cupboard_shelf, expected inside_box | spam is in pantry_area, expected cupboard_shelf | sugar is in pantry_area, expected cupboard_shelf | HC-box violated: can_of_beans never cleared from the box placement area",box_lid_obstructed:2 repeated_planner_output:2 hc_violation:1
internvl3.5-8b,FINAL.K3,6,replan_budget_exhausted,budget <- Motion / grasp: executor_failure,11,"mug1 is in pantry_area, expected inside_box | mug3 is in cupboard_shelf, expected inside_box | spam is in pantry_area, expected cupboard_shelf | sugar is in pantry_area, expected cupboard_shelf",executor_failure:3 box_lid_obstructed:2 repeated_planner_output:2 invalid_corrective_block:2
internvl3.5-8b,FINAL.K3,7,replan_loop,loop <- Corrective block: invalid_corrective_block,8,"can_of_beans is in inside_box, expected cupboard_shelf | mug1 is in pantry_area, expected inside_box | mug2 is in pantry_area, expected inside_box | mug3 is in cupboard_shelf, expected inside_box | spam is in pantry_area, expected cupboard_shelf | sugar is in pantry_area, expected cupboard_shelf | HC-box violated: can_of_beans never cleared from the box placement area",invalid_corrective_block:3 box_lid_obstructed:2 repeated_planner_output:2 hc_violation:1
internvl3.5-8b,FINAL.K3,8,replan_loop,loop <- Corrective block: invalid_corrective_block,10,"can_of_beans is in inside_box, expected cupboard_shelf | mug1 is in pantry_area, expected inside_box | mug2 is in pantry_area, expected inside_box | mug3 is in cupboard_shelf, expected inside_box | spam is in pantry_area, expected cupboard_shelf | sugar is in pantry_area, expected cupboard_shelf | HC-box violated: can_of_beans never cleared from the box placement area",repeated_planner_output:3 invalid_corrective_block:3 box_lid_obstructed:2 hc_violation:1 missing_post_pick_place:1
internvl3.5-8b,FINAL.K3,9,replan_budget_exhausted,budget <- Corrective block: invalid_corrective_block,11,"can_of_beans is in inside_box, expected cupboard_shelf | mug1 is in pantry_area, expected inside_box | mug2 is in pantry_area, expected inside_box | mug3 is in cupboard_shelf, expected inside_box | spam is in pantry_area, expected cupboard_shelf | sugar is in pantry_area, expected cupboard_shelf | HC-box violated: can_of_beans never cleared from the box placement area",invalid_corrective_block:4 box_lid_obstructed:2 orphan_place:2 hc_violation:1 unknown_action_token:1 placement_failed:1
internvl3.5-8b,FINAL.K4,4,replan_budget_exhausted,budget <- Corrective block: invalid_corrective_block,11,"can_of_beans is in inside_box, expected cupboard_shelf | mug1 is in pantry_area, expected inside_box | mug2 is in table, expected inside_box | mug3 is in cupboard_shelf, expected inside_box | sugar is in pantry_area, expected cupboard_shelf",invalid_corrective_block:6 box_lid_obstructed:2 repeated_planner_output:1
internvl3.5-8b,FINAL.K4,5,replan_loop,loop <- Scene precondition: box_lid_closed,10,"can_of_beans is in inside_box, expected cupboard_shelf | mug1 is in table, expected inside_box | mug2 is in box_lid_top, expected inside_box | mug3 is in cupboard_shelf, expected inside_box | spam is in pantry_area, expected cupboard_shelf | sugar is in pantry_area, expected cupboard_shelf",box_lid_closed:3 missing_post_pick_place:3 box_lid_obstructed:2 repeated_planner_output:2
internvl3.5-8b,FINAL.K4,6,replan_budget_exhausted,budget <- Corrective block: invalid_corrective_block,11,"mug1 is in pantry_area, expected inside_box | mug3 is in cupboard_shelf, expected inside_box | sugar is in pantry_area, expected cupboard_shelf",invalid_corrective_block:4 box_lid_obstructed:2 executor_failure:2 repeated_planner_output:1
internvl3.5-8b,FINAL.K4,7,replan_loop,loop <- Scene precondition: box_lid_obstructed,5,"can_of_beans is in inside_box, expected cupboard_shelf | mug1 is in pantry_area, expected inside_box | mug2 is in box_lid_top, expected inside_box | mug3 is in cupboard_shelf, expected inside_box | spam is in pantry_area, expected cupboard_shelf | sugar is in pantry_area, expected cupboard_shelf",box_lid_obstructed:2 repeated_planner_output:2 orphan_place:1
internvl3.5-8b,FINAL.K4,8,replan_budget_exhausted,budget <- Plan rules: missing_post_pick_place,11,"can_of_beans is in inside_box, expected cupboard_shelf | mug1 is in table, expected inside_box | mug2 is in box_lid_top, expected inside_box | mug3 is in cupboard_shelf, expected inside_box | spam is in pantry_area, expected cupboard_shelf | sugar is in pantry_area, expected cupboard_shelf",missing_post_pick_place:5 box_lid_closed:4 box_lid_obstructed:1 repeated_planner_output:1
internvl3.5-8b,FINAL.K4,9,replan_loop,loop <- Scene precondition: box_lid_obstructed,10,"can_of_beans is in inside_box, expected cupboard_shelf | mug1 is in pantry_area, expected inside_box | mug2 is in pantry_area, expected inside_box | mug3 is in cupboard_shelf, expected inside_box | spam is in pantry_area, expected cupboard_shelf | sugar is in pantry_area, expected cupboard_shelf",box_lid_obstructed:3 repeated_planner_output:3 orphan_place:3 placement_failed:1
internvl3.5-8b,FINAL.K3-n2,0,replan_budget_exhausted,budget <- Scene precondition: box_lid_obstructed,11,"can_of_beans is in inside_box, expected cupboard_shelf | can_of_beans_2 is in inside_box, expected cupboard_shelf | mug1 is in pantry_area, expected inside_box | mug2 is in pantry_area, expected inside_box | mug3 is in cupboard_shelf, expected inside_box | spam is in pantry_area, expected cupboard_shelf | sugar is in pantry_area, expected cupboard_shelf | HC-box violated: can_of_beans never cleared from the box placement area | HC-box violated: can_of_beans_2 never cleared from the box placement area",box_lid_obstructed:5 hc_violation:2 repeated_planner_output:2 orphan_place:2 placement_failed:1
internvl3.5-8b,FINAL.K3-n2,1,replan_loop,loop <- Scene precondition: box_lid_obstructed,6,"can_of_beans is in inside_box, expected cupboard_shelf | can_of_beans_2 is in inside_box, expected cupboard_shelf | mug1 is in pantry_area, expected inside_box | mug2 is in box_lid_top, expected inside_box | mug3 is in cupboard_shelf, expected inside_box | spam is in pantry_area, expected cupboard_shelf | sugar is in pantry_area, expected cupboard_shelf | HC-box violated: can_of_beans never cleared from the box placement area | HC-box violated: can_of_beans_2 never cleared from the box placement area",box_lid_obstructed:3 hc_violation:2 repeated_planner_output:2 orphan_place:1
internvl3.5-8b,FINAL.K3-n2,2,replan_loop,loop <- Scene precondition: box_lid_closed,8,"can_of_beans is in inside_box, expected cupboard_shelf | can_of_beans_2 is in inside_box, expected cupboard_shelf | mug1 is in table, expected inside_box | mug2 is in box_lid_top, expected inside_box | mug3 is in cupboard_shelf, expected inside_box | spam is in pantry_area, expected cupboard_shelf | sugar is in pantry_area, expected cupboard_shelf | HC-box violated: can_of_beans never cleared from the box placement area | HC-box violated: can_of_beans_2 never cleared from the box placement area",box_lid_closed:3 missing_post_pick_place:3 hc_violation:2 repeated_planner_output:2
internvl3.5-8b,FINAL.K3-n2,3,replan_budget_exhausted,budget <- Corrective block: invalid_corrective_block,11,"can_of_beans is in inside_box, expected cupboard_shelf | can_of_beans_2 is in inside_box, expected cupboard_shelf | mug1 is in pantry_area, expected inside_box | mug2 is in pantry_area, expected inside_box | mug3 is in cupboard_shelf, expected inside_box | spam is in pantry_area, expected cupboard_shelf | sugar is in pantry_area, expected cupboard_shelf | HC-box violated: can_of_beans never cleared from the box placement area | HC-box violated: can_of_beans_2 never cleared from the box placement area",invalid_corrective_block:5 box_lid_obstructed:3 hc_violation:2 placement_failed:1 repeated_planner_output:1
internvl3.5-8b,FINAL.K3-n2,5,replan_budget_exhausted,budget <- Scene precondition: box_lid_closed,11,"can_of_beans is in inside_box, expected cupboard_shelf | can_of_beans_2 is in inside_box, expected cupboard_shelf | mug1 is in pantry_area, expected inside_box | mug2 is in table, expected inside_box | mug3 is in cupboard_shelf, expected inside_box | spam is in pantry_area, expected cupboard_shelf | sugar is in pantry_area, expected cupboard_shelf | HC-box violated: can_of_beans never cleared from the box placement area | HC-box violated: can_of_beans_2 never cleared from the box placement area",box_lid_closed:4 missing_post_pick_place:3 hc_violation:2 box_lid_obstructed:1 repeated_planner_output:1 invalid_corrective_block:1
internvl3.5-8b,FINAL.K3-n2,6,replan_budget_exhausted,budget <- Scene precondition: box_lid_obstructed,11,"can_of_beans is in inside_box, expected cupboard_shelf | can_of_beans_2 is in inside_box, expected cupboard_shelf | mug1 is in table, expected inside_box | mug2 is in box_lid_top, expected inside_box | mug3 is in cupboard_shelf, expected inside_box | spam is in pantry_area, expected cupboard_shelf | sugar is in pantry_area, expected cupboard_shelf | HC-box violated: can_of_beans never cleared from the box placement area | HC-box violated: can_of_beans_2 never cleared from the box placement area",box_lid_obstructed:4 box_lid_closed:3 hc_violation:2 missing_post_pick_place:2 repeated_planner_output:1 orphan_place:1
internvl3.5-8b,FINAL.K3-n2,7,replan_budget_exhausted,budget <- Plan rules: missing_post_pick_place,11,"can_of_beans is in inside_box, expected cupboard_shelf | can_of_beans_2 is in inside_box, expected cupboard_shelf | mug1 is in table, expected inside_box | mug2 is in box_lid_top, expected inside_box | mug3 is in cupboard_shelf, expected inside_box | spam is in pantry_area, expected cupboard_shelf | sugar is in pantry_area, expected cupboard_shelf | HC-box violated: can_of_beans never cleared from the box placement area | HC-box violated: can_of_beans_2 never cleared from the box placement area",missing_post_pick_place:7 box_lid_closed:3 hc_violation:2 repeated_planner_output:1
internvl3.5-8b,FINAL.K3-n2,8,replan_loop,loop <- Other: hc_violation,5,"can_of_beans is in inside_box, expected cupboard_shelf | can_of_beans_2 is in inside_box, expected cupboard_shelf | mug1 is in table, expected inside_box | mug2 is in box_lid_top, expected inside_box | mug3 is in cupboard_shelf, expected inside_box | spam is in pantry_area, expected cupboard_shelf | sugar is in pantry_area, expected cupboard_shelf | HC-box violated: can_of_beans never cleared from the box placement area | HC-box violated: can_of_beans_2 never cleared from the box placement area",hc_violation:2 box_lid_closed:2 repeated_planner_output:2 missing_post_pick_place:1
internvl3.5-8b,FINAL.K3-n3,0,replan_budget_exhausted,budget <- Corrective block: invalid_corrective_block,11,"can_of_beans is in inside_box, expected cupboard_shelf | can_of_beans_2 is in inside_box, expected cupboard_shelf | can_of_beans_3 is in inside_box, expected cupboard_shelf | mug1 is in pantry_area, expected inside_box | mug2 is in pantry_area, expected inside_box | mug3 is in cupboard_shelf, expected inside_box | spam is in pantry_area, expected cupboard_shelf | sugar is in pantry_area, expected cupboard_shelf | HC-box violated: can_of_beans never cleared from the box placement area | HC-box violated: can_of_beans_2 never cleared from the box placement area | HC-box violated: can_of_beans_3 never cleared from the box placement area",invalid_corrective_block:5 hc_violation:3 box_lid_obstructed:3 placement_failed:1 orphan_place:1
internvl3.5-8b,FINAL.K3-n3,1,replan_budget_exhausted,budget <- Scene precondition: box_lid_obstructed,11,"can_of_beans is in inside_box, expected cupboard_shelf | can_of_beans_2 is in inside_box, expected cupboard_shelf | can_of_beans_3 is in inside_box, expected cupboard_shelf | mug1 is in pantry_area, expected inside_box | mug2 is in pantry_area, expected inside_box | mug3 is in cupboard_shelf, expected inside_box | spam is in pantry_area, expected cupboard_shelf | sugar is in pantry_area, expected cupboard_shelf | HC-box violated: can_of_beans never cleared from the box placement area | HC-box violated: can_of_beans_2 never cleared from the box placement area | HC-box violated: can_of_beans_3 never cleared from the box placement area",box_lid_obstructed:5 hc_violation:3 invalid_corrective_block:3 repeated_planner_output:1 placement_failed:1
internvl3.5-8b,FINAL.K3-n3,2,replan_budget_exhausted,budget <- Corrective block: invalid_corrective_block,11,"can_of_beans is in inside_box, expected cupboard_shelf | can_of_beans_2 is in inside_box, expected cupboard_shelf | can_of_beans_3 is in inside_box, expected cupboard_shelf | mug1 is in pantry_area, expected inside_box | mug2 is in pantry_area, expected inside_box | mug3 is in cupboard_shelf, expected inside_box | spam is in pantry_area, expected cupboard_shelf | sugar is in pantry_area, expected cupboard_shelf | HC-box violated: can_of_beans never cleared from the box placement area | HC-box violated: can_of_beans_2 never cleared from the box placement area | HC-box violated: can_of_beans_3 never cleared from the box placement area",invalid_corrective_block:4 hc_violation:3 box_lid_obstructed:2 orphan_place:2 repeated_planner_output:1 placement_failed:1
internvl3.5-8b,FINAL.K3-n3,4,replan_budget_exhausted,budget <- Scene precondition: box_lid_closed,11,"can_of_beans is in inside_box, expected cupboard_shelf | can_of_beans_2 is in inside_box, expected cupboard_shelf | can_of_beans_3 is in inside_box, expected cupboard_shelf | mug1 is in table, expected inside_box | mug2 is in box_lid_top, expected inside_box | mug3 is in cupboard_shelf, expected inside_box | spam is in pantry_area, expected cupboard_shelf | sugar is in pantry_area, expected cupboard_shelf | HC-box violated: can_of_beans never cleared from the box placement area | HC-box violated: can_of_beans_2 never cleared from the box placement area | HC-box violated: can_of_beans_3 never cleared from the box placement area",box_lid_closed:5 missing_post_pick_place:5 hc_violation:3 box_lid_obstructed:1
internvl3.5-8b,FINAL.K3-n3,5,replan_budget_exhausted,budget <- Other: hc_violation,11,"can_of_beans is in inside_box, expected cupboard_shelf | can_of_beans_2 is in inside_box, expected cupboard_shelf | can_of_beans_3 is in inside_box, expected cupboard_shelf | mug1 is in pantry_area, expected inside_box | mug2 is in pantry_area, expected inside_box | mug3 is in cupboard_shelf, expected inside_box | spam is in pantry_area, expected cupboard_shelf | sugar is in pantry_area, expected cupboard_shelf | HC-box violated: can_of_beans never cleared from the box placement area | HC-box violated: can_of_beans_2 never cleared from the box placement area | HC-box violated: can_of_beans_3 never cleared from the box placement area",hc_violation:3 box_lid_obstructed:2 repeated_planner_output:2 invalid_corrective_block:2 insertion_too_late:2 missing_post_pick_place:1
internvl3.5-8b,FINAL.K3-n3,6,replan_loop,loop <- Scene precondition: box_lid_obstructed,8,"can_of_beans is in inside_box, expected cupboard_shelf | can_of_beans_2 is in inside_box, expected cupboard_shelf | can_of_beans_3 is in inside_box, expected cupboard_shelf | mug1 is in pantry_area, expected inside_box | mug2 is in box_lid_top, expected inside_box | mug3 is in cupboard_shelf, expected inside_box | spam is in pantry_area, expected cupboard_shelf | sugar is in pantry_area, expected cupboard_shelf | HC-box violated: can_of_beans never cleared from the box placement area | HC-box violated: can_of_beans_2 never cleared from the box placement area | HC-box violated: can_of_beans_3 never cleared from the box placement area",box_lid_obstructed:4 hc_violation:3 repeated_planner_output:2 orphan_place:1 pick_place_mismatch:1
internvl3.5-8b,FINAL.K3-n3,7,replan_budget_exhausted,budget <- Corrective block: invalid_corrective_block,11,"can_of_beans is in inside_box, expected cupboard_shelf | can_of_beans_2 is in inside_box, expected cupboard_shelf | can_of_beans_3 is in inside_box, expected cupboard_shelf | mug1 is in pantry_area, expected inside_box | mug2 is in pantry_area, expected inside_box | mug3 is in cupboard_shelf, expected inside_box | spam is in pantry_area, expected cupboard_shelf | sugar is in pantry_area, expected cupboard_shelf | HC-box violated: can_of_beans never cleared from the box placement area | HC-box violated: can_of_beans_2 never cleared from the box placement area | HC-box violated: can_of_beans_3 never cleared from the box placement area",invalid_corrective_block:5 hc_violation:3 box_lid_obstructed:2 repeated_planner_output:1 missing_post_pick_place:1
internvl3.5-8b,FINAL.K3-n3,8,replan_loop,loop <- Other: hc_violation,4,"can_of_beans is in inside_box, expected cupboard_shelf | can_of_beans_2 is in inside_box, expected cupboard_shelf | can_of_beans_3 is in inside_box, expected cupboard_shelf | mug1 is in pantry_area, expected inside_box | mug2 is in box_lid_top, expected inside_box | mug3 is in cupboard_shelf, expected inside_box | spam is in pantry_area, expected cupboard_shelf | sugar is in pantry_area, expected cupboard_shelf | HC-box violated: can_of_beans never cleared from the box placement area | HC-box violated: can_of_beans_2 never cleared from the box placement area | HC-box violated: can_of_beans_3 never cleared from the box placement area",hc_violation:3 box_lid_obstructed:2 repeated_planner_output:2
internvl3.5-8b,FINAL.K3-n3,9,replan_budget_exhausted,budget <- Corrective block: invalid_corrective_block,11,"can_of_beans is in inside_box, expected cupboard_shelf | can_of_beans_2 is in inside_box, expected cupboard_shelf | can_of_beans_3 is in inside_box, expected cupboard_shelf | mug1 is in pantry_area, expected inside_box | mug2 is in pantry_area, expected inside_box | mug3 is in cupboard_shelf, expected inside_box | spam is in pantry_area, expected cupboard_shelf | sugar is in pantry_area, expected cupboard_shelf | HC-box violated: can_of_beans never cleared from the box placement area | HC-box violated: can_of_beans_2 never cleared from the box placement area | HC-box violated: can_of_beans_3 never cleared from the box placement area",invalid_corrective_block:4 hc_violation:3 box_lid_obstructed:3 repeated_planner_output:1 placement_failed:1 orphan_place:1
internvl3.5-8b,FINAL.K1-w1,0,replan_budget_exhausted,budget <- Corrective block: invalid_corrective_block,11,"can_of_beans is in pantry_area, expected cupboard_shelf | mug2 is in pantry_area, expected inside_box | mug3 is in cupboard_shelf, expected inside_box | spam is in pantry_area, expected cupboard_shelf | sugar is in pantry_area, expected cupboard_shelf | phone is in the inside_box placement area | HC-box violated: mug1 placed into the box before phone was cleared",invalid_corrective_block:3 box_lid_obstructed:2 hc_violation:1 repeated_planner_output:1 placement_failed:1 grasp_failed:1 insertion_too_late:1
internvl3.5-8b,FINAL.K1-w1,1,replan_budget_exhausted,budget <- Corrective block: invalid_corrective_block,11,"can_of_beans is in pantry_area, expected cupboard_shelf | mug1 is in pantry_area, expected inside_box | mug2 is in pantry_area, expected inside_box | mug3 is in cupboard_shelf, expected inside_box | spam is in pantry_area, expected cupboard_shelf | sugar is in pantry_area, expected cupboard_shelf | phone is in the inside_box placement area | HC-box violated: phone never cleared from the box placement area",invalid_corrective_block:5 box_lid_obstructed:2 hc_violation:1 unknown_action_token:1 repeated_planner_output:1 missing_post_pick_place:1
internvl3.5-8b,FINAL.K1-w1,2,replan_budget_exhausted,budget <- Corrective block: invalid_corrective_block,11,"can_of_beans is in pantry_area, expected cupboard_shelf | mug1 is in pantry_area, expected inside_box | mug2 is in pantry_area, expected inside_box | mug3 is in cupboard_shelf, expected inside_box | spam is in pantry_area, expected cupboard_shelf | sugar is in pantry_area, expected cupboard_shelf | phone is in the inside_box placement area | HC-box violated: phone never cleared from the box placement area",invalid_corrective_block:5 insertion_too_late:3 hc_violation:1 box_lid_obstructed:1 placement_failed:1
internvl3.5-8b,FINAL.K1-w1,3,replan_budget_exhausted,budget <- Plan rules: orphan_place,11,"can_of_beans is in pantry_area, expected cupboard_shelf | mug1 is in pantry_area, expected inside_box | mug2 is in pantry_area, expected inside_box | mug3 is in cupboard_shelf, expected inside_box | spam is in pantry_area, expected cupboard_shelf | sugar is in pantry_area, expected cupboard_shelf | phone is in the inside_box placement area | HC-box violated: phone never cleared from the box placement area",orphan_place:3 box_lid_obstructed:2 invalid_corrective_block:2 hc_violation:1 repeated_planner_output:1 placement_failed:1
internvl3.5-8b,FINAL.K1-w1,4,replan_budget_exhausted,budget <- Plan rules: orphan_place,11,"can_of_beans is in pantry_area, expected cupboard_shelf | mug1 is in pantry_area, expected inside_box | mug2 is in pantry_area, expected inside_box | mug3 is in cupboard_shelf, expected inside_box | spam is in pantry_area, expected cupboard_shelf | sugar is in pantry_area, expected cupboard_shelf | phone is in the inside_box placement area | HC-box violated: phone never cleared from the box placement area",orphan_place:5 box_lid_obstructed:2 hc_violation:1 repeated_planner_output:1 placement_failed:1 insertion_too_late:1
internvl3.5-8b,FINAL.K1-w1,5,replan_budget_exhausted,budget <- Corrective block: invalid_corrective_block,11,"mug1 is in pantry_area, expected inside_box | mug2 is in box_lid_top, expected inside_box | mug3 is in cupboard_shelf, expected inside_box | phone is in the inside_box placement area | HC-box violated: phone never cleared from the box placement area",invalid_corrective_block:6 box_lid_obstructed:3 hc_violation:1 repeated_planner_output:1
internvl3.5-8b,FINAL.K1-w1,6,replan_budget_exhausted,budget <- Insertion: insertion_too_late,11,"mug1 is in pantry_area, expected inside_box | mug2 is in pantry_area, expected inside_box | mug3 is in cupboard_shelf, expected inside_box | sugar is in pantry_area, expected cupboard_shelf | phone is in the inside_box placement area | HC-box violated: phone never cleared from the box placement area",insertion_too_late:3 invalid_corrective_block:3 box_lid_obstructed:2 hc_violation:1 repeated_planner_output:1
internvl3.5-8b,FINAL.K1-w1,7,replan_loop,loop <- Plan rules: missing_post_pick_place,8,"can_of_beans is in pantry_area, expected cupboard_shelf | mug1 is in table, expected inside_box | mug2 is in box_lid_top, expected inside_box | mug3 is in cupboard_shelf, expected inside_box | spam is in pantry_area, expected cupboard_shelf | sugar is in pantry_area, expected cupboard_shelf | phone is in the inside_box placement area | HC-box violated: phone never cleared from the box placement area",missing_post_pick_place:3 repeated_planner_output:2 hc_violation:1 box_lid_obstructed:1 box_lid_closed:1 orphan_place:1
internvl3.5-8b,FINAL.K1-w1,8,replan_budget_exhausted,budget <- Scene precondition: box_lid_obstructed,11,"can_of_beans is in pantry_area, expected cupboard_shelf | mug1 is in pantry_area, expected inside_box | mug2 is in pantry_area, expected inside_box | mug3 is in cupboard_shelf, expected inside_box | spam is in pantry_area, expected cupboard_shelf | sugar is in pantry_area, expected cupboard_shelf | phone is in the inside_box placement area | HC-box violated: phone never cleared from the box placement area",box_lid_obstructed:2 repeated_planner_output:2 box_lid_closed:2 missing_post_pick_place:2 hc_violation:1 invalid_corrective_block:1
internvl3.5-8b,FINAL.K1-w1,9,replan_loop,loop <- Scene precondition: box_lid_obstructed,6,"can_of_beans is in pantry_area, expected cupboard_shelf | mug1 is in pantry_area, expected inside_box | mug2 is in box_lid_top, expected inside_box | mug3 is in cupboard_shelf, expected inside_box | spam is in pantry_area, expected cupboard_shelf | sugar is in pantry_area, expected cupboard_shelf | phone is in the inside_box placement area | HC-box violated: phone never cleared from the box placement area",box_lid_obstructed:3 repeated_planner_output:2 hc_violation:1 orphan_place:1
internvl3.5-8b,FINAL.K1-w2,0,replan_budget_exhausted,budget <- Corrective block: invalid_corrective_block,11,"can_of_beans is in pantry_area, expected cupboard_shelf | can_of_beans_2 is in pantry_area, expected cupboard_shelf | mug1 is in pantry_area, expected inside_box | mug2 is in pantry_area, expected inside_box | mug3 is in cupboard_shelf, expected inside_box | spam is in pantry_area, expected cupboard_shelf | sugar is in pantry_area, expected cupboard_shelf | phone is in the inside_box placement area | HC-box violated: phone never cleared from the box placement area",invalid_corrective_block:5 box_lid_obstructed:2 hc_violation:1 repeated_planner_output:1 placement_failed:1 insertion_too_late:1
internvl3.5-8b,FINAL.K1-w2,1,replan_budget_exhausted,budget <- Corrective block: invalid_corrective_block,11,"mug1 is in pantry_area, expected inside_box | mug2 is in pantry_area, expected inside_box | mug3 is in cupboard_shelf, expected inside_box | phone is in the inside_box placement area | HC-box violated: phone never cleared from the box placement area",invalid_corrective_block:7 hc_violation:1 box_lid_obstructed:1 repeated_planner_output:1
internvl3.5-8b,FINAL.K1-w2,2,replan_loop,loop <- Scene precondition: box_lid_obstructed,6,"can_of_beans is in pantry_area, expected cupboard_shelf | can_of_beans_2 is in pantry_area, expected cupboard_shelf | mug1 is in pantry_area, expected inside_box | mug2 is in box_lid_top, expected inside_box | mug3 is in cupboard_shelf, expected inside_box | spam is in pantry_area, expected cupboard_shelf | sugar is in pantry_area, expected cupboard_shelf | phone is in the inside_box placement area | HC-box violated: phone never cleared from the box placement area",box_lid_obstructed:3 repeated_planner_output:2 hc_violation:1 orphan_place:1
internvl3.5-8b,FINAL.K1-w2,3,replan_loop,loop <- Scene precondition: box_lid_closed,10,"can_of_beans is in pantry_area, expected cupboard_shelf | can_of_beans_2 is in pantry_area, expected cupboard_shelf | mug1 is in pantry_area, expected inside_box | mug2 is in table, expected inside_box | mug3 is in cupboard_shelf, expected inside_box | spam is in pantry_area, expected cupboard_shelf | sugar is in pantry_area, expected cupboard_shelf | phone is in the inside_box placement area | HC-box violated: phone never cleared from the box placement area",box_lid_closed:3 missing_post_pick_place:3 repeated_planner_output:2 hc_violation:1 unknown_action_token:1 box_lid_obstructed:1
internvl3.5-8b,FINAL.K1-w2,4,replan_loop,loop <- Scene precondition: box_lid_obstructed,4,"can_of_beans is in pantry_area, expected cupboard_shelf | can_of_beans_2 is in pantry_area, expected cupboard_shelf | mug1 is in pantry_area, expected inside_box | mug2 is in box_lid_top, expected inside_box | mug3 is in cupboard_shelf, expected inside_box | spam is in pantry_area, expected cupboard_shelf | sugar is in pantry_area, expected cupboard_shelf | phone is in the inside_box placement area | HC-box violated: phone never cleared from the box placement area",box_lid_obstructed:2 repeated_planner_output:2 hc_violation:1
internvl3.5-8b,FINAL.K1-w2,5,replan_budget_exhausted,budget <- Scene precondition: box_lid_obstructed,11,"can_of_beans is in pantry_area, expected cupboard_shelf | can_of_beans_2 is in pantry_area, expected cupboard_shelf | mug1 is in pantry_area, expected inside_box | mug2 is in box_lid_top, expected inside_box | mug3 is in cupboard_shelf, expected inside_box | spam is in pantry_area, expected cupboard_shelf | sugar is in pantry_area, expected cupboard_shelf | phone is in the inside_box placement area | HC-box violated: phone never cleared from the box placement area",box_lid_obstructed:9 hc_violation:1 repeated_planner_output:1 orphan_place:1
internvl3.5-8b,FINAL.K1-w2,6,replan_budget_exhausted,budget <- Corrective block: invalid_corrective_block,11,"can_of_beans_2 is in pantry_area, expected cupboard_shelf | mug1 is in pantry_area, expected inside_box | mug2 is in pantry_area, expected inside_box | mug3 is in cupboard_shelf, expected inside_box | sugar is in pantry_area, expected cupboard_shelf | phone is in the inside_box placement area | HC-box violated: phone never cleared from the box placement area",invalid_corrective_block:5 insertion_too_late:2 hc_violation:1 box_lid_obstructed:1 placement_failed:1 pick_place_mismatch:1
internvl3.5-8b,FINAL.K1-w2,7,replan_budget_exhausted,budget <- Scene precondition: box_lid_obstructed,11,"can_of_beans is in pantry_area, expected cupboard_shelf | can_of_beans_2 is in pantry_area, expected cupboard_shelf | mug1 is in pantry_area, expected inside_box | mug2 is in pantry_area, expected inside_box | mug3 is in cupboard_shelf, expected inside_box | spam is in pantry_area, expected cupboard_shelf | sugar is in pantry_area, expected cupboard_shelf | phone is in the inside_box placement area | HC-box violated: phone never cleared from the box placement area",box_lid_obstructed:3 invalid_corrective_block:3 hc_violation:1 orphan_place:1 repeated_planner_output:1 insertion_too_late:1
internvl3.5-8b,FINAL.K1-w2,8,replan_budget_exhausted,budget <- Insertion: insertion_too_late,11,"can_of_beans is in pantry_area, expected cupboard_shelf | can_of_beans_2 is in pantry_area, expected cupboard_shelf | mug1 is in pantry_area, expected inside_box | mug2 is in table, expected inside_box | mug3 is in cupboard_shelf, expected inside_box | spam is in pantry_area, expected cupboard_shelf | sugar is in pantry_area, expected cupboard_shelf | phone is in the inside_box placement area | HC-box violated: phone never cleared from the box placement area",insertion_too_late:3 invalid_corrective_block:3 box_lid_obstructed:2 hc_violation:1 orphan_place:1 repeated_planner_output:1
internvl3.5-8b,FINAL.K1-w2,9,replan_loop,loop <- Scene precondition: box_lid_closed,7,"can_of_beans is in pantry_area, expected cupboard_shelf | can_of_beans_2 is in pantry_area, expected cupboard_shelf | mug1 is in pantry_area, expected inside_box | mug2 is in table, expected inside_box | mug3 is in cupboard_shelf, expected inside_box | spam is in pantry_area, expected cupboard_shelf | sugar is in pantry_area, expected cupboard_shelf | phone is in the inside_box placement area | HC-box violated: phone never cleared from the box placement area",box_lid_closed:2 repeated_planner_output:2 hc_violation:1 box_lid_obstructed:1 missing_post_pick_place:1 unknown_action_token:1
internvl3.5-8b,FINAL.G0,0,replan_budget_exhausted,budget <- Corrective block: invalid_corrective_block,11,"raw_meat_1 is in inside_grill, expected plate_top | plate is in dish_rack, expected serving_area | raw_meat_1 never completed a cooking cycle",invalid_corrective_block:7 repeated_planner_output:1 unknown_action_token:1
internvl3.5-8b,FINAL.G0,1,replan_budget_exhausted,budget <- Corrective block: invalid_corrective_block,11,"plate is in dish_rack, expected serving_area | raw_meat_1 overcooked: inside the grill during a close->reopen cycle after it was cooked",invalid_corrective_block:6 repeated_planner_output:1 placement_failed:1 orphan_place:1
internvl3.5-8b,FINAL.G0,2,replan_budget_exhausted,budget <- Corrective block: invalid_corrective_block,11,"raw_meat_1 is in inside_grill, expected plate_top | plate is in dish_rack, expected serving_area | raw_meat_1 never completed a cooking cycle",invalid_corrective_block:8 orphan_place:1 repeated_planner_output:1
internvl3.5-8b,FINAL.G0,3,replan_loop,loop <- Corrective block: invalid_corrective_block,7,"raw_meat_1 is in dish_rack, expected plate_top | plate is in dish_rack, expected serving_area",invalid_corrective_block:4 repeated_planner_output:2
internvl3.5-8b,FINAL.G0,4,replan_budget_exhausted,budget <- Corrective block: invalid_corrective_block,11,"raw_meat_1 is in inside_grill, expected plate_top | plate is in dish_rack, expected serving_area",invalid_corrective_block:9
internvl3.5-8b,FINAL.G0,5,replan_loop,loop <- Corrective block: invalid_corrective_block,6,"raw_meat_1 is in dish_rack, expected plate_top | plate is in dish_rack, expected serving_area",invalid_corrective_block:3 repeated_planner_output:2
internvl3.5-8b,FINAL.G0,6,replan_loop,loop <- Corrective block: invalid_corrective_block,6,"raw_meat_1 is in table, expected plate_top | plate is in dish_rack, expected serving_area | raw_meat_1 never completed a cooking cycle",invalid_corrective_block:3 repeated_planner_output:2
internvl3.5-8b,FINAL.G0,7,replan_loop,loop <- Corrective block: invalid_corrective_block,9,"raw_meat_1 is in inside_grill, expected plate_top | plate is in dish_rack, expected serving_area | raw_meat_1 never completed a cooking cycle",invalid_corrective_block:5 repeated_planner_output:2
internvl3.5-8b,FINAL.G0,8,replan_loop,loop <- Corrective block: invalid_corrective_block,8,"raw_meat_1 is in inside_grill, expected plate_top | plate is in dish_rack, expected serving_area | raw_meat_1 never completed a cooking cycle",invalid_corrective_block:5 repeated_planner_output:2
internvl3.5-8b,FINAL.G0,9,replan_loop,loop <- Corrective block: invalid_corrective_block,9,"raw_meat_1 is in inside_grill, expected plate_top | plate is in dish_rack, expected serving_area",invalid_corrective_block:5 repeated_planner_output:2
internvl3.5-8b,FINAL.G1,0,replan_budget_exhausted,budget <- Corrective block: invalid_corrective_block,11,"cooked_meat_1 is in dish_rack, expected plate_top | raw_meat_1 is in inside_grill, expected plate_top | plate is in dish_rack, expected serving_area",invalid_corrective_block:7 unknown_action_token:1 placement_failed:1
internvl3.5-8b,FINAL.G1,1,replan_budget_exhausted,budget <- Corrective block: invalid_corrective_block,11,"cooked_meat_1 is in serving_area, expected plate_top | raw_meat_1 is in dish_rack, expected plate_top | plate is in dish_rack, expected serving_area",invalid_corrective_block:7 placement_failed:1
internvl3.5-8b,FINAL.G1,2,replan_budget_exhausted,budget <- Corrective block: invalid_corrective_block,11,"cooked_meat_1 is in serving_area, expected plate_top | cooked_meat_2 is in inside_grill, expected plate_top | raw_meat_1 is in inside_grill, expected plate_top | plate is in dish_rack, expected serving_area | raw_meat_1 never completed a cooking cycle | HC-grill violated: cooked_meat_2 inside the grill at close(grill_lid) after it was cooked",invalid_corrective_block:7 hc_violation:1
internvl3.5-8b,FINAL.G1,3,replan_budget_exhausted,budget <- Corrective block: invalid_corrective_block,11,"cooked_meat_1 is in serving_area, expected plate_top | cooked_meat_2 is in serving_area, expected plate_top | raw_meat_1 is in inside_grill, expected plate_top | plate is in dish_rack, expected serving_area | raw_meat_1 never completed a cooking cycle",invalid_corrective_block:9
internvl3.5-8b,FINAL.G1,4,replan_budget_exhausted,budget <- Corrective block: invalid_corrective_block,11,"cooked_meat_1 is in dish_rack, expected plate_top | raw_meat_1 is in inside_grill, expected plate_top | plate is in dish_rack, expected serving_area | raw_meat_1 never completed a cooking cycle",invalid_corrective_block:7 orphan_place:1 placement_failed:1
internvl3.5-8b,FINAL.G1,5,replan_loop,loop <- Corrective block: invalid_corrective_block,6,"cooked_meat_1 is in inside_grill, expected plate_top | cooked_meat_2 is in inside_grill, expected plate_top | raw_meat_1 is in inside_grill, expected plate_top | plate is in dish_rack, expected serving_area | raw_meat_1 never completed a cooking cycle",invalid_corrective_block:3 repeated_planner_output:2
internvl3.5-8b,FINAL.G1,6,replan_budget_exhausted,budget <- Corrective block: invalid_corrective_block,11,"cooked_meat_1 is in inside_grill, expected plate_top | cooked_meat_2 is in inside_grill, expected plate_top | raw_meat_1 is in inside_grill, expected plate_top | plate is in dish_rack, expected serving_area | raw_meat_1 never completed a cooking cycle",invalid_corrective_block:7
internvl3.5-8b,FINAL.G1,7,replan_budget_exhausted,budget <- Corrective block: invalid_corrective_block,11,"cooked_meat_1 is in serving_area, expected plate_top | cooked_meat_2 is in serving_area, expected plate_top | raw_meat_1 is in dish_rack, expected plate_top | plate is in dish_rack, expected serving_area",invalid_corrective_block:6 repeated_planner_output:1
internvl3.5-8b,FINAL.G1,8,replan_budget_exhausted,budget <- Corrective block: invalid_corrective_block,11,"cooked_meat_1 is in dish_rack, expected plate_top | raw_meat_1 is in inside_grill, expected plate_top | plate is in dish_rack, expected serving_area | raw_meat_1 never completed a cooking cycle",invalid_corrective_block:8 placement_failed:1
internvl3.5-8b,FINAL.G1,9,replan_budget_exhausted,budget <- Corrective block: invalid_corrective_block,11,"cooked_meat_1 is in inside_grill, expected plate_top | cooked_meat_2 is in inside_grill, expected plate_top | raw_meat_1 is in inside_grill, expected plate_top | plate is in dish_rack, expected serving_area | raw_meat_1 never completed a cooking cycle",invalid_corrective_block:8 repeated_planner_output:1
internvl3.5-8b,FINAL.G2,0,replan_loop,loop <- Corrective block: invalid_corrective_block,8,"cooked_meat_1 is in inside_grill, expected plate_top | raw_meat_1 is in inside_grill, expected plate_top | raw_meat_2 is in inside_grill, expected plate_top | plate is in dish_rack, expected serving_area | raw_meat_1 never completed a cooking cycle | raw_meat_2 never completed a cooking cycle",invalid_corrective_block:5 repeated_planner_output:2
internvl3.5-8b,FINAL.G2,1,replan_budget_exhausted,budget <- Corrective block: invalid_corrective_block,11,"cooked_meat_1 is in inside_grill, expected plate_top | raw_meat_1 is in inside_grill, expected plate_top | raw_meat_2 is in inside_grill, expected plate_top | plate is in dish_rack, expected serving_area | raw_meat_1 never completed a cooking cycle | raw_meat_2 never completed a cooking cycle",invalid_corrective_block:9
internvl3.5-8b,FINAL.G2,2,replan_budget_exhausted,budget <- Corrective block: invalid_corrective_block,11,"cooked_meat_1 is in inside_grill, expected plate_top | raw_meat_1 is in inside_grill, expected plate_top | raw_meat_2 is in inside_grill, expected plate_top | plate is in dish_rack, expected serving_area | raw_meat_1 never completed a cooking cycle | raw_meat_2 never completed a cooking cycle",invalid_corrective_block:9 repeated_planner_output:1
internvl3.5-8b,FINAL.G2,3,replan_budget_exhausted,budget <- Corrective block: invalid_corrective_block,11,"cooked_meat_1 is in inside_grill, expected plate_top | raw_meat_1 is in inside_grill, expected plate_top | raw_meat_2 is in inside_grill, expected plate_top | plate is in dish_rack, expected serving_area | raw_meat_1 never completed a cooking cycle | raw_meat_2 never completed a cooking cycle",invalid_corrective_block:9 repeated_planner_output:1
internvl3.5-8b,FINAL.G2,4,replan_loop,loop <- Corrective block: invalid_corrective_block,8,"cooked_meat_1 is in inside_grill, expected plate_top | raw_meat_1 is in inside_grill, expected plate_top | raw_meat_2 is in inside_grill, expected plate_top | plate is in dish_rack, expected serving_area | raw_meat_1 never completed a cooking cycle | raw_meat_2 never completed a cooking cycle",invalid_corrective_block:4 repeated_planner_output:2
internvl3.5-8b,FINAL.G2,5,replan_loop,loop <- Corrective block: invalid_corrective_block,5,"cooked_meat_1 is in inside_grill, expected plate_top | raw_meat_1 is in inside_grill, expected plate_top | raw_meat_2 is in inside_grill, expected plate_top | plate is in dish_rack, expected serving_area | raw_meat_1 never completed a cooking cycle | raw_meat_2 never completed a cooking cycle",invalid_corrective_block:2 repeated_planner_output:2
internvl3.5-8b,FINAL.G2,6,replan_budget_exhausted,budget <- Corrective block: invalid_corrective_block,11,"cooked_meat_1 is in dish_rack, expected plate_top | raw_meat_1 is in inside_grill, expected plate_top | raw_meat_2 is in inside_grill, expected plate_top | plate is in dish_rack, expected serving_area | raw_meat_1 never completed a cooking cycle | raw_meat_2 never completed a cooking cycle",invalid_corrective_block:7
internvl3.5-8b,FINAL.G2,7,replan_loop,loop <- Corrective block: invalid_corrective_block,9,"cooked_meat_1 is in inside_grill, expected plate_top | raw_meat_1 is in inside_grill, expected plate_top | raw_meat_2 is in dish_rack, expected plate_top | plate is in dish_rack, expected serving_area | cooked_meat_1 overcooked: inside the grill during a close->reopen cycle after it was cooked | HC-grill violated: cooked_meat_1 inside the grill at close(grill_lid) after it was cooked",invalid_corrective_block:4 repeated_planner_output:2 hc_violation:1 remembered_object_inaccessible:1
internvl3.5-8b,FINAL.G2,8,replan_budget_exhausted,budget <- Corrective block: invalid_corrective_block,11,"cooked_meat_1 is in dish_rack, expected plate_top | raw_meat_1 is in inside_grill, expected plate_top | raw_meat_2 is in inside_grill, expected plate_top | plate is in dish_rack, expected serving_area | raw_meat_1 never completed a cooking cycle | raw_meat_2 never completed a cooking cycle",invalid_corrective_block:8
internvl3.5-8b,FINAL.G2,9,replan_loop,loop <- Corrective block: invalid_corrective_block,10,"cooked_meat_1 is in inside_grill, expected plate_top | raw_meat_1 is in inside_grill, expected plate_top | raw_meat_2 is in inside_grill, expected plate_top | plate is in dish_rack, expected serving_area | raw_meat_1 never completed a cooking cycle | raw_meat_2 never completed a cooking cycle",invalid_corrective_block:7 repeated_planner_output:2
internvl3.5-8b,FINAL.G3,0,replan_loop,loop <- Corrective block: invalid_corrective_block,6,"raw_meat_1 is in inside_grill, expected plate_top | raw_meat_2 is in inside_grill, expected plate_top | raw_meat_3 is in inside_grill, expected plate_top | plate is in dish_rack, expected serving_area | raw_meat_1 never completed a cooking cycle | raw_meat_2 never completed a cooking cycle | raw_meat_3 never completed a cooking cycle",invalid_corrective_block:2 repeated_planner_output:2
internvl3.5-8b,FINAL.G3,1,replan_loop,loop <- Corrective block: invalid_corrective_block,7,"raw_meat_1 is in inside_grill, expected plate_top | raw_meat_2 is in inside_grill, expected plate_top | raw_meat_3 is in inside_grill, expected plate_top | plate is in dish_rack, expected serving_area | raw_meat_1 never completed a cooking cycle | raw_meat_2 never completed a cooking cycle | raw_meat_3 never completed a cooking cycle",invalid_corrective_block:4 repeated_planner_output:2
internvl3.5-8b,FINAL.G3,2,replan_loop,loop <- Corrective block: invalid_corrective_block,11,"raw_meat_1 is in dish_rack, expected plate_top | raw_meat_2 is in inside_grill, expected plate_top | raw_meat_3 is in inside_grill, expected plate_top | plate is in dish_rack, expected serving_area | raw_meat_1 never completed a cooking cycle | raw_meat_2 never completed a cooking cycle | raw_meat_3 never completed a cooking cycle",invalid_corrective_block:7 repeated_planner_output:2
internvl3.5-8b,FINAL.G3,3,replan_budget_exhausted,budget <- Corrective block: invalid_corrective_block,11,"raw_meat_1 is in inside_grill, expected plate_top | raw_meat_2 is in inside_grill, expected plate_top | raw_meat_3 is in inside_grill, expected plate_top | plate is in dish_rack, expected serving_area | raw_meat_2 never completed a cooking cycle",invalid_corrective_block:7
internvl3.5-8b,FINAL.G3,4,replan_budget_exhausted,budget <- Corrective block: invalid_corrective_block,11,"raw_meat_1 is in inside_grill, expected plate_top | raw_meat_2 is in inside_grill, expected plate_top | raw_meat_3 is in inside_grill, expected plate_top | plate is in dish_rack, expected serving_area | raw_meat_1 never completed a cooking cycle | raw_meat_2 never completed a cooking cycle | raw_meat_3 never completed a cooking cycle",invalid_corrective_block:7 repeated_planner_output:2
internvl3.5-8b,FINAL.G3,5,replan_loop,loop <- Corrective block: invalid_corrective_block,8,"raw_meat_1 is in inside_grill, expected plate_top | raw_meat_2 is in inside_grill, expected plate_top | raw_meat_3 is in inside_grill, expected plate_top | plate is in dish_rack, expected serving_area | raw_meat_1 never completed a cooking cycle | raw_meat_2 never completed a cooking cycle | raw_meat_3 never completed a cooking cycle",invalid_corrective_block:4 repeated_planner_output:2
internvl3.5-8b,FINAL.G3,6,replan_budget_exhausted,budget <- Corrective block: invalid_corrective_block,11,"raw_meat_1 is in inside_grill, expected plate_top | raw_meat_2 is in inside_grill, expected plate_top | raw_meat_3 is in inside_grill, expected plate_top | plate is in dish_rack, expected serving_area | raw_meat_1 never completed a cooking cycle | raw_meat_2 never completed a cooking cycle | raw_meat_3 never completed a cooking cycle",invalid_corrective_block:8 repeated_planner_output:1
internvl3.5-8b,FINAL.G3,7,replan_loop,loop <- Corrective block: invalid_corrective_block,8,"raw_meat_1 is in inside_grill, expected plate_top | raw_meat_2 is in inside_grill, expected plate_top | raw_meat_3 is in inside_grill, expected plate_top | plate is in dish_rack, expected serving_area | raw_meat_1 never completed a cooking cycle | raw_meat_2 never completed a cooking cycle | raw_meat_3 never completed a cooking cycle",invalid_corrective_block:4 repeated_planner_output:2
internvl3.5-8b,FINAL.G3,8,replan_budget_exhausted,budget <- Corrective block: invalid_corrective_block,11,"raw_meat_1 is in inside_grill, expected plate_top | raw_meat_2 is in inside_grill, expected plate_top | raw_meat_3 is in inside_grill, expected plate_top | plate is in dish_rack, expected serving_area | raw_meat_1 never completed a cooking cycle | raw_meat_2 never completed a cooking cycle | raw_meat_3 never completed a cooking cycle",invalid_corrective_block:7 orphan_place:1 repeated_planner_output:1
internvl3.5-8b,FINAL.G3,9,replan_loop,loop <- Corrective block: invalid_corrective_block,7,"raw_meat_1 is in inside_grill, expected plate_top | raw_meat_2 is in inside_grill, expected plate_top | raw_meat_3 is in inside_grill, expected plate_top | plate is in dish_rack, expected serving_area | raw_meat_1 never completed a cooking cycle | raw_meat_2 never completed a cooking cycle | raw_meat_3 never completed a cooking cycle",invalid_corrective_block:4 repeated_planner_output:2
internvl3.5-8b,FINAL.G1-n1,0,replan_loop,loop <- Corrective block: invalid_corrective_block,11,"cooked_meat_1 is in serving_area, expected plate_top | raw_meat_1 is in inside_grill, expected plate_top | plate is in dish_rack, expected serving_area | cooked_meat_1 overcooked: inside the grill during a close->reopen cycle after it was cooked | HC-grill violated: cooked_meat_1 inside the grill at close(grill_lid) after it was cooked",invalid_corrective_block:6 repeated_planner_output:2 hc_violation:1
internvl3.5-8b,FINAL.G1-n1,1,replan_budget_exhausted,budget <- Corrective block: invalid_corrective_block,11,"cooked_meat_1 is in dish_rack, expected plate_top | raw_meat_1 is in dish_rack, expected plate_top | plate is in dish_rack, expected serving_area | raw_meat_1 never completed a cooking cycle",invalid_corrective_block:9
internvl3.5-8b,FINAL.G1-n1,2,replan_budget_exhausted,budget <- Corrective block: invalid_corrective_block,11,"cooked_meat_1 is in dish_rack, expected plate_top | raw_meat_1 is in dish_rack, expected plate_top | plate is in dish_rack, expected serving_area | raw_meat_1 never completed a cooking cycle",invalid_corrective_block:9
internvl3.5-8b,FINAL.G1-n1,3,replan_budget_exhausted,budget <- Corrective block: invalid_corrective_block,11,"cooked_meat_1 is in dish_rack, expected plate_top | raw_meat_1 is in inside_grill, expected plate_top | plate is in dish_rack, expected serving_area | cooked_meat_1 overcooked: inside the grill during a close->reopen cycle after it was cooked | raw_meat_1 overcooked: inside the grill during a close->reopen cycle after it was cooked | HC-grill violated: cooked_meat_1 inside the grill at close(grill_lid) after it was cooked",invalid_corrective_block:6 hc_violation:1 repeated_planner_output:1 unknown_action_token:1
internvl3.5-8b,FINAL.G1-n1,4,replan_budget_exhausted,budget <- Corrective block: invalid_corrective_block,11,"cooked_meat_1 is in dish_rack, expected plate_top | raw_meat_1 is in dish_rack, expected plate_top | plate is in dish_rack, expected serving_area | cooked_meat_1 overcooked: inside the grill during a close->reopen cycle after it was cooked | HC-grill violated: cooked_meat_1 inside the grill at close(grill_lid) after it was cooked",invalid_corrective_block:5 repeated_planner_output:2 hc_violation:1 pick_object_missing:1 unknown_action_token:1
internvl3.5-8b,FINAL.G1-n1,5,replan_loop,loop <- Corrective block: invalid_corrective_block,9,"cooked_meat_1 is in inside_grill, expected plate_top | raw_meat_1 is in inside_grill, expected plate_top | plate is in dish_rack, expected serving_area | raw_meat_1 never completed a cooking cycle",invalid_corrective_block:6 repeated_planner_output:2
internvl3.5-8b,FINAL.G1-n1,6,replan_loop,loop <- Corrective block: invalid_corrective_block,7,"cooked_meat_1 is in inside_grill, expected plate_top | raw_meat_1 is in inside_grill, expected plate_top | plate is in dish_rack, expected serving_area | raw_meat_1 never completed a cooking cycle",invalid_corrective_block:4 repeated_planner_output:2
internvl3.5-8b,FINAL.G1-n1,7,replan_loop,loop <- Corrective block: invalid_corrective_block,6,"cooked_meat_1 is in inside_grill, expected plate_top | raw_meat_1 is in inside_grill, expected plate_top | plate is in dish_rack, expected serving_area | raw_meat_1 never completed a cooking cycle",invalid_corrective_block:2 repeated_planner_output:2 orphan_place:1
internvl3.5-8b,FINAL.G1-n1,8,replan_loop,loop <- Corrective block: invalid_corrective_block,10,"cooked_meat_1 is in inside_grill, expected plate_top | raw_meat_1 is in inside_grill, expected plate_top | plate is in dish_rack, expected serving_area | raw_meat_1 never completed a cooking cycle",invalid_corrective_block:6 repeated_planner_output:2 unknown_action_token:1
internvl3.5-8b,FINAL.G1-n1,9,replan_loop,loop <- Corrective block: invalid_corrective_block,9,"cooked_meat_1 is in inside_grill, expected plate_top | raw_meat_1 is in inside_grill, expected plate_top | plate is in dish_rack, expected serving_area | raw_meat_1 never completed a cooking cycle",invalid_corrective_block:6 repeated_planner_output:2
llama-3.1-8b-instruct,FINAL.K0,0,replan_budget_exhausted,budget <- Plan rules: pick_place_mismatch,11,"mug1 is in table, expected inside_box | mug2 is in box_lid_top, expected inside_box | mug3 is in cupboard_shelf, expected inside_box",pick_place_mismatch:4 unknown_action_token:2 repeated_planner_output:2 orphan_place:1 box_lid_obstructed:1 box_lid_closed:1
llama-3.1-8b-instruct,FINAL.K0,2,replan_budget_exhausted,budget <- Corrective block: invalid_corrective_block,11,"mug1 is in pantry_area, expected inside_box | mug2 is in table_staging_area, expected inside_box | mug3 is in cupboard_shelf, expected inside_box | spam is in pantry_area, expected cupboard_shelf | sugar is in pantry_area, expected cupboard_shelf",invalid_corrective_block:9 repeated_planner_output:1
llama-3.1-8b-instruct,FINAL.K0,3,replan_budget_exhausted,budget <- Plan rules: pick_place_mismatch,11,"mug1 is in pantry_area, expected inside_box | mug2 is in box_lid_top, expected inside_box | mug3 is in cupboard_shelf, expected inside_box | spam is in pantry_area, expected cupboard_shelf | sugar is in pantry_area, expected cupboard_shelf",pick_place_mismatch:4 unknown_action_token:4 box_lid_obstructed:2 missing_post_pick_place:1
llama-3.1-8b-instruct,FINAL.K0,4,replan_budget_exhausted,budget <- Plan format: unknown_action_token,11,"mug1 is in pantry_area, expected inside_box | mug2 is in pantry_area, expected inside_box | mug3 is in cupboard_shelf, expected inside_box",unknown_action_token:4 box_lid_obstructed:3 invalid_corrective_block:3
llama-3.1-8b-instruct,FINAL.K0,5,replan_budget_exhausted,budget <- Corrective block: invalid_corrective_block,11,"mug1 is in table_staging_area, expected inside_box | mug2 is in table_staging_area, expected inside_box | sugar is in pantry_area, expected cupboard_shelf",invalid_corrective_block:3 pddl_no_plan:2 executor_failure:2 box_lid_obstructed:1 unknown_action_token:1 placement_failed:1
llama-3.1-8b-instruct,FINAL.K0,6,replan_budget_exhausted,budget <- Corrective block: invalid_corrective_block,11,"mug1 is in pantry_area, expected inside_box | mug2 is in pantry_area, expected inside_box | mug3 is in cupboard_shelf, expected inside_box | spam is in pantry_area, expected cupboard_shelf | sugar is in pantry_area, expected cupboard_shelf",invalid_corrective_block:10
llama-3.1-8b-instruct,FINAL.K0,7,replan_budget_exhausted,budget <- Plan format: unknown_action_token,11,"mug1 is in pantry_area, expected inside_box | mug2 is in table, expected inside_box | mug3 is in cupboard_shelf, expected inside_box | spam is in pantry_area, expected cupboard_shelf | sugar is in pantry_area, expected cupboard_shelf",unknown_action_token:4 pick_place_mismatch:2 missing_post_pick_place:2 box_lid_closed:2 box_lid_obstructed:1
llama-3.1-8b-instruct,FINAL.K0,8,replan_budget_exhausted,budget <- Plan format: unknown_action_token,11,"mug3 is in cupboard_shelf, expected inside_box",unknown_action_token:4 pick_place_mismatch:3 box_lid_obstructed:2 executor_failure:1
llama-3.1-8b-instruct,FINAL.K0,9,replan_budget_exhausted,budget <- Corrective block: invalid_corrective_block,11,"mug1 is in pantry_area, expected inside_box | mug2 is in table_staging_area, expected inside_box | mug3 is in cupboard_shelf, expected inside_box | spam is in pantry_area, expected cupboard_shelf | sugar is in pantry_area, expected cupboard_shelf",invalid_corrective_block:8 missing_post_pick_place:1 box_lid_obstructed:1
llama-3.1-8b-instruct,FINAL.K1,0,replan_budget_exhausted,budget <- Corrective block: invalid_corrective_block,11,"mug1 is in pantry_area, expected inside_box | mug2 is in table_staging_area, expected inside_box | mug3 is in cupboard_shelf, expected inside_box | spam is in pantry_area, expected cupboard_shelf | sugar is in pantry_area, expected cupboard_shelf | phone is in the inside_box placement area | HC-box violated: phone never cleared from the box placement area",invalid_corrective_block:6 pick_place_mismatch:3 hc_violation:1 unknown_action_token:1
llama-3.1-8b-instruct,FINAL.K1,1,replan_budget_exhausted,budget <- Plan rules: pick_place_mismatch,11,"mug1 is in table, expected inside_box | mug2 is in box_lid_top, expected inside_box | mug3 is in cupboard_shelf, expected inside_box | spam is in pantry_area, expected cupboard_shelf | sugar is in pantry_area, expected cupboard_shelf | phone is in the inside_box placement area | HC-box violated: phone never cleared from the box placement area",pick_place_mismatch:3 missing_post_pick_place:3 box_lid_closed:2 hc_violation:1 box_lid_obstructed:1 unknown_action_token:1 planner_output_not_parseable:1
llama-3.1-8b-instruct,FINAL.K1,2,replan_budget_exhausted,budget <- Scene precondition: box_lid_obstructed,11,"mug1 is in pantry_area, expected inside_box | mug2 is in table, expected inside_box | mug3 is in cupboard_shelf, expected inside_box | spam is in pantry_area, expected cupboard_shelf | sugar is in pantry_area, expected cupboard_shelf | phone is in the inside_box placement area | HC-box violated: phone never cleared from the box placement area",box_lid_obstructed:4 invalid_corrective_block:4 hc_violation:1 pick_place_mismatch:1 unknown_action_token:1
llama-3.1-8b-instruct,FINAL.K1,3,replan_budget_exhausted,budget <- Corrective block: invalid_corrective_block,11,"mug1 is in pantry_area, expected inside_box | mug2 is in table, expected inside_box | mug3 is in cupboard_shelf, expected inside_box | sugar is in pantry_area, expected cupboard_shelf | phone is in the inside_box placement area | HC-box violated: phone never cleared from the box placement area",invalid_corrective_block:6 unknown_action_token:3 hc_violation:1 box_lid_obstructed:1
llama-3.1-8b-instruct,FINAL.K1,4,replan_budget_exhausted,budget <- Plan format: unknown_action_token,11,"mug1 is in pantry_area, expected inside_box | mug2 is in table, expected inside_box | mug3 is in cupboard_shelf, expected inside_box | spam is in pantry_area, expected cupboard_shelf | sugar is in pantry_area, expected cupboard_shelf | phone is in the inside_box placement area | HC-box violated: phone never cleared from the box placement area",unknown_action_token:5 box_lid_closed:2 missing_post_pick_place:2 hc_violation:1 box_lid_obstructed:1 pick_place_mismatch:1
llama-3.1-8b-instruct,FINAL.K1,5,replan_budget_exhausted,budget <- Scene precondition: box_lid_obstructed,11,"mug1 is in pantry_area, expected inside_box | mug2 is in cupboard_shelf, expected inside_box | mug3 is in cupboard_shelf, expected inside_box | spam is in pantry_area, expected cupboard_shelf | sugar is in pantry_area, expected cupboard_shelf | phone is in the inside_box placement area | HC-box violated: phone never cleared from the box placement area",box_lid_obstructed:2 unknown_action_token:2 box_lid_closed:2 missing_post_pick_place:2 hc_violation:1 planner_output_not_parseable:1 invalid_corrective_block:1
llama-3.1-8b-instruct,FINAL.K1,6,replan_budget_exhausted,budget <- Corrective block: invalid_corrective_block,11,"mug1 is in pantry_area, expected inside_box | mug2 is in cupboard_shelf, expected inside_box | mug3 is in cupboard_shelf, expected inside_box | spam is in pantry_area, expected cupboard_shelf | sugar is in pantry_area, expected cupboard_shelf | phone is in the inside_box placement area | HC-box violated: phone never cleared from the box placement area",invalid_corrective_block:5 box_lid_closed:2 missing_post_pick_place:2 hc_violation:1 unknown_action_token:1
llama-3.1-8b-instruct,FINAL.K1,7,replan_budget_exhausted,budget <- Plan rules: pick_place_mismatch,11,"mug1 is in pantry_area, expected inside_box | mug2 is in table_staging_area, expected inside_box | mug3 is in cupboard_shelf, expected inside_box | spam is in pantry_area, expected cupboard_shelf | sugar is in pantry_area, expected cupboard_shelf | phone is in the inside_box placement area | HC-box violated: phone never cleared from the box placement area",pick_place_mismatch:5 hc_violation:1 unknown_action_token:1 repeated_planner_output:1 orphan_place:1 missing_post_pick_place:1 invalid_corrective_block:1
llama-3.1-8b-instruct,FINAL.K1,8,replan_budget_exhausted,budget <- Plan rules: pick_place_mismatch,11,"mug1 is in table_staging_area, expected inside_box | mug2 is in cupboard_shelf, expected inside_box | mug3 is in cupboard_shelf, expected inside_box | spam is in pantry_area, expected cupboard_shelf | sugar is in pantry_area, expected cupboard_shelf | phone is in the inside_box placement area | HC-box violated: phone never cleared from the box placement area",pick_place_mismatch:2 box_lid_closed:2 pddl_no_plan:2 hc_violation:1 box_lid_obstructed:1 placement_failed:1 missing_post_pick_place:1 invalid_corrective_block:1
llama-3.1-8b-instruct,FINAL.K1,9,replan_budget_exhausted,budget <- Plan format: unknown_action_token,11,"mug1 is in pantry_area, expected inside_box | mug2 is in table_staging_area, expected inside_box | mug3 is in cupboard_shelf, expected inside_box | spam is in pantry_area, expected cupboard_shelf | sugar is in pantry_area, expected cupboard_shelf | phone is in the inside_box placement area | HC-box violated: phone never cleared from the box placement area",unknown_action_token:6 box_lid_obstructed:2 hc_violation:1 missing_post_pick_place:1 pick_place_mismatch:1
llama-3.1-8b-instruct,FINAL.K2,0,replan_budget_exhausted,budget <- Plan rules: missing_post_pick_place,11,"mug1 is in pantry_area, expected inside_box | mug2 is in table, expected inside_box | mug3 is in cupboard_shelf, expected inside_box | spam is in pantry_area, expected cupboard_shelf | sugar is in pantry_area, expected cupboard_shelf",missing_post_pick_place:4 box_lid_obstructed:2 pick_place_mismatch:2 box_lid_closed:2 orphan_place:1
llama-3.1-8b-instruct,FINAL.K2,3,replan_budget_exhausted,budget <- Plan format: unknown_action_token,11,"mug1 is in pantry_area, expected inside_box | mug2 is in table_staging_area, expected inside_box | mug3 is in cupboard_shelf, expected inside_box | spam is in pantry_area, expected cupboard_shelf | sugar is in pantry_area, expected cupboard_shelf",unknown_action_token:2 pick_place_mismatch:2 missing_post_pick_place:2 box_lid_closed:2 box_lid_obstructed:1 invalid_corrective_block:1
llama-3.1-8b-instruct,FINAL.K2,4,replan_budget_exhausted,budget <- Plan rules: pick_place_mismatch,11,"mug1 is in pantry_area, expected inside_box | mug2 is in cupboard_shelf, expected inside_box | mug3 is in cupboard_shelf, expected inside_box | spam is in pantry_area, expected cupboard_shelf | sugar is in pantry_area, expected cupboard_shelf",pick_place_mismatch:7 unknown_action_token:2 box_lid_obstructed:1
llama-3.1-8b-instruct,FINAL.K2,5,replan_budget_exhausted,budget <- Corrective block: invalid_corrective_block,11,"spam is in inside_box, expected cupboard_shelf | sugar is in pantry_area, expected cupboard_shelf",invalid_corrective_block:6 box_lid_obstructed:2 orphan_place:1 unknown_action_token:1
llama-3.1-8b-instruct,FINAL.K2,8,replan_budget_exhausted,budget <- Plan format: unknown_action_token,11,"mug1 is in pantry_area, expected inside_box | mug2 is in table, expected inside_box | mug3 is in cupboard_shelf, expected inside_box | spam is in pantry_area, expected cupboard_shelf | sugar is in pantry_area, expected cupboard_shelf",unknown_action_token:3 invalid_corrective_block:3 pick_place_mismatch:2 missing_post_pick_place:1 box_lid_obstructed:1
llama-3.1-8b-instruct,FINAL.K3,0,replan_budget_exhausted,budget <- Plan rules: pick_place_mismatch,11,"can_of_beans is in inside_box, expected cupboard_shelf | mug1 is in table, expected inside_box | mug2 is in box_lid_top, expected inside_box | mug3 is in cupboard_shelf, expected inside_box | spam is in pantry_area, expected cupboard_shelf | sugar is in pantry_area, expected cupboard_shelf | HC-box violated: can_of_beans never cleared from the box placement area",pick_place_mismatch:4 box_lid_closed:3 missing_post_pick_place:3 hc_violation:1 box_lid_obstructed:1
llama-3.1-8b-instruct,FINAL.K3,1,replan_budget_exhausted,budget <- Corrective block: invalid_corrective_block,11,"can_of_beans is in inside_box, expected cupboard_shelf | mug1 is in pantry_area, expected inside_box | mug2 is in cupboard_shelf, expected inside_box | mug3 is in cupboard_shelf, expected inside_box | spam is in pantry_area, expected cupboard_shelf | sugar is in pantry_area, expected cupboard_shelf | HC-box violated: can_of_beans never cleared from the box placement area",invalid_corrective_block:6 unknown_action_token:2 hc_violation:1 box_lid_obstructed:1 repeated_planner_output:1
llama-3.1-8b-instruct,FINAL.K3,2,replan_budget_exhausted,budget <- Scene precondition: box_lid_obstructed,11,"can_of_beans is in inside_box, expected cupboard_shelf | mug1 is in pantry_area, expected inside_box | mug2 is in table_staging_area, expected inside_box | mug3 is in cupboard_shelf, expected inside_box | spam is in pantry_area, expected cupboard_shelf | sugar is in pantry_area, expected cupboard_shelf | HC-box violated: can_of_beans never cleared from the box placement area",box_lid_obstructed:3 invalid_corrective_block:3 pick_place_mismatch:2 unknown_action_token:2 hc_violation:1
llama-3.1-8b-instruct,FINAL.K3,3,replan_budget_exhausted,budget <- Plan format: unknown_action_token,11,"can_of_beans is in inside_box, expected cupboard_shelf | mug1 is in pantry_area, expected inside_box | mug2 is in box_lid_top, expected inside_box | mug3 is in cupboard_shelf, expected inside_box | spam is in pantry_area, expected cupboard_shelf | sugar is in pantry_area, expected cupboard_shelf | HC-box violated: can_of_beans never cleared from the box placement area",unknown_action_token:8 missing_post_pick_place:2 hc_violation:1 pick_place_mismatch:1
llama-3.1-8b-instruct,FINAL.K3,4,replan_budget_exhausted,budget <- Scene precondition: box_lid_obstructed,11,"can_of_beans is in inside_box, expected cupboard_shelf | mug1 is in pantry_area, expected inside_box | mug2 is in table_staging_area, expected inside_box | mug3 is in cupboard_shelf, expected inside_box | spam is in pantry_area, expected cupboard_shelf | sugar is in pantry_area, expected cupboard_shelf | HC-box violated: can_of_beans never cleared from the box placement area",box_lid_obstructed:3 unknown_action_token:2 pick_place_mismatch:2 invalid_corrective_block:2 hc_violation:1 repeated_planner_output:1
llama-3.1-8b-instruct,FINAL.K3,5,replan_budget_exhausted,budget <- Corrective block: invalid_corrective_block,11,"can_of_beans is in inside_box, expected cupboard_shelf | mug1 is in pantry_area, expected inside_box | mug2 is in cupboard_shelf, expected inside_box | mug3 is in cupboard_shelf, expected inside_box | spam is in pantry_area, expected cupboard_shelf | sugar is in pantry_area, expected cupboard_shelf | HC-box violated: can_of_beans never cleared from the box placement area",invalid_corrective_block:5 pick_place_mismatch:3 hc_violation:1 box_lid_obstructed:1 repeated_planner_output:1
llama-3.1-8b-instruct,FINAL.K3,6,replan_budget_exhausted,budget <- Plan format: unknown_action_token,11,"can_of_beans is in inside_box, expected cupboard_shelf | mug1 is in pantry_area, expected inside_box | mug2 is in box_lid_top, expected inside_box | mug3 is in cupboard_shelf, expected inside_box | spam is in pantry_area, expected cupboard_shelf | sugar is in pantry_area, expected cupboard_shelf | HC-box violated: can_of_beans never cleared from the box placement area",unknown_action_token:4 pick_place_mismatch:3 box_lid_obstructed:3 hc_violation:1 orphan_place:1
llama-3.1-8b-instruct,FINAL.K3,7,replan_budget_exhausted,budget <- Plan format: unknown_action_token,11,"can_of_beans is in inside_box, expected cupboard_shelf | mug1 is in pantry_area, expected inside_box | mug2 is in box_lid_top, expected inside_box | mug3 is in cupboard_shelf, expected inside_box | spam is in pantry_area, expected cupboard_shelf | sugar is in pantry_area, expected cupboard_shelf | HC-box violated: can_of_beans never cleared from the box placement area",unknown_action_token:7 missing_post_pick_place:2 pick_place_mismatch:2 hc_violation:1
llama-3.1-8b-instruct,FINAL.K3,8,replan_budget_exhausted,budget <- Corrective block: invalid_corrective_block,11,"can_of_beans is in box_lid_top, expected cupboard_shelf | mug1 is in pantry_area, expected inside_box | mug2 is in table, expected inside_box | mug3 is in cupboard_shelf, expected inside_box | spam is in pantry_area, expected cupboard_shelf | sugar is in pantry_area, expected cupboard_shelf | HC-box violated: can_of_beans never cleared from the box placement area",invalid_corrective_block:4 pick_place_mismatch:3 hc_violation:1 unknown_action_token:1 missing_post_pick_place:1 box_lid_obstructed:1
llama-3.1-8b-instruct,FINAL.K3,9,replan_budget_exhausted,budget <- Plan rules: pick_place_mismatch,11,"can_of_beans is in inside_box, expected cupboard_shelf | mug1 is in pantry_area, expected inside_box | mug2 is in box_lid_top, expected inside_box | mug3 is in cupboard_shelf, expected inside_box | spam is in pantry_area, expected cupboard_shelf | sugar is in pantry_area, expected cupboard_shelf | HC-box violated: can_of_beans never cleared from the box placement area",pick_place_mismatch:7 unknown_action_token:3 hc_violation:1 planner_output_not_parseable:1
llama-3.1-8b-instruct,FINAL.K4,0,replan_budget_exhausted,budget <- Plan format: unknown_action_token,11,"can_of_beans is in inside_box, expected cupboard_shelf | mug1 is in pantry_area, expected inside_box | mug2 is in box_lid_top, expected inside_box | mug3 is in cupboard_shelf, expected inside_box | spam is in pantry_area, expected cupboard_shelf | sugar is in pantry_area, expected cupboard_shelf",unknown_action_token:7 box_lid_obstructed:3 repeated_planner_output:1
llama-3.1-8b-instruct,FINAL.K4,1,replan_budget_exhausted,budget <- Corrective block: invalid_corrective_block,11,"can_of_beans is in inside_box, expected cupboard_shelf | mug1 is in pantry_area, expected inside_box | mug3 is in cupboard_shelf, expected inside_box | spam is in pantry_area, expected cupboard_shelf | sugar is in pantry_area, expected cupboard_shelf",invalid_corrective_block:6 missing_post_pick_place:1 box_lid_obstructed:1 placement_failed:1 repeated_planner_output:1
llama-3.1-8b-instruct,FINAL.K4,2,replan_budget_exhausted,budget <- Plan format: unknown_action_token,11,"can_of_beans is in inside_box, expected cupboard_shelf | mug1 is in pantry_area, expected inside_box | mug3 is in cupboard_shelf, expected inside_box | spam is in pantry_area, expected cupboard_shelf | sugar is in pantry_area, expected cupboard_shelf",unknown_action_token:4 pick_place_mismatch:2 invalid_corrective_block:2 planner_output_not_parseable:1 box_lid_obstructed:1
llama-3.1-8b-instruct,FINAL.K4,3,replan_budget_exhausted,budget <- Corrective block: invalid_corrective_block,11,"can_of_beans is in inside_box, expected cupboard_shelf | mug3 is in cupboard_shelf, expected inside_box | spam is in pantry_area, expected cupboard_shelf | sugar is in pantry_area, expected cupboard_shelf",invalid_corrective_block:10
llama-3.1-8b-instruct,FINAL.K4,4,replan_budget_exhausted,budget <- Scene precondition: box_lid_closed,11,"can_of_beans is in inside_box, expected cupboard_shelf | mug1 is in pantry_area, expected inside_box | mug2 is in table, expected inside_box | mug3 is in cupboard_shelf, expected inside_box | spam is in pantry_area, expected cupboard_shelf | sugar is in pantry_area, expected cupboard_shelf",box_lid_closed:4 missing_post_pick_place:3 box_lid_obstructed:2 unknown_action_token:1 repeated_planner_output:1
llama-3.1-8b-instruct,FINAL.K4,5,replan_budget_exhausted,budget <- Plan rules: pick_place_mismatch,11,"can_of_beans is in inside_box, expected cupboard_shelf | mug1 is in pantry_area, expected inside_box | mug2 is in box_lid_top, expected inside_box | mug3 is in cupboard_shelf, expected inside_box | spam is in pantry_area, expected cupboard_shelf | sugar is in pantry_area, expected cupboard_shelf",pick_place_mismatch:5 unknown_action_token:5 box_lid_obstructed:1
llama-3.1-8b-instruct,FINAL.K4,6,replan_budget_exhausted,budget <- Corrective block: invalid_corrective_block,11,"can_of_beans is in inside_box, expected cupboard_shelf | mug1 is in pantry_area, expected inside_box | mug3 is in cupboard_shelf, expected inside_box | spam is in pantry_area, expected cupboard_shelf | sugar is in pantry_area, expected cupboard_shelf",invalid_corrective_block:6 box_lid_obstructed:2 pick_place_mismatch:1 repeated_planner_output:1
llama-3.1-8b-instruct,FINAL.K4,7,replan_budget_exhausted,budget <- Plan rules: missing_post_pick_place,11,"can_of_beans is in inside_box, expected cupboard_shelf | mug1 is in table, expected inside_box | mug2 is in box_lid_top, expected inside_box | mug3 is in cupboard_shelf, expected inside_box | spam is in pantry_area, expected cupboard_shelf | sugar is in pantry_area, expected cupboard_shelf",missing_post_pick_place:4 orphan_place:3 unknown_action_token:1 box_lid_obstructed:1 box_lid_closed:1 pick_place_mismatch:1
llama-3.1-8b-instruct,FINAL.K4,8,replan_budget_exhausted,budget <- Corrective block: invalid_corrective_block,11,"can_of_beans is in inside_box, expected cupboard_shelf | mug1 is in cupboard_shelf, expected inside_box | mug2 is in cupboard_shelf, expected inside_box | mug3 is in cupboard_shelf, expected inside_box | sugar is in pantry_area, expected cupboard_shelf",invalid_corrective_block:4 pddl_no_plan:2 box_lid_obstructed:1 placement_failed:1 orphan_place:1 unknown_action_token:1
llama-3.1-8b-instruct,FINAL.K4,9,replan_budget_exhausted,budget <- Plan format: unknown_action_token,11,"can_of_beans is in inside_box, expected cupboard_shelf | mug1 is in pantry_area, expected inside_box | mug2 is in table, expected inside_box | mug3 is in cupboard_shelf, expected inside_box | spam is in pantry_area, expected cupboard_shelf | sugar is in pantry_area, expected cupboard_shelf",unknown_action_token:5 planner_output_not_parseable:2 invalid_corrective_block:2 box_lid_obstructed:1
llama-3.1-8b-instruct,FINAL.K3-n2,0,replan_loop,loop <- Corrective block: invalid_corrective_block,8,"can_of_beans is in inside_box, expected cupboard_shelf | can_of_beans_2 is in inside_box, expected cupboard_shelf | mug1 is in pantry_area, expected inside_box | mug2 is in table_staging_area, expected inside_box | mug3 is in cupboard_shelf, expected inside_box | spam is in pantry_area, expected cupboard_shelf | sugar is in pantry_area, expected cupboard_shelf | HC-box violated: can_of_beans never cleared from the box placement area | HC-box violated: can_of_beans_2 never cleared from the box placement area",invalid_corrective_block:3 hc_violation:2 repeated_planner_output:2 unknown_action_token:1 box_lid_obstructed:1
llama-3.1-8b-instruct,FINAL.K3-n2,1,replan_loop,loop <- Other: hc_violation,7,"can_of_beans is in inside_box, expected cupboard_shelf | can_of_beans_2 is in inside_box, expected cupboard_shelf | mug1 is in table, expected inside_box | mug2 is in table, expected inside_box | mug3 is in cupboard_shelf, expected inside_box | spam is in pantry_area, expected cupboard_shelf | sugar is in pantry_area, expected cupboard_shelf | HC-box violated: can_of_beans never cleared from the box placement area | HC-box violated: can_of_beans_2 never cleared from the box placement area",hc_violation:2 invalid_corrective_block:2 repeated_planner_output:2 pick_place_mismatch:1 box_lid_obstructed:1
llama-3.1-8b-instruct,FINAL.K3-n2,2,replan_loop,loop <- Corrective block: invalid_corrective_block,7,"can_of_beans is in inside_box, expected cupboard_shelf | can_of_beans_2 is in inside_box, expected cupboard_shelf | mug1 is in pantry_area, expected inside_box | mug2 is in table_staging_area, expected inside_box | mug3 is in cupboard_shelf, expected inside_box | spam is in pantry_area, expected cupboard_shelf | sugar is in pantry_area, expected cupboard_shelf | HC-box violated: can_of_beans never cleared from the box placement area | HC-box violated: can_of_beans_2 never cleared from the box placement area",invalid_corrective_block:3 hc_violation:2 repeated_planner_output:2 box_lid_obstructed:1
llama-3.1-8b-instruct,FINAL.K3-n2,3,replan_budget_exhausted,budget <- Plan rules: pick_place_mismatch,11,"can_of_beans is in inside_box, expected cupboard_shelf | can_of_beans_2 is in inside_box, expected cupboard_shelf | mug1 is in table, expected inside_box | mug2 is in box_lid_top, expected inside_box | mug3 is in cupboard_shelf, expected inside_box | spam is in pantry_area, expected cupboard_shelf | sugar is in pantry_area, expected cupboard_shelf | HC-box violated: can_of_beans never cleared from the box placement area | HC-box violated: can_of_beans_2 never cleared from the box placement area",pick_place_mismatch:7 hc_violation:2 orphan_place:1 unknown_action_token:1 box_lid_obstructed:1 box_lid_closed:1
llama-3.1-8b-instruct,FINAL.K3-n2,4,replan_loop,loop <- Corrective block: invalid_corrective_block,7,"can_of_beans is in inside_box, expected cupboard_shelf | can_of_beans_2 is in inside_box, expected cupboard_shelf | mug1 is in pantry_area, expected inside_box | mug2 is in table_staging_area, expected inside_box | mug3 is in cupboard_shelf, expected inside_box | spam is in pantry_area, expected cupboard_shelf | sugar is in pantry_area, expected cupboard_shelf | HC-box violated: can_of_beans never cleared from the box placement area | HC-box violated: can_of_beans_2 never cleared from the box placement area",invalid_corrective_block:3 hc_violation:2 repeated_planner_output:2 box_lid_obstructed:1
llama-3.1-8b-instruct,FINAL.K3-n2,5,replan_budget_exhausted,budget <- Plan format: unknown_action_token,11,"can_of_beans is in inside_box, expected cupboard_shelf | can_of_beans_2 is in inside_box, expected cupboard_shelf | mug1 is in pantry_area, expected inside_box | mug2 is in table, expected inside_box | mug3 is in cupboard_shelf, expected inside_box | spam is in pantry_area, expected cupboard_shelf | sugar is in pantry_area, expected cupboard_shelf | HC-box violated: can_of_beans never cleared from the box placement area | HC-box violated: can_of_beans_2 never cleared from the box placement area",unknown_action_token:3 hc_violation:2 box_lid_obstructed:2 pick_place_mismatch:2 missing_post_pick_place:1 orphan_place:1 invalid_corrective_block:1
llama-3.1-8b-instruct,FINAL.K3-n2,6,replan_budget_exhausted,budget <- Plan format: unknown_action_token,11,"can_of_beans is in inside_box, expected cupboard_shelf | can_of_beans_2 is in inside_box, expected cupboard_shelf | mug1 is in pantry_area, expected inside_box | mug2 is in pantry_area, expected inside_box | mug3 is in cupboard_shelf, expected inside_box | spam is in pantry_area, expected cupboard_shelf | sugar is in pantry_area, expected cupboard_shelf | HC-box violated: can_of_beans never cleared from the box placement area | HC-box violated: can_of_beans_2 never cleared from the box placement area",unknown_action_token:4 hc_violation:2 box_lid_closed:2 orphan_place:2 pick_place_mismatch:1 invalid_corrective_block:1
llama-3.1-8b-instruct,FINAL.K3-n2,7,replan_budget_exhausted,budget <- Plan rules: pick_place_mismatch,11,"can_of_beans is in inside_box, expected cupboard_shelf | can_of_beans_2 is in inside_box, expected cupboard_shelf | mug1 is in pantry_area, expected inside_box | mug2 is in box_lid_top, expected inside_box | mug3 is in cupboard_shelf, expected inside_box | spam is in pantry_area, expected cupboard_shelf | sugar is in pantry_area, expected cupboard_shelf | HC-box violated: can_of_beans never cleared from the box placement area | HC-box violated: can_of_beans_2 never cleared from the box placement area",pick_place_mismatch:4 unknown_action_token:4 box_lid_obstructed:3 hc_violation:2
llama-3.1-8b-instruct,FINAL.K3-n2,8,replan_budget_exhausted,budget <- Corrective block: invalid_corrective_block,11,"can_of_beans is in inside_box, expected cupboard_shelf | can_of_beans_2 is in inside_box, expected cupboard_shelf | mug1 is in pantry_area, expected inside_box | mug2 is in table_staging_area, expected inside_box | mug3 is in cupboard_shelf, expected inside_box | spam is in pantry_area, expected cupboard_shelf | sugar is in pantry_area, expected cupboard_shelf | HC-box violated: can_of_beans never cleared from the box placement area | HC-box violated: can_of_beans_2 never cleared from the box placement area",invalid_corrective_block:9 hc_violation:2 box_lid_obstructed:1
llama-3.1-8b-instruct,FINAL.K3-n2,9,replan_budget_exhausted,budget <- Corrective block: invalid_corrective_block,11,"can_of_beans is in inside_box, expected cupboard_shelf | can_of_beans_2 is in inside_box, expected cupboard_shelf | mug1 is in pantry_area, expected inside_box | mug2 is in table_staging_area, expected inside_box | mug3 is in cupboard_shelf, expected inside_box | spam is in pantry_area, expected cupboard_shelf | sugar is in pantry_area, expected cupboard_shelf | HC-box violated: can_of_beans never cleared from the box placement area | HC-box violated: can_of_beans_2 never cleared from the box placement area",invalid_corrective_block:8 hc_violation:2 box_lid_closed:1 missing_post_pick_place:1
llama-3.1-8b-instruct,FINAL.K3-n3,0,replan_budget_exhausted,budget <- Plan format: unknown_action_token,11,"can_of_beans is in inside_box, expected cupboard_shelf | can_of_beans_2 is in inside_box, expected cupboard_shelf | can_of_beans_3 is in inside_box, expected cupboard_shelf | mug1 is in pantry_area, expected inside_box | mug2 is in box_lid_top, expected inside_box | mug3 is in cupboard_shelf, expected inside_box | spam is in pantry_area, expected cupboard_shelf | sugar is in pantry_area, expected cupboard_shelf | HC-box violated: can_of_beans never cleared from the box placement area | HC-box violated: can_of_beans_2 never cleared from the box placement area | HC-box violated: can_of_beans_3 never cleared from the box placement area",unknown_action_token:6 hc_violation:3 box_lid_obstructed:2 pick_place_mismatch:2 orphan_place:1
llama-3.1-8b-instruct,FINAL.K3-n3,1,replan_loop,loop <- Other: hc_violation,11,"can_of_beans is in inside_box, expected cupboard_shelf | can_of_beans_2 is in inside_box, expected cupboard_shelf | can_of_beans_3 is in inside_box, expected cupboard_shelf | mug1 is in pantry_area, expected inside_box | mug2 is in table, expected inside_box | mug3 is in cupboard_shelf, expected inside_box | spam is in pantry_area, expected cupboard_shelf | sugar is in pantry_area, expected cupboard_shelf | HC-box violated: can_of_beans never cleared from the box placement area | HC-box violated: can_of_beans_2 never cleared from the box placement area | HC-box violated: can_of_beans_3 never cleared from the box placement area",hc_violation:3 orphan_place:3 missing_post_pick_place:3 box_lid_closed:2 repeated_planner_output:2 box_lid_obstructed:1
llama-3.1-8b-instruct,FINAL.K3-n3,2,replan_budget_exhausted,budget <- Other: hc_violation,11,"can_of_beans is in inside_box, expected cupboard_shelf | can_of_beans_2 is in inside_box, expected cupboard_shelf | can_of_beans_3 is in inside_box, expected cupboard_shelf | mug1 is in pantry_area, expected inside_box | mug2 is in cupboard_shelf, expected inside_box | mug3 is in cupboard_shelf, expected inside_box | spam is in pantry_area, expected cupboard_shelf | sugar is in pantry_area, expected cupboard_shelf | HC-box violated: can_of_beans never cleared from the box placement area | HC-box violated: can_of_beans_2 never cleared from the box placement area | HC-box violated: can_of_beans_3 never cleared from the box placement area",hc_violation:3 unknown_action_token:2 box_lid_closed:2 missing_post_pick_place:2 invalid_corrective_block:2 box_lid_obstructed:1
llama-3.1-8b-instruct,FINAL.K3-n3,3,replan_budget_exhausted,budget <- Corrective block: invalid_corrective_block,11,"can_of_beans is in inside_box, expected cupboard_shelf | can_of_beans_2 is in inside_box, expected cupboard_shelf | can_of_beans_3 is in inside_box, expected cupboard_shelf | mug1 is in pantry_area, expected inside_box | mug2 is in table_staging_area, expected inside_box | mug3 is in cupboard_shelf, expected inside_box | spam is in pantry_area, expected cupboard_shelf | sugar is in pantry_area, expected cupboard_shelf | HC-box violated: can_of_beans never cleared from the box placement area | HC-box violated: can_of_beans_2 never cleared from the box placement area | HC-box violated: can_of_beans_3 never cleared from the box placement area",invalid_corrective_block:5 pick_place_mismatch:4 hc_violation:3 box_lid_obstructed:1
llama-3.1-8b-instruct,FINAL.K3-n3,4,replan_budget_exhausted,budget <- Other: hc_violation,11,"can_of_beans is in inside_box, expected cupboard_shelf | can_of_beans_2 is in inside_box, expected cupboard_shelf | can_of_beans_3 is in inside_box, expected cupboard_shelf | mug1 is in pantry_area, expected inside_box | mug2 is in table, expected inside_box | mug3 is in cupboard_shelf, expected inside_box | spam is in pantry_area, expected cupboard_shelf | sugar is in pantry_area, expected cupboard_shelf | HC-box violated: can_of_beans never cleared from the box placement area | HC-box violated: can_of_beans_2 never cleared from the box placement area | HC-box violated: can_of_beans_3 never cleared from the box placement area",hc_violation:3 unknown_action_token:3 missing_post_pick_place:3 pick_place_mismatch:2 box_lid_closed:2 box_lid_obstructed:1
llama-3.1-8b-instruct,FINAL.K3-n3,5,replan_budget_exhausted,budget <- Corrective block: invalid_corrective_block,11,"can_of_beans is in inside_box, expected cupboard_shelf | can_of_beans_2 is in inside_box, expected cupboard_shelf | can_of_beans_3 is in inside_box, expected cupboard_shelf | mug1 is in pantry_area, expected inside_box | mug2 is in pantry_area, expected inside_box | mug3 is in cupboard_shelf, expected inside_box | spam is in pantry_area, expected cupboard_shelf | sugar is in pantry_area, expected cupboard_shelf | HC-box violated: can_of_beans never cleared from the box placement area | HC-box violated: can_of_beans_2 never cleared from the box placement area | HC-box violated: can_of_beans_3 never cleared from the box placement area",invalid_corrective_block:7 hc_violation:3 unknown_action_token:1 box_lid_obstructed:1 repeated_planner_output:1
llama-3.1-8b-instruct,FINAL.K3-n3,6,replan_budget_exhausted,budget <- Corrective block: invalid_corrective_block,11,"can_of_beans is in inside_box, expected cupboard_shelf | can_of_beans_2 is in inside_box, expected cupboard_shelf | can_of_beans_3 is in inside_box, expected cupboard_shelf | mug1 is in pantry_area, expected inside_box | mug2 is in table_staging_area, expected inside_box | mug3 is in cupboard_shelf, expected inside_box | spam is in pantry_area, expected cupboard_shelf | sugar is in pantry_area, expected cupboard_shelf | HC-box violated: can_of_beans never cleared from the box placement area | HC-box violated: can_of_beans_2 never cleared from the box placement area | HC-box violated: can_of_beans_3 never cleared from the box placement area",invalid_corrective_block:8 hc_violation:3 box_lid_obstructed:1 repeated_planner_output:1
llama-3.1-8b-instruct,FINAL.K3-n3,7,replan_loop,loop <- Other: hc_violation,11,"can_of_beans is in inside_box, expected cupboard_shelf | can_of_beans_2 is in inside_box, expected cupboard_shelf | can_of_beans_3 is in inside_box, expected cupboard_shelf | mug1 is in pantry_area, expected inside_box | mug2 is in pantry_area, expected inside_box | mug3 is in cupboard_shelf, expected inside_box | HC-box violated: can_of_beans never cleared from the box placement area | HC-box violated: can_of_beans_2 never cleared from the box placement area | HC-box violated: can_of_beans_3 never cleared from the box placement area",hc_violation:3 orphan_place:3 invalid_corrective_block:2 repeated_planner_output:2 pick_place_mismatch:1 box_lid_obstructed:1 placement_failed:1
llama-3.1-8b-instruct,FINAL.K3-n3,8,replan_loop,loop <- Other: hc_violation,7,"can_of_beans is in inside_box, expected cupboard_shelf | can_of_beans_2 is in box_lid_top, expected cupboard_shelf | can_of_beans_3 is in box_lid_top, expected cupboard_shelf | mug1 is in pantry_area, expected inside_box | mug2 is in table, expected inside_box | mug3 is in cupboard_shelf, expected inside_box | spam is in pantry_area, expected cupboard_shelf | sugar is in pantry_area, expected cupboard_shelf | HC-box violated: can_of_beans never cleared from the box placement area | HC-box violated: can_of_beans_2 never cleared from the box placement area | HC-box violated: can_of_beans_3 never cleared from the box placement area",hc_violation:3 invalid_corrective_block:3 repeated_planner_output:2 box_lid_obstructed:1
llama-3.1-8b-instruct,FINAL.K3-n3,9,replan_budget_exhausted,budget <- Plan format: unknown_action_token,11,"can_of_beans is in inside_box, expected cupboard_shelf | can_of_beans_2 is in inside_box, expected cupboard_shelf | can_of_beans_3 is in inside_box, expected cupboard_shelf | mug1 is in pantry_area, expected inside_box | mug2 is in box_lid_top, expected inside_box | mug3 is in cupboard_shelf, expected inside_box | spam is in pantry_area, expected cupboard_shelf | sugar is in pantry_area, expected cupboard_shelf | HC-box violated: can_of_beans never cleared from the box placement area | HC-box violated: can_of_beans_2 never cleared from the box placement area | HC-box violated: can_of_beans_3 never cleared from the box placement area",unknown_action_token:8 hc_violation:3 pick_place_mismatch:3
llama-3.1-8b-instruct,FINAL.K1-w1,0,replan_budget_exhausted,budget <- Corrective block: invalid_corrective_block,11,"mug1 is in pantry_area, expected inside_box | mug2 is in table_staging_area, expected inside_box | mug3 is in cupboard_shelf, expected inside_box | spam is in pantry_area, expected cupboard_shelf | sugar is in pantry_area, expected cupboard_shelf | phone is in the inside_box placement area | HC-box violated: phone never cleared from the box placement area",invalid_corrective_block:8 hc_violation:1 box_lid_obstructed:1 repeated_planner_output:1
llama-3.1-8b-instruct,FINAL.K1-w1,1,replan_budget_exhausted,budget <- Plan format: unknown_action_token,11,"can_of_beans is in pantry_area, expected cupboard_shelf | mug1 is in pantry_area, expected inside_box | mug2 is in pantry_area, expected inside_box | mug3 is in cupboard_shelf, expected inside_box | spam is in pantry_area, expected cupboard_shelf | sugar is in pantry_area, expected cupboard_shelf | phone is in the inside_box placement area | HC-box violated: phone never cleared from the box placement area",unknown_action_token:5 invalid_corrective_block:3 hc_violation:1 pick_place_mismatch:1 box_lid_obstructed:1
llama-3.1-8b-instruct,FINAL.K1-w1,2,replan_budget_exhausted,budget <- Plan format: unknown_action_token,11,"can_of_beans is in pantry_area, expected cupboard_shelf | mug1 is in pantry_area, expected inside_box | mug2 is in table_staging_area, expected inside_box | mug3 is in cupboard_shelf, expected inside_box | spam is in pantry_area, expected cupboard_shelf | sugar is in pantry_area, expected cupboard_shelf | phone is in the inside_box placement area | HC-box violated: phone never cleared from the box placement area",unknown_action_token:5 pick_place_mismatch:2 hc_violation:1 orphan_place:1 box_lid_obstructed:1 invalid_corrective_block:1
llama-3.1-8b-instruct,FINAL.K1-w1,3,replan_budget_exhausted,budget <- Corrective block: invalid_corrective_block,11,"can_of_beans is in pantry_area, expected cupboard_shelf | mug1 is in pantry_area, expected inside_box | mug2 is in pantry_area, expected inside_box | mug3 is in cupboard_shelf, expected inside_box | spam is in pantry_area, expected cupboard_shelf | sugar is in pantry_area, expected cupboard_shelf | phone is in the inside_box placement area | HC-box violated: phone never cleared from the box placement area",invalid_corrective_block:7 hc_violation:1 box_lid_obstructed:1 box_lid_closed:1 repeated_planner_output:1
llama-3.1-8b-instruct,FINAL.K1-w1,4,replan_budget_exhausted,budget <- Plan format: unknown_action_token,11,"can_of_beans is in pantry_area, expected cupboard_shelf | mug1 is in pantry_area, expected inside_box | mug2 is in pantry_area, expected inside_box | mug3 is in cupboard_shelf, expected inside_box | spam is in pantry_area, expected cupboard_shelf | sugar is in pantry_area, expected cupboard_shelf | phone is in the inside_box placement area | HC-box violated: phone never cleared from the box placement area",unknown_action_token:5 box_lid_obstructed:2 planner_output_not_parseable:2 hc_violation:1 placement_failed:1 pick_place_mismatch:1
llama-3.1-8b-instruct,FINAL.K1-w1,5,replan_budget_exhausted,budget <- Plan rules: missing_post_pick_place,11,"can_of_beans is in pantry_area, expected cupboard_shelf | mug1 is in cupboard_shelf, expected inside_box | mug2 is in box_lid_top, expected inside_box | mug3 is in cupboard_shelf, expected inside_box | spam is in pantry_area, expected cupboard_shelf | sugar is in pantry_area, expected cupboard_shelf | phone is in the inside_box placement area | HC-box violated: phone never cleared from the box placement area",missing_post_pick_place:4 box_lid_closed:3 hc_violation:1 box_lid_obstructed:1 pick_place_mismatch:1 invalid_corrective_block:1
llama-3.1-8b-instruct,FINAL.K1-w1,6,replan_budget_exhausted,budget <- Plan rules: pick_place_mismatch,11,"can_of_beans is in pantry_area, expected cupboard_shelf | mug1 is in table, expected inside_box | mug2 is in box_lid_top, expected inside_box | mug3 is in cupboard_shelf, expected inside_box | spam is in pantry_area, expected cupboard_shelf | sugar is in pantry_area, expected cupboard_shelf | phone is in the inside_box placement area | HC-box violated: phone never cleared from the box placement area",pick_place_mismatch:4 missing_post_pick_place:3 box_lid_closed:2 hc_violation:1 unknown_action_token:1 orphan_place:1
llama-3.1-8b-instruct,FINAL.K1-w1,7,replan_budget_exhausted,budget <- Plan format: unknown_action_token,11,"can_of_beans is in pantry_area, expected cupboard_shelf | mug1 is in pantry_area, expected inside_box | mug2 is in box_lid_top, expected inside_box | mug3 is in cupboard_shelf, expected inside_box | spam is in pantry_area, expected cupboard_shelf | sugar is in pantry_area, expected cupboard_shelf | phone is in the inside_box placement area | HC-box violated: phone never cleared from the box placement area",unknown_action_token:6 pick_place_mismatch:2 hc_violation:1 planner_output_not_parseable:1 orphan_place:1 box_lid_obstructed:1
llama-3.1-8b-instruct,FINAL.K1-w1,8,replan_budget_exhausted,budget <- Corrective block: invalid_corrective_block,11,"can_of_beans is in pantry_area, expected cupboard_shelf | mug1 is in table_staging_area, expected inside_box | mug2 is in table_staging_area, expected inside_box | mug3 is in cupboard_shelf, expected inside_box | spam is in pantry_area, expected cupboard_shelf | sugar is in pantry_area, expected cupboard_shelf | phone is in the inside_box placement area | HC-box violated: phone never cleared from the box placement area",invalid_corrective_block:7 hc_violation:1 orphan_place:1 box_lid_obstructed:1 repeated_planner_output:1
llama-3.1-8b-instruct,FINAL.K1-w1,9,replan_budget_exhausted,budget <- Corrective block: invalid_corrective_block,11,"can_of_beans is in pantry_area, expected cupboard_shelf | mug1 is in pantry_area, expected inside_box | mug2 is in table_staging_area, expected inside_box | mug3 is in cupboard_shelf, expected inside_box | spam is in pantry_area, expected cupboard_shelf | sugar is in pantry_area, expected cupboard_shelf | phone is in the inside_box placement area | HC-box violated: phone never cleared from the box placement area",invalid_corrective_block:9 hc_violation:1 box_lid_obstructed:1
llama-3.1-8b-instruct,FINAL.K1-w2,0,replan_budget_exhausted,budget <- Plan rules: pick_place_mismatch,11,"can_of_beans is in pantry_area, expected cupboard_shelf | can_of_beans_2 is in pantry_area, expected cupboard_shelf | mug1 is in table, expected inside_box | mug2 is in box_lid_top, expected inside_box | mug3 is in cupboard_shelf, expected inside_box | spam is in pantry_area, expected cupboard_shelf | sugar is in pantry_area, expected cupboard_shelf | phone is in the inside_box placement area | HC-box violated: phone never cleared from the box placement area",pick_place_mismatch:4 box_lid_closed:3 unknown_action_token:2 hc_violation:1 box_lid_obstructed:1 missing_post_pick_place:1
llama-3.1-8b-instruct,FINAL.K1-w2,1,replan_budget_exhausted,budget <- Corrective block: invalid_corrective_block,11,"can_of_beans is in pantry_area, expected cupboard_shelf | can_of_beans_2 is in pantry_area, expected cupboard_shelf | mug1 is in pantry_area, expected inside_box | mug2 is in pantry_area, expected inside_box | mug3 is in cupboard_shelf, expected inside_box | spam is in pantry_area, expected cupboard_shelf | sugar is in pantry_area, expected cupboard_shelf | phone is in the inside_box placement area | HC-box violated: phone never cleared from the box placement area",invalid_corrective_block:8 hc_violation:1 box_lid_obstructed:1 repeated_planner_output:1
llama-3.1-8b-instruct,FINAL.K1-w2,2,replan_budget_exhausted,budget <- Corrective block: invalid_corrective_block,11,"can_of_beans_2 is in pantry_area, expected cupboard_shelf | mug1 is in pantry_area, expected inside_box | mug2 is in table_staging_area, expected inside_box | mug3 is in cupboard_shelf, expected inside_box | spam is in pantry_area, expected cupboard_shelf | sugar is in pantry_area, expected cupboard_shelf | phone is in the inside_box placement area | HC-box violated: phone never cleared from the box placement area",invalid_corrective_block:5 unknown_action_token:3 hc_violation:1 missing_post_pick_place:1 box_lid_obstructed:1
llama-3.1-8b-instruct,FINAL.K1-w2,3,replan_budget_exhausted,budget <- Corrective block: invalid_corrective_block,11,"can_of_beans is in pantry_area, expected cupboard_shelf | can_of_beans_2 is in pantry_area, expected cupboard_shelf | mug1 is in pantry_area, expected inside_box | mug2 is in table_staging_area, expected inside_box | mug3 is in cupboard_shelf, expected inside_box | spam is in pantry_area, expected cupboard_shelf | sugar is in pantry_area, expected cupboard_shelf | phone is in the inside_box placement area | HC-box violated: phone never cleared from the box placement area",invalid_corrective_block:4 unknown_action_token:2 hc_violation:1 box_lid_obstructed:1 box_lid_closed:1 pick_place_mismatch:1 missing_post_pick_place:1
llama-3.1-8b-instruct,FINAL.K1-w2,4,replan_budget_exhausted,budget <- Plan format: unknown_action_token,11,"can_of_beans is in pantry_area, expected cupboard_shelf | can_of_beans_2 is in pantry_area, expected cupboard_shelf | mug1 is in pantry_area, expected inside_box | mug2 is in box_lid_top, expected inside_box | mug3 is in cupboard_shelf, expected inside_box | spam is in pantry_area, expected cupboard_shelf | sugar is in pantry_area, expected cupboard_shelf | phone is in the inside_box placement area | HC-box violated: phone never cleared from the box placement area",unknown_action_token:7 box_lid_obstructed:2 hc_violation:1 repeated_planner_output:1 pick_place_mismatch:1
llama-3.1-8b-instruct,FINAL.K1-w2,5,replan_budget_exhausted,budget <- Corrective block: invalid_corrective_block,11,"can_of_beans is in pantry_area, expected cupboard_shelf | can_of_beans_2 is in pantry_area, expected cupboard_shelf | mug1 is in pantry_area, expected inside_box | mug2 is in table, expected inside_box | mug3 is in cupboard_shelf, expected inside_box | spam is in pantry_area, expected cupboard_shelf | sugar is in pantry_area, expected cupboard_shelf | phone is in the inside_box placement area | HC-box violated: phone never cleared from the box placement area",invalid_corrective_block:8 hc_violation:1 missing_post_pick_place:1 repeated_planner_output:1
llama-3.1-8b-instruct,FINAL.K1-w2,6,replan_budget_exhausted,budget <- Corrective block: invalid_corrective_block,11,"can_of_beans is in pantry_area, expected cupboard_shelf | can_of_beans_2 is in pantry_area, expected cupboard_shelf | mug1 is in pantry_area, expected inside_box | mug2 is in pantry_area, expected inside_box | mug3 is in cupboard_shelf, expected inside_box | spam is in pantry_area, expected cupboard_shelf | sugar is in pantry_area, expected cupboard_shelf | phone is in the inside_box placement area | HC-box violated: phone never cleared from the box placement area",invalid_corrective_block:7 hc_violation:1 box_lid_obstructed:1 placement_failed:1 repeated_planner_output:1
llama-3.1-8b-instruct,FINAL.K1-w2,7,replan_budget_exhausted,budget <- Corrective block: invalid_corrective_block,11,"can_of_beans is in pantry_area, expected cupboard_shelf | can_of_beans_2 is in pantry_area, expected cupboard_shelf | mug1 is in pantry_area, expected inside_box | mug2 is in cupboard_shelf, expected inside_box | mug3 is in cupboard_shelf, expected inside_box | spam is in pantry_area, expected cupboard_shelf | sugar is in pantry_area, expected cupboard_shelf | phone is in the inside_box placement area | HC-box violated: phone never cleared from the box placement area",invalid_corrective_block:6 unknown_action_token:2 hc_violation:1 box_lid_obstructed:1 repeated_planner_output:1
llama-3.1-8b-instruct,FINAL.K1-w2,8,replan_budget_exhausted,budget <- Corrective block: invalid_corrective_block,11,"can_of_beans is in pantry_area, expected cupboard_shelf | can_of_beans_2 is in pantry_area, expected cupboard_shelf | mug1 is in cupboard_shelf, expected inside_box | mug2 is in box_lid_top, expected inside_box | mug3 is in cupboard_shelf, expected inside_box | spam is in pantry_area, expected cupboard_shelf | sugar is in pantry_area, expected cupboard_shelf | phone is in the inside_box placement area | HC-box violated: phone never cleared from the box placement area",invalid_corrective_block:4 missing_post_pick_place:3 hc_violation:1 box_lid_obstructed:1 box_lid_closed:1 repeated_planner_output:1
llama-3.1-8b-instruct,FINAL.K1-w2,9,replan_budget_exhausted,budget <- Plan format: unknown_action_token,11,"can_of_beans is in pantry_area, expected cupboard_shelf | can_of_beans_2 is in pantry_area, expected cupboard_shelf | mug1 is in pantry_area, expected inside_box | mug2 is in box_lid_top, expected inside_box | mug3 is in cupboard_shelf, expected inside_box | spam is in pantry_area, expected cupboard_shelf | sugar is in pantry_area, expected cupboard_shelf | phone is in the inside_box placement area | HC-box violated: phone never cleared from the box placement area",unknown_action_token:9 hc_violation:1 missing_post_pick_place:1 box_lid_obstructed:1
llama-3.1-8b-instruct,FINAL.G0,0,replan_budget_exhausted,budget <- Corrective block: invalid_corrective_block,11,"raw_meat_1 is in serving_area, expected plate_top | plate is in dish_rack, expected serving_area | raw_meat_1 never completed a cooking cycle",invalid_corrective_block:6 unknown_action_token:2 orphan_place:1 missing_post_pick_place:1
llama-3.1-8b-instruct,FINAL.G0,1,replan_budget_exhausted,budget <- Corrective block: invalid_corrective_block,11,"raw_meat_1 is in dish_rack, expected plate_top | raw_meat_1 never completed a cooking cycle",invalid_corrective_block:8 unknown_action_token:1 repeated_planner_output:1
llama-3.1-8b-instruct,FINAL.G0,2,replan_budget_exhausted,budget <- Corrective block: invalid_corrective_block,11,"raw_meat_1 is in dish_rack, expected plate_top | plate is in dish_rack, expected serving_area | raw_meat_1 never completed a cooking cycle",invalid_corrective_block:4 unknown_action_token:3 orphan_place:1 pick_place_mismatch:1 planner_output_not_parseable:1
llama-3.1-8b-instruct,FINAL.G0,3,replan_budget_exhausted,budget <- Plan format: unknown_action_token,11,"raw_meat_1 is in dish_rack, expected plate_top | plate is in dish_rack, expected serving_area | raw_meat_1 never completed a cooking cycle",unknown_action_token:8 orphan_place:1 pick_place_mismatch:1
llama-3.1-8b-instruct,FINAL.G0,4,replan_budget_exhausted,budget <- Plan rules: missing_post_pick_place,11,"raw_meat_1 is in table, expected plate_top | plate is in dish_rack, expected serving_area | raw_meat_1 never completed a cooking cycle",missing_post_pick_place:5 unknown_action_token:3 grill_lid_closed:2 pick_place_mismatch:1
llama-3.1-8b-instruct,FINAL.G0,5,replan_budget_exhausted,budget <- Corrective block: invalid_corrective_block,11,raw_meat_1 never completed a cooking cycle,invalid_corrective_block:4 unknown_action_token:3 orphan_place:2 repeated_planner_output:1
llama-3.1-8b-instruct,FINAL.G0,6,replan_budget_exhausted,budget <- Corrective block: invalid_corrective_block,11,"raw_meat_1 is in dish_rack, expected plate_top | raw_meat_1 never completed a cooking cycle",invalid_corrective_block:10
llama-3.1-8b-instruct,FINAL.G0,7,replan_budget_exhausted,budget <- Corrective block: invalid_corrective_block,11,"plate is in dish_rack, expected serving_area | raw_meat_1 placed on plate_top before completing a cooking cycle",invalid_corrective_block:5 unknown_action_token:3 orphan_place:1 pick_place_mismatch:1
llama-3.1-8b-instruct,FINAL.G0,8,replan_budget_exhausted,budget <- Corrective block: invalid_corrective_block,11,"raw_meat_1 is in dish_rack, expected plate_top | raw_meat_1 never completed a cooking cycle",invalid_corrective_block:10
llama-3.1-8b-instruct,FINAL.G0,9,replan_budget_exhausted,budget <- Corrective block: invalid_corrective_block,11,"raw_meat_1 is in dish_rack, expected plate_top | plate is in dish_rack, expected serving_area | raw_meat_1 never completed a cooking cycle",invalid_corrective_block:9 orphan_place:1
llama-3.1-8b-instruct,FINAL.G1,0,replan_budget_exhausted,budget <- Corrective block: invalid_corrective_block,11,"cooked_meat_1 is in inside_grill, expected plate_top | cooked_meat_2 is in inside_grill, expected plate_top | raw_meat_1 is in inside_grill, expected plate_top | plate is in dish_rack, expected serving_area | raw_meat_1 never completed a cooking cycle",invalid_corrective_block:7 unknown_action_token:1 missing_post_pick_place:1 repeated_planner_output:1
llama-3.1-8b-instruct,FINAL.G1,1,replan_loop,loop <- Corrective block: invalid_corrective_block,10,"cooked_meat_1 is in inside_grill, expected plate_top | cooked_meat_2 is in inside_grill, expected plate_top | raw_meat_1 is in inside_grill, expected plate_top | plate is in dish_rack, expected serving_area | raw_meat_1 never completed a cooking cycle",invalid_corrective_block:7 repeated_planner_output:2
llama-3.1-8b-instruct,FINAL.G1,2,replan_budget_exhausted,budget <- Corrective block: invalid_corrective_block,11,"cooked_meat_1 is in inside_grill, expected plate_top | cooked_meat_2 is in inside_grill, expected plate_top | raw_meat_1 is in inside_grill, expected plate_top | plate is in dish_rack, expected serving_area | raw_meat_1 never completed a cooking cycle",invalid_corrective_block:6 unknown_action_token:3 planner_output_not_parseable:1
llama-3.1-8b-instruct,FINAL.G1,3,replan_budget_exhausted,budget <- Corrective block: invalid_corrective_block,11,"cooked_meat_1 is in inside_grill, expected plate_top | cooked_meat_2 is in inside_grill, expected plate_top | raw_meat_1 is in inside_grill, expected plate_top | raw_meat_1 never completed a cooking cycle",invalid_corrective_block:5 orphan_place:1 missing_post_pick_place:1 placement_failed:1 executor_failure:1 unknown_action_token:1
llama-3.1-8b-instruct,FINAL.G1,4,replan_budget_exhausted,budget <- Corrective block: invalid_corrective_block,11,"cooked_meat_1 is in inside_grill, expected plate_top | cooked_meat_2 is in inside_grill, expected plate_top | raw_meat_1 is in inside_grill, expected plate_top | plate is in dish_rack, expected serving_area | raw_meat_1 never completed a cooking cycle",invalid_corrective_block:8 unknown_action_token:1 repeated_planner_output:1
llama-3.1-8b-instruct,FINAL.G1,5,replan_loop,loop <- Plan format: unknown_action_token,10,"cooked_meat_1 is in inside_grill, expected plate_top | cooked_meat_2 is in inside_grill, expected plate_top | raw_meat_1 is in inside_grill, expected plate_top | plate is in dish_rack, expected serving_area | raw_meat_1 never completed a cooking cycle",unknown_action_token:5 invalid_corrective_block:2 repeated_planner_output:2
llama-3.1-8b-instruct,FINAL.G1,6,replan_budget_exhausted,budget <- Plan format: unknown_action_token,11,"cooked_meat_1 is in inside_grill, expected plate_top | cooked_meat_2 is in inside_grill, expected plate_top | raw_meat_1 is in table, expected plate_top | plate is in dish_rack, expected serving_area | raw_meat_1 never completed a cooking cycle",unknown_action_token:9 missing_post_pick_place:1 unobserved_object:1
llama-3.1-8b-instruct,FINAL.G1,7,replan_budget_exhausted,budget <- Corrective block: invalid_corrective_block,11,"cooked_meat_1 is in inside_grill, expected plate_top | cooked_meat_2 is in inside_grill, expected plate_top | raw_meat_1 is in inside_grill, expected plate_top | plate is in dish_rack, expected serving_area | raw_meat_1 never completed a cooking cycle",invalid_corrective_block:7 unknown_action_token:1 missing_post_pick_place:1 repeated_planner_output:1
llama-3.1-8b-instruct,FINAL.G1,8,replan_loop,loop <- Corrective block: invalid_corrective_block,11,"cooked_meat_1 is in inside_grill, expected plate_top | cooked_meat_2 is in inside_grill, expected plate_top | raw_meat_1 is in inside_grill, expected plate_top | plate is in dish_rack, expected serving_area | raw_meat_1 never completed a cooking cycle",invalid_corrective_block:7 repeated_planner_output:2 unknown_action_token:1
llama-3.1-8b-instruct,FINAL.G1,9,replan_loop,loop <- Corrective block: invalid_corrective_block,7,"cooked_meat_1 is in inside_grill, expected plate_top | cooked_meat_2 is in inside_grill, expected plate_top | raw_meat_1 is in inside_grill, expected plate_top | plate is in dish_rack, expected serving_area | raw_meat_1 never completed a cooking cycle",invalid_corrective_block:4 repeated_planner_output:2
llama-3.1-8b-instruct,FINAL.G2,0,replan_budget_exhausted,budget <- Plan format: unknown_action_token,11,"cooked_meat_1 is in inside_grill, expected plate_top | raw_meat_1 is in table, expected plate_top | raw_meat_2 is in inside_grill, expected plate_top | plate is in dish_rack, expected serving_area | raw_meat_1 never completed a cooking cycle | raw_meat_2 never completed a cooking cycle",unknown_action_token:4 missing_post_pick_place:4 orphan_place:2
llama-3.1-8b-instruct,FINAL.G2,1,replan_loop,loop <- Corrective block: invalid_corrective_block,11,"cooked_meat_1 is in inside_grill, expected plate_top | raw_meat_1 is in inside_grill, expected plate_top | raw_meat_2 is in inside_grill, expected plate_top | plate is in dish_rack, expected serving_area | raw_meat_1 never completed a cooking cycle | raw_meat_2 never completed a cooking cycle",invalid_corrective_block:7 repeated_planner_output:2 planner_output_not_parseable:1
llama-3.1-8b-instruct,FINAL.G2,2,replan_budget_exhausted,budget <- Plan format: unknown_action_token,11,"cooked_meat_1 is in inside_grill, expected plate_top | raw_meat_1 is in inside_grill, expected plate_top | raw_meat_2 is in inside_grill, expected plate_top | plate is in dish_rack, expected serving_area | raw_meat_1 never completed a cooking cycle | raw_meat_2 never completed a cooking cycle",unknown_action_token:5 invalid_corrective_block:3 orphan_place:1 repeated_planner_output:1
llama-3.1-8b-instruct,FINAL.G2,3,replan_budget_exhausted,budget <- Plan format: unknown_action_token,11,"cooked_meat_1 is in inside_grill, expected plate_top | raw_meat_1 is in table, expected plate_top | raw_meat_2 is in inside_grill, expected plate_top | plate is in dish_rack, expected serving_area | raw_meat_1 never completed a cooking cycle | raw_meat_2 never completed a cooking cycle",unknown_action_token:7 orphan_place:2 pick_place_mismatch:1 unobserved_object:1
llama-3.1-8b-instruct,FINAL.G2,4,replan_budget_exhausted,budget <- Plan format: unknown_action_token,11,"raw_meat_1 is in inside_grill, expected plate_top | raw_meat_2 is in table, expected plate_top | raw_meat_1 never completed a cooking cycle | raw_meat_2 never completed a cooking cycle",unknown_action_token:6 placement_failed:1 invalid_corrective_block:1 pick_place_mismatch:1 orphan_place:1
llama-3.1-8b-instruct,FINAL.G2,5,replan_budget_exhausted,budget <- Plan format: unknown_action_token,11,"cooked_meat_1 is in inside_grill, expected plate_top | raw_meat_1 is in inside_grill, expected plate_top | raw_meat_2 is in inside_grill, expected plate_top | plate is in dish_rack, expected serving_area | raw_meat_1 never completed a cooking cycle | raw_meat_2 never completed a cooking cycle",unknown_action_token:4 invalid_corrective_block:4 planner_output_not_parseable:1 missing_post_pick_place:1
llama-3.1-8b-instruct,FINAL.G2,6,replan_budget_exhausted,budget <- Plan format: unknown_action_token,11,"cooked_meat_1 is in inside_grill, expected plate_top | raw_meat_1 is in inside_grill, expected plate_top | raw_meat_2 is in inside_grill, expected plate_top | plate is in dish_rack, expected serving_area | raw_meat_1 never completed a cooking cycle | raw_meat_2 never completed a cooking cycle",unknown_action_token:6 orphan_place:2 invalid_corrective_block:1
llama-3.1-8b-instruct,FINAL.G2,7,replan_budget_exhausted,budget <- Corrective block: invalid_corrective_block,11,"cooked_meat_1 is in inside_grill, expected plate_top | raw_meat_1 is in inside_grill, expected plate_top | raw_meat_2 is in inside_grill, expected plate_top | plate is in dish_rack, expected serving_area | raw_meat_1 never completed a cooking cycle | raw_meat_2 never completed a cooking cycle",invalid_corrective_block:4 unknown_action_token:3 missing_post_pick_place:2 orphan_place:1
llama-3.1-8b-instruct,FINAL.G2,8,replan_budget_exhausted,budget <- Corrective block: invalid_corrective_block,11,"cooked_meat_1 is in inside_grill, expected plate_top | raw_meat_1 is in inside_grill, expected plate_top | raw_meat_2 is in inside_grill, expected plate_top | plate is in dish_rack, expected serving_area | raw_meat_1 never completed a cooking cycle | raw_meat_2 never completed a cooking cycle",invalid_corrective_block:9 orphan_place:1
llama-3.1-8b-instruct,FINAL.G2,9,replan_budget_exhausted,budget <- Corrective block: invalid_corrective_block,11,"raw_meat_1 is in inside_grill, expected plate_top | plate is in dish_rack, expected serving_area | raw_meat_1 never completed a cooking cycle | raw_meat_2 placed on plate_top before completing a cooking cycle",invalid_corrective_block:5 unknown_action_token:4
llama-3.1-8b-instruct,FINAL.G3,0,replan_budget_exhausted,budget <- Plan format: unknown_action_token,11,"raw_meat_1 is in table, expected plate_top | raw_meat_2 is in inside_grill, expected plate_top | raw_meat_3 is in inside_grill, expected plate_top | plate is in dish_rack, expected serving_area | raw_meat_1 never completed a cooking cycle | raw_meat_2 never completed a cooking cycle | raw_meat_3 never completed a cooking cycle",unknown_action_token:7 orphan_place:3
llama-3.1-8b-instruct,FINAL.G3,1,replan_budget_exhausted,budget <- Corrective block: invalid_corrective_block,11,"raw_meat_1 is in inside_grill, expected plate_top | raw_meat_2 is in inside_grill, expected plate_top | raw_meat_3 is in inside_grill, expected plate_top | plate is in dish_rack, expected serving_area | raw_meat_1 never completed a cooking cycle | raw_meat_2 never completed a cooking cycle | raw_meat_3 never completed a cooking cycle",invalid_corrective_block:7 missing_post_pick_place:2 unknown_action_token:1
llama-3.1-8b-instruct,FINAL.G3,2,replan_budget_exhausted,budget <- Corrective block: invalid_corrective_block,11,"raw_meat_1 is in inside_grill, expected plate_top | raw_meat_2 is in inside_grill, expected plate_top | raw_meat_3 is in inside_grill, expected plate_top | plate is in dish_rack, expected serving_area | raw_meat_1 never completed a cooking cycle | raw_meat_2 never completed a cooking cycle | raw_meat_3 never completed a cooking cycle",invalid_corrective_block:9 orphan_place:1
llama-3.1-8b-instruct,FINAL.G3,3,replan_budget_exhausted,budget <- Corrective block: invalid_corrective_block,11,"raw_meat_1 is in inside_grill, expected plate_top | raw_meat_2 is in inside_grill, expected plate_top | raw_meat_3 is in inside_grill, expected plate_top | plate is in dish_rack, expected serving_area | raw_meat_1 never completed a cooking cycle | raw_meat_2 never completed a cooking cycle | raw_meat_3 never completed a cooking cycle",invalid_corrective_block:5 orphan_place:2 missing_post_pick_place:2 planner_output_not_parseable:1
llama-3.1-8b-instruct,FINAL.G3,4,replan_budget_exhausted,budget <- Corrective block: invalid_corrective_block,11,"raw_meat_1 is in inside_grill, expected plate_top | raw_meat_2 is in inside_grill, expected plate_top | raw_meat_3 is in inside_grill, expected plate_top | plate is in dish_rack, expected serving_area | raw_meat_1 never completed a cooking cycle | raw_meat_2 never completed a cooking cycle | raw_meat_3 never completed a cooking cycle",invalid_corrective_block:7 planner_output_not_parseable:2 orphan_place:1
llama-3.1-8b-instruct,FINAL.G3,5,replan_budget_exhausted,budget <- Plan format: unknown_action_token,11,"raw_meat_1 is in inside_grill, expected plate_top | raw_meat_2 is in inside_grill, expected plate_top | raw_meat_3 is in inside_grill, expected plate_top | plate is in dish_rack, expected serving_area | raw_meat_1 never completed a cooking cycle | raw_meat_2 never completed a cooking cycle | raw_meat_3 never completed a cooking cycle",unknown_action_token:5 missing_post_pick_place:2 invalid_corrective_block:2 orphan_place:1
llama-3.1-8b-instruct,FINAL.G3,6,replan_budget_exhausted,budget <- Corrective block: invalid_corrective_block,11,"raw_meat_1 is in inside_grill, expected plate_top | raw_meat_2 is in inside_grill, expected plate_top | raw_meat_3 is in inside_grill, expected plate_top | plate is in dish_rack, expected serving_area | raw_meat_1 never completed a cooking cycle | raw_meat_2 never completed a cooking cycle | raw_meat_3 never completed a cooking cycle",invalid_corrective_block:10
llama-3.1-8b-instruct,FINAL.G3,7,replan_budget_exhausted,budget <- Corrective block: invalid_corrective_block,11,"raw_meat_1 is in inside_grill, expected plate_top | raw_meat_2 is in inside_grill, expected plate_top | raw_meat_3 is in inside_grill, expected plate_top | plate is in dish_rack, expected serving_area | raw_meat_1 never completed a cooking cycle | raw_meat_2 never completed a cooking cycle | raw_meat_3 never completed a cooking cycle",invalid_corrective_block:9 orphan_place:1
llama-3.1-8b-instruct,FINAL.G3,8,replan_budget_exhausted,budget <- Corrective block: invalid_corrective_block,11,"raw_meat_1 is in table, expected plate_top | raw_meat_2 is in inside_grill, expected plate_top | raw_meat_3 is in inside_grill, expected plate_top | raw_meat_1 never completed a cooking cycle | raw_meat_2 never completed a cooking cycle | raw_meat_3 never completed a cooking cycle",invalid_corrective_block:10
llama-3.1-8b-instruct,FINAL.G3,9,replan_budget_exhausted,budget <- Corrective block: invalid_corrective_block,11,"raw_meat_1 is in inside_grill, expected plate_top | raw_meat_2 is in inside_grill, expected plate_top | raw_meat_3 is in inside_grill, expected plate_top | plate is in dish_rack, expected serving_area | raw_meat_1 never completed a cooking cycle | raw_meat_2 never completed a cooking cycle | raw_meat_3 never completed a cooking cycle",invalid_corrective_block:8 orphan_place:1 missing_post_pick_place:1
llama-3.1-8b-instruct,FINAL.G1-n1,0,replan_budget_exhausted,budget <- Plan format: unknown_action_token,11,"cooked_meat_1 is in inside_grill, expected plate_top | raw_meat_1 is in table, expected plate_top | plate is in dish_rack, expected serving_area | raw_meat_1 never completed a cooking cycle",unknown_action_token:10 planner_output_not_parseable:1
llama-3.1-8b-instruct,FINAL.G1-n1,1,replan_budget_exhausted,budget <- Corrective block: invalid_corrective_block,11,"cooked_meat_1 is in inside_grill, expected plate_top | raw_meat_1 is in inside_grill, expected plate_top | plate is in dish_rack, expected serving_area | raw_meat_1 never completed a cooking cycle",invalid_corrective_block:6 missing_post_pick_place:2 grill_lid_closed:1 planner_output_not_parseable:1
llama-3.1-8b-instruct,FINAL.G1-n1,2,replan_budget_exhausted,budget <- Corrective block: invalid_corrective_block,11,"cooked_meat_1 is in inside_grill, expected plate_top | raw_meat_1 is in inside_grill, expected plate_top | plate is in dish_rack, expected serving_area | raw_meat_1 never completed a cooking cycle",invalid_corrective_block:10
llama-3.1-8b-instruct,FINAL.G1-n1,3,replan_budget_exhausted,budget <- Corrective block: invalid_corrective_block,11,"cooked_meat_1 is in inside_grill, expected plate_top | raw_meat_1 is in table, expected plate_top | raw_meat_1 never completed a cooking cycle",invalid_corrective_block:9 unknown_action_token:1
llama-3.1-8b-instruct,FINAL.G1-n1,4,replan_budget_exhausted,budget <- Corrective block: invalid_corrective_block,11,"cooked_meat_1 is in inside_grill, expected plate_top | raw_meat_1 is in inside_grill, expected plate_top | plate is in dish_rack, expected serving_area | raw_meat_1 never completed a cooking cycle",invalid_corrective_block:5 unknown_action_token:3 orphan_place:1 pick_place_mismatch:1
llama-3.1-8b-instruct,FINAL.G1-n1,5,replan_budget_exhausted,budget <- Plan format: unknown_action_token,11,"cooked_meat_1 is in inside_grill, expected plate_top | raw_meat_1 is in table, expected plate_top | plate is in dish_rack, expected serving_area | raw_meat_1 never completed a cooking cycle",unknown_action_token:3 orphan_place:3 pick_place_mismatch:2 unobserved_object:2 planner_output_not_parseable:1
llama-3.1-8b-instruct,FINAL.G1-n1,6,replan_budget_exhausted,budget <- Corrective block: invalid_corrective_block,11,"cooked_meat_1 is in inside_grill, expected plate_top | raw_meat_1 is in inside_grill, expected plate_top | plate is in dish_rack, expected serving_area | raw_meat_1 never completed a cooking cycle",invalid_corrective_block:9 orphan_place:1
llama-3.1-8b-instruct,FINAL.G1-n1,7,replan_budget_exhausted,budget <- Corrective block: invalid_corrective_block,11,"cooked_meat_1 is in inside_grill, expected plate_top | raw_meat_1 is in inside_grill, expected plate_top | plate is in dish_rack, expected serving_area | raw_meat_1 never completed a cooking cycle",invalid_corrective_block:10
llama-3.1-8b-instruct,FINAL.G1-n1,8,replan_loop,loop <- Corrective block: invalid_corrective_block,8,"cooked_meat_1 is in inside_grill, expected plate_top | raw_meat_1 is in inside_grill, expected plate_top | plate is in dish_rack, expected serving_area | raw_meat_1 never completed a cooking cycle",invalid_corrective_block:5 repeated_planner_output:2
llama-3.1-8b-instruct,FINAL.G1-n1,9,replan_budget_exhausted,budget <- Corrective block: invalid_corrective_block,11,"cooked_meat_1 is in inside_grill, expected plate_top | raw_meat_1 is in inside_grill, expected plate_top | plate is in dish_rack, expected serving_area | raw_meat_1 never completed a cooking cycle",invalid_corrective_block:5 unknown_action_token:3 orphan_place:2
qwen2.5-7b-instruct,FINAL.K0,0,replan_budget_exhausted,budget <- Scene precondition: box_lid_closed,11,"mug1 is in cupboard_shelf, expected inside_box | mug2 is in table, expected inside_box | mug3 is in cupboard_shelf, expected inside_box | spam is in pantry_area, expected cupboard_shelf | sugar is in pantry_area, expected cupboard_shelf",box_lid_closed:4 missing_post_pick_place:4 invalid_corrective_block:1 pick_place_mismatch:1
qwen2.5-7b-instruct,FINAL.K0,1,replan_budget_exhausted,budget <- Plan rules: missing_post_pick_place,11,"mug1 is in cupboard_shelf, expected inside_box | mug2 is in box_lid_top, expected inside_box | mug3 is in cupboard_shelf, expected inside_box | spam is in pantry_area, expected cupboard_shelf | sugar is in pantry_area, expected cupboard_shelf",missing_post_pick_place:3 repeated_planner_output:3 box_lid_closed:2 invalid_corrective_block:2
qwen2.5-7b-instruct,FINAL.K0,2,replan_budget_exhausted,budget <- Plan rules: missing_post_pick_place,11,"mug1 is in pantry_area, expected inside_box | mug2 is in box_lid_top, expected inside_box | mug3 is in cupboard_shelf, expected inside_box | spam is in pantry_area, expected cupboard_shelf | sugar is in pantry_area, expected cupboard_shelf",missing_post_pick_place:5 box_lid_closed:3 repeated_planner_output:2
qwen2.5-7b-instruct,FINAL.K0,3,replan_loop,loop <- Plan rules: missing_post_pick_place,11,"mug1 is in table, expected inside_box | mug2 is in box_lid_top, expected inside_box | mug3 is in cupboard_shelf, expected inside_box | spam is in pantry_area, expected cupboard_shelf | sugar is in pantry_area, expected cupboard_shelf",missing_post_pick_place:5 repeated_planner_output:4 box_lid_closed:2
qwen2.5-7b-instruct,FINAL.K0,4,replan_loop,loop <- Scene precondition: box_lid_closed,9,"mug1 is in cupboard_shelf, expected inside_box | mug2 is in box_lid_top, expected inside_box | mug3 is in cupboard_shelf, expected inside_box | spam is in pantry_area, expected cupboard_shelf | sugar is in pantry_area, expected cupboard_shelf",box_lid_closed:2 missing_post_pick_place:2 invalid_corrective_block:2 repeated_planner_output:2
qwen2.5-7b-instruct,FINAL.K0,5,replan_loop,loop <- Corrective block: invalid_corrective_block,7,"mug1 is in cupboard_shelf, expected inside_box | mug2 is in box_lid_top, expected inside_box | mug3 is in cupboard_shelf, expected inside_box | spam is in pantry_area, expected cupboard_shelf | sugar is in pantry_area, expected cupboard_shelf",invalid_corrective_block:2 repeated_planner_output:2 box_lid_closed:1 missing_post_pick_place:1
qwen2.5-7b-instruct,FINAL.K0,6,replan_budget_exhausted,budget <- Scene precondition: box_lid_closed,11,"mug1 is in table, expected inside_box | mug2 is in box_lid_top, expected inside_box | mug3 is in cupboard_shelf, expected inside_box | spam is in pantry_area, expected cupboard_shelf | sugar is in pantry_area, expected cupboard_shelf",box_lid_closed:3 missing_post_pick_place:3 box_lid_obstructed:2 pick_place_mismatch:2 placement_failed:1
qwen2.5-7b-instruct,FINAL.K0,7,plan_completed,Task plan,11,"mug1 is in cupboard_shelf, expected inside_box | mug3 is in cupboard_shelf, expected inside_box | sugar is in pantry_area, expected cupboard_shelf",missing_post_pick_place:2 box_lid_obstructed:2 box_lid_closed:1 invalid_corrective_block:1 repeated_planner_output:1 placement_failed:1 unknown_action_token:1
qwen2.5-7b-instruct,FINAL.K0,8,replan_loop,loop <- Scene precondition: box_lid_closed,9,"mug1 is in cupboard_shelf, expected inside_box | mug2 is in box_lid_top, expected inside_box | mug3 is in cupboard_shelf, expected inside_box | spam is in pantry_area, expected cupboard_shelf | sugar is in pantry_area, expected cupboard_shelf",box_lid_closed:2 missing_post_pick_place:2 invalid_corrective_block:2 repeated_planner_output:2
qwen2.5-7b-instruct,FINAL.K0,9,replan_loop,loop <- Plan rules: missing_post_pick_place,11,"mug1 is in cupboard_shelf, expected inside_box | mug2 is in box_lid_top, expected inside_box | mug3 is in cupboard_shelf, expected inside_box | spam is in pantry_area, expected cupboard_shelf | sugar is in pantry_area, expected cupboard_shelf",missing_post_pick_place:3 repeated_planner_output:3 box_lid_closed:2 invalid_corrective_block:2
qwen2.5-7b-instruct,FINAL.K1,0,replan_budget_exhausted,budget <- Scene precondition: box_lid_closed,11,"mug1 is in cupboard_shelf, expected inside_box | mug2 is in table, expected inside_box | mug3 is in cupboard_shelf, expected inside_box | spam is in pantry_area, expected cupboard_shelf | sugar is in pantry_area, expected cupboard_shelf | phone is in the inside_box placement area | HC-box violated: phone never cleared from the box placement area",box_lid_closed:3 missing_post_pick_place:3 invalid_corrective_block:2 pick_place_mismatch:2 hc_violation:1
qwen2.5-7b-instruct,FINAL.K1,1,replan_budget_exhausted,budget <- Scene precondition: box_lid_closed,11,"mug1 is in cupboard_shelf, expected inside_box | mug2 is in table, expected inside_box | mug3 is in cupboard_shelf, expected inside_box | spam is in pantry_area, expected cupboard_shelf | sugar is in pantry_area, expected cupboard_shelf | phone is in the inside_box placement area | HC-box violated: phone never cleared from the box placement area",box_lid_closed:3 missing_post_pick_place:3 invalid_corrective_block:2 repeated_planner_output:2 hc_violation:1
qwen2.5-7b-instruct,FINAL.K1,2,replan_loop,loop <- Corrective block: invalid_corrective_block,9,"mug1 is in cupboard_shelf, expected inside_box | mug2 is in box_lid_top, expected inside_box | mug3 is in cupboard_shelf, expected inside_box | spam is in pantry_area, expected cupboard_shelf | sugar is in pantry_area, expected cupboard_shelf | phone is in the inside_box placement area | HC-box violated: phone never cleared from the box placement area",invalid_corrective_block:3 repeated_planner_output:3 hc_violation:1 box_lid_closed:1 missing_post_pick_place:1
qwen2.5-7b-instruct,FINAL.K1,3,replan_loop,loop <- Corrective block: invalid_corrective_block,11,"mug1 is in cupboard_shelf, expected inside_box | mug2 is in box_lid_top, expected inside_box | mug3 is in cupboard_shelf, expected inside_box | spam is in pantry_area, expected cupboard_shelf | sugar is in pantry_area, expected cupboard_shelf | phone is in the inside_box placement area | HC-box violated: phone never cleared from the box placement area",invalid_corrective_block:4 box_lid_closed:2 missing_post_pick_place:2 repeated_planner_output:2 hc_violation:1
qwen2.5-7b-instruct,FINAL.K1,4,replan_budget_exhausted,budget <- Scene precondition: box_lid_closed,11,"mug1 is in pantry_area, expected inside_box | mug2 is in table, expected inside_box | mug3 is in cupboard_shelf, expected inside_box | spam is in pantry_area, expected cupboard_shelf | sugar is in pantry_area, expected cupboard_shelf | phone is in the inside_box placement area | HC-box violated: phone never cleared from the box placement area",box_lid_closed:3 invalid_corrective_block:3 missing_post_pick_place:2 hc_violation:1 box_lid_obstructed:1 orphan_place:1
qwen2.5-7b-instruct,FINAL.K1,5,replan_loop,loop <- Plan rules: missing_post_pick_place,7,"mug1 is in table, expected inside_box | mug2 is in box_lid_top, expected inside_box | mug3 is in cupboard_shelf, expected inside_box | spam is in pantry_area, expected cupboard_shelf | sugar is in pantry_area, expected cupboard_shelf | phone is in the inside_box placement area | HC-box violated: phone never cleared from the box placement area",missing_post_pick_place:3 box_lid_closed:2 repeated_planner_output:2 hc_violation:1
qwen2.5-7b-instruct,FINAL.K1,6,replan_loop,loop <- Plan format: unknown_action_token,9,"mug1 is in pantry_area, expected inside_box | mug2 is in box_lid_top, expected inside_box | mug3 is in cupboard_shelf, expected inside_box | sugar is in pantry_area, expected cupboard_shelf | phone is in the inside_box placement area | HC-box violated: phone never cleared from the box placement area",unknown_action_token:3 box_lid_obstructed:2 repeated_planner_output:2 hc_violation:1 box_lid_closed:1 missing_post_pick_place:1
qwen2.5-7b-instruct,FINAL.K1,7,replan_budget_exhausted,budget <- Scene precondition: box_lid_closed,11,"mug1 is in cupboard_shelf, expected inside_box | mug2 is in box_lid_top, expected inside_box | mug3 is in cupboard_shelf, expected inside_box | spam is in table, expected cupboard_shelf | sugar is in pantry_area, expected cupboard_shelf | phone is in the inside_box placement area | HC-box violated: phone never cleared from the box placement area",box_lid_closed:3 missing_post_pick_place:3 hc_violation:1 invalid_corrective_block:1 box_lid_obstructed:1 repeated_planner_output:1 pick_place_mismatch:1
qwen2.5-7b-instruct,FINAL.K1,8,replan_loop,loop <- Scene precondition: box_lid_closed,9,"mug1 is in pantry_area, expected inside_box | mug2 is in box_lid_top, expected inside_box | mug3 is in cupboard_shelf, expected inside_box | spam is in pantry_area, expected cupboard_shelf | sugar is in pantry_area, expected cupboard_shelf | phone is in the inside_box placement area | HC-box violated: phone never cleared from the box placement area",box_lid_closed:2 missing_post_pick_place:2 invalid_corrective_block:2 repeated_planner_output:2 hc_violation:1
qwen2.5-7b-instruct,FINAL.K1,9,replan_budget_exhausted,budget <- Scene precondition: box_lid_closed,11,"mug1 is in cupboard_shelf, expected inside_box | mug2 is in box_lid_top, expected inside_box | mug3 is in cupboard_shelf, expected inside_box | spam is in table, expected cupboard_shelf | sugar is in pantry_area, expected cupboard_shelf | phone is in the inside_box placement area | HC-box violated: phone never cleared from the box placement area",box_lid_closed:4 missing_post_pick_place:3 hc_violation:1 repeated_planner_output:1 invalid_corrective_block:1 box_lid_obstructed:1
qwen2.5-7b-instruct,FINAL.K2,0,replan_loop,loop <- Corrective block: invalid_corrective_block,10,"mug1 is in cupboard_shelf, expected inside_box | mug2 is in box_lid_top, expected inside_box | mug3 is in cupboard_shelf, expected inside_box | spam is in pantry_area, expected cupboard_shelf | sugar is in pantry_area, expected cupboard_shelf",invalid_corrective_block:4 missing_post_pick_place:2 repeated_planner_output:2 box_lid_closed:1
qwen2.5-7b-instruct,FINAL.K2,1,replan_budget_exhausted,budget <- Plan rules: missing_post_pick_place,11,"mug1 is in cupboard_shelf, expected inside_box | mug2 is in box_lid_top, expected inside_box | mug3 is in cupboard_shelf, expected inside_box | spam is in pantry_area, expected cupboard_shelf | sugar is in pantry_area, expected cupboard_shelf",missing_post_pick_place:4 box_lid_closed:2 repeated_planner_output:2 invalid_corrective_block:1 box_lid_obstructed:1
qwen2.5-7b-instruct,FINAL.K2,2,replan_budget_exhausted,budget <- Plan rules: missing_post_pick_place,11,"mug1 is in cupboard_shelf, expected inside_box | mug2 is in cupboard_shelf, expected inside_box | mug3 is in cupboard_shelf, expected inside_box | sugar is in pantry_area, expected cupboard_shelf",missing_post_pick_place:4 box_lid_closed:2 repeated_planner_output:2 invalid_corrective_block:1
qwen2.5-7b-instruct,FINAL.K2,3,replan_loop,loop <- Corrective block: invalid_corrective_block,10,"mug1 is in cupboard_shelf, expected inside_box | mug2 is in box_lid_top, expected inside_box | mug3 is in cupboard_shelf, expected inside_box | spam is in pantry_area, expected cupboard_shelf | sugar is in pantry_area, expected cupboard_shelf",invalid_corrective_block:4 missing_post_pick_place:2 repeated_planner_output:2 box_lid_closed:1
qwen2.5-7b-instruct,FINAL.K2,4,replan_loop,loop <- Plan rules: missing_post_pick_place,8,"mug1 is in cupboard_shelf, expected inside_box | mug2 is in table, expected inside_box | mug3 is in cupboard_shelf, expected inside_box | spam is in pantry_area, expected cupboard_shelf | sugar is in pantry_area, expected cupboard_shelf",missing_post_pick_place:3 box_lid_closed:2 repeated_planner_output:2
qwen2.5-7b-instruct,FINAL.K2,5,replan_loop,loop <- Corrective block: invalid_corrective_block,8,"mug1 is in pantry_area, expected inside_box | mug2 is in box_lid_top, expected inside_box | mug3 is in cupboard_shelf, expected inside_box | spam is in pantry_area, expected cupboard_shelf | sugar is in pantry_area, expected cupboard_shelf",invalid_corrective_block:3 repeated_planner_output:2 box_lid_closed:1 missing_post_pick_place:1
qwen2.5-7b-instruct,FINAL.K2,6,replan_loop,loop <- Plan rules: missing_post_pick_place,9,"mug1 is in table, expected inside_box | mug2 is in box_lid_top, expected inside_box | mug3 is in cupboard_shelf, expected inside_box | spam is in pantry_area, expected cupboard_shelf | sugar is in pantry_area, expected cupboard_shelf",missing_post_pick_place:4 repeated_planner_output:3 box_lid_closed:2
qwen2.5-7b-instruct,FINAL.K2,7,replan_loop,loop <- Plan rules: missing_post_pick_place,8,"mug1 is in table, expected inside_box | mug2 is in box_lid_top, expected inside_box | mug3 is in cupboard_shelf, expected inside_box | spam is in pantry_area, expected cupboard_shelf | sugar is in pantry_area, expected cupboard_shelf",missing_post_pick_place:4 box_lid_closed:2 repeated_planner_output:2
qwen2.5-7b-instruct,FINAL.K2,8,replan_loop,loop <- Plan rules: missing_post_pick_place,8,"mug1 is in table, expected inside_box | mug2 is in box_lid_top, expected inside_box | mug3 is in cupboard_shelf, expected inside_box | spam is in pantry_area, expected cupboard_shelf | sugar is in pantry_area, expected cupboard_shelf",missing_post_pick_place:4 box_lid_closed:2 repeated_planner_output:2
qwen2.5-7b-instruct,FINAL.K2,9,replan_budget_exhausted,budget <- Corrective block: invalid_corrective_block,11,"mug1 is in pantry_area, expected inside_box | mug2 is in box_lid_top, expected inside_box | mug3 is in cupboard_shelf, expected inside_box | spam is in table, expected cupboard_shelf | sugar is in pantry_area, expected cupboard_shelf",invalid_corrective_block:3 repeated_planner_output:2 missing_post_pick_place:2 unknown_action_token:1 box_lid_obstructed:1 box_lid_closed:1
qwen2.5-7b-instruct,FINAL.K3,0,replan_loop,loop <- Plan rules: missing_post_pick_place,10,"can_of_beans is in inside_box, expected cupboard_shelf | mug1 is in cupboard_shelf, expected inside_box | mug2 is in box_lid_top, expected inside_box | mug3 is in cupboard_shelf, expected inside_box | spam is in pantry_area, expected cupboard_shelf | sugar is in pantry_area, expected cupboard_shelf | HC-box violated: can_of_beans never cleared from the box placement area",missing_post_pick_place:3 box_lid_closed:2 invalid_corrective_block:2 repeated_planner_output:2 hc_violation:1
qwen2.5-7b-instruct,FINAL.K3,1,replan_budget_exhausted,budget <- Plan rules: missing_post_pick_place,11,"can_of_beans is in inside_box, expected cupboard_shelf | mug1 is in cupboard_shelf, expected inside_box | mug2 is in box_lid_top, expected inside_box | mug3 is in cupboard_shelf, expected inside_box | spam is in pantry_area, expected cupboard_shelf | sugar is in pantry_area, expected cupboard_shelf | HC-box violated: can_of_beans never cleared from the box placement area",missing_post_pick_place:3 invalid_corrective_block:3 box_lid_closed:2 hc_violation:1 repeated_planner_output:1 box_lid_obstructed:1
qwen2.5-7b-instruct,FINAL.K3,2,replan_loop,loop <- Corrective block: invalid_corrective_block,10,"can_of_beans is in inside_box, expected cupboard_shelf | mug1 is in cupboard_shelf, expected inside_box | mug2 is in box_lid_top, expected inside_box | mug3 is in cupboard_shelf, expected inside_box | spam is in pantry_area, expected cupboard_shelf | sugar is in pantry_area, expected cupboard_shelf | HC-box violated: can_of_beans never cleared from the box placement area",invalid_corrective_block:3 box_lid_closed:2 missing_post_pick_place:2 repeated_planner_output:2 hc_violation:1
qwen2.5-7b-instruct,FINAL.K3,3,replan_budget_exhausted,budget <- Plan rules: missing_post_pick_place,11,"can_of_beans is in inside_box, expected cupboard_shelf | mug1 is in cupboard_shelf, expected inside_box | mug2 is in table, expected inside_box | mug3 is in cupboard_shelf, expected inside_box | spam is in pantry_area, expected cupboard_shelf | sugar is in pantry_area, expected cupboard_shelf | HC-box violated: can_of_beans never cleared from the box placement area",missing_post_pick_place:5 box_lid_closed:4 hc_violation:1 orphan_place:1
qwen2.5-7b-instruct,FINAL.K3,4,replan_loop,loop <- Plan rules: missing_post_pick_place,8,"can_of_beans is in inside_box, expected cupboard_shelf | mug1 is in table, expected inside_box | mug2 is in box_lid_top, expected inside_box | mug3 is in cupboard_shelf, expected inside_box | spam is in pantry_area, expected cupboard_shelf | sugar is in pantry_area, expected cupboard_shelf | HC-box violated: can_of_beans never cleared from the box placement area",missing_post_pick_place:3 repeated_planner_output:3 box_lid_closed:2 hc_violation:1
qwen2.5-7b-instruct,FINAL.K3,5,replan_budget_exhausted,budget <- Corrective block: invalid_corrective_block,11,"can_of_beans is in inside_box, expected cupboard_shelf | mug1 is in cupboard_shelf, expected inside_box | mug2 is in box_lid_top, expected inside_box | mug3 is in cupboard_shelf, expected inside_box | spam is in pantry_area, expected cupboard_shelf | sugar is in pantry_area, expected cupboard_shelf | HC-box violated: can_of_beans never cleared from the box placement area",invalid_corrective_block:4 box_lid_closed:2 missing_post_pick_place:2 repeated_planner_output:2 hc_violation:1
qwen2.5-7b-instruct,FINAL.K3,6,replan_loop,loop <- Corrective block: invalid_corrective_block,8,"can_of_beans is in inside_box, expected cupboard_shelf | mug1 is in cupboard_shelf, expected inside_box | mug2 is in box_lid_top, expected inside_box | mug3 is in cupboard_shelf, expected inside_box | spam is in pantry_area, expected cupboard_shelf | sugar is in pantry_area, expected cupboard_shelf | HC-box violated: can_of_beans never cleared from the box placement area",invalid_corrective_block:3 repeated_planner_output:2 hc_violation:1 box_lid_closed:1 missing_post_pick_place:1
qwen2.5-7b-instruct,FINAL.K3,7,replan_budget_exhausted,budget <- Scene precondition: box_lid_closed,11,"can_of_beans is in inside_box, expected cupboard_shelf | mug1 is in pantry_area, expected inside_box | mug2 is in box_lid_top, expected inside_box | mug3 is in cupboard_shelf, expected inside_box | spam is in table, expected cupboard_shelf | sugar is in pantry_area, expected cupboard_shelf | HC-box violated: can_of_beans never cleared from the box placement area",box_lid_closed:3 missing_post_pick_place:3 repeated_planner_output:2 hc_violation:1 invalid_corrective_block:1 pick_place_mismatch:1
qwen2.5-7b-instruct,FINAL.K3,8,replan_budget_exhausted,budget <- Plan rules: missing_post_pick_place,11,"can_of_beans is in inside_box, expected cupboard_shelf | mug1 is in cupboard_shelf, expected inside_box | mug2 is in box_lid_top, expected inside_box | mug3 is in cupboard_shelf, expected inside_box | spam is in pantry_area, expected cupboard_shelf | sugar is in pantry_area, expected cupboard_shelf | HC-box violated: can_of_beans never cleared from the box placement area",missing_post_pick_place:4 box_lid_closed:2 repeated_planner_output:2 invalid_corrective_block:2 hc_violation:1
qwen2.5-7b-instruct,FINAL.K3,9,replan_loop,loop <- Corrective block: invalid_corrective_block,10,"can_of_beans is in inside_box, expected cupboard_shelf | mug1 is in cupboard_shelf, expected inside_box | mug2 is in box_lid_top, expected inside_box | mug3 is in cupboard_shelf, expected inside_box | spam is in pantry_area, expected cupboard_shelf | sugar is in pantry_area, expected cupboard_shelf | HC-box violated: can_of_beans never cleared from the box placement area",invalid_corrective_block:4 missing_post_pick_place:2 repeated_planner_output:2 hc_violation:1 box_lid_closed:1
qwen2.5-7b-instruct,FINAL.K4,0,replan_loop,loop <- Corrective block: invalid_corrective_block,7,"can_of_beans is in inside_box, expected cupboard_shelf | mug1 is in pantry_area, expected inside_box | mug2 is in box_lid_top, expected inside_box | mug3 is in cupboard_shelf, expected inside_box | spam is in pantry_area, expected cupboard_shelf | sugar is in pantry_area, expected cupboard_shelf",invalid_corrective_block:2 repeated_planner_output:2 box_lid_closed:1 missing_post_pick_place:1
qwen2.5-7b-instruct,FINAL.K4,1,replan_budget_exhausted,budget <- Scene precondition: box_lid_closed,11,"can_of_beans is in inside_box, expected cupboard_shelf | mug1 is in cupboard_shelf, expected inside_box | mug2 is in table, expected inside_box | mug3 is in cupboard_shelf, expected inside_box | spam is in pantry_area, expected cupboard_shelf | sugar is in pantry_area, expected cupboard_shelf",box_lid_closed:4 missing_post_pick_place:3 invalid_corrective_block:1 repeated_planner_output:1 pick_place_mismatch:1
qwen2.5-7b-instruct,FINAL.K4,2,replan_loop,loop <- Plan rules: missing_post_pick_place,8,"can_of_beans is in inside_box, expected cupboard_shelf | mug1 is in table, expected inside_box | mug2 is in box_lid_top, expected inside_box | mug3 is in cupboard_shelf, expected inside_box | spam is in pantry_area, expected cupboard_shelf | sugar is in pantry_area, expected cupboard_shelf",missing_post_pick_place:3 repeated_planner_output:3 box_lid_closed:2
qwen2.5-7b-instruct,FINAL.K4,3,replan_loop,loop <- Scene precondition: box_lid_closed,5,"can_of_beans is in inside_box, expected cupboard_shelf | mug1 is in table, expected inside_box | mug2 is in box_lid_top, expected inside_box | mug3 is in cupboard_shelf, expected inside_box | spam is in pantry_area, expected cupboard_shelf | sugar is in pantry_area, expected cupboard_shelf",box_lid_closed:2 repeated_planner_output:2 missing_post_pick_place:1
qwen2.5-7b-instruct,FINAL.K4,4,replan_loop,loop <- Corrective block: invalid_corrective_block,10,"can_of_beans is in inside_box, expected cupboard_shelf | mug1 is in pantry_area, expected inside_box | mug2 is in box_lid_top, expected inside_box | mug3 is in cupboard_shelf, expected inside_box | spam is in pantry_area, expected cupboard_shelf | sugar is in pantry_area, expected cupboard_shelf",invalid_corrective_block:3 box_lid_closed:2 missing_post_pick_place:2 repeated_planner_output:2
qwen2.5-7b-instruct,FINAL.K4,5,replan_budget_exhausted,budget <- Plan rules: missing_post_pick_place,11,"can_of_beans is in inside_box, expected cupboard_shelf | mug1 is in cupboard_shelf, expected inside_box | mug2 is in box_lid_top, expected inside_box | mug3 is in cupboard_shelf, expected inside_box | spam is in table, expected cupboard_shelf | sugar is in pantry_area, expected cupboard_shelf",missing_post_pick_place:3 box_lid_closed:2 invalid_corrective_block:2 box_lid_obstructed:2 repeated_planner_output:1
qwen2.5-7b-instruct,FINAL.K4,6,replan_loop,loop <- Corrective block: invalid_corrective_block,7,"can_of_beans is in inside_box, expected cupboard_shelf | mug1 is in cupboard_shelf, expected inside_box | mug2 is in box_lid_top, expected inside_box | mug3 is in cupboard_shelf, expected inside_box | spam is in pantry_area, expected cupboard_shelf | sugar is in pantry_area, expected cupboard_shelf",invalid_corrective_block:2 repeated_planner_output:2 box_lid_closed:1 missing_post_pick_place:1
qwen2.5-7b-instruct,FINAL.K4,7,replan_budget_exhausted,budget <- Plan format: unknown_action_token,11,"can_of_beans is in inside_box, expected cupboard_shelf | mug1 is in cupboard_shelf, expected inside_box | mug2 is in box_lid_top, expected inside_box | mug3 is in cupboard_shelf, expected inside_box | spam is in pantry_area, expected cupboard_shelf | sugar is in pantry_area, expected cupboard_shelf",unknown_action_token:3 box_lid_closed:2 missing_post_pick_place:2 invalid_corrective_block:2 repeated_planner_output:1
qwen2.5-7b-instruct,FINAL.K4,8,replan_loop,loop <- Scene precondition: box_lid_closed,9,"can_of_beans is in inside_box, expected cupboard_shelf | mug1 is in pantry_area, expected inside_box | mug2 is in box_lid_top, expected inside_box | mug3 is in cupboard_shelf, expected inside_box | spam is in pantry_area, expected cupboard_shelf | sugar is in pantry_area, expected cupboard_shelf",box_lid_closed:2 missing_post_pick_place:2 invalid_corrective_block:2 repeated_planner_output:2
qwen2.5-7b-instruct,FINAL.K4,9,replan_budget_exhausted,budget <- Plan rules: missing_post_pick_place,11,"can_of_beans is in inside_box, expected cupboard_shelf | mug1 is in cupboard_shelf, expected inside_box | mug2 is in box_lid_top, expected inside_box | mug3 is in cupboard_shelf, expected inside_box | spam is in pantry_area, expected cupboard_shelf | sugar is in pantry_area, expected cupboard_shelf",missing_post_pick_place:3 invalid_corrective_block:3 box_lid_closed:2 pick_place_mismatch:1 repeated_planner_output:1
qwen2.5-7b-instruct,FINAL.K3-n2,0,replan_budget_exhausted,budget <- Plan rules: missing_post_pick_place,11,"can_of_beans is in inside_box, expected cupboard_shelf | can_of_beans_2 is in inside_box, expected cupboard_shelf | mug1 is in pantry_area, expected inside_box | mug2 is in box_lid_top, expected inside_box | mug3 is in cupboard_shelf, expected inside_box | spam is in pantry_area, expected cupboard_shelf | sugar is in pantry_area, expected cupboard_shelf | HC-box violated: can_of_beans never cleared from the box placement area | HC-box violated: can_of_beans_2 never cleared from the box placement area",missing_post_pick_place:5 box_lid_closed:3 hc_violation:2 repeated_planner_output:2
qwen2.5-7b-instruct,FINAL.K3-n2,1,replan_loop,loop <- Corrective block: invalid_corrective_block,11,"can_of_beans is in inside_box, expected cupboard_shelf | can_of_beans_2 is in inside_box, expected cupboard_shelf | mug1 is in cupboard_shelf, expected inside_box | mug2 is in box_lid_top, expected inside_box | mug3 is in cupboard_shelf, expected inside_box | spam is in pantry_area, expected cupboard_shelf | sugar is in pantry_area, expected cupboard_shelf | HC-box violated: can_of_beans never cleared from the box placement area | HC-box violated: can_of_beans_2 never cleared from the box placement area",invalid_corrective_block:4 hc_violation:2 box_lid_closed:2 missing_post_pick_place:2 repeated_planner_output:2
qwen2.5-7b-instruct,FINAL.K3-n2,2,replan_loop,loop <- Plan rules: missing_post_pick_place,10,"can_of_beans is in inside_box, expected cupboard_shelf | can_of_beans_2 is in inside_box, expected cupboard_shelf | mug1 is in table, expected inside_box | mug2 is in box_lid_top, expected inside_box | mug3 is in cupboard_shelf, expected inside_box | spam is in pantry_area, expected cupboard_shelf | sugar is in pantry_area, expected cupboard_shelf | HC-box violated: can_of_beans never cleared from the box placement area | HC-box violated: can_of_beans_2 never cleared from the box placement area",missing_post_pick_place:5 repeated_planner_output:3 hc_violation:2 box_lid_closed:2
qwen2.5-7b-instruct,FINAL.K3-n2,3,replan_loop,loop <- Corrective block: invalid_corrective_block,9,"can_of_beans is in inside_box, expected cupboard_shelf | can_of_beans_2 is in inside_box, expected cupboard_shelf | mug1 is in cupboard_shelf, expected inside_box | mug2 is in box_lid_top, expected inside_box | mug3 is in cupboard_shelf, expected inside_box | spam is in pantry_area, expected cupboard_shelf | sugar is in pantry_area, expected cupboard_shelf | HC-box violated: can_of_beans never cleared from the box placement area | HC-box violated: can_of_beans_2 never cleared from the box placement area",invalid_corrective_block:3 repeated_planner_output:3 hc_violation:2 box_lid_closed:1 missing_post_pick_place:1
qwen2.5-7b-instruct,FINAL.K3-n2,4,replan_loop,loop <- Plan rules: missing_post_pick_place,9,"can_of_beans is in inside_box, expected cupboard_shelf | can_of_beans_2 is in inside_box, expected cupboard_shelf | mug1 is in table, expected inside_box | mug2 is in box_lid_top, expected inside_box | mug3 is in cupboard_shelf, expected inside_box | spam is in pantry_area, expected cupboard_shelf | sugar is in pantry_area, expected cupboard_shelf | HC-box violated: can_of_beans never cleared from the box placement area | HC-box violated: can_of_beans_2 never cleared from the box placement area",missing_post_pick_place:4 repeated_planner_output:3 hc_violation:2 box_lid_closed:2
qwen2.5-7b-instruct,FINAL.K3-n2,5,replan_budget_exhausted,budget <- Plan rules: missing_post_pick_place,11,"can_of_beans is in inside_box, expected cupboard_shelf | can_of_beans_2 is in inside_box, expected cupboard_shelf | mug1 is in cupboard_shelf, expected inside_box | mug2 is in table, expected inside_box | mug3 is in cupboard_shelf, expected inside_box | spam is in pantry_area, expected cupboard_shelf | sugar is in pantry_area, expected cupboard_shelf | HC-box violated: can_of_beans never cleared from the box placement area | HC-box violated: can_of_beans_2 never cleared from the box placement area",missing_post_pick_place:6 box_lid_closed:4 hc_violation:2
qwen2.5-7b-instruct,FINAL.K3-n2,6,replan_loop,loop <- Other: hc_violation,9,"can_of_beans is in inside_box, expected cupboard_shelf | can_of_beans_2 is in inside_box, expected cupboard_shelf | mug1 is in cupboard_shelf, expected inside_box | mug2 is in box_lid_top, expected inside_box | mug3 is in cupboard_shelf, expected inside_box | spam is in pantry_area, expected cupboard_shelf | sugar is in pantry_area, expected cupboard_shelf | HC-box violated: can_of_beans never cleared from the box placement area | HC-box violated: can_of_beans_2 never cleared from the box placement area",hc_violation:2 box_lid_closed:2 missing_post_pick_place:2 invalid_corrective_block:2 repeated_planner_output:2
qwen2.5-7b-instruct,FINAL.K3-n2,7,replan_budget_exhausted,budget <- Scene precondition: box_lid_closed,11,"can_of_beans is in inside_box, expected cupboard_shelf | can_of_beans_2 is in inside_box, expected cupboard_shelf | mug1 is in cupboard_shelf, expected inside_box | mug2 is in box_lid_top, expected inside_box | mug3 is in cupboard_shelf, expected inside_box | spam is in table, expected cupboard_shelf | sugar is in pantry_area, expected cupboard_shelf | HC-box violated: can_of_beans never cleared from the box placement area | HC-box violated: can_of_beans_2 never cleared from the box placement area",box_lid_closed:3 invalid_corrective_block:3 hc_violation:2 missing_post_pick_place:2 repeated_planner_output:1 box_lid_obstructed:1
qwen2.5-7b-instruct,FINAL.K3-n2,8,replan_budget_exhausted,budget <- Plan rules: missing_post_pick_place,11,"can_of_beans is in inside_box, expected cupboard_shelf | can_of_beans_2 is in inside_box, expected cupboard_shelf | mug1 is in cupboard_shelf, expected inside_box | mug2 is in box_lid_top, expected inside_box | mug3 is in cupboard_shelf, expected inside_box | spam is in pantry_area, expected cupboard_shelf | sugar is in pantry_area, expected cupboard_shelf | HC-box violated: can_of_beans never cleared from the box placement area | HC-box violated: can_of_beans_2 never cleared from the box placement area",missing_post_pick_place:3 invalid_corrective_block:3 hc_violation:2 box_lid_closed:2 repeated_planner_output:1 box_lid_obstructed:1
qwen2.5-7b-instruct,FINAL.K3-n2,9,replan_loop,loop <- Plan rules: missing_post_pick_place,8,"can_of_beans is in inside_box, expected cupboard_shelf | can_of_beans_2 is in inside_box, expected cupboard_shelf | mug1 is in table, expected inside_box | mug2 is in box_lid_top, expected inside_box | mug3 is in cupboard_shelf, expected inside_box | spam is in pantry_area, expected cupboard_shelf | sugar is in pantry_area, expected cupboard_shelf | HC-box violated: can_of_beans never cleared from the box placement area | HC-box violated: can_of_beans_2 never cleared from the box placement area",missing_post_pick_place:3 repeated_planner_output:3 hc_violation:2 box_lid_closed:2
qwen2.5-7b-instruct,FINAL.K3-n3,0,replan_budget_exhausted,budget <- Scene precondition: box_lid_closed,11,"can_of_beans is in inside_box, expected cupboard_shelf | can_of_beans_2 is in inside_box, expected cupboard_shelf | can_of_beans_3 is in inside_box, expected cupboard_shelf | mug1 is in pantry_area, expected inside_box | mug2 is in box_lid_top, expected inside_box | mug3 is in cupboard_shelf, expected inside_box | spam is in table, expected cupboard_shelf | sugar is in pantry_area, expected cupboard_shelf | HC-box violated: can_of_beans never cleared from the box placement area | HC-box violated: can_of_beans_2 never cleared from the box placement area | HC-box violated: can_of_beans_3 never cleared from the box placement area",box_lid_closed:4 missing_post_pick_place:4 hc_violation:3 invalid_corrective_block:1 box_lid_obstructed:1
qwen2.5-7b-instruct,FINAL.K3-n3,1,replan_loop,loop <- Other: hc_violation,7,"can_of_beans is in inside_box, expected cupboard_shelf | can_of_beans_2 is in inside_box, expected cupboard_shelf | can_of_beans_3 is in inside_box, expected cupboard_shelf | mug1 is in cupboard_shelf, expected inside_box | mug2 is in box_lid_top, expected inside_box | mug3 is in cupboard_shelf, expected inside_box | spam is in pantry_area, expected cupboard_shelf | sugar is in pantry_area, expected cupboard_shelf | HC-box violated: can_of_beans never cleared from the box placement area | HC-box violated: can_of_beans_2 never cleared from the box placement area | HC-box violated: can_of_beans_3 never cleared from the box placement area",hc_violation:3 invalid_corrective_block:2 repeated_planner_output:2 box_lid_closed:1 missing_post_pick_place:1
qwen2.5-7b-instruct,FINAL.K3-n3,2,replan_budget_exhausted,budget <- Plan rules: missing_post_pick_place,11,"can_of_beans is in inside_box, expected cupboard_shelf | can_of_beans_2 is in inside_box, expected cupboard_shelf | can_of_beans_3 is in inside_box, expected cupboard_shelf | mug1 is in pantry_area, expected inside_box | mug2 is in box_lid_top, expected inside_box | mug3 is in cupboard_shelf, expected inside_box | spam is in pantry_area, expected cupboard_shelf | sugar is in pantry_area, expected cupboard_shelf | HC-box violated: can_of_beans never cleared from the box placement area | HC-box violated: can_of_beans_2 never cleared from the box placement area | HC-box violated: can_of_beans_3 never cleared from the box placement area",missing_post_pick_place:5 hc_violation:3 box_lid_closed:3 repeated_planner_output:2
qwen2.5-7b-instruct,FINAL.K3-n3,3,replan_budget_exhausted,budget <- Other: hc_violation,11,"can_of_beans is in inside_box, expected cupboard_shelf | can_of_beans_2 is in inside_box, expected cupboard_shelf | can_of_beans_3 is in inside_box, expected cupboard_shelf | mug1 is in cupboard_shelf, expected inside_box | mug2 is in table, expected inside_box | mug3 is in cupboard_shelf, expected inside_box | spam is in pantry_area, expected cupboard_shelf | sugar is in pantry_area, expected cupboard_shelf | HC-box violated: can_of_beans never cleared from the box placement area | HC-box violated: can_of_beans_2 never cleared from the box placement area | HC-box violated: can_of_beans_3 never cleared from the box placement area",hc_violation:3 box_lid_closed:3 missing_post_pick_place:3 invalid_corrective_block:2 repeated_planner_output:2
qwen2.5-7b-instruct,FINAL.K3-n3,4,replan_loop,loop <- Other: hc_violation,7,"can_of_beans is in inside_box, expected cupboard_shelf | can_of_beans_2 is in inside_box, expected cupboard_shelf | can_of_beans_3 is in inside_box, expected cupboard_shelf | mug1 is in cupboard_shelf, expected inside_box | mug2 is in box_lid_top, expected inside_box | mug3 is in cupboard_shelf, expected inside_box | spam is in pantry_area, expected cupboard_shelf | sugar is in pantry_area, expected cupboard_shelf | HC-box violated: can_of_beans never cleared from the box placement area | HC-box violated: can_of_beans_2 never cleared from the box placement area | HC-box violated: can_of_beans_3 never cleared from the box placement area",hc_violation:3 invalid_corrective_block:2 repeated_planner_output:2 box_lid_closed:1 missing_post_pick_place:1
qwen2.5-7b-instruct,FINAL.K3-n3,5,replan_loop,loop <- Other: hc_violation,7,"can_of_beans is in inside_box, expected cupboard_shelf | can_of_beans_2 is in inside_box, expected cupboard_shelf | can_of_beans_3 is in inside_box, expected cupboard_shelf | mug1 is in pantry_area, expected inside_box | mug2 is in box_lid_top, expected inside_box | mug3 is in cupboard_shelf, expected inside_box | spam is in pantry_area, expected cupboard_shelf | sugar is in pantry_area, expected cupboard_shelf | HC-box violated: can_of_beans never cleared from the box placement area | HC-box violated: can_of_beans_2 never cleared from the box placement area | HC-box violated: can_of_beans_3 never cleared from the box placement area",hc_violation:3 invalid_corrective_block:2 repeated_planner_output:2 box_lid_closed:1 missing_post_pick_place:1
qwen2.5-7b-instruct,FINAL.K3-n3,6,replan_budget_exhausted,budget <- Other: hc_violation,11,"can_of_beans is in inside_box, expected cupboard_shelf | can_of_beans_2 is in inside_box, expected cupboard_shelf | can_of_beans_3 is in inside_box, expected cupboard_shelf | mug1 is in cupboard_shelf, expected inside_box | mug2 is in box_lid_top, expected inside_box | mug3 is in cupboard_shelf, expected inside_box | spam is in table, expected cupboard_shelf | sugar is in pantry_area, expected cupboard_shelf | HC-box violated: can_of_beans never cleared from the box placement area | HC-box violated: can_of_beans_2 never cleared from the box placement area | HC-box violated: can_of_beans_3 never cleared from the box placement area",hc_violation:3 box_lid_closed:3 missing_post_pick_place:3 pick_place_mismatch:1 repeated_planner_output:1 invalid_corrective_block:1 box_lid_obstructed:1
qwen2.5-7b-instruct,FINAL.K3-n3,7,replan_loop,loop <- Plan rules: missing_post_pick_place,10,"can_of_beans is in inside_box, expected cupboard_shelf | can_of_beans_2 is in inside_box, expected cupboard_shelf | can_of_beans_3 is in inside_box, expected cupboard_shelf | mug1 is in table, expected inside_box | mug2 is in box_lid_top, expected inside_box | mug3 is in cupboard_shelf, expected inside_box | spam is in pantry_area, expected cupboard_shelf | sugar is in pantry_area, expected cupboard_shelf | HC-box violated: can_of_beans never cleared from the box placement area | HC-box violated: can_of_beans_2 never cleared from the box placement area | HC-box violated: can_of_beans_3 never cleared from the box placement area",missing_post_pick_place:5 hc_violation:3 repeated_planner_output:3 box_lid_closed:2
qwen2.5-7b-instruct,FINAL.K3-n3,8,replan_loop,loop <- Other: hc_violation,10,"can_of_beans is in inside_box, expected cupboard_shelf | can_of_beans_2 is in inside_box, expected cupboard_shelf | can_of_beans_3 is in inside_box, expected cupboard_shelf | mug1 is in cupboard_shelf, expected inside_box | mug2 is in box_lid_top, expected inside_box | mug3 is in cupboard_shelf, expected inside_box | spam is in pantry_area, expected cupboard_shelf | sugar is in pantry_area, expected cupboard_shelf | HC-box violated: can_of_beans never cleared from the box placement area | HC-box violated: can_of_beans_2 never cleared from the box placement area | HC-box violated: can_of_beans_3 never cleared from the box placement area",hc_violation:3 repeated_planner_output:3 box_lid_closed:2 missing_post_pick_place:2 invalid_corrective_block:2
qwen2.5-7b-instruct,FINAL.K3-n3,9,replan_loop,loop <- Other: hc_violation,6,"can_of_beans is in inside_box, expected cupboard_shelf | can_of_beans_2 is in inside_box, expected cupboard_shelf | can_of_beans_3 is in inside_box, expected cupboard_shelf | mug1 is in pantry_area, expected inside_box | mug2 is in box_lid_top, expected inside_box | mug3 is in cupboard_shelf, expected inside_box | spam is in table, expected cupboard_shelf | sugar is in pantry_area, expected cupboard_shelf | HC-box violated: can_of_beans never cleared from the box placement area | HC-box violated: can_of_beans_2 never cleared from the box placement area | HC-box violated: can_of_beans_3 never cleared from the box placement area",hc_violation:3 missing_post_pick_place:2 repeated_planner_output:2 unknown_action_token:1 box_lid_closed:1
qwen2.5-7b-instruct,FINAL.K1-w1,0,replan_loop,loop <- Corrective block: invalid_corrective_block,7,"can_of_beans is in pantry_area, expected cupboard_shelf | mug1 is in cupboard_shelf, expected inside_box | mug2 is in box_lid_top, expected inside_box | mug3 is in cupboard_shelf, expected inside_box | spam is in pantry_area, expected cupboard_shelf | sugar is in pantry_area, expected cupboard_shelf | phone is in the inside_box placement area | HC-box violated: phone never cleared from the box placement area",invalid_corrective_block:2 repeated_planner_output:2 hc_violation:1 box_lid_closed:1 missing_post_pick_place:1
qwen2.5-7b-instruct,FINAL.K1-w1,1,replan_loop,loop <- Corrective block: invalid_corrective_block,7,"can_of_beans is in pantry_area, expected cupboard_shelf | mug1 is in cupboard_shelf, expected inside_box | mug2 is in box_lid_top, expected inside_box | mug3 is in cupboard_shelf, expected inside_box | spam is in pantry_area, expected cupboard_shelf | sugar is in pantry_area, expected cupboard_shelf | phone is in the inside_box placement area | HC-box violated: phone never cleared from the box placement area",invalid_corrective_block:2 repeated_planner_output:2 hc_violation:1 box_lid_closed:1 missing_post_pick_place:1
qwen2.5-7b-instruct,FINAL.K1-w1,2,replan_budget_exhausted,budget <- Plan rules: missing_post_pick_place,11,"can_of_beans is in pantry_area, expected cupboard_shelf | mug1 is in table, expected inside_box | mug2 is in box_lid_top, expected inside_box | mug3 is in cupboard_shelf, expected inside_box | spam is in pantry_area, expected cupboard_shelf | sugar is in pantry_area, expected cupboard_shelf | phone is in the inside_box placement area | HC-box violated: phone never cleared from the box placement area",missing_post_pick_place:5 box_lid_closed:3 repeated_planner_output:2 hc_violation:1 unknown_action_token:1
qwen2.5-7b-instruct,FINAL.K1-w1,3,replan_loop,loop <- Corrective block: invalid_corrective_block,7,"can_of_beans is in pantry_area, expected cupboard_shelf | mug1 is in cupboard_shelf, expected inside_box | mug2 is in box_lid_top, expected inside_box | mug3 is in cupboard_shelf, expected inside_box | spam is in pantry_area, expected cupboard_shelf | sugar is in pantry_area, expected cupboard_shelf | phone is in the inside_box placement area | HC-box violated: phone never cleared from the box placement area",invalid_corrective_block:2 repeated_planner_output:2 hc_violation:1 box_lid_closed:1 missing_post_pick_place:1
qwen2.5-7b-instruct,FINAL.K1-w1,4,replan_loop,loop <- Scene precondition: box_lid_obstructed,8,"can_of_beans is in pantry_area, expected cupboard_shelf | mug1 is in pantry_area, expected inside_box | mug2 is in box_lid_top, expected inside_box | mug3 is in cupboard_shelf, expected inside_box | spam is in pantry_area, expected cupboard_shelf | sugar is in pantry_area, expected cupboard_shelf | phone is in the inside_box placement area | HC-box violated: phone never cleared from the box placement area",box_lid_obstructed:4 unknown_action_token:2 repeated_planner_output:2 hc_violation:1
qwen2.5-7b-instruct,FINAL.K1-w1,5,replan_loop,loop <- Corrective block: invalid_corrective_block,7,"can_of_beans is in pantry_area, expected cupboard_shelf | mug1 is in cupboard_shelf, expected inside_box | mug2 is in box_lid_top, expected inside_box | mug3 is in cupboard_shelf, expected inside_box | spam is in pantry_area, expected cupboard_shelf | sugar is in pantry_area, expected cupboard_shelf | phone is in the inside_box placement area | HC-box violated: phone never cleared from the box placement area",invalid_corrective_block:2 repeated_planner_output:2 hc_violation:1 box_lid_closed:1 missing_post_pick_place:1
qwen2.5-7b-instruct,FINAL.K1-w1,6,replan_budget_exhausted,budget <- Plan rules: missing_post_pick_place,11,"can_of_beans is in pantry_area, expected cupboard_shelf | mug1 is in table, expected inside_box | mug2 is in box_lid_top, expected inside_box | mug3 is in cupboard_shelf, expected inside_box | spam is in pantry_area, expected cupboard_shelf | sugar is in pantry_area, expected cupboard_shelf | phone is in the inside_box placement area | HC-box violated: phone never cleared from the box placement area",missing_post_pick_place:7 box_lid_closed:2 repeated_planner_output:2 hc_violation:1
qwen2.5-7b-instruct,FINAL.K1-w1,7,replan_loop,loop <- Plan rules: missing_post_pick_place,10,"can_of_beans is in pantry_area, expected cupboard_shelf | mug1 is in table, expected inside_box | mug2 is in box_lid_top, expected inside_box | mug3 is in cupboard_shelf, expected inside_box | spam is in pantry_area, expected cupboard_shelf | sugar is in pantry_area, expected cupboard_shelf | phone is in the inside_box placement area | HC-box violated: phone never cleared from the box placement area",missing_post_pick_place:4 repeated_planner_output:4 box_lid_closed:2 hc_violation:1
qwen2.5-7b-instruct,FINAL.K1-w1,8,replan_loop,loop <- Scene precondition: box_lid_closed,11,"can_of_beans is in pantry_area, expected cupboard_shelf | mug1 is in cupboard_shelf, expected inside_box | mug2 is in table, expected inside_box | mug3 is in cupboard_shelf, expected inside_box | spam is in pantry_area, expected cupboard_shelf | sugar is in pantry_area, expected cupboard_shelf | phone is in the inside_box placement area | HC-box violated: phone never cleared from the box placement area",box_lid_closed:3 missing_post_pick_place:3 invalid_corrective_block:2 repeated_planner_output:2 hc_violation:1
qwen2.5-7b-instruct,FINAL.K1-w1,9,replan_loop,loop <- Corrective block: invalid_corrective_block,8,"can_of_beans is in pantry_area, expected cupboard_shelf | mug1 is in cupboard_shelf, expected inside_box | mug2 is in box_lid_top, expected inside_box | mug3 is in cupboard_shelf, expected inside_box | spam is in pantry_area, expected cupboard_shelf | sugar is in pantry_area, expected cupboard_shelf | phone is in the inside_box placement area | HC-box violated: phone never cleared from the box placement area",invalid_corrective_block:3 repeated_planner_output:2 hc_violation:1 box_lid_closed:1 missing_post_pick_place:1
qwen2.5-7b-instruct,FINAL.K1-w2,0,replan_loop,loop <- Corrective block: invalid_corrective_block,8,"can_of_beans is in pantry_area, expected cupboard_shelf | can_of_beans_2 is in pantry_area, expected cupboard_shelf | mug1 is in cupboard_shelf, expected inside_box | mug2 is in box_lid_top, expected inside_box | mug3 is in cupboard_shelf, expected inside_box | spam is in pantry_area, expected cupboard_shelf | sugar is in pantry_area, expected cupboard_shelf | phone is in the inside_box placement area | HC-box violated: phone never cleared from the box placement area",invalid_corrective_block:3 repeated_planner_output:2 hc_violation:1 box_lid_closed:1 missing_post_pick_place:1
qwen2.5-7b-instruct,FINAL.K1-w2,1,replan_loop,loop <- Plan rules: missing_post_pick_place,9,"can_of_beans is in pantry_area, expected cupboard_shelf | can_of_beans_2 is in pantry_area, expected cupboard_shelf | mug1 is in pantry_area, expected inside_box | mug2 is in cupboard_shelf, expected inside_box | mug3 is in cupboard_shelf, expected inside_box | spam is in pantry_area, expected cupboard_shelf | sugar is in pantry_area, expected cupboard_shelf | phone is in the inside_box placement area | HC-box violated: phone never cleared from the box placement area",repeated_planner_output:3 missing_post_pick_place:2 invalid_corrective_block:2 hc_violation:1 box_lid_closed:1
qwen2.5-7b-instruct,FINAL.K1-w2,2,replan_loop,loop <- Plan rules: missing_post_pick_place,9,"can_of_beans is in pantry_area, expected cupboard_shelf | can_of_beans_2 is in pantry_area, expected cupboard_shelf | mug1 is in pantry_area, expected inside_box | mug2 is in cupboard_shelf, expected inside_box | mug3 is in cupboard_shelf, expected inside_box | spam is in pantry_area, expected cupboard_shelf | sugar is in pantry_area, expected cupboard_shelf | phone is in the inside_box placement area | HC-box violated: phone never cleared from the box placement area",repeated_planner_output:3 missing_post_pick_place:2 invalid_corrective_block:2 hc_violation:1 box_lid_closed:1
qwen2.5-7b-instruct,FINAL.K1-w2,3,replan_loop,loop <- Corrective block: invalid_corrective_block,10,"can_of_beans is in pantry_area, expected cupboard_shelf | can_of_beans_2 is in pantry_area, expected cupboard_shelf | mug1 is in pantry_area, expected inside_box | mug2 is in cupboard_shelf, expected inside_box | mug3 is in cupboard_shelf, expected inside_box | spam is in pantry_area, expected cupboard_shelf | sugar is in pantry_area, expected cupboard_shelf | phone is in the inside_box placement area | HC-box violated: phone never cleared from the box placement area",repeated_planner_output:3 invalid_corrective_block:3 missing_post_pick_place:2 hc_violation:1 box_lid_closed:1
qwen2.5-7b-instruct,FINAL.K1-w2,4,replan_loop,loop <- Plan rules: missing_post_pick_place,11,"can_of_beans is in pantry_area, expected cupboard_shelf | can_of_beans_2 is in pantry_area, expected cupboard_shelf | mug1 is in cupboard_shelf, expected inside_box | mug2 is in box_lid_top, expected inside_box | mug3 is in cupboard_shelf, expected inside_box | spam is in pantry_area, expected cupboard_shelf | sugar is in pantry_area, expected cupboard_shelf | phone is in the inside_box placement area | HC-box violated: phone never cleared from the box placement area",missing_post_pick_place:3 invalid_corrective_block:3 box_lid_closed:2 repeated_planner_output:2 hc_violation:1
qwen2.5-7b-instruct,FINAL.K1-w2,5,replan_loop,loop <- Plan rules: missing_post_pick_place,9,"can_of_beans is in pantry_area, expected cupboard_shelf | can_of_beans_2 is in pantry_area, expected cupboard_shelf | mug1 is in pantry_area, expected inside_box | mug2 is in cupboard_shelf, expected inside_box | mug3 is in cupboard_shelf, expected inside_box | spam is in pantry_area, expected cupboard_shelf | sugar is in pantry_area, expected cupboard_shelf | phone is in the inside_box placement area | HC-box violated: phone never cleared from the box placement area",repeated_planner_output:3 missing_post_pick_place:2 invalid_corrective_block:2 hc_violation:1 box_lid_closed:1
qwen2.5-7b-instruct,FINAL.K1-w2,6,replan_loop,loop <- Corrective block: invalid_corrective_block,10,"can_of_beans is in pantry_area, expected cupboard_shelf | can_of_beans_2 is in pantry_area, expected cupboard_shelf | mug1 is in cupboard_shelf, expected inside_box | mug2 is in box_lid_top, expected inside_box | mug3 is in cupboard_shelf, expected inside_box | spam is in pantry_area, expected cupboard_shelf | sugar is in pantry_area, expected cupboard_shelf | phone is in the inside_box placement area | HC-box violated: phone never cleared from the box placement area",invalid_corrective_block:4 repeated_planner_output:3 hc_violation:1 box_lid_closed:1 missing_post_pick_place:1
qwen2.5-7b-instruct,FINAL.K1-w2,7,replan_loop,loop <- Corrective block: invalid_corrective_block,7,"can_of_beans is in pantry_area, expected cupboard_shelf | can_of_beans_2 is in pantry_area, expected cupboard_shelf | mug1 is in cupboard_shelf, expected inside_box | mug2 is in box_lid_top, expected inside_box | mug3 is in cupboard_shelf, expected inside_box | spam is in pantry_area, expected cupboard_shelf | sugar is in pantry_area, expected cupboard_shelf | phone is in the inside_box placement area | HC-box violated: phone never cleared from the box placement area",invalid_corrective_block:2 repeated_planner_output:2 hc_violation:1 box_lid_closed:1 missing_post_pick_place:1
qwen2.5-7b-instruct,FINAL.K1-w2,8,replan_loop,loop <- Corrective block: invalid_corrective_block,7,"can_of_beans is in pantry_area, expected cupboard_shelf | can_of_beans_2 is in pantry_area, expected cupboard_shelf | mug1 is in pantry_area, expected inside_box | mug2 is in cupboard_shelf, expected inside_box | mug3 is in cupboard_shelf, expected inside_box | spam is in pantry_area, expected cupboard_shelf | sugar is in pantry_area, expected cupboard_shelf | phone is in the inside_box placement area | HC-box violated: phone never cleared from the box placement area",invalid_corrective_block:2 repeated_planner_output:2 hc_violation:1 box_lid_closed:1 missing_post_pick_place:1
qwen2.5-7b-instruct,FINAL.K1-w2,9,replan_budget_exhausted,budget <- Plan rules: missing_post_pick_place,11,"can_of_beans is in pantry_area, expected cupboard_shelf | can_of_beans_2 is in pantry_area, expected cupboard_shelf | mug1 is in cupboard_shelf, expected inside_box | mug2 is in box_lid_top, expected inside_box | mug3 is in cupboard_shelf, expected inside_box | spam is in pantry_area, expected cupboard_shelf | sugar is in pantry_area, expected cupboard_shelf | phone is in the inside_box placement area | HC-box violated: phone never cleared from the box placement area",missing_post_pick_place:5 box_lid_closed:3 hc_violation:1 repeated_planner_output:1 invalid_corrective_block:1
qwen2.5-7b-instruct,FINAL.G0,0,replan_loop,loop <- Plan format: unknown_action_token,7,"raw_meat_1 is in table, expected plate_top | plate is in dish_rack, expected serving_area | raw_meat_1 never completed a cooking cycle",unknown_action_token:3 repeated_planner_output:2 orphan_place:1 missing_post_pick_place:1
qwen2.5-7b-instruct,FINAL.G0,1,replan_loop,loop <- Plan format: unknown_action_token,11,"raw_meat_1 is in table, expected plate_top | plate is in dish_rack, expected serving_area | raw_meat_1 never completed a cooking cycle",unknown_action_token:5 missing_post_pick_place:3 repeated_planner_output:2 orphan_place:1
qwen2.5-7b-instruct,FINAL.G0,2,replan_loop,loop <- Plan format: unknown_action_token,7,"raw_meat_1 is in table, expected plate_top | plate is in dish_rack, expected serving_area | raw_meat_1 never completed a cooking cycle",unknown_action_token:3 repeated_planner_output:2 orphan_place:1 missing_post_pick_place:1
qwen2.5-7b-instruct,FINAL.G0,3,replan_loop,loop <- Plan format: unknown_action_token,9,"raw_meat_1 is in table, expected plate_top | plate is in dish_rack, expected serving_area | raw_meat_1 never completed a cooking cycle",unknown_action_token:4 missing_post_pick_place:2 repeated_planner_output:2 orphan_place:1
qwen2.5-7b-instruct,FINAL.G0,4,replan_loop,loop <- Plan format: unknown_action_token,9,"raw_meat_1 is in table, expected plate_top | plate is in dish_rack, expected serving_area | raw_meat_1 never completed a cooking cycle",unknown_action_token:5 repeated_planner_output:2 orphan_place:1 missing_post_pick_place:1
qwen2.5-7b-instruct,FINAL.G0,5,replan_loop,loop <- Plan format: unknown_action_token,7,"raw_meat_1 is in table, expected plate_top | plate is in dish_rack, expected serving_area | raw_meat_1 never completed a cooking cycle",unknown_action_token:3 repeated_planner_output:2 orphan_place:1 planner_output_not_parseable:1
qwen2.5-7b-instruct,FINAL.G0,6,replan_loop,loop <- Plan format: unknown_action_token,10,"raw_meat_1 is in table, expected plate_top | plate is in dish_rack, expected serving_area | raw_meat_1 never completed a cooking cycle",unknown_action_token:3 missing_post_pick_place:3 repeated_planner_output:3 orphan_place:1
qwen2.5-7b-instruct,FINAL.G0,7,replan_budget_exhausted,budget <- Plan format: unknown_action_token,11,"raw_meat_1 is in table, expected plate_top | plate is in dish_rack, expected serving_area | raw_meat_1 never completed a cooking cycle",unknown_action_token:5 missing_post_pick_place:3 repeated_planner_output:2 orphan_place:1
qwen2.5-7b-instruct,FINAL.G0,8,replan_loop,loop <- Plan format: unknown_action_token,9,"raw_meat_1 is in table, expected plate_top | plate is in dish_rack, expected serving_area | raw_meat_1 never completed a cooking cycle",unknown_action_token:4 missing_post_pick_place:2 repeated_planner_output:2 orphan_place:1
qwen2.5-7b-instruct,FINAL.G0,9,replan_loop,loop <- Plan format: unknown_action_token,9,"raw_meat_1 is in table, expected plate_top | plate is in dish_rack, expected serving_area | raw_meat_1 never completed a cooking cycle",unknown_action_token:5 repeated_planner_output:2 orphan_place:1 missing_post_pick_place:1
qwen2.5-7b-instruct,FINAL.G1,0,replan_loop,loop <- Plan format: unknown_action_token,10,"cooked_meat_1 is in inside_grill, expected plate_top | cooked_meat_2 is in inside_grill, expected plate_top | raw_meat_1 is in table, expected plate_top | plate is in dish_rack, expected serving_area | raw_meat_1 never completed a cooking cycle",unknown_action_token:3 missing_post_pick_place:3 repeated_planner_output:3 orphan_place:1
qwen2.5-7b-instruct,FINAL.G1,1,replan_loop,loop <- Plan format: unknown_action_token,10,"cooked_meat_1 is in inside_grill, expected plate_top | cooked_meat_2 is in inside_grill, expected plate_top | raw_meat_1 is in table, expected plate_top | plate is in dish_rack, expected serving_area | raw_meat_1 never completed a cooking cycle",unknown_action_token:3 missing_post_pick_place:3 repeated_planner_output:3 orphan_place:1
qwen2.5-7b-instruct,FINAL.G1,2,replan_budget_exhausted,budget <- Plan format: unknown_action_token,11,"cooked_meat_1 is in inside_grill, expected plate_top | cooked_meat_2 is in inside_grill, expected plate_top | raw_meat_1 is in table, expected plate_top | plate is in dish_rack, expected serving_area | raw_meat_1 never completed a cooking cycle",unknown_action_token:4 missing_post_pick_place:3 repeated_planner_output:3 orphan_place:1
qwen2.5-7b-instruct,FINAL.G1,3,replan_budget_exhausted,budget <- Plan format: unknown_action_token,11,"cooked_meat_1 is in inside_grill, expected plate_top | cooked_meat_2 is in inside_grill, expected plate_top | raw_meat_1 is in table, expected plate_top | plate is in dish_rack, expected serving_area | raw_meat_1 never completed a cooking cycle",unknown_action_token:4 missing_post_pick_place:3 repeated_planner_output:2 planner_output_not_parseable:1 orphan_place:1
qwen2.5-7b-instruct,FINAL.G1,4,replan_budget_exhausted,budget <- Plan format: unknown_action_token,11,"cooked_meat_1 is in inside_grill, expected plate_top | cooked_meat_2 is in inside_grill, expected plate_top | raw_meat_1 is in table, expected plate_top | plate is in dish_rack, expected serving_area | raw_meat_1 never completed a cooking cycle",unknown_action_token:5 missing_post_pick_place:3 repeated_planner_output:2 orphan_place:1
qwen2.5-7b-instruct,FINAL.G1,5,replan_loop,loop <- Plan format: unknown_action_token,9,"cooked_meat_1 is in inside_grill, expected plate_top | cooked_meat_2 is in inside_grill, expected plate_top | raw_meat_1 is in table, expected plate_top | plate is in dish_rack, expected serving_area | raw_meat_1 never completed a cooking cycle",unknown_action_token:4 missing_post_pick_place:2 repeated_planner_output:2 orphan_place:1
qwen2.5-7b-instruct,FINAL.G1,6,replan_budget_exhausted,budget <- Plan format: unknown_action_token,11,"cooked_meat_1 is in inside_grill, expected plate_top | cooked_meat_2 is in inside_grill, expected plate_top | raw_meat_1 is in table, expected plate_top | plate is in dish_rack, expected serving_area | raw_meat_1 never completed a cooking cycle",unknown_action_token:4 missing_post_pick_place:4 repeated_planner_output:2 orphan_place:1
qwen2.5-7b-instruct,FINAL.G1,7,replan_loop,loop <- Plan format: unknown_action_token,7,"cooked_meat_1 is in inside_grill, expected plate_top | cooked_meat_2 is in inside_grill, expected plate_top | raw_meat_1 is in table, expected plate_top | plate is in dish_rack, expected serving_area | raw_meat_1 never completed a cooking cycle",unknown_action_token:3 repeated_planner_output:2 orphan_place:1 missing_post_pick_place:1
qwen2.5-7b-instruct,FINAL.G1,8,replan_loop,loop <- Plan format: unknown_action_token,9,"cooked_meat_1 is in inside_grill, expected plate_top | cooked_meat_2 is in inside_grill, expected plate_top | raw_meat_1 is in table, expected plate_top | plate is in dish_rack, expected serving_area | raw_meat_1 never completed a cooking cycle",unknown_action_token:4 missing_post_pick_place:2 repeated_planner_output:2 orphan_place:1
qwen2.5-7b-instruct,FINAL.G1,9,replan_budget_exhausted,budget <- Plan format: unknown_action_token,11,"cooked_meat_1 is in inside_grill, expected plate_top | cooked_meat_2 is in inside_grill, expected plate_top | raw_meat_1 is in table, expected plate_top | plate is in dish_rack, expected serving_area | raw_meat_1 never completed a cooking cycle",unknown_action_token:6 missing_post_pick_place:2 repeated_planner_output:2 orphan_place:1
qwen2.5-7b-instruct,FINAL.G2,0,replan_budget_exhausted,budget <- Plan format: unknown_action_token,11,"cooked_meat_1 is in inside_grill, expected plate_top | raw_meat_1 is in table, expected plate_top | raw_meat_2 is in inside_grill, expected plate_top | plate is in dish_rack, expected serving_area | raw_meat_1 never completed a cooking cycle | raw_meat_2 never completed a cooking cycle",unknown_action_token:4 missing_post_pick_place:4 repeated_planner_output:2 orphan_place:1
qwen2.5-7b-instruct,FINAL.G2,1,replan_loop,loop <- Plan format: unknown_action_token,7,"cooked_meat_1 is in inside_grill, expected plate_top | raw_meat_1 is in table, expected plate_top | raw_meat_2 is in inside_grill, expected plate_top | plate is in dish_rack, expected serving_area | raw_meat_1 never completed a cooking cycle | raw_meat_2 never completed a cooking cycle",unknown_action_token:3 repeated_planner_output:2 orphan_place:1 missing_post_pick_place:1
qwen2.5-7b-instruct,FINAL.G2,2,replan_budget_exhausted,budget <- Plan format: unknown_action_token,11,"cooked_meat_1 is in inside_grill, expected plate_top | raw_meat_1 is in table, expected plate_top | raw_meat_2 is in inside_grill, expected plate_top | plate is in dish_rack, expected serving_area | raw_meat_1 never completed a cooking cycle | raw_meat_2 never completed a cooking cycle",unknown_action_token:5 missing_post_pick_place:3 repeated_planner_output:2 orphan_place:1
qwen2.5-7b-instruct,FINAL.G2,3,replan_budget_exhausted,budget <- Plan format: unknown_action_token,11,"cooked_meat_1 is in inside_grill, expected plate_top | raw_meat_1 is in table, expected plate_top | raw_meat_2 is in inside_grill, expected plate_top | plate is in dish_rack, expected serving_area | raw_meat_1 never completed a cooking cycle | raw_meat_2 never completed a cooking cycle",unknown_action_token:6 missing_post_pick_place:2 repeated_planner_output:2 orphan_place:1
qwen2.5-7b-instruct,FINAL.G2,4,replan_budget_exhausted,budget <- Plan format: unknown_action_token,11,"cooked_meat_1 is in inside_grill, expected plate_top | raw_meat_1 is in table, expected plate_top | raw_meat_2 is in inside_grill, expected plate_top | plate is in dish_rack, expected serving_area | raw_meat_1 never completed a cooking cycle | raw_meat_2 never completed a cooking cycle",unknown_action_token:5 repeated_planner_output:3 missing_post_pick_place:2 orphan_place:1
qwen2.5-7b-instruct,FINAL.G2,5,replan_budget_exhausted,budget <- Plan format: unknown_action_token,11,"cooked_meat_1 is in inside_grill, expected plate_top | raw_meat_1 is in table, expected plate_top | raw_meat_2 is in inside_grill, expected plate_top | plate is in dish_rack, expected serving_area | raw_meat_1 never completed a cooking cycle | raw_meat_2 never completed a cooking cycle",unknown_action_token:4 repeated_planner_output:3 missing_post_pick_place:2 orphan_place:1 planner_output_not_parseable:1
qwen2.5-7b-instruct,FINAL.G2,6,replan_loop,loop <- Plan rules: missing_post_pick_place,10,"cooked_meat_1 is in inside_grill, expected plate_top | raw_meat_1 is in table, expected plate_top | raw_meat_2 is in inside_grill, expected plate_top | plate is in dish_rack, expected serving_area | raw_meat_1 never completed a cooking cycle | raw_meat_2 never completed a cooking cycle",missing_post_pick_place:4 unknown_action_token:3 repeated_planner_output:2 orphan_place:1
qwen2.5-7b-instruct,FINAL.G2,7,replan_budget_exhausted,budget <- Plan format: unknown_action_token,11,"cooked_meat_1 is in inside_grill, expected plate_top | raw_meat_1 is in table, expected plate_top | raw_meat_2 is in inside_grill, expected plate_top | plate is in dish_rack, expected serving_area | raw_meat_1 never completed a cooking cycle | raw_meat_2 never completed a cooking cycle",unknown_action_token:4 missing_post_pick_place:4 repeated_planner_output:2 orphan_place:1
qwen2.5-7b-instruct,FINAL.G2,8,replan_budget_exhausted,budget <- Plan format: unknown_action_token,11,"cooked_meat_1 is in inside_grill, expected plate_top | raw_meat_1 is in table, expected plate_top | raw_meat_2 is in inside_grill, expected plate_top | plate is in dish_rack, expected serving_area | raw_meat_1 never completed a cooking cycle | raw_meat_2 never completed a cooking cycle",unknown_action_token:4 missing_post_pick_place:3 repeated_planner_output:2 planner_output_not_parseable:1 orphan_place:1
qwen2.5-7b-instruct,FINAL.G2,9,replan_budget_exhausted,budget <- Plan format: unknown_action_token,11,"cooked_meat_1 is in inside_grill, expected plate_top | raw_meat_1 is in table, expected plate_top | raw_meat_2 is in inside_grill, expected plate_top | plate is in dish_rack, expected serving_area | raw_meat_1 never completed a cooking cycle | raw_meat_2 never completed a cooking cycle",unknown_action_token:5 missing_post_pick_place:3 repeated_planner_output:2 orphan_place:1
qwen2.5-7b-instruct,FINAL.G3,0,replan_loop,loop <- Plan format: unknown_action_token,9,"raw_meat_1 is in table, expected plate_top | raw_meat_2 is in inside_grill, expected plate_top | raw_meat_3 is in inside_grill, expected plate_top | plate is in dish_rack, expected serving_area | raw_meat_1 never completed a cooking cycle | raw_meat_2 never completed a cooking cycle | raw_meat_3 never completed a cooking cycle",unknown_action_token:5 repeated_planner_output:2 orphan_place:1 missing_post_pick_place:1
qwen2.5-7b-instruct,FINAL.G3,1,replan_loop,loop <- Plan format: unknown_action_token,9,"raw_meat_1 is in table, expected plate_top | raw_meat_2 is in inside_grill, expected plate_top | raw_meat_3 is in inside_grill, expected plate_top | plate is in dish_rack, expected serving_area | raw_meat_1 never completed a cooking cycle | raw_meat_2 never completed a cooking cycle | raw_meat_3 never completed a cooking cycle",unknown_action_token:4 repeated_planner_output:2 orphan_place:1 planner_output_not_parseable:1 missing_post_pick_place:1
qwen2.5-7b-instruct,FINAL.G3,2,replan_budget_exhausted,budget <- Plan format: unknown_action_token,11,"raw_meat_1 is in table, expected plate_top | raw_meat_2 is in inside_grill, expected plate_top | raw_meat_3 is in inside_grill, expected plate_top | plate is in dish_rack, expected serving_area | raw_meat_1 never completed a cooking cycle | raw_meat_2 never completed a cooking cycle | raw_meat_3 never completed a cooking cycle",unknown_action_token:5 missing_post_pick_place:3 orphan_place:2 repeated_planner_output:1
qwen2.5-7b-instruct,FINAL.G3,3,replan_loop,loop <- Plan format: unknown_action_token,11,"raw_meat_1 is in table, expected plate_top | raw_meat_2 is in inside_grill, expected plate_top | raw_meat_3 is in inside_grill, expected plate_top | plate is in dish_rack, expected serving_area | raw_meat_1 never completed a cooking cycle | raw_meat_2 never completed a cooking cycle | raw_meat_3 never completed a cooking cycle",unknown_action_token:4 missing_post_pick_place:3 repeated_planner_output:3 orphan_place:1
qwen2.5-7b-instruct,FINAL.G3,4,replan_loop,loop <- Plan format: unknown_action_token,9,"raw_meat_1 is in table, expected plate_top | raw_meat_2 is in inside_grill, expected plate_top | raw_meat_3 is in inside_grill, expected plate_top | plate is in dish_rack, expected serving_area | raw_meat_1 never completed a cooking cycle | raw_meat_2 never completed a cooking cycle | raw_meat_3 never completed a cooking cycle",unknown_action_token:4 missing_post_pick_place:2 repeated_planner_output:2 orphan_place:1
qwen2.5-7b-instruct,FINAL.G3,5,replan_budget_exhausted,budget <- Plan format: unknown_action_token,11,"raw_meat_1 is in table, expected plate_top | raw_meat_2 is in inside_grill, expected plate_top | raw_meat_3 is in inside_grill, expected plate_top | plate is in dish_rack, expected serving_area | raw_meat_1 never completed a cooking cycle | raw_meat_2 never completed a cooking cycle | raw_meat_3 never completed a cooking cycle",unknown_action_token:5 missing_post_pick_place:3 planner_output_not_parseable:1 orphan_place:1 repeated_planner_output:1
qwen2.5-7b-instruct,FINAL.G3,6,replan_loop,loop <- Plan format: unknown_action_token,7,"raw_meat_1 is in table, expected plate_top | raw_meat_2 is in inside_grill, expected plate_top | raw_meat_3 is in inside_grill, expected plate_top | plate is in dish_rack, expected serving_area | raw_meat_1 never completed a cooking cycle | raw_meat_2 never completed a cooking cycle | raw_meat_3 never completed a cooking cycle",unknown_action_token:3 repeated_planner_output:2 orphan_place:1 missing_post_pick_place:1
qwen2.5-7b-instruct,FINAL.G3,7,replan_loop,loop <- Plan format: unknown_action_token,11,"raw_meat_1 is in table, expected plate_top | raw_meat_2 is in inside_grill, expected plate_top | raw_meat_3 is in inside_grill, expected plate_top | plate is in dish_rack, expected serving_area | raw_meat_1 never completed a cooking cycle | raw_meat_2 never completed a cooking cycle | raw_meat_3 never completed a cooking cycle",unknown_action_token:4 missing_post_pick_place:3 repeated_planner_output:3 orphan_place:1
qwen2.5-7b-instruct,FINAL.G3,8,replan_loop,loop <- Plan rules: missing_post_pick_place,10,"raw_meat_1 is in table, expected plate_top | raw_meat_2 is in inside_grill, expected plate_top | raw_meat_3 is in inside_grill, expected plate_top | plate is in dish_rack, expected serving_area | raw_meat_1 never completed a cooking cycle | raw_meat_2 never completed a cooking cycle | raw_meat_3 never completed a cooking cycle",missing_post_pick_place:4 unknown_action_token:3 repeated_planner_output:2 orphan_place:1
qwen2.5-7b-instruct,FINAL.G3,9,replan_loop,loop <- Plan format: unknown_action_token,8,"raw_meat_1 is in table, expected plate_top | raw_meat_2 is in inside_grill, expected plate_top | raw_meat_3 is in inside_grill, expected plate_top | plate is in dish_rack, expected serving_area | raw_meat_1 never completed a cooking cycle | raw_meat_2 never completed a cooking cycle | raw_meat_3 never completed a cooking cycle",unknown_action_token:3 repeated_planner_output:2 planner_output_not_parseable:1 orphan_place:1 missing_post_pick_place:1
qwen2.5-7b-instruct,FINAL.G1-n1,0,replan_loop,loop <- Plan format: unknown_action_token,8,"cooked_meat_1 is in inside_grill, expected plate_top | raw_meat_1 is in table, expected plate_top | plate is in dish_rack, expected serving_area | raw_meat_1 never completed a cooking cycle",unknown_action_token:4 repeated_planner_output:2 orphan_place:1 missing_post_pick_place:1
qwen2.5-7b-instruct,FINAL.G1-n1,1,replan_loop,loop <- Plan format: unknown_action_token,9,"cooked_meat_1 is in inside_grill, expected plate_top | raw_meat_1 is in table, expected plate_top | plate is in dish_rack, expected serving_area | raw_meat_1 never completed a cooking cycle",unknown_action_token:5 repeated_planner_output:2 orphan_place:1 missing_post_pick_place:1
qwen2.5-7b-instruct,FINAL.G1-n1,2,replan_budget_exhausted,budget <- Plan format: unknown_action_token,11,"cooked_meat_1 is in inside_grill, expected plate_top | raw_meat_1 is in table, expected plate_top | plate is in dish_rack, expected serving_area | raw_meat_1 never completed a cooking cycle",unknown_action_token:4 missing_post_pick_place:4 repeated_planner_output:2 orphan_place:1
qwen2.5-7b-instruct,FINAL.G1-n1,3,replan_loop,loop <- Plan format: unknown_action_token,11,"cooked_meat_1 is in inside_grill, expected plate_top | raw_meat_1 is in table, expected plate_top | plate is in dish_rack, expected serving_area | raw_meat_1 never completed a cooking cycle",unknown_action_token:3 missing_post_pick_place:3 repeated_planner_output:3 planner_output_not_parseable:1 orphan_place:1
qwen2.5-7b-instruct,FINAL.G1-n1,4,replan_loop,loop <- Plan format: unknown_action_token,7,"cooked_meat_1 is in inside_grill, expected plate_top | raw_meat_1 is in table, expected plate_top | plate is in dish_rack, expected serving_area | raw_meat_1 never completed a cooking cycle",unknown_action_token:3 repeated_planner_output:2 orphan_place:1 missing_post_pick_place:1
qwen2.5-7b-instruct,FINAL.G1-n1,5,replan_loop,loop <- Plan format: unknown_action_token,7,"cooked_meat_1 is in inside_grill, expected plate_top | raw_meat_1 is in table, expected plate_top | plate is in dish_rack, expected serving_area | raw_meat_1 never completed a cooking cycle",unknown_action_token:3 repeated_planner_output:2 orphan_place:1 missing_post_pick_place:1
qwen2.5-7b-instruct,FINAL.G1-n1,6,replan_budget_exhausted,budget <- Plan format: unknown_action_token,11,"cooked_meat_1 is in inside_grill, expected plate_top | raw_meat_1 is in table, expected plate_top | plate is in dish_rack, expected serving_area | raw_meat_1 never completed a cooking cycle",unknown_action_token:6 missing_post_pick_place:2 repeated_planner_output:2 orphan_place:1
qwen2.5-7b-instruct,FINAL.G1-n1,7,replan_loop,loop <- Plan format: unknown_action_token,10,"cooked_meat_1 is in inside_grill, expected plate_top | raw_meat_1 is in table, expected plate_top | plate is in dish_rack, expected serving_area | raw_meat_1 never completed a cooking cycle",unknown_action_token:5 missing_post_pick_place:2 repeated_planner_output:2 orphan_place:1
qwen2.5-7b-instruct,FINAL.G1-n1,8,replan_loop,loop <- Plan format: unknown_action_token,10,"cooked_meat_1 is in inside_grill, expected plate_top | raw_meat_1 is in table, expected plate_top | plate is in dish_rack, expected serving_area | raw_meat_1 never completed a cooking cycle",unknown_action_token:4 missing_post_pick_place:2 repeated_planner_output:2 planner_output_not_parseable:1 orphan_place:1
qwen2.5-7b-instruct,FINAL.G1-n1,9,replan_loop,loop <- Plan format: unknown_action_token,9,"cooked_meat_1 is in inside_grill, expected plate_top | raw_meat_1 is in table, expected plate_top | plate is in dish_rack, expected serving_area | raw_meat_1 never completed a cooking cycle",unknown_action_token:5 repeated_planner_output:2 orphan_place:1 missing_post_pick_place:1
qwen3-8b,FINAL.K0,1,replan_loop,loop <- Plan rules: orphan_place,7,"mug1 is in pantry_area, expected inside_box | mug2 is in pantry_area, expected inside_box | mug3 is in cupboard_shelf, expected inside_box | spam is in pantry_area, expected cupboard_shelf | sugar is in pantry_area, expected cupboard_shelf",orphan_place:3 repeated_planner_output:2 missing_post_pick_place:1 placement_failed:1
qwen3-8b,FINAL.K0,3,replan_loop,loop <- Plan rules: orphan_place,5,"mug1 is in pantry_area, expected inside_box | mug2 is in pantry_area, expected inside_box | mug3 is in cupboard_shelf, expected inside_box | spam is in pantry_area, expected cupboard_shelf | sugar is in pantry_area, expected cupboard_shelf",orphan_place:2 repeated_planner_output:2 placement_failed:1
qwen3-8b,FINAL.K1,0,replan_budget_exhausted,budget <- Insertion: insertion_too_late,11,"mug2 is in pantry_area, expected inside_box | mug3 is in cupboard_shelf, expected inside_box | spam is in pantry_area, expected cupboard_shelf | sugar is in pantry_area, expected cupboard_shelf | phone is in the inside_box placement area | HC-box violated: mug1 placed into the box before phone was cleared",insertion_too_late:6 hc_violation:1 placement_failed:1 orphan_place:1 grasp_failed:1
qwen3-8b,FINAL.K1,1,replan_loop,loop <- Plan rules: missing_post_pick_place,8,"mug1 is in pantry_area, expected inside_box | mug2 is in box_lid_top, expected inside_box | mug3 is in cupboard_shelf, expected inside_box | spam is in pantry_area, expected cupboard_shelf | sugar is in pantry_area, expected cupboard_shelf | phone is in the inside_box placement area | HC-box violated: phone never cleared from the box placement area",missing_post_pick_place:3 box_lid_obstructed:2 repeated_planner_output:2 hc_violation:1 planner_output_not_parseable:1
qwen3-8b,FINAL.K2,1,replan_budget_exhausted,budget <- Corrective block: invalid_corrective_block,11,"mug3 is in cupboard_shelf, expected inside_box | spam is in pantry_area, expected cupboard_shelf | sugar is in pantry_area, expected cupboard_shelf",invalid_corrective_block:7 orphan_place:1 placement_failed:1
qwen3-8b,FINAL.K3,6,replan_budget_exhausted,budget <- Corrective block: invalid_corrective_block,11,"can_of_beans is in inside_box, expected cupboard_shelf | mug1 is in pantry_area, expected inside_box | mug2 is in pantry_area, expected inside_box | mug3 is in cupboard_shelf, expected inside_box | spam is in pantry_area, expected cupboard_shelf | sugar is in pantry_area, expected cupboard_shelf | HC-box violated: can_of_beans never cleared from the box placement area",invalid_corrective_block:9 hc_violation:1 repeated_planner_output:1
qwen3-8b,FINAL.K4,9,replan_budget_exhausted,budget <- Plan rules: missing_post_pick_place,11,"can_of_beans is in inside_box, expected cupboard_shelf | mug1 is in pantry_area, expected inside_box | mug2 is in pantry_area, expected inside_box | mug3 is in cupboard_shelf, expected inside_box | spam is in pantry_area, expected cupboard_shelf | sugar is in pantry_area, expected cupboard_shelf",missing_post_pick_place:4 repeated_planner_output:2 orphan_place:2 box_lid_obstructed:2 placement_failed:1
qwen3-8b,FINAL.K3-n2,1,replan_budget_exhausted,budget <- Corrective block: invalid_corrective_block,11,"can_of_beans is in inside_box, expected cupboard_shelf | can_of_beans_2 is in inside_box, expected cupboard_shelf | mug1 is in pantry_area, expected inside_box | mug2 is in pantry_area, expected inside_box | mug3 is in cupboard_shelf, expected inside_box | spam is in pantry_area, expected cupboard_shelf | sugar is in pantry_area, expected cupboard_shelf | HC-box violated: can_of_beans never cleared from the box placement area | HC-box violated: can_of_beans_2 never cleared from the box placement area",invalid_corrective_block:4 hc_violation:2 box_lid_obstructed:2 missing_post_pick_place:1 repeated_planner_output:1 placement_failed:1 orphan_place:1
qwen3-8b,FINAL.K3-n3,8,replan_budget_exhausted,budget <- Corrective block: invalid_corrective_block,11,"can_of_beans_3 is in inside_box, expected cupboard_shelf | mug3 is in cupboard_shelf, expected inside_box | spam is in pantry_area, expected cupboard_shelf | sugar is in pantry_area, expected cupboard_shelf | HC-box violated: mug1 placed into the box before can_of_beans_3 was cleared",invalid_corrective_block:3 missing_post_pick_place:2 box_lid_obstructed:2 hc_violation:1 repeated_planner_output:1 pddl_no_plan:1
qwen3-8b,FINAL.K1-w1,0,replan_budget_exhausted,budget <- Corrective block: invalid_corrective_block,11,"can_of_beans is in pantry_area, expected cupboard_shelf | mug2 is in pantry_area, expected inside_box | mug3 is in cupboard_shelf, expected inside_box | spam is in pantry_area, expected cupboard_shelf | sugar is in pantry_area, expected cupboard_shelf | phone is in the inside_box placement area | HC-box violated: mug1 placed into the box before phone was cleared",invalid_corrective_block:3 missing_post_pick_place:2 hc_violation:1 placement_failed:1 orphan_place:1 insertion_too_late:1 grasp_failed:1
qwen3-8b,FINAL.K1-w1,3,replan_loop,loop <- Corrective block: invalid_corrective_block,11,"mug1 is in pantry_area, expected inside_box | mug2 is in pantry_area, expected inside_box | mug3 is in cupboard_shelf, expected inside_box | sugar is in pantry_area, expected cupboard_shelf | phone is in the inside_box placement area | HC-box violated: phone never cleared from the box placement area",invalid_corrective_block:5 repeated_planner_output:2 hc_violation:1 placement_failed:1 orphan_place:1 insertion_too_late:1
qwen3-8b,FINAL.K1-w1,4,replan_budget_exhausted,budget <- Plan rules: orphan_place,11,"can_of_beans is in pantry_area, expected cupboard_shelf | mug1 is in pantry_area, expected inside_box | mug2 is in pantry_area, expected inside_box | mug3 is in cupboard_shelf, expected inside_box | spam is in pantry_area, expected cupboard_shelf | sugar is in pantry_area, expected cupboard_shelf | phone is in the inside_box placement area | HC-box violated: phone never cleared from the box placement area",orphan_place:4 missing_post_pick_place:3 box_lid_obstructed:2 hc_violation:1 repeated_planner_output:1 placement_failed:1
qwen3-8b,FINAL.K1-w1,9,replan_budget_exhausted,budget <- Insertion: insertion_too_late,11,"can_of_beans is in pantry_area, expected cupboard_shelf | mug1 is in pantry_area, expected inside_box | mug2 is in table_staging_area, expected inside_box | mug3 is in cupboard_shelf, expected inside_box | spam is in pantry_area, expected cupboard_shelf | sugar is in pantry_area, expected cupboard_shelf | phone is in the inside_box placement area | HC-box violated: phone never cleared from the box placement area",insertion_too_late:5 invalid_corrective_block:2 hc_violation:1 missing_post_pick_place:1 placement_failed:1 repeated_planner_output:1
qwen3-8b,FINAL.K1-w2,0,replan_budget_exhausted,budget <- Insertion: insertion_too_late,11,"can_of_beans is in pantry_area, expected cupboard_shelf | can_of_beans_2 is in pantry_area, expected cupboard_shelf | mug2 is in pantry_area, expected inside_box | mug3 is in cupboard_shelf, expected inside_box | spam is in pantry_area, expected cupboard_shelf | sugar is in pantry_area, expected cupboard_shelf | phone is in the inside_box placement area | HC-box violated: mug1 placed into the box before phone was cleared",insertion_too_late:3 orphan_place:3 hc_violation:1 placement_failed:1 grasp_failed:1 invalid_corrective_block:1
qwen3-8b,FINAL.K1-w2,3,replan_budget_exhausted,budget <- Corrective block: invalid_corrective_block,11,"can_of_beans_2 is in pantry_area, expected cupboard_shelf | mug2 is in pantry_area, expected inside_box | mug3 is in cupboard_shelf, expected inside_box",invalid_corrective_block:4 placement_failed:2 insertion_too_late:2 orphan_place:1
qwen3-8b,FINAL.K1-w2,4,replan_budget_exhausted,budget <- Corrective block: invalid_corrective_block,11,"can_of_beans is in pantry_area, expected cupboard_shelf | can_of_beans_2 is in pantry_area, expected cupboard_shelf | mug1 is in pantry_area, expected inside_box | mug2 is in pantry_area, expected inside_box | mug3 is in cupboard_shelf, expected inside_box | spam is in pantry_area, expected cupboard_shelf | sugar is in pantry_area, expected cupboard_shelf",invalid_corrective_block:3 placement_failed:2 insertion_too_late:2 orphan_place:1 pick_place_mismatch:1
qwen3-8b,FINAL.K1-w2,7,replan_budget_exhausted,budget <- Insertion: insertion_too_late,11,"can_of_beans is in pantry_area, expected cupboard_shelf | can_of_beans_2 is in pantry_area, expected cupboard_shelf | mug1 is in pantry_area, expected inside_box | mug2 is in pantry_area, expected inside_box | mug3 is in cupboard_shelf, expected inside_box | spam is in pantry_area, expected cupboard_shelf | sugar is in pantry_area, expected cupboard_shelf | phone is in the inside_box placement area | HC-box violated: phone never cleared from the box placement area",insertion_too_late:6 invalid_corrective_block:2 hc_violation:1 missing_post_pick_place:1 repeated_planner_output:1
qwen3-8b,FINAL.G0,0,plan_completed,Insertion,3,raw_meat_1 placed on plate_top before completing a cooking cycle,
qwen3-8b,FINAL.G0,1,plan_completed,Insertion,9,raw_meat_1 placed on plate_top before completing a cooking cycle,invalid_corrective_block:2
qwen3-8b,FINAL.G0,3,replan_budget_exhausted,budget <- Corrective block: invalid_corrective_block,11,raw_meat_1 placed on plate_top before completing a cooking cycle,invalid_corrective_block:2 repeated_planner_output:1
qwen3-8b,FINAL.G0,4,plan_completed,Insertion,10,raw_meat_1 placed on plate_top before completing a cooking cycle,placement_failed:4 orphan_place:3 repeated_planner_output:1
qwen3-8b,FINAL.G0,5,replan_budget_exhausted,budget <- Corrective block: invalid_corrective_block,11,"raw_meat_1 is in serving_area, expected plate_top | plate is in dish_rack, expected serving_area | raw_meat_1 overcooked: inside the grill during a close->reopen cycle after it was cooked",invalid_corrective_block:3
qwen3-8b,FINAL.G0,6,plan_completed,Insertion,4,raw_meat_1 placed on plate_top before completing a cooking cycle,
qwen3-8b,FINAL.G0,7,replan_budget_exhausted,budget <- none,11,raw_meat_1 placed on plate_top before completing a cooking cycle,repeated_planner_output:1
qwen3-8b,FINAL.G0,8,replan_budget_exhausted,budget <- Corrective block: invalid_corrective_block,11,"raw_meat_1 is in dish_rack, expected plate_top | plate is in dish_rack, expected serving_area | raw_meat_1 placed on plate_top before completing a cooking cycle",invalid_corrective_block:3
qwen3-8b,FINAL.G0,9,replan_budget_exhausted,budget <- Corrective block: invalid_corrective_block,11,raw_meat_1 placed on plate_top before completing a cooking cycle,invalid_corrective_block:5 placement_failed:2 orphan_place:2 repeated_planner_output:1
qwen3-8b,FINAL.G1,0,replan_budget_exhausted,budget <- Corrective block: invalid_corrective_block,11,"cooked_meat_1 is in inside_grill, expected plate_top | cooked_meat_2 is in inside_grill, expected plate_top | raw_meat_1 is in dish_rack, expected plate_top | plate is in dish_rack, expected serving_area | raw_meat_1 never completed a cooking cycle",invalid_corrective_block:10
qwen3-8b,FINAL.G1,1,replan_budget_exhausted,budget <- Corrective block: invalid_corrective_block,11,"cooked_meat_1 is in inside_grill, expected plate_top | cooked_meat_2 is in inside_grill, expected plate_top | raw_meat_1 is in inside_grill, expected plate_top | plate is in dish_rack, expected serving_area | raw_meat_1 never completed a cooking cycle",invalid_corrective_block:6 pick_place_mismatch:1 missing_post_pick_place:1 unknown_action_token:1 repeated_planner_output:1
qwen3-8b,FINAL.G1,2,replan_budget_exhausted,budget <- Corrective block: invalid_corrective_block,11,"cooked_meat_1 is in dish_rack, expected plate_top | cooked_meat_2 is in inside_grill, expected plate_top | raw_meat_1 is in inside_grill, expected plate_top | raw_meat_1 never completed a cooking cycle",invalid_corrective_block:7 missing_post_pick_place:1 placement_failed:1
qwen3-8b,FINAL.G1,3,replan_budget_exhausted,budget <- Corrective block: invalid_corrective_block,11,"cooked_meat_1 is in dish_rack, expected plate_top | cooked_meat_2 is in inside_grill, expected plate_top | raw_meat_1 is in inside_grill, expected plate_top | plate is in dish_rack, expected serving_area | raw_meat_1 never completed a cooking cycle",invalid_corrective_block:9
qwen3-8b,FINAL.G1,4,replan_budget_exhausted,budget <- Corrective block: invalid_corrective_block,11,"cooked_meat_1 is in inside_grill, expected plate_top | cooked_meat_2 is in inside_grill, expected plate_top | raw_meat_1 is in inside_grill, expected plate_top | raw_meat_1 never completed a cooking cycle",invalid_corrective_block:5 placement_failed:3 orphan_place:2
qwen3-8b,FINAL.G1,5,replan_loop,loop <- Corrective block: invalid_corrective_block,5,"cooked_meat_1 is in inside_grill, expected plate_top | cooked_meat_2 is in inside_grill, expected plate_top | raw_meat_1 is in table, expected plate_top | raw_meat_1 never completed a cooking cycle",invalid_corrective_block:2 repeated_planner_output:2
qwen3-8b,FINAL.G1,6,replan_loop,loop <- Motion / grasp: placement_failed,9,"cooked_meat_1 is in inside_grill, expected plate_top | cooked_meat_2 is in inside_grill, expected plate_top | raw_meat_1 never completed a cooking cycle",placement_failed:3 invalid_corrective_block:2 orphan_place:2 repeated_planner_output:2
qwen3-8b,FINAL.G1,7,replan_budget_exhausted,budget <- Corrective block: invalid_corrective_block,11,"cooked_meat_2 is in inside_grill, expected plate_top | raw_meat_1 is in dish_rack, expected plate_top | raw_meat_1 never completed a cooking cycle",invalid_corrective_block:8 placement_failed:1 orphan_place:1
qwen3-8b,FINAL.G1,8,replan_budget_exhausted,budget <- Corrective block: invalid_corrective_block,11,"cooked_meat_1 is in inside_grill, expected plate_top | cooked_meat_2 is in inside_grill, expected plate_top | raw_meat_1 is in inside_grill, expected plate_top | raw_meat_1 never completed a cooking cycle",invalid_corrective_block:9 repeated_planner_output:1
qwen3-8b,FINAL.G1,9,plan_completed,Task plan,10,"raw_meat_1 is in inside_grill, expected plate_top | plate is in dish_rack, expected serving_area | raw_meat_1 never completed a cooking cycle",invalid_corrective_block:5 placement_failed:1 orphan_place:1
qwen3-8b,FINAL.G2,0,replan_budget_exhausted,budget <- Corrective block: invalid_corrective_block,11,"cooked_meat_1 is in inside_grill, expected plate_top | raw_meat_1 is in dish_rack, expected plate_top | cooked_meat_1 overcooked: inside the grill during a close->reopen cycle after it was cooked | raw_meat_1 overcooked: inside the grill during a close->reopen cycle after it was cooked | HC-grill violated: cooked_meat_1 inside the grill at close(grill_lid) after it was cooked",invalid_corrective_block:9 hc_violation:1
qwen3-8b,FINAL.G2,1,replan_budget_exhausted,budget <- Corrective block: invalid_corrective_block,11,"raw_meat_2 is in inside_grill, expected plate_top | raw_meat_1 placed on plate_top before completing a cooking cycle | raw_meat_2 never completed a cooking cycle",invalid_corrective_block:8 repeated_planner_output:1
qwen3-8b,FINAL.G2,2,replan_budget_exhausted,budget <- Corrective block: invalid_corrective_block,11,"raw_meat_2 is in inside_grill, expected plate_top | raw_meat_1 placed on plate_top before completing a cooking cycle | raw_meat_2 never completed a cooking cycle",invalid_corrective_block:7 pick_place_mismatch:1
qwen3-8b,FINAL.G2,3,replan_budget_exhausted,budget <- Corrective block: invalid_corrective_block,11,"cooked_meat_1 is in inside_grill, expected plate_top | raw_meat_1 is in inside_grill, expected plate_top | raw_meat_2 is in inside_grill, expected plate_top | raw_meat_1 never completed a cooking cycle | raw_meat_2 never completed a cooking cycle",invalid_corrective_block:10
qwen3-8b,FINAL.G2,4,replan_budget_exhausted,budget <- Corrective block: invalid_corrective_block,11,"raw_meat_1 is in inside_grill, expected plate_top | raw_meat_2 is in inside_grill, expected plate_top | raw_meat_1 placed on plate_top before completing a cooking cycle | raw_meat_2 never completed a cooking cycle",invalid_corrective_block:7 pick_place_mismatch:1
qwen3-8b,FINAL.G2,6,replan_budget_exhausted,budget <- Corrective block: invalid_corrective_block,11,"raw_meat_2 is in serving_area, expected plate_top | plate is in dish_rack, expected serving_area | raw_meat_1 placed on plate_top before completing a cooking cycle | raw_meat_2 never completed a cooking cycle",invalid_corrective_block:6 placement_failed:1 orphan_place:1
qwen3-8b,FINAL.G2,7,replan_budget_exhausted,budget <- Corrective block: invalid_corrective_block,11,"raw_meat_1 is in inside_grill, expected plate_top | raw_meat_2 is in inside_grill, expected plate_top | raw_meat_1 placed on plate_top before completing a cooking cycle | raw_meat_2 never completed a cooking cycle",invalid_corrective_block:7 pick_place_mismatch:1
qwen3-8b,FINAL.G2,8,replan_budget_exhausted,budget <- Corrective block: invalid_corrective_block,11,"raw_meat_1 is in inside_grill, expected plate_top | raw_meat_2 is in inside_grill, expected plate_top | plate is in dish_rack, expected serving_area | raw_meat_1 never completed a cooking cycle | raw_meat_2 never completed a cooking cycle",invalid_corrective_block:8
qwen3-8b,FINAL.G2,9,replan_budget_exhausted,budget <- Corrective block: invalid_corrective_block,11,"raw_meat_1 is in inside_grill, expected plate_top | raw_meat_2 is in inside_grill, expected plate_top | plate is in dish_rack, expected serving_area | raw_meat_1 placed on plate_top before completing a cooking cycle | raw_meat_2 never completed a cooking cycle",invalid_corrective_block:8
qwen3-8b,FINAL.G3,0,replan_budget_exhausted,budget <- Corrective block: invalid_corrective_block,11,"raw_meat_1 is in inside_grill, expected plate_top | raw_meat_2 is in inside_grill, expected plate_top | raw_meat_3 is in inside_grill, expected plate_top | plate is in dish_rack, expected serving_area | raw_meat_1 never completed a cooking cycle | raw_meat_2 never completed a cooking cycle | raw_meat_3 never completed a cooking cycle",invalid_corrective_block:10
qwen3-8b,FINAL.G3,1,replan_budget_exhausted,budget <- Corrective block: invalid_corrective_block,11,"raw_meat_1 is in inside_grill, expected plate_top | raw_meat_3 is in inside_grill, expected plate_top | raw_meat_1 never completed a cooking cycle | raw_meat_2 placed on plate_top before completing a cooking cycle | raw_meat_3 never completed a cooking cycle",invalid_corrective_block:8 repeated_planner_output:1
qwen3-8b,FINAL.G3,2,replan_budget_exhausted,budget <- Corrective block: invalid_corrective_block,11,"raw_meat_1 is in inside_grill, expected plate_top | raw_meat_2 is in inside_grill, expected plate_top | raw_meat_3 is in inside_grill, expected plate_top | raw_meat_1 never completed a cooking cycle | raw_meat_2 never completed a cooking cycle | raw_meat_3 never completed a cooking cycle",invalid_corrective_block:9 unknown_action_token:1
qwen3-8b,FINAL.G3,3,replan_budget_exhausted,budget <- Corrective block: invalid_corrective_block,11,"raw_meat_1 is in dish_rack, expected plate_top | raw_meat_2 is in inside_grill, expected plate_top | raw_meat_3 is in inside_grill, expected plate_top | plate is in dish_rack, expected serving_area | raw_meat_1 never completed a cooking cycle | raw_meat_2 never completed a cooking cycle | raw_meat_3 never completed a cooking cycle",invalid_corrective_block:10
qwen3-8b,FINAL.G3,4,replan_loop,loop <- Corrective block: invalid_corrective_block,10,"raw_meat_1 is in table, expected plate_top | raw_meat_2 is in inside_grill, expected plate_top | raw_meat_3 is in inside_grill, expected plate_top | raw_meat_1 never completed a cooking cycle | raw_meat_2 never completed a cooking cycle | raw_meat_3 never completed a cooking cycle",invalid_corrective_block:7 repeated_planner_output:2
qwen3-8b,FINAL.G3,5,replan_loop,loop <- Corrective block: invalid_corrective_block,8,"raw_meat_1 is in inside_grill, expected plate_top | raw_meat_2 is in inside_grill, expected plate_top | raw_meat_3 is in inside_grill, expected plate_top | raw_meat_1 never completed a cooking cycle | raw_meat_2 never completed a cooking cycle | raw_meat_3 never completed a cooking cycle",invalid_corrective_block:4 repeated_planner_output:2 pick_place_mismatch:1
qwen3-8b,FINAL.G3,6,replan_budget_exhausted,budget <- Corrective block: invalid_corrective_block,11,"raw_meat_1 is in inside_grill, expected plate_top | raw_meat_2 is in inside_grill, expected plate_top | raw_meat_3 is in inside_grill, expected plate_top | raw_meat_1 never completed a cooking cycle | raw_meat_2 never completed a cooking cycle | raw_meat_3 never completed a cooking cycle",invalid_corrective_block:10
qwen3-8b,FINAL.G3,7,replan_budget_exhausted,budget <- Corrective block: invalid_corrective_block,11,"raw_meat_1 is in dish_rack, expected plate_top | raw_meat_2 is in inside_grill, expected plate_top | raw_meat_3 is in inside_grill, expected plate_top | plate is in dish_rack, expected serving_area | raw_meat_1 never completed a cooking cycle | raw_meat_2 never completed a cooking cycle | raw_meat_3 never completed a cooking cycle",invalid_corrective_block:9 missing_post_pick_place:1
qwen3-8b,FINAL.G3,8,replan_budget_exhausted,budget <- Corrective block: invalid_corrective_block,11,"raw_meat_2 is in inside_grill, expected plate_top | raw_meat_3 is in inside_grill, expected plate_top | raw_meat_1 placed on plate_top before completing a cooking cycle | raw_meat_2 never completed a cooking cycle | raw_meat_3 never completed a cooking cycle",invalid_corrective_block:6 placement_failed:1 orphan_place:1
qwen3-8b,FINAL.G3,9,replan_loop,loop <- Corrective block: invalid_corrective_block,6,"raw_meat_1 is in inside_grill, expected plate_top | raw_meat_2 is in inside_grill, expected plate_top | raw_meat_3 is in inside_grill, expected plate_top | raw_meat_1 never completed a cooking cycle | raw_meat_2 never completed a cooking cycle | raw_meat_3 never completed a cooking cycle",invalid_corrective_block:3 repeated_planner_output:2
qwen3-8b,FINAL.G1-n1,0,replan_budget_exhausted,budget <- Corrective block: invalid_corrective_block,11,"cooked_meat_1 is in dish_rack, expected plate_top | raw_meat_1 is in dish_rack, expected plate_top | plate is in dish_rack, expected serving_area | raw_meat_1 never completed a cooking cycle",invalid_corrective_block:8
qwen3-8b,FINAL.G1-n1,1,replan_budget_exhausted,budget <- Corrective block: invalid_corrective_block,11,raw_meat_1 placed on plate_top before completing a cooking cycle,invalid_corrective_block:5
qwen3-8b,FINAL.G1-n1,2,replan_loop,loop <- Corrective block: invalid_corrective_block,7,"cooked_meat_1 is in inside_grill, expected plate_top | raw_meat_1 is in inside_grill, expected plate_top | raw_meat_1 never completed a cooking cycle",invalid_corrective_block:3 repeated_planner_output:2 pick_place_mismatch:1
qwen3-8b,FINAL.G1-n1,3,replan_loop,loop <- Corrective block: invalid_corrective_block,11,"cooked_meat_1 is in inside_grill, expected plate_top | raw_meat_1 is in inside_grill, expected plate_top | raw_meat_1 never completed a cooking cycle",invalid_corrective_block:8 repeated_planner_output:2
qwen3-8b,FINAL.G1-n1,4,plan_completed,Insertion,9,raw_meat_1 placed on plate_top before completing a cooking cycle,invalid_corrective_block:4
qwen3-8b,FINAL.G1-n1,5,replan_budget_exhausted,budget <- Corrective block: invalid_corrective_block,11,"cooked_meat_1 is in dish_rack, expected plate_top | raw_meat_1 is in inside_grill, expected plate_top | raw_meat_1 never completed a cooking cycle",invalid_corrective_block:6 orphan_place:2 placement_failed:1
qwen3-8b,FINAL.G1-n1,6,replan_budget_exhausted,budget <- Corrective block: invalid_corrective_block,11,"cooked_meat_1 is in inside_grill, expected plate_top | raw_meat_1 is in inside_grill, expected plate_top | raw_meat_1 never completed a cooking cycle",invalid_corrective_block:9 repeated_planner_output:1
qwen3-8b,FINAL.G1-n1,7,replan_budget_exhausted,budget <- Corrective block: invalid_corrective_block,11,"cooked_meat_1 is in serving_area, expected plate_top | raw_meat_1 is in inside_grill, expected plate_top | plate is in dish_rack, expected serving_area | raw_meat_1 never completed a cooking cycle",invalid_corrective_block:8
qwen3-8b,FINAL.G1-n1,8,replan_budget_exhausted,budget <- Corrective block: invalid_corrective_block,11,"cooked_meat_1 is in serving_area, expected plate_top | raw_meat_1 is in dish_rack, expected plate_top | plate is in dish_rack, expected serving_area | raw_meat_1 never completed a cooking cycle",invalid_corrective_block:4 orphan_place:2 placement_failed:1
qwen3-8b,FINAL.G1-n1,9,replan_budget_exhausted,budget <- Corrective block: invalid_corrective_block,11,"raw_meat_1 is in inside_grill, expected plate_top | plate is in dish_rack, expected serving_area | raw_meat_1 placed on plate_top before completing a cooking cycle",invalid_corrective_block:6 unknown_action_token:1
qwen3-vl-8b-thinking,FINAL.K1,0,replan_budget_exhausted,budget <- Insertion: insertion_too_late,11,"mug2 is in pantry_area, expected inside_box | mug3 is in cupboard_shelf, expected inside_box | spam is in pantry_area, expected cupboard_shelf | sugar is in pantry_area, expected cupboard_shelf | HC-box violated: mug1 placed into the box before phone was cleared",insertion_too_late:4 hc_violation:1 placement_failed:1 orphan_place:1 invalid_corrective_block:1 grasp_failed:1
qwen3-vl-8b-thinking,FINAL.K2,1,replan_budget_exhausted,budget <- Plan rules: orphan_place,11,"mug3 is in cupboard_shelf, expected inside_box | spam is in pantry_area, expected cupboard_shelf | sugar is in pantry_area, expected cupboard_shelf",orphan_place:2 placement_failed:1 repeated_planner_output:1
qwen3-vl-8b-thinking,FINAL.K3-n2,4,plan_completed,Task plan,2,"mug1 is in table, expected inside_box",
qwen3-vl-8b-thinking,FINAL.K1-w1,2,replan_budget_exhausted,budget <- Motion / grasp: pddl_no_plan,11,"sugar is in table, expected cupboard_shelf",pddl_no_plan:5 missing_post_pick_place:1 orphan_place:1 placement_failed:1 insertion_too_late:1 repeated_planner_output:1
qwen3-vl-8b-thinking,FINAL.K1-w2,4,replan_budget_exhausted,budget <- Insertion: insertion_too_late,11,"can_of_beans is in pantry_area, expected cupboard_shelf | can_of_beans_2 is in pantry_area, expected cupboard_shelf | mug3 is in cupboard_shelf, expected inside_box | spam is in pantry_area, expected cupboard_shelf | sugar is in pantry_area, expected cupboard_shelf",insertion_too_late:2 invalid_corrective_block:1 object_did_not_move:1
qwen3-vl-8b-thinking,FINAL.G0,0,plan_completed,Task plan,2,"plate is in dish_rack, expected serving_area",missing_post_pick_place:1
qwen3-vl-8b-thinking,FINAL.G0,1,replan_budget_exhausted,budget <- Plan format: unknown_action_token,11,"raw_meat_1 is in serving_area, expected plate_top | plate is in dish_rack, expected serving_area | raw_meat_1 overcooked: inside the grill during a close->reopen cycle after it was cooked",unknown_action_token:1 placement_failed:1 invalid_corrective_block:1
qwen3-vl-8b-thinking,FINAL.G0,2,plan_completed,Task plan,1,"plate is in dish_rack, expected serving_area",
qwen3-vl-8b-thinking,FINAL.G0,3,plan_completed,Task plan,2,"plate is in dish_rack, expected serving_area",
qwen3-vl-8b-thinking,FINAL.G0,4,replan_budget_exhausted,budget <- none,11,"raw_meat_1 is in inside_grill, expected plate_top | plate is in dish_rack, expected serving_area | raw_meat_1 overcooked: inside the grill during a close->reopen cycle after it was cooked",
qwen3-vl-8b-thinking,FINAL.G0,6,plan_completed,Task plan,1,"plate is in dish_rack, expected serving_area",
qwen3-vl-8b-thinking,FINAL.G0,8,plan_completed,Task plan,1,"plate is in dish_rack, expected serving_area",
qwen3-vl-8b-thinking,FINAL.G1,2,plan_completed,Task plan,6,"raw_meat_1 is in inside_grill, expected plate_top | raw_meat_1 never completed a cooking cycle",invalid_corrective_block:2 placement_failed:1
qwen3-vl-8b-thinking,FINAL.G1,3,plan_completed,Insertion,4,cooked_meat_2 overcooked: inside the grill during a close->reopen cycle after it was cooked | HC-grill violated: cooked_meat_2 inside the grill at close(grill_lid) after it was cooked,hc_violation:1 invalid_corrective_block:1 placement_failed:1
qwen3-vl-8b-thinking,FINAL.G1,4,plan_completed,Insertion,4,raw_meat_1 placed on plate_top before completing a cooking cycle,
qwen3-vl-8b-thinking,FINAL.G1,6,plan_completed,Insertion,7,raw_meat_1 placed on plate_top before completing a cooking cycle,placement_failed:2 orphan_place:2
qwen3-vl-8b-thinking,FINAL.G1,7,replan_budget_exhausted,budget <- Plan rules: orphan_place,11,"raw_meat_1 is in inside_grill, expected plate_top | plate is in dish_rack, expected serving_area | raw_meat_1 placed on plate_top before completing a cooking cycle",orphan_place:2 unknown_action_token:1 placement_failed:1
qwen3-vl-8b-thinking,FINAL.G1,9,plan_completed,Insertion,5,cooked_meat_1 overcooked: inside the grill during a close->reopen cycle after it was cooked | cooked_meat_2 overcooked: inside the grill during a close->reopen cycle after it was cooked | raw_meat_1 overcooked: inside the grill during a close->reopen cycle after it was cooked | HC-grill violated: cooked_meat_1 inside the grill at close(grill_lid) after it was cooked | HC-grill violated: cooked_meat_2 inside the grill at close(grill_lid) after it was cooked,hc_violation:2 placement_failed:1 orphan_place:1
qwen3-vl-8b-thinking,FINAL.G2,0,replan_budget_exhausted,budget <- Corrective block: invalid_corrective_block,11,"raw_meat_2 is in inside_grill, expected plate_top | raw_meat_1 placed on plate_top before completing a cooking cycle | raw_meat_2 never completed a cooking cycle",invalid_corrective_block:2
qwen3-vl-8b-thinking,FINAL.G2,1,plan_completed,Insertion,6,"raw_meat_2 is in inside_grill, expected plate_top | plate is in dish_rack, expected serving_area | raw_meat_1 overcooked: inside the grill during a close->reopen cycle after it was cooked | raw_meat_2 overcooked: inside the grill during a close->reopen cycle after it was cooked",invalid_corrective_block:1
qwen3-vl-8b-thinking,FINAL.G2,2,plan_completed,Insertion,5,"raw_meat_2 is in inside_grill, expected plate_top | raw_meat_1 placed on plate_top before completing a cooking cycle",invalid_corrective_block:1
qwen3-vl-8b-thinking,FINAL.G2,3,plan_completed,Insertion,6,cooked_meat_1 overcooked: inside the grill during a close->reopen cycle after it was cooked | raw_meat_1 placed on plate_top before completing a cooking cycle | HC-grill violated: cooked_meat_1 inside the grill at close(grill_lid) after it was cooked,hc_violation:1 placement_failed:1 invalid_corrective_block:1
qwen3-vl-8b-thinking,FINAL.G2,4,replan_budget_exhausted,budget <- Corrective block: invalid_corrective_block,11,"cooked_meat_1 is in serving_area, expected plate_top | raw_meat_1 is in dish_rack, expected plate_top | raw_meat_2 is in dish_rack, expected plate_top | plate is in dish_rack, expected serving_area | cooked_meat_1 overcooked: inside the grill during a close->reopen cycle after it was cooked | raw_meat_2 overcooked: inside the grill during a close->reopen cycle after it was cooked | HC-grill violated: cooked_meat_1 inside the grill at close(grill_lid) after it was cooked",invalid_corrective_block:7 hc_violation:1
qwen3-vl-8b-thinking,FINAL.G2,5,plan_completed,Task plan,5,"raw_meat_1 is in inside_grill, expected plate_top | raw_meat_2 is in inside_grill, expected plate_top | raw_meat_1 never completed a cooking cycle | raw_meat_2 never completed a cooking cycle",placement_failed:1
qwen3-vl-8b-thinking,FINAL.G2,6,plan_completed,Insertion,3,cooked_meat_1 overcooked: inside the grill during a close->reopen cycle after it was cooked | HC-grill violated: cooked_meat_1 inside the grill at close(grill_lid) after it was cooked,hc_violation:1 invalid_corrective_block:1
qwen3-vl-8b-thinking,FINAL.G2,7,plan_completed,Task plan,3,"plate is in dish_rack, expected serving_area",invalid_corrective_block:1
qwen3-vl-8b-thinking,FINAL.G2,8,plan_completed,Insertion,8,cooked_meat_1 overcooked: inside the grill during a close->reopen cycle after it was cooked | raw_meat_1 overcooked: inside the grill during a close->reopen cycle after it was cooked | raw_meat_2 overcooked: inside the grill during a close->reopen cycle after it was cooked | HC-grill violated: cooked_meat_1 inside the grill at close(grill_lid) after it was cooked,placement_failed:4 hc_violation:1 unknown_action_token:1 invalid_corrective_block:1
qwen3-vl-8b-thinking,FINAL.G3,0,plan_completed,Insertion,8,raw_meat_1 overcooked: inside the grill during a close->reopen cycle after it was cooked | raw_meat_2 overcooked: inside the grill during a close->reopen cycle after it was cooked | raw_meat_3 overcooked: inside the grill during a close->reopen cycle after it was cooked,placement_failed:3 orphan_place:2 invalid_corrective_block:1
qwen3-vl-8b-thinking,FINAL.G3,1,replan_budget_exhausted,budget <- Corrective block: invalid_corrective_block,11,"raw_meat_1 is in table, expected plate_top | raw_meat_2 is in inside_grill, expected plate_top | raw_meat_1 never completed a cooking cycle | raw_meat_2 placed on plate_top before completing a cooking cycle | raw_meat_3 placed on plate_top before completing a cooking cycle",invalid_corrective_block:3
qwen3-vl-8b-thinking,FINAL.G3,2,replan_budget_exhausted,budget <- Corrective block: invalid_corrective_block,11,"raw_meat_1 is in inside_grill, expected plate_top | raw_meat_3 is in inside_grill, expected plate_top | raw_meat_1 placed on plate_top before completing a cooking cycle | raw_meat_2 placed on plate_top before completing a cooking cycle | raw_meat_3 never completed a cooking cycle",invalid_corrective_block:2 placement_failed:2 orphan_place:2
qwen3-vl-8b-thinking,FINAL.G3,3,replan_budget_exhausted,budget <- Plan rules: orphan_place,11,"raw_meat_1 is in dish_rack, expected plate_top | raw_meat_3 is in inside_grill, expected plate_top | plate is in dish_rack, expected serving_area",orphan_place:6 invalid_corrective_block:2 placement_failed:1 repeated_planner_output:1
qwen3-vl-8b-thinking,FINAL.G3,5,replan_budget_exhausted,budget <- Corrective block: invalid_corrective_block,11,"raw_meat_1 is in inside_grill, expected plate_top | raw_meat_3 is in inside_grill, expected plate_top | raw_meat_1 never completed a cooking cycle | raw_meat_2 placed on plate_top before completing a cooking cycle | raw_meat_3 never completed a cooking cycle",invalid_corrective_block:1
qwen3-vl-8b-thinking,FINAL.G3,6,plan_completed,Insertion,10,raw_meat_1 overcooked: inside the grill during a close->reopen cycle after it was cooked | raw_meat_2 overcooked: inside the grill during a close->reopen cycle after it was cooked | raw_meat_3 overcooked: inside the grill during a close->reopen cycle after it was cooked,invalid_corrective_block:3 orphan_place:3 placement_failed:2
qwen3-vl-8b-thinking,FINAL.G3,7,replan_budget_exhausted,budget <- Plan rules: pick_place_mismatch,11,"raw_meat_2 is in inside_grill, expected plate_top | raw_meat_3 is in inside_grill, expected plate_top | raw_meat_1 placed on plate_top before completing a cooking cycle | raw_meat_2 never completed a cooking cycle | raw_meat_3 never completed a cooking cycle",pick_place_mismatch:1
qwen3-vl-8b-thinking,FINAL.G3,8,plan_completed,Insertion,10,raw_meat_1 overcooked: inside the grill during a close->reopen cycle after it was cooked | raw_meat_2 placed on plate_top before completing a cooking cycle | raw_meat_3 overcooked: inside the grill during a close->reopen cycle after it was cooked,invalid_corrective_block:2 remembered_object_inaccessible:1 placement_failed:1
qwen3-vl-8b-thinking,FINAL.G3,9,replan_budget_exhausted,budget <- Plan rules: orphan_place,11,"raw_meat_1 is in inside_grill, expected plate_top | raw_meat_3 is in inside_grill, expected plate_top | raw_meat_1 overcooked: inside the grill during a close->reopen cycle after it was cooked | raw_meat_2 overcooked: inside the grill during a close->reopen cycle after it was cooked | raw_meat_3 overcooked: inside the grill during a close->reopen cycle after it was cooked",orphan_place:6 invalid_corrective_block:2 placement_failed:2
qwen3-vl-8b-thinking,FINAL.G1-n1,1,replan_budget_exhausted,budget <- none,11,"raw_meat_1 is in inside_grill, expected plate_top | raw_meat_1 placed on plate_top before completing a cooking cycle",
qwen3-vl-8b-thinking,FINAL.G1-n1,3,replan_budget_exhausted,budget <- Motion / grasp: placement_failed,11,"raw_meat_1 is in table, expected plate_top | raw_meat_1 placed on plate_top before completing a cooking cycle",placement_failed:2 orphan_place:2 pick_place_mismatch:1 no_ik_solution:1 missing_post_pick_place:1
qwen3-vl-8b-thinking,FINAL.G1-n1,4,plan_completed,Insertion,5,raw_meat_1 overcooked: inside the grill during a close->reopen cycle after it was cooked,invalid_corrective_block:1
qwen3-vl-8b-thinking,FINAL.G1-n1,5,plan_completed,Insertion,9,"plate is in dish_rack, expected serving_area | raw_meat_1 overcooked: inside the grill during a close->reopen cycle after it was cooked",invalid_corrective_block:4
qwen3-vl-8b-thinking,FINAL.G1-n1,6,plan_completed,Insertion,4,"plate is in dish_rack, expected serving_area | raw_meat_1 overcooked: inside the grill during a close->reopen cycle after it was cooked",
qwen3-vl-8b-thinking,FINAL.G1-n1,7,plan_completed,Insertion,2,cooked_meat_1 overcooked: inside the grill during a close->reopen cycle after it was cooked | HC-grill violated: cooked_meat_1 inside the grill at close(grill_lid) after it was cooked,hc_violation:1
qwen3-vl-8b-thinking,FINAL.G1-n1,8,plan_completed,Insertion,7,"plate is in dish_rack, expected serving_area | raw_meat_1 overcooked: inside the grill during a close->reopen cycle after it was cooked",unobserved_object:2 invalid_corrective_block:1
qwen3-vl-8b-thinking,FINAL.G1-n1,9,plan_completed,Insertion,4,raw_meat_1 overcooked: inside the grill during a close->reopen cycle after it was cooked,
r1-distill-llama-8b,FINAL.K0,0,replan_budget_exhausted,budget <- Plan format: planner_output_not_parseable,11,"mug1 is in pantry_area, expected inside_box | mug2 is in box_lid_top, expected inside_box | mug3 is in cupboard_shelf, expected inside_box | spam is in pantry_area, expected cupboard_shelf | sugar is in pantry_area, expected cupboard_shelf",planner_output_not_parseable:11
r1-distill-llama-8b,FINAL.K0,1,replan_budget_exhausted,budget <- Plan format: planner_output_not_parseable,11,"mug1 is in pantry_area, expected inside_box | mug2 is in box_lid_top, expected inside_box | mug3 is in cupboard_shelf, expected inside_box | spam is in pantry_area, expected cupboard_shelf | sugar is in pantry_area, expected cupboard_shelf",planner_output_not_parseable:9 repeated_planner_output:2
r1-distill-llama-8b,FINAL.K0,2,replan_budget_exhausted,budget <- Plan format: planner_output_not_parseable,11,"mug1 is in pantry_area, expected inside_box | mug2 is in box_lid_top, expected inside_box | mug3 is in cupboard_shelf, expected inside_box | spam is in pantry_area, expected cupboard_shelf | sugar is in pantry_area, expected cupboard_shelf",planner_output_not_parseable:11
r1-distill-llama-8b,FINAL.K0,3,replan_budget_exhausted,budget <- Plan format: planner_output_not_parseable,11,"mug1 is in pantry_area, expected inside_box | mug2 is in box_lid_top, expected inside_box | mug3 is in cupboard_shelf, expected inside_box | spam is in pantry_area, expected cupboard_shelf | sugar is in pantry_area, expected cupboard_shelf",planner_output_not_parseable:11
r1-distill-llama-8b,FINAL.K0,4,replan_budget_exhausted,budget <- Plan format: planner_output_not_parseable,11,"mug1 is in pantry_area, expected inside_box | mug2 is in box_lid_top, expected inside_box | mug3 is in cupboard_shelf, expected inside_box | spam is in pantry_area, expected cupboard_shelf | sugar is in pantry_area, expected cupboard_shelf",planner_output_not_parseable:10 repeated_planner_output:1
r1-distill-llama-8b,FINAL.K0,5,replan_budget_exhausted,budget <- Plan format: planner_output_not_parseable,11,"mug1 is in pantry_area, expected inside_box | mug2 is in box_lid_top, expected inside_box | mug3 is in cupboard_shelf, expected inside_box | spam is in pantry_area, expected cupboard_shelf | sugar is in pantry_area, expected cupboard_shelf",planner_output_not_parseable:10 repeated_planner_output:1
r1-distill-llama-8b,FINAL.K0,6,replan_budget_exhausted,budget <- Plan format: planner_output_not_parseable,11,"mug1 is in pantry_area, expected inside_box | mug2 is in box_lid_top, expected inside_box | mug3 is in cupboard_shelf, expected inside_box | spam is in pantry_area, expected cupboard_shelf | sugar is in pantry_area, expected cupboard_shelf",planner_output_not_parseable:11
r1-distill-llama-8b,FINAL.K0,7,replan_budget_exhausted,budget <- Plan format: planner_output_not_parseable,11,"mug1 is in pantry_area, expected inside_box | mug2 is in box_lid_top, expected inside_box | mug3 is in cupboard_shelf, expected inside_box | spam is in pantry_area, expected cupboard_shelf | sugar is in pantry_area, expected cupboard_shelf",planner_output_not_parseable:11
r1-distill-llama-8b,FINAL.K0,8,replan_budget_exhausted,budget <- Plan format: planner_output_not_parseable,11,"mug1 is in pantry_area, expected inside_box | mug2 is in box_lid_top, expected inside_box | mug3 is in cupboard_shelf, expected inside_box | spam is in pantry_area, expected cupboard_shelf | sugar is in pantry_area, expected cupboard_shelf",planner_output_not_parseable:11
r1-distill-llama-8b,FINAL.K0,9,replan_budget_exhausted,budget <- Plan format: planner_output_not_parseable,11,"mug1 is in pantry_area, expected inside_box | mug2 is in box_lid_top, expected inside_box | mug3 is in cupboard_shelf, expected inside_box | spam is in pantry_area, expected cupboard_shelf | sugar is in pantry_area, expected cupboard_shelf",planner_output_not_parseable:11
r1-distill-llama-8b,FINAL.K1,0,replan_budget_exhausted,budget <- Plan format: planner_output_not_parseable,11,"mug1 is in pantry_area, expected inside_box | mug2 is in box_lid_top, expected inside_box | mug3 is in cupboard_shelf, expected inside_box | spam is in pantry_area, expected cupboard_shelf | sugar is in pantry_area, expected cupboard_shelf | phone is in the inside_box placement area | HC-box violated: phone never cleared from the box placement area",planner_output_not_parseable:11 hc_violation:1
r1-distill-llama-8b,FINAL.K1,1,replan_budget_exhausted,budget <- Plan format: planner_output_not_parseable,11,"mug1 is in pantry_area, expected inside_box | mug2 is in box_lid_top, expected inside_box | mug3 is in cupboard_shelf, expected inside_box | spam is in pantry_area, expected cupboard_shelf | sugar is in pantry_area, expected cupboard_shelf | phone is in the inside_box placement area | HC-box violated: phone never cleared from the box placement area",planner_output_not_parseable:11 hc_violation:1
r1-distill-llama-8b,FINAL.K1,2,replan_budget_exhausted,budget <- Plan format: planner_output_not_parseable,11,"mug1 is in pantry_area, expected inside_box | mug2 is in box_lid_top, expected inside_box | mug3 is in cupboard_shelf, expected inside_box | spam is in pantry_area, expected cupboard_shelf | sugar is in pantry_area, expected cupboard_shelf | phone is in the inside_box placement area | HC-box violated: phone never cleared from the box placement area",planner_output_not_parseable:11 hc_violation:1
r1-distill-llama-8b,FINAL.K1,3,replan_budget_exhausted,budget <- Plan format: planner_output_not_parseable,11,"mug1 is in pantry_area, expected inside_box | mug2 is in box_lid_top, expected inside_box | mug3 is in cupboard_shelf, expected inside_box | spam is in pantry_area, expected cupboard_shelf | sugar is in pantry_area, expected cupboard_shelf | phone is in the inside_box placement area | HC-box violated: phone never cleared from the box placement area",planner_output_not_parseable:11 hc_violation:1
r1-distill-llama-8b,FINAL.K1,4,replan_budget_exhausted,budget <- Plan format: planner_output_not_parseable,11,"mug1 is in pantry_area, expected inside_box | mug2 is in box_lid_top, expected inside_box | mug3 is in cupboard_shelf, expected inside_box | spam is in pantry_area, expected cupboard_shelf | sugar is in pantry_area, expected cupboard_shelf | phone is in the inside_box placement area | HC-box violated: phone never cleared from the box placement area",planner_output_not_parseable:11 hc_violation:1
r1-distill-llama-8b,FINAL.K1,5,replan_budget_exhausted,budget <- Plan format: planner_output_not_parseable,11,"mug1 is in pantry_area, expected inside_box | mug2 is in box_lid_top, expected inside_box | mug3 is in cupboard_shelf, expected inside_box | spam is in pantry_area, expected cupboard_shelf | sugar is in pantry_area, expected cupboard_shelf | phone is in the inside_box placement area | HC-box violated: phone never cleared from the box placement area",planner_output_not_parseable:11 hc_violation:1
r1-distill-llama-8b,FINAL.K1,6,replan_budget_exhausted,budget <- Plan format: planner_output_not_parseable,11,"mug1 is in pantry_area, expected inside_box | mug2 is in box_lid_top, expected inside_box | mug3 is in cupboard_shelf, expected inside_box | spam is in pantry_area, expected cupboard_shelf | sugar is in pantry_area, expected cupboard_shelf | phone is in the inside_box placement area | HC-box violated: phone never cleared from the box placement area",planner_output_not_parseable:11 hc_violation:1
r1-distill-llama-8b,FINAL.K1,7,replan_budget_exhausted,budget <- Plan format: planner_output_not_parseable,11,"mug1 is in pantry_area, expected inside_box | mug2 is in box_lid_top, expected inside_box | mug3 is in cupboard_shelf, expected inside_box | spam is in pantry_area, expected cupboard_shelf | sugar is in pantry_area, expected cupboard_shelf | phone is in the inside_box placement area | HC-box violated: phone never cleared from the box placement area",planner_output_not_parseable:11 hc_violation:1
r1-distill-llama-8b,FINAL.K1,8,replan_budget_exhausted,budget <- Plan format: planner_output_not_parseable,11,"mug1 is in pantry_area, expected inside_box | mug2 is in box_lid_top, expected inside_box | mug3 is in cupboard_shelf, expected inside_box | spam is in pantry_area, expected cupboard_shelf | sugar is in pantry_area, expected cupboard_shelf | phone is in the inside_box placement area | HC-box violated: phone never cleared from the box placement area",planner_output_not_parseable:11 hc_violation:1
r1-distill-llama-8b,FINAL.K1,9,replan_loop,loop <- Plan format: planner_output_not_parseable,9,"mug1 is in pantry_area, expected inside_box | mug2 is in box_lid_top, expected inside_box | mug3 is in cupboard_shelf, expected inside_box | spam is in pantry_area, expected cupboard_shelf | sugar is in pantry_area, expected cupboard_shelf | phone is in the inside_box placement area | HC-box violated: phone never cleared from the box placement area",planner_output_not_parseable:7 repeated_planner_output:2 hc_violation:1
r1-distill-llama-8b,FINAL.K2,0,replan_budget_exhausted,budget <- Plan format: planner_output_not_parseable,11,"mug1 is in pantry_area, expected inside_box | mug2 is in box_lid_top, expected inside_box | mug3 is in cupboard_shelf, expected inside_box | spam is in pantry_area, expected cupboard_shelf | sugar is in pantry_area, expected cupboard_shelf",planner_output_not_parseable:11
r1-distill-llama-8b,FINAL.K2,1,replan_budget_exhausted,budget <- Plan format: planner_output_not_parseable,11,"mug1 is in pantry_area, expected inside_box | mug2 is in box_lid_top, expected inside_box | mug3 is in cupboard_shelf, expected inside_box | spam is in pantry_area, expected cupboard_shelf | sugar is in pantry_area, expected cupboard_shelf",planner_output_not_parseable:11
r1-distill-llama-8b,FINAL.K2,2,replan_budget_exhausted,budget <- Plan format: planner_output_not_parseable,11,"mug1 is in pantry_area, expected inside_box | mug2 is in box_lid_top, expected inside_box | mug3 is in cupboard_shelf, expected inside_box | spam is in pantry_area, expected cupboard_shelf | sugar is in pantry_area, expected cupboard_shelf",planner_output_not_parseable:11
r1-distill-llama-8b,FINAL.K2,3,replan_budget_exhausted,budget <- Plan format: planner_output_not_parseable,11,"mug1 is in pantry_area, expected inside_box | mug2 is in box_lid_top, expected inside_box | mug3 is in cupboard_shelf, expected inside_box | spam is in pantry_area, expected cupboard_shelf | sugar is in pantry_area, expected cupboard_shelf",planner_output_not_parseable:11
r1-distill-llama-8b,FINAL.K2,4,replan_budget_exhausted,budget <- Plan format: planner_output_not_parseable,11,"mug1 is in pantry_area, expected inside_box | mug2 is in box_lid_top, expected inside_box | mug3 is in cupboard_shelf, expected inside_box | spam is in pantry_area, expected cupboard_shelf | sugar is in pantry_area, expected cupboard_shelf",planner_output_not_parseable:11
r1-distill-llama-8b,FINAL.K2,5,replan_budget_exhausted,budget <- Plan format: planner_output_not_parseable,11,"mug1 is in pantry_area, expected inside_box | mug2 is in box_lid_top, expected inside_box | mug3 is in cupboard_shelf, expected inside_box | spam is in pantry_area, expected cupboard_shelf | sugar is in pantry_area, expected cupboard_shelf",planner_output_not_parseable:11
r1-distill-llama-8b,FINAL.K2,6,replan_budget_exhausted,budget <- Plan format: planner_output_not_parseable,11,"mug1 is in pantry_area, expected inside_box | mug2 is in box_lid_top, expected inside_box | mug3 is in cupboard_shelf, expected inside_box | spam is in pantry_area, expected cupboard_shelf | sugar is in pantry_area, expected cupboard_shelf",planner_output_not_parseable:11
r1-distill-llama-8b,FINAL.K2,7,replan_budget_exhausted,budget <- Plan format: planner_output_not_parseable,11,"mug1 is in pantry_area, expected inside_box | mug2 is in box_lid_top, expected inside_box | mug3 is in cupboard_shelf, expected inside_box | spam is in pantry_area, expected cupboard_shelf | sugar is in pantry_area, expected cupboard_shelf",planner_output_not_parseable:11
r1-distill-llama-8b,FINAL.K2,8,replan_budget_exhausted,budget <- Plan format: planner_output_not_parseable,11,"mug1 is in pantry_area, expected inside_box | mug2 is in box_lid_top, expected inside_box | mug3 is in cupboard_shelf, expected inside_box | spam is in pantry_area, expected cupboard_shelf | sugar is in pantry_area, expected cupboard_shelf",planner_output_not_parseable:11
r1-distill-llama-8b,FINAL.K2,9,replan_budget_exhausted,budget <- Plan format: planner_output_not_parseable,11,"mug1 is in pantry_area, expected inside_box | mug2 is in box_lid_top, expected inside_box | mug3 is in cupboard_shelf, expected inside_box | spam is in pantry_area, expected cupboard_shelf | sugar is in pantry_area, expected cupboard_shelf",planner_output_not_parseable:11
r1-distill-llama-8b,FINAL.K3,0,replan_budget_exhausted,budget <- Plan format: planner_output_not_parseable,11,"can_of_beans is in inside_box, expected cupboard_shelf | mug1 is in pantry_area, expected inside_box | mug2 is in box_lid_top, expected inside_box | mug3 is in cupboard_shelf, expected inside_box | spam is in pantry_area, expected cupboard_shelf | sugar is in pantry_area, expected cupboard_shelf | HC-box violated: can_of_beans never cleared from the box placement area",planner_output_not_parseable:11 hc_violation:1
r1-distill-llama-8b,FINAL.K3,1,replan_budget_exhausted,budget <- Plan format: planner_output_not_parseable,11,"can_of_beans is in inside_box, expected cupboard_shelf | mug1 is in pantry_area, expected inside_box | mug2 is in box_lid_top, expected inside_box | mug3 is in cupboard_shelf, expected inside_box | spam is in pantry_area, expected cupboard_shelf | sugar is in pantry_area, expected cupboard_shelf | HC-box violated: can_of_beans never cleared from the box placement area",planner_output_not_parseable:11 hc_violation:1
r1-distill-llama-8b,FINAL.K3,2,replan_budget_exhausted,budget <- Plan format: planner_output_not_parseable,11,"can_of_beans is in inside_box, expected cupboard_shelf | mug1 is in pantry_area, expected inside_box | mug2 is in box_lid_top, expected inside_box | mug3 is in cupboard_shelf, expected inside_box | spam is in pantry_area, expected cupboard_shelf | sugar is in pantry_area, expected cupboard_shelf | HC-box violated: can_of_beans never cleared from the box placement area",planner_output_not_parseable:11 hc_violation:1
r1-distill-llama-8b,FINAL.K3,3,replan_budget_exhausted,budget <- Plan format: planner_output_not_parseable,11,"can_of_beans is in inside_box, expected cupboard_shelf | mug1 is in pantry_area, expected inside_box | mug2 is in box_lid_top, expected inside_box | mug3 is in cupboard_shelf, expected inside_box | spam is in pantry_area, expected cupboard_shelf | sugar is in pantry_area, expected cupboard_shelf | HC-box violated: can_of_beans never cleared from the box placement area",planner_output_not_parseable:11 hc_violation:1
r1-distill-llama-8b,FINAL.K3,4,replan_budget_exhausted,budget <- Plan format: planner_output_not_parseable,11,"can_of_beans is in inside_box, expected cupboard_shelf | mug1 is in pantry_area, expected inside_box | mug2 is in box_lid_top, expected inside_box | mug3 is in cupboard_shelf, expected inside_box | spam is in pantry_area, expected cupboard_shelf | sugar is in pantry_area, expected cupboard_shelf | HC-box violated: can_of_beans never cleared from the box placement area",planner_output_not_parseable:11 hc_violation:1
r1-distill-llama-8b,FINAL.K3,5,replan_budget_exhausted,budget <- Plan format: planner_output_not_parseable,11,"can_of_beans is in inside_box, expected cupboard_shelf | mug1 is in pantry_area, expected inside_box | mug2 is in box_lid_top, expected inside_box | mug3 is in cupboard_shelf, expected inside_box | spam is in pantry_area, expected cupboard_shelf | sugar is in pantry_area, expected cupboard_shelf | HC-box violated: can_of_beans never cleared from the box placement area",planner_output_not_parseable:11 hc_violation:1
r1-distill-llama-8b,FINAL.K3,6,replan_budget_exhausted,budget <- Plan format: planner_output_not_parseable,11,"can_of_beans is in inside_box, expected cupboard_shelf | mug1 is in pantry_area, expected inside_box | mug2 is in box_lid_top, expected inside_box | mug3 is in cupboard_shelf, expected inside_box | spam is in pantry_area, expected cupboard_shelf | sugar is in pantry_area, expected cupboard_shelf | HC-box violated: can_of_beans never cleared from the box placement area",planner_output_not_parseable:11 hc_violation:1
r1-distill-llama-8b,FINAL.K3,7,replan_budget_exhausted,budget <- Plan format: planner_output_not_parseable,11,"can_of_beans is in inside_box, expected cupboard_shelf | mug1 is in pantry_area, expected inside_box | mug2 is in box_lid_top, expected inside_box | mug3 is in cupboard_shelf, expected inside_box | spam is in pantry_area, expected cupboard_shelf | sugar is in pantry_area, expected cupboard_shelf | HC-box violated: can_of_beans never cleared from the box placement area",planner_output_not_parseable:11 hc_violation:1
r1-distill-llama-8b,FINAL.K3,8,replan_budget_exhausted,budget <- Plan format: planner_output_not_parseable,11,"can_of_beans is in inside_box, expected cupboard_shelf | mug1 is in pantry_area, expected inside_box | mug2 is in box_lid_top, expected inside_box | mug3 is in cupboard_shelf, expected inside_box | spam is in pantry_area, expected cupboard_shelf | sugar is in pantry_area, expected cupboard_shelf | HC-box violated: can_of_beans never cleared from the box placement area",planner_output_not_parseable:11 hc_violation:1
r1-distill-llama-8b,FINAL.K3,9,replan_budget_exhausted,budget <- Plan format: planner_output_not_parseable,11,"can_of_beans is in inside_box, expected cupboard_shelf | mug1 is in pantry_area, expected inside_box | mug2 is in box_lid_top, expected inside_box | mug3 is in cupboard_shelf, expected inside_box | spam is in pantry_area, expected cupboard_shelf | sugar is in pantry_area, expected cupboard_shelf | HC-box violated: can_of_beans never cleared from the box placement area",planner_output_not_parseable:11 hc_violation:1
r1-distill-llama-8b,FINAL.K4,0,replan_budget_exhausted,budget <- Plan format: planner_output_not_parseable,11,"can_of_beans is in inside_box, expected cupboard_shelf | mug1 is in pantry_area, expected inside_box | mug2 is in box_lid_top, expected inside_box | mug3 is in cupboard_shelf, expected inside_box | spam is in pantry_area, expected cupboard_shelf | sugar is in pantry_area, expected cupboard_shelf",planner_output_not_parseable:11
r1-distill-llama-8b,FINAL.K4,1,replan_budget_exhausted,budget <- Plan format: planner_output_not_parseable,11,"can_of_beans is in inside_box, expected cupboard_shelf | mug1 is in pantry_area, expected inside_box | mug2 is in box_lid_top, expected inside_box | mug3 is in cupboard_shelf, expected inside_box | spam is in pantry_area, expected cupboard_shelf | sugar is in pantry_area, expected cupboard_shelf",planner_output_not_parseable:11
r1-distill-llama-8b,FINAL.K4,2,replan_budget_exhausted,budget <- Plan format: planner_output_not_parseable,11,"can_of_beans is in inside_box, expected cupboard_shelf | mug1 is in pantry_area, expected inside_box | mug2 is in box_lid_top, expected inside_box | mug3 is in cupboard_shelf, expected inside_box | spam is in pantry_area, expected cupboard_shelf | sugar is in pantry_area, expected cupboard_shelf",planner_output_not_parseable:11
r1-distill-llama-8b,FINAL.K4,3,replan_budget_exhausted,budget <- Plan format: planner_output_not_parseable,11,"can_of_beans is in inside_box, expected cupboard_shelf | mug1 is in pantry_area, expected inside_box | mug2 is in box_lid_top, expected inside_box | mug3 is in cupboard_shelf, expected inside_box | spam is in pantry_area, expected cupboard_shelf | sugar is in pantry_area, expected cupboard_shelf",planner_output_not_parseable:11
r1-distill-llama-8b,FINAL.K4,4,replan_budget_exhausted,budget <- Plan format: planner_output_not_parseable,11,"can_of_beans is in inside_box, expected cupboard_shelf | mug1 is in pantry_area, expected inside_box | mug2 is in box_lid_top, expected inside_box | mug3 is in cupboard_shelf, expected inside_box | spam is in pantry_area, expected cupboard_shelf | sugar is in pantry_area, expected cupboard_shelf",planner_output_not_parseable:11
r1-distill-llama-8b,FINAL.K4,5,replan_budget_exhausted,budget <- Plan format: planner_output_not_parseable,11,"can_of_beans is in inside_box, expected cupboard_shelf | mug1 is in pantry_area, expected inside_box | mug2 is in box_lid_top, expected inside_box | mug3 is in cupboard_shelf, expected inside_box | spam is in pantry_area, expected cupboard_shelf | sugar is in pantry_area, expected cupboard_shelf",planner_output_not_parseable:11
r1-distill-llama-8b,FINAL.K4,6,replan_budget_exhausted,budget <- Plan format: planner_output_not_parseable,11,"can_of_beans is in inside_box, expected cupboard_shelf | mug1 is in pantry_area, expected inside_box | mug2 is in box_lid_top, expected inside_box | mug3 is in cupboard_shelf, expected inside_box | spam is in pantry_area, expected cupboard_shelf | sugar is in pantry_area, expected cupboard_shelf",planner_output_not_parseable:11
r1-distill-llama-8b,FINAL.K4,7,replan_budget_exhausted,budget <- Plan format: planner_output_not_parseable,11,"can_of_beans is in inside_box, expected cupboard_shelf | mug1 is in pantry_area, expected inside_box | mug2 is in box_lid_top, expected inside_box | mug3 is in cupboard_shelf, expected inside_box | spam is in pantry_area, expected cupboard_shelf | sugar is in pantry_area, expected cupboard_shelf",planner_output_not_parseable:11
r1-distill-llama-8b,FINAL.K4,8,replan_budget_exhausted,budget <- Plan format: planner_output_not_parseable,11,"can_of_beans is in inside_box, expected cupboard_shelf | mug1 is in pantry_area, expected inside_box | mug2 is in box_lid_top, expected inside_box | mug3 is in cupboard_shelf, expected inside_box | spam is in pantry_area, expected cupboard_shelf | sugar is in pantry_area, expected cupboard_shelf",planner_output_not_parseable:11
r1-distill-llama-8b,FINAL.K4,9,replan_budget_exhausted,budget <- Plan format: planner_output_not_parseable,11,"can_of_beans is in inside_box, expected cupboard_shelf | mug1 is in pantry_area, expected inside_box | mug2 is in box_lid_top, expected inside_box | mug3 is in cupboard_shelf, expected inside_box | spam is in pantry_area, expected cupboard_shelf | sugar is in pantry_area, expected cupboard_shelf",planner_output_not_parseable:11
r1-distill-llama-8b,FINAL.K3-n2,0,replan_budget_exhausted,budget <- Plan format: planner_output_not_parseable,11,"can_of_beans is in inside_box, expected cupboard_shelf | can_of_beans_2 is in inside_box, expected cupboard_shelf | mug1 is in pantry_area, expected inside_box | mug2 is in box_lid_top, expected inside_box | mug3 is in cupboard_shelf, expected inside_box | spam is in pantry_area, expected cupboard_shelf | sugar is in pantry_area, expected cupboard_shelf | HC-box violated: can_of_beans never cleared from the box placement area | HC-box violated: can_of_beans_2 never cleared from the box placement area",planner_output_not_parseable:11 hc_violation:2
r1-distill-llama-8b,FINAL.K3-n2,1,replan_budget_exhausted,budget <- Plan format: planner_output_not_parseable,11,"can_of_beans is in inside_box, expected cupboard_shelf | can_of_beans_2 is in inside_box, expected cupboard_shelf | mug1 is in pantry_area, expected inside_box | mug2 is in box_lid_top, expected inside_box | mug3 is in cupboard_shelf, expected inside_box | spam is in pantry_area, expected cupboard_shelf | sugar is in pantry_area, expected cupboard_shelf | HC-box violated: can_of_beans never cleared from the box placement area | HC-box violated: can_of_beans_2 never cleared from the box placement area",planner_output_not_parseable:11 hc_violation:2
r1-distill-llama-8b,FINAL.K3-n2,2,replan_budget_exhausted,budget <- Plan format: planner_output_not_parseable,11,"can_of_beans is in inside_box, expected cupboard_shelf | can_of_beans_2 is in inside_box, expected cupboard_shelf | mug1 is in pantry_area, expected inside_box | mug2 is in box_lid_top, expected inside_box | mug3 is in cupboard_shelf, expected inside_box | spam is in pantry_area, expected cupboard_shelf | sugar is in pantry_area, expected cupboard_shelf | HC-box violated: can_of_beans never cleared from the box placement area | HC-box violated: can_of_beans_2 never cleared from the box placement area",planner_output_not_parseable:10 hc_violation:2 repeated_planner_output:1
r1-distill-llama-8b,FINAL.K3-n2,3,replan_budget_exhausted,budget <- Plan format: planner_output_not_parseable,11,"can_of_beans is in inside_box, expected cupboard_shelf | can_of_beans_2 is in inside_box, expected cupboard_shelf | mug1 is in pantry_area, expected inside_box | mug2 is in box_lid_top, expected inside_box | mug3 is in cupboard_shelf, expected inside_box | spam is in pantry_area, expected cupboard_shelf | sugar is in pantry_area, expected cupboard_shelf | HC-box violated: can_of_beans never cleared from the box placement area | HC-box violated: can_of_beans_2 never cleared from the box placement area",planner_output_not_parseable:11 hc_violation:2
r1-distill-llama-8b,FINAL.K3-n2,4,replan_budget_exhausted,budget <- Plan format: planner_output_not_parseable,11,"can_of_beans is in inside_box, expected cupboard_shelf | can_of_beans_2 is in inside_box, expected cupboard_shelf | mug1 is in pantry_area, expected inside_box | mug2 is in box_lid_top, expected inside_box | mug3 is in cupboard_shelf, expected inside_box | spam is in pantry_area, expected cupboard_shelf | sugar is in pantry_area, expected cupboard_shelf | HC-box violated: can_of_beans never cleared from the box placement area | HC-box violated: can_of_beans_2 never cleared from the box placement area",planner_output_not_parseable:11 hc_violation:2
r1-distill-llama-8b,FINAL.K3-n2,5,replan_budget_exhausted,budget <- Plan format: planner_output_not_parseable,11,"can_of_beans is in inside_box, expected cupboard_shelf | can_of_beans_2 is in inside_box, expected cupboard_shelf | mug1 is in pantry_area, expected inside_box | mug2 is in box_lid_top, expected inside_box | mug3 is in cupboard_shelf, expected inside_box | spam is in pantry_area, expected cupboard_shelf | sugar is in pantry_area, expected cupboard_shelf | HC-box violated: can_of_beans never cleared from the box placement area | HC-box violated: can_of_beans_2 never cleared from the box placement area",planner_output_not_parseable:11 hc_violation:2
r1-distill-llama-8b,FINAL.K3-n2,6,replan_budget_exhausted,budget <- Plan format: planner_output_not_parseable,11,"can_of_beans is in inside_box, expected cupboard_shelf | can_of_beans_2 is in inside_box, expected cupboard_shelf | mug1 is in pantry_area, expected inside_box | mug2 is in box_lid_top, expected inside_box | mug3 is in cupboard_shelf, expected inside_box | spam is in pantry_area, expected cupboard_shelf | sugar is in pantry_area, expected cupboard_shelf | HC-box violated: can_of_beans never cleared from the box placement area | HC-box violated: can_of_beans_2 never cleared from the box placement area",planner_output_not_parseable:11 hc_violation:2
r1-distill-llama-8b,FINAL.K3-n2,7,replan_budget_exhausted,budget <- Plan format: planner_output_not_parseable,11,"can_of_beans is in inside_box, expected cupboard_shelf | can_of_beans_2 is in inside_box, expected cupboard_shelf | mug1 is in pantry_area, expected inside_box | mug2 is in box_lid_top, expected inside_box | mug3 is in cupboard_shelf, expected inside_box | spam is in pantry_area, expected cupboard_shelf | sugar is in pantry_area, expected cupboard_shelf | HC-box violated: can_of_beans never cleared from the box placement area | HC-box violated: can_of_beans_2 never cleared from the box placement area",planner_output_not_parseable:11 hc_violation:2
r1-distill-llama-8b,FINAL.K3-n2,8,replan_budget_exhausted,budget <- Plan format: planner_output_not_parseable,11,"can_of_beans is in inside_box, expected cupboard_shelf | can_of_beans_2 is in inside_box, expected cupboard_shelf | mug1 is in pantry_area, expected inside_box | mug2 is in box_lid_top, expected inside_box | mug3 is in cupboard_shelf, expected inside_box | spam is in pantry_area, expected cupboard_shelf | sugar is in pantry_area, expected cupboard_shelf | HC-box violated: can_of_beans never cleared from the box placement area | HC-box violated: can_of_beans_2 never cleared from the box placement area",planner_output_not_parseable:11 hc_violation:2
r1-distill-llama-8b,FINAL.K3-n2,9,replan_budget_exhausted,budget <- Plan format: planner_output_not_parseable,11,"can_of_beans is in inside_box, expected cupboard_shelf | can_of_beans_2 is in inside_box, expected cupboard_shelf | mug1 is in pantry_area, expected inside_box | mug2 is in box_lid_top, expected inside_box | mug3 is in cupboard_shelf, expected inside_box | spam is in pantry_area, expected cupboard_shelf | sugar is in pantry_area, expected cupboard_shelf | HC-box violated: can_of_beans never cleared from the box placement area | HC-box violated: can_of_beans_2 never cleared from the box placement area",planner_output_not_parseable:11 hc_violation:2
r1-distill-llama-8b,FINAL.K3-n3,0,replan_budget_exhausted,budget <- Plan format: planner_output_not_parseable,11,"can_of_beans is in inside_box, expected cupboard_shelf | can_of_beans_2 is in inside_box, expected cupboard_shelf | can_of_beans_3 is in inside_box, expected cupboard_shelf | mug1 is in pantry_area, expected inside_box | mug2 is in box_lid_top, expected inside_box | mug3 is in cupboard_shelf, expected inside_box | spam is in pantry_area, expected cupboard_shelf | sugar is in pantry_area, expected cupboard_shelf | HC-box violated: can_of_beans never cleared from the box placement area | HC-box violated: can_of_beans_2 never cleared from the box placement area | HC-box violated: can_of_beans_3 never cleared from the box placement area",planner_output_not_parseable:10 hc_violation:3 repeated_planner_output:1
r1-distill-llama-8b,FINAL.K3-n3,1,replan_budget_exhausted,budget <- Plan format: planner_output_not_parseable,11,"can_of_beans is in inside_box, expected cupboard_shelf | can_of_beans_2 is in inside_box, expected cupboard_shelf | can_of_beans_3 is in inside_box, expected cupboard_shelf | mug1 is in pantry_area, expected inside_box | mug2 is in box_lid_top, expected inside_box | mug3 is in cupboard_shelf, expected inside_box | spam is in pantry_area, expected cupboard_shelf | sugar is in pantry_area, expected cupboard_shelf | HC-box violated: can_of_beans never cleared from the box placement area | HC-box violated: can_of_beans_2 never cleared from the box placement area | HC-box violated: can_of_beans_3 never cleared from the box placement area",planner_output_not_parseable:11 hc_violation:3
r1-distill-llama-8b,FINAL.K3-n3,2,replan_budget_exhausted,budget <- Plan format: planner_output_not_parseable,11,"can_of_beans is in inside_box, expected cupboard_shelf | can_of_beans_2 is in inside_box, expected cupboard_shelf | can_of_beans_3 is in inside_box, expected cupboard_shelf | mug1 is in pantry_area, expected inside_box | mug2 is in box_lid_top, expected inside_box | mug3 is in cupboard_shelf, expected inside_box | spam is in pantry_area, expected cupboard_shelf | sugar is in pantry_area, expected cupboard_shelf | HC-box violated: can_of_beans never cleared from the box placement area | HC-box violated: can_of_beans_2 never cleared from the box placement area | HC-box violated: can_of_beans_3 never cleared from the box placement area",planner_output_not_parseable:10 hc_violation:3 repeated_planner_output:1
r1-distill-llama-8b,FINAL.K3-n3,3,replan_budget_exhausted,budget <- Plan format: planner_output_not_parseable,11,"can_of_beans is in inside_box, expected cupboard_shelf | can_of_beans_2 is in inside_box, expected cupboard_shelf | can_of_beans_3 is in inside_box, expected cupboard_shelf | mug1 is in pantry_area, expected inside_box | mug2 is in box_lid_top, expected inside_box | mug3 is in cupboard_shelf, expected inside_box | spam is in pantry_area, expected cupboard_shelf | sugar is in pantry_area, expected cupboard_shelf | HC-box violated: can_of_beans never cleared from the box placement area | HC-box violated: can_of_beans_2 never cleared from the box placement area | HC-box violated: can_of_beans_3 never cleared from the box placement area",planner_output_not_parseable:11 hc_violation:3
r1-distill-llama-8b,FINAL.K3-n3,4,replan_budget_exhausted,budget <- Plan format: planner_output_not_parseable,11,"can_of_beans is in inside_box, expected cupboard_shelf | can_of_beans_2 is in inside_box, expected cupboard_shelf | can_of_beans_3 is in inside_box, expected cupboard_shelf | mug1 is in pantry_area, expected inside_box | mug2 is in box_lid_top, expected inside_box | mug3 is in cupboard_shelf, expected inside_box | spam is in pantry_area, expected cupboard_shelf | sugar is in pantry_area, expected cupboard_shelf | HC-box violated: can_of_beans never cleared from the box placement area | HC-box violated: can_of_beans_2 never cleared from the box placement area | HC-box violated: can_of_beans_3 never cleared from the box placement area",planner_output_not_parseable:11 hc_violation:3
r1-distill-llama-8b,FINAL.K3-n3,5,replan_budget_exhausted,budget <- Plan format: planner_output_not_parseable,11,"can_of_beans is in inside_box, expected cupboard_shelf | can_of_beans_2 is in inside_box, expected cupboard_shelf | can_of_beans_3 is in inside_box, expected cupboard_shelf | mug1 is in pantry_area, expected inside_box | mug2 is in box_lid_top, expected inside_box | mug3 is in cupboard_shelf, expected inside_box | spam is in pantry_area, expected cupboard_shelf | sugar is in pantry_area, expected cupboard_shelf | HC-box violated: can_of_beans never cleared from the box placement area | HC-box violated: can_of_beans_2 never cleared from the box placement area | HC-box violated: can_of_beans_3 never cleared from the box placement area",planner_output_not_parseable:11 hc_violation:3
r1-distill-llama-8b,FINAL.K3-n3,6,replan_budget_exhausted,budget <- Plan format: planner_output_not_parseable,11,"can_of_beans is in inside_box, expected cupboard_shelf | can_of_beans_2 is in inside_box, expected cupboard_shelf | can_of_beans_3 is in inside_box, expected cupboard_shelf | mug1 is in pantry_area, expected inside_box | mug2 is in box_lid_top, expected inside_box | mug3 is in cupboard_shelf, expected inside_box | spam is in pantry_area, expected cupboard_shelf | sugar is in pantry_area, expected cupboard_shelf | HC-box violated: can_of_beans never cleared from the box placement area | HC-box violated: can_of_beans_2 never cleared from the box placement area | HC-box violated: can_of_beans_3 never cleared from the box placement area",planner_output_not_parseable:11 hc_violation:3
r1-distill-llama-8b,FINAL.K3-n3,7,replan_budget_exhausted,budget <- Plan format: planner_output_not_parseable,11,"can_of_beans is in inside_box, expected cupboard_shelf | can_of_beans_2 is in inside_box, expected cupboard_shelf | can_of_beans_3 is in inside_box, expected cupboard_shelf | mug1 is in pantry_area, expected inside_box | mug2 is in box_lid_top, expected inside_box | mug3 is in cupboard_shelf, expected inside_box | spam is in pantry_area, expected cupboard_shelf | sugar is in pantry_area, expected cupboard_shelf | HC-box violated: can_of_beans never cleared from the box placement area | HC-box violated: can_of_beans_2 never cleared from the box placement area | HC-box violated: can_of_beans_3 never cleared from the box placement area",planner_output_not_parseable:11 hc_violation:3
r1-distill-llama-8b,FINAL.K3-n3,8,replan_budget_exhausted,budget <- Plan format: planner_output_not_parseable,11,"can_of_beans is in inside_box, expected cupboard_shelf | can_of_beans_2 is in inside_box, expected cupboard_shelf | can_of_beans_3 is in inside_box, expected cupboard_shelf | mug1 is in pantry_area, expected inside_box | mug2 is in box_lid_top, expected inside_box | mug3 is in cupboard_shelf, expected inside_box | spam is in pantry_area, expected cupboard_shelf | sugar is in pantry_area, expected cupboard_shelf | HC-box violated: can_of_beans never cleared from the box placement area | HC-box violated: can_of_beans_2 never cleared from the box placement area | HC-box violated: can_of_beans_3 never cleared from the box placement area",planner_output_not_parseable:11 hc_violation:3
r1-distill-llama-8b,FINAL.K3-n3,9,replan_budget_exhausted,budget <- Plan format: planner_output_not_parseable,11,"can_of_beans is in inside_box, expected cupboard_shelf | can_of_beans_2 is in inside_box, expected cupboard_shelf | can_of_beans_3 is in inside_box, expected cupboard_shelf | mug1 is in pantry_area, expected inside_box | mug2 is in box_lid_top, expected inside_box | mug3 is in cupboard_shelf, expected inside_box | spam is in pantry_area, expected cupboard_shelf | sugar is in pantry_area, expected cupboard_shelf | HC-box violated: can_of_beans never cleared from the box placement area | HC-box violated: can_of_beans_2 never cleared from the box placement area | HC-box violated: can_of_beans_3 never cleared from the box placement area",planner_output_not_parseable:11 hc_violation:3
r1-distill-llama-8b,FINAL.K1-w1,0,replan_budget_exhausted,budget <- Plan format: planner_output_not_parseable,11,"can_of_beans is in pantry_area, expected cupboard_shelf | mug1 is in pantry_area, expected inside_box | mug2 is in box_lid_top, expected inside_box | mug3 is in cupboard_shelf, expected inside_box | spam is in pantry_area, expected cupboard_shelf | sugar is in pantry_area, expected cupboard_shelf | phone is in the inside_box placement area | HC-box violated: phone never cleared from the box placement area",planner_output_not_parseable:10 hc_violation:1 repeated_planner_output:1
r1-distill-llama-8b,FINAL.K1-w1,1,replan_budget_exhausted,budget <- Plan format: planner_output_not_parseable,11,"can_of_beans is in pantry_area, expected cupboard_shelf | mug1 is in pantry_area, expected inside_box | mug2 is in box_lid_top, expected inside_box | mug3 is in cupboard_shelf, expected inside_box | spam is in pantry_area, expected cupboard_shelf | sugar is in pantry_area, expected cupboard_shelf | phone is in the inside_box placement area | HC-box violated: phone never cleared from the box placement area",planner_output_not_parseable:11 hc_violation:1
r1-distill-llama-8b,FINAL.K1-w1,2,replan_budget_exhausted,budget <- Plan format: planner_output_not_parseable,11,"can_of_beans is in pantry_area, expected cupboard_shelf | mug1 is in pantry_area, expected inside_box | mug2 is in box_lid_top, expected inside_box | mug3 is in cupboard_shelf, expected inside_box | spam is in pantry_area, expected cupboard_shelf | sugar is in pantry_area, expected cupboard_shelf | phone is in the inside_box placement area | HC-box violated: phone never cleared from the box placement area",planner_output_not_parseable:10 hc_violation:1 repeated_planner_output:1
r1-distill-llama-8b,FINAL.K1-w1,3,replan_budget_exhausted,budget <- Plan format: planner_output_not_parseable,11,"can_of_beans is in pantry_area, expected cupboard_shelf | mug1 is in pantry_area, expected inside_box | mug2 is in box_lid_top, expected inside_box | mug3 is in cupboard_shelf, expected inside_box | spam is in pantry_area, expected cupboard_shelf | sugar is in pantry_area, expected cupboard_shelf | phone is in the inside_box placement area | HC-box violated: phone never cleared from the box placement area",planner_output_not_parseable:11 hc_violation:1
r1-distill-llama-8b,FINAL.K1-w1,4,replan_budget_exhausted,budget <- Plan format: planner_output_not_parseable,11,"can_of_beans is in pantry_area, expected cupboard_shelf | mug1 is in pantry_area, expected inside_box | mug2 is in box_lid_top, expected inside_box | mug3 is in cupboard_shelf, expected inside_box | spam is in pantry_area, expected cupboard_shelf | sugar is in pantry_area, expected cupboard_shelf | phone is in the inside_box placement area | HC-box violated: phone never cleared from the box placement area",planner_output_not_parseable:11 hc_violation:1
r1-distill-llama-8b,FINAL.K1-w1,5,replan_budget_exhausted,budget <- Plan format: planner_output_not_parseable,11,"can_of_beans is in pantry_area, expected cupboard_shelf | mug1 is in pantry_area, expected inside_box | mug2 is in box_lid_top, expected inside_box | mug3 is in cupboard_shelf, expected inside_box | spam is in pantry_area, expected cupboard_shelf | sugar is in pantry_area, expected cupboard_shelf | phone is in the inside_box placement area | HC-box violated: phone never cleared from the box placement area",planner_output_not_parseable:11 hc_violation:1
r1-distill-llama-8b,FINAL.K1-w1,6,replan_budget_exhausted,budget <- Plan format: planner_output_not_parseable,11,"can_of_beans is in pantry_area, expected cupboard_shelf | mug1 is in pantry_area, expected inside_box | mug2 is in box_lid_top, expected inside_box | mug3 is in cupboard_shelf, expected inside_box | spam is in pantry_area, expected cupboard_shelf | sugar is in pantry_area, expected cupboard_shelf | phone is in the inside_box placement area | HC-box violated: phone never cleared from the box placement area",planner_output_not_parseable:11 hc_violation:1
r1-distill-llama-8b,FINAL.K1-w1,7,replan_budget_exhausted,budget <- Plan format: planner_output_not_parseable,11,"can_of_beans is in pantry_area, expected cupboard_shelf | mug1 is in pantry_area, expected inside_box | mug2 is in box_lid_top, expected inside_box | mug3 is in cupboard_shelf, expected inside_box | spam is in pantry_area, expected cupboard_shelf | sugar is in pantry_area, expected cupboard_shelf | phone is in the inside_box placement area | HC-box violated: phone never cleared from the box placement area",planner_output_not_parseable:11 hc_violation:1
r1-distill-llama-8b,FINAL.K1-w1,8,replan_budget_exhausted,budget <- Plan format: planner_output_not_parseable,11,"can_of_beans is in pantry_area, expected cupboard_shelf | mug1 is in pantry_area, expected inside_box | mug2 is in box_lid_top, expected inside_box | mug3 is in cupboard_shelf, expected inside_box | spam is in pantry_area, expected cupboard_shelf | sugar is in pantry_area, expected cupboard_shelf | phone is in the inside_box placement area | HC-box violated: phone never cleared from the box placement area",planner_output_not_parseable:11 hc_violation:1
r1-distill-llama-8b,FINAL.K1-w1,9,replan_budget_exhausted,budget <- Plan format: planner_output_not_parseable,11,"can_of_beans is in pantry_area, expected cupboard_shelf | mug1 is in pantry_area, expected inside_box | mug2 is in box_lid_top, expected inside_box | mug3 is in cupboard_shelf, expected inside_box | spam is in pantry_area, expected cupboard_shelf | sugar is in pantry_area, expected cupboard_shelf | phone is in the inside_box placement area | HC-box violated: phone never cleared from the box placement area",planner_output_not_parseable:11 hc_violation:1
r1-distill-llama-8b,FINAL.K1-w2,0,replan_budget_exhausted,budget <- Plan format: planner_output_not_parseable,11,"can_of_beans is in pantry_area, expected cupboard_shelf | can_of_beans_2 is in pantry_area, expected cupboard_shelf | mug1 is in pantry_area, expected inside_box | mug2 is in box_lid_top, expected inside_box | mug3 is in cupboard_shelf, expected inside_box | spam is in pantry_area, expected cupboard_shelf | sugar is in pantry_area, expected cupboard_shelf | phone is in the inside_box placement area | HC-box violated: phone never cleared from the box placement area",planner_output_not_parseable:11 hc_violation:1
r1-distill-llama-8b,FINAL.K1-w2,1,replan_budget_exhausted,budget <- Plan format: planner_output_not_parseable,11,"can_of_beans is in pantry_area, expected cupboard_shelf | can_of_beans_2 is in pantry_area, expected cupboard_shelf | mug1 is in pantry_area, expected inside_box | mug2 is in box_lid_top, expected inside_box | mug3 is in cupboard_shelf, expected inside_box | spam is in pantry_area, expected cupboard_shelf | sugar is in pantry_area, expected cupboard_shelf | phone is in the inside_box placement area | HC-box violated: phone never cleared from the box placement area",planner_output_not_parseable:11 hc_violation:1
r1-distill-llama-8b,FINAL.K1-w2,2,replan_budget_exhausted,budget <- Plan format: planner_output_not_parseable,11,"can_of_beans is in pantry_area, expected cupboard_shelf | can_of_beans_2 is in pantry_area, expected cupboard_shelf | mug1 is in pantry_area, expected inside_box | mug2 is in box_lid_top, expected inside_box | mug3 is in cupboard_shelf, expected inside_box | spam is in pantry_area, expected cupboard_shelf | sugar is in pantry_area, expected cupboard_shelf | phone is in the inside_box placement area | HC-box violated: phone never cleared from the box placement area",planner_output_not_parseable:11 hc_violation:1
r1-distill-llama-8b,FINAL.K1-w2,3,replan_budget_exhausted,budget <- Plan format: planner_output_not_parseable,11,"can_of_beans is in pantry_area, expected cupboard_shelf | can_of_beans_2 is in pantry_area, expected cupboard_shelf | mug1 is in pantry_area, expected inside_box | mug2 is in box_lid_top, expected inside_box | mug3 is in cupboard_shelf, expected inside_box | spam is in pantry_area, expected cupboard_shelf | sugar is in pantry_area, expected cupboard_shelf | phone is in the inside_box placement area | HC-box violated: phone never cleared from the box placement area",planner_output_not_parseable:11 hc_violation:1
r1-distill-llama-8b,FINAL.K1-w2,4,replan_budget_exhausted,budget <- Plan format: planner_output_not_parseable,11,"can_of_beans is in pantry_area, expected cupboard_shelf | can_of_beans_2 is in pantry_area, expected cupboard_shelf | mug1 is in pantry_area, expected inside_box | mug2 is in box_lid_top, expected inside_box | mug3 is in cupboard_shelf, expected inside_box | spam is in pantry_area, expected cupboard_shelf | sugar is in pantry_area, expected cupboard_shelf | phone is in the inside_box placement area | HC-box violated: phone never cleared from the box placement area",planner_output_not_parseable:11 hc_violation:1
r1-distill-llama-8b,FINAL.K1-w2,5,replan_budget_exhausted,budget <- Plan format: planner_output_not_parseable,11,"can_of_beans is in pantry_area, expected cupboard_shelf | can_of_beans_2 is in pantry_area, expected cupboard_shelf | mug1 is in pantry_area, expected inside_box | mug2 is in box_lid_top, expected inside_box | mug3 is in cupboard_shelf, expected inside_box | spam is in pantry_area, expected cupboard_shelf | sugar is in pantry_area, expected cupboard_shelf | phone is in the inside_box placement area | HC-box violated: phone never cleared from the box placement area",planner_output_not_parseable:11 hc_violation:1
r1-distill-llama-8b,FINAL.K1-w2,6,replan_budget_exhausted,budget <- Plan format: planner_output_not_parseable,11,"can_of_beans is in pantry_area, expected cupboard_shelf | can_of_beans_2 is in pantry_area, expected cupboard_shelf | mug1 is in pantry_area, expected inside_box | mug2 is in box_lid_top, expected inside_box | mug3 is in cupboard_shelf, expected inside_box | spam is in pantry_area, expected cupboard_shelf | sugar is in pantry_area, expected cupboard_shelf | phone is in the inside_box placement area | HC-box violated: phone never cleared from the box placement area",planner_output_not_parseable:10 hc_violation:1 repeated_planner_output:1
r1-distill-llama-8b,FINAL.K1-w2,7,replan_budget_exhausted,budget <- Plan format: planner_output_not_parseable,11,"can_of_beans is in pantry_area, expected cupboard_shelf | can_of_beans_2 is in pantry_area, expected cupboard_shelf | mug1 is in pantry_area, expected inside_box | mug2 is in box_lid_top, expected inside_box | mug3 is in cupboard_shelf, expected inside_box | spam is in pantry_area, expected cupboard_shelf | sugar is in pantry_area, expected cupboard_shelf | phone is in the inside_box placement area | HC-box violated: phone never cleared from the box placement area",planner_output_not_parseable:11 hc_violation:1
r1-distill-llama-8b,FINAL.K1-w2,8,replan_budget_exhausted,budget <- Plan format: planner_output_not_parseable,11,"can_of_beans is in pantry_area, expected cupboard_shelf | can_of_beans_2 is in pantry_area, expected cupboard_shelf | mug1 is in pantry_area, expected inside_box | mug2 is in box_lid_top, expected inside_box | mug3 is in cupboard_shelf, expected inside_box | spam is in pantry_area, expected cupboard_shelf | sugar is in pantry_area, expected cupboard_shelf | phone is in the inside_box placement area | HC-box violated: phone never cleared from the box placement area",planner_output_not_parseable:11 hc_violation:1
r1-distill-llama-8b,FINAL.K1-w2,9,replan_budget_exhausted,budget <- Plan format: planner_output_not_parseable,11,"can_of_beans is in pantry_area, expected cupboard_shelf | can_of_beans_2 is in pantry_area, expected cupboard_shelf | mug1 is in pantry_area, expected inside_box | mug2 is in box_lid_top, expected inside_box | mug3 is in cupboard_shelf, expected inside_box | spam is in pantry_area, expected cupboard_shelf | sugar is in pantry_area, expected cupboard_shelf | phone is in the inside_box placement area | HC-box violated: phone never cleared from the box placement area",planner_output_not_parseable:10 hc_violation:1 repeated_planner_output:1
r1-distill-llama-8b,FINAL.G0,0,replan_budget_exhausted,budget <- Plan format: planner_output_not_parseable,11,"raw_meat_1 is in table, expected plate_top | plate is in dish_rack, expected serving_area | raw_meat_1 never completed a cooking cycle",planner_output_not_parseable:11
r1-distill-llama-8b,FINAL.G0,1,replan_budget_exhausted,budget <- Plan format: planner_output_not_parseable,11,"raw_meat_1 is in table, expected plate_top | plate is in dish_rack, expected serving_area | raw_meat_1 never completed a cooking cycle",planner_output_not_parseable:11
r1-distill-llama-8b,FINAL.G0,2,replan_budget_exhausted,budget <- Plan format: planner_output_not_parseable,11,"raw_meat_1 is in table, expected plate_top | plate is in dish_rack, expected serving_area | raw_meat_1 never completed a cooking cycle",planner_output_not_parseable:11
r1-distill-llama-8b,FINAL.G0,3,replan_budget_exhausted,budget <- Plan format: planner_output_not_parseable,11,"raw_meat_1 is in table, expected plate_top | plate is in dish_rack, expected serving_area | raw_meat_1 never completed a cooking cycle",planner_output_not_parseable:11
r1-distill-llama-8b,FINAL.G0,4,replan_budget_exhausted,budget <- Plan format: planner_output_not_parseable,11,"raw_meat_1 is in table, expected plate_top | plate is in dish_rack, expected serving_area | raw_meat_1 never completed a cooking cycle",planner_output_not_parseable:11
r1-distill-llama-8b,FINAL.G0,5,replan_budget_exhausted,budget <- Plan format: planner_output_not_parseable,11,"raw_meat_1 is in table, expected plate_top | plate is in dish_rack, expected serving_area | raw_meat_1 never completed a cooking cycle",planner_output_not_parseable:11
r1-distill-llama-8b,FINAL.G0,6,replan_budget_exhausted,budget <- Plan format: planner_output_not_parseable,11,"raw_meat_1 is in table, expected plate_top | plate is in dish_rack, expected serving_area | raw_meat_1 never completed a cooking cycle",planner_output_not_parseable:10 repeated_planner_output:1
r1-distill-llama-8b,FINAL.G0,7,replan_budget_exhausted,budget <- Plan format: planner_output_not_parseable,11,"raw_meat_1 is in table, expected plate_top | plate is in dish_rack, expected serving_area | raw_meat_1 never completed a cooking cycle",planner_output_not_parseable:11
r1-distill-llama-8b,FINAL.G0,8,replan_budget_exhausted,budget <- Plan format: planner_output_not_parseable,11,"raw_meat_1 is in table, expected plate_top | plate is in dish_rack, expected serving_area | raw_meat_1 never completed a cooking cycle",planner_output_not_parseable:11
r1-distill-llama-8b,FINAL.G0,9,replan_budget_exhausted,budget <- Plan format: planner_output_not_parseable,11,"raw_meat_1 is in table, expected plate_top | plate is in dish_rack, expected serving_area | raw_meat_1 never completed a cooking cycle",planner_output_not_parseable:11
r1-distill-llama-8b,FINAL.G1,0,replan_budget_exhausted,budget <- Plan format: planner_output_not_parseable,11,"cooked_meat_1 is in inside_grill, expected plate_top | cooked_meat_2 is in inside_grill, expected plate_top | raw_meat_1 is in table, expected plate_top | plate is in dish_rack, expected serving_area | raw_meat_1 never completed a cooking cycle",planner_output_not_parseable:11
r1-distill-llama-8b,FINAL.G1,1,replan_budget_exhausted,budget <- Plan format: planner_output_not_parseable,11,"cooked_meat_1 is in inside_grill, expected plate_top | cooked_meat_2 is in inside_grill, expected plate_top | raw_meat_1 is in table, expected plate_top | plate is in dish_rack, expected serving_area | raw_meat_1 never completed a cooking cycle",planner_output_not_parseable:11
r1-distill-llama-8b,FINAL.G1,2,replan_budget_exhausted,budget <- Plan format: planner_output_not_parseable,11,"cooked_meat_1 is in inside_grill, expected plate_top | cooked_meat_2 is in inside_grill, expected plate_top | raw_meat_1 is in table, expected plate_top | plate is in dish_rack, expected serving_area | raw_meat_1 never completed a cooking cycle",planner_output_not_parseable:11
r1-distill-llama-8b,FINAL.G1,3,replan_budget_exhausted,budget <- Plan format: planner_output_not_parseable,11,"cooked_meat_1 is in inside_grill, expected plate_top | cooked_meat_2 is in inside_grill, expected plate_top | raw_meat_1 is in table, expected plate_top | plate is in dish_rack, expected serving_area | raw_meat_1 never completed a cooking cycle",planner_output_not_parseable:11
r1-distill-llama-8b,FINAL.G1,4,replan_budget_exhausted,budget <- Plan format: planner_output_not_parseable,11,"cooked_meat_1 is in inside_grill, expected plate_top | cooked_meat_2 is in inside_grill, expected plate_top | raw_meat_1 is in table, expected plate_top | plate is in dish_rack, expected serving_area | raw_meat_1 never completed a cooking cycle",planner_output_not_parseable:11
r1-distill-llama-8b,FINAL.G1,5,replan_budget_exhausted,budget <- Plan format: planner_output_not_parseable,11,"cooked_meat_1 is in inside_grill, expected plate_top | cooked_meat_2 is in inside_grill, expected plate_top | raw_meat_1 is in table, expected plate_top | plate is in dish_rack, expected serving_area | raw_meat_1 never completed a cooking cycle",planner_output_not_parseable:11
r1-distill-llama-8b,FINAL.G1,6,replan_budget_exhausted,budget <- Plan format: planner_output_not_parseable,11,"cooked_meat_1 is in inside_grill, expected plate_top | cooked_meat_2 is in inside_grill, expected plate_top | raw_meat_1 is in table, expected plate_top | plate is in dish_rack, expected serving_area | raw_meat_1 never completed a cooking cycle",planner_output_not_parseable:11
r1-distill-llama-8b,FINAL.G1,7,replan_budget_exhausted,budget <- Plan format: planner_output_not_parseable,11,"cooked_meat_1 is in inside_grill, expected plate_top | cooked_meat_2 is in inside_grill, expected plate_top | raw_meat_1 is in table, expected plate_top | plate is in dish_rack, expected serving_area | raw_meat_1 never completed a cooking cycle",planner_output_not_parseable:10 repeated_planner_output:1
r1-distill-llama-8b,FINAL.G1,8,replan_budget_exhausted,budget <- Plan format: planner_output_not_parseable,11,"cooked_meat_1 is in inside_grill, expected plate_top | cooked_meat_2 is in inside_grill, expected plate_top | raw_meat_1 is in table, expected plate_top | plate is in dish_rack, expected serving_area | raw_meat_1 never completed a cooking cycle",planner_output_not_parseable:10 repeated_planner_output:1
r1-distill-llama-8b,FINAL.G1,9,replan_budget_exhausted,budget <- Plan format: planner_output_not_parseable,11,"cooked_meat_1 is in inside_grill, expected plate_top | cooked_meat_2 is in inside_grill, expected plate_top | raw_meat_1 is in table, expected plate_top | plate is in dish_rack, expected serving_area | raw_meat_1 never completed a cooking cycle",planner_output_not_parseable:11
r1-distill-llama-8b,FINAL.G2,0,replan_budget_exhausted,budget <- Plan format: planner_output_not_parseable,11,"cooked_meat_1 is in inside_grill, expected plate_top | raw_meat_1 is in table, expected plate_top | raw_meat_2 is in inside_grill, expected plate_top | plate is in dish_rack, expected serving_area | raw_meat_1 never completed a cooking cycle | raw_meat_2 never completed a cooking cycle",planner_output_not_parseable:11
r1-distill-llama-8b,FINAL.G2,1,replan_budget_exhausted,budget <- Plan format: planner_output_not_parseable,11,"cooked_meat_1 is in inside_grill, expected plate_top | raw_meat_1 is in table, expected plate_top | raw_meat_2 is in inside_grill, expected plate_top | plate is in dish_rack, expected serving_area | raw_meat_1 never completed a cooking cycle | raw_meat_2 never completed a cooking cycle",planner_output_not_parseable:11
r1-distill-llama-8b,FINAL.G2,2,replan_budget_exhausted,budget <- Plan format: planner_output_not_parseable,11,"cooked_meat_1 is in inside_grill, expected plate_top | raw_meat_1 is in table, expected plate_top | raw_meat_2 is in inside_grill, expected plate_top | plate is in dish_rack, expected serving_area | raw_meat_1 never completed a cooking cycle | raw_meat_2 never completed a cooking cycle",planner_output_not_parseable:11
r1-distill-llama-8b,FINAL.G2,3,replan_budget_exhausted,budget <- Plan format: planner_output_not_parseable,11,"cooked_meat_1 is in inside_grill, expected plate_top | raw_meat_1 is in table, expected plate_top | raw_meat_2 is in inside_grill, expected plate_top | plate is in dish_rack, expected serving_area | raw_meat_1 never completed a cooking cycle | raw_meat_2 never completed a cooking cycle",planner_output_not_parseable:11
r1-distill-llama-8b,FINAL.G2,4,replan_budget_exhausted,budget <- Plan format: planner_output_not_parseable,11,"cooked_meat_1 is in inside_grill, expected plate_top | raw_meat_1 is in table, expected plate_top | raw_meat_2 is in inside_grill, expected plate_top | plate is in dish_rack, expected serving_area | raw_meat_1 never completed a cooking cycle | raw_meat_2 never completed a cooking cycle",planner_output_not_parseable:11
r1-distill-llama-8b,FINAL.G2,5,replan_budget_exhausted,budget <- Plan format: planner_output_not_parseable,11,"cooked_meat_1 is in inside_grill, expected plate_top | raw_meat_1 is in table, expected plate_top | raw_meat_2 is in inside_grill, expected plate_top | plate is in dish_rack, expected serving_area | raw_meat_1 never completed a cooking cycle | raw_meat_2 never completed a cooking cycle",planner_output_not_parseable:11
r1-distill-llama-8b,FINAL.G2,6,replan_budget_exhausted,budget <- Plan format: planner_output_not_parseable,11,"cooked_meat_1 is in inside_grill, expected plate_top | raw_meat_1 is in table, expected plate_top | raw_meat_2 is in inside_grill, expected plate_top | plate is in dish_rack, expected serving_area | raw_meat_1 never completed a cooking cycle | raw_meat_2 never completed a cooking cycle",planner_output_not_parseable:11
r1-distill-llama-8b,FINAL.G2,7,replan_budget_exhausted,budget <- Plan format: planner_output_not_parseable,11,"cooked_meat_1 is in inside_grill, expected plate_top | raw_meat_1 is in table, expected plate_top | raw_meat_2 is in inside_grill, expected plate_top | plate is in dish_rack, expected serving_area | raw_meat_1 never completed a cooking cycle | raw_meat_2 never completed a cooking cycle",planner_output_not_parseable:11
r1-distill-llama-8b,FINAL.G2,8,replan_budget_exhausted,budget <- Plan format: planner_output_not_parseable,11,"cooked_meat_1 is in inside_grill, expected plate_top | raw_meat_1 is in table, expected plate_top | raw_meat_2 is in inside_grill, expected plate_top | plate is in dish_rack, expected serving_area | raw_meat_1 never completed a cooking cycle | raw_meat_2 never completed a cooking cycle",planner_output_not_parseable:11
r1-distill-llama-8b,FINAL.G2,9,replan_budget_exhausted,budget <- Plan format: planner_output_not_parseable,11,"cooked_meat_1 is in inside_grill, expected plate_top | raw_meat_1 is in table, expected plate_top | raw_meat_2 is in inside_grill, expected plate_top | plate is in dish_rack, expected serving_area | raw_meat_1 never completed a cooking cycle | raw_meat_2 never completed a cooking cycle",planner_output_not_parseable:11
r1-distill-llama-8b,FINAL.G3,0,replan_budget_exhausted,budget <- Plan format: planner_output_not_parseable,11,"raw_meat_1 is in table, expected plate_top | raw_meat_2 is in inside_grill, expected plate_top | raw_meat_3 is in inside_grill, expected plate_top | plate is in dish_rack, expected serving_area | raw_meat_1 never completed a cooking cycle | raw_meat_2 never completed a cooking cycle | raw_meat_3 never completed a cooking cycle",planner_output_not_parseable:11
r1-distill-llama-8b,FINAL.G3,1,replan_budget_exhausted,budget <- Plan format: planner_output_not_parseable,11,"raw_meat_1 is in table, expected plate_top | raw_meat_2 is in inside_grill, expected plate_top | raw_meat_3 is in inside_grill, expected plate_top | plate is in dish_rack, expected serving_area | raw_meat_1 never completed a cooking cycle | raw_meat_2 never completed a cooking cycle | raw_meat_3 never completed a cooking cycle",planner_output_not_parseable:11
r1-distill-llama-8b,FINAL.G3,2,replan_budget_exhausted,budget <- Plan format: planner_output_not_parseable,11,"raw_meat_1 is in table, expected plate_top | raw_meat_2 is in inside_grill, expected plate_top | raw_meat_3 is in inside_grill, expected plate_top | plate is in dish_rack, expected serving_area | raw_meat_1 never completed a cooking cycle | raw_meat_2 never completed a cooking cycle | raw_meat_3 never completed a cooking cycle",planner_output_not_parseable:11
r1-distill-llama-8b,FINAL.G3,3,replan_budget_exhausted,budget <- Plan format: planner_output_not_parseable,11,"raw_meat_1 is in table, expected plate_top | raw_meat_2 is in inside_grill, expected plate_top | raw_meat_3 is in inside_grill, expected plate_top | plate is in dish_rack, expected serving_area | raw_meat_1 never completed a cooking cycle | raw_meat_2 never completed a cooking cycle | raw_meat_3 never completed a cooking cycle",planner_output_not_parseable:11
r1-distill-llama-8b,FINAL.G3,4,replan_budget_exhausted,budget <- Plan format: planner_output_not_parseable,11,"raw_meat_1 is in table, expected plate_top | raw_meat_2 is in inside_grill, expected plate_top | raw_meat_3 is in inside_grill, expected plate_top | plate is in dish_rack, expected serving_area | raw_meat_1 never completed a cooking cycle | raw_meat_2 never completed a cooking cycle | raw_meat_3 never completed a cooking cycle",planner_output_not_parseable:11
r1-distill-llama-8b,FINAL.G3,5,replan_budget_exhausted,budget <- Plan format: planner_output_not_parseable,11,"raw_meat_1 is in table, expected plate_top | raw_meat_2 is in inside_grill, expected plate_top | raw_meat_3 is in inside_grill, expected plate_top | plate is in dish_rack, expected serving_area | raw_meat_1 never completed a cooking cycle | raw_meat_2 never completed a cooking cycle | raw_meat_3 never completed a cooking cycle",planner_output_not_parseable:11
r1-distill-llama-8b,FINAL.G3,6,replan_budget_exhausted,budget <- Plan format: planner_output_not_parseable,11,"raw_meat_1 is in table, expected plate_top | raw_meat_2 is in inside_grill, expected plate_top | raw_meat_3 is in inside_grill, expected plate_top | plate is in dish_rack, expected serving_area | raw_meat_1 never completed a cooking cycle | raw_meat_2 never completed a cooking cycle | raw_meat_3 never completed a cooking cycle",planner_output_not_parseable:11
r1-distill-llama-8b,FINAL.G3,7,replan_budget_exhausted,budget <- Plan format: planner_output_not_parseable,11,"raw_meat_1 is in table, expected plate_top | raw_meat_2 is in inside_grill, expected plate_top | raw_meat_3 is in inside_grill, expected plate_top | plate is in dish_rack, expected serving_area | raw_meat_1 never completed a cooking cycle | raw_meat_2 never completed a cooking cycle | raw_meat_3 never completed a cooking cycle",planner_output_not_parseable:11
r1-distill-llama-8b,FINAL.G3,8,replan_budget_exhausted,budget <- Plan format: planner_output_not_parseable,11,"raw_meat_1 is in table, expected plate_top | raw_meat_2 is in inside_grill, expected plate_top | raw_meat_3 is in inside_grill, expected plate_top | plate is in dish_rack, expected serving_area | raw_meat_1 never completed a cooking cycle | raw_meat_2 never completed a cooking cycle | raw_meat_3 never completed a cooking cycle",planner_output_not_parseable:11
r1-distill-llama-8b,FINAL.G3,9,replan_budget_exhausted,budget <- Plan format: planner_output_not_parseable,11,"raw_meat_1 is in table, expected plate_top | raw_meat_2 is in inside_grill, expected plate_top | raw_meat_3 is in inside_grill, expected plate_top | plate is in dish_rack, expected serving_area | raw_meat_1 never completed a cooking cycle | raw_meat_2 never completed a cooking cycle | raw_meat_3 never completed a cooking cycle",planner_output_not_parseable:11
r1-distill-llama-8b,FINAL.G1-n1,0,replan_budget_exhausted,budget <- Plan format: planner_output_not_parseable,11,"cooked_meat_1 is in inside_grill, expected plate_top | raw_meat_1 is in table, expected plate_top | plate is in dish_rack, expected serving_area | raw_meat_1 never completed a cooking cycle",planner_output_not_parseable:11
r1-distill-llama-8b,FINAL.G1-n1,1,replan_budget_exhausted,budget <- Plan format: planner_output_not_parseable,11,"cooked_meat_1 is in inside_grill, expected plate_top | raw_meat_1 is in table, expected plate_top | plate is in dish_rack, expected serving_area | raw_meat_1 never completed a cooking cycle",planner_output_not_parseable:11
r1-distill-llama-8b,FINAL.G1-n1,2,replan_budget_exhausted,budget <- Plan format: planner_output_not_parseable,11,"cooked_meat_1 is in inside_grill, expected plate_top | raw_meat_1 is in table, expected plate_top | plate is in dish_rack, expected serving_area | raw_meat_1 never completed a cooking cycle",planner_output_not_parseable:11
r1-distill-llama-8b,FINAL.G1-n1,3,replan_budget_exhausted,budget <- Plan format: planner_output_not_parseable,11,"cooked_meat_1 is in inside_grill, expected plate_top | raw_meat_1 is in table, expected plate_top | plate is in dish_rack, expected serving_area | raw_meat_1 never completed a cooking cycle",planner_output_not_parseable:11
r1-distill-llama-8b,FINAL.G1-n1,4,replan_budget_exhausted,budget <- Plan format: planner_output_not_parseable,11,"cooked_meat_1 is in inside_grill, expected plate_top | raw_meat_1 is in table, expected plate_top | plate is in dish_rack, expected serving_area | raw_meat_1 never completed a cooking cycle",planner_output_not_parseable:11
r1-distill-llama-8b,FINAL.G1-n1,5,replan_budget_exhausted,budget <- Plan format: planner_output_not_parseable,11,"cooked_meat_1 is in inside_grill, expected plate_top | raw_meat_1 is in table, expected plate_top | plate is in dish_rack, expected serving_area | raw_meat_1 never completed a cooking cycle",planner_output_not_parseable:11
r1-distill-llama-8b,FINAL.G1-n1,6,replan_budget_exhausted,budget <- Plan format: planner_output_not_parseable,11,"cooked_meat_1 is in inside_grill, expected plate_top | raw_meat_1 is in table, expected plate_top | plate is in dish_rack, expected serving_area | raw_meat_1 never completed a cooking cycle",planner_output_not_parseable:11
r1-distill-llama-8b,FINAL.G1-n1,7,replan_budget_exhausted,budget <- Plan format: planner_output_not_parseable,11,"cooked_meat_1 is in inside_grill, expected plate_top | raw_meat_1 is in table, expected plate_top | plate is in dish_rack, expected serving_area | raw_meat_1 never completed a cooking cycle",planner_output_not_parseable:11
r1-distill-llama-8b,FINAL.G1-n1,8,replan_budget_exhausted,budget <- Plan format: planner_output_not_parseable,11,"cooked_meat_1 is in inside_grill, expected plate_top | raw_meat_1 is in table, expected plate_top | plate is in dish_rack, expected serving_area | raw_meat_1 never completed a cooking cycle",planner_output_not_parseable:11
r1-distill-llama-8b,FINAL.G1-n1,9,replan_budget_exhausted,budget <- Plan format: planner_output_not_parseable,11,"cooked_meat_1 is in inside_grill, expected plate_top | raw_meat_1 is in table, expected plate_top | plate is in dish_rack, expected serving_area | raw_meat_1 never completed a cooking cycle",planner_output_not_parseable:11
r1-distill-qwen-7b,FINAL.K0,0,planner_returned_no_actions,Task plan,3,"mug1 is in pantry_area, expected inside_box | mug2 is in box_lid_top, expected inside_box | mug3 is in cupboard_shelf, expected inside_box | spam is in pantry_area, expected cupboard_shelf | sugar is in pantry_area, expected cupboard_shelf",unknown_action_token:1 box_lid_obstructed:1
r1-distill-qwen-7b,FINAL.K0,1,replan_budget_exhausted,budget <- Scene precondition: box_lid_obstructed,11,"mug1 is in pantry_area, expected inside_box | mug2 is in box_lid_top, expected inside_box | mug3 is in cupboard_shelf, expected inside_box | spam is in pantry_area, expected cupboard_shelf | sugar is in pantry_area, expected cupboard_shelf",box_lid_obstructed:5 planner_output_not_parseable:2 orphan_place:2 missing_post_pick_place:1 unknown_action_token:1
r1-distill-qwen-7b,FINAL.K0,2,replan_budget_exhausted,budget <- Scene precondition: box_lid_obstructed,11,"mug1 is in pantry_area, expected inside_box | mug2 is in box_lid_top, expected inside_box | mug3 is in cupboard_shelf, expected inside_box | spam is in pantry_area, expected cupboard_shelf | sugar is in pantry_area, expected cupboard_shelf",box_lid_obstructed:5 planner_output_not_parseable:3 unknown_action_token:1 box_lid_closed:1 placement_failed:1
r1-distill-qwen-7b,FINAL.K0,3,replan_budget_exhausted,budget <- Scene precondition: box_lid_obstructed,11,"mug1 is in pantry_area, expected inside_box | mug2 is in box_lid_top, expected inside_box | mug3 is in cupboard_shelf, expected inside_box | spam is in pantry_area, expected cupboard_shelf | sugar is in pantry_area, expected cupboard_shelf",box_lid_obstructed:6 orphan_place:2 planner_output_not_parseable:2 unknown_action_token:1
r1-distill-qwen-7b,FINAL.K0,4,replan_loop,loop <- Scene precondition: box_lid_obstructed,7,"mug1 is in pantry_area, expected inside_box | mug2 is in box_lid_top, expected inside_box | mug3 is in cupboard_shelf, expected inside_box | spam is in pantry_area, expected cupboard_shelf | sugar is in pantry_area, expected cupboard_shelf",box_lid_obstructed:3 planner_output_not_parseable:2 repeated_planner_output:2
r1-distill-qwen-7b,FINAL.K0,5,replan_budget_exhausted,budget <- Corrective block: invalid_corrective_block,11,"mug1 is in box_lid_top, expected inside_box | mug2 is in box_lid_top, expected inside_box | mug3 is in cupboard_shelf, expected inside_box | spam is in pantry_area, expected cupboard_shelf | sugar is in pantry_area, expected cupboard_shelf",invalid_corrective_block:8 box_lid_closed:1 missing_post_pick_place:1
r1-distill-qwen-7b,FINAL.K0,6,replan_budget_exhausted,budget <- Plan format: planner_output_not_parseable,11,"mug1 is in pantry_area, expected inside_box | mug2 is in box_lid_top, expected inside_box | mug3 is in cupboard_shelf, expected inside_box | spam is in pantry_area, expected cupboard_shelf | sugar is in pantry_area, expected cupboard_shelf",planner_output_not_parseable:4 box_lid_obstructed:4 unknown_action_token:3
r1-distill-qwen-7b,FINAL.K0,7,planner_returned_no_actions,Task plan,10,"mug1 is in pantry_area, expected inside_box | mug2 is in box_lid_top, expected inside_box | mug3 is in cupboard_shelf, expected inside_box | spam is in pantry_area, expected cupboard_shelf | sugar is in pantry_area, expected cupboard_shelf",unknown_action_token:3 box_lid_obstructed:3 planner_output_not_parseable:2 orphan_place:1
r1-distill-qwen-7b,FINAL.K0,8,replan_budget_exhausted,budget <- Scene precondition: box_lid_obstructed,11,"mug1 is in pantry_area, expected inside_box | mug2 is in box_lid_top, expected inside_box | mug3 is in cupboard_shelf, expected inside_box | spam is in pantry_area, expected cupboard_shelf | sugar is in pantry_area, expected cupboard_shelf",box_lid_obstructed:6 planner_output_not_parseable:4 unknown_action_token:1
r1-distill-qwen-7b,FINAL.K0,9,replan_budget_exhausted,budget <- Scene precondition: box_lid_obstructed,11,"mug1 is in pantry_area, expected inside_box | mug2 is in box_lid_top, expected inside_box | mug3 is in cupboard_shelf, expected inside_box | spam is in pantry_area, expected cupboard_shelf | sugar is in pantry_area, expected cupboard_shelf",box_lid_obstructed:6 planner_output_not_parseable:4 unknown_action_token:1
r1-distill-qwen-7b,FINAL.K1,0,replan_budget_exhausted,budget <- Scene precondition: box_lid_obstructed,11,"mug1 is in pantry_area, expected inside_box | mug2 is in box_lid_top, expected inside_box | mug3 is in cupboard_shelf, expected inside_box | spam is in pantry_area, expected cupboard_shelf | sugar is in pantry_area, expected cupboard_shelf | phone is in the inside_box placement area | HC-box violated: phone never cleared from the box placement area",box_lid_obstructed:5 orphan_place:2 planner_output_not_parseable:2 hc_violation:1 pick_place_mismatch:1 unknown_action_token:1
r1-distill-qwen-7b,FINAL.K1,1,replan_budget_exhausted,budget <- Scene precondition: box_lid_obstructed,11,"mug1 is in pantry_area, expected inside_box | mug2 is in box_lid_top, expected inside_box | mug3 is in cupboard_shelf, expected inside_box | spam is in table, expected cupboard_shelf | sugar is in pantry_area, expected cupboard_shelf | phone is in the inside_box placement area | HC-box violated: phone never cleared from the box placement area",box_lid_obstructed:3 box_lid_closed:3 missing_post_pick_place:3 hc_violation:1 planner_output_not_parseable:1 orphan_place:1
r1-distill-qwen-7b,FINAL.K1,2,replan_budget_exhausted,budget <- Scene precondition: box_lid_obstructed,11,"mug1 is in pantry_area, expected inside_box | mug2 is in box_lid_top, expected inside_box | mug3 is in cupboard_shelf, expected inside_box | spam is in pantry_area, expected cupboard_shelf | sugar is in pantry_area, expected cupboard_shelf | phone is in the inside_box placement area | HC-box violated: phone never cleared from the box placement area",box_lid_obstructed:6 planner_output_not_parseable:4 hc_violation:1 orphan_place:1
r1-distill-qwen-7b,FINAL.K1,3,planner_returned_no_actions,Task plan,11,"mug1 is in pantry_area, expected inside_box | mug2 is in box_lid_top, expected inside_box | mug3 is in cupboard_shelf, expected inside_box | spam is in pantry_area, expected cupboard_shelf | sugar is in pantry_area, expected cupboard_shelf | phone is in the inside_box placement area | HC-box violated: phone never cleared from the box placement area",box_lid_obstructed:7 planner_output_not_parseable:2 hc_violation:1 unknown_action_token:1
r1-distill-qwen-7b,FINAL.K1,4,replan_budget_exhausted,budget <- Scene precondition: box_lid_obstructed,11,"mug1 is in pantry_area, expected inside_box | mug2 is in box_lid_top, expected inside_box | mug3 is in cupboard_shelf, expected inside_box | spam is in pantry_area, expected cupboard_shelf | sugar is in pantry_area, expected cupboard_shelf | phone is in the inside_box placement area | HC-box violated: phone never cleared from the box placement area",box_lid_obstructed:5 planner_output_not_parseable:3 orphan_place:2 hc_violation:1 unknown_action_token:1
r1-distill-qwen-7b,FINAL.K1,5,planner_returned_no_actions,Task plan,8,"mug1 is in pantry_area, expected inside_box | mug2 is in box_lid_top, expected inside_box | mug3 is in cupboard_shelf, expected inside_box | spam is in pantry_area, expected cupboard_shelf | sugar is in pantry_area, expected cupboard_shelf | phone is in the inside_box placement area | HC-box violated: phone never cleared from the box placement area",box_lid_obstructed:6 hc_violation:1 planner_output_not_parseable:1
r1-distill-qwen-7b,FINAL.K1,6,planner_returned_no_actions,Task plan,1,"mug1 is in pantry_area, expected inside_box | mug2 is in box_lid_top, expected inside_box | mug3 is in cupboard_shelf, expected inside_box | spam is in pantry_area, expected cupboard_shelf | sugar is in pantry_area, expected cupboard_shelf | phone is in the inside_box placement area | HC-box violated: phone never cleared from the box placement area",hc_violation:1
r1-distill-qwen-7b,FINAL.K1,7,replan_budget_exhausted,budget <- Scene precondition: box_lid_obstructed,11,"mug1 is in pantry_area, expected inside_box | mug2 is in box_lid_top, expected inside_box | mug3 is in cupboard_shelf, expected inside_box | spam is in pantry_area, expected cupboard_shelf | sugar is in pantry_area, expected cupboard_shelf | phone is in the inside_box placement area | HC-box violated: phone never cleared from the box placement area",box_lid_obstructed:7 orphan_place:2 planner_output_not_parseable:2 hc_violation:1
r1-distill-qwen-7b,FINAL.K1,8,replan_budget_exhausted,budget <- Scene precondition: box_lid_obstructed,11,"mug1 is in pantry_area, expected inside_box | mug2 is in box_lid_top, expected inside_box | mug3 is in cupboard_shelf, expected inside_box | spam is in pantry_area, expected cupboard_shelf | sugar is in pantry_area, expected cupboard_shelf | phone is in the inside_box placement area | HC-box violated: phone never cleared from the box placement area",box_lid_obstructed:5 planner_output_not_parseable:3 unknown_action_token:2 hc_violation:1 orphan_place:1
r1-distill-qwen-7b,FINAL.K1,9,planner_returned_no_actions,Task plan,2,"mug1 is in pantry_area, expected inside_box | mug2 is in box_lid_top, expected inside_box | mug3 is in cupboard_shelf, expected inside_box | spam is in pantry_area, expected cupboard_shelf | sugar is in pantry_area, expected cupboard_shelf | phone is in the inside_box placement area | HC-box violated: phone never cleared from the box placement area",hc_violation:1 unknown_action_token:1
r1-distill-qwen-7b,FINAL.K2,0,replan_budget_exhausted,budget <- Plan rules: missing_post_pick_place,11,"mug1 is in pantry_area, expected inside_box | mug2 is in table, expected inside_box | mug3 is in cupboard_shelf, expected inside_box | spam is in pantry_area, expected cupboard_shelf | sugar is in pantry_area, expected cupboard_shelf",missing_post_pick_place:5 planner_output_not_parseable:2 box_lid_closed:2 box_lid_obstructed:1 repeated_planner_output:1
r1-distill-qwen-7b,FINAL.K2,1,replan_budget_exhausted,budget <- Scene precondition: box_lid_obstructed,11,"mug1 is in pantry_area, expected inside_box | mug2 is in box_lid_top, expected inside_box | mug3 is in cupboard_shelf, expected inside_box | spam is in pantry_area, expected cupboard_shelf | sugar is in pantry_area, expected cupboard_shelf",box_lid_obstructed:6 planner_output_not_parseable:3 unknown_action_token:1 missing_post_pick_place:1
r1-distill-qwen-7b,FINAL.K2,2,replan_budget_exhausted,budget <- Scene precondition: box_lid_obstructed,11,"mug1 is in pantry_area, expected inside_box | mug2 is in box_lid_top, expected inside_box | mug3 is in cupboard_shelf, expected inside_box | spam is in pantry_area, expected cupboard_shelf | sugar is in pantry_area, expected cupboard_shelf",box_lid_obstructed:5 planner_output_not_parseable:3 orphan_place:2 missing_post_pick_place:1
r1-distill-qwen-7b,FINAL.K2,3,planner_returned_no_actions,Task plan,7,"mug1 is in pantry_area, expected inside_box | mug2 is in box_lid_top, expected inside_box | mug3 is in cupboard_shelf, expected inside_box | spam is in pantry_area, expected cupboard_shelf | sugar is in pantry_area, expected cupboard_shelf",box_lid_obstructed:3 planner_output_not_parseable:2 unknown_action_token:1
r1-distill-qwen-7b,FINAL.K2,4,replan_budget_exhausted,budget <- Scene precondition: box_lid_obstructed,11,"mug1 is in pantry_area, expected inside_box | mug2 is in box_lid_top, expected inside_box | mug3 is in cupboard_shelf, expected inside_box | spam is in pantry_area, expected cupboard_shelf | sugar is in pantry_area, expected cupboard_shelf",box_lid_obstructed:5 orphan_place:3 planner_output_not_parseable:2 unknown_action_token:1
r1-distill-qwen-7b,FINAL.K2,5,replan_budget_exhausted,budget <- Scene precondition: box_lid_obstructed,11,"mug1 is in cupboard_shelf, expected inside_box | mug2 is in box_lid_top, expected inside_box | mug3 is in cupboard_shelf, expected inside_box",box_lid_obstructed:5 planner_output_not_parseable:3 orphan_place:1 invalid_corrective_block:1
r1-distill-qwen-7b,FINAL.K2,6,replan_budget_exhausted,budget <- Scene precondition: box_lid_obstructed,11,"mug1 is in pantry_area, expected inside_box | mug2 is in box_lid_top, expected inside_box | mug3 is in cupboard_shelf, expected inside_box | spam is in pantry_area, expected cupboard_shelf | sugar is in pantry_area, expected cupboard_shelf",box_lid_obstructed:5 planner_output_not_parseable:4 unknown_action_token:2
r1-distill-qwen-7b,FINAL.K2,7,planner_returned_no_actions,Task plan,2,"mug1 is in pantry_area, expected inside_box | mug2 is in box_lid_top, expected inside_box | mug3 is in cupboard_shelf, expected inside_box | spam is in pantry_area, expected cupboard_shelf | sugar is in pantry_area, expected cupboard_shelf",box_lid_obstructed:1
r1-distill-qwen-7b,FINAL.K2,8,replan_budget_exhausted,budget <- Scene precondition: box_lid_obstructed,11,"mug1 is in pantry_area, expected inside_box | mug2 is in box_lid_top, expected inside_box | mug3 is in cupboard_shelf, expected inside_box | spam is in pantry_area, expected cupboard_shelf | sugar is in pantry_area, expected cupboard_shelf",box_lid_obstructed:5 planner_output_not_parseable:3 unknown_action_token:2 unobserved_object:1
r1-distill-qwen-7b,FINAL.K2,9,replan_budget_exhausted,budget <- Scene precondition: box_lid_obstructed,11,"mug1 is in pantry_area, expected inside_box | mug2 is in box_lid_top, expected inside_box | mug3 is in cupboard_shelf, expected inside_box | spam is in pantry_area, expected cupboard_shelf | sugar is in pantry_area, expected cupboard_shelf",box_lid_obstructed:6 planner_output_not_parseable:3 orphan_place:1 unknown_action_token:1
r1-distill-qwen-7b,FINAL.K3,0,planner_returned_no_actions,Task plan,4,"can_of_beans is in inside_box, expected cupboard_shelf | mug1 is in pantry_area, expected inside_box | mug2 is in box_lid_top, expected inside_box | mug3 is in cupboard_shelf, expected inside_box | spam is in pantry_area, expected cupboard_shelf | sugar is in pantry_area, expected cupboard_shelf | HC-box violated: can_of_beans never cleared from the box placement area",unknown_action_token:2 hc_violation:1 box_lid_obstructed:1
r1-distill-qwen-7b,FINAL.K3,1,replan_budget_exhausted,budget <- Plan format: unknown_action_token,11,"can_of_beans is in inside_box, expected cupboard_shelf | mug1 is in pantry_area, expected inside_box | mug2 is in box_lid_top, expected inside_box | mug3 is in cupboard_shelf, expected inside_box | spam is in pantry_area, expected cupboard_shelf | sugar is in pantry_area, expected cupboard_shelf | HC-box violated: can_of_beans never cleared from the box placement area",unknown_action_token:4 box_lid_obstructed:4 planner_output_not_parseable:2 hc_violation:1 orphan_place:1
r1-distill-qwen-7b,FINAL.K3,2,planner_returned_no_actions,Task plan,11,"can_of_beans is in inside_box, expected cupboard_shelf | mug1 is in pantry_area, expected inside_box | mug2 is in box_lid_top, expected inside_box | mug3 is in cupboard_shelf, expected inside_box | spam is in pantry_area, expected cupboard_shelf | sugar is in pantry_area, expected cupboard_shelf | HC-box violated: can_of_beans never cleared from the box placement area",box_lid_obstructed:4 unknown_action_token:2 planner_output_not_parseable:2 hc_violation:1 object_did_not_move:1 orphan_place:1
r1-distill-qwen-7b,FINAL.K3,3,replan_budget_exhausted,budget <- Scene precondition: box_lid_obstructed,11,"can_of_beans is in inside_box, expected cupboard_shelf | mug1 is in pantry_area, expected inside_box | mug2 is in box_lid_top, expected inside_box | mug3 is in cupboard_shelf, expected inside_box | spam is in pantry_area, expected cupboard_shelf | sugar is in pantry_area, expected cupboard_shelf | HC-box violated: can_of_beans never cleared from the box placement area",box_lid_obstructed:7 planner_output_not_parseable:2 hc_violation:1 unknown_action_token:1 orphan_place:1
r1-distill-qwen-7b,FINAL.K3,4,replan_budget_exhausted,budget <- Scene precondition: box_lid_obstructed,11,"can_of_beans is in inside_box, expected cupboard_shelf | mug1 is in pantry_area, expected inside_box | mug2 is in box_lid_top, expected inside_box | mug3 is in cupboard_shelf, expected inside_box | spam is in pantry_area, expected cupboard_shelf | sugar is in pantry_area, expected cupboard_shelf | HC-box violated: can_of_beans never cleared from the box placement area",box_lid_obstructed:5 unknown_action_token:3 hc_violation:1 planner_output_not_parseable:1 unobserved_object:1 orphan_place:1
r1-distill-qwen-7b,FINAL.K3,5,replan_budget_exhausted,budget <- Plan format: planner_output_not_parseable,11,"can_of_beans is in inside_box, expected cupboard_shelf | mug1 is in pantry_area, expected inside_box | mug2 is in table, expected inside_box | mug3 is in cupboard_shelf, expected inside_box | spam is in pantry_area, expected cupboard_shelf | sugar is in pantry_area, expected cupboard_shelf | HC-box violated: can_of_beans never cleared from the box placement area",planner_output_not_parseable:3 box_lid_obstructed:2 missing_post_pick_place:2 hc_violation:1 box_lid_closed:1 orphan_place:1 unknown_action_token:1 pick_place_mismatch:1
r1-distill-qwen-7b,FINAL.K3,6,planner_returned_no_actions,Task plan,8,"can_of_beans is in inside_box, expected cupboard_shelf | mug1 is in pantry_area, expected inside_box | mug2 is in table, expected inside_box | mug3 is in cupboard_shelf, expected inside_box | spam is in pantry_area, expected cupboard_shelf | sugar is in pantry_area, expected cupboard_shelf | HC-box violated: can_of_beans never cleared from the box placement area",box_lid_closed:3 missing_post_pick_place:3 hc_violation:1 unknown_action_token:1
r1-distill-qwen-7b,FINAL.K3,7,replan_budget_exhausted,budget <- Scene precondition: box_lid_obstructed,11,"can_of_beans is in inside_box, expected cupboard_shelf | mug1 is in pantry_area, expected inside_box | mug2 is in box_lid_top, expected inside_box | mug3 is in cupboard_shelf, expected inside_box | spam is in pantry_area, expected cupboard_shelf | sugar is in pantry_area, expected cupboard_shelf | HC-box violated: can_of_beans never cleared from the box placement area",box_lid_obstructed:4 planner_output_not_parseable:4 unknown_action_token:2 hc_violation:1 orphan_place:1
r1-distill-qwen-7b,FINAL.K3,8,replan_budget_exhausted,budget <- Plan format: unknown_action_token,11,"can_of_beans is in inside_box, expected cupboard_shelf | mug1 is in pantry_area, expected inside_box | mug2 is in box_lid_top, expected inside_box | mug3 is in cupboard_shelf, expected inside_box | spam is in pantry_area, expected cupboard_shelf | sugar is in pantry_area, expected cupboard_shelf | HC-box violated: can_of_beans never cleared from the box placement area",unknown_action_token:5 planner_output_not_parseable:3 box_lid_obstructed:3 hc_violation:1
r1-distill-qwen-7b,FINAL.K3,9,planner_returned_no_actions,Task plan,7,"can_of_beans is in inside_box, expected cupboard_shelf | mug1 is in pantry_area, expected inside_box | mug2 is in box_lid_top, expected inside_box | mug3 is in cupboard_shelf, expected inside_box | spam is in pantry_area, expected cupboard_shelf | sugar is in pantry_area, expected cupboard_shelf | HC-box violated: can_of_beans never cleared from the box placement area",orphan_place:3 box_lid_obstructed:2 hc_violation:1 planner_output_not_parseable:1
r1-distill-qwen-7b,FINAL.K4,0,planner_returned_no_actions,Task plan,10,"can_of_beans is in inside_box, expected cupboard_shelf | mug1 is in pantry_area, expected inside_box | mug2 is in box_lid_top, expected inside_box | mug3 is in cupboard_shelf, expected inside_box | spam is in pantry_area, expected cupboard_shelf | sugar is in pantry_area, expected cupboard_shelf",box_lid_obstructed:4 orphan_place:2 planner_output_not_parseable:2 unknown_action_token:1
r1-distill-qwen-7b,FINAL.K4,1,replan_budget_exhausted,budget <- Scene precondition: box_lid_obstructed,11,"can_of_beans is in inside_box, expected cupboard_shelf | mug1 is in pantry_area, expected inside_box | mug2 is in box_lid_top, expected inside_box | mug3 is in cupboard_shelf, expected inside_box | spam is in pantry_area, expected cupboard_shelf | sugar is in pantry_area, expected cupboard_shelf",box_lid_obstructed:5 planner_output_not_parseable:2 orphan_place:2 unknown_action_token:2
r1-distill-qwen-7b,FINAL.K4,2,replan_budget_exhausted,budget <- Scene precondition: box_lid_obstructed,11,"can_of_beans is in inside_box, expected cupboard_shelf | mug1 is in pantry_area, expected inside_box | mug2 is in box_lid_top, expected inside_box | mug3 is in cupboard_shelf, expected inside_box | spam is in pantry_area, expected cupboard_shelf | sugar is in pantry_area, expected cupboard_shelf",box_lid_obstructed:7 planner_output_not_parseable:2 orphan_place:1 unknown_action_token:1
r1-distill-qwen-7b,FINAL.K4,3,planner_returned_no_actions,Task plan,4,"can_of_beans is in inside_box, expected cupboard_shelf | mug1 is in pantry_area, expected inside_box | mug2 is in box_lid_top, expected inside_box | mug3 is in cupboard_shelf, expected inside_box | spam is in pantry_area, expected cupboard_shelf | sugar is in pantry_area, expected cupboard_shelf",unknown_action_token:1 box_lid_obstructed:1 planner_output_not_parseable:1
r1-distill-qwen-7b,FINAL.K4,4,planner_returned_no_actions,Task plan,2,"can_of_beans is in inside_box, expected cupboard_shelf | mug1 is in pantry_area, expected inside_box | mug2 is in box_lid_top, expected inside_box | mug3 is in cupboard_shelf, expected inside_box | spam is in pantry_area, expected cupboard_shelf | sugar is in pantry_area, expected cupboard_shelf",unknown_action_token:1
r1-distill-qwen-7b,FINAL.K4,5,replan_budget_exhausted,budget <- Plan rules: missing_post_pick_place,11,"can_of_beans is in inside_box, expected cupboard_shelf | mug1 is in table, expected inside_box | mug2 is in box_lid_top, expected inside_box | mug3 is in cupboard_shelf, expected inside_box | spam is in pantry_area, expected cupboard_shelf | sugar is in pantry_area, expected cupboard_shelf",missing_post_pick_place:4 box_lid_closed:2 pick_place_mismatch:2 planner_output_not_parseable:2 orphan_place:1
r1-distill-qwen-7b,FINAL.K4,6,planner_returned_no_actions,Task plan,3,"can_of_beans is in inside_box, expected cupboard_shelf | mug1 is in pantry_area, expected inside_box | mug2 is in box_lid_top, expected inside_box | mug3 is in cupboard_shelf, expected inside_box | spam is in pantry_area, expected cupboard_shelf | sugar is in pantry_area, expected cupboard_shelf",box_lid_obstructed:2
r1-distill-qwen-7b,FINAL.K4,7,replan_budget_exhausted,budget <- Plan format: planner_output_not_parseable,11,"can_of_beans is in inside_box, expected cupboard_shelf | mug1 is in pantry_area, expected inside_box | mug2 is in box_lid_top, expected inside_box | mug3 is in cupboard_shelf, expected inside_box | spam is in pantry_area, expected cupboard_shelf | sugar is in pantry_area, expected cupboard_shelf",planner_output_not_parseable:6 box_lid_obstructed:4 unknown_action_token:1
r1-distill-qwen-7b,FINAL.K4,8,replan_budget_exhausted,budget <- Scene precondition: box_lid_obstructed,11,"can_of_beans is in inside_box, expected cupboard_shelf | mug1 is in pantry_area, expected inside_box | mug2 is in box_lid_top, expected inside_box | mug3 is in cupboard_shelf, expected inside_box | spam is in pantry_area, expected cupboard_shelf | sugar is in pantry_area, expected cupboard_shelf",box_lid_obstructed:6 planner_output_not_parseable:3 unknown_action_token:1 orphan_place:1
r1-distill-qwen-7b,FINAL.K4,9,replan_budget_exhausted,budget <- Scene precondition: box_lid_obstructed,11,"can_of_beans is in inside_box, expected cupboard_shelf | mug1 is in pantry_area, expected inside_box | mug2 is in box_lid_top, expected inside_box | mug3 is in cupboard_shelf, expected inside_box | spam is in pantry_area, expected cupboard_shelf | sugar is in pantry_area, expected cupboard_shelf",box_lid_obstructed:5 planner_output_not_parseable:3 orphan_place:2 unknown_action_token:1
r1-distill-qwen-7b,FINAL.K3-n2,0,replan_budget_exhausted,budget <- Scene precondition: box_lid_obstructed,11,"can_of_beans is in inside_box, expected cupboard_shelf | can_of_beans_2 is in inside_box, expected cupboard_shelf | mug1 is in pantry_area, expected inside_box | mug2 is in box_lid_top, expected inside_box | mug3 is in cupboard_shelf, expected inside_box | spam is in pantry_area, expected cupboard_shelf | sugar is in pantry_area, expected cupboard_shelf | HC-box violated: can_of_beans never cleared from the box placement area | HC-box violated: can_of_beans_2 never cleared from the box placement area",box_lid_obstructed:5 hc_violation:2 unknown_action_token:2 orphan_place:2 object_did_not_move:1 planner_output_not_parseable:1
r1-distill-qwen-7b,FINAL.K3-n2,1,replan_budget_exhausted,budget <- Scene precondition: box_lid_obstructed,11,"can_of_beans is in inside_box, expected cupboard_shelf | can_of_beans_2 is in inside_box, expected cupboard_shelf | mug1 is in table, expected inside_box | mug2 is in box_lid_top, expected inside_box | mug3 is in cupboard_shelf, expected inside_box | spam is in pantry_area, expected cupboard_shelf | sugar is in pantry_area, expected cupboard_shelf | HC-box violated: can_of_beans never cleared from the box placement area | HC-box violated: can_of_beans_2 never cleared from the box placement area",box_lid_obstructed:6 planner_output_not_parseable:3 hc_violation:2 unknown_action_token:1 box_lid_closed:1
r1-distill-qwen-7b,FINAL.K3-n2,2,replan_budget_exhausted,budget <- Scene precondition: box_lid_obstructed,11,"can_of_beans is in inside_box, expected cupboard_shelf | can_of_beans_2 is in inside_box, expected cupboard_shelf | mug1 is in pantry_area, expected inside_box | mug2 is in table, expected inside_box | mug3 is in cupboard_shelf, expected inside_box | spam is in pantry_area, expected cupboard_shelf | sugar is in pantry_area, expected cupboard_shelf | HC-box violated: can_of_beans never cleared from the box placement area | HC-box violated: can_of_beans_2 never cleared from the box placement area",box_lid_obstructed:3 hc_violation:2 missing_post_pick_place:2 orphan_place:2 box_lid_closed:2 unknown_action_token:1 planner_output_not_parseable:1
r1-distill-qwen-7b,FINAL.K3-n2,3,planner_returned_no_actions,Task plan,2,"can_of_beans is in inside_box, expected cupboard_shelf | can_of_beans_2 is in inside_box, expected cupboard_shelf | mug1 is in pantry_area, expected inside_box | mug2 is in box_lid_top, expected inside_box | mug3 is in cupboard_shelf, expected inside_box | spam is in pantry_area, expected cupboard_shelf | sugar is in pantry_area, expected cupboard_shelf | HC-box violated: can_of_beans never cleared from the box placement area | HC-box violated: can_of_beans_2 never cleared from the box placement area",hc_violation:2 unknown_action_token:1
r1-distill-qwen-7b,FINAL.K3-n2,4,replan_budget_exhausted,budget <- Scene precondition: box_lid_obstructed,11,"can_of_beans is in inside_box, expected cupboard_shelf | can_of_beans_2 is in inside_box, expected cupboard_shelf | mug1 is in pantry_area, expected inside_box | mug2 is in box_lid_top, expected inside_box | mug3 is in cupboard_shelf, expected inside_box | spam is in pantry_area, expected cupboard_shelf | sugar is in pantry_area, expected cupboard_shelf | HC-box violated: can_of_beans never cleared from the box placement area | HC-box violated: can_of_beans_2 never cleared from the box placement area",box_lid_obstructed:7 planner_output_not_parseable:3 hc_violation:2 orphan_place:1
r1-distill-qwen-7b,FINAL.K3-n2,5,replan_budget_exhausted,budget <- Scene precondition: box_lid_obstructed,11,"can_of_beans is in inside_box, expected cupboard_shelf | can_of_beans_2 is in inside_box, expected cupboard_shelf | mug1 is in pantry_area, expected inside_box | mug2 is in box_lid_top, expected inside_box | mug3 is in cupboard_shelf, expected inside_box | spam is in pantry_area, expected cupboard_shelf | sugar is in pantry_area, expected cupboard_shelf | HC-box violated: can_of_beans never cleared from the box placement area | HC-box violated: can_of_beans_2 never cleared from the box placement area",box_lid_obstructed:5 unknown_action_token:3 hc_violation:2 planner_output_not_parseable:2 orphan_place:1
r1-distill-qwen-7b,FINAL.K3-n2,6,replan_budget_exhausted,budget <- Scene precondition: box_lid_obstructed,11,"can_of_beans is in inside_box, expected cupboard_shelf | can_of_beans_2 is in inside_box, expected cupboard_shelf | mug1 is in pantry_area, expected inside_box | mug2 is in box_lid_top, expected inside_box | mug3 is in cupboard_shelf, expected inside_box | spam is in pantry_area, expected cupboard_shelf | sugar is in pantry_area, expected cupboard_shelf | HC-box violated: can_of_beans never cleared from the box placement area | HC-box violated: can_of_beans_2 never cleared from the box placement area",box_lid_obstructed:5 planner_output_not_parseable:4 hc_violation:2 orphan_place:2
r1-distill-qwen-7b,FINAL.K3-n2,7,planner_returned_no_actions,Task plan,9,"can_of_beans is in inside_box, expected cupboard_shelf | can_of_beans_2 is in inside_box, expected cupboard_shelf | mug1 is in pantry_area, expected inside_box | mug2 is in box_lid_top, expected inside_box | mug3 is in cupboard_shelf, expected inside_box | spam is in pantry_area, expected cupboard_shelf | sugar is in pantry_area, expected cupboard_shelf | HC-box violated: can_of_beans never cleared from the box placement area | HC-box violated: can_of_beans_2 never cleared from the box placement area",box_lid_obstructed:4 planner_output_not_parseable:3 hc_violation:2 repeated_planner_output:1
r1-distill-qwen-7b,FINAL.K3-n2,8,replan_budget_exhausted,budget <- Scene precondition: box_lid_obstructed,11,"can_of_beans is in inside_box, expected cupboard_shelf | can_of_beans_2 is in inside_box, expected cupboard_shelf | mug1 is in pantry_area, expected inside_box | mug2 is in box_lid_top, expected inside_box | mug3 is in cupboard_shelf, expected inside_box | spam is in pantry_area, expected cupboard_shelf | sugar is in pantry_area, expected cupboard_shelf | HC-box violated: can_of_beans never cleared from the box placement area | HC-box violated: can_of_beans_2 never cleared from the box placement area",box_lid_obstructed:5 planner_output_not_parseable:5 hc_violation:2 orphan_place:1
r1-distill-qwen-7b,FINAL.K3-n2,9,replan_budget_exhausted,budget <- Plan rules: missing_post_pick_place,11,"can_of_beans is in inside_box, expected cupboard_shelf | can_of_beans_2 is in inside_box, expected cupboard_shelf | mug1 is in pantry_area, expected inside_box | mug2 is in table, expected inside_box | mug3 is in cupboard_shelf, expected inside_box | spam is in pantry_area, expected cupboard_shelf | sugar is in pantry_area, expected cupboard_shelf | HC-box violated: can_of_beans never cleared from the box placement area | HC-box violated: can_of_beans_2 never cleared from the box placement area",missing_post_pick_place:4 invalid_corrective_block:4 hc_violation:2 box_lid_closed:1 orphan_place:1
r1-distill-qwen-7b,FINAL.K3-n3,0,replan_budget_exhausted,budget <- Scene precondition: box_lid_obstructed,11,"can_of_beans is in inside_box, expected cupboard_shelf | can_of_beans_2 is in inside_box, expected cupboard_shelf | can_of_beans_3 is in inside_box, expected cupboard_shelf | mug1 is in pantry_area, expected inside_box | mug2 is in box_lid_top, expected inside_box | mug3 is in cupboard_shelf, expected inside_box | spam is in pantry_area, expected cupboard_shelf | sugar is in pantry_area, expected cupboard_shelf | HC-box violated: can_of_beans never cleared from the box placement area | HC-box violated: can_of_beans_2 never cleared from the box placement area | HC-box violated: can_of_beans_3 never cleared from the box placement area",box_lid_obstructed:6 hc_violation:3 unknown_action_token:2 planner_output_not_parseable:2 orphan_place:1
r1-distill-qwen-7b,FINAL.K3-n3,1,replan_budget_exhausted,budget <- Scene precondition: box_lid_obstructed,11,"can_of_beans is in inside_box, expected cupboard_shelf | can_of_beans_2 is in inside_box, expected cupboard_shelf | can_of_beans_3 is in inside_box, expected cupboard_shelf | mug1 is in pantry_area, expected inside_box | mug2 is in box_lid_top, expected inside_box | mug3 is in cupboard_shelf, expected inside_box | spam is in pantry_area, expected cupboard_shelf | sugar is in pantry_area, expected cupboard_shelf | HC-box violated: can_of_beans never cleared from the box placement area | HC-box violated: can_of_beans_2 never cleared from the box placement area | HC-box violated: can_of_beans_3 never cleared from the box placement area",box_lid_obstructed:6 hc_violation:3 planner_output_not_parseable:2 orphan_place:2 unknown_action_token:1
r1-distill-qwen-7b,FINAL.K3-n3,2,planner_returned_no_actions,Task plan,3,"can_of_beans is in inside_box, expected cupboard_shelf | can_of_beans_2 is in inside_box, expected cupboard_shelf | can_of_beans_3 is in inside_box, expected cupboard_shelf | mug1 is in pantry_area, expected inside_box | mug2 is in box_lid_top, expected inside_box | mug3 is in cupboard_shelf, expected inside_box | spam is in pantry_area, expected cupboard_shelf | sugar is in pantry_area, expected cupboard_shelf | HC-box violated: can_of_beans never cleared from the box placement area | HC-box violated: can_of_beans_2 never cleared from the box placement area | HC-box violated: can_of_beans_3 never cleared from the box placement area",hc_violation:3 box_lid_obstructed:2
r1-distill-qwen-7b,FINAL.K3-n3,3,planner_returned_no_actions,Task plan,5,"can_of_beans is in inside_box, expected cupboard_shelf | can_of_beans_2 is in inside_box, expected cupboard_shelf | can_of_beans_3 is in inside_box, expected cupboard_shelf | mug1 is in pantry_area, expected inside_box | mug2 is in box_lid_top, expected inside_box | mug3 is in cupboard_shelf, expected inside_box | spam is in pantry_area, expected cupboard_shelf | sugar is in pantry_area, expected cupboard_shelf | HC-box violated: can_of_beans never cleared from the box placement area | HC-box violated: can_of_beans_2 never cleared from the box placement area | HC-box violated: can_of_beans_3 never cleared from the box placement area",hc_violation:3 box_lid_obstructed:3 planner_output_not_parseable:1
r1-distill-qwen-7b,FINAL.K3-n3,4,replan_budget_exhausted,budget <- Scene precondition: box_lid_obstructed,11,"can_of_beans is in inside_box, expected cupboard_shelf | can_of_beans_2 is in inside_box, expected cupboard_shelf | can_of_beans_3 is in inside_box, expected cupboard_shelf | mug1 is in pantry_area, expected inside_box | mug2 is in box_lid_top, expected inside_box | mug3 is in cupboard_shelf, expected inside_box | spam is in pantry_area, expected cupboard_shelf | sugar is in pantry_area, expected cupboard_shelf | HC-box violated: can_of_beans never cleared from the box placement area | HC-box violated: can_of_beans_2 never cleared from the box placement area | HC-box violated: can_of_beans_3 never cleared from the box placement area",box_lid_obstructed:4 hc_violation:3 orphan_place:3 planner_output_not_parseable:2 unknown_action_token:2
r1-distill-qwen-7b,FINAL.K3-n3,5,replan_budget_exhausted,budget <- Scene precondition: box_lid_obstructed,11,"can_of_beans is in inside_box, expected cupboard_shelf | can_of_beans_2 is in inside_box, expected cupboard_shelf | can_of_beans_3 is in inside_box, expected cupboard_shelf | mug1 is in table, expected inside_box | mug2 is in box_lid_top, expected inside_box | mug3 is in cupboard_shelf, expected inside_box | spam is in pantry_area, expected cupboard_shelf | sugar is in pantry_area, expected cupboard_shelf | HC-box violated: can_of_beans never cleared from the box placement area | HC-box violated: can_of_beans_2 never cleared from the box placement area | HC-box violated: can_of_beans_3 never cleared from the box placement area",box_lid_obstructed:5 hc_violation:3 planner_output_not_parseable:2 orphan_place:2 unknown_action_token:1 box_lid_closed:1
r1-distill-qwen-7b,FINAL.K3-n3,6,replan_budget_exhausted,budget <- Scene precondition: box_lid_obstructed,11,"can_of_beans is in inside_box, expected cupboard_shelf | can_of_beans_2 is in inside_box, expected cupboard_shelf | can_of_beans_3 is in inside_box, expected cupboard_shelf | mug1 is in pantry_area, expected inside_box | mug2 is in table, expected inside_box | mug3 is in cupboard_shelf, expected inside_box | spam is in pantry_area, expected cupboard_shelf | sugar is in pantry_area, expected cupboard_shelf | HC-box violated: can_of_beans never cleared from the box placement area | HC-box violated: can_of_beans_2 never cleared from the box placement area | HC-box violated: can_of_beans_3 never cleared from the box placement area",box_lid_obstructed:6 hc_violation:3 planner_output_not_parseable:3 orphan_place:1 box_lid_closed:1
r1-distill-qwen-7b,FINAL.K3-n3,7,replan_budget_exhausted,budget <- Scene precondition: box_lid_closed,11,"can_of_beans is in inside_box, expected cupboard_shelf | can_of_beans_2 is in inside_box, expected cupboard_shelf | can_of_beans_3 is in inside_box, expected cupboard_shelf | mug1 is in table, expected inside_box | mug2 is in box_lid_top, expected inside_box | mug3 is in cupboard_shelf, expected inside_box | spam is in pantry_area, expected cupboard_shelf | sugar is in pantry_area, expected cupboard_shelf | HC-box violated: can_of_beans never cleared from the box placement area | HC-box violated: can_of_beans_2 never cleared from the box placement area | HC-box violated: can_of_beans_3 never cleared from the box placement area",box_lid_closed:4 hc_violation:3 unknown_action_token:3 planner_output_not_parseable:2 missing_post_pick_place:1 pick_place_mismatch:1
r1-distill-qwen-7b,FINAL.K3-n3,8,replan_budget_exhausted,budget <- Scene precondition: box_lid_obstructed,11,"can_of_beans is in inside_box, expected cupboard_shelf | can_of_beans_2 is in inside_box, expected cupboard_shelf | can_of_beans_3 is in inside_box, expected cupboard_shelf | mug1 is in pantry_area, expected inside_box | mug2 is in box_lid_top, expected inside_box | mug3 is in cupboard_shelf, expected inside_box | spam is in pantry_area, expected cupboard_shelf | sugar is in pantry_area, expected cupboard_shelf | HC-box violated: can_of_beans never cleared from the box placement area | HC-box violated: can_of_beans_2 never cleared from the box placement area | HC-box violated: can_of_beans_3 never cleared from the box placement area",box_lid_obstructed:8 hc_violation:3 planner_output_not_parseable:1 orphan_place:1 unknown_action_token:1
r1-distill-qwen-7b,FINAL.K3-n3,9,replan_budget_exhausted,budget <- Plan rules: missing_post_pick_place,11,"can_of_beans is in inside_box, expected cupboard_shelf | can_of_beans_2 is in inside_box, expected cupboard_shelf | can_of_beans_3 is in inside_box, expected cupboard_shelf | mug1 is in pantry_area, expected inside_box | mug2 is in box_lid_top, expected inside_box | mug3 is in cupboard_shelf, expected inside_box | spam is in table, expected cupboard_shelf | sugar is in pantry_area, expected cupboard_shelf | HC-box violated: can_of_beans never cleared from the box placement area | HC-box violated: can_of_beans_2 never cleared from the box placement area | HC-box violated: can_of_beans_3 never cleared from the box placement area",missing_post_pick_place:6 hc_violation:3 unknown_action_token:2 box_lid_closed:1 planner_output_not_parseable:1 orphan_place:1
r1-distill-qwen-7b,FINAL.K1-w1,0,replan_budget_exhausted,budget <- Plan rules: missing_post_pick_place,11,"can_of_beans is in pantry_area, expected cupboard_shelf | mug1 is in pantry_area, expected inside_box | mug2 is in box_lid_top, expected inside_box | mug3 is in cupboard_shelf, expected inside_box | spam is in pantry_area, expected cupboard_shelf | sugar is in pantry_area, expected cupboard_shelf | phone is in the inside_box placement area | HC-box violated: phone never cleared from the box placement area",missing_post_pick_place:5 box_lid_obstructed:2 box_lid_closed:2 hc_violation:1 orphan_place:1 pick_place_mismatch:1
r1-distill-qwen-7b,FINAL.K1-w1,1,replan_budget_exhausted,budget <- Scene precondition: box_lid_obstructed,11,"can_of_beans is in pantry_area, expected cupboard_shelf | mug1 is in pantry_area, expected inside_box | mug2 is in box_lid_top, expected inside_box | mug3 is in cupboard_shelf, expected inside_box | spam is in pantry_area, expected cupboard_shelf | sugar is in pantry_area, expected cupboard_shelf | phone is in the inside_box placement area | HC-box violated: phone never cleared from the box placement area",box_lid_obstructed:6 hc_violation:1 planner_output_not_parseable:1 object_did_not_move:1 orphan_place:1 unknown_action_token:1 unobserved_object:1
r1-distill-qwen-7b,FINAL.K1-w1,2,replan_budget_exhausted,budget <- Scene precondition: box_lid_obstructed,11,"can_of_beans is in pantry_area, expected cupboard_shelf | mug1 is in pantry_area, expected inside_box | mug2 is in box_lid_top, expected inside_box | mug3 is in cupboard_shelf, expected inside_box | spam is in pantry_area, expected cupboard_shelf | sugar is in pantry_area, expected cupboard_shelf | phone is in the inside_box placement area | HC-box violated: phone never cleared from the box placement area",box_lid_obstructed:6 planner_output_not_parseable:5 hc_violation:1
r1-distill-qwen-7b,FINAL.K1-w1,3,planner_returned_no_actions,Task plan,5,"can_of_beans is in pantry_area, expected cupboard_shelf | mug1 is in pantry_area, expected inside_box | mug2 is in box_lid_top, expected inside_box | mug3 is in cupboard_shelf, expected inside_box | spam is in pantry_area, expected cupboard_shelf | sugar is in pantry_area, expected cupboard_shelf | phone is in the inside_box placement area | HC-box violated: phone never cleared from the box placement area",orphan_place:2 hc_violation:1 box_lid_obstructed:1 planner_output_not_parseable:1
r1-distill-qwen-7b,FINAL.K1-w1,4,replan_budget_exhausted,budget <- Scene precondition: box_lid_closed,11,"can_of_beans is in pantry_area, expected cupboard_shelf | mug1 is in pantry_area, expected inside_box | mug2 is in table, expected inside_box | mug3 is in cupboard_shelf, expected inside_box | spam is in pantry_area, expected cupboard_shelf | sugar is in pantry_area, expected cupboard_shelf | phone is in the inside_box placement area | HC-box violated: phone never cleared from the box placement area",box_lid_closed:3 missing_post_pick_place:3 box_lid_obstructed:2 unknown_action_token:2 hc_violation:1 planner_output_not_parseable:1
r1-distill-qwen-7b,FINAL.K1-w1,5,replan_budget_exhausted,budget <- Scene precondition: box_lid_obstructed,11,"mug1 is in table, expected inside_box | mug2 is in box_lid_top, expected inside_box | mug3 is in cupboard_shelf, expected inside_box | sugar is in pantry_area, expected cupboard_shelf | phone is in the inside_box placement area | HC-box violated: phone never cleared from the box placement area",box_lid_obstructed:4 hc_violation:1 planner_output_not_parseable:1 invalid_corrective_block:1 unknown_action_token:1 box_lid_closed:1 missing_post_pick_place:1 orphan_place:1 pick_place_mismatch:1
r1-distill-qwen-7b,FINAL.K1-w1,6,planner_returned_no_actions,Task plan,3,"can_of_beans is in pantry_area, expected cupboard_shelf | mug1 is in pantry_area, expected inside_box | mug2 is in box_lid_top, expected inside_box | mug3 is in cupboard_shelf, expected inside_box | spam is in pantry_area, expected cupboard_shelf | sugar is in pantry_area, expected cupboard_shelf | phone is in the inside_box placement area | HC-box violated: phone never cleared from the box placement area",unknown_action_token:2 hc_violation:1
r1-distill-qwen-7b,FINAL.K1-w1,7,replan_budget_exhausted,budget <- Scene precondition: box_lid_obstructed,11,"can_of_beans is in pantry_area, expected cupboard_shelf | mug1 is in pantry_area, expected inside_box | mug2 is in box_lid_top, expected inside_box | mug3 is in cupboard_shelf, expected inside_box | spam is in pantry_area, expected cupboard_shelf | sugar is in pantry_area, expected cupboard_shelf | phone is in the inside_box placement area | HC-box violated: phone never cleared from the box placement area",box_lid_obstructed:5 planner_output_not_parseable:4 orphan_place:2 hc_violation:1
r1-distill-qwen-7b,FINAL.K1-w1,8,replan_budget_exhausted,budget <- Scene precondition: box_lid_obstructed,11,"can_of_beans is in pantry_area, expected cupboard_shelf | mug1 is in pantry_area, expected inside_box | mug2 is in box_lid_top, expected inside_box | mug3 is in cupboard_shelf, expected inside_box | spam is in pantry_area, expected cupboard_shelf | sugar is in pantry_area, expected cupboard_shelf | phone is in the inside_box placement area | HC-box violated: phone never cleared from the box placement area",box_lid_obstructed:9 planner_output_not_parseable:2 hc_violation:1
r1-distill-qwen-7b,FINAL.K1-w1,9,planner_returned_no_actions,Task plan,5,"can_of_beans is in pantry_area, expected cupboard_shelf | mug1 is in pantry_area, expected inside_box | mug2 is in box_lid_top, expected inside_box | mug3 is in cupboard_shelf, expected inside_box | spam is in pantry_area, expected cupboard_shelf | sugar is in pantry_area, expected cupboard_shelf | phone is in the inside_box placement area | HC-box violated: phone never cleared from the box placement area",unobserved_object:3 hc_violation:1 box_lid_obstructed:1
r1-distill-qwen-7b,FINAL.K1-w2,0,replan_budget_exhausted,budget <- Scene precondition: box_lid_obstructed,11,"can_of_beans is in pantry_area, expected cupboard_shelf | can_of_beans_2 is in pantry_area, expected cupboard_shelf | mug1 is in pantry_area, expected inside_box | mug2 is in box_lid_top, expected inside_box | mug3 is in cupboard_shelf, expected inside_box | spam is in pantry_area, expected cupboard_shelf | sugar is in pantry_area, expected cupboard_shelf | phone is in the inside_box placement area | HC-box violated: phone never cleared from the box placement area",box_lid_obstructed:4 planner_output_not_parseable:3 unobserved_object:2 hc_violation:1 orphan_place:1 unknown_action_token:1
r1-distill-qwen-7b,FINAL.K1-w2,1,planner_returned_no_actions,Task plan,4,"can_of_beans is in pantry_area, expected cupboard_shelf | can_of_beans_2 is in pantry_area, expected cupboard_shelf | mug1 is in pantry_area, expected inside_box | mug2 is in box_lid_top, expected inside_box | mug3 is in cupboard_shelf, expected inside_box | spam is in pantry_area, expected cupboard_shelf | sugar is in pantry_area, expected cupboard_shelf | phone is in the inside_box placement area | HC-box violated: phone never cleared from the box placement area",hc_violation:1 orphan_place:1 planner_output_not_parseable:1 box_lid_obstructed:1
r1-distill-qwen-7b,FINAL.K1-w2,2,replan_budget_exhausted,budget <- Scene precondition: box_lid_obstructed,11,"can_of_beans is in pantry_area, expected cupboard_shelf | can_of_beans_2 is in pantry_area, expected cupboard_shelf | mug1 is in pantry_area, expected inside_box | mug2 is in box_lid_top, expected inside_box | mug3 is in cupboard_shelf, expected inside_box | spam is in pantry_area, expected cupboard_shelf | sugar is in pantry_area, expected cupboard_shelf | phone is in the inside_box placement area | HC-box violated: phone never cleared from the box placement area",box_lid_obstructed:5 planner_output_not_parseable:4 hc_violation:1 unknown_action_token:1 orphan_place:1
r1-distill-qwen-7b,FINAL.K1-w2,3,planner_returned_no_actions,Task plan,3,"can_of_beans is in pantry_area, expected cupboard_shelf | can_of_beans_2 is in pantry_area, expected cupboard_shelf | mug1 is in pantry_area, expected inside_box | mug2 is in box_lid_top, expected inside_box | mug3 is in cupboard_shelf, expected inside_box | spam is in pantry_area, expected cupboard_shelf | sugar is in pantry_area, expected cupboard_shelf | phone is in the inside_box placement area | HC-box violated: phone never cleared from the box placement area",hc_violation:1 unknown_action_token:1 orphan_place:1
r1-distill-qwen-7b,FINAL.K1-w2,4,planner_returned_no_actions,Task plan,1,"can_of_beans is in pantry_area, expected cupboard_shelf | can_of_beans_2 is in pantry_area, expected cupboard_shelf | mug1 is in pantry_area, expected inside_box | mug2 is in box_lid_top, expected inside_box | mug3 is in cupboard_shelf, expected inside_box | spam is in pantry_area, expected cupboard_shelf | sugar is in pantry_area, expected cupboard_shelf | phone is in the inside_box placement area | HC-box violated: phone never cleared from the box placement area",hc_violation:1
r1-distill-qwen-7b,FINAL.K1-w2,5,replan_budget_exhausted,budget <- Scene precondition: box_lid_obstructed,11,"can_of_beans is in pantry_area, expected cupboard_shelf | can_of_beans_2 is in pantry_area, expected cupboard_shelf | mug1 is in box_lid_top, expected inside_box | mug2 is in box_lid_top, expected inside_box | mug3 is in cupboard_shelf, expected inside_box | spam is in pantry_area, expected cupboard_shelf | sugar is in pantry_area, expected cupboard_shelf | phone is in the inside_box placement area | HC-box violated: phone never cleared from the box placement area",box_lid_obstructed:3 box_lid_closed:2 orphan_place:2 hc_violation:1 unknown_action_token:1 pick_place_mismatch:1 missing_post_pick_place:1 invalid_corrective_block:1
r1-distill-qwen-7b,FINAL.K1-w2,6,planner_returned_no_actions,Task plan,8,"can_of_beans is in pantry_area, expected cupboard_shelf | can_of_beans_2 is in pantry_area, expected cupboard_shelf | mug1 is in pantry_area, expected inside_box | mug2 is in box_lid_top, expected inside_box | mug3 is in cupboard_shelf, expected inside_box | spam is in pantry_area, expected cupboard_shelf | sugar is in pantry_area, expected cupboard_shelf | phone is in the inside_box placement area | HC-box violated: phone never cleared from the box placement area",box_lid_obstructed:3 unknown_action_token:2 hc_violation:1 planner_output_not_parseable:1 orphan_place:1
r1-distill-qwen-7b,FINAL.K1-w2,7,replan_budget_exhausted,budget <- Scene precondition: box_lid_obstructed,11,"can_of_beans is in pantry_area, expected cupboard_shelf | can_of_beans_2 is in pantry_area, expected cupboard_shelf | mug1 is in pantry_area, expected inside_box | mug2 is in box_lid_top, expected inside_box | mug3 is in cupboard_shelf, expected inside_box | spam is in pantry_area, expected cupboard_shelf | sugar is in pantry_area, expected cupboard_shelf | phone is in the inside_box placement area | HC-box violated: phone never cleared from the box placement area",box_lid_obstructed:4 unknown_action_token:3 orphan_place:3 hc_violation:1 missing_post_pick_place:1
r1-distill-qwen-7b,FINAL.K1-w2,8,replan_budget_exhausted,budget <- Scene precondition: box_lid_obstructed,11,"can_of_beans is in pantry_area, expected cupboard_shelf | can_of_beans_2 is in pantry_area, expected cupboard_shelf | mug1 is in pantry_area, expected inside_box | mug2 is in box_lid_top, expected inside_box | mug3 is in cupboard_shelf, expected inside_box | spam is in pantry_area, expected cupboard_shelf | sugar is in pantry_area, expected cupboard_shelf | phone is in the inside_box placement area | HC-box violated: phone never cleared from the box placement area",box_lid_obstructed:6 planner_output_not_parseable:2 unknown_action_token:2 hc_violation:1 orphan_place:1
r1-distill-qwen-7b,FINAL.K1-w2,9,planner_returned_no_actions,Task plan,1,"can_of_beans is in pantry_area, expected cupboard_shelf | can_of_beans_2 is in pantry_area, expected cupboard_shelf | mug1 is in pantry_area, expected inside_box | mug2 is in box_lid_top, expected inside_box | mug3 is in cupboard_shelf, expected inside_box | spam is in pantry_area, expected cupboard_shelf | sugar is in pantry_area, expected cupboard_shelf | phone is in the inside_box placement area | HC-box violated: phone never cleared from the box placement area",hc_violation:1
r1-distill-qwen-7b,FINAL.G0,0,replan_budget_exhausted,budget <- Corrective block: invalid_corrective_block,11,raw_meat_1 placed on plate_top before completing a cooking cycle,invalid_corrective_block:5 unknown_action_token:2 orphan_place:2 missing_post_pick_place:1
r1-distill-qwen-7b,FINAL.G0,1,planner_returned_no_actions,Task plan,1,"raw_meat_1 is in table, expected plate_top | plate is in dish_rack, expected serving_area | raw_meat_1 never completed a cooking cycle",
r1-distill-qwen-7b,FINAL.G0,2,planner_returned_no_actions,Task plan,2,"raw_meat_1 is in table, expected plate_top | plate is in dish_rack, expected serving_area | raw_meat_1 never completed a cooking cycle",unknown_action_token:1
r1-distill-qwen-7b,FINAL.G0,3,replan_budget_exhausted,budget <- Plan rules: missing_post_pick_place,11,"raw_meat_1 is in table, expected plate_top | plate is in dish_rack, expected serving_area | raw_meat_1 never completed a cooking cycle",missing_post_pick_place:6 unknown_action_token:3 orphan_place:2
r1-distill-qwen-7b,FINAL.G0,4,replan_budget_exhausted,budget <- Corrective block: invalid_corrective_block,11,"raw_meat_1 is in inside_grill, expected plate_top | raw_meat_1 never completed a cooking cycle",invalid_corrective_block:8 placement_failed:1 planner_output_not_parseable:1
r1-distill-qwen-7b,FINAL.G0,5,replan_budget_exhausted,budget <- Plan format: unknown_action_token,11,"raw_meat_1 is in table, expected plate_top | plate is in dish_rack, expected serving_area | raw_meat_1 never completed a cooking cycle",unknown_action_token:8 missing_post_pick_place:2 planner_output_not_parseable:1
r1-distill-qwen-7b,FINAL.G0,6,replan_budget_exhausted,budget <- Plan format: unknown_action_token,11,raw_meat_1 placed on plate_top before completing a cooking cycle,unknown_action_token:4 planner_output_not_parseable:2 invalid_corrective_block:2 placement_failed:1 orphan_place:1
r1-distill-qwen-7b,FINAL.G0,7,replan_budget_exhausted,budget <- Plan rules: missing_post_pick_place,11,"raw_meat_1 is in table, expected plate_top | plate is in dish_rack, expected serving_area | raw_meat_1 never completed a cooking cycle",missing_post_pick_place:5 unknown_action_token:4 planner_output_not_parseable:1 orphan_place:1
r1-distill-qwen-7b,FINAL.G0,8,replan_budget_exhausted,budget <- Corrective block: invalid_corrective_block,11,"raw_meat_1 is in serving_area, expected plate_top | plate is in dish_rack, expected serving_area | raw_meat_1 never completed a cooking cycle",invalid_corrective_block:7 missing_post_pick_place:1 unknown_action_token:1 repeated_planner_output:1
r1-distill-qwen-7b,FINAL.G0,9,replan_budget_exhausted,budget <- Plan rules: missing_post_pick_place,11,"raw_meat_1 is in table, expected plate_top | raw_meat_1 never completed a cooking cycle",missing_post_pick_place:3 unknown_action_token:3 planner_output_not_parseable:3 invalid_corrective_block:1
r1-distill-qwen-7b,FINAL.G1,0,planner_returned_no_actions,Task plan,11,"cooked_meat_1 is in inside_grill, expected plate_top | cooked_meat_2 is in inside_grill, expected plate_top | raw_meat_1 is in table, expected plate_top | plate is in dish_rack, expected serving_area | raw_meat_1 never completed a cooking cycle",unknown_action_token:5 missing_post_pick_place:3 pick_place_mismatch:1 orphan_place:1
r1-distill-qwen-7b,FINAL.G1,1,replan_budget_exhausted,budget <- Plan format: unknown_action_token,11,"cooked_meat_1 is in inside_grill, expected plate_top | cooked_meat_2 is in inside_grill, expected plate_top | raw_meat_1 is in table, expected plate_top | plate is in dish_rack, expected serving_area | raw_meat_1 never completed a cooking cycle",unknown_action_token:4 missing_post_pick_place:3 planner_output_not_parseable:2 orphan_place:1
r1-distill-qwen-7b,FINAL.G1,2,replan_budget_exhausted,budget <- Plan rules: missing_post_pick_place,11,"cooked_meat_1 is in inside_grill, expected plate_top | cooked_meat_2 is in inside_grill, expected plate_top | raw_meat_1 is in table, expected plate_top | plate is in dish_rack, expected serving_area | raw_meat_1 never completed a cooking cycle",missing_post_pick_place:5 unknown_action_token:4 planner_output_not_parseable:2
r1-distill-qwen-7b,FINAL.G1,3,replan_budget_exhausted,budget <- Plan format: unknown_action_token,11,"cooked_meat_1 is in inside_grill, expected plate_top | cooked_meat_2 is in inside_grill, expected plate_top | raw_meat_1 is in table, expected plate_top | plate is in dish_rack, expected serving_area | raw_meat_1 never completed a cooking cycle",unknown_action_token:7 missing_post_pick_place:2 pick_place_mismatch:1 planner_output_not_parseable:1
r1-distill-qwen-7b,FINAL.G1,4,replan_budget_exhausted,budget <- Corrective block: invalid_corrective_block,11,"cooked_meat_1 is in inside_grill, expected plate_top | cooked_meat_2 is in inside_grill, expected plate_top | raw_meat_1 is in inside_grill, expected plate_top | plate is in dish_rack, expected serving_area | raw_meat_1 never completed a cooking cycle",invalid_corrective_block:8 unknown_action_token:1 repeated_planner_output:1
r1-distill-qwen-7b,FINAL.G1,5,planner_returned_no_actions,Task plan,7,"cooked_meat_1 is in inside_grill, expected plate_top | cooked_meat_2 is in inside_grill, expected plate_top | raw_meat_1 is in table, expected plate_top | raw_meat_1 never completed a cooking cycle",unknown_action_token:3 pick_place_mismatch:1 executor_failure:1 invalid_corrective_block:1
r1-distill-qwen-7b,FINAL.G1,6,replan_budget_exhausted,budget <- Plan format: unknown_action_token,11,"cooked_meat_1 is in inside_grill, expected plate_top | cooked_meat_2 is in inside_grill, expected plate_top | raw_meat_1 is in table, expected plate_top | plate is in dish_rack, expected serving_area | raw_meat_1 never completed a cooking cycle",unknown_action_token:5 missing_post_pick_place:5 orphan_place:1
r1-distill-qwen-7b,FINAL.G1,7,replan_budget_exhausted,budget <- Plan format: unknown_action_token,11,"cooked_meat_1 is in inside_grill, expected plate_top | cooked_meat_2 is in inside_grill, expected plate_top | raw_meat_1 is in table, expected plate_top | plate is in dish_rack, expected serving_area | raw_meat_1 never completed a cooking cycle",unknown_action_token:6 missing_post_pick_place:3 orphan_place:2
r1-distill-qwen-7b,FINAL.G1,8,replan_budget_exhausted,budget <- Plan format: unknown_action_token,11,"cooked_meat_1 is in inside_grill, expected plate_top | cooked_meat_2 is in inside_grill, expected plate_top | raw_meat_1 is in table, expected plate_top | plate is in dish_rack, expected serving_area | raw_meat_1 never completed a cooking cycle",unknown_action_token:7 missing_post_pick_place:2 pick_place_mismatch:1 planner_output_not_parseable:1
r1-distill-qwen-7b,FINAL.G1,9,replan_budget_exhausted,budget <- Corrective block: invalid_corrective_block,11,"cooked_meat_1 is in inside_grill, expected plate_top | cooked_meat_2 is in inside_grill, expected plate_top | plate is in dish_rack, expected serving_area | raw_meat_1 placed on plate_top before completing a cooking cycle",invalid_corrective_block:5 unknown_action_token:4 planner_output_not_parseable:1
r1-distill-qwen-7b,FINAL.G2,0,planner_returned_no_actions,Task plan,9,"cooked_meat_1 is in inside_grill, expected plate_top | raw_meat_1 is in table, expected plate_top | raw_meat_2 is in inside_grill, expected plate_top | plate is in dish_rack, expected serving_area | raw_meat_1 never completed a cooking cycle | raw_meat_2 never completed a cooking cycle",missing_post_pick_place:4 planner_output_not_parseable:2 unknown_action_token:2
r1-distill-qwen-7b,FINAL.G2,1,replan_budget_exhausted,budget <- Plan format: unknown_action_token,11,"cooked_meat_1 is in inside_grill, expected plate_top | raw_meat_1 is in table, expected plate_top | raw_meat_2 is in inside_grill, expected plate_top | plate is in dish_rack, expected serving_area | raw_meat_1 never completed a cooking cycle | raw_meat_2 never completed a cooking cycle",unknown_action_token:5 missing_post_pick_place:3 orphan_place:2 pick_place_mismatch:1
r1-distill-qwen-7b,FINAL.G2,2,replan_budget_exhausted,budget <- Plan format: unknown_action_token,11,"cooked_meat_1 is in inside_grill, expected plate_top | raw_meat_1 is in table, expected plate_top | raw_meat_2 is in inside_grill, expected plate_top | plate is in dish_rack, expected serving_area | raw_meat_1 never completed a cooking cycle | raw_meat_2 never completed a cooking cycle",unknown_action_token:6 planner_output_not_parseable:2 missing_post_pick_place:2 orphan_place:1
r1-distill-qwen-7b,FINAL.G2,3,replan_budget_exhausted,budget <- Plan format: unknown_action_token,11,"cooked_meat_1 is in inside_grill, expected plate_top | raw_meat_1 is in table, expected plate_top | raw_meat_2 is in inside_grill, expected plate_top | plate is in dish_rack, expected serving_area | raw_meat_1 never completed a cooking cycle | raw_meat_2 never completed a cooking cycle",unknown_action_token:6 missing_post_pick_place:2 planner_output_not_parseable:1 orphan_place:1 pick_place_mismatch:1
r1-distill-qwen-7b,FINAL.G2,4,replan_budget_exhausted,budget <- Plan format: unknown_action_token,11,"cooked_meat_1 is in inside_grill, expected plate_top | raw_meat_1 is in table, expected plate_top | raw_meat_2 is in inside_grill, expected plate_top | plate is in dish_rack, expected serving_area | raw_meat_1 never completed a cooking cycle | raw_meat_2 never completed a cooking cycle",unknown_action_token:8 missing_post_pick_place:2 orphan_place:1
r1-distill-qwen-7b,FINAL.G2,5,replan_budget_exhausted,budget <- Plan rules: missing_post_pick_place,11,"cooked_meat_1 is in inside_grill, expected plate_top | raw_meat_1 is in table, expected plate_top | raw_meat_2 is in inside_grill, expected plate_top | plate is in dish_rack, expected serving_area | raw_meat_1 never completed a cooking cycle | raw_meat_2 never completed a cooking cycle",missing_post_pick_place:5 unknown_action_token:4 orphan_place:1 planner_output_not_parseable:1
r1-distill-qwen-7b,FINAL.G2,6,planner_returned_no_actions,Task plan,4,"cooked_meat_1 is in inside_grill, expected plate_top | raw_meat_1 is in table, expected plate_top | raw_meat_2 is in inside_grill, expected plate_top | plate is in dish_rack, expected serving_area | raw_meat_1 never completed a cooking cycle | raw_meat_2 never completed a cooking cycle",missing_post_pick_place:1 orphan_place:1 planner_output_not_parseable:1
r1-distill-qwen-7b,FINAL.G2,7,replan_budget_exhausted,budget <- Plan rules: missing_post_pick_place,11,"cooked_meat_1 is in inside_grill, expected plate_top | raw_meat_1 is in table, expected plate_top | raw_meat_2 is in inside_grill, expected plate_top | plate is in dish_rack, expected serving_area | raw_meat_1 never completed a cooking cycle | raw_meat_2 never completed a cooking cycle",missing_post_pick_place:4 orphan_place:3 unknown_action_token:2 planner_output_not_parseable:2
r1-distill-qwen-7b,FINAL.G2,8,replan_budget_exhausted,budget <- Plan format: unknown_action_token,11,"cooked_meat_1 is in inside_grill, expected plate_top | raw_meat_1 is in table, expected plate_top | raw_meat_2 is in inside_grill, expected plate_top | plate is in dish_rack, expected serving_area | raw_meat_1 never completed a cooking cycle | raw_meat_2 never completed a cooking cycle",unknown_action_token:5 planner_output_not_parseable:3 orphan_place:2 missing_post_pick_place:1
r1-distill-qwen-7b,FINAL.G2,9,replan_budget_exhausted,budget <- Corrective block: invalid_corrective_block,11,"cooked_meat_1 is in inside_grill, expected plate_top | raw_meat_1 is in inside_grill, expected plate_top | raw_meat_2 is in inside_grill, expected plate_top | plate is in dish_rack, expected serving_area | raw_meat_1 never completed a cooking cycle | raw_meat_2 never completed a cooking cycle",invalid_corrective_block:10
r1-distill-qwen-7b,FINAL.G3,0,replan_budget_exhausted,budget <- Plan format: unknown_action_token,11,"raw_meat_1 is in table, expected plate_top | raw_meat_2 is in inside_grill, expected plate_top | raw_meat_3 is in inside_grill, expected plate_top | plate is in dish_rack, expected serving_area | raw_meat_1 never completed a cooking cycle | raw_meat_2 never completed a cooking cycle | raw_meat_3 never completed a cooking cycle",unknown_action_token:5 missing_post_pick_place:4 pick_place_mismatch:1
r1-distill-qwen-7b,FINAL.G3,1,replan_budget_exhausted,budget <- Corrective block: invalid_corrective_block,11,"raw_meat_1 is in table, expected plate_top | raw_meat_2 is in inside_grill, expected plate_top | raw_meat_3 is in inside_grill, expected plate_top | raw_meat_1 never completed a cooking cycle | raw_meat_2 never completed a cooking cycle | raw_meat_3 never completed a cooking cycle",invalid_corrective_block:6 unknown_action_token:2 planner_output_not_parseable:1 repeated_planner_output:1
r1-distill-qwen-7b,FINAL.G3,2,replan_budget_exhausted,budget <- Corrective block: invalid_corrective_block,11,"raw_meat_1 is in inside_grill, expected plate_top | raw_meat_2 is in inside_grill, expected plate_top | raw_meat_3 is in inside_grill, expected plate_top | raw_meat_1 never completed a cooking cycle | raw_meat_2 never completed a cooking cycle | raw_meat_3 never completed a cooking cycle",invalid_corrective_block:9 missing_post_pick_place:1
r1-distill-qwen-7b,FINAL.G3,3,replan_budget_exhausted,budget <- Plan rules: missing_post_pick_place,11,"raw_meat_1 is in table, expected plate_top | raw_meat_2 is in inside_grill, expected plate_top | raw_meat_3 is in inside_grill, expected plate_top | plate is in dish_rack, expected serving_area | raw_meat_1 never completed a cooking cycle | raw_meat_2 never completed a cooking cycle | raw_meat_3 never completed a cooking cycle",missing_post_pick_place:4 unknown_action_token:3 orphan_place:2 planner_output_not_parseable:1 pick_place_mismatch:1
r1-distill-qwen-7b,FINAL.G3,4,replan_budget_exhausted,budget <- Corrective block: invalid_corrective_block,11,"raw_meat_1 is in table, expected plate_top | raw_meat_2 is in inside_grill, expected plate_top | raw_meat_3 is in inside_grill, expected plate_top | raw_meat_1 never completed a cooking cycle | raw_meat_2 never completed a cooking cycle | raw_meat_3 never completed a cooking cycle",invalid_corrective_block:5 missing_post_pick_place:2 unknown_action_token:2 orphan_place:1
r1-distill-qwen-7b,FINAL.G3,5,planner_returned_no_actions,Task plan,7,"raw_meat_1 is in table, expected plate_top | raw_meat_2 is in inside_grill, expected plate_top | raw_meat_3 is in inside_grill, expected plate_top | plate is in dish_rack, expected serving_area | raw_meat_1 never completed a cooking cycle | raw_meat_2 never completed a cooking cycle | raw_meat_3 never completed a cooking cycle",unknown_action_token:4 missing_post_pick_place:2
r1-distill-qwen-7b,FINAL.G3,6,replan_budget_exhausted,budget <- Plan format: unknown_action_token,11,"raw_meat_1 is in table, expected plate_top | raw_meat_2 is in inside_grill, expected plate_top | raw_meat_3 is in inside_grill, expected plate_top | plate is in dish_rack, expected serving_area | raw_meat_1 never completed a cooking cycle | raw_meat_2 never completed a cooking cycle | raw_meat_3 never completed a cooking cycle",unknown_action_token:4 orphan_place:3 missing_post_pick_place:2 planner_output_not_parseable:1 grill_lid_closed:1
r1-distill-qwen-7b,FINAL.G3,7,replan_budget_exhausted,budget <- Corrective block: invalid_corrective_block,11,"raw_meat_1 is in table, expected plate_top | raw_meat_2 is in inside_grill, expected plate_top | raw_meat_3 is in inside_grill, expected plate_top | raw_meat_1 never completed a cooking cycle | raw_meat_2 never completed a cooking cycle | raw_meat_3 never completed a cooking cycle",invalid_corrective_block:9 repeated_planner_output:1
r1-distill-qwen-7b,FINAL.G3,8,replan_budget_exhausted,budget <- Corrective block: invalid_corrective_block,11,"raw_meat_1 is in inside_grill, expected plate_top | raw_meat_2 is in inside_grill, expected plate_top | raw_meat_3 is in inside_grill, expected plate_top | raw_meat_1 never completed a cooking cycle | raw_meat_2 never completed a cooking cycle | raw_meat_3 never completed a cooking cycle",invalid_corrective_block:8 planner_output_not_parseable:1
r1-distill-qwen-7b,FINAL.G3,9,replan_budget_exhausted,budget <- Corrective block: invalid_corrective_block,11,"raw_meat_1 is in table, expected plate_top | raw_meat_2 is in inside_grill, expected plate_top | raw_meat_3 is in inside_grill, expected plate_top | raw_meat_1 never completed a cooking cycle | raw_meat_2 never completed a cooking cycle | raw_meat_3 never completed a cooking cycle",invalid_corrective_block:10
r1-distill-qwen-7b,FINAL.G1-n1,0,replan_budget_exhausted,budget <- Plan rules: missing_post_pick_place,11,"cooked_meat_1 is in inside_grill, expected plate_top | raw_meat_1 is in table, expected plate_top | plate is in dish_rack, expected serving_area | raw_meat_1 never completed a cooking cycle",missing_post_pick_place:7 unknown_action_token:4
r1-distill-qwen-7b,FINAL.G1-n1,1,replan_budget_exhausted,budget <- Corrective block: invalid_corrective_block,11,"cooked_meat_1 is in inside_grill, expected plate_top | raw_meat_1 is in inside_grill, expected plate_top | raw_meat_1 never completed a cooking cycle",invalid_corrective_block:9 unknown_action_token:1
r1-distill-qwen-7b,FINAL.G1-n1,2,replan_budget_exhausted,budget <- Corrective block: invalid_corrective_block,11,"cooked_meat_1 is in inside_grill, expected plate_top | raw_meat_1 is in inside_grill, expected plate_top | plate is in dish_rack, expected serving_area | raw_meat_1 never completed a cooking cycle",invalid_corrective_block:6 missing_post_pick_place:3 repeated_planner_output:1
r1-distill-qwen-7b,FINAL.G1-n1,3,replan_budget_exhausted,budget <- Plan rules: missing_post_pick_place,11,"cooked_meat_1 is in inside_grill, expected plate_top | raw_meat_1 is in table, expected plate_top | plate is in dish_rack, expected serving_area | raw_meat_1 never completed a cooking cycle",missing_post_pick_place:5 planner_output_not_parseable:2 grill_lid_closed:1 orphan_place:1 pick_place_mismatch:1 unknown_action_token:1
r1-distill-qwen-7b,FINAL.G1-n1,4,replan_budget_exhausted,budget <- Plan rules: missing_post_pick_place,11,"cooked_meat_1 is in inside_grill, expected plate_top | raw_meat_1 is in table, expected plate_top | plate is in dish_rack, expected serving_area | raw_meat_1 never completed a cooking cycle",missing_post_pick_place:4 unknown_action_token:3 orphan_place:3
r1-distill-qwen-7b,FINAL.G1-n1,5,planner_returned_no_actions,Task plan,2,"cooked_meat_1 is in inside_grill, expected plate_top | raw_meat_1 is in table, expected plate_top | plate is in dish_rack, expected serving_area | raw_meat_1 never completed a cooking cycle",unknown_action_token:1
r1-distill-qwen-7b,FINAL.G1-n1,6,replan_budget_exhausted,budget <- Plan rules: missing_post_pick_place,11,"cooked_meat_1 is in inside_grill, expected plate_top | raw_meat_1 is in table, expected plate_top | plate is in dish_rack, expected serving_area | raw_meat_1 never completed a cooking cycle",missing_post_pick_place:5 unknown_action_token:4 planner_output_not_parseable:1 orphan_place:1
r1-distill-qwen-7b,FINAL.G1-n1,7,replan_budget_exhausted,budget <- Corrective block: invalid_corrective_block,11,"cooked_meat_1 is in inside_grill, expected plate_top | raw_meat_1 placed on plate_top before completing a cooking cycle",invalid_corrective_block:8 pick_place_mismatch:1 orphan_place:1
r1-distill-qwen-7b,FINAL.G1-n1,8,replan_budget_exhausted,budget <- Plan format: unknown_action_token,11,"cooked_meat_1 is in inside_grill, expected plate_top | raw_meat_1 is in table, expected plate_top | plate is in dish_rack, expected serving_area | raw_meat_1 never completed a cooking cycle",unknown_action_token:5 missing_post_pick_place:5 pick_place_mismatch:1
r1-distill-qwen-7b,FINAL.G1-n1,9,replan_budget_exhausted,budget <- Plan rules: missing_post_pick_place,11,"cooked_meat_1 is in inside_grill, expected plate_top | raw_meat_1 is in table, expected plate_top | plate is in dish_rack, expected serving_area | raw_meat_1 never completed a cooking cycle",missing_post_pick_place:7 planner_output_not_parseable:2 unknown_action_token:2
