v -0.02868379 -0.0163928 -0.02426725
v -0.02943025 -0.01595773 -0.02680782
v -0.02757609 -0.01690717 -0.02669352
v -0.0291936 -0.01453668 -0.031257
v -0.02879638 -0.01566957 -0.03123011
v -0.03074015 -0.01472379 -0.03097557
v -0.003274845 -0.01737562 -0.01638943
v -0.003311934 -0.01737906 -0.01804018
v -0.001396419 -0.01730001 -0.01744418
v -0.02003838 -0.01779024 -0.02369195
v -0.021552 -0.01781893 -0.02564972
v -0.01907938 -0.01773186 -0.02500049
v -0.01803336 -0.01769486 -0.02338616
v -0.02745121 -0.01495209 -0.03142812
v -0.02732475 -0.01606337 -0.03141018
v -0.0293238 -0.0137652 -0.031127
v -0.02795627 -0.01362635 -0.03082583
v -0.03232572 -0.01308754 -0.0308253
v -0.03094115 -0.01369066 -0.03125615
v -0.02500628 -0.01764822 -0.02472856
v -0.02482722 -0.01775479 -0.02272438
v -0.02636718 -0.0173372 -0.0239491
v -0.02423947 -0.01578602 -0.03152713
v -0.02383761 -0.01713824 -0.03131621
v -0.0260218 -0.01635987 -0.03149191
v -0.02750937 -0.01692314 -0.02451627
v 0.0003043655 -0.01727002 -0.01646321
v -0.0002438538 -0.01731652 -0.01762106
v 0.001967944 -0.01727528 -0.01759853
v -0.02590308 -0.01553746 -0.03151093
v -0.03039464 -0.01298024 -0.03121592
v -0.03185482 -0.01224985 -0.03139835
v -0.001452202 -0.01736708 -0.01548445
v -0.02332097 -0.01787683 -0.02493335
v -0.0264152 -0.01417759 -0.03069696
v -0.02687078 -0.01727728 -0.02154464
v -0.02554406 -0.01760698 -0.02157077
v -0.03149312 -0.01136833 -0.03123436
v -0.02958756 -0.01277936 -0.030873
v -0.02536797 -0.01440841 -0.03065187
v -0.02321167 -0.0179157 -0.02344465
v -0.02170211 -0.01784756 -0.02307925
v -0.02430743 -0.01476382 -0.03089343
v -0.02935936 -0.01139106 -0.03012398
v -0.02324473 -0.01783745 -0.02238752
v -0.02504463 -0.01379084 -0.03006304
v -0.02374819 -0.01426331 -0.03017928
v 0.0005723406 -0.01731778 -0.01520708
v -0.02322093 -0.01779566 -0.02970492
v -0.02198303 -0.01781898 -0.02977116
v -0.02232243 -0.01781837 -0.02765339
v -0.02415885 -0.01776055 -0.02783205
v -0.02318837 -0.0165103 -0.03152483
v -0.01998135 -0.01773422 -0.02282732
v 0.002029574 -0.0173119 -0.01551656
v -0.02090862 -0.01784467 -0.02147704
v -0.0225377 -0.01579003 -0.03144512
v -0.02287985 -0.01707108 -0.03140286
v -0.02070149 -0.01660373 -0.03160433
v -0.02092734 -0.01716034 -0.03140222
v -0.02268577 -0.01793853 -0.02033946
v -0.02825073 -0.01190446 -0.02988537
v -0.01937604 -0.0162155 -0.03156153
v -0.02122322 -0.01572029 -0.03141415
v -0.01788507 -0.01775168 -0.02686856
v -0.01640617 -0.01715314 -0.02734855
v -0.01655028 -0.01769673 -0.02688571
v -0.02696862 -0.01304691 -0.03003446
v -0.01735529 -0.01775162 -0.02565089
v -0.006367482 -0.0175048 -0.01508905
v -0.004484365 -0.01746763 -0.01577346
v -0.003745656 -0.01740431 -0.01491464
v -0.02129002 -0.01504921 -0.03089079
v -0.02679801 -0.01238887 -0.02988322
v -0.01987251 -0.01567817 -0.03136671
v -0.01573154 -0.01767473 -0.02559939
v -0.01557481 -0.01768394 -0.02702114
v -0.01405508 -0.0176624 -0.02704639
v -0.02281056 -0.01501687 -0.03088736
v -0.01430015 -0.01771766 -0.02526893
v -0.02529133 -0.0130455 -0.02989212
v -0.02254988 -0.01430551 -0.03013086
v -0.02355985 -0.01361336 -0.02997358
v -0.0161245 -0.01763726 -0.0246883
v -0.02101422 -0.01452394 -0.03026848
v -0.004805567 -0.01749158 -0.01289453
v -0.002448352 -0.01744457 -0.01284283
v -0.02002375 -0.01754516 -0.03076217
v -0.01852443 -0.01748808 -0.03091561
v -0.01988018 -0.01769933 -0.02973334
v -0.01564175 -0.01763034 -0.02298211
v -0.01914579 -0.01692093 -0.03151633
v -0.01231749 -0.01759613 -0.02516622
v -0.01737508 -0.01638399 -0.03151947
v -0.0164424 -0.01713437 -0.03032828
v -0.01771222 -0.01708035 -0.03121739
v -0.02066444 -0.01762861 -0.02814709
v -0.03254277 -0.01336769 -0.02444891
v -0.03207468 -0.0139359 -0.02570364
v -0.03196891 -0.01411944 -0.0237308
v -0.0001252722 -0.01739699 -0.01271836
v -0.01410158 -0.01757915 -0.02380623
v -0.01582389 -0.01672294 -0.03136348
v -0.01601686 -0.01706981 -0.03088836
v -0.01494117 -0.01719304 -0.02739807
v -0.0146055 -0.01760762 -0.02153129
v -0.02997943 -0.01562724 -0.02387454
v -0.01190237 -0.0176314 -0.02692568
v 0.001226125 -0.01735977 -0.01346557
v -0.01579875 -0.01616695 -0.0315478
v -0.01672944 -0.01568876 -0.03145678
v -0.02151457 -0.01365616 -0.02999792
v -0.01934319 -0.01786418 -0.02071019
v -0.0179105 -0.01771146 -0.02213344
v -0.02003257 -0.01787254 -0.01957744
v -0.01865435 -0.01779433 -0.01868789
v -0.01774449 -0.01777869 -0.02024056
v -0.01990236 -0.01401933 -0.03001888
v -0.01925239 -0.01225895 -0.0298708
v -0.02090005 -0.01162627 -0.02981321
v -0.02812142 -0.01673788 -0.02167096
v -0.01811149 -0.01566353 -0.03136948
v -0.01874014 -0.01503878 -0.03095783
v -0.03239189 -0.01362814 -0.02665382
v -0.0328385 -0.01281709 -0.02744358
v -0.03199808 -0.01379569 -0.02762448
v -0.01592582 -0.01773145 -0.02139861
v -0.0006989874 -0.0174708 -0.01075808
v -0.01624899 -0.01512127 -0.03115335
v -0.03471548 -0.009696215 -0.02526835
v -0.03548297 -0.00685933 -0.02613798
v -0.035101 -0.008433115 -0.02788461
v -0.01729724 -0.01438497 -0.03022772
v -0.01881614 -0.0145418 -0.03035504
v -0.01272041 -0.01751627 -0.02284974
v -0.01345081 -0.01766756 -0.0213487
v -0.01552696 -0.01452108 -0.03041918
v -0.01153031 -0.01753419 -0.02160818
v -0.01286979 -0.01769936 -0.02028571
v -0.01192917 -0.01761867 -0.02027047
v -0.0161592 -0.01400043 -0.03007009
v -0.01563627 -0.01768291 -0.01922594
v -0.01694717 -0.01774606 -0.01931736
v -0.01577566 -0.01775361 -0.02047212
v -0.01439914 -0.01767081 -0.01941697
v -0.01808512 -0.01405931 -0.03007589
v -0.002150107 -0.01751619 -0.009818723
v -0.003590614 -0.01753479 -0.01059709
v -0.01300921 -0.01760287 -0.01937041
v -0.03509775 -0.008680355 -0.02265652
v -0.03549546 -0.007055329 -0.02225394
v -0.03530127 -0.007918343 -0.02494111
v -0.01291389 -0.01763958 -0.01760345
v -0.03488079 -0.009356033 -0.02079659
v -0.03441894 -0.01046509 -0.02185473
v -0.01739845 -0.01259039 -0.02991785
v -0.02751774 -0.01714939 -0.01643661
v -0.02835705 -0.01671579 -0.01885092
v -0.02673662 -0.01737799 -0.01820019
v -0.02647143 -0.01750886 -0.01597934
v -0.03528485 -0.008033089 -0.01969241
v -0.01774421 -0.01108429 -0.02976372
v -0.01558527 -0.01254272 -0.02992912
v -0.0275449 -0.01720614 -0.01405985
v -0.0259181 -0.0177238 -0.01393268
v -0.02643506 -0.01764148 -0.01158379
v -0.02445308 -0.01798654 -0.012998
v -0.02515704 -0.01791871 -0.01487109
v -0.03217216 -0.01376939 -0.02270414
v -0.03199245 -0.01406773 -0.02122084
v -0.02761844 -0.0170364 -0.02045018
v -0.01586534 -0.01128207 -0.0297846
v -0.0266661 -0.01741463 -0.01952628
v -0.03243674 -0.01345289 -0.02134791
v -0.03114378 -0.01484057 -0.02138579
v -0.02515642 -0.01774988 -0.01857105
v -0.02432904 -0.01801641 -0.01698187
v -0.02358062 -0.0181524 -0.01199882
v -0.02305095 -0.01809465 -0.013795
v -0.01600234 -0.009673376 -0.02963464
v -0.02961146 -0.01600849 -0.02079727
v -0.02113462 -0.01788356 -0.01838583
v -0.0227792 -0.01799279 -0.01902462
v -0.02150226 -0.01790702 -0.01945387
v -0.02503232 -0.0178072 -0.01945684
v -0.02362753 -0.01793463 -0.01958805
v -0.02422138 -0.01783899 -0.01897817
v -0.02447962 -0.01804807 -0.01117349
v -0.01496157 -0.01574018 -0.03156547
v -0.02340669 -0.01803298 -0.01586352
v -0.02248023 -0.01800122 -0.01724818
v -0.02201433 -0.01797334 -0.01519425
v -0.03327536 -0.01234796 -0.02068269
v -0.03367586 -0.01187968 -0.01958419
v -0.03366836 -0.01180942 -0.02266835
v -0.02439396 -0.01811114 -0.009193411
v -0.01421748 -0.01644429 -0.03160577
v -0.01366094 -0.01590028 -0.03160097
v -0.01279507 -0.01555683 -0.03149651
v -0.01266815 -0.01646778 -0.03166173
v -0.01400772 -0.01508464 -0.03115991
v -0.03107847 -0.01496346 -0.01782382
v -0.03186182 -0.01437226 -0.01673551
v -0.03200339 -0.01428121 -0.01845146
v -0.01166664 -0.01500941 -0.03106421
v -0.03230451 -0.013717 -0.01885515
v -0.01259372 -0.01449139 -0.03041732
v -0.03031493 -0.01576558 -0.009949371
v -0.03060827 -0.01561666 -0.00775715
v -0.0313037 -0.01504701 -0.009277701
v -0.02886783 -0.01667704 -0.008580901
v -0.009089615 -0.01671707 -0.03160356
v -0.008264057 -0.01713764 -0.03113037
v -0.009976167 -0.01718988 -0.03113263
v -0.03223902 -0.01377081 -0.01600989
v -0.03570209 -0.0003585201 -0.02999671
v -0.0351359 0.0008161161 -0.03053309
v -0.03560689 -0.001031362 -0.03047753
v -0.01222203 -0.01734571 -0.03084476
v -0.01211227 -0.01699292 -0.03136453
v -0.009224452 -0.01735498 -0.03029677
v -0.03479204 0.002300169 -0.03084474
v -0.03445304 0.0008855127 -0.03100118
v -0.0109151 -0.01724246 -0.02901035
v -0.01261852 -0.01743256 -0.03007041
v -0.03428908 0.00237756 -0.03106693
v -0.02726229 -0.01738804 -0.0108515
v -0.02657367 -0.01765777 -0.009046823
v -0.01130777 -0.01569612 -0.03158075
v -0.01131279 -0.01657929 -0.03161376
v -0.02113377 -0.01794696 -0.01672902
v -0.03507692 0.003615465 -0.03090294
v -0.01980293 -0.01791682 -0.0169577
v -0.03527066 0.002350923 -0.03031344
v -0.02576277 -0.01794397 -0.00655251
v -0.01956195 -0.01783944 -0.01622227
v -0.03573843 0.003919069 -0.03027733
v -0.009728052 -0.01502991 -0.03114887
v -0.03463798 0.004359752 -0.0308423
v -0.0337525 0.003237216 -0.03087718
v -0.01775476 -0.01784117 -0.01672708
v -0.02208844 -0.01814482 -0.011083
v -0.02090158 -0.01794534 -0.01318106
v -0.009502817 -0.0157137 -0.03158392
v -0.008302703 -0.01638001 -0.03166696
v -0.03553522 0.002165258 -0.02974714
v -0.01644185 -0.01777741 -0.01762944
v -0.01032604 -0.01435804 -0.03031427
v -0.03553301 0.00509199 -0.03027089
v -0.02346943 -0.01811789 -0.01069159
v -0.03444188 0.005991368 -0.03018316
v -0.01588749 -0.01775145 -0.01650636
v -0.01523196 -0.01768645 -0.01758036
v -0.03365627 0.005201527 -0.03026672
v -0.00757733 -0.01562514 -0.03155443
v -0.008049775 -0.01499254 -0.03115267
v -0.008492183 -0.01443048 -0.03037727
v -0.01749247 -0.01782241 -0.01535291
v -0.03521854 0.005828409 -0.03010308
v -0.02253589 -0.01813503 -0.009696245
v -0.03579714 0.006375716 -0.0293111
v -0.016017 -0.01771207 -0.01573934
v -0.01438251 -0.01771505 -0.01650138
v -0.03282556 0.006177305 -0.02987434
v -0.01436601 -0.01453799 -0.03041157
v -0.02292261 -0.01817662 -0.008011522
v -0.03587083 0.004382586 -0.02715771
v -0.03586723 0.003255885 -0.02690964
v -0.03595695 0.003922617 -0.02650614
v -0.02090874 -0.01812341 -0.009152595
v -0.03588765 0.004379328 -0.0251191
v -0.01470923 -0.01394746 -0.03007615
v -0.01485212 -0.01773348 -0.01442624
v -0.03588946 0.005215744 -0.02877192
v -0.03597941 0.005868981 -0.02715669
v -0.03603466 0.005597293 -0.02659006
v -0.01319591 -0.01383882 -0.03009018
v -0.02016221 -0.01790901 -0.01494151
v -0.01347595 -0.01241334 -0.02990227
v -0.01216441 -0.01714635 -0.02804665
v -0.03599411 0.007376218 -0.02683909
v -0.0139438 -0.01740773 -0.02938491
v -0.03605996 0.008484118 -0.02608362
v -0.01150171 -0.01399885 -0.03010188
v -0.01079088 -0.01287042 -0.02993793
v -0.02387977 -0.01818088 -0.006582787
v -0.01150547 -0.01166099 -0.02979993
v -0.01929385 -0.01790611 -0.01290878
v -0.01765681 -0.01782343 -0.01352218
v -0.03398865 -0.009209353 -0.03129314
v -0.03459265 -0.00800412 -0.03116968
v -0.03407751 -0.008022267 -0.03138071
v -0.01408592 -0.01122077 -0.02976998
v -0.03445608 -0.006023666 -0.03137602
v -0.02256282 -0.01823243 -0.005884856
v -0.03504702 -0.006318985 -0.03106498
v -0.03369132 -0.006957479 -0.03133299
v -0.01364077 -0.008679815 -0.02950884
v -0.01192138 -0.01028217 -0.02965192
v -0.03351921 -0.004700547 -0.03108092
v -0.03290007 -0.006646056 -0.03087134
v -0.03301036 -0.01010174 -0.03137027
v -0.03365472 -0.01055399 -0.03117389
v -0.03327096 -0.008498343 -0.03131191
v -0.0321705 -0.01002848 -0.03122094
v -0.01645287 -0.0178431 -0.01180123
v -0.01493222 -0.0177227 -0.01303682
v -0.03253524 -0.008356582 -0.03099559
v -0.009723812 -0.01369905 -0.03003193
v -0.01790874 -0.01790233 -0.01115473
v -0.01890612 -0.01805533 -0.008737668
v -0.01863376 -0.01809456 -0.00628661
v -0.02041988 -0.01813602 -0.007144855
v -0.02991434 -0.0101707 -0.0299444
v -0.03056053 -0.009258686 -0.03000426
v -0.03120582 -0.007814966 -0.02999872
v -0.008216474 -0.01381642 -0.03006776
v -0.01913681 -0.01814222 -0.005055927
v -0.02105037 -0.01822848 -0.005639732
v -0.02219739 -0.01827122 -0.004261864
v -0.00912727 -0.01157869 -0.02975888
v -0.01133153 -0.01751824 -0.02325644
v -0.009902012 -0.01742615 -0.02272998
v -0.007174496 -0.01172765 -0.0297467
v -0.008043922 -0.01739355 -0.02270781
v -0.008710559 -0.0174587 -0.02144836
v -0.01757612 -0.01808933 -0.00521596
v -0.03186324 -0.006252091 -0.03008993
v -0.0100911 -0.01755009 -0.02114097
v -0.01166134 -0.0175747 -0.01842884
v -0.01028047 -0.01754477 -0.01899285
v -0.01083288 -0.007697538 -0.02936272
v -0.0195637 -0.01799389 -0.01121989
v -0.01100291 -0.01759204 -0.01712282
v -0.03539968 -0.006856689 -0.0297728
v -0.0353575 -0.006529564 -0.03049313
v -0.03471634 -0.009370558 -0.0302942
v -0.009130657 -0.01755492 -0.01731526
v -0.008701582 -0.01745488 -0.01938377
v -0.007499181 -0.01746336 -0.01921639
v -0.03523196 -0.004566468 -0.03092211
v -0.007843949 -0.01043003 -0.02961432
v -0.009152319 -0.009171531 -0.02948741
v -0.03562096 -0.005213605 -0.02922565
v -0.03561105 -0.004090786 -0.03005387
v -0.006295968 -0.01747244 -0.01818589
v -0.006591186 -0.01745832 -0.01678656
v -0.01754022 -0.01793363 -0.01008967
v -0.007988706 -0.008096166 -0.02936845
v -0.006053321 -0.008759519 -0.02941719
v -0.01025148 -0.0175931 -0.01518184
v -0.01221952 -0.01764877 -0.01608287
v -0.009779643 -0.01751499 -0.01637312
v -0.01353166 -0.01764254 -0.01600005
v -0.01547 -0.01781033 -0.01085644
v -0.01199218 -0.01765458 -0.0138663
v -0.008487947 -0.006182101 -0.02919821
v -0.008290019 -0.01751463 -0.01654733
v -0.0163663 -0.01791015 -0.00935515
v -0.008584391 -0.01755457 -0.01530284
v -0.006106142 -0.006511506 -0.02919118
v -0.03065339 -0.005718281 -0.02993722
v -0.0296634 -0.007822342 -0.02990254
v -0.03481199 -0.004055809 -0.03125428
v -0.01756097 -0.01800314 -0.008038349
v -0.007711679 -0.004403323 -0.02903655
v -0.03554317 -0.002481895 -0.03078452
v -0.01694696 -0.01801023 -0.00694138
v -0.008241378 -0.01754887 -0.01373319
v -0.0007185973 -0.01606543 -0.03160065
v 0.0004136097 -0.01643897 -0.03157186
v -0.001727629 -0.01652551 -0.03160163
v 0.0005913619 -0.0171544 -0.0309756
v -0.03269025 -0.005328003 -0.03053791
v 0.001492521 -0.01595679 -0.03157519
v -2.369098e-05 -0.0154621 -0.03147101
v -0.03432499 -0.003358379 -0.03130706
v 0.00175673 -0.01666542 -0.03143031
v 0.001343764 -0.01553554 -0.03149313
v 0.003414655 -0.01552012 -0.03152246
v 0.003140615 -0.01636236 -0.03158865
v -0.03451331 -0.001837565 -0.03130319
v 0.002084961 -0.01484298 -0.03103808
v -0.014092 -0.0177666 -0.0122376
v 0.003377818 -0.01485872 -0.03112555
v -0.03509613 -0.001144947 -0.03101839
v 0.005003724 -0.0163067 -0.03138183
v -0.03352915 -0.002758786 -0.0309749
v 0.005227961 -0.01535158 -0.03141034
v -0.02354601 -0.01831652 -0.004085898
v -0.02482753 -0.0181111 -0.004381739
v 0.006090783 -0.01689262 -0.03024217
v 0.005827026 -0.01658951 -0.02873768
v 0.004918488 -0.01697991 -0.03061087
v 0.00396961 -0.01709105 -0.02956132
v -0.03222328 -0.003836174 -0.03026138
v -0.03211018 -0.002844073 -0.03004697
v 0.005838385 -0.01481675 -0.0310681
v -0.01371264 -0.01778122 -0.01060873
v -0.01237788 -0.01772192 -0.01205104
v -0.01149968 -0.01773832 -0.01072589
v -0.0235211 -0.01826526 -0.002770852
v 0.00489616 -0.01437072 -0.0304355
v 0.006997999 -0.01533189 -0.03142092
v -0.03274941 -0.001413286 -0.03045054
v -0.02256327 -0.0183388 -0.003163176
v 0.006942779 -0.01653715 -0.03132375
v 0.007969342 -0.01616546 -0.03149489
v 0.007949073 -0.01483976 -0.03111229
v 0.006927764 -0.01428517 -0.0303667
v -0.01062994 -0.017669 -0.011935
v -0.005272882 -0.01692564 -0.03040333
v -0.006562218 -0.01711242 -0.0303631
v -0.006267983 -0.01697387 -0.03096595
v -0.008223396 -0.01706539 -0.02832413
v -0.03577038 -0.002462311 -0.03020656
v -0.0249387 -0.01822069 -0.002172362
v -0.02390813 -0.01834782 -0.001504714
v -0.03582963 -0.0006105099 -0.02919964
v -0.007640604 -0.01723368 -0.0295127
v -0.00970633 -0.01763762 -0.01330291
v -0.00524069 -0.01663897 -0.02902172
v -0.005775034 -0.01671899 -0.02843963
v -0.00881261 -0.0175898 -0.0121771
v -0.007002499 -0.01618103 -0.03157627
v -0.03184683 -0.005103221 -0.03004821
v -0.007111326 -0.01761388 -0.01148294
v -0.008123145 -0.01764167 -0.01068711
v -0.005943671 -0.01558083 -0.03154021
v -0.005989965 -0.01499091 -0.03121106
v -0.005178079 -0.0162492 -0.03147938
v -0.006251726 -0.01674415 -0.03127502
v -0.004642135 -0.01686003 -0.03120231
v -0.02091599 -0.01829011 -0.00354016
v -0.02134731 -0.01837713 -0.00227851
v -0.01968038 -0.01827718 -0.002523964
v -0.004417863 -0.01555742 -0.03150059
v -0.004454119 -0.01501852 -0.03122594
v -0.01895624 -0.01824215 -0.003456302
v -0.006926753 -0.0143417 -0.03032237
v -0.006562531 -0.01752676 -0.0131055
v -0.03135771 -0.003711434 -0.02999527
v -0.006422665 -0.01357731 -0.02998184
v -0.005152453 -0.01433121 -0.03030279
v -0.02236715 -0.01826185 -0.002192995
v -0.02273382 -0.01836048 -0.001111524
v -0.004932914 -0.01326489 -0.02992428
v -0.0308466 -0.001681963 -0.02992467
v -0.003538383 -0.01402801 -0.0300875
v -0.003829354 -0.01640804 -0.03151038
v -0.003027502 -0.01695031 -0.02855746
v -0.003632069 -0.01711393 -0.02984879
v -0.001082502 -0.01708612 -0.02948187
v -0.00312949 -0.01569125 -0.03163512
v -0.02997075 -0.003274586 -0.02991053
v -0.02909391 -0.005481901 -0.02985591
v -0.006546039 -0.0175924 -0.00998445
v -0.004819261 -0.01754091 -0.01038909
v -0.0196537 -0.0183394 -0.001148678
v -0.0030296 -0.01487993 -0.03111892
v -0.02081 -0.01833944 -0.0009922329
v -0.00219563 -0.01455635 -0.03062932
v -0.001603525 -0.0155485 -0.03152818
v -0.001054136 -0.01482857 -0.0309892
v -0.02748885 -0.01753949 -0.001418654
v -0.02744104 -0.01750576 -0.003508411
v -0.02580307 -0.01802158 -0.003004679
v -0.008091975 -0.01771399 -0.008340854
v -0.02635968 -0.01796746 0.0006204583
v -0.02914533 -0.01076788 -0.02988722
v -0.02772212 -0.01749952 0.0003420245
v -0.02475994 -0.0183122 0.0006032288
v -0.001891334 -0.01400896 -0.03008027
v -0.005427951 -0.01763619 -0.009271946
v -0.02343924 -0.01840796 0.0001124442
v -0.01065711 -0.0176259 -0.02683293
v -0.009011298 -0.01756541 -0.02688328
v -0.008982226 -0.01756017 -0.02616336
v -0.027851 -0.009160427 -0.02982525
v -0.00644521 -0.01755441 -0.0269111
v -0.007689059 -0.01752952 -0.02568347
v -0.02609545 -0.01104784 -0.02983425
v -0.003644606 -0.01761431 -0.008502312
v -0.005432092 -0.01683543 -0.02718997
v -0.004810316 -0.01747946 -0.02695585
v -0.004794698 -0.01688204 -0.02727721
v -0.001436885 -0.01757732 -0.008421775
v -0.003935315 -0.01749453 -0.02601627
v -0.003187323 -0.01748834 -0.02698239
v -0.02323781 -0.01095425 -0.02978259
v -0.02434963 -0.01192505 -0.02985765
v -0.02327887 -0.01852133 0.002805019
v -0.00642116 -0.01738469 -0.02453489
v -0.00483604 -0.01751056 -0.02542811
v -0.004852131 -0.01730787 -0.02445891
v -0.003472846 -0.01730749 -0.02432469
v -0.002639446 -0.01741979 -0.02503729
v -0.02152158 -0.01846208 0.001838217
v -0.02190154 -0.009485945 -0.02966979
v -0.02692831 -0.00731359 -0.02975763
v -0.02473294 -0.009141272 -0.02972854
v -0.004605202 -0.0173784 -0.02361447
v -0.0007876381 -0.01692397 -0.02840981
v 0.0005639922 -0.01691859 -0.02871042
v 0.001376403 -0.01716454 -0.03000474
v 0.001962315 -0.01693768 -0.0284669
v -0.0197064 -0.01027717 -0.02970534
v -0.0009366795 -0.01706653 -0.02743697
v 0.0008824188 -0.0174659 -0.02695632
v -0.001449386 -0.01750089 -0.02699886
v -0.01964436 -0.008160712 -0.02954247
v -0.0176868 -0.008876709 -0.02956834
v 0.003786083 -0.01696573 -0.02856954
v 0.001949523 -0.01706336 -0.02733955
v 0.002781607 -0.01751922 -0.0269431
v -0.02120356 -0.006031383 -0.02945558
v 0.004863188 -0.01691903 -0.0273543
v 0.004428267 -0.01744584 -0.02688355
v 0.005977571 -0.01735434 -0.02697173
v 0.004783424 -0.01730706 -0.02558841
v 0.005881179 -0.01740243 -0.02637778
v -0.01899694 -0.01835387 0.0005137622
v -0.001488343 -0.01733722 -0.02368287
v -0.0009209923 -0.01733654 -0.02468605
v -0.02358948 -0.007202312 -0.02959134
v -0.002071209 -0.01697588 -0.02747497
v -0.0002666246 -0.01745806 -0.02602489
v 0.0002499409 -0.01719892 -0.02384503
v -0.0006021373 -0.01727919 -0.02268114
v 0.001672355 -0.01733715 -0.02553003
v 0.0005454849 -0.01738512 -0.02477931
v 0.003988491 -0.01734009 -0.02469428
v 0.003416307 -0.01712773 -0.02361129
v 0.003373524 -0.01722196 -0.02276297
v 0.002075089 -0.01729285 -0.02247209
v -0.01795175 -0.006496416 -0.02938794
v -0.0007805191 -0.01429671 -0.03029291
v -0.01818029 -0.004159374 -0.02926495
v -0.01418841 -0.01787173 -0.008591505
v 7.445179e-05 -0.01455472 -0.03061058
v -0.02061665 -0.003452504 -0.02933127
v -0.00302157 -0.01280948 -0.02984561
v -0.02605623 -0.004945192 -0.02966688
v -0.01234837 -0.01780625 -0.008838508
v -0.0005217213 -0.01254653 -0.02978876
v -0.00178984 -0.01136322 -0.02967285
v -0.0158365 -0.01792707 -0.007995758
v -0.01502018 -0.006562002 -0.02933366
v 0.0006130654 -0.009902364 -0.02947773
v -0.005478894 -0.01155052 -0.02972629
v -0.0139652 -0.01795615 -0.006189324
v -0.02015072 -0.001465999 -0.02926114
v -0.02239202 -0.002367055 -0.02938569
v -0.004413042 -0.01025908 -0.02955894
v -0.00994524 -0.01773201 -0.008915961
v -0.02352462 -0.003942434 -0.02948052
v -0.01721312 -0.001579478 -0.0291325
v -0.01192331 -0.01785085 -0.007119518
v -0.004263755 -0.008463979 -0.02935391
v -0.001538526 -0.008437574 -0.02933783
v -0.009239852 -0.01775065 -0.007432273
v -0.01419464 -0.003636075 -0.02913115
v -0.01268423 -0.00569874 -0.02923302
v -0.0111266 -0.01786017 -0.005736448
v -0.003088167 -0.006445745 -0.0291499
v -0.009253453 -0.01782609 -0.005616857
v -0.02785771 -0.002545679 -0.02974459
v -0.01486356 -0.001572384 -0.02906237
v -0.03367177 -0.000503391 -0.03105851
v -0.004261358 -0.00496126 -0.02903564
v -0.01233569 -0.00128736 -0.02897277
v -0.01972494 0.0002259929 -0.02920025
v -0.01575026 -0.01799174 -0.006049223
v -0.03210261 -0.00171531 -0.0300547
v -0.03208826 0.0003483016 -0.03001198
v -0.03323047 0.0007619876 -0.03074682
v -0.01405898 -0.01803903 -0.003907895
v 0.001451386 -0.007700315 -0.02924268
v -0.03337376 0.00215348 -0.03082516
v -0.01053919 -0.004430644 -0.02909072
v -0.01614494 -0.01808299 -0.004034296
v -0.03213147 0.001785241 -0.03002151
v 0.0003631227 -0.01485456 -0.03105551
v 0.001521878 -0.01425375 -0.0302468
v 0.0004292466 -0.01383448 -0.03000356
v 0.002256915 -0.0137465 -0.02997411
v 0.003081098 -0.01435387 -0.03038197
v -0.008678809 -0.001905376 -0.02890898
v -0.01208456 -0.01792666 -0.004963312
v 0.001361804 -0.01218146 -0.0297425
v -0.02992608 -0.0005075429 -0.02988058
v -0.009755474 -0.01749144 -0.02445421
v -0.02732877 6.311946e-05 -0.02966369
v 0.003502326 -0.01282364 -0.02980104
v 0.006536188 -0.01675256 -0.02933698
v -0.008078963 -0.01746704 -0.02354469
v 0.004330261 -0.0139272 -0.03004043
v 0.00592961 -0.01394134 -0.03005818
v 0.005832514 -0.01309246 -0.02983579
v -0.006146673 -0.0173391 -0.02258034
v -0.005654186 -0.01733349 -0.02363942
v 0.003369145 -0.01080106 -0.02956646
v -0.01320333 -0.01806356 -0.002759639
v -0.01181467 -0.01808091 -0.001569245
v -0.01037309 -0.01795725 -0.003493527
v 0.004611334 -0.01190391 -0.02969167
v -0.006282091 -0.01742614 -0.02159558
v -0.03230334 0.003151601 -0.03003093
v 0.003707992 -0.008911937 -0.02936813
v -0.00421346 -0.01729748 -0.02205183
v -0.003427234 -0.01732416 -0.02085983
v -0.03285301 0.004241031 -0.03015908
v -0.006833147 -0.01742814 -0.02041132
v -0.006236512 -0.01767483 -0.00830414
v -0.005572805 -0.01739476 -0.0199225
v -0.03084229 0.00345942 -0.02982143
v -0.005150922 -0.0174254 -0.0178412
v -0.007006668 -0.01767695 -0.007458625
v -0.02969626 0.001964115 -0.02977242
v 0.006216265 -0.01121784 -0.02960049
v 0.006931378 -0.0135701 -0.02990749
v -0.003334075 -0.01735869 -0.02294818
v -0.002277493 -0.01725565 -0.02178803
v -0.001642471 -0.01734087 -0.02259984
v -0.005161187 -0.01761759 -0.007803937
v 0.009106306 -0.0118009 -0.02967878
v 0.0004522316 -0.01718124 -0.0216249
v 0.008093972 -0.01037028 -0.02952503
v -0.008223142 -0.01777842 -0.006625932
v -0.001166454 -0.01724209 -0.02070487
v -0.002044933 -0.0173483 -0.01956563
v -0.02639195 0.002569657 -0.02953531
v -0.006308328 -0.0177553 -0.006441774
v 0.006665649 -0.008284228 -0.02930439
v 0.001276912 -0.01721249 -0.02035699
v -0.02854503 0.004365435 -0.0296386
v -0.006350346 -0.01778772 -0.004775725
v 0.002703493 -0.01711416 -0.02091355
v 0.003401453 -0.01714862 -0.02053227
v -0.004561596 -0.01743257 -0.01881099
v -0.00442801 -0.0174259 -0.0199766
v -0.00411386 -0.01771974 -0.006839596
v -0.00233186 -0.0176065 -0.007458109
v -0.002843749 -0.01740191 -0.01867729
v -0.03447421 -0.009974984 -0.02807474
v -0.03364301 -0.01162922 -0.02946653
v -0.03402577 -0.01096729 -0.02743354
v -0.02692596 -0.01691044 -0.03046541
v -0.02695579 -0.01703374 -0.0285042
v -0.02853098 -0.01633739 -0.0299815
v -0.02896631 -0.01616994 -0.0286152
v -0.003682543 -0.01775322 -0.004728235
v -0.02535535 -0.01748318 -0.02981487
v -0.002788436 -0.01769267 -0.005715948
v -0.0007893313 -0.01768383 -0.005863864
v -0.008593727 -0.01793739 -0.002907183
v -0.02598464 -0.002801383 -0.02959979
v -0.01012215 -0.01808735 -0.0003752373
v -0.006274439 -0.01788403 -0.002732355
v -0.00759761 -0.01797466 -0.001386574
v -0.02513049 0.0001994483 -0.02950468
v -0.02452113 -0.002110304 -0.02949963
v -0.004695944 -0.01785761 -0.002865905
v -0.002252473 -0.01776387 -0.003115349
v -0.005150137 -0.01795553 -0.0005190913
v -0.003712466 -0.01786374 -0.001209818
v -0.01672537 -0.01813687 -0.002546556
v -0.02337211 0.001383256 -0.0293705
v -0.02215075 6.791949e-05 -0.02933267
v -0.01678021 -0.01823284 -0.0006376337
v -0.01474088 -0.0181674 -0.001744846
v -0.01528789 -0.0181437 -0.00101744
v -0.021733 0.002307393 -0.02925066
v -0.01451764 -0.0182134 -0.0005660821
v -0.01476757 -0.01827098 0.0008245409
v -0.03569139 -0.003442023 -0.02718128
v -0.03577552 -0.0008707773 -0.0273338
v -0.01649359 -0.01833037 0.001529876
v -0.03582985 -0.001751879 -0.0266625
v -0.03580525 -0.003168764 -0.02648288
v -0.03575959 -0.002138419 -0.02513248
v -0.03581383 -0.0002960227 -0.02654563
v -0.01905821 -0.01857314 0.004610959
v -0.01822535 -0.018458 0.003133126
v -0.03568759 -0.003924038 -0.02215275
v -0.03571896 -0.003430013 -0.02360649
v -0.03568231 -0.004900789 -0.02311343
v -0.01593567 -0.01840809 0.003263108
v -0.0356917 -0.00475475 -0.02087066
v -0.01747911 -0.01852059 0.004677713
v -0.03543906 0.0005243216 -0.02689982
v -0.03586793 0.001392147 -0.02636882
v -0.0358477 0.0007783603 -0.02546964
v -0.0354566 0.001421634 -0.02688456
v -0.03204582 0.004863847 -0.02990952
v -0.01402683 -0.01833934 0.003115833
v -0.030562 0.005725809 -0.02973587
v -0.03579934 0.001658691 -0.02469458
v -0.03571884 -0.0005035121 -0.02452037
v -0.01458136 -0.01840888 0.004771065
v -0.03586971 0.002334453 -0.02296182
v -0.03584089 0.003403988 -0.02423307
v -0.0123082 -0.01820607 0.001017464
v -0.01228196 -0.01829725 0.003283303
v -0.01322114 -0.01840401 0.005379282
v -0.01006359 -0.01834426 0.005735878
v -0.01047139 -0.01828295 0.003849495
v -0.03526518 -0.008341819 -0.01459697
v -0.03555054 -0.007095821 -0.01670261
v -0.03497521 -0.009225063 -0.01592395
v -0.03375896 -0.01210698 -0.006209634
v -0.03331245 -0.01292422 -0.003701996
v -0.03443201 -0.01094605 -0.004890917
v -0.03565474 -0.006364919 -0.01139583
v -0.03574423 -0.004429996 -0.01112902
v -0.03575736 -0.00492298 -0.01268076
v -0.03578483 -0.003802786 -0.008065477
v -0.03581668 -0.003548054 -0.01015158
v -0.03578445 -0.00492903 -0.008329391
v -0.0130252 -0.01814219 -0.000820972
v -0.03584997 -0.004479261 -0.005173104
v -0.03574865 -0.005278796 -0.006266793
v -0.03571614 -0.006513756 -0.004702291
v -0.03577095 -0.005181646 -0.004210038
v -0.008540131 -0.01810849 0.0007124413
v -0.03598564 0.008413181 -0.02404228
v -0.03599891 0.008545022 -0.02518312
v -0.03600162 0.006992556 -0.02505413
v -0.03566961 -0.005963383 -0.01969023
v -0.03567607 -0.005930169 -0.01769679
v -0.03569919 -0.004640942 -0.01835096
v -0.0356838 -0.004110895 -0.01970593
v -0.0357007 -0.003034009 -0.02091247
v -0.01020944 -0.0181982 0.002210878
v -0.00730072 -0.01809787 0.001946559
v -0.03571669 -0.003232159 -0.01693343
v -0.03570414 -0.004686888 -0.01650157
v -0.03570169 -0.005977863 -0.01417765
v -0.03572125 -0.004249441 -0.01567165
v -0.0357243 -0.00274667 -0.01375883
v -0.03577908 -0.002877757 -0.01531183
v -0.03575014 -0.003939919 -0.01371284
v -0.005479518 -0.0180325 0.00111597
v -0.00345874 -0.01800529 0.0009817835
v -0.03575968 -0.001970399 -0.01451306
v -0.03580514 -0.003250809 -0.01181667
v -0.03571229 -0.002367441 -0.01219271
v -0.03585666 -0.0004721154 -0.01279268
v -0.005902752 -0.01814684 0.003212407
v -0.03582649 -0.002120346 -0.01037576
v -0.0359267 0.002004618 -0.01163744
v -0.03582483 -0.0001237243 -0.01477583
v -0.03589161 0.0009748787 -0.01566023
v -0.03591776 0.0003280547 -0.009692587
v -0.03587317 -0.002128785 -0.008253207
v -0.008398134 -0.01826865 0.004979152
v -0.008061193 -0.01820206 0.003384251
v -0.03592734 0.002100632 -0.009208526
v -0.03607105 0.005183188 -0.01016738
v -0.03597573 0.004057156 -0.01007366
v -0.03599778 0.004860525 -0.008054314
v -0.03600246 0.006704491 -0.008919451
v -0.0359231 0.007349447 -0.01136515
v -0.02327648 -0.01790843 -0.02675662
v -0.02560037 -0.01751817 -0.02666218
v -0.006360698 -0.01821835 0.005064346
v -0.02031222 -0.01782257 -0.02678667
v -0.007357612 -0.01833612 0.007038247
v -0.005715746 -0.0182987 0.006985452
v -0.01849749 -0.01749176 -0.027834
v -0.01901879 -0.01781726 -0.02699552
v -0.03575328 -0.002781853 -0.01893106
v -0.03577896 -0.002203451 -0.01748334
v -0.02688139 -0.01650657 -0.03123287
v -0.02828408 -0.01630743 -0.0307197
v -0.02963411 -0.01557786 -0.03087075
v -0.03581357 -0.0001844261 -0.02214694
v -0.03573769 -0.002593333 -0.02247999
v -0.03579444 -0.002396859 -0.02086257
v -0.02489308 -0.0172246 -0.03114931
v -0.03406586 -0.01103484 -0.02418504
v -0.03380756 -0.01151711 -0.0252883
v -0.03583369 -0.0008681323 -0.01898864
v -0.03583179 0.0007008966 -0.02117062
v -0.03319128 -0.01244565 -0.02376872
v -0.03585035 0.0008785315 -0.01943706
v -0.03577536 0.001543529 -0.02040932
v -0.03574978 0.0009303838 -0.01860803
v -0.0230403 -0.01771202 -0.03054104
v -0.03587068 -0.0009955149 -0.01562572
v -0.02181102 -0.01772279 -0.03079943
v -0.03582174 0.001264432 -0.0165666
v -0.03583069 0.001813004 -0.01758493
v -0.03591914 0.003401149 -0.01480936
v -0.03592426 0.002052572 -0.0162151
v -0.03582664 -0.0005031712 -0.01691641
v -0.03449243 -0.01037249 -0.0190046
v -0.01835442 -0.01760588 -0.02933069
v -0.03498789 -0.009176426 -0.01853566
v -0.03585562 0.002422785 -0.01995831
v -0.03578106 0.00152008 -0.02231984
v -0.03586427 0.0007906873 -0.02289638
v -0.03547887 -0.007210115 -0.0188903
v -0.03590753 0.003581364 -0.02261025
v -0.03291981 -0.01295343 -0.02232031
v -0.01619523 -0.01695335 -0.0286984
v -0.03597697 0.003223093 -0.01917084
v -0.03594211 0.004549813 -0.01959753
v -0.03096374 -0.014893 -0.02417388
v -0.03588982 0.004603676 -0.02224373
v -0.03601034 0.005647198 -0.02151693
v -0.0360463 0.005567951 -0.01953185
v -0.03598094 0.006464059 -0.02050664
v -0.03591513 0.00559502 -0.02436684
v -0.03603048 0.006416642 -0.02335875
v -0.03598876 0.007330747 -0.0221975
v -0.01391019 -0.01722769 -0.02827057
v -0.01331218 -0.01729952 -0.02747278
v -0.03605068 0.007700588 -0.02077814
v -0.03288286 -0.01304483 -0.02040558
v -0.03592484 0.003554767 -0.01711583
v -0.03588733 0.004541105 -0.01844189
v -0.03601458 0.005378165 -0.01739031
v -0.03595709 0.006304176 -0.01765956
v -0.03603627 0.00522437 -0.01505703
v -0.03119642 -0.01484916 -0.01977307
v -0.02971201 -0.01602289 -0.01862686
v -0.03605904 0.007489762 -0.01909176
v -0.03595303 0.008809512 -0.01883878
v -0.03596557 0.009072294 -0.02136298
v -0.03599994 0.007033048 -0.01764973
v -0.01393399 -0.01729655 -0.03090701
v -0.03603239 0.007767801 -0.01666175
v 0.0001864731 -0.01723424 -0.01958359
v -0.03592874 0.008770929 -0.01716501
v -0.01343011 -0.01704278 -0.03143574
v 0.001550198 -0.01724475 -0.01862921
v -0.03571903 0.01015067 -0.01860672
v -0.03562412 0.01009474 -0.0170091
v -0.03309401 -0.01286237 -0.01933402
v -0.0359396 0.004254514 -0.01228765
v 0.002790701 -0.01716677 -0.01931573
v -0.03322316 -0.01243167 -0.0184984
v -0.0339037 -0.01157464 -0.01677512
v -0.03284665 -0.01318444 -0.01793249
v -0.001593109 -0.01731402 -0.01880365
v -0.03587731 -0.0008946788 -0.007438181
v -0.009590488 -0.0170623 -0.02800117
v -0.01104544 -0.01717686 -0.02745046
v -0.03591667 0.0003451835 -0.008068172
v -0.02867404 -0.01661632 -0.01642437
v -0.03594186 0.0001513772 -0.006559454
v -0.03589425 -0.0008606017 -0.005859457
v -0.03120789 -0.01495752 -0.01628583
v -0.03014879 -0.01571639 -0.01598901
v 0.0001376048 -0.01741224 -0.01820987
v -0.03130219 -0.01490485 -0.01439298
v -0.0359746 0.002647847 -0.007201169
v -0.03602509 0.001577839 -0.006428301
v -0.03538251 0.001099564 -0.029837
v -0.03584512 -0.003045099 -0.005538013
v -0.03586126 -0.004104212 -0.006749088
v -0.03595021 -0.001864346 -0.006083969
v -0.03599872 0.005173191 -0.01372754
v -0.03605072 0.006529415 -0.01538666
v -0.03596181 0.006005844 -0.01409982
v -0.03552127 0.001343139 -0.0283867
v -0.03608073 0.005221993 -0.01210299
v -0.03592265 0.003247773 -0.02907605
v -0.03596222 0.007791899 -0.01356635
v -0.001694418 -0.01713721 -0.03109139
v -0.03596619 0.008323849 -0.01552833
v 0.002438277 -0.01700806 -0.03112862
v 0.002761049 -0.01715791 -0.03060817
v 0.00479483 -0.01678205 -0.03109051
v -0.03587348 0.009502606 -0.01603712
v -0.03560462 0.009999955 -0.01480245
v -0.03561315 0.01026972 -0.01519505
v 0.005927358 -0.0168157 -0.03098593
v -0.03574326 0.009190134 -0.01268298
v -0.03010956 -0.01579572 -0.0132458
v -0.02864603 -0.01670249 -0.01412616
v -0.03610111 0.006087143 -0.01105851
v -0.03598474 0.006492402 -0.02844913
v -0.03548089 0.007508023 -0.02942912
v -0.03482901 0.007570525 -0.02983461
v -0.02880201 -0.01665851 -0.01246269
v -0.02850568 -0.01682672 -0.01059545
v -0.03584068 0.008601427 -0.02836772
v -0.03585305 0.008682257 -0.01140278
v -0.03559794 0.01018489 -0.01286091
v -0.03577619 0.009741228 -0.01155317
v -0.03541933 0.01059976 -0.0123306
v -0.03571224 0.009138698 -0.01008822
v -0.03591121 0.0082737 -0.0087352
v -0.003741972 -0.01704789 -0.03084282
v -0.003096236 -0.01686576 -0.03124128
v -0.0357559 0.009788519 -0.0101934
v -0.03544141 0.01047166 -0.01033698
v -0.0006324183 -0.01719146 -0.03064955
v -0.002798894 -0.01705789 -0.0274184
v -0.003552362 -0.01693016 -0.02735157
v -0.03134827 -0.01499373 -0.01130581
v -0.009310987 -0.01708091 -0.02744541
v -0.007784877 -0.01718739 -0.02734607
v -0.006319612 -0.01698443 -0.02731213
v -0.02858926 -0.0169283 -0.006691389
v -0.02763444 -0.01729512 -0.007646127
v -0.02420791 -0.01783315 -0.02079997
v -0.02685121 -0.01766861 -0.005369782
v 0.0003496539 -0.01695547 -0.0274401
v 0.003876269 -0.01695041 -0.02767078
v 0.002101168 -0.01735325 -0.02474523
v 0.001791324 -0.01727285 -0.02360209
v -0.02460475 -0.01793449 -0.0160332
v -0.02387494 -0.01781488 -0.02004285
v -0.0242419 -0.01793374 -0.01778222
v -0.03075419 -0.01560398 -0.004754866
v -0.0315105 -0.01499939 -0.007540323
v -0.03199023 -0.01433166 -0.01010136
v -0.03169312 -0.01476178 -0.006000645
v -0.03230692 -0.01396828 -0.00582527
v -0.03171867 -0.01479862 -0.003743256
v -0.02924191 -0.0165547 -0.004125621
v -0.02857821 -0.01702568 -0.004480511
v -0.03000258 -0.01613046 -0.002642222
v -0.02844954 -0.01706909 -0.002596404
v -0.03306662 -0.01206532 -0.03087854
v -0.03368977 -0.01121499 -0.03060617
v -0.03295936 -0.01261491 -0.02991478
v -0.03149449 -0.01434835 -0.03037365
v -0.03168492 -0.01420086 -0.02860722
v -0.0302166 -0.01607214 -0.0001526047
v -0.02912573 -0.01675861 -0.001049647
v -0.02929742 -0.01666243 0.001061732
v -0.027823 -0.01748835 0.001885757
v -0.03211775 -0.01429675 -0.00317206
v -0.03281124 -0.01364842 -0.002827248
v -0.03093759 -0.01541386 -0.002587531
v -0.03144476 -0.01512391 -0.001488071
v -0.03289162 -0.01339307 -0.005182676
v -0.03055448 -0.01517699 -0.03027779
v -0.03235257 -0.01416217 -0.001342995
v -0.03349042 -0.01267772 -0.001981081
v -0.03088007 -0.0149384 -0.02734892
v -0.03092099 -0.01548872 -0.000363078
v -0.03564309 -0.004810736 -0.02754761
v -0.03568719 -0.005341494 -0.02547603
v -0.03559582 -0.006269 -0.02385736
v -0.03566756 -0.003865203 -0.02478656
v -0.03572247 -0.005837739 -0.02168404
v -0.03575806 -0.000751866 -0.02348841
v -0.03582983 -8.920394e-05 -0.02388737
v -0.0355349 0.0004294179 -0.02846802
v -0.03198054 -0.01433017 -0.0126139
v -0.0320825 -0.01410417 -0.01436621
v -0.0331935 -0.01288588 -0.00982115
v -0.03294946 -0.01309467 -0.01248816
v -0.03221209 -0.01392626 -0.01167815
v -0.03243295 -0.0137279 -0.008530553
v -0.03481153 -0.00973534 -0.01723111
v -0.03554946 -0.006664835 -0.01588936
v -0.03549879 -0.007440554 -0.01360165
v -0.03562887 -0.006859414 -0.01230814
v -0.03296466 -0.01303844 -0.01531761
v -0.03363816 -0.01205697 -0.01403097
v -0.03479602 -0.00984407 -0.01400093
v -0.03430815 -0.01090651 -0.01240383
v -0.03374749 -0.01194489 -0.011422
v -0.03526371 -0.008463355 -0.0125507
v -0.03492373 -0.009511607 -0.01081146
v -0.03346474 -0.01254163 -0.00817181
v -0.03331007 -0.01283854 -0.006601557
v -0.0345271 -0.01082441 -0.002364531
v -0.03458763 -0.01046995 -0.009148419
v -0.03553151 -0.007476917 -0.009789476
v -0.03516331 -0.008894598 -0.00870288
v -0.03475091 -0.01014526 -0.007399779
v -0.03415167 -0.01134997 -0.008195164
v -0.03559867 -0.007268272 -0.007811913
v -0.03549103 -0.007724613 -0.005927118
v -0.03567526 -0.006456658 -0.009699026
v -0.0357573 -0.005595995 -0.01056059
v -0.03562026 -0.006264357 -0.008222243
v -0.03516603 -0.009071605 -0.004505634
v -0.03552512 -0.007729335 -0.002454525
v -0.03575694 -0.006118812 -0.006949846
v -0.03606265 0.00844018 -0.02230057
v 0.008796932 -0.01543623 -0.03148875
v 0.0004063733 -0.01746296 -0.009955604
v -0.000713516 -0.01790081 0.0001459718
v -0.001320202 -0.01780273 -0.001590354
v 0.0003949925 -0.01784357 -0.0002615415
v 0.008868176 -0.01668732 -0.03132836
v 0.01060204 -0.01716424 -0.03077037
v 0.007935394 -0.01687396 -0.03101391
v 0.01143413 -0.01665408 -0.03134359
v 0.002110733 -0.01737899 -0.01156951
v 0.001703922 -0.01778382 -0.001176251
v 0.0005374495 -0.01772453 -0.00338961
v 0.002108809 -0.01772948 -0.00270649
v 0.001791632 -0.01746415 -0.009454736
v 0.01017396 -0.01609196 -0.03154927
v 0.01074609 -0.01545928 -0.03146047
v 0.007740807 -0.01706706 -0.02947157
v -0.000128746 -0.01756081 -0.008446055
v 0.01455248 -0.01784136 0.001715697
v 0.01271877 -0.017722 -0.000608189
v 0.01503745 -0.01771063 -3.037415e-05
v 0.009274751 -0.01712594 -0.02955819
v 0.008076115 -0.01696895 -0.02857271
v 0.003409293 -0.01776445 -0.001728898
v 0.01211869 -0.01590217 -0.03149159
v 0.01337878 -0.01708955 -0.03095374
v 0.01284823 -0.01724476 -0.03043962
v 0.0164194 -0.01775661 0.0007437058
v 0.003540028 -0.0177957 -0.0001039747
v 0.003434338 -0.01741866 -0.009507664
v 0.01186336 -0.01474602 -0.03096472
v 0.009837115 -0.01486418 -0.03108977
v 0.002711076 -0.01790457 0.001854628
v 0.008490758 -0.01415677 -0.0302084
v 0.008310195 -0.01366428 -0.02993548
v 0.0005271994 -0.01752958 -0.007806929
v 0.004892012 -0.01785313 0.0007046144
v 0.009872613 -0.01395701 -0.03006508
v 0.01864055 -0.01787284 0.003533009
v 0.01835091 -0.01778546 0.001202179
v -0.003905434 -0.01803667 0.002046186
v 0.01093068 -0.01415942 -0.03022415
v 0.01583505 -0.01787135 0.003141638
v -0.003737383 -0.0181018 0.003290702
v 0.01075157 -0.0133733 -0.02989177
v 0.01221449 -0.01387573 -0.03003627
v -0.0023314 -0.01787154 -0.0002687387
v 0.002471754 -0.01752566 -0.007420685
v 0.01305591 -0.01636238 -0.0314382
v 0.01369247 -0.01588644 -0.03147999
v 0.001644975 -0.01751257 -0.007067937
v 0.01282352 -0.01539874 -0.03137653
v 0.01737328 -0.01799833 0.006027464
v -0.001079764 -0.01793177 0.001506662
v -0.002303628 -0.01805732 0.002577255
v 0.01400355 -0.01475123 -0.03102227
v 0.0139392 -0.01673616 -0.03124752
v 0.005215935 -0.01742496 -0.008873507
v 0.004057366 -0.01735707 -0.01096398
v 0.01530351 -0.01547817 -0.03140882
v 0.01561018 -0.01614359 -0.0313675
v 0.006126009 -0.01736988 -0.009761833
v 0.01439316 -0.01400184 -0.03011431
v 0.02094955 -0.01767186 -0.0006183852
v 0.01954974 -0.01760808 -0.001995897
v 0.02186791 -0.0176552 -0.002105173
v 0.01542222 -0.01467403 -0.03097766
v -0.001582725 -0.01808358 0.003687482
v 0.0006392207 -0.01790451 0.001245856
v 0.01597138 -0.01424525 -0.03045003
v 0.02315021 -0.01774365 -0.0006196294
v 0.0005933605 -0.01801487 0.003455341
v 0.01304506 -0.01335165 -0.02990535
v 0.01816331 -0.01771768 1.351535e-05
v 0.02053352 -0.01780603 0.002074551
v 0.004420457 -0.01749215 -0.007272203
v 0.01496985 -0.01282357 -0.02985029
v 0.01728635 -0.01539899 -0.03129333
v 0.01750564 -0.01611502 -0.03128151
v 0.01905238 -0.01540658 -0.03134661
v 0.02342995 -0.01780287 0.001525972
v 0.01772125 -0.01481764 -0.0311283
v 0.001909211 -0.01806059 0.00484423
v 0.01988314 -0.0161337 -0.03131551
v 0.02009047 -0.0157405 -0.03124567
v 0.005875293 -0.01746429 -0.006874867
v 0.02173385 -0.0166594 -0.03049081
v 0.02215386 -0.01623822 -0.03063192
v 0.02139673 -0.01551973 -0.03079254
v 0.0168573 -0.01690295 -0.02986429
v 0.01504291 -0.01687062 -0.03085908
v 0.01682797 -0.01650915 -0.03100186
v 0.02456296 -0.01769361 6.391108e-05
v 0.0172921 -0.01666645 -0.03063785
v -0.004847905 -0.01820086 0.005214501
v 0.01955461 -0.01700055 -0.03059851
v -0.003223957 -0.01814893 0.004657675
v 0.01690193 -0.01666061 -0.02848321
v 0.01777947 -0.01700678 -0.02945336
v 0.01071783 -0.01730545 -0.01133196
v 0.007746493 -0.01727746 -0.01223838
v 0.008909686 -0.01723444 -0.01331668
v 0.01093395 -0.01727069 -0.01354568
v 0.01637643 -0.01357532 -0.02997782
v 0.01809211 -0.01412705 -0.03038749
v -0.003126958 -0.01823435 0.006353512
v 0.01248339 -0.01725966 -0.01285114
v 0.008186942 -0.0173455 -0.009771945
v 0.006972551 -0.01678902 -0.02750958
v -0.001192564 -0.0181374 0.005269915
v 0.02221383 -0.01787475 0.003466699
v -0.00167419 -0.01826011 0.007545982
v 0.007354334 -0.0173169 -0.0245725
v 0.008684533 -0.01730378 -0.02565101
v 0.0006410535 -0.01815725 0.006582297
v 0.006240675 -0.017288 -0.02445577
v -7.337891e-05 -0.01828613 0.008955348
v 0.004888108 -0.01716471 -0.02363612
v 0.00579858 -0.01722223 -0.02350536
v 0.01004691 -0.01736984 -0.009104518
v 0.006388454 -0.01708165 -0.02337345
v 0.0002762843 -0.01811314 0.005228851
v 0.01142453 -0.01737164 -0.008811662
v 0.007479232 -0.01715731 -0.0236272
v 0.007444821 -0.01715473 -0.02247915
v 0.02087917 -0.01791504 0.004186127
v 0.01931586 -0.01795087 0.005137734
v 0.008654367 -0.01740951 -0.02702825
v 0.01327648 -0.01736002 -0.01042725
v 0.003029447 -0.01811711 0.00654342
v 0.0104565 -0.01704112 -0.02761133
v 0.01039339 -0.01738186 -0.02696601
v 0.01445471 -0.01730358 -0.01206418
v 0.01258909 -0.01735762 -0.02702089
v 0.01198203 -0.01724007 -0.02551555
v 0.001910077 -0.01821355 0.008225914
v 0.004560385 -0.01793143 0.002428127
v 0.02412159 -0.01785461 0.003162276
v 0.01077355 -0.01721159 -0.02432238
v 0.01551196 -0.01735672 -0.01072034
v 0.005094465 -0.018 0.003961299
v 0.007143615 -0.01791748 0.002993871
v 0.02497352 -0.01773953 0.001585132
v 0.00364664 -0.01801065 0.004049297
v 0.02518549 -0.01781984 0.004522931
v 0.01313068 -0.01735799 -0.008853571
v 0.01214838 -0.01741096 -0.007690357
v 0.004388288 -0.01805412 0.005339302
v 0.006346712 -0.0180154 0.004998319
v 0.02166519 -0.01794359 0.006264262
v 0.01093212 -0.01106801 -0.02960469
v 0.01400281 -0.01748209 -0.009085756
v 0.007261325 -0.01743803 -0.00841371
v 0.02347487 -0.01792113 0.004716817
v 0.01186152 -0.01715475 -0.02125148
v 0.01066073 -0.01714709 -0.02322414
v 0.01194391 -0.01718692 -0.02288475
v 0.01022262 -0.01710352 -0.02045202
v 0.009276077 -0.0171776 -0.02107052
v 0.01056362 -0.01716864 -0.0218574
v 0.01268201 -0.01701047 -0.02770858
v 0.01417176 -0.01727102 -0.02712907
v 0.01529818 -0.01725784 -0.02708671
v 0.01399152 -0.0169893 -0.02807928
v 0.008532476 -0.01743287 -0.007177377
v 0.007360235 -0.01805737 0.006246146
v 0.008663677 -0.01801462 0.005303159
v 0.02377291 -0.01801358 0.006455187
v 0.01350714 -0.01721042 -0.02445984
v 0.007379221 -0.01749222 -0.007092984
v 0.01750216 -0.01714281 -0.02699842
v 0.01677197 -0.01723501 -0.02508881
v 0.007313924 -0.01747992 -0.006197572
v 0.01556067 -0.01719345 -0.02464436
v 0.02528494 -0.01788288 0.007119879
v 0.004592991 -0.01817962 0.008165937
v 0.01819397 -0.0171633 -0.02357316
v 0.01665375 -0.01710556 -0.02345991
v 0.01745415 -0.01707603 -0.02387914
v 0.02393034 -0.01766137 -0.00200277
v 0.01722591 -0.01715922 -0.0223143
v 0.0191221 -0.01717189 -0.0222973
v 0.00960332 -0.0174623 -0.006130565
v 0.008225476 -0.01758191 -0.005776731
v 0.02520837 -0.01758786 -0.001305541
v 0.01083884 -0.01754624 -0.004800322
v 0.009355914 -0.01757575 -0.004890317
v 0.003438052 -0.01823149 0.009102006
v 0.01857883 -0.01721643 -0.02481758
v 0.02048445 -0.01720378 -0.0261125
v 0.01948746 -0.01726405 -0.02707864
v 0.02002449 -0.01705214 -0.02382744
v 0.02027844 -0.01717224 -0.02265291
v 0.01303193 -0.01720531 -0.02232407
v 0.01201821 -0.01710766 -0.0237646
v 0.009476714 -0.01742719 -0.008081893
v 0.01036441 -0.01738491 -0.007991197
v 0.006136619 -0.01808958 0.006469294
v 0.01162957 -0.01715472 -0.01967112
v 0.01292291 -0.01713643 -0.02045003
v 0.01467196 -0.01713733 -0.02099965
v 0.005991096 -0.018084 0.007456314
v 0.02606636 -0.01740082 -0.002424926
v 0.02727844 -0.01717333 -0.0007265825
v 0.01574558 -0.01721702 -0.02214197
v 0.008875554 -0.01812383 0.008128945
v 0.01661586 -0.01714016 -0.02061232
v 0.01703962 -0.01719609 -0.02125762
v 0.006596358 -0.01817248 0.008795973
v 0.01968359 -0.01719512 -0.02092773
v 0.01882412 -0.01714833 -0.02031549
v 0.01525168 -0.01715258 -0.01971945
v 0.01138178 -0.01746361 -0.006010551
v 0.0179012 -0.01721888 -0.01906968
v 0.02699163 -0.01736742 0.002815166
v 0.01638742 -0.01719851 -0.01858562
v 0.007719921 -0.01823401 0.01038902
v 0.02399179 -0.01698283 -0.02920858
v 0.02201787 -0.01715381 -0.02914979
v 0.02155045 -0.01706977 -0.02992921
v 0.02344298 -0.01670452 -0.03006301
v 0.01405094 -0.0174326 -0.007032912
v 0.01278265 -0.01746737 -0.005371153
v 0.02385719 -0.01716844 -0.02566989
v 0.02319084 -0.01720825 -0.02761465
v 0.02499169 -0.01701348 -0.0265075
v 0.01025049 -0.01809832 0.007729229
v 0.009703234 -0.01820752 0.01001542
v 0.02571236 -0.01684104 -0.02755783
v 0.02715193 -0.01646708 -0.02674507
v 0.02113176 -0.01716498 -0.02440227
v 0.02180767 -0.01722097 -0.02299405
v 0.01138465 -0.0181821 0.009752311
v 0.0114396 -0.01790399 0.003252644
v 0.01249356 -0.01797061 0.005223289
v 0.01012479 -0.01793606 0.003838867
v 0.0009737983 -0.01762805 -0.006048348
v 0.02454563 -0.01704665 -0.02412077
v 0.02596109 -0.01690839 -0.02520002
v 0.02556413 -0.016964 -0.02394128
v 0.02771793 -0.01631249 -0.02428915
v 0.02673439 -0.01669461 -0.02286744
v 0.0004946515 -0.0177028 -0.004552979
v 0.002423098 -0.01761625 -0.005252343
v 0.01371872 -0.0179161 0.003548313
v 0.02160713 -0.01718667 -0.02078065
v 0.004929785 -0.01759347 -0.005921552
v 0.01312897 -0.01758278 -0.004205277
v 0.02075267 -0.01724232 -0.0189826
v 0.01981064 -0.01722761 -0.01831031
v 0.004360467 -0.01758882 -0.005047977
v 0.002662184 -0.01765733 -0.003872151
v 0.01912983 -0.01718783 -0.01732342
v 0.01024247 -0.01799474 0.005570918
v 0.01720932 -0.01720427 -0.01683571
v 0.0231386 -0.0172286 -0.0203518
v 0.02331698 -0.01730439 -0.02129923
v 0.02208785 -0.01725496 -0.01800347
v 0.004621442 -0.01768797 -0.002985571
v 0.0207236 -0.01717544 -0.01755652
v 0.02009966 -0.01729925 -0.01616812
v 0.02586412 -0.01696018 -0.01909664
v 0.02524638 -0.01706835 -0.0203526
v 0.02665171 -0.01675602 -0.02059235
v 0.005122684 -0.01772703 -0.001462059
v 0.01192969 -0.01809546 0.007752959
v 0.02108593 -0.01728276 -0.01669806
v 0.006303186 -0.01757641 -0.005226156
v 0.0278474 -0.01640462 -0.01951516
v 0.007023564 -0.01759912 -0.003912393
v 0.02652514 -0.01686351 -0.0172282
v 0.02455395 -0.01722745 -0.01727118
v 0.02508293 -0.01721333 -0.01611038
v 0.01842254 -0.01725422 -0.01512746
v 0.01542409 -0.01796528 0.005174395
v 0.01944073 -0.01723467 -0.01538214
v 0.005615128 -0.01725734 -0.02220589
v 0.00527731 -0.01712316 -0.02037705
v 0.02050502 -0.0173 -0.01448116
v 0.006360803 -0.01715859 -0.02106832
v 0.006665727 -0.01715021 -0.01912553
v 0.007798139 -0.01713085 -0.02028565
v 0.006169427 -0.01712856 -0.01800895
v 0.009303002 -0.01765256 -0.002348354
v 0.007380761 -0.01773133 -0.001047699
v 0.02414049 -0.01728184 -0.01490931
v 0.02421768 -0.01732984 -0.01329461
v 0.02250902 -0.01735787 -0.01358711
v 0.008284556 -0.01714341 -0.02106881
v 0.01364982 -0.01809828 0.008213852
v 0.015117 -0.0180677 0.006921068
v 0.009587077 -0.01716743 -0.0186246
v 0.01181404 -0.01762852 -0.002491318
v 0.01602827 -0.01728555 -0.01534986
v 0.01755425 -0.01724526 -0.01442603
v 0.007660799 -0.01712398 -0.01821557
v 0.01745356 -0.0180544 0.007720195
v 0.01101352 -0.01772697 -0.001299424
v 0.01544353 -0.01729349 -0.01447761
v 0.002771359 -0.01724175 -0.01669888
v 0.01724857 -0.01735513 -0.01253304
v 0.004012497 -0.01721524 -0.01619216
v 0.01992912 -0.01733186 -0.01307473
v 0.01365511 -0.01761125 -0.002516275
v 0.01809059 -0.01732571 -0.01181659
v 0.002648754 -0.01727233 -0.01459674
v 0.004020762 -0.01727308 -0.01474754
v 0.004146716 -0.01727712 -0.01734865
v 0.005230997 -0.01728753 -0.01696222
v 0.006025946 -0.01718944 -0.01622817
v 0.01552383 -0.01731384 -0.01314544
v 0.005543511 -0.01726659 -0.01493404
v 0.00621835 -0.01782649 0.0008546896
v 0.007652324 -0.01782941 0.001108611
v 0.01655492 -0.01732717 -0.01081531
v 0.007404994 -0.01719753 -0.01577439
v 0.006794911 -0.01723092 -0.01423511
v 0.01992367 -0.01735546 -0.01165213
v 0.008586381 -0.01767821 -0.001167923
v 0.008665016 -0.01780846 0.0003083758
v 0.00841086 -0.01720893 -0.01481576
v 0.008818204 -0.0172097 -0.01596668
v 0.01524626 -0.01809319 0.008151617
v 0.01814555 -0.01734595 -0.01015693
v 0.009784179 -0.01775922 -0.0006323494
v 0.009352956 -0.01725152 -0.01442759
v 0.01177164 -0.01717695 -0.01778569
v 0.01107429 -0.01776072 0.0002561864
v 0.009798551 -0.01715126 -0.01769318
v 0.01442252 -0.01820569 0.0110299
v 0.01006655 -0.01726603 -0.01624573
v 0.01126372 -0.01723445 -0.01576369
v 0.007771421 -0.01722631 -0.01705089
v 0.02131678 -0.01736671 -0.01174389
v 0.009182762 -0.01783834 0.001632873
v 0.01052199 -0.01721234 -0.01455136
v 0.0233231 -0.01743384 -0.01215201
v 0.01282939 -0.01727334 -0.01564868
v 0.01341479 -0.01723648 -0.01460829
v 0.01235892 -0.01728619 -0.01386996
v 0.01200978 -0.01825316 0.01169789
v 0.01637499 -0.01816658 0.01028644
v 0.02221429 -0.01738275 -0.009728003
v 0.02382705 -0.01747945 -0.01095506
v 0.01401674 -0.01727936 -0.01340462
v 0.01927288 -0.0180229 0.006810158
v 0.02727672 -0.01672851 -0.01416995
v 0.01543297 -0.01758429 -0.003625546
v 0.02772392 -0.016526 -0.01629316
v 0.02532104 -0.01721457 -0.01419872
v 0.01355169 -0.01717012 -0.01844125
v 0.02023502 -0.01801925 0.007543109
v 0.0158216 -0.01764749 -0.001342375
v 0.01651111 -0.01761959 -0.00344047
v 0.02583324 -0.01717022 -0.01247876
v 0.01354128 -0.01719182 -0.01721093
v 0.0275561 -0.01673745 -0.01208739
v 0.01503886 -0.01718992 -0.01790038
v 0.01785624 -0.0176145 -0.002653554
v 0.01782574 -0.01750776 -0.00418259
v 0.01782218 -0.01762621 -0.00163332
v 0.01874352 -0.01762645 -0.003428655
v 0.01507112 -0.01718344 -0.01683506
v 0.0235648 -0.0175035 -0.008906672
v 0.02083017 -0.01753834 -0.003946705
v 0.02673299 -0.01701493 -0.009657152
v 0.01732219 -0.01776147 -0.0008874852
v 0.02892527 -0.0162026 -0.01167533
v 0.02799359 -0.01660833 -0.01015527
v 0.02969126 -0.01585052 -0.00979808
v 0.02937516 -0.0159086 -0.011896
v 0.03003348 -0.01569827 -0.01081194
v 0.02984445 -0.01572079 -0.01245564
v 0.03099877 -0.01502399 -0.01176208
v 0.01269877 -0.01785024 0.001761004
v 0.003090767 -0.01733118 -0.01297757
v 0.01306418 -0.01775853 0.0005563758
v 0.0236927 -0.01807697 0.008126624
v 0.005056286 -0.01731662 -0.01245254
v 0.02791396 -0.01673246 -0.007838691
v 0.02901953 -0.01623324 -0.009626653
v 0.0228769 -0.01813001 0.009484474
v 0.01725274 -0.01744507 -0.007254986
v 0.01683444 -0.01737797 -0.009177011
v 0.01886042 -0.01742403 -0.008125182
v 0.02452489 -0.01807579 0.009283166
v 0.01922519 -0.0181517 0.01028018
v 0.01588065 -0.01750488 -0.006468873
v 0.01475013 -0.01745467 -0.007977024
v 0.01691426 -0.01752634 -0.005392967
v 0.01500325 -0.01749829 -0.005089117
v 0.01913535 -0.01823665 0.01233135
v 0.01579268 -0.01830456 0.01342864
v 0.01934282 -0.01748957 -0.005496614
v 0.0220464 -0.01816583 0.0112583
v 0.02362111 -0.01827714 0.01282768
v 0.02228839 -0.01832014 0.01433602
v 0.03230146 -0.01405947 -0.006862678
v 0.03082502 -0.01531411 -0.005185578
v 0.03057028 -0.01547504 -0.007876985
v 0.03216089 -0.01427706 -0.004625317
v 0.02940404 -0.01640481 -4.596077e-05
v 0.02763331 -0.01697846 -0.003221044
v 0.0289747 -0.01645802 -0.002742944
v 0.02029454 -0.01737022 -0.009445541
v 0.03019847 -0.01583289 -0.002488462
v 0.02998265 -0.01589737 -0.004112514
v 0.02675369 -0.01753183 0.005587339
v 0.02100098 -0.01746629 -0.006745609
v 0.02785098 -0.01703674 0.0009958334
v 0.0229337 -0.01752303 -0.007216426
v 0.02812069 -0.01704174 0.00374902
v 0.02901791 -0.0166059 0.001892919
v 0.0308733 -0.01559561 0.001902128
v 0.02994998 -0.01621839 0.003155857
v 0.02957638 -0.01623816 0.001761409
v 0.03106633 -0.01532604 -0.001376063
v 0.02430464 -0.01745654 -0.007219976
v 0.02530386 -0.01730722 -0.008954294
v 0.02279399 -0.01752398 -0.00534104
v 0.02396085 -0.01757779 -0.006023437
v 0.02944432 -0.01641077 0.003230106
v 0.0292565 -0.01660575 0.004431468
v 0.0262424 -0.01726495 -0.006293917
v 0.0270053 -0.01703609 -0.007639576
v 0.02703389 -0.01711733 -0.004959049
v 0.02899707 -0.01677281 0.006018676
v 0.02778158 -0.01727336 0.006924752
v 0.02889629 -0.01644174 -0.004755842
v 0.03006048 -0.0161433 0.004332669
v 0.03104792 -0.01553936 0.003979679
v 0.03094953 -0.01572168 0.00613242
v 0.03224351 -0.01467669 0.005381674
v 0.03240962 -0.01439224 0.003599025
v 0.03298552 -0.01353832 0.00482136
v 0.02889536 -0.01634558 -0.007336749
v 0.03290136 -0.0137441 0.006077532
v 0.03361864 -0.01279878 0.005716119
v 0.03360025 -0.01268311 0.003485352
v 0.03395405 -0.01243037 0.005375523
v 0.03327006 -0.01330262 0.007405292
v 0.03395963 -0.01236612 0.007091984
v 0.02652558 -0.01769068 0.007953763
v 0.02596518 -0.01788684 0.009481058
v 0.02331424 -0.01760934 -0.003680514
v 0.02448756 -0.01761099 -0.003051357
v 0.02536402 -0.0174333 -0.004691601
v 0.0278263 -0.01737636 0.0100488
v 0.02445648 -0.01815774 0.01091621
v 0.02632433 -0.01789907 0.01179282
v 0.02469068 -0.01818831 0.01243501
v 0.02793716 -0.01747496 0.01310252
v 0.02552945 -0.01812823 0.01362357
v -0.001970576 -0.01772858 -0.004422391
v 0.02905169 -0.01694604 0.01177747
v -0.00062331 -0.01772375 -0.003319021
v 0.02742423 -0.01774764 0.01453289
v 0.02909701 -0.01698666 0.01396128
v 0.02894961 -0.01688711 0.008047085
v -0.002668364 -0.01786414 -0.002087485
v 0.02911289 -0.01681753 0.009818647
v 0.03359389 -0.01282078 0.008331329
v 0.03303845 -0.0136115 0.009240054
v 0.03351291 -0.01313442 0.01093748
v 0.03447276 -0.0114259 0.01416571
v 0.03420096 -0.01205588 0.01230364
v 0.03497119 -0.01016405 0.01386044
v 0.008046823 -0.01709239 -0.03039821
v 0.01130615 -0.01718962 -0.02955945
v 0.02941852 -0.01597008 -0.00825391
v 0.02989331 -0.01589347 -0.006051738
v 0.02992488 -0.01584019 -0.008388335
v 0.02944724 -0.01609084 -0.005396182
v 0.01050274 -0.01694323 -0.02840153
v 0.01459991 -0.01716072 -0.02903879
v 0.01859291 -0.01647232 -0.03115304
v 0.0201678 -0.01664114 -0.03102741
v 0.01951671 -0.01721811 -0.029726
v 0.01491245 -0.01714722 -0.02996833
v 0.01513986 -0.01692568 -0.02821061
v 0.01675923 -0.0167269 -0.02756757
v 0.0187961 -0.01700698 -0.02813466
v 0.02050238 -0.01696818 -0.0281026
v 0.02126702 -0.01720485 -0.02743742
v 0.008744119 -0.01722864 -0.02238076
v 0.008910274 -0.01712095 -0.02346676
v 0.007712793 -0.01695389 -0.02759811
v 0.008892454 -0.01700374 -0.02757092
v 0.009342773 -0.0172829 -0.02446767
v 0.01562165 -0.01706634 -0.0237834
v 0.01390754 -0.01715041 -0.02347958
v 0.01480245 -0.01736093 -0.00922773
v 0.03206672 -0.01447667 -0.002862945
v 0.02272329 -0.01715044 -0.02814422
v 0.02438245 -0.01708949 -0.02781121
v 0.02620938 -0.01662365 -0.0288692
v 0.02174211 -0.01718348 -0.02544381
v 0.02287005 -0.01731029 -0.02495921
v 0.02224437 -0.01727649 -0.01590014
v 0.02406812 -0.01722252 -0.02490923
v 0.02355783 -0.017161 -0.02420351
v 0.0321318 -0.01459987 0.001614457
v 0.03239124 -0.01418623 -0.0007934347
v 0.02359357 -0.01716757 -0.02263089
v 0.02297371 -0.01736217 -0.02204806
v 0.03312502 -0.01323828 -4.82779e-05
v 0.02567587 -0.01698735 -0.02170256
v 0.03326299 -0.01306161 0.001383504
v 0.02824174 -0.01617 -0.02180904
v 0.02418151 -0.01722498 -0.01859259
v 0.02902646 -0.0159593 -0.01687862
v 0.02906615 -0.01603118 -0.01503975
v 0.02979158 -0.01548227 -0.0169114
v 0.03029171 -0.01614467 0.006949499
v 0.02960754 -0.01647812 0.007626723
v 0.03228322 -0.01474659 0.007267516
v 0.02832102 -0.01625219 -0.01840306
v 0.02912508 -0.0160268 -0.01350386
v 0.03001879 -0.015499 -0.01499328
v 0.00501908 -0.01716239 -0.01814111
v 0.0255969 -0.01725382 -0.01025436
v 0.02951499 -0.01669269 0.01231192
v 0.03040216 -0.01617626 0.00909866
v 0.03236643 -0.01470597 0.00908887
v 0.02999597 -0.01648845 0.01145196
v 0.03095027 -0.01585874 0.01184136
v 0.03229647 -0.01467022 0.01039263
v 0.0313926 -0.01558384 0.01098667
v 0.03243756 -0.01452888 0.007962231
v 0.03394588 -0.01247758 0.008502364
v 0.030614 -0.01624819 0.0132124
v 0.03258522 -0.01448257 0.01163137
v 0.030898 -0.01603201 0.01389471
v 0.02989785 -0.01669389 0.01452432
v 0.03363698 -0.01274994 0.01032174
v 0.03410616 -0.01220631 0.01054125
v 0.03447491 -0.01119714 0.008238781
v 0.03191608 -0.01517144 0.01396419
v 0.03263126 -0.01441304 0.01298031
v 0.032056 -0.01517186 0.01540837
v 0.03278391 -0.01429849 0.01496458
v 0.03340977 -0.01346172 0.01380719
v 0.03388183 -0.01270605 0.01420454
v 0.003880164 0.003339734 -0.02868872
v 0.00167748 0.004819039 -0.02867272
v 0.005324729 0.005335228 -0.0286913
v -0.01697319 0.01817717 -0.03020359
v -0.01962951 0.01797492 -0.02985852
v -0.01865568 0.01863537 -0.03034149
v 0.007322868 0.02083015 -0.02511082
v 0.006369399 0.02079444 -0.02555928
v 0.006070193 0.02066223 -0.02443556
v -0.02028362 0.01934578 -0.03027069
v -0.0192023 0.01971616 -0.03034347
v -0.01777195 0.01934999 -0.0303423
v -0.0007090755 -0.004415803 -0.02895796
v 0.001318453 0.006652771 -0.0286889
v 0.003325019 0.008746577 -0.02875478
v 0.00375656 0.02066471 -0.0243838
v 0.004959414 0.02043603 -0.02274691
v 0.004615875 0.02067888 -0.02518661
v -0.02181067 0.0186535 -0.02963639
v -0.0200712 0.01679328 -0.02928517
v -0.02200088 0.01685686 -0.02925471
v -0.002721107 -0.003149541 -0.0288997
v -0.005417395 -0.002599044 -0.02888429
v 0.006841945 0.02054414 -0.02341352
v -0.02024203 0.01582897 -0.0291616
v 0.008178398 0.02045593 -0.02160714
v 0.008156152 0.02064764 -0.02350508
v 0.006779332 0.002671922 -0.02872544
v -0.01717409 0.01678407 -0.02928508
v -0.0184595 0.01497109 -0.02912463
v -0.01906044 0.01727711 -0.02940266
v 0.002342325 -0.00550054 -0.02904779
v 0.0008708686 0.02030806 -0.02271843
v 0.001520937 0.0204555 -0.02355765
v 0.0001630019 0.02047961 -0.02387274
v -0.00087508 0.02026715 -0.02284002
v -0.01991064 0.02002182 -0.03017635
v -0.02202599 0.02002399 -0.02935089
v -0.01545765 0.0137119 -0.02910693
v -0.013815 0.01498744 -0.02918637
v -0.01435003 0.01231495 -0.02904684
v -0.01157692 0.01280093 -0.0290576
v -0.01151269 0.01547369 -0.02917513
v 0.00243194 0.02031208 -0.02266226
v -0.000281794 0.0203027 -0.02210251
v -0.009807654 0.01436838 -0.02909082
v -0.009208206 0.01279043 -0.02901204
v 0.003298588 0.02040138 -0.02282817
v -0.01605986 0.01535975 -0.02918612
v -0.0009703636 -0.001114871 -0.02877425
v -0.01770325 0.01744396 -0.02952569
v 0.001521971 0.02026379 -0.02177939
v -0.007044863 0.01398367 -0.0290473
v 0.003603339 0.02030637 -0.02115236
v -0.01505815 0.0168643 -0.02925651
v -0.008585066 0.01612823 -0.02916374
v 0.002368171 -0.00255789 -0.02884572
v -0.0005006641 0.02016355 -0.02109395
v 0.00165239 0.02023713 -0.02049541
v -0.01497439 0.01819879 -0.03019049
v -0.01645448 0.01891282 -0.0305062
v 0.0003142711 0.02019309 -0.01974368
v -0.01578052 0.01746553 -0.02951477
v -0.009674981 0.01829618 -0.03021164
v -0.01016938 0.01764834 -0.02949442
v -0.01157241 0.01832701 -0.03023627
v -0.01198803 0.01765329 -0.02953159
v -0.01069187 0.01967062 -0.03061626
v -0.01239908 0.01945318 -0.03061811
v -0.01150899 0.02003596 -0.03042926
v -0.009628322 0.01890901 -0.03045783
v -0.008729633 0.01968384 -0.03061769
v 0.002151269 0.0008672755 -0.02870194
v -0.009671636 0.01695752 -0.02924405
v -0.01375492 0.01751079 -0.02951247
v -0.008294448 0.01760934 -0.02946311
v 0.001485173 0.02016555 -0.01853706
v 0.003270034 0.02023013 -0.0193807
v -0.006932519 0.01695598 -0.02918918
v 0.004721705 -0.00697715 -0.02917852
v 0.004487349 0.02023778 -0.01941433
v 0.005254366 0.02036805 -0.02157488
v -0.01776326 0.01976004 -0.03013847
v -0.008273229 0.01829742 -0.03022382
v -0.0146534 0.01905919 -0.03054097
v -0.01590473 0.01987576 -0.03026166
v -0.01462831 0.01968366 -0.03054008
v -0.007542495 0.01894443 -0.03050821
v -0.00701353 0.01818325 -0.030148
v -0.005123155 0.01830042 -0.03017626
v -0.005570313 0.01869951 -0.03039102
v -0.006082948 0.01759519 -0.02944913
v 0.006607791 0.02027709 -0.01894816
v 0.005990217 0.02033889 -0.02039772
v 0.009413449 -0.007761298 -0.02927567
v -0.01339237 0.01828144 -0.03019713
v 0.007681772 -0.00531886 -0.02905771
v -0.007582173 0.01135105 -0.02890849
v -0.004755273 0.01235222 -0.02892852
v -0.005988248 0.009973096 -0.02882854
v -0.01302514 0.02001875 -0.03046883
v -0.01597461 0.02034467 -0.02817489
v -0.0173593 0.02022964 -0.02877209
v -0.01702674 0.02003515 -0.02722489
v 0.006713735 0.02039504 -0.02164948
v -0.01945022 0.02044022 -0.02932349
v -0.02124692 0.02024356 -0.02929835
v -0.01948857 0.02062113 -0.02849421
v -0.02247604 0.02043292 -0.02838049
v -0.02124681 0.02052228 -0.02774697
v 0.01086028 -0.005646681 -0.02911923
v 0.009482916 -0.002931191 -0.02894245
v -0.004572626 0.01536818 -0.02909334
v -0.00195526 0.01025521 -0.02881272
v -0.02138657 0.0204512 -0.02586012
v -0.0195685 0.02051931 -0.02560707
v -0.02053348 0.02039366 -0.02651273
v -0.01836714 0.02048392 -0.02591294
v -0.01776587 0.02002123 -0.02648693
v -0.01892477 0.02039424 -0.02668682
v -0.002093788 0.01289022 -0.02894882
v -0.01710891 0.01992868 -0.02616898
v -0.01672008 0.02048059 -0.02571816
v 0.009385448 0.02092008 -0.02550264
v 0.01080295 0.02090272 -0.02543002
v 0.01092684 0.02046891 -0.02590902
v 0.008369107 0.02083263 -0.02548663
v 0.009278016 0.02074443 -0.02420701
v 0.004301421 -0.004662551 -0.02898685
v 0.009959921 0.02046714 -0.02126016
v 0.0112194 0.02072973 -0.02384902
v -0.03390861 0.01437182 -0.0259149
v -0.0339363 0.0143619 -0.02383138
v -0.03276935 0.01597575 -0.02561838
v 0.007253196 -0.002976712 -0.02890479
v -0.03455626 0.01327556 -0.02523335
v -0.03264555 0.01611592 -0.02429769
v 0.005180649 -0.001364477 -0.02880878
v -0.0313537 0.01743441 -0.0257272
v -0.03143298 0.01718472 -0.027864
v -0.03231629 0.01638976 -0.02662016
v -0.03017728 0.01829322 -0.02628257
v -0.004698377 0.01716397 -0.02921258
v -0.004102366 0.01776368 -0.02957835
v -0.0335813 0.01482037 -0.02038295
v -0.03435276 0.01360383 -0.02128584
v -0.03435442 0.01357447 -0.01981961
v 0.01197692 0.02054901 -0.02141831
v -0.03365283 0.01456203 -0.01862354
v -0.002016576 0.01631389 -0.0291447
v -0.003035884 0.01731448 -0.0292698
v 0.01376111 0.0207024 -0.02239073
v 0.004220482 0.0008883793 -0.0287178
v -0.03128761 0.01737197 -0.0239618
v -0.03021046 0.01819057 -0.02466857
v 0.008036442 0.02034241 -0.01970169
v 0.009903261 0.02040482 -0.02000229
v 0.0002768394 0.01598701 -0.02912655
v -2.568774e-05 0.01282067 -0.02894009
v -0.001143252 0.01738334 -0.02928864
v -0.03160537 0.0170065 -0.02076183
v -0.03187079 0.01673433 -0.0224577
v -0.03225986 0.01630355 -0.01986105
v -0.03259004 0.01604354 -0.02112975
v -0.0308357 0.01770316 -0.02202601
v 0.01129862 0.0204898 -0.01998113
v -0.0070493 0.01962366 -0.03047849
v -0.005293256 0.01940921 -0.03053086
v -0.03086137 0.01753431 -0.02054915
v -0.005514763 0.01989384 -0.03038105
v -0.003969109 0.01906463 -0.03056075
v -0.003001314 0.01841452 -0.03022568
v -0.02942884 0.01868499 -0.02209565
v -0.02862898 0.01919046 -0.02384257
v -0.02952201 0.01865836 -0.02320363
v -0.003302617 0.01959785 -0.03060507
v -0.002003832 0.01925125 -0.0305947
v -0.0009567309 0.01838763 -0.03022415
v -0.001794953 0.01787642 -0.02965654
v -0.02904623 0.01878397 -0.02027107
v -0.02844755 0.01920089 -0.02198805
v 0.007637355 0.0004969221 -0.02875984
v -0.003336983 0.02003461 -0.03049149
v -0.001577793 0.02004088 -0.03051553
v 0.009465137 0.02040211 -0.01905038
v 0.008395704 0.02031066 -0.0175176
v -0.03346578 0.01471383 -0.0147709
v -0.03437421 0.01333777 -0.01554271
v 0.009587834 0.0202997 -0.01676007
v 0.01136953 0.02043777 -0.01821441
v 0.001637591 0.01716656 -0.02920503
v 0.0001855902 0.017722 -0.02947457
v 0.002845755 0.01776466 -0.02953212
v -0.03413935 0.01363795 -0.01403213
v -0.03434301 0.01324965 -0.01067367
v -0.03317146 0.01506747 -0.01123761
v -0.0005677883 0.01918997 -0.03056843
v 0.0002053864 0.01995601 -0.03058433
v 0.001720814 0.01931109 -0.03059423
v 0.01283716 0.0205028 -0.01838456
v 0.0139633 0.02055962 -0.01977567
v -0.0002507102 0.02040411 -0.03028105
v 0.009396184 0.001584619 -0.02878327
v 0.01063852 9.229034e-05 -0.02882914
v 0.001442336 0.01852198 -0.03029876
v 0.01135114 -0.001758968 -0.02891561
v 0.002686866 0.01991298 -0.03056812
v -0.01323614 0.01685595 -0.02927193
v 0.008615684 0.003795778 -0.0287494
v -0.02931791 0.01852576 -0.01462748
v -0.03042578 0.01780952 -0.01328122
v -0.0297745 0.01815629 -0.01307082
v -0.02933335 0.01848545 -0.01280722
v 0.009576997 0.005389458 -0.02875976
v 0.01390306 0.02047836 -0.01728524
v 0.01537062 0.02057293 -0.01871249
v -0.0280983 0.01904086 -0.01487403
v 0.0118754 0.002704425 -0.02883249
v 0.01242445 0.02038038 -0.01675212
v 0.01011293 0.003351014 -0.0287971
v -0.03166844 0.01681687 -0.01128245
v -0.02990253 0.01808581 -0.01126215
v -0.01904497 0.02007417 -0.01067123
v -0.01881571 0.02002058 -0.01123714
v -0.01956088 0.02003705 -0.01243243
v -0.01853317 0.01995851 -0.00947614
v -0.01769667 0.02001936 -0.01033418
v -0.01128478 0.02026839 -0.02650732
v -0.01013843 0.02059526 -0.02888551
v -0.01177654 0.02062101 -0.02912027
v -0.01773664 0.01997893 -0.008860493
v -0.028924 0.01863351 -0.01051141
v -0.02767402 0.01918588 -0.01229545
v -0.01494558 0.02039427 -0.0246882
v -0.01336218 0.02037631 -0.02444572
v -0.01428084 0.02052096 -0.02574903
v -0.009736508 0.02046832 -0.02576586
v -0.007307135 0.02044494 -0.02568258
v -0.009277847 0.02023339 -0.02646818
v -0.007985115 0.02026347 -0.02633351
v -0.01475248 0.02010543 -0.01832827
v -0.01381432 0.02002439 -0.01923483
v -0.01543579 0.0200898 -0.01949251
v -0.01667244 0.02001588 -0.01633576
v -0.01813276 0.02008891 -0.01832016
v -0.01832836 0.02011027 -0.0168558
v -0.009525038 0.02026462 -0.02365894
v 0.01277634 0.005644098 -0.02884341
v -0.02281796 0.02017683 -0.01755523
v -0.02398182 0.02008505 -0.01806579
v -0.02384746 0.02008972 -0.01634659
v 0.01419478 0.003479876 -0.02888242
v -0.01664516 0.02010597 -0.01800658
v -0.01784958 0.02018015 -0.01930356
v -0.007723805 0.02025433 -0.02364638
v -0.01098998 0.02036813 -0.02463134
v -0.01560299 0.02005411 -0.01640821
v -0.02241639 0.02013227 -0.01573231
v -0.02122416 0.02014535 -0.01730723
v -0.00896376 0.02017453 -0.02316219
v -0.008840766 0.0200922 -0.02211017
v -0.01014459 0.02013884 -0.02225598
v -0.0116388 0.02005112 -0.01891306
v -0.01262196 0.01997406 -0.01855704
v -0.01248543 0.02004068 -0.01729313
v -0.006872259 0.02012759 -0.02257521
v 0.01026066 0.008268598 -0.02882503
v -0.02396383 0.02003659 -0.01488078
v -0.02539573 0.01993783 -0.01734009
v -0.01083022 0.02000093 -0.0176052
v -0.01090907 0.02011851 -0.01935956
v -0.005620725 0.02024069 -0.02359545
v -0.006136179 0.02025807 -0.02260101
v 0.01578548 0.006810803 -0.02893163
v 0.01427906 0.008872654 -0.02892838
v -0.01091719 0.01999058 -0.01544798
v -0.008929014 0.01997502 -0.01670286
v -0.005500404 0.02041151 -0.02932401
v -0.006821051 0.02041115 -0.02938444
v -0.006504338 0.0199965 -0.02771375
v -0.007529732 0.02036913 -0.02782636
v -0.006768886 0.02008809 -0.01981027
v -0.007375907 0.02010133 -0.02126365
v -0.008653134 0.02017133 -0.02053408
v -0.00613961 0.02011453 -0.02069585
v -0.008193087 0.0205825 -0.0287096
v -0.02255957 0.02008607 -0.01359703
v -0.02216044 0.02004658 -0.01471708
v -0.006765127 0.01993617 -0.02599901
v -0.004528545 0.02008891 -0.01960496
v -0.00537423 0.02004573 -0.02030593
v -0.02099911 0.02008888 -0.01529694
v -0.009701405 0.02001522 -0.01823542
v -0.007980622 0.01999949 -0.01892483
v -0.009691559 0.0199889 -0.01950006
v -0.0340624 0.007198817 -0.0299033
v -0.004413184 0.02019898 -0.02660289
v -0.006033182 0.01984716 -0.02601169
v -0.03307395 0.01003549 -0.02981026
v -0.004628867 0.02052489 -0.02906614
v -0.03277813 0.008199183 -0.0298131
v -0.005906913 0.02007234 -0.01850748
v -0.03532475 0.009752375 -0.02905885
v -0.03430136 0.01166664 -0.02944409
v -0.0345851 0.00962774 -0.02963534
v -0.02134195 0.02008259 -0.01344497
v -0.007858925 0.02002957 -0.01758089
v -0.003114209 0.02051335 -0.02808572
v -0.02013635 0.02010283 -0.01419604
v -0.03373832 0.01052129 -0.02972117
v -0.004550952 0.02028877 -0.02606641
v -0.005870983 0.02033993 -0.02580768
v -0.005908284 0.02044902 -0.02508767
v -0.004511768 0.02055074 -0.02572802
v -0.002965767 0.02006157 -0.01815641
v -0.002289433 0.02013414 -0.01940223
v -0.02538664 0.01981549 -0.01421414
v -0.02691764 0.01956462 -0.0152714
v -0.02663678 0.01956579 -0.01395102
v -0.00466899 0.02002039 -0.01726304
v -0.03319293 0.01263345 -0.02969518
v -0.002259558 0.02019963 -0.02621992
v -0.002755554 0.02060264 -0.0256834
v -0.003809506 0.02038279 -0.02424952
v -0.0006799176 0.02032476 -0.02607717
v 0.0007700287 0.02028573 -0.02607539
v 0.0002163593 0.02024946 -0.02652113
v -0.02594415 0.01961357 -0.0113053
v -0.001428735 0.02065055 -0.02561003
v -0.03158723 0.01234549 -0.02976427
v -0.03100194 0.01073725 -0.02970939
v -0.002352875 0.0205276 -0.02449686
v -0.03224726 0.01380062 -0.02970939
v -0.03022015 0.01388418 -0.02970553
v -0.001793236 0.02039512 -0.02363847
v -0.02456303 0.01987131 -0.01175259
v -0.02390534 0.0199701 -0.01357494
v -0.003434505 0.02000376 -0.01651001
v 0.0001312345 0.02062761 -0.02558566
v -0.001645727 0.02006467 -0.01777307
v -0.03475948 0.01154347 -0.02908615
v -0.03412235 0.01330653 -0.02881046
v 0.00144043 0.02070942 -0.0255745
v -0.03331273 0.01430584 -0.02913308
v -0.006108873 0.01997769 -0.016241
v -0.02306659 0.02000745 -0.01259451
v -0.03074676 0.01535383 -0.02964599
v -0.03181631 0.01543176 -0.0293429
v -0.004129095 0.02027087 -0.02274001
v -0.03029662 0.01666298 -0.02938939
v -0.03100397 0.01692343 -0.0289084
v -0.004317638 0.02023203 -0.02175255
v -0.004143693 0.01992964 -0.01398974
v -0.03341868 0.01497246 -0.02678911
v -0.03262672 0.0160711 -0.02748392
v -0.03385225 0.01431852 -0.02808505
v -0.03251586 0.01575889 -0.02868246
v -0.002995595 0.01999474 -0.01514377
v -0.001690522 0.01999154 -0.015895
v -0.02993542 0.01814174 -0.02836084
v -0.02901247 0.01857737 -0.02867119
v -0.001520693 0.02019889 -0.02131009
v -0.02637733 0.005273246 -0.02945931
v -0.0002354924 0.008346148 -0.02872802
v 0.001328548 0.01065807 -0.02882416
v -0.02395812 0.004315853 -0.02933238
v -0.02161634 0.01999194 -0.0115697
v -0.02042491 0.0200718 -0.01261286
v -0.002881562 0.02011998 -0.0203732
v -0.02318935 0.01996547 -0.01123488
v -0.0250122 0.007755827 -0.02932539
v -0.0005144402 0.02011051 -0.01840412
v -0.02380489 0.01989283 -0.009798802
v -0.02225035 0.01999013 -0.01001548
v -0.02254334 0.006328426 -0.02921866
v -0.02085111 0.004296886 -0.02916557
v 0.00624075 0.008113143 -0.02875776
v -0.01777963 0.02006965 -0.01530221
v -0.01986293 0.002045669 -0.02916379
v -0.02066637 0.02003225 -0.01030863
v -0.01600419 0.01999074 -0.0147874
v -0.01839826 0.004412256 -0.02905817
v 0.00317985 0.01145113 -0.0288688
v 0.005362278 0.01043373 -0.02883904
v -0.02397852 0.020348 -0.02317751
v -0.02485222 0.02032042 -0.02434219
v -0.02522113 0.0201549 -0.02297183
v -0.01712392 0.02003965 -0.01340283
v 0.001983374 0.01301239 -0.02896736
v 0.00476151 0.01268272 -0.02895547
v -0.01554819 0.01997712 -0.01320339
v -0.01469253 0.02001761 -0.01446844
v 0.00274021 0.01479526 -0.0290626
v -0.02212686 0.008771881 -0.02914869
v -0.01999934 0.007727787 -0.02908345
v -0.02227857 0.0202449 -0.02297945
v -0.02179493 0.02034016 -0.0248043
v -0.02289379 0.0203916 -0.02368804
v -0.0141101 0.02003745 -0.01616998
v -0.013603 0.01992065 -0.01402158
v -0.01473667 0.01998078 -0.0117361
v -0.01600399 0.01997171 -0.01135714
v -0.01379336 0.01995265 -0.01257046
v -0.01785861 0.02029144 -0.02352843
v -0.01874223 0.0203133 -0.02460203
v -0.01928685 0.02030861 -0.02301294
v -0.0133854 0.01987103 -0.01092925
v -0.0172698 0.01998019 -0.01251506
v -0.02244821 0.02021244 -0.01911594
v 0.004915452 0.01496862 -0.02908891
v 0.0074488 0.01305983 -0.02898668
v 0.006475966 0.01557583 -0.02912939
v -0.02026733 0.01121244 -0.02906642
v -0.01907227 0.009966272 -0.02904215
v -0.0204277 0.02018028 -0.01921971
v -0.01614106 0.005605185 -0.02895252
v -0.01712339 0.008676395 -0.02899121
v -0.01586191 0.01992019 -0.009906869
v -0.01965453 0.02014512 -0.01805352
v -0.01652705 0.01987839 -0.008380918
v -0.01970549 0.0201355 -0.01646436
v -0.01764185 0.01118538 -0.02902972
v -0.01486152 0.01993266 -0.009242024
v -0.03092591 0.007800247 -0.02969669
v -0.01564277 0.01987942 -0.007476043
v 0.007801468 0.01040417 -0.02885959
v -0.02864459 0.006920874 -0.02957229
v -0.009405334 0.01983244 -0.01109499
v -0.00927313 0.01989231 -0.01293728
v -0.01115726 0.01980496 -0.01070456
v -0.03014327 0.00903006 -0.02964541
v -0.007446211 0.01986389 -0.01231574
v -0.01923975 0.02008773 -0.01489174
v 0.009562556 0.01195783 -0.02895669
v -0.008158296 0.01990704 -0.0135911
v -0.009143841 0.01994494 -0.01487583
v 0.01168605 0.009789967 -0.02890728
v -0.02753503 0.008495046 -0.02947635
v -0.01527256 0.0005585253 -0.02899798
v -0.005652238 0.01989983 -0.01229917
v -0.004669478 0.01983698 -0.01321117
v -0.006134652 0.01989061 -0.01357389
v -0.01761422 0.001438528 -0.02908538
v -0.02887794 0.0109663 -0.0295495
v 0.01167491 0.01279417 -0.02903665
v -0.003953936 0.01986985 -0.01194718
v -0.005157577 0.01983756 -0.01133142
v -0.006402966 0.019803 -0.009567013
v -0.007780738 0.01985534 -0.01064499
v 0.01383425 0.01209326 -0.02903762
v -0.01228439 0.001783554 -0.02887445
v -0.004860563 0.01983753 -0.009773139
v 0.004083389 0.01705813 -0.02920863
v -0.02635871 0.0101916 -0.02937903
v 0.00993737 0.0149187 -0.02911648
v -0.009725146 0.01975942 -0.005441453
v -0.009360064 0.01980159 -0.007761015
v -0.01098626 0.01981905 -0.007645914
v -0.008429203 0.01974669 -0.006312277
v -0.009038452 0.01978674 -0.009311298
v -0.007744879 0.01980751 -0.00892202
v 0.00685728 0.01727327 -0.0292696
v 0.009016901 0.01709913 -0.02924418
v -0.02413117 0.00949842 -0.02924232
v -0.007617656 0.01981262 -0.007553704
v -0.02539039 0.01223832 -0.02931779
v 0.003406532 0.01852174 -0.03033959
v 0.004458932 0.01915424 -0.03057241
v 0.005022967 0.01850213 -0.03031839
v -0.006990924 0.01977516 -0.006404597
v 0.004570242 0.01987814 -0.03047425
v 0.005737381 0.0194466 -0.03060244
v 0.006054059 0.02010691 -0.03042779
v 0.007112997 0.01940573 -0.0306834
v 0.008841334 0.01855424 -0.03030434
v 0.006970694 0.0185378 -0.03032292
v 0.005502652 0.01762407 -0.02943311
v 0.007766251 0.01784518 -0.0295648
v -0.00610226 0.019743 -0.008206068
v -0.004339468 0.01983373 -0.008006742
v -0.015798 0.003174281 -0.02896575
v 0.009755824 0.01785463 -0.02953174
v -0.002185037 0.01993643 -0.01378231
v -0.0002294369 0.02000572 -0.01497924
v 0.009473985 0.01914343 -0.03054927
v 0.008606493 0.01961965 -0.03063154
v 0.007367853 0.02019709 -0.03043436
v 0.009099269 0.02016466 -0.03054403
v 0.01055211 0.0185715 -0.0302869
v -0.0004360639 0.01996133 -0.01368896
v -0.02713262 0.01421846 -0.02947206
v -0.02887229 0.01573849 -0.02965071
v 0.001529464 0.02009199 -0.01731843
v -0.01283752 0.004428986 -0.02887104
v 0.002944943 0.0201688 -0.01799912
v 0.004238192 0.02032881 -0.03009349
v 0.004537718 0.02009418 -0.02759906
v 0.005126057 0.02040638 -0.02950604
v 0.003065426 0.02044383 -0.02720384
v -2.995878e-05 0.02007723 -0.01643576
v -0.02352848 0.01378427 -0.02917572
v -0.02488811 0.01592773 -0.02929414
v 0.002326248 0.02067638 -0.02908388
v 0.0009825099 0.02043248 -0.02753881
v -0.02677312 0.01700721 -0.0295331
v 0.005083283 0.02000406 -0.02700385
v 0.006711056 0.02063955 -0.02897328
v -0.02762493 0.01743953 -0.02957011
v 0.007109644 0.02044631 -0.02723728
v 0.002261363 0.02007018 -0.01538201
v 0.007055426 0.02027743 -0.02604431
v 0.00806253 0.0203265 -0.02631675
v -0.02326245 0.01573271 -0.02918437
v 0.004174042 0.02017991 -0.01770062
v 0.01308056 0.01375056 -0.02910982
v -0.02430462 0.01782438 -0.02937377
v 0.01255675 0.01586941 -0.02918547
v -0.0256043 0.01853338 -0.02943444
v 0.003710125 0.02015017 -0.01660593
v 0.005467223 0.02024178 -0.01807896
v -0.02895565 0.01722676 -0.02955699
v 0.005175905 0.02016475 -0.01676001
v 0.007042268 0.02023526 -0.01680775
v 0.01095594 0.01714735 -0.02925306
v -0.01372916 0.007715045 -0.02890042
v -0.02883122 0.01808401 -0.02916425
v 0.004231773 0.02009371 -0.01554992
v -0.0270648 0.01876661 -0.02924847
v 0.0161331 0.01066834 -0.02903026
v -0.009928711 0.003859309 -0.02879587
v -0.01130075 0.005766926 -0.02882463
v -0.02972964 0.01852368 -0.02763182
v -0.02298881 0.01143422 -0.02916883
v -0.009412412 0.0001222733 -0.02883811
v 0.01462597 0.01547097 -0.02918399
v 0.004187556 0.02010562 -0.01427675
v 0.006158356 0.02014584 -0.01460868
v 0.01566334 0.01380359 -0.02913373
v 0.01257635 0.01858417 -0.03026707
v 0.01495333 0.01796946 -0.02959964
v 0.01223378 0.01792372 -0.02954884
v -0.02083396 0.01390412 -0.02907908
v 0.01307719 0.01726104 -0.02928462
v 0.001556788 0.02001475 -0.01364864
v 0.01127375 0.0199333 -0.0306377
v 0.01175247 0.01905718 -0.03048682
v 0.01517075 0.01729391 -0.02927561
v -0.01896334 0.01329135 -0.02907148
v 0.01711524 0.01572902 -0.02920662
v -0.02179756 0.01514987 -0.02913987
v 0.001585755 0.01988174 -0.01279833
v 0.01688779 0.01740936 -0.02932309
v 0.006550802 0.02022357 -0.01574544
v 0.002041388 0.02021141 -0.02608638
v 0.003967633 0.02078159 -0.02544422
v 0.004038937 0.02020551 -0.02589801
v 0.003401205 0.02021609 -0.02600365
v 0.004746323 0.02035145 -0.02566537
v 0.001350086 0.02054363 -0.02475178
v 0.002503579 0.02067804 -0.02536405
v 0.002334125 0.02065918 -0.02474513
v 0.008180385 0.02022089 -0.01520408
v -0.00636892 -0.0006620847 -0.02881928
v 0.005404064 0.02068946 -0.02551444
v 0.00617378 0.02021209 -0.02600114
v 0.005126916 0.01985769 -0.0256711
v -0.004025713 -0.001034852 -0.0288095
v -0.02422732 0.01887741 -0.02946388
v -0.02286476 0.01883131 -0.02955256
v -0.00923647 0.001811551 -0.02879201
v -0.02216061 0.01946863 -0.02963253
v -0.02380858 0.01999671 -0.02909562
v -0.02533682 0.0198303 -0.02899051
v 0.01110553 0.02033819 -0.01633361
v -0.02478414 0.02036957 -0.02776079
v -0.02277893 0.02052224 -0.02727759
v -0.0231155 0.02051427 -0.02590421
v -0.008549687 0.003263265 -0.028784
v 0.01238676 0.02032385 -0.0148706
v 0.01067871 0.02025843 -0.01438998
v -0.007670283 0.002212441 -0.02875905
v -0.005873609 0.003713582 -0.02871486
v 0.01337526 0.0203414 -0.01519821
v 0.008350462 0.02015221 -0.01329005
v 0.01228278 0.02020897 -0.01263891
v 0.01389407 0.02031652 -0.0133314
v -0.004732674 0.001307309 -0.02871929
v 0.005894287 0.02012818 -0.01356296
v 0.004555764 0.01993388 -0.01246888
v 0.006384006 0.02004274 -0.01255541
v 0.007732933 0.01998815 -0.01257607
v 0.006251041 0.02003798 -0.01156083
v 0.008110369 0.02006927 -0.01173875
v 0.007993761 0.02005085 -0.01034082
v -0.01488154 0.009601657 -0.02897039
v 0.009571476 0.01999727 -0.01247379
v 0.01039026 0.02018424 -0.01307331
v 0.0109012 0.02011184 -0.01105955
v 0.00955718 0.0200546 -0.01024762
v 0.01031686 0.02006455 -0.009153625
v 0.01175943 0.02004546 -0.008685337
v 0.01124147 0.02006628 -0.01227926
v -0.01064272 0.008536662 -0.02884983
v -0.0002867635 0.01989417 -0.0114843
v -0.0007144641 0.01976514 -0.01275259
v -0.001527442 0.01985876 -0.01258786
v -0.001356112 0.01982651 -0.01019059
v -0.003080677 0.01986805 -0.0100372
v -0.003471216 0.01979867 -0.00884473
v -0.009382952 0.006261285 -0.0287902
v -0.002046043 0.01982334 -0.008878913
v 0.0002711229 0.01982184 -0.009440396
v -0.0006332714 0.01980353 -0.007972619
v -0.01230955 0.01069852 -0.02896497
v 0.0007175952 0.01988981 -0.008603111
v 0.003836147 0.01991902 -0.009456147
v 0.001994641 0.01985542 -0.009784833
v 0.00231719 0.01989473 -0.008008143
v 0.0003672503 0.01977059 -0.007666998
v -0.004736846 0.01974957 -0.005815117
v -0.00522982 0.01976554 -0.006929643
v -0.003204646 0.0197437 -0.007254597
v -0.01046492 0.01112236 -0.02894047
v -0.00148665 0.01977445 -0.005882369
v 0.0003935751 0.01983264 -0.006710438
v 0.00178433 0.01983037 -0.005713351
v -0.002648363 0.01972648 -0.004597491
v -0.003291612 0.01976977 -0.005918525
v 0.0002147593 0.01976097 -0.00503389
v -0.007616505 0.005685442 -0.0287419
v 0.001374714 0.01970977 -0.002889588
v 0.003092358 0.01983599 -0.005870944
v 0.003835803 0.01989627 -0.008137537
v 0.004963396 0.0199247 -0.007263221
v 0.005114853 0.01984669 -0.005857833
v -0.005174194 0.006085742 -0.02871146
v -0.003039468 0.002734125 -0.02869078
v 0.003401423 0.01976392 -0.003748987
v -0.006076735 0.007569045 -0.02875034
v 0.00505566 0.01977679 -0.004031315
v -0.001220005 0.004392622 -0.02867252
v -0.002408968 0.006220391 -0.02868621
v -0.003302991 0.007965554 -0.02872748
v 0.002246149 0.01999096 -0.01157481
v 0.001216358 0.01989292 -0.01049942
v 0.005537516 0.02004765 -0.0103038
v 0.004538048 0.0200016 -0.01110218
v 0.006899893 0.01994382 -0.008616021
v 0.005355371 0.01998168 -0.008567834
v -0.007664401 0.007767673 -0.02877825
v 0.008163372 0.01998859 -0.008320536
v 0.009624455 0.0199741 -0.007979702
v 0.006969543 0.01984802 -0.006125575
v 0.009088762 0.01991742 -0.006709864
v 0.01175023 0.01996395 -0.006905973
v 0.006445795 0.01978507 -0.003873535
v 0.008088129 0.01984655 -0.005302101
v 0.009439057 0.019897 -0.005442208
v 0.008239973 0.01980522 -0.003919866
v 0.0108031 0.01992873 -0.005895698
v 0.006792944 0.01975398 -0.002438476
v -0.00269663 0.0004585981 -0.02872786
v 0.01327674 0.01922248 -0.03056623
v 0.0126514 0.01991003 -0.03064462
v 0.01488796 0.01905526 -0.03048973
v 0.01494876 0.01858643 -0.03025835
v 0.01453152 0.0199035 -0.03063195
v 0.01583474 0.01997127 -0.03052377
v 0.01699646 0.01884965 -0.03043003
v -0.0006088484 0.00108685 -0.02869727
v 0.01861385 0.01868106 -0.03024293
v 0.01740246 0.01804547 -0.02959997
v 0.01711569 0.01973699 -0.03058691
v 0.01883466 0.01944651 -0.03053309
v 0.01707487 0.0203225 -0.0303687
v 0.01828483 0.02029802 -0.0304832
v 0.01604092 0.02060429 -0.02956042
v 0.01753372 0.02091811 -0.02835143
v 0.0185079 0.02110761 -0.0290268
v 0.01570421 0.0203684 -0.02764098
v 0.01661871 0.02047806 -0.02721975
v 0.01212284 0.02096379 -0.02548175
v 0.0008913837 0.002605986 -0.02868106
v 0.0159901 0.02093326 -0.02556822
v 0.01712679 0.02071839 -0.02608291
v 0.01609328 0.02026832 -0.02588796
v 0.01423722 0.02098049 -0.02552674
v 0.01648514 0.0209776 -0.02468876
v 0.01112915 0.0207804 -0.02474387
v 0.0130321 0.02084779 -0.02417012
v 0.01530722 0.02081008 -0.02349468
v 0.01669593 0.02087344 -0.02374528
v 0.01513204 0.02066386 -0.02143992
v -0.03532486 0.0113635 -0.02057145
v -0.0354942 0.01088617 -0.02173862
v -0.03569774 0.01013071 -0.02069044
v -0.03536963 0.01086596 -0.01900473
v -0.03482269 0.01269503 -0.02237125
v -0.0347626 0.0126064 -0.01897888
v -0.03394553 0.01427021 -0.02278529
v -0.0331304 0.01543732 -0.0224441
v -0.02030144 0.01999804 -0.008777471
v -0.009471778 0.020238 -0.03031558
v -0.01428151 0.02016896 -0.02142975
v -0.01560889 0.02016644 -0.02164123
v -0.01553499 0.02008509 -0.02087766
v -0.01592842 0.02023678 -0.02258302
v -0.01493401 0.02017392 -0.02310823
v -0.03540243 0.01093368 -0.01794768
v -0.01406134 0.02032687 -0.02355374
v -0.01435752 0.02011809 -0.02213037
v -0.03508407 0.01172849 -0.01827876
v -0.0131288 0.0201006 -0.0226045
v -0.03491566 0.01239616 -0.01749147
v -0.01182223 0.0201749 -0.02212074
v -0.01224871 0.02031676 -0.02413246
v -0.03442844 0.01328156 -0.01827069
v -0.01299268 0.0201183 -0.02025136
v -0.007133674 0.02014238 -0.03019737
v -0.008682087 0.02051108 -0.02982188
v -0.01130317 0.02006043 -0.02056464
v -0.03255183 0.01607458 -0.0190694
v -0.0325226 0.01602494 -0.01778683
v -0.005824033 0.02029254 -0.02984791
v -0.01029698 0.02005477 -0.02027664
v -0.002461065 0.02049334 -0.03011411
v -0.004030908 0.0204105 -0.02990302
v -0.0284951 0.01922681 -0.02561477
v -0.0009708181 0.02069852 -0.02922846
v -0.01734035 0.02014123 -0.02041904
v 0.002140708 0.02043458 -0.03024157
v 0.001037546 0.02057641 -0.0299056
v -0.02708008 0.01973348 -0.02347256
v -0.02659933 0.01997973 -0.02600648
v -0.01329558 0.02040498 -0.02999709
v -0.01084595 0.02050684 -0.0298519
v -0.02560051 0.02023013 -0.02539907
v -0.0143329 0.02057185 -0.02921466
v -0.03560888 0.01029507 -0.0281103
v -0.01398483 0.02048419 -0.0276125
v -0.0357868 0.009748809 -0.02476377
v -0.03558091 0.01074699 -0.02721857
v -0.03529898 0.01160121 -0.02443591
v -0.01185936 0.0199168 -0.01552797
v -0.01231574 0.01996962 -0.01456087
v -0.03478228 0.01272771 -0.02804221
v -0.03036856 0.01809917 -0.02078902
v -0.01443474 0.02029642 -0.02646857
v -0.01261988 0.02048803 -0.02578717
v -0.01112104 0.020531 -0.02567025
v -0.01259384 0.02032818 -0.02472727
v -0.03094085 0.01755729 -0.01829786
v -0.03024229 0.01810808 -0.01994373
v -0.0298838 0.01828495 -0.01890085
v -0.02958152 0.01836239 -0.0194697
v -0.02778583 0.01939707 -0.020076
v -0.02607852 0.01995723 -0.02116533
v -0.02390742 0.0202814 -0.02127477
v -0.02837561 0.01899081 -0.01925203
v -0.02886436 0.01885912 -0.01829718
v -0.02670686 0.01972643 -0.0191322
v -0.007375136 0.01996245 -0.01601638
v -0.02596378 0.01986333 -0.01946848
v -0.02501064 0.02011305 -0.01938548
v -0.0264005 0.01971667 -0.01784319
v -0.03512827 0.01161427 -0.01607144
v -0.03475317 0.01246273 -0.0150974
v -0.03507932 0.01154479 -0.01521945
v -0.03508938 0.01156297 -0.01383994
v -0.002620187 0.02018226 -0.02185893
v -0.03271484 0.01569364 -0.01484672
v -0.03148009 0.01709929 -0.0167614
v -0.02696392 0.01945656 -0.02878403
v -0.03484701 0.01230861 -0.01297562
v -0.02785289 0.01951962 -0.02748187
v -0.03455332 0.01275975 -0.01248708
v -0.03488233 0.01215142 -0.009814307
v -0.01122785 0.01987753 -0.0138211
v -0.03516481 0.0112706 -0.009164492
v -0.03459543 0.01258261 -0.00920528
v -0.01267774 0.01989674 -0.01213318
v -0.01172414 0.01977148 -0.01176956
v -0.01199318 0.01985529 -0.01031888
v -0.03211255 0.01625564 -0.01300526
v -0.03188005 0.01662641 -0.01482796
v -0.03143981 0.01701846 -0.01386725
v 0.006801939 0.0205013 -0.02989712
v 0.008752646 0.02070783 -0.02998795
v -0.02614284 0.02003839 -0.0279179
v -0.01213673 0.01982765 -0.009069698
v -0.03064837 0.01780393 -0.0173322
v -0.02932624 0.01853752 -0.01771447
v -0.01351671 0.01982523 -0.008965991
v -0.0142416 0.0198144 -0.007162658
v -0.03078775 0.01750931 -0.01620807
v 0.009950947 0.02081884 -0.02897164
v -0.0293045 0.01859319 -0.01673804
v -0.02798213 0.01919765 -0.01693205
v -0.01751868 0.02000942 -0.0296925
v -0.002749743 0.0198096 -0.01272363
v 0.01076577 0.02043779 -0.02644273
v 0.008689234 0.02039761 -0.02587162
v -0.02040835 0.02036473 -0.02456478
v -0.01771801 0.02040676 -0.02472287
v 0.004480112 0.02004297 -0.02617566
v -0.01092242 0.01984475 -0.009238442
v -0.0164975 0.02033476 -0.02445123
v -0.01259572 0.01987199 -0.007691476
v -0.01205033 0.01979428 -0.007019058
v -0.03596157 0.009471484 -0.02315769
v -0.03580503 0.00991131 -0.02352002
v -0.03522258 0.01162985 -0.02343854
v 0.0005098954 0.01990418 -0.01236982
v 0.003583089 0.01993855 -0.0126205
v -0.02026857 0.02022384 -0.0229265
v -0.02212774 0.0202789 -0.02157161
v -0.02046409 0.02019401 -0.02167745
v -0.01823585 0.02018034 -0.02156056
v -0.01636937 0.02019021 -0.02316729
v -0.01724558 0.02026507 -0.02253219
v -0.0193078 0.02025688 -0.02076589
v -0.02305456 0.02032184 -0.02063203
v -0.02079371 0.02026615 -0.02077371
v -0.02028973 0.02030235 -0.02038164
v 0.01099099 0.02069086 -0.03009242
v 0.01386043 0.02041221 -0.03042512
v 0.01194642 0.02033461 -0.03049146
v 0.01280981 0.0209089 -0.02936713
v 0.01366633 0.0207604 -0.02996288
v 0.01575402 0.02040753 -0.03010616
v 0.01872375 0.02086162 -0.03006236
v 0.01459386 0.02077371 -0.02878162
v 0.01375622 0.02078002 -0.02793831
v 0.01270844 0.02050027 -0.02602005
v 0.01372935 0.02054368 -0.02618413
v 0.01503805 0.02044614 -0.02589237
v 0.03595637 0.00114112 -0.01258621
v 0.03589959 0.001509771 -0.01377341
v 0.0359076 0.002745511 -0.01252454
v 0.03596643 -0.002940387 -0.001771921
v 0.03596947 -0.003517412 0.00018836
v 0.03605045 -0.004842537 -0.001424694
v 0.03601988 -0.004766585 0.0002484061
v 0.03605146 -0.005230937 -0.0003942791
v 0.02221749 0.01085648 -0.02917588
v 0.02097795 0.006947007 -0.02910337
v 0.01932326 0.01103201 -0.02910366
v 0.03596804 -5.88838e-05 -0.01174662
v 0.03594423 0.00177143 -0.01113563
v 0.03592732 -0.002065074 -0.0003641676
v 0.03600895 5.001202e-06 -0.01052304
v 0.01378517 -0.01107332 -0.02964594
v 0.02128039 0.01288101 -0.02919816
v 0.03588553 -0.002686573 -0.002571378
v 0.03602612 -0.004033014 -0.00292713
v 0.03601352 -0.003171755 -0.00383009
v 0.03599774 0.0008771252 -0.009482009
v 0.03601997 -0.001248725 -0.009634975
v 0.03594427 -0.001365384 -0.002878563
v 0.03596449 -0.001500372 -0.004821774
v 0.01663772 -0.01144781 -0.02970711
v 0.01590596 -0.009391356 -0.02949416
v 0.01830828 0.0132594 -0.02915271
v 0.03594633 0.002740309 -0.009461826
v 0.0359189 0.003539819 -0.01082047
v 0.01975315 -0.01467233 -0.03089672
v 0.03587186 0.002968451 -0.01372008
v 0.03592295 0.0003719945 -0.003462302
v 0.03594057 0.000294704 -0.005206835
v 0.02042243 -0.01422299 -0.03036763
v 0.03586444 0.003832066 -0.01292162
v 0.03581561 0.004924463 -0.01208932
v 0.0222687 -0.01524721 -0.03056392
v 0.02107244 -0.0136028 -0.03012824
v 0.03582542 0.004544293 -0.01412371
v 0.023292 -0.01344715 -0.03028894
v 0.03579607 0.005430678 -0.0147568
v 0.03577754 0.006369346 -0.01396528
v 0.0358521 -0.0005536955 -0.001687324
v 0.0193698 -0.01384324 -0.03018962
v 0.01787996 -0.01348141 -0.02998423
v 0.0358503 0.005480219 -0.01078815
v 0.0358921 0.004790243 -0.009389266
v 0.01936374 -0.01252834 -0.02988888
v 0.03591166 0.0008558463 -0.001513781
v 0.03578513 0.006381583 -0.01209189
v 0.03590995 0.0003114529 -8.748658e-05
v 0.03592302 -0.006606715 0.002685141
v 0.03600116 -0.004594101 0.002106991
v 0.03599885 -0.004839798 0.003357023
v 0.03585044 -0.007223152 0.001233622
v 0.03602899 -0.005821735 0.001222804
v 0.03593954 0.001559 -0.008671248
v 0.03590519 -0.00347765 0.001409482
v 0.03595637 0.001388006 -0.007468421
v 0.03592489 0.003777154 -0.007838747
v 0.03588312 0.003658364 -0.008717576
v 0.02386084 0.01302129 -0.02928597
v 0.02063583 0.01598034 -0.02923299
v 0.03590129 0.002470128 -0.005799945
v 0.03594208 -0.002999393 0.002436846
v 0.02120877 -0.01188235 -0.02989171
v 0.01906555 -0.00948428 -0.02956521
v 0.03584556 0.005422337 -0.008725466
v 0.03603395 -0.006030601 0.003547329
v 0.02222318 0.01497926 -0.02925266
v 0.03586915 0.006236055 -0.009254524
v 0.03599631 -0.005321665 0.005001009
v 0.03592528 -0.00319084 0.004143551
v 0.02500157 0.01519054 -0.02931596
v 0.03586758 -0.001155891 0.001286507
v 0.03584601 0.006126674 -0.007811572
v 0.0358246 0.005641446 -0.006961333
v 0.03583114 0.005277792 -0.005727232
v 0.02544439 0.004762166 -0.02927901
v 0.02327264 0.008016773 -0.02919693
v 0.02561381 0.008255114 -0.02932048
v 0.03579026 0.007678892 -0.009059541
v 0.0358788 -0.001577981 0.002980404
v 0.03581618 0.00701246 -0.006921388
v 0.01775235 -0.007426502 -0.02937287
v 0.03322056 0.01486963 -0.01330866
v 0.03362038 0.01430462 -0.01210471
v 0.03365198 0.01433944 -0.01395626
v 0.02728582 0.006402167 -0.02938726
v 0.03566548 0.008105497 -0.01398138
v 0.03572224 0.007704704 -0.0154371
v 0.03558248 0.008960628 -0.01560208
v 0.02208452 -0.009541841 -0.02970968
v 0.02881926 0.007578207 -0.02950487
v 0.02891555 0.00572093 -0.02948454
v 0.02177795 -0.007266836 -0.02950156
v 0.03585499 0.0003136043 0.00258062
v 0.03580303 0.001510976 0.001490513
v 0.03572364 0.008240376 -0.01050244
v 0.02439802 -0.01218465 -0.03015526
v 0.03540099 0.01001176 -0.01423035
v 0.034944 0.01158223 -0.01835648
v 0.03452194 0.01258548 -0.01480493
v 0.02444267 -0.01041351 -0.02993267
v 0.03596459 -0.001203645 0.002173429
v 0.03546793 0.009621788 -0.00903517
v 0.03514709 0.01072694 -0.01043061
v 0.03473375 0.0118845 -0.008494517
v 0.03571151 0.008136996 -0.01198029
v 0.02807239 0.01161159 -0.0294513
v 0.03049193 0.01078331 -0.02955072
v 0.03566279 0.00839106 -0.007844908
v 0.03471704 -0.01068707 0.006128155
v 0.03510294 -0.009638166 0.007743824
v 0.03548191 0.009587076 -0.01211055
v 0.03472174 0.01203939 -0.01237014
v 0.03124298 0.009463369 -0.02959852
v 0.0355669 -0.008335184 0.006139267
v 0.03375848 0.01401808 -0.01046142
v 0.03542692 -0.00872522 0.007238809
v 0.03547127 -0.008673456 0.005191762
v 0.03593466 -0.006770259 0.004986901
v 0.02471121 -0.007633811 -0.02962636
v 0.03419977 0.01312862 -0.009529591
v 0.03597516 -0.006394554 0.006390929
v 0.02984583 0.01277514 -0.02950396
v 0.03308315 0.01503481 -0.0114771
v 0.02325283 -0.005612994 -0.02941886
v 0.01499418 0.0204577 -0.0161724
v 0.0257479 -0.004625155 -0.02940824
v 0.03576957 -0.0076463 0.008226629
v 0.0153166 0.0203924 -0.0149209
v 0.03596576 -0.006254971 0.00800892
v 0.02475546 -0.002554202 -0.02927907
v 0.01676951 0.02050713 -0.01633681
v 0.01769721 0.02044582 -0.0141839
v 0.02697559 -0.003183959 -0.02935852
v 0.03592179 -0.003749356 0.008433599
v 0.01624005 0.02035994 -0.01311092
v 0.02496193 0.01068137 -0.02931321
v 0.01214226 -0.009846952 -0.02951071
v 0.03506372 -0.009684311 0.01010736
v 0.01433378 0.02019625 -0.01230416
v 0.03534126 -0.009160498 0.008262891
v 0.01353063 -0.008023316 -0.02935116
v 0.01853063 0.02034035 -0.01231563
v 0.01689751 0.02020664 -0.01199003
v 0.02028159 0.02040206 -0.01238374
v 0.01942796 0.02052503 -0.01418933
v 0.03571218 -0.007820031 0.01046228
v 0.01334884 0.02012331 -0.01158723
v 0.01459569 0.02017325 -0.01118864
v 0.01335646 0.0201279 -0.01038995
v 0.01575646 0.02022105 -0.01121831
v 0.03531782 -0.009212136 0.01163109
v 0.01231927 0.02014753 -0.01035378
v 0.02700157 0.01374993 -0.02940527
v 0.01344436 -0.004836686 -0.02911054
v 0.01490042 0.02015324 -0.009253899
v 0.01523169 -0.006804481 -0.02927703
v 0.01798659 0.02030501 -0.01126143
v 0.03548763 -0.008753229 0.01378055
v 0.01703356 0.02022929 -0.008653153
v 0.01994577 0.02038467 -0.01077466
v 0.03585202 -0.007128658 0.0137133
v 0.01915823 0.02032345 -0.008881461
v 0.03593083 -0.006734515 0.00970529
v 0.0359007 -0.006874792 0.01153228
v 0.01787194 0.02025618 -0.007514231
v 0.01488129 -0.003860995 -0.02910769
v 0.01768099 -0.005459752 -0.02924858
v 0.03083738 -0.004237169 -0.02960258
v 0.02916119 -0.003977228 -0.02947011
v 0.02888238 -0.002248449 -0.02943621
v 0.03595892 -0.005221236 0.009439778
v 0.02115695 0.02043105 -0.009259649
v 0.02016767 0.02032928 -0.007244235
v 0.02170768 0.02035825 -0.007490644
v 0.02978149 0.0008301772 -0.02944866
v 0.02752127 4.827976e-05 -0.02933823
v 0.03179472 -0.002209909 -0.02967132
v 0.01401963 -0.001580201 -0.02896593
v 0.03595704 -0.005906006 0.01306754
v 0.03589985 -0.003938608 0.0128653
v 0.01543971 -0.002283553 -0.02901788
v 0.03587699 -0.002168618 0.01071258
v 0.03303289 -0.003338844 -0.02983584
v 0.03227885 -0.005121581 -0.0297461
v 0.03428761 -0.004690638 -0.03000543
v 0.01380542 0.02008451 -0.0080518
v 0.0143401 0.0200361 -0.00658213
v 0.01343275 0.02000536 -0.005872307
v 0.03409644 -0.002758227 -0.03017998
v 0.01714757 -0.002664812 -0.02909924
v 0.03482035 -0.002388639 -0.03031238
v 0.01209484 0.01997087 -0.005104851
v 0.03263169 -0.00146674 -0.02992768
v 0.03591747 -0.003510484 0.00657529
v 0.03592929 -0.003008666 0.005337324
v 0.03407224 -0.001161089 -0.03070971
v 0.01601227 0.02012113 -0.007056944
v 0.03586002 -0.0005190447 0.005009592
v 0.01772663 -0.0006249286 -0.02903179
v 0.01618904 0.02013725 -0.005869439
v 0.01851863 0.02022056 -0.005927969
v 0.01548223 0.001165239 -0.02893844
v 0.0320855 0.001004025 -0.02981466
v 0.03133117 0.0004442167 -0.02961963
v 0.03590742 -0.002591949 0.007530775
v 0.01459739 0.02004274 -0.004756438
v 0.01991483 -0.001750108 -0.02912378
v 0.03584978 -0.0008065682 0.00689619
v 0.01764218 0.002239278 -0.02900188
v 0.01657033 0.0201089 -0.004237637
v 0.02017055 0.0006811246 -0.02909657
v 0.03177521 0.002705714 -0.02972076
v 0.03222509 0.0039766 -0.02999447
v 0.03323442 0.003181282 -0.03067275
v 0.01121798 0.0199002 -0.0044135
v 0.0193404 0.002827197 -0.02904476
v 0.0100098 0.01984184 -0.003670771
v 0.03584814 0.001023214 0.003778484
v 0.0357831 0.002774116 0.002971165
v 0.03363337 2.519414e-05 -0.03083884
v 0.03492121 -0.0007355548 -0.03076081
v 0.03580566 0.002931474 0.003968947
v 0.03458659 -0.0001175124 -0.03096264
v 0.01318602 0.01995656 -0.003543746
v 0.0130192 0.0007654689 -0.02887811
v 0.03337644 0.001875395 -0.03074421
v 0.03307942 0.0008968282 -0.03056182
v 0.03414219 0.001607155 -0.03083631
v 0.03473867 0.001186421 -0.03074009
v 0.03506436 0.000595957 -0.03066525
v 0.03521181 0.001220951 -0.03030782
v 0.00887786 0.01977451 -0.002548208
v 0.01069818 0.01980235 -0.001599563
v 0.0115072 0.01987601 -0.002997352
v 0.01302092 0.01988357 -0.001344997
v 0.03577405 0.002159992 0.006807622
v 0.01554431 0.01999619 -0.001977449
v 0.03576767 0.00257365 0.005019709
v 0.0348362 0.002921985 -0.0307069
v 0.03576767 0.004463 0.005382333
v 0.03534825 0.001961894 -0.02876189
v 0.03555305 0.001263017 -0.02955147
v 0.0353434 0.002330361 -0.02982939
v 0.01993839 -0.004657645 -0.02926052
v 0.03498202 -0.004268734 -0.03000524
v 0.03508734 -0.005722918 -0.02977885
v 0.0356058 -0.003970746 -0.02965466
v 0.03571278 -0.005284186 -0.02922316
v 0.03529241 -0.002682837 -0.03007851
v 0.03581443 -0.0009148605 0.008124337
v 0.0358889 -0.00192471 0.008923665
v 0.03587071 -0.003038919 -0.02920726
v 0.022091 -0.003447415 -0.02925981
v 0.0359789 -0.004303111 -0.02882439
v 0.02142961 0.02030213 -0.005669752
v 0.03592366 -0.006064054 -0.02630055
v 0.03593399 -0.005315131 -0.02710509
v 0.03600647 -0.004628606 -0.02544368
v 0.0359229 -0.002515785 -0.026895
v 0.03600404 -0.00272141 -0.02886912
v 0.03600724 -0.003466234 -0.02621436
v 0.03582428 6.70515e-05 0.009023685
v 0.01977143 0.0202299 -0.004517237
v 0.02258495 -0.001806702 -0.02919718
v 0.02176707 0.02024195 -0.003945371
v 0.03600926 -0.001498062 -0.02844183
v 0.03580053 0.000982549 0.01069112
v 0.02080533 0.02020418 -0.003018958
v 0.02287883 0.02029362 -0.006430853
v 0.03578418 0.001527188 0.007863015
v 0.02369512 0.02028133 -0.005553856
v 0.02410641 0.02027965 -0.006676862
v 0.03599637 0.0001690816 -0.02902544
v 0.03586761 -0.0002069846 -0.02691087
v 0.02373943 0.02020514 -0.004355483
v 0.02481045 0.0200035 -0.0047001
v 0.03566976 0.0007753596 -0.02679294
v 0.03307445 0.004294399 -0.03060132
v 0.03208903 0.004831014 -0.02980442
v 0.0331504 0.006226134 -0.03056243
v 0.0337897 0.006208429 -0.03088842
v 0.03365403 0.004423909 -0.03089323
v 0.02349642 0.0001544468 -0.02921399
v 0.0342224 0.003387952 -0.03095668
v 0.02372508 0.02016255 -0.002720715
v 0.02540733 0.01995574 -0.00390761
v 0.034794 0.005278508 -0.03100944
v 0.01550145 0.019849 0.0008150637
v 0.01745761 0.02002549 -0.001145085
v 0.01917985 0.0201369 -0.002316907
v 0.03538998 0.003313836 -0.03008577
v 0.03557049 0.003064593 -0.02898763
v 0.03581814 0.004549524 -0.02929588
v 0.02596406 -0.0008842666 -0.02929942
v 0.03575644 0.003428886 0.008574605
v 0.02031328 0.02008886 -0.0008378197
v 0.02376054 -0.01635921 -0.03034914
v 0.02363772 -0.01528112 -0.03057986
v 0.03466567 0.006314602 -0.03098799
v 0.02561263 -0.0165011 -0.02977021
v 0.0259742 -0.01604774 -0.03020264
v 0.02592646 -0.0146168 -0.03051751
v 0.03517564 0.006460482 -0.03073219
v 0.03573197 0.003735326 0.01030171
v 0.03564272 0.005101487 -0.03018382
v 0.035492 0.007044225 -0.03027895
v 0.03569351 0.005971795 -0.02931689
v 0.03371199 0.007697456 -0.03089859
v 0.02445252 -0.01427318 -0.03049224
v 0.02600531 -0.01319617 -0.03043214
v 0.0345518 0.0083052 -0.03095416
v 0.02206899 0.02015144 -0.001666112
v 0.02787548 -0.01510724 -0.03025789
v 0.03589579 0.002173621 -0.003523383
v 0.02811641 -0.0155218 -0.02980433
v 0.02348237 0.02013323 -0.001111757
v 0.0292804 -0.01478133 -0.02984584
v 0.02917935 -0.01527835 -0.02899576
v 0.02469275 0.0199782 -0.002017971
v 0.02755232 -0.01308312 -0.0305109
v 0.02832761 -0.01374281 -0.0305216
v 0.02691824 -0.01100896 -0.03016589
v 0.02164249 0.02000282 0.001073716
v 0.03584855 0.004105181 -0.004632512
v 0.02826917 -0.01198533 -0.0304335
v 0.02347638 0.02007044 0.000910718
v 0.02974509 -0.01396895 -0.03017005
v 0.03585361 0.001428798 -0.002640333
v 0.03584132 0.002915466 -0.002782529
v 0.02957563 -0.01274083 -0.0305164
v 0.02768779 0.00355929 -0.02937523
v 0.03593142 0.002300866 -0.00199054
v 0.03002837 0.003028519 -0.02950584
v 0.0358409 0.006634966 -0.005994754
v 0.0358412 0.002418261 -0.001167679
v 0.03581494 0.00678307 -0.004263841
v 0.03583278 0.004041707 -0.003559135
v 0.03095167 -0.01243272 -0.03034039
v 0.03580161 0.005843147 -0.003135106
v 0.03220401 -0.01231431 -0.02977006
v 0.0358429 0.006563517 -0.003129821
v 0.03574948 0.007699635 -0.003302909
v 0.0358974 0.00391168 -0.001786828
v 0.03585272 0.004586093 -0.002157694
v 0.03262315 0.0155681 -0.008476475
v 0.03203034 0.01633173 -0.01002275
v 0.03349644 0.01432923 -0.008614732
v 0.02793211 -0.01616853 -0.02594726
v 0.02880403 -0.01563893 -0.02775189
v 0.03264935 0.01552922 -0.007444287
v 0.03180759 0.01665144 -0.00801497
v 0.02990145 -0.01498504 -0.02693262
v 0.03230691 0.01582928 -0.006751269
v 0.03142565 0.01694037 -0.00699126
v 0.03188758 0.016467 -0.005920229
v 0.03122764 0.01713593 -0.005804269
v 0.02939018 -0.01543165 -0.02449849
v 0.02821468 -0.01615036 -0.02524473
v 0.03092569 0.017272 -0.004215697
v 0.03176497 0.01652224 -0.004816441
v 0.0313494 0.004206477 -0.02965378
v 0.03490956 0.01136503 -0.006118748
v 0.0354535 0.009492403 -0.006660448
v 0.03585514 0.002826847 -4.386529e-05
v 0.03598098 -0.002982488 -0.02476119
v 0.03445674 0.01249243 -0.007489299
v 0.03575746 0.004496179 -0.001046618
v 0.03121551 -0.01377064 -0.02917272
v 0.0302496 -0.01437246 -0.02951493
v 0.03592876 -0.001112595 -0.02532892
v 0.03114148 -0.01428302 -0.02622244
v 0.03042328 -0.01466318 -0.02799032
v 0.03184143 -0.01341679 -0.02774603
v 0.03361966 0.01419047 -0.007401533
v 0.03292834 -0.01258593 -0.02627527
v 0.03579199 0.004092297 0.0007134788
v 0.03579206 0.003713178 0.001672378
v 0.03398006 0.01340393 -0.006183261
v 0.03590195 0.002750309 0.002010714
v 0.03332049 0.01442694 -0.006900311
v 0.03445211 0.01253961 -0.004797129
v 0.03579392 0.005212219 -0.0002902523
v 0.03576999 0.005229387 0.001101576
v 0.03542436 0.009543921 -0.002082715
v 0.03516587 0.01049826 -0.003450813
v 0.0348189 0.01150393 -0.001952374
v 0.03595156 -0.002580987 -0.023035
v 0.0301422 -0.01056704 -0.03034559
v 0.0358791 -0.0002211723 -0.02345266
v 0.0316864 -0.01096678 -0.03039153
v 0.03601741 -0.004189176 -0.02285527
v 0.03259325 -0.01114843 -0.03008891
v 0.03434911 0.01263074 -0.002860252
v 0.03579373 0.0063092 -0.00133328
v 0.0316906 -0.009507732 -0.03029569
v 0.03407596 0.01322084 -0.0008436777
v 0.03287428 -0.009644801 -0.03027167
v 0.03576658 0.001183506 -0.02606376
v 0.03361847 0.0140159 -0.004119447
v 0.0333609 0.01458938 -0.005463086
v 0.03053988 -0.006523691 -0.02974551
v 0.03302827 -0.008446669 -0.030208
v 0.03574686 0.006230766 -0.0003215875
v 0.03589186 0.0006774217 -0.02557344
v 0.03263334 0.01549033 -0.005523177
v 0.03248316 0.01557611 -0.004984796
v 0.03537547 0.002016276 -0.02736302
v 0.03532388 0.001694012 -0.02641908
v 0.02689748 -0.008680863 -0.02983829
v 0.03574838 0.006215937 0.0009413008
v 0.03582647 0.006339925 0.0002554934
v 0.0357316 0.007437932 -0.0001416057
v 0.03300784 0.01489455 -0.002277492
v 0.03268964 0.01536984 -0.003225589
v 0.03369299 0.01390171 -0.002305705
v 0.02897097 -0.007619817 -0.02978465
v 0.03582644 0.001740206 -0.02438698
v 0.03197794 0.01622497 -0.002105894
v 0.03573991 0.004937022 0.003221929
v 0.03534182 0.002630657 -0.02645676
v 0.03579668 0.002858428 -0.02593729
v 0.03582814 0.00484862 0.002137745
v 0.02584957 0.0198296 -0.002891587
v 0.02734095 -0.005829699 -0.02953647
v 0.03031472 0.0176707 -0.00233935
v 0.02923006 0.01844129 -0.004319442
v 0.03576919 0.004036535 -0.02425104
v 0.02916098 0.0184283 -0.002302071
v 0.03573821 0.005995856 0.002424104
v 0.03110261 0.01705087 -0.002000701
v 0.03591685 -0.001105819 -0.0221958
v 0.02995826 0.01782588 -6.077066e-05
v 0.02578561 0.01975297 -0.0006468464
v 0.02455422 0.01995239 -0.0006378032
v 0.03588601 -0.0003663767 -0.0206242
v 0.03584516 0.001136007 -0.02139319
v 0.02702995 0.01940111 -0.001739979
v 0.02754341 0.01912096 -0.0007715821
v 0.02736422 0.01915098 0.0007420443
v 0.03572763 0.006181503 0.004242685
v 0.02483371 0.01987875 0.00117567
v 0.03594723 -0.00184699 -0.0205816
v 0.03599587 -0.00350013 -0.02077251
v 0.02569757 0.01965886 0.002278047
v 0.03579016 0.007078893 0.001734186
v 0.02715405 0.01914879 0.002430769
v 0.03602247 -0.002836937 -0.01886544
v 0.03502802 0.01094946 0.0003459398
v 0.03594015 -0.0008139703 -0.01861535
v 0.03567448 0.006248555 0.006020609
v 0.03567379 0.007121923 0.005718205
v 0.03292669 -0.006669749 -0.02997105
v 0.03440509 0.01242978 0.001650905
v 0.03470112 0.01170452 0.00450277
v 0.03519536 0.01034132 0.001713667
v 0.03367274 0.01381651 0.0007323977
v 0.03572617 0.00484722 0.00662655
v 0.0358227 0.001557985 -0.02267689
v 0.0357145 0.006950844 0.007155925
v 0.0357027 0.00567631 0.008079488
v 0.03332714 0.01440362 -0.0007451363
v 0.03255933 0.01540524 -0.0001055952
v 0.03575425 0.003992593 -0.02268115
v 0.03354389 -0.01078608 -0.02950138
v 0.03269449 -0.01238785 -0.02879031
v 0.03400436 -0.01046431 -0.02887452
v 0.03401658 -0.009546399 -0.02981117
v 0.03274446 0.01507387 0.001086518
v 0.0319052 0.01622075 -0.00016452
v 0.03587653 0.0007608626 -0.01972763
v 0.03454814 -0.009241389 -0.02934201
v 0.0350783 -0.008720202 -0.02871493
v 0.03440848 -0.00801358 -0.02992792
v 0.0311433 0.01693602 0.0006213076
v 0.03417994 -0.006495167 -0.02996111
v 0.03578764 0.002855862 -0.02179724
v 0.03352709 0.01408005 0.002146048
v 0.03580717 0.002685456 -0.0203183
v 0.01902984 0.01729573 -0.0292836
v 0.01954637 0.01796706 -0.02949505
v 0.03392788 0.01333728 0.004700523
v 0.03508247 -0.008856591 -0.0273642
v 0.03465974 -0.01004676 -0.0256017
v 0.03446398 -0.0102064 -0.02687473
v 0.03527956 -0.007190492 -0.02926099
v 0.03568877 -0.006671822 -0.02847649
v 0.03107671 0.005657088 -0.02961768
v 0.03426268 0.0126347 0.006699897
v 0.02100965 0.01736865 -0.02924285
v 0.03306824 0.01468728 0.003665391
v 0.02100422 0.01792832 -0.02945632
v 0.03565184 -0.007147007 -0.02710506
v 0.03289837 0.01485238 0.005410857
v 0.0201496 0.0187232 -0.03021863
v 0.03578976 -0.006688088 -0.02494889
v 0.03540025 -0.008223604 -0.02562492
v 0.03210146 0.006164455 -0.02981172
v 0.0285697 -0.01592021 -0.02347342
v 0.01999328 0.01989412 -0.03056353
v 0.03169841 0.007704423 -0.02966735
v 0.03080056 0.01716198 0.001896923
v 0.03187871 0.01623973 0.001869926
v 0.03256602 0.01529767 0.002593609
v 0.02131458 0.0186695 -0.03015909
v 0.03074256 -0.01485629 -0.02059615
v 0.03082928 -0.01468709 -0.02233092
v 0.03218867 -0.0134958 -0.02248885
v 0.02333062 0.01704264 -0.02922577
v 0.03084884 0.0170921 0.003267605
v 0.03096917 -0.01449392 -0.02392367
v 0.02310342 0.01770796 -0.02935769
v 0.02307326 0.01842524 -0.02985766
v 0.03193999 0.01608587 0.003640931
v 0.03216432 0.01578103 0.004872706
v 0.02030762 0.02034026 -0.03053448
v 0.03099315 0.01695175 0.005026434
v 0.02165397 0.01987405 -0.03058028
v 0.03297348 -0.01268332 -0.02204913
v 0.03338913 -0.01210605 -0.02354749
v 0.02476435 0.02100172 -0.02772615
v 0.02347153 0.02115986 -0.02968248
v 0.02300309 0.02125234 -0.02813369
v 0.03260922 -0.01316483 -0.02048149
v 0.02245131 0.02121622 -0.0294569
v 0.02063231 0.02119022 -0.02889883
v 0.03577689 0.004660116 -0.028167
v 0.03567249 0.006857225 -0.02827464
v 0.03567333 0.006635434 -0.02615582
v 0.03383789 -0.01150867 -0.02121718
v 0.02110102 0.02108433 -0.02671779
v 0.02304353 0.0211631 -0.0264447
v 0.03539356 -0.008713666 -0.01025839
v 0.03466559 -0.01052256 -0.009572173
v 0.03459417 -0.01050742 -0.01236309
v 0.0326523 0.008257141 -0.03025448
v 0.0322608 -0.01359273 -0.01892774
v 0.03342638 0.009006571 -0.03079707
v 0.03582722 -0.007064033 -0.01178632
v 0.03540282 -0.008585306 -0.01213914
v 0.03581164 -0.006918443 -0.01317955
v 0.03600641 -0.005579783 -0.0130772
v 0.03082297 -0.01489948 -0.01796766
v 0.03581104 -0.007104589 -0.009199172
v 0.0329653 0.01004235 -0.03062624
v 0.0184188 0.02091327 -0.02693012
v 0.03592039 -0.00599779 -0.009375794
v 0.03592883 -0.005789721 -0.0116635
v 0.03201301 -0.01389267 -0.01649475
v 0.03297443 -0.01287701 -0.01813268
v 0.03314142 -0.01275002 -0.01669581
v 0.01906782 0.02092026 -0.02604752
v 0.03604798 -0.004426874 -0.01288108
v 0.01794148 0.02105325 -0.0254299
v 0.01928281 0.02107562 -0.02560289
v 0.03399474 0.00957876 -0.03092479
v 0.03607226 -0.004758632 -0.01007058
v 0.03360027 -0.01199532 -0.01916204
v 0.03603979 -0.003120674 -0.01121897
v 0.03604415 -0.002629397 -0.01266601
v 0.03598766 -0.001574343 -0.01201531
v 0.03458318 0.0102641 -0.03083444
v 0.03503701 0.008953086 -0.03063302
v 0.03235013 -0.01391915 -0.008663822
v 0.03448537 -0.01055238 -0.0191194
v 0.0335003 -0.01239467 -0.008135913
v 0.03374698 -0.01209955 -0.009162672
v 0.03408948 -0.0117677 -0.007629365
v 0.03449561 -0.01037217 -0.02216087
v 0.03352558 -0.01185322 -0.0256121
v 0.03316478 -0.01308348 -0.004980136
v 0.03329317 -0.01285306 -0.006541044
v 0.01806177 0.02091416 -0.02394933
v 0.03497226 -0.009392958 -0.02328195
v 0.03400334 -0.01183843 -0.005830644
v 0.03553735 -0.00787732 -0.02244852
v 0.0316691 0.01018638 -0.02975273
v 0.0208665 0.02113511 -0.02540191
v 0.03475245 -0.01035768 -0.008020924
v 0.03540588 -0.008670477 -0.008554414
v 0.0349974 -0.009401016 -0.02013679
v 0.03595351 -0.005308889 -0.02444486
v 0.03466211 -0.01058302 -0.006348241
v 0.0222098 0.02117049 -0.02552886
v 0.03245961 0.01103519 -0.0304236
v 0.03588472 -0.006275456 -0.02350423
v 0.0345472 -0.01085781 -0.004911955
v 0.03553582 -0.008308465 -0.006388158
v 0.03071184 0.01251259 -0.02965727
v 0.03507212 -0.009611094 -0.005391708
v 0.03565038 -0.007926829 -0.005091419
v 0.03574243 -0.007131798 -0.02206486
v 0.02450519 0.02099345 -0.02543613
v 0.02314745 0.02115636 -0.02478923
v 0.0359187 -0.005654946 -0.02170716
v 0.03325874 -0.01294852 -0.003634838
v 0.03383177 -0.01217242 -0.004693581
v 0.03511814 0.009915574 -0.03040454
v 0.02430138 0.02095319 -0.02407767
v 0.03531311 0.01030137 -0.02866151
v 0.0355146 0.009027803 -0.02882984
v 0.01998322 0.02099688 -0.02382931
v 0.0215284 0.02096503 -0.02381171
v 0.03386459 -0.01222849 -0.002933778
v 0.0343588 -0.0112131 -0.003659895
v 0.03340904 -0.0128714 -0.002649164
v 0.03303836 -0.01323868 -0.002250334
v 0.0232111 0.02107382 -0.02370153
v 0.03557879 0.007707359 -0.02985723
v 0.03354202 -0.01260273 -0.001250751
v 0.03395426 -0.01213147 -0.001686238
v 0.03549121 0.009060691 -0.02638059
v 0.03441383 -0.01105299 -0.002443168
v 0.03499649 -0.01001263 -0.001520202
v 0.03517407 -0.009024007 -0.01756452
v 0.03509207 -0.009770904 -0.002635013
v 0.03571532 -0.00731183 -0.01850373
v 0.03575644 -0.007020708 -0.02060033
v 0.03491679 -0.01010153 -0.004027395
v 0.02196479 0.02094579 -0.02235507
v 0.0358908 -0.005956858 -0.01984858
v 0.03542112 -0.00865783 -0.003943631
v 0.02722564 0.02020729 -0.02622791
v 0.02828562 0.01971375 -0.02817445
v 0.02701296 0.02028426 -0.02902046
v 0.03599476 -0.004794875 -0.0200302
v 0.03593689 -0.006409992 -0.003997594
v 0.02557372 0.02075391 -0.02622834
v 0.02555866 0.02074998 -0.02470043
v 0.03596498 -0.005769914 -0.01716043
v 0.03598368 -0.004565893 -0.01841353
v 0.03197364 0.0169165 -0.02474442
v 0.03156076 0.01733996 -0.02783462
v 0.0305609 0.01821183 -0.02608583
v 0.03571404 -0.007578405 -0.003195988
v 0.03543676 -0.008641327 -0.002575178
v 0.03563023 0.008605693 -0.02485792
v 0.02993799 0.0186716 -0.02459978
v 0.02891694 0.01932481 -0.02592073
v 0.02825271 0.01967928 -0.02369497
v 0.0358576 -0.006913403 -0.007566109
v 0.03101586 0.01774747 -0.02356151
v 0.03029186 0.01830339 -0.02396455
v 0.03530748 0.01023106 -0.0265198
v 0.03535163 0.01023782 -0.02408418
v 0.03519765 0.01090857 -0.02558619
v 0.03586458 -0.00671811 -0.005650148
v 0.01685014 0.00464728 -0.02895009
v 0.03601563 -0.005035793 -0.007566744
v 0.03604896 -0.004293762 -0.00900192
v 0.0360777 -0.004487304 -0.008167187
v 0.0256003 0.02062651 -0.02258934
v 0.02668292 0.02034196 -0.02340996
v 0.02430902 0.02085189 -0.02182433
v 0.03606013 -0.003025087 -0.009868732
v 0.02296583 0.02096435 -0.02156923
v 0.0357505 0.003977209 -0.02642568
v 0.03564226 0.003578866 -0.02747237
v 0.03600478 -0.002685105 -0.008786066
v 0.03580333 0.004206683 -0.025797
v 0.03604721 -0.003782311 -0.00681741
v 0.02579722 0.02055659 -0.02083062
v 0.02743696 0.01998033 -0.02178515
v 0.03032303 0.01835357 -0.02308424
v 0.01900019 0.005379936 -0.02901324
v 0.02922621 0.01909074 -0.02249955
v 0.03060077 0.01798934 -0.02208358
v 0.03600084 -0.0005137566 -0.008090472
v 0.03603292 -0.002180893 -0.007825293
v 0.02990572 0.01855282 -0.0214514
v 0.036027 -0.005239341 -0.005663585
v 0.03567899 0.006570417 -0.02402717
v 0.01757413 0.02079212 -0.02206327
v 0.03604398 -0.004726503 -0.004224401
v 0.03612954 -0.005178347 -0.003229316
v 0.03571155 0.005450814 -0.02260664
v 0.01900742 0.0208059 -0.02352965
v 0.03600986 -0.003020439 -0.00569717
v 0.0183353 0.008841897 -0.02903599
v 0.02021744 0.02085432 -0.0217541
v 0.0359963 -0.0007730015 -0.006269252
v 0.03568909 0.006858304 -0.02147533
v 0.02266002 0.005068466 -0.02915238
v 0.01754097 0.02068968 -0.02008506
v 0.035595 0.008910183 -0.02243224
v 0.01970914 0.02078047 -0.02001051
v 0.02376504 0.0158789 -0.02926941
v 0.02195484 0.002336998 -0.02912441
v 0.03389826 -0.01228538 -0.0004217755
v 0.02503487 0.002004843 -0.02923971
v 0.02554039 0.01637347 -0.02933128
v 0.02533401 0.0171609 -0.02946182
v 0.03388627 -0.01239495 0.001245737
v 0.03458746 -0.01087512 -0.0003829859
v 0.02418084 0.01819049 -0.02989753
v 0.02591672 0.01790085 -0.030094
v 0.022105 0.02080769 -0.01999806
v 0.03437042 -0.0113287 0.000699047
v 0.03453952 -0.01108081 0.001389319
v 0.03429352 -0.01137686 0.001916643
v 0.03497645 -0.01023765 0.0007461775
v 0.02274928 0.0196215 -0.03038566
v 0.02226891 0.02040854 -0.03045379
v 0.02382639 0.02084309 -0.02040536
v 0.03503243 -0.009781851 -0.000291232
v 0.03554131 -0.00841061 -0.0006084982
v 0.02418551 0.01917326 -0.03038522
v 0.02214777 0.02076985 -0.01829608
v 0.03568194 -0.007875767 -0.001854889
v 0.02351492 0.02081585 -0.01853367
v 0.0237836 0.02010557 -0.03055779
v 0.0232846 0.02058621 -0.03040495
v 0.03539448 -0.009010224 0.0009043012
v 0.03595579 -0.00665395 -0.0003724732
v 0.03548507 -0.008379232 0.001189057
v 0.02625776 0.01862096 -0.03051644
v 0.03549147 -0.008663641 0.001943603
v 0.03446011 -0.01123282 0.004263617
v 0.03403109 -0.01220589 0.00323334
v 0.02569385 0.01939828 -0.03061035
v 0.03507507 -0.009839837 0.002276698
v 0.03499869 -0.01009841 0.003087256
v 0.03513388 -0.009619413 0.004729688
v 0.03548176 -0.008630002 0.003432721
v 0.0348293 -0.01047047 0.005212054
v 0.02432683 0.02058828 -0.03035473
v 0.02615319 0.01992225 -0.03048089
v 0.01841179 0.02063152 -0.01820282
v 0.03108023 0.01408276 -0.03040268
v 0.03250657 0.01273167 -0.03079091
v 0.03581151 -0.007331869 0.003388479
v 0.03187634 0.01421749 -0.03075681
v 0.03174552 0.01579976 -0.03079714
v 0.03315235 0.01349947 -0.03080799
v 0.03094886 0.01566392 -0.03077152
v 0.03598983 -0.005907727 -0.00195168
v 0.02097161 0.02067355 -0.01725774
v 0.02760439 0.01557024 -0.02940969
v 0.01918555 0.02060018 -0.0167248
v 0.02858339 0.01452146 -0.02945276
v 0.02740523 0.01640022 -0.02967037
v 0.02891646 0.01627532 -0.03030323
v 0.02885035 0.01499739 -0.02959774
v 0.02784066 0.01720134 -0.03033773
v 0.02226656 0.02070684 -0.01664045
v 0.01826859 0.02049877 -0.01540212
v 0.02067547 0.02061296 -0.01527253
v 0.0298319 0.01372844 -0.02960652
v 0.03011076 0.01513272 -0.03034058
v 0.02502211 0.02055159 -0.01846167
v 0.02594475 0.02045407 -0.01936635
v 0.02786384 0.01834977 -0.03066927
v 0.02976095 0.01758387 -0.03068464
v 0.02952379 0.01674084 -0.03066825
v 0.02590926 0.0203349 -0.01681823
v 0.0281024 0.01964861 -0.02050762
v 0.02732092 0.01991672 -0.01829753
v 0.02892075 0.01918843 -0.01943713
v 0.02933977 0.01858034 -0.03039809
v 0.02785218 0.01914787 -0.03053663
v 0.0277902 0.01954924 -0.03026594
v 0.02834725 0.01936581 -0.01668476
v 0.02346469 0.0207033 -0.01663376
v 0.02471195 0.02057824 -0.01692588
v 0.03075462 0.01714665 -0.030603
v 0.03192358 0.01658784 -0.03006325
v 0.02211021 0.02059265 -0.01498658
v 0.03195149 0.01684794 -0.02954141
v 0.0329653 0.01570075 -0.02868584
v 0.02341477 0.02066436 -0.01542382
v 0.03312794 0.01141014 -0.03079621
v 0.03381759 0.01169905 -0.03088177
v 0.02454562 0.02053705 -0.01553938
v 0.03420596 0.01196949 -0.03069593
v 0.03470178 0.01141318 -0.03028859
v 0.02338888 0.02060253 -0.01427095
v 0.02447674 0.02047506 -0.01423477
v 0.02772772 0.01966154 -0.01531702
v 0.03410375 0.01298081 -0.03041209
v 0.02603731 0.02015474 -0.01411863
v 0.03307496 0.01477141 -0.03045085
v 0.02751513 0.01959307 -0.01289587
v 0.03506678 0.01088302 -0.02955793
v 0.03333224 0.01518972 -0.02510829
v 0.03251765 0.01621423 -0.02336408
v 0.03352645 0.01478168 -0.02673716
v 0.03230977 0.01643618 -0.02645107
v 0.0347565 0.01234059 -0.02855376
v 0.03452492 0.01270152 -0.02708207
v 0.03377248 0.01428217 -0.02187169
v 0.03325628 0.0151257 -0.02292504
v 0.03272393 0.01583376 -0.02182936
v 0.03432793 0.01331852 -0.02539701
v 0.03469739 0.01235488 -0.02193321
v 0.03119428 -0.01474089 -0.0146033
v 0.03288922 -0.01307742 -0.01464432
v 0.03233862 -0.01373971 -0.01212686
v 0.03327806 -0.01262415 -0.01281436
v 0.03572384 -0.00732284 -0.01604357
v 0.03162645 0.01728632 -0.0231889
v 0.03598824 -0.005150253 -0.01518567
v 0.03602071 -0.004031524 -0.01719525
v 0.03177699 0.01700479 -0.02181614
v 0.03248014 0.01608601 -0.0202516
v 0.03320184 0.01507824 -0.02029664
v 0.0360061 -0.002642488 -0.01779775
v 0.0320677 0.01669483 -0.0204102
v 0.03588321 -0.006628886 -0.0146145
v 0.03111574 0.01758709 -0.02053993
v 0.03074562 0.01782008 -0.01862498
v 0.03024149 0.01832728 -0.01971461
v 0.03602399 -0.003925219 -0.01578796
v 0.03251307 0.01600138 -0.01914376
v 0.03188948 0.01680854 -0.01916493
v 0.03598299 -0.001874533 -0.01689674
v 0.03600524 -0.002717983 -0.01504356
v 0.03417872 0.01338218 -0.01840485
v 0.03605334 -0.003382714 -0.01423779
v 0.03346311 0.01475079 -0.01901054
v 0.03285379 0.01543508 -0.01867187
v 0.03598452 -0.00130992 -0.01393802
v 0.03335608 0.01475665 -0.01750946
v 0.02978774 0.01854928 -0.01767808
v 0.03271896 0.01570006 -0.01752215
v 0.03174264 0.01693097 -0.01741307
v 0.03103318 0.01763332 -0.017374
v 0.03042553 0.01799389 -0.01672636
v 0.02985464 0.01851552 -0.01600956
v 0.03108066 0.01744714 -0.01526236
v 0.03343915 0.01466873 -0.01618582
v 0.03268306 0.01568996 -0.01606794
v 0.03310575 0.01500011 -0.01537616
v 0.03172782 0.01691183 -0.01608765
v 0.03238869 0.01609283 -0.01453097
v 0.02977965 0.0184771 -0.01498293
v 0.03085103 0.0175919 -0.01336522
v 0.02988933 0.01832272 -0.01251122
v 0.03175731 0.01683495 -0.01433363
v 0.0359456 0.0001575779 -0.01690239
v 0.03589401 0.0008338746 -0.01805693
v 0.03594418 -0.0001439266 -0.01570775
v 0.03226037 0.01616499 -0.01334875
v 0.03582601 0.002583887 -0.01845057
v 0.03576329 0.004810688 -0.02078006
v 0.03184368 0.01668958 -0.01178348
v 0.03578112 0.004287682 -0.01930873
v 0.03081895 0.01755827 -0.01163091
v 0.0357945 0.004592572 -0.01721715
v 0.03588992 0.001450034 -0.01638397
v 0.02061321 0.02047937 -0.01406586
v 0.03584197 0.003059454 -0.01674357
v 0.03597182 -0.001106897 -0.01522994
v 0.03598224 -0.0001268238 -0.01424905
v 0.02195906 0.02047299 -0.01283861
v 0.03586887 0.001454884 -0.01479779
v 0.02319595 0.02052652 -0.01278883
v 0.03597667 -4.533492e-05 -0.01328676
v 0.0243118 0.02039206 -0.01171651
v 0.021724 0.02043746 -0.01108884
v 0.02333628 0.020475 -0.01090476
v 0.03583129 0.003605762 -0.01552096
v 0.03573194 0.005879911 -0.01668856
v 0.03589977 0.002244882 -0.01535401
v 0.02560433 0.02019596 -0.01194906
v 0.02506981 0.02015916 -0.01088482
v 0.02570532 0.02002788 -0.009696437
v 0.0268851 0.01974539 -0.01007768
v 0.02255469 0.02044216 -0.009825066
v 0.03520316 0.01076758 -0.02150252
v 0.02368832 0.0203816 -0.008328198
v 0.03555416 0.009258118 -0.02065182
v 0.02618965 0.01987239 -0.007644517
v 0.02497501 0.0199951 -0.006077133
v 0.02635347 0.01977513 -0.00599144
v 0.03570757 0.006325796 -0.01933565
v 0.03575492 0.005512472 -0.0184992
v 0.03014615 0.01807517 -0.01066847
v 0.02853487 0.01909655 -0.01116052
v 0.02859244 0.01908223 -0.0122985
v 0.03562971 0.00849257 -0.01880103
v 0.02800995 0.01925641 -0.009986516
v 0.02797602 0.01927733 -0.008700894
v 0.02905607 0.01874803 -0.009703463
v 0.03115408 0.01730133 -0.01039518
v 0.03098883 0.01729835 -0.009628635
v 0.03083622 0.01748489 -0.007750887
v 0.02997567 0.01814553 -0.008548414
v 0.03571815 0.007099256 -0.01679803
v 0.02915644 0.01857761 -0.007267436
v 0.02810793 0.01915055 -0.007385636
v 0.03563122 0.00860085 -0.01691295
v 0.02687548 0.01959738 -0.004364407
v 0.03550568 0.009432757 -0.01830024
v 0.03400389 0.01365176 -0.01591018
v 0.03562772 0.007943303 -0.006837716
v 0.03580313 -0.0001115911 -0.02998683
v 0.0358294 -0.0009460226 -0.02966505
v 0.02795626 -0.01598388 -0.02864092
v 0.03555222 0.008833134 -0.004470753
v 0.0357234 0.007521833 -0.001393663
v 0.03559668 0.008206224 -0.001336398
v 0.03551033 0.009075915 0.0001482312
v 0.02971544 -0.01507323 -0.02533656
v 0.0332526 -0.0118147 -0.02782172
v 0.03559662 0.007943884 0.00218817
v 0.03574225 0.007212302 0.004513413
v 0.03561433 0.007974615 0.003557794
v 0.03537874 0.009644834 0.003787752
v 0.03547776 0.009246939 0.005264141
v 0.0270257 0.01944305 -0.003189199
v 0.02845582 0.0186871 -0.001786562
v 0.02799984 0.01900529 -0.003448429
v 0.02918624 0.01825946 0.0005350541
v 0.03553039 0.008337435 0.006961111
v 0.02815831 0.018751 0.001976388
v 0.03546853 0.007735089 0.008357823
v 0.0354982 0.008780458 0.008243933
v 0.02909949 0.01826562 0.003654644
v 0.03527604 0.009919657 0.008475572
v 0.03498519 0.0107779 0.006729614
v 0.02950949 -0.01556907 -0.01926108
v 0.02114816 0.02074778 -0.03029749
v 0.03412025 -0.01131759 -0.01482015
v 0.03488552 -0.00978216 -0.01448119
v 0.0332409 -0.01279495 -0.01058547
v 0.03392173 -0.01171966 -0.01152092
v 0.0340285 -0.011587 -0.01004376
v 0.02572233 0.02068953 -0.02948952
v 0.03506635 -0.009389402 -0.01577725
v 0.03546952 -0.008207984 -0.01414996
v 0.03402253 -0.01129822 -0.01766798
v 0.03445214 -0.01064743 -0.01654862
v 0.026403 0.02027066 -0.03007413
v 0.02627183 0.02058627 -0.02789073
v 0.03586778 -0.006755562 -0.002491832
v 0.02947324 0.01903779 -0.02876279
v 0.02841833 0.01959342 -0.02943332
v 0.03007062 0.01847401 -0.02974932
v 0.03069093 0.01812617 -0.02873806
v 0.0343071 0.01328528 -0.02986285
v 0.0332602 0.01499538 -0.02992153
v 0.03381599 0.01424182 -0.02887273
v 0.03543472 0.009782407 -0.01646757
v 0.02779859 0.01924078 -0.005120218
v -0.01546688 -0.01850176 0.006362956
v -0.0185646 -0.01862168 0.006824996
v -0.02780029 -0.01791263 0.01428309
v -0.02740907 -0.01799114 0.01196669
v -0.02642305 -0.01836103 0.01341051
v -0.03719658 0.007299142 0.02893594
v -0.03703114 0.005328235 0.02798469
v -0.03721407 0.005384589 0.02894748
v -0.01605221 -0.01855402 0.007703263
v -0.03778237 0.005957633 0.02920312
v -0.01198612 -0.005575759 0.02744682
v -0.01322454 -0.004946101 0.02741424
v -0.0127144 -0.00637964 0.0274477
v -0.03658302 0.005891925 0.02929046
v -0.0365952 0.004778577 0.02910834
v -0.03594178 0.006019303 0.02861642
v -0.01198391 -0.007995756 0.02750394
v -0.009834889 -0.006519195 0.0274004
v -0.009555966 -0.004867401 0.02736695
v -0.02894626 -0.01757182 0.02273212
v -0.02769982 -0.0181135 0.02143905
v -0.02782651 -0.01814979 0.02354089
v -0.03618564 0.007508347 0.02880954
v -0.03665257 0.007349636 0.02909125
v -0.03564187 0.007334839 0.02868938
v -0.01751926 -0.01002359 0.02762788
v -0.0195195 -0.008217856 0.02765249
v -0.01972233 -0.01068013 0.02771751
v -0.03553422 -0.01318015 0.02728718
v -0.03509284 -0.01162229 0.02637073
v -0.03431902 -0.01288207 0.02617512
v -0.03623072 -0.01161625 0.02735781
v -0.03584524 0.005222263 0.0286192
v -0.03603424 -0.01287364 0.02830746
v -0.01765426 -0.007917264 0.02757597
v -0.03518715 0.006247987 0.02871934
v -0.03533231 0.004367091 0.02864049
v -0.03384088 0.003937203 0.02854517
v -0.0309337 -0.01837403 0.02716034
v -0.03143484 -0.01761396 0.02675671
v -0.0299337 -0.01803938 0.02639177
v -0.03233353 -0.01740562 0.0272257
v -0.02155731 -0.01871508 0.009773303
v -0.02345017 -0.01873732 0.00883241
v -0.02166754 -0.01870939 0.006551895
v -0.02962365 -0.01902466 0.02705085
v -0.01560745 -0.007688325 0.02755352
v -0.01791502 -0.005948296 0.02758374
v -0.01567776 -0.00498094 0.02751356
v -0.03037016 -0.01894543 0.02789614
v -0.03154003 -0.01625219 0.02599826
v -0.03027962 -0.01706203 0.02579749
v -0.03147482 -0.01580679 0.0250593
v -0.03184238 -0.01534902 0.0230704
v -0.03091852 -0.016263 0.02387388
v -0.01702826 -0.003966838 0.02758265
v -0.03240028 -0.01491573 0.02411903
v -0.03287601 -0.01500216 0.02612852
v -0.03284225 -0.01442295 0.02536761
v -0.03697784 0.007689892 0.02796489
v -0.03426573 -0.0121151 0.02345249
v -0.03370383 -0.01314423 0.02311891
v -0.03375007 -0.01302369 0.02475213
v -0.03714497 0.008702223 0.02886449
v -0.0147119 -0.006138813 0.02735735
v -0.01487635 -0.004767455 0.0273748
v -0.03027559 -0.01674082 0.02290978
v -0.02945579 -0.01731957 0.02481257
v -0.0368159 0.009378729 0.0278771
v -0.03692973 0.01007548 0.02889343
v -0.03555054 0.008624201 0.02867154
v -0.03620264 0.008877388 0.02909539
v -0.02901149 -0.01783118 0.02564179
v -0.03301232 -0.01640969 0.02692523
v -0.03487586 0.008732939 0.02882545
v -0.01367398 -0.006644018 0.02736665
v -0.0233507 -0.01880172 0.01130086
v -0.0146228 -0.003455387 0.02734266
v -0.03345944 0.006691344 0.02866468
v -0.01291907 -0.003073793 0.02743373
v -0.03389963 -0.01573486 0.02712145
v -0.03320911 -0.01686002 0.02818047
v -0.03302519 0.005330612 0.0285324
v -0.03342455 -0.01749207 0.02850008
v -0.0343359 -0.01561086 0.02824019
v -0.03443982 -0.01637064 0.02849719
v -0.03526568 -0.01541403 0.02865668
v -0.03193815 0.004312096 0.02861274
v -0.03307226 0.003279191 0.02850875
v -0.01983219 -0.0008720141 0.02755138
v -0.02046053 -0.0001182593 0.02763155
v -0.02215434 -0.001247495 0.02765443
v -0.03189358 -0.01856213 0.0284294
v -0.03220482 -0.01771788 0.02802128
v -0.03023702 -0.01972802 0.02853407
v -0.01793483 -0.01862457 0.009613182
v -0.03224251 0.002812149 0.02853627
v -0.02998221 0.002755253 0.0283241
v -0.03040925 0.005087917 0.02853055
v -0.01848956 -0.00190768 0.02767332
v -0.01977733 -0.00282122 0.02772489
v -0.01870406 0.0003090221 0.02756334
v -0.01726585 -0.0008453876 0.02768363
v -0.01581971 -0.002138441 0.02759784
v -0.03147318 0.005909102 0.02852046
v -0.0292349 -0.01641908 0.02816341
v -0.03096559 -0.01663612 0.02818852
v -0.02966225 -0.01777653 0.02821919
v -0.0307048 -0.01792096 0.02925072
v -0.03049691 -0.01762781 0.02838821
v -0.03143666 -0.01710873 0.02866748
v -0.02949221 -0.01823585 0.02842634
v -0.03189425 -0.01635431 0.02825911
v -0.01910397 0.0009792056 0.02763369
v -0.0172888 0.001713263 0.02755795
v -0.03324684 -0.01521445 0.02841026
v -0.0326002 -0.01633586 0.02908486
v -0.03247438 -0.01615568 0.02850026
v -0.01838171 0.002514981 0.02785274
v -0.0184578 -0.01871756 0.01248095
v -0.03215944 -0.01689931 0.02998827
v -0.01588929 -0.000451006 0.02767945
v -0.01643984 0.0003987178 0.02764912
v -0.01677622 -0.0186818 0.01229395
v -0.0300286 0.006320762 0.02844629
v -0.03489562 -0.01443693 0.027419
v -0.03485175 -0.01391378 0.02698043
v -0.03089151 0.007686926 0.02854588
v -0.0157081 0.002391944 0.0276009
v -0.03371331 -0.01378521 0.02613455
v -0.01526259 0.0008311588 0.02771004
v -0.01631978 0.002926433 0.02764485
v -0.03358769 -0.0133596 0.02533606
v -0.03431564 -0.01209686 0.02553286
v -0.01496722 0.0040252 0.02769506
v -0.01439126 0.002887709 0.02764841
v -0.0118069 -0.003795184 0.02744038
v -0.03598436 0.008858372 0.02664977
v -0.03540643 0.01002913 0.02597584
v -0.03583627 0.008147005 0.02589124
v -0.01578151 -0.0185892 0.01002015
v -0.008952469 -0.002995122 0.02735767
v -0.03531272 -0.01416839 0.02827134
v -0.03593716 -0.01443662 0.02876604
v -0.03648937 -0.01312257 0.02870205
v -0.03556958 0.01067068 0.02682603
v -0.03490182 0.0114363 0.02622893
v -0.01451866 -0.001417918 0.02742325
v -0.03484398 0.01148294 0.0250839
v -0.03628828 0.01142166 0.02788518
v -0.03238824 -0.01548443 0.02824005
v -0.03307953 -0.01479158 0.02823442
v -0.01318536 -0.001802323 0.02741186
v -0.03381795 -0.01404156 0.02825297
v -0.03545637 0.009749416 0.02864167
v -0.03202515 -0.01344905 0.0282336
v -0.03150247 -0.01473102 0.02825216
v -0.03492513 0.009942901 0.02886782
v -0.03430637 -0.01428061 0.02867218
v -0.03334573 -0.01543976 0.02882561
v -0.03471808 -0.013267 0.02857772
v -0.01310354 -0.01842464 0.007083602
v -0.0344993 -0.01282127 0.02834418
v -0.01172499 -0.01843175 0.00734403
v -0.01274756 -0.0004751571 0.02744384
v -0.03315777 -0.01290408 0.02826492
v -0.03429268 -0.01196982 0.02834778
v -0.03229934 -0.01159535 0.02818739
v -0.0335686 -0.01141164 0.02824229
v -0.03583881 0.01269757 0.0279322
v -0.01474018 0.0002062209 0.02763473
v -0.009765189 -0.01840145 0.007821042
v -0.01387081 0.0004134923 0.02746369
v -0.01420439 -0.01851929 0.008654218
v -0.02947262 0.007707022 0.02855848
v -0.02950419 -0.01503412 0.02817766
v -0.03234857 0.009411544 0.02876542
v -0.01189806 -0.002142223 0.02747709
v -0.01231378 -0.01848576 0.008760151
v -0.02893206 -0.01340107 0.02808924
v -0.02751132 -0.01451566 0.02806263
v -0.01077271 -0.00161189 0.02741298
v -0.03375659 0.01101445 0.0289488
v -0.009262253 -0.0007398371 0.02739336
v -0.01177399 0.000816552 0.02753068
v -0.01276537 0.0006223507 0.02740786
v -0.03044176 -0.01217072 0.02813296
v -0.0297258 0.008778408 0.02858455
v -0.0301875 0.01004412 0.02872002
v -0.01397146 0.001835665 0.02770857
v -0.02524655 -0.01875645 0.01870615
v -0.02482441 -0.0186707 0.0181395
v -0.02424507 -0.01882109 0.01880119
v -0.01253335 0.002158754 0.02748689
v -0.03173017 0.01188186 0.02890404
v -0.02495815 -0.01883712 0.02020198
v -0.02623117 -0.01857034 0.02085915
v -0.02664364 -0.01844371 0.01898809
v -0.009841479 -0.01845512 0.009854805
v -0.03025761 0.01129167 0.02879978
v -0.02208854 -0.01907541 0.02087577
v -0.02268471 -0.01901339 0.01896222
v -0.02138898 -0.0189962 0.01928212
v -0.02125795 -0.01901757 0.02093057
v -0.008046694 -0.01843101 0.009479802
v -0.01992448 -0.01897109 0.01893492
v -0.01303967 0.003919138 0.02765862
v -0.01993288 -0.01908522 0.02143837
v -0.01122473 0.002523752 0.02755731
v -0.02218345 -0.01914281 0.02263737
v -0.02067014 -0.01912055 0.02350068
v -0.01134207 -0.0001252741 0.02754314
v -0.0253853 -0.01883363 0.02236792
v -0.02373525 -0.01895862 0.02139644
v -0.01351551 -0.01856388 0.0106863
v -0.02444772 -0.01901124 0.02334797
v -0.0260045 -0.0187811 0.02375403
v -0.02480208 -0.01905325 0.02517239
v -0.02721449 0.004434638 0.02826515
v -0.02832611 0.003127502 0.02824168
v -0.02738558 0.001989566 0.02811709
v -0.02235456 -0.01914836 0.02414608
v -0.01053756 0.001312435 0.02755225
v -0.008907247 0.001193946 0.02744607
v -0.02293195 -0.0192236 0.02511601
v -0.01127942 -0.01853287 0.01076801
v -0.009928927 0.003072297 0.02764541
v -0.01486464 -0.01866039 0.01229573
v -0.02290968 0.001482667 0.02791806
v -0.02507199 0.001449924 0.02800847
v -0.02368071 -0.0008246098 0.02789415
v -0.02377285 0.003487926 0.02805423
v -0.01903398 -0.01973013 0.02620644
v -0.0211469 -0.02014129 0.02687377
v -0.02106411 -0.01931895 0.02537813
v -0.01347021 0.005084517 0.02772469
v -0.0169806 -0.02010506 0.02695045
v -0.02624054 0.0004018843 0.02800956
v -0.01226472 0.005922882 0.02773915
v -0.0114153 0.003948243 0.02754636
v -0.01980634 -0.01928289 0.02546006
v -0.01884485 -0.01923086 0.02452826
v -0.0181093 -0.0192087 0.02538647
v -0.01306545 -0.01865667 0.01267412
v -0.02572285 0.003685677 0.02816121
v -0.01050803 0.005268022 0.02763107
v -0.0166706 -0.01920485 0.02541229
v -0.01060254 0.006827467 0.02778382
v -0.009773117 0.00627963 0.02766854
v -0.02529035 0.005259162 0.02823742
v -0.008918248 0.004320569 0.02768706
v -0.01488268 -0.01953044 0.02600678
v -0.006951138 0.001486229 0.02743435
v -0.007480003 0.003027162 0.02753864
v -0.01375197 -0.02011511 0.02700118
v -0.007060949 0.004621416 0.0276151
v -0.01638647 -0.02049676 0.02799036
v -0.01439217 -0.02047616 0.02802238
v -0.0282575 -0.01883546 0.0262899
v -0.02785977 -0.01820995 0.0252883
v -0.007000122 -0.01846816 0.01099374
v -0.02646334 -0.02004009 0.02701237
v -0.0281163 -0.01965252 0.0270323
v -0.02656315 -0.01920138 0.02603865
v -0.02520945 -0.01966212 0.02621992
v -0.007964108 -0.01856388 0.01289535
v -0.02891407 -0.01961583 0.02793971
v -0.0119358 -0.0186403 0.0134444
v -0.02632431 -0.02038651 0.02808131
v -0.02715097 -0.02076497 0.02835441
v -0.02763217 -0.02001563 0.02795057
v -0.008186493 0.005526473 0.02777362
v -0.01016011 -0.01857976 0.01284737
v -0.02490263 0.006598329 0.02836897
v -0.02387658 0.005457242 0.02822987
v -0.007183451 0.006555074 0.02784627
v -0.02700053 -0.01934107 0.02864892
v -0.02627189 -0.01913157 0.02816568
v -0.02815867 -0.01874698 0.02827947
v -0.008756697 0.007698894 0.02777465
v -0.02821911 -0.0183781 0.028143
v -0.02704988 -0.01851287 0.02810539
v -0.02631956 -0.0172731 0.02809195
v -0.02205397 0.005728913 0.02800676
v -0.02248816 0.00450887 0.02810363
v -0.02550592 -0.01963752 0.02862542
v -0.02447563 -0.02029487 0.02711043
v -0.02347124 0.006548952 0.02812376
v -0.005854893 0.005929584 0.02774707
v -0.005435431 0.00730868 0.02787249
v -0.02475799 0.007616659 0.02839711
v -0.02416368 0.007776653 0.02827217
v -0.009252727 -0.01856973 0.01386325
v -0.02433477 -0.02056176 0.02807868
v -0.02219111 -0.02049106 0.02807238
v -0.02283445 -0.02117871 0.02831405
v -0.006054632 0.008067394 0.02794584
v -0.007644244 0.00901925 0.02786421
v -0.02272628 0.007235865 0.02811597
v -0.006449234 0.01005278 0.02794474
v -0.02455442 -0.01950774 0.02819845
v -0.02469693 -0.01878733 0.02800917
v -0.02408465 -0.01988991 0.02902706
v -0.03644545 -0.01179141 0.02832136
v -0.02285952 -0.01913111 0.02792492
v -0.02285523 -0.01964537 0.02830783
v -0.03705394 -0.0115605 0.02871143
v -0.02193439 -0.01982925 0.02876924
v -0.03688872 -0.0105729 0.02844289
v -0.03653653 -0.0101953 0.02731432
v -0.0227846 -0.0199471 0.02965231
v -0.03625084 -0.009967364 0.02863631
v -0.03585116 -0.01122849 0.0286482
v -0.0358782 -0.0102836 0.02839248
v -0.02598424 -0.01892184 0.02534741
v -0.03473715 -0.01545291 0.03083175
v -0.03419746 -0.01610163 0.03077287
v -0.03385912 -0.01538203 0.0303482
v -0.03518709 -0.01456605 0.03079833
v -0.03295635 -0.01678188 0.03056574
v -0.02910426 0.005114604 0.02840355
v -0.03480812 -0.0141063 0.03044872
v -0.02485861 -0.01865536 0.01178435
v -0.02466396 -0.01863029 0.009830877
v -0.03513005 -0.01224059 0.02834954
v -0.03538501 -0.01225824 0.02890451
v -0.03544379 -0.0110556 0.02839479
v -0.03496949 -0.01058421 0.0283942
v -0.02852375 0.006261537 0.0284926
v -0.02348401 -0.01886857 0.012657
v -0.03523982 0.01051945 0.02399787
v -0.02211135 -0.01884246 0.01257355
v -0.03482619 0.01145921 0.02335223
v -0.02419578 -0.01752298 0.02796444
v -0.02218609 -0.01774545 0.02788984
v -0.02033124 -0.01875521 0.01250795
v -0.03337373 0.01408177 0.02296595
v -0.03386386 0.01344039 0.02132579
v -0.0343471 0.01261711 0.02307143
v -0.03293496 0.01483572 0.02013848
v -0.03410655 0.01316154 0.01927001
v -0.03294929 0.01466669 0.02107191
v -0.02455772 -0.01552986 0.02795127
v -0.02818555 0.007892212 0.02862886
v -0.03178825 0.01596058 0.02113212
v -0.0228732 -0.01665107 0.02788452
v -0.02480708 -0.01870027 0.01370068
v -0.02309981 -0.01514397 0.0278521
v -0.03749388 0.01089608 0.02937338
v -0.03642374 0.01200793 0.02894615
v -0.02662069 0.007231505 0.02845689
v -0.02119741 -0.01874801 0.01331549
v -0.03657615 0.01339728 0.02944345
v -0.03577213 0.01346023 0.02893853
v -0.0207848 -0.01732387 0.02782899
v -0.03514758 0.01396355 0.02793802
v -0.02844298 -0.01882109 0.02874113
v -0.0371426 -0.009340486 0.02852009
v -0.03758192 -0.01005329 0.02886882
v -0.03783483 -0.008754848 0.02891328
v -0.03704011 -0.007408764 0.02766604
v -0.03676733 -0.009022307 0.02744224
v -0.0356138 -0.009474507 0.02835659
v -0.02866765 -0.01899027 0.02991353
v -0.03639175 -0.008759525 0.02878364
v -0.03627689 -0.01034472 0.02963433
v -0.02647334 0.009061226 0.02865997
v -0.02809357 0.009670749 0.02859997
v -0.03578559 -0.008436274 0.02831407
v -0.03512008 -0.009377345 0.02841749
v -0.03632437 -0.007094111 0.0266498
v -0.03560368 -0.00924444 0.02599191
v -0.03098971 -0.01798843 0.03021425
v -0.03004548 -0.01868981 0.03050732
v -0.02766316 -0.01620679 0.02813489
v -0.02070771 -0.01886608 0.01760782
v -0.03515139 -0.008100187 0.02837336
v -0.01641845 -0.01862733 0.01308396
v -0.03423385 -0.008519882 0.02822172
v -0.03582398 -0.007515922 0.02841233
v -0.03458718 -0.006818769 0.0282464
v -0.03525384 -0.006425738 0.02841043
v -0.01425014 -0.0186213 0.01337429
v -0.03730257 -0.007383918 0.02865403
v -0.02550849 -0.0148181 0.0279869
v -0.03717082 -0.005683044 0.02787663
v -0.03729106 -0.005741967 0.02865595
v -0.03649602 -0.007345634 0.02879171
v -0.03618579 -0.006821878 0.0285376
v -0.03660282 -0.00630017 0.02894498
v -0.03782538 -0.006895095 0.02886193
v -0.03665623 -0.00740237 0.0292167
v -0.0356575 -0.006103169 0.02839033
v -0.01810934 -0.01889665 0.01861889
v -0.01733512 -0.01881697 0.0177599
v -0.01618793 -0.01894396 0.0195845
v -0.01783622 -0.01898972 0.01946974
v -0.02494849 0.008974283 0.02854398
v -0.03715801 -0.001213523 0.02776043
v -0.03598969 -0.002360763 0.02592458
v -0.03717321 -0.0038039 0.02778966
v -0.03732278 -0.004036788 0.02868095
v -0.03732688 -0.002413487 0.02868148
v -0.02275538 -0.02119049 0.03038506
v -0.02095693 -0.02106178 0.03034348
v -0.0217387 -0.02071543 0.03052811
v -0.0145965 -0.01894417 0.02059973
v -0.01528119 -0.01887032 0.01818125
v -0.01439337 -0.01886329 0.0189567
v -0.03612188 -0.005070074 0.02616234
v -0.02038438 -0.02043349 0.02803668
v -0.0336656 0.01361062 0.02467679
v -0.03191741 0.01569901 0.02245224
v -0.02083177 -0.01897833 0.02782125
v -0.02156171 -0.01949774 0.02811163
v -0.03339488 -0.005597437 0.02814022
v -0.03491531 -0.005069848 0.02835205
v -0.02013559 -0.01950529 0.02804371
v -0.02062597 -0.01971029 0.02848792
v -0.01837581 -0.0204733 0.02802559
v -0.03064308 0.01683534 0.02182196
v -0.03131946 0.01635591 0.02015812
v -0.02968649 0.01735323 0.0205851
v -0.02017275 -0.02125637 0.02856689
v -0.01846036 -0.02121704 0.02847618
v -0.03576547 -0.004601521 0.01176053
v -0.03578087 -0.005332438 0.009964444
v -0.03569579 -0.005976828 0.01221809
v -0.01966494 -0.01976147 0.02844893
v -0.01849874 -0.0197668 0.02837046
v -0.03617036 -0.005823897 0.02864375
v -0.01774253 -0.02004115 0.02989366
v -0.03592558 -0.004458215 0.02845805
v -0.03568182 -0.005850386 0.0152005
v -0.03576797 -0.005007062 0.01384809
v -0.01960044 -0.01780556 0.02778387
v -0.03573937 -0.002553372 0.01606957
v -0.03572241 -0.003801616 0.01450978
v -0.03563039 -0.003914032 0.01561956
v -0.03796683 -0.005682062 0.02901937
v -0.01849005 -0.01925083 0.02782239
v -0.03659717 -0.004853358 0.02883047
v -0.01790515 -0.01854876 0.02775967
v -0.03671228 -0.004193908 0.02949766
v -0.03555562 -0.008264361 0.02033347
v -0.03567391 -0.007264616 0.02131221
v -0.0356656 -0.006651092 0.02039741
v -0.03651123 -0.003674278 0.0288848
v -0.03617766 -0.003126303 0.02860682
v -0.02114357 -0.02006048 0.02993289
v -0.03658826 -0.002688026 0.02900518
v -0.03570273 -0.004737636 0.02132135
v -0.03575984 -0.005285867 0.02059255
v -0.03569914 -0.006158808 0.02231359
v -0.03580233 -0.002843853 0.02841375
v -0.03513708 -0.003032276 0.02845682
v -0.03414773 -0.003302544 0.02828899
v -0.03571812 -0.007437579 0.02255528
v -0.03314968 -0.003536573 0.02821657
v -0.01684948 -0.02109921 0.02847778
v -0.01694463 -0.01973544 0.0282683
v -0.03457695 0.01286941 0.02695067
v -0.01517139 -0.02113784 0.02851452
v -0.03410108 0.01288798 0.02620017
v -0.03335937 0.01468022 0.02698697
v -0.01641816 -0.01923475 0.02776619
v -0.03549174 -0.008549649 0.02523576
v -0.03556444 -0.008221038 0.02340333
v -0.03529812 -0.009496445 0.02303511
v -0.03484602 -0.01096965 0.02550913
v -0.03373707 -0.009950742 0.0282004
v -0.03575269 -0.009970278 0.02645694
v -0.03320127 0.01415125 0.02621609
v -0.01515415 -0.01976911 0.02827949
v -0.01453499 -0.01955685 0.02793489
v -0.03202635 0.01536958 0.02605069
v -0.01476097 -0.01902823 0.02773426
v -0.01561325 -0.01990657 0.0287256
v -0.0143117 -0.01997039 0.02959339
v -0.03237625 -0.008719701 0.02813816
v -0.01690242 -0.01991654 0.02943649
v -0.01514771 -0.02008962 0.02978796
v -0.03353108 -0.007429652 0.02814832
v -0.03435041 -0.01123826 2.045184e-05
v -0.03216151 -0.01016481 0.02817572
v -0.03566584 -0.00697556 0.02540553
v -0.02968861 0.01275163 0.02888271
v -0.03063061 -0.0079503 0.02807518
v -0.03033062 -0.009240298 0.02808671
v -0.02780093 0.0111948 0.02869679
v -0.03242153 -0.006975159 0.02814691
v -0.03587535 -0.00362155 -0.002851179
v -0.03591509 -0.002356816 -0.004076831
v -0.03515049 -0.009341011 0.002949856
v -0.03521686 -0.009073649 -0.0005869493
v -0.03487926 -0.01009156 0.002179909
v -0.03554659 -0.007759489 0.001608223
v -0.03577899 -0.005541265 0.001589926
v -0.03584089 -0.005049227 0.003140643
v -0.03588664 -0.005020093 0.001340177
v -0.0359242 -0.001691384 0.001887541
v -0.03597202 -0.001189841 -0.0001584776
v -0.03584648 -0.003611194 0.0008039381
v -0.03066191 -0.006462196 0.02803481
v -0.02809244 0.01354055 0.02886786
v -0.03542863 -0.008451425 0.006299086
v -0.03558638 -0.007727304 0.004704807
v -0.03512825 -0.009508792 0.004912846
v -0.03209706 -0.004685597 0.02814002
v -0.03578236 -0.005866414 0.005452439
v -0.03574234 -0.006711317 0.003936585
v -0.03570474 -0.007032597 0.005877584
v -0.03570139 -0.007034929 0.00764937
v -0.03581906 -0.00506763 0.007437009
v -0.03261299 0.01488715 0.02508419
v -0.03588919 -0.003097752 0.003480401
v -0.03234969 0.01614662 0.02727133
v -0.03171886 0.01605564 0.02673109
v -0.03589178 -0.001136201 0.003215592
v -0.0306509 0.01665246 0.02605276
v -0.02998522 -0.005055502 0.02806125
v -0.03570112 -0.005932882 0.008979302
v -0.0357983 -0.004464215 0.008873947
v -0.03093262 0.01736942 0.02731079
v -0.02897002 0.01770555 0.02609487
v -0.03028753 0.01717218 0.02669656
v -0.02863561 -0.006574728 0.02791568
v -0.02825524 -0.007940631 0.02814553
v -0.03602199 0.003764037 -0.004059132
v -0.03591977 0.003021941 -0.005354511
v -0.03594839 0.002275951 -0.003017353
v -0.03622347 -0.0007303823 0.02629939
v -0.03594857 -0.0004917569 0.02567114
v -0.03599004 0.004460204 -0.002435533
v -0.03601776 0.0036938 -0.001248846
v -0.03592722 -0.00221218 -0.001986085
v -0.03590766 -0.0008834358 -0.003924916
v -0.03592286 0.0007097404 -0.004741967
v -0.02306734 0.008606594 0.02823264
v -0.02051538 0.008359155 0.02812122
v -0.03600319 0.0002760775 -0.002855951
v -0.03605084 0.0006357823 0.02605682
v -0.03594611 0.001098741 -0.002325032
v -0.03596496 0.001427688 -0.004620407
v -0.02807671 -0.01084501 0.02800112
v -0.03715487 0.0005226377 0.02774001
v -0.02529157 0.01033594 0.02854232
v -0.02978387 -0.01019923 0.02807452
v -0.03584626 -0.001597401 0.02845559
v -0.0359296 -0.0007108971 0.001134917
v -0.03528991 -0.0006675236 0.02852756
v -0.02386303 0.009866474 0.02840589
v -0.03594783 0.0003169943 0.0007236637
v -0.03351956 -0.001570672 0.02828797
v -0.03596541 0.001814926 0.0004677754
v -0.03598852 0.0008661263 -0.0005652197
v -0.03596036 0.001543662 -0.001093658
v -0.03598286 0.00289081 -0.0007890053
v -0.02722106 -0.01218354 0.02810546
v -0.03271003 1.165085e-05 0.02821267
v -0.03251619 -0.002371598 0.02835638
v -0.03205163 -0.001115024 0.02833172
v -0.02811902 -0.00950736 0.02814576
v -0.02565499 0.01159122 0.02863191
v -0.03590849 0.008877949 -0.006453373
v -0.03595155 0.008658705 -0.005066615
v -0.03562348 0.009830705 -0.006294066
v -0.0359916 0.008144267 -0.006199578
v -0.03614413 0.002316363 0.0261976
v -0.03597809 0.001957221 0.02567916
v -0.03590341 0.00870135 -0.00381311
v -0.03602833 0.007557711 -0.005161462
v -0.03571057 0.009626868 -0.004144982
v -0.03605923 0.007628586 -0.002590988
v -0.03597103 0.007005216 -0.003673688
v -0.03603409 0.006697026 -0.002635809
v -0.0293122 -0.008717341 0.028161
v -0.03597233 0.003830248 0.0258951
v -0.03661488 0.00344649 0.02704575
v -0.02617505 0.01291687 0.02873447
v -0.03541909 0.01031429 -0.003677018
v -0.02687726 -0.009672793 0.02801633
v -0.03596929 -3.07709e-06 0.002134832
v -0.03669148 -0.001981597 0.02906613
v -0.03657715 -0.001155434 0.02893195
v -0.03664982 -0.0001026634 0.0291827
v -0.03640297 -0.0003296863 0.02879339
v -0.03732326 -0.0006103124 0.02874667
v -0.03597008 0.001284741 0.00342679
v -0.03592172 9.318255e-05 0.003905475
v -0.03601054 0.001308961 0.00206784
v -0.03593555 0.002215855 0.001718959
v -0.0373085 0.000938151 0.02888163
v -0.03786809 0.0002713352 0.02921181
v -0.03601543 0.002984125 0.001600686
v -0.03660321 0.00153289 0.02906816
v -0.03710324 0.002374576 0.02799246
v -0.02424328 0.01242705 0.02862754
v -0.0357864 0.0002425797 0.02840954
v -0.03576497 0.001833923 0.02847001
v -0.03728175 0.002217395 0.02882556
v -0.03790427 0.002581736 0.0292484
v -0.02745283 -0.005939668 0.02784624
v -0.03599549 0.003734486 0.000721138
v -0.02666333 -0.007077008 0.02799635
v -0.03606686 0.006317637 0.0001395606
v -0.0360113 0.005553732 -0.0004932173
v -0.03526068 0.0004826523 0.02855053
v -0.03602382 0.003536409 0.002728397
v -0.03349498 0.001528062 0.02837557
v -0.0356284 -0.002730016 0.02219936
v -0.03576826 -0.002564313 0.02078069
v -0.0356805 -0.003448866 0.02075345
v -0.0357861 -0.001580607 0.02088875
v -0.03575531 -0.0006335899 0.02011432
v -0.03578934 -0.001444509 0.01830723
v -0.0345286 0.0124906 0.003530588
v -0.0334876 0.01429283 0.003023073
v -0.03414834 0.01328149 0.001524815
v -0.03583782 0.003180271 0.02846828
v -0.03514355 0.002450606 0.02859194
v -0.03651436 0.002624117 0.02902437
v -0.03633546 0.005622583 0.02664071
v -0.02119294 0.01059961 0.02831411
v -0.03584177 0.002241846 0.02027854
v -0.03590005 0.002392596 0.01775977
v -0.03581533 0.0001006667 0.01813233
v -0.0358481 -0.0009572748 0.01438975
v -0.03583152 -0.0001483522 0.01454151
v -0.03589307 -0.000630632 0.01326683
v -0.03587363 0.001326343 0.01368052
v -0.03586621 0.0006596521 0.01200143
v -0.03562178 -0.004107803 0.02176491
v -0.03722746 0.003918227 0.02891755
v -0.03589626 0.001144461 0.01518951
v -0.03571477 -0.001964694 0.0226848
v -0.03574776 -0.0004563425 0.02218547
v -0.03584778 0.0001123715 0.02098159
v -0.03667565 0.003617853 0.02927868
v -0.0367039 0.002503086 0.03071383
v -0.03581061 0.0001103282 0.01585336
v -0.03583821 0.0005115028 0.01693343
v -0.02649022 0.01464762 0.02888705
v -0.03593223 0.002749858 0.01956902
v -0.03787323 0.004317628 0.02930507
v -0.02619727 -0.005364066 0.02776248
v -0.03590228 0.004218133 0.02850979
v -0.03595636 0.002285451 0.01200755
v -0.03593854 0.003904585 0.0115128
v -0.03600224 0.003291128 0.01054301
v -0.028222 0.01571128 0.02905923
v -0.03598171 0.004328454 0.01031528
v -0.03601971 0.004388798 0.01137332
v -0.02416681 0.01475409 0.02881316
v -0.03598158 0.005319489 0.01088825
v -0.03591621 0.002943849 0.0129946
v -0.02504881 -0.003618902 0.02770181
v -0.02611984 -0.004003083 0.02776326
v -0.03600585 0.004289992 0.01351152
v -0.03594844 0.003297636 0.01455927
v -0.01885899 -0.01898603 0.02026474
v -0.01773371 -0.01894874 0.02052763
v -0.03156796 0.001216352 0.02836346
v -0.03583908 0.002373669 0.01611533
v -0.03594504 0.003294401 0.01632985
v -0.01839878 -0.01903934 0.02162033
v -0.02574151 0.01730849 0.02908635
v -0.01626956 -0.01901486 0.02131279
v -0.03587108 0.007662648 0.01099026
v -0.0358778 0.008161296 0.01197545
v -0.03587862 0.008177586 0.01015035
v -0.02413519 0.01726133 0.02902002
v -0.03525995 0.01074954 0.01220273
v -0.03487801 0.01148378 0.01279428
v -0.03432553 0.01281673 0.01127154
v -0.02195832 0.01302503 0.02855958
v -0.03163579 -0.003543202 0.02830828
v -0.03601741 0.00365964 0.01833144
v -0.0171457 -0.01911555 0.02262528
v -0.03596092 0.006861692 0.01541574
v -0.03604861 0.006047534 0.01524714
v -0.03600026 0.005970223 0.0158287
v -0.02927423 -0.003899552 0.02816636
v -0.0157836 -0.01913109 0.02298383
v -0.01862532 -0.01911769 0.02335507
v -0.02951702 -0.002067346 0.02814125
v -0.03569197 0.008638939 0.01425273
v -0.03587119 0.008024284 0.01424955
v -0.03562806 0.009237457 0.01494063
v -0.02809797 -0.003443277 0.02808446
v -0.01475469 -0.01906247 0.02229501
v -0.031711 0.01616836 0.01470304
v -0.03262206 0.01526648 0.01402087
v -0.03221738 0.01571736 0.01531529
v -0.0192359 0.01193466 0.02835891
v -0.03350909 0.01413382 0.01575124
v -0.03247493 0.01539593 0.01680129
v -0.0314644 0.01642741 0.01680333
v -0.03073122 0.01688578 0.01555088
v -0.03065148 7.906742e-05 0.02826002
v -0.01949231 0.01457405 0.02861603
v -0.01361328 -0.01897563 0.02097128
v -0.0128243 -0.01889401 0.01965524
v -0.01187121 -0.01899945 0.02144083
v -0.02156522 0.01505477 0.02872841
v -0.03230485 0.01563541 0.01895153
v -0.03174643 0.01608279 0.01825537
v -0.03280051 0.01494263 0.01870676
v -0.03148174 -0.01526729 0.0004506242
v -0.0309181 -0.01552806 0.001948087
v -0.01146283 -0.01886355 0.02013621
v -0.03015722 -0.0161755 0.00248968
v -0.03127693 -0.01536303 0.001647996
v -0.02800058 -0.004739717 0.02789251
v -0.03157428 -0.01520412 0.002998628
v -0.03082352 -0.01563662 0.003990032
v -0.01287958 -0.01910914 0.02286165
v -0.03353459 -0.01267878 4.855543e-05
v -0.03360095 -0.0126317 0.001465352
v -0.02668588 -0.003031608 0.02801149
v -0.03253308 -0.01413183 0.004641589
v -0.03245418 -0.01424114 0.003032975
v -0.03206111 -0.01458525 0.003594808
v -0.0302988 -0.01614695 0.005447559
v -0.03086582 -0.01569711 0.00635789
v -0.03132471 -0.01538638 0.004542429
v -0.03209352 -0.0146317 0.005489849
v -0.01727216 -0.0191989 0.02393534
v -0.03132187 -0.01543038 0.006266706
v -0.02771657 -0.0007596631 0.02804339
v -0.01431895 -0.01924073 0.02436315
v -0.0334111 -0.01289472 0.003769334
v -0.03395595 -0.0122221 0.004339188
v -0.03416373 -0.01170487 0.002241496
v -0.03461161 -0.01087507 0.00357569
v -0.03327217 -0.01307517 0.005082767
v -0.02535896 -0.002211263 0.027943
v -0.03658877 0.007961012 0.02968218
v -0.03770288 0.00889461 0.02916251
v -0.03794972 0.007256378 0.02928456
v -0.03410031 -0.01201934 0.006056175
v -0.03623972 0.009807125 0.02952025
v -0.02483905 -0.0184041 0.003512744
v -0.03586895 0.01064239 0.02914929
v -0.02634113 -0.01806656 0.003598064
v -0.01566869 -0.01930997 0.02434332
v -0.03521517 0.01083339 0.02880129
v -0.03600634 0.01119278 0.03002317
v -0.01492314 -0.01912459 0.0253298
v -0.01289512 -0.01914374 0.02547669
v -0.02174573 -0.01854976 0.003861167
v -0.02358914 -0.01858623 0.005059604
v -0.0352411 0.01222144 0.02904356
v -0.03434913 0.01255544 0.02898587
v -0.02385199 -0.01442858 0.027906
v -0.03538156 0.01252519 0.02955475
v -0.0250196 -0.01842462 0.00559577
v -0.02238194 -0.01351529 0.02790813
v -0.02600785 -0.01824041 0.006560527
v -0.03475047 0.01358825 0.02934547
v -0.02143567 -0.01562437 0.02782987
v -0.02410544 -0.002585182 0.02774188
v -0.02444045 -0.01859375 0.007408399
v -0.02184178 -0.01460906 0.02789321
v -0.02819017 -0.01748229 0.008058835
v -0.02788415 -0.01758851 0.00612976
v -0.02727052 -0.01790151 0.008161921
v -0.02002704 -0.0155676 0.02780379
v -0.02081809 -0.01414302 0.02792641
v -0.02102819 -0.01279041 0.02784855
v -0.03398959 0.01383715 0.02903512
v -0.01976366 -0.01307691 0.02780829
v -0.02593565 -0.01836019 0.009950455
v -0.03467704 0.01534056 0.02910409
v -0.02703289 -0.01368482 0.02803503
v -0.02215658 -0.0005001985 0.02781758
v -0.0326455 0.01348627 0.02904214
v -0.03597038 0.007031674 0.02572459
v -0.03599596 0.005503612 0.02582143
v -0.02565097 -0.01325183 0.02813416
v -0.03397395 -0.01235615 0.009176359
v -0.03416438 -0.01194392 0.007973872
v -0.03325636 -0.013271 0.007780913
v -0.0359926 0.007789102 0.0263106
v -0.03291963 -0.01356091 0.006616481
v -0.03237566 -0.01447637 0.006367926
v -0.0322739 -0.01453514 0.006919406
v -0.0320539 -0.01467403 0.008039046
v -0.03166012 -0.01525704 0.007572901
v -0.0323596 -0.01454598 0.01058537
v -0.03255813 -0.0143082 0.009100392
v -0.0318756 -0.01509514 0.01000248
v -0.02457913 -0.01338886 0.02809661
v -0.03371374 0.01595189 0.02799777
v -0.03505936 -0.00988467 0.008152064
v -0.0349773 -0.01002706 0.00675885
v -0.03457264 -0.01103935 0.00806497
v -0.02624747 -0.01152429 0.02806953
v -0.03240478 -0.01456865 0.01208295
v -0.03177161 -0.01537622 0.01198312
v -0.0334343 -0.01323359 0.01150453
v -0.03223803 0.01478594 0.02911731
v -0.03423739 -0.01197344 0.0104683
v -0.02371842 -0.01179971 0.02791179
v -0.0328882 0.01532276 0.02905043
v -0.03376851 0.01508496 0.02939453
v -0.03312196 -0.01377927 0.013262
v -0.02510158 -0.009934003 0.0279297
v -0.03435064 -0.01162554 0.01124471
v -0.03414039 -0.01216486 0.01325483
v -0.02731581 -0.01796984 0.01036963
v -0.0343416 0.01474655 0.03027092
v -0.03471353 0.01624495 0.02942449
v -0.03323242 0.01686999 0.0291158
v -0.02313696 -0.01280154 0.02790825
v -0.03238176 0.01613527 0.02920382
v -0.03283933 0.01625257 0.0298253
v -0.02084727 -0.01865283 0.005224403
v -0.02978978 0.01417598 0.02897907
v -0.02299038 -0.009797143 0.02783266
v -0.02349999 -0.007919429 0.02781792
v -0.03000515 0.01542864 0.0291036
v -0.0322472 0.01751288 0.02811963
v -0.0313353 0.01629187 0.02912614
v -0.02458122 -0.005961508 0.0278897
v -0.02971588 0.01870405 0.02775045
v -0.02878221 0.01827431 0.02704857
v -0.03200245 0.01796214 0.0291233
v -0.02160244 -0.01057953 0.02776409
v -0.03131215 0.01730678 0.02944248
v -0.0318734 0.01715398 0.03014436
v -0.03067506 0.01738283 0.02919922
v -0.03004702 0.01915775 0.02912487
v -0.02161271 -0.007980343 0.02773492
v -0.03077174 0.01802495 0.03022942
v -0.03125443 0.01779488 0.03088914
v -0.02956286 0.01678308 0.0291459
v -0.01828089 -0.0159676 0.02770998
v -0.01656501 -0.01710809 0.02769774
v -0.02930177 0.01806048 0.02916373
v -0.02751166 0.01793616 0.02916261
v -0.01866648 -0.01479366 0.02770247
v -0.0196417 -0.01437609 0.02789568
v -0.01863038 -0.01347443 0.02783351
v -0.02930164 0.01841819 0.02937359
v -0.01751773 -0.0148055 0.02764178
v -0.02984007 0.01864384 0.03077662
v -0.01745506 -0.0132654 0.02762799
v -0.02067558 0.0008214377 0.02784054
v -0.01410727 -0.01800065 0.02770366
v -0.01479486 -0.01643339 0.02765155
v -0.01605755 -0.01427696 0.02764393
v -0.02121362 0.003214765 0.02795943
v -0.01235955 -0.01669982 0.02762127
v -0.01782853 -0.01198319 0.02768564
v -0.01660092 -0.01266669 0.02773213
v -0.01982702 0.004240938 0.02799296
v -0.01957721 0.005631635 0.02794513
v -0.01825555 0.004811358 0.02796211
v -0.01773465 0.005828073 0.02789873
v -0.01581644 -0.01115147 0.02765156
v -0.01434772 -0.01418173 0.02760525
v -0.01466153 -0.01269899 0.02773111
v -0.01305285 -0.01437422 0.02756264
v -0.01356112 -0.01311644 0.02752021
v -0.01218884 -0.01306126 0.02748409
v -0.01660433 0.003910152 0.02790688
v -0.0131118 -0.01179605 0.02750088
v -0.01617749 0.004947352 0.02796547
v -0.01428117 -0.01080765 0.02764923
v -0.01844445 0.007958165 0.02803775
v -0.02484628 -0.005032549 0.02776988
v -0.02279584 -0.006325962 0.02776616
v -0.02326797 -0.003454486 0.02764603
v -0.02281183 -0.004806085 0.02781237
v -0.01906132 0.0102838 0.02823174
v -0.01583556 0.006728176 0.02790459
v -0.01468504 0.005533208 0.02798612
v -0.01991645 -0.006170003 0.02764763
v -0.01382449 0.006328915 0.02799655
v -0.01411689 0.007772978 0.02793526
v -0.01585817 0.00830247 0.02801176
v -0.02130404 -0.003814945 0.02774727
v -0.0172793 0.01096138 0.02822024
v -0.02117243 -0.00194132 0.02759679
v -0.01822535 0.0131775 0.02844051
v -0.01590495 0.01171234 0.02826167
v -0.0140691 0.008972311 0.02803815
v -0.01549808 0.01000453 0.02810076
v -0.01881481 -0.00390416 0.02761315
v -0.01321344 0.0110775 0.02814129
v -0.01230232 0.0096227 0.02803747
v -0.01467204 0.01311093 0.02832782
v -0.01600298 -0.009631138 0.02761594
v -0.01479181 -0.009767031 0.0275986
v -0.01659149 0.0132985 0.02841991
v -0.01279192 0.006931259 0.02806049
v -0.01147554 0.007263937 0.02795824
v -0.01229478 0.008097848 0.02802813
v -0.01124354 0.008959188 0.02799786
v -0.01337571 -0.009613268 0.02740031
v -0.01185183 -0.01090325 0.02746345
v -0.01445357 -0.007999049 0.02739443
v -0.01038176 0.008269346 0.02787749
v -0.01372238 -0.00788754 0.02735616
v -0.01158866 -0.009559795 0.02753902
v -0.01100058 0.01169925 0.02813381
v -0.00898698 0.009799189 0.02793954
v -0.03482527 0.01194256 0.001682637
v -0.03457698 0.01242758 -0.0008263234
v -0.0324871 -0.01468917 0.0161846
v -0.03281217 -0.01436882 0.01842694
v -0.03324085 -0.01372826 0.01679797
v -0.03311228 -0.01391064 0.01526564
v -0.03374968 -0.01293903 0.01489348
v -0.03379239 -0.01298356 0.01782041
v -0.03590094 0.0086612 0.001668023
v -0.03561399 0.009471021 0.002650391
v -0.03547364 0.0100376 0.001485871
v -0.03534186 0.01058096 0.002704116
v -0.03430571 -0.01206977 0.01654997
v -0.03518581 0.01119886 0.00174493
v -0.03525588 0.01120382 0.002678292
v -0.03104601 -0.0159587 0.01618726
v -0.03092135 -0.01591685 0.01386538
v -0.03010908 -0.01662029 0.01388437
v -0.03433485 -0.01178219 0.01558648
v -0.03197129 -0.01534547 0.01480906
v -0.03461067 -0.01135191 0.01508059
v -0.03503913 -0.01027109 0.01646695
v -0.03485639 -0.01069428 0.01237774
v -0.03481846 -0.01063656 0.01370754
v -0.03519732 -0.009489316 0.01155821
v -0.02974561 -0.01693742 0.01633893
v -0.02915787 -0.01717632 0.01358677
v -0.03549817 -0.008318933 0.01435835
v -0.02830129 -0.017748 0.01649008
v -0.02828432 -0.01754147 0.01160248
v -0.03530808 -0.008840553 0.01147305
v -0.03509282 -0.009874895 0.01481185
v -0.03614197 0.006465189 0.00139985
v -0.03599813 0.007877089 0.0002120323
v -0.03604914 0.00710105 0.002092816
v -0.03556434 -0.008123655 0.01168816
v -0.03553239 -0.007902199 0.01271795
v -0.03551058 -0.007920556 0.010944
v -0.03569926 -0.007030318 0.01025265
v -0.02595553 -0.0184348 0.01456913
v -0.03579905 -0.003066955 0.02533273
v -0.0357617 -0.005143769 0.02535151
v -0.0247836 -0.0185724 0.01448915
v -0.02669607 -0.01822711 0.01549768
v -0.03568501 -0.006958485 0.01341227
v -0.03595905 0.00768738 0.00388829
v -0.03605391 0.00603284 0.003231201
v -0.02752211 -0.01790147 0.0159714
v -0.03591058 0.008529359 0.002951726
v -0.03543229 -0.008399265 0.01562169
v -0.02514164 -0.01875126 0.01594524
v -0.02624462 -0.01847426 0.01718517
v -0.03599213 0.008643327 0.004302148
v -0.03547188 0.009866854 0.004602339
v -0.03568704 -0.007111233 0.0156336
v -0.02261556 -0.01905979 0.01561635
v -0.02323714 -0.01882967 0.01456454
v -0.03547335 -0.008610114 0.01653572
v -0.03532196 -0.009415347 0.01766844
v -0.03467076 -0.01118806 0.01806138
v -0.03443052 -0.01185417 0.01950543
v -0.03601643 0.007245189 0.005273405
v -0.03371286 -0.01317085 0.01935837
v -0.03769303 -0.009230215 0.03092962
v -0.03760276 -0.00819331 0.03111206
v -0.0379471 -0.008729002 0.03064815
v -0.03782864 -0.006727139 0.03096638
v -0.03808675 -0.007285243 0.03035808
v -0.03745634 -0.007029645 0.03117992
v -0.03724017 -0.008109722 0.03109445
v -0.0235213 -0.01889976 0.01704144
v -0.03589738 0.008252428 0.006026745
v -0.03668784 -0.009937577 0.03075881
v -0.03675794 -0.008200601 0.03044651
v -0.03724744 -0.009110831 0.03107237
v -0.03712369 -0.01043101 0.03106773
v -0.03572145 0.009282636 0.004942834
v -0.0380839 -0.005004592 0.03027482
v -0.03802728 -0.007595878 0.02910914
v -0.02154316 -0.01895066 0.01673741
v -0.03285022 -0.01423825 0.01988277
v -0.0335924 -0.01327963 0.02085478
v -0.03529131 0.01057334 0.005439248
v -0.03516533 0.01110635 0.004513543
v -0.03524077 -0.009604869 0.01907673
v -0.03789337 -0.004043838 0.03091806
v -0.03519147 -0.009960901 0.01993885
v -0.03005817 -0.01679821 0.01853992
v -0.0369941 -0.005666085 0.03099427
v -0.03686254 -0.006966172 0.03082339
v -0.03672261 -0.005659986 0.03051177
v -0.03463807 -0.01128842 0.02047224
v -0.03753315 -0.005200718 0.03120735
v -0.03189535 -0.0152722 0.0172835
v -0.03110825 -0.01585285 0.0179926
v -0.03185942 -0.01540843 0.01893854
v -0.03800175 -0.004200755 0.02914224
v -0.03554607 -0.007841161 0.01665768
v -0.02850407 -0.01767156 0.01826693
v -0.03425385 0.01307891 0.005338438
v -0.03791179 -0.003108878 0.02912644
v -0.03573756 -0.007289601 0.01711902
v -0.03565487 -0.006284915 0.01721631
v -0.03555365 -0.008225502 0.01868536
v -0.0265794 -0.01846051 0.01793612
v -0.03567767 -0.007452982 0.01860281
v -0.03789371 -0.001447303 0.02917547
v -0.03799776 -0.001892591 0.02944163
v -0.03802921 -0.002539549 0.03041625
v -0.03570435 -0.005781151 0.0194691
v -0.03764952 -0.002642814 0.03113855
v -0.03790975 -0.001374438 0.03088647
v -0.03575864 -0.003750544 0.01053913
v -0.03576344 -0.002894254 0.01116754
v -0.03587618 -0.00383825 0.009429146
v -0.03747498 -0.001655744 0.03131056
v -0.03266141 -0.01463174 0.01474104
v -0.03261894 -0.01462752 0.02095577
v -0.0303944 -0.01656942 0.02099459
v -0.03130603 -0.01581589 0.02071464
v -0.03693012 -0.004186958 0.03092507
v -0.03577561 -0.002419839 0.01334944
v -0.0334229 -0.01371191 0.02174188
v -0.03565881 -0.004001327 0.01372395
v -0.03669653 -0.002593018 0.03060344
v -0.03185028 -0.0154768 0.0222172
v -0.03576652 -0.004673671 0.01519005
v -0.03097304 -0.01610462 0.02261275
v -0.03763528 -0.004258079 0.03116607
v -0.03571836 -0.004549703 0.01736676
v -0.03581028 -0.00124884 0.01011747
v -0.03574775 -0.002193626 0.009334866
v -0.03582493 -0.001489369 0.01192876
v -0.03728783 -0.003131097 0.03123356
v -0.03594745 0.001024008 0.01007999
v -0.03588123 0.0004224796 0.009130489
v -0.03592538 -0.000424318 0.0106347
v -0.03690014 -0.001517978 0.03103094
v -0.0367144 -0.001404364 0.03055743
v -0.03574614 -0.002552819 0.01839344
v -0.03581448 -0.0009984039 0.01649056
v -0.03423113 -0.01231919 0.02206748
v -0.03514415 -0.01023203 0.0214045
v -0.03498375 -0.0107105 0.02242043
v -0.03299938 -0.01410154 0.02297818
v -0.03339744 -0.01359528 0.02242947
v -0.03540121 -0.008800495 0.02188082
v -0.0344757 -0.01197566 0.02267051
v -0.03494786 -0.01066711 0.02372428
v -0.03590848 -0.0004236363 0.02398408
v -0.03586623 -0.002641482 0.02439005
v -0.03572581 -0.004609445 0.01907832
v -0.03496481 -0.01605896 0.02907605
v -0.03593177 0.001165275 0.02394937
v -0.03348083 -0.01764514 0.02878886
v -0.03406556 -0.01709198 0.02969139
v -0.03149671 -0.01916372 0.02894434
v -0.03603182 0.003744544 0.007313725
v -0.035875 0.00273215 0.009489223
v -0.03610111 0.004295394 0.008804649
v -0.03595384 0.001747645 0.009109356
v -0.0359647 0.00100537 0.008018576
v -0.03591035 0.002680345 0.007751357
v -0.03600471 0.001861271 0.006964657
v -0.03262653 -0.0183283 0.0302511
v -0.03415693 -0.01674585 0.03049693
v -0.0357518 -0.004535876 0.02245491
v -0.03029553 -0.01991346 0.02979832
v -0.03156661 -0.01893464 0.03045283
v -0.03571595 -0.005617997 0.02315722
v -0.03065975 -0.01935467 0.03058372
v -0.03564555 -0.004778855 0.02344458
v -0.03249588 -0.01805102 0.03066937
v -0.03135455 -0.01851028 0.03064917
v -0.03560532 -0.006689889 0.02325062
v -0.0326675 -0.01749188 0.03068935
v -0.03585046 0.003010426 0.02355153
v -0.03598875 0.00437366 0.02304585
v -0.03587916 0.003615862 0.02208119
v -0.0359765 0.003089093 0.02502331
v -0.03591118 0.004333459 0.02437111
v -0.03600047 0.004624862 0.006848112
v -0.03595646 0.005304822 0.008027788
v -0.03604804 0.006482393 0.008680165
v -0.03597565 0.006198716 0.007591374
v -0.03611996 0.006214276 0.005057432
v -0.03593457 0.007678511 0.007382415
v -0.03598981 0.006055613 0.009688832
v -0.03600048 0.006929616 0.01096472
v -0.03566035 -0.003914591 0.01856598
v -0.03587288 0.00767755 0.00882094
v -0.03801617 -0.0007624459 0.0302969
v -0.0356069 -0.003909148 0.01998123
v -0.03800681 0.0008571651 0.02973966
v -0.03760624 -0.0006297287 0.0312019
v -0.03796588 0.0002461765 0.03079532
v -0.03588765 0.008484031 0.008736774
v -0.03716609 -0.0001119915 0.03121852
v -0.03765174 0.0006202906 0.03125391
v -0.03800886 0.00334459 0.03074429
v -0.03670081 0.0006317627 0.03074736
v -0.03707537 0.002081694 0.0311993
v -0.02382606 -0.01909499 0.02243988
v -0.03589105 0.001052484 0.02060841
v -0.03594881 0.00513398 0.01399572
v -0.03570677 -0.003260387 0.02286151
v -0.03584971 0.007458597 0.01289928
v -0.03571561 -0.001756672 0.02356153
v -0.03565871 0.009240104 0.01289493
v -0.03582425 0.001991807 0.02241698
v -0.03602641 0.006318622 0.01308874
v -0.03807202 0.004858766 0.03068175
v -0.03664973 0.004620633 0.03081206
v -0.03796645 0.005932639 0.02945645
v -0.03665472 0.005641037 0.0301538
v -0.03561575 0.009308285 0.007247973
v -0.03526593 0.01077001 0.007352993
v -0.03489893 0.01154446 0.00721271
v -0.0295729 -0.0203049 0.02920518
v -0.02862359 -0.0204346 0.02845777
v -0.0271676 -0.02103363 0.02890445
v -0.03563321 0.009408644 0.01012731
v -0.03542442 0.009969616 0.009650305
v -0.02520888 -0.02133385 0.02844991
v -0.03521486 0.01094597 0.009948328
v -0.02619326 -0.02128572 0.02966469
v -0.03483643 0.01173139 0.009642899
v -0.02327948 -0.02146573 0.02957879
v -0.01175793 -0.01929621 0.02455254
v -0.02315374 -0.02134141 0.02856211
v -0.03466878 0.01211387 0.006689999
v -0.02478904 -0.0211997 0.03014634
v -0.0240733 -0.02117387 0.0283085
v -0.02467922 -0.01995953 0.02992774
v -0.03395003 0.0134899 0.007936746
v -0.03345489 0.01430134 0.006311767
v -0.0329668 0.0149498 0.004208513
v -0.03480779 0.01199995 0.008071303
v -0.03301773 0.01480572 0.008009329
v -0.02893316 -0.02026549 0.03037308
v -0.0278293 -0.02087126 0.02956306
v -0.02691455 -0.02090515 0.0303895
v -0.0354449 0.009754436 0.01219399
v -0.02870502 -0.02002731 0.0306052
v -0.02761138 -0.02007374 0.03056431
v -0.02735462 -0.01954137 0.03005783
v -0.02828639 -0.01943195 0.03033782
v -0.02654729 -0.01998242 0.03032589
v -0.02910554 -0.01943189 0.03062663
v -0.03787313 0.00212995 0.03097667
v -0.03750058 0.002092907 0.03121356
v -0.03546597 0.009700896 0.01486129
v -0.03776647 0.003734753 0.03124312
v -0.02545393 -0.02075621 0.03055242
v -0.02548358 -0.01999314 0.03011547
v -0.03747949 0.004303206 0.03142342
v -0.03763805 0.005222125 0.0313785
v -0.03722659 0.003377238 0.03128737
v -0.02442295 -0.02099019 0.03044647
v -0.02359607 -0.02064456 0.03050611
v -0.02252908 -0.02015275 0.03013285
v -0.03798889 0.007315557 0.03045997
v -0.03782866 0.006709006 0.0312129
v -0.03743255 0.005673699 0.0314343
v -0.03326626 0.01454102 0.01041472
v -0.02162316 -0.02118967 0.02853399
v -0.03663439 0.005704651 0.03102198
v -0.0215385 -0.02137529 0.02967862
v -0.03354701 0.01404398 0.01177101
v -0.01895352 -0.02129404 0.0299065
v -0.03236597 0.01564321 0.01044436
v -0.03235466 0.01550961 0.01241
v -0.02052579 -0.02070976 0.03042532
v -0.01940631 -0.0209575 0.03039978
v -0.01912671 -0.02060755 0.03040881
v -0.03586422 0.005513848 0.0235771
v -0.01924165 -0.02004545 0.02994467
v -0.0359873 0.006574634 0.02293933
v -0.0358903 0.00504086 0.01661684
v -0.03577256 0.007795702 0.02370416
v -0.03589429 0.004604332 0.01934205
v -0.01751279 -0.02127967 0.02968328
v -0.03588902 0.003623188 0.02024474
v -0.01537354 -0.02132031 0.02972376
v -0.0170362 -0.02119563 0.03016978
v -0.01593448 -0.02110859 0.03034288
v -0.03569158 0.008709084 0.02438028
v -0.03602231 0.006143524 0.01731855
v -0.01803878 -0.02089319 0.03046546
v -0.0359976 0.006716685 0.0182888
v -0.03548794 0.0092178 0.02377518
v -0.01765154 -0.0205966 0.03041128
v -0.01687235 -0.02086084 0.03041207
v -0.01626829 -0.02059966 0.03036761
v -0.03588502 0.00710917 0.01717927
v -0.03578817 0.008430431 0.01635928
v -0.03581936 0.008614634 0.01781338
v -0.03549055 0.0096616 0.01750546
v -0.03597238 0.004556722 0.02044259
v -0.03531903 -0.008625451 -0.002580153
v -0.03595348 0.005220668 0.02186334
v -0.03599474 0.005857006 0.02035424
v -0.03072883 0.0167977 0.0196609
v -0.03185704 0.01583214 0.02002177
v -0.0356597 -0.006715899 -0.001979603
v -0.03577356 -0.005975246 -0.003155567
v -0.03573227 -0.006795345 -0.001156718
v -0.03580878 -0.005208883 -0.001446309
v -0.03576554 -0.005300751 0.0002158266
v -0.03583873 0.007988868 0.01916396
v -0.0358909 0.007870182 0.02163488
v -0.03587829 -0.004815299 -0.002895845
v -0.03565956 0.009121907 0.01956654
v -0.03569426 0.009115315 0.02099716
v -0.03522948 0.01083617 0.01866532
v -0.03536021 0.010223 0.02143327
v -0.03576497 -0.006568592 0.00106125
v -0.0352535 0.01070129 0.01493594
v -0.03463781 0.01215988 0.01408453
v -0.03587351 -0.0045611 3.784709e-05
v -0.03593248 -0.002879521 -0.0009611975
v -0.035268 0.01087087 0.01723957
v -0.03489842 0.01141335 0.01612759
v -0.03452757 0.01238064 0.01629388
v -0.03422406 0.01306074 0.01502353
v -0.03677591 -0.01299278 0.02909124
v -0.03768332 -0.01061355 0.02928671
v -0.03373696 0.0138641 0.01387663
v -0.0358594 -0.0119744 0.03012937
v -0.03304218 0.01475522 0.01279491
v -0.03708215 -0.01234248 0.03020209
v -0.03683616 -0.01247913 0.03076605
v -0.03751214 -0.01087395 0.03058378
v -0.03636673 -0.01241456 0.03098084
v -0.03685955 -0.01144795 0.03099992
v -0.03792072 -0.009389933 0.02956833
v -0.03665488 -0.01095878 0.03096011
v -0.03631099 -0.01112394 0.0306756
v -0.03606366 -0.01444985 0.03016414
v -0.03585977 -0.00488635 0.00486064
v -0.03524053 -0.01563318 0.03018861
v -0.03503546 -0.01562975 0.03066163
v -0.03552338 -0.01478691 0.0307529
v -0.0361606 -0.01403119 0.03059047
v -0.03600584 -0.01352388 0.03092086
v -0.03352839 -0.0169954 0.03068776
v -0.0348899 0.01156512 0.0182263
v -0.03588222 -0.002325024 0.005023133
v -0.03566517 -0.01300518 0.03071837
v -0.03412378 0.01323214 0.01721312
v -0.0358367 -0.003333602 0.005743165
v -0.03572591 -0.004058965 0.006975252
v -0.03597846 -0.001964701 0.004293066
v -0.03595863 -0.0008041207 0.004996754
v -0.03105272 0.01647725 0.02458496
v -0.03621265 -0.01189032 0.03092574
v -0.03554895 -0.007902909 0.009730421
v -0.03479522 0.01174297 0.02081064
v -0.03381254 0.01370724 0.01856818
v -0.03572538 0.008866875 0.02323299
v -0.0335888 0.01395448 0.01755754
v -0.03582049 -0.003206963 0.008491125
v -0.03509026 0.01088406 0.02256492
v -0.03540584 0.01023515 0.0234142
v -0.03586235 -0.002089195 0.008039609
v -0.03586515 -0.001663227 0.006856505
v -0.03590881 -0.0002143569 0.005452171
v -0.03593628 -0.0006137509 0.007397711
v -0.03052417 0.01699269 0.01796006
v -0.03187812 -0.01472326 0.001230255
v -0.02857567 0.01792432 0.02417979
v -0.0294114 0.01752012 0.02283407
v -0.03602495 0.004427424 -0.006271081
v -0.03793037 0.008741169 0.02946774
v -0.0379242 0.009310223 0.03046061
v -0.03782412 0.008710868 0.03094753
v -0.03757036 0.01019689 0.03120237
v -0.02904456 -0.01690379 0.003998615
v -0.03605012 0.005474491 -0.004264399
v -0.03717915 0.01201325 0.02960408
v -0.03744406 0.01140747 0.03089638
v -0.0370937 0.01165923 0.03140719
v -0.03647647 0.01344619 0.03113968
v -0.03665175 0.01338127 0.03056651
v -0.03608228 0.006148548 -0.00144287
v -0.03600044 0.01438905 0.02939884
v -0.03251085 -0.01399712 0.0006941725
v -0.0358164 0.01491921 0.03057002
v -0.03541155 0.01547009 0.02968295
v -0.03586441 -0.001274407 -0.002314426
v -0.03594607 -0.0004962459 -0.001215408
v -0.03301336 -0.01339724 0.001795331
v -0.03586238 0.0002675354 -0.001225024
v -0.03598657 0.006943696 -0.007193109
v -0.0359819 0.006040137 -0.005589947
v -0.02915622 -0.01694995 0.007247418
v -0.03594266 0.00688307 -0.005580882
v -0.0302904 -0.01627633 0.008305188
v -0.03583161 0.009448494 -0.008552045
v -0.03550435 0.01022006 -0.008687848
v -0.03578797 0.009413164 -0.007584574
v -0.03664573 0.007000673 0.03080939
v -0.03681717 0.007314225 0.03116518
v -0.03533949 0.01093744 -0.006784651
v -0.03486526 0.01207553 -0.007606581
v -0.03649821 0.008861795 0.03079843
v -0.03731843 0.007167001 0.03135521
v -0.03484508 -0.01039925 0.00558196
v -0.03750685 0.009143893 0.03138565
v -0.03716831 0.008759671 0.03141474
v -0.03605687 0.00737039 -0.001235025
v -0.03598173 0.008594655 -0.00284862
v -0.03655498 0.009221114 0.03115033
v -0.03565207 0.009673302 -0.001739968
v -0.03588621 0.008658659 -0.001146497
v -0.03613292 0.01091816 0.03085594
v -0.03649683 0.01104034 0.03133653
v -0.036974 0.01054184 0.03147199
v -0.0352672 0.01096757 -0.004873885
v -0.02747152 -0.01770256 0.004336972
v -0.0346279 0.01241925 -0.00704002
v -0.03451036 0.01273323 -0.004695514
v -0.03504777 0.01152303 -0.002248233
v -0.03460794 0.01235576 -0.003985878
v -0.03534872 0.01312225 0.03117487
v -0.03601246 0.001606565 0.004554007
v -0.03600614 0.0006212741 0.00525305
v -0.03578561 0.01327932 0.03153959
v -0.03570777 0.01433193 0.03143488
v -0.03602948 0.005245185 0.002052564
v -0.03604151 0.004269397 0.003356434
v -0.0358918 0.003187669 0.004962105
v -0.03594509 0.002002116 0.005739182
v -0.03460732 0.01454309 0.03117234
v -0.03591028 1.370907e-06 0.0071548
v -0.03597937 0.003995283 0.005380828
v -0.0346991 0.01646766 0.03087239
v -0.03321852 0.01806636 0.02996627
v -0.03300859 0.01636346 0.03095636
v -0.03599048 0.005052939 0.004058935
v -0.03098127 -0.01561072 0.008550745
v -0.03286609 0.01811217 0.02941613
v -0.03174351 -0.01526392 0.008986771
v -0.03596181 0.008767878 0.0005447511
v -0.03573248 0.009498923 0.001044409
v -0.03143251 0.0191132 0.02949536
v -0.03543936 0.01013027 -0.001117455
v -0.03125135 -0.01568552 0.01010439
v -0.03201629 0.01895292 0.02980365
v -0.03075883 -0.01590273 0.009996977
v -0.03528482 0.01080137 -0.0002841465
v -0.03100368 -0.01571124 0.01191947
v -0.03433707 0.01305836 -0.002547728
v -0.03519489 0.01466416 0.03155551
v -0.03459205 0.01499622 0.03147183
v -0.03491316 0.01579896 0.0313069
v -0.03382109 0.01573683 0.03136962
v -0.0340963 0.0164563 0.03158031
v -0.03338392 0.01704076 0.03152094
v -0.03260009 0.01712741 0.03125552
v -0.03377974 0.01715413 0.03124924
v -0.03297846 0.01794796 0.03128058
v -0.03260138 0.01789467 0.03155424
v -0.0312685 0.01951161 0.03071427
v -0.031704 0.01889329 0.03123965
v -0.03172716 0.01846581 0.03147692
v -0.0305893 0.01871965 0.03136583
v -0.03091942 0.01924583 0.03150366
v -0.03004543 0.01953223 0.03156048
v -0.0323267 -0.01478902 0.01374576
v -0.03506717 -0.009868294 0.009697095
v -0.02941425 -0.01692615 0.01023291
v -0.03028689 -0.01638564 0.01222843
v -0.02208203 -0.01890085 0.01459377
v -0.0196503 -0.01862391 0.01399228
v -0.02049003 -0.01884343 0.01489869
v -0.01955723 -0.01890606 0.0148562
v -0.01780848 -0.01869028 0.01404328
v -0.01875354 -0.0187574 0.01475144
v -0.0177852 -0.01889255 0.01525149
v -0.02166298 -0.01887622 0.01588206
v -0.01939036 -0.0188556 0.01632247
v -0.01780058 -0.01884974 0.0162758
v -0.0188692 -0.0189077 0.01747677
v -0.01555352 -0.0186404 0.01414764
v -0.01708933 -0.01882969 0.0155859
v -0.01606761 -0.01887195 0.01530352
v -0.01410163 -0.01880008 0.0147918
v -0.01458545 -0.01884378 0.01573194
v -0.01349925 -0.01875993 0.01569473
v -0.01286865 -0.01875239 0.01478234
v -0.01166324 -0.01865369 0.01517357
v -0.01111362 -0.01866372 0.0144294
v -0.008983176 -0.01863982 0.0153593
v -0.01329747 -0.01874397 0.01712139
v -0.01077059 -0.01873804 0.01660852
v -0.0121391 -0.01876352 0.01789569
v -0.01689131 -0.01871411 0.01709305
v -0.01571163 -0.01883688 0.01681094
v -0.01441747 -0.01872435 0.01704359
v -0.01349905 -0.01883731 0.01834079
v -0.01107168 -0.01877938 0.01820273
v -0.0101503 -0.01879465 0.01902389
v 0.01881209 -0.01968378 0.02808725
v 0.01929342 -0.01917842 0.02784793
v 0.01819821 -0.01933477 0.02785413
v 0.02056333 -0.01977216 0.02817279
v 0.005472831 -0.004025087 0.02880844
v 0.005270112 -0.005407581 0.02888889
v 0.005830122 -0.004878689 0.02914058
v -0.003667707 -0.02044973 0.02811119
v -0.004941875 -0.02116185 0.02856663
v -0.005193194 -0.02041242 0.02808017
v -0.003171604 -0.0211345 0.02851031
v 0.005957978 -0.003466727 0.02913189
v -0.01353446 -0.02102748 0.02839763
v -0.003520533 -0.02019951 0.02725377
v 0.0197235 -0.01999867 0.0288276
v 0.02099436 -0.01999677 0.02883878
v -0.004798412 0.001258457 0.02742243
v -0.003686145 -0.0001545623 0.02736619
v -0.003752222 0.00167677 0.02730193
v -0.005868953 -0.01975168 0.02818476
v -0.003942879 -0.01984643 0.02843017
v -0.005435621 -0.01945131 0.02782222
v -0.003891153 -0.01946893 0.02781322
v -0.01296519 -0.02047251 0.02794982
v 0.01783242 -0.01813081 0.02783792
v 0.02033785 -0.01824393 0.02791148
v -0.01198548 -0.02125018 0.02850473
v -0.001908399 -0.0001434796 0.02725606
v -0.002771944 0.0007985905 0.02725321
v -0.01141755 -0.0204704 0.02805626
v 0.02093278 -0.01938478 0.02790827
v -0.01075494 -0.02123049 0.02847594
v -0.007514469 -0.01938383 0.02773294
v -0.007049453 -0.0198488 0.02839394
v 0.02202318 -0.01837816 0.02794264
v 0.02224654 -0.01927596 0.02793978
v -0.005294174 -0.01994713 0.02941251
v -0.009627968 -0.02047738 0.02804764
v -0.0008180533 -0.0005841199 0.02725503
v -0.001609541 -0.001596935 0.02734947
v -0.01147768 -0.02137485 0.02935887
v -0.01399009 -0.02127782 0.0287889
v -0.006897848 -0.01997121 0.029622
v -0.01351383 -0.01991236 0.02846139
v -0.01219371 -0.01992913 0.02883105
v 0.02050685 -0.01977055 0.02637978
v 0.02187327 -0.01897244 0.0251655
v 0.02347802 -0.02013569 0.02691124
v -0.002445145 0.002650533 0.02736065
v -0.006941609 -0.02018325 0.03003081
v -0.005848531 -0.02015924 0.02990679
v 0.02348032 -0.01914955 0.02550675
v -0.002823016 -0.01995072 0.02949617
v -0.002712214 -0.0197764 0.02834031
v -0.001909744 -0.02046867 0.02812942
v -0.0007393621 0.001764756 0.02733592
v -0.001452345 -0.02102193 0.02851427
v 0.02057352 -0.02017535 0.02708694
v -0.005476603 -0.01854126 0.01291441
v 0.0007553771 0.001167096 0.02730869
v -0.007063903 -0.01865932 0.01449789
v -0.003050668 -0.02101504 0.03038862
v -0.004336882 -0.02112019 0.03023977
v -0.003074577 -0.02131751 0.02977358
v -0.004296139 -0.02072475 0.0303631
v -0.0009697825 0.003647607 0.02742323
v -0.002776386 -0.02067685 0.0304219
v -0.004135383 -0.02013544 0.02995897
v 0.0009998847 0.003248658 0.02740105
v 0.02494273 -0.02018717 0.0270918
v 0.02504949 -0.01940883 0.02609744
v -0.005592884 -0.01855049 0.01415373
v -0.004535452 -0.01889431 0.0276945
v -0.006078005 -0.01896457 0.02769669
v -0.006383691 -0.0002851989 0.02735443
v -0.005113058 -0.0168474 0.02761803
v -0.002869228 -0.01728485 0.02764595
v -0.005865451 0.002597611 0.02749018
v -0.006459951 -0.01839584 0.008972
v 0.02199701 -0.02051234 0.02809921
v 0.02045553 -0.02046746 0.02806354
v -0.002480855 -0.01929615 0.02774281
v -0.00368919 -0.01833591 0.008820981
v 0.02248826 -0.01972866 0.02819733
v -0.004300578 0.003083456 0.02736772
v -0.00567336 0.00433762 0.02761625
v 0.02335065 -0.02049011 0.02812628
v 0.02272762 -0.02123867 0.02835822
v -0.00458952 -0.0184127 0.01070816
v 0.02335618 -0.01992748 0.02858239
v -0.004825521 0.00485616 0.02751043
v 0.02470564 -0.02048005 0.02812191
v 0.02373086 -0.01939768 0.0279419
v -0.006676845 -0.01810257 0.02768097
v -0.002554489 0.004406597 0.02744987
v -0.002441466 -0.01835288 0.01002333
v -0.003656711 0.005494761 0.02753471
v 0.02458639 -0.01959957 0.02813358
v 0.02426434 -0.01994221 0.02874953
v -0.00457475 0.006429288 0.02761545
v -0.005424762 -0.01439506 0.02748967
v -0.002738848 -0.01430466 0.02748513
v -0.004111331 -0.01971256 0.02633257
v -0.0007437747 -0.02016673 0.02718167
v -0.003881974 0.007315733 0.02766483
v -0.001289841 0.006362254 0.02758963
v 0.023978 -0.02023329 0.02998979
v 0.02278199 -0.02012241 0.02973976
v -0.0005077887 -0.02043373 0.0280963
v -0.001830097 -0.01843274 0.01211085
v -0.00138811 -0.01976961 0.02825446
v -0.0002097972 -0.01955313 0.02789474
v 0.02621 -0.02032708 0.0280614
v 0.02663792 -0.01995679 0.02705689
v -0.0001289248 -0.01907481 0.02770722
v 0.001032216 -0.01832674 0.01064592
v 0.02809293 -0.01989077 0.02805262
v 0.02656473 -0.02084685 0.02838855
v 0.02572452 -0.01969656 0.02870447
v -0.004113622 0.008731049 0.02792304
v 0.02594789 -0.01929533 0.02806578
v -0.004985996 0.009262851 0.02804055
v 0.02568057 -0.01995407 0.02978683
v 0.0002733357 -0.02117317 0.02858108
v 0.0007350184 -0.02041793 0.02807746
v 0.02577502 -0.02071653 0.03040358
v 0.0254866 -0.02120379 0.03026009
v 0.02732411 -0.02065809 0.03025462
v 0.00108628 -0.01982544 0.02834981
v 0.02578675 -0.02025505 0.0302181
v 0.02690982 -0.02021405 0.03032803
v 0.02763021 -0.01976307 0.03018647
v 0.02752911 -0.01948542 0.02968555
v 0.0008846447 0.005293699 0.02751272
v 2.542324e-05 -0.02005573 0.02954439
v 0.02358771 -0.01838606 0.01497803
v -0.003671158 -0.01854651 0.01405287
v 0.0001748782 -0.01785744 0.02769528
v 0.02072934 -0.01834815 0.01486539
v 0.02248427 -0.01838588 0.01617086
v -0.001326578 -0.01640095 0.02759971
v 0.02579772 -0.01818779 0.01469287
v 0.02160978 -0.01849517 0.01680475
v 0.02114147 -0.01854005 0.01822656
v 0.02054532 -0.0184237 0.01658788
v 0.0002560895 -0.001116447 0.02725626
v 0.001183728 -0.00309105 0.02721318
v 0.002372146 -0.0006589107 0.02727258
v 0.001573363 -0.01929437 0.02774855
v 0.003296833 -0.003246298 0.02722985
v -0.00187025 -0.01852547 0.01388583
v 0.02132917 -0.01863801 0.02023419
v 0.01991051 -0.01856446 0.01913958
v 0.02301483 -0.0186036 0.01943581
v 0.002572278 -0.01755762 0.02765069
v -0.002757683 -0.01844593 0.01519376
v 0.02025062 -0.01871853 0.02135913
v -0.007209934 -0.01273705 0.02741741
v -0.007144634 -0.01530421 0.02753524
v -0.008797385 -0.01402181 0.02748214
v 0.001338709 -0.01839545 0.01235428
v 0.02232899 -0.01873514 0.02136625
v 0.02619956 -0.01825649 0.01928736
v 0.02434662 -0.01843427 0.01832685
v 0.02577969 -0.01823043 0.01748772
v 0.003200181 -0.01831347 0.0109161
v 0.02708489 -0.01792512 0.01698709
v 0.003142184 -0.01841379 0.01369473
v 0.002781754 0.001896398 0.0273539
v 0.00453602 -0.001932748 0.02728817
v 0.02581443 -0.01839703 0.02074403
v 0.02406653 -0.01865849 0.02064746
v 0.02467986 -0.0184388 0.01978015
v 0.004943393 -0.002828781 0.02719825
v -0.003889332 -0.01257319 0.0273988
v 0.02453742 -0.01861493 0.02213189
v 0.005668761 -0.001818489 0.02720772
v 0.006093288 -0.00274545 0.02723835
v -0.005460089 -0.01092937 0.02739594
v 0.005761718 -0.002872992 0.02817432
v 0.006342873 -0.002246473 0.02925431
v 0.006375106 -0.003393702 0.02931982
v 0.005187517 -0.0002766978 0.027332
v -0.002500607 -0.01099633 0.02735972
v 0.005911089 -0.01827781 0.01085744
v -0.004195502 -0.01037596 0.02740481
v 0.004468348 0.001117531 0.02738505
v -0.002777236 -0.009571258 0.02728498
v 0.001933608 -0.01905909 0.02518764
v 0.001839815 -0.01902455 0.0237616
v 0.002980864 -0.01909564 0.02421331
v 0.03437366 -0.01185744 0.01568844
v 0.03496175 -0.01038301 0.01470282
v 0.006795125 -0.001689974 0.02735889
v 0.006462971 -0.0003877282 0.02727827
v 0.007189354 -0.001153637 0.02725161
v 0.007752301 -0.01828268 0.01215661
v -0.0007690806 -0.01414061 0.02747418
v 0.03527477 -0.009729037 0.01717116
v 0.03425133 -0.0122486 0.01763619
v 0.005269472 -0.01834375 0.01228452
v 0.03479266 -0.01109434 0.01846435
v 0.004586978 0.002890443 0.0274446
v 0.006734576 -0.01836605 0.01355969
v 0.03444128 -0.01213136 0.0200589
v 0.00313651 0.004352747 0.02747428
v -0.0004089866 -0.01850669 0.01450203
v 0.03552793 -0.00937286 0.02011525
v 0.03435736 -0.01226348 0.02099949
v 0.03512933 -0.01059825 0.02076753
v 0.03450276 -0.01192155 0.02247698
v 0.005032208 0.004806516 0.02752503
v 0.00100502 -0.01848369 0.01449801
v 0.006051613 0.001827063 0.02726184
v -0.001557199 -0.01859494 0.01614415
v 0.02125299 -0.01880309 0.02264988
v 0.01959515 -0.01878303 0.02247209
v -0.0004532002 -0.01853718 0.01603637
v 0.000950411 -0.01854462 0.01635157
v 0.00726999 1.366995e-05 0.02712281
v 0.007985882 -0.0001377724 0.02708696
v 0.006895641 0.001258697 0.0271943
v 0.0005997345 -0.0156513 0.02756238
v 0.002728755 -0.0185125 0.01608624
v 0.007730354 0.0009559188 0.0271815
v 0.02374519 -0.01876893 0.02250048
v 0.008843187 0.001478778 0.02727023
v 0.008183127 0.002209552 0.02733991
v 0.003954295 -0.01845497 0.01505971
v 0.005466454 -0.01842586 0.01445544
v 0.005322089 -0.01837569 0.0150899
v 0.02504599 -0.01869823 0.02348269
v 0.02626747 -0.01846771 0.02395148
v 0.02557068 -0.01860378 0.02490611
v 0.02452372 -0.01875394 0.02508894
v 0.0231927 -0.01893352 0.02494139
v 0.02582224 -0.01871528 0.02541351
v 0.006697593 0.003257962 0.02727859
v 0.001979053 -0.0155098 0.02754292
v 0.003801582 -0.01848871 0.01641624
v 0.0194116 -0.01667682 0.02787359
v 0.00649818 0.004733608 0.02737671
v 0.004926952 -0.01853861 0.01668146
v 0.001804054 -0.01367376 0.02746651
v 0.01050392 -0.01171742 0.02737011
v 0.0104174 -0.01238152 0.02770067
v 0.01159642 -0.01278569 0.02769235
v 0.01171794 -0.01196373 0.02746656
v 0.01160031 -0.01057791 0.02738799
v 0.006586095 -0.01846826 0.01575371
v 0.02400202 -0.01811495 0.02800225
v 0.023254 -0.01687909 0.02798407
v 0.0213135 -0.01659152 0.02799368
v 0.02220362 -0.01642535 0.02814405
v -0.007975504 -0.01859947 0.01464087
v 0.005935162 -0.01107367 0.02746668
v 0.005039129 -0.01120572 0.02734807
v 0.006444426 -0.01196169 0.02739595
v 0.005575571 -0.01047143 0.02743896
v 0.006320739 -0.0116837 0.02782399
v 0.02311683 -0.01632098 0.02847129
v 0.004832206 -0.009598346 0.02729128
v -0.0002885554 -0.01203592 0.02737928
v 0.005319752 -0.009688511 0.02778676
v 0.02545814 -0.01857268 0.02800815
v -0.005691178 -0.01865738 0.01622484
v -0.007211853 -0.01870072 0.01610017
v 0.006440124 -0.011359 0.02854231
v 0.006827684 -0.01251028 0.02751388
v 0.007567659 -0.01262527 0.02856831
v 0.008372573 -0.01015753 0.02735354
v 0.007824609 -0.01050722 0.02728292
v 0.008117609 -0.01066481 0.02771708
v -0.008921184 -0.01868185 0.01619941
v 0.025377 -0.01718112 0.02799562
v 0.007802634 -0.01058241 0.0275423
v 0.007656891 -0.009853901 0.02749855
v 0.007658832 -0.009932425 0.02766531
v -0.008535679 -0.01872378 0.01753824
v 0.007871237 -0.01081053 0.0285512
v 0.007157177 -0.008525092 0.02721227
v 0.007068101 -0.009081887 0.02770621
v -0.006211679 -0.0186707 0.01713067
v 0.006663095 -0.00800108 0.02742487
v 0.008521305 -0.008738128 0.02725227
v 0.005474778 -0.009672405 0.02858624
v 0.02577645 -0.0167228 0.02840729
v 0.007162334 -0.01152715 0.02890195
v 0.006310262 -0.01043088 0.0288741
v -0.008896232 -0.01901433 0.02239554
v -0.009986375 -0.01890779 0.02089695
v -0.008273356 -0.01885466 0.02007542
v 0.006879073 -0.01002501 0.02897008
v -0.007291373 -0.01891963 0.02171623
v -0.00766249 -0.01873653 0.01904007
v -0.006996933 -0.01887786 0.02033314
v 0.007657263 -0.01135934 0.02890326
v -0.006146137 -0.01877035 0.02003684
v 0.02450535 -0.01350246 0.02786474
v 0.02600546 -0.01410927 0.02780408
v 0.02511131 -0.01323055 0.02765622
v 0.02573893 -0.01323992 0.02769682
v 0.005080272 -0.009095633 0.02744056
v 0.004574243 -0.008376591 0.02735033
v -0.004106179 -0.01888488 0.0210644
v -0.0008706264 -0.009781977 0.02730073
v 0.02643177 -0.01325772 0.02801795
v 0.02670542 -0.01387106 0.02836525
v -0.005423525 -0.01903484 0.02252471
v 0.005056147 -0.007991549 0.02848661
v 0.004812067 -0.007989639 0.02773864
v 0.005830696 -0.008861763 0.02891944
v -0.004330169 -0.01875059 0.01983634
v 0.005311834 -0.007328765 0.02890047
v 0.006491687 -0.008976446 0.02896545
v 0.006182279 -0.007865049 0.02899884
v 0.001277182 -0.01146886 0.02734837
v 0.0008327011 -0.01007374 0.02731886
v 0.02688391 -0.01894768 0.02605087
v 0.02698109 -0.01821593 0.02510877
v 0.006697316 -0.007468317 0.02874356
v 0.00698884 -0.008647235 0.02865476
v 0.007178878 -0.009327851 0.02852711
v 0.02834959 -0.01768779 0.0252402
v -0.004151396 -0.01910648 0.02370742
v -0.002283458 -0.01902562 0.02295668
v -0.001985496 -0.01888169 0.02137706
v 0.02913717 -0.01870592 0.02652189
v 0.02920065 -0.01795354 0.02605941
v -0.0003567282 -0.01891261 0.0223741
v -0.0002528522 -0.01872969 0.02053212
v 0.009216456 -0.01229938 0.02861946
v 0.009352703 -0.01190142 0.02744737
v 0.008496603 -0.01113 0.02800024
v 0.008979959 -0.01096411 0.02741686
v 0.008810107 -0.01252438 0.02891718
v 0.008826975 -0.01312642 0.02886849
v -0.0004369263 -0.01915685 0.02455611
v 0.001122897 -0.01892747 0.02249911
v 0.03152905 -0.0179565 0.02699342
v 0.03018345 -0.01876279 0.02709999
v 0.0303095 -0.0168152 0.02343044
v 0.03087881 -0.01639459 0.02117595
v 0.03112416 -0.01630821 0.02295894
v 0.01029782 -0.01276534 0.02856456
v 0.00400072 -0.01414343 0.02749058
v 0.01153415 -0.01333946 0.02873189
v 0.003138024 -0.0121868 0.02740164
v 0.03136641 -0.01648874 0.02485605
v 0.01005262 -0.01323958 0.02890619
v 0.0005158018 -0.01875573 0.01880318
v -0.0009836927 -0.01867305 0.01789425
v -0.0001903642 -0.01856731 0.01735406
v -0.0007622093 -0.01860921 0.01922857
v 0.02959415 -0.01699169 0.02497365
v 0.03089196 -0.01660914 0.02574616
v 0.009864472 -0.01096727 0.02725215
v 0.01000713 -0.01000693 0.02735339
v 0.01085367 -0.0102397 0.02722162
v 0.003186489 -0.01860973 0.01821144
v 0.00259752 -0.0185249 0.01829471
v 0.03138165 -0.015837 0.02237451
v 0.03181168 -0.01546688 0.02389063
v 0.009669509 -0.008303542 0.02737571
v 0.003109923 -0.01042403 0.0273401
v 0.002040286 -0.0186443 0.01949543
v 0.002783759 -0.01875031 0.02050977
v 0.007147279 -0.006816408 0.02732326
v 0.007680574 -0.007287499 0.02729569
v 0.00296895 -0.01882549 0.02197214
v 0.008306347 -0.007887146 0.02705654
v 0.004254602 -0.01867558 0.01971162
v 0.004994046 -0.01860708 0.020661
v 0.02841671 -0.01948306 0.0270082
v 0.008013675 -0.006079461 0.0273351
v 0.009632442 -0.006543351 0.02715207
v 0.009352984 -0.005395902 0.02728306
v 0.006965917 -0.006942933 0.02742216
v 0.00692161 -0.007708821 0.02777851
v 0.006906984 -0.006319476 0.02737717
v 0.009840079 -0.01826579 0.01168574
v 0.006700013 -0.006124483 0.02861102
v -0.01179361 -0.02013656 0.02981822
v -0.01023475 -0.01985076 0.02840899
v 0.00713153 -0.005702555 0.02722604
v 0.00683908 -0.005424023 0.02738335
v 0.008784357 -0.01835888 0.0139427
v 0.007279927 -0.004996782 0.02725695
v -0.0119757 -0.01808115 0.02767219
v 0.007052107 -0.005047554 0.02760152
v 0.007019822 -0.004391411 0.02743183
v 0.01080463 -0.01837326 0.0140662
v -0.009862974 -0.01997699 0.02972119
v 0.02752556 -0.01904575 0.02815177
v 0.02859459 -0.01834641 0.02804145
v 0.02749985 -0.01844157 0.02800354
v -0.009449206 -0.02117821 0.03034089
v -0.00795963 -0.0213205 0.02987764
v -0.007786456 -0.02094865 0.03034066
v 0.02900606 -0.01867021 0.02847504
v 0.01134316 -0.008947128 0.0273046
v -0.01085738 -0.01449603 0.0275194
v 0.01236204 -0.008916885 0.02726115
v 0.01331931 -0.01007637 0.02746271
v -0.009710304 -0.01629632 0.02759932
v 0.01179807 -0.007186592 0.02739106
v 0.0271911 -0.01941946 0.02864992
v 0.02693077 -0.01776319 0.02813868
v 0.01308556 -0.01832244 0.01354897
v 0.01068867 -0.006027129 0.02731125
v 0.0121038 -0.018411 0.01556237
v 0.01325601 -0.01259572 0.02737863
v 0.01282457 -0.01314589 0.0275987
v 0.01446113 -0.01838291 0.01561845
v 0.01333902 -0.01349842 0.02879743
v 0.007626586 -0.01842555 0.01552255
v 0.02631151 -0.0170987 0.02807341
v 0.01357315 -0.01427236 0.02899405
v 0.01291214 -0.01488745 0.02866082
v 0.01516342 -0.01468448 0.02899834
v -0.009514958 -0.01154153 0.02744221
v 0.01464651 -0.01287536 0.02754752
v 0.02693648 -0.01693806 0.02841805
v 0.01426025 -0.01320731 0.02868778
v 0.01526427 -0.01358162 0.02906523
v 0.02807302 -0.01678228 0.0283827
v 0.01317661 -0.01147902 0.02748257
v 0.008534584 -0.0184166 0.01630141
v 0.02607513 -0.01640687 0.02903727
v 0.01397845 -0.01189867 0.02734185
v 0.01021735 -0.01842934 0.01593833
v 0.02750588 -0.01640923 0.02920828
v 0.0141693 -0.01034954 0.02744229
v 0.007094771 -0.01839622 0.01645466
v 0.02830956 -0.01724924 0.02803434
v 0.00657242 -0.01853388 0.01716021
v 0.007980797 -0.01850965 0.01727678
v 0.01490301 -0.01155474 0.02737138
v 0.01570484 -0.01245828 0.02764171
v 0.0104322 -0.01852511 0.0171457
v 0.02961284 -0.01734438 0.0279459
v 0.01560437 -0.01281155 0.02856845
v 0.009080134 -0.01851427 0.0185139
v -0.01002845 -0.01008097 0.02757215
v 0.01552716 -0.01552086 0.02813347
v 0.01575785 -0.01602448 0.02778439
v 0.01749833 -0.0158607 0.02802814
v 0.02965748 -0.01925618 0.02805485
v 0.01682769 -0.01530414 0.02873069
v 0.0151222 -0.01516978 0.02864596
v 0.01388938 -0.01541097 0.02793
v -0.008727252 -0.009706246 0.02754533
v 0.03081811 -0.01865251 0.02811576
v -0.007836848 -0.01076568 0.02734227
v 0.01645063 -0.01465546 0.02909023
v 0.01683737 -0.01294169 0.02907535
v 0.03018061 -0.01986359 0.0285599
v 0.01874846 -0.01559467 0.0287334
v 0.01804455 -0.01496314 0.02911367
v 0.03037756 -0.01749123 0.02809121
v 0.01466861 -0.01862589 0.0184604
v 0.01493062 -0.0185582 0.01911982
v 0.01325159 -0.01851488 0.01888977
v 0.01639852 -0.01859591 0.01922223
v 0.01578803 -0.01846518 0.01809887
v 0.0177889 -0.01851847 0.01834812
v 0.03012992 -0.01833986 0.02879285
v 0.03100867 -0.01755723 0.0286945
v 0.01588342 -0.01863601 0.02006862
v 0.01678917 -0.01232098 0.02878432
v 0.01680719 -0.01179229 0.02775694
v 0.02969664 -0.0187041 0.02956605
v 0.02828329 -0.02008336 0.03036208
v 0.0294868 -0.01967653 0.03034344
v 0.01818295 -0.01860354 0.01928082
v 0.02840675 -0.01932699 0.02999226
v 0.005748991 -0.01855721 0.01848923
v 0.01813723 -0.01292061 0.02916284
v 0.007394873 -0.01870496 0.0203131
v 0.006434722 -0.0186267 0.01957211
v 0.007906398 -0.01856967 0.02016319
v 0.007556971 -0.01869954 0.0211336
v 0.01795531 -0.01178595 0.02906455
v 0.008700673 -0.01866063 0.02122477
v 0.0318526 -0.01725538 0.02978984
v 0.03196033 -0.01706124 0.02899658
v 0.02963819 -0.01647294 0.02822918
v 0.009691177 -0.0186148 0.02021894
v 0.01099076 -0.01850564 0.01877157
v 0.01091853 -0.01862398 0.0208961
v 0.01394679 -0.007764412 0.02742401
v 0.02876516 -0.01626091 0.02924032
v 0.02847894 -0.01586101 0.02942488
v 0.02958275 -0.01597512 0.02931153
v 0.01544176 -0.0100279 0.02748297
v 0.009569515 -0.0187636 0.02239781
v -0.007364441 -0.008601382 0.02737881
v 0.02873565 -0.01321535 0.02833798
v 0.02837584 -0.01257916 0.02811954
v 0.02775973 -0.01280961 0.02818884
v 0.01315399 -0.0187273 0.02156743
v 0.01114428 -0.0188195 0.02282331
v -0.009357847 -0.007885909 0.02743693
v 0.004602715 -0.01893135 0.02286197
v 0.01672745 -0.007847941 0.02749812
v 0.005806185 -0.0187108 0.02079005
v 0.006538963 -0.01877401 0.02222959
v 0.03100431 -0.01672295 0.02796457
v 0.01669892 -0.0112027 0.02756824
v 0.01759785 -0.01152056 0.02855898
v 0.03026229 -0.01639828 0.02809538
v 0.01786619 -0.01092779 0.02767309
v 0.0319811 -0.01544081 0.02794969
v 0.01798778 -0.01089045 0.02806273
v -0.006228067 -0.008312289 0.02741898
v -0.007659826 -0.006606704 0.02734997
v 0.01782592 -0.00981383 0.0275645
v 0.032483 -0.01747238 0.02815479
v 0.03303422 -0.01674289 0.02702503
v 0.03372673 -0.01629846 0.02820012
v 0.03206914 -0.01670425 0.02855702
v 0.00405743 -0.01909907 0.02476643
v 0.01914779 -0.01183699 0.02918462
v 0.01850982 -0.01077201 0.02874862
v 0.01919365 -0.01072049 0.0291702
v 0.005712019 -0.01900426 0.02423695
v 0.00693791 -0.01904236 0.02405748
v 0.03407753 -0.01495492 0.02673564
v 0.03216844 -0.01569496 0.02609358
v 0.03438463 -0.01526954 0.02723737
v 0.008069856 -0.01889827 0.02330574
v 0.01883728 -0.008744262 0.02757186
v 0.01872613 -0.01013761 0.02760967
v 0.009930203 -0.01886779 0.02344079
v 0.01918287 -0.009485856 0.02767596
v 0.03115246 -0.01546111 0.02838349
v 0.01940431 -0.009797875 0.02886181
v 0.02021186 -0.00900078 0.02886527
v 0.03087441 -0.01524665 0.02929574
v 0.03024574 -0.01488283 0.02953866
v 0.008671243 -0.01898166 0.02500096
v 0.0115668 -0.01407483 0.02894439
v -0.006037515 -0.009992871 0.02743023
v 0.01262894 -0.0136845 0.02892317
v 0.01100773 -0.01899515 0.02427061
v 0.009802694 -0.01898679 0.02529353
v 0.03215913 -0.01456678 0.02838058
v 0.03187392 -0.01430246 0.02929331
v 0.00931368 -0.01959686 0.02621235
v 0.007627469 -0.01901837 0.02539753
v 0.01162481 -0.0189661 0.02529431
v 0.03161382 -0.01353421 0.02956501
v 0.01436668 -0.01858576 0.02010152
v -0.004678113 -0.009353243 0.02750617
v 0.01508231 -0.006812384 0.0274498
v 0.03259261 -0.01460725 0.02810879
v 0.007453533 -0.004076246 0.02732406
v 0.008082896 -0.004177844 0.02720377
v 0.007296002 -0.004135925 0.02756241
v -0.004002688 -0.007376825 0.02736284
v 0.01529406 -0.01869933 0.02100062
v 0.008026907 -0.002757777 0.02745
v 0.008605929 -0.002649292 0.0272786
v 0.03443209 -0.0127036 0.02598051
v 0.03392206 -0.01306175 0.02537204
v 0.03458621 -0.01208862 0.02555764
v 0.009452971 -0.003069982 0.02731003
v 0.01242659 -0.01886807 0.02355483
v 0.03528672 -0.01052821 0.02573799
v 0.03464355 -0.01190749 0.02394929
v 0.03541566 -0.009895291 0.02480572
v 0.008658757 -0.002078997 0.02756602
v 0.01485043 -0.01882692 0.02269338
v 0.01478642 -0.01880236 0.0218932
v 0.01649161 -0.01875731 0.02217248
v -0.002993928 -0.008255914 0.02742575
v 0.01435469 -0.01897408 0.02355062
v 0.02948642 -0.01199126 0.02812763
v 0.02978384 -0.01317188 0.02859322
v 0.009553909 -0.001732711 0.02728144
v 0.01751722 -0.01865263 0.02049571
v 0.01648891 -0.0187417 0.02128059
v 0.01200047 -0.005392969 0.02736473
v 0.03418306 -0.01350117 0.02622893
v 0.01123254 -0.003935605 0.02739273
v 0.01356585 -0.005675985 0.02744763
v 0.03512758 -0.01401818 0.02706503
v 0.01876225 -0.01870343 0.02067719
v 0.0009319428 -0.01914255 0.02553894
v 0.003235448 -0.01902533 0.02537023
v 0.0005750414 -0.0196276 0.02623911
v 0.01805037 -0.01878228 0.02206733
v 0.002825331 -0.02009076 0.02698221
v 0.01703119 -0.01894931 0.02338785
v 0.01287056 -0.00413168 0.02742863
v 0.03537269 -0.01103632 0.02623397
v 0.006023429 -0.01901855 0.02529784
v 0.005311588 -0.0201397 0.02713914
v 0.03260821 -0.01284926 0.02942212
v 0.03315933 -0.01315219 0.02815031
v 0.01312399 -0.01896768 0.02430424
v 0.03322068 -0.01374084 0.02808516
v 0.03316535 -0.01450696 0.02822568
v 0.002757156 -0.02037895 0.02807067
v 0.002230074 -0.02115646 0.02865898
v 0.03335595 -0.01571238 0.02874681
v 0.03402942 -0.01479211 0.02873381
v 0.012364 -0.01967258 0.02629801
v 0.01111546 -0.002012851 0.02737547
v 0.03362719 -0.01311224 0.02799459
v 0.0138307 -0.01893423 0.02521275
v 0.01263846 -0.001176553 0.02743946
v 0.03450447 -0.01384724 0.02862825
v 0.03441302 -0.01246652 0.02824346
v 0.03284599 -0.01300837 0.02907274
v 0.009376399 -0.001251388 0.0275117
v 0.009364089 -0.001388457 0.02780182
v 0.01552218 -0.01899691 0.02528379
v 0.009767504 -0.0007987078 0.02749065
v 0.0102428 -0.0003339518 0.02735923
v 0.009483332 -0.0009898562 0.02751262
v 0.01122419 -0.0006529894 0.02723664
v 0.01304904 -0.02014577 0.02717576
v 0.01520005 -0.02007461 0.02697849
v 0.002721498 -0.01974254 0.02828616
v 0.03337914 -0.0124701 0.02811177
v 0.003743296 -0.01945481 0.02787039
v 0.03397545 -0.0117379 0.02804843
v 0.01630557 -0.02042986 0.02798346
v 0.01484378 -0.02041956 0.02800572
v 0.01178584 0.0008977037 0.02728594
v 0.004185295 -0.01848934 0.02769127
v 0.03518153 -0.01242932 0.02866033
v 0.01822282 -0.02018213 0.02716077
v 0.01106813 0.0007201005 0.02751117
v 0.03471255 -0.01133371 0.02822707
v 0.005975004 -0.02035036 0.02804255
v 0.004527206 -0.02035845 0.02811945
v 0.03334642 -0.01203733 0.0285171
v 0.03380435 -0.01045741 0.02843037
v 0.004751185 -0.02106009 0.02857845
v 0.01529385 -0.003055457 0.02749504
v 0.01517344 -0.00101492 0.02749158
v 0.01413986 -0.0002586134 0.02752547
v 0.01642277 -0.01896755 0.02432597
v 0.005448425 -0.01941708 0.02783079
v 0.004704397 -0.01975502 0.02824652
v 0.01673309 -0.01888918 0.02503695
v 0.01283414 0.0004283432 0.02734054
v 0.03610302 -0.01028393 0.02671752
v 0.01761603 -0.01966411 0.02623107
v 0.00616397 -0.02102105 0.02857228
v 0.007565672 -0.02108689 0.02860071
v 0.03615564 -0.008653054 0.02638166
v 0.01859752 -0.0190252 0.02416055
v 0.01848354 -0.01891658 0.02515115
v 0.03678555 -0.008910317 0.02726437
v 0.008010194 -0.02032704 0.02803558
v 0.03448725 -0.01072941 0.02816614
v 0.03367697 -0.009867216 0.02853459
v 0.03582877 -0.01071438 0.02863698
v 0.03588402 -0.009953842 0.02844599
v 0.03487642 -0.009889677 0.02819873
v 0.03359783 -0.008997735 0.02833376
v 0.01926576 -0.006665094 0.02758373
v 0.001385372 -0.02108424 0.03021385
v 0.001690652 -0.02127908 0.02971437
v 0.002932377 -0.02101681 0.03034571
v 0.001737365 -0.02067174 0.03043815
v 0.01996265 -0.008005863 0.02760398
v 0.01988843 -0.008695867 0.02770961
v 0.03485681 -0.008376528 0.02824493
v 0.03412923 -0.008826107 0.02819089
v 0.02074498 -0.007882569 0.02765522
v 0.00298587 -0.01992109 0.02915285
v 0.03592236 -0.008706361 0.0283403
v 0.02098037 -0.008216634 0.02892463
v 0.03620335 -0.007924546 0.02846723
v 0.02003896 -0.005058361 0.02771988
v 0.01873914 -0.00479844 0.02753204
v 0.01784814 -0.01837097 0.01516217
v 0.02143481 -0.00702793 0.02759677
v 0.02164413 -0.006272616 0.02762283
v 0.004777027 -0.01904435 0.0254217
v 0.03467403 -0.01517474 0.02818096
v 0.03555547 -0.01378804 0.02813134
v 0.02192114 -0.004702844 0.02778598
v 0.03590631 -0.01262187 0.02729063
v 0.01623536 -0.01844037 0.01611551
v 0.03625475 -0.01233069 0.02813051
v 0.01514712 -0.004860615 0.02748996
v 0.03500578 -0.01324755 0.02901921
v 0.01699349 -0.005550614 0.02750351
v 0.03483254 -0.01386003 0.03006352
v 0.006118326 -0.01880853 0.02770242
v 0.004474962 -0.01648623 0.02761259
v 0.006355396 -0.01746099 0.02765723
v 0.03704521 -0.01148948 0.0286387
v 0.03672006 -0.01292403 0.02872736
v 0.01949913 -0.01834214 0.01591274
v 0.01950879 -0.01859349 0.01775058
v 0.0182915 -0.01837463 0.01679989
v 0.006288668 -0.01511787 0.02752448
v 0.03658825 -0.01072059 0.02741454
v 0.01754784 -0.003350051 0.02749904
v 0.01858899 -0.003230881 0.02764343
v 0.01712369 -0.001969179 0.02751648
v 0.03688078 -0.01010021 0.02826505
v 0.01894611 -0.002209088 0.02757336
v 0.00948461 -0.0201252 0.02716417
v 0.01936041 -0.0008831695 0.02760867
v 0.03623883 -0.009512685 0.02891209
v -0.01053602 -0.01905797 0.02236569
v -0.01157327 -0.01903474 0.022659
v 0.01775603 0.0002215505 0.02757134
v 0.009265687 -0.02033696 0.02806445
v 0.03709838 -0.008465173 0.0283621
v 0.01986231 -0.004129643 0.02768178
v 0.02013138 -0.002539152 0.02774815
v -0.00956782 -0.01916558 0.02370995
v 0.007349892 -0.01960396 0.02805164
v 0.007633775 -0.01912499 0.02774247
v -0.006901424 -0.01912258 0.02350252
v 0.01809561 -0.02115615 0.02839989
v 0.01655966 -0.02113536 0.0283887
v 0.006471517 -0.01980791 0.0284799
v 0.01716274 -0.01968288 0.02812953
v 0.01822183 -0.01996993 0.02879096
v -0.008912399 -0.0192421 0.02461487
v 0.0168839 -0.01999343 0.02882076
v 0.009014366 -0.01976537 0.02834274
v 0.01802189 -0.02013655 0.02978014
v 0.02130739 -0.002855035 0.02772865
v 0.008987213 -0.02105574 0.02852514
v -0.007250719 -0.01917287 0.02462934
v 0.01629286 -0.01921394 0.02782815
v 0.02229794 -0.003376219 0.02777784
v -0.007240184 -0.01907545 0.02539286
v 0.02092796 -0.001753226 0.02761522
v -0.009117279 -0.0190781 0.02544827
v 0.00904741 -0.01927828 0.02779656
v 0.02226034 -0.001800798 0.02771073
v -0.005491095 -0.01908981 0.02543438
v -0.00636052 -0.02007232 0.02691978
v 0.01999892 -0.02018252 0.03001827
v 0.005081937 -0.006354695 0.02864162
v 0.008231046 -0.02002387 0.02981558
v 0.006163588 -0.006265985 0.02910189
v 0.008022249 -0.0170599 0.02763899
v 0.007022096 -0.004768044 0.02884448
v 0.006687362 -0.004154667 0.02920816
v -0.006056335 -0.01923908 0.02456035
v -0.005148944 -0.01914678 0.02465167
v 0.02107325 -0.02021614 0.02996062
v 0.00757323 -0.003547091 0.02837668
v 0.007585736 -0.003369126 0.0290116
v 0.008591553 -0.002068425 0.02888266
v 0.008248406 -0.0025829 0.02807048
v 0.009457352 -0.01829586 0.02769582
v 0.0104022 -0.01890688 0.02773172
v 0.007338831 -0.002890473 0.02927639
v 0.02312935 -0.02134679 0.02995567
v 0.02178801 -0.02104383 0.0302186
v 0.02167942 -0.02133286 0.02973996
v 0.02352329 -0.0210496 0.03030161
v -0.0105986 -0.01908916 0.02539989
v 0.02160048 -0.02074894 0.03029126
v -0.01231313 -0.01955849 0.02603544
v 0.01016987 -0.01726736 0.02763608
v 0.017414 -0.01651106 0.02778456
v 0.007501327 -0.001404682 0.02764018
v 0.007980667 -0.0007729363 0.02755413
v 0.007569036 -0.001333628 0.02751698
v 0.009007018 -0.01618958 0.02761793
v 0.007386174 -0.001084343 0.02915849
v 0.006715566 -0.001502076 0.0279792
v 0.007388052 -0.00153969 0.02941553
v 0.008597128 -0.001530694 0.02933956
v -0.009735093 -0.0196304 0.02618557
v 0.0194766 -0.01608486 0.02811104
v 0.009707663 -0.0008019414 0.02914494
v -0.01110787 -0.02020448 0.027217
v 0.009560084 -0.0004268866 0.02939741
v 0.01993562 -0.01568191 0.02886745
v 0.008546971 -3.080629e-05 0.02919128
v 0.008753972 -0.0002102517 0.02949434
v 0.009265089 -0.01505978 0.02753225
v -0.01275513 -0.01927099 0.02772864
v -0.01228677 -0.01967292 0.02798469
v 0.007426647 -0.01394664 0.02739642
v 0.008886173 5.725585e-05 0.02751366
v 0.009136714 0.0008003972 0.02728025
v 0.008864865 -0.0008537304 0.02758216
v 0.008831764 -0.001043867 0.02743442
v 0.009225117 -0.0001480132 0.02746795
v 0.009153256 -0.0009314828 0.02739576
v 0.009627886 -0.0002804361 0.02732914
v 0.009333417 -0.0001307186 0.02762692
v 0.009191997 7.811561e-05 0.02756665
v 0.009277362 0.0003979132 0.02746455
v 0.01024416 0.0006322507 0.02740652
v 0.01035077 -0.01583603 0.02744113
v 0.009637313 -0.0006765965 0.0275736
v 0.009855894 -0.0006083176 0.02757807
v 0.009773836 -0.000323344 0.02776133
v 0.02122154 -0.0158257 0.02887121
v 0.01046234 -0.000100594 0.02799151
v 0.0112246 0.0005953275 0.02888364
v -0.009164385 -0.01924442 0.02770079
v -0.01120778 -0.01939884 0.02774067
v -0.009998243 -0.01959892 0.02792276
v 0.01103849 0.0007895734 0.02939095
v 0.02082483 -0.01522678 0.02918445
v 0.009849133 0.002764033 0.02737595
v 0.01047748 0.001758695 0.02744837
v 0.02098284 -0.01414167 0.02918861
v 0.02269303 -0.01552092 0.02924493
v 0.007756013 -0.01343132 0.02748007
v 0.008236753 -0.01399452 0.02754743
v 0.01911029 -0.01502993 0.02916638
v 0.009459449 -0.0146936 0.02765421
v 0.008483389 -0.01368326 0.02794494
v 0.009541672 -0.01436425 0.0281041
v 0.01141941 0.00156397 0.02747572
v 0.01067375 -0.0150281 0.0275249
v 0.01144983 0.001387047 0.02755976
v -0.009383373 -0.01772509 0.0276428
v 0.01145767 0.001458263 0.02764225
v 0.01173717 0.00157279 0.02756898
v 0.0114763 0.001327395 0.0276407
v 0.01179031 0.001576092 0.02766845
v 0.01131979 0.0009802654 0.02768101
v 0.01232707 0.001603989 0.02812098
v 0.008298608 -0.0001420751 0.02803939
v 0.00995027 0.001059886 0.02953636
v 0.009525511 0.001065703 0.02923873
v -0.008024067 -0.02017234 0.02715398
v 0.01132278 -0.0149129 0.02774593
v 0.02039067 -0.01251484 0.02918214
v 0.01077874 0.002287367 0.02921882
v 0.01100958 0.00193714 0.02958005
v 0.0103291 0.001850316 0.02805398
v 0.01188285 0.001325244 0.02916894
v 0.01285554 0.002368102 0.02908183
v -0.007326595 -0.02045168 0.02806565
v 0.02293848 -0.01608327 0.02887427
v 0.01837924 -0.02043447 0.02799965
v -0.009566631 -0.02108472 0.02831872
v -0.008406837 -0.01979737 0.02825132
v 0.01991168 -0.01891349 0.0248852
v 0.02030018 -0.01905334 0.02536107
v 0.02392075 -0.01610952 0.02903339
v 0.02470319 -0.01572392 0.02930135
v 0.02277312 -0.01460842 0.02924378
v -0.008232877 -0.0212577 0.0285068
v 0.006353009 -0.01330159 0.02744802
v 0.02398238 -0.01447235 0.02923074
v 0.02134453 -0.01897291 0.02437028
v -0.008396298 -0.02006601 0.02968114
v -0.006696381 -0.02113929 0.02850837
v 0.02624003 -0.0157763 0.02940487
v 0.0254971 -0.01505067 0.02926769
v 0.004897183 -0.01245854 0.02741112
v 0.02205113 -0.01279907 0.02918784
v 0.02285485 -0.01170224 0.02845274
v 0.02379684 -0.01317579 0.02818998
v 0.02289086 -0.01139669 0.02788991
v 0.02345669 -0.0120038 0.02761137
v 0.02318658 -0.01051897 0.02758982
v 0.02393521 -0.01042366 0.02759729
v 0.02010024 -0.02124198 0.02849557
v -0.007572971 -0.01686417 0.02761001
v 0.02021952 -0.0114241 0.02917376
v 0.007347202 -0.01294723 0.02750462
v 0.007565858 -0.01303654 0.02771715
v 0.02187552 -0.01145234 0.02916371
v 0.00764763 -0.01314871 0.02737726
v 0.007737851 -0.01318751 0.02740587
v 0.007719913 -0.01314025 0.02750484
v 0.007815769 -0.01320088 0.0274293
v 0.02277801 -0.01205643 0.02887103
v 0.008975402 -0.01388709 0.0284112
v 0.01989774 -0.009969333 0.02919884
v 0.02122684 -0.01059526 0.02914543
v 0.01056091 -0.01452306 0.02857494
v 0.02068257 -0.009158431 0.02914439
v 0.02184091 -0.009098932 0.02910362
v 0.009996792 -0.01388678 0.02888278
v 0.02189218 -0.01033982 0.02899937
v 0.02250415 -0.0105896 0.0286101
v -0.00297318 -0.019186 0.02462736
v -0.001884397 -0.01913032 0.02456857
v -0.004122069 -0.01905281 0.02534786
v -0.002523329 -0.01909078 0.02544705
v 0.02352271 -0.013198 0.02893841
v 0.02458541 -0.01397433 0.02883719
v 0.02471838 -0.01389149 0.02821581
v 0.0109337 -0.02037747 0.02806989
v 0.009979663 -0.0210791 0.02847871
v 0.01046763 -0.01959765 0.02802538
v 0.02300296 -0.01360474 0.0291846
v 0.01308177 -0.02040222 0.02805355
v 0.01158489 -0.02107611 0.02855725
v -0.0007313937 -0.01906761 0.02543215
v 0.02684982 -0.01481088 0.02917786
v 0.02563139 -0.01460833 0.02899829
v 0.01364632 -0.02110187 0.02850513
v 0.02636736 -0.01448496 0.02880133
v 0.01139822 -0.01933909 0.02781679
v 0.01161219 -0.0182508 0.02773733
v 0.02426714 -0.01243442 0.0276293
v 0.02501707 -0.01256628 0.02770555
v 0.01205321 -0.01971879 0.0282397
v 0.01284253 -0.01937777 0.02785112
v 0.02425594 -0.01131698 0.02762591
v 0.01343925 -0.01971673 0.02819422
v 0.02538162 -0.01212197 0.0279571
v 0.01341609 -0.01865956 0.02775651
v 0.02691853 -0.01277699 0.02814042
v 0.02638201 -0.01150724 0.02837666
v 0.01192324 -0.01990533 0.02894618
v 0.02700921 -0.01545808 0.02934909
v 0.0144777 -0.01950284 0.02797183
v 0.01455582 -0.01904908 0.02778389
v 0.02787879 -0.01456974 0.02924078
v 0.01558936 -0.01968422 0.02807899
v 0.02891026 -0.01508282 0.02946479
v 0.02863221 -0.01409371 0.02905842
v 0.01537858 -0.02116976 0.02846225
v 0.02743818 -0.01357684 0.02850131
v 0.0152059 -0.02006091 0.02926345
v 0.02994591 -0.01437854 0.02940583
v 0.03019537 -0.01339965 0.02914627
v 0.01245495 -0.02079448 0.03049409
v 0.01310054 -0.0211337 0.03022555
v 0.01423974 -0.02104944 0.03038185
v 0.01360719 -0.01734119 0.02774119
v 0.03129606 -0.01303096 0.02948363
v 0.01189122 -0.01589971 0.02760379
v 0.01427577 -0.01622787 0.02771031
v 0.02288913 -0.009377768 0.02761329
v 0.02355134 -0.008925639 0.02747535
v 0.02330535 -0.008133046 0.0276478
v 0.024367 -0.009046761 0.02751364
v 0.02430759 -0.007678168 0.02749775
v 0.01191236 -0.01543758 0.02767519
v 0.01302872 -0.01553712 0.02771197
v 0.01253945 -0.0150944 0.02814496
v 0.02255916 -0.009464186 0.02851962
v 0.01145684 -0.01476839 0.0284944
v 0.02271487 -0.008703135 0.02870227
v 0.02231216 -0.006731449 0.02877924
v 0.0221318 -0.006429158 0.02782028
v 0.02317881 -0.007807247 0.02836908
v 0.01560595 -0.01776069 0.02779699
v 0.02385055 -0.007220954 0.02770177
v 0.02434636 -0.006738128 0.02765311
v 0.02273257 -0.007825071 0.02893869
v 0.02390919 -0.006837739 0.02873351
v 0.02247718 -0.007350333 0.02922922
v 0.02480031 -0.01004402 0.02785628
v 0.02526881 -0.01055323 0.02813458
v 0.02593863 -0.00952591 0.0282739
v 0.02525587 -0.008906774 0.02787936
v 0.02750077 -0.01209183 0.02837491
v 0.02625604 -0.01055847 0.02837671
v 0.02825271 -0.01134662 0.02845946
v 0.02653147 -0.009053648 0.0283405
v 0.02531608 -0.00768628 0.02754315
v 0.0261714 -0.007895315 0.02780849
v 0.02838478 -0.01036459 0.02846693
v 0.02817653 -0.009372801 0.02839492
v 0.02735906 -0.008237379 0.02810501
v -0.001739897 -0.008121205 0.02725194
v 0.0228797 -0.005670212 0.02762444
v 0.02309657 -0.005713079 0.02815516
v 0.000128964 -0.008202869 0.02725588
v 0.02298432 -0.004087515 0.02762792
v 0.02345994 -0.005021876 0.02776805
v 0.0003010165 -0.005927259 0.02720283
v 0.00187481 -0.007770419 0.02727367
v 0.02545207 -0.006561803 0.02757686
v 0.02483647 -0.006343408 0.02849339
v 0.002935657 -0.006247835 0.02724168
v 0.02312999 -0.006756825 0.02917427
v 0.02402008 -0.006034512 0.0291825
v 0.02532699 -0.005910385 0.02884543
v 0.02431268 -0.004018197 0.02786563
v 0.002499014 -0.008693045 0.0272609
v 0.02418266 -0.003144823 0.02775896
v 0.02313494 -0.002353685 0.02771254
v 0.02463942 -0.004142996 0.02827484
v 0.003787829 -0.00889851 0.02729197
v 0.0250704 -0.003408207 0.02784585
v 0.02717702 -0.00693199 0.02762302
v 0.02678519 -0.00592334 0.02766057
v 0.02858701 -0.007143157 0.02771348
v 0.029174 -0.008378079 0.02804779
v 0.004048748 -0.007813387 0.02724942
v 0.02852714 -0.006189106 0.02804466
v 0.02908223 -0.006823143 0.0278776
v 0.004922695 -0.007415 0.02729966
v 0.02582335 -0.006022425 0.02782839
v 0.02648522 -0.005597785 0.02874387
v 0.02679496 -0.005653573 0.02797682
v 0.02679181 -0.005002672 0.02914703
v 0.02515701 -0.005093198 0.02927421
v 0.0276446 -0.005748045 0.02873529
v 0.004446534 -0.005266186 0.02725586
v 0.004601259 -0.006271206 0.02722942
v 0.02803348 -0.00524093 0.0292369
v 0.004955066 -0.006226547 0.0273811
v 0.02701675 -0.004480466 0.02927979
v 0.02942861 -0.006023979 0.02927345
v 0.02894587 -0.004823113 0.02943508
v 0.004880071 -0.005784933 0.02768473
v 0.001690641 -0.004591851 0.02720788
v 0.02163105 -0.00826516 0.02923419
v 0.004591493 -0.004260868 0.02729376
v 0.005074793 -0.004483473 0.02715284
v 0.005308995 -0.004483068 0.0274168
v 0.005412433 -0.003552914 0.02713651
v 0.02384192 -0.005191118 0.02891761
v 0.02346786 -0.006095821 0.02924067
v 0.005758207 -0.003238369 0.02747915
v 0.02421248 -0.005195079 0.02918272
v -0.005777787 -0.006209068 0.02732723
v -0.006960377 -0.00474396 0.02732708
v 0.02554356 -0.003617635 0.02898726
v 0.02558422 -0.004298912 0.02934112
v -0.007511385 -0.003498757 0.02730471
v 0.02674183 -0.003259603 0.02943969
v -0.004846701 -0.004365535 0.02729328
v 0.02962669 -0.01082741 0.02823671
v 0.03043066 -0.01207996 0.02864596
v -0.003218221 -0.005769776 0.02730574
v 0.02938575 -0.00982718 0.02822935
v -0.002288217 -0.006763799 0.02721526
v 0.03105552 -0.01145811 0.02908656
v 0.03046109 -0.01011343 0.02873778
v 0.03001601 -0.009748634 0.02826338
v 0.03127724 -0.009790409 0.02916264
v -0.001574686 -0.005756916 0.02733301
v -0.001991156 -0.004242603 0.02728603
v 0.03237238 -0.01188815 0.02965696
v -0.007023823 -0.001774246 0.02733262
v 0.03201541 -0.009850869 0.02945433
v 0.0327097 -0.0104121 0.02963148
v 0.03309409 -0.01126669 0.02942038
v -0.005230667 -0.002144294 0.02730411
v 0.03031682 -0.009079082 0.02786477
v 0.02983375 -0.008147107 0.0278086
v 0.03068332 -0.00815816 0.02797575
v 0.02995646 -0.007507004 0.02792703
v 0.03091771 -0.009246826 0.02804768
v 0.03130193 -0.009116393 0.02872812
v 0.03177728 -0.008918585 0.02935686
v 0.03075523 -0.007571358 0.02903691
v -0.0009232759 -0.002984179 0.02732002
v -0.003370393 -0.002583575 0.02729713
v 0.02976525 -0.006850738 0.02828354
v 0.03136169 -0.007178983 0.02949708
v 0.02972893 -0.006583629 0.02892825
v 0.03031807 -0.006797863 0.02922463
v 0.03016234 -0.005828682 0.02943417
v 0.03231824 -0.00589966 0.02960605
v 0.03236904 -0.006883917 0.02958192
v 0.03320694 -0.009755883 0.02942526
v 0.03260892 -0.008628873 0.02964054
v 0.03308064 -0.007336549 0.0290272
v 0.03351863 -0.007339371 0.02823941
v 0.03443816 -0.00699723 0.02826103
v -0.000771191 -0.006595653 0.02721519
v 0.03323098 -0.006344462 0.02848156
v 0.03280402 -0.005953066 0.02929397
v 9.437464e-05 -0.004402272 0.02732494
v 0.03567687 -0.01208533 0.03019397
v 0.03606142 -0.01083122 0.03033905
v 0.03638401 -0.009576077 0.03044047
v 0.03678563 -0.01068107 0.03079854
v 0.03714462 -0.009630647 0.0309054
v 0.03646316 -0.007875973 0.02930083
v 0.03661947 -0.008478019 0.03062163
v 0.03736992 -0.008769387 0.03087251
v 0.03652949 -0.007918853 0.03032418
v 0.03747075 -0.009579625 0.03075996
v 6.258301e-05 -0.002351072 0.02735411
v 0.02961683 -0.01700909 0.02245066
v 0.02899043 -0.01725199 0.02031565
v 0.02990026 -0.01669824 0.01945794
v -0.009629931 -0.02139889 0.02976245
v 0.02755949 -0.01796472 0.0217322
v -0.01301287 -0.02143343 0.02977582
v -0.01451214 -0.02123192 0.03016486
v -0.01254971 -0.02123195 0.03021578
v -0.01383308 -0.02098461 0.03038857
v 0.03128297 -0.0158671 0.02076674
v 0.03086242 -0.0163518 0.01949301
v -0.01442053 -0.0202806 0.03011832
v -0.01374462 -0.02065364 0.03037697
v -0.01294218 -0.02011922 0.02991691
v -0.0106728 -0.02116631 0.03032775
v 0.005157081 -0.004541559 0.02780826
v -0.01241885 -0.02083392 0.03035811
v -0.01119616 -0.02083777 0.03044746
v 0.03093516 -0.01618694 0.01563553
v -0.01491127 -0.02085389 0.03041843
v 0.02998964 -0.01657708 0.01619337
v 0.03090839 -0.01623722 0.01702309
v -0.009555977 -0.02017754 0.03011034
v -0.009336721 -0.0208485 0.0304913
v 0.03192666 -0.01528017 0.01673374
v 0.03246172 -0.01459301 0.01601037
v 0.03326715 -0.01376031 0.01607027
v 0.03089867 -0.01623169 0.01828067
v 0.0327641 -0.01443043 0.01801222
v 0.03360869 -0.01325333 0.01797349
v 0.03395307 -0.01275902 0.0167558
v 0.006408414 -0.002679786 0.02756119
v 0.006818151 -0.001891468 0.02766493
v 0.03283386 -0.01449402 0.01929691
v 0.03264397 -0.01460978 0.02051594
v 0.0333403 -0.01374266 0.0199569
v 0.03397683 -0.01283494 0.02122019
v 0.03206766 -0.01513416 0.02300513
v 0.03257153 -0.01476547 0.02222199
v -0.004585562 -0.01860963 0.01556355
v -0.006007083 -0.02129268 0.0297277
v -0.006542217 -0.02114967 0.03025084
v -0.00964497 -0.01860862 0.01771304
v -0.005320622 -0.02103546 0.0303685
v -0.006456666 -0.0208431 0.03044926
v -0.005668435 -0.02071098 0.03034307
v -0.004439592 -0.01871589 0.01836906
v -0.00439964 -0.01987767 0.02960959
v -0.003242118 -0.01861843 0.01710821
v -0.005816754 -0.01880315 0.01902972
v -0.00348728 -0.01867812 0.01891918
v 0.03550552 -0.009179581 0.02077145
v 0.03550744 -0.009418979 0.02131641
v -0.001054054 -0.02132647 0.02963647
v -0.009088941 -0.01891015 0.01895843
v 0.02328145 -0.01883541 0.02371876
v 3.01674e-05 -0.02103415 0.03036524
v -0.001177905 -0.02107391 0.03031234
v -0.001561243 -0.02075835 0.03044669
v -0.002262475 -0.02043928 0.03026202
v -0.001127614 -0.02023899 0.03006643
v 0.0239991 -0.0187254 0.02404597
v -0.0003315527 -0.02077521 0.03040946
v -0.002086818 -0.01874747 0.01947845
v 0.0004218984 -0.02039468 0.03013303
v 0.02592983 -0.01848474 0.02246341
v -0.00308349 -0.01870367 0.02029519
v -0.001793498 -0.01874841 0.02039183
v -0.003033642 -0.01858954 0.01587243
v -0.002510002 -0.01870693 0.01679932
v 0.0008956026 -0.02082578 0.03043792
v 0.001490654 -0.01859377 0.01802906
v 0.02797416 -0.01783716 0.02355585
v 0.007266538 -0.001075037 0.02807755
v 0.008871771 -0.001193536 0.02767403
v 0.009054439 -0.001131449 0.02769725
v 0.009152977 -0.001057314 0.02769493
v 0.009151431 0.0004186891 0.02772388
v 0.00940372 -0.00102075 0.02770458
v 0.009789458 -0.0008143149 0.02772086
v 0.009456459 -0.0008042119 0.02768485
v 0.00951736 -0.0007128641 0.02766911
v 0.01047666 0.0001231916 0.02777526
v 0.01090425 0.001327015 0.0277697
v 0.03112021 -0.01685113 0.0261681
v 0.006887829 -0.0184979 0.01799709
v 0.0126025 -0.01851005 0.01721364
v 0.01374565 -0.01851714 0.01747055
v -0.007995803 -0.0206778 0.03030239
v 0.01464069 -0.01845155 0.01757604
v 0.0182372 -0.02130061 0.02959537
v 0.02053675 -0.02108653 0.02831566
v 0.02813006 -0.0205056 0.02852483
v 0.02910042 -0.02037226 0.02890619
v 0.02178388 -0.02125674 0.02852928
v 0.03059349 -0.01984373 0.02965036
v 0.03204813 -0.01876552 0.02854131
v 0.02294085 -0.02145259 0.02926679
v 0.02465748 -0.02131652 0.02842588
v 0.0246573 -0.02149263 0.02990482
v 0.0285227 -0.02057599 0.03000759
v 0.02966041 -0.02006467 0.03018006
v 0.02597135 -0.02117601 0.02870381
v 0.0259584 -0.02123712 0.02983198
v 0.02979768 -0.01898254 0.03013058
v 0.03060623 -0.01885954 0.03033293
v 0.03172244 -0.01903862 0.03018083
v 0.03068186 -0.01934294 0.03029245
v 0.02745459 -0.02089478 0.02919017
v 0.03246412 -0.01861569 0.0295058
v 0.03187194 -0.01856023 0.03041244
v 0.03265971 -0.01819051 0.0302689
v 0.03201772 -0.01738022 0.0302111
v 0.02296379 -0.01839676 0.01775164
v 0.0238221 -0.0183816 0.01691195
v 0.02462987 -0.01835369 0.01588801
v 0.02469203 -0.01821893 0.01711913
v 0.02598662 -0.0180769 0.01634071
v 0.02629689 -0.01811397 0.01555359
v 0.02723165 -0.01786371 0.01533503
v 0.02770145 -0.01759269 0.01608423
v 0.003308963 -0.02109403 0.02858796
v 0.03349784 -0.01753685 0.02849927
v 0.02856903 -0.01739771 0.01524219
v 0.02900244 -0.01717046 0.01651176
v 0.005172089 -0.02119404 0.0297408
v 0.02783193 -0.01775989 0.01876927
v 0.0292384 -0.01711744 0.01900738
v 0.03350616 -0.0157503 0.03004653
v 0.02969625 -0.01676197 0.0177782
v 0.00937275 -0.02121354 0.02965933
v 0.007705936 -0.02119184 0.02995981
v 0.03279028 -0.01431689 0.02423846
v 0.03350233 -0.01371344 0.02296649
v 0.001681419 -0.02010016 0.03005042
v 0.03397598 -0.01300413 0.02356449
v 0.004428698 -0.02108417 0.03021757
v 0.002953473 -0.02065094 0.03041939
v 0.03297594 -0.01441427 0.02573071
v 0.003299728 -0.02020812 0.03000133
v 0.00372047 -0.02077111 0.03051928
v 0.004835745 -0.02073191 0.03040546
v 0.005706133 -0.0200257 0.02978544
v 0.0171934 -0.01842459 0.01657264
v 0.00601233 -0.02100478 0.03025006
v 0.005588103 -0.02025418 0.03015253
v 0.03546647 -0.009798499 0.02346122
v 0.006756499 -0.0207947 0.03039734
v 0.007455779 -0.02105755 0.03031337
v 0.008140517 -0.02071645 0.0304655
v 0.007402239 -0.02026261 0.03018871
v 0.03575482 -0.007985109 0.02384317
v 0.009050472 -0.02105341 0.03032251
v 0.010837 -0.02130983 0.02998463
v 0.009986969 -0.02079543 0.03053202
v 0.01119917 -0.02093511 0.03048126
v 0.008986818 -0.02046753 0.03035752
v 0.03574173 -0.008415639 0.02545979
v 0.03594159 -0.007424982 0.02574905
v 0.03356386 -0.01780504 0.02917121
v 0.03285166 -0.0174591 0.03057633
v 0.03483086 -0.0163194 0.02877422
v 0.03474706 -0.01611295 0.02844349
v 0.03412026 -0.01685967 0.03026152
v 0.03514407 -0.01597658 0.02981935
v 0.03400508 -0.01648426 0.03052419
v 0.03385753 -0.01594742 0.03041977
v 0.03636569 -0.0139817 0.02934362
v 0.03437589 -0.0148735 0.03041995
v 0.03578017 -0.01469939 0.03033801
v 0.03486818 -0.01481434 0.03059638
v 0.0353855 -0.01483422 0.0305183
v 0.03564447 -0.01478163 0.02863142
v 0.03545318 -0.01331666 0.03045734
v 0.03674316 -0.01303937 0.03012649
v 0.01044473 -0.02008727 0.03005929
v 0.01247186 -0.02121818 0.02953446
v 0.03640685 -0.01292935 0.03059585
v 0.0117689 -0.02114863 0.03022756
v 0.03705891 -0.01226509 0.02909871
v 0.01306843 -0.02005128 0.02988214
v 0.011399 -0.02022995 0.03027624
v 0.01255321 -0.02026907 0.03025
v 0.03751198 -0.01095032 0.02927482
v 0.03767158 -0.009179076 0.02876431
v 0.0375303 -0.01050311 0.03015761
v 0.03783911 -0.009009957 0.02988524
v 0.01422267 -0.02127867 0.02976761
v 0.01592665 -0.0212626 0.02984765
v 0.03786582 -0.008651515 0.02914176
v 0.01675897 -0.02015234 0.03005489
v 0.01819419 -0.0211046 0.03018131
v 0.01780164 -0.02070883 0.03033766
v 0.01424201 -0.02032947 0.03020381
v 0.01600285 -0.02087663 0.03041223
v 0.01954282 -0.02077528 0.03040083
v 0.01872686 -0.02036748 0.03019495
v 0.01992664 -0.02113875 0.03022807
v 0.01519218 -0.02018247 0.02999966
v 0.0207203 -0.02096229 0.0303304
v 0.0229958 -0.02052979 0.03016867
v 0.02442786 -0.02086748 0.03032122
v 0.03576016 -0.01366332 0.03061321
v 0.03631993 -0.01205305 0.03065437
v 0.03682839 -0.01197497 0.03060546
v 0.03680702 -0.007091191 0.03076582
v 0.03793231 -0.006800268 0.03019582
v 0.0373437 -0.007439999 0.03083027
v -0.03386121 0.01398754 -0.008783193
v -0.02788083 0.01886366 0.02918698
v -0.02812208 0.01916268 0.02981967
v 0.003089828 0.01957779 0.002683276
v 0.001726061 0.01956315 0.003730558
v 0.003018223 0.01955195 0.004488185
v -0.02710981 0.01942711 0.02976653
v 0.001205867 0.01952266 0.00498255
v -0.0282165 0.01936445 0.03107383
v -0.02122311 0.01947604 0.005197275
v -0.02012722 0.01953663 0.004200917
v -0.02183256 0.01955252 0.003765956
v 0.00251287 0.01954633 0.005663496
v 0.003363261 0.01950466 0.006254021
v -0.03321955 0.01484938 -0.006248336
v -0.03420782 0.01340156 -0.007590063
v -0.03283089 0.01538791 -0.00801992
v 0.005333658 0.01955238 0.00424647
v -0.01924228 0.01949834 0.005428545
v -0.02019825 0.01955493 0.005764861
v -0.01790408 0.01951747 0.004243843
v -0.01935822 0.01946986 0.003630783
v -0.02560395 0.01964188 0.02937947
v -0.02616579 0.01915099 0.02917945
v 0.005137077 0.01950392 0.007142965
v -0.03095405 0.01732419 -0.009450275
v -0.01772495 0.01951738 0.005540814
v -0.02620516 0.02002764 0.03112046
v -0.02574843 0.02105402 0.02960072
v -0.02777322 0.02003605 0.02904013
v -0.02739029 0.02073725 0.02953631
v -0.0256185 0.02042752 0.02909931
v -0.01898297 0.01950148 0.002167158
v -0.01698758 0.01957353 0.002708495
v -0.02591832 0.0209608 0.03143479
v -0.02771046 0.02051225 0.03152622
v -0.02639761 0.02053729 0.03154671
v -0.02740751 0.02087723 0.03104908
v 0.002986718 0.01946858 0.008062959
v -0.03384005 0.01391975 -0.004495198
v 0.004414601 0.01950993 0.008052211
v -0.002478229 0.01946766 0.006407142
v -0.002711738 0.01948557 0.007438898
v -0.001226943 0.01947614 0.007454604
v -0.03280371 0.01532875 -0.004439337
v -0.004223237 0.01950571 0.007713981
v -0.00145228 0.01942138 0.008715682
v -0.01637525 0.01968703 -0.001683468
v -0.01542911 0.01958947 0.001223484
v -0.01505532 0.01966673 -0.001042213
v 6.605685e-05 0.01948208 0.006629772
v -0.03332556 0.01465998 -0.002988055
v -0.0237848 0.01862718 0.02909476
v 0.0001143645 0.019533 0.008156206
v -0.01401531 0.01963643 0.0002259687
v 0.001739038 0.01949865 0.007717978
v -0.0319732 0.01631403 -0.006645437
v -0.03193076 0.01631378 -0.004451349
v -0.03197562 0.01619223 -0.002531441
v -0.002797406 0.01938776 0.009450775
v -0.0007315017 0.01940289 0.01071803
v -0.002386885 0.01943917 0.01126251
v -0.01260108 0.01960922 0.001122056
v -0.01221489 0.01965979 -0.0001254752
v -0.03014461 0.01771896 -0.002927288
v -0.0304208 0.01752001 -0.004189614
v -0.03090942 0.01728394 -0.004387314
v -0.02989903 0.01798908 -0.004031561
v 0.000931818 0.01938405 0.009213574
v -0.02480283 0.01992122 0.02781969
v -0.02616427 0.0200883 0.02824292
v 0.002366444 0.01940016 0.01101245
v 0.003040856 0.01944036 0.01193113
v 0.004163917 0.01943778 0.01045102
v -0.0298185 0.01810835 -0.00978308
v -0.01333403 0.01955887 0.002458833
v -0.02472173 0.0193077 0.02912003
v -0.02303505 0.01951171 0.005580772
v -0.0242879 0.01948828 0.00524855
v -0.0241618 0.01944528 0.006464317
v -0.01502343 0.01952736 0.002857199
v -0.0293956 0.01836728 -0.008470694
v -0.02166095 0.01947078 0.006780874
v -0.03022979 0.01772088 -0.007911382
v -0.02057901 0.01949827 0.006879419
v -0.02433561 0.01983995 0.02954374
v -0.02243033 0.01943442 0.01183745
v -0.02069969 0.01938708 0.01082476
v -0.02259092 0.01954456 0.009644572
v -0.02776994 0.01906841 -0.009297011
v -0.02218299 0.01855334 0.02905625
v -0.02633861 0.01946479 -0.009334549
v -0.02358427 0.01955034 0.02915417
v -0.02259126 0.01934247 0.02906651
v -0.01347103 0.01953111 0.004252344
v -0.02109456 0.01933742 0.0132626
v -0.02003706 0.01947663 0.01248275
v -0.02223701 0.01940549 0.01358774
v -0.02198098 0.01972848 0.0293197
v -0.01219001 0.01959752 0.003366932
v -0.02323456 0.01991714 0.02965962
v -0.01612807 0.01939202 0.008613314
v -0.0153428 0.01945969 0.007266849
v -0.01662802 0.01943697 0.00683945
v -0.02894323 0.01854968 -0.006783696
v -0.01696823 0.01946563 0.00823117
v -0.02711184 0.01923021 -0.007473633
v -0.01099072 0.01962869 0.0003738217
v -0.01473993 0.01938776 0.008830126
v -0.02470372 0.0206471 0.03153049
v -0.0241158 0.02013855 0.03079956
v -0.01835339 0.01930486 0.01098675
v -0.01696912 0.01942293 0.009755202
v -0.01892815 0.01938335 0.009909578
v -0.01495262 0.01941226 0.009572443
v -0.01548573 0.01933916 0.01042834
v -0.01145252 0.01962878 0.002223257
v -0.02576639 0.01953567 -0.0079036
v -0.02532146 0.0197049 -0.008924937
v -0.02130586 0.01938546 0.02905473
v -0.0210295 0.0179484 0.02897837
v -0.009683035 0.01959995 0.001977416
v -0.01616168 0.01935223 0.01123272
v -0.02612988 0.0194567 -0.00645731
v -0.02438733 0.01974288 -0.007126438
v -0.02305366 0.02028377 0.02829825
v -0.023993 0.02045906 0.02919162
v -0.01362734 0.01948506 0.0073076
v -0.02473266 0.02107103 0.02952132
v -0.02434746 0.01980433 -0.008598849
v -0.01322287 0.01938062 0.009399232
v -0.02213397 0.02050453 0.02927415
v -0.02310434 0.01984498 -0.007782342
v -0.01150591 0.01937413 0.009115532
v -0.01229759 0.01946383 0.008655492
v -0.01077798 0.01955879 0.003283687
v -0.02190327 0.0199286 -0.008784151
v -0.01689618 0.01929989 0.01218825
v -0.01722709 0.01936742 0.01178866
v -0.01407918 0.01939591 0.01174706
v -0.02238768 0.02013592 0.030954
v -0.02099311 0.0200377 0.03003852
v -0.01642082 0.01935015 0.01394646
v -0.01524258 0.01927662 0.01502071
v -0.01440867 0.01935691 0.01296241
v -0.009935737 0.01957555 0.003747527
v -0.0232347 0.01984087 -0.005823204
v -0.01159747 0.01951223 0.004573528
v -0.02137232 0.01986744 -0.005500481
v -0.02344207 0.02079812 0.03156904
v -0.0229811 0.02118062 0.0314545
v -0.02431518 0.02115654 0.03143066
v -0.02913245 0.01790313 0.0163659
v -0.02981738 0.01747414 0.01530619
v -0.03029827 0.01713696 0.01654237
v -0.02856874 0.01815555 0.01542607
v -0.02891067 0.01808508 0.01436302
v -0.020042 0.0197273 0.02933593
v -0.01976031 0.01936871 0.02897314
v -0.01636099 0.01948647 0.005939499
v -0.02897828 0.01846013 -0.005085865
v -0.02980873 0.01794096 -0.005422441
v -0.01849669 0.01950219 0.006649893
v -0.02781421 0.01895745 -0.004794864
v -0.02018476 0.02051017 0.02926705
v -0.02256732 0.01933916 0.01558972
v -0.02128481 0.01930274 0.01464142
v -0.0161824 0.0195006 0.004469853
v -0.02025776 0.02025308 0.02826798
v -0.02119296 0.01928177 0.01659949
v -0.02054777 0.02014968 0.03083044
v -0.02529906 0.01961029 -0.005327007
v -0.02940274 0.01763241 0.01779328
v -0.02054782 0.02118417 0.02969626
v -0.01922087 0.01995616 0.02979433
v -0.02743616 0.01860676 0.01691578
v -0.0276202 0.01860491 0.01492931
v -0.01796365 0.01975377 0.0292688
v -0.02609057 0.01940865 -0.003330344
v -0.02733783 0.01906312 -0.003214968
v -0.03018698 0.01709566 0.01886917
v -0.0184563 0.02024971 0.028247
v -0.01433391 0.01949861 0.005946986
v -0.02956736 0.01754807 0.01924619
v -0.01785349 0.02001941 0.0300209
v -0.02210367 0.02072011 0.03151339
v -0.02031984 0.02045082 0.03130709
v -0.02068014 0.02086121 0.03154871
v -0.02138229 0.0211206 0.03147185
v -0.02047594 0.0193666 0.01489768
v -0.02475958 0.01961426 -0.002798147
v -0.02020235 0.01931374 0.01772289
v -0.0237141 0.01967642 -0.003129629
v -0.02661245 0.0201377 0.03132146
v -0.02549703 0.02124705 0.03093451
v -0.01840174 0.01923163 0.01770115
v -0.01917196 0.01922327 0.01587516
v -0.02230543 0.01928566 0.01809519
v -0.02210269 0.01976577 -0.003628928
v -0.0212482 0.01922494 0.01912601
v -0.01238267 0.01947752 0.006202172
v -0.01968947 0.01922606 0.01937427
v -0.01228111 0.01246567 0.02823716
v -0.010292 0.0195195 0.005342633
v -0.01811135 0.01929476 0.02019917
v -0.0226799 0.01926977 0.02015473
v -0.01211743 0.01420618 0.02836989
v -0.03369875 0.01406525 -0.00140946
v -0.03271758 0.01532365 -0.0008804556
v -0.01885395 0.01922802 0.02104844
v -0.02066219 0.01921215 0.02160215
v -0.01113378 0.01943724 0.007441215
v -0.009639569 0.01947137 0.00734904
v -0.03115042 0.01701526 -0.003416078
v -0.03133701 0.01682042 -0.0008556228
v -0.02014543 0.01949324 0.01341294
v -0.01565502 0.01947829 0.02563252
v -0.01563993 0.0192556 0.02415334
v -0.01662325 0.01935886 0.02472381
v -0.03183769 0.01626512 0.0005187877
v -0.01428906 0.01932201 0.02409501
v -0.00793938 0.01960755 0.003423192
v -0.01749774 0.01934519 0.02560245
v -0.03073948 0.01733863 -0.001582136
v -0.008302756 0.01954939 0.004346624
v -0.01666595 0.01934683 0.02652308
v -0.01694923 0.01928376 0.01644335
v -0.0179677 0.01932508 0.01517202
v -0.01475575 0.01924623 0.01705723
v -0.0148304 0.0193491 0.02654158
v -0.01402646 0.01940474 0.02568451
v -0.01731423 0.01482016 0.0285551
v -0.008181356 0.01948323 0.006256051
v -0.007216576 0.01950972 0.005665962
v -0.03024768 0.01764887 -0.000284683
v -0.0306809 0.01733945 0.000825569
v -0.01715586 0.01926565 0.01807377
v -0.01861466 0.01622457 0.02872289
v -0.0290105 0.01833009 -0.001349701
v -0.02945141 0.01802013 0.001322197
v -0.01588429 0.01913479 0.02031201
v -0.01494277 0.01924702 0.02010312
v -0.0157855 0.01922807 0.01867704
v -0.006849077 0.01947179 0.007593904
v -0.01521046 0.01465151 0.02849315
v -0.005711071 0.01946788 0.006768864
v -0.03310101 0.01482475 0.00172103
v -0.010539 0.01936304 0.01123231
v -0.009035286 0.01937415 0.009330109
v -0.01008499 0.01942688 0.00892739
v -0.03181659 0.01620571 0.001881821
v -0.008188821 0.01938284 0.008433342
v -0.007433172 0.01945405 0.00948894
v -0.0119388 0.01935471 0.01181102
v -0.01128963 0.01929434 0.01258319
v -0.01623071 0.01661486 0.02868362
v -0.03191044 0.01611297 0.003640998
v -0.01472187 0.01741875 0.02871919
v -0.005772956 0.01946512 0.009744231
v -0.004261298 0.0193567 0.009105947
v -0.005983584 0.01941319 0.008702692
v -0.03101745 0.01699277 0.002969358
v -0.007675398 0.01933363 0.01346757
v -0.007316522 0.01937091 0.0110563
v -0.008858699 0.01934793 0.01153079
v -0.03132893 0.0166659 0.004780438
v -0.01542352 0.01980487 -0.006037045
v -0.005736057 0.01936545 0.01108994
v -0.005542265 0.01931425 0.01344578
v -0.03070103 0.01730721 0.001986509
v -0.01321824 0.0198341 -0.006127626
v -0.01136846 0.01979455 -0.006306414
v -0.01050764 0.01934086 0.01332775
v -0.01715408 0.01849071 0.02885414
v -0.01904664 0.01793249 0.02886582
v -0.01116091 0.01925321 0.01459137
v -0.01288935 0.01973029 -0.005376332
v -0.01055719 0.01933323 0.01567602
v -0.006941773 0.01929027 0.01551758
v -0.02894372 0.01825491 0.003310658
v -0.03036132 0.01748277 0.004083581
v -0.004657958 0.01928082 0.01519201
v -0.0115454 0.01975313 -0.004734455
v -0.01371063 0.0160387 0.02855945
v -0.002600655 0.01938198 0.0129719
v -0.003994597 0.01932055 0.0120343
v -0.003751427 0.019313 0.0134507
v -0.002975428 0.01938745 0.01402004
v -0.001776125 0.0193871 0.01410712
v -0.02820228 0.01860219 0.001077613
v -0.02737884 0.01889414 0.002685856
v -0.002363177 0.01931175 0.01546825
v -0.003762044 0.01926104 0.01680668
v -0.005811829 0.01928285 0.01702967
v -0.01436651 0.01972212 -0.004150543
v -0.01522368 0.01980373 -0.004925949
v -0.01329086 0.0197506 -0.003551226
v -0.02829294 0.01848348 0.005121194
v -0.02764035 0.01882409 0.00408645
v -0.005112061 0.01924337 0.01848422
v -0.02561237 0.01942803 -0.002191937
v -0.02530307 0.01951708 -0.001085211
v -0.02686182 0.01918515 -0.001597995
v -0.003726678 0.01922018 0.01889855
v -0.02374086 0.01965265 -0.001685802
v -0.01160608 0.01971096 -0.003332172
v -0.01598782 0.02022688 0.02826235
v -0.01227926 0.01921326 0.01766249
v -0.01130532 0.01922243 0.01658488
v -0.01315407 0.01924525 0.01555636
v -0.01122661 0.0191691 0.01861085
v -0.01066521 0.01928435 0.01794216
v -0.02686431 0.01912566 -2.485886e-05
v -0.02510611 0.01949606 0.0005422737
v -0.01375851 0.01921711 0.01920384
v -0.02640683 0.01926001 0.001120653
v -0.0235795 0.01961355 1.513958e-05
v -0.008274119 0.01973308 -0.004192995
v -0.02350345 0.01958673 0.001598781
v -0.0113934 0.01918568 0.02012556
v -0.007067833 0.01972051 -0.004267063
v -0.01034949 0.01913128 0.01933113
v -0.02486661 0.01948087 0.002536368
v -0.01832147 0.01933445 0.02892815
v -0.03225345 0.01568888 0.006021962
v -0.0167044 0.01926669 0.02888841
v -0.01385359 0.01922157 0.02160148
v -0.01492252 0.01929213 0.02127279
v -0.01279122 0.01923055 0.02216475
v -0.03139365 0.01657741 0.006741013
v -0.005325619 0.01975892 -0.005031848
v -0.01501091 0.01907283 0.02882143
v -0.03086518 0.01708648 0.006222259
v -0.03250372 0.0154761 0.007034272
v -0.03225943 0.01562716 0.008096978
v -0.009056713 0.01968607 -0.002830643
v -0.03071829 0.01716663 0.007561211
v -0.01419631 0.01933056 0.02290597
v -0.0311621 0.01676103 0.008193169
v -0.0159307 0.01968256 0.02913329
v -0.007322099 0.01968541 -0.00190578
v -0.01056427 0.0192342 0.02252774
v -0.01587312 0.01994443 0.0297166
v -0.01767032 0.02051356 0.02928596
v -0.02967035 0.0178069 0.006108902
v -0.01511678 0.02047128 0.0292542
v -0.01541042 0.02104967 0.02964753
v -0.01746769 0.02113471 0.02966243
v -0.003970373 0.0192372 0.02004088
v -0.0143109 0.01966116 0.02903943
v -0.002862182 0.01924227 0.0205874
v -0.002222845 0.01919353 0.01925043
v 0.0001275614 0.01924882 0.01863051
v 0.000849599 0.01934526 0.01991562
v 0.001194756 0.01930758 0.01792925
v -0.02862051 0.01826574 0.008071382
v -0.003798135 0.0192359 0.02171986
v -0.002763467 0.01928465 0.02277425
v -0.001368456 0.01930588 0.02263151
v -0.01408263 0.01993074 0.02986206
v -0.009976853 0.01968068 -0.001712736
v -0.00130276 0.01924468 0.02052715
v -0.01175792 0.01967044 -0.001632797
v -0.02724449 0.01885958 0.006934021
v 0.0001508761 0.01932148 0.02104596
v -0.03200562 0.01596379 0.009200081
v -0.03132426 0.01663616 0.009644553
v -0.0002515074 0.01931923 0.0222851
v -0.03037325 0.01725633 0.00903704
v -0.0130557 0.01781678 0.02870541
v -0.002960924 0.01941718 0.02433278
v -0.001647457 0.01941554 0.02409016
v -0.003687473 0.01944532 0.02386961
v -0.03051925 0.0170972 0.01144249
v -0.004250295 0.0193695 0.02448976
v -0.02948907 0.01779138 0.01031726
v -0.002079675 0.01945185 0.02531416
v -0.008418564 0.0196713 -0.000847429
v -0.01155205 0.01651941 0.02855591
v -0.02827284 0.01836948 0.009397589
v -0.001523448 0.01941144 0.01218505
v -0.02705387 0.01892328 0.008609399
v -0.009375229 0.01964266 0.0006257575
v -0.01296625 0.01902769 0.02873899
v -0.02813021 0.01834117 0.01044239
v -0.01083233 0.01848238 0.0286928
v -0.02735292 0.0188285 0.01008455
v 0.001519531 0.01930337 0.01204224
v -0.007914104 0.01962588 0.0007141232
v 0.002314197 0.01937035 0.0131915
v -0.02974119 0.01753686 0.01224432
v -0.02837837 0.01829494 0.01235079
v 0.00311704 0.01942639 0.01415871
v 0.001339803 0.01940626 0.01361037
v 0.001261109 0.01931961 0.01574193
v -0.03015638 0.01730867 0.01381056
v 0.0008423422 0.01937698 0.01457197
v 0.002682893 0.01941214 0.0158918
v -0.0008224417 0.01929722 0.01683304
v -0.0002832189 0.01931037 0.01515366
v 0.0007199161 0.01928987 0.01699309
v 1.360476e-05 0.01937926 0.01743831
v -0.01090022 0.01926474 0.02877392
v -0.0130582 0.01986372 0.02938507
v -0.01244652 0.01951025 0.0289342
v -0.003991637 0.01974015 -0.004327925
v -0.02876353 0.01782835 0.01975772
v -0.02891462 0.01786278 0.02111952
v -0.005147086 0.0197138 -0.003423866
v -0.0194909 0.02006586 -0.008068463
v -0.02830875 0.01805026 0.02207014
v -0.018536 0.01993218 -0.007387321
v -0.01748326 0.01992746 -0.00751178
v -0.01944004 0.01991858 -0.006893216
v -0.00304894 0.01966685 -0.00285597
v -0.02748817 0.01843385 0.02377553
v -0.02449694 0.01919802 0.02167023
v -0.02361579 0.0191629 0.02065565
v -0.02435868 0.01918623 0.02020258
v -0.01753235 0.01985231 -0.006350186
v -0.009524256 0.01220006 0.02815345
v -0.02506931 0.01907234 0.02440441
v -0.02552922 0.01898863 0.02629881
v -0.02442139 0.01918768 0.02639941
v -0.02733638 0.01852078 0.02634294
v -0.005538423 0.01969196 -0.001648374
v -0.01866614 0.01980454 -0.005111048
v -0.0271487 0.01896587 0.02710639
v -0.02579862 0.01925949 0.02703515
v -0.0203641 0.01986588 -0.005884215
v -0.02589895 0.01884825 0.02463697
v -0.004069692 0.01968359 -0.001917591
v -0.02733237 0.01951952 0.02774202
v -0.02326745 0.01923427 0.02272922
v -0.02187372 0.01922989 0.02290685
v -0.01662229 0.0198082 -0.005688181
v -0.02004444 0.01922294 0.02291289
v -0.002636977 0.01963372 -0.001152448
v -0.001792813 0.01970334 -0.002887983
v -0.01882284 0.01917092 0.02270313
v -0.01603834 0.01976829 -0.003762329
v -0.02154817 0.01961882 -0.00175353
v -0.02368061 0.01913898 0.02429591
v -0.02254148 0.01924437 0.02481446
v -0.0209206 0.0192393 0.02432409
v -0.008964702 0.01422236 0.0283002
v -0.0101679 0.01517847 0.02842126
v -0.0211413 0.01926567 0.02606544
v -0.01982367 0.01921504 0.0242991
v -0.01846626 0.01926115 0.02460149
v -0.01795271 0.01927063 0.02253293
v -0.01900967 0.01972369 -0.003033254
v -0.007974103 0.01258764 0.02814952
v -0.000990428 0.01973888 -0.003900547
v -0.01893067 0.01934947 0.02559909
v -0.01742139 0.01971522 -0.003413124
v -0.01989868 0.01966599 -0.002199799
v -0.007232394 0.01127102 0.02807284
v -0.02238324 0.01694252 0.02891263
v -0.0002088062 0.01966983 -0.001786046
v -0.005198702 0.01120577 0.02803134
v -0.005701441 0.01302423 0.02815782
v -0.01466046 0.01970345 -0.002166998
v -0.01801495 0.01965822 -0.00121353
v -0.001168173 0.01964844 -1.651235e-05
v -0.006322924 0.0196142 -0.0002237149
v -0.007446788 0.01428837 0.02829989
v -0.02299856 0.01922474 0.02613835
v -0.01349556 0.0196544 -0.001275696
v -0.02204863 0.01956207 0.02692024
v -0.01989289 0.01933629 0.02647546
v -0.004220294 0.01964223 0.0009030029
v -0.008364107 0.01599952 0.02843616
v -0.009538714 0.01735375 0.02856869
v -0.02243594 0.01961475 -0.0005404539
v -0.01839751 0.01932479 0.02649574
v -0.007464923 0.01960781 0.002408694
v -0.02112 0.01956689 0.000163164
v -0.007740404 0.0171762 0.02854576
v -0.02224405 0.01959408 0.001397466
v -0.005937941 0.01481627 0.02832319
v -0.02007895 0.01953097 0.001132779
v -0.02005012 0.01957776 -8.174405e-05
v -0.02149588 0.01953645 0.002079254
v -0.002572874 0.0196421 8.615106e-05
v -0.02041132 0.01951684 0.00291178
v -0.004177045 0.01394083 0.02825724
v -0.003648302 0.01258216 0.02813528
v -0.0298584 0.01901548 0.02832639
v -0.01895871 0.01962005 -0.0002390742
v -0.004797088 0.01613272 0.02842179
v -0.002771406 0.01524488 0.02834568
v -0.002337541 0.01957684 0.002725651
v -0.0031035 0.01680916 0.02848943
v -0.01700964 0.01960735 0.0005728249
v -0.02830987 0.01958809 0.02825072
v -0.0006385837 0.0195861 0.002265587
v -0.006219834 0.01763252 0.02855365
v 3.255531e-05 0.0196033 0.0008659568
v -0.02287367 0.01954217 0.00296681
v -0.02944716 0.01999694 0.02947744
v -0.02285514 0.01961083 0.004566018
v -0.02474583 0.0194105 0.004275903
v -0.013002 0.01927817 0.02431569
v -0.01231071 0.01930344 0.02369728
v -0.0130027 0.01939952 0.02498562
v 0.003241895 0.01966936 -0.00125874
v -0.0130313 0.01936486 0.02625711
v 0.005036546 0.01972343 -0.002276093
v -0.01256887 0.01951124 0.02692893
v -0.01170439 0.01927615 0.02439943
v -0.01087227 0.01935085 0.02415973
v -0.01219161 0.01946774 0.02564438
v 0.001462439 0.01966657 -0.0003683418
v -0.01100623 0.0194035 0.02582119
v -0.009913076 0.01939058 0.02465043
v -0.008536968 0.01938156 0.0252072
v -0.01020932 0.01939464 0.02665782
v 0.002457282 0.0196354 0.0002480354
v -0.009538461 0.01930789 0.023408
v -0.009127434 0.01925089 0.02426842
v 0.00416862 0.01964964 7.517077e-05
v -0.01189866 0.01935955 0.02652852
v 0.006055284 0.0196889 -0.001289556
v 0.007457657 0.01972014 -0.001174025
v 0.005742464 0.01965292 0.0003549624
v -0.01356192 0.02020034 0.02820377
v 0.007152081 0.01967862 0.0004370734
v -0.01337339 0.021178 0.0298643
v -0.01054602 0.02017692 0.02821608
v -0.01198715 0.02043393 0.02920943
v 0.0002293624 0.01954735 0.004097939
v 0.0009462908 0.01958217 0.002658125
v -0.01170048 0.0197269 0.02915191
v -0.01035253 0.01974637 0.02911315
v 0.001607532 0.01960936 0.001612879
v -0.009564657 0.02042882 0.02923712
v -0.01131963 0.01989887 0.02979257
v -0.009833202 0.01993684 0.02973629
v -0.007420328 0.01939218 0.02612474
v -0.006969813 0.01932704 0.02500119
v 0.005775837 0.01959324 0.00207785
v -0.008836754 0.01939262 0.02662444
v -0.005550006 0.01942833 0.02669253
v -0.005385688 0.01945823 0.02562534
v 0.007326158 0.01964245 0.002586223
v -0.007510353 0.01954243 0.02692248
v -0.007584959 0.02019775 0.02817546
v -0.00400494 0.02022176 0.02818207
v -0.005944531 0.01965119 0.001504086
v -0.003995936 0.01836555 0.02857433
v -0.006510835 0.01958661 0.00362321
v -0.004938841 0.01955855 0.002251552
v -0.00514386 0.01954676 0.004516874
v -0.006247804 0.01898241 0.02863367
v -0.005114393 0.01933786 0.02870031
v -0.001361486 0.01775559 0.02856373
v -0.002231423 0.01899193 0.02861592
v -0.003558178 0.01918029 0.02864618
v -0.005948067 0.01952904 0.005581241
v -0.004076788 0.0197561 0.02904045
v -0.003035648 0.0197342 0.02902767
v -0.003510261 0.01956031 0.004254736
v -0.004013307 0.01943634 0.02660113
v -0.001138046 0.01942221 0.02637865
v -0.003056418 0.01956878 0.02702029
v -0.001263741 0.01962118 0.0270684
v -0.001176031 0.02018953 0.02811371
v -0.002265677 0.01951929 0.00456037
v -0.0009041578 0.01954513 0.004640147
v -0.003854353 0.02047542 0.029227
v -0.002162466 0.02049987 0.02923204
v -0.004037444 0.01955121 0.005085688
v -0.001871737 0.01967952 0.02891064
v -0.009461191 0.01935281 0.02880068
v -0.008870669 0.01858667 0.02865217
v -0.004290735 0.01947452 0.006499663
v -0.008855026 0.01966168 0.02901837
v -0.007741582 0.01910742 0.02866727
v -0.0074501 0.02044724 0.0292425
v -0.006852847 0.01970423 0.02896248
v -0.005422553 0.02043477 0.02923973
v -0.00772224 0.01997295 0.02970279
v -0.008504391 0.01992946 0.02989043
v -0.006685812 0.01994167 0.02975237
v -0.009416696 0.02119377 0.02985903
v -0.005265478 0.01980253 0.02910718
v -0.004238417 0.01994794 0.0297815
v -0.004163917 0.01996681 0.03084812
v -0.003648369 0.02119249 0.02991216
v -0.005768731 0.0210887 0.02978261
v -0.002297748 0.01987802 0.02962578
v 0.001679596 0.01949795 0.006397732
v -0.01742455 0.02012694 0.03081408
v -0.01545357 0.02003659 0.03082352
v -0.02725621 0.01856348 0.02504052
v -0.02626068 0.0188341 0.02345279
v -0.01358799 0.01932859 0.01085119
v -0.02799388 0.01811435 0.02541877
v -0.0129366 0.01927194 0.0120886
v -0.01927384 0.01949353 0.01182207
v -0.01862447 0.01936995 0.0123486
v -0.0320408 0.01620286 -0.008162467
v -0.03160296 0.01688604 -0.009422574
v -0.01938634 0.01932701 0.01380505
v -0.02519392 0.01905937 0.02279801
v -0.01775436 0.01929975 0.01377475
v -0.0314186 0.01692222 -0.007993538
v -0.03098873 0.01728657 -0.006421771
v -0.01291953 0.01932511 0.01355464
v -0.01381422 0.01939831 0.01425887
v -0.01233975 0.01941158 0.0129291
v -0.02813026 0.01830191 0.01359503
v -0.02713975 0.01883668 0.01402044
v -0.02729585 0.01880686 0.01211423
v -0.0170611 0.01925015 0.02347124
v -0.01571821 0.01917713 0.02183402
v -0.02610773 0.01903016 0.01331845
v -0.0158673 0.01926939 0.02294593
v -0.02604141 0.01909972 0.01403917
v -0.02476636 0.01926248 0.01312787
v -0.02616823 0.01907367 0.01141869
v -0.01459575 0.01940922 0.006933641
v -0.02708535 0.01869011 0.01496891
v -0.02623496 0.01897576 0.01569837
v -0.02469885 0.01923785 0.01531959
v -0.02568837 0.01894871 0.01625634
v -0.02620049 0.01899097 0.01748711
v -0.02410651 0.01920778 0.01388783
v -0.02405103 0.01932717 0.01191203
v -0.02494702 0.01915857 0.01641928
v -0.02411397 0.01913556 0.01633931
v -0.02821966 0.01827311 0.01879108
v -0.02706011 0.01862955 0.01957657
v -0.02608386 0.01890724 0.01920187
v -0.02768289 0.01846312 0.02074555
v -0.02131531 0.01993586 -0.00729925
v -0.02561464 0.01894621 0.01804937
v -0.02440185 0.01913344 0.01799765
v -0.02464354 0.01921023 0.01893632
v -0.029093 0.01838389 -0.003289524
v -0.02581384 0.01902851 0.01970434
v -0.03069736 0.01965164 0.02984118
v -0.01754338 0.01922233 0.02051405
v -0.02878455 0.02054676 0.03027282
v -0.02692255 0.02103949 0.0304556
v -0.0283309 0.0187727 -0.002088025
v -0.03021034 0.01999271 0.03095123
v -0.02904581 0.0195255 0.03149972
v -0.02798015 0.0188538 -8.382276e-05
v -0.02850863 0.0200352 0.03159126
v -0.02886811 0.02033838 0.03132305
v -0.02657287 0.01916206 0.004510593
v -0.004430363 0.01943568 0.01062353
v -0.02256509 0.02127502 0.02973014
v -0.02408934 0.02143817 0.03002145
v -0.02378181 0.02149258 0.03060689
v -0.012313 0.01926657 0.01496058
v -0.02279406 0.02138805 0.03041655
v -0.02092242 0.02134922 0.03001412
v -0.0254019 0.01936648 0.005507771
v -0.02206302 0.021294 0.03114941
v -0.009784769 0.01932715 0.01448172
v -0.01922725 0.02010103 0.03086581
v -0.009282514 0.01930382 0.01575287
v -0.008197621 0.01922934 0.01450439
v -0.00814214 0.01925909 0.01648639
v -0.01861573 0.02133923 0.02997798
v -0.007495597 0.01936067 0.01650275
v -0.01820393 0.02131899 0.03120992
v -0.007372029 0.01925716 0.01762171
v -0.02612661 0.01917017 0.006958917
v -0.02030659 0.02121254 0.03130511
v -0.0194118 0.02080153 0.03149555
v -0.01801399 0.02059378 0.03146632
v -0.01875289 0.02102276 0.031503
v -0.03159733 0.01625565 0.01160808
v -0.002466291 0.01931821 0.01683632
v -0.03160724 0.01636085 0.01221852
v -0.001592467 0.01919109 0.01815891
v -0.0007420294 0.0193139 0.01841164
v -0.03150792 0.01638587 0.01297785
v -0.03065649 0.01707261 0.01235526
v -0.0307775 0.01685702 0.01285452
v -0.009395629 0.01919063 0.01662426
v -0.009648331 0.01921784 0.01880287
v -0.009388741 0.01917244 0.01820349
v -0.009964876 0.01907447 0.02091796
v -0.0087272 0.01919069 0.01943039
v -0.008760896 0.01927412 0.01731331
v -0.006754164 0.0192045 0.01906676
v -0.009014435 0.01912447 0.02103348
v -0.006791852 0.01925329 0.0200777
v -0.006586738 0.01929441 0.01802852
v -0.00845363 0.01911818 0.02275955
v -0.007861409 0.01922725 0.02157541
v -0.005780134 0.01923172 0.02123181
v -0.004968951 0.01913716 0.02141697
v -0.007608164 0.0192185 0.02314602
v -0.006392304 0.01930859 0.02361751
v -0.004361039 0.01920663 0.02271502
v -0.005139748 0.01925634 0.0226691
v -0.0002657901 0.01922704 0.02354926
v -0.01495923 0.01941205 0.02300441
v 0.0006772894 0.01947082 0.01117063
v -0.0005840063 0.01935665 0.0131174
v 0.002238622 0.01944339 0.009694926
v 0.004755342 0.01944528 0.009522807
v 0.003366427 0.01939444 0.009413742
v 0.0004481524 0.01929225 0.01351319
v 0.002526319 0.01953082 0.01035688
v -0.0006057508 0.01943949 0.01402272
v 0.001194395 0.01941291 0.0104236
v -0.01443507 0.02127617 0.03001996
v -0.02437773 0.01943163 0.009509772
v -0.02484485 0.01945231 0.008183975
v -0.01251113 0.02007639 0.03090578
v -0.01140384 0.02116817 0.02983352
v -0.01209284 0.02130663 0.03029171
v -0.02555083 0.01925682 0.01074737
v -0.01103821 0.02001761 0.03096915
v -0.02611569 0.01886477 0.02161235
v -0.02736193 0.01859466 0.02224735
v -0.0101553 0.02124795 0.0306113
v -0.02329967 0.01953139 0.007838689
v -0.02247795 0.01946299 0.008574054
v -0.007240947 0.0212741 0.02995234
v -0.01938554 0.01942072 0.007030249
v -0.008997664 0.02003127 0.03107374
v -0.008186098 0.02049104 0.03156963
v -0.01047485 0.02050368 0.03152309
v -0.01904626 0.01949682 0.008245386
v -0.02047076 0.01945791 0.008368887
v -0.02164939 0.01948945 0.008876942
v -0.008259527 0.0212207 0.03088857
v -0.007544797 0.01992417 0.03084346
v -0.01991922 0.01938504 0.009109594
v -0.02063642 0.01925044 0.009043679
v -0.02065333 0.0195342 0.009893149
v -0.0065188 0.02111957 0.03130701
v -0.005723692 0.0212219 0.03012079
v -0.005398907 0.02030153 0.03144683
v -0.007192932 0.02080039 0.03158431
v -0.008343473 0.021039 0.03151795
v -0.006257463 0.01997887 0.03080839
v -0.006062344 0.02059539 0.03157488
v -0.004960513 0.02114217 0.03128048
v -0.004741995 0.02076987 0.03158044
v -0.003712354 0.02021943 0.03139796
v -0.0179371 0.01935891 0.008762207
v -0.002184359 0.02121311 0.03099776
v -0.002791813 0.02102269 0.03153925
v -0.003111215 0.02083031 0.03165172
v -0.001978638 0.02058889 0.0315896
v -0.01617611 0.02127982 0.03006886
v -0.01636255 0.0207479 0.031503
v -0.01651977 0.02111457 0.03134515
v -0.01543062 0.02088353 0.03150094
v -0.01374571 0.02021808 0.03116582
v -0.01438736 0.02067142 0.0314916
v -0.01761017 0.02102236 0.03158241
v -0.0138229 0.02125932 0.03090547
v -0.01510758 0.02115399 0.03125977
v -0.01385931 0.02100858 0.03147035
v -0.0121131 0.02075751 0.03161069
v -0.01303383 0.02115485 0.03132646
v -0.01164382 0.02029692 0.03139995
v -0.01149448 0.02111552 0.03148027
v -0.01021964 0.02088729 0.03161174
v -0.009938624 0.02106104 0.0314487
v -0.008999072 0.0208425 0.03166696
v 0.02002567 0.001206681 0.02764319
v 0.008428091 0.01966657 0.001199197
v 0.01697448 0.001393087 0.02758134
v 0.01667551 0.002608152 0.02761811
v 0.01544334 0.001217308 0.02757908
v 0.0314686 -4.783832e-05 0.02961319
v 0.03091316 -0.0009897351 0.02960019
v 0.03178663 -0.001352845 0.02961897
v 0.0181533 0.01991071 0.02972421
v 0.0163543 0.01989805 0.02981976
v 0.01731401 0.01971181 0.02902811
v 0.01873383 0.02000068 0.03094527
v 0.0322148 -0.001084425 0.02928495
v 0.03051651 0.0005158558 0.02962352
v 0.03193199 -0.003031937 0.02962579
v 0.0191716 0.01976965 0.02915563
v 0.0205401 0.01973731 0.02917434
v 0.02046791 0.01998765 0.0309902
v 0.02206512 0.01992723 0.03028
v 0.02170962 0.01968404 0.02920941
v 0.01795384 0.003803551 0.02770285
v 0.01807946 0.02048071 0.02913191
v 0.02097217 0.02045221 0.02913186
v 0.01976768 0.02022618 0.02816573
v 0.0322526 -9.815581e-05 0.0288934
v 0.03197829 0.001314495 0.02925548
v 0.007687479 0.01959104 0.003838856
v 0.01013595 0.01963952 0.003364265
v 0.0182179 0.02115797 0.02967451
v 0.01084185 0.01971618 0.001344921
v 0.03145738 0.001302274 0.02961927
v 0.03222974 0.00201801 0.02836433
v 0.03247755 0.0008335244 0.02827103
v 0.02232089 0.0145378 0.02854443
v 0.02001669 0.01394998 0.02842244
v 0.02199838 0.01253801 0.02836251
v 0.01909127 0.003136938 0.02766348
v 0.0204434 0.01558596 0.0285622
v 0.02075666 0.003036888 0.02772172
v 0.02464293 0.01351489 0.02852403
v 0.02399817 0.01490919 0.02864756
v 0.007472642 0.01954274 0.006082531
v 0.008791491 0.01955668 0.005589806
v 0.03703339 -0.002060194 0.03102119
v 0.03693632 -0.0004669949 0.03102109
v 0.03660251 -0.001802951 0.0304928
v 0.03665588 0.0002811886 0.03073481
v 0.03650186 -0.001442052 0.02949449
v 0.02259312 0.01656346 0.02872113
v 0.01135262 0.01961395 0.005245127
v 0.02393716 0.0172351 0.02880724
v 0.02414768 0.01226277 0.0284549
v 0.02507161 0.01229523 0.02847167
v 0.02905425 0.004099241 0.02811725
v 0.02737303 0.00426098 0.02809201
v 0.02700887 0.002509702 0.02796337
v 0.009577746 0.01974686 -0.0005280338
v 0.02867886 0.005603111 0.02820087
v 0.02618526 0.01187644 0.02855041
v 0.02528351 0.01176571 0.02889692
v 0.02676138 0.01135268 0.02884645
v 0.02704112 0.01191251 0.02846194
v 0.02672742 0.01407859 0.02865892
v 0.02541043 0.003582992 0.02788326
v 0.02604816 0.004993788 0.0278505
v 0.02408976 0.004839099 0.02791847
v 0.02347655 -0.0003514979 0.02775711
v 0.02566588 0.005674358 0.0279533
v 0.02303219 0.01214261 0.02840779
v 0.02197428 0.0006290283 0.02771952
v 0.02280834 0.00251008 0.02778662
v 0.01201932 0.01977681 0.0003753211
v 0.02559724 0.01551558 0.02875127
v 0.02457242 0.001466798 0.02782569
v 0.02781483 0.007036649 0.02800504
v 0.02718419 0.007763294 0.02819004
v 0.02449275 0.00609211 0.02800766
v 0.02513198 0.007239338 0.02809456
v 0.02816315 0.01533522 0.02881486
v 0.02272452 0.01949048 0.02596299
v 0.02350744 0.01940601 0.02439002
v 0.02257233 0.01948807 0.02418896
v 0.01628242 0.003930345 0.02752642
v 0.01734116 0.004457952 0.0276074
v 0.0255469 0.01910332 0.02484196
v 0.02447378 0.01924874 0.02609126
v 0.02590124 0.01904276 0.02633602
v 0.02406553 0.01962562 0.02697173
v 0.02263741 0.01971347 0.02692135
v 0.02107142 0.01955118 0.02664749
v 0.02299648 0.02019424 0.02800929
v 0.01326811 0.01975804 0.001900742
v 0.02869826 0.006924447 0.02828161
v 0.02918122 0.006033823 0.0283117
v 0.01192254 0.01968848 0.003013249
v 0.02598918 0.01714665 0.02888624
v 0.01912299 0.005434984 0.02780281
v 0.02888597 0.003098181 0.02788496
v 0.02059696 0.004508629 0.02774034
v 0.02769353 0.0174128 0.02896581
v 0.0298512 0.00373455 0.02804534
v 0.02969047 0.002654167 0.02824903
v 0.02967441 0.002432566 0.02865871
v 0.02986065 0.004359636 0.02804621
v 0.03005069 0.004089439 0.02912394
v 0.02154848 0.005764426 0.02783903
v 0.02538248 0.01905532 0.02902715
v 0.02686246 0.0186591 0.02899473
v 0.03009458 0.003455197 0.02935676
v 0.02997684 0.002275165 0.02931992
v 0.01446035 0.01969915 0.003991354
v 0.02947203 0.005016429 0.02834098
v 0.0286928 0.01809279 0.0290532
v 0.0285091 0.01857139 0.02922305
v 0.03155979 0.004538612 0.02932295
v 0.03204248 0.003347017 0.02834995
v 0.03183721 0.004649621 0.02843703
v 0.02053983 0.01748655 0.02869794
v 0.01391084 0.01965223 0.005384099
v 0.03229709 0.004685005 0.02835748
v 0.0317107 0.006157 0.0282539
v 0.02221122 0.01826311 0.02882265
v 0.02092995 0.01906525 0.02879555
v 0.02248175 0.004068146 0.02783405
v 0.03132398 0.005731394 0.02938506
v 0.03134568 0.006418936 0.02876979
v 0.03030303 0.001938228 0.02958792
v 0.03043325 0.003287399 0.02957171
v 0.02263151 0.01909525 0.02886773
v 0.03131113 0.002569601 0.02965115
v 0.03049138 0.00452201 0.02961698
v 0.01645405 0.01977152 0.002626935
v 0.03118467 0.004195746 0.02961577
v 0.02447917 0.01901648 0.02891756
v 0.03170495 0.003203204 0.02934607
v 0.0195313 0.01989435 0.001623802
v 0.02975894 0.005378652 0.02928449
v 0.02288212 0.01966326 0.02923252
v 0.02398882 0.01962483 0.0291803
v 0.02406003 0.02054056 0.02902935
v 0.02894717 0.007241637 0.02914636
v 0.01742802 0.01978756 0.003818259
v 0.0302814 0.005996678 0.029649
v 0.02948811 0.007258453 0.02964662
v 0.02435312 0.003162859 0.02785164
v 0.01954835 0.01989003 0.004129868
v 0.0236779 0.01994348 0.03072423
v 0.02582063 0.01942358 0.02935942
v 0.02205767 0.0213307 0.02968653
v 0.02290488 0.006602068 0.02787159
v 0.02446094 0.0205455 0.0315144
v 0.02243431 0.02069367 0.03158613
v 0.02239407 0.02015607 0.03131587
v 0.02484539 0.01994866 0.03095449
v 0.03081996 0.005607671 0.02969391
v 0.02197982 0.007429761 0.02796566
v 0.03082386 0.006585663 0.02955815
v 0.02680352 0.01907062 0.02917384
v 0.02653786 0.008251694 0.02822646
v 0.02550949 0.008895791 0.02810589
v 0.02175253 0.0199809 0.003506877
v 0.02673168 0.008876037 0.02845212
v 0.02735012 0.01920747 0.02979182
v 0.02913336 0.0185685 0.02981487
v 0.02816922 0.01917657 0.03096706
v 0.02686417 0.01951814 0.03064815
v 0.02785523 0.008237359 0.0285595
v 0.02629263 0.01993821 0.03118247
v 0.02846788 0.007900897 0.0281445
v 0.02440248 0.01929542 0.02327055
v 0.02274658 0.02003806 0.002552737
v 0.02577559 0.01947829 0.02721409
v 0.02514274 0.02026327 0.02825129
v 0.02384533 0.00783686 0.02786597
v 0.02319051 0.008486786 0.02803755
v 0.02900461 0.01817993 0.02712183
v 0.02952458 0.01739945 0.0262488
v 0.02821472 0.01807839 0.02614744
v 0.02738801 0.01858167 0.02635848
v 0.02723772 0.01896596 0.02707733
v 0.02816552 0.008220676 0.02907147
v 0.02959359 0.01899071 0.02814587
v 0.01594571 0.01967493 0.006640427
v 0.02750567 0.01982277 0.02817094
v 0.02904837 0.01007832 0.02863735
v 0.02992807 0.009338405 0.02823252
v 0.02964337 0.00998404 0.02831364
v 0.03224442 0.006492352 0.02820352
v 0.0330824 0.005463641 0.02841762
v 0.03169066 0.007741617 0.02842491
v 0.02927257 0.0194876 0.02901336
v 0.0108354 0.0026451 0.02738332
v 0.02784717 0.01999147 0.02899252
v 0.01450798 0.01960641 0.007457484
v 0.02574307 0.02042889 0.02906312
v 0.03282674 0.008021593 0.02850419
v 0.009204794 0.004639073 0.02746391
v 0.01080628 0.004250947 0.02747398
v 0.02648123 0.02092852 0.02954918
v 0.02816015 0.0204318 0.0294229
v 0.01826893 0.01976776 0.006290145
v 0.02770505 0.01989722 0.0314358
v 0.02857387 0.01982811 0.0315453
v 0.02978634 0.008014168 0.02963599
v 0.03099732 0.006957044 0.02925985
v 0.0304289 0.007946554 0.02935619
v 0.01122823 0.00226533 0.02758459
v 0.03559221 -0.008624727 0.01453789
v 0.01195004 0.002265526 0.02751277
v 0.03109371 0.007333608 0.02862293
v 0.03064299 0.007936273 0.02860182
v 0.01206941 0.001786022 0.02756513
v 0.01193066 0.001645783 0.02770971
v 0.01221139 0.002065735 0.02758198
v 0.01166842 0.001971591 0.02776939
v 0.01145795 0.002263002 0.02762965
v 0.01185974 0.002325874 0.02770887
v 0.01226024 0.003010068 0.02778568
v 0.01160516 0.003619986 0.02743806
v 0.02048103 0.01986277 0.00580015
v 0.01164284 0.003095878 0.02772911
v 0.0121558 0.002823545 0.02766263
v 0.01324189 0.003325624 0.02757003
v 0.01226347 0.003096852 0.02766936
v 0.01247372 0.003398163 0.02768097
v 0.01225094 0.003249751 0.0277372
v 0.01824617 0.01967525 0.007623501
v 0.03568612 -0.008338831 0.01719837
v 0.03041731 0.008569969 0.02847283
v 0.03058922 0.008161361 0.02832065
v 0.03094232 0.008407881 0.02844793
v 0.03072749 0.009215967 0.02835343
v 0.02001098 0.01971808 0.006659791
v 0.03241465 0.009324435 0.02856424
v 0.03586163 -0.007209109 0.01640614
v 0.02976339 0.008776699 0.02933318
v 0.02024782 0.01965752 0.008230943
v 0.0195447 0.01977592 0.007431556
v 0.01915427 0.01971138 0.008457549
v 0.02105233 0.01976977 0.007987011
v 0.01157018 0.00534954 0.02754941
v 0.02225604 0.01994541 0.005152147
v 0.02896564 0.009505439 0.02938604
v 0.01260149 0.004249945 0.0277651
v 0.01258623 0.004609072 0.02754581
v 0.03100798 0.01060805 0.02855603
v 0.01203962 0.003593897 0.02927131
v 0.01162589 0.00346582 0.02824336
v 0.03592797 -0.005999794 0.015275
v 0.03590548 -0.004761219 0.01394973
v 0.01195244 0.003018353 0.02958056
v 0.008364737 0.01950935 0.008084569
v 0.01001385 0.006156884 0.02757232
v 0.03388528 0.008771825 0.02864262
v 0.01301445 0.002046436 0.02730977
v 0.03591957 -0.004967147 0.01579597
v 0.006535899 0.0195141 0.008167151
v 0.03602342 0.003859067 0.02615763
v 0.03606859 0.002173154 0.02599203
v 0.03568491 0.003919676 0.02416736
v 0.01298677 0.003762556 0.02786696
v 0.01291031 0.002464376 0.02787793
v 0.03630261 0.001191178 0.02641311
v 0.01280561 0.002663884 0.0294988
v 0.007770961 0.01942358 0.008683484
v 0.01326015 0.002579823 0.02825189
v 0.0134606 0.002930537 0.02912935
v 0.01410039 0.003506554 0.02807051
v 0.03289209 0.002102131 0.02831688
v 0.03394851 0.0008551609 0.02839769
v 0.03585724 -0.002531782 0.01586886
v 0.01018783 0.01954531 0.007728066
v 0.01256867 0.00353465 0.02771737
v 0.01274989 0.003676293 0.02771464
v 0.01293436 0.003884314 0.02768947
v 0.01308266 0.004005037 0.02771341
v 0.01385972 0.004280012 0.02762333
v 0.01391231 0.003701709 0.02760988
v 0.01475074 0.003733018 0.02738849
v 0.01390527 0.002193535 0.02740724
v 0.03385378 -0.0005286913 0.02835626
v 0.03512978 0.0005965978 0.02848949
v 0.0125226 0.01958065 0.007344801
v 0.03512782 0.002308775 0.02859508
v 0.01329844 0.004239464 0.0277186
v 0.0133731 0.004133744 0.02771396
v 0.01347268 0.004114049 0.02773842
v 0.03585468 -0.007494427 0.01899923
v 0.03590652 -0.005921651 0.01836538
v 0.01487735 0.004560191 0.02765456
v 0.03590888 -0.006294819 0.01975589
v 0.01343975 0.004140941 0.02784612
v 0.01340591 0.004102793 0.02777964
v 0.01341047 0.004223747 0.02786385
v 0.01343451 0.004245242 0.02776459
v 0.01322498 0.004184596 0.0278644
v 0.01350356 0.004235817 0.02783279
v 0.01371882 0.004259283 0.0278298
v 0.01353984 0.005510005 0.02758883
v 0.01378903 0.004412767 0.02783962
v 0.01414892 0.004847536 0.02777798
v 0.01449797 0.005040684 0.02788804
v 0.01462216 0.00425319 0.0279971
v 0.01389121 0.004385214 0.02787294
v 0.03607498 0.0003418103 0.0258337
v 0.03633917 -0.0009192191 0.02642682
v 0.01523353 0.002722472 0.02749646
v 0.03579732 -0.00776243 0.02072741
v 0.01504548 0.004575509 0.02929916
v 0.01516208 0.004643011 0.0280414
v 0.03704453 0.0001065824 0.02749043
v 0.004648043 0.01938417 0.01214641
v 0.00578337 0.01941513 0.01149724
v 0.005464274 0.01952751 0.01080199
v 0.005916836 0.01942243 0.01289121
v 0.00608426 0.01949421 0.0102052
v 0.007512856 0.01941892 0.01128878
v 0.0128752 0.00388738 0.02964105
v 0.01033829 0.01947946 0.009846639
v 0.009575086 0.01942316 0.008970052
v 0.008817414 0.01947546 0.009682033
v 0.009045739 0.01941975 0.01041475
v 0.007563727 0.01946673 0.009676315
v 0.01035169 0.01935247 0.00919449
v 0.01138759 0.01945042 0.01188814
v 0.01188223 0.01952223 0.01060503
v 0.01027981 0.01945735 0.01119428
v 0.01034293 0.01952174 0.01290744
v 0.01294558 0.004556803 0.02930603
v 0.03719425 -0.00177677 0.0279844
v 0.03722757 0.001842111 0.02794069
v 0.01106307 0.01943783 0.01373766
v 0.01402519 0.00404726 0.02956896
v 0.03583945 -0.003177427 0.01792098
v 0.01304536 0.01950567 0.00881749
v 0.01330224 0.01939106 0.008170404
v 0.01220463 0.01946381 0.008461948
v 0.01458256 0.01943567 0.008128442
v 0.0144334 0.01952464 0.009127483
v 0.0138994 0.004932048 0.02969259
v 0.03688449 0.003172744 0.02730133
v 0.01270824 0.0194288 0.009935193
v 0.01390832 0.005416874 0.02934625
v 0.01455633 0.01948873 0.01058469
v 0.01263144 0.0194141 0.01138133
v 0.0135077 0.01951302 0.01138879
v 0.03586863 -0.003640933 0.01988821
v 0.03564558 0.001469152 0.02849595
v 0.03573015 -0.000128936 0.02841204
v 0.03634761 0.001973888 0.02883912
v 0.03657518 0.000473585 0.02967747
v 0.03637301 0.0004274342 0.02894007
v 0.03634223 -0.001392052 0.02886458
v 0.01265696 0.01942646 0.01330963
v 0.03587722 -0.002541397 0.01352603
v 0.03582586 -0.000786284 0.01223037
v 0.01298728 0.006253028 0.02759183
v 0.01627802 0.01948961 0.01371923
v 0.01696402 0.01952066 0.01249741
v 0.01626878 0.01947761 0.01196527
v 0.03726646 -0.001113912 0.02866523
v 0.03731991 0.001415284 0.02866782
v 0.01290475 0.008378385 0.02776128
v 0.01471379 0.008228657 0.02772755
v 0.01588051 0.01947984 0.01495391
v 0.01447082 0.01943828 0.01381431
v 0.03575525 0.0006567463 0.0146966
v 0.03582387 -0.0009430554 0.01381123
v 0.03577434 0.001673443 0.01379892
v 0.01175371 0.007339288 0.02767305
v 0.01737137 0.01945194 0.01565908
v 0.01750518 0.01951637 0.01456342
v 0.01034189 0.008199762 0.02763174
v 0.009260044 0.007172278 0.02754581
v 0.03572261 0.003234996 0.02855745
v 0.0160623 0.01953694 0.007707246
v 0.01548737 0.01958752 0.008412551
v 0.0373307 0.003751272 0.02882982
v 0.03573166 0.00370512 0.01301302
v 0.0162761 0.01958683 0.009294134
v 0.01639374 0.01958994 0.01073269
v 0.01118439 0.00922 0.02772077
v 0.01779048 0.01968931 0.008940101
v 0.03580851 0.005822247 0.02574937
v 0.03605139 0.005860539 0.02635721
v 0.01988935 0.01972281 0.009971648
v 0.01734697 0.01957816 0.009764262
v 0.03572371 0.00279888 0.01553488
v 0.01795715 0.01966152 0.0102575
v 0.03568347 0.004318219 0.01425106
v 0.01721299 0.01946322 0.01121143
v 0.01823189 0.01958626 0.01121374
v 0.03551195 0.00839565 0.02561815
v 0.01484704 0.005137611 0.02765919
v 0.0237885 0.01998201 0.002739618
v 0.01453056 0.005162332 0.02776318
v 0.01474685 0.005651066 0.02802865
v 0.01456235 0.005206837 0.02784874
v 0.0149065 0.00596188 0.02778087
v 0.03572071 0.00470017 0.01527958
v 0.01390124 0.00559286 0.02785845
v 0.01487648 0.006715341 0.02767592
v 0.02465866 0.0197943 0.004177786
v 0.02598024 0.01957737 0.004031107
v 0.01506247 0.006175187 0.02796591
v 0.01564924 0.005436609 0.02770714
v 0.03567816 0.004584099 0.01771583
v 0.03572506 0.002230052 0.0176027
v 0.01575646 0.004940472 0.02754593
v 0.01501773 0.004636628 0.02794289
v 0.01494668 0.004657509 0.02790722
v 0.0149767 0.004766885 0.02788511
v 0.01512776 0.004816012 0.02788693
v 0.01505424 0.004852689 0.02787844
v 0.01513165 0.005022462 0.02772397
v 0.01523166 0.004995944 0.02775171
v 0.01516638 0.004937697 0.02786941
v 0.03708509 0.006342136 0.02784268
v 0.03596837 0.008113184 0.02667373
v 0.02297891 0.01997675 0.004197661
v 0.01661053 0.005580393 0.0274939
v 0.03718366 0.004789629 0.02789465
v 0.01561404 0.00511466 0.02798602
v 0.01524322 0.00520076 0.0279285
v 0.01624155 0.005662348 0.02834643
v 0.02533498 0.01958762 0.00495483
v 0.02418334 0.019897 0.005191226
v 0.02648414 0.01933533 0.00465671
v 0.02752146 0.01907131 0.003696553
v 0.02635513 0.01935722 0.006182633
v 0.02788263 0.01885789 0.005314928
v 0.02165752 0.01985113 0.006303005
v 0.01497408 0.006475476 0.02793147
v 0.01583385 0.007373756 0.02792719
v 0.03580412 -1.863763e-05 0.01585203
v 0.03578088 -0.0002672635 0.01760843
v 0.02289786 0.01999407 0.005878765
v 0.03256664 0.00333453 0.02831901
v 0.0169479 0.007038358 0.02781799
v 0.01770598 0.007031194 0.02768889
v 0.02282613 0.01986634 0.007359196
v 0.0159465 0.006316364 0.0277616
v 0.0243624 0.01977831 0.006487615
v 0.01591694 0.006273726 0.02800032
v 0.01598844 0.006481206 0.02791005
v 0.01683629 0.007187909 0.02800199
v 0.01623469 0.008208295 0.02768518
v 0.01620616 0.007583377 0.02796039
v 0.01674592 0.007218675 0.02790381
v 0.02316786 0.01988598 0.008447476
v 0.02475763 0.01963644 0.008498315
v 0.01368635 0.005427234 0.02827207
v 0.01498294 0.006420853 0.02954825
v 0.02372348 0.01979504 0.009430472
v 0.03346727 0.004355807 0.02846285
v 0.02539261 0.01959682 0.007625416
v 0.01542381 0.005313852 0.02959887
v 0.02619517 0.01933784 0.008642498
v 0.01625429 0.00578598 0.02939187
v 0.01688362 0.006781856 0.02967037
v 0.01527035 0.006309099 0.02974942
v 0.02720284 0.01916203 0.007074062
v 0.03496767 0.003857898 0.02861692
v 0.02691864 0.0191101 0.009168956
v 0.03581806 -0.002711065 0.02262578
v 0.03581312 -0.004372835 0.02159632
v 0.03570687 -0.002608396 0.02130783
v 0.0334396 0.0140225 0.00632349
v 0.03558468 0.004360491 0.02860001
v 0.0173678 0.00673048 0.02933931
v 0.01733223 0.006702258 0.02846262
v 0.0318721 0.01608602 0.006348174
v 0.03273713 0.01497956 0.007123511
v 0.03660126 0.002234699 0.02960032
v 0.03666076 0.002279231 0.03078341
v 0.03571795 -0.001395725 0.02144886
v 0.01592885 0.007439275 0.0294717
v 0.03589458 -0.006660251 0.02166726
v 0.03580601 -0.004228273 0.02327699
v 0.01616194 0.007252181 0.02979153
v 0.03342309 0.01407892 0.0080982
v 0.0364746 0.003636368 0.02909951
v 0.01686108 0.008099894 0.02987612
v 0.03634952 -0.005843535 0.02632181
v 0.03661981 0.003895819 0.02982592
v 0.03199603 0.01590778 0.007885177
v 0.03669231 0.004153023 0.03072326
v 0.03277387 0.01484854 0.008311275
v 0.03202747 0.01581492 0.009341571
v 0.03502596 0.005608475 0.02866801
v 0.01817259 0.005952486 0.02770109
v 0.03617308 -0.004416738 0.0259655
v 0.03586511 -0.005130529 0.0245705
v 0.03421374 0.01269397 0.008608565
v 0.03334768 0.01401398 0.01015832
v 0.03701161 -0.007383499 0.02765631
v 0.03407076 0.006553169 0.02858361
v 0.0294172 0.0180326 0.005148835
v 0.01841218 0.007688898 0.02794556
v 0.03709521 -0.004483756 0.02771802
v 0.01932374 0.007137941 0.02788947
v 0.03576046 -0.0006493069 0.02364521
v 0.03580908 -0.002162699 0.02376565
v 0.03561772 0.006178045 0.02865877
v 0.03614896 0.004833002 0.02881071
v 0.03607105 0.006409016 0.02886089
v 0.03592499 -0.003259469 0.02478988
v 0.02990946 0.01762091 0.00681312
v 0.01821487 0.008133053 0.02975714
v 0.02831536 0.01861982 0.006723195
v 0.03650968 0.00553822 0.02915146
v 0.01005195 0.01075126 0.02798864
v 0.01253688 0.0104526 0.02782177
v 0.03096579 0.01690823 0.007012296
v 0.0354456 0.007110804 0.02875919
v 0.01337541 0.009610279 0.02782013
v 0.03501084 0.008311026 0.02875411
v 0.03091045 0.01690406 0.008696523
v 0.02918981 0.01803543 0.01080567
v 0.03090479 0.01686021 0.01111146
v 0.03693565 -0.002496343 0.0273205
v 0.03626809 -0.002880258 0.02619081
v 0.03612248 -0.001359235 0.02576412
v 0.0360411 0.007907 0.02890571
v 0.03603227 -0.0005110316 0.02512605
v 0.03637709 0.007493722 0.02921174
v 0.01475148 0.01042795 0.02786133
v 0.03240616 0.01541157 0.0102012
v 0.03369778 0.01355091 0.0121204
v 0.03256029 0.0151655 0.01168932
v 0.01389634 0.01214471 0.02811044
v 0.0366267 0.00637087 0.02980657
v 0.0365433 0.008251024 0.02993188
v 0.03297712 0.01447209 0.01297915
v 0.01546688 0.01130274 0.02803573
v 0.03194726 0.01581508 0.012231
v 0.03578561 -0.0007625557 0.02010725
v 0.03735639 0.005543915 0.02890971
v 0.01584817 0.009276471 0.02776796
v 0.03201414 0.01565649 0.01328432
v 0.01651703 0.007490234 0.02796842
v 0.01664312 0.007664572 0.02793144
v 0.01657424 0.007616119 0.02805046
v 0.01687206 0.008094704 0.02794911
v 0.01647798 0.007656996 0.02801165
v 0.01655059 0.007539548 0.02806622
v 0.01667544 0.007664241 0.02809696
v 0.01733658 0.007808989 0.02784771
v 0.01803146 0.007783577 0.02804484
v 0.01740498 0.007543033 0.02811966
v 0.0172805 0.007942609 0.02802481
v 0.03574221 0.001645977 0.02013857
v 0.02935017 0.01798304 0.008514907
v 0.01766181 0.009200822 0.02803693
v 0.0172641 0.00974931 0.02791909
v 0.03731277 0.006870915 0.02884749
v 0.03571588 -0.0001049023 0.02181308
v 0.0356404 -0.0002541821 0.02127021
v 0.03569262 0.001055922 0.0209383
v 0.0357422 0.001291389 0.02178633
v 0.02159132 0.01971852 0.009564135
v 0.037276 0.005183263 0.03128167
v 0.0374242 0.003810957 0.03118367
v 0.03780871 0.004680507 0.03076976
v 0.03763865 0.006175547 0.03127934
v 0.02144179 0.01972704 0.011064
v 0.03571066 0.003754504 0.02015815
v 0.03670281 0.006753055 0.03068638
v 0.01711137 0.008738091 0.02926042
v 0.01630731 0.007960423 0.02866576
v 0.02374191 0.01981121 0.0105909
v 0.02488097 0.01951028 0.01024165
v 0.03735935 0.007605016 0.03135877
v 0.03684065 0.005886402 0.03102583
v 0.01748512 0.008685752 0.02990852
v 0.02433293 0.01965936 0.01154079
v 0.02324512 0.01978645 0.01158286
v 0.0379716 0.00632004 0.03091357
v 0.02545873 0.01939131 0.01140669
v 0.0356203 0.002823502 0.02138085
v 0.01797689 0.009627834 0.02957247
v 0.01706614 0.008662058 0.0285485
v 0.0257376 0.00948169 0.02836126
v 0.0261689 0.009573083 0.02932294
v 0.02716299 0.009032451 0.0292692
v 0.02458251 0.01956672 0.01276494
v 0.03564791 0.006127854 0.01851124
v 0.03571024 0.005833182 0.02039339
v 0.02621483 0.01933981 0.01035822
v 0.01707226 0.0111262 0.0281064
v 0.03576047 0.0009802133 0.02362685
v 0.02683967 0.009778669 0.02967029
v 0.0270099 0.01904612 0.01110639
v 0.02832408 0.008706671 0.02962396
v 0.0233161 0.0198014 0.01296664
v 0.02455517 0.01939407 0.01570576
v 0.02561391 0.01926443 0.01535985
v 0.02459422 0.01946979 0.01442252
v 0.02523739 0.0194054 0.01431159
v 0.02325359 0.01969763 0.01570835
v 0.02359681 0.01970179 0.01634911
v 0.0356665 0.00194924 0.02306172
v 0.02883162 0.009234839 0.02960401
v 0.02527098 0.01923193 0.01732645
v 0.01762563 0.009022851 0.02807709
v 0.01774493 0.008989106 0.02820777
v 0.01821964 0.009619276 0.02829168
v 0.0184459 0.01009683 0.02818921
v 0.03069912 0.01695418 0.01295323
v 0.0290324 0.01800578 0.01315686
v 0.02551048 0.01026103 0.02961125
v 0.0266101 0.01043946 0.02970591
v 0.03264028 0.01500596 0.01384374
v 0.0183899 0.01104792 0.02816691
v 0.03152981 0.01635316 0.01379074
v 0.03578559 0.002428321 0.02432717
v 0.01881834 0.01058848 0.028429
v 0.0276805 0.01047007 0.0295395
v 0.0271204 0.01089856 0.02945715
v 0.02770862 0.009899344 0.02973064
v 0.01817771 0.01001715 0.02860047
v 0.02629242 0.01117952 0.02945523
v 0.02791217 0.01077406 0.02880792
v 0.01587282 0.01289388 0.0282431
v 0.03181061 0.01585428 0.01439527
v 0.0325728 0.01497705 0.01471397
v 0.03188121 0.01585133 0.01555563
v 0.03109772 0.01648359 0.01460118
v 0.03291414 0.01458301 0.01576477
v 0.03180157 0.01578511 0.01665569
v 0.01776984 0.01307685 0.02826931
v 0.03565399 0.003987374 0.02278872
v 0.03561722 0.005046181 0.02140988
v 0.03038266 0.01709109 0.01453974
v 0.0309995 0.01664483 0.01558236
v 0.01576957 0.01425081 0.02833068
v 0.02705802 0.01891958 0.01397863
v 0.02662663 0.01900642 0.01650337
v 0.02714516 0.01883847 0.01545665
v 0.03563817 0.006702173 0.02271293
v 0.02798331 0.01854178 0.01565725
v 0.03570909 0.006823044 0.02124025
v 0.01904977 0.01273003 0.02829853
v 0.01945206 0.01173911 0.02822436
v 0.03716037 -0.007072609 0.0283643
v 0.0302284 0.01716623 0.01655458
v 0.02521971 0.01109784 0.0296848
v 0.0378724 -0.007426338 0.02893754
v 0.03719564 -0.005227212 0.02847607
v 0.03057838 0.01696504 0.0175362
v 0.0319272 0.0157405 0.01750912
v 0.0356852 0.005787274 0.01008598
v 0.03126742 0.01623943 0.01843674
v 0.03235386 0.01517243 0.01850309
v 0.0306255 0.0168473 0.01883589
v 0.02970229 0.01749427 0.01870206
v 0.03640082 -0.005980929 0.02889095
v -0.002800945 0.008560863 0.02775786
v 0.01812531 0.01528344 0.02846921
v 0.03656609 -0.006370518 0.03039091
v 0.03567948 0.005728288 0.01144893
v 0.01154745 0.01183777 0.02807666
v -0.003673991 0.01009035 0.02811307
v 0.03661177 -0.003929269 0.03053884
v 0.03564594 0.006834521 0.01033668
v 0.03674464 -0.004937667 0.0306979
v 0.03742592 -0.005087472 0.0309424
v 0.035636 0.006699607 0.01243294
v 0.03570886 0.005743107 0.01348791
v -0.002581393 0.009884561 0.02789698
v 0.01285207 0.01361854 0.02825027
v 0.03569333 0.006699329 0.01329594
v 0.03564377 0.006120283 0.0146046
v 0.03739058 -0.004184233 0.03112197
v -0.001562387 0.00954584 0.02785802
v 0.03729915 -0.002796421 0.03109168
v 0.03760692 -0.003278481 0.03090746
v 0.03567832 0.007003836 0.01483546
v 0.03775563 -0.002116054 0.0307728
v 0.03736387 -0.001147987 0.03109039
v -0.001707794 0.0108496 0.02796735
v -0.002761237 0.01143167 0.02822953
v 0.03566294 0.00600586 0.01647209
v -0.0006236527 0.01122155 0.02798165
v 0.03449539 0.0117513 0.0261864
v 0.03513212 0.009923346 0.02543959
v 0.03471737 0.01120454 0.02512368
v 0.03250521 0.01496591 0.02134437
v 0.03182944 0.01565875 0.02021871
v 0.03178937 0.01577266 0.02127177
v 0.03474471 0.01154837 0.008993115
v 0.03306651 0.01410701 0.02183075
v 0.03382119 0.01305826 0.0221082
v 0.03352481 0.01364699 0.02093247
v -0.0004695784 0.008367973 0.02774512
v 0.034006 0.01309543 0.01049428
v 0.000842154 0.007509883 0.02766776
v 0.03317314 0.01404697 0.02310889
v 0.002588416 0.00709546 0.02764312
v 0.03239897 0.01507118 0.0224543
v 0.0005597454 0.009417776 0.02782235
v 0.03453046 0.01190944 0.01253275
v 0.03384619 0.01319671 0.0146791
v 0.03156801 0.0159843 0.02311636
v 0.03243579 0.01487585 0.02387156
v 0.00211324 0.0092889 0.02780109
v 0.01408549 0.01592923 0.02845795
v 0.01166873 0.01475126 0.02832887
v 0.03346783 0.01387 0.01404422
v 0.03417302 0.01236966 0.02457945
v 0.02868492 0.01098263 0.02849038
v 0.02980883 0.01175285 0.02857324
v 0.0355821 0.006407153 0.01970609
v 0.03510866 0.01049585 0.02632054
v 0.03320266 0.01418789 0.01774426
v 0.03408408 0.01264259 0.01622088
v 0.03342487 0.01378528 0.0162742
v 0.03299087 0.01429602 0.01654608
v 0.03352349 0.01339394 0.01984302
v 0.03398087 0.01280373 0.0192708
v 0.03310914 0.01410899 0.01945455
v -0.0008323751 0.01247557 0.02819118
v 0.03482155 0.01223582 0.02699728
v 0.03568612 0.007135341 0.02228243
v 0.01640416 0.01641798 0.02851712
v 0.001367807 0.01110168 0.02798978
v 0.01171649 0.0166941 0.02849406
v 0.01399273 0.0180958 0.02862249
v 0.0003618021 0.01268068 0.02811762
v 0.03469311 0.009632177 0.02876195
v 0.00278479 0.01115518 0.02796264
v 0.0327902 0.01452705 0.01844873
v 0.03346948 0.01162293 0.02878268
v 0.03172976 0.0158997 0.01942351
v 0.001329746 0.01361699 0.02819326
v 0.03139433 0.01209847 0.02867594
v 0.02552737 -0.002027208 0.02785043
v 0.003508098 0.01368808 0.02819164
v 0.004621791 0.01221806 0.02806427
v 0.01973277 0.008454497 0.02798166
v 0.02613171 -0.002375817 0.02801907
v 0.02636942 -0.001369998 0.02791847
v 0.03423069 0.01298216 0.02886456
v 0.03499306 0.01131873 0.02880386
v 0.004202321 0.006666216 0.02762033
v 0.01855009 0.008126226 0.0281923
v 0.03160925 0.0156812 0.02573148
v 0.03237462 0.01499442 0.02481286
v 0.03105141 0.01625 0.0239395
v 0.006010255 0.006608818 0.0276739
v 0.03059665 0.01661503 0.02608604
v 0.02922608 0.01765886 0.02431466
v 0.02088526 0.008089351 0.02796372
v 0.007770836 0.004319655 0.02739736
v 0.03102078 0.01647309 0.02673534
v 0.03239366 0.01475396 0.02599149
v 0.03198134 0.01582507 0.02696415
v 0.02555949 5.960464e-05 0.02787224
v 0.02017562 0.009041165 0.02825064
v 0.0194026 0.008640041 0.02873255
v 0.02044967 0.009095684 0.02861807
v 0.03419787 0.01264024 0.02660926
v 0.03353986 0.01332996 0.02582223
v 0.03358233 0.01380628 0.02682507
v 0.0223236 0.008986213 0.02808523
v 0.0273707 -7.021986e-05 0.02795736
v 0.02766624 -0.0007788576 0.02810326
v 0.02142832 0.009562603 0.02814611
v 0.007769717 0.005998095 0.02747224
v 0.02703888 -0.00216453 0.02906853
v 0.02135634 0.009577855 0.02861576
v 0.02810332 -0.001839075 0.0295216
v 0.02823085 -0.003609043 0.02941212
v 0.007105494 0.007794339 0.02775265
v 0.01831517 0.007686319 0.02861609
v 0.01848624 0.007923255 0.02926071
v 0.03532512 0.01349519 0.02787342
v 0.02917682 -0.002725266 0.02949621
v 0.03003564 -0.003724651 0.0294893
v 0.01951238 0.008888596 0.02938611
v 0.02778613 -0.001315556 0.02909729
v 0.0328874 0.01485849 0.02689985
v 0.01915167 0.00912025 0.02974955
v 0.02961748 -0.001461979 0.02955661
v 0.03353244 0.01607521 0.0279196
v 0.03477971 0.01453272 0.02804201
v 0.01902743 0.01062214 0.02910359
v 0.009260856 0.009308498 0.02785112
v 0.007866645 0.009059727 0.02786347
v 0.02883299 -0.0002359562 0.02926983
v 0.02927474 -0.0003703628 0.02954243
v 0.01880648 0.009790774 0.0299451
v 0.02064324 0.009953954 0.02973644
v 0.01927377 0.0105008 0.02959644
v 0.03545608 0.008914981 0.02618105
v 0.01976672 0.01021953 0.02990641
v 0.02100837 0.009602667 0.029434
v 0.004525213 0.009193286 0.02780084
v 0.03518318 0.01000455 0.0237203
v 0.0355133 0.01042297 0.02691449
v 0.02833406 0.002185967 0.02790916
v 0.03699199 0.008124081 0.02804292
v 0.004162209 0.01072481 0.02792843
v 0.02858811 0.0002869107 0.02813697
v 0.03664344 0.01002351 0.02790108
v 0.02848162 0.001395155 0.02805062
v 0.007065613 0.01013976 0.02790384
v 0.03552077 0.008800517 0.02871249
v 0.02919719 0.0009535458 0.02855351
v 0.02952049 0.001084629 0.02923277
v 0.02987915 0.000677757 0.02956786
v 0.03720171 0.008415153 0.02888256
v 0.03704709 0.009848012 0.02891866
v 0.006836286 0.01178675 0.02802399
v 0.01976188 0.01109426 0.02840694
v 0.02941453 0.00147778 0.02806146
v 0.02921278 0.0008775312 0.02818814
v 0.03608791 0.01110043 0.02761061
v 0.02056349 0.01227201 0.02832893
v 0.02057458 0.01152785 0.02864305
v 0.02015919 0.01107601 0.02971014
v 0.02223727 0.009972063 0.02939133
v 0.008539582 0.01082086 0.02799602
v 0.02201406 0.01161909 0.02943677
v 0.0213732 0.011742 0.02841705
v 0.03306242 -0.002795054 0.02823349
v 0.03323051 -0.004737392 0.02827052
v 0.03360899 -0.004647158 0.02823626
v 0.02112532 0.0109598 0.02979792
v 0.02202446 0.01033108 0.02969173
v 0.002396356 0.01507382 0.02831683
v 0.03285528 -0.004360929 0.02870176
v 0.03268695 -0.004589478 0.02926333
v 0.0321296 -0.00446588 0.02957956
v 0.02237991 0.01109749 0.02977622
v 0.03538151 0.01035775 0.02872669
v 0.02349211 0.01147449 0.02962413
v 0.03625349 0.008931328 0.0290176
v 0.004486568 0.01532074 0.02833718
v 0.003249243 0.0193393 0.02376036
v 0.0004448351 0.01929361 0.02326336
v 0.00137224 0.01950241 0.02577815
v 0.002865775 0.01945026 0.02474616
v 0.030917 -0.002435127 0.02957158
v -0.0002576765 0.01949114 0.02541567
v 0.03252793 -0.003460495 0.02926773
v 0.0006483756 0.01947536 0.02678328
v 0.03267946 -0.002558848 0.02851308
v 0.03602658 0.0101246 0.02914137
v 0.03640017 0.009489029 0.029959
v 0.03668621 0.008114526 0.03091175
v 0.03365025 -0.006302698 0.02822088
v 0.02217714 0.01204123 0.02839575
v 0.03518385 -0.005583024 0.02833472
v 0.005988987 0.01446203 0.02824782
v 0.007388331 0.01322084 0.02815685
v 0.03595514 -0.006709738 0.02839221
v 0.03554958 0.01142421 0.02911417
v 0.03489036 0.01265691 0.02901882
v 0.03602111 -0.005757848 0.02837241
v 0.02282124 0.009596643 0.02819368
v 0.03579292 -0.004107947 0.02836978
v 0.02433408 0.008935077 0.02801035
v 0.02400511 0.009652362 0.02828473
v 0.03456241 -0.00247363 0.02839177
v 0.02377095 0.009959073 0.02830821
v 0.02403403 0.009882566 0.02852682
v 0.03652729 0.01155537 0.02891973
v 0.02271936 0.009825622 0.02837064
v 0.03598347 0.01229911 0.02806984
v 0.03632601 -0.004557738 0.0289238
v 0.03759168 0.00983041 0.02931471
v 0.02336541 0.01027029 0.02947871
v 0.008153753 0.01587761 0.02839857
v 0.03594961 0.01102572 0.02985961
v 0.02481971 0.009860829 0.02830258
v 0.03804436 0.006633637 0.02938167
v 0.03651658 -0.00369381 0.02968527
v 0.00987141 0.01329242 0.02818442
v 0.0324262 -0.0002552141 0.02842105
v 0.03571812 0.01348096 0.02892313
v 0.03292124 -0.001271363 0.02827395
v 0.02482105 0.01011394 0.0293529
v 0.03641554 0.01319124 0.02930041
v 0.023815 0.01187274 0.0290356
v 0.03072593 0.01669128 0.02027489
v 0.03088583 0.01672902 0.01954442
v 0.01005634 0.0153821 0.02836731
v 0.006092666 0.01645271 0.02843617
v 0.03571164 -0.002210183 0.02832434
v 0.02363088 0.01078231 0.02967062
v 0.03128913 0.01609029 0.0220497
v 0.03052032 0.01687235 0.02139683
v 0.00684838 0.01793476 0.02854167
v 0.02481227 0.01073021 0.02979286
v 0.03634804 -0.003197635 0.02885083
v 0.0302071 0.01704743 0.02263704
v 0.008136319 0.01815454 0.02857678
v 0.03724211 -0.003244823 0.02855802
v 0.009843558 0.01760617 0.02853462
v 0.02485288 0.01156012 0.02940372
v 0.02848631 0.01314366 0.02866031
v 0.03497303 -0.0009735432 0.02843916
v 0.003834369 0.01932953 0.0140375
v 0.004666021 0.01943507 0.01423503
v 0.0120046 0.0180992 0.02857828
v 0.006760037 0.01944403 0.01439015
v 0.007223815 0.01936995 0.01320355
v 0.01436566 0.001482794 0.02743497
v 0.03029633 0.01336295 0.02873398
v 0.006233821 0.01932937 0.01682943
v 0.005138319 0.01933576 0.01609867
v 0.004954005 0.01929789 0.01813127
v 0.003160682 0.01936166 0.01843778
v 0.003877915 0.0192906 0.01895382
v 0.0305616 0.01483976 0.02885023
v 0.004336791 0.01932611 0.02030285
v 0.007485325 0.01937194 0.01798674
v 0.007599637 0.01934097 0.01630539
v 0.03182077 0.01377099 0.02883285
v 0.03310176 0.01344603 0.02885699
v 0.02915704 0.01646712 0.02891659
v 0.01038897 0.01936417 0.01467957
v 0.03070728 0.01629711 0.02898841
v 0.03203141 0.01576681 0.02896438
v 0.03029965 0.01746445 0.02720828
v 0.01247842 0.01937877 0.0155768
v 0.0311296 0.0180206 0.02797017
v 0.01060015 0.01935935 0.01672843
v 0.009258773 0.01941469 0.01567727
v 0.01268961 0.01932941 0.01798067
v 0.01362852 0.01937992 0.0158259
v 0.03009319 0.01750465 0.02906304
v 0.01342469 0.01928968 0.01713923
v 0.03006505 0.01796488 0.02943959
v 0.01637768 0.01943348 0.01653098
v 0.01502788 0.01937109 0.01545717
v 0.03117021 0.01706669 0.02916365
v 0.03254746 0.01607385 0.02934735
v 0.03173596 0.01695718 0.02996202
v 0.03083525 0.01797083 0.03086763
v 0.03212746 0.01668938 0.03048007
v 0.01141885 0.01936004 0.0221335
v 0.01108503 0.01934266 0.01890944
v 0.01032878 0.01930089 0.02037698
v 0.01257103 0.01930849 0.02026623
v 0.03282047 0.01484131 0.02892812
v 0.03448164 0.01354473 0.02917675
v 0.03513426 0.01271316 0.02950144
v 0.03373858 0.01445256 0.02913898
v 0.03296396 0.01541856 0.02912521
v 0.03404244 0.01449095 0.0295286
v 0.03503019 0.01318591 0.03044485
v 0.003005339 0.01927447 0.02058384
v 0.003028424 0.01931851 0.02169999
v 0.005637133 0.01928711 0.01955006
v 0.005021803 0.01930464 0.02222456
v 0.005836669 0.01927918 0.02119451
v 0.03454325 0.01528899 0.0289507
v 0.03567632 0.01484352 0.02949961
v 0.03345481 0.01653121 0.02891098
v 0.009964055 0.01935548 0.02157775
v 0.03374064 0.01532601 0.03078905
v 0.01280901 0.01932771 0.02276143
v 0.01249103 0.0193965 0.02396687
v 0.02935347 0.01866254 0.03073949
v 0.01083121 0.01951838 0.02567147
v 0.01139316 0.01942643 0.02373026
v 0.01042005 0.01937944 0.02453265
v 0.01246565 0.01946971 0.0250575
v 0.03071418 0.01840526 0.03127839
v 0.01387846 0.01943601 0.02445487
v 0.01398464 0.01946766 0.02346036
v 0.03573333 0.01216016 0.03105794
v 0.03633587 0.01033647 0.03085551
v 0.01431735 0.01949788 0.02577587
v 0.01544648 0.01942192 0.02443588
v 0.008309927 0.01937371 0.02427049
v 0.00720967 0.01945355 0.02480468
v 0.008986531 0.01948451 0.02549068
v 0.03222068 0.01737694 0.02819357
v 0.007429462 0.02026748 0.02826395
v 0.008773185 0.01948997 0.02689887
v 0.006318036 0.01948213 0.02676143
v 0.01020555 0.01946092 0.02684046
v 0.03049528 0.01887901 0.02904515
v 0.009004103 0.01908974 0.02858541
v 0.03099013 0.01916308 0.02942458
v 0.009343954 0.0202207 0.02813321
v 0.03188281 0.01791686 0.02896535
v 0.01332202 0.01947893 0.02676857
v 0.02913561 0.01916528 0.03122593
v 0.01105867 0.01922306 0.02868386
v -0.001933409 0.01377503 0.02826288
v 0.01256945 0.0191314 0.02866169
v -0.001507178 0.01282811 0.02830545
v 0.01164106 0.0194947 0.02691035
v 0.01130274 0.0202511 0.02820222
v 0.01402582 0.02021478 0.02817959
v 0.0111754 0.01975629 0.02901334
v 0.01308043 0.01978565 0.02900754
v -0.0004891772 0.01365617 0.02822811
v -0.0005681422 0.01523585 0.02837987
v 0.01201732 0.02045131 0.02913177
v 0.01365082 0.02051129 0.02927382
v 0.01771301 0.01942756 0.01754786
v 0.01968354 0.01950476 0.01736274
v -0.0006103255 0.01639317 0.02843633
v 0.00120094 0.01617204 0.02842183
v 0.01661986 0.01939222 0.02271061
v 0.01747189 0.01939961 0.02335308
v 0.01657479 0.01936122 0.02109617
v 0.0234465 0.01955538 0.02333433
v 0.02828321 0.01791734 0.02531069
v 0.01908444 0.01951907 0.01553382
v 0.0003902111 0.01812882 0.02856197
v 0.02106998 0.01952383 0.01558706
v 0.02208804 0.01957833 0.01668617
v 0.02097099 0.01948786 0.01867706
v 0.01943652 0.01949968 0.01840876
v 0.02002745 0.01946271 0.01950876
v 0.02345179 0.01961011 0.01720307
v -0.000993669 0.0191742 0.02862034
v 0.02237505 0.01953984 0.0186119
v 0.02374246 0.01951094 0.01889341
v 0.02457418 0.01931495 0.01873057
v 0.0219879 0.01951908 0.01968323
v 0.0026992 0.0171423 0.0284984
v 0.02444446 0.01933573 0.0206164
v 0.004606089 0.01731743 0.02848884
v 0.02306697 0.0195598 0.02104494
v 0.02169856 0.01952291 0.02106787
v 0.0004308484 0.02025613 0.02819408
v 0.02293882 0.01952046 0.02233872
v 0.002553321 0.02028575 0.02825105
v 0.002898984 0.01948144 0.02681208
v 0.02941138 0.01759894 0.02038753
v -0.0005498454 0.01980456 0.02906758
v 0.0007915646 0.01922016 0.02863462
v 0.02975091 0.01729166 0.02335843
v 0.02986516 0.01723377 0.02188798
v 0.02500488 0.01924001 0.02181851
v 0.02628564 0.01891642 0.02271552
v -0.0005527139 0.02050219 0.02923246
v 0.001014479 0.01979706 0.02900055
v 0.001997771 0.01974396 0.0289617
v 0.02809924 0.01816208 0.02434438
v 0.001145035 0.02000649 0.02986825
v 0.0009266734 0.02042999 0.02915351
v 0.002638105 0.0190973 0.0286225
v 0.01855567 0.01947738 0.02528635
v 0.01704258 0.01950908 0.02649038
v 0.01911681 0.01945506 0.02618196
v 0.003691627 0.01830482 0.028577
v 0.02005035 0.01948243 0.02499605
v 0.02169825 0.01936409 0.0243779
v 0.02007337 0.0193816 0.02414764
v 0.004797861 0.01908983 0.02861657
v 0.01831016 0.01961083 0.02690514
v 0.01887648 0.01934248 0.02432375
v 0.003125388 0.01973996 0.02893694
v 0.004082758 0.01979258 0.02898974
v 0.006054584 0.01950386 0.02878347
v 0.006188136 0.0189861 0.02862203
v 0.005640591 0.01984736 0.02915928
v 0.016568 0.01809819 0.02865939
v 0.01535727 0.01815387 0.02863559
v 0.003591998 0.02047759 0.02922001
v 0.003982944 0.02000432 0.03027532
v 0.01492791 0.01911438 0.02869025
v 0.01472001 0.01977152 0.02901089
v 0.01412696 0.01992887 0.02977243
v 0.007682467 0.01914178 0.02862179
v 0.01606365 0.01972929 0.02898477
v 0.01706402 0.01898755 0.0286962
v 0.00446585 0.01951477 0.02679494
v 0.004954698 0.02030773 0.02834627
v 0.005458424 0.02045644 0.02924708
v 0.007290553 0.01975007 0.02899975
v 0.01851161 0.01693815 0.02859678
v 0.00663632 0.02047146 0.02919906
v 0.00655748 0.01999278 0.02998795
v 0.008872151 0.02001129 0.0299097
v 0.009075889 0.02045672 0.02919203
v 0.009010537 0.01968712 0.02887546
v 0.01802174 0.01846837 0.02866172
v 0.008597467 0.01992903 0.02931941
v 0.01858426 0.01914864 0.02876541
v 0.007649511 0.02125253 0.02983421
v 0.0194281 0.01857149 0.02871219
v 0.01013767 0.0199269 0.02954656
v 0.01545324 0.01952165 0.026762
v 0.01249888 0.01993359 0.02988746
v 0.01670217 0.02023201 0.02823683
v 0.01269592 0.02117564 0.02975836
v 0.0155477 0.02050277 0.02920939
v 0.01532992 0.02023558 0.03122243
v 0.01298201 0.02042175 0.03145296
v 0.01322591 0.02004539 0.03100158
v 0.01363458 0.02068018 0.03154926
v 0.01574814 0.01999907 0.03082432
v 0.01736294 0.02021555 0.03134118
v 0.01637831 0.02054512 0.03146622
v 0.01519962 0.02068193 0.03150146
v 0.01618068 0.02095083 0.03147878
v 0.01744554 0.02082177 0.03166164
v 0.01603542 0.02120786 0.03104459
v 0.01790114 0.02118586 0.03123158
v 0.01934159 0.02044696 0.03143851
v 0.01882626 0.020829 0.03157231
v 0.01678076 0.02116998 0.0296756
v 0.02007053 0.02088801 0.03157305
v 0.02058112 0.02063687 0.03159168
v 0.02317475 0.02100364 0.0315837
v 0.02452557 0.02095699 0.03157547
v 0.02356785 0.02139342 0.03093055
v 0.037841 -0.00284004 0.02914463
v 0.03782489 -0.001113109 0.02929609
v 0.02068784 0.02121743 0.02970081
v 0.01952795 0.02128313 0.03046848
v 0.02153375 0.02136561 0.03074498
v 0.03747287 0.0001312941 0.031183
v 0.03772411 -0.0006332379 0.03086447
v 0.01080969 0.0193253 0.008476995
v 0.02732533 0.01851859 0.02536397
v 0.01119088 0.002202891 0.02781976
v 0.01189512 0.001795836 0.02769248
v 0.01209128 0.001864454 0.02772818
v 0.01143956 0.002779944 0.02774969
v 0.01130664 0.002273221 0.02768881
v 0.02420728 0.02132317 0.02951726
v 0.0251782 0.02131405 0.02970362
v 0.0255306 0.02094471 0.03144877
v 0.02599048 0.02115547 0.03058539
v 0.03801854 0.0005498864 0.02933868
v 0.02905446 0.02031047 0.02989954
v 0.02743454 0.02073373 0.03092129
v 0.03795949 -0.0005249586 0.03023548
v 0.03788356 0.002307693 0.0292245
v 0.009336552 0.01957255 0.01112555
v 0.02663987 0.02033611 0.03143794
v 0.0277714 0.02031128 0.03142302
v 0.02887864 0.02010976 0.03137458
v 0.03035971 0.01976972 0.03066085
v 0.00911483 0.01938705 0.01216156
v 0.01395584 0.003536472 0.02790295
v 0.009818148 0.01942651 0.01382239
v 0.03559457 0.006181335 0.02362436
v 0.01495334 0.01951156 0.01221512
v 0.01513102 0.006796031 0.02827745
v 0.01524166 0.004902472 0.02777632
v 0.03787791 0.001274485 0.0306248
v 0.03717894 0.0007210169 0.03116977
v 0.03699459 0.001679651 0.03112189
v 0.03735384 0.001298858 0.03115333
v 0.03765079 0.002136754 0.0311346
v 0.01679655 0.006349506 0.0281796
v 0.01637204 0.007904647 0.0282013
v 0.03801146 0.003219403 0.03012525
v 0.03784976 0.00462627 0.02935736
v 0.01902652 0.01958201 0.01235682
v 0.01815692 0.01935978 0.01367672
v 0.03706643 0.00362533 0.03109063
v 0.0186945 0.01942658 0.01435205
v 0.03583254 -0.005437791 0.02071734
v 0.03581237 -0.006560568 0.02426821
v 0.03795045 0.004783118 0.03034308
v 0.01627649 0.007578629 0.02799046
v 0.01702483 0.00810123 0.02821876
v 0.01720993 0.008220275 0.02811416
v 0.01702931 0.008173051 0.02806537
v 0.01754529 0.008822101 0.02812386
v 0.03808504 0.007703692 0.02977803
v 0.0175794 0.008914814 0.02810152
v 0.03784074 0.007255466 0.03116053
v 0.02834689 0.0184597 0.008250237
v 0.02778662 0.01877318 0.009391446
v 0.0279777 0.01859443 0.01034525
v 0.0378066 -0.006137736 0.03066096
v 0.03782796 -0.005550636 0.02901247
v 0.03792861 -0.004628388 0.03008892
v 0.03799563 -0.004015207 0.02916858
v 0.02266992 0.0198725 0.01037274
v 0.03770988 -0.004717536 0.03076167
v 0.02138452 0.01968199 0.01210969
v 0.03792252 -0.002737397 0.03033286
v 0.02562221 0.01936952 0.01270198
v 0.0272937 0.01891672 0.01270121
v 0.03556491 0.007407823 0.009585723
v 0.01989729 0.01953532 0.0133406
v 0.03552479 0.007346324 0.01156109
v 0.02319265 0.01970083 0.01398696
v 0.02203981 0.01964366 0.01475993
v 0.03509402 0.01034684 0.02219198
v 0.035474 0.008778846 0.01053652
v 0.02226261 0.01971049 0.01552886
v 0.03551986 0.008748545 0.01185402
v 0.03507773 0.01041063 0.0101813
v 0.03361154 0.01329268 0.02411287
v 0.03556714 0.007854315 0.0138956
v 0.03488564 0.0109239 0.02122956
v 0.03433602 0.01224035 0.02046588
v 0.02820999 0.01839969 0.01266455
v 0.02844239 0.01835157 0.01123687
v 0.03443159 0.01197063 0.02329617
v 0.03511702 0.01021734 0.01291644
v 0.0285262 0.01817185 0.01406711
v 0.0291986 0.01784469 0.01448749
v 0.005511189 0.01941307 0.01489268
v 0.03477391 0.01129059 0.01441342
v 0.003164472 0.01930964 0.01653702
v 0.004101288 0.01934239 0.01639411
v 0.03534746 0.009552301 0.01346758
v 0.006157128 0.01947115 0.01540027
v 0.03543005 0.009070691 0.01471262
v 0.008095033 0.01934697 0.01469968
v 0.02930239 0.01778138 0.01597013
v 0.02819509 0.01843202 0.0168588
v 0.02907238 0.01799579 0.01716274
v 0.02649767 0.01891462 0.01808155
v 0.02730152 0.01872414 0.01811124
v 0.035491 0.007208075 0.01847927
v 0.02807132 0.01832815 0.01876425
v 0.03556384 0.007751798 0.01683852
v 0.03540818 0.009134796 0.01651949
v 0.03557302 0.007630561 0.01926022
v 0.03539089 0.009185825 0.01876574
v 0.03500184 0.01066792 0.01573619
v 0.0346758 0.01154823 0.01731252
v 0.03421906 0.01252815 0.01751963
v 0.002597919 0.01933374 0.0171974
v 0.03497241 0.0107672 0.0192058
v 0.03572516 0.007230486 0.02087512
v 0.03549754 0.00848841 0.02121533
v 0.03525154 0.009969912 0.02047512
v 0.002006719 0.01924398 0.02003485
v 0.03538856 0.00877181 0.02335133
v 0.009002753 0.01938736 0.0172573
v 0.008182928 0.01930201 0.01837443
v 0.006347952 0.01907044 0.02020309
v 0.006799242 0.01922813 0.01945875
v 0.006588278 0.01937439 0.0188635
v 0.007686166 0.01928884 0.0202885
v 0.009570414 0.01927271 0.01869385
v 0.03713073 0.01158895 0.02941248
v 0.0378827 0.009448748 0.02970608
v 0.03748397 0.01093715 0.0297326
v 0.001382867 0.01921988 0.02159225
v 0.03794955 0.008013413 0.02935019
v 0.003393106 0.01928552 0.02242966
v 0.03785831 0.008842248 0.03088676
v 0.03755619 0.00828234 0.03131133
v 0.03771163 0.009907059 0.03087504
v 0.01491423 0.01940882 0.01726365
v 0.0369852 0.01238092 0.02974838
v 0.01417432 0.0193191 0.01843671
v 0.01654638 0.019466 0.0178448
v 0.005517287 0.01940461 0.02437898
v 0.005474752 0.01951515 0.02601341
v 0.0147397 0.01931645 0.01960408
v 0.01735765 0.01940213 0.01852988
v 0.009683503 0.01915643 0.02014446
v 0.008932887 0.01926675 0.0206481
v 0.01383154 0.01942975 0.01982604
v 0.01425351 0.01930093 0.0212478
v 0.01669309 0.01935436 0.01937156
v 0.03480475 0.01603201 0.02935553
v 0.03374282 0.01721344 0.02938893
v 0.03553087 0.01513573 0.03068993
v 0.03437369 0.01666857 0.02976294
v 0.01540317 0.01934866 0.02304336
v 0.03473846 0.01394539 0.03101373
v 0.03400475 0.01700467 0.03048104
v 0.03489372 0.01564056 0.03123885
v 0.0327139 0.01643532 0.03090777
v 0.03443957 0.01521724 0.03132157
v 0.03340712 0.01657646 0.03142532
v 0.03338765 0.01690714 0.03138798
v 0.007075913 0.01922385 0.0213614
v 0.00570797 0.01938906 0.02308797
v 0.03168044 0.01761902 0.03122189
v 0.007558323 0.01932724 0.02268196
v 0.03228141 0.01775776 0.03146212
v 0.00882595 0.01923247 0.02215658
v 0.004648441 0.01943497 0.02282601
v 0.03668503 0.009444424 0.0312407
v 0.03634638 0.01100915 0.03121784
v 0.03679934 0.0106203 0.03142597
v 0.03712017 0.01200177 0.03072072
v 0.03715763 0.01084782 0.03131058
v 0.007235013 0.01944481 0.02358606
v 0.03613792 0.01255237 0.03139728
v 0.03666141 0.01209225 0.03139889
v 0.03718069 0.00920077 0.03141258
v 0.03757296 0.009304422 0.03125438
v 0.03637941 0.01376808 0.02980918
v 0.03610502 0.01392786 0.03116893
v 0.03641973 0.0130184 0.0312857
v 0.009982304 0.01933073 0.02237888
v 0.0102682 0.01937165 0.02329401
v 0.03544777 0.01361378 0.03139601
v 0.009108625 0.01946938 0.02360378
v 0.03584019 0.01377531 0.03145308
v 0.03548376 0.01469274 0.03130726
v 0.03282166 0.01801624 0.0293888
v 0.03150936 0.01911869 0.03004828
v 0.03288261 0.01814495 0.03027903
v 0.0326299 0.01797145 0.03122468
v 0.03019486 0.01915669 0.03148938
v 0.03177334 0.01878336 0.03096654
v 0.03070809 0.01917786 0.03142973
v 0.03149341 0.01846965 0.03145207
v 0.01856706 0.01940954 0.02082239
v 0.02047592 0.01943912 0.02127582
v 0.01751994 0.01930218 0.02135121
v 0.01920041 0.01932618 0.02223589
v 0.001004785 0.02121958 0.02986372
v 0.01978121 0.0194038 0.0231248
v 0.0214003 0.01949201 0.02321567
v 0.002619427 0.02004201 0.03100014
v 0.002183273 0.02112146 0.02980661
v 0.004823586 0.02110662 0.02974065
v 0.00388138 0.02131445 0.03010098
v 0.005018692 0.02004723 0.03101685
v -0.002094619 0.01998986 0.03080883
v -0.001458524 0.02113658 0.02989203
v 0.0003766008 0.02007955 0.03088787
v -0.001182616 0.0203967 0.03146498
v 0.0001808275 0.02028967 0.03134628
v 0.02514072 0.01927279 0.0186625
v -0.0005061496 0.02083752 0.03155122
v 0.001982709 0.02059006 0.03156282
v -0.0003465898 0.0212673 0.02991691
v 6.77295e-05 0.02117149 0.0313557
v -0.001533987 0.02108437 0.03142929
v 0.001155715 0.02120967 0.03102738
v 0.00267702 0.02127076 0.03054204
v 0.001201104 0.0210098 0.03149889
v 0.02557085 0.019243 0.01950982
v 0.02681091 0.01877318 0.01935758
v 0.002634984 0.02104535 0.03149826
v 0.003663128 0.02065019 0.03160194
v 0.003852315 0.021027 0.03148695
v 0.004911408 0.02045141 0.03147541
v 0.02670305 0.01885854 0.0204885
v 0.0047081 0.02092789 0.031615
v 0.027734 0.01849249 0.02134235
v 0.006149614 0.02037392 0.03147556
v 0.005824693 0.02072123 0.03161126
v 0.02889491 0.01788347 0.0221688
v 0.005545108 0.02126097 0.03021824
v 0.004601905 0.02131487 0.03079805
v 0.006156432 0.02111859 0.03144303
v 0.0273383 0.01858876 0.02296403
v 0.02695078 0.01862262 0.02394994
v 0.02860746 0.01791643 0.02327335
v 0.006459426 0.02131564 0.03014688
v 0.007961519 0.02001056 0.03094399
v 0.008147728 0.02029601 0.03137784
v 0.008267924 0.02124348 0.03072223
v 0.008008789 0.02102837 0.03137301
v 0.008891124 0.02115003 0.02977255
v 0.01010142 0.02120545 0.03107312
v 0.009666028 0.0209848 0.0315574
v 0.008442823 0.02066074 0.03151882
v 0.01025191 0.02004031 0.03081115
v 0.01010573 0.02125225 0.02983968
v 0.01176791 0.02130549 0.03045639
v 0.01064175 0.02037861 0.03136307
v 0.01042793 0.02072138 0.03155814
v 0.01153159 0.02095256 0.03142226
v 0.01205934 0.02071715 0.03156633
v 0.01300679 0.02100925 0.03139292
v 0.01410563 0.02121913 0.03093804
v 0.007054744 0.02076654 0.03154581
v 0.01461195 0.02102729 0.03140458
v 0.01489268 0.0212218 0.029821
v 0.01921306 0.02114804 0.03112056
v 0.02147822 0.02102205 0.03158257
f 1 2 3
f 4 5 6
f 7 8 9
f 10 11 12
f 13 10 12
f 5 14 15
f 4 14 5
f 16 14 4
f 14 16 17
f 6 18 19
f 20 21 22
f 23 24 25
f 3 22 26
f 19 4 6
f 27 28 29
f 25 15 30
f 31 19 32
f 15 14 30
f 33 7 9
f 21 20 34
f 16 4 19
f 31 16 19
f 35 30 14
f 36 26 22
f 27 9 28
f 36 22 37
f 23 25 30
f 38 31 32
f 37 22 21
f 33 9 27
f 31 39 16
f 17 35 14
f 35 40 30
f 38 39 31
f 40 23 30
f 41 34 42
f 43 23 40
f 21 34 41
f 39 38 44
f 45 41 42
f 46 40 35
f 43 40 47
f 40 46 47
f 17 16 39
f 33 27 48
f 49 50 51
f 52 49 51
f 23 53 24
f 54 42 10
f 27 55 48
f 42 54 56
f 57 58 53
f 58 59 60
f 57 53 23
f 45 42 61
f 61 42 56
f 39 44 62
f 63 59 64
f 58 57 59
f 65 66 67
f 62 17 39
f 68 17 62
f 69 65 67
f 57 64 59
f 70 71 72
f 12 65 69
f 73 64 57
f 74 68 62
f 75 63 64
f 64 73 75
f 67 76 69
f 17 68 35
f 76 67 77
f 76 77 78
f 33 71 7
f 71 33 72
f 79 23 43
f 79 57 23
f 76 78 80
f 47 79 43
f 73 57 79
f 12 69 13
f 68 74 81
f 82 79 47
f 47 83 82
f 13 69 84
f 79 85 73
f 82 85 79
f 35 68 46
f 46 68 81
f 86 72 87
f 88 89 90
f 13 84 91
f 88 60 89
f 92 59 63
f 92 89 60
f 93 80 78
f 92 63 94
f 95 89 96
f 97 50 90
f 50 97 51
f 87 72 33
f 98 99 100
f 33 101 87
f 33 48 101
f 91 84 102
f 102 84 80
f 96 103 104
f 95 96 104
f 78 77 105
f 91 102 106
f 1 107 2
f 93 78 108
f 101 48 109
f 94 110 103
f 111 110 94
f 1 3 26
f 112 82 83
f 54 10 13
f 56 54 113
f 114 113 54
f 112 85 82
f 115 113 116
f 116 113 117
f 112 118 85
f 119 118 112
f 114 54 13
f 114 13 91
f 119 112 120
f 1 26 121
f 122 63 75
f 123 122 75
f 124 125 126
f 73 123 75
f 117 114 127
f 87 101 128
f 122 94 63
f 111 94 122
f 91 127 114
f 127 91 106
f 129 111 122
f 130 131 132
f 122 123 129
f 133 123 134
f 106 102 135
f 136 106 135
f 123 133 129
f 129 133 137
f 138 136 135
f 139 136 140
f 133 141 137
f 85 123 73
f 134 123 85
f 142 143 144
f 85 118 134
f 142 144 145
f 119 146 118
f 146 134 118
f 147 148 87
f 149 145 139
f 147 87 128
f 150 151 152
f 134 146 133
f 145 149 153
f 154 150 155
f 146 119 156
f 157 158 159
f 160 157 159
f 154 161 150
f 156 119 162
f 141 133 146
f 146 156 141
f 141 156 163
f 160 164 157
f 165 166 164
f 165 164 160
f 167 165 168
f 169 98 100
f 169 100 170
f 36 171 121
f 156 172 163
f 158 171 173
f 174 169 170
f 170 100 175
f 156 162 172
f 158 173 159
f 159 176 177
f 178 167 179
f 172 162 180
f 181 107 1
f 182 183 184
f 181 1 121
f 185 186 187
f 185 187 176
f 188 167 178
f 189 110 111
f 190 191 192
f 193 194 195
f 190 192 179
f 188 196 166
f 197 189 198
f 199 200 198
f 184 56 115
f 184 115 182
f 201 198 189
f 201 199 198
f 202 203 204
f 182 115 116
f 199 201 205
f 203 206 204
f 207 205 201
f 208 209 210
f 208 211 209
f 212 213 214
f 203 215 206
f 116 117 143
f 216 217 218
f 219 220 214
f 221 219 214
f 222 223 217
f 221 224 225
f 222 226 223
f 227 166 228
f 200 199 229
f 200 229 230
f 191 182 231
f 226 222 232
f 231 182 233
f 234 232 222
f 235 228 196
f 236 231 233
f 237 232 234
f 205 238 229
f 205 229 199
f 239 226 232
f 226 239 240
f 233 116 241
f 212 214 230
f 242 179 243
f 242 178 179
f 236 233 241
f 229 212 230
f 229 244 212
f 229 238 244
f 212 244 245
f 246 237 234
f 143 142 247
f 116 143 247
f 248 238 205
f 249 239 232
f 250 178 242
f 241 116 247
f 251 239 249
f 252 247 253
f 239 254 240
f 244 255 245
f 244 256 255
f 244 238 256
f 251 254 239
f 188 178 250
f 257 256 238
f 241 247 252
f 248 257 238
f 241 258 236
f 249 259 251
f 260 250 242
f 259 249 261
f 262 241 252
f 258 241 262
f 111 129 189
f 196 188 250
f 262 252 263
f 264 254 251
f 189 129 201
f 201 129 137
f 196 250 260
f 265 201 137
f 196 260 266
f 247 142 253
f 267 268 269
f 253 142 145
f 260 242 270
f 269 268 271
f 272 265 137
f 272 137 141
f 252 253 263
f 273 262 263
f 265 207 201
f 274 267 275
f 267 276 275
f 192 191 231
f 276 267 269
f 277 265 272
f 276 269 271
f 265 277 207
f 231 236 278
f 277 272 279
f 260 270 266
f 141 163 272
f 278 192 231
f 280 225 224
f 275 276 281
f 282 225 280
f 281 276 283
f 278 236 258
f 207 277 284
f 285 284 277
f 243 192 278
f 243 179 192
f 196 266 286
f 279 285 277
f 285 279 287
f 163 279 272
f 243 278 288
f 288 278 289
f 290 291 292
f 163 172 293
f 292 291 294
f 286 266 295
f 296 294 291
f 279 163 293
f 294 297 292
f 293 298 299
f 258 289 278
f 172 180 293
f 297 300 301
f 298 293 180
f 290 302 303
f 291 290 303
f 279 293 299
f 299 287 279
f 302 290 292
f 302 304 305
f 289 273 306
f 289 258 262
f 289 262 273
f 292 304 302
f 306 273 307
f 207 248 205
f 284 248 207
f 308 305 304
f 285 309 284
f 310 288 289
f 310 289 306
f 311 312 313
f 314 38 305
f 284 309 248
f 315 314 305
f 305 308 316
f 309 317 248
f 248 317 257
f 318 319 313
f 305 316 315
f 320 295 319
f 321 285 287
f 297 304 292
f 304 297 308
f 301 308 297
f 313 312 318
f 138 135 322
f 309 321 317
f 321 309 285
f 138 322 323
f 317 321 324
f 308 301 316
f 323 325 326
f 318 312 327
f 136 138 140
f 287 299 321
f 301 328 316
f 140 138 329
f 153 149 330
f 149 139 140
f 330 140 331
f 149 140 330
f 298 332 299
f 242 243 333
f 330 331 334
f 335 336 337
f 132 335 337
f 333 243 288
f 333 288 310
f 338 331 339
f 338 339 340
f 336 341 296
f 321 342 324
f 343 342 321
f 344 345 336
f 338 340 346
f 336 296 291
f 346 347 338
f 310 348 333
f 349 342 343
f 349 350 342
f 344 336 335
f 299 332 343
f 334 351 352
f 310 306 348
f 321 299 343
f 334 331 338
f 351 334 353
f 332 349 343
f 352 354 153
f 344 335 131
f 335 132 131
f 273 263 354
f 355 348 306
f 333 270 242
f 270 333 311
f 311 333 348
f 354 352 356
f 356 352 351
f 332 357 349
f 353 338 358
f 353 334 338
f 311 348 359
f 360 353 358
f 361 350 349
f 358 338 347
f 349 357 361
f 316 362 363
f 294 296 341
f 294 341 364
f 70 358 347
f 365 311 359
f 70 360 358
f 361 357 366
f 345 367 341
f 311 365 312
f 360 351 353
f 312 365 368
f 300 297 294
f 369 351 360
f 370 371 372
f 373 372 371
f 374 301 300
f 369 360 70
f 370 375 371
f 370 376 375
f 294 377 300
f 373 371 378
f 377 294 364
f 378 371 375
f 379 375 376
f 380 375 379
f 375 380 381
f 377 364 382
f 383 380 379
f 307 273 384
f 306 307 384
f 382 364 367
f 385 380 383
f 386 382 367
f 380 387 381
f 377 382 388
f 355 306 384
f 387 380 389
f 286 390 391
f 388 300 377
f 390 286 295
f 392 393 394
f 393 395 394
f 300 388 396
f 397 396 388
f 390 295 320
f 398 389 385
f 385 389 380
f 399 384 400
f 399 400 401
f 402 391 390
f 403 398 385
f 387 389 404
f 388 405 397
f 354 356 273
f 384 273 356
f 406 390 320
f 389 398 404
f 407 387 404
f 402 390 406
f 404 408 407
f 409 404 398
f 410 409 398
f 384 356 400
f 400 356 411
f 403 410 398
f 218 386 367
f 412 413 414
f 415 224 221
f 218 367 416
f 221 214 213
f 417 402 418
f 419 218 416
f 420 415 221
f 374 328 301
f 411 356 421
f 422 413 412
f 423 420 413
f 423 413 422
f 421 369 424
f 425 245 255
f 424 411 421
f 374 426 328
f 328 426 362
f 424 369 427
f 428 424 427
f 429 425 255
f 426 374 300
f 255 430 429
f 431 432 425
f 433 414 432
f 433 412 414
f 406 434 435
f 425 429 431
f 435 434 436
f 401 400 411
f 431 429 437
f 434 320 319
f 362 316 328
f 438 437 429
f 429 430 438
f 319 318 434
f 434 318 439
f 430 255 256
f 440 430 256
f 257 440 256
f 347 71 70
f 436 434 439
f 441 369 70
f 257 317 440
f 396 426 300
f 442 426 396
f 317 443 440
f 86 70 72
f 397 442 396
f 430 440 444
f 441 70 86
f 444 438 430
f 426 442 362
f 445 402 406
f 435 445 406
f 443 444 440
f 402 445 446
f 446 418 402
f 444 443 447
f 427 369 441
f 448 442 397
f 444 447 449
f 431 437 450
f 451 452 453
f 450 437 454
f 455 456 362
f 457 427 458
f 435 436 459
f 427 441 86
f 437 438 454
f 362 442 455
f 438 460 454
f 445 435 461
f 444 460 438
f 446 445 461
f 444 462 460
f 458 86 148
f 460 463 454
f 435 459 461
f 427 86 458
f 372 454 463
f 370 372 463
f 464 463 460
f 314 44 38
f 463 376 370
f 465 466 467
f 462 464 460
f 468 428 457
f 417 469 467
f 470 44 314
f 469 465 467
f 428 427 457
f 471 465 469
f 469 417 472
f 444 449 462
f 472 417 418
f 449 473 462
f 458 474 457
f 44 470 62
f 86 87 148
f 472 418 475
f 476 477 478
f 62 470 479
f 477 480 481
f 478 477 481
f 482 62 479
f 483 458 148
f 474 458 483
f 314 315 363
f 483 148 147
f 315 316 363
f 314 363 479
f 484 485 480
f 486 485 484
f 483 147 487
f 488 485 489
f 83 490 112
f 470 314 479
f 83 491 490
f 492 472 475
f 493 481 480
f 480 485 494
f 493 480 494
f 490 120 112
f 495 493 494
f 494 485 488
f 496 488 497
f 492 475 498
f 499 120 490
f 500 501 479
f 495 494 496
f 502 495 496
f 324 443 317
f 482 74 62
f 81 74 482
f 503 453 504
f 505 504 453
f 418 446 475
f 504 505 506
f 451 453 503
f 507 120 499
f 46 81 83
f 507 119 120
f 508 509 510
f 506 505 395
f 81 491 83
f 511 512 507
f 513 506 395
f 514 515 509
f 507 499 511
f 461 498 446
f 482 491 81
f 511 499 516
f 515 517 518
f 517 519 518
f 475 446 498
f 515 518 520
f 520 518 521
f 501 491 482
f 522 498 461
f 523 496 524
f 516 499 525
f 491 501 490
f 507 162 119
f 508 510 526
f 512 162 507
f 510 509 527
f 501 482 479
f 523 524 528
f 162 512 180
f 529 523 528
f 530 527 509
f 509 515 530
f 93 108 476
f 531 527 530
f 359 348 355
f 515 520 532
f 500 479 363
f 533 534 535
f 363 456 500
f 355 384 399
f 464 376 463
f 511 516 536
f 462 537 464
f 516 538 536
f 359 355 539
f 540 464 537
f 541 538 516
f 447 542 449
f 355 399 539
f 456 543 500
f 399 544 539
f 473 449 542
f 473 537 462
f 545 473 542
f 536 180 512
f 512 511 536
f 490 501 499
f 545 542 546
f 547 359 539
f 525 499 501
f 365 359 547
f 536 548 180
f 548 298 180
f 545 546 549
f 501 500 525
f 548 536 538
f 443 324 550
f 324 342 550
f 547 539 551
f 550 447 443
f 544 399 401
f 447 550 542
f 552 541 553
f 552 538 541
f 550 342 554
f 543 525 500
f 554 342 350
f 555 544 401
f 525 543 556
f 538 552 557
f 558 544 555
f 559 554 350
f 551 539 544
f 550 554 542
f 554 546 542
f 551 544 558
f 363 362 456
f 560 546 554
f 558 555 561
f 548 562 563
f 560 554 559
f 562 548 538
f 564 558 561
f 538 557 562
f 559 565 560
f 566 564 561
f 456 567 543
f 361 559 350
f 557 568 562
f 559 361 565
f 569 388 382
f 570 565 361
f 570 361 366
f 569 405 388
f 562 568 571
f 365 547 368
f 218 217 386
f 386 223 382
f 557 552 572
f 569 382 223
f 573 368 547
f 217 223 386
f 546 560 549
f 312 368 327
f 573 327 368
f 574 397 405
f 573 547 551
f 575 574 405
f 548 563 298
f 332 298 563
f 574 575 448
f 226 569 223
f 569 576 405
f 551 577 573
f 578 549 560
f 569 226 576
f 226 579 576
f 563 580 332
f 581 327 573
f 579 582 576
f 464 583 376
f 583 464 540
f 580 357 332
f 583 379 376
f 575 405 576
f 583 383 379
f 576 582 575
f 584 383 583
f 540 584 583
f 585 540 537
f 580 563 562
f 571 580 562
f 581 573 577
f 585 584 540
f 585 586 584
f 584 587 383
f 587 385 383
f 455 442 448
f 588 580 571
f 586 587 584
f 357 580 366
f 456 455 567
f 558 589 551
f 455 448 567
f 585 537 473
f 545 585 473
f 589 558 564
f 545 590 585
f 590 586 585
f 448 591 567
f 476 592 93
f 476 478 592
f 567 591 593
f 586 590 594
f 592 478 481
f 393 513 395
f 448 397 574
f 393 392 595
f 596 592 481
f 596 481 493
f 323 592 596
f 385 587 403
f 597 403 587
f 597 598 403
f 596 325 323
f 586 597 587
f 586 594 597
f 591 448 575
f 577 551 589
f 599 597 594
f 410 403 598
f 597 599 598
f 596 493 600
f 600 493 601
f 549 590 545
f 549 602 590
f 577 589 603
f 601 493 495
f 594 590 602
f 601 495 502
f 601 502 600
f 604 603 605
f 325 596 600
f 606 594 602
f 240 579 226
f 607 325 600
f 589 564 605
f 607 326 325
f 579 608 582
f 578 609 549
f 607 600 610
f 555 428 468
f 608 579 240
f 611 607 610
f 612 608 240
f 609 602 549
f 340 339 613
f 468 457 614
f 340 613 615
f 561 555 468
f 616 575 582
f 615 346 340
f 594 606 599
f 346 615 617
f 608 616 582
f 561 468 618
f 619 575 616
f 599 606 620
f 621 598 599
f 598 621 410
f 622 496 523
f 523 623 622
f 623 523 624
f 618 468 614
f 623 610 622
f 618 614 625
f 624 523 529
f 591 575 619
f 614 457 474
f 625 614 474
f 599 620 621
f 621 620 626
f 627 624 529
f 623 624 627
f 628 626 620
f 611 610 623
f 618 629 561
f 602 620 606
f 593 591 619
f 566 561 629
f 611 623 630
f 630 623 627
f 631 611 630
f 593 619 632
f 629 618 633
f 602 609 620
f 634 620 609
f 630 627 635
f 628 620 634
f 627 528 535
f 636 619 616
f 32 303 302
f 629 633 637
f 635 627 638
f 625 474 483
f 38 32 302
f 38 302 305
f 635 638 639
f 640 615 641
f 642 483 643
f 8 640 644
f 642 618 625
f 619 636 632
f 645 337 646
f 483 487 643
f 645 646 647
f 617 640 8
f 633 618 642
f 347 346 617
f 645 132 337
f 617 71 347
f 648 649 650
f 651 650 649
f 71 617 7
f 637 633 642
f 7 617 8
f 637 642 652
f 649 648 653
f 525 556 516
f 654 643 655
f 654 652 642
f 541 516 556
f 541 556 553
f 605 564 566
f 605 566 656
f 637 656 566
f 657 543 567
f 658 605 656
f 656 637 659
f 656 659 660
f 657 567 593
f 657 593 661
f 566 629 637
f 657 556 543
f 556 657 662
f 652 663 637
f 659 637 663
f 556 662 553
f 663 652 664
f 657 661 662
f 659 665 660
f 665 659 663
f 666 665 663
f 632 661 593
f 439 318 327
f 667 327 581
f 436 439 667
f 632 668 661
f 439 327 667
f 669 662 661
f 662 669 553
f 661 668 669
f 459 436 667
f 459 667 670
f 552 553 669
f 667 671 670
f 672 670 671
f 668 673 669
f 572 552 669
f 670 672 674
f 675 670 674
f 673 572 669
f 461 459 522
f 152 131 130
f 522 459 670
f 344 676 345
f 677 419 416
f 522 670 678
f 679 676 680
f 679 677 676
f 679 680 681
f 682 679 681
f 683 498 684
f 685 686 687
f 498 522 684
f 684 522 678
f 684 678 688
f 685 687 689
f 688 690 684
f 678 670 675
f 682 691 677
f 692 691 682
f 692 682 693
f 692 694 691
f 612 240 254
f 678 675 688
f 695 608 612
f 264 695 254
f 695 612 254
f 688 675 696
f 608 695 616
f 697 616 695
f 692 693 698
f 698 693 699
f 692 268 694
f 698 268 692
f 271 268 698
f 700 688 696
f 701 702 698
f 698 702 271
f 696 703 704
f 705 696 704
f 706 704 707
f 705 704 706
f 581 577 667
f 708 709 710
f 671 667 577
f 671 577 603
f 711 712 713
f 714 715 716
f 675 674 703
f 717 718 719
f 720 703 674
f 703 696 675
f 658 604 605
f 658 656 660
f 721 722 723
f 721 723 724
f 660 725 658
f 726 727 728
f 658 703 604
f 703 720 604
f 729 730 731
f 732 733 689
f 703 658 734
f 734 658 725
f 734 725 735
f 736 731 737
f 737 738 739
f 739 740 741
f 741 736 739
f 738 742 739
f 743 665 744
f 745 741 740
f 665 725 660
f 735 725 743
f 715 746 716
f 746 740 742
f 725 665 743
f 747 740 746
f 747 745 740
f 748 745 747
f 735 743 749
f 747 746 750
f 750 746 718
f 734 704 703
f 750 748 747
f 751 752 748
f 751 753 752
f 734 707 704
f 748 754 751
f 718 755 750
f 756 707 734
f 706 707 756
f 734 735 757
f 754 758 751
f 759 760 761
f 735 749 757
f 762 759 761
f 762 763 759
f 51 764 52
f 756 734 757
f 765 22 3
f 22 765 20
f 764 34 765
f 764 11 34
f 20 765 34
f 766 757 749
f 766 756 757
f 764 51 11
f 11 51 767
f 768 756 766
f 766 769 768
f 34 11 42
f 42 11 10
f 83 47 46
f 51 97 767
f 767 770 771
f 771 770 65
f 767 12 11
f 736 772 731
f 736 773 772
f 774 775 5
f 5 775 776
f 775 774 648
f 775 648 650
f 777 778 779
f 648 774 780
f 781 130 782
f 779 772 777
f 653 648 780
f 777 772 783
f 783 784 777
f 781 782 785
f 785 195 781
f 6 5 776
f 25 24 780
f 774 15 25
f 783 786 784
f 774 5 15
f 787 784 786
f 774 25 780
f 788 786 783
f 787 786 788
f 783 772 773
f 781 195 155
f 155 130 781
f 155 150 130
f 96 94 103
f 653 780 789
f 739 736 737
f 789 49 653
f 150 152 130
f 773 736 741
f 653 49 52
f 49 789 50
f 745 773 741
f 790 773 745
f 739 742 740
f 24 789 780
f 716 742 738
f 24 791 789
f 53 58 24
f 58 791 24
f 791 58 60
f 788 792 793
f 791 50 789
f 794 795 753
f 592 323 322
f 796 783 773
f 790 796 773
f 796 788 783
f 792 788 796
f 791 60 88
f 90 791 88
f 50 791 90
f 797 154 155
f 90 89 798
f 796 790 752
f 753 796 752
f 753 792 796
f 92 60 59
f 752 790 745
f 799 154 797
f 92 96 89
f 799 161 154
f 96 92 94
f 161 151 150
f 753 795 792
f 95 798 89
f 800 701 801
f 784 802 777
f 784 801 802
f 803 151 161
f 787 801 784
f 798 770 90
f 800 801 787
f 502 610 600
f 90 770 97
f 800 804 701
f 785 782 98
f 98 805 785
f 169 805 98
f 95 806 798
f 800 787 788
f 641 607 611
f 615 607 641
f 807 804 800
f 808 804 807
f 100 809 175
f 806 95 282
f 808 810 804
f 811 810 808
f 770 798 806
f 812 813 808
f 814 271 810
f 814 810 811
f 613 339 326
f 811 815 814
f 607 613 326
f 816 815 811
f 66 770 806
f 817 806 282
f 817 105 806
f 615 613 607
f 785 193 195
f 105 817 818
f 813 811 808
f 66 77 67
f 193 785 805
f 813 816 811
f 813 819 816
f 66 105 77
f 806 105 66
f 174 805 169
f 793 800 788
f 174 820 805
f 821 800 793
f 821 807 800
f 206 174 170
f 818 78 105
f 78 818 108
f 812 808 822
f 823 812 822
f 824 812 823
f 822 808 807
f 496 622 502
f 181 175 107
f 807 821 822
f 502 622 610
f 821 793 792
f 795 821 792
f 821 795 794
f 821 794 825
f 107 175 809
f 821 823 822
f 823 821 825
f 825 824 823
f 826 175 181
f 813 812 824
f 181 827 826
f 828 813 824
f 813 828 819
f 829 830 819
f 829 819 828
f 181 171 158
f 831 828 824
f 827 181 158
f 831 829 828
f 104 103 832
f 824 833 831
f 630 635 834
f 831 835 829
f 103 110 189
f 197 103 189
f 631 630 834
f 200 836 197
f 198 200 197
f 195 194 155
f 103 836 832
f 832 836 219
f 175 826 170
f 826 204 170
f 197 836 103
f 834 635 837
f 170 204 206
f 838 829 835
f 839 838 835
f 746 742 716
f 715 718 746
f 805 820 193
f 627 529 528
f 840 194 193
f 836 200 220
f 836 220 219
f 200 230 220
f 832 219 225
f 174 206 820
f 221 225 219
f 748 750 754
f 840 193 820
f 840 820 206
f 638 534 639
f 638 627 535
f 748 752 745
f 230 214 220
f 638 535 534
f 751 794 753
f 794 751 841
f 635 639 842
f 843 844 194
f 842 837 635
f 95 104 832
f 843 840 845
f 95 832 282
f 845 840 206
f 282 832 225
f 843 194 840
f 644 641 611
f 641 644 640
f 640 617 615
f 202 826 827
f 826 202 204
f 755 754 750
f 8 644 9
f 817 282 280
f 644 611 631
f 846 644 631
f 847 754 755
f 848 280 224
f 280 848 849
f 9 644 846
f 847 850 754
f 818 817 280
f 202 827 851
f 849 818 280
f 849 108 818
f 850 847 852
f 108 849 476
f 852 847 853
f 854 203 202
f 202 851 855
f 846 631 834
f 758 760 751
f 846 834 856
f 202 855 854
f 758 754 850
f 9 846 28
f 855 857 854
f 28 846 856
f 850 858 758
f 850 859 858
f 761 760 758
f 155 194 797
f 837 856 834
f 761 758 858
f 29 856 837
f 28 856 29
f 717 755 718
f 419 216 218
f 216 860 217
f 861 755 717
f 862 861 717
f 217 860 234
f 217 234 222
f 863 755 861
f 853 755 863
f 853 847 755
f 860 216 419
f 864 825 794
f 865 824 825
f 246 234 860
f 866 865 825
f 867 246 860
f 864 794 841
f 868 864 841
f 869 246 867
f 866 825 864
f 868 866 864
f 868 870 866
f 268 869 867
f 867 694 268
f 372 373 871
f 865 833 824
f 872 833 865
f 833 835 831
f 373 873 874
f 373 378 873
f 232 237 249
f 381 873 378
f 869 237 246
f 872 865 870
f 865 866 870
f 274 237 869
f 874 873 875
f 274 261 237
f 394 395 874
f 833 872 835
f 261 249 237
f 876 839 835
f 876 835 872
f 378 375 381
f 873 381 875
f 387 875 381
f 877 876 872
f 876 877 878
f 874 875 394
f 267 274 869
f 268 267 869
f 872 870 877
f 394 875 879
f 879 392 394
f 880 877 870
f 875 387 879
f 407 879 387
f 881 851 882
f 763 870 868
f 868 883 763
f 261 274 884
f 885 259 261
f 885 886 259
f 751 760 841
f 432 212 245
f 882 887 881
f 884 274 275
f 432 213 212
f 414 213 432
f 759 841 760
f 759 868 841
f 868 759 883
f 420 221 413
f 221 213 413
f 414 413 213
f 887 882 164
f 164 227 887
f 763 883 759
f 415 420 423
f 888 881 887
f 432 245 425
f 208 881 888
f 884 281 889
f 888 887 227
f 281 884 275
f 763 890 870
f 431 433 432
f 870 890 880
f 891 877 880
f 891 880 892
f 271 814 276
f 893 891 892
f 763 894 890
f 894 880 890
f 880 894 892
f 227 164 166
f 895 894 763
f 276 728 283
f 450 433 431
f 450 896 433
f 728 276 814
f 166 165 167
f 897 896 450
f 898 892 894
f 412 433 896
f 892 898 893
f 452 412 896
f 814 815 728
f 283 728 727
f 899 893 898
f 372 897 450
f 372 871 897
f 167 188 166
f 896 897 871
f 871 452 896
f 452 871 900
f 452 900 453
f 454 372 450
f 291 337 336
f 412 452 422
f 422 452 451
f 901 902 451
f 526 901 451
f 765 52 764
f 415 848 224
f 208 903 881
f 849 848 904
f 905 477 904
f 905 480 477
f 210 903 208
f 848 415 904
f 906 415 423
f 415 906 905
f 770 767 97
f 415 905 904
f 12 767 771
f 906 480 905
f 476 849 477
f 904 477 849
f 211 208 888
f 907 209 211
f 906 423 484
f 341 336 345
f 486 423 422
f 484 423 486
f 41 45 21
f 21 45 37
f 906 484 480
f 485 486 489
f 902 489 486
f 901 489 902
f 489 510 488
f 211 888 227
f 227 908 211
f 488 496 494
f 908 227 228
f 909 37 45
f 61 909 45
f 902 486 422
f 902 422 451
f 228 166 196
f 65 770 66
f 211 908 907
f 12 771 65
f 228 235 908
f 900 871 373
f 84 69 76
f 453 900 505
f 505 900 373
f 505 373 874
f 80 84 76
f 395 505 874
f 910 908 235
f 508 526 503
f 503 526 451
f 367 364 341
f 508 503 911
f 911 503 504
f 508 911 509
f 514 509 911
f 80 93 102
f 911 504 506
f 592 322 93
f 911 506 514
f 345 416 367
f 93 135 102
f 135 93 322
f 676 416 345
f 114 117 113
f 115 56 113
f 514 506 912
f 515 514 912
f 912 506 513
f 912 517 515
f 510 497 488
f 266 313 295
f 144 117 127
f 497 524 496
f 235 196 286
f 489 901 526
f 489 526 510
f 144 127 106
f 106 136 139
f 286 391 235
f 524 510 527
f 524 527 531
f 497 510 524
f 145 144 106
f 143 117 144
f 145 106 139
f 313 266 270
f 530 515 532
f 313 270 311
f 913 530 532
f 531 528 524
f 528 531 914
f 160 159 177
f 531 530 913
f 914 531 913
f 295 313 319
f 855 851 881
f 528 914 535
f 913 533 914
f 533 913 532
f 882 851 157
f 164 882 157
f 535 914 533
f 177 915 160
f 168 160 915
f 165 160 168
f 168 190 167
f 168 915 190
f 167 190 179
f 171 36 37
f 171 181 121
f 173 171 37
f 173 37 185
f 159 173 176
f 185 176 173
f 185 37 909
f 909 916 185
f 916 909 61
f 61 186 916
f 186 185 916
f 183 187 186
f 61 184 183
f 186 61 183
f 184 61 56
f 187 917 176
f 917 187 183
f 177 176 917
f 191 917 183
f 918 209 907
f 191 183 182
f 919 920 210
f 919 210 209
f 191 177 917
f 851 827 158
f 851 158 157
f 921 919 209
f 922 921 923
f 923 921 918
f 915 177 190
f 924 918 907
f 177 191 190
f 921 209 918
f 912 513 393
f 517 912 393
f 922 919 921
f 907 908 910
f 182 116 233
f 924 907 925
f 907 910 925
f 910 466 925
f 926 918 924
f 145 263 253
f 925 927 924
f 18 928 32
f 927 925 466
f 19 18 32
f 303 32 928
f 929 928 930
f 646 929 930
f 930 18 931
f 930 928 18
f 466 465 927
f 930 931 932
f 929 303 928
f 933 926 934
f 337 929 646
f 935 933 934
f 337 303 929
f 337 291 303
f 927 471 934
f 471 927 465
f 935 934 471
f 125 930 126
f 935 471 936
f 125 646 930
f 647 646 125
f 124 647 125
f 937 922 923
f 329 138 323
f 938 712 937
f 918 939 923
f 323 326 329
f 939 918 926
f 647 782 130
f 329 326 339
f 329 331 140
f 124 782 647
f 939 940 923
f 329 339 331
f 937 941 922
f 712 941 937
f 130 645 647
f 645 130 132
f 942 6 776
f 931 6 942
f 943 938 937
f 944 938 943
f 650 776 775
f 942 776 650
f 940 937 923
f 650 651 942
f 932 931 942
f 153 263 145
f 945 932 942
f 943 937 940
f 126 932 945
f 354 263 153
f 939 946 940
f 334 153 330
f 945 942 651
f 651 2 945
f 153 334 352
f 649 653 52
f 52 765 649
f 926 924 927
f 927 934 926
f 651 3 2
f 649 3 651
f 939 926 933
f 946 939 933
f 649 765 3
f 356 351 421
f 351 369 421
f 931 18 6
f 391 910 235
f 467 910 391
f 126 930 932
f 467 466 910
f 947 344 131
f 124 126 945
f 417 467 391
f 948 947 131
f 107 945 2
f 391 402 417
f 948 680 947
f 809 945 107
f 99 124 945
f 428 411 424
f 98 124 99
f 555 411 428
f 401 411 555
f 434 406 320
f 949 948 131
f 99 945 809
f 100 99 809
f 687 950 948
f 680 948 950
f 152 949 131
f 36 121 26
f 949 152 151
f 947 676 344
f 124 98 782
f 680 676 947
f 677 416 676
f 681 680 950
f 677 679 682
f 949 687 948
f 686 950 687
f 778 686 685
f 733 778 685
f 951 949 151
f 951 687 949
f 729 951 151
f 951 689 687
f 729 151 803
f 689 951 729
f 733 685 689
f 681 950 686
f 778 681 686
f 681 699 682
f 699 693 682
f 699 952 953
f 952 699 681
f 778 952 681
f 779 778 733
f 777 952 778
f 802 953 952
f 777 802 952
f 954 860 419
f 419 677 954
f 860 954 867
f 954 677 691
f 694 954 691
f 589 605 603
f 694 867 954
f 953 698 699
f 642 625 483
f 698 953 802
f 801 698 802
f 701 698 801
f 642 643 654
f 702 701 804
f 271 702 804
f 810 271 804
f 857 855 881
f 857 955 956
f 955 857 903
f 903 857 881
f 957 958 959
f 959 955 903
f 920 959 903
f 210 920 903
f 960 957 959
f 920 960 959
f 710 799 961
f 709 803 799
f 664 666 663
f 729 803 730
f 803 161 799
f 709 799 710
f 730 803 709
f 962 730 709
f 709 708 963
f 962 709 963
f 738 730 962
f 738 737 730
f 963 738 962
f 714 738 964
f 965 845 215
f 215 845 206
f 844 845 965
f 965 966 844
f 961 797 844
f 844 797 194
f 710 961 844
f 844 843 845
f 844 967 710
f 968 844 966
f 857 203 854
f 956 215 203
f 720 603 604
f 203 857 956
f 720 671 603
f 720 674 671
f 674 672 671
f 965 215 956
f 958 965 956
f 958 956 959
f 959 956 955
f 966 965 958
f 797 961 799
f 969 968 966
f 970 708 967
f 968 967 844
f 970 967 971
f 971 967 968
f 969 966 958
f 957 969 958
f 708 710 967
f 970 963 708
f 964 963 970
f 738 963 964
f 960 920 919
f 972 957 960
f 922 960 919
f 972 973 711
f 973 972 960
f 973 960 922
f 941 973 922
f 941 711 973
f 712 711 941
f 712 938 944
f 712 974 713
f 974 712 944
f 716 738 714
f 975 968 969
f 976 970 971
f 971 968 975
f 976 971 977
f 978 975 979
f 977 971 975
f 978 977 975
f 980 977 981
f 969 957 979
f 979 975 969
f 979 957 972
f 972 711 979
f 978 979 711
f 976 964 970
f 714 964 976
f 982 714 976
f 983 714 982
f 714 983 715
f 980 976 977
f 984 982 980
f 980 982 976
f 982 984 719
f 719 983 982
f 983 718 715
f 983 719 718
f 985 977 978
f 985 981 977
f 986 981 985
f 713 978 711
f 713 985 978
f 985 713 974
f 987 984 980
f 987 719 984
f 987 980 981
f 722 719 987
f 723 987 981
f 723 722 987
f 862 719 722
f 719 862 717
f 721 862 722
f 721 861 862
f 726 728 815
f 816 726 815
f 816 988 726
f 988 816 830
f 816 819 830
f 772 779 733
f 689 729 732
f 732 729 731
f 772 733 732
f 731 772 732
f 731 730 737
f 404 989 408
f 990 128 101
f 991 992 993
f 994 995 996
f 995 994 997
f 990 101 998
f 999 1000 1001
f 1002 990 998
f 1003 994 408
f 1004 1003 989
f 1003 408 989
f 1003 997 994
f 595 392 1005
f 1006 128 990
f 1007 1008 1009
f 1005 1010 1011
f 1012 999 1001
f 409 989 404
f 992 1000 999
f 992 999 993
f 1013 997 1003
f 997 1014 995
f 1015 995 1014
f 1007 1009 1016
f 1017 999 1012
f 1018 1002 998
f 1019 1004 1020
f 1006 147 128
f 1020 1004 989
f 1021 999 1017
f 409 1020 989
f 1022 1020 409
f 410 1022 409
f 487 147 1006
f 410 1023 1022
f 1024 990 1002
f 1024 1006 990
f 1021 1017 1025
f 1026 1022 1023
f 1027 1016 1028
f 487 1006 1024
f 1029 743 744
f 1030 1019 1020
f 749 743 1029
f 1007 1016 1031
f 749 1029 1032
f 1026 1030 1020
f 1026 1020 1022
f 1016 1027 1031
f 1026 1033 1030
f 1033 1026 1023
f 1030 1033 1034
f 1035 744 666
f 1036 1002 1018
f 665 666 744
f 997 1013 1037
f 1013 1038 1037
f 1024 1036 1039
f 1024 1002 1036
f 1004 1013 1003
f 1013 1004 1040
f 1027 1041 1031
f 1019 1040 1004
f 991 1042 1035
f 744 1042 1043
f 1044 1040 1019
f 744 1035 1042
f 997 1037 1014
f 1038 1045 1037
f 1046 1018 1047
f 1013 1040 1038
f 1048 1038 1040
f 1038 1049 1045
f 1048 1049 1038
f 1050 1046 1047
f 1043 1029 744
f 1032 1029 1043
f 1051 1044 1019
f 1052 1053 1054
f 1044 1048 1040
f 1055 1048 1044
f 1043 1042 1056
f 1057 991 993
f 1051 1055 1044
f 1051 1058 1055
f 1042 991 1057
f 1030 1034 1019
f 1052 1054 1059
f 1042 1057 1060
f 1034 1051 1019
f 1034 1061 1051
f 1028 1062 1063
f 1034 1033 1061
f 1057 993 999
f 1062 1053 1052
f 1057 999 1021
f 1060 1057 1021
f 1064 1036 1018
f 1052 1063 1062
f 1061 1065 1051
f 1056 1042 1060
f 1066 1067 1049
f 1064 1018 1046
f 1066 1068 1067
f 1052 1059 1069
f 1070 1068 1066
f 1060 1021 1071
f 1063 1052 1069
f 1072 1068 1073
f 1064 1046 1074
f 1075 1072 1076
f 1072 1077 1076
f 1078 1079 1080
f 1081 1069 1059
f 1078 1080 1082
f 749 1032 1083
f 1083 766 749
f 1084 1078 1082
f 1083 1032 1085
f 1086 1078 1087
f 1049 1048 1066
f 1032 1056 1085
f 1088 1089 1090
f 1070 1066 1048
f 1070 1048 1055
f 1058 1070 1055
f 1088 1090 1091
f 1092 1058 1051
f 769 766 1083
f 1070 1058 1093
f 1027 1028 1063
f 1094 769 1083
f 1091 1095 1088
f 1083 1085 1094
f 1096 1089 1088
f 1097 519 517
f 1085 1056 1098
f 1098 1094 1085
f 1063 1069 1099
f 519 521 518
f 1100 1094 1098
f 1101 521 1102
f 1100 1098 1103
f 1104 520 521
f 1104 521 1101
f 1100 1103 1105
f 1056 1032 1043
f 1106 1104 1107
f 1108 1096 1088
f 1109 1107 1104
f 534 533 1106
f 1110 1056 1060
f 1108 1088 1111
f 1098 1056 1110
f 1109 1112 1113
f 1114 1027 1063
f 1114 1115 1027
f 521 519 1116
f 521 1116 1102
f 1071 1110 1060
f 1088 1095 1117
f 1103 1110 1071
f 1103 1071 1118
f 1119 1120 1116
f 1098 1110 1103
f 1117 1095 1121
f 1120 1119 1122
f 1122 1123 1120
f 1105 1103 1124
f 1099 1114 1063
f 1021 1025 1125
f 1116 1120 1102
f 1126 1099 1069
f 1127 1102 1120
f 1127 1120 1123
f 410 621 1023
f 1117 1121 1128
f 1129 1125 1130
f 1111 1088 1117
f 1023 621 626
f 1126 1069 1131
f 1071 1021 1132
f 1132 1021 1125
f 1125 1129 1132
f 1133 1126 1131
f 1111 1117 1134
f 1135 1111 1134
f 1136 1071 1132
f 1137 1129 1130
f 1033 1023 626
f 1136 1132 1129
f 1138 1114 1099
f 1033 626 1139
f 1134 1117 1140
f 1136 1129 1137
f 1033 1139 1061
f 1141 1050 1096
f 1142 1099 1126
f 1143 1144 1145
f 1146 1147 1148
f 1122 1149 1150
f 1138 1099 1142
f 1151 1150 1152
f 1141 1096 1153
f 1154 1137 1155
f 1156 1138 1142
f 1122 1150 1157
f 1046 1050 1074
f 1074 1050 1141
f 1074 1141 1158
f 1142 1126 1133
f 1118 1071 1136
f 1158 1141 1153
f 1159 1160 1151
f 1074 1158 1161
f 1151 1160 1162
f 1150 1151 1162
f 1123 1122 1157
f 1133 1156 1142
f 1133 1163 1156
f 1164 1118 1136
f 1118 1124 1103
f 1165 1166 1167
f 1161 1158 1153
f 1168 1059 1054
f 1169 1166 1165
f 1169 1165 1170
f 1171 1161 1153
f 1171 1172 1161
f 1081 1168 1173
f 1174 1175 1171
f 1124 1118 1176
f 1160 1159 1177
f 1178 1177 1179
f 1059 1168 1081
f 1170 1165 1180
f 1170 1180 1181
f 1118 1164 1176
f 1182 1145 1183
f 1108 1184 1096
f 1108 1185 1184
f 1186 1136 1137
f 1146 1148 1143
f 1185 1108 1111
f 1154 1186 1137
f 1153 1096 1184
f 1187 1143 1188
f 1164 1136 1186
f 1189 1188 1182
f 1164 1186 1190
f 1184 1185 1171
f 1191 1192 1173
f 1190 1186 1154
f 1153 1184 1171
f 1131 1173 1192
f 1169 1193 1166
f 1154 1155 1194
f 1195 1193 1196
f 1197 1190 1154
f 1196 1198 1199
f 1197 1154 1194
f 1164 1190 1197
f 1189 1193 1195
f 1200 1189 1195
f 1069 1081 1131
f 1173 1131 1081
f 1185 1135 1201
f 1195 1196 1199
f 1185 1111 1135
f 1202 1195 1199
f 1131 1192 1203
f 1204 1200 1195
f 1205 1197 1194
f 1206 1207 1208
f 1209 1206 1208
f 1210 1135 1134
f 1211 1135 1210
f 1133 1131 1203
f 1212 1213 1214
f 1194 1215 1216
f 1214 1217 1218
f 1171 1185 1201
f 1194 1216 1205
f 1135 1211 1201
f 1180 1219 1181
f 1181 1219 1220
f 1216 1215 1221
f 1201 1174 1171
f 1222 1223 1224
f 1024 1039 1225
f 1226 1227 1228
f 1228 1229 1230
f 1225 1039 1036
f 1231 1225 1232
f 1222 1233 1223
f 1199 1198 1234
f 1036 1235 1232
f 1211 1174 1201
f 1225 1036 1232
f 1174 1211 1236
f 1237 1199 1234
f 1238 1199 1237
f 1202 1199 1238
f 1232 1235 1239
f 1240 1232 1239
f 1241 1202 1238
f 1223 1242 1224
f 1243 1202 1241
f 1231 1232 1240
f 1242 1215 1155
f 1244 1234 1245
f 1234 1244 1246
f 1237 1234 1246
f 1012 1240 1247
f 1240 1239 1247
f 1248 1249 1238
f 1248 1238 1237
f 1241 1238 1249
f 1012 1001 1240
f 1250 1251 1252
f 1012 1247 1253
f 1254 1242 1223
f 1249 1248 1255
f 1239 1235 1256
f 1247 1239 1256
f 1235 1074 1161
f 1256 1235 1161
f 1250 1252 1257
f 1256 1161 1172
f 1256 1172 1258
f 1259 1260 1250
f 1261 1260 1259
f 1262 1243 1241
f 1263 1233 1031
f 1258 1172 1175
f 1175 1172 1171
f 1264 1262 1241
f 639 1265 1266
f 1223 1233 1263
f 1264 1241 1249
f 1258 1247 1256
f 1249 1255 1267
f 1263 1031 1041
f 1266 1268 1269
f 1269 1268 1270
f 1264 1249 1267
f 1266 1269 1271
f 1272 1258 1175
f 1273 1258 1272
f 1274 1275 1276
f 1270 1277 1147
f 1254 1223 1278
f 1278 1223 1279
f 1279 1223 1263
f 1272 1175 1174
f 1261 1274 1260
f 1270 1147 1146
f 1280 1270 1146
f 1187 1280 1146
f 1174 1281 1272
f 1282 1262 1283
f 1279 1263 1041
f 1284 1269 1270
f 1284 1270 1280
f 1271 1269 1284
f 1279 1041 1285
f 1286 1272 1281
f 1287 1282 1283
f 1288 27 29
f 1288 55 27
f 1286 1281 1008
f 1289 1287 1283
f 55 1288 1290
f 1283 1262 1291
f 1194 1155 1215
f 1281 1174 1236
f 1281 1236 1292
f 1293 1289 1291
f 1294 1290 1295
f 1294 55 1290
f 1291 1289 1283
f 1215 1242 1254
f 29 842 1296
f 1253 1247 1258
f 29 1296 1288
f 1017 1012 1253
f 1288 1296 1290
f 1262 1264 1267
f 1267 1291 1262
f 1296 1297 1290
f 1298 1290 1297
f 1299 1287 1289
f 1253 1258 1273
f 1300 1290 1298
f 1295 1290 1300
f 1301 1253 1273
f 1273 1302 1301
f 1017 1253 1025
f 1025 1253 1301
f 1303 1289 1293
f 1215 1254 1221
f 1298 1304 1305
f 1300 1298 1305
f 1306 1293 1291
f 1305 1295 1300
f 1273 1307 1308
f 1302 1273 1308
f 1305 1304 1309
f 1309 1304 1310
f 1278 1279 1311
f 1312 1293 1306
f 1307 1273 1272
f 1307 1272 1313
f 1272 1286 1313
f 1090 1309 1314
f 1305 1309 1090
f 1221 1254 1278
f 1313 1308 1307
f 1315 1280 1187
f 1316 1313 1286
f 1291 1267 1276
f 1317 1280 1315
f 1308 1313 1316
f 1278 1311 1318
f 1319 1315 1320
f 1319 1310 1321
f 1322 1291 1276
f 1306 1291 1322
f 1302 1308 1323
f 1285 1311 1279
f 1324 1319 1320
f 1322 1276 1325
f 1320 1326 1327
f 1320 1327 1328
f 1278 1318 1221
f 1323 1308 1316
f 1323 1316 1222
f 1224 1323 1222
f 1309 1310 1314
f 1310 1319 1314
f 1125 1025 1301
f 1314 1319 1324
f 1125 1301 1130
f 1329 1221 1318
f 1130 1301 1302
f 1314 1324 1091
f 1090 1314 1091
f 1324 1320 1328
f 1130 1302 1323
f 1091 1324 1328
f 1318 1311 1330
f 1331 1322 1325
f 1224 1130 1323
f 1331 1325 1332
f 1328 1327 1333
f 1287 1333 1327
f 1155 1137 1130
f 1224 1155 1130
f 1091 1328 1095
f 1328 1333 1095
f 1155 1224 1242
f 1121 1333 1299
f 1121 1095 1333
f 1285 1041 1334
f 1121 1299 1303
f 1121 1303 1128
f 1143 1187 1146
f 1335 1261 1259
f 1292 1236 1336
f 1335 1259 1337
f 1338 1274 1261
f 1339 1187 1188
f 1188 1189 1200
f 1339 1188 1200
f 1340 1285 1334
f 1275 1274 1338
f 1339 1315 1187
f 1292 1336 1341
f 1341 1336 1342
f 1027 1115 1041
f 1343 1275 1338
f 1344 1315 1339
f 1335 1345 1343
f 1008 1281 1292
f 1041 1115 1334
f 1346 1200 1204
f 1339 1200 1346
f 1292 1341 1009
f 1292 1009 1008
f 1138 1334 1115
f 1138 1115 1114
f 1341 1342 1347
f 1202 1204 1195
f 1332 1325 1275
f 1347 1342 1348
f 1243 1204 1202
f 1349 1347 1350
f 1344 1339 1346
f 1138 1340 1334
f 1351 1344 1346
f 1352 1331 1332
f 1346 1243 1351
f 1243 1346 1204
f 1053 1350 1353
f 1349 1350 1053
f 1262 1282 1243
f 1327 1326 1282
f 1354 1343 1345
f 1327 1282 1287
f 1355 1341 1347
f 1355 1347 1349
f 1009 1341 1016
f 1016 1341 1355
f 1333 1287 1299
f 1355 1349 1062
f 1345 1356 1357
f 1354 1345 1357
f 1358 1359 1360
f 1360 1361 1362
f 55 1294 48
f 109 48 1294
f 1316 1286 1008
f 1363 1316 1008
f 1364 109 1294
f 1008 1365 1363
f 1138 1156 1366
f 1364 1294 1295
f 1365 1008 1007
f 1363 1365 1007
f 1364 1295 1367
f 1222 1316 1363
f 1354 1357 1368
f 1368 1357 1369
f 1156 1163 1366
f 1358 1360 1362
f 1222 1363 1233
f 1138 1370 1340
f 109 1364 998
f 998 101 109
f 1370 1138 1366
f 1047 1364 1367
f 1363 1007 1233
f 1047 998 1364
f 998 1047 1018
f 1233 1007 1031
f 1371 1372 1373
f 1047 1367 1050
f 1366 1374 1370
f 1050 1367 1089
f 1330 1311 1285
f 1305 1367 1295
f 1285 1375 1330
f 1376 1377 1371
f 1089 1305 1090
f 1210 1377 1376
f 1367 1305 1089
f 1375 1285 1340
f 1089 1096 1050
f 1378 1376 1371
f 1211 1210 1379
f 1236 1211 1379
f 1330 1380 1381
f 1336 1236 1379
f 1342 1336 1379
f 1380 1330 1375
f 1378 1379 1376
f 1342 1379 1378
f 1382 1371 1373
f 1378 1371 1382
f 1375 1370 1383
f 1380 1375 1383
f 1348 1378 1382
f 1342 1378 1348
f 1348 1382 1350
f 1382 1353 1350
f 1383 1384 1385
f 1370 1375 1340
f 1054 1053 1353
f 1370 1384 1383
f 1303 1293 1312
f 1386 1387 1388
f 1389 1387 1386
f 1303 1312 1372
f 1373 1372 1312
f 1390 1391 1392
f 1391 1390 1192
f 1393 1312 1306
f 1393 1306 1322
f 1394 1395 1387
f 1373 1312 1393
f 1393 1322 1331
f 1163 1133 1396
f 1393 1397 1373
f 1382 1373 1397
f 1192 1390 1398
f 1397 1393 1331
f 1397 1331 1399
f 1398 1203 1192
f 1400 1203 1398
f 1401 1398 1390
f 1400 1398 1401
f 1397 1353 1382
f 1402 1403 1404
f 1390 1394 1405
f 1390 1405 1402
f 1399 1331 1352
f 1399 1352 1406
f 1406 1352 1407
f 1133 1203 1396
f 1396 1203 1400
f 1397 1399 1408
f 1409 1408 1399
f 1399 1406 1409
f 1410 1400 1401
f 1411 1400 1410
f 1412 1413 1414
f 1415 1400 1411
f 1400 1416 1396
f 1416 1400 1415
f 1414 1417 1391
f 1413 1354 1368
f 1418 1419 1420
f 1421 1422 1423
f 1414 1413 1368
f 1414 1368 1424
f 1417 1414 1424
f 1425 1421 1423
f 1423 1426 1425
f 1423 1427 1426
f 1428 1426 1427
f 1425 1426 1429
f 1408 1353 1397
f 1430 1426 1428
f 1431 1163 1396
f 1431 1396 1416
f 1163 1431 1432
f 1408 1409 1433
f 1433 1409 1434
f 1435 1434 1409
f 1353 1408 1433
f 1054 1353 1433
f 1168 1433 1434
f 1374 1366 1163
f 1432 1374 1163
f 1054 1433 1168
f 1431 1416 1436
f 1432 1431 1436
f 1191 1435 1414
f 1391 1191 1414
f 1437 1370 1374
f 1391 1417 1392
f 1432 1437 1374
f 1191 1434 1435
f 1384 1370 1437
f 1173 1168 1434
f 1434 1191 1173
f 1432 1438 1437
f 1439 1437 1438
f 1436 1438 1432
f 1440 1438 1436
f 1191 1391 1192
f 1437 1439 1384
f 643 487 1024
f 1384 1439 1441
f 654 655 1442
f 1441 1439 1438
f 1442 652 654
f 655 1231 1442
f 1231 655 1225
f 1440 1436 1443
f 1444 1231 1000
f 1438 1445 1441
f 1000 1231 1240
f 1001 1000 1240
f 1440 1445 1438
f 1442 664 652
f 1446 1445 1440
f 1443 1446 1440
f 992 664 1444
f 1415 1447 1416
f 992 1444 1000
f 1448 664 992
f 1447 1436 1416
f 1436 1447 1449
f 992 666 1448
f 992 1035 666
f 1449 1443 1436
f 1450 1426 1430
f 1035 992 991
f 1451 1429 1450
f 1452 1451 1450
f 1453 1454 1455
f 1412 1406 1407
f 1413 1412 1407
f 994 996 407
f 407 408 994
f 1409 1406 1435
f 1304 1321 1310
f 1406 1412 1435
f 879 407 996
f 1413 1407 1354
f 392 879 1456
f 996 1456 879
f 392 1456 1005
f 1456 996 995
f 1456 995 1010
f 1005 1456 1010
f 1010 995 1457
f 1368 1369 1424
f 1424 1369 1458
f 995 1015 1457
f 1317 1315 1319
f 1459 1458 1460
f 1388 1459 1460
f 1461 1424 1458
f 1461 1458 1459
f 1317 1319 1321
f 1010 1457 1462
f 1417 1424 1461
f 1457 1015 1463
f 1152 1457 1463
f 1320 1315 1326
f 1462 1152 1149
f 1462 1457 1152
f 1414 1435 1412
f 1045 1014 1037
f 1024 655 643
f 1080 1049 1067
f 1067 1082 1080
f 1082 1067 1464
f 1464 1084 1082
f 1068 1072 1067
f 1072 1464 1067
f 1442 1231 1444
f 1465 1084 1464
f 1465 1464 1072
f 1326 1315 1344
f 1208 1466 1084
f 1084 1465 1075
f 1072 1075 1465
f 666 664 1448
f 1075 1208 1084
f 1015 1014 1467
f 1463 1015 1467
f 1444 664 1442
f 1152 1463 1468
f 1152 1468 1151
f 1079 1014 1045
f 1049 1079 1045
f 1079 1467 1014
f 1078 1467 1079
f 1049 1080 1079
f 1463 1467 1078
f 1344 1351 1282
f 1086 1468 1463
f 1078 1086 1463
f 1468 1086 1469
f 1351 1243 1282
f 1469 1151 1468
f 1151 1469 1159
f 1078 1084 1466
f 1087 1078 1466
f 1326 1344 1282
f 1470 1087 1466
f 1466 1208 1207
f 1466 1471 1470
f 1471 1466 1207
f 1087 1470 1086
f 1469 1086 1470
f 1470 1159 1469
f 1159 1470 1179
f 1179 1470 1471
f 1179 1471 1472
f 1472 1178 1179
f 532 520 1104
f 1106 532 1104
f 1109 1104 1112
f 1112 1104 1101
f 533 532 1106
f 1107 1265 1106
f 1265 1107 1109
f 1265 534 1106
f 1265 1109 1113
f 1268 1265 1113
f 1113 1112 1473
f 1474 1473 1112
f 1147 1473 1148
f 1113 1473 1277
f 1268 1113 1277
f 1277 1473 1147
f 1011 393 595
f 1097 393 1011
f 595 1005 1011
f 1011 1475 1097
f 1011 1010 1462
f 1476 1011 1462
f 1116 1097 1475
f 1476 1116 1475
f 1476 1475 1011
f 517 393 1097
f 1116 519 1097
f 1119 1476 1462
f 1116 1476 1119
f 1119 1462 1149
f 1119 1149 1122
f 655 1024 1225
f 1127 1123 1157
f 1235 1064 1074
f 1235 1036 1064
f 1101 1102 1477
f 1477 1102 1127
f 1474 1477 1127
f 1101 1474 1112
f 1474 1101 1477
f 1127 1144 1474
f 1473 1474 1144
f 1127 1183 1144
f 1144 1183 1145
f 1148 1473 1144
f 1148 1144 1143
f 1149 1152 1150
f 1127 1157 1183
f 1162 1157 1150
f 1478 1157 1162
f 1478 1479 1157
f 1459 1388 1387
f 1167 1160 1177
f 1140 1117 1480
f 1478 1162 1160
f 1377 1140 1480
f 1480 1117 1128
f 1166 1478 1160
f 1166 1160 1167
f 1193 1478 1166
f 1140 1377 1134
f 1219 1177 1178
f 1177 1159 1179
f 1394 1390 1392
f 1180 1177 1219
f 1461 1459 1395
f 1167 1177 1165
f 1387 1395 1459
f 1180 1165 1177
f 1392 1417 1461
f 1395 1392 1461
f 1183 1157 1479
f 1479 1182 1183
f 1392 1395 1394
f 1145 1182 1143
f 1189 1182 1479
f 1479 1478 1193
f 1394 1387 1481
f 1481 1387 1389
f 1193 1189 1479
f 1143 1182 1188
f 1134 1377 1210
f 1196 1193 1169
f 1196 1169 1170
f 1170 1198 1196
f 1405 1394 1481
f 1016 1355 1062
f 1053 1062 1349
f 1208 1075 1209
f 1471 1207 1482
f 1246 1248 1237
f 1472 1471 1482
f 1472 1482 1213
f 1255 1248 1246
f 1482 1207 1206
f 1482 1206 1483
f 1483 1484 1217
f 1213 1482 1483
f 1213 1483 1214
f 1483 1217 1214
f 1485 1178 1472
f 1062 1028 1016
f 1401 1390 1404
f 1485 1472 1213
f 1485 1213 1212
f 1486 1485 1212
f 1255 1246 1487
f 1487 1246 1260
f 1212 1214 1227
f 1488 1212 1227
f 1487 1267 1255
f 1404 1410 1401
f 1219 1178 1485
f 1410 1404 1403
f 1276 1267 1487
f 1485 1486 1219
f 1276 1487 1274
f 1220 1219 1486
f 1220 1486 1489
f 1488 1486 1212
f 1489 1486 1488
f 1404 1390 1402
f 1490 1402 1405
f 1198 1181 1220
f 1405 1481 1491
f 1260 1274 1487
f 1490 1405 1491
f 1492 1493 1220
f 1220 1489 1492
f 1234 1220 1245
f 1220 1493 1245
f 1226 1489 1488
f 1226 1488 1227
f 1228 1227 1229
f 1494 1490 1491
f 1245 1493 1492
f 1492 1489 1226
f 1492 1226 1495
f 1228 1495 1226
f 1299 1289 1303
f 1495 1245 1492
f 1419 1402 1490
f 1419 1490 1422
f 1495 1228 1230
f 1490 1494 1496
f 1497 1252 1230
f 1495 1230 1252
f 1422 1490 1496
f 1422 1496 1427
f 1198 1170 1181
f 1325 1276 1275
f 1198 1220 1234
f 1251 1245 1495
f 1244 1245 1251
f 1403 1418 1410
f 1402 1418 1403
f 1411 1410 1418
f 1244 1251 1498
f 1498 1251 1250
f 1251 1495 1252
f 1246 1244 1498
f 1418 1415 1411
f 1246 1498 1260
f 1250 1260 1498
f 1499 1500 1337
f 1419 1418 1402
f 1500 1499 1501
f 1415 1418 1502
f 1420 1502 1418
f 1335 1337 1500
f 1503 1415 1502
f 1338 1261 1335
f 1250 1257 1259
f 1504 1502 1420
f 1337 1259 1257
f 1421 1504 1420
f 1257 1505 1337
f 1343 1338 1335
f 1337 1505 1499
f 1421 1419 1422
f 639 534 1265
f 1265 1268 1266
f 1506 1500 1507
f 1506 1335 1500
f 1427 1423 1422
f 1361 1506 1507
f 1345 1335 1506
f 1356 1345 1506
f 1508 1296 842
f 1508 842 639
f 1420 1419 1421
f 1361 1359 1506
f 639 1266 1508
f 1266 1271 1508
f 1270 1268 1277
f 1509 1275 1343
f 1504 1421 1425
f 1332 1275 1509
f 1321 1271 1284
f 1509 1407 1332
f 1317 1284 1280
f 1321 1284 1317
f 1343 1354 1509
f 842 29 837
f 1297 1296 1508
f 1297 1508 1271
f 1297 1271 1298
f 1298 1271 1321
f 1298 1321 1304
f 1356 1506 1359
f 1361 1360 1359
f 1356 1369 1357
f 1356 1359 1358
f 1358 1369 1356
f 1388 1358 1362
f 1458 1369 1358
f 1460 1458 1358
f 1443 1510 1446
f 1460 1358 1388
f 1128 1303 1372
f 1447 1415 1503
f 1372 1480 1128
f 1377 1480 1372
f 1377 1372 1371
f 1447 1503 1449
f 1511 1502 1504
f 1511 1503 1502
f 1511 1504 1512
f 1379 1210 1376
f 1511 1449 1503
f 1511 1513 1449
f 1514 1513 1511
f 1515 1511 1512
f 1516 1514 1511
f 1516 1511 1515
f 1348 1350 1347
f 1451 1504 1425
f 1517 1512 1504
f 1517 1504 1451
f 1425 1429 1451
f 1450 1429 1426
f 1518 1450 1430
f 1451 1515 1512
f 1517 1451 1512
f 1513 1443 1449
f 1510 1443 1513
f 1519 1513 1514
f 1514 1516 1520
f 1520 1516 1515
f 1510 1513 1519
f 1519 1446 1510
f 1352 1332 1407
f 1519 1514 1521
f 1522 1446 1519
f 1522 1519 1521
f 1509 1354 1407
f 1450 1523 1452
f 1523 1450 1524
f 1524 1450 1518
f 1524 1518 1525
f 1520 1526 1514
f 1521 1514 1526
f 1526 1520 1527
f 1528 1521 1526
f 1529 1526 1527
f 1529 1527 1530
f 1452 1515 1451
f 1520 1515 1452
f 1527 1520 1530
f 1530 1520 1452
f 1452 1523 1524
f 1452 1524 1454
f 1531 1530 1452
f 1531 1452 1454
f 1531 1454 1453
f 1532 1533 1534
f 1535 1536 1537
f 1538 1539 1540
f 1537 1541 1542
f 1542 1543 1537
f 1544 565 570
f 1545 1546 1534
f 1547 1548 1549
f 1550 1551 1552
f 1553 1544 570
f 1533 1545 1534
f 1548 1540 1549
f 1553 570 1554
f 1555 1540 1548
f 1551 1550 1536
f 1551 1556 1552
f 1557 1558 1555
f 560 565 1544
f 578 560 1544
f 1559 1532 1534
f 1560 1561 1551
f 1562 1560 1551
f 1538 1540 1555
f 1562 1551 1536
f 1555 1558 1538
f 1563 578 1544
f 1564 1565 1566
f 1564 1566 1567
f 1568 1541 1569
f 1570 1571 1572
f 1541 1536 1550
f 1571 1573 1572
f 1574 1573 1571
f 1575 1565 1564
f 1576 1564 1567
f 1568 1542 1541
f 1573 1577 1578
f 1537 1536 1541
f 1574 1577 1573
f 1575 1579 1565
f 1561 1560 1580
f 1553 1581 1544
f 1582 1560 1562
f 1564 1583 1575
f 1578 1577 1584
f 1575 1583 1585
f 1585 1579 1575
f 1586 1571 1580
f 1587 1577 1574
f 1544 1581 1588
f 1583 1564 1576
f 1589 1583 1576
f 1580 1560 1586
f 1589 1590 1583
f 1577 1587 1584
f 1588 1563 1544
f 1591 1535 1592
f 1593 1590 1589
f 1535 1594 1582
f 1535 1582 1536
f 1595 1596 1597
f 1597 1596 1598
f 1594 1560 1582
f 1599 1600 1601
f 1590 1585 1583
f 1597 1600 1602
f 1599 1602 1600
f 1592 1535 1537
f 1602 1595 1597
f 1602 1599 1603
f 1604 1588 1581
f 1574 1605 1587
f 1591 1594 1535
f 1591 1606 1594
f 1595 1607 1596
f 1608 1609 1590
f 1594 1586 1560
f 1607 1605 1596
f 1587 1610 1584
f 1611 634 609
f 1607 1610 1605
f 1587 1605 1610
f 1594 1606 1586
f 1612 1613 1585
f 1543 1542 1614
f 1602 1615 1595
f 1607 1595 1615
f 1585 1609 1612
f 1592 1616 1591
f 1590 1609 1585
f 1617 1618 1592
f 1603 1619 1602
f 1619 1615 1602
f 1537 1543 1592
f 1543 1617 1592
f 1615 1619 1620
f 1621 1620 1622
f 1621 1623 1620
f 1619 1622 1620
f 1607 1615 1620
f 1620 1623 1607
f 1612 1624 1625
f 1607 1623 1610
f 628 634 1626
f 1627 1591 1616
f 1627 1606 1591
f 1616 1592 1618
f 1611 1628 634
f 1585 1548 1579
f 1629 1630 1631
f 1616 1600 1627
f 1600 1616 1618
f 1585 1613 1548
f 1632 1600 1618
f 1629 1584 1630
f 1626 634 1628
f 1633 1634 1635
f 1548 1613 1636
f 1637 1638 1639
f 1638 1640 1639
f 1636 1555 1548
f 1641 1639 1640
f 1626 1628 1642
f 1629 1578 1584
f 1636 1557 1555
f 1643 1642 1628
f 1625 1636 1613
f 1584 1644 1630
f 1625 1557 1636
f 1611 578 1563
f 1630 1645 1631
f 1646 1647 1648
f 1612 1625 1613
f 578 1611 609
f 1649 1650 1651
f 1651 1647 1649
f 1645 1630 1652
f 1649 1653 1650
f 1654 1653 1649
f 1655 1656 1657
f 1655 1658 1659
f 1563 1660 1611
f 1656 1655 1659
f 1628 1611 1660
f 1588 1660 1563
f 1558 1661 1662
f 1584 1610 1644
f 1663 1664 1665
f 1662 1659 1558
f 1628 1660 1666
f 1664 1663 1667
f 1661 1558 1557
f 1665 1664 1668
f 1660 1669 1666
f 1670 1671 1672
f 1670 1673 1671
f 1623 1674 1610
f 1644 1610 1674
f 1675 1674 1623
f 1675 1623 1621
f 1676 1677 1678
f 1669 1660 1588
f 1661 1679 1662
f 1678 1680 1676
f 1674 1681 1644
f 1674 1682 1681
f 1679 1683 1662
f 1669 1588 1684
f 1675 1682 1674
f 1670 1685 1686
f 1630 1644 1652
f 1670 1686 1673
f 1681 1652 1644
f 1625 1687 1557
f 1687 1661 1557
f 1628 1666 1643
f 1687 1688 1661
f 1652 1681 1689
f 1690 1652 1689
f 1604 1684 1588
f 1691 1689 1681
f 1692 1693 1694
f 1694 1693 1695
f 1693 1696 1685
f 1661 1697 1679
f 1619 1603 1698
f 1696 1693 1692
f 1699 1619 1698
f 1699 1622 1619
f 1700 1696 1692
f 1697 1661 1688
f 1698 1701 1699
f 1622 1702 1621
f 1702 1703 1621
f 1624 1687 1625
f 1704 1705 1706
f 1707 1708 1702
f 1702 1708 1703
f 1709 1703 1708
f 1710 1703 1709
f 1704 1711 1712
f 1684 1713 1669
f 1707 1714 1715
f 1707 1715 1708
f 1675 1621 1703
f 1622 1699 1702
f 1701 1707 1699
f 1716 1688 1687
f 1707 1702 1699
f 1710 1675 1703
f 1710 1682 1675
f 1714 1707 1701
f 1717 1716 1687
f 1681 1682 1691
f 1713 1684 1559
f 1669 1713 1666
f 1718 1680 1719
f 1716 1717 1720
f 1720 1721 1716
f 1716 1697 1688
f 1691 1722 1689
f 1709 1723 1710
f 1710 1723 1691
f 1723 1722 1691
f 1724 1722 1723
f 1725 1726 1727
f 1728 1729 1730
f 1708 1728 1709
f 1713 1643 1666
f 1731 1732 1679
f 1708 1715 1728
f 1728 1715 1729
f 1715 1733 1729
f 1734 1735 1713
f 1679 1697 1731
f 1709 1736 1723
f 1728 1736 1709
f 1713 1735 1643
f 1643 1735 1737
f 1736 1724 1723
f 1730 1736 1728
f 1732 1683 1679
f 1710 1691 1682
f 1738 1730 1729
f 1684 1532 1559
f 1734 1713 1559
f 1697 1716 1721
f 1739 1571 1586
f 1697 1721 1731
f 1571 1739 1574
f 1740 1734 1559
f 1741 1742 1743
f 1740 1559 1534
f 1744 1741 1743
f 1534 1745 1740
f 1606 1598 1739
f 1606 1739 1586
f 1732 1731 1746
f 1746 1747 1732
f 1744 1748 1741
f 1734 1749 1735
f 1739 1605 1574
f 1750 1731 1721
f 1746 1731 1750
f 1606 1627 1598
f 1598 1627 1597
f 1734 1740 1751
f 1597 1627 1600
f 1752 1753 1742
f 1605 1739 1598
f 1743 1742 1753
f 1754 1755 1756
f 1598 1596 1605
f 1753 1744 1743
f 1757 1758 1755
f 1755 1754 1757
f 1759 1760 1761
f 1751 1740 1745
f 1762 1758 1757
f 1734 1751 1749
f 1763 1764 1744
f 1744 1764 1748
f 1765 1766 1767
f 1763 1744 1753
f 1768 1769 1770
f 1771 1770 1769
f 1772 1773 1774
f 1775 1776 1777
f 1778 1769 1768
f 1751 1745 1749
f 1745 1779 1749
f 1780 1781 1782
f 1779 1783 1749
f 1776 1784 1785
f 1778 1786 1769
f 1778 1768 1787
f 1775 1788 1784
f 1780 1789 1790
f 1775 1784 1776
f 1786 1778 1791
f 1792 1791 1793
f 1778 1793 1791
f 1782 1789 1780
f 1794 1795 1796
f 1786 1791 1792
f 1797 1786 1792
f 1798 1779 1745
f 1799 1782 1800
f 1801 1802 1794
f 1797 1803 1786
f 1803 1797 1804
f 1796 1801 1794
f 1805 1779 1806
f 1779 1798 1806
f 1807 1808 1801
f 1809 1810 1811
f 1789 1782 1799
f 1811 1810 1812
f 1813 1814 1815
f 1813 1816 1814
f 1812 1817 1771
f 1812 1771 1811
f 1818 1819 1799
f 1769 1820 1771
f 1813 1821 1822
f 1789 1799 1819
f 251 259 886
f 1789 1823 1790
f 1824 1825 1826
f 251 1827 264
f 251 886 1827
f 1823 1789 1819
f 1828 1811 1829
f 1827 886 1830
f 1811 1828 1809
f 1831 1809 1828
f 1827 1830 1832
f 1833 1821 1813
f 1834 1835 1836
f 1837 1819 1818
f 1838 1833 1825
f 1837 1823 1819
f 1828 1839 1831
f 1836 1830 886
f 1823 1837 1840
f 1830 1836 1841
f 1842 1828 1829
f 1769 1829 1820
f 1829 1769 1843
f 1844 1843 1769
f 1845 1842 1829
f 1843 1845 1829
f 1845 1843 1844
f 1846 1847 1821
f 1841 1836 1835
f 1848 1849 1850
f 1851 1846 1821
f 1852 1830 1841
f 1845 1853 1842
f 1845 1854 1853
f 1841 1835 1852
f 1854 1845 1855
f 1851 1821 1833
f 1856 1857 1858
f 1859 1850 1764
f 1860 1853 1854
f 1860 1856 1853
f 1859 1848 1850
f 1830 1852 1861
f 1861 1862 1830
f 1860 1854 1863
f 1863 1854 1855
f 1864 1861 1852
f 1861 1864 1865
f 1860 1863 1866
f 1867 1868 1848
f 1851 1869 1846
f 1856 1860 1870
f 1856 1870 1857
f 1868 1799 1848
f 1869 1871 1846
f 1835 1872 1873
f 1870 1874 1857
f 1808 1824 1801
f 1852 1835 1875
f 1873 1875 1835
f 1868 1818 1799
f 1870 1860 1866
f 1866 1566 1870
f 1864 1852 1875
f 1851 1833 1876
f 1867 1877 1868
f 1769 1786 1844
f 1786 1803 1844
f 1864 1878 1865
f 1879 1864 1875
f 1876 1869 1851
f 1878 1864 1879
f 1844 1803 1855
f 1859 1867 1848
f 1803 1880 1855
f 1881 1878 1879
f 1879 1882 1881
f 1883 1880 1803
f 1866 1863 1855
f 1884 1869 1876
f 1880 1866 1855
f 1885 1886 1887
f 1886 1671 1888
f 1869 1889 1890
f 1891 1892 1882
f 1877 1818 1868
f 1576 1567 1893
f 632 636 1894
f 1589 1576 1893
f 1877 1837 1818
f 1895 1645 1896
f 1897 632 1894
f 1898 1837 1877
f 1899 1837 1898
f 1545 1895 1546
f 1883 1821 1900
f 1899 1840 1837
f 1897 668 632
f 1897 673 668
f 1899 1756 1840
f 1895 1896 1546
f 1847 1589 1893
f 1690 1896 1645
f 1900 1847 1893
f 1898 1756 1899
f 1877 1867 1901
f 1897 1894 1902
f 1871 1903 1847
f 1867 1904 1901
f 1904 1905 1901
f 1901 1898 1877
f 1871 1847 1846
f 1906 1897 1902
f 1907 1897 1906
f 1534 1546 1908
f 1905 1898 1901
f 1909 1775 1777
f 1910 572 673
f 1910 673 1907
f 1911 1756 1898
f 1905 1911 1898
f 1909 1912 1775
f 1913 1910 1907
f 1914 1546 1896
f 1546 1914 1915
f 1916 1917 1918
f 673 1897 1907
f 1775 1912 1788
f 1546 1915 1908
f 1919 1912 1909
f 1896 1690 1920
f 1921 1914 1920
f 1914 1896 1920
f 1922 1923 1912
f 1919 1922 1912
f 1921 1920 1924
f 1902 1925 1906
f 1926 1906 1925
f 1927 1928 1929
f 1915 1914 1921
f 1930 1923 1931
f 1932 1922 1933
f 1934 1931 1923
f 1935 1936 1937
f 1938 1931 1934
f 1926 1913 1907
f 1906 1926 1907
f 1919 1939 1933
f 1940 1781 1780
f 1924 1941 1921
f 1922 1919 1933
f 1941 1942 1921
f 1943 1942 1941
f 1940 1780 1790
f 1926 1944 1945
f 1915 1921 1942
f 1790 1946 1940
f 1947 1913 1926
f 1948 1947 1926
f 1652 1690 1645
f 1949 1933 1758
f 1950 1776 1946
f 1790 1950 1946
f 1762 1951 1758
f 1924 1920 1690
f 1926 1945 1948
f 1790 1952 1950
f 1689 1924 1690
f 1948 1945 1953
f 1949 1932 1933
f 1924 1689 1722
f 1954 1932 1949
f 1950 1952 1777
f 1777 1776 1950
f 1832 264 1827
f 1955 264 1832
f 695 264 697
f 1534 1908 1745
f 1949 1758 1951
f 1949 1951 1954
f 1954 1951 1956
f 264 1955 697
f 1957 1798 1908
f 1823 1952 1790
f 1957 1908 1915
f 1958 697 1955
f 1745 1908 1798
f 1959 1960 1961
f 1962 1958 1955
f 1952 1909 1777
f 1963 1960 1959
f 1955 1832 1962
f 636 616 697
f 1964 1952 1823
f 1958 636 697
f 1909 1952 1964
f 1965 1798 1957
f 1960 1966 1967
f 636 1958 1894
f 1823 1840 1964
f 1968 1798 1965
f 1966 1960 1963
f 1969 1958 1962
f 1970 568 557
f 1894 1958 1969
f 1902 1894 1969
f 1971 1972 1973
f 557 1974 1970
f 1971 1973 1963
f 1969 1962 1975
f 1976 1968 1965
f 571 568 1970
f 1972 1884 1973
f 1942 1957 1915
f 1962 1832 1862
f 1942 1965 1957
f 1862 1832 1830
f 1971 1977 1972
f 1978 1977 1971
f 1968 1806 1798
f 1962 1862 1975
f 1862 1861 1975
f 1978 1963 1979
f 1978 1971 1963
f 1980 1963 1959
f 1981 1968 1976
f 1982 571 1970
f 1979 1963 1980
f 1806 1968 1981
f 1983 1978 1979
f 1984 1943 1941
f 1969 1975 1985
f 1986 1942 1943
f 1969 1985 1902
f 1987 1988 1989
f 1987 1990 1988
f 1980 1991 1992
f 1993 1943 1984
f 1992 1979 1980
f 572 1974 557
f 1943 1994 1986
f 1910 1974 572
f 1993 1994 1943
f 1902 1985 1995
f 1990 1996 1988
f 1985 1997 1995
f 1998 1999 2000
f 1990 2001 1996
f 1997 1985 1975
f 1999 2002 2003
f 2002 2004 2003
f 2003 2000 1999
f 2004 2005 2003
f 2006 2007 2005
f 2008 2007 2009
f 2007 2008 2000
f 1910 1913 1974
f 2009 1993 2008
f 2010 1979 1992
f 1995 1925 1902
f 2007 2000 2005
f 2003 2005 2000
f 2010 2011 1979
f 2011 1983 1979
f 2009 2007 2006
f 1890 1871 1869
f 1974 1913 2012
f 2009 1994 1993
f 2013 1994 2009
f 2014 1890 1889
f 2006 2013 2009
f 2014 2015 1890
f 2005 2016 2006
f 2016 2005 2017
f 2014 1889 1884
f 1970 1974 2012
f 2018 2005 2004
f 1861 1865 1975
f 2018 2017 2005
f 2018 2019 2017
f 2016 2020 2006
f 2014 2021 2015
f 1975 1865 2022
f 1924 1722 1984
f 1982 1970 2012
f 1878 2023 1865
f 1593 1589 1847
f 1847 1903 1593
f 1865 2023 2022
f 2012 1913 1947
f 1984 1941 1924
f 1593 1903 1608
f 1984 1722 1724
f 1724 1736 1998
f 1608 1903 2024
f 2022 1997 1975
f 1593 1608 1590
f 2008 1984 1724
f 1998 2000 2008
f 1724 1998 2008
f 2012 1947 2025
f 1609 1608 2026
f 2008 1993 1984
f 2024 2026 1608
f 1730 1998 1736
f 1730 1999 1998
f 1730 1738 1999
f 2002 1999 1738
f 1738 2027 2002
f 2028 2029 2030
f 1903 2031 2024
f 2022 2032 1997
f 2022 2033 2032
f 2030 2034 2035
f 1871 2031 1903
f 2036 2022 2023
f 2037 2038 2029
f 2036 2023 2039
f 2037 2029 2028
f 2040 2038 2037
f 2022 2036 2033
f 2024 2031 2041
f 2042 2043 2040
f 2044 2032 2033
f 1965 1986 1976
f 2025 1982 2012
f 2026 1612 1609
f 2045 1612 2026
f 2046 1976 1986
f 2033 2036 2047
f 1986 2048 2046
f 2049 2047 2036
f 2050 2045 2026
f 2047 2044 2033
f 1986 1965 1942
f 2051 1624 1612
f 1552 2044 2047
f 2051 1612 2045
f 1878 2052 2023
f 1881 2052 1878
f 2051 2045 2053
f 2053 2054 2051
f 2055 2048 1986
f 2039 2023 2052
f 2025 1947 2056
f 1976 2046 1981
f 2057 2052 1881
f 2041 2050 2024
f 2058 2050 2041
f 2059 2039 2052
f 2057 2059 2052
f 2049 2036 2039
f 1806 1981 2060
f 2024 2050 2026
f 2039 2059 2049
f 2053 2045 2050
f 2061 2025 2062
f 2063 1891 1671
f 1997 2064 1995
f 2065 588 571
f 2046 2048 2066
f 2058 2053 2050
f 366 580 588
f 2067 2068 2058
f 2069 1981 2046
f 2064 1925 1995
f 1871 1890 2031
f 2064 1944 1925
f 2070 2071 2072
f 2032 2064 1997
f 1890 2015 2031
f 2055 1986 1994
f 2064 2032 2073
f 2015 2041 2031
f 2013 2055 1994
f 2073 1944 2064
f 2074 2048 2055
f 2074 2055 2072
f 2021 2075 2015
f 1925 1944 1926
f 2013 2006 2020
f 571 1982 2065
f 2070 2072 2020
f 2013 2072 2055
f 2020 2072 2013
f 2076 2016 2017
f 2076 2077 2016
f 2070 2020 2077
f 2077 2020 2016
f 1944 1953 1945
f 2075 2041 2015
f 2075 2067 2041
f 2058 2041 2067
f 2078 2066 2048
f 2079 1944 2073
f 2080 2069 2066
f 2066 2069 2046
f 1556 1561 2073
f 2078 2074 2071
f 2081 2073 2032
f 2081 2032 2044
f 2082 2067 2075
f 2078 2080 2066
f 2080 2078 2083
f 2073 2081 1556
f 1552 2081 2044
f 2083 2078 2071
f 2054 1624 2051
f 1552 1556 2081
f 2048 2074 2078
f 2071 2074 2072
f 2084 2054 2053
f 2085 2030 2035
f 2086 2087 2088
f 1556 1551 1561
f 2058 2084 2053
f 2084 2058 2068
f 2086 2089 2087
f 1944 2079 1953
f 366 1554 570
f 2090 2091 1874
f 2092 2091 2090
f 1570 1953 2079
f 1547 2086 2092
f 1549 2086 1547
f 2084 2068 2093
f 2054 2084 2093
f 588 2094 1554
f 1548 1547 1579
f 2095 2096 2097
f 2065 2094 588
f 1540 2095 1549
f 1540 1539 2095
f 1570 1572 1953
f 1539 2096 2095
f 1561 2079 2073
f 1554 366 588
f 2079 1561 1570
f 1624 1717 1687
f 1624 2054 1717
f 1554 2094 2098
f 1580 1570 1561
f 2099 2047 2049
f 1552 2047 2100
f 2047 2099 2100
f 2100 1550 1552
f 1720 1717 2054
f 2093 1720 2054
f 2101 2065 1982
f 2099 2102 2100
f 2102 2099 2103
f 2100 2102 1550
f 1541 1550 2102
f 2061 2101 1982
f 1569 1541 2102
f 2049 2059 2104
f 2104 2099 2049
f 2103 2099 2104
f 1720 2105 1721
f 2104 2106 2103
f 2103 1569 2102
f 2106 1640 2103
f 2107 1641 1640
f 2108 1928 2107
f 1928 1646 2107
f 1582 1562 1536
f 2061 2109 2101
f 2110 2105 2111
f 2110 1750 2105
f 2109 2112 2101
f 1750 1721 2105
f 2113 2112 2109
f 2110 2114 1750
f 2093 2111 1720
f 2105 1720 2111
f 2115 2111 2093
f 2065 2101 2112
f 2112 2094 2065
f 2116 2110 2111
f 2116 2117 2110
f 2094 2112 2118
f 2067 2119 2068
f 2119 2067 2120
f 2118 2112 2113
f 2115 2093 2068
f 2121 2122 2115
f 2068 2119 2115
f 2061 1982 2025
f 2123 2124 2121
f 2124 2122 2121
f 2125 2124 2123
f 1948 2126 1947
f 2126 2056 1947
f 2127 2115 2122
f 2122 2124 2127
f 2127 2128 2115
f 2124 2129 2127
f 2130 2129 2124
f 2126 1948 1953
f 2125 2130 2124
f 2131 2129 2130
f 2131 2132 2129
f 2115 2128 2111
f 2116 2111 2128
f 2116 2128 2133
f 2025 2056 2062
f 2127 2133 2128
f 2134 2062 2056
f 2129 2133 2127
f 2135 2136 2137
f 2138 2135 2137
f 1983 2139 1977
f 2140 2139 1983
f 2141 2062 2134
f 2142 2138 2139
f 2138 2142 2143
f 2134 2056 2126
f 2142 2144 2143
f 2126 2145 2134
f 2144 2146 2143
f 2126 1953 1572
f 2147 2148 2149
f 2146 2148 2143
f 2150 2149 2146
f 2149 2148 2146
f 2001 2151 2152
f 1983 2011 2140
f 1572 2145 2126
f 1572 1573 2145
f 2142 2139 2140
f 2142 2153 2144
f 2011 2142 2140
f 2153 2142 2011
f 2145 1573 2154
f 1629 2134 2154
f 2155 2144 2153
f 2155 2156 2144
f 2156 2150 2144
f 2156 2149 2150
f 2134 2145 2154
f 2156 2157 2149
f 2158 2155 2159
f 2160 2156 2155
f 1578 2154 1573
f 2154 1578 1629
f 2161 2109 2061
f 2113 2109 2161
f 2160 2157 2156
f 2157 2160 2162
f 2157 2163 2149
f 2163 2164 2149
f 2163 2165 2164
f 2165 2163 2166
f 2113 2161 2167
f 2168 2118 2113
f 2169 2157 2162
f 2163 2157 2169
f 2167 2161 2170
f 2171 2163 2169
f 2166 2163 2171
f 2167 2168 2113
f 2167 2172 2168
f 2167 2173 2172
f 2173 2167 2174
f 2175 2082 2176
f 2167 2170 2174
f 2147 2177 2178
f 2179 2177 2147
f 2180 2179 2147
f 2125 2123 2177
f 2164 2147 2149
f 1645 1895 2174
f 2141 2061 2062
f 2180 2147 2164
f 2141 2161 2061
f 2165 2180 2164
f 2165 2179 2180
f 2181 2161 2141
f 2141 2134 2181
f 2182 2130 2125
f 2179 2125 2177
f 2179 2182 2125
f 2181 2170 2161
f 2183 2130 2182
f 2183 2131 2130
f 2181 2134 1629
f 1629 1631 2181
f 1631 2170 2181
f 2184 2179 2165
f 2184 2182 2179
f 2182 2184 2185
f 2182 2185 2183
f 2186 2183 2185
f 2170 1631 2174
f 1631 1645 2174
f 2187 2188 2184
f 2184 2188 2185
f 2188 2189 2185
f 2188 2190 2189
f 2185 2189 2191
f 1570 1580 1571
f 2187 2184 2166
f 2166 2171 2187
f 2188 2187 2190
f 2098 1553 1554
f 1553 2098 1581
f 2187 2192 2190
f 2193 2098 2118
f 2194 2070 2077
f 2077 2195 2194
f 2098 2193 1581
f 2077 2076 2195
f 2098 2094 2118
f 2196 2070 2194
f 2196 2197 2070
f 2194 2195 2198
f 2194 2198 2196
f 2197 2071 2070
f 2168 2193 2118
f 2199 2196 2198
f 2199 2200 2196
f 2193 2201 1581
f 2202 2203 2200
f 2203 2071 2197
f 2071 2203 2083
f 2196 2200 2197
f 2168 2201 2193
f 2203 2197 2200
f 2200 2199 2204
f 1581 2201 1604
f 2200 2204 2205
f 2206 2207 2204
f 2204 2207 2205
f 2199 2206 2204
f 2208 2209 2210
f 2211 2212 2208
f 2208 2212 2209
f 2168 2172 2201
f 1657 1656 2213
f 2214 2201 2172
f 2215 2216 2217
f 1533 2214 2172
f 2218 2219 2215
f 2220 2213 1656
f 2221 2213 2220
f 2221 2220 1662
f 1604 2201 2214
f 2221 1662 1683
f 2222 2219 2218
f 2221 2222 2218
f 2223 2219 2222
f 1683 2224 2222
f 2221 1683 2222
f 1532 1604 2214
f 1532 1684 1604
f 1732 2224 1683
f 1732 1747 2224
f 2173 1545 2172
f 1533 2172 1545
f 2173 1895 1545
f 2174 1895 2173
f 1532 2214 1533
f 2225 2226 2227
f 2228 2225 2227
f 2225 2229 2226
f 2230 2229 2225
f 1677 2231 2229
f 1676 2231 1677
f 2230 1677 2229
f 1676 2232 2231
f 1665 1885 1663
f 1672 1885 1665
f 2233 1757 1911
f 1670 1672 1665
f 1757 1754 1911
f 1668 1670 1665
f 1668 1685 1670
f 1599 2234 1603
f 2232 1668 1664
f 2235 2236 2237
f 838 2227 829
f 1774 2235 2237
f 1773 2235 1774
f 838 2228 2227
f 1765 2238 2239
f 2240 2228 838
f 2241 1766 2239
f 2242 2241 2239
f 2240 2243 2228
f 2243 2225 2228
f 2242 2239 2238
f 2242 2238 2236
f 2225 2243 2230
f 2235 2242 2236
f 2242 2244 2241
f 1766 2241 2244
f 2245 2230 2243
f 2246 2247 2244
f 2235 2244 2242
f 2235 2246 2244
f 1695 2232 1676
f 1677 2230 1678
f 1678 2230 2248
f 1678 2248 1680
f 2246 2235 2249
f 2249 2235 1773
f 1795 2249 1773
f 1793 2247 2246
f 1694 1695 1676
f 2250 1603 2234
f 1603 2250 1698
f 2234 2251 2250
f 1810 2250 2251
f 2246 2249 2252
f 1698 2250 1701
f 2253 1694 1676
f 2252 1793 2246
f 2254 1676 1680
f 2253 1676 2254
f 2255 2250 1810
f 2255 1701 2250
f 1809 2255 1810
f 2256 1793 2252
f 2256 1792 1793
f 1693 1668 2232
f 1693 1685 1668
f 1715 1714 2257
f 1815 1814 1792
f 2256 1815 1792
f 2258 1714 1701
f 1714 2258 2257
f 2258 1701 2255
f 2249 1794 2252
f 2255 1809 2258
f 1809 1831 2258
f 1794 1802 2252
f 2249 1795 1794
f 2257 1733 1715
f 1673 2259 2063
f 2260 2257 1831
f 1831 2257 2258
f 1802 2256 2252
f 1686 2259 1673
f 2256 1826 1815
f 1802 1826 2256
f 1824 1826 1802
f 2237 2261 1774
f 1738 1729 2262
f 2262 1729 1733
f 1733 2263 2262
f 1784 1774 1785
f 1706 1686 1685
f 2260 1733 2257
f 2260 2263 1733
f 2260 2034 2263
f 885 1836 886
f 1686 1705 2259
f 889 261 884
f 889 885 261
f 1705 1686 1706
f 2034 2260 2035
f 889 1834 885
f 1834 1836 885
f 2264 2259 1705
f 1788 1774 1784
f 2264 2265 2259
f 1712 2264 1705
f 1774 1788 1772
f 1788 1930 1772
f 1601 1600 1632
f 1632 2266 1601
f 1772 1930 1773
f 2267 1601 2266
f 2264 2268 2265
f 283 889 281
f 2266 2269 1761
f 1761 2267 2266
f 889 283 2270
f 1599 1601 2234
f 2270 1834 889
f 2271 1761 2269
f 1773 1796 1795
f 283 2272 2273
f 1930 1796 1773
f 2272 283 727
f 2271 1759 1761
f 1695 1693 2232
f 2270 283 2273
f 2274 2273 2272
f 2275 1796 1930
f 2276 2275 1930
f 1835 1834 1872
f 1834 2270 1872
f 1685 1696 1706
f 1760 1759 1770
f 2277 1872 2270
f 1872 2277 1873
f 2270 2273 2277
f 2275 1807 1796
f 1696 1704 1706
f 1700 2278 1696
f 1704 1696 2278
f 1875 1873 1887
f 1873 2277 1887
f 1711 1704 2278
f 2271 2279 1759
f 2280 2279 1767
f 2277 2273 2274
f 1667 2277 2274
f 2279 2280 1759
f 1768 1770 1759
f 1768 1759 2281
f 2280 2281 1759
f 1802 1801 1824
f 1787 2280 2282
f 1667 1887 2277
f 2281 2280 1787
f 1885 1887 1663
f 2283 1692 1694
f 1766 2280 1767
f 2239 1766 1765
f 1887 1888 1875
f 1801 1796 1807
f 2283 1700 1692
f 2278 1700 2284
f 2247 2282 1766
f 1888 1879 1875
f 2244 2247 1766
f 2284 1711 2278
f 1882 1879 1888
f 1766 2282 2280
f 2283 2284 1700
f 2247 1787 2282
f 2285 2286 2284
f 2286 1711 2284
f 1787 1768 2281
f 1888 1887 1886
f 2285 1711 2286
f 1672 1886 1885
f 1816 1804 1797
f 1704 1712 1705
f 1816 1797 1814
f 1672 1671 1886
f 1822 1883 1816
f 2247 1778 1787
f 1822 1821 1883
f 1793 1778 2247
f 1671 1882 1888
f 1671 1891 1882
f 1813 1822 1816
f 1814 1797 1792
f 1883 1804 1816
f 1712 2287 2288
f 2267 2234 1601
f 1825 1813 1815
f 1826 1825 1815
f 2234 2267 2251
f 1760 2251 2267
f 1833 1813 1825
f 1760 2267 1761
f 1712 2288 2264
f 2251 1817 1810
f 2288 1918 2264
f 1817 2251 1760
f 1810 1817 1812
f 2289 1918 2288
f 1770 1817 1760
f 1817 1770 1771
f 1811 1771 1820
f 1829 1811 1820
f 1711 2287 1712
f 2290 2287 1711
f 2291 1711 2285
f 2291 2290 1711
f 1824 1838 1825
f 1808 1838 1824
f 1839 2260 1831
f 2290 2292 2287
f 1838 1808 2293
f 2292 2288 2287
f 2292 2294 2288
f 2294 2295 2288
f 1876 1833 1838
f 1853 1828 1842
f 2295 2289 2288
f 1838 2293 1876
f 2292 2296 2294
f 1800 2294 2296
f 1853 1839 1828
f 1853 2260 1839
f 2289 2295 1781
f 1967 1808 1807
f 1853 1856 1858
f 1853 1858 2260
f 2035 2260 1858
f 1800 2295 2294
f 1967 2293 1808
f 838 839 2240
f 2090 1874 1870
f 1966 2293 1967
f 1566 2090 1870
f 2293 1966 1973
f 876 878 839
f 839 878 2297
f 2297 2240 839
f 2240 2297 2243
f 1855 1845 1844
f 2248 2230 2245
f 2243 2297 2245
f 1803 1804 1883
f 2298 2248 2245
f 1719 2248 2298
f 1876 2293 1973
f 878 877 2299
f 2299 2297 878
f 1893 1567 1866
f 2300 2298 2299
f 877 891 2300
f 1567 1566 1866
f 877 2300 2299
f 1973 1884 1876
f 2298 2245 2297
f 2301 1880 1883
f 2298 2297 2299
f 1884 1889 1869
f 1880 2301 1866
f 1900 2301 1883
f 1893 2301 1900
f 2301 1893 1866
f 1900 1821 1847
f 2248 1719 1680
f 1923 1788 1912
f 1680 1718 2254
f 1923 1930 1788
f 2302 2303 2254
f 2254 1718 2302
f 1892 2057 1881
f 1892 1881 1882
f 1909 1964 1919
f 1756 1964 1840
f 1892 2059 2057
f 2304 2059 1892
f 893 2300 891
f 1756 1919 1964
f 1939 1919 1756
f 1673 2063 1671
f 2300 893 2305
f 2300 2305 2298
f 1891 2063 1892
f 2298 1725 1719
f 2305 1725 2298
f 2306 1892 2063
f 2063 2259 2306
f 2307 1725 2305
f 2306 2304 1892
f 1726 1725 2307
f 2306 2259 2265
f 1930 1931 2276
f 2305 893 2308
f 2309 1807 2275
f 899 2308 893
f 2308 899 2310
f 2276 2309 2275
f 2307 2305 2308
f 2311 2307 2308
f 1726 2307 2311
f 1932 1923 1922
f 1718 1719 1725
f 1932 1934 1923
f 1725 1727 1718
f 2312 2276 1931
f 1718 1727 2302
f 2276 2312 2309
f 2313 2309 2312
f 1938 2312 1931
f 2314 2313 2312
f 2302 2315 2316
f 2317 2316 2315
f 1755 1939 1756
f 1758 1939 1755
f 1727 2315 2302
f 2318 2018 2004
f 2319 2018 2318
f 1939 1758 1933
f 2319 2019 2018
f 2104 2059 2304
f 2320 2104 2304
f 2320 2304 2306
f 1752 2317 2315
f 2265 2320 2306
f 1727 1752 2315
f 1932 1938 1934
f 2106 2104 2320
f 2027 1738 2262
f 1954 1938 1932
f 2034 2262 2263
f 2034 2029 2262
f 2262 2029 2027
f 1640 1569 2103
f 1638 1569 1640
f 2253 2283 1694
f 2004 2002 2027
f 2029 2004 2027
f 2283 2253 2254
f 1938 2314 2312
f 2318 2004 2029
f 2321 2314 1938
f 2283 2254 2303
f 2265 2106 2320
f 2268 2106 2265
f 2303 2322 2283
f 2029 2034 2030
f 2108 2106 2268
f 2107 2106 2108
f 2283 2285 2284
f 2283 2323 2285
f 2106 2107 1640
f 2324 1938 1954
f 2324 2321 1938
f 2324 1954 1956
f 2322 2323 2283
f 2325 2324 1956
f 2029 2038 2318
f 1807 2309 1967
f 2038 2319 2318
f 2326 2322 2303
f 2316 2303 2302
f 2316 2326 2303
f 2317 2326 2316
f 1967 2309 1960
f 2040 2327 2038
f 1638 1568 1569
f 1568 1638 1637
f 2043 2327 2040
f 2096 2040 2037
f 2313 1961 2309
f 2042 2040 2096
f 2285 2323 2291
f 2309 1961 1960
f 2323 2322 2328
f 2326 2328 2322
f 1741 2328 2326
f 1614 1542 1568
f 1637 1614 1568
f 2329 2323 2328
f 1748 2328 1741
f 1748 2329 2328
f 1637 2330 1614
f 1634 1637 1639
f 1634 2330 1637
f 1617 1543 1614
f 2330 1617 1614
f 1966 1963 1973
f 1618 2266 1632
f 2291 2329 2292
f 2266 1618 1617
f 1617 2269 2266
f 2291 2292 2290
f 2323 2329 2291
f 1617 2330 1634
f 1617 1634 2269
f 1634 1633 2269
f 2296 2292 2329
f 2271 2269 1633
f 1849 2296 2329
f 1972 2331 1884
f 1977 2331 1972
f 1648 1639 1641
f 1646 1641 2107
f 1646 1648 1641
f 2332 2327 2043
f 2333 2332 2043
f 1648 1651 1639
f 1647 1651 1648
f 1657 2333 1655
f 2332 2333 1657
f 1646 2334 1647
f 1936 1647 2334
f 1978 1983 1977
f 1748 1849 2329
f 1857 2085 1858
f 1649 1647 2335
f 1936 2335 1647
f 1565 2092 2090
f 1961 2313 2314
f 2085 2035 1858
f 2085 2088 2030
f 1651 1634 1639
f 1874 2085 1857
f 2091 2085 1874
f 2091 2088 2085
f 2086 2088 2091
f 2336 2028 2088
f 1650 1635 1634
f 2321 1961 2314
f 2087 2336 2088
f 2087 2097 2336
f 2028 2030 2088
f 2321 2337 1961
f 2037 2028 2336
f 1634 1651 1650
f 1653 1635 1650
f 2089 2097 2087
f 2086 2095 2089
f 2095 2086 1549
f 1961 2337 1959
f 1633 2279 2271
f 1742 2326 2317
f 2337 1991 1959
f 2326 1742 1741
f 1653 2279 1635
f 1635 2279 1633
f 2086 2091 2092
f 1579 1547 2092
f 1988 1991 2337
f 2092 1565 1579
f 2279 1653 1654
f 1767 2279 1654
f 2335 1654 1649
f 2037 2336 2097
f 2096 2037 2097
f 1654 2335 2338
f 2089 2095 2097
f 1654 1765 1767
f 1764 1850 1748
f 2339 2321 2324
f 1989 2337 2321
f 2340 2321 2339
f 1752 1742 2317
f 1989 2321 2340
f 2338 1765 1654
f 2042 2333 2043
f 2238 1765 2338
f 1658 2333 2042
f 2042 2096 1539
f 1658 2042 1539
f 1658 1539 1538
f 726 2272 727
f 1658 1655 2333
f 1538 1558 1658
f 2341 2342 726
f 726 2342 2272
f 2274 2272 2342
f 1988 2337 1989
f 2274 2342 2343
f 726 988 2341
f 1850 1849 1748
f 1991 1980 1959
f 1565 2090 1566
f 988 830 2341
f 2226 2342 2341
f 2227 2226 2341
f 1992 1996 2010
f 2343 2342 2226
f 1800 1781 2295
f 1988 1992 1991
f 2343 2226 2229
f 1992 1988 1996
f 1800 1782 1781
f 1667 1663 1887
f 2001 2010 1996
f 1849 1800 2296
f 2152 2011 2010
f 2274 2343 2229
f 2001 2152 2010
f 2229 1667 2274
f 2229 1664 1667
f 1848 1800 1849
f 1659 1658 1558
f 1800 1848 1799
f 2231 1664 2229
f 1656 1659 2220
f 2220 1659 1662
f 2232 1664 2231
f 2227 2341 830
f 830 829 2227
f 1884 2331 2014
f 2137 2014 2331
f 2137 2021 2014
f 2137 2136 2021
f 2344 2021 2136
f 2344 2082 2021
f 1754 1756 1911
f 1918 1917 2268
f 1917 2108 2268
f 1929 2108 1917
f 1928 2108 1929
f 1929 1917 1916
f 2264 1918 2268
f 2289 1916 1918
f 2075 2021 2082
f 1927 2334 1928
f 2082 2345 2067
f 2345 2120 2067
f 2175 2345 2082
f 1928 2334 1646
f 2178 2120 2345
f 1937 1936 2334
f 2346 1937 2334
f 1927 1929 1916
f 2347 1927 1916
f 1927 2346 2334
f 2347 2346 1927
f 2348 2346 2347
f 2346 2348 1937
f 1935 2335 1936
f 2349 1935 1937
f 2338 1935 2350
f 1935 2351 2350
f 2238 2350 2351
f 2351 1935 2349
f 2349 1937 2348
f 2348 2352 2349
f 2121 2119 2120
f 2119 2121 2115
f 2349 2238 2351
f 2236 2238 2349
f 2123 2121 2120
f 2261 2236 2349
f 2237 2236 2261
f 2338 2335 1935
f 2123 2120 2178
f 2177 2123 2178
f 2238 2338 2350
f 2289 2347 1916
f 2289 2353 2347
f 1940 2347 2353
f 2353 2289 1781
f 2348 2347 2354
f 2347 1940 2354
f 1940 2353 1781
f 1946 2354 1940
f 2355 2348 2354
f 1946 2352 2355
f 1946 2355 2354
f 1946 1785 2352
f 1785 1946 1776
f 2355 2352 2348
f 1785 2349 2352
f 1785 2261 2349
f 2138 2137 2331
f 1774 2261 1785
f 2344 2136 2135
f 2331 1977 2139
f 2139 2138 2331
f 2135 2176 2344
f 2138 2176 2135
f 2143 2176 2138
f 2148 2176 2143
f 2159 2153 2011
f 2152 2159 2011
f 2151 2159 2152
f 2159 2155 2153
f 2144 2150 2146
f 2344 2176 2082
f 2175 2178 2345
f 2148 2178 2175
f 2175 2176 2148
f 2178 2148 2147
f 2165 2166 2184
f 2356 2019 2319
f 2327 2319 2038
f 2195 2357 2198
f 2019 2076 2017
f 2019 2358 2076
f 2019 2356 2358
f 2076 2358 2195
f 2327 2356 2319
f 2359 2356 2327
f 2195 2358 2357
f 2360 2357 2358
f 2360 2358 2356
f 2359 2360 2356
f 2361 2357 2360
f 2357 2199 2198
f 2361 2199 2357
f 2361 2206 2199
f 2208 2206 2361
f 2206 2362 2207
f 2208 2362 2206
f 2208 2361 2360
f 2363 2208 2360
f 2359 2363 2360
f 2363 2211 2208
f 2208 2210 2362
f 2364 2359 2327
f 2327 2332 2364
f 2363 2359 2364
f 1657 2365 2332
f 2365 2364 2332
f 2366 2364 2365
f 1657 2213 2365
f 2366 2363 2364
f 2367 2211 2363
f 2363 2366 2367
f 2217 2211 2367
f 2217 2212 2211
f 2216 2212 2217
f 2218 2366 2365
f 2218 2367 2366
f 2218 2365 2213
f 2221 2218 2213
f 2367 2215 2217
f 2218 2215 2367
f 2368 2369 2370
f 2371 2372 2373
f 2374 2375 2372
f 2376 2377 2378
f 2379 2368 2380
f 2371 2381 2372
f 2382 2379 2380
f 2380 2368 2370
f 1065 1061 2383
f 2384 2376 2378
f 2385 2386 2387
f 2388 2389 2382
f 2390 2387 2391
f 1065 2383 2392
f 2392 2383 2393
f 2385 2387 2390
f 2384 2378 2394
f 2395 2380 2396
f 2397 1073 1068
f 2388 2382 2380
f 2395 2388 2380
f 1070 2397 1068
f 2370 2369 2398
f 2399 2391 2400
f 1073 2397 2401
f 1077 1072 1073
f 1073 2401 1077
f 2370 2398 2402
f 2403 2370 2402
f 2404 1076 1077
f 2401 2404 1077
f 2380 2370 2396
f 2405 2404 2401
f 2390 2391 2399
f 2402 2398 2406
f 2407 2404 2405
f 2408 2409 2406
f 1093 1058 1092
f 2403 2402 2406
f 2409 2403 2406
f 2371 2385 2410
f 2396 2370 2403
f 1070 1093 2411
f 1092 2412 1093
f 2411 1093 2412
f 2381 2371 2410
f 2396 2413 2414
f 2415 2411 2412
f 2396 2403 2413
f 2410 2390 2399
f 1092 1051 1065
f 2416 2410 2399
f 2413 2403 2417
f 1065 2392 1092
f 2418 2410 2416
f 2392 2412 1092
f 2419 2420 2421
f 2419 2422 2423
f 2395 2424 2388
f 2374 2372 2425
f 2426 2424 2427
f 2424 2428 2427
f 2429 2376 2384
f 2430 2384 2394
f 2431 2426 2427
f 2432 2420 2425
f 2412 2392 2415
f 2395 2396 2414
f 2424 2395 2428
f 2428 2395 2414
f 2432 2421 2420
f 2433 2415 2434
f 1070 2411 2397
f 2428 2414 2435
f 2436 2419 2421
f 2437 2384 2430
f 2401 2397 2411
f 2427 2428 2435
f 2414 2413 2438
f 2429 2384 2437
f 2401 2411 2405
f 2439 2436 2421
f 2439 2421 2440
f 2438 2435 2414
f 2411 2415 2405
f 2405 2415 2433
f 2429 2437 2441
f 2432 2425 2442
f 2427 2435 2443
f 2444 2427 2443
f 2445 2427 2444
f 2440 2421 2432
f 2446 2447 2448
f 2443 2435 2438
f 2449 2443 2438
f 2450 2440 2432
f 2405 2433 2407
f 2418 2381 2410
f 2442 2372 2381
f 2444 2443 2451
f 2392 2393 2434
f 2442 2381 2418
f 2393 2452 2434
f 2453 2454 2455
f 2446 2448 2456
f 2415 2392 2434
f 2457 2409 2458
f 2457 2458 2459
f 2434 2460 2433
f 2456 2461 2462
f 2463 2434 2452
f 2403 2409 2417
f 2464 2442 2418
f 2417 2409 2457
f 2461 2456 2448
f 2418 2465 2464
f 2466 2413 2417
f 2467 2407 2433
f 2467 2433 2460
f 2468 2469 2470
f 2372 2442 2425
f 2471 2467 2460
f 2432 2442 2472
f 2473 2474 2475
f 2450 2432 2472
f 2449 2413 2466
f 2476 2466 2417
f 2449 2438 2413
f 2450 2472 2464
f 2464 2472 2442
f 2461 2448 2477
f 2478 2461 2477
f 2460 2434 2463
f 2479 2443 2449
f 1525 1430 2480
f 2480 2481 1525
f 2474 2482 2483
f 2484 2461 2478
f 2470 2455 2454
f 2481 2480 2485
f 2470 2454 2483
f 2486 2483 2454
f 2487 2481 2485
f 2485 2488 2489
f 2471 2460 2490
f 2475 2474 2483
f 2475 2483 2491
f 2463 2490 2460
f 2485 2489 2492
f 2478 2477 2493
f 2486 2491 2483
f 2492 2489 2439
f 2454 2494 2486
f 2463 2495 2490
f 2114 1746 1750
f 1746 2114 2496
f 2497 2490 2495
f 2485 2498 2487
f 2498 2485 2492
f 2114 2499 2496
f 2498 2492 2500
f 2501 2497 2495
f 2496 2499 2502
f 2502 2499 2503
f 2497 2501 2504
f 2492 2505 2500
f 628 1139 626
f 2503 2499 2506
f 2117 2114 2110
f 1525 1518 1430
f 1626 1139 628
f 2117 2499 2114
f 2447 2376 2507
f 2506 2499 2117
f 2447 2507 2448
f 1626 2508 1139
f 1524 1525 2509
f 2510 2506 2117
f 2509 1525 2511
f 2511 1525 2481
f 2512 2508 1626
f 2511 2481 2487
f 2513 2503 2506
f 2513 2506 2514
f 1139 2508 2383
f 2383 1061 1139
f 2511 2487 2498
f 2515 2516 2513
f 2507 2376 2429
f 2510 2117 2116
f 2517 2511 2498
f 2512 2383 2508
f 2116 2133 2518
f 2518 2510 2116
f 2519 2510 2518
f 2393 2383 2512
f 2520 2519 2518
f 2521 2510 2519
f 2522 1524 2509
f 2510 2514 2506
f 2514 2510 2521
f 1454 1524 2522
f 1454 2522 1455
f 2523 2133 2129
f 2133 2523 2518
f 2524 2507 2429
f 2507 2524 2477
f 2520 2518 2523
f 2512 1626 1642
f 2132 2523 2129
f 2509 2511 2517
f 2512 1642 2525
f 2132 2520 2523
f 2526 2519 2520
f 2526 2521 2519
f 2522 2509 2517
f 1643 1737 1642
f 2524 2429 2441
f 2512 2525 2527
f 2521 2528 2514
f 2529 1455 2522
f 2507 2477 2448
f 2528 2521 2530
f 2528 2513 2514
f 2515 2513 2531
f 2531 2513 2528
f 2529 2522 2517
f 2529 2517 2532
f 2533 2531 2528
f 2521 2526 2530
f 2512 2527 2393
f 2393 2527 2452
f 2534 2517 2498
f 2534 2498 2500
f 2530 2533 2528
f 2517 2534 2535
f 2530 2536 2533
f 2537 2538 2527
f 2539 2540 2541
f 2534 2500 2542
f 2525 2537 2527
f 2534 2542 2535
f 2533 2543 2531
f 2544 2533 2536
f 2543 2533 2544
f 2543 2544 2545
f 2546 2541 2547
f 2535 2532 2517
f 1642 1737 2525
f 2546 2548 2541
f 2183 2132 2131
f 1737 2549 2525
f 2550 2535 2542
f 2549 2537 2525
f 2186 2132 2183
f 2551 2550 2542
f 2549 2552 2537
f 2551 2542 2553
f 2554 2555 2539
f 2556 2555 2554
f 2191 2186 2185
f 2538 2452 2527
f 2186 2557 2132
f 2186 2558 2557
f 2186 2559 2558
f 2556 2554 2560
f 2561 2538 2537
f 2562 2556 2560
f 2191 2563 2186
f 2564 2560 2554
f 2492 2439 2565
f 2566 2439 2440
f 2557 2520 2132
f 2520 2557 2526
f 2567 2560 2564
f 2565 2439 2566
f 2561 2537 2552
f 2562 2560 2567
f 2568 2526 2557
f 2554 2539 2548
f 2530 2526 2568
f 2539 2541 2548
f 2569 2566 2440
f 2505 2492 2565
f 2536 2530 2568
f 2570 2561 2552
f 2548 2564 2554
f 2571 2536 2568
f 2536 2571 2572
f 2552 2549 2573
f 2573 2570 2552
f 2574 2564 2575
f 2542 2500 2505
f 2558 2568 2557
f 2548 2575 2564
f 2571 2568 2558
f 2571 2558 2559
f 2576 2505 2565
f 2571 2559 2577
f 2561 2570 2578
f 2546 2575 2548
f 2566 2569 2565
f 2579 2565 2569
f 2570 2573 2580
f 2577 2581 2571
f 2581 2572 2571
f 2578 2570 2582
f 2580 2582 2570
f 2583 2584 2585
f 2189 2586 2191
f 2580 2587 2582
f 2586 2189 2588
f 2579 2576 2565
f 2589 2464 2590
f 2591 2567 2564
f 2563 2191 2586
f 2567 2592 2562
f 2590 2593 2589
f 2592 2567 2594
f 2591 2594 2567
f 2595 2559 2563
f 1735 2596 1737
f 2440 2450 2569
f 2597 2591 2598
f 2597 2599 2591
f 2549 1737 2596
f 2586 2595 2563
f 2569 2450 2464
f 2599 2594 2591
f 2594 2599 2600
f 2189 2190 2588
f 2600 2601 2594
f 2601 2600 2602
f 2603 2588 2190
f 2574 2591 2564
f 1749 2596 1735
f 2603 2604 2588
f 2591 2574 2598
f 2589 2569 2464
f 2604 2605 2588
f 2549 2596 2573
f 2604 2606 2605
f 2605 2586 2588
f 2595 2586 2605
f 2605 2606 2595
f 1749 1783 2596
f 2595 2577 2559
f 2574 2575 2583
f 2574 2597 2598
f 2596 1783 2573
f 2579 2569 2607
f 2608 2581 2577
f 2608 2577 2595
f 2569 2589 2609
f 2606 2608 2595
f 2574 2585 2597
f 2574 2583 2585
f 2607 2569 2609
f 2610 2600 2599
f 2600 2610 2602
f 2609 2611 2607
f 2612 2613 2614
f 2615 2452 2538
f 2616 2617 2556
f 2463 2452 2615
f 2562 2616 2556
f 2618 2619 2617
f 2618 2616 2620
f 2616 2618 2617
f 2561 2615 2538
f 2621 2505 2576
f 2620 2616 2562
f 2621 2576 2579
f 2572 2544 2536
f 2622 2505 2621
f 2615 2495 2463
f 2623 2618 2620
f 2495 2615 2624
f 2623 2625 2618
f 2620 2562 2592
f 2626 2545 2544
f 2544 2572 2626
f 2627 2628 2629
f 2505 2622 2553
f 2615 2578 2624
f 2630 2625 2631
f 2632 2628 2625
f 2622 2633 2553
f 2572 2634 2626
f 2578 2635 2624
f 2634 2636 2626
f 2630 2631 2637
f 2553 2633 2638
f 2639 2636 2634
f 2578 2615 2561
f 2626 2640 2545
f 2641 2579 2607
f 2621 2579 2641
f 2642 2643 2640
f 2644 2645 2637
f 2642 2640 2626
f 2646 2647 2642
f 2644 2612 2648
f 2612 2644 2613
f 2642 2626 2646
f 2626 2636 2646
f 2622 2621 2633
f 2584 2649 2585
f 2649 2584 2650
f 2650 2651 2649
f 2635 2578 2582
f 2652 2653 2651
f 2582 2654 2635
f 2597 2655 2599
f 2599 2655 2610
f 2624 2501 2495
f 2597 2585 2655
f 2646 2636 2656
f 2655 2585 2653
f 2624 2635 2501
f 2656 2657 2646
f 2655 2653 2658
f 2659 2660 2608
f 2621 2641 2633
f 2581 2634 2572
f 2649 2653 2585
f 2581 2661 2634
f 2581 2608 2660
f 2662 2602 2610
f 2660 2661 2581
f 2663 2662 2664
f 2661 2639 2634
f 2665 2504 2501
f 2666 2633 2641
f 2653 2652 2658
f 2661 2667 2639
f 2651 2653 2649
f 1075 1076 2668
f 1209 1075 2668
f 2669 2668 1076
f 2658 2652 2670
f 1206 1209 2671
f 1076 2404 2669
f 2669 2404 2407
f 2669 2672 2668
f 2672 2671 2668
f 2666 2638 2633
f 2669 2673 2672
f 2670 2674 2658
f 2666 2675 2638
f 2676 2658 2674
f 2676 2677 2678
f 2679 2652 2651
f 1484 1206 2671
f 2669 2407 2680
f 2679 2670 2652
f 2505 2553 2542
f 2669 2680 2673
f 2661 2660 2667
f 2680 2467 2681
f 2670 2679 2682
f 2670 2682 2674
f 2636 2639 2683
f 2683 2656 2636
f 2684 2672 2673
f 2685 2399 2400
f 2676 2674 2677
f 2400 2431 2685
f 2667 2683 2639
f 2541 2665 2547
f 2673 2680 2681
f 2686 2672 2684
f 2687 2656 2683
f 2684 2688 2686
f 2688 2689 2686
f 2687 2690 2656
f 2467 2680 2407
f 2691 2692 2673
f 2673 2681 2691
f 2693 2681 2467
f 2667 2694 2683
f 2693 2691 2681
f 2695 2685 2431
f 2694 2687 2683
f 2691 2693 2696
f 2692 2684 2673
f 2694 2697 2687
f 2698 2684 2692
f 2699 2399 2685
f 2695 2431 2445
f 2445 2431 2427
f 2699 2685 2700
f 2691 2701 2692
f 2546 2547 2702
f 2698 2688 2684
f 2701 2698 2692
f 2699 2700 2703
f 2702 2704 2546
f 2696 2701 2691
f 2416 2399 2699
f 2705 2445 2444
f 2705 2444 2451
f 2703 2416 2699
f 2704 2575 2546
f 2416 2703 2706
f 2707 2445 2705
f 2685 2695 2708
f 2709 2698 2701
f 2710 2695 2707
f 2704 2583 2575
f 2700 2685 2708
f 2445 2707 2695
f 2709 2711 2698
f 2712 2710 2707
f 2712 2707 2713
f 2714 2703 2700
f 2708 2715 2700
f 2716 2494 2717
f 2716 2486 2494
f 2486 2716 2718
f 2700 2715 2714
f 2462 2704 2702
f 2719 1218 2720
f 2721 2716 2722
f 2719 2720 2723
f 2708 2695 2710
f 2721 2722 2724
f 2710 2715 2708
f 1227 1214 1218
f 2725 2724 2722
f 2726 2724 2725
f 2719 1227 1218
f 2726 2725 2727
f 2728 2729 2723
f 2727 2730 2731
f 2731 2726 2727
f 2583 2704 2732
f 2418 2416 2706
f 2632 2629 2628
f 2693 2467 2471
f 2632 2625 2630
f 2733 2734 2475
f 2735 2418 2706
f 2714 2706 2703
f 2736 2629 2632
f 2475 2491 2737
f 2735 2706 2738
f 2738 2706 2714
f 2739 2740 2711
f 2738 2714 2715
f 2632 2630 2741
f 2718 2491 2486
f 2465 2418 2735
f 2742 2743 2744
f 2745 2491 2718
f 2736 2632 2741
f 2742 2744 2746
f 2747 2748 2735
f 2737 2749 2733
f 2750 2465 2735
f 2749 2745 2751
f 2749 2752 2733
f 2750 2735 2748
f 2745 2718 2721
f 2721 2718 2716
f 2751 2745 2721
f 2747 2735 2738
f 2747 2738 2753
f 2754 2747 2753
f 2751 2721 2724
f 2755 2756 2757
f 2758 2736 2741
f 2752 2756 2733
f 2693 2759 2696
f 2759 2701 2696
f 2758 2741 2760
f 2757 2756 2752
f 2759 2761 2701
f 2701 2761 2709
f 2762 2629 2736
f 2709 2763 2711
f 2761 2763 2709
f 2757 2752 2764
f 2765 2715 2710
f 2738 2715 2765
f 2762 2736 2758
f 2761 2759 2766
f 2637 2645 2630
f 2767 2757 2764
f 2766 2768 2761
f 2765 2710 2712
f 2769 2645 2648
f 2770 2764 2752
f 2753 2738 2765
f 2741 2630 2645
f 2771 2770 2749
f 2766 2772 2773
f 2753 2765 2774
f 2775 2645 2769
f 2776 2771 2751
f 2777 2771 2776
f 2776 2724 2726
f 2648 2612 2778
f 2776 2726 2731
f 2778 2779 2648
f 2780 2693 2471
f 2769 2648 2779
f 2780 2471 2490
f 2781 2754 2753
f 2782 2774 2783
f 2741 2645 2775
f 2782 2753 2774
f 2781 2753 2782
f 2464 2465 2750
f 2784 2770 2785
f 2590 2464 2750
f 2770 2784 2786
f 2777 2776 2731
f 2693 2780 2787
f 2590 2750 2748
f 2777 2770 2771
f 2775 2788 2741
f 2731 2785 2777
f 2785 2731 2789
f 2790 2593 2590
f 2786 2764 2770
f 2779 2791 2792
f 2646 2657 2647
f 2793 2747 2754
f 2769 2779 2792
f 2656 2794 2657
f 2795 2780 2490
f 2775 2769 2792
f 2788 2775 2792
f 2790 2748 2793
f 2748 2790 2590
f 2796 2730 2797
f 2798 2788 2792
f 2795 2490 2497
f 2797 2799 2796
f 2800 2793 2754
f 2793 2800 2790
f 2730 2796 2801
f 2589 2593 2609
f 2693 2787 2759
f 2802 2758 2760
f 2790 2611 2593
f 2801 2796 2803
f 2766 2759 2787
f 2803 2796 2799
f 2690 2794 2656
f 2772 2766 2787
f 2609 2593 2611
f 2690 2804 2794
f 2687 2805 2690
f 2806 2802 2807
f 2805 2804 2690
f 2808 2794 2804
f 2809 2808 2804
f 2810 2809 2804
f 2811 2611 2790
f 2780 2795 2787
f 2805 2812 2804
f 2813 2814 2762
f 2758 2813 2762
f 2687 2697 2805
f 2805 2697 2812
f 2795 2772 2787
f 2772 2795 2540
f 2813 2758 2802
f 2781 2800 2754
f 2810 2804 2815
f 2795 2497 2504
f 2504 2540 2795
f 2816 2800 2781
f 2815 2804 2812
f 2504 2541 2540
f 2790 2800 2811
f 2817 2810 2815
f 2818 2814 2813
f 2819 2757 2767
f 2806 2813 2802
f 2764 2786 2767
f 2820 2813 2806
f 2821 2811 2822
f 2821 2611 2811
f 2773 2772 2823
f 2824 2825 2826
f 2767 2827 2824
f 2760 2741 2788
f 2824 2819 2767
f 2821 2828 2611
f 2823 2772 2555
f 2807 2760 2829
f 2830 2828 2821
f 2555 2772 2539
f 2831 2828 2830
f 2829 2760 2788
f 2832 2786 2784
f 2555 2556 2823
f 2786 2832 2767
f 2772 2540 2539
f 2829 2788 2798
f 2784 2789 2833
f 2829 2798 2834
f 2731 2730 2789
f 2784 2785 2789
f 2801 2789 2730
f 2607 2611 2828
f 2711 2835 2836
f 2835 2837 2836
f 2641 2607 2666
f 2807 2802 2760
f 2768 2763 2761
f 2838 2835 2763
f 2607 2828 2666
f 2839 2832 2833
f 2666 2828 2831
f 2766 2773 2768
f 2784 2833 2832
f 2840 2833 2789
f 2838 2763 2768
f 2807 2841 2806
f 2837 2835 2838
f 2837 2838 2842
f 2842 2843 2837
f 2844 2768 2773
f 2840 2789 2801
f 2844 2838 2768
f 2845 2840 2801
f 2846 2773 2823
f 2844 2773 2846
f 2803 2845 2801
f 2842 2838 2844
f 2847 2829 2834
f 2767 2832 2827
f 2807 2829 2847
f 2617 2844 2846
f 2832 2839 2827
f 2848 2827 2839
f 2849 2807 2847
f 2850 2203 2851
f 2852 2824 2848
f 2203 2202 2851
f 2853 2854 2855
f 2848 2824 2827
f 2850 2080 2083
f 2850 2083 2203
f 2732 2704 2462
f 2843 2842 2856
f 2856 2842 2844
f 2857 2843 2856
f 2858 2462 2461
f 2825 2824 2852
f 2462 2858 2732
f 2846 2823 2556
f 2846 2556 2617
f 2859 2825 2852
f 2850 2851 2860
f 2584 2583 2732
f 2650 2584 2732
f 2852 2848 2861
f 2844 2617 2856
f 2619 2856 2617
f 2430 2850 2860
f 2732 2858 2650
f 2862 2860 2851
f 2863 2857 2628
f 2627 2863 2628
f 2864 2852 2861
f 2205 2202 2200
f 2202 2865 2851
f 2866 2867 2863
f 2650 2858 2868
f 2869 1229 2729
f 2869 2729 2728
f 1230 1229 1497
f 2207 2870 2205
f 2461 2871 2858
f 2872 2873 2845
f 2205 2865 2202
f 2848 2839 2874
f 2833 2873 2839
f 2873 2833 2840
f 2845 2873 2840
f 2851 2865 2875
f 2650 2868 2651
f 2875 2862 2851
f 2874 2839 2873
f 2870 2865 2205
f 2868 2858 2871
f 2876 2877 2878
f 2872 2845 2803
f 2860 2879 2430
f 2880 2873 2872
f 2878 2877 2881
f 2878 2881 2742
f 2878 2742 2746
f 2882 2860 2862
f 2883 2862 2875
f 2883 2882 2862
f 2874 2884 2885
f 2860 2882 2879
f 2873 2880 2884
f 2874 2873 2884
f 2207 2886 2870
f 2461 2484 2871
f 2207 2362 2886
f 2887 2884 2880
f 2870 2886 2888
f 2612 2614 2663
f 2889 2878 2890
f 2861 2848 2874
f 2885 2861 2874
f 2864 2861 2885
f 2891 2892 2893
f 2878 2889 2894
f 2895 2896 2893
f 2897 2898 2899
f 2889 2900 2894
f 2889 2890 2900
f 2901 2893 2896
f 2902 2893 2901
f 2903 2904 2905
f 2868 2906 2651
f 2906 2679 2651
f 2891 2893 2902
f 2907 2876 2894
f 2908 2679 2906
f 2909 2910 2911
f 2868 2871 2906
f 2909 2911 2912
f 2913 2876 2907
f 2914 2903 2909
f 2906 2915 2908
f 2212 2916 2209
f 2917 2909 2918
f 2919 2913 2920
f 2907 2920 2913
f 2921 2919 2920
f 2918 2909 2912
f 2216 2922 2916
f 2876 2878 2894
f 2918 2912 2923
f 2924 2922 2216
f 2925 2922 2924
f 2926 2682 2679
f 2917 2918 2927
f 2894 2900 2928
f 2918 2923 2929
f 2908 2926 2679
f 2920 2894 2928
f 2930 2929 2923
f 2920 2907 2894
f 2924 2216 2215
f 2929 2930 2931
f 2926 2932 2682
f 2933 2682 2932
f 2219 2924 2215
f 1388 2934 1386
f 2928 2900 2935
f 2936 2934 2937
f 2936 2937 2938
f 2908 2915 2926
f 2665 2541 2504
f 2939 2890 2940
f 2941 1386 2942
f 2219 2943 2924
f 2944 2939 2854
f 2945 2942 2936
f 2945 2936 2938
f 2854 2867 2944
f 2941 2942 2945
f 2944 2867 2946
f 2906 2871 2947
f 2900 2890 2939
f 2906 2947 2915
f 2948 2901 2922
f 2484 2947 2871
f 2948 2922 2925
f 2949 2904 2950
f 2950 2904 2903
f 2951 2939 2944
f 2629 2952 2627
f 2953 2938 2949
f 2954 2902 2901
f 2947 2955 2915
f 2946 2866 2956
f 2953 2957 2945
f 2948 2954 2901
f 2866 2863 2627
f 2866 2627 2952
f 2947 2484 2478
f 2953 2949 2958
f 2478 2959 2947
f 2958 2949 2950
f 2956 2866 2952
f 2960 2953 2958
f 2961 2960 2958
f 2962 2946 2956
f 2963 2902 2964
f 2674 2933 2677
f 2902 2954 2964
f 2965 2962 2956
f 2966 2941 2967
f 2897 2678 2898
f 2762 2952 2629
f 2956 2952 2762
f 2968 2933 2932
f 2941 2945 2967
f 2963 2964 2969
f 2970 2971 2968
f 2956 2762 2965
f 2972 2973 2948
f 2966 2967 2974
f 2974 2967 2975
f 2948 2964 2954
f 2935 2900 2939
f 2976 2977 2966
f 2978 2964 2973
f 2976 2966 2974
f 2898 2979 2971
f 2951 2935 2939
f 1491 1481 2977
f 1494 1491 2977
f 2976 2980 2977
f 2980 2976 2974
f 2980 2974 2981
f 2898 2971 2982
f 2964 2978 2969
f 2899 2898 2982
f 2983 2984 2981
f 2985 2935 2951
f 2983 2986 2984
f 2957 2953 2960
f 2985 2951 2987
f 2962 2988 2946
f 2989 2957 2960
f 2957 2989 2975
f 2988 2962 2965
f 2978 2973 2990
f 2991 2988 2965
f 2992 2960 2961
f 2989 2960 2992
f 2971 2970 2982
f 2993 2994 2995
f 2991 2965 2996
f 2992 2961 2997
f 2814 2965 2762
f 2996 2965 2814
f 2998 2999 2993
f 2983 2975 2989
f 2983 2989 2986
f 3000 2987 2991
f 2996 3001 2991
f 3001 3000 2991
f 3002 3003 3004
f 3005 2992 2997
f 3006 2992 3005
f 2899 2982 3007
f 2984 2986 3006
f 2818 2996 2814
f 2818 3001 2996
f 3008 3009 3010
f 2950 2903 2914
f 3011 2950 2914
f 3008 3004 3009
f 2914 2909 2917
f 3012 3004 3008
f 3008 3013 3012
f 3014 2982 2970
f 3011 2914 2917
f 2958 2950 3011
f 3015 2982 3016
f 2969 2999 2963
f 3016 2982 3014
f 2958 3011 3017
f 2573 1783 3018
f 3019 3011 2917
f 2917 3020 3021
f 2917 3021 3019
f 3022 3023 2999
f 2999 2998 2963
f 3024 3022 2969
f 2927 2918 2929
f 3015 3007 2982
f 3022 2999 2969
f 1779 1805 1783
f 2917 2927 3020
f 2929 3025 2927
f 3024 2978 3026
f 3025 3020 2927
f 2978 3024 2969
f 3018 1783 1805
f 2389 3025 2929
f 2389 2929 2931
f 2580 2573 3018
f 2792 2791 3027
f 2791 3028 3027
f 3021 3020 3029
f 3030 2792 3027
f 3031 3021 3029
f 3032 3033 3023
f 2798 2792 3030
f 3019 3021 3031
f 3034 3012 3013
f 3029 3025 2389
f 3035 2580 3018
f 3020 3025 3029
f 3013 3008 3036
f 3036 3008 3010
f 3034 3013 3036
f 3037 3012 3034
f 3029 3038 3039
f 3037 3034 3040
f 3038 3029 2389
f 2580 3035 2587
f 2961 2958 3017
f 2997 2961 3017
f 3041 3017 3011
f 3041 3011 3019
f 3041 3019 3031
f 3030 2899 3042
f 2798 3030 3042
f 3043 2223 2222
f 3042 2899 3007
f 3041 2997 3017
f 3041 3044 2997
f 3043 2943 2223
f 2219 2223 2943
f 3044 3045 2997
f 3046 2834 2798
f 3045 3044 2386
f 2386 3044 2387
f 3047 2943 3043
f 3031 3029 3039
f 3048 3031 3039
f 1806 3049 1805
f 2972 3047 3050
f 1806 2060 3049
f 3041 3031 3048
f 3046 2798 3042
f 3047 3043 3050
f 1805 3035 3018
f 2224 3043 2222
f 3039 3051 3048
f 3038 3051 3039
f 3044 3041 3048
f 3046 3042 3052
f 2587 3035 3053
f 2387 3044 3048
f 2391 2387 3048
f 2224 3054 3043
f 2377 3053 3035
f 3055 3042 3007
f 1805 3049 3035
f 3035 3049 2377
f 2391 3048 3051
f 2875 2865 2888
f 2870 2888 2865
f 2879 2437 2430
f 3054 3056 3043
f 2437 2879 3057
f 3038 2389 2388
f 2441 2437 3057
f 2424 3038 2388
f 3056 3050 3043
f 3038 2424 2426
f 3051 3038 2426
f 2587 3058 2582
f 2654 2582 3058
f 2431 3051 2426
f 3051 2400 2391
f 2400 3051 2431
f 3050 3026 2990
f 3053 3058 2587
f 2977 2980 1494
f 3059 2980 2981
f 3060 2654 3058
f 3057 2879 3061
f 2882 3062 2879
f 3061 2879 3062
f 3059 1494 2980
f 1494 3059 3063
f 1496 1494 3063
f 3064 2981 2984
f 3065 2882 2883
f 2654 2501 2635
f 3062 2882 3065
f 3066 3062 3065
f 3056 3067 3050
f 3068 3069 3070
f 2501 2654 2665
f 3068 3071 3069
f 2888 2883 2875
f 3067 3026 3050
f 3072 2888 3073
f 3067 3074 3026
f 3064 2984 3075
f 3072 2883 2888
f 2984 3076 3075
f 3072 3077 2883
f 3067 3056 3078
f 3076 3006 3079
f 3078 3080 3067
f 2654 3060 2665
f 3081 3072 3073
f 3082 3081 3073
f 3071 3064 3075
f 3083 3071 3075
f 3081 3077 3072
f 3071 3083 3069
f 2978 2990 3026
f 3060 2547 2665
f 3065 3077 3066
f 2422 3076 3084
f 3083 3076 2422
f 2702 2547 3060
f 3083 2422 3085
f 3077 3086 3066
f 3087 3085 2422
f 3088 3089 3070
f 3077 3081 3090
f 3090 3086 3077
f 3091 3092 3070
f 3088 3070 3092
f 3077 3065 2883
f 3093 3088 3092
f 3093 3092 3094
f 1747 3054 2224
f 1428 3088 3095
f 3060 3058 2446
f 2480 1428 3095
f 3096 3081 3082
f 3081 3097 3090
f 2446 3058 3053
f 3081 3096 3097
f 3095 3088 3093
f 2480 3095 3093
f 2493 2959 2478
f 2480 3093 2485
f 3098 3056 3054
f 3094 3091 3087
f 3099 3100 2959
f 3054 1747 3098
f 2446 3053 2447
f 3101 3094 3087
f 3101 3087 2419
f 3102 3103 3104
f 3100 3099 3102
f 2488 3093 3094
f 2485 3093 2488
f 2502 3098 1747
f 3094 2489 2488
f 3105 3102 3099
f 2489 3094 3101
f 3105 3103 3102
f 3101 2419 2436
f 2489 3101 2436
f 2446 2702 3060
f 2489 2436 2439
f 2386 2371 2373
f 3106 2375 3084
f 2375 3106 2373
f 2375 2373 2372
f 3056 3098 3107
f 2441 3108 2524
f 2456 2702 2446
f 3107 3098 3109
f 2702 2456 2462
f 3108 3110 2524
f 3111 3112 3108
f 3112 3113 3108
f 3056 3107 3078
f 3112 3111 3114
f 3053 2377 2447
f 3115 3078 3107
f 3049 2060 2378
f 3057 3061 2441
f 3108 2441 3061
f 3116 3098 2502
f 2378 2060 2394
f 3116 3109 3098
f 3062 3066 3111
f 3109 3117 3107
f 2376 2447 2377
f 3062 3108 3061
f 3108 3062 3111
f 2493 2477 2524
f 3080 3074 3067
f 2493 2524 3110
f 2378 2377 3049
f 3110 3118 2493
f 3113 3119 3118
f 3110 3113 3118
f 3074 3080 3120
f 2493 3118 2959
f 3119 3099 3118
f 3099 2959 3118
f 3074 3024 3026
f 3074 3032 3024
f 3099 3119 3105
f 3113 3112 3119
f 3032 3023 3022
f 3108 3113 3110
f 3074 3121 3032
f 3120 3121 3074
f 3086 3122 3114
f 3122 3123 3124
f 3125 3121 3120
f 3126 3033 3032
f 3121 3126 3032
f 3112 3114 3124
f 3127 3126 3121
f 3128 3126 3127
f 3114 3122 3124
f 3129 3122 3130
f 3129 3123 3122
f 3125 3127 3121
f 3130 3131 3129
f 3132 3128 3127
f 3114 3111 3066
f 3114 3066 3086
f 3090 3122 3086
f 3133 3080 3078
f 3097 3130 3090
f 3122 3090 3130
f 3131 3130 3097
f 3133 3078 3115
f 3112 3124 3119
f 3120 3080 3134
f 3124 3105 3119
f 3134 3125 3120
f 3080 3133 3134
f 3105 3124 3123
f 3105 3123 3135
f 3135 3103 3105
f 3136 3103 3135
f 3137 3115 3117
f 3138 3003 3139
f 3129 3135 3123
f 3140 3133 3115
f 3107 3117 3115
f 2915 2955 3141
f 3137 3140 3115
f 3141 3100 3142
f 3141 2926 2915
f 3141 3142 2926
f 3140 3143 3133
f 3143 3134 3133
f 2926 3142 2932
f 3134 3143 3125
f 2932 3142 3144
f 3145 2968 2932
f 3146 3147 3140
f 3147 3143 3140
f 2932 3144 3145
f 3104 3144 3142
f 2955 3100 3141
f 3148 3127 3125
f 2947 3100 2955
f 3100 2947 2959
f 3148 3132 3127
f 3145 3144 3149
f 3125 3143 3150
f 3102 3104 3100
f 3147 3150 3143
f 3104 3142 3100
f 3104 3103 3151
f 3149 3104 3151
f 3152 3148 3150
f 3149 3144 3104
f 3153 2968 3145
f 3154 3002 3155
f 3156 3139 3157
f 3154 3156 3157
f 3014 2970 3158
f 3158 3159 3014
f 3160 3154 3161
f 3154 3155 3161
f 3160 3161 3162
f 3016 3163 3164
f 3162 3161 3155
f 3159 3163 3016
f 3003 3157 3139
f 3164 3163 3160
f 3165 2919 3166
f 3160 3163 3154
f 3166 2919 2921
f 3167 3165 3166
f 3167 3166 3168
f 2985 2987 3169
f 3000 3169 2987
f 3002 3170 3155
f 3170 3002 3012
f 3169 3000 3171
f 3000 3001 3172
f 3162 3155 3173
f 3170 3173 3155
f 3174 3175 3162
f 3176 3001 2818
f 3172 3001 3176
f 3177 3162 3173
f 3174 3162 3177
f 3178 3169 3171
f 3179 3177 3173
f 3180 3179 3181
f 3171 3000 3182
f 3182 3000 3172
f 3183 3175 3174
f 3184 3174 3177
f 3184 3183 3174
f 3185 3182 3172
f 3179 3184 3177
f 3182 3185 3186
f 3160 3187 3164
f 2923 3171 3188
f 3182 3188 3171
f 3189 3160 3175
f 3160 3189 3187
f 3188 3182 3186
f 3175 3160 3162
f 2923 3188 2930
f 3190 3189 3175
f 3191 2930 3188
f 3187 3189 3192
f 3190 3192 3189
f 2060 1981 2394
f 2394 1981 2069
f 3183 3190 3175
f 3037 3170 3012
f 2394 2069 2080
f 3040 3181 3179
f 3128 3193 3181
f 3183 3184 3190
f 3194 3190 3184
f 2394 2080 2850
f 3184 3195 3194
f 3196 3195 3184
f 3180 3196 3184
f 2850 2430 2394
f 3180 3181 3193
f 3197 3180 3193
f 3198 3197 3193
f 3199 3195 3196
f 3197 3196 3180
f 3197 3199 3196
f 3194 3192 3190
f 1746 2496 1747
f 2496 2502 1747
f 3200 3201 3202
f 2813 2820 2818
f 3203 3204 3201
f 3176 2818 2820
f 3201 3204 3202
f 3185 3176 2820
f 3202 2455 3200
f 3201 3194 3195
f 3195 3203 3201
f 2841 2820 2806
f 3205 3199 3197
f 3206 3199 3205
f 3207 3206 3205
f 3208 3199 3206
f 3185 3172 3176
f 3185 2820 3209
f 3209 2820 3210
f 3208 3204 3203
f 3211 3185 3209
f 3212 2453 3204
f 3212 3204 3208
f 2849 2841 2807
f 3202 2453 2455
f 2453 3202 3204
f 3213 2841 2849
f 2454 2453 2494
f 3208 3203 3199
f 2849 2847 3214
f 3215 3212 3208
f 3206 3215 3208
f 2849 3214 3216
f 3216 3213 2849
f 3217 3215 3206
f 3215 2494 3212
f 2494 2453 3212
f 2717 2494 3215
f 3116 2502 2503
f 3117 3109 3116
f 3218 3213 3216
f 2516 3117 3116
f 2503 2516 3116
f 2820 2841 3210
f 3213 3210 2841
f 3210 3219 3209
f 3220 3117 2516
f 3210 3213 3219
f 3213 3221 3219
f 3186 3185 3222
f 3186 3222 3191
f 3211 3222 3185
f 2513 2516 2503
f 2515 3220 2516
f 3186 3191 3188
f 3222 3223 3191
f 3220 3137 3117
f 3211 3209 3219
f 3223 3222 3211
f 3224 3137 3220
f 2515 3224 3220
f 3223 3211 3225
f 3211 3219 3225
f 3226 3146 3137
f 3224 3226 3137
f 3191 2931 2930
f 3137 3146 3140
f 3227 3191 3223
f 3147 3146 3226
f 3227 2379 2931
f 3228 3147 3226
f 2931 3191 3227
f 3223 3225 2369
f 3227 3223 2369
f 2368 2379 3227
f 3229 3224 2515
f 2369 2368 3227
f 3221 3213 3218
f 3230 3226 3224
f 3226 3230 3228
f 3231 3221 3218
f 3231 3218 2408
f 3218 3232 2408
f 3229 3230 3224
f 3233 3219 3221
f 3233 3225 3219
f 3234 3147 3228
f 3147 3234 3150
f 3231 3233 3221
f 2369 3225 3233
f 2398 2369 3233
f 3235 3234 3228
f 2398 3233 3231
f 3230 3235 3228
f 3235 3236 3237
f 2406 3231 2408
f 2406 2398 3231
f 2531 3229 2515
f 2543 3229 2531
f 3007 3015 3055
f 3229 3238 3230
f 3055 3015 3239
f 3016 3164 3015
f 2543 3238 3229
f 3239 3015 3164
f 3240 3238 2543
f 2545 3240 2543
f 3241 3055 3239
f 3235 3230 3236
f 3240 3236 3230
f 3240 3230 3238
f 3187 2469 3164
f 3242 3237 3236
f 3242 3236 3240
f 3214 2834 3046
f 3214 3046 3052
f 3214 2847 2834
f 2640 3240 2545
f 2643 3240 2640
f 2643 3242 3240
f 3243 3242 2643
f 3243 3244 3242
f 3245 3214 3052
f 2642 3243 2643
f 3243 2647 3244
f 3246 3216 3245
f 3245 3216 3214
f 2642 2647 3243
f 3206 3207 3217
f 3218 3216 3246
f 3247 3217 3207
f 3247 3207 3248
f 3249 3248 3207
f 3052 3250 3245
f 3248 3237 3251
f 3250 3052 3241
f 3252 3253 3251
f 3215 3254 2717
f 3052 3042 3055
f 3052 3055 3241
f 3254 3215 3217
f 3255 2717 3254
f 3247 3254 3217
f 3247 3255 3254
f 2717 2722 2716
f 3232 3218 3246
f 3256 3255 3257
f 3255 2722 2717
f 3255 3256 2722
f 3232 3246 3258
f 3252 3237 3242
f 3252 3251 3237
f 3252 3259 3253
f 3260 3259 3252
f 3246 3245 3250
f 3258 3246 3250
f 3261 3258 3250
f 3256 2725 2722
f 2727 2725 3256
f 2408 3232 2409
f 2409 3232 2458
f 3244 2657 3262
f 2458 3232 3258
f 3244 2647 2657
f 2458 3261 2459
f 2458 3258 3261
f 3241 3263 3250
f 3241 2469 3263
f 3261 3250 3263
f 3241 3239 2469
f 2382 2931 2379
f 2382 2389 2931
f 2385 2390 2410
f 3264 2470 3187
f 3264 2455 2470
f 2420 2423 2374
f 2423 2420 2419
f 2459 2468 2457
f 2457 2468 2482
f 2420 2374 2425
f 2476 2417 2457
f 2476 2457 2482
f 2468 2483 2482
f 2483 2468 2470
f 2466 2476 2482
f 2482 2474 2466
f 2473 2466 2474
f 2473 2449 2466
f 2479 2449 2473
f 2479 3265 2451
f 2443 2479 2451
f 2592 3266 2620
f 2601 2592 2594
f 2592 2601 3266
f 2613 2602 2614
f 2563 2559 2186
f 2625 2628 2857
f 2618 2625 2619
f 2631 2623 3267
f 2625 2623 2631
f 2623 2620 3267
f 3267 2620 3266
f 3267 2637 2631
f 2644 3267 3266
f 1209 2668 2671
f 2644 2637 3267
f 1483 1206 1484
f 2602 3266 2601
f 3266 2613 2644
f 2613 3266 2602
f 1484 2671 2686
f 2686 2671 2672
f 2686 3268 1484
f 2689 2688 2740
f 2689 3268 2686
f 2655 2658 2610
f 2662 2614 2602
f 2662 2663 2614
f 2698 2740 2688
f 2689 2740 2743
f 2610 2676 2662
f 2610 2658 2676
f 2664 2662 2676
f 2698 2711 2740
f 3265 2705 2451
f 2707 2705 3265
f 3269 2707 3265
f 1484 1218 1217
f 2713 2707 3269
f 1218 1484 3268
f 2720 1218 3268
f 3270 2712 2713
f 2713 3269 3271
f 3270 2713 3271
f 2689 2720 3268
f 2720 2689 2743
f 2723 2729 2719
f 1229 1227 2719
f 1229 2719 2729
f 3265 2479 2734
f 2765 2712 3270
f 2734 2479 2473
f 2740 2739 2743
f 2734 2473 2475
f 2836 2739 2711
f 2765 2783 2774
f 2783 2765 3270
f 3269 3265 2734
f 2783 3270 3271
f 2720 2743 2723
f 2816 2782 2783
f 3271 3272 2783
f 3273 2728 2723
f 2881 3273 2742
f 2742 3273 2723
f 3273 2881 2728
f 2747 2793 2748
f 2491 2745 2737
f 2723 2743 2742
f 2744 2743 2739
f 2475 2737 2733
f 2749 2737 2745
f 2644 2648 2645
f 2744 2739 2836
f 3274 2744 2836
f 2746 2744 3274
f 2778 2612 3028
f 2816 2781 2782
f 2755 3269 2756
f 2755 3271 3269
f 2734 2733 2756
f 2756 3269 2734
f 3272 2816 2783
f 3272 3271 2755
f 3275 2816 3272
f 2779 2778 2791
f 2791 2778 3028
f 2800 3276 2811
f 3276 2800 2816
f 3276 2816 3277
f 2771 2749 2751
f 2749 2770 2752
f 2776 2751 2724
f 3277 2816 3275
f 3275 3272 3278
f 2826 3278 3272
f 3278 3277 3275
f 3279 3277 3278
f 2777 2785 2770
f 2794 3280 2657
f 2808 3280 2794
f 3281 3280 2808
f 2799 2797 3282
f 3281 2799 3282
f 3280 3281 3282
f 2809 3281 2808
f 3283 2799 3281
f 2763 2835 2711
f 2822 2811 3276
f 3276 3279 2822
f 3279 3276 3277
f 2836 2837 3274
f 3283 3281 2809
f 2803 2799 3283
f 3274 2940 2746
f 2810 3283 2809
f 2940 3274 2855
f 3283 2872 2803
f 2837 2843 2853
f 2830 2821 2822
f 2855 3274 2837
f 2837 2853 2855
f 3279 3284 2822
f 2830 2822 3284
f 3285 2810 2817
f 2897 2663 2664
f 3285 3283 2810
f 2854 2940 2855
f 3284 3286 2830
f 3286 3284 3287
f 3285 3288 3283
f 3288 2872 3283
f 3289 3284 3279
f 3028 2663 2897
f 2664 2676 2678
f 2755 2819 3272
f 3279 3290 3289
f 2755 2757 2819
f 2664 2678 2897
f 2819 2826 3272
f 2843 2863 2853
f 2843 2857 2863
f 3284 3289 3287
f 2619 2857 2856
f 2899 3030 3027
f 2857 2619 2625
f 2824 2826 2819
f 2867 2853 2863
f 3279 3278 2825
f 2853 2867 2854
f 3290 3279 2825
f 2859 3290 2825
f 1497 1229 2869
f 2826 2825 3278
f 2869 2877 1497
f 2877 2869 2881
f 2728 2881 2869
f 2678 2979 2898
f 2979 2678 2677
f 2933 2674 2682
f 1257 1252 1497
f 2979 2677 2933
f 2979 2933 2968
f 3291 1497 2877
f 2971 2979 2968
f 2896 2362 2210
f 2895 2362 2896
f 3292 3073 2888
f 2886 3292 2888
f 2362 3292 2886
f 2878 2746 2890
f 2890 2746 2940
f 2362 2895 3292
f 2895 2892 3292
f 3168 3166 3293
f 2905 3168 3293
f 3293 3294 2905
f 3167 3168 3295
f 3295 3168 3296
f 2934 3167 3295
f 1257 1497 3291
f 2916 2210 2209
f 2901 2896 2210
f 2916 2901 2210
f 2876 3291 2877
f 3291 1505 1257
f 2934 3295 2937
f 3297 2937 3295
f 3291 2876 2913
f 3291 1501 1505
f 1499 1505 1501
f 3168 2905 3296
f 3292 3082 3073
f 1501 3291 2913
f 2905 2904 3296
f 2892 3082 3292
f 2892 3096 3082
f 3297 3295 3296
f 3297 3296 2904
f 2895 2893 2892
f 2937 3297 2904
f 3028 2612 2663
f 2910 2903 2905
f 3298 2892 2891
f 3027 3028 2897
f 3299 3300 3294
f 3299 3169 3300
f 3178 3300 3169
f 2897 2899 3027
f 2891 2963 2998
f 3294 3300 2910
f 2910 2905 3294
f 2921 2920 3301
f 2911 3300 3178
f 3301 2920 2928
f 3301 2928 2935
f 2910 3300 2911
f 2911 3178 2912
f 3302 3301 2935
f 2216 2916 2212
f 2909 2903 2910
f 2939 2940 2854
f 2912 3178 3171
f 2912 3171 2923
f 2948 2925 2972
f 2943 2972 2924
f 2972 2925 2924
f 3047 2972 2943
f 2951 2944 2946
f 2934 2942 1386
f 3050 2973 2972
f 2866 2946 2867
f 2942 2934 2936
f 2901 2916 2922
f 2941 1389 1386
f 2945 2957 2967
f 2946 2987 2951
f 2987 2946 2988
f 2904 2949 2937
f 2891 2902 2963
f 2938 2937 2949
f 3302 2935 2985
f 3298 3096 2892
f 3303 3097 3096
f 3298 3303 3096
f 2995 3303 3298
f 2945 2938 2953
f 2973 2964 2948
f 1389 2941 2966
f 1481 1389 2966
f 2991 2987 2988
f 2967 2957 2975
f 2966 2977 1481
f 3304 2995 3298
f 2891 3304 3298
f 3136 3151 3103
f 3304 2993 2995
f 2974 2983 2981
f 2975 2983 2974
f 2998 3304 2891
f 2993 3304 2998
f 2989 2992 2986
f 2994 2993 3009
f 3006 2986 2992
f 3005 3305 3006
f 3009 3306 2994
f 3009 3004 3306
f 2993 3010 3009
f 3004 3012 3002
f 3097 3303 3131
f 3303 3307 3131
f 3305 3005 2997
f 2995 3307 3303
f 3045 3305 2997
f 3307 3308 3131
f 3308 3129 3131
f 3023 3010 2993
f 2994 3307 2995
f 2994 3306 3307
f 3033 3010 3023
f 3023 2993 2999
f 3308 3136 3135
f 3135 3129 3308
f 3138 3136 3308
f 3063 3059 3068
f 2981 3064 3059
f 3003 3138 3309
f 3064 3068 3059
f 3071 3068 3064
f 3036 3040 3034
f 3307 3306 3308
f 3309 3138 3308
f 3308 3306 3309
f 3070 3063 3068
f 1427 1496 3063
f 3309 3306 3004
f 3089 1427 3063
f 3089 3063 3070
f 3010 3033 3036
f 3003 3309 3004
f 3033 3126 3036
f 3091 3070 3069
f 3076 2984 3006
f 3126 3040 3036
f 3040 3128 3181
f 3128 3040 3126
f 3305 3079 3006
f 3084 3079 3305
f 3079 3084 3076
f 3075 3076 3083
f 3091 3069 3083
f 3083 3087 3091
f 3087 3083 3085
f 3145 3310 3153
f 2423 2422 3084
f 3149 3151 3310
f 3311 3310 3151
f 3149 3310 3145
f 1427 3089 1428
f 3094 3092 3091
f 3159 3310 3312
f 3312 3310 3311
f 3050 2990 2973
f 1428 3089 3088
f 1430 1428 2480
f 2968 3153 2970
f 3158 3153 3310
f 3158 2970 3153
f 3087 2422 2419
f 3311 3151 3136
f 3312 3311 3139
f 2371 2386 2385
f 3158 3310 3159
f 3106 3305 3045
f 3084 3305 3106
f 2386 3106 3045
f 2373 3106 2386
f 3156 3312 3139
f 2423 3084 2375
f 3156 3159 3312
f 3159 3156 3163
f 2423 2375 2374
f 3154 3163 3156
f 3016 3014 3159
f 3311 3136 3138
f 3139 3311 3138
f 3032 3022 3024
f 1507 1501 3165
f 1501 2913 3165
f 1507 1500 1501
f 3165 2913 2919
f 1362 1507 3165
f 1361 1507 1362
f 1362 3165 3167
f 3293 3166 2921
f 3150 3148 3125
f 3293 2921 3301
f 3301 3302 3293
f 3294 3293 3302
f 3294 3302 3299
f 2934 1362 3167
f 1388 1362 2934
f 3299 3302 2985
f 3157 3002 3154
f 3157 3003 3002
f 3169 3299 2985
f 3180 3184 3179
f 3037 3179 3173
f 3037 3173 3170
f 3037 3040 3179
f 3132 3193 3128
f 3198 3193 3132
f 3199 3203 3195
f 3192 3200 3187
f 3194 3200 3192
f 3201 3200 3194
f 3264 3187 3200
f 2455 3264 3200
f 3198 3205 3197
f 3205 3198 3132
f 3148 3205 3132
f 3249 3205 3148
f 3148 3152 3249
f 3207 3205 3249
f 2469 3239 3164
f 3234 3152 3150
f 3187 2470 2469
f 3237 3152 3234
f 3237 3234 3235
f 3253 3247 3248
f 3313 3261 3263
f 3313 3263 2469
f 2459 3313 2468
f 3313 2469 2468
f 2459 3261 3313
f 3253 3248 3251
f 3255 3247 3253
f 3257 3255 3253
f 3152 3248 3249
f 3237 3248 3152
f 3252 3242 3260
f 3253 3259 3257
f 3244 3260 3242
f 3260 3244 3314
f 3314 3259 3260
f 3256 3257 3259
f 3256 3259 2727
f 2797 2727 3259
f 2727 2797 2730
f 3244 3262 3314
f 2797 3259 3314
f 3282 3314 3262
f 2797 3314 3282
f 3262 2657 3280
f 3280 3282 3262
f 3315 3316 690
f 3317 3318 3319
f 3320 3321 3322
f 3315 3323 3316
f 3324 3320 3322
f 3325 3326 3327
f 3328 3329 3330
f 3325 3331 3332
f 3325 3327 3331
f 3332 3333 3325
f 3334 3335 3336
f 3330 3337 3338
f 3339 3337 3330
f 3328 3330 3338
f 3340 3341 3342
f 3343 3344 3345
f 3343 3346 3344
f 3330 3329 3347
f 3348 3346 3343
f 3349 3341 3340
f 3347 3350 3330
f 3350 3347 3351
f 3350 3351 3352
f 3353 3354 3355
f 3356 3354 3353
f 3350 3339 3330
f 3357 3358 3359
f 3353 3355 3360
f 3349 3361 3362
f 3361 3363 3362
f 3364 3353 3360
f 3365 3366 3355
f 3354 3365 3355
f 3367 3368 3369
f 3363 3370 3362
f 3367 3371 3368
f 3372 3373 3365
f 3320 3374 3321
f 3375 3376 3377
f 3374 3320 3378
f 3379 3363 3361
f 3380 3363 3379
f 3381 3382 3369
f 3383 3374 3378
f 3382 3334 3336
f 3378 3384 3383
f 3385 3386 3337
f 3381 3334 3382
f 3357 3359 3316
f 3385 3337 3339
f 3387 3366 3382
f 3366 3367 3382
f 3365 3367 3366
f 3372 3365 3388
f 3388 3365 3354
f 3380 3379 3326
f 3389 3339 3350
f 3390 3326 3379
f 3365 3373 3367
f 3339 3389 3385
f 3391 3358 3357
f 3392 3380 3326
f 3393 3389 3350
f 3394 3392 3326
f 3355 3366 3387
f 3395 3356 3396
f 3356 3395 3388
f 3393 3352 3397
f 3398 3399 3396
f 3395 3396 3399
f 3399 3400 3401
f 3402 3352 3403
f 3352 3402 3397
f 3404 3405 3406
f 3407 3408 3364
f 3364 3409 3407
f 3357 3316 3410
f 3411 3412 3402
f 3388 3354 3356
f 3402 3412 3413
f 3414 3404 3415
f 3396 3356 3408
f 3408 3398 3396
f 3416 3405 3404
f 3416 3404 3414
f 3407 3398 3408
f 3416 3414 3417
f 3418 3414 3370
f 3364 3408 3353
f 3353 3408 3356
f 3419 3397 3402
f 3414 3418 3417
f 3420 3421 3422
f 3423 3424 3425
f 3423 3426 3424
f 3397 3419 3393
f 3427 3424 3421
f 3428 3405 3416
f 3425 3424 3427
f 3421 3424 3422
f 3429 3416 3417
f 3413 3419 3402
f 3430 3431 3432
f 3427 3432 3425
f 3428 3429 3433
f 3428 3416 3429
f 3434 3357 3410
f 3431 3435 3425
f 3432 3431 3425
f 3417 3436 3437
f 3434 3410 3438
f 3435 3423 3425
f 3419 3413 3439
f 3440 3441 3395
f 3442 3419 3439
f 3437 3429 3417
f 3393 3350 3352
f 3388 3395 3372
f 3429 3437 3443
f 3372 3395 3444
f 3445 3443 3437
f 3323 3410 3316
f 3446 3429 3443
f 3441 3444 3395
f 3444 3345 3447
f 3448 3377 3447
f 3446 3443 3449
f 3449 3443 3450
f 3345 3444 3441
f 3419 3442 3393
f 3333 3451 3325
f 3345 3344 3448
f 3447 3345 3448
f 3444 3373 3372
f 3452 3453 3454
f 3455 3410 3323
f 3444 3447 3373
f 3333 3456 3451
f 3457 3440 3399
f 3440 3343 3441
f 3458 3459 3457
f 3410 3455 3438
f 3418 3363 3392
f 3453 3460 3461
f 3380 3392 3363
f 3399 3401 3457
f 3462 3418 3392
f 3370 3363 3418
f 3453 3461 3463
f 3457 3343 3440
f 3457 3348 3343
f 3457 3459 3348
f 700 696 705
f 3399 3440 3395
f 3460 3453 3452
f 3383 3460 3452
f 3460 3383 3464
f 3430 3465 3466
f 3467 3392 3394
f 3468 3430 3466
f 3386 3385 3469
f 3470 3468 3466
f 3466 3471 3470
f 3469 3385 3472
f 3473 3430 3468
f 3474 3430 3473
f 3462 3392 3467
f 3472 3385 3389
f 3468 3475 3473
f 3315 705 3476
f 3477 3475 3468
f 3478 3476 705
f 3343 3345 3441
f 3479 3462 3467
f 3480 3477 3468
f 3478 705 706
f 3481 3477 3480
f 3470 3480 3468
f 3436 3417 3418
f 3482 3483 3480
f 3480 3483 3481
f 3460 3464 3484
f 3462 3436 3418
f 3436 3462 3485
f 3478 706 3486
f 3480 3470 3482
f 3437 3436 3445
f 3485 3445 3436
f 3427 3421 3465
f 3462 3487 3485
f 3488 3315 3476
f 3421 3471 3465
f 3488 3323 3315
f 3451 3394 3326
f 3442 3439 3489
f 3451 3326 3325
f 3420 3490 3421
f 3471 3421 3490
f 3389 3393 3491
f 3442 3491 3393
f 3451 3492 3394
f 3488 3476 3493
f 3467 3394 3492
f 3494 3490 3495
f 3492 3451 3496
f 3430 3432 3465
f 3432 3427 3465
f 3467 3492 3479
f 3478 3486 3493
f 3431 3430 3474
f 3471 3466 3465
f 3491 3497 3389
f 3478 3493 3476
f 3456 3496 3451
f 3456 3498 3496
f 3487 3462 3479
f 3479 3499 3500
f 3470 3471 3501
f 3442 3489 3502
f 3471 3490 3494
f 3442 3503 3491
f 3494 3501 3471
f 3504 3445 3485
f 3487 3504 3485
f 3505 3506 3507
f 3504 3487 3508
f 3504 3443 3445
f 3491 3509 3497
f 3510 3511 3512
f 3479 3500 3487
f 3500 3508 3487
f 3491 3503 3509
f 3486 3513 3493
f 3514 3509 3503
f 3503 3442 3502
f 3504 3450 3443
f 3515 3516 3517
f 3518 3515 3517
f 3513 3486 3519
f 3517 3520 3518
f 3521 3449 3450
f 3508 3521 3504
f 3521 3450 3504
f 3522 3518 3520
f 3500 3499 3508
f 3523 3508 3499
f 3323 3488 3455
f 3515 3518 3524
f 3525 3524 3518
f 3525 3518 3522
f 3492 3526 3479
f 3527 3510 3528
f 3499 3479 3526
f 3496 3526 3492
f 3455 3488 3529
f 3498 3526 3496
f 3530 3531 3527
f 3532 3531 3530
f 3488 3493 3529
f 3533 3534 3535
f 3536 3524 3525
f 3499 3526 3537
f 3537 3498 3538
f 3498 3537 3526
f 3532 3530 3539
f 3529 3493 3540
f 3537 3538 3541
f 3438 3455 3542
f 3543 3544 3545
f 3542 3455 3529
f 3523 3499 3537
f 3544 3543 3546
f 3541 3523 3537
f 3547 3548 3549
f 3550 3449 3521
f 3548 3547 3551
f 3544 3535 3552
f 3550 3521 3553
f 3554 3508 3523
f 3547 3549 3555
f 3555 3556 3557
f 3541 3554 3523
f 3547 3555 3557
f 3521 3508 3554
f 3542 3529 3558
f 3535 3544 3559
f 3521 3554 3560
f 3521 3560 3553
f 3547 3557 3561
f 3540 3493 3513
f 3562 3560 3563
f 3562 3553 3560
f 3551 3547 3561
f 3559 3546 3564
f 3541 3538 3565
f 3559 3533 3535
f 3566 3551 3561
f 3538 3567 3568
f 3568 3565 3538
f 3566 3569 3551
f 3565 3568 3570
f 3569 3571 3551
f 3572 3571 3569
f 3544 3546 3559
f 3560 3541 3565
f 3541 3560 3554
f 3573 3387 3574
f 3513 3519 3575
f 3576 3577 3578
f 3573 3574 3578
f 3578 3577 3573
f 3576 3578 3579
f 3575 3580 3513
f 3364 3581 3409
f 3582 3529 3540
f 3558 3529 3582
f 3564 3533 3559
f 3583 3584 3585
f 3563 3560 3565
f 3586 3563 3565
f 3360 3573 3577
f 3355 3573 3360
f 3573 3355 3387
f 3587 3582 3540
f 3570 3586 3565
f 3588 3564 3589
f 3570 3590 3586
f 3581 3360 3577
f 3581 3364 3360
f 3576 3585 3577
f 3577 3585 3581
f 3576 3583 3585
f 3540 3513 3587
f 3587 3513 3580
f 3563 3586 3590
f 3591 3592 3593
f 3594 3562 3563
f 3595 3593 3596
f 3597 3595 3596
f 3598 3589 3599
f 3590 3594 3563
f 3589 3564 3546
f 3596 3593 3592
f 3599 3589 3546
f 3592 3591 3600
f 3532 3601 3579
f 3588 3589 3602
f 3570 3603 3590
f 3579 3601 3576
f 3604 3590 3603
f 3605 3588 3606
f 3602 3606 3588
f 3587 3580 3607
f 3608 3601 3609
f 3609 3601 3548
f 3609 3610 3608
f 3583 3576 3601
f 768 706 756
f 3583 3601 3608
f 3590 3611 3612
f 3590 3604 3611
f 3598 3602 3589
f 3598 3613 3602
f 3486 706 768
f 3612 3594 3590
f 3612 3611 3614
f 3600 3615 3592
f 3606 3602 3613
f 3615 3616 3592
f 3617 3615 3600
f 3346 3348 3618
f 3619 3615 3620
f 3617 3620 3615
f 3621 3618 3459
f 3348 3459 3618
f 3620 3617 3622
f 3618 3623 3346
f 3623 3624 3346
f 3617 3625 3622
f 3623 3618 3621
f 3382 3574 3387
f 3626 3627 3628
f 3629 3579 3578
f 3630 3631 3632
f 3596 3592 3616
f 3632 3633 3630
f 3596 3616 3597
f 3519 3486 768
f 3634 3632 3631
f 3413 3412 3635
f 3635 3412 3534
f 3532 3579 3629
f 3636 3473 3475
f 3636 3633 3632
f 3539 3601 3532
f 3637 3638 3391
f 3475 3477 3639
f 3640 3475 3639
f 3548 3539 3549
f 3539 3548 3601
f 3641 3639 3481
f 3642 3641 3481
f 3641 3627 3639
f 3627 3640 3639
f 3477 3481 3639
f 3481 3483 3642
f 3635 3439 3413
f 3635 3643 3439
f 3644 3637 3391
f 3645 3453 3463
f 3533 3635 3534
f 3644 3391 3646
f 3647 3645 3463
f 3648 3597 3616
f 3643 3635 3533
f 3615 3619 3616
f 3391 3357 3646
f 3643 3489 3439
f 3616 3619 3648
f 3648 3619 3649
f 3646 3357 3650
f 3651 3652 3653
f 3654 3655 3656
f 3651 3656 3652
f 3657 3597 3648
f 3643 3658 3489
f 3659 3654 3656
f 3660 3657 3648
f 3661 3637 3644
f 3384 3464 3383
f 3657 3660 3662
f 3663 3664 3384
f 3665 3643 3533
f 3464 3384 3664
f 3660 3648 3649
f 3664 3484 3464
f 3666 3644 3646
f 3664 3667 3668
f 3660 3649 3669
f 3564 3665 3533
f 3670 3484 3664
f 3668 3670 3664
f 3643 3665 3658
f 3666 3646 3650
f 3665 3564 3588
f 3671 3593 3426
f 3672 3673 3674
f 3672 3675 3676
f 3426 3595 3422
f 3650 3357 3434
f 3422 3424 3426
f 3595 3426 3593
f 3502 3489 3658
f 3672 3624 3623
f 3676 3624 3672
f 3641 3628 3627
f 3677 3628 3642
f 3678 3671 3423
f 3426 3423 3671
f 3623 3673 3672
f 3626 3679 3680
f 3681 3682 3658
f 3591 3593 3671
f 3679 3626 3683
f 3628 3677 3626
f 3684 3677 3642
f 3626 3677 3683
f 3605 3681 3665
f 3676 3685 3686
f 3678 3423 3687
f 3678 3687 3688
f 3675 3685 3676
f 3681 3658 3665
f 3422 3595 3420
f 3420 3595 3689
f 3517 3690 3520
f 3683 3677 3684
f 3684 3691 3683
f 3438 3542 3692
f 3693 3691 3684
f 3694 3683 3691
f 3595 3597 3689
f 3682 3502 3658
f 3695 3691 3693
f 3691 3696 3694
f 3691 3695 3696
f 3503 3502 3682
f 3697 3542 3558
f 3672 3674 3698
f 3692 3542 3697
f 3698 3675 3672
f 3495 3689 3699
f 3490 3420 3689
f 3495 3490 3689
f 3698 3700 3675
f 3700 3698 3701
f 3702 3703 3704
f 3698 3705 3701
f 3706 3702 3704
f 3679 3683 3702
f 3694 3702 3683
f 3689 3597 3699
f 3706 3679 3702
f 3665 3588 3605
f 3703 3694 3707
f 3703 3702 3694
f 3699 3597 3657
f 3708 3709 3710
f 3711 3708 3710
f 3712 3681 3605
f 3713 3714 3715
f 3715 3716 3717
f 3718 3719 3720
f 3721 3722 3723
f 3710 3722 3721
f 3724 3685 3675
f 3725 3609 3548
f 3700 3724 3675
f 3726 3651 3653
f 3727 3659 3656
f 3728 3619 3729
f 3730 3731 3695
f 3729 3732 3728
f 3733 3732 3729
f 3734 3725 3548
f 3548 3551 3734
f 3735 3736 3659
f 3724 3715 3714
f 3735 3737 3736
f 3738 3609 3725
f 3734 3739 3725
f 3727 3656 3651
f 3740 3741 3742
f 3732 3733 3743
f 3732 3743 3744
f 3745 3704 3703
f 3746 3744 3743
f 3707 3747 3745
f 3742 3748 3749
f 3750 3669 3728
f 3751 3752 3753
f 3716 3700 3701
f 3715 3700 3716
f 3701 3754 3716
f 3728 3732 3755
f 3750 3728 3755
f 3756 3704 3745
f 3747 3756 3745
f 3750 3755 3757
f 3704 3756 3758
f 3755 3732 3744
f 3745 3703 3707
f 3707 3694 3696
f 3696 3747 3707
f 3731 3747 3696
f 3735 3659 3727
f 3731 3696 3695
f 3619 3620 3729
f 3759 3760 3761
f 3729 3620 3622
f 3715 3724 3700
f 3729 3622 3733
f 3762 3756 3747
f 3762 3747 3763
f 3733 3622 3764
f 3622 3625 3764
f 3762 3763 3765
f 3766 3767 3768
f 3649 3619 3728
f 3769 3747 3770
f 3649 3728 3669
f 3769 3763 3747
f 3747 3731 3770
f 3770 3731 3771
f 3726 3653 3463
f 3761 3760 3768
f 3772 3768 3760
f 3771 3731 3730
f 3771 3730 3773
f 3571 3774 3734
f 3746 3775 3744
f 3776 3461 3460
f 3777 3774 3571
f 3572 3777 3571
f 3461 3776 3778
f 3756 3762 3758
f 3734 3551 3571
f 3778 3776 3779
f 3775 3780 3755
f 3781 3782 3783
f 3762 3765 3758
f 3776 3460 3484
f 3780 3757 3755
f 3642 3628 3641
f 3755 3744 3775
f 3344 3686 3784
f 3483 3785 3642
f 3786 3344 3346
f 3684 3642 3785
f 3779 3787 3778
f 3788 3789 3780
f 3779 3790 3787
f 3344 3786 3686
f 3789 3791 3780
f 3788 3780 3775
f 3792 3788 3775
f 3684 3785 3693
f 3670 3779 3776
f 3346 3624 3786
f 3793 3788 3792
f 3794 3693 3785
f 3795 3792 3775
f 3792 3795 3796
f 3794 3797 3693
f 3676 3786 3624
f 3676 3686 3786
f 3798 974 944
f 3785 3799 3794
f 3685 3800 3686
f 3509 3514 3801
f 723 981 986
f 3802 3794 3803
f 3514 3503 3804
f 3805 3797 3794
f 3802 3805 3794
f 3695 3693 3797
f 861 3806 3807
f 3797 3730 3695
f 3808 3809 3810
f 3730 3797 3805
f 3808 3811 3809
f 3724 3800 3685
f 3812 3813 3814
f 3804 3801 3514
f 3815 3816 3817
f 3802 3818 3805
f 3344 3784 3448
f 3804 3819 3801
f 3820 3821 3822
f 3730 3805 3823
f 3824 3825 3826
f 3826 3827 3828
f 3651 3829 3727
f 3483 3482 3785
f 3828 3824 3826
f 3785 3482 3799
f 3830 3815 3817
f 3831 3832 3779
f 3815 3830 3833
f 3832 3834 3790
f 3818 3823 3805
f 3790 3779 3832
f 3823 3818 3835
f 3803 3794 3799
f 3823 3773 3730
f 3836 3837 3828
f 3838 3832 3831
f 3839 3834 3840
f 3841 3802 3842
f 3818 3802 3841
f 3834 3832 3840
f 3832 3838 3840
f 3835 3818 3841
f 3843 3844 3845
f 3846 3847 3714
f 3501 3482 3470
f 3482 3501 3799
f 3848 3843 3849
f 3850 3851 3807
f 3852 853 3851
f 3713 3846 3714
f 3853 3613 3854
f 3855 3852 3851
f 3856 3847 3846
f 3857 3852 3855
f 3857 3858 3852
f 3494 3859 3501
f 3860 3856 3846
f 3860 3846 3713
f 3861 3682 3681
f 3862 3501 3859
f 3769 3863 3763
f 3862 3799 3501
f 3863 3769 3770
f 3815 3864 3816
f 3803 3799 3862
f 3770 3865 3863
f 3861 3712 3866
f 3861 3681 3712
f 3867 3816 3864
f 3868 3865 3770
f 3869 3870 3867
f 3773 3868 3771
f 3869 3871 3870
f 3857 3845 3858
f 3770 3771 3868
f 3682 3804 3503
f 3871 3872 3857
f 3869 3872 3871
f 3859 3494 3873
f 3874 3865 3868
f 3682 3861 3804
f 3868 3875 3876
f 3862 3859 3877
f 3804 3861 3878
f 3874 3868 3876
f 3879 3880 3881
f 3880 3879 3882
f 3883 3884 3856
f 3883 3856 3860
f 3885 3880 3886
f 3885 3887 3880
f 3888 3889 3890
f 3802 3803 3891
f 3892 3883 3893
f 3891 3803 3862
f 3804 3878 3894
f 3895 3881 3887
f 3819 3804 3894
f 3833 3864 3815
f 3842 3802 3891
f 3877 3859 3896
f 3897 3867 3864
f 3898 3899 3900
f 3901 3900 3899
f 3897 3864 3833
f 3713 3902 3860
f 3891 3862 3877
f 3903 3897 3904
f 3903 3905 3897
f 3869 3867 3905
f 3906 3869 3905
f 3907 3902 3908
f 3860 3902 3907
f 3896 3842 3877
f 3891 3877 3842
f 3909 3869 3906
f 3901 3910 3900
f 3907 3911 3860
f 3905 3867 3897
f 3912 3894 3878
f 3913 3910 3901
f 3914 3910 3913
f 3712 3605 3606
f 3915 3907 3916
f 3866 3712 3606
f 3898 3765 3763
f 3853 3606 3613
f 3898 3763 3863
f 3842 3917 3841
f 3918 3872 3869
f 3909 3918 3869
f 3899 3898 3863
f 3899 3863 3901
f 3918 3849 3872
f 3853 3866 3606
f 3898 3758 3765
f 3896 3919 3842
f 3901 3863 3913
f 3863 3865 3913
f 3919 3917 3842
f 3918 3920 3921
f 3865 3922 3913
f 3923 3909 3906
f 3922 3865 3924
f 3923 3918 3909
f 3874 3924 3865
f 3854 3866 3853
f 3925 3926 3927
f 3911 3883 3860
f 3893 3883 3911
f 3928 3929 3930
f 3911 3907 3915
f 3912 3878 3861
f 3861 3866 3912
f 3931 3932 3933
f 3934 3914 3935
f 3936 3914 3934
f 3937 3892 3893
f 3321 3937 3893
f 3938 3912 3866
f 3911 3321 3893
f 3939 3940 3941
f 3942 3943 3944
f 3944 3945 3946
f 3927 3947 3925
f 3945 3944 3943
f 3351 3934 3935
f 3866 3854 3938
f 3911 3915 3948
f 3915 3916 3948
f 3949 3945 3943
f 3950 3926 3925
f 3950 3928 3926
f 3910 3914 3936
f 3950 3951 3928
f 3951 3952 3929
f 3910 3936 3953
f 3954 3910 3953
f 3954 3953 3329
f 3949 3955 3956
f 3957 3819 3894
f 3940 3939 3958
f 3948 3322 3321
f 3959 3948 3916
f 3936 3934 3953
f 3917 3919 3960
f 3934 3961 3953
f 3962 3963 3964
f 3965 3819 3957
f 3963 3966 3964
f 3966 3963 3967
f 3329 3953 3961
f 3351 3961 3934
f 3894 3968 3957
f 3961 3351 3347
f 3967 3969 3966
f 3961 3347 3329
f 3945 3970 3962
f 3894 3912 3968
f 3914 3913 3922
f 3935 3922 3924
f 3946 3945 3962
f 3971 3972 3960
f 3973 3963 3970
f 3935 3914 3922
f 3973 3967 3963
f 3973 3970 3974
f 3975 3711 3976
f 3949 3974 3945
f 3974 3970 3945
f 3977 3924 3874
f 3949 3978 3974
f 3974 3978 3979
f 3976 3980 3975
f 3352 3924 3403
f 3981 3957 3968
f 3352 3351 3935
f 3982 3976 3711
f 3352 3935 3924
f 3982 3711 3710
f 3983 3984 3985
f 3924 3977 3411
f 3411 3403 3924
f 3981 3968 3986
f 3987 3988 3989
f 3402 3403 3411
f 3990 3912 3938
f 3982 3980 3976
f 3835 3991 3823
f 3992 3940 3958
f 3980 3982 3993
f 3994 3995 3996
f 3997 3991 3835
f 3993 3982 3998
f 3999 3980 3993
f 3991 3997 4000
f 4001 4002 4003
f 4004 4000 3997
f 3773 3823 3991
f 3982 3710 3721
f 3773 3991 3875
f 4005 3982 3721
f 4006 4007 4008
f 4009 3990 3938
f 3875 3868 3773
f 4008 4007 4010
f 3876 3875 3991
f 4008 4010 4011
f 3876 3991 4000
f 4011 4012 4008
f 4008 4012 4013
f 4014 3876 4000
f 4009 4015 3990
f 4016 4017 4018
f 3990 4015 4019
f 4020 4021 4022
f 4023 946 4024
f 4018 4017 4025
f 4026 4024 933
f 4024 946 933
f 4027 4023 4024
f 4005 3721 4016
f 3841 4028 3835
f 3968 3912 3990
f 4029 4027 4024
f 4028 3841 3917
f 3835 4028 3997
f 4024 4026 4030
f 4029 4024 4030
f 3997 4028 4004
f 4031 4016 4018
f 4032 4033 3798
f 4019 3968 3990
f 3982 4005 3998
f 4028 3917 3960
f 3972 4028 3960
f 4004 4028 4034
f 4035 4036 4037
f 4030 4026 4038
f 4039 4040 4030
f 4035 4037 4041
f 4042 3993 3998
f 4039 4030 4038
f 4043 4040 4039
f 4034 4044 4004
f 4034 4028 3972
f 3998 4005 4045
f 4046 4047 4048
f 4049 4048 4047
f 4050 4046 4035
f 4034 3972 4051
f 3328 3338 4052
f 4051 3972 3971
f 4053 3320 4054
f 4005 4031 4045
f 4055 4047 4050
f 3320 4053 3378
f 3337 3386 3338
f 4047 4046 4050
f 4052 3338 3386
f 3874 3876 4014
f 4014 3977 3874
f 4005 4016 4031
f 4052 3386 4056
f 469 472 4057
f 4042 3999 3993
f 3469 4058 3386
f 936 469 4059
f 4059 469 4057
f 3998 4060 4042
f 3561 4042 4060
f 4061 4058 3469
f 4014 4000 4044
f 4060 3998 4045
f 3472 4061 3469
f 3977 4014 3412
f 4056 3386 4058
f 472 492 4057
f 4062 4056 4058
f 4063 4064 3566
f 3497 3472 3389
f 3535 4014 4044
f 3561 4063 3566
f 492 498 4065
f 3535 3412 4014
f 3534 3412 3535
f 4066 492 4065
f 4067 4061 4068
f 4044 4000 4004
f 4044 4034 4051
f 4069 3657 3662
f 4062 4058 4070
f 4070 4058 4067
f 4057 4071 4059
f 4058 4061 4067
f 4057 492 4066
f 4072 4069 3662
f 4059 4071 4073
f 4074 4070 4067
f 4066 4071 4057
f 4075 3660 3669
f 4076 4051 3971
f 4077 4071 4066
f 3497 4061 3472
f 3662 3660 4075
f 4076 3545 4051
f 4066 4065 3359
f 3497 4068 4061
f 4078 3662 4075
f 3552 4044 4051
f 4078 4072 3662
f 4079 4080 4081
f 4082 4078 4075
f 4051 3545 3552
f 4073 4071 4077
f 3552 3545 3544
f 3776 3484 3670
f 4078 4082 4083
f 4072 4078 4083
f 3552 3535 4044
f 4084 4072 4083
f 4077 4066 3359
f 3977 3412 3411
f 4077 3359 3358
f 4085 4067 4068
f 4083 4086 4084
f 4087 4081 4073
f 4067 4085 4074
f 4073 4077 4087
f 3670 3668 4088
f 3494 3495 4089
f 4076 3406 3545
f 4087 4077 3638
f 3545 3406 4090
f 4068 3497 4091
f 3638 4077 3358
f 4089 3873 3494
f 3509 4091 3497
f 3937 4092 4093
f 4089 4094 3873
f 3699 4089 3495
f 4095 4096 4097
f 3374 3937 3321
f 3699 4094 4089
f 4098 4092 3937
f 4099 4100 4101
f 4085 4068 4091
f 4102 4101 4103
f 4104 4105 4106
f 3374 4098 3937
f 4102 4105 4101
f 3452 3454 4098
f 4105 4102 4106
f 3383 4098 3374
f 3383 3452 4098
f 4094 3699 4107
f 4069 4107 3699
f 4097 4104 4095
f 4108 3779 3670
f 4097 4055 4050
f 4109 4110 4111
f 4088 4108 3670
f 3873 4094 4112
f 4113 4104 4114
f 4115 4095 4104
f 4085 4091 4116
f 4095 4115 4117
f 4118 4112 4094
f 4119 4085 4116
f 4119 4120 4085
f 4094 4107 4118
f 4115 4113 4121
f 4122 4112 4118
f 4115 4123 4117
f 4124 4123 4115
f 4124 4115 4121
f 4087 4125 4081
f 3896 3859 3873
f 4112 3896 3873
f 4085 4120 4074
f 4087 3318 4125
f 4069 3699 3657
f 3637 4087 3638
f 4126 4074 4120
f 3638 3358 3391
f 4127 4128 4088
f 4129 4107 4069
f 4069 4072 4129
f 4120 4119 4130
f 4120 4130 4131
f 3318 4087 3319
f 3319 4087 3637
f 4126 4120 4131
f 4129 4118 4107
f 3319 3637 3661
f 4065 4132 3359
f 4129 4072 4084
f 4133 3509 3801
f 4133 4091 3509
f 4091 4133 4116
f 3359 4132 3316
f 4122 4118 4134
f 498 683 4065
f 4134 4135 4122
f 4133 4136 4116
f 4132 4065 683
f 4133 3801 3819
f 683 684 690
f 4108 3831 3779
f 4122 3896 4112
f 3316 4132 683
f 4108 4088 4137
f 4088 4128 4137
f 4108 4137 3831
f 3316 683 690
f 4122 3919 3896
f 690 688 3315
f 4138 4130 4119
f 700 3315 688
f 4138 4119 4116
f 4122 4135 3919
f 3919 4135 4139
f 3315 700 705
f 4137 4140 3838
f 4140 4141 3838
f 4137 4128 4142
f 4143 4118 4129
f 4134 4118 4143
f 4084 4143 4129
f 4131 4130 4144
f 4131 4144 4145
f 3342 4143 4084
f 4130 4138 4146
f 4144 4130 4146
f 4137 4142 4147
f 4148 4134 4143
f 4148 4135 4134
f 4145 4144 4149
f 4143 3341 4148
f 4150 4145 4149
f 4136 4138 4116
f 3342 3341 4143
f 4151 4138 4136
f 4152 3750 3757
f 3757 4153 4152
f 3819 3965 4133
f 4136 4133 3965
f 3965 4151 4136
f 4146 4138 4151
f 3669 3750 4082
f 4154 4146 4151
f 4082 4075 3669
f 3750 4152 4082
f 3981 4155 3965
f 4155 4151 3965
f 4155 4154 4151
f 4082 4156 4157
f 4156 4158 4157
f 4082 4157 4083
f 4144 4146 4159
f 4149 4144 4159
f 4157 4086 4083
f 4146 4154 4159
f 4158 4086 4157
f 4156 4082 4152
f 4160 4156 4152
f 4161 4149 4159
f 4150 4149 4161
f 4162 4158 4156
f 4162 4156 4160
f 3757 3780 4153
f 3957 3981 3965
f 4090 3543 3545
f 4163 3543 4090
f 3791 4153 3780
f 4153 3791 4164
f 4153 4164 4165
f 3405 4090 3406
f 4152 4153 4160
f 4090 3405 4163
f 4153 4166 4160
f 4153 4165 4166
f 3546 3543 4167
f 3546 4167 3599
f 4164 4168 4165
f 4163 4167 3543
f 3433 4167 4163
f 4084 4086 3342
f 4169 4086 4158
f 3342 4086 4169
f 3405 3428 4163
f 3433 4163 3428
f 4158 4162 4169
f 4162 4160 4166
f 4162 4166 4170
f 4171 4167 3433
f 4172 3598 4171
f 4169 3340 3342
f 4172 4171 4173
f 4170 4169 4162
f 4174 4172 4173
f 4175 4169 4170
f 4171 3599 4167
f 4166 4165 4176
f 3598 3599 4171
f 4177 4166 4176
f 3854 3613 3598
f 4168 4178 4165
f 4172 3854 3598
f 4165 4178 4176
f 4179 4176 4178
f 4177 4176 4179
f 4179 4178 4180
f 3433 3429 3446
f 4181 3433 3446
f 4182 4177 4179
f 4179 4180 4182
f 4173 4171 3433
f 4177 4170 4166
f 4173 3433 4181
f 4174 4173 4183
f 4173 4181 4183
f 4181 3446 3449
f 4177 4175 4170
f 4184 4175 4177
f 4181 3449 4183
f 4185 3854 4172
f 3919 4139 3960
f 4139 4186 3960
f 4174 4185 4172
f 4148 4187 4135
f 4135 4187 4139
f 3971 4186 4188
f 3971 3960 4186
f 4186 4139 4189
f 4188 4186 4189
f 4190 3938 3854
f 4139 4187 4189
f 4190 3854 4185
f 4174 4183 4191
f 4183 3449 4192
f 4193 4148 3341
f 4192 4191 4183
f 3362 4193 3341
f 4194 4191 4192
f 4195 4191 4194
f 3349 3362 3341
f 4196 4191 4195
f 4148 4193 4187
f 4187 4193 4189
f 4191 4185 4174
f 4197 4189 4193
f 4191 4196 4185
f 4188 4076 3971
f 4196 4198 4185
f 3406 4076 4188
f 4190 4185 4198
f 4009 4190 4198
f 4197 4188 4189
f 4199 4188 4197
f 4200 4198 4201
f 4196 4195 4202
f 3406 4188 4199
f 4199 4197 3415
f 4196 4203 4198
f 4199 3404 3406
f 4198 4203 4201
f 4204 4193 3362
f 4203 4196 4202
f 3370 4204 3362
f 4203 4202 4205
f 4205 4201 4203
f 3415 4197 4204
f 4193 4204 4197
f 4206 4205 4202
f 4201 4205 4207
f 4204 3414 3415
f 3404 4199 3415
f 3414 4204 3370
f 4009 3938 4190
f 3349 3340 4208
f 3340 4169 4175
f 4175 4208 3340
f 4015 4009 4200
f 4208 4175 4209
f 4200 4009 4198
f 4208 3361 3349
f 3361 4208 4209
f 4210 4200 4201
f 3550 4192 3449
f 4194 4192 3550
f 3553 4211 3550
f 3550 4211 4194
f 4184 4209 4175
f 4211 4195 4194
f 4212 4211 3553
f 4212 3553 3562
f 4212 4213 4211
f 4213 4212 4214
f 4195 4211 4213
f 4182 4184 4177
f 4202 4195 4213
f 4215 4182 4216
f 4215 4184 4182
f 4206 4202 4213
f 4209 4184 4215
f 4214 4206 4213
f 4217 3361 4209
f 4217 4209 4215
f 4218 4212 3562
f 4218 4214 4212
f 4219 4217 4215
f 4218 3562 3594
f 4215 4216 4220
f 4220 3331 4215
f 4205 4206 4221
f 4221 4206 4214
f 4217 3379 3361
f 3390 3379 4217
f 4219 4215 3331
f 4222 4214 4218
f 3390 4217 4219
f 4222 4221 4214
f 4219 3331 3327
f 3390 3327 3326
f 4218 3594 4222
f 3327 3390 4219
f 4222 3594 3612
f 4223 3933 4224
f 4225 4226 4227
f 4228 4227 4229
f 4229 4227 4230
f 4231 4232 4233
f 4233 4232 4234
f 4230 4235 4229
f 4233 4234 4236
f 4237 4223 4236
f 4238 4239 4240
f 4235 4241 4229
f 4242 4239 4238
f 4243 4241 4244
f 4245 4246 4247
f 4248 4240 4249
f 4250 4247 4246
f 4240 4248 4238
f 4248 4249 4251
f 3318 3317 4252
f 4250 4253 4247
f 4246 4254 4250
f 3920 4255 4256
f 4255 4257 4256
f 4257 4231 4256
f 4258 4253 4259
f 4260 4258 4261
f 4262 3319 3661
f 4259 4261 4258
f 4263 4264 3724
f 4265 4262 3661
f 4262 3317 3319
f 4266 3317 4262
f 4259 4253 4250
f 4259 4267 4261
f 4268 4257 4269
f 4251 4249 3317
f 4251 3317 4270
f 4271 4231 4257
f 4272 4250 4254
f 4270 3317 4266
f 4266 4262 4273
f 4268 4271 4257
f 4274 4266 4273
f 4274 4270 4266
f 4275 4271 4268
f 4231 4271 4232
f 4259 4250 4267
f 4271 4275 4232
f 4232 4275 4276
f 4277 4267 4250
f 4267 4277 3748
f 4265 4273 4262
f 4278 4265 4279
f 4265 4278 4273
f 4272 4277 4250
f 4232 4276 4234
f 4280 4254 4244
f 4281 4280 4244
f 4282 4235 4230
f 4230 4283 4282
f 4275 4268 4284
f 4226 4230 4227
f 4230 4226 4285
f 4286 4287 4288
f 4289 4290 4288
f 4289 4288 4287
f 4287 4291 4289
f 4291 4287 4292
f 4273 4278 4293
f 4283 4230 4285
f 4294 4275 4284
f 4295 4296 4297
f 4282 4241 4235
f 4297 4292 4287
f 4297 4287 4286
f 4295 4297 4298
f 4275 4294 4299
f 4244 4241 4282
f 4296 4292 4297
f 4299 4276 4275
f 4281 4244 4282
f 4300 4301 4290
f 4293 4302 3690
f 4293 3690 3516
f 4300 3754 4301
f 4226 4303 4285
f 4304 4285 4303
f 4305 4276 4299
f 4276 4305 4306
f 4304 4283 4285
f 4225 4242 4238
f 4237 4236 4234
f 4289 4300 4290
f 4307 4281 4282
f 4308 4300 4289
f 4309 4307 4282
f 4248 4310 4238
f 4311 4312 4313
f 4291 4312 4311
f 4309 4282 4283
f 4314 4309 4283
f 4315 4289 4291
f 3931 4223 4237
f 4316 4225 4238
f 4311 4315 4291
f 3931 3933 4223
f 4317 4316 4238
f 4296 4312 4292
f 4312 4296 4313
f 4272 4254 4280
f 4318 4316 4317
f 4306 4237 4234
f 4291 4292 4312
f 4234 4276 4306
f 3931 4237 4306
f 4310 4317 4238
f 3754 4300 4319
f 4272 4280 4320
f 4317 4310 4318
f 4319 3716 3754
f 4251 4321 4248
f 4322 3931 4306
f 4320 4277 4272
f 4323 3716 4319
f 4324 4277 4320
f 4310 4248 4321
f 4325 3748 4277
f 4325 4277 4324
f 4281 4326 4280
f 4251 4270 4274
f 4323 3717 3716
f 4274 4327 4251
f 4321 4251 4327
f 4324 4320 4328
f 4329 3717 4323
f 4328 4320 4280
f 4329 3902 3717
f 4326 4328 4280
f 4323 4319 4330
f 3931 4322 3932
f 4331 4330 4319
f 4331 4319 4300
f 4327 3512 4321
f 4330 4329 4323
f 3742 3741 4261
f 3335 4321 3512
f 4331 4300 4308
f 4328 4325 4324
f 4332 4325 4328
f 4333 4331 4308
f 4333 4334 4331
f 4335 4336 4337
f 4326 4281 4307
f 4333 4338 4334
f 4225 4339 4242
f 4313 3706 3704
f 4226 4316 4318
f 4226 4225 4316
f 4313 3704 3758
f 4303 4226 4318
f 4303 4318 4340
f 4308 4289 4315
f 4318 4310 4341
f 4318 4341 4342
f 4313 4343 4311
f 4267 3742 4261
f 4335 3740 4336
f 4315 4311 4343
f 4344 4336 3740
f 3749 3740 3742
f 4304 4303 4340
f 4267 3748 3742
f 4345 4304 4340
f 4346 3740 3749
f 4340 4318 4342
f 4346 4344 3740
f 4313 3758 4347
f 4343 4313 4347
f 3898 4347 3758
f 4340 4342 4348
f 4349 3749 3748
f 3752 3749 4349
f 4350 4348 4342
f 4308 4315 4351
f 4352 4349 3748
f 4353 4354 4336
f 4336 4355 4353
f 4343 4351 4315
f 4351 4343 4356
f 3752 4346 3749
f 4333 4308 4351
f 4351 4356 4333
f 3752 4344 4346
f 4310 4321 3334
f 3334 4321 3335
f 3753 3752 4349
f 4356 4343 4347
f 4357 4358 4359
f 3751 4344 3752
f 4347 4360 4356
f 4352 3748 4325
f 4360 4347 4361
f 4349 4352 3753
f 4341 4310 3334
f 4356 4338 4333
f 4338 4356 4360
f 3381 4341 3334
f 4341 3381 4350
f 4332 4352 4325
f 3753 4352 3751
f 4344 4355 4336
f 4359 4353 4355
f 4362 3751 4352
f 4350 4342 4341
f 4363 3751 3930
f 3942 3944 4355
f 4359 3946 4357
f 4314 4283 4304
f 4364 4314 4304
f 3946 4359 3944
f 3944 4359 4355
f 4365 4314 4364
f 4364 4366 4365
f 3368 4350 3369
f 4340 4367 4368
f 4309 4314 4365
f 4368 4345 4340
f 3759 4307 4309
f 4364 4304 4345
f 4368 4364 4345
f 4309 4369 3759
f 4369 4309 4365
f 3942 4355 4344
f 4367 3376 4368
f 4367 3373 3376
f 4348 3368 4340
f 4367 4340 3368
f 4370 4364 3375
f 3368 4348 4350
f 4370 4366 4364
f 3371 4367 3368
f 3375 4366 4370
f 3751 3942 4344
f 3373 4367 3371
f 4366 3375 4371
f 3373 3371 3367
f 4369 4365 4366
f 3373 3377 3376
f 3782 4369 3783
f 3447 3377 3373
f 3783 4369 4366
f 4371 3783 4366
f 4328 4326 3759
f 3751 4363 3942
f 3761 4328 3759
f 3955 3942 4363
f 4372 4373 4263
f 3955 3943 3942
f 3369 4350 3381
f 3714 3847 4263
f 3761 4332 4328
f 3369 3382 3367
f 3847 4372 4263
f 3943 3955 3949
f 3382 3336 3574
f 4332 3761 3767
f 3767 4374 4332
f 3761 3768 3767
f 4307 3759 4326
f 3715 3717 3713
f 3940 3956 3941
f 3949 3956 3940
f 3759 4369 3760
f 3458 3401 4375
f 3772 3760 4369
f 3782 3772 4369
f 4376 3847 3856
f 3400 3399 3398
f 4377 3400 3398
f 4263 3724 3714
f 4375 3400 4377
f 3400 4375 3401
f 3448 4371 3375
f 3784 4371 3448
f 4375 4377 4378
f 3784 3783 4371
f 3632 3474 3473
f 3686 3781 3784
f 3407 4377 3398
f 3407 4379 4377
f 4380 4381 4382
f 3407 3409 4379
f 3781 3783 3784
f 3966 4382 4381
f 4358 4383 4384
f 4384 4383 4385
f 4385 4386 4384
f 4358 4357 4383
f 4387 4377 4379
f 4378 4377 4387
f 3800 3781 3686
f 4388 4378 4387
f 3847 4376 4372
f 4357 4381 4383
f 4389 3766 3768
f 4387 4379 4390
f 4389 3947 3766
f 4391 4387 4390
f 3768 4392 4389
f 4391 4390 4393
f 4394 4389 4392
f 4381 4385 4383
f 4381 4380 4385
f 4395 4387 4391
f 4391 4396 4395
f 4376 3856 3884
f 4397 3772 3782
f 4398 4395 4396
f 4398 4396 3687
f 4396 4391 4393
f 3884 4399 4376
f 4397 3768 3772
f 3688 3687 4396
f 4392 3768 4397
f 3800 3782 3781
f 3634 4398 3435
f 3634 3435 3632
f 3800 4397 3782
f 4381 3962 3964
f 4400 4401 4399
f 3632 3431 3474
f 4357 3946 3962
f 3962 4381 4357
f 3431 3632 3435
f 4394 4392 4397
f 3435 3687 3423
f 4394 4397 3800
f 4402 4403 4399
f 3435 4398 3687
f 4402 4399 3884
f 4381 3964 3966
f 3724 4264 3800
f 4264 4394 3800
f 4264 4263 4394
f 3884 3892 4402
f 3376 4364 4368
f 3401 3458 3457
f 3375 4364 3376
f 4382 4404 4380
f 3375 3377 3448
f 4405 4404 4382
f 3883 3892 3884
f 4406 4407 4405
f 4284 4408 4407
f 4407 4408 4404
f 4409 4294 4284
f 4409 4284 4407
f 4406 4409 4407
f 3713 3717 3902
f 4274 4273 3506
f 3506 4273 4293
f 3505 4274 3506
f 4382 3966 4405
f 3512 4327 4274
f 3512 4274 3505
f 3966 4410 4405
f 4329 3908 3902
f 3510 3512 3505
f 4410 4406 4405
f 3506 4293 3507
f 3507 4293 3516
f 3507 3510 3505
f 4410 3969 4411
f 4362 4352 4412
f 4374 4352 4332
f 4352 4374 4412
f 4410 4413 4406
f 4414 4330 4331
f 4414 4329 4330
f 3512 3511 3335
f 4413 4409 4406
f 4414 4331 4334
f 4415 4412 4374
f 4416 3908 4414
f 4414 3908 4329
f 4411 4413 4410
f 4415 4362 4412
f 3510 3507 3516
f 3528 3510 3516
f 3930 3751 4362
f 3985 4413 3983
f 4417 4334 4338
f 4334 4418 4414
f 3985 4419 4413
f 4417 4418 4334
f 3983 4413 4411
f 4420 4417 4338
f 3690 3517 3516
f 4410 3966 3969
f 4415 4374 3767
f 4421 4417 4420
f 4421 4418 4417
f 3766 4415 3767
f 3766 3927 4415
f 3970 3963 3962
f 3528 3516 3515
f 3947 3927 3766
f 4416 3916 3908
f 3926 4415 3927
f 4422 3916 4416
f 3528 3515 3524
f 3930 4362 3928
f 4362 3926 3928
f 4415 3926 4362
f 3908 3916 3907
f 4423 3900 3910
f 4363 3956 3955
f 4418 4416 4414
f 3973 3969 3967
f 3511 3527 3335
f 3956 4363 3941
f 4422 4416 4418
f 3941 4363 3930
f 3336 3335 3531
f 3335 3527 3531
f 4420 4423 4424
f 3527 3511 3510
f 4425 3527 3528
f 3929 3941 3930
f 4424 4423 3954
f 4425 3530 3527
f 3910 3954 4423
f 4361 4347 3898
f 4426 3941 3929
f 4426 3929 3952
f 3574 3336 3531
f 3941 4426 3939
f 3973 3974 4427
f 3531 3629 3574
f 4428 3925 3947
f 3947 4389 4428
f 4428 4389 4394
f 4361 3898 3900
f 3950 3925 4428
f 3900 4423 4361
f 3530 3524 3536
f 3951 3929 3928
f 4338 4360 4420
f 4423 4360 4361
f 3524 4425 3528
f 4420 4360 4423
f 3530 4425 3524
f 4373 4428 4394
f 4373 3950 4428
f 4411 4429 3983
f 4373 4430 3950
f 3892 3937 4093
f 3948 3321 3911
f 3984 3983 4429
f 3539 3530 3536
f 4372 3950 4430
f 4372 3951 3950
f 4430 4373 4372
f 3984 4002 4431
f 4263 4373 4394
f 3536 3549 3539
f 3536 3525 3549
f 3973 4411 3969
f 3525 3522 3980
f 4432 4426 3952
f 4411 4433 4429
f 3525 3980 3999
f 3916 4422 4434
f 4433 4411 3973
f 4434 3959 3916
f 4427 4433 3973
f 4432 3939 4426
f 3556 3525 3999
f 3995 4433 4427
f 4432 3952 3951
f 3994 4433 3995
f 4435 3954 3329
f 3555 3525 3556
f 3556 3999 4042
f 4429 4433 4002
f 3951 4372 4432
f 3959 4436 3324
f 3948 3959 3322
f 3557 3556 4042
f 4376 4432 4372
f 4002 3984 4429
f 3324 3322 3959
f 3549 3525 3555
f 4401 3939 4432
f 4399 4432 4376
f 4437 3329 3328
f 4401 4432 4399
f 4294 4409 4438
f 3557 4042 3561
f 4438 4299 4294
f 3520 3708 3975
f 4438 4305 4299
f 4438 4439 4305
f 3711 3975 3708
f 4439 4440 4305
f 3522 3520 3975
f 4441 4442 4443
f 4409 4413 4419
f 4419 4438 4409
f 3584 4442 3585
f 3581 3585 4442
f 3584 4443 4442
f 3980 3522 3975
f 4419 3985 4444
f 4419 4444 4445
f 4438 4419 4439
f 3583 4446 3584
f 4445 4439 4419
f 4447 4439 4445
f 4443 3584 4446
f 4443 4446 4448
f 4449 4440 4439
f 4439 4447 4449
f 4448 4446 4450
f 4045 4031 4451
f 4450 4446 4452
f 4305 4453 4306
f 4448 4450 4454
f 4306 4453 4322
f 4455 4446 3608
f 3583 3608 4446
f 4440 4453 4305
f 4446 4455 4452
f 4452 4455 3610
f 3610 4455 3608
f 3561 4060 4063
f 3625 3617 4456
f 4063 4045 4064
f 4063 4060 4045
f 4457 4458 4322
f 3629 3531 3532
f 4458 4459 4322
f 3629 3578 3574
f 4440 4460 4453
f 4457 4322 4453
f 4440 4449 4460
f 4457 4453 4460
f 4457 4461 4458
f 3409 4442 4441
f 3409 3581 4442
f 3409 4441 4379
f 4379 4441 4390
f 3984 4444 3985
f 4441 4462 4390
f 4443 4463 4441
f 4462 4441 4463
f 4462 4463 4464
f 4465 4445 4444
f 4462 4464 4466
f 3987 4445 4465
f 4464 4467 4466
f 4468 4469 4467
f 4468 4467 4470
f 4468 3591 3671
f 3671 3678 4468
f 4469 4468 3678
f 3987 4447 4445
f 4390 4462 4393
f 4466 4393 4462
f 3984 4431 4444
f 4393 4466 4471
f 4471 4396 4393
f 4396 4471 3688
f 4465 4444 4431
f 4472 4418 4421
f 4424 4421 4420
f 4472 4422 4418
f 4421 4473 4472
f 4421 4424 4473
f 4471 4466 4467
f 4471 4467 4469
f 4469 3688 4471
f 3678 3688 4469
f 4465 4474 3987
f 4463 4443 4448
f 4464 4463 4448
f 3987 4449 4447
f 4475 4422 4472
f 4454 4464 4448
f 4454 4476 4464
f 3987 3989 4449
f 4476 4467 4464
f 4476 4470 4467
f 4475 4434 4422
f 4476 4477 4470
f 4475 4478 4479
f 4472 4473 4475
f 4424 4480 4473
f 4481 4476 4454
f 4473 4480 4475
f 4482 4476 4481
f 4424 3954 4435
f 4477 3600 3591
f 4477 3591 4468
f 3600 4456 3617
f 4477 4456 3600
f 4480 4424 4435
f 4460 4449 3989
f 4470 4477 4468
f 3989 4457 4460
f 4478 4475 4480
f 4477 4476 4482
f 4456 4477 4482
f 4481 3718 4482
f 4436 3959 4434
f 4456 4483 3625
f 4434 4484 4436
f 4479 4434 4475
f 4434 4479 4485
f 4486 4479 4478
f 4484 4434 4485
f 3989 4487 4457
f 4435 3329 4437
f 4487 4461 4457
f 3610 4488 4452
f 3609 4488 3610
f 4478 4480 4489
f 3738 4488 3609
f 4480 4435 4489
f 4489 4486 4478
f 4488 3738 4490
f 4435 4437 4489
f 4454 4450 3718
f 4479 4486 4485
f 3989 4491 4487
f 4450 4452 4490
f 4488 4490 4452
f 3718 4450 4490
f 3718 4490 3719
f 4483 3764 3625
f 3720 3764 4483
f 4490 3738 4492
f 4487 4491 4493
f 4494 4493 4491
f 4495 3720 3719
f 4495 3764 3720
f 3719 4490 4492
f 3719 4492 4496
f 4496 4495 3719
f 4495 4497 3764
f 4497 4495 4496
f 4492 3738 3739
f 3940 3978 3949
f 3979 3978 3940
f 3992 3979 3940
f 3739 3738 3725
f 3979 3996 3974
f 4400 4399 4403
f 3974 3996 4427
f 3996 3995 4427
f 4403 4498 4400
f 4499 3743 3733
f 4500 4400 4498
f 3743 4499 3746
f 4499 3733 3764
f 4501 3996 3979
f 4498 4502 4500
f 4499 3764 4497
f 3739 3734 3774
f 3979 3992 4503
f 3892 4093 4402
f 4492 3739 4504
f 4093 4403 4402
f 4504 3739 3774
f 4093 4092 4498
f 3775 3746 3795
f 4093 4498 4403
f 4505 3992 3958
f 3774 3777 4506
f 4092 4502 4498
f 4507 4504 4506
f 4506 4504 3774
f 4507 4506 4508
f 4501 3979 4503
f 4509 4502 4092
f 4510 3996 4501
f 4509 4092 3454
f 4492 4504 4507
f 4492 4511 4496
f 4511 4492 4507
f 4510 4501 4512
f 4509 4513 4502
f 3746 4499 4514
f 4496 4511 4497
f 4514 4497 4511
f 4499 4497 4514
f 4509 3454 3453
f 3645 4509 3453
f 4511 4507 4515
f 4002 4433 3994
f 4515 4507 4508
f 3746 4514 4516
f 4516 4514 4515
f 4516 3796 3746
f 4508 4516 4515
f 4515 4514 4511
f 3746 3796 3795
f 4481 4454 3718
f 4431 4002 4001
f 4001 4003 4431
f 4482 4483 4456
f 4482 3720 4483
f 4092 4098 3454
f 3720 4482 3718
f 3996 4510 3994
f 4517 3994 4510
f 4517 4518 3994
f 3798 944 4032
f 4519 4517 4512
f 4519 4518 4517
f 4512 4517 4510
f 974 3798 3809
f 4002 4518 4003
f 4518 4002 3994
f 4003 4520 4474
f 3798 4033 4048
f 4519 4003 4518
f 3809 3798 3810
f 3798 4048 3810
f 4520 4003 4519
f 4048 4049 3810
f 3939 4505 3958
f 3810 4049 3808
f 3992 4505 4503
f 4401 4505 3939
f 3822 3808 4049
f 4401 4521 4505
f 4400 4521 4401
f 4521 4503 4505
f 4522 986 985
f 4521 4400 4523
f 4512 4501 4503
f 4512 4503 4524
f 3736 4525 4526
f 4527 4528 986
f 4529 4530 4527
f 4531 4530 4529
f 4521 4524 4503
f 974 4522 985
f 4532 4512 4524
f 4522 974 3809
f 4523 4524 4521
f 986 4522 3809
f 4533 4532 4524
f 4524 4523 4533
f 4529 4527 986
f 4529 986 3809
f 4532 4519 4512
f 4528 723 986
f 723 4528 724
f 724 4528 4534
f 4534 721 724
f 721 4534 3806
f 3806 861 721
f 4530 4528 4527
f 4520 4519 4535
f 4534 4528 4530
f 4535 4519 4532
f 3806 4534 4530
f 4536 4535 4532
f 4536 4532 4533
f 4537 4520 4535
f 3811 4529 3809
f 4537 4535 4538
f 4536 4538 4535
f 4539 4531 4529
f 4539 4529 3811
f 3987 4474 4540
f 3812 4531 4539
f 4540 3988 3987
f 4474 4431 4003
f 4474 4465 4431
f 3808 3821 3811
f 3825 4539 3811
f 3825 3811 3821
f 3825 3812 4539
f 4541 3988 4540
f 3813 3812 3825
f 3989 3988 4541
f 4542 4530 4531
f 4531 3814 4542
f 4542 4543 4530
f 4542 3817 4543
f 4474 4520 4540
f 4543 3806 4530
f 4543 3850 3806
f 4544 4540 4520
f 3816 3850 4543
f 4545 4540 4544
f 3817 4542 3814
f 4545 4541 4540
f 4546 4541 4545
f 4546 4547 4541
f 3816 4543 3817
f 3621 3459 4548
f 4531 3812 3814
f 4549 3621 4548
f 3814 3813 3817
f 4550 4491 3989
f 4549 3673 3621
f 3623 3621 3673
f 4551 3627 3680
f 4550 4552 4491
f 3680 3627 3626
f 4541 4550 3989
f 4547 4550 4541
f 4553 4554 4555
f 4554 4556 4557
f 4549 4555 4558
f 4555 4288 4558
f 4553 4549 4548
f 4555 4549 4553
f 4494 4491 4552
f 3808 3822 3821
f 4007 4494 4552
f 4554 4298 4555
f 4298 4554 4557
f 3826 3825 3821
f 4550 4007 4552
f 4557 4559 4298
f 4560 3680 4295
f 4298 4559 4295
f 4559 4560 4295
f 4286 4288 4555
f 4286 4555 4298
f 4298 4297 4286
f 3824 3813 3825
f 4561 3458 4375
f 4562 3813 3824
f 4010 4550 4547
f 4007 4550 4010
f 4375 4563 4561
f 4563 4564 4561
f 4565 4561 4564
f 4566 4561 4565
f 3826 3821 3820
f 4563 4375 4378
f 3827 3826 3820
f 4388 4563 4378
f 4564 4563 4388
f 3631 4564 4388
f 3631 3630 4564
f 3828 4562 3824
f 4564 3630 4565
f 4565 3630 3633
f 4565 4567 4566
f 4565 3633 4567
f 4568 4388 4387
f 4395 4568 4387
f 4395 4398 4568
f 3631 4388 4568
f 3631 4568 3634
f 3634 4568 4398
f 4544 4520 4537
f 3459 3458 4548
f 4548 3458 4561
f 4569 4545 4544
f 3636 3475 3640
f 3817 3813 3830
f 4553 4548 4561
f 4561 4566 4553
f 3813 4562 3830
f 3636 3640 4551
f 4569 4544 4537
f 3659 3736 4526
f 3636 3632 3473
f 4570 3830 4562
f 4545 4569 4546
f 3636 4571 3633
f 4569 4572 4546
f 4572 4547 4546
f 4573 4562 3828
f 4573 3828 4574
f 4573 4570 4562
f 4551 3640 3627
f 3655 4572 4569
f 3830 4570 4575
f 4575 3833 3830
f 4554 4553 4566
f 4554 4566 4567
f 4570 4576 4575
f 4575 4576 3833
f 4577 3735 3727
f 4556 4554 4567
f 4567 4571 4556
f 4571 4578 4556
f 3827 3820 4579
f 4571 3636 4551
f 4557 4556 4578
f 4571 4567 3633
f 4571 4551 4578
f 3827 4579 4261
f 4569 4537 4580
f 4560 4578 4551
f 3828 3827 3836
f 4560 4551 3680
f 4560 4559 4578
f 4578 4559 4557
f 4580 3655 4569
f 3653 3647 3463
f 4500 4523 4400
f 3463 3461 3778
f 4500 4533 4523
f 3778 3726 3463
f 3828 3837 4574
f 4581 4572 3655
f 3787 3726 3778
f 3836 3827 4261
f 3829 3651 3726
f 4582 4533 4500
f 4582 4500 4502
f 3741 3836 4261
f 3837 3836 3741
f 4582 4536 4533
f 4010 4547 4572
f 4583 4010 4572
f 4584 3837 4337
f 4538 4580 4537
f 4337 3837 3741
f 4538 4536 4582
f 3741 3740 4337
f 3726 3787 3829
f 4335 4337 3740
f 3790 3829 3787
f 4585 4580 4538
f 4585 4538 4582
f 4513 4582 4502
f 4581 4583 4572
f 4509 3645 4513
f 4022 4011 4583
f 4586 4585 4582
f 4513 4586 4582
f 4574 4584 4587
f 4588 4573 4587
f 4587 4573 4574
f 3645 4585 4586
f 4513 3645 4586
f 3647 4585 3645
f 4010 4583 4011
f 4588 4576 4570
f 4588 4570 4573
f 4022 4012 4011
f 4588 4589 4576
f 4590 4589 4588
f 4021 4012 4022
f 4584 4574 3837
f 4581 3654 4583
f 4336 4584 4337
f 4584 4336 4354
f 4583 3654 4022
f 4580 4585 3647
f 4354 4587 4584
f 4587 4590 4588
f 3652 3655 4580
f 3654 4581 3655
f 4353 4590 4587
f 4353 4587 4354
f 4359 4358 4353
f 3653 3652 4580
f 3829 4577 3727
f 4358 4384 4590
f 3654 4526 4022
f 4590 4353 4358
f 3653 4580 3647
f 4525 4591 4021
f 4526 4021 4020
f 859 850 852
f 852 3852 859
f 4022 4526 4020
f 3652 3656 3655
f 4525 4021 4526
f 3858 859 3852
f 4577 3829 3790
f 4526 3654 3659
f 858 859 3858
f 4029 4592 4027
f 4593 4594 4577
f 4592 4037 4036
f 4037 4592 4029
f 4595 858 3844
f 4595 761 858
f 4054 4596 4053
f 858 3858 3844
f 4026 933 935
f 4054 4484 4596
f 4597 4596 4484
f 3845 3844 3858
f 3839 4593 4577
f 3663 4053 4596
f 3839 4577 3834
f 4598 4597 4484
f 4596 4597 3663
f 4597 4598 4599
f 3844 3843 4595
f 3378 4053 3384
f 936 4600 935
f 3384 4053 3663
f 4601 4595 3843
f 3790 3834 4577
f 4602 3667 3663
f 3667 3664 3663
f 4592 4023 4027
f 3849 3843 3845
f 3663 4597 4603
f 3663 4603 4602
f 4603 4597 4599
f 4603 4599 4604
f 3848 4601 3843
f 4603 4604 4605
f 4606 3667 4602
f 4602 4603 4606
f 3921 3848 3849
f 4605 4606 4603
f 4607 3848 3921
f 935 4600 4026
f 3667 4608 3668
f 3807 863 861
f 4608 4088 3668
f 4609 944 943
f 3851 853 863
f 4610 3667 4606
f 4610 4606 4605
f 3851 863 3807
f 4610 4608 3667
f 4611 4608 4610
f 4611 4127 4608
f 4609 4032 944
f 3852 852 853
f 940 4023 943
f 3850 3807 3806
f 946 4023 940
f 4612 3851 3850
f 4609 943 4592
f 4592 943 4023
f 3674 3673 4549
f 4558 3674 4549
f 4612 3855 3851
f 4301 3674 4558
f 4290 4301 4558
f 4288 4290 4558
f 4613 4612 3850
f 4612 4613 3855
f 4033 4032 4609
f 4609 4614 4033
f 4615 4613 3816
f 4296 4295 3680
f 4613 3850 3816
f 4296 3680 3679
f 4296 3679 3706
f 3674 4301 3705
f 3705 3698 3674
f 3857 3855 4613
f 4613 4615 3857
f 3754 3705 4301
f 3754 3701 3705
f 3871 3857 4615
f 4313 4296 3706
f 4036 4609 4592
f 4609 4036 4614
f 3867 4615 3816
f 4615 3870 3871
f 3870 4615 3867
f 4046 4036 4035
f 3872 3845 3857
f 3845 3872 3849
f 4035 4099 4050
f 4099 4035 4100
f 4030 4040 4029
f 4616 762 761
f 4616 761 4595
f 4041 4037 4040
f 4040 4037 4029
f 895 763 762
f 4026 4600 4038
f 4616 895 762
f 4617 4616 4595
f 4038 4600 4618
f 4601 4617 4595
f 4617 4619 4616
f 3882 4616 4619
f 4620 4039 4038
f 4620 4038 4618
f 4616 3882 3879
f 3886 3882 4619
f 4040 4043 4041
f 4041 4100 4035
f 4621 898 894
f 4622 899 898
f 4622 898 4621
f 4101 4041 4043
f 899 4622 2310
f 4041 4101 4100
f 4103 4101 4043
f 3324 4436 4054
f 4436 4484 4054
f 4621 894 895
f 3320 3324 4054
f 4623 4621 895
f 4052 4437 3328
f 4622 4621 4623
f 4052 4624 4437
f 4623 895 4616
f 4616 3879 4623
f 4489 4437 4624
f 3881 4623 3879
f 4625 4489 4624
f 4048 4033 4614
f 4614 4046 4048
f 4622 4623 4626
f 4626 4623 3881
f 4622 4626 2310
f 4614 4036 4046
f 4627 2310 4626
f 4628 4624 4052
f 3889 4617 4601
f 3889 4619 4617
f 3890 3889 4601
f 3890 4601 3848
f 4628 4052 4056
f 3880 3882 3886
f 3888 3885 3886
f 3886 4619 3889
f 4629 4485 4486
f 4489 4625 4486
f 3888 3886 3889
f 4625 4629 4486
f 4630 4049 4047
f 4484 4485 4598
f 4607 3890 3848
f 4631 4598 4485
f 4485 4632 4631
f 4625 4624 4628
f 4633 3890 4607
f 4485 4629 4632
f 4629 4625 4632
f 4633 3888 3890
f 3888 4634 3885
f 3822 4049 4630
f 4632 4625 4635
f 4636 3885 4634
f 3888 4633 4637
f 4635 4628 4638
f 3888 4637 4634
f 4637 4636 4634
f 4635 4625 4628
f 936 471 469
f 3887 3881 3880
f 4599 4598 4631
f 4632 4635 4639
f 4631 4640 4599
f 4640 4631 4632
f 4639 4640 4632
f 4641 4626 3881
f 3895 4641 3881
f 936 4059 4642
f 4643 4627 4626
f 4641 4643 4626
f 4644 4643 4641
f 4628 4056 4638
f 3885 4636 3887
f 3887 4636 3895
f 4645 4641 3895
f 4600 936 4642
f 4646 4644 4641
f 4056 4062 4638
f 4645 4646 4641
f 4646 4645 4224
f 4604 4599 4640
f 4639 4635 4638
f 4059 4073 4642
f 4604 4640 4639
f 4638 4062 4070
f 3833 3904 3897
f 3904 3833 4576
f 4639 4638 4647
f 3904 4648 3903
f 3904 4649 4648
f 4647 4638 4070
f 3905 3903 3906
f 3923 3906 3903
f 4604 4639 4650
f 4604 4651 4605
f 4650 4639 4647
f 4651 4604 4650
f 3918 3921 3849
f 4080 4600 4642
f 4652 3918 3923
f 3923 4653 4652
f 4642 4073 4080
f 3923 3903 4654
f 4653 3923 4654
f 4652 3920 3918
f 3920 4652 4255
f 4080 4073 4081
f 4074 4126 4070
f 4608 4127 4088
f 4257 4255 4652
f 4080 4618 4600
f 4269 4257 4652
f 4589 3904 4576
f 4649 3904 4589
f 4126 4647 4070
f 4655 4648 4649
f 4386 4655 4649
f 4647 4126 4656
f 4648 4654 3903
f 4648 4655 4654
f 4649 4657 4386
f 4384 4386 4657
f 4618 4080 4079
f 4658 4655 4385
f 4655 4658 4654
f 4659 4611 4610
f 4385 4380 4658
f 4611 4659 4127
f 4385 4655 4386
f 4660 4127 4659
f 4657 4649 4589
f 4590 4657 4589
f 4656 4126 4661
f 4661 4126 4131
f 4590 4384 4657
f 4662 4658 4408
f 4658 4653 4654
f 4658 4662 4653
f 4269 4652 4653
f 4653 4662 4269
f 4662 4408 4269
f 4268 4269 4408
f 4099 4097 4050
f 4408 4658 4404
f 4404 4658 4380
f 3838 3831 4137
f 4407 4404 4405
f 4284 4268 4408
f 4039 4620 4663
f 4128 4127 4664
f 4664 4142 4128
f 4663 4665 4103
f 3920 4607 3921
f 4607 3920 4633
f 4660 4664 4127
f 4256 4633 3920
f 4256 4637 4633
f 4099 4101 4097
f 4661 4131 4150
f 4101 4105 4097
f 4666 4637 4256
f 4150 4131 4145
f 4667 4636 4637
f 4043 4039 4103
f 4256 4231 4666
f 4039 4663 4103
f 4103 4665 4102
f 4667 4637 4666
f 4668 4142 4664
f 4667 4669 4636
f 4233 4669 4667
f 4666 4231 4667
f 4102 4665 4106
f 4233 4667 4231
f 4665 4663 4670
f 4664 4660 4671
f 4663 4672 4670
f 4669 3895 4636
f 4671 4668 4664
f 4669 4673 3895
f 4673 4645 3895
f 4106 4665 4670
f 4114 4106 4670
f 4672 4674 4670
f 4114 4670 4674
f 4645 4673 4224
f 4104 4097 4105
f 4669 4233 4673
f 4236 4673 4233
f 4673 4236 4223
f 4630 4047 4055
f 3933 4675 4224
f 4223 4224 4673
f 4055 4111 4110
f 4110 4630 4055
f 4055 4097 4096
f 4650 4676 4651
f 4096 4111 4055
f 4650 4647 4677
f 4610 4605 4678
f 4605 4651 4678
f 4656 4677 4647
f 4677 4676 4650
f 3820 3822 4630
f 4110 3820 4630
f 4659 4610 4678
f 4677 4656 4679
f 4678 4651 4676
f 4677 4680 4678
f 4677 4678 4676
f 4679 4680 4677
f 4680 4659 4678
f 4680 4679 4681
f 4096 4095 4111
f 4656 4661 4679
f 4682 4681 4679
f 4109 3820 4110
f 4683 4659 4680
f 4683 4660 4659
f 4684 4683 4681
f 4684 4660 4683
f 4683 4680 4681
f 4682 4679 4661
f 4682 4661 4150
f 4681 4682 4685
f 4684 4681 4685
f 4660 4684 4686
f 4687 4684 4685
f 4104 4106 4114
f 4685 4682 4688
f 4682 4150 4689
f 4688 4682 4689
f 4660 4686 4671
f 4687 4686 4684
f 4113 4115 4104
f 4690 4686 4687
f 4687 4685 4688
f 4687 4688 4690
f 4690 4688 4689
f 4689 4150 4161
f 4691 4690 4689
f 4229 4124 4121
f 4114 4242 4692
f 4692 4113 4114
f 4121 4113 4692
f 4229 4121 4692
f 4095 4117 4111
f 4693 4109 4111
f 4117 4693 4111
f 4693 4117 4245
f 4579 3820 4109
f 4579 4109 4693
f 4117 4123 4245
f 4247 4693 4245
f 4123 4124 4245
f 4253 4579 4693
f 4247 4253 4693
f 4258 4260 4253
f 4260 4579 4253
f 4260 4261 4579
f 4694 4620 4618
f 4694 4618 4079
f 4672 4663 4620
f 4079 4081 4125
f 4252 4079 4125
f 4694 4079 4252
f 4695 4620 4694
f 4620 4695 4672
f 4674 4672 4695
f 4125 3318 4252
f 4249 4694 4252
f 4239 4674 4695
f 4114 4674 4239
f 4695 4694 4249
f 4249 4252 3317
f 4695 4249 4240
f 4242 4114 4239
f 4239 4695 4240
f 4279 3644 3666
f 4279 3661 3644
f 4279 3666 4696
f 3434 4697 3650
f 3692 3434 3438
f 4696 3666 4698
f 4698 3666 4697
f 4698 4697 4699
f 3650 4697 3666
f 4700 4697 3434
f 3692 4700 3434
f 4699 4697 4701
f 4701 4697 4700
f 4702 4701 4700
f 4265 3661 4279
f 4278 4279 4696
f 4703 4278 4696
f 4278 4703 4302
f 4293 4278 4302
f 4703 4696 4698
f 4704 4698 4699
f 4703 4698 4704
f 4302 4703 4704
f 4704 4699 4701
f 4701 4702 4705
f 4704 4701 4705
f 4704 4705 4706
f 3690 4302 4704
f 3690 4704 4706
f 3690 4706 3520
f 4706 4705 3709
f 3708 3520 4706
f 4700 3692 4707
f 4708 4702 4700
f 4708 4700 4707
f 4708 4707 4709
f 4709 4707 4710
f 4711 4709 4710
f 4711 4710 4712
f 3582 3697 3558
f 4707 3692 3697
f 4710 3697 4713
f 4712 4710 4713
f 4707 3697 4710
f 4713 3697 3582
f 4713 3582 4714
f 4714 3582 4715
f 4715 3582 3587
f 3607 4715 3587
f 4716 4715 3607
f 4714 4715 4716
f 4712 4713 4714
f 4717 4712 4714
f 4718 4714 4716
f 4714 4718 4719
f 4702 4708 4705
f 4705 4708 4720
f 4721 4708 4709
f 4721 4720 4708
f 3709 4705 4720
f 4721 4709 4722
f 4711 4722 4709
f 3709 4720 4721
f 3709 4721 3722
f 3722 4721 4722
f 4706 3709 3708
f 3722 3710 3709
f 4717 4711 4712
f 4722 4711 4717
f 4717 4723 4722
f 4723 4717 4719
f 4723 3722 4722
f 3722 4723 3723
f 3723 4723 4017
f 4017 4723 4719
f 4016 3723 4017
f 3721 3723 4016
f 4724 4017 4719
f 4017 4724 4025
f 4719 4717 4714
f 4719 4718 4724
f 4025 4724 4725
f 4245 4124 4246
f 4243 4254 4246
f 4243 4244 4254
f 4692 4242 4339
f 4339 4229 4692
f 4228 4229 4339
f 4227 4339 4225
f 4227 4228 4339
f 4243 4124 4229
f 4243 4229 4241
f 4246 4124 4243
f 4726 4727 4728
f 4727 4726 4729
f 4730 4731 4732
f 4733 4734 4735
f 4734 4733 4736
f 4737 4730 4732
f 3572 4738 3777
f 4735 4739 4733
f 4740 4741 4729
f 4742 4743 4744
f 4745 4746 4747
f 4746 4748 4747
f 3569 4749 3572
f 4750 4727 4751
f 3572 4749 4738
f 4738 4749 4752
f 4753 4754 4743
f 4755 4752 4749
f 4751 4727 4756
f 4729 4756 4727
f 4743 4754 4744
f 4752 4755 4757
f 4758 4759 4745
f 4760 4756 4761
f 4762 4745 4759
f 4763 4757 4755
f 4764 4753 4765
f 4757 4766 4752
f 4767 3777 4738
f 4762 4759 4768
f 4769 3789 3788
f 4760 4751 4756
f 3793 4769 3788
f 4762 4746 4745
f 4769 3793 4770
f 4771 4772 4773
f 4754 4774 4744
f 4775 4776 4768
f 4777 4773 4772
f 4778 4779 4746
f 4733 4780 4736
f 4781 4753 4764
f 4780 4782 4736
f 4754 4753 4781
f 4783 4771 4773
f 4774 4754 4781
f 4784 3580 3575
f 4785 4781 4764
f 3607 3580 4786
f 4787 4788 4789
f 4790 4788 4787
f 4781 4791 4774
f 4790 4792 4793
f 4794 4781 4785
f 4795 4773 4796
f 4781 4794 4791
f 4797 3580 4784
f 4797 4786 3580
f 4798 4799 4747
f 4748 4798 4747
f 4742 3567 4800
f 4801 4798 4802
f 3568 3567 4803
f 768 769 4804
f 4783 4805 4806
f 4748 4807 4798
f 769 1094 4808
f 4808 4804 769
f 4779 4748 4746
f 4779 4807 4748
f 3567 4742 4803
f 4741 4809 4729
f 4798 4807 4802
f 4803 4810 4811
f 3568 4803 3570
f 4812 4813 4805
f 4804 3519 768
f 4773 4805 4783
f 4805 4773 4812
f 4803 4811 3570
f 4809 4756 4729
f 3575 3519 4804
f 4803 4742 4810
f 4809 4761 4756
f 4814 3575 4804
f 4742 4744 4810
f 4744 4774 4810
f 4814 4804 4808
f 4809 4741 4815
f 4810 4816 4811
f 4812 4773 4795
f 4812 4795 4817
f 4808 1094 1100
f 4815 4818 4809
f 4799 4798 4819
f 4816 3603 4811
f 4801 4819 4798
f 4761 4809 4818
f 4820 4810 4774
f 4821 4808 1100
f 4821 1100 1105
f 4818 4760 4761
f 4816 4810 4822
f 4823 4818 4815
f 4823 4815 4824
f 4825 4816 4822
f 4822 4810 4820
f 4826 4801 4827
f 4802 4827 4801
f 4739 4828 4829
f 4822 4830 4825
f 4829 4780 4739
f 4822 4820 4831
f 4830 4822 4831
f 4832 4815 4833
f 4814 4808 4821
f 4832 4824 4815
f 4780 4829 4834
f 4814 4821 4835
f 3570 4811 3603
f 4836 4837 4807
f 4816 4825 3603
f 4838 4795 4839
f 4835 4821 1105
f 4837 4840 4807
f 4825 3604 3603
f 4795 4838 4817
f 4841 4835 1105
f 4779 4836 4807
f 4842 4843 4838
f 4830 3604 4825
f 4778 4836 4779
f 4844 4823 4824
f 4845 3604 4830
f 4846 4823 4844
f 3604 4847 3611
f 4848 4844 4824
f 4834 4782 4780
f 4834 4849 4782
f 4784 3575 4814
f 4849 4834 4850
f 4791 4820 4774
f 4851 4852 4853
f 4837 4836 4854
f 4855 4856 4857
f 4857 4848 4855
f 4857 4858 4848
f 4791 4794 4859
f 4860 4854 4836
f 4831 4820 4791
f 1385 1384 4861
f 4862 4784 4814
f 4840 4863 4807
f 4835 4862 4814
f 4864 1385 4865
f 4807 4863 4866
f 1441 4861 1384
f 4861 1441 4867
f 4831 4791 4859
f 4802 4807 4866
f 4868 4869 4870
f 4871 4872 4873
f 4874 4840 4837
f 4854 4874 4837
f 4862 4797 4784
f 4840 4874 4863
f 4873 4872 4875
f 4862 4835 4876
f 4869 4877 4878
f 4877 4869 4879
f 4880 4863 4874
f 4881 4862 4876
f 4882 4878 4877
f 4883 4884 4826
f 4883 4885 4884
f 4764 4765 4871
f 4764 4871 4785
f 4871 4873 4785
f 4841 4886 4835
f 4877 4879 4887
f 4888 4889 4890
f 4886 4841 4891
f 4888 4890 4892
f 4893 4886 4891
f 4785 4873 4894
f 4875 4895 4873
f 4896 4897 4898
f 1105 1124 4841
f 4899 4895 4875
f 4896 4898 4888
f 4900 4883 4826
f 4901 4897 4896
f 4841 1124 1176
f 4902 4899 4903
f 4841 1176 4891
f 4902 4895 4899
f 4904 4883 4900
f 4905 4730 4906
f 4737 4906 4730
f 4737 4907 4906
f 4908 4895 4902
f 4895 4908 4873
f 4909 4904 4900
f 1176 1164 4910
f 4910 1164 1197
f 4911 4904 4909
f 4912 4873 4908
f 4891 1176 4910
f 4911 4909 4913
f 4914 4915 4916
f 4917 1453 4918
f 4802 4866 4827
f 4919 4902 4903
f 4908 4902 4920
f 4920 4902 4919
f 4920 4919 4921
f 4910 1205 4922
f 4827 4866 4923
f 4917 4918 4924
f 4917 4924 4925
f 1205 4910 1197
f 4785 4894 4794
f 4891 4926 4893
f 4926 4891 4910
f 4927 4925 4924
f 4894 4873 4912
f 4912 4928 4894
f 4929 4926 4922
f 4922 4926 4910
f 4930 4925 4927
f 4794 4931 4859
f 4894 4931 4794
f 4900 4826 4827
f 4876 4835 4932
f 4933 4927 4924
f 4928 4931 4894
f 4886 4932 4835
f 4934 4935 4936
f 4931 4928 4937
f 4932 4886 4938
f 4877 4887 4882
f 4886 4893 4938
f 4939 4908 4920
f 4928 4912 4939
f 4939 4912 4908
f 4940 4876 4932
f 4941 4942 4882
f 4943 4932 4944
f 4945 4920 4921
f 4946 4945 4921
f 4947 4920 4945
f 4866 4863 4948
f 4893 4949 4938
f 4941 4882 4887
f 4950 4947 4945
f 4932 4938 4944
f 4923 4866 4948
f 4941 4887 4951
f 4939 4920 4947
f 4948 4863 4880
f 4950 4952 4953
f 4954 4955 4956
f 4957 4958 4959
f 4777 4960 4796
f 4960 4777 4961
f 4796 4960 4962
f 4953 4947 4950
f 4949 4893 4954
f 4960 4959 4962
f 4939 4947 4963
f 4963 4947 4953
f 4964 4948 4880
f 4949 4954 4965
f 4751 4760 4966
f 4772 4961 4777
f 4937 4928 4967
f 4963 4967 4928
f 4968 4965 4954
f 4796 4773 4777
f 4954 4956 4968
f 4963 4928 4939
f 4893 4926 4954
f 4969 4923 4948
f 4955 4926 4929
f 4970 4971 4972
f 4972 4973 4970
f 4955 4954 4926
f 4974 4970 4973
f 4956 4955 4975
f 4976 4977 4760
f 4968 4956 4975
f 4760 4977 4978
f 4969 4948 4964
f 4979 4978 4977
f 4716 3607 4980
f 4981 4982 4983
f 4980 3607 4786
f 4982 4981 4984
f 4984 4981 4985
f 4979 4977 4986
f 4987 4982 4984
f 4969 4988 4923
f 4987 4984 4989
f 4900 4827 4909
f 4976 4760 4818
f 4846 4818 4823
f 4818 4846 4990
f 4980 4786 4991
f 4981 4983 4985
f 4991 4992 4980
f 4990 4976 4818
f 4984 4985 4993
f 4985 4983 4994
f 4985 4994 4995
f 4993 4985 4995
f 4996 4997 4998
f 4999 4716 4992
f 5000 4976 4990
f 5001 4997 5002
f 5001 5003 4998
f 5001 4998 4997
f 4999 4992 5004
f 5003 5001 5002
f 4996 5002 4997
f 5005 4998 5003
f 4977 4976 5000
f 4996 5006 5002
f 5007 5002 5006
f 4992 4991 5008
f 4909 4827 4988
f 5006 5009 5007
f 5006 4996 5010
f 5007 5003 5002
f 4827 4923 4988
f 5011 4989 4984
f 5012 4977 5000
f 4986 4977 5012
f 4993 5013 5014
f 4993 4995 5013
f 5015 5016 5017
f 5011 4984 4993
f 5011 4993 5014
f 5018 5014 5013
f 5015 5017 5019
f 5019 5020 5021
f 5018 5013 5022
f 5019 5021 5023
f 5018 5022 5005
f 5024 5025 5026
f 5027 5026 5025
f 5028 5029 4987
f 5028 4987 4989
f 5019 5023 5030
f 4909 5031 4913
f 5011 5028 4989
f 5032 5025 5033
f 5025 5032 5027
f 5019 5030 5034
f 5035 5036 5028
f 5035 5028 5011
f 5011 5037 5035
f 5030 5023 5038
f 5035 5037 5039
f 5040 5041 5037
f 5042 5043 4988
f 5044 4962 5045
f 5046 5041 5047
f 5048 5005 5003
f 5049 5044 5045
f 5048 5018 5005
f 4988 5031 4909
f 5037 5011 5014
f 5043 5031 4988
f 5037 5014 5018
f 5040 5037 5018
f 5050 5034 5030
f 5050 5030 5051
f 5051 5030 5052
f 5053 5044 5054
f 5048 5047 5018
f 5040 5018 5047
f 5049 5054 5044
f 5047 5041 5040
f 5055 5052 5056
f 5057 5058 5059
f 5059 5058 5060
f 5061 5013 5062
f 5052 5055 5051
f 5061 5057 5022
f 5005 5022 5057
f 5022 5013 5061
f 5063 5051 5055
f 5059 4998 5005
f 5055 5056 5064
f 5053 5054 5065
f 5053 5065 5066
f 5057 5059 5005
f 5067 5068 5069
f 5057 5070 5058
f 4964 5071 4969
f 5063 5055 5064
f 5070 5072 4971
f 4971 4970 5058
f 4969 5073 5042
f 5067 5069 5074
f 4971 5058 5070
f 4971 5072 4972
f 5061 5062 5075
f 5075 5057 5061
f 5071 5073 4969
f 5057 5075 5070
f 5076 5077 5078
f 5059 5060 4996
f 5079 5077 5076
f 5049 5080 5081
f 5060 5058 5082
f 5082 5058 4970
f 5060 5082 5083
f 5084 5082 4970
f 5085 5086 4949
f 5083 4996 5060
f 5087 5088 5069
f 5082 5084 5083
f 5069 5088 5074
f 5089 4996 5083
f 4949 4965 5085
f 4996 4998 5059
f 5090 5073 4982
f 4974 5084 4970
f 5056 5076 5091
f 5056 5091 5092
f 5056 5092 5064
f 5093 5006 5094
f 5042 4988 4969
f 5064 5092 5095
f 4916 5064 5095
f 5096 5094 5006
f 5096 5006 5010
f 5095 5092 5097
f 4796 4839 4795
f 5097 5098 5095
f 5096 5010 5089
f 4839 4796 5044
f 5044 5099 4839
f 5094 5096 5100
f 5096 5101 5102
f 5044 4796 4962
f 4915 5064 4916
f 5093 5009 5006
f 5090 5043 5042
f 5103 5009 5093
f 5104 5009 5103
f 5103 5105 5104
f 5073 5090 5042
f 5105 5046 5104
f 5105 5103 5093
f 1205 1216 5106
f 5107 5046 5105
f 4922 1205 5106
f 5046 5047 5104
f 5108 5109 4770
f 5099 5044 5053
f 5105 5093 5110
f 5111 5105 5110
f 5112 4922 5106
f 5093 5100 5110
f 5110 5113 5111
f 5106 1216 1221
f 5114 4168 4164
f 5113 5110 5100
f 5115 5105 5111
f 5105 5115 5107
f 5115 5111 5113
f 4842 4839 5099
f 5115 5113 5116
f 4838 4839 4842
f 5100 5093 5094
f 5102 5100 5096
f 1329 5106 1221
f 5106 1329 5117
f 5108 5118 5109
f 5119 5120 5121
f 5122 5123 5124
f 4929 4922 5112
f 5125 5120 5119
f 5126 5089 5083
f 5010 4996 5089
f 5112 5106 5117
f 4178 4168 5127
f 5128 5126 5084
f 5084 5126 5083
f 5084 4974 5128
f 5129 5128 4974
f 5130 5127 4168
f 5131 5126 5128
f 4844 5132 4846
f 4180 4178 5127
f 5101 5096 5089
f 5133 4990 5121
f 5101 5089 5131
f 5134 1329 1318
f 5000 4990 5133
f 5135 5102 5101
f 5121 4990 4846
f 4846 5119 5121
f 5135 5101 5131
f 5131 5089 5126
f 5117 1329 5134
f 5132 5119 4846
f 4848 5132 4844
f 5136 5117 5134
f 5119 5132 5125
f 5132 4858 5125
f 5137 4972 5138
f 5137 4973 4972
f 5136 5134 5139
f 5072 5138 4972
f 4858 5132 4848
f 4929 4975 4955
f 5138 5072 5140
f 4929 5112 5141
f 5142 5000 5133
f 4216 4182 4180
f 5143 5144 5145
f 4975 4929 5141
f 5146 4216 4180
f 5127 5146 4180
f 5138 5140 5147
f 5148 5142 5133
f 5147 5140 5149
f 5140 5143 5150
f 5148 5133 5151
f 5149 5140 5150
f 5012 5000 5142
f 4973 5137 5152
f 5142 5148 5012
f 5141 5112 5153
f 5012 5148 5154
f 5152 5137 5155
f 5153 5112 5156
f 5151 5157 5148
f 5129 4973 5152
f 5154 5148 5157
f 4885 5146 5127
f 5158 5129 5152
f 5155 5158 5152
f 5138 5147 5137
f 4975 5141 5159
f 5160 5133 5121
f 5159 5141 5153
f 4883 5146 4885
f 5155 5137 5147
f 5161 4975 5159
f 5159 5162 5161
f 5160 5121 5120
f 5133 5160 5151
f 5163 5155 5147
f 5163 5147 5164
f 5153 5165 5162
f 5162 5159 5153
f 5160 5120 5166
f 5149 5167 5147
f 5168 5162 5165
f 4220 4216 5169
f 4216 5146 5169
f 5170 5171 5172
f 4842 5099 5173
f 5156 5112 5117
f 5170 5172 5174
f 5156 5117 5136
f 5099 5053 5066
f 5175 5176 5170
f 5156 5136 5165
f 5175 5170 5174
f 5173 5099 5066
f 5145 5175 5174
f 5177 4220 5169
f 5178 5173 5066
f 5146 5179 5177
f 5156 5165 5153
f 5179 5146 4883
f 5145 5150 5143
f 5150 5145 5180
f 5149 5150 5167
f 5178 5066 5065
f 5180 5181 5150
f 5180 5145 5174
f 5178 5182 5173
f 5183 5174 5172
f 5184 5174 5183
f 5169 5146 5177
f 5185 5120 5125
f 5180 5174 5184
f 5166 5120 5185
f 5186 5187 5188
f 5189 5190 5191
f 5186 5190 5187
f 5185 5192 5193
f 5167 5164 5147
f 5187 5190 5189
f 5194 5187 5189
f 5195 5196 5164
f 5197 5125 4858
f 5198 5199 4857
f 5200 5189 5191
f 5201 4857 5199
f 4858 5201 5197
f 5167 5150 5181
f 5167 5181 5195
f 5195 5164 5167
f 4965 4968 5202
f 5097 4965 5202
f 5181 5180 5203
f 5197 5192 5125
f 5185 5125 5192
f 5184 5203 5180
f 5204 5205 5206
f 5204 5206 5207
f 5181 5208 5195
f 5203 5208 5181
f 5207 5206 5209
f 5210 5211 5193
f 4904 5179 4883
f 5129 4974 4973
f 5160 5166 5212
f 5212 5151 5160
f 5206 5168 5213
f 5168 5214 5213
f 5213 5214 5215
f 5158 5216 5129
f 5151 5217 5157
f 5217 5218 5157
f 5219 5151 5212
f 5217 5151 5219
f 5163 5158 5155
f 5218 5217 5219
f 5158 5163 5220
f 5221 5213 5215
f 5177 5179 5222
f 5223 5224 5225
f 5226 5227 5215
f 5220 5216 5158
f 5222 5228 5177
f 5229 5095 5098
f 5216 5220 5230
f 5231 5229 5098
f 5232 5229 5231
f 5166 5185 5233
f 5232 5231 5207
f 5163 5164 5234
f 5234 5164 5196
f 5193 5233 5185
f 5235 5196 5195
f 5236 5166 5233
f 5235 5237 5196
f 5220 5163 5234
f 5236 5233 5238
f 5239 5237 5235
f 5222 5240 5241
f 5237 5234 5196
f 5229 4916 5095
f 5242 5220 5234
f 5235 5195 5208
f 5228 4220 5177
f 5243 5244 5245
f 5246 5233 5193
f 4916 5229 5247
f 5208 5203 5248
f 3331 4220 5228
f 3331 5228 3332
f 5249 5239 5235
f 5235 5208 5249
f 5249 5208 5250
f 5208 5248 5250
f 5251 5229 5232
f 5251 5232 5252
f 5251 5247 5229
f 5242 5234 5237
f 5253 5244 5254
f 5242 5230 5220
f 5255 5244 5253
f 5209 5213 5221
f 5233 5246 5238
f 5256 5232 5221
f 5232 5256 5252
f 5242 5257 5230
f 5237 5239 5258
f 5212 5166 5236
f 5242 5237 5258
f 5256 5221 5259
f 5260 5242 5258
f 3332 5228 5241
f 5242 5260 5257
f 5239 5260 5258
f 5249 5260 5239
f 5261 5212 5236
f 5262 5260 5249
f 5262 5249 5250
f 5241 5228 5222
f 5227 5259 5221
f 5260 5262 5263
f 5264 5265 5219
f 5252 5256 5266
f 5072 5075 5267
f 5070 5075 5072
f 5268 5222 5179
f 5072 5267 5269
f 5268 5179 4904
f 5193 5211 5246
f 5140 5072 5269
f 5269 5267 5143
f 5238 5261 5236
f 5266 5270 5271
f 5143 5140 5269
f 5266 5256 5259
f 5266 5259 5270
f 5240 5222 5268
f 5272 5261 5238
f 5273 5264 5272
f 5266 5274 5275
f 5274 5266 5271
f 5131 5128 5216
f 5216 5128 5129
f 5271 5270 5276
f 5221 5215 5227
f 5273 5277 5264
f 5188 5187 5278
f 5268 4904 4911
f 5279 5268 4911
f 5216 5230 5280
f 5278 5187 5194
f 5281 5272 5238
f 5282 5113 5283
f 5283 5113 5100
f 5240 5268 5279
f 5116 5113 5282
f 5116 5284 5115
f 5284 5116 5282
f 5226 5188 5278
f 5240 5279 5285
f 5226 5278 5286
f 5282 5283 5287
f 5284 5282 5287
f 5286 5278 5194
f 5287 5283 5288
f 5289 5290 5291
f 5283 5100 5102
f 5102 5292 5283
f 5227 5226 5293
f 5294 5295 5296
f 5288 5283 5292
f 5287 5288 5297
f 5298 5226 5299
f 5298 5299 5300
f 5301 5279 4911
f 4911 4913 5301
f 5302 5226 5298
f 5303 5224 5223
f 5303 5223 5304
f 5299 5226 5286
f 5305 5288 5292
f 5297 5288 5305
f 5285 5279 5301
f 5194 5189 5306
f 5189 5200 5306
f 5286 5194 5307
f 5135 5131 5308
f 5309 5253 5254
f 5310 5135 5308
f 5307 5194 5306
f 5131 5216 5311
f 5312 5255 5253
f 5306 5200 5313
f 5308 5131 5311
f 5314 4914 5315
f 5312 5253 5309
f 5316 5314 5315
f 5317 5306 5313
f 4942 5317 5313
f 4942 5313 4882
f 5318 5316 5315
f 5302 5298 5319
f 5307 5300 5286
f 5300 5299 5286
f 5320 5308 5311
f 5317 5300 5307
f 5289 5321 5309
f 5312 5309 5321
f 5259 5227 5270
f 5318 5322 5323
f 5102 5135 5310
f 5292 5102 5310
f 5324 5277 5273
f 5325 5272 5281
f 5270 5326 5276
f 5325 5281 5327
f 5327 5281 5328
f 4850 5318 5329
f 5274 5271 5276
f 5329 5330 4850
f 5331 5332 5328
f 5276 5333 5274
f 5310 5308 5320
f 5327 5328 5332
f 5334 5292 5310
f 5325 5327 5335
f 5276 5336 5333
f 5310 5320 5334
f 5334 5320 5337
f 5335 5327 5338
f 5339 5335 5338
f 5273 5272 5340
f 5340 5324 5273
f 5297 5305 5341
f 5342 5297 5341
f 5336 5343 5333
f 5344 5305 5345
f 5346 5341 5344
f 5344 5341 5305
f 5347 5345 5305
f 5305 5292 5334
f 5348 5333 5349
f 5343 5349 5333
f 5347 5305 5334
f 4874 4854 5350
f 5335 5351 5325
f 5352 4874 5350
f 5335 5339 5353
f 5349 5354 5355
f 5356 5345 5347
f 5357 4874 5352
f 5358 5339 5338
f 5353 5351 5335
f 4880 4874 5357
f 5354 5349 5359
f 5356 5360 5345
f 5329 5318 5323
f 5270 5227 5293
f 5339 5358 5353
f 5361 5353 5358
f 5293 5326 5270
f 5323 5362 5363
f 5364 5351 5353
f 5364 5353 5365
f 5347 5334 5337
f 5326 5293 5302
f 5329 5323 5363
f 5302 5293 5226
f 5363 5366 5329
f 5291 5321 5289
f 5337 5320 5367
f 5336 5276 5326
f 5321 5291 5294
f 5368 5369 5337
f 5337 5367 5368
f 5343 5336 5370
f 5371 5352 5372
f 5370 5373 5343
f 5374 5347 5337
f 5356 5347 5374
f 5375 5321 5294
f 5369 5374 5337
f 5373 5376 5343
f 5362 5377 5363
f 5362 5378 5377
f 5379 5375 5294
f 5373 5380 5381
f 5381 5376 5373
f 5375 5379 5382
f 5362 5323 5383
f 5376 5349 5343
f 5365 5353 5384
f 5361 5384 5353
f 5365 5384 5385
f 5361 5386 5384
f 5387 5384 5386
f 5385 5384 5388
f 5388 5389 5385
f 4850 5330 4849
f 5384 5387 5388
f 5390 5230 5257
f 5391 5392 5393
f 5394 5391 5393
f 5257 5260 5395
f 5395 5260 5396
f 5397 5398 5388
f 5388 5398 5389
f 5395 5396 5399
f 1381 5134 1318
f 5260 5263 5396
f 5350 4854 5400
f 5388 5387 5397
f 1381 1318 1330
f 5397 5387 5401
f 5257 5395 5390
f 5350 5372 5352
f 5402 5396 5263
f 5402 5399 5396
f 5400 5372 5350
f 5403 5397 5401
f 5404 5405 5390
f 4914 4916 5247
f 5315 4914 5247
f 1381 1380 5406
f 5390 5395 5407
f 5407 5395 5399
f 5408 5404 5390
f 5318 5315 5409
f 5407 5408 5390
f 5410 5255 5312
f 5315 5247 5409
f 5312 5411 5410
f 5134 1381 5139
f 5404 5408 5412
f 5321 5413 5312
f 5247 5322 5409
f 5411 5312 5413
f 5280 5311 5216
f 5414 5139 1381
f 5415 5411 5413
f 5318 5409 5322
f 5280 5416 5311
f 5414 1381 5406
f 5332 5417 5338
f 5327 5332 5338
f 5418 5280 5230
f 5416 5280 5418
f 5419 5417 5332
f 5406 1380 4864
f 5320 5311 5416
f 5357 5352 5371
f 5357 5371 5420
f 5416 5367 5320
f 1380 1385 4864
f 5358 5338 5417
f 1380 1383 1385
f 5421 4880 5357
f 5358 5386 5361
f 5422 5421 5357
f 5423 5424 5415
f 5390 5418 5230
f 5405 5418 5390
f 4864 5425 5406
f 5417 5386 5358
f 5321 5375 5413
f 5426 5427 5425
f 5428 5421 5422
f 5191 5427 5426
f 5418 5367 5416
f 5415 5413 5429
f 5426 5425 4870
f 5429 5413 5375
f 5430 5418 5405
f 5430 5405 5431
f 4870 4869 5426
f 5367 5418 5430
f 4878 5426 4869
f 5429 5375 5382
f 5322 5275 5274
f 5432 5367 5430
f 5433 5423 5415
f 5191 5426 4878
f 5415 5429 5433
f 5200 5191 4878
f 5434 5432 5430
f 5323 5322 5274
f 5274 5435 5323
f 5431 5434 5430
f 5313 5200 4878
f 5313 4878 4882
f 5434 5436 5432
f 5368 5367 5432
f 5387 5386 5437
f 4018 4025 5016
f 5435 5383 5323
f 4018 5016 5438
f 5433 5429 5382
f 4031 4018 5439
f 5440 5368 5432
f 5383 5435 5441
f 5439 4018 5438
f 5433 5382 5442
f 5438 5016 5015
f 5401 5387 5437
f 5431 5405 5443
f 5431 5443 5444
f 5445 5438 5015
f 5437 5403 5401
f 5446 5447 5371
f 5445 5015 5448
f 5405 5404 5443
f 5449 5450 5354
f 5371 5447 5420
f 5438 4451 5439
f 4031 5439 4451
f 5422 5420 5447
f 5451 5371 5372
f 5451 5446 5371
f 4451 5438 5445
f 5434 5431 5444
f 5422 5357 5420
f 4726 5452 5453
f 5454 5445 5448
f 5455 5453 5452
f 5446 5451 5456
f 5457 5453 5455
f 5458 5443 5404
f 5458 5404 5412
f 5444 5443 5458
f 5378 5383 5459
f 5454 5448 5460
f 4750 5461 4728
f 5412 5462 5458
f 5463 5454 5460
f 5458 5464 5444
f 5463 5465 5454
f 4726 5453 4740
f 5446 5466 5447
f 5458 5462 5467
f 5446 5456 5466
f 5468 5469 5463
f 4740 5453 5457
f 5457 5470 4740
f 5039 5471 5035
f 5472 5456 5451
f 5041 5039 5037
f 5473 5039 5041
f 5041 5046 5473
f 5471 5039 4731
f 4731 5039 5473
f 5448 5019 5034
f 5474 5422 5447
f 5448 5015 5019
f 5473 5046 5107
f 4750 4728 4727
f 4732 4731 5473
f 5473 5107 5475
f 5428 5422 5474
f 4732 5473 5476
f 5448 5034 5477
f 5477 5034 5478
f 4737 4732 4907
f 4907 4732 5476
f 4966 4750 4751
f 5475 5476 5473
f 5478 5034 5050
f 5479 4741 4740
f 5475 5480 5481
f 4833 4741 5479
f 5480 5482 5481
f 5470 5479 4740
f 5460 5448 5477
f 5482 5480 5483
f 5466 5484 5447
f 4815 4741 4833
f 5485 5484 5466
f 5477 5478 5468
f 5476 5486 4907
f 5476 5475 5481
f 5468 5463 5477
f 5487 5488 5489
f 5476 5481 5486
f 5474 5447 5484
f 5490 5488 5487
f 4451 5491 4064
f 5490 5492 5488
f 4064 5493 3566
f 5494 5474 5484
f 5172 5495 4966
f 5495 4750 4966
f 5496 5497 5498
f 5498 5497 4921
f 5494 5499 5474
f 5500 5501 4906
f 5493 4064 5491
f 5502 5486 5503
f 5504 5493 5491
f 5482 5486 5481
f 5482 5503 5486
f 4966 5505 5172
f 5503 5482 5506
f 5507 5493 5504
f 5503 5506 5508
f 5502 4907 5486
f 4906 4907 5502
f 5465 5491 5454
f 5172 5505 5183
f 4906 5502 5500
f 5428 5474 5499
f 5505 5509 5183
f 5493 3569 3566
f 5500 5502 5510
f 5502 5511 5510
f 5503 5511 5502
f 5493 5507 3569
f 4749 3569 5507
f 4946 4921 5497
f 5428 5499 5512
f 3789 5513 3791
f 4164 3791 5513
f 4760 4978 4966
f 5513 3789 5514
f 5515 5428 5512
f 3789 4769 5514
f 5497 5516 4946
f 4164 5513 5114
f 5505 4966 4978
f 5517 4952 4946
f 4946 4950 4945
f 4952 4950 4946
f 5505 4978 4979
f 5518 5519 5520
f 5519 5521 5522
f 5509 5505 4979
f 5522 5520 5519
f 5523 5518 5520
f 5520 5524 5523
f 5517 4946 5525
f 5516 5525 4946
f 5524 5520 5522
f 5524 5522 5525
f 5524 5525 5516
f 5525 5522 5526
f 5527 5499 5494
f 5528 5345 5521
f 5521 5345 5522
f 5528 5529 5345
f 5530 5529 5528
f 5526 5522 5345
f 4755 4749 5507
f 5512 5499 5527
f 5531 5509 4979
f 5506 5532 5533
f 5534 5535 5536
f 5537 5506 5533
f 5538 5509 5531
f 5513 5514 5535
f 4770 5514 4769
f 4770 5109 5514
f 5109 5535 5514
f 5114 5513 5535
f 5539 4952 5517
f 5525 5540 5517
f 5539 5517 5540
f 5541 5538 5542
f 5543 5515 5544
f 5536 5535 5109
f 4952 5539 4953
f 5544 5515 5512
f 5183 5545 5184
f 5526 5345 5360
f 5544 5512 5546
f 5525 5526 5540
f 5547 5544 5546
f 5547 5546 5548
f 5183 5509 5545
f 5526 5549 5540
f 5550 5546 5512
f 5512 5527 5550
f 5538 5545 5509
f 5549 5526 5360
f 5551 5549 5360
f 5552 5114 5535
f 5549 5551 5553
f 5551 5360 5554
f 5554 5360 5356
f 5555 5553 5551
f 5555 5551 5554
f 5556 5557 5555
f 5534 5552 5535
f 5554 5556 5555
f 5532 5558 5533
f 4168 5114 5552
f 5130 4168 5552
f 5510 5559 5500
f 5545 5538 5541
f 5548 5546 5550
f 5510 5560 5561
f 5511 5503 5508
f 5562 4763 5507
f 5203 5184 5545
f 5507 5504 5562
f 5548 5550 5563
f 5545 5564 5203
f 5560 5510 5511
f 5511 5508 5560
f 5564 5545 5541
f 5508 5506 5537
f 5560 5508 5537
f 5504 5491 5465
f 5469 5504 5463
f 5561 5560 5565
f 5469 5562 5504
f 5566 5560 5537
f 5463 5504 5465
f 5565 5567 5561
f 5421 4964 4880
f 5560 5566 5565
f 5533 5568 5537
f 5533 5558 5568
f 5568 5558 5569
f 4964 5421 5071
f 5469 5570 5562
f 5571 4979 4986
f 5531 4979 5571
f 4755 5507 4763
f 5354 5359 5572
f 4763 5573 4757
f 5572 5449 5354
f 5428 5071 5421
f 5571 5542 5531
f 5381 4771 5376
f 5574 5534 5536
f 5538 5531 5542
f 5109 5574 5536
f 5381 5380 5575
f 5381 5575 5576
f 5577 5542 5571
f 5542 5577 5578
f 5579 5541 5542
f 4763 5570 5580
f 4757 5573 5580
f 5581 5071 5428
f 5576 4771 5381
f 4763 5580 5573
f 5570 4763 5562
f 5582 5542 5578
f 5575 5380 5583
f 5584 4759 5574
f 5585 5580 5570
f 5579 5542 5582
f 4772 5575 5583
f 5584 5574 5109
f 5576 5575 4772
f 4772 4771 5576
f 5012 5577 4986
f 5571 4986 5577
f 5012 5154 5577
f 5578 5577 5154
f 5552 5534 4819
f 4771 5359 5376
f 5586 5587 5578
f 5428 5515 5581
f 5359 4771 4783
f 5588 5071 5581
f 4758 5534 5574
f 5349 5376 5359
f 4759 4758 5574
f 5589 5541 5579
f 5071 5588 5073
f 4819 5534 4758
f 4758 4799 4819
f 4726 4728 5452
f 5590 5591 5592
f 5592 5591 5593
f 5572 5359 4783
f 4768 4759 5584
f 4982 5073 5588
f 5592 5593 5594
f 5595 5594 5593
f 4806 5596 5572
f 4982 5588 4983
f 4806 5572 4783
f 5572 5596 5449
f 5203 5564 5248
f 4740 4729 4726
f 5130 4885 5127
f 5588 5581 4983
f 5597 5130 5552
f 4983 5581 4994
f 5598 5250 5248
f 5598 5248 5564
f 4994 5581 5599
f 5581 5515 5599
f 5552 4819 5597
f 5600 4994 5599
f 5541 5589 5564
f 4994 5600 4995
f 5597 4819 4801
f 5599 5515 5543
f 5564 5589 5601
f 5602 5599 5543
f 5602 5543 5603
f 5604 5605 5603
f 5604 5603 5543
f 5604 5543 5600
f 5547 5543 5544
f 5547 5600 5543
f 5599 5602 5604
f 5604 5602 5603
f 4884 5130 5597
f 5600 5599 5604
f 5600 5547 4995
f 5606 5601 5589
f 5601 5598 5564
f 5607 4995 5547
f 4884 4885 5130
f 4801 4884 5597
f 5608 5250 5598
f 4801 4826 4884
f 5607 5062 4995
f 5609 5608 5598
f 5013 4995 5062
f 5548 5610 5607
f 5469 5468 4828
f 5607 5547 5548
f 5608 5609 5611
f 5612 5611 5609
f 5062 5607 5613
f 5612 5609 5614
f 5613 5607 5610
f 5606 5615 5601
f 5478 5050 5616
f 5601 5615 5614
f 5075 5062 5613
f 5615 5606 5590
f 5598 5601 5609
f 5051 5063 5617
f 5616 5051 5617
f 5601 5614 5609
f 5468 5478 5618
f 5618 5478 5616
f 5618 5616 5619
f 5620 5621 5622
f 5024 5591 5622
f 5441 5623 5624
f 5620 5622 5591
f 5618 4828 5468
f 5435 5623 5441
f 5625 5485 5466
f 5579 5582 5626
f 5582 5620 5626
f 5582 5621 5620
f 5617 5619 5616
f 5348 5623 5435
f 5348 5627 5623
f 5591 5606 5620
f 5623 5628 5624
f 5619 4828 5618
f 5619 5617 5629
f 5630 5587 5586
f 5631 5587 5630
f 5623 5627 5628
f 5632 5628 5627
f 5024 5622 5025
f 5621 5631 5622
f 5629 5617 5063
f 5025 5622 5631
f 5633 5025 5631
f 5435 5274 5333
f 4915 5063 5064
f 4914 5063 4915
f 5485 5625 5634
f 5631 5582 5587
f 5621 5582 5631
f 5582 5578 5587
f 5629 5063 4914
f 5629 4914 5314
f 5485 5634 5635
f 5316 5619 5629
f 5333 5348 5435
f 5593 5591 5024
f 5593 5024 5636
f 4829 5619 5316
f 5026 5636 5024
f 5619 4829 4828
f 5026 5637 5636
f 5638 5639 5634
f 5593 5636 5640
f 5634 5625 5638
f 5595 5593 5640
f 5640 5636 5637
f 4829 4850 4834
f 4829 5318 4850
f 5316 5318 4829
f 5641 5639 5638
f 5642 5640 5637
f 5606 5591 5590
f 5635 5634 5639
f 5635 5639 5643
f 5314 5316 5629
f 5027 5637 5026
f 5441 5459 5383
f 5027 5642 5637
f 5642 5027 5032
f 4735 5585 5570
f 5466 5456 5625
f 5644 5642 5032
f 5644 5032 5033
f 4828 4739 5469
f 5645 5642 5644
f 5626 5589 5579
f 5646 5625 5456
f 5570 5469 4735
f 5469 4739 4735
f 5589 5626 5606
f 5606 5626 5620
f 5646 5638 5625
f 4745 4747 4758
f 4799 4758 4747
f 5250 5608 5262
f 5262 5608 5611
f 5494 5484 5485
f 5154 5586 5578
f 4733 4739 4780
f 5646 5641 5638
f 5586 5154 5157
f 5630 5586 5647
f 5627 5348 5349
f 5627 5349 5355
f 5633 5033 5025
f 5627 5355 5632
f 5033 5633 5630
f 5633 5631 5630
f 5648 5649 5639
f 5647 5650 5630
f 5648 5641 5651
f 5157 5218 5586
f 5218 5647 5586
f 5652 5647 5218
f 5647 5652 5650
f 5639 5641 5648
f 5652 5653 5650
f 5639 5649 5643
f 5219 5265 5218
f 5218 5265 5652
f 5355 5354 5654
f 5355 5654 5632
f 5655 5033 5630
f 5450 5654 5354
f 5655 5630 5650
f 5655 5650 5653
f 5223 5655 5653
f 5644 5033 5655
f 5225 5644 5655
f 5225 5655 5223
f 5452 5651 5455
f 5651 5641 5656
f 5657 5653 5652
f 5657 5652 5265
f 5656 5455 5651
f 5658 5653 5657
f 5659 5660 5661
f 5223 5653 5304
f 5494 5485 5635
f 5304 5653 5658
f 5662 5635 5643
f 5657 5265 5277
f 5657 5663 5658
f 5264 5277 5265
f 5664 5635 5662
f 5665 5664 5662
f 5594 5666 5592
f 5590 5592 5615
f 5615 5592 5666
f 5666 5667 5668
f 5669 5594 5595
f 5667 5666 5594
f 5669 5667 5594
f 5527 5494 5664
f 5635 5664 5494
f 5668 5667 5670
f 5670 5667 5669
f 5550 5527 5664
f 5664 5671 5550
f 5671 5563 5550
f 5672 5671 5664
f 5671 5673 5563
f 5610 5548 5563
f 5615 5666 5674
f 5563 5675 5610
f 5563 5673 5675
f 5673 5144 5675
f 5612 5614 5615
f 5674 5612 5615
f 5672 5664 5665
f 5612 5674 5676
f 5673 5671 5672
f 5176 5673 5672
f 5665 5176 5672
f 5176 5144 5673
f 5402 5677 5399
f 5678 5399 5677
f 5408 5407 5678
f 5407 5399 5678
f 5145 5144 5175
f 5666 5668 5679
f 5649 5461 5680
f 5679 5668 5681
f 5668 5670 5681
f 5649 5680 5643
f 5682 5679 5681
f 5683 5676 5679
f 5683 5679 5684
f 5612 5676 5685
f 5680 5662 5643
f 5683 5685 5676
f 5685 5683 5684
f 5684 5679 5682
f 5649 5648 5651
f 5651 5461 5649
f 5452 5461 5651
f 5452 4728 5461
f 5640 5686 5595
f 5686 5640 5687
f 5687 5640 5642
f 5680 5461 4750
f 5595 5686 5669
f 5687 5688 5686
f 5689 5686 5688
f 5645 5644 5690
f 5665 5662 5680
f 5665 5680 5171
f 5642 5645 5687
f 5665 5171 5176
f 5691 5645 5692
f 5687 5645 5691
f 5176 5171 5170
f 5688 5687 5691
f 5669 5686 5689
f 5680 4750 5495
f 5689 5688 5693
f 5670 5669 5694
f 5694 5669 5689
f 5171 5680 5495
f 5693 5695 5689
f 5695 5694 5689
f 5172 5171 5495
f 5688 5691 5693
f 5144 5176 5175
f 5696 5693 5691
f 5697 5693 5696
f 5610 5675 5267
f 5610 5267 5613
f 5693 5698 5695
f 5267 5075 5613
f 5675 5144 5267
f 5698 5693 5697
f 5144 5143 5267
f 4913 5031 5699
f 5408 5700 5412
f 5700 5408 5678
f 5701 5700 5678
f 5031 5702 5699
f 5702 5031 5043
f 5700 5703 5412
f 5704 5700 5701
f 5670 5682 5681
f 5705 5702 5706
f 5670 5707 5682
f 5684 5682 5708
f 5709 5705 5706
f 5710 5684 5711
f 4987 5090 4982
f 5711 5684 5708
f 5712 5711 5708
f 5462 5412 5703
f 5704 5703 5700
f 5703 5704 5713
f 5090 5714 5043
f 5706 5043 5714
f 5703 5713 5715
f 5716 5703 5715
f 5702 5043 5706
f 5717 5704 5701
f 5713 5704 5717
f 5714 5090 5718
f 5717 5719 5713
f 5670 5694 5707
f 5718 5090 4987
f 5718 4987 5029
f 5720 5695 5698
f 5695 5720 5694
f 5721 5707 5694
f 5721 5694 5720
f 5706 5714 5709
f 5698 5722 5720
f 5721 5720 5722
f 5722 5698 5723
f 5724 5714 5718
f 5724 5718 5029
f 5028 5036 5029
f 5709 5714 5724
f 5722 5725 5721
f 5725 5722 5726
f 5724 5029 5727
f 5036 5727 5029
f 5707 5728 5682
f 5708 5682 5728
f 5712 5708 5729
f 5728 5707 5721
f 5730 5728 5721
f 5731 5732 5712
f 5729 5731 5712
f 5729 5733 5731
f 5734 5709 5735
f 5735 5724 5727
f 5731 5733 5736
f 5737 5735 5727
f 5731 5736 5738
f 5709 5724 5735
f 5736 5733 5739
f 5739 5740 5736
f 5727 5036 5741
f 5741 5036 5035
f 5741 5737 5727
f 5471 5741 5035
f 5263 5262 5611
f 5611 5402 5263
f 5742 5709 5734
f 5611 5612 5743
f 5402 5611 5743
f 5685 5743 5612
f 4875 5734 5744
f 5677 5402 5685
f 5402 5743 5685
f 5745 5734 5735
f 5744 5734 5745
f 5745 5735 5737
f 5746 5745 5737
f 5737 5741 5746
f 5744 5745 5747
f 5677 5685 5710
f 5746 5747 5745
f 5685 5684 5710
f 5677 5701 5678
f 5748 5701 5677
f 5744 5747 4899
f 5749 5677 5710
f 5711 5749 5710
f 4903 5747 5750
f 5747 4903 4899
f 5749 5748 5677
f 5749 5751 5748
f 5752 5241 5240
f 5751 5749 5711
f 3333 3332 5241
f 5711 5712 5732
f 3333 5241 5753
f 5732 5751 5711
f 5462 5716 5467
f 5703 5716 5462
f 5701 5748 5717
f 5717 5748 5754
f 5748 5751 5754
f 5755 5751 5732
f 5752 5753 5241
f 5751 5755 5754
f 5755 5732 5731
f 3333 5756 3456
f 5756 3333 5753
f 5731 5738 5755
f 5755 5738 5757
f 5690 5644 5225
f 5690 5225 5224
f 5692 5645 5690
f 5692 5690 5224
f 5752 5758 5753
f 5756 5753 5758
f 5303 5692 5224
f 5692 5303 5759
f 5696 5691 5692
f 5752 5240 5285
f 5760 5304 5658
f 5304 5760 5303
f 5752 5285 5761
f 5692 5759 5696
f 5759 5762 5696
f 5697 5696 5762
f 5761 5285 5301
f 5763 5761 5301
f 5303 5760 5759
f 5759 5760 5764
f 5759 5765 5766
f 5765 5759 5764
f 5761 5758 5752
f 5762 5759 5766
f 5767 5765 5764
f 5761 5763 5768
f 5277 5663 5657
f 5760 5658 5663
f 5764 5760 5663
f 5761 5768 5769
f 5663 5770 5764
f 5277 5324 5770
f 5277 5770 5663
f 3498 3456 5771
f 5772 5764 5770
f 5771 3456 5756
f 5772 5770 5773
f 5772 5767 5764
f 5324 5340 5774
f 5774 5770 5324
f 5771 5756 5758
f 5771 5758 5775
f 5364 5365 5774
f 5774 5773 5770
f 5723 5762 5776
f 5776 5762 5766
f 5723 5776 5777
f 5771 5775 4800
f 5778 5779 5777
f 4800 5775 4743
f 5762 5723 5697
f 5698 5697 5723
f 5723 5777 5722
f 5722 5777 5779
f 5766 5780 5776
f 4743 4742 4800
f 5780 5766 5765
f 5761 5769 5758
f 5765 5767 5780
f 5780 5767 5781
f 5777 5776 5778
f 5776 5780 5778
f 5781 5778 5780
f 5767 5782 5781
f 5778 5781 5783
f 5784 4765 5769
f 5785 5775 5758
f 5783 5781 5782
f 5779 5786 5726
f 5779 5726 5722
f 5726 5786 5725
f 5786 5779 5778
f 5786 5778 5783
f 5782 5787 5783
f 5785 5758 5769
f 5739 5733 5788
f 5788 5786 5783
f 4765 5785 5769
f 5788 5783 5789
f 5739 5788 5789
f 5789 5790 5739
f 5785 4765 4743
f 4743 5775 5785
f 5740 5739 5790
f 5783 5787 5789
f 5789 5787 5790
f 5791 5790 5787
f 4765 4753 4743
f 5792 5791 5787
f 5793 5385 5389
f 5782 5767 5772
f 3498 4800 3538
f 4800 3498 5771
f 5794 5772 5773
f 5773 5793 5794
f 5772 5794 5782
f 4800 3567 3538
f 5787 5782 5794
f 5793 5365 5385
f 5365 5793 5774
f 5773 5774 5793
f 5699 5301 4913
f 5795 5793 5389
f 5763 5301 5699
f 5398 5796 5389
f 5397 5796 5398
f 5796 5397 5797
f 5699 5702 5798
f 5798 5763 5699
f 5792 5794 5795
f 5768 5763 5798
f 5794 5793 5795
f 5798 5702 5705
f 5795 5389 5796
f 5795 5796 5799
f 5795 5800 5792
f 5795 5799 5800
f 5768 5798 5801
f 5787 5794 5792
f 5791 5792 5800
f 5798 5705 5801
f 5417 5802 5386
f 5803 5386 5802
f 5437 5386 5803
f 5437 5803 5804
f 5769 5768 5801
f 5805 5804 5803
f 5805 5806 5804
f 5784 5769 5801
f 5437 5804 5807
f 5403 5437 5807
f 5709 5742 5705
f 5801 5705 4872
f 4872 5705 5742
f 5806 5808 5804
f 5806 5809 5808
f 5807 5804 5808
f 5810 5807 5808
f 5809 5806 5811
f 5812 5784 5801
f 4872 5812 5801
f 4765 5812 4871
f 4871 5812 4872
f 4872 5742 4875
f 5812 4765 5784
f 5471 4731 5741
f 5734 4875 5742
f 4899 4875 5744
f 5463 5460 5477
f 4767 4738 4752
f 5813 5814 5815
f 4064 4045 4451
f 4766 4757 5816
f 5814 5813 5817
f 5580 5816 4757
f 5816 5580 5123
f 4506 3777 4767
f 4506 4767 5818
f 4508 4506 5819
f 5819 4506 5818
f 5819 5818 5820
f 5821 5819 5820
f 5813 5815 5068
f 3792 3796 3793
f 5822 5068 5823
f 5824 3793 3796
f 5825 5826 5824
f 5822 5087 5068
f 4770 3793 5826
f 5824 5826 3793
f 5813 5068 5067
f 5818 4767 4752
f 4766 5818 4752
f 5818 4766 5827
f 4731 5828 5741
f 5828 4731 4730
f 5068 5087 5069
f 5828 4730 4905
f 5829 5826 5825
f 5825 5821 5829
f 5820 5818 5827
f 5830 5829 5820
f 5829 5821 5820
f 5826 5108 4770
f 5829 5830 5826
f 5830 5108 5826
f 5831 1522 1521
f 4516 4508 5832
f 5832 4508 5819
f 5833 1522 5831
f 5824 4516 5832
f 5832 5819 5821
f 3796 4516 5824
f 5831 1521 1528
f 5832 5825 5824
f 5825 5832 5821
f 5827 4766 5816
f 5816 5122 5827
f 5834 5833 5831
f 5820 5827 5830
f 5834 5831 1528
f 5835 5108 5830
f 5827 5836 5830
f 5837 5834 1528
f 5122 5816 5123
f 5827 5122 5836
f 1529 1528 1526
f 5838 1528 1529
f 5123 5580 5585
f 5837 1528 5838
f 5839 1529 1530
f 5584 5109 5118
f 5838 1529 5839
f 5840 5834 5837
f 5840 5837 5841
f 5837 5838 5839
f 5837 5839 5841
f 5842 5841 5839
f 5839 1530 1531
f 5839 1531 5843
f 5828 5750 5746
f 4905 5750 5828
f 5844 4903 5750
f 5844 4905 5845
f 4905 5844 5750
f 1453 4917 1531
f 5843 1531 4917
f 5050 5051 5616
f 4881 4876 4940
f 5844 4919 4903
f 5845 4919 5844
f 5501 5845 4905
f 4906 5501 4905
f 4925 5843 4917
f 5843 5842 5839
f 5846 5840 5841
f 5840 5822 5823
f 5840 5846 5847
f 5846 5841 5842
f 5848 5846 5842
f 4943 4940 4932
f 5846 5848 5847
f 5849 5848 5842
f 5847 5822 5840
f 4944 4938 4949
f 5850 5087 5822
f 5850 5822 5851
f 5822 5847 5851
f 4734 5585 4735
f 5003 5007 5048
f 5047 5048 5007
f 4736 4789 4734
f 5848 5851 5847
f 5852 4786 4797
f 5585 4734 5853
f 5849 5851 5848
f 4716 4980 4992
f 5123 5585 5853
f 5123 5853 5854
f 4718 4716 4999
f 5843 4925 5842
f 5855 4718 4999
f 5004 5855 4999
f 4789 5853 4734
f 4788 5853 4789
f 5008 5004 4992
f 5856 5853 4788
f 5104 5007 5009
f 5854 5853 5856
f 5007 5104 5047
f 5856 5857 5854
f 5857 5856 5858
f 4930 5842 4925
f 5858 4790 4793
f 5858 5856 4790
f 5849 5842 4930
f 4790 5856 4788
f 5852 4797 4862
f 5115 5475 5107
f 4991 4786 5852
f 4762 4768 4776
f 4991 5859 5008
f 5860 4746 4762
f 4991 5852 5861
f 4930 4934 5849
f 4934 4930 4935
f 4793 4778 5860
f 5859 5862 5008
f 5860 4778 4746
f 4776 4793 4762
f 4793 5860 4762
f 5858 4793 4776
f 5861 5859 4991
f 4927 4935 4930
f 5861 5863 5859
f 4935 4927 4933
f 4935 4933 5864
f 5864 5865 4935
f 4789 4736 5866
f 4724 4718 5855
f 4736 4782 5866
f 5855 4725 4724
f 4725 5855 5867
f 4782 4849 5866
f 5004 5867 5855
f 5867 5004 5020
f 5020 5004 5008
f 4941 4951 5868
f 5392 5869 5866
f 5020 5017 5867
f 5016 4725 5017
f 4787 4789 5870
f 4725 5016 4025
f 5871 4787 5870
f 5017 4725 5867
f 5583 4941 5868
f 4778 4793 5872
f 5019 5017 5020
f 4772 5583 5868
f 4778 5872 5873
f 4787 4792 4790
f 5020 5008 5862
f 4951 4887 4897
f 4901 4951 4897
f 4792 4787 5871
f 5021 5020 5862
f 5021 5862 5023
f 4792 5872 4793
f 5872 4792 5871
f 4789 5866 5870
f 5873 5872 5871
f 4901 5874 4951
f 5871 5875 5873
f 5870 5866 5869
f 5038 5862 5863
f 5038 5863 5876
f 5870 5869 5875
f 5875 5871 5870
f 5874 4901 4957
f 5863 5862 5859
f 5873 5875 5877
f 5038 5023 5862
f 4901 5878 4957
f 5817 5878 4896
f 5878 4958 4957
f 5817 4958 5878
f 5480 5115 5284
f 5876 5863 5861
f 5480 5284 5287
f 5874 5868 4951
f 5879 5030 5038
f 5038 5876 5879
f 5879 5876 5880
f 4772 5868 4961
f 5880 5052 5879
f 4961 5868 5874
f 5874 4960 4961
f 5056 5052 5880
f 4960 5874 4957
f 4960 4957 4959
f 5879 5052 5030
f 5521 5342 5341
f 5341 5346 5521
f 5881 4862 4881
f 5852 4862 5881
f 4778 4860 4836
f 5873 4860 4778
f 5852 5881 5861
f 5861 5881 5882
f 4860 5873 5877
f 5875 5883 5877
f 5881 4881 4940
f 5078 4940 4943
f 4940 5882 5881
f 5882 4940 5077
f 5078 5077 4940
f 4944 5078 4943
f 5884 5076 4944
f 5861 5882 5077
f 5876 5861 5077
f 4944 5076 5078
f 5876 5077 5079
f 5079 5076 5056
f 5086 4944 4949
f 5884 4944 5086
f 5885 4958 5817
f 5085 4965 5097
f 5076 5884 5091
f 5086 5091 5884
f 5045 4959 4958
f 5091 5086 5092
f 5885 5045 4958
f 5049 5045 5885
f 5092 5086 5085
f 4962 4959 5045
f 5097 5092 5085
f 5079 5880 5876
f 5880 5079 5056
f 5885 5817 5813
f 5115 5480 5475
f 5483 5480 5287
f 5483 5287 5297
f 5496 5498 4919
f 5845 5496 4919
f 4919 5498 4921
f 5501 5496 5845
f 5497 5496 5501
f 5497 5501 5886
f 5885 5813 5080
f 5500 5886 5501
f 5813 5067 5080
f 5559 5886 5500
f 5342 5483 5297
f 5483 5342 5482
f 5482 5342 5506
f 5088 5087 5850
f 5497 5886 5559
f 5518 5887 5519
f 5887 5521 5519
f 5888 5521 5887
f 5888 5889 5521
f 5887 5518 5888
f 5888 5518 5889
f 5889 5518 5523
f 5497 5890 5516
f 5080 5049 5885
f 5559 5890 5497
f 5523 5524 5890
f 5524 5516 5890
f 5891 5342 5889
f 5889 5342 5521
f 5891 5892 5342
f 5889 5523 5891
f 5893 5521 5346
f 5893 5346 5891
f 5074 5080 5067
f 5891 5346 5892
f 5346 5344 5892
f 5893 5894 5521
f 5521 5894 5528
f 5894 5530 5528
f 5523 5893 5891
f 5893 5523 5894
f 5894 5523 5530
f 5342 5892 5532
f 5081 5080 5074
f 5506 5342 5532
f 5892 5344 5529
f 5344 5345 5529
f 5530 5892 5529
f 5054 5049 5081
f 5895 5892 5530
f 5532 5892 5895
f 5530 5523 5895
f 5523 5890 5895
f 5202 4968 4975
f 5567 5890 5559
f 5510 5561 5559
f 5895 5890 5896
f 5895 5557 5532
f 5532 5557 5558
f 5895 5896 5557
f 5054 5081 5897
f 5897 5065 5054
f 5557 5896 5555
f 5896 5553 5555
f 5561 5567 5559
f 4975 5161 5202
f 5890 5567 5896
f 5161 5162 5898
f 5065 5897 5244
f 5254 5081 5074
f 5254 5897 5081
f 5136 5139 5899
f 5899 5139 5900
f 5254 5244 5897
f 5835 5118 5108
f 5835 5830 5836
f 5165 5136 5899
f 5165 5899 5214
f 5583 5380 4942
f 5583 4942 4941
f 5188 5214 5899
f 5835 5836 5901
f 5122 5124 5836
f 5901 5836 5124
f 5584 5835 5901
f 5835 5584 5118
f 5584 4775 4768
f 4775 5584 5901
f 5902 5139 5414
f 5903 5449 5596
f 5902 5900 5139
f 5190 5902 5414
f 5900 5902 5186
f 4857 5201 4858
f 5186 5902 5190
f 5899 5900 5188
f 5186 5188 5900
f 5904 5596 4806
f 5905 4842 5182
f 5905 5182 5906
f 5124 5123 5854
f 5857 5124 5854
f 5857 5901 5124
f 5182 4842 5173
f 5901 5857 4775
f 5857 4776 4775
f 4776 5857 5858
f 5161 5205 5202
f 5898 5205 5161
f 4813 5907 5904
f 5908 5182 5909
f 4813 5904 4805
f 5904 4806 4805
f 5205 5898 5206
f 5903 5596 5489
f 5182 5178 5909
f 5596 5907 5489
f 5596 5904 5907
f 5231 5097 5202
f 4813 5910 5907
f 5231 5202 5205
f 5910 4813 5911
f 5907 5910 5489
f 5098 5097 5231
f 5487 5489 5910
f 5487 5910 5912
f 5243 5909 5178
f 5910 5911 5912
f 5911 4813 4812
f 4817 5911 4812
f 5231 5205 5207
f 5204 5207 5205
f 5913 5906 5908
f 4838 5911 4817
f 5908 5914 5913
f 4843 5911 4838
f 5908 5906 5182
f 5915 4843 5905
f 5913 5914 5198
f 4843 4842 5905
f 5198 5914 5199
f 5898 5162 5168
f 5911 5915 5912
f 5912 5915 5916
f 5197 5201 5917
f 5206 5898 5168
f 5199 5917 5201
f 5199 5918 5917
f 5912 5916 4852
f 5165 5214 5168
f 4843 5915 5911
f 5908 5919 5914
f 4848 4824 4832
f 5920 5199 5914
f 5199 5920 5918
f 5920 5914 5919
f 5916 5915 5921
f 5915 5905 5921
f 5921 5905 5906
f 5192 5197 5193
f 5921 5913 5916
f 5215 5214 5188
f 4852 5916 4853
f 4855 4851 4856
f 4853 5916 5913
f 5209 5206 5213
f 4851 4853 4856
f 5922 5908 5909
f 4853 5198 4856
f 4857 4856 5198
f 5913 5921 5906
f 5919 5908 5922
f 4853 5913 5198
f 1385 4861 4865
f 5920 5919 5923
f 5923 5918 5920
f 5924 5923 5919
f 5925 5193 5197
f 5197 5917 5925
f 5925 5917 5918
f 5925 5210 5193
f 4865 4868 4864
f 5923 5925 5918
f 4868 4865 5926
f 5927 4861 5928
f 5927 4865 4861
f 4865 5927 5926
f 5209 5232 5207
f 5927 5928 5929
f 5232 5209 5221
f 4890 5929 5930
f 4889 5929 4890
f 5251 5252 5322
f 5322 5252 5275
f 5931 4861 4867
f 5928 4861 5931
f 5252 5266 5275
f 5929 5928 5930
f 4867 1441 1445
f 4867 1445 5932
f 5243 5178 5065
f 5931 4867 5932
f 5930 5928 5931
f 5244 5243 5065
f 5930 5931 5932
f 5930 5932 5933
f 5226 5215 5188
f 5330 5329 5934
f 5935 5909 5243
f 1446 5936 1445
f 5936 5932 1445
f 5366 5934 5329
f 5936 1446 1522
f 5833 5936 1522
f 5933 5932 5936
f 5937 5933 5936
f 5936 5833 5937
f 5244 5255 5245
f 5246 5331 5238
f 4890 5930 4892
f 4892 5930 5933
f 4892 5933 5937
f 5219 5212 5261
f 5264 5219 5261
f 5306 5317 5307
f 5366 5938 5934
f 5937 5939 4892
f 5298 5300 5319
f 5937 5940 5939
f 5941 5331 5211
f 5941 5211 5210
f 5319 5300 5317
f 5940 5937 5942
f 5377 5366 5363
f 5938 5366 5377
f 5210 5925 5941
f 5319 5317 4942
f 5319 4942 5380
f 4869 4868 5926
f 5261 5272 5264
f 4869 5926 4879
f 5378 5362 5383
f 4889 5926 5927
f 4889 4879 5926
f 4889 5927 5929
f 5378 5459 5943
f 5938 5377 5378
f 5944 5938 5378
f 4898 4879 4889
f 5246 5211 5331
f 5281 5238 5328
f 5943 5944 5378
f 5328 5238 5331
f 4887 4879 4897
f 5866 4849 5392
f 5869 5392 5391
f 5869 5391 5883
f 5869 5883 5875
f 5302 5336 5326
f 4888 4898 4889
f 5330 5392 4849
f 5945 5850 5851
f 5945 5088 5850
f 5319 5370 5302
f 4897 4879 4898
f 5945 5851 5946
f 5302 5370 5336
f 5947 4854 4860
f 5817 4896 4888
f 5947 5400 4854
f 5370 5319 5380
f 4896 5878 4901
f 5946 5851 5849
f 5373 5370 5380
f 5946 5849 5948
f 5330 5934 5392
f 5392 5934 5938
f 5948 5849 4936
f 5945 5946 5948
f 4888 4892 5939
f 5392 5938 5949
f 5074 5088 5945
f 5950 5394 5393
f 4888 5939 5817
f 5951 5074 5945
f 5393 5392 5949
f 5817 5939 5814
f 5254 5074 5951
f 5947 5952 5400
f 5950 5952 5947
f 5393 5949 5953
f 5290 5951 5945
f 5953 5950 5393
f 5952 5950 5953
f 5954 5952 5953
f 5942 5937 5833
f 5833 5834 5942
f 5840 5942 5834
f 5952 5955 5400
f 5309 5254 5951
f 5372 5400 5955
f 5289 5309 5290
f 5309 5951 5290
f 5290 5945 5948
f 5939 5940 5814
f 5815 5940 5942
f 5883 5394 5877
f 4860 5877 5947
f 5815 5942 5840
f 5947 5877 5394
f 5290 5948 5295
f 5883 5391 5394
f 5815 5840 5823
f 5815 5814 5940
f 5823 5068 5815
f 5947 5394 5950
f 5291 5290 5295
f 4936 5849 4934
f 5956 5406 5425
f 5427 5956 5425
f 5938 5957 5949
f 5954 5953 5949
f 5295 5948 4936
f 5949 5957 5954
f 4870 5425 4864
f 4870 4864 4868
f 5295 4936 4935
f 5372 5955 5451
f 5451 5955 5472
f 5952 5958 5955
f 5954 5958 5952
f 5959 4935 5865
f 5956 5414 5406
f 5190 5414 5956
f 5957 5960 5954
f 5295 4935 5959
f 5958 5954 5960
f 5957 5938 5944
f 5957 5944 5961
f 5960 5957 5961
f 5191 5190 5956
f 5191 5956 5427
f 5962 5960 5961
f 5955 5958 5963
f 5963 5958 5960
f 5963 5472 5955
f 5963 5960 5962
f 5294 5291 5295
f 5295 5959 5296
f 5459 5624 5943
f 5296 5959 5964
f 5965 5943 5966
f 5944 5943 5965
f 5966 5967 5965
f 5968 5967 5966
f 5961 5944 5965
f 5962 5961 5965
f 4451 5445 5491
f 5472 5963 5969
f 5962 5969 5963
f 5445 5454 5491
f 5965 5967 5962
f 5969 5962 5967
f 5247 5251 5322
f 5340 5272 5325
f 5325 5351 5340
f 5364 5340 5351
f 5774 5340 5364
f 5296 5970 5294
f 5294 5970 5379
f 5970 5971 5379
f 5919 5922 5924
f 5924 5922 5972
f 5923 5924 5973
f 5909 5935 5972
f 5922 5909 5972
f 5972 5935 5974
f 5935 5243 5245
f 5975 5935 5245
f 5974 5935 5975
f 5245 5410 5975
f 5410 5245 5255
f 5924 5972 5976
f 5977 5972 5974
f 5977 5976 5972
f 5976 5973 5924
f 5973 5976 5978
f 5973 5925 5923
f 5973 5979 5925
f 5979 5973 5978
f 5941 5925 5979
f 5974 5980 5977
f 5941 5332 5331
f 5941 5419 5332
f 5979 5981 5941
f 5941 5981 5419
f 5976 5977 5982
f 5983 5979 5978
f 5976 5984 5978
f 5984 5976 5982
f 5983 5978 5984
f 5985 5974 5975
f 5985 5975 5410
f 5410 5411 5985
f 5415 5985 5411
f 5985 5980 5974
f 5985 5424 5980
f 5986 5419 5981
f 5982 5977 5980
f 5987 5982 5980
f 5624 5459 5441
f 5985 5415 5424
f 5456 5472 5988
f 5802 5417 5419
f 5988 5646 5456
f 5628 5966 5624
f 5943 5624 5966
f 5987 5980 5424
f 5966 5628 5989
f 5982 5987 5990
f 5966 5989 5991
f 5987 5424 5992
f 5993 5646 5988
f 5968 5966 5991
f 5991 5659 5968
f 5967 5994 5988
f 5994 5967 5968
f 5968 5659 5994
f 5993 5988 5994
f 5995 5994 5659
f 5992 5424 5423
f 5987 5992 5996
f 5423 5996 5992
f 5628 5632 5989
f 5996 5423 5997
f 5998 5996 5999
f 6000 5632 5654
f 5997 5423 5433
f 5997 5433 5442
f 6000 5654 6001
f 5997 5999 5996
f 5646 5656 5641
f 5999 5997 6002
f 5903 5450 5449
f 6003 5455 5656
f 6001 5654 5450
f 6001 5450 5903
f 5989 5660 5991
f 5989 5632 6000
f 6001 5903 6004
f 6000 5660 5989
f 5660 5659 5991
f 6003 5457 5455
f 6005 5457 6003
f 5994 5995 5993
f 5659 6006 5995
f 5993 5995 6006
f 6006 5659 5661
f 5661 6000 6001
f 5661 5660 6000
f 6006 5661 6007
f 6007 5661 6001
f 6004 6008 6005
f 6005 6009 5457
f 6009 6005 6008
f 6004 5903 6010
f 6008 6004 6010
f 5993 5656 5646
f 6007 6001 6004
f 6007 6004 6005
f 6003 6007 6005
f 5993 6011 5656
f 6011 5993 6006
f 6007 6011 6006
f 6007 6003 6011
f 6011 6003 5656
f 6010 5903 5489
f 6012 6010 5489
f 6008 6010 6012
f 6009 5470 5457
f 6008 5470 6009
f 6012 5489 5488
f 6012 5492 6008
f 5492 5479 5470
f 5492 5470 6008
f 5492 6012 5488
f 5479 5492 6013
f 5492 5490 6013
f 4833 5479 6013
f 5490 6014 6013
f 4832 6013 6014
f 4833 6013 4832
f 5472 5969 5988
f 5988 5969 5967
f 5490 5487 5912
f 6014 5490 5912
f 6014 5912 4852
f 6014 4852 4851
f 4851 4832 6014
f 4848 4832 4855
f 4855 4832 4851
f 5741 5828 5746
f 5746 5750 5747
f 5676 5674 5666
f 5666 5679 5676
f 5708 5728 5729
f 5730 5729 5728
f 5730 5721 5725
f 5733 5730 5725
f 5729 5730 5733
f 5788 5733 5725
f 5725 5786 5788
f 5983 5981 5979
f 5986 5981 5983
f 6015 5983 5984
f 5419 5986 5802
f 5986 5983 6015
f 6015 5982 5990
f 5982 6015 5984
f 5986 5803 5802
f 5803 5986 6016
f 6015 6016 5986
f 6016 6015 5990
f 5990 5987 6017
f 6017 6016 5990
f 6017 5987 5998
f 5998 5987 5996
f 5805 6016 6017
f 5805 6017 5811
f 5811 6017 5998
f 6016 5805 5803
f 5811 5806 5805
f 5808 6018 5810
f 5811 5998 5999
f 6019 5811 5999
f 5809 5811 6019
f 6018 5808 5809
f 6018 5809 6020
f 6021 1727 1726
f 4159 6022 6023
f 6024 6025 6026
f 6027 6023 6022
f 6025 6028 6026
f 6023 6027 6029
f 6030 6031 6032
f 6033 6026 6028
f 6023 6029 4161
f 6026 6033 6034
f 6035 6021 6036
f 6035 6037 6021
f 6034 6038 6026
f 6039 6031 6030
f 6040 6039 6030
f 6031 6041 6042
f 6037 1727 6021
f 6043 6027 6044
f 6045 6038 6034
f 1753 1752 6046
f 6039 6047 6041
f 6043 6048 6027
f 6049 6050 6051
f 6049 6052 6050
f 6041 6053 6042
f 6041 6054 6053
f 6055 6056 6057
f 6058 6056 6055
f 6059 6045 6034
f 6035 6036 6060
f 6061 6045 6059
f 6062 6063 6064
f 6065 6035 6060
f 6063 6066 6067
f 6067 6064 6063
f 6068 6069 6070
f 6071 6062 6064
f 6072 6065 6060
f 6073 3981 3986
f 6071 6064 6074
f 3981 6044 4155
f 6069 6075 6070
f 6076 6071 6074
f 6067 6074 6064
f 6065 6077 6035
f 6065 6078 6077
f 6079 6078 6065
f 6067 6080 6081
f 6081 6080 6082
f 6075 6083 6084
f 6085 6086 6087
f 6073 6044 3981
f 6085 6088 6086
f 6076 6074 6089
f 6052 6090 6091
f 6092 6093 6094
f 1763 1753 6095
f 6046 6095 1753
f 6096 6083 6075
f 6073 6097 6044
f 6043 6044 6097
f 6098 6099 6100
f 6054 6101 6069
f 6095 6102 1763
f 6030 6098 6103
f 6104 6095 6046
f 6030 6103 6105
f 6043 6097 6106
f 6030 6105 6040
f 6095 6104 6102
f 6107 6108 6109
f 6110 1764 1763
f 6073 3986 6111
f 6112 1764 6110
f 1764 6112 1859
f 6097 6073 6113
f 6114 6073 6111
f 6115 6096 6101
f 6107 6116 6108
f 6101 6075 6069
f 6096 6075 6101
f 6108 6116 6117
f 6114 6113 6073
f 6118 6116 6107
f 6119 6113 6114
f 6106 6097 6113
f 6096 6120 6083
f 6106 6113 6121
f 6122 6123 6124
f 6110 6102 6125
f 6124 6126 6122
f 6127 6110 6125
f 1763 6102 6110
f 6128 6084 6083
f 6122 6129 6123
f 6130 6048 6131
f 6132 6133 6134
f 6110 6127 6112
f 6133 6122 6126
f 6106 6121 6131
f 6135 6122 6133
f 6135 6133 6136
f 6137 6128 6083
f 6112 6138 6139
f 6138 6112 6127
f 6140 6111 6141
f 6128 6137 6142
f 6133 6143 6136
f 6135 6129 6122
f 6144 6145 6138
f 6052 6146 6090
f 6139 1904 1859
f 6147 6146 6052
f 1904 1867 1859
f 6123 6129 6148
f 6149 6147 6052
f 6145 6150 6138
f 6120 6137 6083
f 6129 6151 6148
f 6152 6146 6147
f 6153 1904 6150
f 6151 6154 6155
f 6120 6156 6137
f 6120 6096 6115
f 6129 6135 6151
f 1904 6157 1905
f 1904 6153 6157
f 6132 6143 6133
f 1911 1905 6157
f 2233 1911 6157
f 6158 6143 6159
f 6121 6113 6119
f 6159 6143 6132
f 6156 6142 6137
f 6145 6153 6150
f 6143 6160 6136
f 6161 6121 6162
f 6163 6164 6165
f 6156 6166 6142
f 6167 6153 6145
f 6049 6149 6052
f 6156 6120 6168
f 6156 6168 6166
f 6169 6153 6167
f 6170 6171 6172
f 6170 6130 6161
f 6114 6111 6140
f 6173 6174 6175
f 6176 6177 6174
f 6140 6119 6114
f 6173 6176 6174
f 6178 6140 6179
f 6047 6180 6041
f 6140 6178 6119
f 6181 6125 6182
f 6183 6124 6047
f 6180 6047 6124
f 6184 6127 6125
f 6185 6146 6152
f 6118 6186 6187
f 6054 6188 6101
f 6146 6185 6189
f 6041 6188 6054
f 6162 6121 6119
f 6186 6190 6187
f 6144 6127 6184
f 6162 6191 6161
f 6162 6119 6178
f 6192 6144 6184
f 6173 6175 6193
f 6152 6194 6185
f 6193 6175 4591
f 6088 6181 6182
f 6184 6125 6181
f 6162 6178 6195
f 6196 6176 6173
f 6196 6197 6176
f 6195 6178 6198
f 6199 6192 6184
f 6191 6162 6195
f 6199 6184 6200
f 6201 6193 4591
f 6185 6202 6189
f 6144 6192 6145
f 6115 6101 6188
f 6201 4591 4525
f 6115 6188 6203
f 6204 6193 6201
f 6205 6195 6198
f 6206 6207 6208
f 6208 6209 6206
f 6180 6188 6041
f 6187 6190 6210
f 6199 6211 6192
f 6210 6190 6212
f 6213 6192 6211
f 6048 6130 6214
f 6130 6057 6214
f 6057 6130 6055
f 6180 6203 6188
f 6123 6203 6180
f 6055 6172 6215
f 6130 6172 6055
f 6212 6216 6217
f 6172 6130 6170
f 6192 6213 6167
f 6218 6190 6186
f 6219 6167 6213
f 6190 6218 6220
f 6115 6203 6221
f 6192 6167 6145
f 6220 6212 6190
f 6222 6216 6212
f 4207 4205 6223
f 6115 6168 6120
f 6221 6168 6115
f 6220 6222 6212
f 6224 6166 6168
f 6216 6222 6225
f 6168 6221 6224
f 6226 6220 6218
f 6079 6065 6072
f 6223 6227 4207
f 6228 6229 6072
f 6230 6222 6231
f 6232 6224 6221
f 6229 6079 6072
f 6232 6233 6224
f 6222 6230 6225
f 6220 6231 6222
f 6079 6234 6078
f 6148 6221 6203
f 6235 6079 6229
f 6116 6118 6187
f 6187 6236 6116
f 6237 6238 6239
f 6229 6240 6235
f 6237 6241 6238
f 6242 6142 6166
f 6237 6239 6243
f 6244 6234 6079
f 6245 6242 6166
f 6237 6243 6246
f 6247 6163 6248
f 6244 6079 6235
f 6164 6163 6247
f 6164 6247 6249
f 6244 6085 6234
f 6250 6251 6237
f 6224 6245 6166
f 6252 4015 4200
f 6253 6254 6245
f 6253 6245 6224
f 6255 6244 6235
f 6240 6256 6235
f 6256 6255 6235
f 6247 6257 6249
f 6257 6247 6216
f 6224 6233 6253
f 6258 4015 6252
f 6244 6255 6259
f 6260 6259 6255
f 6261 6262 6263
f 4210 6252 4200
f 6264 6254 6253
f 4210 4207 6265
f 6254 6264 6266
f 6267 6240 6229
f 6252 4210 6265
f 6268 6269 6270
f 6271 6256 6240
f 6272 6269 6273
f 6271 6240 6267
f 6274 6275 6268
f 6269 6272 6270
f 6276 6252 6265
f 6277 6267 4459
f 6276 6265 6278
f 6277 6271 6267
f 6276 6258 6252
f 6279 6280 6281
f 6277 6282 6271
f 6283 6284 6285
f 6286 6282 6277
f 2325 1956 6287
f 6283 6288 6284
f 6289 6288 6283
f 6290 6256 6271
f 6290 6260 6256
f 2339 6291 2340
f 6292 1989 2340
f 6293 6268 6275
f 6294 6295 6258
f 6256 6260 6255
f 6294 6258 6276
f 6275 6296 6293
f 6293 6283 6285
f 4207 4210 4201
f 6297 2340 6291
f 6298 6293 6296
f 6297 6292 2340
f 6282 6290 6271
f 6299 6289 6283
f 1989 6292 1987
f 6300 6260 6290
f 6282 6301 6290
f 6301 6300 6290
f 6302 6289 6299
f 6265 4207 6227
f 6286 6301 6282
f 6303 6292 6297
f 6304 6265 6227
f 6305 6306 6307
f 6308 6305 6307
f 6303 1987 6292
f 6308 6309 6305
f 6260 6300 6310
f 6300 6311 6310
f 6304 6278 6265
f 6302 6312 6308
f 6302 6313 6312
f 6299 6314 6302
f 6297 6291 6315
f 6316 6315 6291
f 6317 6297 6315
f 6318 6319 6300
f 6297 6317 6303
f 6320 6313 6314
f 6321 6199 6200
f 6314 6313 6302
f 6322 6321 6323
f 6324 6313 6320
f 6321 6211 6199
f 6246 6250 6237
f 6325 6211 6321
f 6325 6213 6211
f 6326 6303 6317
f 3614 3611 4847
f 6322 6325 6321
f 6202 6327 6246
f 6328 6329 6330
f 6328 6331 6329
f 6329 6331 6332
f 6322 6323 6333
f 6327 6250 6246
f 6334 6322 6333
f 6335 6249 6263
f 6336 6334 6333
f 6335 6328 6249
f 6322 6337 6325
f 1990 1987 6338
f 6337 6322 6334
f 6339 6337 6334
f 6340 6328 6335
f 6331 6328 6340
f 6341 2001 1990
f 6342 6332 6331
f 6343 6339 6334
f 6340 6342 6331
f 6263 6262 6335
f 6344 6295 6294
f 4459 6345 6277
f 6345 6286 6277
f 6338 6341 1990
f 6294 6346 6344
f 6347 6335 6262
f 6262 6348 6347
f 6349 6335 6347
f 6349 6340 6335
f 6278 6294 6276
f 6286 6345 6350
f 6341 6351 2001
f 6346 6294 6352
f 6353 6286 6350
f 6352 6294 6278
f 6345 4458 6354
f 6355 6345 6354
f 6355 6354 4461
f 1987 6356 6338
f 1987 6303 6356
f 6356 6303 6326
f 6350 6345 6355
f 6344 6346 6198
f 6357 6353 6350
f 6358 6349 6347
f 6359 6357 6350
f 6198 6346 6360
f 6356 6361 6338
f 6349 6362 6340
f 6360 6363 6198
f 6202 6364 6327
f 6301 6286 6353
f 6365 6301 6353
f 6364 6366 6327
f 6301 6318 6300
f 6365 6318 6301
f 6367 6366 6368
f 6341 6338 6361
f 6346 6352 6360
f 6369 6324 6320
f 6370 6360 6352
f 6324 6369 6371
f 6357 6365 6353
f 6324 6371 6372
f 6373 6374 6375
f 6318 6365 6376
f 6376 6365 6357
f 6377 6371 6369
f 6363 6360 6370
f 6378 6379 6371
f 6363 6370 6380
f 6381 6356 6326
f 6379 6382 6371
f 6372 6371 6382
f 6381 6326 6383
f 6384 6318 6376
f 6379 6385 6382
f 6386 6387 6359
f 6385 6379 6388
f 6387 6389 6359
f 6389 6357 6359
f 6371 6377 6378
f 6304 6390 6278
f 6391 6392 6393
f 6394 6389 6387
f 6391 6393 6395
f 6396 6389 6394
f 6391 6395 6397
f 6397 6392 6391
f 6381 6398 6356
f 6227 6399 6304
f 6398 6361 6356
f 6376 6357 6389
f 6399 6390 6304
f 6080 6306 6082
f 6396 6376 6389
f 6128 6381 6383
f 6396 6400 6376
f 6401 6081 6082
f 6400 6402 6376
f 6403 6381 6128
f 6278 6404 6352
f 6142 6403 6128
f 6306 6401 6082
f 6305 6401 6306
f 6403 6398 6381
f 6404 6278 6390
f 6305 6309 6401
f 6405 6400 6396
f 6404 6390 6406
f 6407 6400 6405
f 6093 6092 6408
f 6409 6398 6403
f 6093 6408 6410
f 6411 6412 6396
f 6412 6405 6396
f 6413 6093 6410
f 6399 6406 6390
f 6414 6415 6410
f 6416 6177 6411
f 6414 6417 6415
f 6415 6413 6410
f 6418 6413 6415
f 4006 4013 6416
f 4013 4006 4008
f 6419 6415 6420
f 6409 6403 6142
f 6421 6415 6419
f 6422 6421 6419
f 6406 6423 6404
f 4013 6174 6416
f 6375 6415 6421
f 6174 6177 6416
f 6421 6373 6375
f 6351 2151 2001
f 4525 3737 6204
f 3737 4525 3736
f 6370 6352 6404
f 6424 6370 6425
f 4012 6175 4013
f 6351 6426 2151
f 6175 6174 4013
f 6425 6370 6404
f 6427 6204 3737
f 6380 6370 6424
f 6428 6427 3737
f 6429 6351 6341
f 4591 6175 4012
f 1757 6430 1762
f 4594 6428 3735
f 6429 6426 6351
f 4594 6431 6428
f 6430 6432 1762
f 6433 1951 1762
f 6434 6432 6430
f 6435 2158 6426
f 4593 6431 4594
f 6436 6431 4593
f 6437 6438 6439
f 6433 1762 6432
f 6440 6433 6432
f 6441 4221 4222
f 6442 6443 6444
f 4141 6445 3839
f 4141 3839 3840
f 4141 3840 3838
f 6446 6429 6341
f 6361 6446 6341
f 6447 6432 6434
f 4141 6448 6445
f 6445 6448 6449
f 6447 6434 6450
f 6449 6443 6445
f 6443 6451 6445
f 6447 6440 6432
f 4205 4221 6223
f 6452 6426 6429
f 6453 6449 6448
f 6452 6435 6426
f 6433 1956 1951
f 6449 6091 6090
f 6454 6226 6438
f 6440 1956 6433
f 6455 6231 6226
f 6226 6454 6455
f 6456 1956 6440
f 6287 1956 6456
f 4221 6227 6223
f 6457 6231 6455
f 6447 6456 6440
f 6231 6220 6226
f 6435 6452 6458
f 6441 6227 4221
f 6458 6459 6435
f 6316 2325 6287
f 6457 6460 6231
f 6461 6316 6456
f 6426 2159 2151
f 6462 6219 6213
f 6462 6213 6325
f 2159 6426 2158
f 6454 6463 6464
f 6465 6455 6454
f 6464 6465 6454
f 6466 6467 6227
f 6219 6169 6167
f 6464 6468 6465
f 6469 6460 6457
f 6169 6219 6450
f 6470 6471 6460
f 6466 6227 6441
f 6472 6447 6450
f 6466 6441 6473
f 2158 6459 6474
f 6465 6475 6469
f 6474 2155 2158
f 6470 6460 6469
f 6447 6472 6476
f 2155 6474 2160
f 6475 6470 6469
f 3612 3614 4222
f 6435 6459 2158
f 6470 6475 6243
f 6450 6219 6477
f 6444 6463 6442
f 6478 4222 3614
f 6462 6477 6219
f 2162 2160 6474
f 3986 3968 6479
f 6450 6477 6472
f 6473 6441 4222
f 6478 6473 4222
f 3986 6479 6111
f 6449 6444 6443
f 6449 6090 6444
f 6480 2162 6474
f 6481 3614 4847
f 6476 6461 6447
f 6447 6461 6456
f 3968 4019 6479
f 6481 6482 6478
f 6479 4019 6141
f 6480 6474 6459
f 6315 6461 6483
f 6482 6473 6478
f 6472 6484 6476
f 4015 6258 4019
f 6484 6472 6477
f 3614 6481 6478
f 6484 6068 6476
f 6111 6479 6141
f 6459 6485 6480
f 6485 6459 6458
f 6483 6461 6068
f 6141 4019 6258
f 6258 6295 6141
f 6068 6070 6483
f 6486 6361 6398
f 6473 6487 6466
f 6141 6295 6179
f 6483 6317 6315
f 6464 6463 6488
f 6488 6463 6444
f 6383 6326 6317
f 6317 6489 6383
f 6361 6486 6446
f 6399 6227 6467
f 6488 6468 6464
f 6070 6489 6483
f 6446 6452 6429
f 6483 6489 6317
f 6490 6468 6488
f 6075 6489 6070
f 6490 6491 6468
f 6490 6488 6444
f 6146 6490 6444
f 6444 6090 6146
f 6446 6492 6452
f 6084 6383 6489
f 6486 6492 6446
f 6489 6075 6084
f 6409 6486 6398
f 6493 6466 6487
f 6493 6467 6466
f 6128 6383 6084
f 6465 6468 6475
f 6399 6467 6494
f 6493 6494 6467
f 6468 6491 6475
f 6495 6462 6325
f 6337 6495 6325
f 6491 6189 6202
f 6475 6496 6243
f 6496 6475 6491
f 6497 6486 6409
f 6462 6495 6498
f 6496 6246 6243
f 6491 6202 6496
f 6499 6494 6493
f 6202 6246 6496
f 6189 6491 6490
f 6490 6146 6189
f 6140 6141 6179
f 6337 6339 6500
f 6473 6482 6487
f 6337 6500 6495
f 6495 6500 6498
f 6501 6487 6482
f 6502 6503 6498
f 6504 6498 6500
f 6179 6295 6344
f 6504 6502 6498
f 6178 6179 6344
f 6505 6458 6492
f 6178 6344 6198
f 6458 6452 6492
f 6506 6053 6502
f 6458 6505 6485
f 6507 6501 6482
f 6477 6462 6503
f 6498 6503 6462
f 6508 6507 6482
f 6202 6185 6364
f 6509 4140 4137
f 6484 6477 6510
f 6503 6510 6477
f 4147 6509 4137
f 6511 6501 6507
f 4668 4147 4142
f 6453 6448 4141
f 6507 6512 6511
f 4140 6453 4141
f 6513 6505 6492
f 6514 6511 6512
f 6515 6068 6484
f 6516 4140 6509
f 6516 6453 4140
f 6509 4147 6516
f 6069 6068 6515
f 4147 6050 6516
f 6510 6515 6484
f 6022 4154 4155
f 6502 6510 6503
f 6499 6487 6501
f 6505 6513 6485
f 6487 6499 6493
f 6513 6517 6485
f 6053 6515 6510
f 6501 6518 6499
f 6022 4155 6044
f 6053 6510 6502
f 6027 6022 6044
f 6517 6519 6485
f 6053 6054 6515
f 6516 6091 6453
f 6054 6069 6515
f 6091 6449 6453
f 6511 6518 6501
f 6050 6091 6516
f 6052 6091 6050
f 4159 4154 6022
f 6520 6500 6339
f 6520 6339 6343
f 6494 6406 6399
f 6521 6050 4147
f 6500 6520 6504
f 4159 6023 4161
f 6032 6506 6504
f 6504 6520 6032
f 6099 6522 6523
f 6358 6524 6349
f 6098 6030 6522
f 6525 6349 6524
f 6504 6506 6502
f 6241 6526 6524
f 6042 6053 6506
f 6251 6241 6237
f 6506 6032 6031
f 6251 6526 6241
f 6506 6031 6042
f 2169 2162 6527
f 6251 6528 6526
f 6529 2169 6527
f 6528 6251 6250
f 6530 6528 6250
f 6531 6532 6525
f 6526 6525 6524
f 6526 6531 6525
f 6531 6526 6533
f 6533 6532 6531
f 6534 2162 6480
f 6533 6535 6532
f 6527 2162 6534
f 6535 6536 6532
f 6535 6537 6536
f 6538 6537 6535
f 6534 6539 6527
f 6540 6532 6536
f 6540 6536 6541
f 6539 6542 6527
f 6528 6533 6526
f 6529 2171 2169
f 6529 2187 2171
f 2192 2187 6529
f 6543 6533 6528
f 6528 6530 6543
f 6544 2192 6529
f 6543 6535 6533
f 6538 6535 6543
f 6545 2192 6544
f 6530 6538 6543
f 6527 6542 6529
f 6542 6546 6529
f 6546 6544 6529
f 6530 6250 6547
f 6327 6547 6250
f 6366 6547 6327
f 6548 6545 6544
f 6549 6366 6367
f 6546 6548 6544
f 6547 6550 6530
f 6550 6547 6551
f 6550 6538 6530
f 6552 6553 6517
f 6425 6404 6423
f 6519 6480 6485
f 6425 6423 6554
f 6519 6534 6480
f 6554 6423 6555
f 6556 6534 6519
f 6539 6534 6556
f 6551 6557 6550
f 6551 6547 6366
f 6424 6425 6554
f 6024 6542 6539
f 6549 6551 6366
f 6024 6539 6556
f 6517 6553 6519
f 6553 6556 6519
f 6555 6558 6554
f 6558 6555 6559
f 6424 6554 6558
f 6025 6024 6553
f 6024 6556 6553
f 6560 6561 6537
f 6537 6541 6536
f 6024 6562 6542
f 6563 6560 6537
f 6562 6546 6542
f 6564 6561 6560
f 6564 6565 6561
f 6562 6548 6546
f 6566 6548 6562
f 6538 6563 6537
f 6567 6560 6563
f 6038 6562 6024
f 6568 6567 6563
f 6024 6026 6038
f 6567 6564 6560
f 6568 6564 6567
f 6568 6569 6564
f 6038 6566 6562
f 2190 2192 2603
f 6545 2603 2192
f 6497 6409 6142
f 6570 6486 6497
f 6242 6497 6142
f 6571 6518 6511
f 6571 6511 6514
f 6570 6497 6572
f 6572 6573 6570
f 6574 6573 6572
f 6571 6575 6518
f 6576 6575 6571
f 6571 6514 6577
f 6571 6578 6579
f 6572 6242 6245
f 6245 6254 6572
f 6576 6571 6579
f 6580 6574 6572
f 6580 6572 6254
f 6576 6579 6581
f 6579 6582 6581
f 6395 6565 6397
f 6574 6583 6573
f 6583 6513 6573
f 6584 6585 6397
f 6513 6492 6573
f 6586 6585 6584
f 6586 6587 6585
f 6587 6586 6588
f 6564 6569 6584
f 6569 6586 6584
f 6583 6589 6513
f 6513 6589 6590
f 6569 6588 6586
f 6591 6592 6569
f 6583 6574 6593
f 6579 6578 6594
f 6582 6579 6594
f 6423 6406 6595
f 6595 6406 6596
f 6596 6494 6499
f 6406 6494 6596
f 6597 6593 6574
f 6598 6595 6599
f 6596 6599 6595
f 6583 6062 6589
f 6423 6595 6555
f 6598 6555 6595
f 6062 6583 6593
f 6598 6559 6555
f 6499 6599 6596
f 6518 6599 6499
f 6266 6580 6254
f 6518 6575 6599
f 6550 6563 6538
f 6580 6266 6574
f 6574 6266 6597
f 6550 6568 6563
f 6568 6550 6557
f 6557 6600 6568
f 6599 6601 6598
f 6062 6593 6597
f 6601 6599 6575
f 6063 6062 6597
f 6266 6066 6597
f 6597 6066 6063
f 6281 6266 6264
f 6590 6517 6513
f 6600 6602 6568
f 6601 6603 6598
f 6603 6604 6598
f 6590 6552 6517
f 6605 6603 6601
f 6559 6598 6604
f 6552 6025 6553
f 6552 6028 6025
f 6606 6600 6557
f 6575 6576 6601
f 6028 6552 6590
f 6601 6576 6607
f 6602 6569 6568
f 6607 6576 6581
f 6607 6581 6608
f 6062 6590 6589
f 6601 6607 6605
f 6608 6609 6607
f 6062 6071 6590
f 6591 6569 6602
f 6610 6591 6602
f 6611 6610 6602
f 6071 6028 6590
f 6608 6581 6612
f 6612 6581 6582
f 6028 6613 6033
f 6613 6028 6071
f 6205 6198 6363
f 6071 6076 6613
f 6614 6205 6363
f 6615 6363 6380
f 6613 6034 6033
f 6076 6034 6613
f 6059 6034 6076
f 6522 6030 6032
f 6616 6445 6451
f 6451 6617 6436
f 6021 1726 2311
f 6155 6232 6148
f 6148 6151 6155
f 4627 2308 2310
f 4627 2311 2308
f 6041 6031 6039
f 6135 6618 6151
f 6036 6021 2311
f 6040 6183 6039
f 6618 6154 6151
f 6443 6442 6451
f 4643 2311 4627
f 6183 6047 6039
f 6036 2311 4643
f 6445 6619 3839
f 6618 6274 6154
f 6620 6274 6618
f 6621 6134 6108
f 6621 6132 6134
f 6621 6622 6132
f 6622 6159 6132
f 6037 6623 1727
f 1727 6624 1752
f 6621 6117 6622
f 6625 6622 6117
f 6046 1752 6624
f 6624 1727 6623
f 6236 6117 6116
f 6236 6625 6117
f 6454 6438 6626
f 6622 6625 6627
f 6627 6159 6622
f 6627 6158 6159
f 6248 6627 6625
f 6163 6158 6627
f 6628 6624 6623
f 6165 6160 6143
f 6624 6628 6046
f 6163 6143 6158
f 6163 6165 6143
f 6623 6077 6628
f 6629 6628 6077
f 6104 6046 6628
f 6618 6160 6620
f 6104 6628 6629
f 6165 6620 6160
f 6626 6463 6454
f 4644 6036 4643
f 6630 6620 6165
f 6060 6036 4644
f 6457 6455 6465
f 6165 6631 6630
f 6164 6631 6165
f 4675 4644 4646
f 4646 4224 4675
f 6060 4644 4675
f 6072 6060 4675
f 6632 6274 6620
f 6035 6077 6037
f 6176 6633 6177
f 6077 6623 6037
f 6411 6633 6412
f 6634 6635 6412
f 6633 6634 6412
f 6078 6629 6077
f 6636 6637 6471
f 6638 6635 6634
f 6471 6470 6636
f 6197 6634 6633
f 6125 6104 6629
f 6636 6239 6639
f 6640 6638 6634
f 6641 6642 6638
f 6124 6123 6180
f 6643 6203 6123
f 6457 6465 6469
f 6078 6087 6629
f 6234 6087 6078
f 6643 6123 6148
f 6641 6638 6640
f 6176 6197 6633
f 6644 6640 6634
f 6644 6634 6197
f 6629 6182 6125
f 6239 6636 6470
f 6645 6640 6644
f 6239 6470 6243
f 6646 6640 6645
f 6088 6182 6087
f 6087 6182 6629
f 6087 6086 6088
f 6197 6196 6644
f 6196 6645 6644
f 6647 6646 6645
f 6196 6648 6645
f 6646 6641 6640
f 6649 6107 6650
f 6643 6148 6203
f 6118 6107 6649
f 6186 6118 6649
f 6125 6102 6104
f 6651 6646 6647
f 6232 6221 6148
f 6646 6649 6641
f 6649 6646 6186
f 6652 6186 6646
f 6155 6154 6232
f 6232 6154 6270
f 6646 6651 6652
f 6144 6138 6127
f 6196 6173 6193
f 6193 6653 6196
f 6150 1904 6139
f 6112 6139 1859
f 6150 6139 6138
f 6204 6653 6193
f 6653 6654 6196
f 6654 6655 6196
f 6270 6233 6232
f 6427 6653 6204
f 6272 6233 6270
f 6656 6653 6427
f 6656 6654 6653
f 6233 6264 6253
f 6648 6647 6645
f 6657 6157 6153
f 6657 2233 6157
f 6233 6272 6264
f 6169 6657 6153
f 6657 6169 6450
f 6655 6648 6196
f 6658 6647 6648
f 6651 6647 6658
f 6651 6659 6652
f 6658 6659 6651
f 6272 6281 6264
f 6660 6218 6659
f 6659 6186 6652
f 6218 6186 6659
f 6661 6181 6088
f 6273 6281 6272
f 6281 6273 6279
f 6184 6181 6661
f 6655 6658 6648
f 6184 6661 6200
f 6660 6658 6655
f 6660 6655 6662
f 6660 6659 6658
f 6654 6662 6655
f 6438 6660 6439
f 6660 6226 6218
f 6226 6660 6438
f 4668 6521 4147
f 6439 6660 6662
f 2325 2339 2324
f 6663 6521 4668
f 6663 4668 4671
f 6316 6291 2325
f 6228 6072 4675
f 2339 2325 6291
f 6228 4675 3933
f 6267 6228 3933
f 6228 6267 6229
f 6230 6664 6225
f 6521 6051 6050
f 6665 6521 6663
f 6230 6231 6460
f 6460 6664 6230
f 6051 6521 6665
f 6460 6471 6664
f 6637 6664 6471
f 6087 6234 6085
f 6210 6625 6236
f 6214 6029 6048
f 6048 6029 6027
f 6085 6661 6088
f 6187 6210 6236
f 6666 6051 6665
f 6210 6217 6625
f 6666 6049 6051
f 6259 6085 6244
f 6661 6085 6259
f 6666 6215 6049
f 6259 6667 6661
f 6248 6163 6627
f 6217 6248 6625
f 4671 4686 6663
f 4686 6668 6663
f 4690 6668 4686
f 6212 6217 6210
f 6663 6668 6665
f 6669 4691 4689
f 6260 6310 6259
f 6247 6248 6217
f 6247 6217 6216
f 4691 6668 4690
f 6670 6259 6310
f 4689 4161 6669
f 6669 4161 6029
f 6671 4691 6669
f 3932 6267 3933
f 4691 6672 6668
f 6672 6665 6668
f 6672 4691 6671
f 6631 6164 6249
f 3932 4459 6267
f 4459 3932 4322
f 6029 6214 6671
f 6257 6263 6249
f 6672 6671 6056
f 6669 6029 6671
f 6058 6665 6672
f 6665 6058 6666
f 6056 6058 6672
f 6664 6257 6216
f 6263 6257 6664
f 6671 6214 6057
f 6056 6671 6057
f 6225 6664 6216
f 6058 6215 6666
f 6055 6215 6058
f 6664 6261 6263
f 6637 6261 6664
f 6670 6310 6311
f 6300 6319 6311
f 6154 6268 6270
f 6285 6269 6268
f 6319 6673 6311
f 6661 6667 6200
f 6285 6273 6269
f 6284 6273 6285
f 6048 6043 6106
f 6048 6106 6131
f 6323 6200 6667
f 6274 6268 6154
f 6667 6259 6670
f 6323 6667 6670
f 6130 6131 6161
f 6200 6323 6321
f 6284 6279 6273
f 6670 6333 6323
f 6279 6284 6288
f 6674 6280 6279
f 6149 6675 6147
f 6147 6675 6152
f 6288 6674 6279
f 6306 6674 6288
f 6676 6149 6049
f 6676 6675 6149
f 6311 6333 6670
f 6311 6336 6333
f 6215 6676 6049
f 6306 6288 6289
f 6677 6676 6215
f 6172 6677 6215
f 6630 6632 6620
f 6336 6343 6334
f 6673 6336 6311
f 6678 6632 6630
f 6678 6275 6632
f 6343 6336 6673
f 6330 6678 6630
f 6161 6131 6121
f 6275 6678 6296
f 6631 6330 6630
f 6676 6677 6679
f 6675 6676 6679
f 6679 6680 6675
f 6678 6329 6296
f 6172 6171 6677
f 6523 6343 6673
f 6274 6632 6275
f 6206 6170 6161
f 6170 6206 6171
f 6681 6523 6673
f 6171 6679 6677
f 6171 6682 6679
f 6268 6293 6285
f 6345 4459 4458
f 6194 6152 6675
f 6683 6283 6293
f 6298 6683 6293
f 6684 6191 6195
f 6205 6684 6195
f 6298 6685 6683
f 6492 6486 6570
f 6573 6492 6570
f 6354 4458 4461
f 6680 6194 6675
f 6686 6283 6683
f 6355 6386 6350
f 6386 6359 6350
f 6368 6185 6194
f 6185 6368 6364
f 6685 6686 6683
f 6687 6686 6685
f 6688 6368 6194
f 6299 6283 6686
f 6299 6686 6689
f 6680 6688 6194
f 6687 6689 6686
f 6680 6690 6688
f 6673 6319 6318
f 6384 6673 6318
f 6206 6161 6207
f 6689 6314 6299
f 6689 6691 6314
f 6682 6680 6679
f 6384 6692 6673
f 6692 6681 6673
f 6207 6161 6191
f 6171 6209 6682
f 6209 6171 6206
f 6208 6693 6209
f 6302 6307 6289
f 6289 6307 6306
f 6376 6402 6384
f 6208 6207 6694
f 6207 6191 6684
f 6207 6684 6695
f 6694 6207 6695
f 6208 6694 6693
f 4487 6355 4461
f 4487 6386 6355
f 6693 6690 6680
f 6680 6682 6693
f 6308 6307 6302
f 6693 6682 6209
f 4493 6386 4487
f 6312 6309 6308
f 6694 6696 6693
f 6694 6695 6696
f 6693 6696 6690
f 6697 6387 6386
f 6697 6386 4493
f 6313 6698 6312
f 6697 4493 4494
f 6699 6697 4494
f 6697 6699 6394
f 6698 6313 6324
f 6394 6387 6697
f 6420 6309 6312
f 6419 6420 6312
f 6394 6411 6396
f 6698 6419 6312
f 6700 6419 6698
f 6701 6422 6419
f 6700 6701 6419
f 6407 6402 6400
f 6373 6422 6701
f 6407 6405 6412
f 4494 4007 6699
f 4007 6702 6699
f 6239 6238 6639
f 6703 6394 6699
f 6702 6704 6699
f 6704 6703 6699
f 4007 4006 6702
f 6678 6330 6329
f 6631 6249 6330
f 6328 6330 6249
f 6416 6702 4006
f 6416 6704 6702
f 6298 6296 6329
f 6332 6298 6329
f 6703 6411 6394
f 6704 6411 6703
f 6416 6411 6704
f 6177 6633 6411
f 6298 6332 6705
f 6706 6705 6332
f 6705 6706 6707
f 6342 6706 6332
f 4021 4591 4012
f 6708 6706 6342
f 6706 6709 6707
f 6707 6691 6710
f 6709 6691 6707
f 6709 6711 6691
f 1757 2233 6430
f 6712 6713 6709
f 2233 6657 6434
f 6705 6685 6298
f 6705 6687 6685
f 6434 6430 2233
f 6710 6687 6705
f 6691 6687 6710
f 6707 6710 6705
f 6691 6689 6687
f 6691 6714 6314
f 6450 6434 6657
f 6711 6714 6691
f 6711 6709 6713
f 6497 6242 6572
f 6348 6262 6261
f 6456 6316 6287
f 6637 6348 6261
f 6639 6637 6636
f 6358 6348 6637
f 6348 6358 6347
f 6342 6340 6708
f 6712 6709 6706
f 6712 6706 6708
f 6362 6708 6340
f 6315 6316 6461
f 6362 6712 6708
f 6068 6461 6476
f 6715 6716 6712
f 6525 6362 6349
f 6525 6532 6362
f 6540 6712 6362
f 6540 6715 6712
f 6532 6540 6362
f 6541 6715 6540
f 6320 6314 6714
f 6714 6711 6320
f 6066 6266 6281
f 6280 6066 6281
f 6280 6080 6066
f 6717 6320 6711
f 6717 6711 6713
f 6717 6369 6320
f 6718 6369 6717
f 6718 6377 6369
f 6372 6700 6698
f 6698 6324 6372
f 6382 6701 6372
f 6700 6372 6701
f 6382 6373 6701
f 6373 6382 6374
f 6385 6374 6382
f 6713 6712 6716
f 6523 6520 6343
f 6522 6520 6523
f 6719 6717 6716
f 6715 6719 6716
f 6720 6717 6719
f 6561 6720 6719
f 6719 6715 6541
f 6537 6719 6541
f 6032 6520 6522
f 6719 6537 6561
f 6395 6720 6561
f 6716 6717 6713
f 6718 6721 6377
f 6717 6721 6718
f 6722 6721 6717
f 6393 6721 6722
f 6717 6720 6722
f 6089 6074 6067
f 6395 6722 6720
f 6395 6393 6722
f 6377 6721 6378
f 6378 6721 6393
f 6379 6378 6392
f 6393 6392 6378
f 6066 6080 6067
f 6379 6723 6388
f 6392 6723 6379
f 6724 6637 6639
f 6241 6724 6639
f 6724 6358 6637
f 6358 6724 6241
f 6067 6081 6089
f 6238 6241 6639
f 6723 6392 6397
f 6725 6089 6081
f 6674 6080 6280
f 6524 6358 6241
f 6306 6080 6674
f 6726 6081 6401
f 6089 6727 6076
f 6727 6059 6076
f 6401 6309 6726
f 6728 6061 6059
f 6726 6725 6081
f 6729 6059 6727
f 6408 6725 6730
f 6726 6730 6725
f 6729 6728 6059
f 6094 6728 6729
f 6410 6408 6730
f 6092 6725 6408
f 6731 6727 6089
f 6732 6730 6726
f 6733 6731 6089
f 6732 6726 6309
f 6733 6089 6725
f 6092 6731 6733
f 6732 6417 6730
f 6733 6725 6092
f 6420 6417 6732
f 6414 6730 6417
f 6414 6410 6730
f 6092 6094 6731
f 6417 6420 6415
f 6731 6729 6727
f 6731 6094 6729
f 6309 6420 6732
f 6734 6549 6367
f 6422 6373 6421
f 6692 6384 6402
f 6204 6201 4525
f 6428 3737 3735
f 6735 6736 6692
f 6424 6737 6380
f 6428 6656 6427
f 6549 6738 6551
f 6739 6738 6549
f 6431 6656 6428
f 6407 6740 6402
f 6735 6692 6402
f 6402 6740 6735
f 6737 6424 6558
f 4594 3735 4577
f 6740 6407 6642
f 6741 6737 6558
f 6741 6558 6559
f 6656 6742 6654
f 6738 6557 6551
f 6743 6742 6656
f 6557 6738 6606
f 6739 6744 6738
f 6431 6743 6656
f 6738 6744 6606
f 6436 6743 6431
f 6743 6436 6742
f 6617 6742 6436
f 6635 6407 6412
f 6451 6742 6617
f 6626 6742 6451
f 6395 6561 6565
f 6451 6442 6626
f 6654 6742 6662
f 6564 6584 6565
f 6439 6662 6742
f 6635 6642 6407
f 6742 6437 6439
f 6635 6638 6642
f 6626 6437 6742
f 6626 6438 6437
f 6650 6735 6740
f 6442 6463 6626
f 6641 6740 6642
f 6641 6650 6740
f 6649 6650 6641
f 6107 6735 6650
f 4593 6616 6436
f 6619 4593 3839
f 4593 6619 6616
f 6445 6616 6619
f 6451 6436 6616
f 6099 6523 6681
f 6681 6100 6099
f 6522 6099 6098
f 6397 6565 6584
f 6100 6745 6098
f 6736 6100 6681
f 6736 6745 6100
f 6692 6736 6681
f 6735 6745 6736
f 6103 6098 6745
f 6746 6103 6745
f 6747 6602 6600
f 6748 6183 6040
f 6604 6749 6559
f 6748 6040 6105
f 6741 6559 6749
f 6750 6751 6749
f 6752 6183 6748
f 6752 6748 6105
f 6105 6753 6752
f 6754 6103 6746
f 6754 6105 6103
f 6754 6753 6105
f 6109 6746 6745
f 6744 6755 6606
f 6109 6754 6746
f 6604 6603 6756
f 6757 6753 6758
f 6749 6604 6756
f 6756 6603 6605
f 6758 6753 6754
f 6759 6758 6754
f 6747 6600 6606
f 6134 6757 6758
f 6759 6134 6758
f 6747 6760 6761
f 6757 6752 6753
f 6756 6750 6749
f 6750 6756 6762
f 6757 6134 6752
f 6606 6755 6747
f 6755 6760 6747
f 6109 6745 6735
f 6763 6760 6764
f 6764 6760 6755
f 6109 6108 6759
f 6109 6759 6754
f 6607 6765 6605
f 6765 6607 6609
f 6107 6109 6735
f 6609 6608 6612
f 6756 6605 6765
f 6108 6134 6759
f 6762 6756 6765
f 6762 6765 6609
f 6750 6762 6766
f 6766 6763 6750
f 6760 6767 6761
f 6621 6108 6117
f 6760 6763 6766
f 6766 6762 6768
f 6766 6768 6760
f 6762 6609 6769
f 6768 6762 6769
f 6770 6183 6752
f 6611 6602 6747
f 6124 6183 6126
f 6770 6126 6183
f 6761 6611 6747
f 6761 6610 6611
f 6767 6610 6761
f 6770 6752 6134
f 6133 6126 6770
f 6770 6134 6133
f 6610 6592 6591
f 6767 6760 6768
f 6618 6135 6136
f 6771 6767 6772
f 6767 6773 6772
f 6160 6618 6136
f 6773 6768 6769
f 6769 6774 6773
f 6771 6610 6767
f 6768 6773 6767
f 6695 6684 6614
f 6368 6688 6775
f 6366 6364 6368
f 6614 6684 6205
f 6695 6614 6615
f 6690 6775 6688
f 6615 6614 6363
f 6695 6615 6776
f 6777 6776 6778
f 6615 6779 6776
f 6780 6776 6779
f 6778 6776 6780
f 6696 6695 6781
f 6690 6696 6781
f 6781 6695 6776
f 6777 6775 6690
f 6777 6690 6781
f 6777 6781 6776
f 6737 6615 6380
f 6779 6615 6737
f 6368 6775 6367
f 6775 6734 6367
f 6782 6734 6775
f 6777 6782 6775
f 6777 6783 6782
f 6778 6783 6777
f 6782 6783 6784
f 6783 6778 6780
f 6734 6782 6549
f 6782 6739 6549
f 6784 6783 6780
f 6779 6785 6780
f 6782 6784 6786
f 6780 6785 6784
f 6786 6784 6785
f 6779 6737 6787
f 6785 6779 6787
f 6787 6737 6741
f 6739 6782 6786
f 6739 6786 6788
f 6751 6785 6787
f 6788 6785 6789
f 6785 6788 6786
f 6788 6744 6739
f 6744 6788 6790
f 6790 6788 6789
f 6787 6741 6751
f 6751 6741 6749
f 6751 6789 6785
f 6751 6750 6791
f 6751 6791 6789
f 6790 6764 6744
f 6791 6764 6790
f 6744 6764 6755
f 6790 6789 6791
f 6750 6763 6791
f 6764 6791 6763
f 5436 6792 5440
f 6793 6545 6548
f 6794 6795 6796
f 6797 6798 6799
f 6800 6801 6802
f 6803 6801 6800
f 6804 6797 6799
f 6805 6798 6797
f 6799 6806 6804
f 6566 6793 6548
f 6807 6808 6809
f 6810 6808 6811
f 6809 6800 6807
f 6812 6795 6794
f 6813 6814 6815
f 6816 6817 6804
f 6818 6819 6566
f 6817 6797 6804
f 6566 6819 6793
f 6813 6820 6814
f 6821 6793 6819
f 6822 6797 6817
f 6792 6794 5440
f 6823 6816 6824
f 6817 6816 6823
f 6825 6826 6827
f 6794 6792 6828
f 6822 6805 6797
f 6566 6038 6818
f 6826 6825 6829
f 6830 6828 6792
f 6812 6794 6828
f 6831 6825 6827
f 6832 6825 6831
f 6833 6834 6818
f 5436 5434 5444
f 5464 5436 5444
f 6835 6836 6837
f 6834 6819 6818
f 6838 6839 6837
f 6838 6837 6836
f 6829 6825 6840
f 6834 6841 6819
f 6840 6825 6832
f 5436 5464 6792
f 6842 6840 6832
f 5467 5464 5458
f 6831 6843 6844
f 6845 6846 6847
f 6545 6848 2603
f 6845 6849 6846
f 6850 6851 6852
f 6853 6844 6850
f 2604 2603 6848
f 6854 6831 6844
f 6854 6844 6853
f 6855 6856 6857
f 6858 5464 5467
f 6856 6859 6857
f 6827 6860 6831
f 6860 6843 6831
f 6792 5464 6861
f 6792 6861 6862
f 5464 6858 6861
f 2606 2604 6863
f 6863 2604 6848
f 6846 6856 6855
f 6864 6832 6831
f 6793 6848 6545
f 6842 6832 6864
f 6821 6848 6793
f 6821 6863 6848
f 6864 6831 6854
f 6861 6858 6865
f 6859 6856 6866
f 6866 6867 6859
f 6868 6859 6869
f 6870 6864 6854
f 6871 6872 6873
f 6812 6874 6795
f 6875 6874 6812
f 6876 6872 6877
f 6878 6876 6877
f 6869 6859 6867
f 6877 6879 6878
f 6846 6849 6856
f 6866 6856 6849
f 6880 6871 6881
f 6879 6877 6871
f 6871 6880 6879
f 2659 2608 2606
f 6882 6880 6881
f 6882 6879 6880
f 2606 6863 6883
f 6884 6849 6885
f 6886 6883 6821
f 6863 6821 6883
f 6842 6864 6887
f 6828 6888 6812
f 6847 6889 6845
f 6830 6890 6828
f 2606 6883 2659
f 6890 6888 6828
f 6870 6891 6864
f 6892 6889 6893
f 6892 6845 6889
f 6894 6892 6893
f 6864 6891 6887
f 6895 6845 6892
f 6886 6821 6819
f 6896 6895 6892
f 6888 6890 6897
f 6898 6887 6899
f 6900 6894 6901
f 6899 6887 6891
f 6900 6892 6894
f 6896 6892 6900
f 6902 6883 6886
f 6861 6865 6862
f 6849 6845 6903
f 6899 6891 6904
f 6905 6899 6904
f 6845 6895 6903
f 6841 6902 6886
f 6886 6819 6841
f 6906 6907 6908
f 6830 6792 6862
f 6909 6829 6840
f 6910 6902 6841
f 6911 6908 6907
f 6908 6911 6912
f 6913 6914 6909
f 6840 6913 6909
f 6915 6830 6862
f 6916 6908 6917
f 6901 6918 6919
f 6901 6919 6900
f 6920 6914 6913
f 6811 6808 6914
f 6918 6921 6919
f 6922 6896 6900
f 6830 6915 6890
f 2660 2659 6923
f 6913 6840 6842
f 6919 6922 6900
f 6913 6842 6920
f 6921 6924 6919
f 6925 6920 6842
f 6924 6921 6926
f 6927 2660 6923
f 6924 6922 6919
f 6923 2659 6883
f 6928 6903 6895
f 6928 6895 6896
f 6811 6914 6920
f 6811 6920 6929
f 6929 6920 6930
f 6890 6915 6897
f 6903 6885 6849
f 6903 6928 6885
f 6931 6882 6814
f 6885 6932 6884
f 6932 6885 6928
f 6933 6927 6923
f 6925 6930 6920
f 6922 6934 6928
f 6925 6842 6898
f 6932 6928 6935
f 6915 6862 6857
f 6925 6898 6930
f 6928 6934 6935
f 6857 6862 6936
f 6937 6927 6933
f 6938 6929 6930
f 6896 6922 6928
f 6939 6930 6898
f 6924 6926 6906
f 6810 6811 6929
f 6814 6940 6931
f 6929 6938 6810
f 6941 6897 6915
f 6927 2667 2660
f 2667 6927 2694
f 6908 6916 6906
f 6942 6943 6944
f 6944 6945 6942
f 6906 6916 6924
f 6946 6922 6924
f 6887 6898 6842
f 6947 6897 6941
f 6946 6934 6922
f 6916 6946 6924
f 6948 6934 6946
f 6946 6916 6948
f 6949 6939 6898
f 6950 6951 6869
f 6899 6949 6898
f 6867 6950 6869
f 6952 2694 6927
f 6905 6949 6899
f 6868 6857 6859
f 6953 6950 6867
f 6941 6915 6857
f 6954 6939 6949
f 6905 6954 6949
f 6868 6941 6857
f 6954 6905 6955
f 6954 6955 6956
f 6957 6939 6954
f 6867 6958 6953
f 6957 6954 6956
f 6937 6952 6927
f 6945 6959 6942
f 6884 6960 6866
f 6876 6961 6872
f 6866 6849 6884
f 6962 2694 6952
f 6963 6878 6879
f 6960 6884 6932
f 6963 6879 6964
f 6879 6882 6964
f 6867 6866 6960
f 6965 6947 6941
f 6947 6965 6966
f 6902 6923 6883
f 6868 6869 6941
f 6923 6902 6933
f 6967 6968 6969
f 6970 6971 6969
f 6965 6941 6869
f 6971 6967 6969
f 6958 6867 6960
f 6958 6960 6972
f 6971 6973 6967
f 6960 6932 6972
f 6971 6878 6963
f 6974 6933 6902
f 6971 6963 6975
f 6951 6965 6869
f 6976 6977 6978
f 6975 6963 6964
f 6975 6973 6971
f 6979 6912 6911
f 6979 6911 6980
f 6917 6908 6912
f 6912 6979 6981
f 6974 6902 6910
f 6982 6973 6975
f 6983 5539 5540
f 6984 6982 6975
f 6931 6964 6882
f 6985 6974 6910
f 6986 6964 6931
f 6987 6981 6979
f 5539 6988 4953
f 6975 6986 6984
f 6986 6975 6964
f 6989 6988 5539
f 6986 6990 6984
f 6991 6984 6990
f 6991 6982 6984
f 6933 6974 6992
f 6948 6935 6934
f 6993 6956 6994
f 6995 6935 6948
f 1455 4918 1453
f 6933 6992 6937
f 6996 6997 6948
f 6983 5540 6998
f 4918 1455 6999
f 5540 5549 7000
f 7001 6997 6996
f 6999 1455 2529
f 6997 7001 7002
f 6995 6948 6997
f 7003 5554 5356
f 7004 5556 5554
f 7004 5554 7003
f 7004 7003 7005
f 5549 7005 7000
f 7006 5553 5896
f 7007 6998 5540
f 7007 5540 7000
f 7007 7000 7008
f 7006 7008 7009
f 6983 7010 5539
f 4924 4918 6999
f 6937 6992 7011
f 7010 6983 7012
f 6948 6916 6996
f 6996 6916 6917
f 7008 7000 7013
f 7001 6917 6912
f 7014 7013 7000
f 7014 7015 7013
f 7015 7014 7016
f 7001 6912 6981
f 7015 7009 7013
f 7009 7015 7017
f 7017 7015 7016
f 6989 5539 7010
f 7001 6996 6917
f 6999 2529 2532
f 6974 7018 6992
f 7019 4924 6999
f 7020 7002 7021
f 7021 7002 7001
f 7001 7022 7021
f 7022 7001 6981
f 7021 7022 7020
f 7020 7022 7023
f 7024 7011 6992
f 7025 7022 6981
f 7019 6999 7026
f 6997 7020 7027
f 7026 6999 2532
f 7028 7029 7030
f 7028 7024 7029
f 7031 7024 7028
f 6989 7010 7032
f 7011 6952 6937
f 7011 7033 6952
f 7027 7020 6977
f 7034 7027 6977
f 7035 7010 7012
f 6997 7002 7020
f 7036 7010 7035
f 2532 2535 2550
f 7020 7023 6977
f 7036 7032 7010
f 6038 6045 6833
f 7023 7025 7037
f 7025 7023 7022
f 7038 7039 5565
f 7040 2532 2550
f 7040 2550 7041
f 6818 6038 6833
f 5565 5566 7042
f 7038 5565 7042
f 6987 7025 6981
f 2551 7041 2550
f 6833 7043 6834
f 7044 6988 6989
f 7026 2532 7040
f 7032 7044 6989
f 7025 6987 7045
f 7003 5356 7046
f 7047 7040 7041
f 7046 7005 7003
f 7048 6833 6045
f 7048 7043 6833
f 7049 7050 7051
f 6045 6061 7048
f 7047 7026 7040
f 7000 7005 7014
f 7046 7014 7005
f 7009 7052 7053
f 7054 7050 7049
f 5568 5569 7055
f 7043 7048 7056
f 5569 7057 7058
f 7059 7058 7057
f 7060 6824 7061
f 7047 7041 7062
f 6834 7063 6841
f 6823 6824 7060
f 7064 7016 7014
f 7064 7014 7065
f 7065 7014 7066
f 7066 7014 7067
f 7068 7014 7069
f 7070 7014 7046
f 7070 7046 7071
f 7063 6834 7043
f 7061 7072 7073
f 7014 7070 7069
f 7063 7074 6841
f 7073 7075 7061
f 7067 7014 7076
f 7014 7077 7076
f 7077 7014 7078
f 7068 7078 7014
f 7075 7060 7061
f 7026 7079 7019
f 7079 7026 7080
f 7068 7069 7081
f 7082 7079 7080
f 7069 7070 7081
f 7083 7077 7084
f 7077 7078 7084
f 7078 7052 7084
f 7052 7085 7084
f 7085 7083 7084
f 7086 7076 7077
f 7083 7086 7077
f 7085 7052 7087
f 7076 7085 7087
f 7083 7085 7088
f 7052 7078 7089
f 7089 7078 7068
f 7086 7083 7088
f 7035 7090 7036
f 7091 7068 7092
f 7093 7091 7092
f 7094 7052 7089
f 7095 7094 7089
f 7068 7091 7089
f 7091 7095 7089
f 7091 7093 7095
f 7093 7094 7095
f 4933 4924 7019
f 4933 7019 7079
f 7096 7054 7097
f 7098 6874 7070
f 7079 7099 4933
f 7100 7059 7101
f 7102 7097 7054
f 7103 7104 7105
f 7104 7103 7106
f 5537 5568 7055
f 7042 5566 7055
f 5537 7055 5566
f 7054 7096 7050
f 7104 7107 7105
f 7104 7106 7108
f 7042 7055 7109
f 7110 7111 7112
f 7112 7113 7110
f 7080 7026 7047
f 7058 7055 5569
f 7108 7113 7114
f 7110 7115 7111
f 7116 7117 7118
f 7116 7118 7119
f 7042 7109 7038
f 7120 7038 7109
f 7121 7102 7122
f 7119 7123 7116
f 7055 7058 7124
f 7125 7047 7062
f 7126 7127 7128
f 7100 7124 7058
f 7126 7129 7127
f 7124 7109 7055
f 7080 7047 7125
f 7130 7129 7126
f 7124 7131 7109
f 7054 7132 7102
f 7126 7133 7130
f 7131 7134 7120
f 7135 7130 7133
f 7136 7137 7117
f 7132 7054 7049
f 7120 7109 7131
f 7082 7080 7138
f 7138 7080 7125
f 7116 7136 7117
f 7139 7073 7140
f 7140 7141 7139
f 7142 7143 7144
f 7141 7140 7143
f 7145 7136 7116
f 7145 7137 7136
f 7073 7139 7075
f 7123 7145 7116
f 7146 2553 7147
f 7090 7148 7036
f 7148 7032 7036
f 7147 2553 2638
f 7149 7150 7151
f 7141 7143 7142
f 7152 7122 7153
f 7152 7121 7122
f 7154 7148 7155
f 7156 7149 7157
f 7158 7159 7160
f 7161 7044 7032
f 7162 7163 7149
f 6910 6841 7074
f 7074 6985 6910
f 7122 7102 7132
f 7044 7164 7165
f 7161 7164 7044
f 7166 7075 7139
f 7141 7166 7139
f 7129 7167 6985
f 7168 7129 7130
f 7168 7167 7129
f 7161 7032 7148
f 7153 7122 7169
f 7170 2638 2675
f 7168 7171 7167
f 7160 7147 2638
f 7160 7159 7147
f 7160 2638 7170
f 7171 7168 7130
f 7171 7130 7135
f 7171 7135 7172
f 7154 7164 7161
f 7167 7018 6974
f 7173 7164 7154
f 7174 7030 7018
f 7174 7167 7171
f 7030 7029 7018
f 7175 7049 7051
f 7049 7175 7176
f 7161 7148 7154
f 7177 7028 7030
f 7171 7178 7174
f 7160 7179 7158
f 7180 7174 7178
f 7170 7181 7160
f 7132 7049 7176
f 7178 7171 7172
f 7180 7178 7172
f 7174 7180 7030
f 7150 7182 7151
f 7179 7160 7181
f 7183 7182 7150
f 7184 7176 7175
f 7068 7081 7185
f 6962 7186 2697
f 2697 2694 6962
f 7185 7092 7068
f 7092 7185 7187
f 7093 7092 7187
f 7188 7189 7190
f 7187 7185 7190
f 7093 7187 7189
f 7187 7190 7189
f 7181 7191 7179
f 7192 7193 7090
f 7194 2815 7186
f 2815 7194 7195
f 7148 7090 7193
f 7196 7188 7190
f 7197 7190 7185
f 7198 7199 7179
f 7186 2812 2697
f 7198 7179 7191
f 7070 6874 7200
f 7200 7081 7070
f 7201 7202 7203
f 7201 7203 7204
f 7205 7204 7203
f 7206 7185 7081
f 7081 7207 7206
f 7204 7205 7208
f 2553 7146 2551
f 7208 7197 7207
f 7197 7206 7207
f 7209 7176 7210
f 2815 2812 7186
f 7185 7206 7197
f 7211 6962 6952
f 7146 7147 7159
f 7212 7197 7200
f 7033 7211 6952
f 7212 7200 6874
f 7041 2551 7146
f 7062 7041 7146
f 7132 7213 7122
f 7211 7186 6962
f 7194 7186 7211
f 7062 7146 7159
f 7169 7122 7213
f 7188 7214 7215
f 7100 7214 7216
f 7194 7217 7195
f 7218 7217 7194
f 7155 7148 7193
f 7213 7132 7176
f 7209 7213 7176
f 7195 7217 7219
f 7219 7220 7195
f 7221 7219 7217
f 7221 7222 7219
f 7024 7031 7223
f 7193 7224 7225
f 7062 7226 7227
f 7226 7159 7158
f 7033 7228 7211
f 6907 6823 7060
f 7062 7159 7226
f 7060 7229 6907
f 6907 6926 6823
f 7230 7197 7212
f 7231 7230 7212
f 7223 7228 7033
f 7232 7228 7223
f 7233 7190 7197
f 7234 7217 7218
f 7196 7214 7188
f 7214 7196 7235
f 7233 7236 7190
f 7217 7234 7221
f 7236 7196 7190
f 7236 7235 7196
f 6823 6926 6817
f 7218 7228 7234
f 7233 7197 7230
f 6822 6817 6921
f 6921 6817 6926
f 7235 7236 7237
f 7236 7233 7230
f 7125 7062 7227
f 7238 7193 7225
f 7238 7225 7239
f 6906 6926 6907
f 7230 7240 7236
f 7237 7236 7240
f 7234 7232 7241
f 7242 7234 7241
f 7120 7134 7243
f 7244 7243 7134
f 7245 7242 7241
f 6907 7229 6911
f 6911 7229 7246
f 7244 7134 7131
f 7227 7226 7199
f 7247 7221 7234
f 7100 7248 7124
f 7242 7247 7234
f 7226 7158 7179
f 7199 7226 7179
f 7221 7247 7249
f 7100 7216 7250
f 6980 6911 7246
f 7248 7100 7250
f 7075 7229 7060
f 7242 7249 7247
f 7248 7251 7252
f 7251 7248 7250
f 7249 7253 7221
f 7246 7229 7254
f 7229 7075 7254
f 7248 7131 7124
f 7255 7253 7249
f 7131 7248 7252
f 7131 7252 7244
f 7166 7254 7075
f 7256 7257 7258
f 7259 2852 2864
f 7260 7254 7166
f 7261 7250 7216
f 7261 7216 7262
f 7263 2864 2885
f 7259 2864 7264
f 7250 7261 7251
f 2864 7263 7264
f 7265 7141 7142
f 7265 7142 7266
f 7267 7256 7258
f 6838 7266 7142
f 2852 7259 2859
f 7244 7252 7268
f 7269 7257 7270
f 7252 7271 7268
f 7272 2859 7259
f 7270 7257 7256
f 7265 7273 7141
f 7271 7252 7251
f 7273 7166 7141
f 5971 5382 5379
f 7271 7251 7274
f 5382 5971 7275
f 7276 7273 7265
f 7271 7274 7268
f 7277 7264 7263
f 7276 7266 7278
f 7266 7276 7265
f 6875 7212 6874
f 7279 7264 7277
f 7280 7279 7277
f 6980 7246 7281
f 7282 7212 6875
f 7283 5971 7284
f 7272 7259 7264
f 7275 5971 7283
f 7272 7264 7279
f 7285 2859 7272
f 7286 7272 7279
f 7275 7287 5382
f 7286 7285 7272
f 7282 6875 6812
f 7282 6812 6888
f 3288 2880 2872
f 6979 6980 7288
f 7289 2880 3288
f 7281 7288 6980
f 7212 7282 7231
f 2880 7289 2887
f 7282 7290 7231
f 7254 7281 7246
f 7281 7254 7260
f 7287 7275 7291
f 7282 6888 7292
f 2887 2885 2884
f 7263 2885 2887
f 6897 7292 6888
f 7293 7256 7267
f 7294 7256 7293
f 7260 7295 7281
f 7295 7260 7296
f 7297 7295 7296
f 7298 7284 7270
f 7289 7299 2887
f 7300 7251 7261
f 7299 7289 7301
f 7283 7284 7298
f 7302 7297 7296
f 6987 6979 7288
f 7270 7256 7294
f 7303 7173 7304
f 7045 6987 7288
f 2887 7305 7263
f 7281 7306 7288
f 7305 2887 7299
f 7173 7307 7304
f 7306 7308 7288
f 7305 7277 7263
f 7309 7277 7305
f 7310 7311 7309
f 7291 7275 7283
f 7295 7306 7281
f 7291 7283 7312
f 7307 7154 7155
f 7312 7283 7313
f 7280 7277 7309
f 7307 7173 7154
f 7313 7283 7298
f 7313 7298 7314
f 7295 7297 7306
f 7315 7306 7297
f 7314 7298 7294
f 7316 7294 7293
f 7316 7314 7294
f 7297 7302 7317
f 7315 7297 7317
f 7314 7097 7313
f 7304 7307 7318
f 7097 7312 7313
f 7319 7279 7280
f 7319 7286 7279
f 7045 7288 7308
f 7320 7286 7321
f 7318 7322 7304
f 7323 7324 7317
f 7321 7325 7320
f 7166 7296 7260
f 7296 7166 7273
f 7309 7311 7280
f 7302 7296 7273
f 7311 7319 7280
f 7318 7326 7322
f 7321 7319 7327
f 7328 7125 7227
f 7213 7329 7169
f 7328 7138 7125
f 7319 7311 7327
f 7238 7155 7193
f 7302 7273 7276
f 7330 7155 7238
f 7319 7321 7286
f 7321 7327 7331
f 7332 7230 7333
f 7334 7333 7335
f 7335 7336 7334
f 7333 7337 7332
f 7338 7337 7334
f 7337 7333 7334
f 7333 7230 7335
f 7302 7276 7278
f 7339 7230 7340
f 7329 7213 7209
f 7237 7337 7338
f 7335 7230 7339
f 7341 7237 7342
f 7343 7328 7227
f 7342 7335 7339
f 7299 7309 7305
f 7199 7343 7227
f 7342 7339 7340
f 7344 7309 7299
f 7238 7345 7346
f 7329 7209 7347
f 7293 7267 7348
f 7267 7349 7348
f 7310 7309 7344
f 7348 7350 7351
f 7323 7302 7278
f 7352 7031 7028
f 7330 7307 7155
f 7241 7031 7352
f 7318 7307 7330
f 7177 7352 7028
f 7353 7354 7355
f 7353 7355 7356
f 7357 7352 7177
f 7343 7199 7358
f 7352 7245 7241
f 7278 7359 7323
f 7268 7360 7361
f 7245 7362 7363
f 7238 7346 7330
f 7323 7317 7302
f 7359 7324 7323
f 7268 7274 7360
f 7353 7364 7365
f 7353 7356 7364
f 7199 7198 7358
f 7274 7366 7360
f 7363 7362 7367
f 7367 7362 7368
f 7355 7369 7356
f 7363 7367 7370
f 7371 7343 7358
f 7372 7373 7360
f 6951 6953 7374
f 6951 6950 6953
f 7360 7366 7372
f 7374 6953 7375
f 7375 6953 7376
f 7367 7368 7377
f 7326 7318 7330
f 6953 6958 7376
f 7378 7358 7198
f 7379 7358 7378
f 7363 7249 7242
f 7363 7255 7249
f 7255 7363 7380
f 7326 7330 7381
f 7382 7293 7348
f 7383 7375 7376
f 7255 7380 7384
f 7376 7385 7383
f 7380 7363 7370
f 6972 6932 6935
f 7386 7377 7368
f 7376 6958 6972
f 7350 7371 7351
f 7385 7376 6972
f 7387 7388 7389
f 7390 7389 7388
f 7382 7348 7351
f 7385 6972 6935
f 7391 7392 7387
f 7393 7382 7351
f 7346 7381 7330
f 7394 7385 6995
f 7388 7387 7395
f 7345 7396 7397
f 7316 7293 7382
f 7398 7399 7345
f 7400 7311 7310
f 7400 7310 7401
f 7383 7402 7375
f 7383 7403 7402
f 7096 7316 7382
f 7321 7331 7404
f 7404 7325 7321
f 7346 7405 7381
f 7406 7404 7331
f 7407 7382 7393
f 7346 7345 7399
f 7405 7346 7399
f 7405 7399 7408
f 7400 7327 7311
f 7409 7403 7383
f 7403 7409 7410
f 7411 7409 7383
f 7331 7327 7400
f 7373 7372 7412
f 7050 7382 7407
f 7096 7382 7050
f 7410 7413 7403
f 6852 7413 7410
f 7410 7414 6852
f 7407 7051 7050
f 7326 7415 7322
f 7414 7410 7409
f 7326 7381 7415
f 7097 7314 7096
f 7316 7096 7314
f 7404 7406 7416
f 7417 7404 7416
f 6976 7034 6977
f 7393 7351 7371
f 7394 7027 7034
f 7418 7416 7419
f 7418 7417 7416
f 7418 7420 7417
f 7421 7420 7418
f 7422 7415 7381
f 7423 7371 7424
f 7425 7426 7419
f 7422 7427 7415
f 7419 7416 7406
f 7034 7414 7409
f 7414 7034 6976
f 7422 7381 7405
f 7388 7428 7390
f 7429 7430 7388
f 7385 7411 7383
f 7411 7385 7394
f 7423 7424 7431
f 7429 7432 7430
f 7388 7395 7429
f 7431 7424 7433
f 7434 7422 7405
f 7409 7411 7394
f 7405 7435 7434
f 7426 7418 7419
f 5442 5382 7287
f 7421 7418 7426
f 7394 7034 7409
f 5442 7287 7436
f 7437 7421 7426
f 7413 7438 7403
f 7436 7439 5442
f 7436 7287 7440
f 7441 7421 7437
f 7442 7421 7441
f 7440 7287 7291
f 2675 2666 2831
f 6995 7385 6935
f 2831 7443 2675
f 7444 7442 7441
f 7027 6995 6997
f 7444 7445 7442
f 7394 6995 7027
f 7446 7441 7447
f 7441 7446 7444
f 5807 7448 5403
f 7449 4830 4831
f 6826 7422 7434
f 4845 4830 7449
f 4847 3604 4845
f 7422 6826 7450
f 7451 7448 5807
f 7452 2675 7443
f 2675 7452 7170
f 7303 7304 7453
f 6481 4847 7454
f 4845 7454 4847
f 7455 7448 7451
f 7451 5810 6018
f 7452 7443 7456
f 7451 6018 7457
f 7458 6018 6020
f 7452 7456 7459
f 7304 7322 7453
f 7457 6018 7458
f 7452 7459 7460
f 7170 7452 7460
f 4845 7449 7461
f 7461 7454 4845
f 7462 7453 7322
f 7463 7464 7460
f 7460 7181 7170
f 7457 7465 7455
f 7465 7457 7458
f 7461 7449 7466
f 7465 7467 7455
f 7467 7465 7468
f 7460 7459 7463
f 7464 7463 7469
f 6835 7455 7467
f 7470 7471 6835
f 7464 7181 7460
f 7191 7181 7464
f 7472 7473 7461
f 7473 7454 7461
f 7472 7461 7466
f 7198 7191 7474
f 7475 7472 7466
f 7474 7191 7464
f 7476 7477 7478
f 7479 7480 7481
f 7482 3290 2859
f 7483 7484 7485
f 7449 4831 7486
f 7445 7480 7479
f 7285 7487 7482
f 7486 4831 7488
f 7479 7483 7485
f 7488 4831 4859
f 7487 7285 7286
f 7483 7489 7484
f 7490 7488 4859
f 7491 7483 7479
f 7489 7483 7491
f 7491 7479 7481
f 7462 7322 7427
f 7486 7488 7492
f 7320 7493 7487
f 7320 7487 7286
f 7427 7322 7415
f 7494 7493 7320
f 7495 7496 7491
f 7488 7497 7492
f 7498 7499 7462
f 7490 7497 7488
f 7320 7325 7500
f 7449 7486 7466
f 7476 7478 7501
f 7474 7378 7198
f 7492 7466 7486
f 6976 6978 7502
f 7492 7475 7466
f 7503 6978 7037
f 7504 7379 7378
f 7462 7427 7498
f 7505 7477 7476
f 7506 7507 7508
f 7509 7506 7508
f 7510 7511 7512
f 7485 7511 7510
f 7473 7472 7513
f 7479 7512 7445
f 7514 7505 7476
f 7513 7472 7475
f 7431 7433 7515
f 7037 6977 7023
f 7037 6978 6977
f 7417 7494 7500
f 7404 7417 7500
f 7420 7494 7417
f 7508 7494 7420
f 7516 7498 7427
f 7492 7517 7475
f 7518 7498 7519
f 7509 7508 7420
f 7520 7475 7517
f 7421 7509 7420
f 7497 7517 7492
f 7025 7045 7521
f 7522 7517 7497
f 7445 7506 7442
f 7506 7445 7523
f 7524 7037 7025
f 7513 7475 7520
f 7516 7427 7450
f 7525 7445 7444
f 7025 7521 7524
f 7526 7520 7517
f 7445 7512 7523
f 7427 7422 7450
f 7480 7445 7525
f 7527 7037 7524
f 7517 7522 7526
f 7282 7292 7290
f 5719 5715 5713
f 7528 5715 5719
f 7529 7522 7530
f 7290 7292 7531
f 7528 5719 7532
f 7231 7340 7230
f 7533 7528 7532
f 7231 7290 7340
f 7534 7524 7535
f 7490 4931 7536
f 7537 7340 7290
f 7536 4931 4937
f 7531 7537 7290
f 7538 7539 7540
f 7536 4937 7541
f 7542 7540 7543
f 6968 7542 7543
f 7292 6897 7544
f 5717 5754 5719
f 7532 5719 5754
f 7545 4963 4953
f 7546 7542 6968
f 5467 5716 6858
f 7547 7538 7548
f 7545 4953 6988
f 5715 7528 5716
f 6858 5716 7528
f 6858 7528 7549
f 7537 7531 7550
f 7551 7550 7552
f 7531 7292 7544
f 7553 7554 7555
f 7476 7501 7554
f 7549 7528 7533
f 7541 4937 4967
f 7544 6947 7556
f 4963 7545 4967
f 7557 7533 7558
f 7476 7554 7553
f 7557 7549 7533
f 7559 7544 7556
f 5754 5755 5757
f 7514 7476 7553
f 7559 7531 7544
f 7559 7550 7531
f 7541 4967 7560
f 7561 5754 5757
f 7561 7532 5754
f 7552 7550 7562
f 7562 7550 7559
f 5757 7563 7561
f 7563 5757 7564
f 7541 7560 7565
f 5740 5738 5736
f 7564 5738 5740
f 7514 7553 7555
f 5738 7564 5757
f 4967 7545 7560
f 7261 7566 7567
f 7514 7555 7568
f 7300 7261 7567
f 7563 7564 7569
f 7560 7545 6988
f 7570 7564 5740
f 7569 7564 7570
f 7571 7567 7551
f 7300 7567 7571
f 7561 7558 7532
f 6988 7165 7560
f 7165 6988 7044
f 7561 7572 7558
f 7300 7274 7251
f 7300 7366 7274
f 7532 7558 7533
f 7547 7548 7573
f 7561 7563 7572
f 7574 7366 7300
f 7565 7560 7165
f 7575 7563 7569
f 7412 7408 7399
f 7555 7576 7568
f 7577 7568 7576
f 7578 7408 7412
f 7565 7165 7579
f 7579 7580 7565
f 7578 7412 7372
f 7572 7563 7581
f 7582 7563 7575
f 7372 7366 7583
f 7583 7366 7574
f 7579 7165 7164
f 7574 7300 7571
f 7549 6865 6858
f 7583 7574 7584
f 7579 7164 7173
f 7173 7303 7579
f 6862 6865 6936
f 7490 4859 4931
f 7585 7578 7372
f 7585 7372 7583
f 7586 7210 7184
f 7585 7583 7587
f 7584 7587 7583
f 7549 7557 6847
f 7552 7571 7551
f 7571 7552 7588
f 6865 7549 6847
f 7588 7552 7562
f 7490 7536 7589
f 7584 7571 7588
f 6936 6865 6855
f 7497 7490 7589
f 7590 7477 7184
f 7571 7584 7574
f 6855 6865 6847
f 7586 7184 7477
f 7505 7586 7477
f 7591 7586 7505
f 7589 7536 7541
f 7544 6897 6947
f 6847 6846 6855
f 6889 6847 7592
f 7522 7497 7589
f 6857 6936 6855
f 7210 7593 7209
f 7594 7522 7589
f 6966 7556 6947
f 7581 7558 7572
f 7558 7581 7595
f 7595 7557 7558
f 7565 7589 7541
f 7593 7210 7596
f 7597 7557 7595
f 7589 7565 7598
f 7306 7599 7308
f 7599 7306 7315
f 7595 7581 7600
f 7563 7582 7581
f 6805 7582 7575
f 6798 6805 7575
f 7601 7600 7581
f 7602 7581 7582
f 7602 7601 7581
f 7603 7593 7604
f 7604 7593 7596
f 7594 7589 7598
f 7602 7582 6805
f 7594 7598 7530
f 6847 7557 7597
f 7592 6847 7597
f 7530 7598 7605
f 7435 7405 7408
f 7435 7408 7606
f 7607 7597 7595
f 7591 7210 7586
f 7608 7607 7595
f 7408 7578 7606
f 7600 7608 7595
f 7522 7594 7530
f 7609 7210 7591
f 7592 7597 7607
f 6889 7592 7607
f 7514 7591 7505
f 7607 6893 6889
f 7596 7210 7609
f 7600 7607 7608
f 6894 7607 7600
f 7610 7435 7606
f 7607 6894 6893
f 7610 7606 7611
f 6894 7600 7601
f 6901 6894 7601
f 7609 7591 7514
f 7601 6918 6901
f 7565 7580 7598
f 7578 7611 7606
f 7602 6918 7601
f 7612 7611 7578
f 7602 6805 6918
f 7578 7585 7612
f 7587 7612 7585
f 6822 6918 6805
f 6822 6921 6918
f 7588 7562 7613
f 7613 7584 7588
f 7614 7598 7580
f 7611 7615 7616
f 7617 7618 7619
f 7612 7587 7620
f 7580 7579 7614
f 7584 7620 7587
f 7614 7579 7303
f 5740 5790 7570
f 7584 7613 7621
f 7620 7584 7621
f 7521 7045 7308
f 7526 7522 7529
f 7526 7529 7622
f 7612 7615 7611
f 7620 7615 7612
f 7623 7624 5800
f 7625 5791 7624
f 5800 7624 5791
f 7620 7621 7626
f 7535 7521 7627
f 7599 7521 7308
f 7620 7626 7615
f 5790 5791 7625
f 7626 7628 7615
f 7599 7627 7521
f 7627 7599 7629
f 7610 7434 7435
f 7622 7529 7630
f 7570 5790 7625
f 6806 7570 7625
f 7631 7632 7633
f 7599 7315 7629
f 7633 7634 7631
f 7629 7315 7317
f 7610 7611 7616
f 7635 7570 6806
f 7636 6723 6397
f 7324 7629 7317
f 7637 7624 7623
f 7636 6397 6585
f 7633 7632 7636
f 6826 7610 6827
f 7618 7617 7623
f 7633 7636 7638
f 7623 7617 7639
f 7637 7623 7639
f 6806 7625 7637
f 7637 7625 7624
f 7640 7629 7641
f 7610 6826 7434
f 7641 7629 7324
f 6804 6806 7637
f 7642 7641 7324
f 5799 5796 7643
f 7616 6827 7610
f 6827 7616 7644
f 5797 7643 5796
f 7645 7643 5797
f 7629 7640 7627
f 7615 7644 7616
f 7643 7618 5799
f 7619 7618 7643
f 7530 7646 7529
f 5799 7618 7623
f 5800 5799 7623
f 7647 7646 7530
f 7643 7645 7619
f 5797 5397 7648
f 7524 7521 7535
f 7630 7529 7646
f 5403 7648 5397
f 7535 7627 7649
f 6860 6827 7644
f 7640 7649 7627
f 7605 7647 7530
f 7648 5403 7448
f 6860 7644 7615
f 7645 5797 7648
f 7650 7534 7535
f 7649 7650 7535
f 7448 7651 7648
f 7652 7556 6966
f 7645 7653 7619
f 6966 7654 7652
f 7654 7655 7652
f 7656 7617 7619
f 7656 7619 7653
f 7652 7655 7657
f 7658 7657 7655
f 7659 7604 7596
f 7556 7652 7559
f 7652 7660 7559
f 7562 7559 7660
f 7659 7596 7661
f 7645 7648 7651
f 7660 7652 7657
f 7645 7651 7653
f 7562 7660 7613
f 7448 7662 7651
f 7604 7659 7663
f 7660 7664 7613
f 7646 7647 7665
f 7666 7640 7641
f 7640 7666 7649
f 7660 7657 7658
f 7662 7653 7651
f 7664 7658 7667
f 7660 7658 7664
f 6966 6965 7654
f 7209 7593 7347
f 7347 7593 7603
f 7614 7605 7598
f 6951 7654 6965
f 7347 7603 7668
f 7669 7662 7448
f 7605 7614 7647
f 7568 7609 7514
f 6951 7667 7654
f 7654 7667 7655
f 7614 7303 7670
f 7455 7669 7448
f 7647 7614 7670
f 7658 7655 7667
f 7661 7609 7568
f 7661 7596 7609
f 7671 6816 6804
f 7667 6951 7374
f 7672 7659 7661
f 7673 7639 7617
f 7673 7617 7656
f 7674 7664 7667
f 7072 7673 7656
f 7667 7375 7674
f 7667 7374 7375
f 7637 7639 6804
f 7375 7402 7674
f 7671 7639 7673
f 6804 7639 7671
f 7675 7659 7672
f 7672 7661 7568
f 7670 7303 7453
f 6844 6843 7676
f 6816 7671 6824
f 7676 6851 6844
f 6850 6844 6851
f 7413 6852 6851
f 7672 7568 7577
f 7453 7462 7670
f 7673 6824 7671
f 7673 7072 6824
f 7061 6824 7072
f 7677 7525 7678
f 7525 7677 7480
f 7670 7679 7665
f 7670 7665 7647
f 7664 7621 7613
f 7680 7630 7646
f 7681 7656 7653
f 7682 7626 7664
f 7646 7665 7680
f 7621 7664 7626
f 7683 7481 7684
f 7680 7665 7685
f 7683 7491 7481
f 7291 7312 7121
f 7682 7664 7686
f 7686 7664 7674
f 7662 7687 7653
f 7495 7683 7688
f 7686 7674 7402
f 7495 7491 7683
f 7653 7687 7681
f 7615 7676 6860
f 7689 7685 7665
f 6852 7414 6853
f 7628 7676 7615
f 7690 7291 7121
f 7691 7689 7665
f 7312 7097 7102
f 7502 6853 7414
f 7692 7676 7628
f 7499 7679 7670
f 6843 6860 7676
f 7499 7670 7462
f 6853 7502 7693
f 6852 6853 6850
f 7121 7152 7690
f 7121 7312 7102
f 7628 7626 7682
f 7682 7686 7628
f 7628 7686 7438
f 7679 7691 7665
f 7692 7628 7438
f 6976 7502 7414
f 7687 7662 7669
f 7402 7403 7686
f 7438 7686 7403
f 7144 7681 7687
f 6839 7144 7687
f 7503 7502 6978
f 7669 6839 7687
f 7691 7679 7518
f 7676 7692 6851
f 7692 7413 6851
f 7413 7692 7438
f 7455 6837 7669
f 6837 6839 7669
f 7693 7502 7503
f 6835 6837 7455
f 7694 7656 7681
f 7694 7681 7140
f 7072 7656 7694
f 7695 7696 7103
f 6854 6853 7693
f 7073 7072 7694
f 7140 7073 7694
f 7679 7499 7518
f 7140 7681 7144
f 7518 7499 7498
f 7140 7144 7143
f 6854 7693 6870
f 7697 7691 7518
f 5374 7046 5356
f 7698 7699 7106
f 6839 7142 7144
f 7046 5374 7700
f 7071 7046 7700
f 6839 6838 7142
f 5374 5369 7700
f 7693 7503 7527
f 7635 7575 7569
f 7570 7635 7569
f 7701 7693 7527
f 6796 7700 5369
f 6796 5369 5368
f 7702 7703 7704
f 6798 7575 7635
f 7700 7098 7071
f 7635 6806 6799
f 7704 7705 7706
f 7707 7693 7701
f 6798 7635 6799
f 7098 7700 6796
f 7708 7704 7706
f 7071 7098 7070
f 7098 6796 6795
f 6874 7098 6795
f 7037 7527 7503
f 7709 7710 7702
f 5368 5440 6794
f 7711 7701 7527
f 7702 7704 7709
f 7712 7711 7527
f 7712 7527 7524
f 6794 6796 5368
f 5440 5432 5436
f 7712 7524 7534
f 7707 6870 7693
f 6870 7707 7713
f 7714 7123 7119
f 7707 7701 7711
f 7713 7707 7715
f 7707 7711 7716
f 7715 7707 7716
f 7717 6968 6967
f 7145 7718 7157
f 6968 7717 7546
f 7123 7718 7145
f 7548 7546 7717
f 7719 7548 7717
f 7720 7714 7721
f 7720 7123 7714
f 7720 7718 7123
f 7713 6891 6870
f 7718 7722 7723
f 7722 7718 7720
f 7724 7713 7715
f 7722 7725 7723
f 6904 6891 7713
f 6904 7713 7724
f 7724 6905 6904
f 6955 6905 7726
f 7727 7156 7728
f 7726 6905 7724
f 7162 7149 7156
f 7727 7162 7156
f 7729 7715 7716
f 7729 7724 7715
f 7726 7724 7729
f 7729 7716 7730
f 7731 7726 7729
f 7732 6955 7726
f 7732 7726 7731
f 7731 7733 7732
f 7734 7735 7736
f 7734 7737 7735
f 7712 7738 7711
f 7716 7711 7738
f 7735 7722 7720
f 7739 7534 7650
f 7739 7650 7740
f 7738 7712 7534
f 7741 7738 7534
f 7741 7534 7739
f 7742 7738 7741
f 7739 7743 7741
f 7737 7722 7735
f 7739 7740 7744
f 7739 7744 7743
f 7706 7745 7708
f 7716 7738 7742
f 7730 7716 7742
f 7746 7708 7745
f 7747 7704 7708
f 7730 7742 7743
f 7748 7749 7708
f 7750 7672 7577
f 7747 7708 7749
f 7751 7672 7750
f 7577 7576 7750
f 7752 7750 7576
f 7743 7742 7741
f 7734 7736 7753
f 7731 7730 7733
f 7733 7730 7754
f 7731 7729 7730
f 7737 7734 7755
f 7756 7755 7734
f 6955 7757 6956
f 7732 7757 6955
f 7758 7759 7760
f 7756 7759 7761
f 7761 7759 7758
f 7762 7757 7732
f 7756 7763 7764
f 7761 7763 7756
f 7649 7666 7740
f 7765 7666 7766
f 7765 7740 7666
f 7766 7666 7641
f 7761 7767 7763
f 7740 7650 7649
f 7767 7768 7763
f 7769 7770 7771
f 7717 6967 7719
f 6973 7719 6967
f 7576 7719 7772
f 7771 7760 7769
f 7773 7774 7775
f 7774 7776 7771
f 6973 6982 7777
f 7778 7689 7691
f 7779 7777 6982
f 7780 7774 7773
f 7772 7719 7781
f 7780 7776 7774
f 6973 7777 7719
f 7777 7781 7719
f 7752 7576 7772
f 7772 7781 7752
f 7767 7761 7782
f 7783 6956 7757
f 6994 6956 7783
f 7784 7778 7691
f 7784 7691 7697
f 6481 7454 7473
f 6508 6481 7473
f 6482 6481 6508
f 6508 7785 6507
f 7785 6508 7473
f 7784 7697 7786
f 7513 7787 7473
f 7785 7473 7787
f 7780 7788 7776
f 7789 7782 7788
f 7788 7780 7789
f 6512 6507 7785
f 7790 7782 7789
f 7784 7786 7791
f 7791 7786 7792
f 7793 7787 7513
f 7793 7785 7787
f 7793 7513 7520
f 6512 7785 7794
f 7795 7790 7789
f 7794 7785 7793
f 7796 7790 7795
f 7526 7793 7520
f 7727 7797 7162
f 7798 7162 7797
f 7799 6512 7794
f 7794 7800 7799
f 7801 7802 7803
f 7804 6873 6872
f 6969 6968 7805
f 7162 7806 7163
f 7798 7806 7162
f 6577 7799 7807
f 7808 7806 7798
f 7807 7799 7800
f 7798 7809 7808
f 7799 6514 6512
f 6577 6514 7799
f 7810 7798 7811
f 7811 7812 7810
f 6578 6571 6577
f 7809 7392 7391
f 7813 7392 7809
f 7814 6578 6577
f 7810 7809 7798
f 7815 7809 7810
f 7807 7814 6577
f 7526 7794 7793
f 7815 7813 7809
f 7816 7813 7815
f 7526 7800 7794
f 7800 7526 7622
f 7817 7395 7813
f 7816 7817 7813
f 7812 7818 7810
f 7810 7818 7815
f 7800 7819 7807
f 7816 7820 7817
f 7819 7622 7821
f 7818 7816 7815
f 7622 7819 7800
f 7822 7816 7818
f 7822 7820 7816
f 7821 7622 7630
f 7638 7636 6585
f 7823 7822 7818
f 6585 6587 7638
f 7638 6587 6588
f 7638 6588 7824
f 7825 7822 7823
f 7825 7820 7822
f 7826 7827 7638
f 7828 7446 7447
f 7826 7638 7824
f 7678 7525 7444
f 7828 7678 7446
f 7677 7678 7828
f 7829 7814 7830
f 7831 7688 7832
f 7814 6594 6578
f 6582 6594 6612
f 6612 6594 7829
f 7833 6961 7834
f 7829 6594 7814
f 7804 7833 7825
f 6588 6592 7835
f 6961 7833 7804
f 7807 7830 7814
f 6872 6961 7804
f 7829 7830 7836
f 7830 7837 7836
f 6969 7805 7838
f 7829 7836 7839
f 7450 6826 6829
f 7835 7840 7824
f 7801 7768 7802
f 7841 7807 7819
f 7842 7843 7844
f 7841 7830 7807
f 7845 7841 7819
f 7819 7821 7845
f 7846 7847 7848
f 6881 7847 7846
f 6873 7847 6871
f 6871 7847 6881
f 7849 7845 7821
f 7843 7850 7844
f 7846 7851 7842
f 7844 7846 7842
f 7837 7841 7852
f 7844 7850 6881
f 7844 6881 7846
f 7849 7841 7845
f 7852 7841 7849
f 7852 7849 7853
f 7854 7849 7855
f 7853 7849 7854
f 7853 7854 7856
f 7516 7519 7498
f 7837 7830 7841
f 7839 7837 7852
f 7516 7857 7858
f 7859 7826 7840
f 7839 7836 7837
f 7839 7852 7860
f 7697 7518 7519
f 7860 7852 7853
f 7786 7697 7519
f 7856 7860 7853
f 7821 7630 7680
f 7858 7519 7516
f 7680 7685 7821
f 7519 7858 7861
f 7685 7849 7821
f 7685 7855 7849
f 7519 7861 7786
f 7792 7786 7861
f 7792 7861 7862
f 7863 7792 7862
f 7855 7864 7854
f 7855 7685 7864
f 7858 7857 7861
f 7689 7864 7685
f 7689 7778 7864
f 7865 7862 7861
f 7866 7865 7861
f 7775 7867 7868
f 7857 7866 7861
f 7868 7773 7775
f 7869 7868 7859
f 6801 7863 7865
f 7865 7863 7862
f 7864 7870 7854
f 7871 7516 7450
f 7856 7854 7870
f 7869 7773 7868
f 7872 7773 7869
f 7873 7856 7870
f 7873 7870 7874
f 7872 7875 7773
f 7778 7876 7864
f 7870 7864 7876
f 7450 6829 7871
f 7773 7875 7780
f 7516 7871 7857
f 7857 7871 7877
f 7878 7870 7876
f 7870 7878 7874
f 7857 7877 7866
f 7879 7866 7877
f 7880 7875 7872
f 7877 7871 7881
f 7874 7878 7876
f 6829 6909 7871
f 7876 7778 7784
f 7876 7784 7791
f 7791 7882 7876
f 7881 7871 6909
f 7874 7876 7882
f 7782 7790 7883
f 7789 7875 7795
f 7850 7843 7883
f 7791 7792 7884
f 7885 7850 7883
f 7884 7792 7863
f 7886 7796 7795
f 7885 7883 7790
f 7887 7885 7790
f 7796 7887 7790
f 7888 7889 7890
f 7889 7888 7891
f 6813 7885 7887
f 7888 7892 7893
f 7888 7894 7895
f 7895 7894 7896
f 6802 7865 7866
f 7894 7888 7893
f 7896 7897 7898
f 7893 7892 6803
f 7894 7893 7897
f 7894 7897 7896
f 7865 6802 6801
f 7897 7899 7898
f 7900 7897 7893
f 7900 7901 7897
f 7899 7897 7901
f 7887 7902 6813
f 7900 7893 6803
f 7903 7900 7904
f 7903 7901 7900
f 7881 7879 7877
f 6942 7905 6943
f 7905 7906 7907
f 7885 6815 7850
f 7885 6813 6815
f 6914 7881 6909
f 7879 7881 6914
f 7879 6808 6807
f 6914 6808 7879
f 6881 7850 6815
f 6882 6881 6815
f 6882 6815 6814
f 6802 7866 7879
f 6802 7879 6807
f 6800 6802 6807
f 7690 7152 7908
f 7909 7908 7152
f 7883 7843 7768
f 6813 7902 6820
f 6809 6808 6810
f 6803 6800 6809
f 6820 7910 6814
f 6940 6814 7910
f 7911 7910 6820
f 7910 7911 7912
f 7471 6836 6835
f 7471 7913 6836
f 7913 7471 7914
f 6877 6872 6871
f 7018 7024 6992
f 7018 7029 7024
f 7011 7024 7223
f 6809 6810 6938
f 6809 6938 6944
f 7912 6940 7910
f 7907 6940 7912
f 6945 6938 6930
f 6938 6945 6944
f 6930 6939 6945
f 6945 6939 6957
f 7063 7128 7074
f 6945 6957 6959
f 7043 7056 7111
f 7112 7111 7056
f 6959 6957 6956
f 7063 7043 7111
f 7115 7915 7111
f 7915 7063 7111
f 7915 7128 7063
f 6878 7916 6876
f 7838 7916 6969
f 7916 6970 6969
f 7915 7115 7128
f 7128 7115 7110
f 6878 6970 7916
f 6878 6971 6970
f 6983 6998 7012
f 5896 7917 7006
f 7004 5558 5556
f 5558 5557 5556
f 7005 5549 7918
f 5549 5553 7918
f 5553 7006 7918
f 7006 7919 7918
f 7919 5558 7918
f 5558 7004 7918
f 7004 7005 7918
f 7920 6998 7921
f 6998 7007 7921
f 7007 7917 7921
f 7917 7920 7921
f 7008 7006 7007
f 7007 7006 7917
f 7920 7012 6998
f 7009 7919 7006
f 7008 7013 7009
f 5896 5567 7917
f 6094 7105 6728
f 5565 7039 5567
f 7103 7105 6094
f 5567 7920 7917
f 7105 7107 6728
f 7039 7920 5567
f 7039 7012 7920
f 6093 7103 6094
f 7922 6986 6931
f 7922 6931 6940
f 6728 7048 6061
f 6940 7907 7922
f 7017 7016 7009
f 7016 7064 7009
f 7012 7039 7035
f 7923 7922 7907
f 7035 7039 7243
f 7107 7048 6728
f 7048 7107 7114
f 7924 7925 7907
f 7907 7925 7923
f 7056 7048 7114
f 7906 7924 7907
f 7112 7056 7114
f 7113 7112 7114
f 7923 6986 7922
f 7923 6990 6986
f 7108 7107 7104
f 7108 7114 7107
f 7153 7926 7152
f 7152 7926 7909
f 6991 6990 7927
f 7928 7927 6990
f 7120 7243 7039
f 7120 7039 7038
f 7929 7909 7926
f 7925 6990 7923
f 7113 7118 7110
f 7153 7930 7926
f 7925 7928 6990
f 7919 7053 5558
f 7113 7931 7118
f 7053 7919 7009
f 6959 7932 6942
f 5558 7053 7057
f 7924 7928 7925
f 7906 6942 7932
f 7924 7906 7932
f 6959 6956 6993
f 7117 7128 7110
f 6959 6993 7932
f 7117 7133 7128
f 7933 7928 7924
f 7933 7932 6993
f 5558 7057 5569
f 7117 7110 7118
f 6994 7934 7933
f 6994 7933 6993
f 7934 7935 7928
f 7934 7928 7933
f 7932 7933 7924
f 7108 7931 7113
f 7936 7931 7108
f 7169 7930 7153
f 7108 7699 7936
f 7052 7937 7053
f 7937 7057 7053
f 7059 7057 7937
f 7937 7094 7059
f 7936 7118 7931
f 7009 7064 7052
f 7064 7065 7052
f 7119 7118 7936
f 7065 7066 7052
f 7066 7067 7052
f 7059 7100 7058
f 7938 7119 7936
f 7076 7087 7067
f 7087 7052 7067
f 7085 7076 7086
f 7088 7085 7086
f 7094 7937 7052
f 7051 7939 7175
f 7074 7128 7127
f 7129 7074 7127
f 7101 7059 7094
f 7128 7133 7126
f 7137 7133 7117
f 7137 7135 7133
f 7151 7172 7135
f 7940 7135 7137
f 7137 7157 7940
f 7940 7151 7135
f 5864 4933 7099
f 7145 7157 7137
f 7079 7082 7099
f 7940 7157 7149
f 7151 7940 7149
f 7163 7150 7149
f 7035 7192 7090
f 7243 7192 7035
f 7189 7188 7093
f 7093 7188 7215
f 7193 7192 7224
f 7243 7224 7192
f 7941 7224 7243
f 7129 6985 7074
f 7101 7201 7204
f 7101 7204 7942
f 7204 7208 7942
f 7208 7207 7942
f 7207 7081 7942
f 7081 7200 7942
f 7200 7197 7942
f 7197 7208 7942
f 7208 7101 7942
f 7167 6974 6985
f 7201 7094 7203
f 7094 7093 7203
f 7093 7205 7203
f 7201 7101 7094
f 7208 7205 7215
f 7205 7093 7215
f 7914 7929 7943
f 7208 7215 7101
f 7101 7214 7100
f 7913 7914 7943
f 7214 7101 7215
f 7943 7929 7926
f 6838 6836 7944
f 6838 7944 7945
f 7944 7946 7945
f 7174 7018 7167
f 7913 7944 6836
f 7266 6838 7945
f 7177 7030 7180
f 7216 7214 7235
f 7945 7946 7947
f 7944 7913 7946
f 7946 7913 7943
f 7948 7216 7235
f 7237 7948 7235
f 7946 7943 7947
f 7262 7216 7948
f 7941 7225 7224
f 7941 7361 7225
f 7225 7361 7239
f 7361 7949 7239
f 7337 7237 7332
f 7237 7240 7332
f 7240 7230 7332
f 7182 7180 7172
f 7237 7262 7948
f 7341 7262 7237
f 7183 7177 7180
f 7943 7926 7930
f 7182 7183 7180
f 7943 7930 7950
f 7243 7244 7941
f 7950 7930 7951
f 7947 7943 7950
f 7172 7151 7182
f 7183 7150 7952
f 7355 7947 7950
f 7268 7941 7244
f 7953 7952 7150
f 7941 7268 7361
f 7947 7354 7945
f 7954 7266 7945
f 7954 7945 7354
f 7163 7953 7150
f 7954 7278 7266
f 7354 7947 7355
f 7955 7953 7163
f 7955 7163 7806
f 7099 5865 5864
f 5964 5959 5865
f 5964 5865 7099
f 5964 7099 7269
f 7082 7956 7099
f 7099 7956 7269
f 7257 7269 7956
f 7222 3288 7220
f 7261 7262 7566
f 7220 3285 2817
f 7957 5964 7269
f 2815 7195 7220
f 7951 7169 7329
f 7220 2817 2815
f 3288 3285 7220
f 7930 7169 7951
f 7219 7222 7220
f 7950 7951 7958
f 7957 7269 7270
f 7355 7950 7958
f 7289 3288 7222
f 7301 7222 7253
f 7289 7222 7301
f 7011 7223 7033
f 7329 7668 7951
f 7258 7956 7138
f 7258 7257 7956
f 7223 7031 7232
f 7329 7347 7668
f 7241 7232 7031
f 7258 7138 7267
f 7958 7951 7668
f 7336 7335 7238
f 7239 7959 7238
f 7959 7336 7238
f 7949 7338 7336
f 7949 7336 7959
f 7949 7959 7239
f 7334 7336 7338
f 7949 7960 7338
f 7138 7956 7082
f 7960 7237 7338
f 7960 7342 7237
f 7960 7961 7962
f 7961 7238 7962
f 7238 7335 7962
f 7335 7342 7962
f 7342 7960 7962
f 7342 7566 7341
f 7566 7342 7340
f 7353 7278 7954
f 7365 7278 7353
f 7961 7345 7238
f 7961 7963 7345
f 7396 7345 7963
f 7194 7211 7218
f 7211 7228 7218
f 5296 5964 5970
f 7354 7353 7954
f 7234 7228 7232
f 5970 5964 7957
f 5971 5970 7957
f 7958 7369 7355
f 7949 7373 7960
f 7361 7373 7949
f 7278 7365 7359
f 7222 7221 7253
f 7373 7961 7960
f 7369 7668 7964
f 7397 7963 7961
f 7397 7961 7373
f 7963 7396 7965
f 5971 7957 7284
f 7396 7963 7397
f 7369 7964 7966
f 7373 7361 7360
f 7284 7957 7270
f 7324 7359 7642
f 7365 7642 7359
f 7255 7967 7253
f 7253 7967 7301
f 7397 7398 7345
f 7398 7397 7373
f 7966 7356 7369
f 7398 7373 7412
f 7364 7356 7966
f 7968 7967 7255
f 7668 7369 7958
f 7255 7969 7968
f 7294 7298 7270
f 7267 7138 7328
f 7267 7328 7349
f 7365 7364 7642
f 7349 7350 7348
f 7350 7328 7343
f 7350 7349 7328
f 5807 5810 7451
f 5999 6002 6019
f 7344 7299 7301
f 6019 6002 7439
f 7344 7301 7967
f 7343 7371 7350
f 6019 7970 5809
f 7440 7439 7436
f 7971 7439 7440
f 6019 7439 7971
f 7969 7967 7968
f 7969 7344 7967
f 7969 7310 7344
f 7440 7690 7971
f 7423 7407 7393
f 6019 7971 7972
f 7972 7971 7973
f 7566 7262 7341
f 7340 7537 7566
f 7551 7566 7537
f 6020 7970 7458
f 7974 7245 7352
f 7974 7352 7357
f 7371 7358 7424
f 7974 7362 7245
f 6020 5809 7970
f 7371 7423 7393
f 7537 7550 7551
f 7183 7357 7177
f 7451 7457 7455
f 7424 7358 7379
f 7972 7970 6019
f 7458 7970 7975
f 7972 7975 7970
f 7424 7379 7433
f 7551 7567 7566
f 7407 7423 7051
f 7368 7974 7357
f 7368 7362 7974
f 7975 7465 7458
f 7976 7368 7357
f 7412 7399 7398
f 7386 7368 7976
f 7973 7971 7690
f 7973 7690 7908
f 7423 7939 7051
f 7431 7939 7423
f 7370 7384 7380
f 7972 7973 7977
f 7972 7977 7975
f 7908 7977 7973
f 7370 7367 7978
f 7979 7384 7370
f 7978 7979 7370
f 7367 7377 7978
f 6002 5997 7439
f 7439 5997 5442
f 7977 7468 7975
f 7468 7465 7975
f 7428 7979 7978
f 7467 7468 7470
f 7977 7470 7468
f 7242 7245 7363
f 7908 7909 7977
f 2831 7456 7443
f 7980 2831 2830
f 7977 7909 7929
f 2831 7980 7456
f 7969 7255 7384
f 7470 7977 7929
f 7952 7357 7183
f 7952 7976 7357
f 7467 7470 6835
f 7955 7952 7953
f 7981 7976 7952
f 7952 7955 7981
f 7929 7914 7470
f 7471 7470 7914
f 7982 7456 7980
f 7459 7456 7982
f 7983 7386 7976
f 2830 3286 7980
f 7984 7976 7981
f 7984 7983 7976
f 7980 3286 3287
f 7955 7808 7981
f 7985 7478 7590
f 7806 7808 7955
f 3290 7482 3289
f 7981 7808 7984
f 7477 7590 7478
f 7982 7980 7986
f 7808 7987 7984
f 3287 7986 7980
f 7986 3287 3289
f 7986 7988 7982
f 7377 7389 7390
f 7386 7983 7377
f 7983 7389 7377
f 7989 7986 3289
f 7390 7978 7377
f 7390 7428 7978
f 7482 7989 3289
f 7808 7809 7987
f 7391 7987 7809
f 7496 7990 7489
f 7463 7982 7988
f 7983 7984 7391
f 7463 7459 7982
f 7391 7389 7983
f 7540 7496 7495
f 7984 7987 7391
f 7491 7496 7489
f 7463 7991 7469
f 7992 7484 7985
f 7391 7387 7389
f 7988 7991 7463
f 7484 7992 7993
f 7474 7464 7469
f 7103 7696 7106
f 6093 6413 7103
f 6413 7695 7103
f 7994 7310 7995
f 7994 7995 7979
f 7996 7985 7484
f 7985 7996 7478
f 7988 7986 7989
f 7428 7994 7979
f 7997 7988 7989
f 7401 7310 7994
f 7998 7999 7401
f 7106 7696 8000
f 7999 7400 7401
f 7106 8000 7698
f 7994 7998 7401
f 7990 7996 7484
f 7997 7989 7493
f 7996 7990 7501
f 7989 7482 7493
f 8001 7997 7493
f 6418 8002 6413
f 7990 7554 7501
f 6413 8002 7695
f 8003 7695 8002
f 7997 8001 8004
f 7501 7478 7996
f 7406 7331 7400
f 8003 7696 7695
f 7990 7484 7489
f 7425 7400 7999
f 7406 7400 7425
f 7406 7425 7419
f 7990 7496 7539
f 8004 7988 7997
f 8004 7991 7988
f 8005 7698 8000
f 7703 8000 7696
f 8006 7991 8004
f 8003 7703 7696
f 7995 7969 7384
f 7310 7969 7995
f 8005 8000 7703
f 7979 7995 7384
f 8004 8001 8006
f 7699 7108 7106
f 7285 7482 2859
f 8007 7699 7698
f 7388 7430 7428
f 7432 7999 7998
f 8007 7698 8005
f 8008 7999 7432
f 7998 7994 7432
f 7432 7428 7430
f 7994 7428 7432
f 7482 7487 7493
f 7702 7710 8005
f 7429 8009 7432
f 8007 8005 7721
f 8009 8008 7432
f 8010 8008 8009
f 7429 8011 8012
f 8009 7429 8012
f 7710 7721 8005
f 8013 7378 7474
f 8014 8010 8009
f 8015 7469 8006
f 8006 7469 7991
f 8006 8016 8015
f 8008 7425 7999
f 7496 7540 7539
f 7426 7425 7437
f 7425 8008 7437
f 8015 7474 7469
f 8013 7474 8015
f 8007 7938 7699
f 8010 7437 8008
f 7938 7936 7699
f 7539 7538 7547
f 7447 7441 7437
f 7504 7378 8017
f 8017 7378 8013
f 7678 7444 7446
f 7714 7119 7938
f 8017 8013 8015
f 7721 7938 8007
f 8018 8015 8016
f 7437 8010 7447
f 7546 7548 7538
f 7714 7938 7721
f 7542 7538 7540
f 7538 7542 7546
f 8001 7493 7494
f 8001 7507 8019
f 7507 8001 7494
f 8020 8019 7507
f 7554 7547 7555
f 8021 8020 7507
f 8022 6418 6415
f 7508 7507 7494
f 7507 7506 8021
f 7547 7990 7539
f 8019 8016 8006
f 6418 8022 8002
f 7554 7990 7547
f 8019 8006 8001
f 8002 7704 8003
f 8020 8016 8019
f 8016 8023 8018
f 7573 7555 7547
f 8005 7703 7702
f 8023 8016 8020
f 7703 8003 7704
f 6415 6375 8022
f 7576 7555 7573
f 7576 7573 7548
f 8017 8024 7504
f 7433 7504 8024
f 8024 8017 8025
f 7705 8002 8022
f 7433 8024 8025
f 8018 8017 8015
f 8017 8018 8025
f 8026 8018 8023
f 6375 8027 8022
f 8027 7705 8022
f 7184 7939 7431
f 8018 8026 8025
f 7184 7431 8028
f 8025 7515 7433
f 7705 7704 8002
f 7939 7184 7175
f 7985 8025 8026
f 7992 7985 8026
f 8028 7515 8025
f 8025 7590 8028
f 7590 8025 7985
f 7184 8028 7590
f 7709 8029 7710
f 7184 7210 7176
f 8021 7506 7511
f 7523 7511 7506
f 7512 7511 7523
f 7720 7721 8029
f 8029 7721 7710
f 7512 7485 7510
f 7512 7479 7485
f 8030 8029 7709
f 8020 7511 8023
f 8031 8032 7747
f 7747 8032 8033
f 7511 8020 8021
f 8023 7511 7993
f 7704 8033 7709
f 8033 7704 7747
f 7993 7992 8023
f 7709 8033 8032
f 7992 8026 8023
f 8032 8030 7709
f 8034 8030 8032
f 7485 7993 7511
f 7993 7485 7484
f 8034 8035 8030
f 7642 7766 7641
f 8034 8032 8031
f 7433 7379 7504
f 7663 7603 7604
f 6374 8027 6375
f 7663 7659 8036
f 7515 8028 7431
f 8037 7663 8038
f 7494 7320 7500
f 8038 7663 8036
f 8039 6374 6385
f 6374 8039 8027
f 6385 7632 8039
f 7404 7500 7325
f 7157 7718 7723
f 7632 6385 6388
f 8040 7668 7603
f 7964 7668 8040
f 8039 7745 8027
f 8039 7746 7745
f 7663 8040 7603
f 7421 7506 7509
f 7506 7421 7442
f 7631 7746 8039
f 7964 8040 8037
f 7631 8041 7746
f 7663 8037 8040
f 8042 7964 8037
f 7966 7964 8042
f 7364 7966 8043
f 8043 7966 8042
f 6388 6723 7632
f 8037 8044 8042
f 7728 7156 7157
f 8044 8037 8038
f 7632 7631 8039
f 7728 7157 7723
f 8045 7728 7723
f 8045 7727 7728
f 7675 8036 7659
f 6723 7636 7632
f 8036 8046 8038
f 7675 8046 8036
f 7827 7634 7633
f 7827 7633 7638
f 7725 8045 7723
f 8045 7725 8047
f 8048 8045 8047
f 7631 7634 8049
f 7481 7480 7677
f 8050 7634 7827
f 7634 8050 8049
f 8050 7827 7867
f 8045 8048 7727
f 7688 7683 7832
f 8048 7797 7727
f 7540 7495 7688
f 7688 7831 7540
f 7543 7540 7831
f 8048 8051 8052
f 8029 8035 7720
f 8035 8029 8030
f 7735 7720 8035
f 8053 7735 8035
f 8054 8053 8035
f 7736 7735 8053
f 8035 8034 8054
f 7753 8053 8054
f 7753 7736 8053
f 8047 7725 7722
f 7291 7690 7440
f 7737 8047 7722
f 8055 8047 7737
f 7548 7719 7576
f 8051 8047 8055
f 8056 8051 8055
f 8051 8048 8047
f 8057 8052 8051
f 7737 8056 8055
f 7737 7755 8056
f 8058 7751 7750
f 8056 7803 8051
f 7752 8059 8058
f 8058 7750 7752
f 8060 7751 8058
f 8058 8061 8060
f 8062 7803 8056
f 8063 7743 7744
f 7745 7705 8027
f 7705 7745 7706
f 7743 7754 7730
f 7743 8063 7754
f 8061 8064 8060
f 8060 8064 8065
f 7754 8066 7733
f 8066 7754 8067
f 8068 8066 8067
f 8063 8067 7754
f 8068 8067 8065
f 8069 8065 8064
f 7749 8031 7747
f 8065 8069 8068
f 8031 7749 8070
f 8070 8034 8031
f 8071 8070 7749
f 7732 7733 8072
f 8072 7733 8066
f 8073 8070 8071
f 8068 8074 8072
f 8070 8073 8075
f 8066 8068 8072
f 8068 8069 8074
f 7748 7708 7746
f 8076 7748 7746
f 8041 8076 7746
f 7642 8077 7766
f 8076 8071 7748
f 7748 8071 7749
f 7631 8076 8041
f 7631 8071 8076
f 8078 7766 8077
f 8078 8077 8079
f 8080 8044 8038
f 8081 8044 8080
f 8049 8082 8071
f 8082 8073 8071
f 7766 8078 7765
f 7765 8078 8083
f 8081 8084 8079
f 8084 8081 8080
f 8083 8078 8079
f 8084 8083 8079
f 8071 7631 8049
f 7642 7364 8077
f 8077 7364 8085
f 8043 8085 7364
f 8086 8085 8043
f 8086 8042 8044
f 8079 8077 8085
f 8043 8042 8086
f 8082 8049 7770
f 8079 8085 8086
f 8079 8086 8081
f 8081 8086 8044
f 7740 7765 7744
f 8046 7675 8087
f 7775 8050 7867
f 8063 7744 7765
f 8088 8087 8060
f 8046 8087 8080
f 8038 8046 8080
f 8075 7753 8054
f 8084 8080 8089
f 8075 8034 8070
f 8034 8075 8054
f 7753 8075 8090
f 8080 8087 8088
f 8089 8080 8088
f 7672 7751 7675
f 8090 7734 7753
f 8087 7675 7751
f 8091 7734 8090
f 8060 8087 7751
f 7765 8083 8092
f 8092 8063 7765
f 8082 8093 8073
f 8082 7770 7769
f 8093 8082 7769
f 8092 8067 8063
f 8092 8083 8094
f 8094 8083 8089
f 8094 8089 8088
f 8094 8088 8095
f 8094 8095 8092
f 8075 8093 8090
f 8093 8075 8073
f 8089 8083 8084
f 8090 8093 8091
f 8067 8092 8095
f 8065 8095 8060
f 7759 8091 8093
f 8088 8060 8095
f 8065 8067 8095
f 7760 7759 8093
f 7760 8093 7769
f 7759 7756 7734
f 8091 7759 7734
f 8096 7781 7779
f 7777 7779 7781
f 8097 8096 7779
f 8098 8096 8097
f 8059 7752 8096
f 8061 8058 8059
f 7752 7781 8096
f 7756 7764 7755
f 8098 8059 8096
f 7764 8056 7755
f 7764 8062 8056
f 8059 8098 8064
f 8064 8098 8099
f 7763 8062 7764
f 8064 8061 8059
f 7768 8062 7763
f 6982 6991 7779
f 7927 7779 6991
f 7779 7927 8097
f 7935 8097 7927
f 8050 7770 8049
f 7757 7762 7783
f 7783 7762 8100
f 7927 7928 7935
f 7770 7774 7771
f 7776 7758 7771
f 8097 7935 8101
f 8101 8098 8097
f 7760 7771 7758
f 8102 7934 8100
f 7762 7732 8072
f 7762 8072 8103
f 8103 8101 8102
f 7774 7770 7775
f 7770 8050 7775
f 8103 8099 8101
f 8103 8100 7762
f 8100 8103 8102
f 8102 8101 7935
f 8102 7935 7934
f 6994 7783 8100
f 7934 6994 8100
f 8099 8098 8101
f 8064 8099 8069
f 8099 8074 8069
f 8074 8103 8072
f 8103 8074 8099
f 7788 7782 7761
f 7788 7761 7758
f 7776 7788 7758
f 7883 7767 7782
f 7797 8048 8052
f 7811 7798 7797
f 8052 7811 7797
f 7812 7811 8052
f 7803 8057 8051
f 8057 8104 8052
f 7803 8104 8057
f 8104 7812 8052
f 8104 8105 7812
f 6588 6569 6592
f 7803 8062 7801
f 7802 8106 7803
f 8106 8104 7803
f 6588 7835 7824
f 8104 8106 7802
f 7826 7824 7840
f 8107 8105 8104
f 7840 7835 8108
f 7802 8107 8104
f 8107 7802 8109
f 7818 7812 8105
f 8105 7823 7818
f 7868 7867 7827
f 7868 7827 7826
f 8109 8105 8107
f 8110 8105 8109
f 8110 7823 8105
f 7859 7868 7826
f 8110 7825 7823
f 6873 7825 8110
f 8111 7839 7860
f 8108 8112 7840
f 6873 7804 7825
f 8112 7859 7840
f 8112 8113 7859
f 8114 8113 8112
f 7873 7860 7856
f 8115 7860 7873
f 8111 7860 8115
f 6609 6612 8116
f 8117 6592 6610
f 8117 7835 6592
f 6612 7829 8116
f 8116 7829 8118
f 6769 6609 8116
f 8119 8116 8120
f 6771 8117 6610
f 8118 7829 7839
f 7395 7392 7813
f 8118 7839 8111
f 8121 7395 7817
f 8120 8116 8118
f 8119 8120 8122
f 7395 7387 7392
f 8120 8123 8122
f 8124 7835 8117
f 6771 8124 8117
f 8125 8124 6771
f 8125 6771 8126
f 8124 8108 7835
f 8108 8124 8127
f 8127 8128 8108
f 8127 8124 8125
f 8129 8122 8123
f 8125 8129 8127
f 8116 6774 6769
f 6773 6774 6772
f 6774 8116 8119
f 6772 8126 6771
f 8126 6772 6774
f 8126 6774 8122
f 8119 8122 6774
f 8121 8011 7395
f 8130 8011 8121
f 8122 8125 8126
f 8129 8125 8122
f 8120 8118 8111
f 8131 8014 8012
f 7395 8011 7429
f 8112 8108 8128
f 8128 8114 8112
f 8012 8014 8009
f 8132 8128 8127
f 8120 8111 8123
f 8012 8011 8131
f 8132 8129 8123
f 7817 8130 8121
f 7820 8130 7817
f 8132 8127 8129
f 8131 8011 8130
f 7833 8130 7820
f 8133 8111 8115
f 8134 8128 8132
f 8133 8115 8135
f 8136 8014 8131
f 8133 8135 8137
f 8138 8014 8136
f 8133 8123 8111
f 8123 8133 8132
f 8130 8136 8131
f 8134 8132 8133
f 7833 8136 8130
f 8134 8133 8137
f 7834 8138 8136
f 7447 8010 8014
f 7447 8014 7828
f 8138 7828 8014
f 8135 8115 8139
f 8140 8135 8139
f 8135 8140 8137
f 8138 8141 7828
f 7832 7684 7828
f 7684 7481 7677
f 7684 7677 7828
f 7831 7832 8141
f 7832 7683 7684
f 8141 7832 7828
f 8113 7869 7859
f 8142 8113 8114
f 8143 8142 8114
f 7833 7820 7825
f 8114 8128 8143
f 7833 7834 8136
f 8143 8128 8134
f 8137 8143 8134
f 8137 8144 8143
f 8145 8138 7834
f 6961 6876 7834
f 8145 7834 8146
f 8146 7834 6876
f 8113 7872 7869
f 8141 8138 8145
f 7872 8113 7880
f 8145 8147 8141
f 8148 7880 8113
f 7838 8147 8145
f 8115 7873 8149
f 8139 8115 8149
f 8139 8149 8150
f 8142 8148 8113
f 8147 7831 8141
f 8148 8142 8144
f 8142 8143 8144
f 8151 7880 8148
f 8144 8151 8148
f 8152 8151 8144
f 7543 8147 7838
f 8149 7873 7874
f 7543 7831 8147
f 7880 8153 7875
f 7838 8145 8146
f 7916 7838 8146
f 8146 6876 7916
f 7805 7543 7838
f 8152 8154 8151
f 8152 8155 8154
f 8152 8156 8155
f 7805 6968 7543
f 8151 8153 7880
f 8157 7874 7882
f 7801 8062 7768
f 7875 7789 7780
f 7875 8153 8158
f 7795 7875 8158
f 7886 7795 8158
f 8159 7886 8158
f 7842 7851 7802
f 7802 7768 7842
f 7882 7791 7884
f 8157 7882 7884
f 8157 7884 7890
f 7851 8109 7802
f 8149 7874 8157
f 8150 8149 8157
f 8160 8150 8157
f 7883 7768 7767
f 8161 8150 8160
f 8150 8161 8156
f 8156 8161 8155
f 7842 7768 7843
f 8151 8158 8153
f 8154 8158 8151
f 8162 8159 8154
f 8154 8159 8158
f 8109 7851 7848
f 8155 8162 8154
f 7848 8110 8109
f 8162 8155 8161
f 7846 7848 7851
f 8160 8157 7890
f 8160 7890 7889
f 8163 8160 7889
f 8162 8164 8159
f 7847 8110 7848
f 7847 6873 8110
f 8165 8159 8164
f 8163 8164 8162
f 8164 8163 7891
f 8160 8163 8161
f 8162 8161 8163
f 8140 8144 8137
f 8139 8150 8166
f 8144 8140 8166
f 8166 8140 8139
f 8152 8144 8166
f 8150 8156 8166
f 8152 8166 8156
f 7890 7884 7863
f 7890 7863 7892
f 7892 7863 6801
f 7890 7892 7888
f 7889 7891 8163
f 7891 8167 8164
f 7891 7895 8167
f 7891 7888 7895
f 7886 8168 7796
f 7796 8168 7887
f 8168 7902 7887
f 8168 7886 8159
f 8159 8165 8168
f 8165 7898 8168
f 7892 6801 6803
f 7898 7902 8168
f 7896 7898 8167
f 8165 8164 8167
f 7898 8165 8167
f 7895 7896 8167
f 7899 7902 7898
f 7899 6820 7902
f 7901 8169 7899
f 7900 6803 6809
f 7904 7900 6809
f 7899 7911 6820
f 8169 7911 7899
f 8170 7912 8169
f 8170 8169 7903
f 8169 7912 7911
f 7903 8169 7901
f 7904 6809 6944
f 6944 6943 7904
f 8170 7903 7904
f 7904 6943 8170
f 6943 7905 8170
f 7907 7912 7905
f 7912 8170 7905
f 7906 7905 6942
